country,region_id,authority_id,auth_name_e,old_park_id,new_park_id
England,E12000008,E06000060,Buckinghamshire,BUCKI_84f5dbf6e292,5f218264152c
England,E12000008,E06000060,Buckinghamshire,BUCKI_428e7c3d8ce8,f7ad004fe7e2
England,E12000008,E06000060,Buckinghamshire,BUCKI_a46329b9af3e,1f50481af2eb
England,E12000008,E06000060,Buckinghamshire,BUCKI_1ab7ca657b09,12e4c70dfabb
England,E12000008,E06000060,Buckinghamshire,BUCKI_6b68b6907361;BUCKI_3534557d3636,ebf05aea665a
England,E12000008,E06000060,Buckinghamshire,BUCKI_38c79bf85a85,3ec17c0fcff1
England,E12000008,E06000060,Buckinghamshire,BUCKI_9ebb61024137,1a4942c0c244
England,E12000008,E06000060,Buckinghamshire,BUCKI_d7a549fd1c8c,8567f057c5c0
England,E12000008,E06000060,Buckinghamshire,BUCKI_7ec84a2a5621,9e7bf453f2be
England,E12000008,E06000060,Buckinghamshire,BUCKI_261697c7aa4f;BUCKI_fb23514145b7,368d751ee426
England,E12000008,E06000060,Buckinghamshire,BUCKI_a61fa4110c85,2a4f39430bd7
England,E12000008,E06000060,Buckinghamshire,BUCKI_b1a60f601b27;BUCKI_6a4609753d53,de4edbe4760b
England,E12000008,E06000060,Buckinghamshire,BUCKI_ca27d1ef3e7c;BUCKI_a0f09f602af6,0d6ac8b3567e
England,E12000008,E06000060,Buckinghamshire,BUCKI_04121a5288db,ffcad53d9930
England,E12000008,E06000060,Buckinghamshire,BUCKI_547cedd9df38,32618210b087
England,E12000008,E06000060,Buckinghamshire,BUCKI_40b275eee99d;BUCKI_bc5f626848ed,1e77ff0f6ec4
England,E12000008,E06000060,Buckinghamshire,BUCKI_6e2fa1c540f0;BUCKI_5f80387364c9,c2c891849e25
England,E12000008,E06000060,Buckinghamshire,BUCKI_e800bca97f9f,ee612cb46c4c
England,E12000008,E06000060,Buckinghamshire,BUCKI_1f51c52aa4cd,dab39be95fa8
England,E12000008,E06000060,Buckinghamshire,BUCKI_00c947564460,8bc157dc03a7
England,E12000008,E06000060,Buckinghamshire,BUCKI_ca5c5e36103c,8c9ad6be3885
England,E12000008,E06000060,Buckinghamshire,BUCKI_66dadbad2f0d,6d3a6ca26aa0
England,E12000008,E06000060,Buckinghamshire,BUCKI_c65c0fbb745d,0814fdccd386
England,E12000008,E06000060,Buckinghamshire,BUCKI_52c1e2ed707d;BUCKI_1c68834b763f,5ae41141021b
England,E12000008,E06000060,Buckinghamshire,BUCKI_687d49334297;BUCKI_6eac6a37d5da,03a5f01c23cd
England,E12000008,E06000060,Buckinghamshire,BUCKI_e39bda912712,3e6994090ecb
England,E12000008,E06000060,Buckinghamshire,BUCKI_39e016739a7f,b011dea2240a
England,E12000008,E06000060,Buckinghamshire,BUCKI_c6117085ae03,a6eca0e4e621
England,E12000008,E06000060,Buckinghamshire,BUCKI_1b12fd7f7ee1;BUCKI_697561c020e2,2884f2f2a618
England,E12000008,E06000060,Buckinghamshire,BUCKI_a59fba21a9d9;BUCKI_5b9dc61089f6,e71cfcf5f470
England,E12000008,E06000060,Buckinghamshire,BUCKI_43a3ec95d7f3,23c5413dbdb9
England,E12000008,E06000060,Buckinghamshire,BUCKI_8df97dc18bd5,79e5d21fd745
England,E12000008,E06000060,Buckinghamshire,BUCKI_46540b92dd17,859f61e4138d
England,E12000008,E06000060,Buckinghamshire,BUCKI_51cc055a1d18;BUCKI_e5609f3652da;BUCKI_1e1d8241945f,6dc06b93f977
England,E12000008,E06000060,Buckinghamshire,BUCKI_9dcd49612fed;BUCKI_8e7ef3978e19,6c6cc590eb24
England,E12000008,E06000060,Buckinghamshire,BUCKI_2b6545afc304;BUCKI_df083404801a,c1c8bdeae0ac
England,E12000008,E06000060,Buckinghamshire,BUCKI_9c24c5253769;BUCKI_787e2b420aa0,66f67beaf2b2
England,E12000008,E06000060,Buckinghamshire,BUCKI_7ebd57385cb7;BUCKI_94662713f46f,04cb8d84f1d7
England,E12000008,E06000060,Buckinghamshire,BUCKI_5928b8fa4029;BUCKI_bd4782fc3edc,546929d4351e
England,E12000008,E06000060,Buckinghamshire,BUCKI_7a884acbdcc7,4122c6d2935b
England,E12000008,E06000060,Buckinghamshire,BUCKI_0ac27a5c66ce,1d8a900ed711
England,E12000008,E06000060,Buckinghamshire,BUCKI_27a8a1133468;BUCKI_2c7322316abe,2b1e221023f2
England,E12000008,E06000060,Buckinghamshire,BUCKI_a6dc21ba2bf2,1c7a22d3b761
England,E12000008,E06000060,Buckinghamshire,BUCKI_f8974ae2d255,a8c77bc5f3fa
England,E12000008,E06000060,Buckinghamshire,BUCKI_5889f35824a6,165fc05fef6f
England,E12000008,E06000060,Buckinghamshire,BUCKI_483da265861a,1a8a5c89e1e7
England,E12000008,E06000060,Buckinghamshire,BUCKI_61465316a0a2;BUCKI_c81832949c31;BUCKI_ab5ccce9599e,4e7b682fa4ee
England,E12000008,E06000060,Buckinghamshire,BUCKI_c789c28f04d2,204a468378a2
England,E12000008,E06000060,Buckinghamshire,BUCKI_4519bd643621,9bbc3bb57f7f
England,E12000008,E06000060,Buckinghamshire,BUCKI_abcffd763821,9bef5f34cd7d
England,E12000008,E06000060,Buckinghamshire,BUCKI_41cef7d1cbda;BUCKI_5a3a686d9bed,bc0b28a1c95d
England,E12000008,E06000060,Buckinghamshire,BUCKI_d6b250532b3d;BUCKI_92a16ba67b97,b407808ff9e4
England,E12000008,E06000060,Buckinghamshire,BUCKI_3851f29c2679;BUCKI_798bb35fad85,45fbe31757f6
England,E12000008,E06000060,Buckinghamshire,BUCKI_f72d159108c8;BUCKI_0d7a3f99b5db;BUCKI_8876448a533a,6c13c0b1cdfe
England,E12000008,E06000060,Buckinghamshire,BUCKI_ebcf861aa5e2,72d2b8f5277b
England,E12000008,E06000060,Buckinghamshire,BUCKI_94261ba8ac68,5e78cb1b0ce2
England,E12000008,E06000060,Buckinghamshire,BUCKI_28e923962557,9a8dfe5375f8
England,E12000008,E06000060,Buckinghamshire,BUCKI_6d6821c9dfee,53ea9531a542
England,E12000008,E06000060,Buckinghamshire,BUCKI_405b7b9712ec,d5b87f6075ba
England,E12000008,E06000060,Buckinghamshire,BUCKI_35e52d8346b4,257d2c2b6f3f
England,E12000008,E06000060,Buckinghamshire,BUCKI_48396bed1f90,a3906581c0f6
England,E12000008,E06000060,Buckinghamshire,BUCKI_638f4d47fff6,42a6e865028e
England,E12000008,E06000060,Buckinghamshire,BUCKI_22b5109529d8,d14a1429d651
England,E12000008,E06000060,Buckinghamshire,BUCKI_3876200c019f,09f464b8bebf
England,E12000008,E06000060,Buckinghamshire,BUCKI_dad1f963188c,5359088eeb01
England,E12000008,E06000060,Buckinghamshire,BUCKI_11bbef2e8677,6a66e2ac7e72
England,E12000008,E06000060,Buckinghamshire,BUCKI_b148e9d0c4ee;BUCKI_19950e5d54e5,e8fd4a5d746f
England,E12000008,E06000060,Buckinghamshire,BUCKI_b483eab90699,e3d230489d0a
England,E12000008,E06000060,Buckinghamshire,BUCKI_59fed4925a35,78736c61b20e
England,E12000008,E06000060,Buckinghamshire,BUCKI_ff902fe06340,a095296c9d81
England,E12000008,E06000060,Buckinghamshire,BUCKI_1cc58458df38;BUCKI_3ae93656a4cf,731c6e4976d2
England,E12000008,E06000060,Buckinghamshire,BUCKI_97b787467259,7b71dd4dfc88
England,E12000008,E06000060,Buckinghamshire,BUCKI_71af37a5eaae,73f4ab9691fa
England,E12000008,E06000060,Buckinghamshire,BUCKI_6ed69110ae31,550e20917b02
England,E12000008,E06000060,Buckinghamshire,BUCKI_1f6d28c537d1,2df536d50f6e
England,E12000008,E06000060,Buckinghamshire,BUCKI_f041ce4ae770,c3be0ae956d2
England,E12000008,E06000060,Buckinghamshire,BUCKI_941a828d56cc,c9745588e8dd
England,E12000008,E06000060,Buckinghamshire,BUCKI_694b6d24ee03;BUCKI_d59cf0c0186e,9e1c2c51a0ab
England,E12000008,E06000060,Buckinghamshire,BUCKI_bc7f9aa3c530,ac997a1a8c14
England,E12000008,E06000060,Buckinghamshire,BUCKI_bed7af75c4dd,0041d31e1a1a
England,E12000008,E06000060,Buckinghamshire,BUCKI_c9d1d3ecfc13,f02c6ff48c23
England,E12000008,E06000060,Buckinghamshire,BUCKI_6c997e0e803a,e1a6c5a5d916
England,E12000008,E06000060,Buckinghamshire,BUCKI_b5202dd6d26a,1eacac8e13dd
England,E12000008,E06000060,Buckinghamshire,BUCKI_ef466fba3cc3,53e265d8c5de
England,E12000008,E06000060,Buckinghamshire,BUCKI_181df8f8fd4e,e7393f06e056
England,E12000008,E06000060,Buckinghamshire,BUCKI_97d6bc29d0e2,a0b95aa31527
England,E12000008,E06000060,Buckinghamshire,BUCKI_8b59670e45ee;BUCKI_2c2eeaabdfd2;BUCKI_80cb60299ea7,5d44a0681662
England,E12000008,E06000060,Buckinghamshire,BUCKI_b7eed64805f9,2cebd90d4a1a
England,E12000008,E06000060,Buckinghamshire,BUCKI_6e90a3254824,1403391e0713
England,E12000008,E06000060,Buckinghamshire,BUCKI_e533cad015d5,a09e402b7078
England,E12000008,E06000060,Buckinghamshire,BUCKI_272ab97e96fa,2387392a67d0
England,E12000008,E06000060,Buckinghamshire,BUCKI_e453a389ee84,a655267426ee
England,E12000008,E06000060,Buckinghamshire,BUCKI_7cf49aa8e94e,c85ab6aad6dd
England,E12000008,E06000060,Buckinghamshire,BUCKI_9d1f4e9b82be,7acf3f792d59
England,E12000008,E06000060,Buckinghamshire,BUCKI_002f704327e5;BUCKI_f0149ffad561,0b59bd00f3cf
England,E12000008,E06000060,Buckinghamshire,BUCKI_580bd68a8b80,6ac29cb97eda
England,E12000008,E06000060,Buckinghamshire,BUCKI_03cc97f6dff2,2cbd2d51a18b
England,E12000008,E06000060,Buckinghamshire,BUCKI_f90a03bfef05,6dda4ff019b3
England,E12000008,E06000060,Buckinghamshire,BUCKI_e700cd6ee51e,4bbee5d0e43f
England,E12000008,E06000060,Buckinghamshire,BUCKI_e9d939ce6442,84d1e92e7993
England,E12000008,E06000060,Buckinghamshire,BUCKI_fb564ab4a2d0,c84731889a5d
England,E12000008,E06000060,Buckinghamshire,BUCKI_b3feaa61b79a;BUCKI_c50543a708cb,496aff64f68d
England,E12000008,E06000060,Buckinghamshire,BUCKI_fee337b9186a,0eb2e7c4f5d0
England,E12000008,E06000060,Buckinghamshire,BUCKI_ad57dbc8f028,5392bdad8d85
England,E12000008,E06000060,Buckinghamshire,BUCKI_69d9fd36583a,657baee869c0
England,E12000008,E06000060,Buckinghamshire,BUCKI_becc9898b454,0c8878477934
England,E12000008,E06000060,Buckinghamshire,BUCKI_614b4e99cc46;BUCKI_4b7d295ca789,7596069b7ca0
England,E12000008,E06000060,Buckinghamshire,BUCKI_4ab24b77a9ac,72c0b52fb0d3
England,E12000008,E06000060,Buckinghamshire,BUCKI_e5025b19f984,1cc5260c8625
England,E12000008,E06000060,Buckinghamshire,BUCKI_4449519e182c,1050f8532653
England,E12000008,E06000060,Buckinghamshire,BUCKI_d5f404788825,e9a3bf76319d
England,E12000008,E06000060,Buckinghamshire,BUCKI_2b13eaae8201,0ba5925ccecb
England,E12000008,E06000060,Buckinghamshire,BUCKI_31f11a6ca3c0,7d18c6529252
England,E12000008,E06000060,Buckinghamshire,BUCKI_71fcac21e323,1b4e9d7fa917
England,E12000008,E06000060,Buckinghamshire,BUCKI_e602f01f0684;BUCKI_1369d08de0b7,a755d15951fa
England,E12000008,E06000060,Buckinghamshire,BUCKI_d1e024dbd676,000871e18747
England,E12000008,E06000060,Buckinghamshire,BUCKI_45cc4b8a2ed9,190e8f1640e1
England,E12000008,E06000060,Buckinghamshire,BUCKI_ebeec682798f,59c10ccaaebb
England,E12000008,E06000060,Buckinghamshire,BUCKI_05ae1bb71673,ce3d98df411f
England,E12000008,E06000060,Buckinghamshire,BUCKI_6f55940a15ad,2af358600129
England,E12000008,E06000060,Buckinghamshire,BUCKI_0bee4cb50a74;BUCKI_8c8cb8cdb351,bf1a8754ff45
England,E12000008,E06000060,Buckinghamshire,BUCKI_88ed214916b1,2f6cfa88f3f0
England,E12000008,E06000060,Buckinghamshire,BUCKI_7c3a8a6a8dfe,19b5ce8fea89
England,E12000008,E06000060,Buckinghamshire,BUCKI_c39af9a1cbfa,d1ed3d917eb9
England,E12000008,E06000060,Buckinghamshire,BUCKI_4f269e3a5838;BUCKI_bbdc874b5185,7aa29f1d68d7
England,E12000008,E06000060,Buckinghamshire,BUCKI_88c709459629;BUCKI_cf5dce081c7d,0f9c5ee556dd
England,E12000008,E06000060,Buckinghamshire,BUCKI_60c020eabd4d;BUCKI_e1b2054db9d3,326883a05064
England,E12000008,E06000060,Buckinghamshire,BUCKI_ec9210b6a43b;BUCKI_c8600783d779,54d65dc2513c
England,E12000008,E06000060,Buckinghamshire,BUCKI_2529464ee53e,a17a5e3107a9
England,E12000008,E06000060,Buckinghamshire,BUCKI_5be5e25ebf44,e76d94109778
England,E12000008,E06000060,Buckinghamshire,BUCKI_e4f452b6aeeb,2005ad76129c
England,E12000008,E06000060,Buckinghamshire,BUCKI_63ea364ab4af,482cad815861
England,E12000008,E06000060,Buckinghamshire,BUCKI_23ab006f7caf,b7be816aa2de
England,E12000008,E06000060,Buckinghamshire,BUCKI_72a4ba541f48,edd6efa4b498
England,E12000008,E06000060,Buckinghamshire,BUCKI_120b10461eda,87356ec0b989
England,E12000008,E06000060,Buckinghamshire,BUCKI_b7dc312e3731;BUCKI_60ff786e2790,11ec24f86f53
England,E12000008,E06000060,Buckinghamshire,BUCKI_935c92eda49c,dba876e2bb79
England,E12000008,E06000060,Buckinghamshire,BUCKI_43fdd33f2633,1ec18c12b279
England,E12000008,E06000060,Buckinghamshire,BUCKI_f9667b62161a,3bedc348bedb
England,E12000008,E06000060,Buckinghamshire,BUCKI_e49505d90937;BUCKI_e036f82d9f22,561a7aae20a4
England,E12000008,E06000060,Buckinghamshire,BUCKI_ea758df75f72;BUCKI_7f3012410875,07c514426580
England,E12000008,E06000060,Buckinghamshire,BUCKI_06e2cf7ab8d7;BUCKI_50284fc6025e,802754ed489b
England,E12000008,E06000060,Buckinghamshire,BUCKI_95d7110ae8f5,dcd5b9c1366b
England,E12000008,E06000060,Buckinghamshire,BUCKI_14825e992f4d,dec0c27b0ecd
England,E12000008,E06000060,Buckinghamshire,BUCKI_4fbbc0eb17bd,94f9c00ecebe
England,E12000008,E06000060,Buckinghamshire,BUCKI_dbfbd2430a4b;BUCKI_200abccc43d0,2e19bb353ff8
England,E12000008,E06000060,Buckinghamshire,BUCKI_2a425e08e40d;BUCKI_a565f20fae99,cdd56a00295c
England,E12000008,E06000060,Buckinghamshire,BUCKI_1cfa0ecb7112,3bb9f945e6d7
England,E12000008,E06000060,Buckinghamshire,BUCKI_05b7e297415f,ddde0475c1aa
England,E12000008,E06000060,Buckinghamshire,BUCKI_d2627dbb2eaa;BUCKI_42375480abe5;BUCKI_3d2f8e975c6b;BUCKI_1911e4961406,ea253c2471d9
England,E12000008,E06000060,Buckinghamshire,BUCKI_0ca4f79cebb5,3b055c34b365
England,E12000008,E06000060,Buckinghamshire,BUCKI_e6a4572a1dcc,4e09b1acd5dd
England,E12000008,E06000060,Buckinghamshire,BUCKI_dcd424dc81c2,00f515789b73
England,E12000008,E06000060,Buckinghamshire,BUCKI_4335def588c8;BUCKI_05037133feca;BUCKI_9ec9747e00ac;BUCKI_7ea8dc3f84ab,8bd14a474b44
England,E12000008,E06000060,Buckinghamshire,BUCKI_256dae461e71;BUCKI_3dc8982e5dda,8e1c92b5df36
England,E12000008,E06000060,Buckinghamshire,BUCKI_5647b77fa31c,f1812a6545ea
England,E12000008,E06000060,Buckinghamshire,BUCKI_c6fcb49d89b0,25e3af181cca
England,E12000008,E06000060,Buckinghamshire,BUCKI_98f7f80d4301,19a2bcc061c4
England,E12000008,E06000060,Buckinghamshire,BUCKI_c127011eff41;BUCKI_4968fa81ce61,58075557bf9e
England,E12000008,E06000060,Buckinghamshire,BUCKI_be0b81c8394e,12c67db2c909
England,E12000008,E06000060,Buckinghamshire,BUCKI_e1041ab8d7be;BUCKI_678633fafc05;BUCKI_ae0ea3e16549;BUCKI_11e16005a000,65da616c2f9a
England,E12000008,E06000060,Buckinghamshire,BUCKI_da3ddb9815fc;BUCKI_5848db6d6085,5c8f81ae432f
England,E12000008,E06000060,Buckinghamshire,BUCKI_72b95e7680b1,69ff53656784
England,E12000008,E06000060,Buckinghamshire,BUCKI_c7d6cc6bd2b1,d14d29278ba9
England,E12000008,E06000060,Buckinghamshire,BUCKI_5c2297176cee,86cc9a472f78
England,E12000008,E06000060,Buckinghamshire,BUCKI_452cc0124e25,5c9268b6233a
England,E12000008,E06000060,Buckinghamshire,BUCKI_b7f03c20441d,f40e531e7ae4
England,E12000008,E06000060,Buckinghamshire,BUCKI_114e634e2ac6;BUCKI_d3497d66aff6,15d78858062f
England,E12000008,E06000060,Buckinghamshire,BUCKI_e50cadd8e19f;BUCKI_7d3f0ccd8854,746b802b037a
England,E12000008,E06000060,Buckinghamshire,BUCKI_abdfa965e0ff,d82dba98b3f4
England,E12000008,E06000060,Buckinghamshire,BUCKI_a5e661e2f485,62020efa04bc
England,E12000008,E06000060,Buckinghamshire,BUCKI_0a14b9727480;BUCKI_a884424823ac,78b272587dde
England,E12000008,E06000060,Buckinghamshire,BUCKI_7e2beb8b3830;BUCKI_a9a4e32b35d3,d89acba3801d
England,E12000008,E06000060,Buckinghamshire,BUCKI_0f556fa0fb77;BUCKI_8c0218938017,d2b2c9a6b20f
England,E12000008,E06000060,Buckinghamshire,BUCKI_2a01b8eafd94;BUCKI_823046e87f94,623af059f3e4
England,E12000008,E06000060,Buckinghamshire,BUCKI_a5549b53397e;BUCKI_a95c042e256b,54739ae2975a
England,E12000008,E06000060,Buckinghamshire,BUCKI_2d069bf0df0f,419eaf09a8e7
England,E12000008,E06000060,Buckinghamshire,BUCKI_fca9b05f392f;BUCKI_3763de43e6dc,360e949ffe53
England,E12000008,E06000060,Buckinghamshire,BUCKI_10e5c3d45a53;BUCKI_70ec165c6a91,544da5bbecbe
England,E12000008,E06000060,Buckinghamshire,BUCKI_cd5defe4d349,ef522dbb2c33
England,E12000008,E06000060,Buckinghamshire,BUCKI_3f19e5edaa1a,29998e396e03
England,E12000008,E06000060,Buckinghamshire,BUCKI_3fc3426aa2ab;BUCKI_5b2f639cff53,fbaebedc497f
England,E12000008,E06000060,Buckinghamshire,BUCKI_53acea96b33a,c5f4832d968d
England,E12000008,E06000060,Buckinghamshire,BUCKI_8a5c500cd2ff,40494fba3acb
England,E12000008,E06000060,Buckinghamshire,BUCKI_f50ef7bddfad,8d971302118f
England,E12000008,E06000060,Buckinghamshire,BUCKI_5eadb615ef03,35f81b7e3edc
England,E12000008,E06000060,Buckinghamshire,BUCKI_c89f3661cde8,1c2844e0109c
England,E12000008,E06000060,Buckinghamshire,BUCKI_fd3cfebc4d95,eab47251a489
England,E12000008,E06000060,Buckinghamshire,BUCKI_1586ceef391b,cd21770fd75a
England,E12000008,E06000060,Buckinghamshire,BUCKI_48a0de5b5947;BUCKI_a104bd8edfb2,1c0df473fb5e
England,E12000008,E06000060,Buckinghamshire,BUCKI_c615bbc88123;BUCKI_8c526fd527a3,f8eb4105c9cf
England,E12000008,E06000060,Buckinghamshire,BUCKI_690f3dd001ef;BUCKI_1441b6565f0e,72ec9bf40e5a
England,E12000008,E06000060,Buckinghamshire,BUCKI_d4796ef75f10,6a1bb7f843e3
England,E12000008,E06000060,Buckinghamshire,BUCKI_3301424a82e3,3471850fae80
England,E12000008,E06000060,Buckinghamshire,BUCKI_51a6e6909044;BUCKI_a8e543f49dfe,05de50de6966
England,E12000008,E06000060,Buckinghamshire,BUCKI_12c745a9b075;BUCKI_5311ae9d2136,e76627ab8567
England,E12000008,E06000060,Buckinghamshire,BUCKI_a26ad1aeb006,90b8f9034c81
England,E12000008,E06000060,Buckinghamshire,BUCKI_a2a18e0b37c0,c14a05203314
England,E12000008,E06000060,Buckinghamshire,BUCKI_5c130b50169b,e565f1c4c166
England,E12000008,E06000060,Buckinghamshire,BUCKI_4ce28df99522,67607ac2dbf9
England,E12000008,E06000060,Buckinghamshire,BUCKI_f6542269a870;BUCKI_ceb015633cf6,8132d1392a40
England,E12000008,E06000060,Buckinghamshire,BUCKI_6b140ddc6aa3,e975ea22e8ab
England,E12000008,E06000060,Buckinghamshire,BUCKI_ee1e3c325f7d,f18f08efc00c
England,E12000008,E06000060,Buckinghamshire,BUCKI_1f6bdf80b11b,8444f092dccf
England,E12000008,E06000060,Buckinghamshire,BUCKI_fb7dccca95ea,36af439893e9
England,E12000008,E06000060,Buckinghamshire,BUCKI_244e0f76782d,1f4afd8c4e67
England,E12000008,E06000060,Buckinghamshire,BUCKI_4c36b04e7086;BUCKI_2eb3e44b0a5d,69d6f8eb740c
England,E12000008,E06000060,Buckinghamshire,BUCKI_5def81ee107b,0847479882c3
England,E12000008,E06000060,Buckinghamshire,BUCKI_97333b2ac8cd;BUCKI_d8f8961b6a60,93d4a3152be5
England,E12000008,E06000060,Buckinghamshire,BUCKI_577d81cb87c9,d2e137c083a9
England,E12000008,E06000060,Buckinghamshire,BUCKI_9459af596bad,ad62889deef1
England,E12000008,E06000060,Buckinghamshire,BUCKI_5a777e9b6c90,337b4006920e
England,E12000008,E06000060,Buckinghamshire,BUCKI_d86b8da13f0d,25f9bc7bda80
England,E12000008,E06000060,Buckinghamshire,BUCKI_c3ce2b5d4e7c;BUCKI_6e931672229a,2651dbf5d1fe
England,E12000008,E06000060,Buckinghamshire,BUCKI_0d980134562d;BUCKI_72564773859b,e19962819bd1
England,E12000008,E06000060,Buckinghamshire,BUCKI_0e46f854f8a4;BUCKI_5a30020902ad,a80f93990a6f
England,E12000008,E06000060,Buckinghamshire,BUCKI_717e6983846b,c4e01fcd4151
England,E12000008,E06000060,Buckinghamshire,BUCKI_c817db24135c,05fff7d44e71
England,E12000008,E06000060,Buckinghamshire,BUCKI_1891a4b898d7,a9381bfea2e3
England,E12000008,E06000060,Buckinghamshire,BUCKI_805b93b2042f,e9e614b4bc4b
England,E12000008,E06000060,Buckinghamshire,BUCKI_ced1c2a3705d,f9b92be0a77a
England,E12000008,E06000060,Buckinghamshire,BUCKI_be497f015dbb,9635372d0315
England,E12000008,E06000060,Buckinghamshire,BUCKI_0a6ba01bb299;BUCKI_917bfa503464,6e9fefe4c4ec
England,E12000008,E06000060,Buckinghamshire,BUCKI_38afd838788a,25010f8f1b18
England,E12000008,E06000060,Buckinghamshire,BUCKI_c3a377e64a1e;BUCKI_c3bc838179e8,a939bb605a6b
England,E12000008,E06000060,Buckinghamshire,BUCKI_3d532f234f1d,a35cfb82a28e
England,E12000008,E06000060,Buckinghamshire,BUCKI_385114d14478;BUCKI_9273f8c85b21,c93fc83305ea
England,E12000008,E06000060,Buckinghamshire,BUCKI_e0f47dc88c24;BUCKI_4386823fecc2,e370b38dabc5
England,E12000008,E06000060,Buckinghamshire,BUCKI_9d223ddea9e5,ac82b1fe5a6d
England,E12000008,E06000060,Buckinghamshire,BUCKI_f2894f968d29,e754f6c9583a
England,E12000008,E06000060,Buckinghamshire,BUCKI_3d56ce25a19d;BUCKI_08e0683574de,834c79396025
England,E12000008,E06000060,Buckinghamshire,BUCKI_b43db4d71171;BUCKI_5e0a5718165c,e76d5c556825
England,E12000008,E06000060,Buckinghamshire,BUCKI_c9f33af3aabf,744a592e3f99
England,E12000008,E06000060,Buckinghamshire,BUCKI_664abfab996b;BUCKI_b2522d65d3ea,ebbf26786c6f
England,E12000008,E06000060,Buckinghamshire,BUCKI_612f9b44d914;BUCKI_68f1a0483251;BUCKI_2cb177a36047;BUCKI_988cec83a894,205c0a9c278b
England,E12000008,E06000060,Buckinghamshire,BUCKI_0c9df50b9766;BUCKI_444a5c4d3bb6,92a5dcf904e0
England,E12000008,E06000060,Buckinghamshire,BUCKI_e81c554ce46a;BUCKI_db6744bfddb9,20fee33bc60f
England,E12000008,E06000060,Buckinghamshire,BUCKI_d7cbad54595f,06c7f786a414
England,E12000008,E06000060,Buckinghamshire,BUCKI_0639fca018c2,4f75c20d7bcc
England,E12000008,E06000060,Buckinghamshire,BUCKI_8d6ad54724a5,308eed2746e1
England,E12000008,E06000060,Buckinghamshire,BUCKI_9411ff23d4c4,361797e70dcd
England,E12000008,E06000060,Buckinghamshire,BUCKI_2e624ec403d4,72fe91041ed0
England,E12000008,E06000060,Buckinghamshire,BUCKI_8c917e3efbb7,a3da0d17b3b1
England,E12000008,E06000060,Buckinghamshire,BUCKI_b470c7d4f4b8,a71e3302e07c
England,E12000008,E06000060,Buckinghamshire,BUCKI_c46abf648088;BUCKI_ff9c71542b95;BUCKI_b275a0d87975;BUCKI_5fcfffcb6a52;BUCKI_69c6fc96946e,bdbbd3eeed3f
England,E12000008,E06000060,Buckinghamshire,BUCKI_3e1addb1c03b,70876a849eea
England,E12000008,E06000060,Buckinghamshire,BUCKI_606a7769b4cc,4dad8b01bc3a
England,E12000008,E06000060,Buckinghamshire,BUCKI_f0d0701f0a50,e04e36f647c3
England,E12000008,E06000060,Buckinghamshire,BUCKI_d560c9928eb5,d689fccbf50a
England,E12000008,E06000060,Buckinghamshire,BUCKI_1406922bc66b,711b3a09848a
England,E12000008,E06000060,Buckinghamshire,BUCKI_754d4104a316,2a42fee208bc
England,E12000008,E06000060,Buckinghamshire,BUCKI_b6e0cb9314b5,9f23cd67fc58
England,E12000008,E06000060,Buckinghamshire,BUCKI_74d8a9e30889,bfe716015294
England,E12000008,E06000060,Buckinghamshire,BUCKI_5955f155cddc,4a8fb7844a8e
England,E12000008,E06000060,Buckinghamshire,BUCKI_cb3521689050,46850916e83f
England,E12000008,E06000060,Buckinghamshire,BUCKI_9fdbfb5ce789,ed54afdf4f66
England,E12000008,E06000060,Buckinghamshire,BUCKI_83f1a301840c,d3e01e6453f9
England,E12000008,E06000060,Buckinghamshire,BUCKI_d266e3bc8020,cf076f615447
England,E12000008,E06000060,Buckinghamshire,BUCKI_5226c43d0d0b,03f00175f44f
England,E12000008,E06000060,Buckinghamshire,BUCKI_804c10c0a0bb;BUCKI_b8665a4df88a,3ca39cfbcb1b
England,E12000008,E06000060,Buckinghamshire,BUCKI_0e4ee5311203,3707115b9485
England,E12000008,E06000060,Buckinghamshire,BUCKI_ad73629f04c1,060e79f5848f
England,E12000008,E06000060,Buckinghamshire,BUCKI_aff2c6e17e0c,60fe367deaa5
England,E12000008,E06000060,Buckinghamshire,BUCKI_c3f88bb5d8c6,3fe51f144780
England,E12000008,E06000060,Buckinghamshire,BUCKI_a4b11adf84f3,caf9f14c8403
England,E12000008,E06000060,Buckinghamshire,BUCKI_d2d36e5d8e38,e972f9ebb33e
England,E12000008,E06000060,Buckinghamshire,BUCKI_ed5d4d8dc07e,c1c33b298c90
England,E12000008,E06000060,Buckinghamshire,BUCKI_2aab42065865,6cf78be3ba84
England,E12000008,E06000060,Buckinghamshire,BUCKI_4b555bf3150e,89ec270bc51a
England,E12000008,E06000060,Buckinghamshire,BUCKI_19d1642e7917,042770135d1b
England,E12000008,E06000060,Buckinghamshire,BUCKI_8d17d3650ddc,dc83e0c9da00
England,E12000008,E06000060,Buckinghamshire,BUCKI_5f9d3c20b7eb,6544bbd1bf74
England,E12000008,E06000060,Buckinghamshire,BUCKI_28da61c6a3db,1d37361c8ae3
England,E12000008,E06000060,Buckinghamshire,BUCKI_e17f3c2aa3a5,e5a07434e545
England,E12000008,E06000060,Buckinghamshire,BUCKI_5e428e1b3000,799946655f48
England,E12000008,E06000060,Buckinghamshire,BUCKI_cc23e72ef408,7aa609eb1142
England,E12000008,E06000060,Buckinghamshire,BUCKI_3c42e08e92fb,d1671fea942e
England,E12000008,E06000060,Buckinghamshire,BUCKI_985eb3cb050a,42b571d73527
England,E12000008,E06000060,Buckinghamshire,BUCKI_257d55969a15,a0646e0f285d
England,E12000008,E06000060,Buckinghamshire,BUCKI_8a0e54e02bf0,958a6f5df166
England,E12000008,E06000060,Buckinghamshire,BUCKI_46240f91d55c,23b812d391d2
England,E12000008,E06000060,Buckinghamshire,BUCKI_554d325af530,9450fa5b59f9
England,E12000008,E06000060,Buckinghamshire,BUCKI_fe95ad2dcf03,a8377f86c9c9
England,E12000008,E06000060,Buckinghamshire,BUCKI_301839e1c16e,909f05af9c39
England,E12000008,E06000060,Buckinghamshire,BUCKI_fc271d640e00,a9eff0ee3c46
England,E12000008,E06000060,Buckinghamshire,BUCKI_db6b6bcdd550,e8b7def96daa
England,E12000008,E06000060,Buckinghamshire,BUCKI_42f7b22e5800,e117e60ec6ac
England,E12000008,E06000060,Buckinghamshire,BUCKI_75931e55ddc0,90cc1680b3c2
England,E12000008,E06000060,Buckinghamshire,BUCKI_af1486c2ec04,8b025db278c1
England,E12000008,E06000060,Buckinghamshire,BUCKI_98e054d686c7,cd2966c86d36
England,E12000008,E06000060,Buckinghamshire,BUCKI_3019a58b4fcb,26d191ceab7d
England,E12000008,E06000060,Buckinghamshire,BUCKI_ac97dfc6e4dd,135157a0fbb8
England,E12000008,E06000060,Buckinghamshire,BUCKI_11191e4d347a,9d68fb4f4d9f
England,E12000008,E06000060,Buckinghamshire,BUCKI_6582bec5bbc6,660d82d01218
England,E12000008,E06000060,Buckinghamshire,BUCKI_026c0aceafaa,cc99a4ff4330
England,E12000008,E06000060,Buckinghamshire,BUCKI_68f7b4dfb3bf,a167a9e0bf0c
England,E12000008,E06000060,Buckinghamshire,BUCKI_b698401503d1,17a05d91ea66
England,E12000008,E06000060,Buckinghamshire,BUCKI_0c67e2b96c2f,f5edae258731
England,E12000008,E06000060,Buckinghamshire,BUCKI_bea70fd05166,4fccb76b22e8
England,E12000008,E06000060,Buckinghamshire,BUCKI_d38e18cf4fbf,e5040d079c58
England,E12000008,E06000060,Buckinghamshire,BUCKI_a118874cd326,cbe4d74ff291
England,E12000008,E06000060,Buckinghamshire,BUCKI_7b83ea51f24d,2609435e099c
England,E12000008,E06000060,Buckinghamshire,BUCKI_97c751cc011f,8efb8ada31c7
England,E12000008,E06000060,Buckinghamshire,BUCKI_8ac1c9623b7c,6e669c9a5792
England,E12000008,E06000060,Buckinghamshire,BUCKI_9eca73c8e615,f22cca7083da
England,E12000008,E06000060,Buckinghamshire,BUCKI_03f2f77278e4,9ad31106870f
England,E12000008,E06000060,Buckinghamshire,BUCKI_e3b74fcbc33a,dc47ab08072b
England,E12000008,E06000060,Buckinghamshire,BUCKI_67add69f0bb2,4f9a786b7abf
England,E12000008,E06000060,Buckinghamshire,BUCKI_0f0fc0404538,44faa3856d7c
England,E12000008,E06000060,Buckinghamshire,BUCKI_a3b40fc0133d,3dda684c3c41
England,E12000008,E06000060,Buckinghamshire,BUCKI_dc6e7bb83ce4,7331db0ad734
England,E12000008,E06000060,Buckinghamshire,BUCKI_0885bd9edb3b,bd1fd6a93164
England,E12000008,E06000060,Buckinghamshire,BUCKI_892acf0ec79a,c7665881d680
England,E12000008,E06000060,Buckinghamshire,BUCKI_b04a7da3c8d5,e168b122e21a
England,E12000008,E06000060,Buckinghamshire,BUCKI_abbb2f3db666,c4734830e4a1
England,E12000008,E06000060,Buckinghamshire,BUCKI_30233848e407,f6b9da920c08
England,E12000008,E06000060,Buckinghamshire,BUCKI_1d6531b5e6e7,ef66acbd85e7
England,E12000008,E06000060,Buckinghamshire,BUCKI_4309b4d98756,e0de379855b2
England,E12000008,E06000060,Buckinghamshire,BUCKI_ee073307639e,dfc241206ca4
England,E12000008,E06000060,Buckinghamshire,BUCKI_79307a96311b,0c18b43b3a24
England,E12000008,E06000060,Buckinghamshire,BUCKI_0eb6fde4d5e6,8d1b918bc8e4
England,E12000008,E06000060,Buckinghamshire,BUCKI_16e951a8d4f0,fdb29ff3f8d7
England,E12000008,E06000060,Buckinghamshire,BUCKI_aba087714401,1b2af292edcc
England,E12000008,E06000060,Buckinghamshire,BUCKI_e29d0a5da35a,6df268d9d73f
England,E12000008,E06000060,Buckinghamshire,BUCKI_ee1ab65e5018,f2d81e0d2b14
England,E12000008,E06000060,Buckinghamshire,BUCKI_d43bde4a6fd0,5004fc4c2eb4
England,E12000008,E06000060,Buckinghamshire,BUCKI_139a6af2f8d3,9b50d9f3d76f
England,E12000008,E06000060,Buckinghamshire,BUCKI_4057c94aaa43,a7bb6c2b87be
England,E12000008,E06000060,Buckinghamshire,BUCKI_031ec189b7f2,08d4d4f55a03
England,E12000008,E06000060,Buckinghamshire,BUCKI_1f7dca4bc264,ebda3a9f358e
England,E12000008,E06000060,Buckinghamshire,BUCKI_b11d0e74fb08,6742a7202dfb
England,E12000008,E06000060,Buckinghamshire,BUCKI_58b114d3dabc,7205418ecf61
England,E12000008,E06000060,Buckinghamshire,BUCKI_fe586269f641,6b70ff5ee500
England,E12000008,E06000060,Buckinghamshire,BUCKI_568f68a09620,7261ae2631ff
England,E12000008,E06000060,Buckinghamshire,BUCKI_f2ef08402811,a78b84b30c5c
England,E12000008,E06000060,Buckinghamshire,BUCKI_0e4d1d74f515,0284d1fde54d
England,E12000008,E06000060,Buckinghamshire,BUCKI_ef84e40c3664,3778c87f0ed5
England,E12000008,E06000060,Buckinghamshire,BUCKI_d3d137702a14,5c8a4285c29c
England,E12000008,E06000060,Buckinghamshire,BUCKI_f4eb7ad2f30d,adbc25057283
England,E12000008,E06000060,Buckinghamshire,BUCKI_9cf6168c1dda,213f61e36528
England,E12000008,E06000060,Buckinghamshire,BUCKI_f0bfd6d6bcaa,14585636e299
England,E12000008,E06000060,Buckinghamshire,BUCKI_fbd70851a20a,0b5d31fbff5d
England,E12000008,E06000060,Buckinghamshire,BUCKI_639ce9621c54,3559ff48f9da
England,E12000008,E06000060,Buckinghamshire,BUCKI_d676e1104b1d,855e12589f34
England,E12000008,E06000060,Buckinghamshire,BUCKI_6f412197c28f,29465826529d
England,E12000008,E06000060,Buckinghamshire,BUCKI_eea06423b1d6,55ad11233168
England,E12000008,E06000060,Buckinghamshire,BUCKI_a9cdb4b2a504,6f01c7968a7a
England,E12000008,E06000060,Buckinghamshire,BUCKI_4b0ed7882b6f,68013f3e3c5d
England,E12000008,E06000060,Buckinghamshire,BUCKI_cbffc7a9ee39,8be7ac290421
England,E12000008,E06000060,Buckinghamshire,BUCKI_c325b9c37bde,195a6467c445
England,E12000008,E06000060,Buckinghamshire,BUCKI_cc19865349f3,a2767973c859
England,E12000008,E06000060,Buckinghamshire,BUCKI_dfd39f97a224,6c08343e769d
England,E12000008,E06000060,Buckinghamshire,BUCKI_a104594d1b39,1ffe78e065c0
England,E12000008,E06000060,Buckinghamshire,BUCKI_2a168f29c68a,7c81ac72049e
England,E12000008,E06000060,Buckinghamshire,BUCKI_1df4d74cad59,e3bf4cdfbce7
England,E12000008,E06000060,Buckinghamshire,BUCKI_c8e6c7537b0b,77881aed374f
England,E12000008,E06000060,Buckinghamshire,BUCKI_26d2e87cdc0a,c099dce10751
England,E12000008,E06000060,Buckinghamshire,BUCKI_73aeebaebd94,5cc36177a581
England,E12000008,E06000060,Buckinghamshire,BUCKI_1c12180d2b5f,e9e8dd1f1855
England,E12000008,E06000060,Buckinghamshire,BUCKI_30ad04c528e3,9bb47920b870
England,E12000008,E06000060,Buckinghamshire,BUCKI_fd96ced5b006,996c50b2fa50
England,E12000008,E06000060,Buckinghamshire,BUCKI_d2a68047f2fe,fd0c9fa891f3
England,E12000008,E06000060,Buckinghamshire,BUCKI_45e2f161ac8a,848ff6bca22b
England,E12000008,E06000060,Buckinghamshire,BUCKI_e7dba3c838ff,eabbc5982cca
England,E12000008,E06000060,Buckinghamshire,BUCKI_c2d8009e9beb,85d6b8b66b04
England,E12000008,E06000060,Buckinghamshire,BUCKI_abff6950a53c,5efd7b82bc72
England,E12000008,E06000060,Buckinghamshire,BUCKI_1445380f4e61,3bee6c741cf4
England,E12000008,E06000060,Buckinghamshire,BUCKI_1bfe3a21d681,6a1810303f2e
England,E12000008,E06000060,Buckinghamshire,BUCKI_084d6fa143e1,3c5fda0e646b
England,E12000008,E06000060,Buckinghamshire,BUCKI_b52bd30282d4,2baf9cf85366
England,E12000008,E06000060,Buckinghamshire,BUCKI_e4194a7061a6,88756a5c38be
England,E12000008,E06000060,Buckinghamshire,BUCKI_6e68a6a3981f,b4123ba1fa17
England,E12000008,E06000060,Buckinghamshire,BUCKI_221c2b384f96,a8bec0000ea4
England,E12000008,E06000060,Buckinghamshire,BUCKI_8bce3ed808d6,4c40fef50d9b
England,E12000008,E06000060,Buckinghamshire,BUCKI_5566410c7668,bb923d0a2076
England,E12000008,E06000060,Buckinghamshire,BUCKI_8aafded4df02,a4d5030896cf
England,E12000008,E06000060,Buckinghamshire,BUCKI_6052d4f69fa9,e8ef51f4c13e
England,E12000008,E06000060,Buckinghamshire,BUCKI_bb06737517ab,6ae785549158
England,E12000008,E06000060,Buckinghamshire,BUCKI_a8b9e1e8e6a5,c4a428a9aebc
England,E12000008,E06000060,Buckinghamshire,BUCKI_c195026688e9,f70d38abd243
England,E12000008,E06000060,Buckinghamshire,BUCKI_5ea1824d0248,d1f3a7698955
England,E12000008,E06000060,Buckinghamshire,BUCKI_43c8a1112689,9767d123f71d
England,E12000008,E06000060,Buckinghamshire,BUCKI_ebba7ebea90d,300fd38f780b
England,E12000008,E06000060,Buckinghamshire,BUCKI_90b1580c2858,fa01d8305fec
England,E12000008,E06000060,Buckinghamshire,BUCKI_a78f057dc3e6,11806ed93ae0
England,E12000008,E06000060,Buckinghamshire,BUCKI_0fca0efd6e7d,cd4a8dc55fc5
England,E12000008,E06000060,Buckinghamshire,BUCKI_32e9dbb33bca,1e60d695b101
England,E12000008,E06000060,Buckinghamshire,BUCKI_e3967b483c5c,23920a31436a
England,E12000008,E06000060,Buckinghamshire,BUCKI_041a1b488564,c293a7946c54
England,E12000008,E06000060,Buckinghamshire,BUCKI_5898f45fd110,eaed60964787
England,E12000008,E06000060,Buckinghamshire,BUCKI_2da75a51e3a3,e43abbf0607c
England,E12000008,E06000060,Buckinghamshire,BUCKI_7abed4abd345,c41ee4652ab8
England,E12000008,E06000060,Buckinghamshire,BUCKI_345ab9eb0703,dd926bbf9e0a
England,E12000008,E06000060,Buckinghamshire,BUCKI_5a71cb71e295,3dd9a50e3a43
England,E12000008,E06000060,Buckinghamshire,BUCKI_dbfe975060ff,7f6ac9cbf53a
England,E12000008,E06000060,Buckinghamshire,BUCKI_0be92751a724,3b8391676bea
England,E12000008,E06000060,Buckinghamshire,BUCKI_e47af9b1a4d0,85130f27b22d
England,E12000008,E06000060,Buckinghamshire,BUCKI_7036b41e6636,14b78095ff62
England,E12000008,E06000060,Buckinghamshire,BUCKI_bdf9472b211c,55bb2026068b
England,E12000008,E06000060,Buckinghamshire,BUCKI_0e00c9839d8f,8608cdd91a76
England,E12000008,E06000060,Buckinghamshire,BUCKI_591b078bcc2d,79e0399a41cb
England,E12000008,E06000060,Buckinghamshire,BUCKI_823b9eb76a46,1e32eed73971
England,E12000008,E06000060,Buckinghamshire,BUCKI_5195ceecab83,3b42ffadbb82
England,E12000008,E06000060,Buckinghamshire,BUCKI_2ed29246173d,0ca8043e2324
England,E12000008,E06000060,Buckinghamshire,BUCKI_82edce681a3f,d35df89e599d
England,E12000008,E06000060,Buckinghamshire,BUCKI_a9ceef077709,dc4a2ff24f7d
England,E12000008,E06000060,Buckinghamshire,BUCKI_e6d86d4ce9bb,8630998f67a4
England,E12000008,E06000060,Buckinghamshire,BUCKI_e27b9c41045e,27dbd9ed9fd0
England,E12000008,E06000060,Buckinghamshire,BUCKI_311d99fdac56,0c5bb313f538
England,E12000008,E06000060,Buckinghamshire,BUCKI_cb1074347e75,cbfd2bb29279
England,E12000008,E06000060,Buckinghamshire,BUCKI_6c94fc2cd887,9e3167a0d540
England,E12000008,E06000060,Buckinghamshire,BUCKI_92d95aba2bb5,d863c5a08c54
England,E12000008,E06000060,Buckinghamshire,BUCKI_3e63d25b112e,72a769a2d7fb
England,E12000008,E06000060,Buckinghamshire,BUCKI_4c8cdc74face,229764c5ade6
England,E12000008,E06000060,Buckinghamshire,BUCKI_d7c3c4e0c513,511a20318f79
England,E12000008,E06000060,Buckinghamshire,BUCKI_29842c37b05f,24338c419e17
England,E12000008,E06000060,Buckinghamshire,BUCKI_09d5dd54b099,c383a12e1169
England,E12000008,E06000060,Buckinghamshire,BUCKI_6fdcfe7f42a6,34be4753b3d6
England,E12000008,E06000060,Buckinghamshire,BUCKI_e06058cf79a4,b78d22398702
England,E12000008,E06000060,Buckinghamshire,BUCKI_f065417f1b42,13a701bc3340
England,E12000008,E06000060,Buckinghamshire,BUCKI_1e559aa281d6,3ea717262475
England,E12000008,E06000060,Buckinghamshire,BUCKI_e77a293742af,a2139a6933f5
England,E12000008,E06000060,Buckinghamshire,BUCKI_a6bcb588f5b9,f2eaebc89541
England,E12000008,E06000060,Buckinghamshire,BUCKI_fbb80e0c18eb,81388e69345c
England,E12000008,E06000060,Buckinghamshire,BUCKI_963c949ced69,d0229ba268ff
England,E12000008,E06000060,Buckinghamshire,BUCKI_1c93b880746e,e8b2af7f8df8
England,E12000008,E06000060,Buckinghamshire,BUCKI_2eb317a6af04,a4927d0e5214
England,E12000008,E06000060,Buckinghamshire,BUCKI_aeb46512009d,e1cc0f16692a
England,E12000008,E06000060,Buckinghamshire,BUCKI_0b3965cdd093,319c3658700e
England,E12000008,E06000060,Buckinghamshire,BUCKI_ca245d17025f,a1df03b7e296
England,E12000008,E06000060,Buckinghamshire,BUCKI_54f7956be562,03c775547c74
England,E12000008,E06000060,Buckinghamshire,BUCKI_db4889d2eb22,535876aec06e
England,E12000008,E06000060,Buckinghamshire,BUCKI_a27f2f368fbd,85b109337e1c
England,E12000008,E06000060,Buckinghamshire,BUCKI_ebb0630fb70f,752ee7285e62
England,E12000008,E06000060,Buckinghamshire,BUCKI_a50bc389838c,0d631b177f89
England,E12000008,E06000060,Buckinghamshire,BUCKI_e583bc6624bf,e7320ec4133a
England,E12000008,E06000060,Buckinghamshire,BUCKI_614c33543f15,6a79ff921cca
England,E12000008,E06000060,Buckinghamshire,BUCKI_24bc8658eb8b,2ed32d6ddb2f
England,E12000008,E06000060,Buckinghamshire,BUCKI_155a4ab30caa,4cffbb19a8cf
England,E12000008,E06000060,Buckinghamshire,BUCKI_d19973882051,2edd6c1b5ed3
England,E12000008,E06000060,Buckinghamshire,BUCKI_ec1c1ebda4bc,8b2139de93ca
England,E12000008,E06000060,Buckinghamshire,BUCKI_2bb2cbc3f820,548d6e8c9456
England,E12000008,E06000060,Buckinghamshire,BUCKI_9287d32931d6,741865461610
England,E12000008,E06000060,Buckinghamshire,BUCKI_a22753e3edce,1a2b89a08eac
England,E12000008,E06000060,Buckinghamshire,BUCKI_4b40cbc145b5,dd6a123a588b
England,E12000008,E06000060,Buckinghamshire,BUCKI_5fc8d4d5ca2f,2b7a3246c3bc
England,E12000008,E06000060,Buckinghamshire,BUCKI_d6cfff1d8f3c,2c60f7898ce5
England,E12000008,E06000060,Buckinghamshire,BUCKI_19586450d0a6,2def6f8bfc4f
England,E12000008,E06000060,Buckinghamshire,BUCKI_12854f5b7880,b3d5bb755e52
England,E12000008,E06000060,Buckinghamshire,BUCKI_4d6ca50c3afc,80c742160c85
England,E12000008,E06000060,Buckinghamshire,BUCKI_79dd9f7a320f,497ed6ffd6d4
England,E12000008,E06000060,Buckinghamshire,BUCKI_ce36126f351c,bd3de978402a
England,E12000008,E06000060,Buckinghamshire,BUCKI_20ee938fe43f,d78077e696da
England,E12000008,E06000060,Buckinghamshire,BUCKI_9f77d662eeaf,721a7fa96420
England,E12000008,E06000060,Buckinghamshire,BUCKI_08328823c13f,cccdf0a22f31
England,E12000008,E06000060,Buckinghamshire,BUCKI_48953d5f4a85,8e8699ce4c62
England,E12000008,E06000060,Buckinghamshire,BUCKI_7dec284233b4,b6e97c51e40f
England,E12000008,E06000060,Buckinghamshire,BUCKI_3138c2a7e94f,2ec8b05e6325
England,E12000008,E06000060,Buckinghamshire,BUCKI_a12d0c0e3a4f,cfade0ceb6d1
England,E12000008,E06000060,Buckinghamshire,BUCKI_18d45fb6c846,528e3bd676f0
England,E12000008,E06000060,Buckinghamshire,BUCKI_cc8eecd48865,cba228a4fae7
England,E12000008,E06000060,Buckinghamshire,BUCKI_71ee90cb82a4,2f47cceba1d1
England,E12000008,E06000060,Buckinghamshire,BUCKI_9fdcf318d24b,a85911f24a70
England,E12000008,E06000060,Buckinghamshire,BUCKI_4d897ccf6459,84952d6cf4b1
England,E12000008,E06000060,Buckinghamshire,BUCKI_cc48a46b5478,786d805e16a7
England,E12000008,E06000060,Buckinghamshire,BUCKI_52e43be1b639,9313e8d1fddd
England,E12000008,E06000060,Buckinghamshire,BUCKI_de8858985eda,5b52ba469ad8
England,E12000008,E06000060,Buckinghamshire,BUCKI_6fc08e06bc60,9d2138955447
England,E12000008,E06000060,Buckinghamshire,BUCKI_e9d2d6c6ea5a,46553245327d
England,E12000008,E06000060,Buckinghamshire,BUCKI_3f8b4180f9f3,578309f83a49
England,E12000008,E06000060,Buckinghamshire,BUCKI_6f2e9d4c3325,2aa468684730
England,E12000008,E06000060,Buckinghamshire,BUCKI_fa8faf6239b1,2afe92ab769b
England,E12000008,E06000060,Buckinghamshire,BUCKI_d6cb09d5068b,5f46ba41f121
England,E12000008,E06000060,Buckinghamshire,BUCKI_47c349227a31,b85d6ff05e0d
England,E12000008,E06000060,Buckinghamshire,BUCKI_93a392f368cf,221aac7949c1
England,E12000008,E06000060,Buckinghamshire,BUCKI_3ab738ba3254,bd8f8f8248a5
England,E12000008,E06000060,Buckinghamshire,BUCKI_1433bd6bde08,ed63715fab72
England,E12000008,E06000060,Buckinghamshire,BUCKI_5741576a6389,862d93e5e9b0
England,E12000008,E06000060,Buckinghamshire,BUCKI_7c999c858377,19c39e15755e
England,E12000008,E06000060,Buckinghamshire,BUCKI_a52f7c42dcf7,2bd9bdbc3870
England,E12000008,E06000060,Buckinghamshire,BUCKI_39eb83df1196,8bb240933137
England,E12000008,E06000060,Buckinghamshire,BUCKI_3ebb5cbf3170,8f838cd6fb67
England,E12000008,E06000060,Buckinghamshire,BUCKI_afa2a6e9e25e,3e3219969ad3
England,E12000008,E06000060,Buckinghamshire,BUCKI_a744e5e07b48,492ec3478fe9
England,E12000008,E06000060,Buckinghamshire,BUCKI_fdf9e065bbd5,4b6cbd2fa037
England,E12000008,E06000060,Buckinghamshire,BUCKI_de8187cda3a0,8df5ffacd985
England,E12000008,E06000060,Buckinghamshire,BUCKI_720d507ffa54,030d83412c25
England,E12000008,E06000060,Buckinghamshire,BUCKI_bb7fa77b3506,f0469a54cc2a
England,E12000008,E06000060,Buckinghamshire,BUCKI_e52ecc335334,ad52ae045dfc
England,E12000008,E06000060,Buckinghamshire,BUCKI_bb7f042de5c9,c2dd4320df48
England,E12000008,E06000060,Buckinghamshire,BUCKI_f9d146593234,4e00ef434ff6
England,E12000008,E06000060,Buckinghamshire,BUCKI_51fb7ced8b95,b38205d352a7
England,E12000008,E06000060,Buckinghamshire,BUCKI_61f1fd144ef2,8bc96870b9f4
England,E12000008,E06000060,Buckinghamshire,BUCKI_67f9b070861a,1aeb11f81763
England,E12000008,E06000060,Buckinghamshire,BUCKI_b9cf3849a50a,417ded6933af
England,E12000008,E06000060,Buckinghamshire,BUCKI_50c4b167aa67,8a2dc5e0bf30
England,E12000008,E06000060,Buckinghamshire,BUCKI_2b5e23a1e8a0,66bb3f4578d6
England,E12000008,E06000060,Buckinghamshire,BUCKI_d27fa0923ccf,a890a16fece5
England,E12000008,E06000060,Buckinghamshire,BUCKI_806dbbe6827f,9ad4c71e7866
England,E12000008,E06000060,Buckinghamshire,BUCKI_5df978483295,9d4013214b33
England,E12000008,E06000060,Buckinghamshire,BUCKI_3734c3a049a5,00d1fde2667a
England,E12000008,E06000060,Buckinghamshire,BUCKI_01cf88ababab,d9e5157f2fcf
England,E12000008,E06000060,Buckinghamshire,BUCKI_f3b0c94aa2c5,83d21cb9d5e4
England,E12000008,E06000060,Buckinghamshire,BUCKI_8cb3fb5fa43c,9cb257692e23
England,E12000008,E06000060,Buckinghamshire,BUCKI_baab99db7f79,b560135ef21d
England,E12000008,E06000060,Buckinghamshire,BUCKI_aaa1f2c7f7f5,51f8c664c7d5
England,E12000008,E06000060,Buckinghamshire,BUCKI_3ae4d47612a4,1392a95075fb
England,E12000008,E06000060,Buckinghamshire,BUCKI_cabf18c4f0e4,2264ea00dd53
England,E12000008,E06000060,Buckinghamshire,BUCKI_ffab9a4c5e05,71d90594d2c7
England,E12000008,E06000060,Buckinghamshire,BUCKI_c2a53ca6b4c4,f71e9b9115f2
England,E12000008,E06000060,Buckinghamshire,BUCKI_273c30cb18ba,bdd77441dacf
England,E12000008,E06000060,Buckinghamshire,BUCKI_2b8c4a7c3b22,af83fb51bc9c
England,E12000008,E06000060,Buckinghamshire,BUCKI_a5afe3564fdc,8cc088336dec
England,E12000008,E06000060,Buckinghamshire,BUCKI_b0fa258085c8,64758b44ec09
England,E12000008,E06000060,Buckinghamshire,BUCKI_c1856ddebef1,0c7f7e6ff7e8
England,E12000008,E06000060,Buckinghamshire,BUCKI_c72bef98a791,bdc7ac19b4c8
England,E12000008,E06000060,Buckinghamshire,BUCKI_ffeba2574ca2,040ca24e8b79
England,E12000008,E06000060,Buckinghamshire,BUCKI_c7308661fb55,6d50ee02ae2d
England,E12000008,E06000060,Buckinghamshire,BUCKI_71ecd6b0b875,97b4601fefb0
England,E12000008,E06000060,Buckinghamshire,BUCKI_a20c355b6e82,66db2023d131
England,E12000008,E06000060,Buckinghamshire,BUCKI_5413f8e67abc,3de377a36fac
England,E12000008,E06000060,Buckinghamshire,BUCKI_62d6d3ef6395,ac2707e78d58
England,E12000008,E06000060,Buckinghamshire,BUCKI_bda4625edcb5,95ddeb8db32c
England,E12000008,E06000060,Buckinghamshire,BUCKI_b2aa6737b655,a9bd656a474a
England,E12000008,E06000060,Buckinghamshire,BUCKI_7de4ad055442,819cd90ed594
England,E12000008,E06000060,Buckinghamshire,BUCKI_e2f4eab8124d,9202d9ad5609
England,E12000008,E06000060,Buckinghamshire,BUCKI_d19dc780561b,4a1b7279844f
England,E12000008,E06000060,Buckinghamshire,BUCKI_c7e9b4a1c16a,5b915a65f384
England,E12000008,E06000060,Buckinghamshire,BUCKI_133f1d905a63,507100944e7b
England,E12000008,E06000060,Buckinghamshire,BUCKI_d7b80fcd74f0,d16dbdd17102
England,E12000008,E06000060,Buckinghamshire,BUCKI_0062bfbef625,bf7cd15f7368
England,E12000008,E06000060,Buckinghamshire,BUCKI_8a4fc1050162,4ef3478e51c8
England,E12000008,E06000060,Buckinghamshire,BUCKI_1bbea724fd32,1557f9249352
England,E12000008,E06000060,Buckinghamshire,BUCKI_18b8616c9f7e,c9b689e6cc4b
England,E12000008,E06000060,Buckinghamshire,BUCKI_3a5151194522,4c8c0725ffa4
England,E12000008,E06000060,Buckinghamshire,BUCKI_ebf0227b526e,e5dc32c9a3ae
England,E12000008,E06000060,Buckinghamshire,BUCKI_187a80ba6a03,e46009b17196
England,E12000008,E06000060,Buckinghamshire,BUCKI_b635e3e5f7cd,8c8831de9aa0
England,E12000008,E06000060,Buckinghamshire,BUCKI_5d078aaaa1a2,5fe47a21193c
England,E12000008,E06000060,Buckinghamshire,BUCKI_8ab8043fcbdf,5de8b80d3f59
England,E12000008,E06000060,Buckinghamshire,BUCKI_26a776c14cda,06a3a8b03c6b
England,E12000008,E06000060,Buckinghamshire,BUCKI_cc1fec3a9b19,7e256ad76eb8
England,E12000008,E06000060,Buckinghamshire,BUCKI_42489c900e25,a12ab0f4af04
England,E12000008,E06000060,Buckinghamshire,BUCKI_1188cc836c5a,94c0a9a3e846
England,E12000008,E06000060,Buckinghamshire,BUCKI_7232c74380f3,e2f3d9315a47
England,E12000008,E06000060,Buckinghamshire,BUCKI_b27c3c86289c,88443089ee98
England,E12000008,E06000060,Buckinghamshire,BUCKI_ee3d2ecc3f86,3eb3be8277ed
England,E12000008,E06000060,Buckinghamshire,BUCKI_f290d0fb1594,aada458b130a
England,E12000008,E06000060,Buckinghamshire,BUCKI_03f8cfdf141d,a27167eccf17
England,E12000008,E06000060,Buckinghamshire,BUCKI_5dbefa9d5688,80fa44f38907
England,E12000008,E06000060,Buckinghamshire,BUCKI_3ddca6533b7d,889501e4acaf
England,E12000008,E06000060,Buckinghamshire,BUCKI_59b7b1525af0;BUCKI_29d74de1d6d3,01db8673bc72
England,E12000008,E06000060,Buckinghamshire,BUCKI_3acbcc46201c,470578b0e97d
England,E12000008,E06000060,Buckinghamshire,BUCKI_a152e7f8adcc,69f1d420e9a1
England,E12000008,E06000060,Buckinghamshire,BUCKI_50f077c9505b,b600238a1413
England,E12000008,E06000060,Buckinghamshire,BUCKI_cf63ac7476cd,1ffe71759934
England,E12000008,E06000060,Buckinghamshire,BUCKI_f9aab58e509a,bc8b0e89d702
England,E12000008,E06000060,Buckinghamshire,BUCKI_728d5b79816b,1d8f23ecad78
England,E12000008,E06000060,Buckinghamshire,BUCKI_13f676362b98,40fd5c970b0d
England,E12000008,E06000060,Buckinghamshire,BUCKI_b6f732109938,0ce24a1935cf
England,E12000008,E06000060,Buckinghamshire,BUCKI_0444fe625e86,a69770daf68d
England,E12000008,E06000060,Buckinghamshire,BUCKI_b43bd5a83cc5,c285c972f65f
England,E12000008,E06000060,Buckinghamshire,BUCKI_b0bd3d7c95cb,6b7f239adaf4
England,E12000008,E06000060,Buckinghamshire,BUCKI_f5cc9f381749,82b0f5a31349
England,E12000008,E06000060,Buckinghamshire,BUCKI_ba7657b97e16,10476a27c0d1
England,E12000008,E06000060,Buckinghamshire,BUCKI_85e0ddb8ff6c,12be1752b2aa
England,E12000008,E06000060,Buckinghamshire,BUCKI_a38abebab72c,fc403fd7ed1a
England,E12000008,E06000060,Buckinghamshire,BUCKI_ac2e22d92919,38f35ced47d2
England,E12000008,E06000060,Buckinghamshire,BUCKI_a6c840afe9e3,b55bef4fb3bc
England,E12000008,E06000060,Buckinghamshire,BUCKI_783dee17993c,82815f2c349f
England,E12000008,E06000060,Buckinghamshire,BUCKI_aa4fa5f48961,36e5adc442b3
England,E12000008,E06000060,Buckinghamshire,BUCKI_8ef5e6e51855,60da864dd643
England,E12000008,E06000060,Buckinghamshire,BUCKI_d11ffce64ba7,4c9d6e10ba98
England,E12000008,E06000060,Buckinghamshire,BUCKI_6bbd510bfb84,faddca5ceff5
England,E12000008,E06000060,Buckinghamshire,BUCKI_5ace9e7f8b74,598b418d6f83
England,E12000008,E06000060,Buckinghamshire,BUCKI_dd50bd4db723;BUCKI_970900340ca6,0adebec66ec0
England,E12000008,E06000060,Buckinghamshire,BUCKI_2c9cc7b9c0b2,1871b2ab2c94
England,E12000008,E06000060,Buckinghamshire,BUCKI_69dec1e1454b,033c2b3cd151
England,E12000008,E06000060,Buckinghamshire,BUCKI_3a55266a836b,aac9ed809611
England,E12000008,E06000060,Buckinghamshire,BUCKI_66e10979cde3,5c63d1721385
England,E12000008,E06000060,Buckinghamshire,BUCKI_760964f4f884,92f1aa57ba2f
England,E12000008,E06000060,Buckinghamshire,BUCKI_0f1c7ba620d1,76f8c2c9473f
England,E12000008,E06000060,Buckinghamshire,BUCKI_cca95a306c0c,774d30a15c20
England,E12000008,E06000060,Buckinghamshire,BUCKI_b0e4df9dde8c,0a5e46dabd2a
England,E12000008,E06000060,Buckinghamshire,BUCKI_881e63394212,85e2aba7e63d
England,E12000008,E06000060,Buckinghamshire,BUCKI_4f8ff17a200a,e6ca38aceaba
England,E12000008,E06000060,Buckinghamshire,BUCKI_61390e428f59,c5505268eb6d
England,E12000008,E06000060,Buckinghamshire,BUCKI_4b3b74b7c6c6;BUCKI_59bab85f48a2,4c7a5cec640d
England,E12000008,E06000060,Buckinghamshire,BUCKI_21f4eb44890d,66cbfa979cdb
England,E12000008,E06000060,Buckinghamshire,BUCKI_eff286bb8342,d2279f5581fa
England,E12000008,E06000060,Buckinghamshire,BUCKI_ccff31670277,f50e033d7931
England,E12000008,E06000060,Buckinghamshire,BUCKI_5bb0b17f9314,11114e96a764
England,E12000008,E06000060,Buckinghamshire,BUCKI_f56e704e1bb2,759954ea7547
England,E12000008,E06000060,Buckinghamshire,BUCKI_c4a80f7cceaa,de3a27c27724
England,E12000008,E06000060,Buckinghamshire,BUCKI_f035e366e13b,554553f4680c
England,E12000008,E06000060,Buckinghamshire,BUCKI_6dab9267ca12,4171a995f9d3
England,E12000008,E06000060,Buckinghamshire,BUCKI_e9f3293e4850,e86f242223ae
England,E12000008,E06000060,Buckinghamshire,BUCKI_00489636d89e,e1a7f86a9b71
England,E12000008,E06000060,Buckinghamshire,BUCKI_cb18025a7d2a,7bbb8e2744f3
England,E12000008,E06000060,Buckinghamshire,BUCKI_a090b5999aa7,294e6c7a14a9
England,E12000008,E06000060,Buckinghamshire,BUCKI_e8b3d5703959,620b6e73cbe3
England,E12000008,E06000060,Buckinghamshire,BUCKI_147ad1b473dd,d7236198ff59
England,E12000008,E06000060,Buckinghamshire,BUCKI_8e237966dfb1,b03fd3795366
England,E12000008,E06000060,Buckinghamshire,BUCKI_bbcb2a1b3efa,1de964133b85
England,E12000008,E06000060,Buckinghamshire,BUCKI_96c0b40f5d59,21ec7855fe74
England,E12000008,E06000060,Buckinghamshire,BUCKI_820c186f4c7c,41be388b4734
England,E12000008,E06000060,Buckinghamshire,BUCKI_3d19b4e3ae55,0080bbff833a
England,E12000008,E06000060,Buckinghamshire,BUCKI_d543e6939a60,d73e01fd9155
England,E12000008,E06000060,Buckinghamshire,BUCKI_f09437ce6026,e2a8b7a56f67
England,E12000008,E06000060,Buckinghamshire,BUCKI_f6cf01248004,8e71a8b0f5e0
England,E12000008,E06000060,Buckinghamshire,BUCKI_43800bdea880,e17e740801de
England,E12000008,E06000060,Buckinghamshire,BUCKI_143c6414f7e5,ba61c8d10ecc
England,E12000008,E06000060,Buckinghamshire,BUCKI_485352c9e279,fb1293fc67c4
England,E12000008,E06000060,Buckinghamshire,BUCKI_1b0d690bbea3,c175a7df4df9
England,E12000008,E06000060,Buckinghamshire,BUCKI_6a0f25eecf51,643b379905a9
England,E12000008,E06000060,Buckinghamshire,BUCKI_164809b01f65,94d994b68cb5
England,E12000008,E06000060,Buckinghamshire,BUCKI_969384287caa,361a8dee2ba9
England,E12000008,E06000060,Buckinghamshire,BUCKI_f60baf5ea11f,4fc0ce76b023
England,E12000008,E06000060,Buckinghamshire,BUCKI_351711c1fa1f,e0fcb88ef7e7
England,E12000008,E06000060,Buckinghamshire,BUCKI_4e423a2ee4aa,bafc58d93687
England,E12000008,E06000060,Buckinghamshire,BUCKI_de058a6f6d59,64e7f6a4cbea
England,E12000008,E06000060,Buckinghamshire,BUCKI_4bf3a2f4f8f8,71d0b18bdb84
England,E12000008,E06000060,Buckinghamshire,BUCKI_244c13fbbff4,a230e3677229
England,E12000008,E06000060,Buckinghamshire,BUCKI_a3dbb62865a5,aff29a55d8b4
England,E12000008,E06000060,Buckinghamshire,BUCKI_248e9a1c4a25,9624acc2fcc6
England,E12000008,E06000060,Buckinghamshire,BUCKI_3f169f4a09e1,53bee5b3b570
England,E12000008,E06000060,Buckinghamshire,BUCKI_09f78550c400,1ba252ac12c2
England,E12000008,E06000060,Buckinghamshire,BUCKI_1b30466cd7ac,1fb1c65e5061
England,E12000008,E06000060,Buckinghamshire,BUCKI_3fd4aec2ddfc,c5db35f2271a
England,E12000008,E06000060,Buckinghamshire,BUCKI_c37ee9c13f7d,4017000172e5
England,E12000008,E06000060,Buckinghamshire,BUCKI_b06ea5aaabe6,eb9883ae06f2
England,E12000008,E06000060,Buckinghamshire,BUCKI_816af2b21010,f98a06434a5f
England,E12000008,E06000060,Buckinghamshire,BUCKI_aa118ced601c,6ecf91cd8d9d
England,E12000008,E06000060,Buckinghamshire,BUCKI_997250796f20;BUCKI_6d15f26390e2,5ab77a4230f4
England,E12000008,E06000060,Buckinghamshire,BUCKI_a5a8bc2425e1,18c7e976fbd8
England,E12000008,E06000060,Buckinghamshire,BUCKI_aa1e6750344b,14df0ce6b626
England,E12000008,E06000060,Buckinghamshire,BUCKI_6f0493e4f8ee,633faeaee801
England,E12000008,E06000060,Buckinghamshire,BUCKI_88ba35d5735a,bbd35a0bc442
England,E12000008,E06000060,Buckinghamshire,BUCKI_0d1fd6ec3caf,f7c4afd50ae2
England,E12000008,E06000060,Buckinghamshire,BUCKI_8d6626c2ecb2,ffc7943e8ca6
England,E12000008,E06000060,Buckinghamshire,BUCKI_854c87bdf452,953076ccda4c
England,E12000008,E06000060,Buckinghamshire,BUCKI_8b8b4362bde1,a83a65442f9a
England,E12000008,E06000060,Buckinghamshire,BUCKI_fcc88191f119,d4ce3c7e5d40
England,E12000008,E06000060,Buckinghamshire,BUCKI_b893f07c5c81,51836581ae14
England,E12000008,E06000060,Buckinghamshire,BUCKI_40e69ba1e7b9,d7118d4f22f3
England,E12000008,E06000060,Buckinghamshire,BUCKI_1b957bf0e729,b509352d830d
England,E12000008,E06000060,Buckinghamshire,BUCKI_ea844c1fb3f3,e7ea58b49c37
England,E12000008,E06000060,Buckinghamshire,BUCKI_14af1087c895,46c2ac0fa18a
England,E12000008,E06000060,Buckinghamshire,BUCKI_53e1786f4e3e,46a050b4072f
England,E12000008,E06000060,Buckinghamshire,BUCKI_073ef6ef6b7e,92134f4fac87
England,E12000008,E06000060,Buckinghamshire,BUCKI_d12f802b677d,8f62892dfb44
England,E12000008,E06000060,Buckinghamshire,BUCKI_16a93cb9db88,5bca885e4419
England,E12000008,E06000060,Buckinghamshire,BUCKI_7c0020bea487,f6b6d5ebb14e
England,E12000008,E06000060,Buckinghamshire,BUCKI_b1a26dfe0e38,77e9d4b61b13
England,E12000008,E06000060,Buckinghamshire,BUCKI_9c080af7c0dc,fe452da60edd
England,E12000008,E06000060,Buckinghamshire,BUCKI_2c3c154a86f7,c0c6d353d93a
England,E12000008,E06000060,Buckinghamshire,BUCKI_99d72f83221f,883927e0c8e4
England,E12000008,E06000060,Buckinghamshire,BUCKI_cc8cda16c8c6,98c17745eef6
England,E12000008,E06000060,Buckinghamshire,BUCKI_0ec31ddd2bf9,95a2ad5f98be
England,E12000008,E06000060,Buckinghamshire,BUCKI_5c8394fcda51,b56820975e27
England,E12000008,E06000060,Buckinghamshire,BUCKI_796bbec5463e,0bf1d2368ac0
England,E12000008,E06000060,Buckinghamshire,BUCKI_3393e0f03aeb,5b47e3d35f89
England,E12000008,E06000060,Buckinghamshire,BUCKI_90f7ff4fce38,b6b5cd1f84d1
England,E12000008,E06000060,Buckinghamshire,BUCKI_33d97aadc8ef,993f7529ec07
England,E12000008,E06000060,Buckinghamshire,BUCKI_b507006245d6,a716077704f7
England,E12000008,E06000060,Buckinghamshire,BUCKI_ac53947bcfb9,740069dcb07e
England,E12000008,E06000060,Buckinghamshire,BUCKI_b3fedb4ab237,dbfc3ff199f5
England,E12000008,E06000060,Buckinghamshire,BUCKI_3b56a37463ee,9c325ca845db
England,E12000008,E06000060,Buckinghamshire,BUCKI_40e35f2643e6,f88a8c88b894
England,E12000008,E06000060,Buckinghamshire,BUCKI_9d3b97818ec8,0e8df8222aab
England,E12000008,E06000060,Buckinghamshire,BUCKI_5380614ec1f3,3ad95295c6b7
England,E12000008,E06000060,Buckinghamshire,BUCKI_e96a5551a05b,37b595a83020
England,E12000008,E06000060,Buckinghamshire,BUCKI_67814eac581b,6632f5258467
England,E12000008,E06000060,Buckinghamshire,BUCKI_f8c896945ef0,7b8504e1a310
England,E12000008,E06000060,Buckinghamshire,BUCKI_e088cdfe46ce,ebf36709ec47
England,E12000008,E06000060,Buckinghamshire,BUCKI_56a1718f10c1,bda3ed57cb1c
England,E12000008,E06000060,Buckinghamshire,BUCKI_11cb4e1c34ed,c4d43d88b30e
England,E12000008,E06000060,Buckinghamshire,BUCKI_6ee35c4a55de,101cdccade0a
England,E12000008,E06000060,Buckinghamshire,BUCKI_f192387921b6,b4878c0d7c2e
England,E12000008,E06000060,Buckinghamshire,BUCKI_f1999f925871,c1bdf43c3a08
England,E12000008,E06000060,Buckinghamshire,BUCKI_81c6121ca919,b5c24afd3002
England,E12000008,E06000060,Buckinghamshire,BUCKI_5ab88ca7b639,8276101ccfc8
England,E12000008,E06000060,Buckinghamshire,BUCKI_b46ae64d2240,7c8f90bfc8bc
England,E12000008,E06000060,Buckinghamshire,BUCKI_4fd046ce374e,b028cb6a131d
England,E12000008,E06000060,Buckinghamshire,BUCKI_21417ae03175,358ca03295d9
England,E12000008,E06000060,Buckinghamshire,BUCKI_31eb1ef02614,f8068618bd08
England,E12000008,E06000060,Buckinghamshire,BUCKI_5c8c265e77c4,fa3a41ddd879
England,E12000008,E06000060,Buckinghamshire,BUCKI_4a503326c1db,04ea1ce05c52
England,E12000008,E06000060,Buckinghamshire,BUCKI_89cefd32cf80,4b0f4fa7137d
England,E12000008,E06000060,Buckinghamshire,BUCKI_6ebceb9a938f,5a0fedb570ec
England,E12000008,E06000060,Buckinghamshire,BUCKI_bc999054336d;BUCKI_3d957824717f,66a5348ef740
England,E12000008,E06000060,Buckinghamshire,BUCKI_f7f7f831f3c5,161d8fb577cd
England,E12000008,E06000060,Buckinghamshire,BUCKI_b20ae0d67360,4bd438053807
England,E12000008,E06000060,Buckinghamshire,BUCKI_bd9d5eedd933,dd2cf5fb64b1
England,E12000008,E06000060,Buckinghamshire,BUCKI_a93f4151498f,864b522f7e63
England,E12000008,E06000060,Buckinghamshire,BUCKI_07e87727ef64,b7df11d0cf72
England,E12000008,E06000060,Buckinghamshire,BUCKI_ba9dd3f62950,436e65b1d66b
England,E12000008,E06000060,Buckinghamshire,BUCKI_e9f1001f2e49,bd22802086fd
England,E12000008,E06000060,Buckinghamshire,BUCKI_c46dfdedc16a,82d213ccd564
England,E12000008,E06000060,Buckinghamshire,BUCKI_4fd0082d66e1,7ab1f9a8b531
England,E12000008,E06000060,Buckinghamshire,BUCKI_d53527bb626b,9c6a2766dc6a
England,E12000008,E06000060,Buckinghamshire,BUCKI_c393ad346e90,f3b88dd5591c
England,E12000008,E06000060,Buckinghamshire,BUCKI_9ffa99c23bb6,f413d12e8360
England,E12000008,E06000060,Buckinghamshire,BUCKI_e35170a835dd,a3d9e40c8af2
England,E12000008,E06000060,Buckinghamshire,BUCKI_c6dc7530d750,b501dafd7796
England,E12000008,E06000060,Buckinghamshire,BUCKI_784baf7eef25,a698f7377778
England,E12000008,E06000060,Buckinghamshire,BUCKI_0c73d71d9969,616ba7afc6be
England,E12000008,E06000060,Buckinghamshire,BUCKI_14c8af7b7df0,eb5f3695e228
England,E12000008,E06000060,Buckinghamshire,BUCKI_8144a44b624c,01f75af86534
England,E12000008,E06000060,Buckinghamshire,BUCKI_d85eabf3465e,44508da2c698
England,E12000008,E06000060,Buckinghamshire,BUCKI_80e0f3110a50,5ef756708ee6
England,E12000008,E06000060,Buckinghamshire,BUCKI_d336d7f20837,9a3ddd00f765
England,E12000008,E06000060,Buckinghamshire,BUCKI_ff6cf652fd14,9c9e0e23d224
England,E12000008,E06000060,Buckinghamshire,BUCKI_5ce6842248ab,cf53273aa9c9
England,E12000008,E06000060,Buckinghamshire,BUCKI_97cde5da3412,002992c0e1fb
England,E12000008,E06000060,Buckinghamshire,BUCKI_5ba98ede8ebb,b5f5a220b48b
England,E12000008,E06000060,Buckinghamshire,BUCKI_43a3876d5e8c,c949c3e95717
England,E12000008,E06000060,Buckinghamshire,BUCKI_70f1990d590b,c118234b07fe
England,E12000008,E06000060,Buckinghamshire,BUCKI_2f7d70d497e2,da0e8a3b933e
England,E12000008,E06000060,Buckinghamshire,BUCKI_f84a32e7c8f6,28360c20b2e1
England,E12000008,E06000060,Buckinghamshire,BUCKI_b634dff3917f,a353d973e7fc
England,E12000008,E06000060,Buckinghamshire,BUCKI_9b2836306d0e,ae623d15621d
England,E12000008,E06000060,Buckinghamshire,BUCKI_746d2dce6614,14b551eae615
England,E12000008,E06000060,Buckinghamshire,BUCKI_8f5e3c90e771,ae1bd718f234
England,E12000008,E06000060,Buckinghamshire,BUCKI_88c876eae2de,3e698b734f35
England,E12000008,E06000060,Buckinghamshire,BUCKI_9f824a780ce3,517f3f51448c
England,E12000008,E06000060,Buckinghamshire,BUCKI_14236719414b,470675f28200
England,E12000008,E06000060,Buckinghamshire,BUCKI_52b84b531d2a,8b57ecfa1e76
England,E12000008,E06000060,Buckinghamshire,BUCKI_5971d1ac9e78,d92e818cd9bb
England,E12000008,E06000060,Buckinghamshire,BUCKI_8c6ce5fb93fa,20e24b36fe9d
England,E12000008,E06000060,Buckinghamshire,BUCKI_aa3b863c905f,9e8bd72c39ca
England,E12000008,E06000060,Buckinghamshire,BUCKI_eef9a6cfd0c7,96f6bab4a80d
England,E12000008,E06000060,Buckinghamshire,BUCKI_7c9430a8dbf7,bc9b80d943f5
England,E12000008,E06000060,Buckinghamshire,BUCKI_9672f62261d5,81d2fd572a92
England,E12000008,E06000060,Buckinghamshire,BUCKI_29f57a45c604,3272b8adb624
England,E12000008,E06000060,Buckinghamshire,BUCKI_325389b27da4,3ae1a13e9f4b
England,E12000008,E06000060,Buckinghamshire,BUCKI_93f64e299c7a,ac1dff3ba1af
England,E12000008,E06000060,Buckinghamshire,BUCKI_77cef76a7764,aafc34e77b6c
England,E12000008,E06000060,Buckinghamshire,BUCKI_5c5e15268656,f8f169969074
England,E12000008,E06000060,Buckinghamshire,BUCKI_6baf86b6a962,c01e1ee8b383
England,E12000008,E06000060,Buckinghamshire,BUCKI_72dcc36fd6c5,ae8189ccbfe4
England,E12000008,E06000060,Buckinghamshire,BUCKI_a6056f487a3f,eb0cc40e9131
England,E12000008,E06000060,Buckinghamshire,BUCKI_4a1351062e73,1f4291750150
England,E12000008,E06000060,Buckinghamshire,BUCKI_aa4ddc02d427,6e1d2da680d5
England,E12000008,E06000060,Buckinghamshire,BUCKI_2a462cc1af28,b590dcb581f1
England,E12000008,E06000060,Buckinghamshire,BUCKI_85d979e8e97d,3d3ed71a706d
England,E12000008,E06000060,Buckinghamshire,BUCKI_6615e164b811,93221649ea68
England,E12000008,E06000060,Buckinghamshire,BUCKI_3cc1774b1458,9132552c7cbe
England,E12000008,E06000060,Buckinghamshire,BUCKI_5982ea01c67f,9510cd72975c
England,E12000008,E06000060,Buckinghamshire,BUCKI_04d848b5cbff,fd4fbcedfc8c
England,E12000008,E06000060,Buckinghamshire,BUCKI_db8434a81f85,be2414e0c1c0
England,E12000008,E06000060,Buckinghamshire,BUCKI_c8c74ef2d513,077d63707165
England,E12000008,E06000060,Buckinghamshire,BUCKI_8d4a50223ae8,696a6476d062
England,E12000008,E06000060,Buckinghamshire,BUCKI_e7dfc5ab5830,706064d6767e
England,E12000008,E06000060,Buckinghamshire,BUCKI_5b50f1db3952,c47f6b185b6d
England,E12000008,E06000060,Buckinghamshire,BUCKI_c9deda2d4b9c,ade16970318a
England,E12000008,E06000060,Buckinghamshire,BUCKI_d2e4c1883bab,467b0d1a2e24
England,E12000008,E06000060,Buckinghamshire,BUCKI_66d8fdde8658,74368caa580c
England,E12000008,E06000060,Buckinghamshire,BUCKI_80334d9aeeb7,1739f1295736
England,E12000008,E06000060,Buckinghamshire,BUCKI_aadd0babe26a,ede471e35c72
England,E12000008,E06000060,Buckinghamshire,BUCKI_5736ac7c3788,423f204d5edf
England,E12000008,E06000060,Buckinghamshire,BUCKI_b2ea59943480,d624ef8979f9
England,E12000008,E06000060,Buckinghamshire,BUCKI_3f8484145fc7,6e271626a3c5
England,E12000008,E06000060,Buckinghamshire,BUCKI_2bc4fbd5b96c,7df78ffb673a
England,E12000008,E06000060,Buckinghamshire,BUCKI_a331097f022c,9918fef833f4
England,E12000008,E06000060,Buckinghamshire,BUCKI_20b61a5ae29b,33c428e8d25c
England,E12000008,E06000060,Buckinghamshire,BUCKI_7c7ae0a642ea,b61d091eda72
England,E12000008,E06000060,Buckinghamshire,BUCKI_baf5c0f8a449,b4e0789de77f
England,E12000008,E06000060,Buckinghamshire,BUCKI_106a1e8606fe,97f2e85137e3
England,E12000008,E06000060,Buckinghamshire,BUCKI_7813ac4e58c4,67618bebb9e5
England,E12000008,E06000060,Buckinghamshire,BUCKI_07e37ceb19ee,df0bcdb152df
England,E12000008,E06000060,Buckinghamshire,BUCKI_ba797335e30a,973552f39ff2
England,E12000008,E06000060,Buckinghamshire,BUCKI_2cca6b8bd9cf,56b6520d2c01
England,E12000008,E06000060,Buckinghamshire,BUCKI_464aed07a323,ee6e80fa4d0c
England,E12000008,E06000060,Buckinghamshire,BUCKI_d061811c6bc7,b5a159aeb725
England,E12000008,E06000060,Buckinghamshire,BUCKI_a822a812cbf9,879cd57cfbc6
England,E12000008,E06000060,Buckinghamshire,BUCKI_d93561373d2b,67607b56b569
England,E12000008,E06000060,Buckinghamshire,BUCKI_a548485de1c7,221d6e85e713
England,E12000008,E06000060,Buckinghamshire,BUCKI_3f3e78cc38a6,654bae0c8bd7
England,E12000008,E06000060,Buckinghamshire,BUCKI_a9ea2c234e9d,bb6eed1fb1d8
England,E12000008,E06000060,Buckinghamshire,BUCKI_a7b8631c5467,fe6a6d278ed6
England,E12000008,E06000060,Buckinghamshire,BUCKI_346fa7d9d35f,f4b041fbd2ab
England,E12000008,E06000060,Buckinghamshire,BUCKI_425d6bb26c22,ab2e149d6141
England,E12000008,E06000060,Buckinghamshire,BUCKI_deba1b2829e1,4da2711c2c6b
England,E12000008,E06000060,Buckinghamshire,BUCKI_a8dd71adfbfd,76d9f8f5ff2f
England,E12000008,E06000060,Buckinghamshire,BUCKI_f09f30cc6db1,4fba4e2147f6
England,E12000008,E06000060,Buckinghamshire,BUCKI_3c82f21cc7d0,3548daa23eee
England,E12000008,E06000060,Buckinghamshire,BUCKI_1e186c9096db,b619a4536396
England,E12000008,E06000060,Buckinghamshire,BUCKI_9346f1544fca,8e6466630e9f
England,E12000008,E06000060,Buckinghamshire,BUCKI_3eab1894b7ef,25442ec0a35f
England,E12000008,E06000060,Buckinghamshire,BUCKI_16e1e4067b73,478646e34c36
England,E12000008,E06000060,Buckinghamshire,BUCKI_1af7ff891e9b,0d26c1a6504e
England,E12000008,E06000060,Buckinghamshire,BUCKI_7bead2669368,2dabd3d5f1e8
England,E12000008,E06000060,Buckinghamshire,BUCKI_43177833a014,323da8fbcc6d
England,E12000008,E06000060,Buckinghamshire,BUCKI_16e62fb090bb,64355c27c13a
England,E12000008,E06000060,Buckinghamshire,BUCKI_d8fb67817172,bd7c052b3d01
England,E12000008,E06000060,Buckinghamshire,BUCKI_1f361bf1f7a3,feae55681377
England,E12000008,E06000060,Buckinghamshire,BUCKI_c8436b369111,31070fd4ca4c
England,E12000008,E06000060,Buckinghamshire,BUCKI_7e7d458d16cc,9b2f3d8d3fb1
England,E12000008,E06000060,Buckinghamshire,BUCKI_d9fea34080a1,f70d5c16d901
England,E12000008,E06000060,Buckinghamshire,BUCKI_8ab1493c8f1a,7f0623520147
England,E12000008,E06000060,Buckinghamshire,BUCKI_0aac74817961,66d3f2371aa5
England,E12000008,E06000060,Buckinghamshire,BUCKI_fa3e789a3667,b5e9dba0c23d
England,E12000008,E06000060,Buckinghamshire,BUCKI_d8fc7e6390e8,532656490fba
England,E12000008,E06000060,Buckinghamshire,BUCKI_2d81514236e8,6c385023e736
England,E12000008,E06000060,Buckinghamshire,BUCKI_36034bfe13d8,2d31c5464987
England,E12000008,E06000060,Buckinghamshire,BUCKI_8c3c2427ace7,c5bf365ab5b9
England,E12000008,E06000060,Buckinghamshire,BUCKI_e921845dc441,6980b2087f5f
England,E12000008,E06000060,Buckinghamshire,BUCKI_c5e663affbed,489941d9f83f
England,E12000008,E06000060,Buckinghamshire,BUCKI_6880f0471c0f,d6b48e8c2910
England,E12000008,E06000060,Buckinghamshire,BUCKI_da4fc2ebfa9b,bacb6f95ef3f
England,E12000008,E06000060,Buckinghamshire,BUCKI_ad71e585e656,862abfa53f76
England,E12000008,E06000060,Buckinghamshire,BUCKI_cbcd4038960a,9437d36d0bbe
England,E12000008,E06000060,Buckinghamshire,BUCKI_5c87f1613597,0884bc2ebb08
England,E12000008,E06000060,Buckinghamshire,BUCKI_ed49da97d1d1,dfbbf75f248d
England,E12000008,E06000060,Buckinghamshire,BUCKI_eeb4487a77a7,9d498dfd0d73
England,E12000008,E06000060,Buckinghamshire,BUCKI_291e454c4f74,ba51d28351a5
England,E12000008,E06000060,Buckinghamshire,BUCKI_a2c806ad0644,cf1c1385c229
England,E12000008,E06000060,Buckinghamshire,BUCKI_7c5659e0bd77,136d283eefdd
England,E12000008,E06000060,Buckinghamshire,BUCKI_82fba4cd0fa4,67b85a052f5b
England,E12000008,E06000060,Buckinghamshire,BUCKI_6b6ac74d4b4b,e6b74c79ca2c
England,E12000008,E06000060,Buckinghamshire,BUCKI_729c9b8c623a,cf154573e37d
England,E12000008,E06000060,Buckinghamshire,BUCKI_487f6636f627,4b2d0e45ed86
England,E12000008,E06000060,Buckinghamshire,BUCKI_12f5e197b39a,acf253987c31
England,E12000008,E06000060,Buckinghamshire,BUCKI_b533c5114995,5febad249217
England,E12000008,E06000060,Buckinghamshire,BUCKI_0aabeb257872,6c6219f4fd13
England,E12000008,E06000060,Buckinghamshire,BUCKI_69167551d296,5ba8f6df1749
England,E12000008,E06000060,Buckinghamshire,BUCKI_8f0832e644a7,39b6827d43cd
England,E12000008,E06000060,Buckinghamshire,BUCKI_8d2468a8fd2e,2e38f934743a
England,E12000008,E06000060,Buckinghamshire,BUCKI_2e8c97f87666,a8ee977c4868
England,E12000008,E06000060,Buckinghamshire,BUCKI_64251cf1108c,90631c6f756a
England,E12000008,E06000060,Buckinghamshire,BUCKI_a1a35f80e6b1,c063e90cb8a2
England,E12000008,E06000060,Buckinghamshire,BUCKI_ab3be7fe7b35,fd3174d5ffa2
England,E12000008,E06000060,Buckinghamshire,BUCKI_1833af01d156,47fa049dc87c
England,E12000008,E06000060,Buckinghamshire,BUCKI_a67856118acc;BUCKI_551cbb21fe73,d3edd6da40eb
England,E12000008,E06000060,Buckinghamshire,BUCKI_33dd29804b5b,e0a016e48feb
England,E12000008,E06000060,Buckinghamshire,BUCKI_756dbf9a0564,3f893e50abd4
England,E12000008,E06000060,Buckinghamshire,BUCKI_829e6a2cd1bd,414017acf89e
England,E12000008,E06000060,Buckinghamshire,BUCKI_138fb704a281;BUCKI_ea27e5320fa4,b0085e526073
England,E12000008,E06000060,Buckinghamshire,BUCKI_08a1d874572b,fc62c94f66c8
England,E12000008,E06000060,Buckinghamshire,BUCKI_294c67712706,147cbbc0a216
England,E12000008,E06000060,Buckinghamshire,BUCKI_9781c93ffbbb,ffc9924eb1a9
England,E12000008,E06000060,Buckinghamshire,BUCKI_24817809d167,ca8abc8f2fe2
England,E12000008,E06000060,Buckinghamshire,BUCKI_b0a8c84b6bfd,720c23a5d659
England,E12000008,E06000060,Buckinghamshire,BUCKI_834b9f15cc74,258666e67b70
England,E12000008,E06000060,Buckinghamshire,BUCKI_5a7ed465406b,970687a97220
England,E12000008,E06000060,Buckinghamshire,BUCKI_e0a94164b9f9,8f6d9499eb9f
England,E12000008,E06000060,Buckinghamshire,BUCKI_cb95831b6311,889bad222abb
England,E12000008,E06000060,Buckinghamshire,BUCKI_4bdf00cbbec1,2a7a5eb44816
England,E12000008,E06000060,Buckinghamshire,BUCKI_68fc0e7e9abf,01b48c162dcf
England,E12000008,E06000060,Buckinghamshire,BUCKI_e441a45a6939,5e421c18aa80
England,E12000008,E06000060,Buckinghamshire,BUCKI_73d76a169615,47bece0614c0
England,E12000008,E06000060,Buckinghamshire,BUCKI_af2f74ac56c0,bcb809103a6b
England,E12000008,E06000060,Buckinghamshire,BUCKI_0f1d65df35cc,78afdf549545
England,E12000008,E06000060,Buckinghamshire,BUCKI_d6330b486cfb,f628d5a842db
England,E12000008,E06000060,Buckinghamshire,BUCKI_639a4f8e2cdb,d8a2e795c5fc
England,E12000008,E06000060,Buckinghamshire,BUCKI_d7186f132d03,542da4c1242f
England,E12000008,E06000060,Buckinghamshire,BUCKI_f5244c0f3262,011275aee569
England,E12000008,E06000060,Buckinghamshire,BUCKI_30dddfc1653f,b1f8c80ebe20
England,E12000008,E06000060,Buckinghamshire,BUCKI_db045cd60ab6,0a94c03e0eec
England,E12000008,E06000060,Buckinghamshire,BUCKI_189aa5ebd6a8,70f494f15563
England,E12000008,E06000060,Buckinghamshire,BUCKI_3f715fb87d2c,aee63a09de4e
England,E12000008,E06000060,Buckinghamshire,BUCKI_d7f6462b9143,241b2036aa18
England,E12000008,E06000060,Buckinghamshire,BUCKI_26022ae09b6d,5812c1be5a01
England,E12000008,E06000060,Buckinghamshire,BUCKI_ac821543472e,709cc2082e17
England,E12000008,E06000060,Buckinghamshire,BUCKI_64511e0c8b97,46715a5fec6d
England,E12000008,E06000060,Buckinghamshire,BUCKI_d9c649223c58,188423a80005
England,E12000008,E06000060,Buckinghamshire,BUCKI_ad0cc0a9f052,a6b109826383
England,E12000008,E06000060,Buckinghamshire,BUCKI_d28843c7581d,9e13f8271666
England,E12000008,E06000060,Buckinghamshire,BUCKI_34f381352091,02746d36b3c7
England,E12000008,E06000060,Buckinghamshire,BUCKI_6e66023a0ab9,6e065faf57b2
England,E12000008,E06000060,Buckinghamshire,BUCKI_84991f342c0f,4743e38d476a
England,E12000008,E06000060,Buckinghamshire,BUCKI_59b08f364f9e,60e9ff85385d
England,E12000008,E06000060,Buckinghamshire,BUCKI_787226b28244,3284d2d76e32
England,E12000008,E06000060,Buckinghamshire,BUCKI_dc947e8c98c1;BUCKI_2db3817a43e7,0d360f386d6d
England,E12000008,E06000060,Buckinghamshire,BUCKI_7bcf8f6d805a,4f69f6d66935
England,E12000008,E06000060,Buckinghamshire,BUCKI_2ad382628441,0e39ad99170e
England,E12000008,E06000060,Buckinghamshire,BUCKI_b2089cba9946,2c6168ed5a4b
England,E12000008,E06000060,Buckinghamshire,BUCKI_0cced3a68280,4e5bf3db42fb
England,E12000008,E06000060,Buckinghamshire,BUCKI_8afe5719ccdb,04a4841dfcc4
England,E12000008,E06000060,Buckinghamshire,BUCKI_02f039be8180,3e39840fcecd
England,E12000008,E06000060,Buckinghamshire,BUCKI_b1c29f00f173,07aa8c2e5f0a
England,E12000008,E06000060,Buckinghamshire,BUCKI_e859697aeafb,7bfb51a0ef2e
England,E12000008,E06000060,Buckinghamshire,BUCKI_daf515e15a14,a9a46c013493
England,E12000008,E06000060,Buckinghamshire,BUCKI_02e0e63d3979,7ec13d45c52d
England,E12000008,E06000060,Buckinghamshire,BUCKI_9e7d4845482a,a37ea3e071f1
England,E12000008,E06000060,Buckinghamshire,BUCKI_574fc7416e6f,32454ed86dcf
England,E12000008,E06000060,Buckinghamshire,BUCKI_6a34c58f8c4c,647d7af2fb3d
England,E12000008,E06000060,Buckinghamshire,BUCKI_ce1a47007710,df506c0adc9f
England,E12000008,E06000060,Buckinghamshire,BUCKI_df50443f01b7,15e85f8cd776
England,E12000008,E06000060,Buckinghamshire,BUCKI_118b6aa610b4,538b1e911e16
England,E12000008,E06000060,Buckinghamshire,BUCKI_33824e2da784,5c13541bd01f
England,E12000008,E06000060,Buckinghamshire,BUCKI_3806f2b88a74,4352986b9500
England,E12000008,E06000060,Buckinghamshire,BUCKI_620ca7c94921,5240bc9ec50b
England,E12000008,E06000060,Buckinghamshire,BUCKI_7993ea78ba9f,22b82f3b56ed
England,E12000008,E06000060,Buckinghamshire,BUCKI_a34b458a4c2b,e27c6bbf20cc
England,E12000008,E06000060,Buckinghamshire,BUCKI_8da4d3f1e6d1;BUCKI_6c8a096c1d21,9743eea1c834
England,E12000008,E06000060,Buckinghamshire,BUCKI_fe6c5106fc38,a2753549401f
England,E12000008,E06000060,Buckinghamshire,BUCKI_d44799bb9dd3,81615a0c136c
England,E12000008,E06000060,Buckinghamshire,BUCKI_6a1c2f1d8411,ce28ddfe2bef
England,E12000008,E06000060,Buckinghamshire,BUCKI_05a3531907cd,323078fe1c45
England,E12000008,E06000060,Buckinghamshire,BUCKI_655203860260,8d6dc13bd193
England,E12000008,E06000060,Buckinghamshire,BUCKI_924556eed97c,d1a6ab306e65
England,E12000008,E06000060,Buckinghamshire,BUCKI_93776492d402,35902dc7369a
England,E12000008,E06000060,Buckinghamshire,BUCKI_af50f7f3a944,b70839816443
England,E12000008,E06000060,Buckinghamshire,BUCKI_661190bb9436,49a954d0a847
England,E12000008,E06000060,Buckinghamshire,BUCKI_202dd4b22758,e352c4a2e1dd
England,E12000008,E06000060,Buckinghamshire,BUCKI_906e66209bf1,5f48939573b2
England,E12000008,E06000060,Buckinghamshire,BUCKI_6c4f7e5624bd,55fd5afb649a
England,E12000008,E06000060,Buckinghamshire,BUCKI_45ee6a77e8db,8459c46cd06d
England,E12000008,E06000060,Buckinghamshire,BUCKI_5389cea6d3df,e9c9772a7792
England,E12000008,E06000060,Buckinghamshire,BUCKI_2cb60a03bd0f,84d2336ea4b9
England,E12000008,E06000060,Buckinghamshire,BUCKI_cb969fdc1f4f,c5cee91e419b
England,E12000008,E06000060,Buckinghamshire,BUCKI_558d5c7a691b,fc0da7c0115d
England,E12000008,E06000060,Buckinghamshire,BUCKI_b6e9c8566ae0,fa782cc66446
England,E12000008,E06000060,Buckinghamshire,BUCKI_60831f1629ac,b528195ab875
England,E12000008,E06000060,Buckinghamshire,BUCKI_a8e2cc888d29,f3488d15d0ea
England,E12000008,E06000060,Buckinghamshire,BUCKI_92b2a0c757eb,0c6437e1697f
England,E12000008,E06000060,Buckinghamshire,BUCKI_b3c5137ceea1,f87e111a0c4d
England,E12000008,E06000060,Buckinghamshire,BUCKI_66dc639b12c3,b8d7a17f6564
England,E12000008,E06000060,Buckinghamshire,BUCKI_dec0c9c38eee,873c004519b0
England,E12000008,E06000060,Buckinghamshire,BUCKI_050eddd4ac96,edcfee4649f2
England,E12000008,E06000060,Buckinghamshire,BUCKI_304be9f74351,908524f7a6ef
England,E12000008,E06000060,Buckinghamshire,BUCKI_6a5eb6934568,7082a96bfbae
England,E12000008,E06000060,Buckinghamshire,BUCKI_4281c6d72456,d59fc636f7fd
England,E12000008,E06000060,Buckinghamshire,BUCKI_6771335cfff3,948688a9ce82
England,E12000008,E06000060,Buckinghamshire,BUCKI_afae6a514bde,db3be8114c11
England,E12000008,E06000060,Buckinghamshire,BUCKI_1edfc3548a42,8e59178cc5ed
England,E12000008,E06000060,Buckinghamshire,BUCKI_9682982c1a14,33c8ed49c220
England,E12000008,E06000060,Buckinghamshire,BUCKI_0b3b23ec3c0d,28aa0a28ec75
England,E12000008,E06000060,Buckinghamshire,BUCKI_33fcded5290b,a66b0f2e4ba2
England,E12000008,E06000060,Buckinghamshire,BUCKI_777ce495dbc8,333c12796b67
England,E12000008,E06000060,Buckinghamshire,BUCKI_0468e6ec4e98,09eb9c4022b7
England,E12000008,E06000060,Buckinghamshire,BUCKI_10639f3bcc2e,e8162a26e791
England,E12000008,E06000060,Buckinghamshire,BUCKI_d610700d3ed5,5f6cafcbd692
England,E12000008,E06000060,Buckinghamshire,BUCKI_06d00c49cea8,ed0932030fa5
England,E12000008,E06000060,Buckinghamshire,BUCKI_2328a24a6070,ce2de54a5dc3
England,E12000008,E06000060,Buckinghamshire,BUCKI_7797896d987a,7003c60d930d
England,E12000008,E06000060,Buckinghamshire,BUCKI_6ccca3528316,8be0b63adf0e
England,E12000008,E06000060,Buckinghamshire,BUCKI_11ef91b945e4,0cf3cf694431
England,E12000008,E06000060,Buckinghamshire,BUCKI_4bda3d889a72,a9def8d59889
England,E12000008,E06000060,Buckinghamshire,BUCKI_8615f8bbd02f,765d6e8c983a
England,E12000008,E06000060,Buckinghamshire,BUCKI_c6707ebf60a2,0c563818adef
England,E12000008,E06000060,Buckinghamshire,BUCKI_d083ae9e3405,408279e23c9a
England,E12000008,E06000060,Buckinghamshire,BUCKI_3a73b2d41b03,48f1e6c421c8
England,E12000008,E06000060,Buckinghamshire,BUCKI_385e4a32cd4b,3ed31d6ad86f
England,E12000008,E06000060,Buckinghamshire,BUCKI_33524a38a452,ae444a262a96
England,E12000008,E06000060,Buckinghamshire,BUCKI_be325157fc06,d6eca0192260
England,E12000008,E06000060,Buckinghamshire,BUCKI_12341a6d9130,031c6d3f8a18
England,E12000008,E06000060,Buckinghamshire,BUCKI_cf5b41e55c0c,02d4378b5118
England,E12000008,E06000060,Buckinghamshire,BUCKI_c77c792ab565,9d7309c4458d
England,E12000008,E06000060,Buckinghamshire,BUCKI_6c42f190914a,1ecd49ecae99
England,E12000008,E06000060,Buckinghamshire,BUCKI_09d0fed7f78a,26d237fc271e
England,E12000008,E06000060,Buckinghamshire,BUCKI_cd992a5405ab,5b254e1a4974
England,E12000008,E06000060,Buckinghamshire,BUCKI_658492806130,c88a7556c8ae
England,E12000008,E06000060,Buckinghamshire,BUCKI_88acf9ef3007,f0f3cf10baf4
England,E12000008,E06000060,Buckinghamshire,BUCKI_c5081a3bb00e,2acc6c28fbfe
England,E12000008,E06000060,Buckinghamshire,BUCKI_618a5a387b83,cdded5bad15d
England,E12000008,E06000060,Buckinghamshire,BUCKI_601f35e67b04,f3b6eb74f1c7
England,E12000008,E06000060,Buckinghamshire,BUCKI_b49c2f614da1,00ae80b37a4b
England,E12000008,E06000060,Buckinghamshire,BUCKI_38f3a23808d8,a09cf29eec53
England,E12000008,E06000060,Buckinghamshire,BUCKI_92c0b3f61670,a7f959262e02
England,E12000008,E06000060,Buckinghamshire,BUCKI_bf035850782c,188084dc20d7
England,E12000008,E06000060,Buckinghamshire,BUCKI_4d4670013105,b2028e669aef
England,E12000008,E06000060,Buckinghamshire,BUCKI_4654e586f9e4,cc768aaa1020
England,E12000008,E06000060,Buckinghamshire,BUCKI_6067082c04d7,cb10c9061688
England,E12000008,E06000060,Buckinghamshire,BUCKI_30a665ab491e,a46642e0092a
England,E12000008,E06000060,Buckinghamshire,BUCKI_dcf2020aa592,5c3f48dc036c
England,E12000008,E06000060,Buckinghamshire,BUCKI_9c47e852efb6,f3d7012910df
England,E12000008,E06000060,Buckinghamshire,BUCKI_db897b528bb0,836cf61bfe61
England,E12000008,E06000060,Buckinghamshire,BUCKI_ea8a5cc86f16,0af2a9130e66
England,E12000008,E06000060,Buckinghamshire,BUCKI_ffbe95232fc3,36b289bf89c4
England,E12000008,E06000060,Buckinghamshire,BUCKI_fdc14a814c0d,5690cd42f7bc
England,E12000008,E06000060,Buckinghamshire,BUCKI_744bd3e3d579,a851cd12633d
England,E12000008,E06000060,Buckinghamshire,BUCKI_f075bbc85b23,0247d5447fab
England,E12000008,E06000060,Buckinghamshire,BUCKI_1b5f1667b3e2,595916f8cd15
England,E12000008,E06000060,Buckinghamshire,BUCKI_e1e2bffdc8ee,b4ac36d3dac2
England,E12000008,E06000060,Buckinghamshire,BUCKI_0e424fde35ee,4f5d039de434
England,E12000008,E06000060,Buckinghamshire,BUCKI_77fcee7a70fc,caffe3c5e42a
England,E12000008,E06000060,Buckinghamshire,BUCKI_09ef2d72af23,6d3af9b3f840
England,E12000008,E06000060,Buckinghamshire,BUCKI_f79061a127cd,9b1974251d38
England,E12000008,E06000060,Buckinghamshire,BUCKI_81f4892b7021,d1e44d44bd1e
England,E12000008,E06000060,Buckinghamshire,BUCKI_0aa4946f7358,f1e37fbe10d0
England,E12000008,E06000060,Buckinghamshire,BUCKI_2e3af46a0809,eca67e8f83f3
England,E12000008,E06000060,Buckinghamshire,BUCKI_10ff427d706e,a399b7bdbf57
England,E12000008,E06000060,Buckinghamshire,BUCKI_bb4076143ace,7e564fb6a2b5
England,E12000008,E06000060,Buckinghamshire,BUCKI_607722614c25,19a25fe5a117
England,E12000008,E06000060,Buckinghamshire,BUCKI_5118c2b37067,04466e2dd58a
England,E12000008,E06000060,Buckinghamshire,BUCKI_376a9250caff,6179d4405c8c
England,E12000008,E06000060,Buckinghamshire,BUCKI_56420647ed12,95a4ca895401
England,E12000008,E06000060,Buckinghamshire,BUCKI_3f09c855c27a;BUCKI_efc29ae9ddd6,c3fd850ac51c
England,E12000008,E06000060,Buckinghamshire,BUCKI_1f88193b7f86,919e4c4add76
England,E12000008,E06000060,Buckinghamshire,BUCKI_dc3d1a1ad1a8,27624a5823b1
England,E12000008,E06000060,Buckinghamshire,BUCKI_2c33282fbc13,341141b143d4
England,E12000008,E06000060,Buckinghamshire,BUCKI_f36c305c31ae,cf8d8298d1cd
England,E12000008,E06000060,Buckinghamshire,BUCKI_f04190710191,676598dd99ed
England,E12000008,E06000060,Buckinghamshire,BUCKI_f66a4a8db206,c8409d407748
England,E12000008,E06000060,Buckinghamshire,BUCKI_b5dee8e7540e,5755e27ece5f
England,E12000008,E06000060,Buckinghamshire,BUCKI_327a5974b1b7,47c0aa322b73
England,E12000008,E06000060,Buckinghamshire,BUCKI_1c48496fa05c,f6a77c9f4198
England,E12000008,E06000060,Buckinghamshire,BUCKI_f6230c57cef1,8db5926ffff0
England,E12000008,E06000060,Buckinghamshire,BUCKI_fb0bb826b5a5,256f02fa46ed
England,E12000008,E06000060,Buckinghamshire,BUCKI_2631689e496b,cd6a25b2a294
England,E12000008,E06000060,Buckinghamshire,BUCKI_b681f8ae33fb,8a2e9489a0a5
England,E12000008,E06000060,Buckinghamshire,BUCKI_daeee29d0762,3d8a2229f9f5
England,E12000008,E06000060,Buckinghamshire,BUCKI_5151988a1e0b,33087f259061
England,E12000008,E06000060,Buckinghamshire,BUCKI_b019ed669145,f135b34de89b
England,E12000008,E06000060,Buckinghamshire,BUCKI_905ceab32c27,5eb510649904
England,E12000008,E06000060,Buckinghamshire,BUCKI_e462f26bd18c,b5a2f9c468f6
England,E12000008,E06000060,Buckinghamshire,BUCKI_5ba214146c85,1e24b3ec1d31
England,E12000008,E06000060,Buckinghamshire,BUCKI_25b35e0363e6,11a838dd393e
England,E12000008,E06000060,Buckinghamshire,BUCKI_6f1f22ee2832,bd806a04558c
England,E12000008,E06000060,Buckinghamshire,BUCKI_a1d8d3a2e56f,c2e12547ee9b
England,E12000008,E06000060,Buckinghamshire,BUCKI_5567db1d43ab,99c75d58853b
England,E12000008,E06000060,Buckinghamshire,BUCKI_fe8b42091158,a7975199ebbe
England,E12000008,E06000060,Buckinghamshire,BUCKI_e0f5e4436ced,f1a2f76a9fb8
England,E12000008,E06000060,Buckinghamshire,BUCKI_e710aa0a12e6,6662dda45b68
England,E12000008,E06000060,Buckinghamshire,BUCKI_5c70f3553cca,a18afa50fbe5
England,E12000008,E06000060,Buckinghamshire,BUCKI_f41e56b2cb4d,4f333b7d855f
England,E12000008,E06000060,Buckinghamshire,BUCKI_5bd35d51c96b,49a9c6a796f4
England,E12000008,E06000060,Buckinghamshire,BUCKI_6f7f8e58b377,70d6ae244bb0
England,E12000008,E06000060,Buckinghamshire,BUCKI_5e7b1f9569d3,cb725821e2fe
England,E12000008,E06000060,Buckinghamshire,BUCKI_22596dc815bb,75e162299a1c
England,E12000008,E06000060,Buckinghamshire,BUCKI_5aed971bc145;BUCKI_99174404b037;BUCKI_a6e85cf01b52,870a54bfed00
England,E12000008,E06000060,Buckinghamshire,BUCKI_0f0abedfe64d,43e951f15ea2
England,E12000008,E06000060,Buckinghamshire,BUCKI_6e5560a1b375,fa1b71fa7385
England,E12000008,E06000060,Buckinghamshire,BUCKI_4b541f2504f8,9afdfe504e4a
England,E12000008,E06000060,Buckinghamshire,BUCKI_64dd0701f42f,dc0be536a5eb
England,E12000008,E06000060,Buckinghamshire,BUCKI_72d1100bd043,85dcc1b39184
England,E12000008,E06000060,Buckinghamshire,BUCKI_e4644279c0b9,afba39874dfa
England,E12000008,E06000060,Buckinghamshire,BUCKI_376a5ca814ec,40353fc4f3cb
England,E12000008,E06000060,Buckinghamshire,BUCKI_78f5d1c34d01,14c80a53aae5
England,E12000008,E06000060,Buckinghamshire,BUCKI_fe608512392b,25f47d5123cc
England,E12000008,E06000060,Buckinghamshire,BUCKI_23e9e00d5235,9c35bc42f8ce
England,E12000008,E06000060,Buckinghamshire,BUCKI_e04fd87bcb9b,ef62055c9b46
England,E12000008,E06000060,Buckinghamshire,BUCKI_d057df46e3e1,020a6903cd1c
England,E12000008,E06000060,Buckinghamshire,BUCKI_9cee8afdb08a,196b747568a3
England,E12000008,E06000060,Buckinghamshire,BUCKI_2a45974dde87,c3f8fc3ea175
England,E12000008,E06000060,Buckinghamshire,BUCKI_dd71ae162e36,a083367e19e3
England,E12000008,E06000060,Buckinghamshire,BUCKI_e922782f1141,85872756f9c6
England,E12000008,E06000060,Buckinghamshire,BUCKI_0c95b527924e,1898840dd913
England,E12000008,E06000060,Buckinghamshire,BUCKI_42b41df0b21e,379bb1bea912
England,E12000008,E06000060,Buckinghamshire,BUCKI_80e93611f560,464c2ecaf06a
England,E12000008,E06000060,Buckinghamshire,BUCKI_3376ab9e8d4b,a89c204722d7
England,E12000008,E06000060,Buckinghamshire,BUCKI_6d3568eb99e5,1a19794301bb
England,E12000008,E06000060,Buckinghamshire,BUCKI_aed0f22f7126;BUCKI_25d35fb2c787,e8ca84f7a3b1
England,E12000008,E06000060,Buckinghamshire,BUCKI_941dc1b0c967,e176d7b85cc9
England,E12000008,E06000060,Buckinghamshire,BUCKI_770ee5ed0dbe,139adf419b6c
England,E12000008,E06000060,Buckinghamshire,BUCKI_05a293b7c6a0,b22bb6b01897
England,E12000008,E06000060,Buckinghamshire,BUCKI_b5b81b0ade34,e93656d24b74
England,E12000008,E06000060,Buckinghamshire,BUCKI_cf5951fd29d3,1e7e30a80556
England,E12000008,E06000060,Buckinghamshire,BUCKI_a10ad2af7da8,d2c3bbbc0fbe
England,E12000008,E06000060,Buckinghamshire,BUCKI_53e84bffb1d6,fd7e83806d09
England,E12000008,E06000060,Buckinghamshire,BUCKI_3a1ef0601ced,b2e6965d5f00
England,E12000008,E06000060,Buckinghamshire,BUCKI_b44f40dbc299,23553121d2fe
England,E12000008,E06000060,Buckinghamshire,BUCKI_c2ec84457b15,55af0074b66c
England,E12000008,E06000060,Buckinghamshire,BUCKI_beccaf6e37ac,43180bc433b2
England,E12000008,E06000060,Buckinghamshire,BUCKI_b768f3dbc692,ecca89b24d32
England,E12000008,E06000060,Buckinghamshire,BUCKI_ed3bc07303a8,12f696ca76bc
England,E12000008,E06000060,Buckinghamshire,BUCKI_fc6c5d3860a6,3b7232da18ae
England,E12000008,E06000060,Buckinghamshire,BUCKI_914585e51c5e,a17171e84987
England,E12000008,E06000060,Buckinghamshire,BUCKI_9d846973fc75,cc22b8e310f4
England,E12000008,E06000060,Buckinghamshire,BUCKI_8239450e5c72,f5c6d51863b1
England,E12000008,E06000060,Buckinghamshire,BUCKI_ad44488f9efa,a9760af96995
England,E12000008,E06000060,Buckinghamshire,BUCKI_3073988ad914,98aff53ed933
England,E12000008,E06000060,Buckinghamshire,BUCKI_b43a9d683d6d,e4142efc5381
England,E12000008,E06000060,Buckinghamshire,BUCKI_9381fe5e63bd,80f94694342a
England,E12000008,E06000060,Buckinghamshire,BUCKI_bcd6526c23d6,2b720722e034
England,E12000008,E06000060,Buckinghamshire,BUCKI_36829724a373,44fe200da308
England,E12000008,E06000060,Buckinghamshire,BUCKI_7af38ef4417a,07d8427feb7a
England,E12000008,E06000060,Buckinghamshire,BUCKI_3db88c55e0e7,61b8faa23911
England,E12000008,E06000060,Buckinghamshire,BUCKI_81b6ccef7947,e984ba7f9489
England,E12000008,E06000060,Buckinghamshire,BUCKI_074319e9a750,a3b5c1919970
England,E12000008,E06000060,Buckinghamshire,BUCKI_8ac212958c23,d0fb32682012
England,E12000008,E06000060,Buckinghamshire,BUCKI_77d94f1e5f0d,ecd93721a37a
England,E12000008,E06000060,Buckinghamshire,BUCKI_4ee5572bdadc,bea5a5701ff3
England,E12000008,E06000060,Buckinghamshire,BUCKI_f559a01d0226;BUCKI_9415c883be15,2f32571ff32d
England,E12000008,E06000060,Buckinghamshire,BUCKI_910804b9ce31,49241d6b32f5
England,E12000008,E06000060,Buckinghamshire,BUCKI_c4e189022c4f,828df5335d69
England,E12000008,E06000060,Buckinghamshire,BUCKI_0d7496e29898,4f690563af6e
England,E12000008,E06000060,Buckinghamshire,BUCKI_9c11847fe08b,c5f0b81bc99e
England,E12000008,E06000060,Buckinghamshire,BUCKI_96b9f7c16e58,cb198d54df94
England,E12000008,E06000060,Buckinghamshire,BUCKI_cce985c5ce7f,5c56a71b35ec
England,E12000008,E06000060,Buckinghamshire,BUCKI_55fcc95a8833,5e9bc708290a
England,E12000008,E06000060,Buckinghamshire,BUCKI_bd6084e62054,df7f57c58321
England,E12000008,E06000060,Buckinghamshire,BUCKI_8cf13759cf19,ac34ee1bbc49
England,E12000008,E06000060,Buckinghamshire,BUCKI_5253eb0328e3,8b7c688a74f7
England,E12000008,E06000060,Buckinghamshire,BUCKI_e450081dd92d,38c0137ab683
England,E12000008,E06000060,Buckinghamshire,BUCKI_d98f8c365818,82c7935cb29c
England,E12000008,E06000060,Buckinghamshire,BUCKI_fa8b745e6966,b25f16d87a19
England,E12000008,E06000060,Buckinghamshire,BUCKI_cfed60e2fb67,4838be963847
England,E12000008,E06000060,Buckinghamshire,BUCKI_0b2662aaf845,106a041f5e4c
England,E12000008,E06000060,Buckinghamshire,BUCKI_412a27ab9873,3191bb94a422
England,E12000008,E06000060,Buckinghamshire,BUCKI_aa3d48da46af,3ddefd74d77b
England,E12000008,E06000060,Buckinghamshire,BUCKI_de30966aa343,864ccb59c586
England,E12000008,E06000060,Buckinghamshire,BUCKI_58905c04b3c9,4c8baf7cee47
England,E12000008,E06000060,Buckinghamshire,BUCKI_042053fe1f28,0bde16afd998
England,E12000008,E06000060,Buckinghamshire,BUCKI_11dff4238948,d588f9370283
England,E12000008,E06000060,Buckinghamshire,BUCKI_0d82e31bab16,93e12996402d
England,E12000008,E06000060,Buckinghamshire,BUCKI_febbfdf96953,e1eb7fc499e3
England,E12000008,E06000060,Buckinghamshire,BUCKI_84b572810f73,cb8ba03ce66f
England,E12000008,E06000060,Buckinghamshire,BUCKI_cf0d9b74e192,dbdf84e5d413
England,E12000008,E06000060,Buckinghamshire,BUCKI_de307222f8c1,9d2e13867951
England,E12000008,E06000060,Buckinghamshire,BUCKI_d857f2663fee,695d211017ac
England,E12000008,E06000060,Buckinghamshire,BUCKI_3428de8d8609,4270e257e137
England,E12000008,E06000060,Buckinghamshire,BUCKI_d1e52a01c408,46b08253719d
England,E12000008,E06000060,Buckinghamshire,BUCKI_5736f9a5b61f,67b618632f17
England,E12000008,E06000060,Buckinghamshire,BUCKI_92f443c1c9b3,a7bff4fb3570
England,E12000008,E06000060,Buckinghamshire,BUCKI_3cc8c49a03ab,f012e1a0d514
England,E12000008,E06000060,Buckinghamshire,BUCKI_d5823afd086b,de76fb305053
England,E12000008,E06000060,Buckinghamshire,BUCKI_95288276fdb3,039b4c52a411
England,E12000008,E06000060,Buckinghamshire,BUCKI_9f85ffcdbb3a,798e16fd860d
England,E12000008,E06000060,Buckinghamshire,BUCKI_30a9d78e3548,ffeedb002865
England,E12000008,E06000060,Buckinghamshire,BUCKI_c97f02ee2a70,c58f1fca0a37
England,E12000008,E06000060,Buckinghamshire,BUCKI_eccfcc6dddd3,0a69bb2d8fc6
England,E12000008,E06000060,Buckinghamshire,BUCKI_2dfcc6cb7c26,4c1323ba7845
England,E12000008,E06000060,Buckinghamshire,BUCKI_eacd14350750,6ea0dbde8686
England,E12000008,E06000060,Buckinghamshire,BUCKI_ca6aa91ed937,e0ae5f87b006
England,E12000008,E06000060,Buckinghamshire,BUCKI_c0e0f6a8dfa6,24cfa3da91a3
England,E12000008,E06000060,Buckinghamshire,BUCKI_56aef36965ec,9fc066e0b4cc
England,E12000008,E06000060,Buckinghamshire,BUCKI_70c9f269bf59,e0b951fd634b
England,E12000008,E06000060,Buckinghamshire,BUCKI_4f0928e101c7,214fb0295764
England,E12000008,E06000060,Buckinghamshire,BUCKI_a506ec0c4e75,11fb49f56309
England,E12000008,E06000060,Buckinghamshire,BUCKI_e4ce9b134de1,967a5b51d612
England,E12000008,E06000060,Buckinghamshire,BUCKI_cf6dddbda5db,411f81bf698b
England,E12000008,E06000060,Buckinghamshire,BUCKI_ec5758577ff7,2e28c9ff8c6f
England,E12000008,E06000060,Buckinghamshire,BUCKI_dbfda4ccc596,8feea8bb5cfb
England,E12000008,E06000060,Buckinghamshire,BUCKI_6959cb8da1ed,12d5f7e935c6
England,E12000008,E06000060,Buckinghamshire,BUCKI_046320626de6,c066c3853eef
England,E12000008,E06000060,Buckinghamshire,BUCKI_2adf4d6209b3,64dc515c3b37
England,E12000008,E06000060,Buckinghamshire,BUCKI_0eb954139707,706280d6948b
England,E12000008,E06000060,Buckinghamshire,BUCKI_b0e4936f8e46,65edf89e89ac
England,E12000008,E06000060,Buckinghamshire,BUCKI_5636f6248764,da7771a4e206
England,E12000008,E06000060,Buckinghamshire,BUCKI_f02a8e02b286,c292e48e3d73
England,E12000008,E06000060,Buckinghamshire,BUCKI_7474d336e609,13151801a0c7
England,E12000008,E06000060,Buckinghamshire,BUCKI_7cd5899cf684,9bc78f2a1cbd
England,E12000008,E06000060,Buckinghamshire,BUCKI_3149806c0a6c,cc3624aa972e
England,E12000008,E06000060,Buckinghamshire,BUCKI_8912c0ce583b,3fa1c434fbc2
England,E12000008,E06000060,Buckinghamshire,BUCKI_2b72d3976f2c,9e9504c75d1a
England,E12000008,E06000060,Buckinghamshire,BUCKI_1a139dbdad30,1981fff293ce
England,E12000008,E06000060,Buckinghamshire,BUCKI_b3438a3adf42,7acf6f918c01
England,E12000008,E06000060,Buckinghamshire,BUCKI_0747cedf20a5,cd4532124496
England,E12000008,E06000060,Buckinghamshire,BUCKI_a3d7e52a6e5b,0954c4874414
England,E12000008,E06000060,Buckinghamshire,BUCKI_91fe23f770a2,f8242e6ce265
England,E12000008,E06000060,Buckinghamshire,BUCKI_649349ef97e5,b7adba4e9e8a
England,E12000008,E06000060,Buckinghamshire,BUCKI_f1ad0eb7e6be,dc1835d46db2
England,E12000008,E06000060,Buckinghamshire,BUCKI_4e8542852136,9a508182d92f
England,E12000008,E06000060,Buckinghamshire,BUCKI_f421a4678e40,cf1f4a83a371
England,E12000008,E06000060,Buckinghamshire,BUCKI_de8912df1c0c,0adf57dd631a
England,E12000008,E06000060,Buckinghamshire,BUCKI_7854adad1bcb,d792c78f611f
England,E12000008,E06000060,Buckinghamshire,BUCKI_8588708854a6,254626806ad4
England,E12000008,E06000060,Buckinghamshire,BUCKI_3b47d4681e6e,92d76c473d11
England,E12000008,E06000060,Buckinghamshire,BUCKI_64c51eee6d05,98df04ca54fa
England,E12000008,E06000060,Buckinghamshire,BUCKI_99e252c40634,2fad772f6e1e
England,E12000008,E06000060,Buckinghamshire,BUCKI_71ed2134b65f,1f388de8c40a
England,E12000008,E06000060,Buckinghamshire,BUCKI_1cfadd844d39,aeab135b744e
England,E12000008,E06000060,Buckinghamshire,BUCKI_54cfbe952f83,0e12918a327f
England,E12000008,E06000060,Buckinghamshire,BUCKI_b99240c93362,219fa98f93f2
England,E12000008,E06000060,Buckinghamshire,BUCKI_9315c0986b8e,d4cd7a8fea26
England,E12000008,E06000060,Buckinghamshire,BUCKI_10440afeed2d,db3a203e301c
England,E12000008,E06000060,Buckinghamshire,BUCKI_86e9be6ec2be,ba86172e3723
England,E12000008,E06000060,Buckinghamshire,BUCKI_ff3c74942fc4,c822d25f71e1
England,E12000008,E06000060,Buckinghamshire,BUCKI_2fdffa2d321a,33c708a0b1f9
England,E12000008,E06000060,Buckinghamshire,BUCKI_fbb545b98700,7d62cc3503ed
England,E12000008,E06000060,Buckinghamshire,BUCKI_e0476c6ba814,28f0e5c92346
England,E12000008,E06000060,Buckinghamshire,BUCKI_27b721db4846,d019b4452b80
England,E12000008,E06000060,Buckinghamshire,BUCKI_41102dea81da,5d42d183045f
England,E12000008,E06000060,Buckinghamshire,BUCKI_b356fc94cd1e,109577541459
England,E12000008,E06000060,Buckinghamshire,BUCKI_9a3f7b6b519a,d39306e008b8
England,E12000008,E06000060,Buckinghamshire,BUCKI_df16f67c80af,3ae42288d309
England,E12000008,E06000060,Buckinghamshire,BUCKI_e35ff9bcffd0,18b82a099b83
England,E12000008,E06000060,Buckinghamshire,BUCKI_be66cd8442de,c6037827e242
England,E12000008,E06000060,Buckinghamshire,BUCKI_608c4cae65ac,a82b40b1a8e5
England,E12000008,E06000060,Buckinghamshire,BUCKI_cac1474c21a3,2140d2f935e7
England,E12000008,E06000060,Buckinghamshire,BUCKI_e3a422c14b5b,f5f5cfe4ae71
England,E12000008,E06000060,Buckinghamshire,BUCKI_afac549ebd33,1f31139a3ab2
England,E12000008,E06000060,Buckinghamshire,BUCKI_11af5fd05531,df3687ce179f
England,E12000008,E06000060,Buckinghamshire,BUCKI_d88252018830,62770e572363
England,E12000008,E06000060,Buckinghamshire,BUCKI_750a3ef18cd5,188cd3fe97d8
England,E12000008,E06000060,Buckinghamshire,BUCKI_038eb7cc3eaf,eae3e336afe5
England,E12000008,E06000060,Buckinghamshire,BUCKI_91205c13d9e8,4000b48d04b3
England,E12000008,E06000060,Buckinghamshire,BUCKI_bf10f5590a9e,e6a4684891bc
England,E12000008,E06000060,Buckinghamshire,BUCKI_705325ebf708,a1a05db45cd5
England,E12000008,E06000060,Buckinghamshire,BUCKI_1b674b59d83e,41f38244cff1
England,E12000008,E06000060,Buckinghamshire,BUCKI_9d68c4db86bc,8c85d92e626c
England,E12000008,E06000060,Buckinghamshire,BUCKI_f7af6d411504,894ddd3a7b54
England,E12000008,E06000060,Buckinghamshire,BUCKI_aa362c556536,566a8c00cf62
England,E12000008,E06000060,Buckinghamshire,BUCKI_1516380d42fd,a37c6430736c
England,E12000008,E06000060,Buckinghamshire,BUCKI_ca667e4567d0,19f335b646f4
England,E12000008,E06000060,Buckinghamshire,BUCKI_34281e492e54,7607cba44219
England,E12000008,E06000060,Buckinghamshire,BUCKI_c287d4abbcd6,d6c22f9a041e
England,E12000008,E06000060,Buckinghamshire,BUCKI_fd67546a2e3a,7021fa262129
England,E12000008,E06000060,Buckinghamshire,BUCKI_016078ec93ad,921389e14dff
England,E12000008,E06000060,Buckinghamshire,BUCKI_07c5f570405c,2462d45df211
England,E12000008,E06000060,Buckinghamshire,BUCKI_3b7000a083fa,516cdf72d970
England,E12000008,E06000060,Buckinghamshire,BUCKI_a2dafab32a4a,159c99492011
England,E12000008,E06000060,Buckinghamshire,BUCKI_dc4518b66ce8,d413d3dcfad7
England,E12000008,E06000060,Buckinghamshire,BUCKI_2ec16d2938b0,741a2641197d
England,E12000008,E06000060,Buckinghamshire,BUCKI_92ff8079e852,0726026661d6
England,E12000008,E06000060,Buckinghamshire,BUCKI_d6b5804dbc4c,3e041f5166f9
England,E12000008,E06000060,Buckinghamshire,BUCKI_72990b23b126,be8d76b3090f
England,E12000008,E06000060,Buckinghamshire,BUCKI_b746a0217b48,a2d564478376
England,E12000008,E06000060,Buckinghamshire,BUCKI_3824daefbad7,5706c1e575f1
England,E12000008,E06000060,Buckinghamshire,BUCKI_5b843a8933c2,02a9e81de099
England,E12000008,E06000060,Buckinghamshire,BUCKI_326d919cb8ad,72e2faa3cb76
England,E12000008,E06000060,Buckinghamshire,BUCKI_6828d7c52b23,e86827576ab4
England,E12000008,E06000060,Buckinghamshire,BUCKI_82e5df227268,00680bb55758
England,E12000008,E06000060,Buckinghamshire,BUCKI_54f93e42cb16,64e5cea997c9
England,E12000008,E06000060,Buckinghamshire,BUCKI_d8a7d840ea8b,683f22954b7e
England,E12000008,E06000060,Buckinghamshire,BUCKI_1d62db37e1ef,2fdf2a84b40d
England,E12000008,E06000060,Buckinghamshire,BUCKI_f3eb8dbcba2c,d28f3da7bf99
England,E12000008,E06000060,Buckinghamshire,BUCKI_f5b41b3f2418,9af09433a5e9
England,E12000008,E06000060,Buckinghamshire,BUCKI_765e1f5b1d65,4128137868c3
England,E12000008,E06000060,Buckinghamshire,BUCKI_0e737ce3bab0,9c3a52612cbe
England,E12000008,E06000060,Buckinghamshire,BUCKI_639d5601ed22,b2b8fb519bc3
England,E12000008,E06000060,Buckinghamshire,BUCKI_c23051d6f3e4,ba188900401a
England,E12000008,E06000060,Buckinghamshire,BUCKI_c24b480007a7,d8801754509e
England,E12000008,E06000060,Buckinghamshire,BUCKI_d9cba8d335a2,45b334c4e057
England,E12000008,E06000060,Buckinghamshire,BUCKI_2110d9f91e6f,ba8c042c67c4
England,E12000008,E06000060,Buckinghamshire,BUCKI_38897f6d92f1,a04558d9ffc3
England,E12000008,E06000060,Buckinghamshire,BUCKI_562b4043113d,0a9c8047344c
England,E12000008,E06000060,Buckinghamshire,BUCKI_803995a3e388,b3e5ad2f4901
England,E12000008,E06000060,Buckinghamshire,BUCKI_6012b19f3974,4ae72ae1c270
England,E12000008,E06000060,Buckinghamshire,BUCKI_44215402d4ed,16827272f518
England,E12000008,E06000060,Buckinghamshire,BUCKI_788e06cb69c3,a5821945389d
England,E12000008,E06000060,Buckinghamshire,BUCKI_c225717c7b94,ec4af17c876d
England,E12000008,E06000060,Buckinghamshire,BUCKI_12292005edff,20d354088169
England,E12000008,E06000060,Buckinghamshire,BUCKI_1ca889f1c0fa,21f3c8332f71
England,E12000008,E06000060,Buckinghamshire,BUCKI_58baf84ee8c9,6f8a9a4d7a1f
England,E12000008,E06000060,Buckinghamshire,BUCKI_ff235dab375e,fbafdd520077
England,E12000008,E06000060,Buckinghamshire,BUCKI_b6f9d640c22e,8f1ce7eebc88
England,E12000008,E06000060,Buckinghamshire,BUCKI_bf960557210a,81e98c8c7971
England,E12000008,E06000060,Buckinghamshire,BUCKI_dc85d36207ed,8262a32d21e9
England,E12000008,E06000060,Buckinghamshire,BUCKI_aad66c2457df,cfa51e0c36b5
England,E12000008,E06000060,Buckinghamshire,BUCKI_a62d4f696c21,a26083c4a552
England,E12000008,E06000060,Buckinghamshire,BUCKI_f2179af9193f,3bc8c390d27b
England,E12000008,E06000060,Buckinghamshire,BUCKI_f8629dfa8bbd,41ae62a33aef
England,E12000008,E06000060,Buckinghamshire,BUCKI_07beae50755a,985a5f5c2609
England,E12000008,E06000060,Buckinghamshire,BUCKI_25cfffb7a14c,936c264571d8
England,E12000008,E06000060,Buckinghamshire,BUCKI_89fdf3a44c41,3afe84a70ffe
England,E12000008,E06000060,Buckinghamshire,BUCKI_ba02f33206e2,6d48544624a5
England,E12000008,E06000060,Buckinghamshire,BUCKI_28de04c14ebb,18e8c46995fb
England,E12000008,E06000060,Buckinghamshire,BUCKI_eed77707777e,b51da85c347f
England,E12000008,E06000060,Buckinghamshire,BUCKI_c8af19948d87,89ff88b4b95d
England,E12000008,E06000060,Buckinghamshire,BUCKI_936f732555e1,04c9c6c758aa
England,E12000008,E06000060,Buckinghamshire,BUCKI_9cbd4ad4d750,3e2ad12edb16
England,E12000008,E06000060,Buckinghamshire,BUCKI_4e277c33b9a6,2d25f758188c
England,E12000008,E06000060,Buckinghamshire,BUCKI_a606cb620533,c572e6d5d4a3
England,E12000008,E06000060,Buckinghamshire,BUCKI_7f8db4aa80cb,5b02e18c3211
England,E12000008,E06000060,Buckinghamshire,BUCKI_2c29748cfa9b,57e403beaa40
England,E12000008,E06000060,Buckinghamshire,BUCKI_a31b784472d2,2f72c325f9cf
England,E12000008,E06000060,Buckinghamshire,BUCKI_143ac2a68b53,c9b66052a774
England,E12000008,E06000060,Buckinghamshire,BUCKI_a27de6abef02,22dd6bf3dae7
England,E12000008,E06000060,Buckinghamshire,BUCKI_3edfe0fa8b37,cb3fa15067b3
England,E12000008,E06000060,Buckinghamshire,BUCKI_4965cd0a6e77,eb22777cf641
England,E12000008,E06000060,Buckinghamshire,BUCKI_c9ce6fd46bf3,61c0e5165738
England,E12000008,E06000060,Buckinghamshire,BUCKI_3eda783b3040,039880fa4a74
England,E12000008,E06000060,Buckinghamshire,BUCKI_2487cba03cb0,def170fdd49e
England,E12000008,E06000060,Buckinghamshire,BUCKI_3f95cca4991f,f2b985e294fe
England,E12000008,E06000060,Buckinghamshire,BUCKI_b680c8f24d46,422011bcabd3
England,E12000008,E06000060,Buckinghamshire,BUCKI_c1c33ceedfd2,0dc1f33e136f
England,E12000008,E06000060,Buckinghamshire,BUCKI_56c375fc1475,a8078139c078
England,E12000008,E06000060,Buckinghamshire,BUCKI_cceec64d51ee,b6013e9af7ad
England,E12000008,E06000060,Buckinghamshire,BUCKI_a586f033fe47,146301a03006
England,E12000008,E06000060,Buckinghamshire,BUCKI_fd9f33c81a71,be2f687797b0
England,E12000008,E06000060,Buckinghamshire,BUCKI_0c67b5d9bde8,5bb7fa1908a2
England,E12000008,E06000060,Buckinghamshire,BUCKI_d4fc0a10c089,e486c99f08d7
England,E12000008,E06000060,Buckinghamshire,BUCKI_83ce27d0d6b7,d21a26094995
England,E12000008,E06000060,Buckinghamshire,BUCKI_2efff3d3929b,e21dfd7578fb
England,E12000008,E06000060,Buckinghamshire,BUCKI_d836f68f44ef,f6eaa730564e
England,E12000008,E06000060,Buckinghamshire,BUCKI_a2a3fbbfc264,c3a78b1571ab
England,E12000008,E06000060,Buckinghamshire,BUCKI_16924ce40cdf,057ff4f36fbe
England,E12000008,E06000060,Buckinghamshire,BUCKI_f2c3ee355912,35278e805316
England,E12000008,E06000060,Buckinghamshire,BUCKI_53c29041d9f0,1a8517ba66fc
England,E12000008,E06000060,Buckinghamshire,BUCKI_d0284f50b7b5,5e4fca6c5bd7
England,E12000008,E06000060,Buckinghamshire,BUCKI_4f11d9688c37,472b4b1ea4f8
England,E12000008,E06000060,Buckinghamshire,BUCKI_6dc40856427a,91dc28c9592b
England,E12000008,E06000060,Buckinghamshire,BUCKI_8a3709d4042d,282775ab782e
England,E12000008,E06000060,Buckinghamshire,BUCKI_08644f194d41,87c8111fbef2
England,E12000008,E06000060,Buckinghamshire,BUCKI_23e261d9645b,76c67bbd27bf
England,E12000008,E06000060,Buckinghamshire,BUCKI_0f67c66d9672,82460aec6b54
England,E12000008,E06000060,Buckinghamshire,BUCKI_38cfaaffe796,15ff7256a6d1
England,E12000008,E06000060,Buckinghamshire,BUCKI_6b039d545b72,b9a789536e3b
England,E12000008,E06000060,Buckinghamshire,BUCKI_b7c339c74f18,77ad862729b0
England,E12000008,E06000060,Buckinghamshire,BUCKI_92617e3090ba,1079f8c94e89
England,E12000008,E06000060,Buckinghamshire,BUCKI_5fd587221e91,59f4ee75888d
England,E12000008,E06000060,Buckinghamshire,BUCKI_53b3a2e70021,4c5c85e4a38a
England,E12000008,E06000060,Buckinghamshire,BUCKI_e16a069b526a,80a5d571e638
England,E12000008,E06000060,Buckinghamshire,BUCKI_2bf12fc7a2fe,e6f8f3d35092
England,E12000008,E06000060,Buckinghamshire,BUCKI_ffe451c75559,9a68d5a0554b
England,E12000008,E06000060,Buckinghamshire,BUCKI_53a3f20f9496,ba176c8c0a87
England,E12000008,E06000060,Buckinghamshire,BUCKI_9b6f1920a766,8a72c2c8a9fd
England,E12000008,E06000060,Buckinghamshire,BUCKI_8e33a6f126d3,899a1444dec3
England,E12000008,E06000060,Buckinghamshire,BUCKI_c9ad0cf4d82c,4a47b8e2bd79
England,E12000008,E06000060,Buckinghamshire,BUCKI_ce1aeb05d8f9,03d7a90aebce
England,E12000008,E06000060,Buckinghamshire,BUCKI_292b89ec82aa,342142facdff
England,E12000008,E06000060,Buckinghamshire,BUCKI_a8b089336939,61a5cb199cac
England,E12000008,E06000060,Buckinghamshire,BUCKI_2acc92fcdd51,f2d6f2b850ef
England,E12000008,E06000060,Buckinghamshire,BUCKI_2b290909a9f6,f0c36255c923
England,E12000008,E06000060,Buckinghamshire,BUCKI_ca97a911594f,1c31ed3fe66d
England,E12000008,E06000060,Buckinghamshire,BUCKI_6cbda2dbe05b,992b43b5eed5
England,E12000008,E06000060,Buckinghamshire,BUCKI_79e2e3ba7077,a0f53a2ca721
England,E12000008,E06000060,Buckinghamshire,BUCKI_c7dd3846f96d,9031c7f18cbe
England,E12000008,E06000060,Buckinghamshire,BUCKI_026a3dbd5491,b81f5a21e279
England,E12000008,E06000060,Buckinghamshire,BUCKI_e453c328a5ad,57e499a071ed
England,E12000008,E06000060,Buckinghamshire,BUCKI_e9ebe91f86a8,a5e220f5a0cf
England,E12000008,E06000060,Buckinghamshire,BUCKI_edfab965f73b,bec84549cb3a
England,E12000008,E06000060,Buckinghamshire,BUCKI_ab8f1e06adfe,c6496ae50b26
England,E12000008,E06000060,Buckinghamshire,BUCKI_ea300e9659ad,7d3841efe6a2
England,E12000008,E06000060,Buckinghamshire,BUCKI_f9310a88d40c,a4f5ed65c213
England,E12000008,E06000060,Buckinghamshire,BUCKI_ae8031a0b0bd,6a7a898bd862
England,E12000008,E06000060,Buckinghamshire,BUCKI_4655619879ff,53bc41ce5ae4
England,E12000008,E06000060,Buckinghamshire,BUCKI_63fd7653350b,6cf530d0de7a
England,E12000008,E06000060,Buckinghamshire,BUCKI_6531f808f0ed,362934935146
England,E12000008,E06000060,Buckinghamshire,BUCKI_c723cb70a9b3,061708b4ca9b
England,E12000008,E06000060,Buckinghamshire,BUCKI_9bdcc7e3362f,b0be8e22bb2e
England,E12000008,E06000060,Buckinghamshire,BUCKI_79138b2e1313,4d5ad7b49533
England,E12000008,E06000060,Buckinghamshire,BUCKI_dc7b9fce9de3,9bdb1052af9a
England,E12000008,E06000060,Buckinghamshire,BUCKI_f5901303703b,b9fa949e3f50
England,E12000008,E06000060,Buckinghamshire,BUCKI_3f87ea4e5541,f084218b64b2
England,E12000008,E06000060,Buckinghamshire,BUCKI_28552c29b4eb,1eed0dae354d
England,E12000008,E06000060,Buckinghamshire,BUCKI_442dc3b1e146,5ef0574ee6a9
England,E12000008,E06000060,Buckinghamshire,BUCKI_bf4417f59b70,5aac77d907db
England,E12000008,E06000060,Buckinghamshire,BUCKI_df40562913a0,4632cdb8c1d3
England,E12000008,E06000060,Buckinghamshire,BUCKI_0c8fdd506f28,ab1d5ec54a27
England,E12000008,E06000060,Buckinghamshire,BUCKI_e0bf58bde615,5c6cf76b55b7
England,E12000008,E06000060,Buckinghamshire,BUCKI_62d4302347ec,ba47af2a9d3c
England,E12000008,E06000060,Buckinghamshire,BUCKI_72e7e7b10ea1,7050cd89ae3c
England,E12000008,E06000060,Buckinghamshire,BUCKI_53b3461747b9,97a5e94341dc
England,E12000008,E06000060,Buckinghamshire,BUCKI_96e328f74398,1e7ac35fd5c7
England,E12000008,E06000060,Buckinghamshire,BUCKI_c3e6c412e9c1,1da8c7d77ea1
England,E12000008,E06000060,Buckinghamshire,BUCKI_cbbb1ef70ee9,90f9cbde9b1e
England,E12000008,E06000060,Buckinghamshire,BUCKI_fee5d5e753c4,b1259d136bb8
England,E12000008,E06000060,Buckinghamshire,BUCKI_e4b540967700,809df967667f
England,E12000008,E06000060,Buckinghamshire,BUCKI_7a0a2bf4951f,cc37189b0c65
England,E12000008,E06000060,Buckinghamshire,BUCKI_a743b3b62378,e1e3d0bc3744
England,E12000008,E06000060,Buckinghamshire,BUCKI_ecd35bbe19c2,c114035a9815
England,E12000008,E06000060,Buckinghamshire,BUCKI_938553d634df,eaae00498a60
England,E12000008,E06000060,Buckinghamshire,BUCKI_66af2ca318a0,8477e2ff2499
England,E12000008,E06000060,Buckinghamshire,BUCKI_4c99af4ef5de,bd179fbeb499
England,E12000008,E06000060,Buckinghamshire,BUCKI_881fd2165547,e1a9c52adf91
England,E12000008,E06000060,Buckinghamshire,BUCKI_0dc89d87a05f,2b9cd8cca269
England,E12000008,E06000060,Buckinghamshire,BUCKI_9a9051b9091d,d79d289713a0
England,E12000008,E06000060,Buckinghamshire,BUCKI_fddc42c32f2b,36ef0b7bca41
England,E12000008,E06000060,Buckinghamshire,BUCKI_29c661da356f,f66e40cec9ee
England,E12000008,E06000060,Buckinghamshire,BUCKI_2fbf1f1abfe4,8a94bcca9540
England,E12000008,E06000060,Buckinghamshire,BUCKI_8c3cc2c59f8e,44b51917db21
England,E12000008,E06000060,Buckinghamshire,BUCKI_396b8ddbe516,33ff1417f40b
England,E12000008,E06000060,Buckinghamshire,BUCKI_02ae5a2e35de,4f007834e395
England,E12000008,E06000060,Buckinghamshire,BUCKI_72183677f26c,e1923aa8364f
England,E12000008,E06000060,Buckinghamshire,BUCKI_4d42c92d2a00,2960ec2cb513
England,E12000008,E06000060,Buckinghamshire,BUCKI_d977eea203d1,bdc3ddd5aac8
England,E12000008,E06000060,Buckinghamshire,BUCKI_0068e203e78a,7d65751b198f
England,E12000008,E06000060,Buckinghamshire,BUCKI_063b6e1c70fa,8bdfadca3fec
England,E12000008,E06000060,Buckinghamshire,BUCKI_c40a7db8b880,9153c46df37d
England,E12000008,E06000060,Buckinghamshire,BUCKI_462da57dd929,543d0844349a
England,E12000008,E06000060,Buckinghamshire,BUCKI_64059e260421,3af84286ccdf
England,E12000008,E06000060,Buckinghamshire,BUCKI_5b859fc75c4b,6a0deda22242
England,E12000008,E06000060,Buckinghamshire,BUCKI_cf0dedc99b64,adad1845d797
England,E12000008,E06000060,Buckinghamshire,BUCKI_c2a87452483b,c26508544b41
England,E12000008,E06000060,Buckinghamshire,BUCKI_b435509fa545,35e9e1cd0873
England,E12000008,E06000060,Buckinghamshire,BUCKI_240be0f33263,b88b6e8b80a8
England,E12000008,E06000060,Buckinghamshire,BUCKI_22d4b679328b,4317bea7c3d8
England,E12000008,E06000060,Buckinghamshire,BUCKI_430f487df2ad,934f8cf5f1b4
England,E12000008,E06000060,Buckinghamshire,BUCKI_69a72f335950,b3278ea049a4
England,E12000008,E06000060,Buckinghamshire,BUCKI_7a45c9004929,683c97cdde33
England,E12000008,E06000060,Buckinghamshire,BUCKI_a525766a09b5,c3ffdc822419
England,E12000008,E06000060,Buckinghamshire,BUCKI_a94c7fd96cc7,0ac165f94c9e
England,E12000008,E06000060,Buckinghamshire,BUCKI_65e04e2f96fc,0ddacfe969ed
England,E12000008,E06000060,Buckinghamshire,BUCKI_3f3f62f1670a,d60c988323ed
England,E12000008,E06000060,Buckinghamshire,BUCKI_c6ee2a97c708,923c6039ae81
England,E12000008,E06000060,Buckinghamshire,BUCKI_9693a7ca5d15,d2f93af77ed6
England,E12000008,E06000060,Buckinghamshire,BUCKI_37bdf7776d10,2a0d2e731319
England,E12000008,E06000060,Buckinghamshire,BUCKI_7e35f11991a6,3d00d2141216
England,E12000008,E06000060,Buckinghamshire,BUCKI_a0dd7c7523c9,209197fc338b
England,E12000008,E06000060,Buckinghamshire,BUCKI_a36b0509759e,662f970b9c1c
England,E12000008,E06000060,Buckinghamshire,BUCKI_8d05bcef5b8f,bdf88e92c5ad
England,E12000008,E06000060,Buckinghamshire,BUCKI_100924a75b56,ed2e9de5acb4
England,E12000008,E06000060,Buckinghamshire,BUCKI_eacb6cfa3173,0c4aacfdefd5
England,E12000008,E06000060,Buckinghamshire,BUCKI_a88be4e91d45,95f95e179bbd
England,E12000008,E06000060,Buckinghamshire,BUCKI_af8c1fb59d7e,ee9d12ebd62b
England,E12000008,E06000060,Buckinghamshire,BUCKI_c394ac595bd9,9ce73057b4c2
England,E12000008,E06000060,Buckinghamshire,BUCKI_040386400f08,7df763866e73
England,E12000008,E06000060,Buckinghamshire,BUCKI_4ad759867a93,a7d73e76f37d
England,E12000008,E06000060,Buckinghamshire,BUCKI_41407e2df602,77988aaa1b8f
England,E12000008,E06000060,Buckinghamshire,BUCKI_a79c18c4c592,73fecde0326e
England,E12000008,E06000060,Buckinghamshire,BUCKI_231818f555f1,f320a840a36c
England,E12000008,E06000060,Buckinghamshire,BUCKI_4beafc4f780a,17a63a7fcf0a
England,E12000008,E06000060,Buckinghamshire,BUCKI_e24fa7b76e0e,cf4d10b5bf08
England,E12000008,E06000060,Buckinghamshire,BUCKI_6d8ce4136d57,9749f05d460c
England,E12000008,E06000060,Buckinghamshire,BUCKI_49ac2cd3bf23,dec15a6ec206
England,E12000008,E06000060,Buckinghamshire,BUCKI_c04944378bff,7796597b8f05
England,E12000008,E06000060,Buckinghamshire,BUCKI_4d4dec956459,81ea9308c20c
England,E12000008,E06000060,Buckinghamshire,BUCKI_7c3567d791bc;BUCKI_d6317ca5d4b0;BUCKI_ea066cf9bb4c,37a433a4b056
England,E12000008,E06000060,Buckinghamshire,BUCKI_07f59f09779a,2457f9b9952a
England,E12000008,E06000060,Buckinghamshire,BUCKI_72157557f4f8,4d83d333e850
England,E12000008,E06000060,Buckinghamshire,BUCKI_c49f9811496b,98726d13a5f1
England,E12000008,E06000060,Buckinghamshire,BUCKI_e8d83c1caf70,3d750173556a
England,E12000008,E06000060,Buckinghamshire,BUCKI_27629d6adbb4,2b8117158a79
England,E12000008,E06000060,Buckinghamshire,BUCKI_9817fd400c7b,f512ca1ec228
England,E12000008,E06000060,Buckinghamshire,BUCKI_66ea89204449,fd558cfe06b4
England,E12000008,E06000060,Buckinghamshire,BUCKI_887119f3725a,d4bb03e3789b
England,E12000008,E06000060,Buckinghamshire,BUCKI_1028a096fb94,79f5a42d0780
England,E12000008,E06000060,Buckinghamshire,BUCKI_fd68a2369836,87df670ed1c1
England,E12000008,E06000060,Buckinghamshire,BUCKI_a91467bef11f,0978eddab65d
England,E12000008,E06000060,Buckinghamshire,BUCKI_512a8637f3ee,5b3ef8aa4dc3
England,E12000008,E06000060,Buckinghamshire,BUCKI_4bbcef2ff9b2,8125b110a6fe
England,E12000008,E06000060,Buckinghamshire,BUCKI_719e382c2790,ef4305699b9b
England,E12000008,E06000060,Buckinghamshire,BUCKI_69b9c184cf6c,f8b2ae77dd3e
England,E12000008,E06000060,Buckinghamshire,BUCKI_80e6dd45918c,3dec49d22bfa
England,E12000008,E06000060,Buckinghamshire,BUCKI_19cf49c0538c,6d1fa49dd645
England,E12000008,E06000060,Buckinghamshire,BUCKI_aeca8b446333,93b56cc588a6
England,E12000008,E06000060,Buckinghamshire,BUCKI_a93dae8315c8,a055a8627997
England,E12000008,E06000060,Buckinghamshire,BUCKI_62ed95030838,ef2c4d4c7093
England,E12000008,E06000060,Buckinghamshire,BUCKI_d07961e22b65,c252d37d1b4f
England,E12000008,E06000060,Buckinghamshire,BUCKI_1112d92c2ad7,3c801cca71ca
England,E12000008,E06000060,Buckinghamshire,BUCKI_cfa1ab6ea8a7,1b38263e9dbb
England,E12000008,E06000060,Buckinghamshire,BUCKI_c5665344ecd9,5a391a9aa286
England,E12000008,E06000060,Buckinghamshire,BUCKI_156b4fcf2303,d34aa07cfa66
England,E12000008,E06000060,Buckinghamshire,BUCKI_02a0ee7407f8,f30f2ca52c21
England,E12000008,E06000060,Buckinghamshire,BUCKI_cb59bf5675e2,aa3b2615a1aa
England,E12000008,E06000060,Buckinghamshire,BUCKI_b0750c20246f,e6055b01c57f
England,E12000008,E06000060,Buckinghamshire,BUCKI_0cdca8e6ebed,6a173e59ab5b
England,E12000008,E06000060,Buckinghamshire,BUCKI_1535366c8c4f,1ff4080ef87b
England,E12000008,E06000060,Buckinghamshire,BUCKI_0a1d69333b1d,912809edfe7b
England,E12000008,E06000060,Buckinghamshire,BUCKI_ec2f7640eb71,407bdf5f68ac
England,E12000008,E06000060,Buckinghamshire,BUCKI_6d959ff635fb,5c413d9ba8fe
England,E12000008,E06000060,Buckinghamshire,BUCKI_41bd5bf668f6,be30205b38f5
England,E12000008,E06000060,Buckinghamshire,BUCKI_4296f74767fa,63da06bb5434
England,E12000008,E06000060,Buckinghamshire,BUCKI_f256af024f45,b5e28449f94e
England,E12000008,E06000060,Buckinghamshire,BUCKI_c48c7a7ddf01,363557b4fe80
England,E12000008,E06000060,Buckinghamshire,BUCKI_8be68ee6c37b,ebefaa782ccf
England,E12000008,E06000060,Buckinghamshire,BUCKI_752c7dade214,8f02e0c0bb4c
England,E12000008,E06000060,Buckinghamshire,BUCKI_77cc40b61d4d,61b66909d468
England,E12000008,E06000060,Buckinghamshire,BUCKI_944482cf44ec,7a03c585fa3f
England,E12000008,E06000060,Buckinghamshire,BUCKI_cc128dad58e9,e2a456dfb306
England,E12000008,E06000060,Buckinghamshire,BUCKI_9687d4027d6e,c3b98a4c24de
England,E12000008,E06000060,Buckinghamshire,BUCKI_5ed3beabf3eb,cf2d65d3f4f6
England,E12000008,E06000060,Buckinghamshire,BUCKI_0d0c9d4577cc,d330bdc65354
England,E12000008,E06000060,Buckinghamshire,BUCKI_3441d0fcb1e4,eb5e838e49f0
England,E12000008,E06000060,Buckinghamshire,BUCKI_948d77df2d21,9bf4c1a37624
England,E12000008,E06000060,Buckinghamshire,BUCKI_0aa786e470a8,64c630bb6b16
England,E12000008,E06000060,Buckinghamshire,BUCKI_3ae463520eda,0ad68727ef3b
England,E12000008,E06000060,Buckinghamshire,BUCKI_447fa53039ea,d2e9b77f0ef5
England,E12000008,E06000060,Buckinghamshire,BUCKI_27f328967d77,6201a5af0444
England,E12000008,E06000060,Buckinghamshire,BUCKI_91b1928e519e,49bd7f2f58f7
England,E12000008,E06000060,Buckinghamshire,BUCKI_0d5716da0c38,7363f2f82e8c
England,E12000008,E06000060,Buckinghamshire,BUCKI_226d6285e5b4,657bf4b0bd87
England,E12000008,E06000060,Buckinghamshire,BUCKI_a83502898d91,f7a9e9bb5db3
England,E12000008,E06000060,Buckinghamshire,BUCKI_018336a90330,a6aae533e52f
England,E12000008,E06000060,Buckinghamshire,BUCKI_7a73baefa21b,60e04d65ba28
England,E12000008,E06000060,Buckinghamshire,BUCKI_33e6df5c149f,b584fc185560
England,E12000008,E06000060,Buckinghamshire,BUCKI_03602c9e1428,3f4585cd3812
England,E12000008,E06000060,Buckinghamshire,BUCKI_e9746670b816,79570ed76369
England,E12000008,E06000060,Buckinghamshire,BUCKI_18506b43f198,bd0216955376
England,E12000008,E06000060,Buckinghamshire,BUCKI_4d8595fe02a4,520027e11e6c
England,E12000008,E06000060,Buckinghamshire,BUCKI_5a7476e4faa8,a2307c53ce20
England,E12000008,E06000060,Buckinghamshire,BUCKI_13d498b9e27b,40f76a2d475b
England,E12000008,E06000060,Buckinghamshire,BUCKI_0423434c4fc1,bbc5f162b7d4
England,E12000008,E06000060,Buckinghamshire,BUCKI_573e2fa8fc0b,ab7f706510c7
England,E12000008,E06000060,Buckinghamshire,BUCKI_60096d89be2e,65810e064baa
England,E12000008,E06000060,Buckinghamshire,BUCKI_acd0818b997c,85b251cb7caf
England,E12000008,E06000060,Buckinghamshire,BUCKI_b5be878660c9,569a165d91b4
England,E12000008,E06000060,Buckinghamshire,BUCKI_08e279680d36,05a9434028b5
England,E12000008,E06000060,Buckinghamshire,BUCKI_a25d5c02ffed,38e233af326a
England,E12000008,E06000060,Buckinghamshire,BUCKI_d3d549863da9,93ad8a72ba4e
England,E12000008,E06000060,Buckinghamshire,BUCKI_417d2e6c57ab,55887ddabd06
England,E12000008,E06000060,Buckinghamshire,BUCKI_3be54fe94eb0,8eeeecda55be
England,E12000008,E06000060,Buckinghamshire,BUCKI_effc586150f8,55df223c9cb5
England,E12000008,E06000060,Buckinghamshire,BUCKI_40c96d479774,3e0c53fdd722
England,E12000008,E06000060,Buckinghamshire,BUCKI_88d6b345584c,79441723386e
England,E12000008,E06000060,Buckinghamshire,BUCKI_3b14bf711e7b,058e15d96927
England,E12000008,E06000060,Buckinghamshire,BUCKI_bfd05cccfb5f,e2809831cfdf
England,E12000008,E06000060,Buckinghamshire,BUCKI_538b7afd757c,93e58f535a14
England,E12000008,E06000060,Buckinghamshire,BUCKI_49001d6f0ff0,9a7144ae4aa0
England,E12000008,E06000060,Buckinghamshire,BUCKI_dfb5e7c6328b,c19796006cd6
England,E12000008,E06000060,Buckinghamshire,BUCKI_99316f9e82c7,d42b81c08e2a
England,E12000008,E06000060,Buckinghamshire,BUCKI_50dd1316891b,b130ae1a8256
England,E12000008,E06000060,Buckinghamshire,BUCKI_b335bc57a332,409ad49fa911
England,E12000008,E06000060,Buckinghamshire,BUCKI_5aef429bc18b,c5050d720814
England,E12000008,E06000060,Buckinghamshire,BUCKI_36cea3197339,cd5ade81abf4
England,E12000008,E06000060,Buckinghamshire,BUCKI_f8a0391e53b7,78b8197b2021
England,E12000008,E06000060,Buckinghamshire,BUCKI_858f3d72c6b8,6735a5b20d1a
England,E12000008,E06000060,Buckinghamshire,BUCKI_37eb705c1db9,f10fec80d2f6
England,E12000008,E06000060,Buckinghamshire,BUCKI_4f0b3f0855fa,e93a81a06a35
England,E12000008,E06000060,Buckinghamshire,BUCKI_0c70c27eb5ba,8d826c8aa698
England,E12000008,E06000060,Buckinghamshire,BUCKI_9debda21b50e,b19ccfd61a3d
England,E12000008,E06000060,Buckinghamshire,BUCKI_71a0159562dc,dab9088a346b
England,E12000008,E06000060,Buckinghamshire,BUCKI_4e7768578ae9,b5b9c7cc971c
England,E12000008,E06000060,Buckinghamshire,BUCKI_bbc1d6d00e14,77015f63f2b8
England,E12000008,E06000060,Buckinghamshire,BUCKI_c47d95fd3fd8,9058180ef27b
England,E12000008,E06000060,Buckinghamshire,BUCKI_6857d71e0dda,8cf0fe8eb4c5
England,E12000008,E06000060,Buckinghamshire,BUCKI_c2c77e715e02;BUCKI_90c64c5726f8,0614a7ff09f1
England,E12000008,E06000060,Buckinghamshire,BUCKI_07c85cf2ada4,1af7db166073
England,E12000008,E06000060,Buckinghamshire,BUCKI_8b04bf339206,c8102da9ba9c
England,E12000008,E06000060,Buckinghamshire,BUCKI_574f01a2e960,d79d78a9a37a
England,E12000008,E06000060,Buckinghamshire,BUCKI_35418234beea,3bcc35cf6b26
England,E12000008,E06000060,Buckinghamshire,BUCKI_942365171459,33f5d972622c
England,E12000008,E06000060,Buckinghamshire,BUCKI_02c0aeb90094,be7da70a876c
England,E12000008,E06000060,Buckinghamshire,BUCKI_13d36084f2f0,226377c2ba40
England,E12000008,E06000060,Buckinghamshire,BUCKI_ba7de38e2507,77c63818b403
England,E12000008,E06000060,Buckinghamshire,BUCKI_af175286c801,be07aab10c3a
England,E12000008,E06000060,Buckinghamshire,BUCKI_6e679561160e,57ef5738cb90
England,E12000008,E06000060,Buckinghamshire,BUCKI_dc2d0995beaf,0b0eca103d0a
England,E12000008,E06000060,Buckinghamshire,BUCKI_269d2b7e6145,1f96222f7c42
England,E12000008,E06000060,Buckinghamshire,BUCKI_56f3694799b6,bdd6e799cfec
England,E12000008,E06000060,Buckinghamshire,BUCKI_bf4b925f0475,8f502979aa22
England,E12000008,E06000060,Buckinghamshire,BUCKI_b4921692c04a,45b2892d3856
England,E12000008,E06000060,Buckinghamshire,BUCKI_e3398cb4bb87,779068d92027
England,E12000008,E06000060,Buckinghamshire,BUCKI_0ffdcdad55da,69ea9a227efa
England,E12000008,E06000060,Buckinghamshire,BUCKI_1ed09773ca5a,e8122591bb47
England,E12000008,E06000060,Buckinghamshire,BUCKI_a6543620132d,348557385897
England,E12000008,E06000060,Buckinghamshire,BUCKI_5b13cbd76f13,82e29929e767
England,E12000008,E06000060,Buckinghamshire,BUCKI_ae5442301112,cf8cefd7a3be
England,E12000008,E06000060,Buckinghamshire,BUCKI_92b0dd7ad8bd,0c5c33ae50e3
England,E12000008,E06000060,Buckinghamshire,BUCKI_78fce0e7e715,2a491de4b2e8
England,E12000008,E06000060,Buckinghamshire,BUCKI_1a3e902e18df,a26c590fc513
England,E12000008,E06000060,Buckinghamshire,BUCKI_51873d69d311,72c547aa63f3
England,E12000008,E06000060,Buckinghamshire,BUCKI_3446f67cc217,6caee2a883f8
England,E12000008,E06000060,Buckinghamshire,BUCKI_f03a175a3abd,e239093aadb2
England,E12000008,E06000060,Buckinghamshire,BUCKI_8f7198917fa0,b7ad1369e880
England,E12000008,E06000060,Buckinghamshire,BUCKI_d16ccc0e5007,54092d1f6cc9
England,E12000008,E06000060,Buckinghamshire,BUCKI_faf866aae62f,7a8cd057e261
England,E12000008,E06000060,Buckinghamshire,BUCKI_782861796aab,e851d4ea1344
England,E12000008,E06000060,Buckinghamshire,BUCKI_3fbf48b8c1d6,e16a2da3f062
England,E12000008,E06000060,Buckinghamshire,BUCKI_bebd4aeb8e5d,d8798ed1822d
England,E12000008,E06000060,Buckinghamshire,BUCKI_0e71d93564b1;BUCKI_53a99eb5ed4e,6a026f475022
England,E12000008,E06000060,Buckinghamshire,BUCKI_7064273edc4c,2816576ffaba
England,E12000008,E06000060,Buckinghamshire,BUCKI_5c7cac300d2e,83a583ec4694
England,E12000008,E06000060,Buckinghamshire,BUCKI_a8add7f709f1,fc86abd6dff1
England,E12000008,E06000060,Buckinghamshire,BUCKI_6af8c491f68a,245f85479861
England,E12000008,E06000060,Buckinghamshire,BUCKI_03429c9ef456,6d38b89e40b1
England,E12000008,E06000060,Buckinghamshire,BUCKI_caf189570435,1abe5c0bec2c
England,E12000008,E06000060,Buckinghamshire,BUCKI_d4bac5bc052e,a28db24a3b64
England,E12000008,E06000060,Buckinghamshire,BUCKI_f91b5bdeff5f,65d4522cc4ef
England,E12000008,E06000060,Buckinghamshire,BUCKI_08891623ab49,8df8c019f49e
England,E12000008,E06000060,Buckinghamshire,BUCKI_f9b0e2792bb5,c4152d7e8709
England,E12000008,E06000060,Buckinghamshire,BUCKI_1e6c6920e863,d1342577f600
England,E12000008,E06000060,Buckinghamshire,BUCKI_6789ec90c77d,a30ff2e69dd9
England,E12000008,E06000060,Buckinghamshire,BUCKI_b344e7b0a8b3,d2a9d27f3712
England,E12000008,E06000060,Buckinghamshire,BUCKI_85fef2e80f13,50ae99557e37
England,E12000008,E06000060,Buckinghamshire,BUCKI_075d65fb73a2,a6cfbec6c05e
England,E12000008,E06000060,Buckinghamshire,BUCKI_1c9a97bbdd77,af328338535c
England,E12000008,E06000060,Buckinghamshire,BUCKI_18846b77009a,979ef12f4947
England,E12000008,E06000060,Buckinghamshire,BUCKI_79d8410dde6a,1593d103b54c
England,E12000008,E06000060,Buckinghamshire,BUCKI_ef902e85839f,579ff47d8ff0
England,E12000008,E06000060,Buckinghamshire,BUCKI_c55978ffc688,2ddf517e362a
England,E12000008,E06000060,Buckinghamshire,BUCKI_3af5738adcf8,b998d2abb4c5
England,E12000008,E06000060,Buckinghamshire,BUCKI_fb50681f70dd,1a0e65d50efe
England,E12000008,E06000060,Buckinghamshire,BUCKI_f681bb4a041e,b11c9ff6b41b
England,E12000008,E06000060,Buckinghamshire,BUCKI_4106a06f67bb,b9a93578d5fc
England,E12000008,E06000060,Buckinghamshire,BUCKI_3a14729cd851,fc50116668db
England,E12000008,E06000060,Buckinghamshire,BUCKI_c03262d72d2f,7cf272621436
England,E12000008,E06000060,Buckinghamshire,BUCKI_580cd1cd79b8,44d5bb4df309
England,E12000008,E06000060,Buckinghamshire,BUCKI_990b505110b0,59b1302e0ef6
England,E12000008,E06000060,Buckinghamshire,BUCKI_d61e5ea380c9,baa5eecdafc0
England,E12000008,E06000060,Buckinghamshire,BUCKI_a9dfdd8e0330,f5e1701cbebe
England,E12000008,E06000060,Buckinghamshire,BUCKI_0e7ffdef2ea5,5af5a1238eaf
England,E12000008,E06000060,Buckinghamshire,BUCKI_49f32ffa1e58,548bda882e0f
England,E12000008,E06000060,Buckinghamshire,BUCKI_4d881c226bc4,e29a9bc0fd8a
England,E12000008,E06000060,Buckinghamshire,BUCKI_2097f0883cbf,a147ac18f480
England,E12000008,E06000060,Buckinghamshire,BUCKI_0a23a39c0b14,56b58bab1809
England,E12000008,E06000060,Buckinghamshire,BUCKI_122930fb0677,51a61bc4b66d
England,E12000008,E06000060,Buckinghamshire,BUCKI_fa75c5a37d79,8c67be98c84d
England,E12000008,E06000060,Buckinghamshire,BUCKI_d9217fc76705,16c6d5b5a7c2
England,E12000008,E06000060,Buckinghamshire,BUCKI_ccbea5fdbc29;BUCKI_f8d2b95089d1,6d51a865bb06
England,E12000008,E06000060,Buckinghamshire,BUCKI_51586c297b9f,436ee1cda671
England,E12000008,E06000060,Buckinghamshire,BUCKI_66589356ed02,fe287ad82fd8
England,E12000008,E06000060,Buckinghamshire,BUCKI_169f7b4632ba,90c37de19d95
England,E12000008,E06000060,Buckinghamshire,BUCKI_30898dd8a1b5,45f7c967181e
England,E12000008,E06000060,Buckinghamshire,BUCKI_492643a4f9f1,8f53a828d806
England,E12000008,E06000060,Buckinghamshire,BUCKI_e876735a1a2f,cdcb58f402c4
England,E12000008,E06000060,Buckinghamshire,BUCKI_e7f2e787b66c,8eeb4ba6a7f4
England,E12000008,E06000060,Buckinghamshire,BUCKI_4788ef031359,b867520e70ab
England,E12000008,E06000060,Buckinghamshire,BUCKI_208b34fc9f80,80fc2a0cc1e9
England,E12000008,E06000060,Buckinghamshire,BUCKI_522432acfbd6,9ae6bdd5b1fe
England,E12000008,E06000060,Buckinghamshire,BUCKI_24ed1d83ab3b,deb47f3e4f84
England,E12000008,E06000060,Buckinghamshire,BUCKI_cdb148c71e68,1a0a8f53c5df
England,E12000008,E06000060,Buckinghamshire,BUCKI_2f257b7a6659,b1c43cecdc4f
England,E12000008,E06000060,Buckinghamshire,BUCKI_c809c101bd42,cccd43eec714
England,E12000008,E06000060,Buckinghamshire,BUCKI_bdb62758671c,4e5bdadfc66c
England,E12000008,E06000060,Buckinghamshire,BUCKI_96853e846602,15e352099268
England,E12000008,E06000060,Buckinghamshire,BUCKI_b95d017aa0bb,1c50a423202c
England,E12000008,E06000060,Buckinghamshire,BUCKI_f80c4574d928,79fad60a960e
England,E12000008,E06000060,Buckinghamshire,BUCKI_b08d6361f62b,d66476995178
England,E12000008,E06000060,Buckinghamshire,BUCKI_744bccb314a8,4e07cbf967d7
England,E12000008,E06000060,Buckinghamshire,BUCKI_1e7ce71241bf,3704f4bd263e
England,E12000008,E06000060,Buckinghamshire,BUCKI_36a91ff80f0d,4094ad4a29f4
England,E12000008,E06000060,Buckinghamshire,BUCKI_6c95b4489b81,90fb05d6c7fe
England,E12000008,E06000060,Buckinghamshire,BUCKI_71150ed8542e,0c41d0289e73
England,E12000008,E06000060,Buckinghamshire,BUCKI_a754244464ed,a88ccde1c6aa
England,E12000008,E06000060,Buckinghamshire,BUCKI_054a489de1d1,988184a146ae
England,E12000008,E06000060,Buckinghamshire,BUCKI_223f8081bac5,e8986fa0a8f2
England,E12000008,E06000060,Buckinghamshire,BUCKI_98eb18bf8175,d997868aebcd
England,E12000008,E06000060,Buckinghamshire,BUCKI_a54075f313b7,c3a18087e4e8
England,E12000008,E06000060,Buckinghamshire,BUCKI_8e4bb092bbaf,68cfd3b5e377
England,E12000008,E06000060,Buckinghamshire,BUCKI_465c8097fbd7,e4a9983fd538
England,E12000008,E06000060,Buckinghamshire,BUCKI_c791e1f8be0c,fc711dbe60a1
England,E12000008,E06000060,Buckinghamshire,BUCKI_88009a50e280,1f808d1b0a08
England,E12000008,E06000060,Buckinghamshire,BUCKI_2dc659338a46,5b011464fd07
England,E12000008,E06000060,Buckinghamshire,BUCKI_8a810ad63c4b,c309aada73dc
England,E12000008,E06000060,Buckinghamshire,BUCKI_cd14d1fdf469,323a4a42db64
England,E12000008,E06000060,Buckinghamshire,BUCKI_285ac7ce9c8b,2f10c4d8ec3d
England,E12000008,E06000060,Buckinghamshire,BUCKI_2b646a145325,44b46e7f30b0
England,E12000008,E06000060,Buckinghamshire,BUCKI_f5a6a032c89e,98b4dccb1b6e
England,E12000008,E06000060,Buckinghamshire,BUCKI_074d5bc49c6d,18a72dacb343
England,E12000008,E06000060,Buckinghamshire,BUCKI_12f4941ef719,d60e5ec69252
England,E12000008,E06000060,Buckinghamshire,BUCKI_9f32b3e7d21c;BUCKI_a35354f25cdc,e88a2f54b5ff
England,E12000008,E06000060,Buckinghamshire,BUCKI_fff19a54aef1,f4a57ef72fbb
England,E12000008,E06000060,Buckinghamshire,BUCKI_89b7b90eb87f,a9159910a0ae
England,E12000008,E06000060,Buckinghamshire,BUCKI_1901a2c20e1a,16cc07a5ac00
England,E12000008,E06000060,Buckinghamshire,BUCKI_5a5491df2e46,e4e37ea5fbbf
England,E12000008,E06000060,Buckinghamshire,BUCKI_10b4812ee53e,d2cf602b9d0a
England,E12000008,E06000060,Buckinghamshire,BUCKI_4fafec6fb199,b97e1c7557d4
England,E12000008,E06000060,Buckinghamshire,BUCKI_9adb9ae9b340,6c57ce8a8b4f
England,E12000008,E06000060,Buckinghamshire,BUCKI_68cc4540094a,302235d85ef7
England,E12000008,E06000060,Buckinghamshire,BUCKI_f15c6e20f50f,b5ac35d7e4d8
England,E12000008,E06000060,Buckinghamshire,BUCKI_ceda689dc8c6,f28c5063e79c
England,E12000008,E06000060,Buckinghamshire,BUCKI_a60fa8bddc9e,3269eaae5780
England,E12000008,E06000060,Buckinghamshire,BUCKI_19eaeef7d315,e95ad0ab5cab
England,E12000008,E06000060,Buckinghamshire,BUCKI_2a9d96049269,96d6b7a0dfaf
England,E12000008,E06000060,Buckinghamshire,BUCKI_dd8892c81c31,63c3eadc9ccd
England,E12000008,E06000060,Buckinghamshire,BUCKI_5667f3382e06,37234a622bb4
England,E12000008,E06000060,Buckinghamshire,BUCKI_d634d2d60745,90f48a58222e
England,E12000008,E06000060,Buckinghamshire,BUCKI_2d75736d0426,d55f7c3d0718
England,E12000008,E06000060,Buckinghamshire,BUCKI_719cea9c0452,e20b651c6418
England,E12000008,E06000060,Buckinghamshire,BUCKI_e89a90f24be7,e380f54b59d3
England,E12000008,E06000060,Buckinghamshire,BUCKI_0353416df89f,a836fc63f55c
England,E12000008,E06000060,Buckinghamshire,BUCKI_90bc2c6558f8,e84a07e9ddcd
England,E12000008,E06000060,Buckinghamshire,BUCKI_385fb328511f,54abf9948d7d
England,E12000008,E06000060,Buckinghamshire,BUCKI_9eb43f06d5cb;BUCKI_36d9cac9b515,139137e1fcc9
England,E12000008,E06000060,Buckinghamshire,BUCKI_4b7adb14ddb5,3415a82bad1f
England,E12000008,E06000060,Buckinghamshire,BUCKI_5b9d34ee409c,160f95f3314b
England,E12000008,E06000060,Buckinghamshire,BUCKI_90efdb7f88d0,706fcc2d6372
England,E12000008,E06000060,Buckinghamshire,BUCKI_c98d7b8fc025,8a23c11d7e4c
England,E12000008,E06000060,Buckinghamshire,BUCKI_96f14b5f7147,4b4233620962
England,E12000008,E06000060,Buckinghamshire,BUCKI_ebd7cce09e94,c2362cc4e279
England,E12000008,E06000060,Buckinghamshire,BUCKI_ca258e904498,b72535cf17de
England,E12000008,E06000060,Buckinghamshire,BUCKI_18712fad36ad,c6b75686374d
England,E12000008,E06000060,Buckinghamshire,BUCKI_3409d2e7e4cb,340407a367db
England,E12000008,E06000060,Buckinghamshire,BUCKI_b43feef4a4d3,da2d19b83996
England,E12000008,E06000060,Buckinghamshire,BUCKI_02ad1684e487,66f9db2f5b41
England,E12000008,E06000060,Buckinghamshire,BUCKI_6afc98748019,13864c114925
England,E12000008,E06000060,Buckinghamshire,BUCKI_84ae0f593ab1,1e2a78d49e14
England,E12000008,E06000060,Buckinghamshire,BUCKI_f7c6bf1f95d0,19860b896bd8
England,E12000008,E06000060,Buckinghamshire,BUCKI_c9b9132dbe4d,abcb685af414
England,E12000008,E06000060,Buckinghamshire,BUCKI_eb73259fc0df,2d48365bba1e
England,E12000008,E06000060,Buckinghamshire,BUCKI_4128978d3df4;BUCKI_e6d79034696b,dcb44ba72a3b
England,E12000008,E06000060,Buckinghamshire,BUCKI_8b18e6bab54a,8941b0fe760b
England,E12000008,E06000060,Buckinghamshire,BUCKI_6c6466323a61,0a0317b8826f
England,E12000008,E06000060,Buckinghamshire,BUCKI_cb382c5cde49,8453e7822f97
England,E12000008,E06000060,Buckinghamshire,BUCKI_c5456d07b0be,fd09e32e1a9d
England,E12000008,E06000060,Buckinghamshire,BUCKI_0fcd35569da8,23c4cc984437
England,E12000008,E06000060,Buckinghamshire,BUCKI_fa9c48366bdb,3e1a7ca8b20c
England,E12000008,E06000060,Buckinghamshire,BUCKI_96b39db911c0,b95c0dc749ed
England,E12000008,E06000060,Buckinghamshire,BUCKI_5b70e7537e38,171418f80730
England,E12000008,E06000060,Buckinghamshire,BUCKI_8f75d1cc608b,6ae6cba2faa2
England,E12000008,E06000060,Buckinghamshire,BUCKI_8c0cbf426819,40c6776e44ed
England,E12000008,E06000060,Buckinghamshire,BUCKI_c074cd8ce793;BUCKI_bc42d2777912;BUCKI_7ca4d0f40015,e785865f6182
England,E12000008,E06000060,Buckinghamshire,BUCKI_44b472ee2a1d,6fc1ec78c534
England,E12000008,E06000060,Buckinghamshire,BUCKI_4d7fa892c4e7,54c851f6c64a
England,E12000008,E06000060,Buckinghamshire,BUCKI_bef2c6e3192b,5ae66af6b160
England,E12000008,E06000060,Buckinghamshire,BUCKI_a274871fb6be,1ded674132de
England,E12000008,E06000060,Buckinghamshire,BUCKI_a3a61446db56,36dddbfd0013
England,E12000008,E06000060,Buckinghamshire,BUCKI_59ed590ff912,e6f299eee17d
England,E12000008,E06000060,Buckinghamshire,BUCKI_58765c6629b3,63927c65dc6d
England,E12000008,E06000060,Buckinghamshire,BUCKI_413a27ad8fad,9c72da440227
England,E12000008,E06000060,Buckinghamshire,BUCKI_39b87db5910f,3c93af966e65
England,E12000008,E06000060,Buckinghamshire,BUCKI_b1c4933f4c89,7b7ffba76e31
England,E12000008,E06000060,Buckinghamshire,BUCKI_9b263dcd5689,c0fa01d2d097
England,E12000008,E06000060,Buckinghamshire,BUCKI_bf6e9f1389f5,692ad1a94487
England,E12000008,E06000060,Buckinghamshire,BUCKI_e52f0565a178,607973d4c5e0
England,E12000008,E06000060,Buckinghamshire,BUCKI_dc0f2460171c,75ddf4463aa3
England,E12000008,E06000060,Buckinghamshire,BUCKI_2780c7375bce,c6ef21bd613c
England,E12000008,E06000060,Buckinghamshire,BUCKI_1c6b925ac820,e1a1172509ed
England,E12000008,E06000060,Buckinghamshire,BUCKI_dee6273204d1,b43844d68b6c
England,E12000008,E06000060,Buckinghamshire,BUCKI_7f4febce8adc,fd6f0cb840ec
England,E12000008,E06000060,Buckinghamshire,BUCKI_5c156a320eb2,ea2265e08f9e
England,E12000008,E06000060,Buckinghamshire,BUCKI_db8ef2df44a6,47d5f9e8dfd4
England,E12000008,E06000060,Buckinghamshire,BUCKI_1a86ea7f8e99,19db430abda8
England,E12000008,E06000060,Buckinghamshire,BUCKI_27bbd202bef6,a22404527305
England,E12000008,E06000060,Buckinghamshire,BUCKI_c3f6de6fa602,9626193ca0d2
England,E12000008,E06000060,Buckinghamshire,BUCKI_0cecdaced439,5437d10373a3
England,E12000008,E06000060,Buckinghamshire,BUCKI_faa61acbe122,fbd7bd9fb9a8
England,E12000008,E06000060,Buckinghamshire,BUCKI_6831b2185f67,7df43c4a10f9
England,E12000008,E06000060,Buckinghamshire,BUCKI_5316b3561a23,36cf8ea643ce
England,E12000008,E06000060,Buckinghamshire,BUCKI_3b772189eb4f,17236c7d4ed9
England,E12000008,E06000060,Buckinghamshire,BUCKI_810474700f71,68930ab353ad
England,E12000008,E06000060,Buckinghamshire,BUCKI_a373abf69757,37ae0ef07bbf
England,E12000008,E06000060,Buckinghamshire,BUCKI_58feed019aa7,0da7aaefa522
England,E12000008,E06000060,Buckinghamshire,BUCKI_4b7aeb5bb74d,0866085634ab
England,E12000008,E06000060,Buckinghamshire,BUCKI_74122c4064b1,729ecf7a0bcc
England,E12000008,E06000060,Buckinghamshire,BUCKI_1c0c8bcadac2,eb523d8d7e3a
England,E12000008,E06000060,Buckinghamshire,BUCKI_d6fdd662c428,1495c5d10bfd
England,E12000008,E06000060,Buckinghamshire,BUCKI_0505b8463e64,096d5b24146b
England,E12000008,E06000060,Buckinghamshire,BUCKI_df09c29953a1,4a0c4775a42a
England,E12000008,E06000060,Buckinghamshire,BUCKI_83c7a2896c0a,2ccafaabc2c6
England,E12000008,E06000060,Buckinghamshire,BUCKI_28985e725b7a,2645887ad564
England,E12000008,E06000060,Buckinghamshire,BUCKI_8d23b6d1684d,081fe3016497
England,E12000008,E06000060,Buckinghamshire,BUCKI_27b3c8e8c798,3a5c1301582c
England,E12000008,E06000060,Buckinghamshire,BUCKI_dd00678a424c,4f68671c11a2
England,E12000008,E06000060,Buckinghamshire,BUCKI_74d19409ccba,034904ebb95d
England,E12000008,E06000060,Buckinghamshire,BUCKI_c62c899eea48,2076bcd82eaf
England,E12000008,E06000060,Buckinghamshire,BUCKI_b17c109754ab,b667df77a24c
England,E12000008,E06000060,Buckinghamshire,BUCKI_e95367dbc806,2885b132bd55
England,E12000008,E06000060,Buckinghamshire,BUCKI_fc88843b1a94,d9e9e78c35b1
England,E12000008,E06000060,Buckinghamshire,BUCKI_b82db2570099,ead8a777f977
England,E12000008,E06000060,Buckinghamshire,BUCKI_1fbf0732fc71,be1624c52388
England,E12000008,E06000060,Buckinghamshire,BUCKI_53a0900dff9e,082cfab416e9
England,E12000008,E06000060,Buckinghamshire,BUCKI_bf39b3fe9ea4,a66ee5f96647
England,E12000008,E06000060,Buckinghamshire,BUCKI_96d06bc1c76a,4fbbc6c58457
England,E12000008,E06000060,Buckinghamshire,BUCKI_339e0d88c6fc,578b0c7a6b71
England,E12000008,E06000060,Buckinghamshire,BUCKI_3ca080ff404e,221409980b6b
England,E12000008,E06000060,Buckinghamshire,BUCKI_9f8b34f0d208,b1ba487a4d62
England,E12000008,E06000060,Buckinghamshire,BUCKI_741763ac04cc,5c1036676c16
England,E12000008,E06000060,Buckinghamshire,BUCKI_499fbb402048,adf5bc5cc8b7
England,E12000008,E06000060,Buckinghamshire,BUCKI_59ac4f4234d6,1d46646be649
England,E12000008,E06000060,Buckinghamshire,BUCKI_d19c484c4b71,39773befc10e
England,E12000008,E06000060,Buckinghamshire,BUCKI_a4403978a08a,54084bf08b00
England,E12000008,E06000060,Buckinghamshire,BUCKI_a74c471b74de,92aa17876d46
England,E12000008,E06000060,Buckinghamshire,BUCKI_a00707bdaf62,65f50513ed6b
England,E12000008,E06000060,Buckinghamshire,BUCKI_fc498c592c22,d09d13cd1ce8
England,E12000008,E06000060,Buckinghamshire,BUCKI_383305b46db4,c8e17a1acf97
England,E12000008,E06000060,Buckinghamshire,BUCKI_5ead30bcbc6e,1cdbb1033f7d
England,E12000008,E06000060,Buckinghamshire,BUCKI_5ad45f43a88d,ed5f06f9a404
England,E12000008,E06000060,Buckinghamshire,BUCKI_4354831ffdd7,568b28df02d4
England,E12000008,E06000060,Buckinghamshire,BUCKI_0379bdade445,ef47712efd2f
England,E12000008,E06000060,Buckinghamshire,BUCKI_b17561349771,72e3277348c1
England,E12000008,E06000060,Buckinghamshire,BUCKI_c732ef01bd9d,2f3a77b1bed9
England,E12000008,E06000060,Buckinghamshire,BUCKI_22d63ac0fb09,6f9ea1c9d5c3
England,E12000008,E06000060,Buckinghamshire,BUCKI_a8bb205fc295,1e2c97194675
England,E12000008,E06000060,Buckinghamshire,BUCKI_67fb172b720a,927de555c5a1
England,E12000008,E06000060,Buckinghamshire,BUCKI_4752da711b6f,7e3064c86163
England,E12000008,E06000060,Buckinghamshire,BUCKI_d3e08d96d236,347259641c77
England,E12000008,E06000060,Buckinghamshire,BUCKI_e333743affcd,e9c13a499ee6
England,E12000008,E06000060,Buckinghamshire,BUCKI_58773e0e9507,40c9d187d9c4
England,E12000008,E06000060,Buckinghamshire,BUCKI_9e58f8e737b2,1e0353ac47d2
England,E12000008,E06000060,Buckinghamshire,BUCKI_6d17a08f03c1,40e058bc72e7
England,E12000008,E06000060,Buckinghamshire,BUCKI_427388b9c310,563de1141db7
England,E12000008,E06000060,Buckinghamshire,BUCKI_495a96f9fce6,a9155442d73e
England,E12000008,E06000060,Buckinghamshire,BUCKI_c4b02acf3ec0,7f5ef6a05993
England,E12000008,E06000060,Buckinghamshire,BUCKI_8df7250e1e92,4b334d720997
England,E12000008,E06000060,Buckinghamshire,BUCKI_3da0b6205a5d,f8bb278040f7
England,E12000008,E06000060,Buckinghamshire,BUCKI_63a170fc115b,66595d7c5803
England,E12000008,E06000060,Buckinghamshire,BUCKI_3435466c9d24,2187aeb92639
England,E12000008,E06000060,Buckinghamshire,BUCKI_1dd924b25d29,ec236e6bcf41
England,E12000008,E06000060,Buckinghamshire,BUCKI_56774be9b0dc,f974d0ab94ba
England,E12000008,E06000060,Buckinghamshire,BUCKI_6048c9575785,01594bb324dd
England,E12000008,E06000060,Buckinghamshire,BUCKI_ff8d69cb6be2,4db614b6fb06
England,E12000008,E06000060,Buckinghamshire,BUCKI_a1e0a71bbb70,dab52d3eb6ce
England,E12000008,E06000060,Buckinghamshire,BUCKI_b62a0b78f91c,8e3554187165
England,E12000008,E06000060,Buckinghamshire,BUCKI_8c5019912379,9e763dbcd777
England,E12000008,E06000060,Buckinghamshire,BUCKI_491272d1a593,96a5daa96e74
England,E12000008,E06000060,Buckinghamshire,BUCKI_7980dd5395d3,ab73db4eb941
England,E12000008,E06000060,Buckinghamshire,BUCKI_7ccdb0a3c3d5;BUCKI_8c7a42378a4b;BUCKI_75905b0e323f,3b4a78445f49
England,E12000008,E06000060,Buckinghamshire,BUCKI_26c1933eada4,4e0f6f592ab2
England,E12000008,E06000060,Buckinghamshire,BUCKI_2d3b1a67ecd2,dea312cbe2fd
England,E12000008,E06000060,Buckinghamshire,BUCKI_4d6be2cae974;BUCKI_374eebb074bf;BUCKI_621b52223ef1,187c56ab89e2
England,E12000008,E06000060,Buckinghamshire,BUCKI_eb2877616078,44b9900a333e
England,E12000008,E06000060,Buckinghamshire,BUCKI_e5ff065df478,3d1a186d6e1b
England,E12000008,E06000060,Buckinghamshire,BUCKI_02f9d6685dcd,ccbcc428bae7
England,E12000008,E06000060,Buckinghamshire,BUCKI_a0fdac6d5040,12aa87a815e8
England,E12000008,E06000060,Buckinghamshire,BUCKI_a8ee1d07e1f6,ce19bd4062b3
England,E12000008,E06000060,Buckinghamshire,BUCKI_c68706b722c3,e2dcc8316cbd
England,E12000008,E06000060,Buckinghamshire,BUCKI_d46914aed36c,4e7a59a2cbe2
England,E12000008,E06000060,Buckinghamshire,BUCKI_b84903e652db,a07015e310ef
England,E12000008,E06000060,Buckinghamshire,BUCKI_883a965617a6,5058c8037cf4
England,E12000008,E06000060,Buckinghamshire,BUCKI_79bf09b7c63c,c2204f0caece
England,E12000008,E06000060,Buckinghamshire,BUCKI_9986618f0927,662d3beebaca
England,E12000008,E06000060,Buckinghamshire,BUCKI_fdc0ddc27eb2,cc37d9f0e84b
England,E12000008,E06000060,Buckinghamshire,BUCKI_c8a5111f9d3f,9296b1d55527
England,E12000008,E06000060,Buckinghamshire,BUCKI_f200a33ca439,91c8c8bdfddd
England,E12000008,E06000060,Buckinghamshire,BUCKI_39ac8357a870,3cbbed2cfbc2
England,E12000008,E06000060,Buckinghamshire,BUCKI_4e68d47aaa42,007990229e13
England,E12000008,E06000060,Buckinghamshire,BUCKI_a546c198b751,52ac750e2398
England,E12000008,E06000060,Buckinghamshire,BUCKI_c495ffa8fa8c,49501a976707
England,E12000008,E06000060,Buckinghamshire,BUCKI_fdbe83578df4,6abc444049a1
England,E12000008,E06000060,Buckinghamshire,BUCKI_1c49415552ea,d424483310e4
England,E12000008,E06000060,Buckinghamshire,BUCKI_ed74d28276cc,c8aee35d5ee6
England,E12000008,E06000060,Buckinghamshire,BUCKI_1296d48abb81,6ad5c3df6594
England,E12000008,E06000060,Buckinghamshire,BUCKI_eb6c5d3d8ba6,09bdce044f97
England,E12000008,E06000060,Buckinghamshire,BUCKI_02156661c24c,6cb9241a247e
England,E12000008,E06000060,Buckinghamshire,BUCKI_0760c092ba84,cd02d2882452
England,E12000008,E06000060,Buckinghamshire,BUCKI_c13f5b850c0f,d82783c4a424
England,E12000008,E06000060,Buckinghamshire,BUCKI_127ae21ad58c,8102fd4ae0be
England,E12000008,E06000060,Buckinghamshire,BUCKI_2b013e197b78,2a996a00783d
England,E12000008,E06000060,Buckinghamshire,BUCKI_385ade37e51d,cf88123833f5
England,E12000008,E06000060,Buckinghamshire,BUCKI_59221e8e893e,fd4f033919f6
England,E12000008,E06000060,Buckinghamshire,BUCKI_66c67a685dbe,d08cd69a2c87
England,E12000008,E06000060,Buckinghamshire,BUCKI_06dd053ef98c,9d21d9129151
England,E12000008,E06000060,Buckinghamshire,BUCKI_2a6722e9b76a,d325c98d0b45
England,E12000008,E06000060,Buckinghamshire,BUCKI_183f5df45a1d,7a801b637a9b
England,E12000008,E06000060,Buckinghamshire,BUCKI_dcc3fae804ae,3927828a09c0
England,E12000008,E06000060,Buckinghamshire,BUCKI_82d6bac4cc56,27ef4710b090
England,E12000008,E06000060,Buckinghamshire,BUCKI_cc572d2fefe2,e4c4c60cd795
England,E12000008,E06000060,Buckinghamshire,BUCKI_6fd8bab2108b,f98ff3db6d7d
England,E12000008,E06000060,Buckinghamshire,BUCKI_bb978c33fa9a,6072c45dfe2d
England,E12000008,E06000060,Buckinghamshire,BUCKI_d8b73e7378bb,5cb93663f9b7
England,E12000008,E06000060,Buckinghamshire,BUCKI_189351916f14,cbfc3bc8d0f8
England,E12000008,E06000060,Buckinghamshire,BUCKI_ce608d677e7a,310be2bba727
England,E12000008,E06000060,Buckinghamshire,BUCKI_a92121294676,8f495f79d581
England,E12000008,E06000060,Buckinghamshire,BUCKI_e19c7c835bb0,d2bb60fa6c28
England,E12000008,E06000060,Buckinghamshire,BUCKI_9b6d60902064,c595a03f4e3e
England,E12000008,E06000060,Buckinghamshire,BUCKI_b7f8985d2d63,a481d5c4db10
England,E12000008,E06000060,Buckinghamshire,BUCKI_4eb43389493c,cd52cc1a94ac
England,E12000008,E06000060,Buckinghamshire,BUCKI_d17d4551c970,6d54c62f1e7d
England,E12000008,E06000060,Buckinghamshire,BUCKI_e8c9acd0cc08,6cc2eb09da52
England,E12000008,E06000060,Buckinghamshire,BUCKI_a59529bb8b6f,79b302b62b1d
England,E12000008,E06000060,Buckinghamshire,BUCKI_45d15456cab3,4e6586859d77
England,E12000008,E06000060,Buckinghamshire,BUCKI_b7cc3b37b8bd,82ec1e7b8763
England,E12000008,E06000060,Buckinghamshire,BUCKI_830994f1e9db,8be930fbad42
England,E12000008,E06000060,Buckinghamshire,BUCKI_4524764184ce,d33664b87986
England,E12000008,E06000060,Buckinghamshire,BUCKI_7ddba97b0537,f8c82705b50c
England,E12000008,E06000060,Buckinghamshire,BUCKI_7ff8d354a442,eb8026c1241f
England,E12000008,E06000060,Buckinghamshire,BUCKI_2081688490f3,4ac5d2660fb7
England,E12000008,E06000060,Buckinghamshire,BUCKI_3860b5b9430c,670d4401f0d0
England,E12000008,E06000060,Buckinghamshire,BUCKI_ceddd12de694,add87978ccdf
England,E12000008,E06000060,Buckinghamshire,BUCKI_8c4373a83536,7d1057263594
England,E12000008,E06000060,Buckinghamshire,BUCKI_12a502dd7f56,57f3354ac73a
England,E12000008,E06000060,Buckinghamshire,BUCKI_6b8a305b6c56,d4e41e59cb5c
England,E12000008,E06000060,Buckinghamshire,BUCKI_804544eb3701,b8f7e7f419ac
England,E12000008,E06000060,Buckinghamshire,BUCKI_9db4ef828d6b,85c3aa908333
England,E12000008,E06000060,Buckinghamshire,BUCKI_4725ac37f340,cdd9f41c1218
England,E12000008,E06000060,Buckinghamshire,BUCKI_82ea957af933,5cc1dde6db36
England,E12000008,E06000060,Buckinghamshire,BUCKI_e802ec2c90ee,cb34432eb8ff
England,E12000008,E06000060,Buckinghamshire,BUCKI_af8a06e0e2de,ef51a5202652
England,E12000008,E06000060,Buckinghamshire,BUCKI_c5075e4ba68e,5101782088f2
England,E12000008,E06000060,Buckinghamshire,BUCKI_c743d8f97919,eb95cb3f5347
England,E12000008,E06000060,Buckinghamshire,BUCKI_cc7978a49a74,959342dd336e
England,E12000008,E06000060,Buckinghamshire,BUCKI_6b7898470237,d16c8c3ed21e
England,E12000008,E06000060,Buckinghamshire,BUCKI_5123afc5e282,deb26011ec49
England,E12000008,E06000060,Buckinghamshire,BUCKI_6542fe8461d6,1f4937073d68
England,E12000008,E06000060,Buckinghamshire,BUCKI_5ee44e1525fe,ec0488233a97
England,E12000008,E06000060,Buckinghamshire,BUCKI_875846c7ca11,a2d81b965d07
England,E12000008,E06000060,Buckinghamshire,BUCKI_57b8c475947a,c565a71f4031
England,E12000008,E06000060,Buckinghamshire,BUCKI_ab670aae4db1,7160278c3fcf
England,E12000008,E06000060,Buckinghamshire,BUCKI_214a02aff0d5,d1d8f7022769
England,E12000008,E06000060,Buckinghamshire,BUCKI_c71f605fd636,312c34545429
England,E12000008,E06000060,Buckinghamshire,BUCKI_4a0cb97ea1b3,33edf6f788b2
England,E12000008,E06000060,Buckinghamshire,BUCKI_b93da791a90b,6a75b853beb4
England,E12000008,E06000060,Buckinghamshire,BUCKI_91a33b5d4a04,cfa34a8a43c6
England,E12000008,E06000060,Buckinghamshire,BUCKI_c16055f69b71,ed8350fb381c
England,E12000008,E06000060,Buckinghamshire,BUCKI_8d1436971621,6ebc005b48b4
England,E12000008,E06000060,Buckinghamshire,BUCKI_fbe8792b442e,8154f8bf8fbf
England,E12000008,E06000060,Buckinghamshire,BUCKI_5d67527805c6,9348c6f7dbb9
England,E12000008,E06000060,Buckinghamshire,BUCKI_b3861c4b64d8,f74af6bbbd64
England,E12000008,E06000060,Buckinghamshire,BUCKI_3d91981e48ed,970d37f68b15
England,E12000008,E06000060,Buckinghamshire,BUCKI_b88cf331a1de,f39fc4ed665b
England,E12000008,E06000060,Buckinghamshire,BUCKI_60c723843e2a,80c1a87da7c2
England,E12000008,E06000060,Buckinghamshire,BUCKI_e8aa36fa0585,8e0d6c0a5148
England,E12000008,E06000060,Buckinghamshire,BUCKI_8f20b4c01c7f,440e061c8ab7
England,E12000008,E06000060,Buckinghamshire,BUCKI_e98e9df5fecc,285a762cb09f
England,E12000008,E06000060,Buckinghamshire,BUCKI_7f372bd5aaa5,a646198f06c8
England,E12000008,E06000060,Buckinghamshire,BUCKI_a78a5e096309,531b2aa393dc
England,E12000008,E06000060,Buckinghamshire,BUCKI_191a5f45ccbe,5d07bf139bcd
England,E12000008,E06000060,Buckinghamshire,BUCKI_e30481ed9873,251175449f82
England,E12000008,E06000060,Buckinghamshire,BUCKI_227bef6faca4,973640966eb0
England,E12000008,E06000060,Buckinghamshire,BUCKI_f05ab1dce0eb,3fb9f8ea750d
England,E12000008,E06000060,Buckinghamshire,BUCKI_7785fef024b6,7800973c7555
England,E12000008,E06000060,Buckinghamshire,BUCKI_485c3839c57b,3b38d7b66d13
England,E12000008,E06000060,Buckinghamshire,BUCKI_cbba75c2cbd6,d4d7c79cd6ae
England,E12000008,E06000060,Buckinghamshire,BUCKI_cefb0b0959ee,91e4ed8eb0f1
England,E12000008,E06000060,Buckinghamshire,BUCKI_a38893b13ae1,90c346b6cf43
England,E12000008,E06000060,Buckinghamshire,BUCKI_1ef394cba78d,a62ee2c8a11c
England,E12000008,E06000060,Buckinghamshire,BUCKI_32dee9fce071,a33488a7e146
England,E12000008,E06000060,Buckinghamshire,BUCKI_0c5e90c1da22,b068b95e5492
England,E12000008,E06000060,Buckinghamshire,BUCKI_578a4c985bb9,256dbbfae69a
England,E12000008,E06000060,Buckinghamshire,BUCKI_46192b1629b9,e9301faaced6
England,E12000008,E06000060,Buckinghamshire,BUCKI_63c96cc28897,80066f10d139
England,E12000008,E06000060,Buckinghamshire,BUCKI_0c63a96321b5,f033e73fc45f
England,E12000008,E06000060,Buckinghamshire,BUCKI_8b6837d81eb3,00979537ae0b
England,E12000008,E06000060,Buckinghamshire,BUCKI_5c4e51f4aa55,24a68a13557b
England,E12000008,E06000060,Buckinghamshire,BUCKI_8118cd36d6d3,66d426614047
England,E12000008,E06000060,Buckinghamshire,BUCKI_d8d1c516bce4,c612603e84cd
England,E12000008,E06000060,Buckinghamshire,BUCKI_c9345f54e113,d7ddfba7e721
England,E12000008,E06000060,Buckinghamshire,BUCKI_c533a302912c,d0373183b1ef
England,E12000008,E06000060,Buckinghamshire,BUCKI_9a4b36182b01,1f0034b25691
England,E12000008,E06000060,Buckinghamshire,BUCKI_d69fb69a154b,f9ae1419ee18
England,E12000008,E06000060,Buckinghamshire,BUCKI_835452a598f7,5d6e141ab297
England,E12000008,E06000060,Buckinghamshire,BUCKI_fa769ddab9d4,aaa457997440
England,E12000008,E06000060,Buckinghamshire,BUCKI_470b91d60bdb,26139714ef9f
England,E12000008,E06000060,Buckinghamshire,BUCKI_76d094445ee8,d836ae9e4d4f
England,E12000008,E06000060,Buckinghamshire,BUCKI_1b409fe0b3e5,0a92cb1014b2
England,E12000008,E06000060,Buckinghamshire,BUCKI_d062be475fac,e84e2be1d5a1
England,E12000008,E06000060,Buckinghamshire,BUCKI_bb5f6e42fcb3,a8052d6b76d5
England,E12000008,E06000060,Buckinghamshire,BUCKI_6f2036b96238,abc30773d2a8
England,E12000008,E06000060,Buckinghamshire,BUCKI_808442fcf1a0,8eb95f8c09ca
England,E12000008,E06000060,Buckinghamshire,BUCKI_7a505350b1c9,b155067a09a6
England,E12000008,E06000060,Buckinghamshire,BUCKI_4c5864945dd2,07fcd0582cbf
England,E12000008,E06000060,Buckinghamshire,BUCKI_b20eb8fcd1df,4afb12cdcffc
England,E12000008,E06000060,Buckinghamshire,BUCKI_b51102794434,be74a0d6caa2
England,E12000008,E06000060,Buckinghamshire,BUCKI_6df71aa059cd,2b2eab3fa67f
England,E12000008,E06000060,Buckinghamshire,BUCKI_fcccb2fc25da,b0a966ccac34
England,E12000008,E06000060,Buckinghamshire,BUCKI_fa1b42ba2960,b4db68df222f
England,E12000008,E06000060,Buckinghamshire,BUCKI_1c31e68ed351,a819795daf84
England,E12000008,E06000060,Buckinghamshire,BUCKI_db918e8fb6c5,0716746e4291
England,E12000008,E06000060,Buckinghamshire,BUCKI_d8228947f5bb,552a187a15b5
England,E12000008,E06000060,Buckinghamshire,BUCKI_3d5a026cd7ab,a2e64d6215cd
England,E12000008,E06000060,Buckinghamshire,BUCKI_f7ea1a3ed5cf,b70ab95ee72f
England,E12000008,E06000060,Buckinghamshire,BUCKI_377cd32bdad8,fce6781c549d
England,E12000008,E06000060,Buckinghamshire,BUCKI_4bf3d5b12ff2,9bd1f84f069b
England,E12000008,E06000060,Buckinghamshire,BUCKI_2770d73432ac,710266a3605e
England,E12000008,E06000060,Buckinghamshire,BUCKI_7320c749f906,bffaa4b78a9c
England,E12000008,E06000060,Buckinghamshire,BUCKI_8f80dfe67a02,3691bbce3a30
England,E12000008,E06000060,Buckinghamshire,BUCKI_508a74ef5f32,98dd38034bac
England,E12000008,E06000060,Buckinghamshire,BUCKI_69514d7e57b5,8c54cda8bc24
England,E12000008,E06000060,Buckinghamshire,BUCKI_703d48e3ec60,8900738748a6
England,E12000008,E06000060,Buckinghamshire,BUCKI_d01220cc4d41,11cc95d4765e
England,E12000008,E06000060,Buckinghamshire,BUCKI_dd01d7411cc9,6f741e0f84eb
England,E12000008,E06000060,Buckinghamshire,BUCKI_aa1d2fc0b780,05934c04e520
England,E12000008,E06000060,Buckinghamshire,BUCKI_e7f78c7034c7,b84e4410acfa
England,E12000008,E06000060,Buckinghamshire,BUCKI_d84ddcd21d6a,d9ab4bcf8dc4
England,E12000008,E06000060,Buckinghamshire,BUCKI_0e19b77271bc,edbd77afb94f
England,E12000008,E06000060,Buckinghamshire,BUCKI_2a4bbabf9ece,e41154c7d8bb
England,E12000008,E06000060,Buckinghamshire,BUCKI_aaf5093cbc3e,c286104f99a2
England,E12000008,E06000060,Buckinghamshire,BUCKI_7acd282781ce,d3dcf9cd5143
England,E12000008,E06000060,Buckinghamshire,BUCKI_5ccabfc54cb3,2548acf821e5
England,E12000008,E06000060,Buckinghamshire,BUCKI_25af024ad163,e2173a8fc9db
England,E12000008,E06000060,Buckinghamshire,BUCKI_dd7c0de5a161,59429ceb6453
England,E12000008,E06000060,Buckinghamshire,BUCKI_0a4605442ee8,60f4084bc7ad
England,E12000008,E06000060,Buckinghamshire,BUCKI_35cadab7c060,3b5bb58b1c7c
England,E12000008,E06000060,Buckinghamshire,BUCKI_f65c7b864c52,1687e2a46973
England,E12000008,E06000060,Buckinghamshire,BUCKI_3ab5f89df678,188124e08611
England,E12000008,E06000060,Buckinghamshire,BUCKI_e405c1e62647,2a7b142c67e2
England,E12000008,E06000060,Buckinghamshire,BUCKI_da13c834a19c,fa5647339810
England,E12000008,E06000060,Buckinghamshire,BUCKI_cac4971f125e,ac61e4f88ad2
England,E12000008,E06000060,Buckinghamshire,BUCKI_b0235905eca1,9a45b57b7eb3
England,E12000008,E06000060,Buckinghamshire,BUCKI_031a442589c4,1c85387e024c
England,E12000008,E06000060,Buckinghamshire,BUCKI_12cf3cadc98f,5021bd23e4ab
England,E12000008,E06000060,Buckinghamshire,BUCKI_df7ffadbec19,af86c1b78a32
England,E12000008,E06000060,Buckinghamshire,BUCKI_d51bfb481f36,8781ca0ce307
England,E12000008,E06000060,Buckinghamshire,BUCKI_ff2a7346aa2e,1d57c9ea2a36
England,E12000008,E06000060,Buckinghamshire,BUCKI_411ed10d53a0,bf93789a685e
England,E12000008,E06000060,Buckinghamshire,BUCKI_5f70937545a9,b3c1ec97f9ad
England,E12000008,E06000060,Buckinghamshire,BUCKI_4340883abd72,57c0bbd10369
England,E12000008,E06000060,Buckinghamshire,BUCKI_1515e5f490d7,0f76cacd3b3b
England,E12000008,E06000060,Buckinghamshire,BUCKI_be80862fea96,47fe0ef072d9
England,E12000008,E06000060,Buckinghamshire,BUCKI_58efce282dd2,b5e9a1b594a2
England,E12000008,E06000060,Buckinghamshire,BUCKI_9e576edafe9b,24bc48c05f08
England,E12000008,E06000060,Buckinghamshire,BUCKI_1212adae2c41,346fbeb0bbd2
England,E12000008,E06000060,Buckinghamshire,BUCKI_f391da602176,feb0bf84d45e
England,E12000008,E06000060,Buckinghamshire,BUCKI_6dc823a920d0,ff5f3f73aa58
England,E12000008,E06000060,Buckinghamshire,BUCKI_100e428622e9,322c1cca5c96
England,E12000008,E06000060,Buckinghamshire,BUCKI_3d4aec49fd9a,af74fc0fd457
England,E12000008,E06000060,Buckinghamshire,BUCKI_c5d2b5616586,97e3b3538570
England,E12000008,E06000060,Buckinghamshire,BUCKI_c4a1e8d55291,bd3f00214784
England,E12000008,E06000060,Buckinghamshire,BUCKI_ac92b56f4056,358a3b42bd62
England,E12000008,E06000060,Buckinghamshire,BUCKI_77251541fee5,bebc97718679
England,E12000008,E06000060,Buckinghamshire,BUCKI_de0dff87e9e6,96d7e6143108
England,E12000008,E06000060,Buckinghamshire,BUCKI_e3a53a30f9af,ea9a43226b44
England,E12000008,E06000060,Buckinghamshire,BUCKI_8fbc1352f5ff,710457859aa2
England,E12000008,E06000060,Buckinghamshire,BUCKI_b18dc1d4696a,591888da05da
England,E12000008,E06000060,Buckinghamshire,BUCKI_3b467163c5ff,75e6039e1002
England,E12000008,E06000060,Buckinghamshire,BUCKI_59ef487597a6,2a6b8cf881f0
England,E12000008,E06000060,Buckinghamshire,BUCKI_e4033b6409b6,9c5cc02fca24
England,E12000008,E06000060,Buckinghamshire,BUCKI_6f958354efdd,08ef67d25c13
England,E12000008,E06000060,Buckinghamshire,BUCKI_18616de1800d,e732dc91433e
England,E12000008,E06000060,Buckinghamshire,BUCKI_7b38fa6d443e,a8f0295501d2
England,E12000008,E06000060,Buckinghamshire,BUCKI_4cab0322eac2,dd52ad7cd2e5
England,E12000008,E06000060,Buckinghamshire,BUCKI_adf544e1d24a,b6c7a830e0d1
England,E12000008,E06000060,Buckinghamshire,BUCKI_ae83b0664adb,8ca271c8d849
England,E12000008,E06000060,Buckinghamshire,BUCKI_8daa71bea3a2,2cbd479acf8e
England,E12000008,E06000060,Buckinghamshire,BUCKI_742e97cac498,6e0cc185d3e5
England,E12000008,E06000060,Buckinghamshire,BUCKI_98cf87506e6a,f8921054fce0
England,E12000008,E06000060,Buckinghamshire,BUCKI_999db7999bc5,aa44ddde2fee
England,E12000008,E06000060,Buckinghamshire,BUCKI_d1e0830258e8,a982d3dfa6ba
England,E12000008,E06000060,Buckinghamshire,BUCKI_784f370aa6f3,923a46d3e3fe
England,E12000008,E06000060,Buckinghamshire,BUCKI_f4aa80865cba,e9c92b044167
England,E12000008,E06000060,Buckinghamshire,BUCKI_a5e0b9a57f0f,821e7a44b7c2
England,E12000008,E06000060,Buckinghamshire,BUCKI_44dbf6a1ffc9,97423a497f69
England,E12000008,E06000060,Buckinghamshire,BUCKI_651df478cf11,b11fede2c571
England,E12000008,E06000060,Buckinghamshire,BUCKI_5b7836cfca6d,e6853def6398
England,E12000008,E06000060,Buckinghamshire,BUCKI_0e326b548de3,cdf74c17f003
England,E12000008,E06000060,Buckinghamshire,BUCKI_2a6c304971bb,9ae81977075e
England,E12000008,E06000060,Buckinghamshire,BUCKI_a90082d40b6c,4c5acfeb3e9a
England,E12000008,E06000060,Buckinghamshire,BUCKI_3aa45105a4d6,210d469f0705
England,E12000008,E06000060,Buckinghamshire,BUCKI_94fed748d9d2,6bc0289c73e8
England,E12000008,E06000060,Buckinghamshire,BUCKI_80d8e5fbcf01,fa439f2a4e4d
England,E12000008,E06000060,Buckinghamshire,BUCKI_4378e46f8947,5c20815c850e
England,E12000008,E06000060,Buckinghamshire,BUCKI_5828511c4545,0912780b32da
England,E12000008,E06000060,Buckinghamshire,BUCKI_11b0eb3d5084,59f37ec53d20
England,E12000008,E06000060,Buckinghamshire,BUCKI_ba56aff42529,6132e05f86ed
England,E12000008,E06000060,Buckinghamshire,BUCKI_3d9a40d77b8f,a934480ae56b
England,E12000008,E06000060,Buckinghamshire,BUCKI_8361ab6eb9ec,847285a72543
England,E12000008,E06000060,Buckinghamshire,BUCKI_cea71cec4111,e0bcbe337f16
England,E12000008,E06000060,Buckinghamshire,BUCKI_2f5055f84109,720c4d0169fc
England,E12000008,E06000060,Buckinghamshire,BUCKI_baaab66d07ae,2d964a1517bb
England,E12000008,E06000060,Buckinghamshire,BUCKI_7d53d7bc31c3,d0a2f01dc71f
England,E12000008,E06000060,Buckinghamshire,BUCKI_1340ab0fae3b,8322011a6632
England,E12000008,E06000060,Buckinghamshire,BUCKI_65ee8aa20ee5,61c6ccaeccf9
England,E12000008,E06000060,Buckinghamshire,BUCKI_db66db06364e,d0e2b8992b47
England,E12000008,E06000060,Buckinghamshire,BUCKI_8bc7c701e015,e53440495cda
England,E12000008,E06000060,Buckinghamshire,BUCKI_4d33a3ca3afe,91a145877b33
England,E12000008,E06000060,Buckinghamshire,BUCKI_dd50f7792279,8e99fc7b4399
England,E12000008,E06000060,Buckinghamshire,BUCKI_27c60ac67afd,44eac0a94e0a
England,E12000008,E06000060,Buckinghamshire,BUCKI_f2ce87a5e7f0,86bfbdd49871
England,E12000008,E06000060,Buckinghamshire,BUCKI_ce6e5af78547,0cfa3ca3dd14
England,E12000008,E06000060,Buckinghamshire,BUCKI_474adae05ebd,a9228d5e376d
England,E12000008,E06000060,Buckinghamshire,BUCKI_b3af9ccf76cb,571347b253ab
England,E12000008,E06000060,Buckinghamshire,BUCKI_946fe7ae206f,11681490f49d
England,E12000008,E06000060,Buckinghamshire,BUCKI_32a8b51d85ef,81494f8373a6
England,E12000008,E06000060,Buckinghamshire,BUCKI_1853d0a1e062,c0ea0d8f6121
England,E12000008,E06000060,Buckinghamshire,BUCKI_53b210fa662f,e798102ea1ff
England,E12000008,E06000060,Buckinghamshire,BUCKI_7fa5b48c1c75,f4a67c7f3b65
England,E12000008,E06000060,Buckinghamshire,BUCKI_082d42db1c02,cc55bbdfd40d
England,E12000008,E06000060,Buckinghamshire,BUCKI_7906e0225328,cf09e93aa977
England,E12000008,E06000060,Buckinghamshire,BUCKI_efd9b60419f1,7e56e09864b5
England,E12000008,E06000060,Buckinghamshire,BUCKI_81f760c91953,07e4e7b1c945
England,E12000008,E06000060,Buckinghamshire,BUCKI_e45635f9f12b,1ac819e39c1b
England,E12000008,E06000060,Buckinghamshire,BUCKI_7b863a758d7c,abe8fb717549
England,E12000008,E06000060,Buckinghamshire,BUCKI_a9ecf8594750,bf5275a78c71
England,E12000008,E06000060,Buckinghamshire,BUCKI_683d078b37e5,54cec0206202
England,E12000008,E06000060,Buckinghamshire,BUCKI_c4c88c70306b,74b7ea738c4e
England,E12000008,E06000060,Buckinghamshire,BUCKI_1d7dad4fba7d,1b2da5e50059
England,E12000008,E06000060,Buckinghamshire,BUCKI_c0965dd92d45,e1fabb5340cb
England,E12000008,E06000060,Buckinghamshire,BUCKI_a7fd8dd495e8,6e4103814179
England,E12000008,E06000060,Buckinghamshire,BUCKI_58a9f8187fd4,01320b1e707e
England,E12000008,E06000060,Buckinghamshire,BUCKI_78efd0a42b03,a8506962bcfd
England,E12000008,E06000060,Buckinghamshire,BUCKI_8835b29dba7a,7263b41c246c
England,E12000008,E06000060,Buckinghamshire,BUCKI_dcf9e80ae847,87c80d50de96
England,E12000008,E06000060,Buckinghamshire,BUCKI_3251ff7acd72,356b8690f61f
England,E12000008,E06000060,Buckinghamshire,BUCKI_33e0aa388e11,832d4fca2c05
England,E12000008,E06000060,Buckinghamshire,BUCKI_35813327270a,7b250163796a
England,E12000008,E06000060,Buckinghamshire,BUCKI_b0aec9ba7ae3,8cc57973bec2
England,E12000008,E06000060,Buckinghamshire,BUCKI_3021eb75cbdf,88e2390bf4b6
England,E12000008,E06000060,Buckinghamshire,BUCKI_5c9a522c9127,cf85865a66d9
England,E12000008,E06000060,Buckinghamshire,BUCKI_821a0a5576d3,164853073271
England,E12000008,E06000060,Buckinghamshire,BUCKI_afea2c269e6f,739fe32f6bac
England,E12000008,E06000060,Buckinghamshire,BUCKI_70e752b1dbc6,7c7939d1ca57
England,E12000008,E06000060,Buckinghamshire,BUCKI_ee35b205d75b,b9df85efb279
England,E12000008,E06000060,Buckinghamshire,BUCKI_bad1b91968a8,9a05a5d19443
England,E12000008,E06000060,Buckinghamshire,BUCKI_6096ea6effa9,36e2059675a5
England,E12000008,E06000060,Buckinghamshire,BUCKI_867151866acd,1bca30527814
England,E12000008,E06000060,Buckinghamshire,BUCKI_220184c7fddf,36154310cd13
England,E12000008,E06000060,Buckinghamshire,BUCKI_237f9e5d812e,0e9a61763be3
England,E12000008,E06000060,Buckinghamshire,BUCKI_79b0125c3596,a26bc8e59f04
England,E12000008,E06000060,Buckinghamshire,BUCKI_e950b38d5a6c,13319ba7485f
England,E12000008,E06000060,Buckinghamshire,BUCKI_c4c0800b00e3,35a6b0424695
England,E12000008,E06000060,Buckinghamshire,BUCKI_4d5cac734b92,f6a63533c28a
England,E12000008,E06000060,Buckinghamshire,BUCKI_d3683ed7ba89,b2d5c10feb49
England,E12000008,E06000060,Buckinghamshire,BUCKI_eaf1004da12a,879d600c3088
England,E12000008,E06000060,Buckinghamshire,BUCKI_029a0ebc649f,abfdf47f58f5
England,E12000008,E06000060,Buckinghamshire,BUCKI_66c7ba0f3577,a9af99a95ef9
England,E12000008,E06000060,Buckinghamshire,BUCKI_d33afa06391e,c2255157b124
England,E12000008,E06000060,Buckinghamshire,BUCKI_1728ae10e079,45968d200f00
England,E12000008,E06000060,Buckinghamshire,BUCKI_1571030ffcde,40fb05eca14f
England,E12000008,E06000060,Buckinghamshire,BUCKI_f28392eedb51,d491089dbba7
England,E12000008,E06000060,Buckinghamshire,BUCKI_2d381c8ae3dc,0c3cf132459b
England,E12000008,E06000060,Buckinghamshire,BUCKI_144641670f68,628e245f8e81
England,E12000008,E06000060,Buckinghamshire,BUCKI_ce6f8f725ae3,7f8ba2d7c2e0
England,E12000008,E06000060,Buckinghamshire,BUCKI_43753227aea6,8f69d255b491
England,E12000008,E06000060,Buckinghamshire,BUCKI_57e1dc569b11,3ae9b2dbf905
England,E12000008,E06000060,Buckinghamshire,BUCKI_b9aa3f333282,e8ef9377fba9
England,E12000008,E06000060,Buckinghamshire,BUCKI_655422c26b69,b1b58a0d82fa
England,E12000008,E06000060,Buckinghamshire,BUCKI_9bf149471b37,d41e293b7464
England,E12000008,E06000060,Buckinghamshire,BUCKI_0a78bb900109,88be978ef008
England,E12000008,E06000060,Buckinghamshire,BUCKI_ee2a0639c35f,d35dc258bf45
England,E12000008,E06000060,Buckinghamshire,BUCKI_88e487c1d298,88ee60125a8d
England,E12000008,E06000060,Buckinghamshire,BUCKI_a205abd28d62,7f1b92cb437f
England,E12000008,E06000060,Buckinghamshire,BUCKI_cbd076ce4afc,a5fa8af2e263
England,E12000008,E06000060,Buckinghamshire,BUCKI_05944b25add5,7fb0665fc681
England,E12000008,E06000060,Buckinghamshire,BUCKI_a87a3b2c5676,bb8f7710a788
England,E12000008,E06000060,Buckinghamshire,BUCKI_43552e4099af,6b2dea757fbe
England,E12000008,E06000060,Buckinghamshire,BUCKI_66a557038c97,9efad87c0bc8
England,E12000008,E06000060,Buckinghamshire,BUCKI_7674c7162813,eb48a8bd1687
England,E12000008,E06000060,Buckinghamshire,BUCKI_15a2f7e224dc,74dcbd4e1461
England,E12000008,E06000060,Buckinghamshire,BUCKI_319bd4a80195,665183148402
England,E12000008,E06000060,Buckinghamshire,BUCKI_1c257ea27aed,b5cb8fe801d7
England,E12000008,E06000060,Buckinghamshire,BUCKI_1efca99f9998,4d38b70ca683
England,E12000008,E06000060,Buckinghamshire,BUCKI_ca9255d56dc4,e19825f8eac6
England,E12000008,E06000060,Buckinghamshire,BUCKI_d76af16e0e1b,d7820935d2a1
England,E12000008,E06000060,Buckinghamshire,BUCKI_39304952a0eb,fb29f40ad95f
England,E12000008,E06000060,Buckinghamshire,BUCKI_1249d12e0e90,817a873df6ae
England,E12000008,E06000060,Buckinghamshire,BUCKI_25b98d79a22d,2879efe0b6c8
England,E12000008,E06000060,Buckinghamshire,BUCKI_c0f8a46cb443,3f1e77e6e0ce
England,E12000008,E06000060,Buckinghamshire,BUCKI_12198e56d7df,706b4a8282bc
England,E12000008,E06000060,Buckinghamshire,BUCKI_c6e06bdd7285,893f614a98e5
England,E12000008,E06000060,Buckinghamshire,BUCKI_50144a25f1d5,dfa2566486e0
England,E12000008,E06000060,Buckinghamshire,BUCKI_48fdf824cc99,2a9fe4f76f39
England,E12000008,E06000060,Buckinghamshire,BUCKI_68d1c6f2c5aa,478a37f4ee68
England,E12000008,E06000060,Buckinghamshire,BUCKI_b3f93e5f14a6,d63e50d428d3
England,E12000008,E06000060,Buckinghamshire,BUCKI_b4aec739f3f6,248bc62e7704
England,E12000008,E06000060,Buckinghamshire,BUCKI_71974a3e068f,103da0656ded
England,E12000008,E06000060,Buckinghamshire,BUCKI_c116b42d6ecc,767277878a02
England,E12000008,E06000060,Buckinghamshire,BUCKI_20b924334bbc,3a0fa869258c
England,E12000008,E06000060,Buckinghamshire,BUCKI_a2225092cd9f,5801d8cceeba
England,E12000008,E06000060,Buckinghamshire,BUCKI_dddb1fc56d0a,31d204dcd4b2
England,E12000008,E06000060,Buckinghamshire,BUCKI_aae8eb2d191e,f2f4fc669b77
England,E12000008,E06000060,Buckinghamshire,BUCKI_00453cf69411,34d854b307ff
England,E12000008,E06000060,Buckinghamshire,BUCKI_6dea4ebb4c98,3aafcaddf9c3
England,E12000008,E06000060,Buckinghamshire,BUCKI_921ed03f304f,2b666c97dc77
England,E12000008,E06000060,Buckinghamshire,BUCKI_abb23f919504,faf5dce56bb7
England,E12000008,E06000060,Buckinghamshire,BUCKI_a40bd8a14dba,0b7ad9853a27
England,E12000008,E06000060,Buckinghamshire,BUCKI_88e07b4521a2,2dd9b85e7828
England,E12000008,E06000060,Buckinghamshire,BUCKI_dcdbd16cc10f,385125765877
England,E12000008,E06000060,Buckinghamshire,BUCKI_625aa5815aa2,ba29712ef4dd
England,E12000008,E06000060,Buckinghamshire,BUCKI_a6f8a7c2e354,2d155714cb8b
England,E12000008,E06000060,Buckinghamshire,BUCKI_896b656ac0fe,3088d8dbbfb3
England,E12000008,E06000060,Buckinghamshire,BUCKI_2b81f82a0137,ba5257cb4ad4
England,E12000008,E06000060,Buckinghamshire,BUCKI_2cf905d20c20,df4589fff056
England,E12000008,E06000060,Buckinghamshire,BUCKI_debc117d7053,0458a00556e1
England,E12000008,E06000060,Buckinghamshire,BUCKI_90e56fbd44d6,42dafa606b18
England,E12000008,E06000060,Buckinghamshire,BUCKI_c1974fbdcf61,9c193bc6b879
England,E12000008,E06000060,Buckinghamshire,BUCKI_e466b9fe82fe,604d5b212ab6
England,E12000008,E06000060,Buckinghamshire,BUCKI_406d0ccca1bf,4d548da3b300
England,E12000008,E06000060,Buckinghamshire,BUCKI_5693053b3e4f,bebb6e9c7e2c
England,E12000008,E06000060,Buckinghamshire,BUCKI_bdab1e65e94e,9190e9b10b17
England,E12000008,E06000060,Buckinghamshire,BUCKI_fdf497860309,e4795f3db7ba
England,E12000008,E06000060,Buckinghamshire,BUCKI_5b38d2e492c7,24ba393a00ce
England,E12000008,E06000060,Buckinghamshire,BUCKI_c857dbc64313,b8de1b11a6a5
England,E12000008,E06000060,Buckinghamshire,BUCKI_7afe8aebaab0,f12fcb5876fd
England,E12000008,E06000060,Buckinghamshire,BUCKI_d82e2338d72a,5fc7d5d1a128
England,E12000008,E06000060,Buckinghamshire,BUCKI_02a10d5e2ef8,3249a94e5b39
England,E12000008,E06000060,Buckinghamshire,BUCKI_b3926d97b23c,fb74149d5439
England,E12000008,E06000060,Buckinghamshire,BUCKI_ee7824e1e7a1,31d880e47b52
England,E12000008,E06000060,Buckinghamshire,BUCKI_3816293676a4,14f806329b40
England,E12000008,E06000060,Buckinghamshire,BUCKI_f4f93c1f242e,5eeea0f4cf57
England,E12000008,E06000060,Buckinghamshire,BUCKI_58229d3d7590,b3c5a3eceb16
England,E12000008,E06000060,Buckinghamshire,BUCKI_d5c9a68f3ec3,b3e8e8a2dc24
England,E12000008,E06000060,Buckinghamshire,BUCKI_c9b578dbcdd7,704283b2c95e
England,E12000008,E06000060,Buckinghamshire,BUCKI_bab5721dd1e5,e63846931899
England,E12000008,E06000060,Buckinghamshire,BUCKI_a0caf0889dd6,9212db064dd1
England,E12000008,E06000060,Buckinghamshire,BUCKI_aa4b08a2f834,7e8d35f94481
England,E12000008,E06000060,Buckinghamshire,BUCKI_828178a6d237,3b2e1263d220
England,E12000008,E06000060,Buckinghamshire,BUCKI_7bd23941e2bf,fedf34146bb9
England,E12000008,E06000060,Buckinghamshire,BUCKI_bd6db637d3c3,dd0a50d83533
England,E12000008,E06000060,Buckinghamshire,BUCKI_790f1ee7f649,c595fbf755f0
England,E12000008,E06000060,Buckinghamshire,BUCKI_29b534b2af2c,b3b11aa3a074
England,E12000008,E06000060,Buckinghamshire,BUCKI_09aa7a60b494,0036871c8aa3
England,E12000008,E06000060,Buckinghamshire,BUCKI_c5850256d618,af4482dfed6b
England,E12000008,E06000060,Buckinghamshire,BUCKI_59f09df8b402,d32386867d92
England,E12000008,E06000060,Buckinghamshire,BUCKI_09c5b8507ab5,d648ef2b4047
England,E12000008,E06000060,Buckinghamshire,BUCKI_f3c953835151,e215961ffa32
England,E12000008,E06000060,Buckinghamshire,BUCKI_2df5aa089eb7,f64996653ce8
England,E12000008,E06000060,Buckinghamshire,BUCKI_066392cef7a2,b80fb5675900
England,E12000008,E06000060,Buckinghamshire,BUCKI_c810beb33f7a,0d6c3c86b7d9
England,E12000008,E06000060,Buckinghamshire,BUCKI_dee2e12bbbb1,168072a6a72f
England,E12000008,E06000060,Buckinghamshire,BUCKI_7611a74ddbe6,a0cc727c2fd9
England,E12000008,E06000060,Buckinghamshire,BUCKI_e864be9b63fe,d5c4df618b50
England,E12000008,E06000060,Buckinghamshire,BUCKI_c794bbae116b,0542747884f9
England,E12000008,E06000060,Buckinghamshire,BUCKI_a6b0a73f7b07,cbaba99b491b
England,E12000008,E06000060,Buckinghamshire,BUCKI_1b9c0f708c33,0e1743f939e8
England,E12000008,E06000060,Buckinghamshire,BUCKI_5489ec1db48b,9b831c67cd55
England,E12000008,E06000060,Buckinghamshire,BUCKI_0f6f4484c956,cb7fdae8b588
England,E12000008,E06000060,Buckinghamshire,BUCKI_738b11de0894,443024812666
England,E12000008,E06000060,Buckinghamshire,BUCKI_6af96b9ea55e,4a7b30f1b2ae
England,E12000008,E06000060,Buckinghamshire,BUCKI_549d93ad7ee3,6973bd1a84af
England,E12000008,E06000060,Buckinghamshire,BUCKI_d482ca8c4e86,3258013d089c
England,E12000008,E06000060,Buckinghamshire,BUCKI_63aa1e81403f,d881ae30cd6d
England,E12000008,E06000060,Buckinghamshire,BUCKI_9741b00c6ffa,288a6d16210e
England,E12000008,E06000060,Buckinghamshire,BUCKI_7fa83fbe9f24,312a80aa12c6
England,E12000008,E06000060,Buckinghamshire,BUCKI_1ddea78121a3,64871123a90c
England,E12000008,E06000060,Buckinghamshire,BUCKI_7a7c5fbc4afe,b322220e4ecc
England,E12000008,E06000060,Buckinghamshire,BUCKI_db0aaccdf78c,33f458e0455a
England,E12000008,E06000060,Buckinghamshire,BUCKI_e6b3219db961,00eaa34ef06b
England,E12000008,E06000060,Buckinghamshire,BUCKI_c4f1b8e11351,1e21c575c72c
England,E12000008,E06000060,Buckinghamshire,BUCKI_f9c18f4ea6af,0185d693a2cd
England,E12000008,E06000060,Buckinghamshire,BUCKI_017df8f07ad4,f15d49fe53ab
England,E12000008,E06000060,Buckinghamshire,BUCKI_730214657593,711828817ed5
England,E12000008,E06000060,Buckinghamshire,BUCKI_6f2e8d827e74,b8f19b2c0496
England,E12000008,E06000060,Buckinghamshire,BUCKI_a4f7f983fea2,becf0f567f8c
England,E12000008,E06000060,Buckinghamshire,BUCKI_b3dfa549a6d5,c156a2b2915a
England,E12000008,E06000060,Buckinghamshire,BUCKI_283676ce80fa,fef3cce06a5c
England,E12000008,E06000060,Buckinghamshire,BUCKI_72f4a11b1674,521bf9c89ce7
England,E12000008,E06000060,Buckinghamshire,BUCKI_fed23866c6eb,f381f6f68760
England,E12000008,E06000060,Buckinghamshire,BUCKI_e4817fc61bd3,fc4e07c320d6
England,E12000008,E06000060,Buckinghamshire,BUCKI_8368244a1e9c,3a6b28a05ec9
England,E12000008,E06000060,Buckinghamshire,BUCKI_30fa244cf976,488144c8a5b7
England,E12000008,E06000060,Buckinghamshire,BUCKI_91b5f83fb594,77a3ebf8d29c
England,E12000008,E06000060,Buckinghamshire,BUCKI_b03b23096ffe,46ecada537a4
England,E12000008,E06000060,Buckinghamshire,BUCKI_1daec9b46ba2,8bd302b75270
England,E12000008,E06000060,Buckinghamshire,BUCKI_2b975c8c55ce,77e17ff5dd87
England,E12000008,E06000060,Buckinghamshire,BUCKI_b01660e99a1b,732418bbd672
England,E12000008,E06000060,Buckinghamshire,BUCKI_c5f6f3c6d49d,f5552306f0bf
England,E12000008,E06000060,Buckinghamshire,BUCKI_bde332e8fe9c,c4c7b435e34c
England,E12000008,E06000060,Buckinghamshire,BUCKI_8d2afe7352d8,c02fcb8a5783
England,E12000008,E06000060,Buckinghamshire,BUCKI_dbf1bee96c2a,2f8ec8cb1a67
England,E12000008,E06000060,Buckinghamshire,BUCKI_bb8af0f9488f,258cbc1871a8
England,E12000008,E06000060,Buckinghamshire,BUCKI_a6c63eeb1b85,0762f425e19c
England,E12000008,E06000060,Buckinghamshire,BUCKI_4b7b10a31d50,2d4d8c1aa352
England,E12000008,E06000060,Buckinghamshire,BUCKI_3a559e0e546c,9b8a8bfc0b15
England,E12000008,E06000060,Buckinghamshire,BUCKI_61414611418a,3c4355bfed66
England,E12000008,E06000060,Buckinghamshire,BUCKI_05a5aa0291bd,97539142f321
England,E12000008,E06000060,Buckinghamshire,BUCKI_13d55f06d9c3,e46c083791b1
England,E12000008,E06000060,Buckinghamshire,BUCKI_30c79d6387c6,440b7a8f9e59
England,E12000008,E06000060,Buckinghamshire,BUCKI_88e7ff6f699a,9b8905e6be72
England,E12000008,E06000060,Buckinghamshire,BUCKI_6af64fb7431c,e65bf5fee34f
England,E12000008,E06000060,Buckinghamshire,BUCKI_93e8a2d2959c,e1f61333ec64
England,E12000008,E06000060,Buckinghamshire,BUCKI_f85be393da9f,024a30ac9ce7
England,E12000008,E06000060,Buckinghamshire,BUCKI_f22c27cf47fc,75375174adaa
England,E12000008,E06000060,Buckinghamshire,BUCKI_121176e4c30b,b13dc83dd864
England,E12000008,E06000060,Buckinghamshire,BUCKI_9f2431caeb2a,5edca38cf892
England,E12000008,E06000060,Buckinghamshire,BUCKI_66938872995e,b4c1d957f926
England,E12000008,E06000060,Buckinghamshire,BUCKI_4e8f579fb203,f24f7f56d35f
England,E12000008,E06000060,Buckinghamshire,BUCKI_0d2585634688,f225c05cefef
England,E12000008,E06000060,Buckinghamshire,BUCKI_7c631d4ec9d0,550987776e2b
England,E12000008,E06000060,Buckinghamshire,BUCKI_0d5e1c1755cf,859e062be171
England,E12000008,E06000060,Buckinghamshire,BUCKI_41849003d801,74b6a6be6e53
England,E12000008,E06000060,Buckinghamshire,BUCKI_be5b546505ab,7f8d1bb97413
England,E12000008,E06000060,Buckinghamshire,BUCKI_78a18ead93cb,031fc2161c61
England,E12000008,E06000060,Buckinghamshire,BUCKI_8463183d6c2c,6aff6e989a13
England,E12000008,E06000060,Buckinghamshire,BUCKI_eb4644591e63,28d2b4310b69
England,E12000008,E06000060,Buckinghamshire,BUCKI_ede29b9dcdcd,f8850ae69701
England,E12000008,E06000060,Buckinghamshire,BUCKI_8a4504fee03b,5eb733cca305
England,E12000008,E06000060,Buckinghamshire,BUCKI_797f29c88405,d96b6a825f96
England,E12000008,E06000060,Buckinghamshire,BUCKI_511341bfc76e,f043a7c767f7
England,E12000008,E06000060,Buckinghamshire,BUCKI_67f6cd1ec797,0a64cc467387
England,E12000008,E06000060,Buckinghamshire,BUCKI_85c574dac33b,a78f7905e6b9
England,E12000008,E06000060,Buckinghamshire,BUCKI_1715cd3a846e,ec90cfaeca08
England,E12000008,E06000060,Buckinghamshire,BUCKI_85a743c22f83,1aadcf2844f8
England,E12000008,E06000060,Buckinghamshire,BUCKI_caf76964637a,1e03f9145a7e
England,E12000008,E06000060,Buckinghamshire,BUCKI_3cb685d99bf5,7486bc3a8256
England,E12000008,E06000060,Buckinghamshire,BUCKI_3c6319558bac,7bb6cf3ecd66
England,E12000008,E06000060,Buckinghamshire,BUCKI_ba210c3271c2,9c5d01435d83
England,E12000008,E06000060,Buckinghamshire,BUCKI_28fd7edbfe22,093a965fb21d
England,E12000008,E06000060,Buckinghamshire,BUCKI_94cbefd74b70,b057cf0f449f
England,E12000008,E06000060,Buckinghamshire,BUCKI_3ffce275068e,af830588b3ab
England,E12000008,E06000060,Buckinghamshire,BUCKI_0bc5196c91c7,3dd42536c13b
England,E12000008,E06000060,Buckinghamshire,BUCKI_26e1f7676fdf,807c17cc3d18
England,E12000008,E06000060,Buckinghamshire,BUCKI_0485eba33a86,98a6bcdc0938
England,E12000008,E06000060,Buckinghamshire,BUCKI_32ec1ffa6dde,7644fae03133
England,E12000008,E06000060,Buckinghamshire,BUCKI_7e53e04c4a38,c16b1cd4d178
England,E12000008,E06000060,Buckinghamshire,BUCKI_62d95a4f0251,9074f482bddb
England,E12000008,E06000060,Buckinghamshire,BUCKI_12b52fadf5fe,4be5b5cf5e83
England,E12000008,E06000060,Buckinghamshire,BUCKI_a97357b11f1e,73b8ca17b9cf
England,E12000008,E06000060,Buckinghamshire,BUCKI_de6435910187,519ffd0b2e35
England,E12000008,E06000060,Buckinghamshire,BUCKI_53e824170b03,4947747c896c
England,E12000008,E06000060,Buckinghamshire,BUCKI_8fea6a8339de,641356c0de04
England,E12000008,E06000060,Buckinghamshire,BUCKI_45185b012b3d,d2987b443a0e
England,E12000008,E06000060,Buckinghamshire,BUCKI_69fe19a98e48,8679253cdcce
England,E12000008,E06000060,Buckinghamshire,BUCKI_829abeb7041c,f044af9e70e5
England,E12000008,E06000060,Buckinghamshire,BUCKI_ede237e392a1,8d21099df73a
England,E12000008,E06000060,Buckinghamshire,BUCKI_a3edbdc45c09,420dfc9e0c4f
England,E12000008,E06000060,Buckinghamshire,BUCKI_9e209a42662f,590436b92c28
England,E12000008,E06000060,Buckinghamshire,BUCKI_8a7488fb5bde,203975814b4a
England,E12000008,E06000060,Buckinghamshire,BUCKI_296912054094,e45088e89c35
England,E12000008,E06000060,Buckinghamshire,BUCKI_0bad1244f3ec,8f64dacc3a4d
England,E12000008,E06000060,Buckinghamshire,BUCKI_4d6acb1da2ae,4e19f717ede8
England,E12000008,E06000060,Buckinghamshire,BUCKI_0704ac28065d,7db7e340b707
England,E12000008,E06000060,Buckinghamshire,BUCKI_a5c4b2d62fe1,604e32e244cd
England,E12000008,E06000060,Buckinghamshire,BUCKI_791a749b8739,1b030055e99b
England,E12000008,E06000060,Buckinghamshire,BUCKI_5ffc5d5c04a2,12e9013705cb
England,E12000008,E06000060,Buckinghamshire,BUCKI_6aa607b48a4b,01db20f56211
England,E12000008,E06000060,Buckinghamshire,BUCKI_513c18f20bd2,4751d2e897e8
England,E12000008,E06000060,Buckinghamshire,BUCKI_46354b570209,7f898d4d3ab1
England,E12000008,E06000060,Buckinghamshire,BUCKI_f3be7ab93ec1,dacf7bbf7792
England,E12000008,E06000060,Buckinghamshire,BUCKI_836ff5adc071,02af66262b57
England,E12000008,E06000060,Buckinghamshire,BUCKI_983d9e92e0a0,2037434782a3
England,E12000008,E06000060,Buckinghamshire,BUCKI_25b07bbfd9a9,2448245b04ff
England,E12000008,E06000060,Buckinghamshire,BUCKI_d55730a8d996,6a8b3703638e
England,E12000008,E06000060,Buckinghamshire,BUCKI_81f2b3278b5c,39784af679a0
England,E12000008,E06000060,Buckinghamshire,BUCKI_d00ce0ef3f18,6362ae8ee473
England,E12000008,E06000060,Buckinghamshire,BUCKI_caf0630ad268,b86805f4c89e
England,E12000008,E06000060,Buckinghamshire,BUCKI_95dc8b6ff5e7,e1be20436fd2
England,E12000008,E06000060,Buckinghamshire,BUCKI_ca7b90ddcdb0,cc62185cd605
England,E12000008,E06000060,Buckinghamshire,BUCKI_1160e8416ea8,b21eb1730868
England,E12000008,E06000060,Buckinghamshire,BUCKI_fb5de876ef39,ea344bfcdb1d
England,E12000008,E06000060,Buckinghamshire,BUCKI_be68595a9027,204ade2e1df2
England,E12000008,E06000060,Buckinghamshire,BUCKI_27ae5128e484,92c77ca05751
England,E12000008,E06000060,Buckinghamshire,BUCKI_0faf4405ca71,422d608c0f0f
England,E12000008,E06000060,Buckinghamshire,BUCKI_74823b1b128f,56170129c33f
England,E12000008,E06000060,Buckinghamshire,BUCKI_ef839f597f1f,1087f3cd34af
England,E12000008,E06000060,Buckinghamshire,BUCKI_810978600469,b622a22f24d1
England,E12000008,E06000060,Buckinghamshire,BUCKI_acdaeb8ed734,224864ab838e
England,E12000008,E06000060,Buckinghamshire,BUCKI_b068ccbaea12,29010e8df3c0
England,E12000008,E06000060,Buckinghamshire,BUCKI_1265b9b54fe4,cd4fc6bcafd9
England,E12000008,E06000060,Buckinghamshire,BUCKI_74254d87c397,c38964c4ab53
England,E12000008,E06000060,Buckinghamshire,BUCKI_2b6b5f0f474f,44967c52c1e7
England,E12000008,E06000060,Buckinghamshire,BUCKI_4210e434681b,7fc924ef363a
England,E12000008,E06000060,Buckinghamshire,BUCKI_d342dfd53bf3,c71041faa2f7
England,E12000008,E06000060,Buckinghamshire,BUCKI_98c129898197,f27759140e0c
England,E12000008,E06000060,Buckinghamshire,BUCKI_23f71d18be5b,f80a9583fba4
England,E12000008,E06000060,Buckinghamshire,BUCKI_5d1593aa605d,929f56e80701
England,E12000008,E06000060,Buckinghamshire,BUCKI_7f07fee784cd,d4fad641f859
England,E12000008,E06000060,Buckinghamshire,BUCKI_b3a0530f8d58,6988cd808fa8
England,E12000008,E06000060,Buckinghamshire,BUCKI_15d49b7d44a5,d276e158a486
England,E12000008,E06000060,Buckinghamshire,BUCKI_32c7aa375082,fb5163b2f8d1
England,E12000008,E06000060,Buckinghamshire,BUCKI_1853eec3242e,c6851625af21
England,E12000008,E06000060,Buckinghamshire,BUCKI_c9c222deb9e7,d66f31ba09d9
England,E12000008,E06000060,Buckinghamshire,BUCKI_6cad1dea6235,82ff61531148
England,E12000008,E06000060,Buckinghamshire,BUCKI_d4ec5242bddc,909253574099
England,E12000008,E06000060,Buckinghamshire,BUCKI_439517e73b10,61cff6b69b51
England,E12000008,E06000060,Buckinghamshire,BUCKI_fdfc92aa79da,db89c92abfa7
England,E12000008,E06000060,Buckinghamshire,BUCKI_33a7d584c020,044db66bc98b
England,E12000008,E06000060,Buckinghamshire,BUCKI_58963c98a1bd,5bd0d3a63611
England,E12000008,E06000060,Buckinghamshire,BUCKI_39583de947bc,5c36a7fcebdd
England,E12000008,E06000060,Buckinghamshire,BUCKI_5bba2a2f83a5,715a2b7f86f7
England,E12000008,E06000060,Buckinghamshire,BUCKI_bf474aeaa2e1,ef75cdce319c
England,E12000008,E06000060,Buckinghamshire,BUCKI_4ad4bed2e21f,39ac5de0e46e
England,E12000008,E06000060,Buckinghamshire,BUCKI_ad18575b976e,cf2d3185ca24
England,E12000008,E06000060,Buckinghamshire,BUCKI_05760badeb39,4d6d100fb278
England,E12000008,E06000060,Buckinghamshire,BUCKI_47bdd4be35dd,4ca3a343cbbb
England,E12000008,E06000060,Buckinghamshire,BUCKI_5fb731507f25,398acbfb6469
England,E12000008,E06000060,Buckinghamshire,BUCKI_b1ca1bb20e2e,51633698d7fd
England,E12000008,E06000060,Buckinghamshire,BUCKI_a71a7e8c0783,2177ff68bd06
England,E12000008,E06000060,Buckinghamshire,BUCKI_222b1fe0ca64,701af760e162
England,E12000008,E06000060,Buckinghamshire,BUCKI_7a97419db71e,f81c697d8993
England,E12000008,E06000060,Buckinghamshire,BUCKI_9c652ef35498,4ba56ba540ed
England,E12000008,E06000060,Buckinghamshire,BUCKI_5db91b4c87e8,032634d51a44
England,E12000008,E06000060,Buckinghamshire,BUCKI_660978dd2efe,4754f94a76ea
England,E12000008,E06000060,Buckinghamshire,BUCKI_31867e795046,15c4f7521cb0
England,E12000008,E06000060,Buckinghamshire,BUCKI_390034b28f06,cadf73e3c3e6
England,E12000008,E06000060,Buckinghamshire,BUCKI_c40003da07d5,60eea1e497bb
England,E12000008,E06000060,Buckinghamshire,BUCKI_b74fccfef776,adb31e886b2e
England,E12000008,E06000060,Buckinghamshire,BUCKI_362fe224e19a,c5ca06c303f3
England,E12000008,E06000060,Buckinghamshire,BUCKI_8c51b3535b52,2d9efcdd83ea
England,E12000008,E06000060,Buckinghamshire,BUCKI_3bfb94adbcc6,678c4c21db10
England,E12000008,E06000060,Buckinghamshire,BUCKI_5a8665d5ae92,5f7ba438a262
England,E12000008,E06000060,Buckinghamshire,BUCKI_588d8d041384,296309b21fd6
England,E12000008,E06000060,Buckinghamshire,BUCKI_b1fab97af483,97b758a46799
England,E12000008,E06000060,Buckinghamshire,BUCKI_e58235f7fcd8,19e05ea41451
England,E12000008,E06000060,Buckinghamshire,BUCKI_f570744c419c,680e617c81f0
England,E12000008,E06000060,Buckinghamshire,BUCKI_2916e416fd5c,95cedc02df77
England,E12000008,E06000060,Buckinghamshire,BUCKI_2dd53bb920f2,d7e26c243a3d
England,E12000008,E06000060,Buckinghamshire,BUCKI_1f87f91bbc1e,85039e0055fd
England,E12000008,E06000060,Buckinghamshire,BUCKI_76bbd0a463aa,152e05967a63
England,E12000008,E06000060,Buckinghamshire,BUCKI_cd9a517a089d,ba86a20f628d
England,E12000008,E06000060,Buckinghamshire,BUCKI_8243065d5bf7,2598f247ee8c
England,E12000008,E06000060,Buckinghamshire,BUCKI_1657c2f3d049,c75ee1f9c59a
England,E12000008,E06000060,Buckinghamshire,BUCKI_ef73f8ead1f2,518c7b76c59f
England,E12000008,E06000060,Buckinghamshire,BUCKI_04bfe8dbadc8,40d7e511545d
England,E12000008,E06000060,Buckinghamshire,BUCKI_21dc4b4ac158,0869bf0707ae
England,E12000008,E06000060,Buckinghamshire,BUCKI_164edddbeed0,4336e198d685
England,E12000008,E06000060,Buckinghamshire,BUCKI_368847178812,06973e2d90e4
England,E12000008,E06000060,Buckinghamshire,BUCKI_29408d5e916c,df2172231265
England,E12000008,E06000060,Buckinghamshire,BUCKI_fb4255e375d5,e74bf80ac247
England,E12000008,E06000060,Buckinghamshire,BUCKI_47f93a33d4d1,c8545a4fc73d
England,E12000008,E06000060,Buckinghamshire,BUCKI_ebfed160f83b,1386bbcc9ce4
England,E12000008,E06000060,Buckinghamshire,BUCKI_63ec0c8c374f,95df59e329bd
England,E12000008,E06000060,Buckinghamshire,BUCKI_e9baa97d99e3,c59663b8c7cf
England,E12000008,E06000060,Buckinghamshire,BUCKI_7dcd7bacd317,e5120a4cf165
England,E12000008,E06000060,Buckinghamshire,BUCKI_d6435cbb1722,3fd7f47af13e
England,E12000008,E06000060,Buckinghamshire,BUCKI_0fb03b8edff0,94413dd51cc3
England,E12000008,E06000060,Buckinghamshire,BUCKI_797dc9c09fd1,1a42e250c9d4
England,E12000008,E06000060,Buckinghamshire,BUCKI_e0617fc406f2,8d1df875a0c6
England,E12000008,E06000060,Buckinghamshire,BUCKI_29c75596a99e,26852c036097
England,E12000008,E06000060,Buckinghamshire,BUCKI_896d8f34fdfb,225f90a6dbdc
England,E12000008,E06000060,Buckinghamshire,BUCKI_0cf6f38979d1,9d1e1fe6f2e7
England,E12000008,E06000060,Buckinghamshire,BUCKI_fb27fe1d2ad2,312f158dab2c
England,E12000008,E06000060,Buckinghamshire,BUCKI_3e4841cdaf6f,8aedb20b357d
England,E12000008,E06000060,Buckinghamshire,BUCKI_595e0f20df60,61d107bc7009
England,E12000008,E06000060,Buckinghamshire,BUCKI_1f032c40fb85,3447fa6a7c51
England,E12000008,E06000060,Buckinghamshire,BUCKI_f438e5e9416f,46aeb5e1e8d8
England,E12000008,E06000060,Buckinghamshire,BUCKI_2108cae765fd,6736f7da6817
England,E12000008,E06000060,Buckinghamshire,BUCKI_685f682d6cc1,c4e00682b8f1
England,E12000008,E06000060,Buckinghamshire,BUCKI_6fd6b9511bb7,4783dc8cb3a0
England,E12000008,E06000060,Buckinghamshire,BUCKI_2bccb520da09,a91bdcea37fd
England,E12000008,E06000060,Buckinghamshire,BUCKI_6a991c4686c6,192f9f67bac5
England,E12000008,E06000060,Buckinghamshire,BUCKI_a8ddcb64acf8,f0daa0a7730a
England,E12000008,E06000060,Buckinghamshire,BUCKI_26eeddc300e4,e144ad7fa091
England,E12000008,E06000060,Buckinghamshire,BUCKI_4df0c47d6752,4ee280f67512
England,E12000008,E06000060,Buckinghamshire,BUCKI_a100d0ab46f8,e260171cc99e
England,E12000008,E06000060,Buckinghamshire,BUCKI_095789be8410,0be38f49f621
England,E12000008,E06000060,Buckinghamshire,BUCKI_53167d041e42,13cc104b350b
England,E12000008,E06000060,Buckinghamshire,BUCKI_b009a7d1f3aa,4c75edf7d50f
England,E12000008,E06000060,Buckinghamshire,BUCKI_91365a072ad8,69098b38daf1
England,E12000008,E06000060,Buckinghamshire,BUCKI_58ef834d1e17,e6e8bda2e138
England,E12000008,E06000060,Buckinghamshire,BUCKI_0e207accf135,74e536dddbf1
England,E12000008,E06000060,Buckinghamshire,BUCKI_e7765731d48b,29ada38a1f80
England,E12000008,E06000060,Buckinghamshire,BUCKI_2ff79053a6dd,c097df434f0d
England,E12000008,E06000060,Buckinghamshire,BUCKI_032939fee5fa,846da884c2f0
England,E12000008,E06000060,Buckinghamshire,BUCKI_f1f5e4cb07ce,88b5c9d8eecf
England,E12000008,E06000060,Buckinghamshire,BUCKI_ec7805735f70,824fcfce44fd
England,E12000008,E06000060,Buckinghamshire,BUCKI_1a2d42552602,e6625369c79d
England,E12000008,E06000060,Buckinghamshire,BUCKI_2bcfb5e04c45,8608f607246e
England,E12000008,E06000060,Buckinghamshire,BUCKI_4801edac0efe,91191f522b58
England,E12000008,E06000060,Buckinghamshire,BUCKI_26a0b340ea95,98b275f68d97
England,E12000008,E06000060,Buckinghamshire,BUCKI_41caa2ad06d4,79af00fdb783
England,E12000008,E06000060,Buckinghamshire,BUCKI_32fb3f9b684c,e57ace65ec3f
England,E12000008,E06000060,Buckinghamshire,BUCKI_2a0b4810a38f,b0771b258344
England,E12000008,E06000060,Buckinghamshire,BUCKI_60b119e66d90,4e12a86a78be
England,E12000008,E06000060,Buckinghamshire,BUCKI_eacf788ad170,df6ab34cd2bb
England,E12000008,E06000060,Buckinghamshire,BUCKI_5bc1b2cb7401,b4c531b796e1
England,E12000008,E06000060,Buckinghamshire,BUCKI_20724e24a9e4,b8403c6668a1
England,E12000008,E06000060,Buckinghamshire,BUCKI_4b23acf04eb1,aa1cf556501f
England,E12000008,E06000060,Buckinghamshire,BUCKI_b789cd04107a,6015c460ac0b
England,E12000008,E06000060,Buckinghamshire,BUCKI_f8eed4445166,fa9259097617
England,E12000008,E06000060,Buckinghamshire,BUCKI_db6d769064cb,872e9b3a6119
England,E12000008,E06000060,Buckinghamshire,BUCKI_65f36a599528,afaa1f439e50
England,E12000008,E06000060,Buckinghamshire,BUCKI_ea44ddce58f4,653110489883
England,E12000008,E06000060,Buckinghamshire,BUCKI_2f3ec003c3e5,bae94492cd37
England,E12000008,E06000060,Buckinghamshire,BUCKI_f4440c25ea9c,033dcb57a9d8
England,E12000008,E06000060,Buckinghamshire,BUCKI_e96bc66167f0,0b257d57a059
England,E12000008,E06000060,Buckinghamshire,BUCKI_5c052d003583,b28b3f27dc6e
England,E12000008,E06000060,Buckinghamshire,BUCKI_93d8df001efd,0cdbbeae9cd1
England,E12000008,E06000060,Buckinghamshire,BUCKI_78da2317a618,410c62d7db93
England,E12000008,E06000060,Buckinghamshire,BUCKI_0dc4b4a9476f,2c02a2ba9353
England,E12000008,E06000060,Buckinghamshire,BUCKI_aa6b671d70fd,0545bc648ea2
England,E12000008,E06000060,Buckinghamshire,BUCKI_3debabd09397,ba7a38487d7a
England,E12000008,E06000060,Buckinghamshire,BUCKI_53cf1ee323cf,8a74572f5ae7
England,E12000008,E06000060,Buckinghamshire,BUCKI_f5bea01e2161,03d7dc977b20
England,E12000008,E06000060,Buckinghamshire,BUCKI_45e7b6775dcf,0d03557d0b11
England,E12000008,E06000060,Buckinghamshire,BUCKI_d4656fdc4d18,256b7f04a7a1
England,E12000008,E06000060,Buckinghamshire,BUCKI_12670738c93f,a6086f50cce2
England,E12000008,E06000060,Buckinghamshire,BUCKI_6f6261cb8fef,9b0f9d525a8f
England,E12000008,E06000060,Buckinghamshire,BUCKI_78d95d5158de,abeabd9c4a10
England,E12000008,E06000060,Buckinghamshire,BUCKI_0d3d88c5489e,4bd66b74970d
England,E12000008,E06000060,Buckinghamshire,BUCKI_eb6328e7c887,76b829a5372f
England,E12000008,E06000060,Buckinghamshire,BUCKI_fba8c4bc8747,89ee89f44296
England,E12000008,E06000060,Buckinghamshire,BUCKI_d38d7ccc1db3,80d13bbeee8c
England,E12000008,E06000060,Buckinghamshire,BUCKI_3c4f05170729,b7ca779e54e4
England,E12000008,E06000060,Buckinghamshire,BUCKI_0a981770854e,22c70fdf1dba
England,E12000008,E06000060,Buckinghamshire,BUCKI_4c1ad750d65d,1a2360d112af
England,E12000008,E06000060,Buckinghamshire,BUCKI_339411f2dabc,6fb3ce5e7ff4
England,E12000008,E06000060,Buckinghamshire,BUCKI_f51c17bbf80f,e252d7cf14dd
England,E12000008,E06000060,Buckinghamshire,BUCKI_803cdf7685d2,a8c77af1b9d5
England,E12000008,E06000060,Buckinghamshire,BUCKI_606e1502122d,e07e0fc8c65c
England,E12000008,E06000060,Buckinghamshire,BUCKI_585de6295c57,4d7a761f2e1b
England,E12000008,E06000060,Buckinghamshire,BUCKI_74660c63005a,4013da41ccff
England,E12000008,E06000060,Buckinghamshire,BUCKI_cb682d1ef9e3,7953cb441e0b
England,E12000008,E06000060,Buckinghamshire,BUCKI_9f45fd8a3c64,10014d0621b5
England,E12000008,E06000060,Buckinghamshire,BUCKI_34a56b585a8e,da5c98107e23
England,E12000008,E06000060,Buckinghamshire,BUCKI_22abbf32a75b,1f8c871a44c6
England,E12000008,E06000060,Buckinghamshire,BUCKI_25dc0e01e41c,4cd2c1d1cbb6
England,E12000008,E06000060,Buckinghamshire,BUCKI_50756743437e,9417ad8c3dac
England,E12000008,E06000060,Buckinghamshire,BUCKI_5dc610e0329b,a2e1a9b1f018
England,E12000008,E06000060,Buckinghamshire,BUCKI_76f3df728ce4,7c54f932b129
England,E12000008,E06000060,Buckinghamshire,BUCKI_e3c702bbe06f,812d760a6b75
England,E12000008,E06000060,Buckinghamshire,BUCKI_372bffa0ae3c,7ccc8eda8c1e
England,E12000008,E06000060,Buckinghamshire,BUCKI_a61f9473a045,b261043d084b
England,E12000008,E06000060,Buckinghamshire,BUCKI_eece96c8eadc,9d453651b6fd
England,E12000008,E06000060,Buckinghamshire,BUCKI_e9870d2eff62,fdb9460a85b9
England,E12000008,E06000060,Buckinghamshire,BUCKI_693d02b169a0,87c97d2993fc
England,E12000008,E06000060,Buckinghamshire,BUCKI_503f0e70bb1d,b3e0f7665864
England,E12000008,E06000060,Buckinghamshire,BUCKI_9ac927be81c0,d7743d773445
England,E12000008,E06000060,Buckinghamshire,BUCKI_2cd3a85e0364,6f7c7c543b41
England,E12000008,E06000060,Buckinghamshire,BUCKI_2bbe7d19b56b,268ed2ebff42
England,E12000008,E06000060,Buckinghamshire,BUCKI_ea691f7de976,f2d1bf4d27a7
England,E12000008,E06000060,Buckinghamshire,BUCKI_5301ba2bf04b,5f458be90286
England,E12000008,E06000060,Buckinghamshire,BUCKI_cf3396f10f1d,cbaf7738417e
England,E12000008,E06000060,Buckinghamshire,BUCKI_3136ce9f25bb,0b5e922ab553
England,E12000008,E06000060,Buckinghamshire,BUCKI_749b58bc5517,adff81568ad6
England,E12000008,E06000060,Buckinghamshire,BUCKI_fdbdefeff4bb,3bb7b03900d7
England,E12000008,E06000060,Buckinghamshire,BUCKI_a76649dde320,2615d12004b7
England,E12000008,E06000060,Buckinghamshire,BUCKI_2a318cec9ed8,5444ee282104
England,E12000008,E06000060,Buckinghamshire,BUCKI_e6fa64adf2af,d60fca431882
England,E12000008,E06000060,Buckinghamshire,BUCKI_89e8a4030336,7fcd8b4af6f1
England,E12000008,E06000060,Buckinghamshire,BUCKI_0367024f0e51,ef350c9098d1
England,E12000008,E06000060,Buckinghamshire,BUCKI_505aecceefea,7521072a769a
England,E12000008,E06000060,Buckinghamshire,BUCKI_23864096dbbe,27292970fa12
England,E12000008,E06000060,Buckinghamshire,BUCKI_1a2f4185ebe4,299da880eb45
England,E12000008,E06000060,Buckinghamshire,BUCKI_671db759b2db,29493de61f1d
England,E12000008,E06000060,Buckinghamshire,BUCKI_8e575e020af1,9cf51141a8d8
England,E12000008,E06000060,Buckinghamshire,BUCKI_afc55ea6fb99,dc1b8d612e8e
England,E12000008,E06000060,Buckinghamshire,BUCKI_458b01a3a94e,f57be7f4a36a
England,E12000008,E06000060,Buckinghamshire,BUCKI_3af028e2727e,f29e1687633f
England,E12000008,E06000060,Buckinghamshire,BUCKI_00348a602af1,3dc5ac020791
England,E12000008,E06000060,Buckinghamshire,BUCKI_3831fca748a9,a795ba82b0df
England,E12000008,E06000060,Buckinghamshire,BUCKI_d3073ccd828a,65fd6f688ffb
England,E12000008,E06000060,Buckinghamshire,BUCKI_a9d18bc546c2,08c1f3d33caa
England,E12000008,E06000060,Buckinghamshire,BUCKI_a3bec383522a,f6a2dd5af91d
England,E12000008,E06000060,Buckinghamshire,BUCKI_043b36492af6,0d0144a20891
England,E12000008,E06000060,Buckinghamshire,BUCKI_6f9ff62dafc8,eec056c56f72
England,E12000008,E06000060,Buckinghamshire,BUCKI_d369180339c3,27c3d8ea3b2d
England,E12000008,E06000060,Buckinghamshire,BUCKI_a18d660730cf,6a10ab8a167b
England,E12000008,E06000060,Buckinghamshire,BUCKI_21fc98a4f7a6,7ba74687991e
England,E12000008,E06000060,Buckinghamshire,BUCKI_3a82ba3a5327,4837bb0ce8bf
England,E12000008,E06000060,Buckinghamshire,BUCKI_a6736c452fd9,7bbbff11df0f
England,E12000008,E06000060,Buckinghamshire,BUCKI_d0d3c5a627c7,9838b7722f1c
England,E12000008,E06000060,Buckinghamshire,BUCKI_2b7f9943c5a3,45ee36defcbc
England,E12000008,E06000060,Buckinghamshire,BUCKI_12a52fb12dbe,6909b6a0b1df
England,E12000008,E06000060,Buckinghamshire,BUCKI_07e79640e79a,92198bd06572
England,E12000008,E06000060,Buckinghamshire,BUCKI_e0a78f468a82,5033d11b0d5c
England,E12000008,E06000060,Buckinghamshire,BUCKI_226c1465df9a,2aee55aaf80f
England,E12000008,E06000060,Buckinghamshire,BUCKI_331056cc2256,8ee0545b360a
England,E12000008,E06000060,Buckinghamshire,BUCKI_4abfb6ec445a,da279f978c8a
England,E12000008,E06000060,Buckinghamshire,BUCKI_d99b5950a651,b1355661ee0a
England,E12000008,E06000060,Buckinghamshire,BUCKI_f1522bcc24da,3ce2ab014b70
England,E12000008,E06000060,Buckinghamshire,BUCKI_8d449d808cf9,04bc67bc3edc
England,E12000008,E06000060,Buckinghamshire,BUCKI_d6bd1366e634,448e1762ca15
England,E12000008,E06000060,Buckinghamshire,BUCKI_1001a8d2d31b,c2a4ae934002
England,E12000008,E06000060,Buckinghamshire,BUCKI_bf39d3849d1e,60faea786cc9
England,E12000008,E06000060,Buckinghamshire,BUCKI_c849259046b8,18cbf6d788c2
England,E12000008,E06000060,Buckinghamshire,BUCKI_8f9526bf0642,9a018e2ecb27
England,E12000008,E06000060,Buckinghamshire,BUCKI_2c4380f2fc4b,728793b13963
England,E12000008,E06000060,Buckinghamshire,BUCKI_ca2020f3bc67,947a4ce1b34f
England,E12000008,E06000060,Buckinghamshire,BUCKI_a55889184a51,78ade8fc1dbc
England,E12000008,E06000060,Buckinghamshire,BUCKI_9c5bcaf863c1,44d742a3403a
England,E12000008,E06000060,Buckinghamshire,BUCKI_37d2159b63d7,5cec76d56181
England,E12000008,E06000060,Buckinghamshire,BUCKI_168d9ab8092d,1049896adb3d
England,E12000008,E06000060,Buckinghamshire,BUCKI_2ef5f4fb4573,bb11e757dc1e
England,E12000008,E06000060,Buckinghamshire,BUCKI_8571b671a6d4,26128ac8d74b
England,E12000008,E06000060,Buckinghamshire,BUCKI_f5bfda399f15,e21956f9775a
England,E12000008,E06000060,Buckinghamshire,BUCKI_11450a4ccdec,c986157b86cf
England,E12000008,E06000060,Buckinghamshire,BUCKI_74d034c494f6,1389d9003231
England,E12000008,E06000060,Buckinghamshire,BUCKI_84591fb1b3be,4232205f4332
England,E12000008,E06000060,Buckinghamshire,BUCKI_804141fae2e0,755af12eae23
England,E12000008,E06000060,Buckinghamshire,BUCKI_282de200ddf1,b005479f1b1f
England,E12000008,E06000060,Buckinghamshire,BUCKI_9d164faeaf19,157fc898e27b
England,E12000008,E06000060,Buckinghamshire,BUCKI_539450318dba,df0c19bdebcc
England,E12000008,E06000060,Buckinghamshire,BUCKI_e7914414a214,556c2dc356a1
England,E12000008,E06000060,Buckinghamshire,BUCKI_b9c871502af5,2fee711b837c
England,E12000008,E06000060,Buckinghamshire,BUCKI_8ebcff31b02e,62d7cd59fbb9
England,E12000008,E06000060,Buckinghamshire,BUCKI_5e635d7a5fa2,d7f070debe45
England,E12000008,E06000060,Buckinghamshire,BUCKI_d979d5cb4688,62df85dd552d
England,E12000008,E06000060,Buckinghamshire,BUCKI_7d5c34f57b74,310aaab04f84
England,E12000008,E06000060,Buckinghamshire,BUCKI_d8652f90617e,aac0aed746b2
England,E12000008,E06000060,Buckinghamshire,BUCKI_e1ad1701a020,b4f01e62be28
England,E12000008,E06000060,Buckinghamshire,BUCKI_35350e3c8354,a2098c76743f
England,E12000008,E06000060,Buckinghamshire,BUCKI_af482dce5ca0,d1224300faae
England,E12000008,E06000060,Buckinghamshire,BUCKI_1b2b190c28c6,aaad736e20ee
England,E12000008,E06000060,Buckinghamshire,BUCKI_bc2287efb2be,b8069d80b439
England,E12000008,E06000060,Buckinghamshire,BUCKI_e0af45d1c616,e81b28550ab6
England,E12000008,E06000060,Buckinghamshire,BUCKI_6586c435aab4,e4139bcd4757
England,E12000008,E06000060,Buckinghamshire,BUCKI_8f1f060ab4cc,0fd56256e18c
England,E12000008,E06000060,Buckinghamshire,BUCKI_42f32ac5f0b6,7675464f7848
England,E12000008,E06000060,Buckinghamshire,BUCKI_9a17e9b157a1,cd67bb7356fa
England,E12000008,E06000060,Buckinghamshire,BUCKI_c26f3b042d7b,7c0d0ff5cc18
England,E12000008,E06000060,Buckinghamshire,BUCKI_89a767cc7c85,6360768912bb
England,E12000008,E06000060,Buckinghamshire,BUCKI_46df6500a1f9,d21d63ae222d
England,E12000008,E06000060,Buckinghamshire,BUCKI_e9aeb4d84534,4d268cab0403
England,E12000008,E06000060,Buckinghamshire,BUCKI_51c374c7b166,99c5eadb74ea
England,E12000008,E06000060,Buckinghamshire,BUCKI_be440e35175c,feb775cbe5f5
England,E12000008,E06000060,Buckinghamshire,BUCKI_a76e2bdefbf4,c6803b3790db
England,E12000008,E06000060,Buckinghamshire,BUCKI_6da8f3258ecb,048238266857
England,E12000008,E06000060,Buckinghamshire,BUCKI_5ae61e610c57,ac5dc9ec5864
England,E12000008,E06000060,Buckinghamshire,BUCKI_0947e6293376,6fdb9d1e1ffc
England,E12000008,E06000060,Buckinghamshire,BUCKI_4bc3d24247ef,7dd7e397a173
England,E12000008,E06000060,Buckinghamshire,BUCKI_f08538523906,08227acba9d2
England,E12000008,E06000060,Buckinghamshire,BUCKI_948f5e190f8b,fb7ab0bb3828
England,E12000008,E06000060,Buckinghamshire,BUCKI_cf5455eb2879,b48ab1c21e19
England,E12000008,E06000060,Buckinghamshire,BUCKI_92f7aea33d0e,2f26a3df225a
England,E12000008,E06000060,Buckinghamshire,BUCKI_57eeca46edd3,b90c9f24d0e3
England,E12000008,E06000060,Buckinghamshire,BUCKI_05fb318be007,ea1a233d6371
England,E12000008,E06000060,Buckinghamshire,BUCKI_5225ed7c819e,cc786cd92a30
England,E12000008,E06000060,Buckinghamshire,BUCKI_02ffa7147bd9,51f36e063d9f
England,E12000008,E06000060,Buckinghamshire,BUCKI_0a4c324f817c,cd8ccf24ba29
England,E12000008,E06000060,Buckinghamshire,BUCKI_6b1f444d6877,56f3fc64ee9e
England,E12000008,E06000060,Buckinghamshire,BUCKI_d8e2d303b236,fd1ce94bdbc2
England,E12000008,E06000060,Buckinghamshire,BUCKI_daa55551eee1,b76b6c4f12f2
England,E12000008,E06000060,Buckinghamshire,BUCKI_bfff9f6f21e1,428eecec2351
England,E12000008,E06000060,Buckinghamshire,BUCKI_c69412c6a7b3,d21f460dd50e
England,E12000008,E06000060,Buckinghamshire,BUCKI_8e227c7cd224,329ec7e2fde1
England,E12000008,E06000060,Buckinghamshire,BUCKI_db2c851ae21d,6053f34a395e
England,E12000008,E06000060,Buckinghamshire,BUCKI_c8bcd50fdc5e,4a933c4c5a2f
England,E12000008,E06000060,Buckinghamshire,BUCKI_90a078a68c05,5f2e7681dbf4
England,E12000008,E06000060,Buckinghamshire,BUCKI_8785e6741ae5,6bf22703c16f
England,E12000008,E06000060,Buckinghamshire,BUCKI_280e1f743e30,45d8de32b282
England,E12000008,E06000060,Buckinghamshire,BUCKI_4cee667f89f9,e15a0d6f28d7
England,E12000008,E06000060,Buckinghamshire,BUCKI_fd1a7d82af7b,f5e953440f54
England,E12000008,E06000060,Buckinghamshire,BUCKI_0d3a985072b3,11bf119a0071
England,E12000008,E06000060,Buckinghamshire,BUCKI_d85c3b997b57,31947d1f2a73
England,E12000008,E06000060,Buckinghamshire,BUCKI_9bc2aa19e8e5,920a53bb0ed5
England,E12000008,E06000060,Buckinghamshire,BUCKI_ffbd08f402fb,b8a74894b683
England,E12000008,E06000060,Buckinghamshire,BUCKI_810e0c070ceb,81edbd3f963f
England,E12000008,E06000060,Buckinghamshire,BUCKI_ef337760d96a,cdaf52605038
England,E12000008,E06000060,Buckinghamshire,BUCKI_36b4146c30f4,d9948e4caae4
England,E12000008,E06000060,Buckinghamshire,BUCKI_13cdfd901378,348fa9c01f25
England,E12000008,E06000060,Buckinghamshire,BUCKI_304928fdeb75,525d5d7b9144
England,E12000008,E06000060,Buckinghamshire,BUCKI_d28f3a1b4fde,5de9b9e4c66c
England,E12000008,E06000060,Buckinghamshire,BUCKI_15362d61d40a,fa2193a4ad21
England,E12000008,E06000060,Buckinghamshire,BUCKI_ca07b8bcd576,5b9dab0286ec
England,E12000008,E06000060,Buckinghamshire,BUCKI_9696b41f2420,899d2ae951cf
England,E12000008,E06000060,Buckinghamshire,BUCKI_aec52689819e,c5c0d765db01
England,E12000008,E06000060,Buckinghamshire,BUCKI_29eae2a84e76,832d24cbc159
England,E12000008,E06000060,Buckinghamshire,BUCKI_86eec6750413,f81eb6024531
England,E12000008,E06000060,Buckinghamshire,BUCKI_8c061f60379c,efecbeda105a
England,E12000008,E06000060,Buckinghamshire,BUCKI_01e897d6ad0a,a9634507af32
England,E12000008,E06000060,Buckinghamshire,BUCKI_6a003289e15c,5043c5b7dd3a
England,E12000008,E06000060,Buckinghamshire,BUCKI_d439819f5c41;BUCKI_2e40452247dc,1722686a9d86
England,E12000008,E06000060,Buckinghamshire,BUCKI_2e78cf556e37,093cf92dd9bb
England,E12000008,E06000060,Buckinghamshire,BUCKI_3eb1b6fa2e3f,f0019db10938
England,E12000008,E06000060,Buckinghamshire,BUCKI_7b780d362ca2,b8f9bd608647
England,E12000008,E06000060,Buckinghamshire,BUCKI_12e11a0bcc08,fb38e1da4e53
England,E12000008,E06000060,Buckinghamshire,BUCKI_5a0563980d4d,b1e786100a46
England,E12000008,E06000060,Buckinghamshire,BUCKI_af2cac7e3c75,57c5d1a30df6
England,E12000008,E06000060,Buckinghamshire,BUCKI_8e434bff15ab,4560322fcedf
England,E12000008,E06000060,Buckinghamshire,BUCKI_99346bcf036d,4c17b8bc652a
England,E12000008,E06000060,Buckinghamshire,BUCKI_e083b810662a,18a46b1b5597
England,E12000008,E06000060,Buckinghamshire,BUCKI_1c120ceacaf9,c5ccc5657055
England,E12000008,E06000060,Buckinghamshire,BUCKI_6c6e432667fb,40718a7f817c
England,E12000008,E06000060,Buckinghamshire,BUCKI_c9c0acda1242,b72fab5074a7
England,E12000008,E06000060,Buckinghamshire,BUCKI_c47f5d9071f0,cddca7c20320
England,E12000008,E06000060,Buckinghamshire,BUCKI_31e9ad962c27,3cdeed3efaf9
England,E12000008,E06000060,Buckinghamshire,BUCKI_8f30eeee36ee,26211b2210d8
England,E12000008,E06000060,Buckinghamshire,BUCKI_9ced00f9f61e,8edf76b147aa
England,E12000008,E06000060,Buckinghamshire,BUCKI_80100916bcc9,a6f7dfcc1e9e
England,E12000008,E06000060,Buckinghamshire,BUCKI_deadce1125e1,bfad84c59ac8
England,E12000008,E06000060,Buckinghamshire,BUCKI_7f7ec6c4ba08,45ae16e4dd7b
England,E12000008,E06000060,Buckinghamshire,BUCKI_d35af7f1b514,7f78b9fbce2a
England,E12000008,E06000060,Buckinghamshire,BUCKI_016f9ee4613c,ef642023b738
England,E12000008,E06000060,Buckinghamshire,BUCKI_74c9bf1a38b1,0ba748bfa2e3
England,E12000008,E06000060,Buckinghamshire,BUCKI_106cbc9d2d4c,d5f2d9d91180
England,E12000008,E06000060,Buckinghamshire,BUCKI_44a26fda71c7,64ab53cd8548
England,E12000008,E06000060,Buckinghamshire,BUCKI_e92215a8a378,a22c81b5bc5b
England,E12000008,E06000060,Buckinghamshire,BUCKI_5a4fbad2e5fc,b2ef5df7e060
England,E12000008,E06000060,Buckinghamshire,BUCKI_b3cc6e5e7ce7,a4cbdcde7097
England,E12000008,E06000060,Buckinghamshire,BUCKI_772670f1e087,89273553d6e8
England,E12000008,E06000060,Buckinghamshire,BUCKI_b7602388ead2,7c15602a009d
England,E12000008,E06000060,Buckinghamshire,BUCKI_81076a9568f1,1394659640b5
England,E12000008,E06000060,Buckinghamshire,BUCKI_e4fed02e97b5,74d8ec802d42
England,E12000008,E06000060,Buckinghamshire,BUCKI_1fc87aca020e,56f820acfc5d
England,E12000008,E06000060,Buckinghamshire,BUCKI_8bb5577d644f,9519a3b1edf9
England,E12000008,E06000060,Buckinghamshire,BUCKI_4f848c02dffa,4afbb9094f7e
England,E12000008,E06000060,Buckinghamshire,BUCKI_e8f03e32b188,64ac503a6500
England,E12000008,E06000060,Buckinghamshire,BUCKI_97b6d27134df,d00031b086d9
England,E12000008,E06000060,Buckinghamshire,BUCKI_00f51aefd8c7,645f5b57b8d6
England,E12000008,E06000060,Buckinghamshire,BUCKI_12594b569cd8,f7a15b2c4f89
England,E12000008,E06000060,Buckinghamshire,BUCKI_3339424bc987,17c8bb9ac8e2
England,E12000008,E06000060,Buckinghamshire,BUCKI_e4cfbb1db066,05fcdce96fe6
England,E12000008,E06000060,Buckinghamshire,BUCKI_e7ce86711cc3,7013b08f5af5
England,E12000008,E06000060,Buckinghamshire,BUCKI_5ca3c04fd967,9fbb4dc3d981
England,E12000008,E06000060,Buckinghamshire,BUCKI_dacf956e08f1,04d0b9b9aeb2
England,E12000008,E06000060,Buckinghamshire,BUCKI_5d31063a5dac,78e612354167
England,E12000008,E06000060,Buckinghamshire,BUCKI_92ed7a0f29c2,b5197dcfa41b
England,E12000008,E06000060,Buckinghamshire,BUCKI_d6f71ecc43cc,b8200c692a2e
England,E12000008,E06000060,Buckinghamshire,BUCKI_b30a2452afe5,4df66d49cc2d
England,E12000008,E06000060,Buckinghamshire,BUCKI_afb551b1d419,04366708db93
England,E12000008,E06000060,Buckinghamshire,BUCKI_d1043f22a77a,fae348403142
England,E12000008,E06000060,Buckinghamshire,BUCKI_cd2c73948861,bbb5efcac13f
England,E12000008,E06000060,Buckinghamshire,BUCKI_9b44c381a53f,ee205bb48259
England,E12000008,E06000060,Buckinghamshire,BUCKI_bc3b8648c1bb,0855aee0c68b
England,E12000008,E06000060,Buckinghamshire,BUCKI_ef498cb6b678,28ebc9a5c400
England,E12000008,E06000060,Buckinghamshire,BUCKI_6724d674ec62,7964034480f9
England,E12000008,E06000060,Buckinghamshire,BUCKI_02a9f115345e,04adec89a4fc
England,E12000008,E06000060,Buckinghamshire,BUCKI_685ae0bf0091,b018a2f276b0
England,E12000008,E06000060,Buckinghamshire,BUCKI_cffa07efdd61,4a7b565cac81
England,E12000008,E06000060,Buckinghamshire,BUCKI_64747871f190,d4de6a2fe4ee
England,E12000008,E06000060,Buckinghamshire,BUCKI_50f0131bfa4f,4a2b736034f0
England,E12000008,E06000060,Buckinghamshire,BUCKI_c77920cee686,6bd8bef4ca9d
England,E12000008,E06000060,Buckinghamshire,BUCKI_0e20e215414e,a895d0dbc1a4
England,E12000008,E06000060,Buckinghamshire,BUCKI_f41aa5f86f2f,fff8167c2035
England,E12000008,E06000060,Buckinghamshire,BUCKI_cba04f0631ea,65f24445d2c1
England,E12000008,E06000060,Buckinghamshire,BUCKI_003ce447560c,a2ec503772ec
England,E12000008,E06000060,Buckinghamshire,BUCKI_00d1d12dbe4c,bd749faeef2b
England,E12000008,E06000060,Buckinghamshire,BUCKI_1d51700122a9,22d90c93b80e
England,E12000008,E06000060,Buckinghamshire,BUCKI_f609d84b719f,b2122ae5d680
England,E12000008,E06000060,Buckinghamshire,BUCKI_f27ab7031dd8,49c2fd09d88b
England,E12000008,E06000060,Buckinghamshire,BUCKI_9c09c168ddaf,3a6f263a65ab
England,E12000008,E06000060,Buckinghamshire,BUCKI_e35841b1433d,c7c31359c3df
England,E12000008,E06000060,Buckinghamshire,BUCKI_6c0d4d4aaf29,83d8d6e61f1d
England,E12000008,E06000060,Buckinghamshire,BUCKI_e9a53c2134e1,29de15be26ca
England,E12000008,E06000060,Buckinghamshire,BUCKI_ff92aeed5e32,13f22fed62af
England,E12000008,E06000060,Buckinghamshire,BUCKI_da06ea4848ba,23c339a09b65
England,E12000008,E06000060,Buckinghamshire,BUCKI_22e6a1be729f,733eb84e73b6
England,E12000008,E06000060,Buckinghamshire,BUCKI_4cddebacde5b,7ff292f84c56
England,E12000008,E06000060,Buckinghamshire,BUCKI_5d9b9fdb18cb,fc3245726770
England,E12000008,E06000060,Buckinghamshire,BUCKI_d33d3b2432fe,91c24c2b75c0
England,E12000008,E06000060,Buckinghamshire,BUCKI_657ebf0077dc,1230b85a5da1
England,E12000008,E06000060,Buckinghamshire,BUCKI_93e027f84e6b,8c77d6cafd6b
England,E12000008,E06000060,Buckinghamshire,BUCKI_36ddcee9f181,a2a8b02e491e
England,E12000008,E06000060,Buckinghamshire,BUCKI_25d7ea58d275,08db7a11c5bd
England,E12000008,E06000060,Buckinghamshire,BUCKI_b83dcc5addb2,922bdb90e02d
England,E12000008,E06000060,Buckinghamshire,BUCKI_a63b568b9b00,8665f9c6a7cb
England,E12000008,E06000060,Buckinghamshire,BUCKI_e8857f0d8da4,a81355fce616
England,E12000008,E06000060,Buckinghamshire,BUCKI_88252b954a3d,cc24eb916f1f
England,E12000008,E06000060,Buckinghamshire,BUCKI_13f382607cbb,327ae906b6ae
England,E12000008,E06000060,Buckinghamshire,BUCKI_94fc9fe36af1,9810581f2a4b
England,E12000008,E06000060,Buckinghamshire,BUCKI_8833342bfa58,0f7236636eb4
England,E12000008,E06000060,Buckinghamshire,BUCKI_83c1cd083db5,7f42e6edf2bb
England,E12000008,E06000060,Buckinghamshire,BUCKI_ff57ef95ced2,05bc87c69f07
England,E12000008,E06000060,Buckinghamshire,BUCKI_54f0c19a5a7e,ea27f1f733c0
England,E12000008,E06000060,Buckinghamshire,BUCKI_16c5b3168c6f,28bb8169c5cb
England,E12000008,E06000060,Buckinghamshire,BUCKI_a87e7fb83b7c,891943d75abf
England,E12000008,E06000060,Buckinghamshire,BUCKI_c122a75e1b8d,2ef38ced1236
England,E12000008,E06000060,Buckinghamshire,BUCKI_96952dc959fa,d91f59519916
England,E12000008,E06000060,Buckinghamshire,BUCKI_3b2ce30b89ae,fc28481d6110
England,E12000008,E06000060,Buckinghamshire,BUCKI_1fcad0cb5308,1df81429ccda
England,E12000008,E06000060,Buckinghamshire,BUCKI_d992ed02bfc5,aec9334d7225
England,E12000008,E06000060,Buckinghamshire,BUCKI_b2ba4489dea8,b39cbf7b91dd
England,E12000008,E06000060,Buckinghamshire,BUCKI_81a8b4675ace,42f797b9896f
England,E12000008,E06000060,Buckinghamshire,BUCKI_c3229c68fcf1,7de416a052ab
England,E12000008,E06000060,Buckinghamshire,BUCKI_62e3bde71ffd,93f76674783b
England,E12000008,E06000060,Buckinghamshire,BUCKI_68802e194ef6,58bbb0f67a2a
England,E12000008,E06000060,Buckinghamshire,BUCKI_67c568a622f5,ac63ecb99d29
England,E12000008,E06000060,Buckinghamshire,BUCKI_73252e0971e9,370c582b418e
England,E12000008,E06000060,Buckinghamshire,BUCKI_d6c5fd5d7084,f914356a9667
England,E12000008,E06000060,Buckinghamshire,BUCKI_2e0d89e9876e,f01f7f09da31
England,E12000008,E06000060,Buckinghamshire,BUCKI_da838cddb321,2195917ae484
England,E12000008,E06000060,Buckinghamshire,BUCKI_4ef22261e2c9,8b7f0eeddeaa
England,E12000008,E06000060,Buckinghamshire,BUCKI_fb0b57f8cfef,ff41ce1e25d5
England,E12000008,E06000060,Buckinghamshire,BUCKI_2d712161e1cc,69ccd1e0691e
