{
"type": "FeatureCollection",
"name": "b38ed618bf3a_foliage",
"crs": { "type": "name", "properties": { "name": "urn:ogc:def:crs:OGC:1.3:CRS84" } },
"features": [
{ "type": "Feature", "properties": { "max_height": 7.157501220703125, "mean_height": 2.0396685600280762, "std_height": 1.9559853076934814, "count_pixels": 36, "percent_cover": 0.1951219512195122, "percent_above_0.1m": 94.444444444444443, "low_level_<0.5": 16.666666666666664, "mid_level_0.5-2": 30.555555555555557, "tall_2+": 38.888888888888893 }, "geometry": { "type": "Point", "coordinates": [ -0.153692819116748, 51.247456671556385 ] } },
{ "type": "Feature", "properties": { "max_height": 7.5462493896484375, "mean_height": 3.0479249954223633, "std_height": 2.021888256072998, "count_pixels": 41, "percent_cover": 0.22222222222222221, "percent_above_0.1m": 97.560975609756099, "low_level_<0.5": 2.4390243902439024, "mid_level_0.5-2": 34.146341463414636, "tall_2+": 60.975609756097562 }, "geometry": { "type": "Point", "coordinates": [ -0.153494397779929, 51.247453540004507 ] } },
{ "type": "Feature", "properties": { "max_height": 8.4025039672851562, "mean_height": 4.0018730163574219, "std_height": 2.2425558567047119, "count_pixels": 41, "percent_cover": 0.22222222222222221, "percent_above_0.1m": 100.0, "low_level_<0.5": 2.4390243902439024, "mid_level_0.5-2": 21.951219512195124, "tall_2+": 75.609756097560975 }, "geometry": { "type": "Point", "coordinates": [ -0.15329597647868, 51.247450408116485 ] } },
{ "type": "Feature", "properties": { "max_height": 9.9200057983398438, "mean_height": 4.6543283462524414, "std_height": 3.2966609001159668, "count_pixels": 41, "percent_cover": 0.22222222222222221, "percent_above_0.1m": 92.682926829268297, "low_level_<0.5": 12.195121951219512, "mid_level_0.5-2": 4.8780487804878048, "tall_2+": 73.170731707317074 }, "geometry": { "type": "Point", "coordinates": [ -0.153097555213005, 51.247447275892334 ] } },
{ "type": "Feature", "properties": { "max_height": 9.7024993896484375, "mean_height": 2.8883464336395264, "std_height": 3.3822929859161377, "count_pixels": 42, "percent_cover": 0.22764227642276422, "percent_above_0.1m": 71.428571428571431, "low_level_<0.5": 9.5238095238095237, "mid_level_0.5-2": 14.285714285714285, "tall_2+": 42.857142857142854 }, "geometry": { "type": "Point", "coordinates": [ -0.152899133982908, 51.247444143332032 ] } },
{ "type": "Feature", "properties": { "max_height": 8.5068740844726562, "mean_height": 2.3077714443206787, "std_height": 1.900195837020874, "count_pixels": 43, "percent_cover": 0.23306233062330622, "percent_above_0.1m": 90.697674418604649, "low_level_<0.5": 4.6511627906976747, "mid_level_0.5-2": 37.209302325581397, "tall_2+": 48.837209302325576 }, "geometry": { "type": "Point", "coordinates": [ -0.152700712788386, 51.247441010435608 ] } },
{ "type": "Feature", "properties": { "max_height": 4.5612411499023438, "mean_height": 1.8927645683288574, "std_height": 1.2617236375808716, "count_pixels": 43, "percent_cover": 0.23306233062330622, "percent_above_0.1m": 97.674418604651152, "low_level_<0.5": 11.627906976744185, "mid_level_0.5-2": 37.209302325581397, "tall_2+": 46.511627906976742 }, "geometry": { "type": "Point", "coordinates": [ -0.152502291629462, 51.247437877203048 ] } },
{ "type": "Feature", "properties": { "max_height": 4.1300048828125, "mean_height": 0.77200424671173096, "std_height": 0.81200700998306274, "count_pixels": 43, "percent_cover": 0.23306233062330622, "percent_above_0.1m": 67.441860465116278, "low_level_<0.5": 11.627906976744185, "mid_level_0.5-2": 48.837209302325576, "tall_2+": 4.6511627906976747 }, "geometry": { "type": "Point", "coordinates": [ -0.154184557342276, 51.247572347660657 ] } },
{ "type": "Feature", "properties": { "max_height": 1.4562454223632812, "mean_height": 0.64514303207397461, "std_height": 0.43859210610389709, "count_pixels": 43, "percent_cover": 0.23306233062330622, "percent_above_0.1m": 83.720930232558146, "low_level_<0.5": 18.604651162790699, "mid_level_0.5-2": 60.465116279069761, "tall_2+": 0.0 }, "geometry": { "type": "Point", "coordinates": [ -0.153986135454454, 51.247569216935574 ] } },
{ "type": "Feature", "properties": { "max_height": 5.9768753051757812, "mean_height": 1.8703185319900513, "std_height": 1.320986270904541, "count_pixels": 43, "percent_cover": 0.23306233062330622, "percent_above_0.1m": 97.674418604651152, "low_level_<0.5": 2.3255813953488373, "mid_level_0.5-2": 65.116279069767444, "tall_2+": 30.232558139534881 }, "geometry": { "type": "Point", "coordinates": [ -0.153787713602193, 51.247566085874361 ] } },
{ "type": "Feature", "properties": { "max_height": 3.8237533569335938, "mean_height": 1.5607539415359497, "std_height": 0.87644124031066895, "count_pixels": 43, "percent_cover": 0.23306233062330622, "percent_above_0.1m": 100.0, "low_level_<0.5": 11.627906976744185, "mid_level_0.5-2": 55.813953488372093, "tall_2+": 32.558139534883722 }, "geometry": { "type": "Point", "coordinates": [ -0.153589291785497, 51.247562954476997 ] } },
{ "type": "Feature", "properties": { "max_height": 4.2374954223632812, "mean_height": 2.0475859642028809, "std_height": 0.96056360006332397, "count_pixels": 43, "percent_cover": 0.23306233062330622, "percent_above_0.1m": 97.674418604651152, "low_level_<0.5": 2.3255813953488373, "mid_level_0.5-2": 48.837209302325576, "tall_2+": 46.511627906976742 }, "geometry": { "type": "Point", "coordinates": [ -0.153390870004372, 51.247559822743511 ] } },
{ "type": "Feature", "properties": { "max_height": 9.4268722534179688, "mean_height": 2.4396936893463135, "std_height": 1.2551772594451904, "count_pixels": 43, "percent_cover": 0.23306233062330622, "percent_above_0.1m": 100.0, "low_level_<0.5": 0.0, "mid_level_0.5-2": 34.883720930232556, "tall_2+": 65.116279069767444 }, "geometry": { "type": "Point", "coordinates": [ -0.153192448258815, 51.247556690673868 ] } },
{ "type": "Feature", "properties": { "max_height": 8.7600021362304688, "mean_height": 2.6716799736022949, "std_height": 1.8137229681015015, "count_pixels": 42, "percent_cover": 0.22764227642276422, "percent_above_0.1m": 100.0, "low_level_<0.5": 2.3809523809523809, "mid_level_0.5-2": 47.619047619047613, "tall_2+": 50.0 }, "geometry": { "type": "Point", "coordinates": [ -0.152994026548835, 51.247553558268116 ] } },
{ "type": "Feature", "properties": { "max_height": 9.2493743896484375, "mean_height": 4.1360964775085449, "std_height": 2.8916950225830078, "count_pixels": 41, "percent_cover": 0.22222222222222221, "percent_above_0.1m": 100.0, "low_level_<0.5": 0.0, "mid_level_0.5-2": 43.902439024390247, "tall_2+": 56.09756097560976 }, "geometry": { "type": "Point", "coordinates": [ -0.152795604874438, 51.2475504255262 ] } },
{ "type": "Feature", "properties": { "max_height": 10.631874084472656, "mean_height": 6.3803315162658691, "std_height": 3.3945276737213135, "count_pixels": 41, "percent_cover": 0.22222222222222221, "percent_above_0.1m": 100.0, "low_level_<0.5": 2.4390243902439024, "mid_level_0.5-2": 14.634146341463413, "tall_2+": 82.926829268292678 }, "geometry": { "type": "Point", "coordinates": [ -0.152597183235618, 51.247547292448168 ] } },
{ "type": "Feature", "properties": { "max_height": 10.9637451171875, "mean_height": 5.6967282295227051, "std_height": 3.190140962600708, "count_pixels": 36, "percent_cover": 0.1951219512195122, "percent_above_0.1m": 100.0, "low_level_<0.5": 0.0, "mid_level_0.5-2": 22.222222222222221, "tall_2+": 77.777777777777786 }, "geometry": { "type": "Point", "coordinates": [ -0.152398761632391, 51.247544159033971 ] } },
{ "type": "Feature", "properties": { "max_height": 2.6375045776367188, "mean_height": 0.50862777233123779, "std_height": 0.56611549854278564, "count_pixels": 42, "percent_cover": 0.22764227642276422, "percent_above_0.1m": 61.904761904761905, "low_level_<0.5": 16.666666666666664, "mid_level_0.5-2": 38.095238095238095, "tall_2+": 2.3809523809523809 }, "geometry": { "type": "Point", "coordinates": [ -0.154477875635021, 51.24768489183117 ] } },
{ "type": "Feature", "properties": { "max_height": 4.1343765258789062, "mean_height": 1.1615833044052124, "std_height": 0.96343833208084106, "count_pixels": 41, "percent_cover": 0.22222222222222221, "percent_above_0.1m": 95.121951219512198, "low_level_<0.5": 12.195121951219512, "mid_level_0.5-2": 60.975609756097562, "tall_2+": 12.195121951219512 }, "geometry": { "type": "Point", "coordinates": [ -0.154279453231768, 51.247681761596766 ] } },
{ "type": "Feature", "properties": { "max_height": 3.5699996948242188, "mean_height": 1.7808054685592651, "std_height": 0.57719796895980835, "count_pixels": 41, "percent_cover": 0.22222222222222221, "percent_above_0.1m": 100.0, "low_level_<0.5": 0.0, "mid_level_0.5-2": 60.975609756097562, "tall_2+": 39.024390243902438 }, "geometry": { "type": "Point", "coordinates": [ -0.154081030864074, 51.247678631026211 ] } },
{ "type": "Feature", "properties": { "max_height": 2.8368759155273438, "mean_height": 1.2393420934677124, "std_height": 0.76735419034957886, "count_pixels": 41, "percent_cover": 0.22222222222222221, "percent_above_0.1m": 90.243902439024396, "low_level_<0.5": 7.3170731707317067, "mid_level_0.5-2": 65.853658536585371, "tall_2+": 17.073170731707318 }, "geometry": { "type": "Point", "coordinates": [ -0.153882608531933, 51.247675500119527 ] } },
{ "type": "Feature", "properties": { "max_height": 4.1431198120117188, "mean_height": 0.98395580053329468, "std_height": 0.93026071786880493, "count_pixels": 36, "percent_cover": 0.1951219512195122, "percent_above_0.1m": 83.333333333333343, "low_level_<0.5": 19.444444444444446, "mid_level_0.5-2": 47.222222222222221, "tall_2+": 8.3333333333333321 }, "geometry": { "type": "Point", "coordinates": [ -0.153684186235362, 51.2476723688767 ] } },
{ "type": "Feature", "properties": { "max_height": 2.3074951171875, "mean_height": 0.72728562355041504, "std_height": 0.72959375381469727, "count_pixels": 41, "percent_cover": 0.22222222222222221, "percent_above_0.1m": 65.853658536585371, "low_level_<0.5": 12.195121951219512, "mid_level_0.5-2": 46.341463414634148, "tall_2+": 4.8780487804878048 }, "geometry": { "type": "Point", "coordinates": [ -0.15348576397435, 51.247669237297714 ] } },
{ "type": "Feature", "properties": { "max_height": 3.0193710327148438, "mean_height": 1.064677357673645, "std_height": 0.98949480056762695, "count_pixels": 41, "percent_cover": 0.22222222222222221, "percent_above_0.1m": 63.414634146341463, "low_level_<0.5": 4.8780487804878048, "mid_level_0.5-2": 31.707317073170731, "tall_2+": 24.390243902439025 }, "geometry": { "type": "Point", "coordinates": [ -0.153287341748915, 51.247666105382606 ] } },
{ "type": "Feature", "properties": { "max_height": 3.96124267578125, "mean_height": 2.304783821105957, "std_height": 1.1574903726577759, "count_pixels": 41, "percent_cover": 0.22222222222222221, "percent_above_0.1m": 90.243902439024396, "low_level_<0.5": 0.0, "mid_level_0.5-2": 24.390243902439025, "tall_2+": 65.853658536585371 }, "geometry": { "type": "Point", "coordinates": [ -0.15308891955905, 51.247662973131369 ] } },
{ "type": "Feature", "properties": { "max_height": 3.5593719482421875, "mean_height": 2.3195517063140869, "std_height": 0.75993645191192627, "count_pixels": 42, "percent_cover": 0.22764227642276422, "percent_above_0.1m": 100.0, "low_level_<0.5": 2.3809523809523809, "mid_level_0.5-2": 33.333333333333329, "tall_2+": 64.285714285714292 }, "geometry": { "type": "Point", "coordinates": [ -0.152890497404768, 51.247659840543974 ] } },
{ "type": "Feature", "properties": { "max_height": 3.5974960327148438, "mean_height": 2.0650703907012939, "std_height": 0.74759030342102051, "count_pixels": 43, "percent_cover": 0.23306233062330622, "percent_above_0.1m": 100.0, "low_level_<0.5": 2.3255813953488373, "mid_level_0.5-2": 39.534883720930232, "tall_2+": 58.139534883720934 }, "geometry": { "type": "Point", "coordinates": [ -0.152692075286064, 51.247656707620457 ] } },
{ "type": "Feature", "properties": { "max_height": 5.0037460327148438, "mean_height": 1.869605541229248, "std_height": 0.80220502614974976, "count_pixels": 43, "percent_cover": 0.23306233062330622, "percent_above_0.1m": 100.0, "low_level_<0.5": 2.3255813953488373, "mid_level_0.5-2": 53.488372093023251, "tall_2+": 44.186046511627907 }, "geometry": { "type": "Point", "coordinates": [ -0.152493653202946, 51.247653574360804 ] } },
{ "type": "Feature", "properties": { "max_height": 8.7893753051757812, "mean_height": 1.2757091522216797, "std_height": 1.6148295402526855, "count_pixels": 44, "percent_cover": 0.23848238482384823, "percent_above_0.1m": 61.363636363636367, "low_level_<0.5": 6.8181818181818175, "mid_level_0.5-2": 27.27272727272727, "tall_2+": 27.27272727272727 }, "geometry": { "type": "Point", "coordinates": [ -0.152295231155421, 51.247650440765014 ] } },
{ "type": "Feature", "properties": { "max_height": 7.0499954223632812, "mean_height": 3.9829554557800293, "std_height": 1.2048559188842773, "count_pixels": 41, "percent_cover": 0.22222222222222221, "percent_above_0.1m": 100.0, "low_level_<0.5": 0.0, "mid_level_0.5-2": 7.3170731707317067, "tall_2+": 92.682926829268297 }, "geometry": { "type": "Point", "coordinates": [ -0.154771195367372, 51.247797435283651 ] } },
{ "type": "Feature", "properties": { "max_height": 4.5362472534179688, "mean_height": 1.9751812219619751, "std_height": 1.4443473815917969, "count_pixels": 41, "percent_cover": 0.22222222222222221, "percent_above_0.1m": 90.243902439024396, "low_level_<0.5": 9.7560975609756095, "mid_level_0.5-2": 29.268292682926827, "tall_2+": 48.780487804878049 }, "geometry": { "type": "Point", "coordinates": [ -0.154572772448695, 51.247794305539912 ] } },
{ "type": "Feature", "properties": { "max_height": 2.9174957275390625, "mean_height": 1.3887121677398682, "std_height": 0.7253190279006958, "count_pixels": 42, "percent_cover": 0.22764227642276422, "percent_above_0.1m": 97.61904761904762, "low_level_<0.5": 7.1428571428571423, "mid_level_0.5-2": 61.904761904761905, "tall_2+": 23.809523809523807 }, "geometry": { "type": "Point", "coordinates": [ -0.154374349565566, 51.247791175460037 ] } },
{ "type": "Feature", "properties": { "max_height": 1.8618698120117188, "mean_height": 0.59174257516860962, "std_height": 0.69092285633087158, "count_pixels": 43, "percent_cover": 0.23306233062330622, "percent_above_0.1m": 44.186046511627907, "low_level_<0.5": 0.0, "mid_level_0.5-2": 41.860465116279073, "tall_2+": 0.0 }, "geometry": { "type": "Point", "coordinates": [ -0.154175926717993, 51.247788045044018 ] } },
{ "type": "Feature", "properties": { "max_height": 1.8993682861328125, "mean_height": 0.16826026141643524, "std_height": 0.40296903252601624, "count_pixels": 43, "percent_cover": 0.23306233062330622, "percent_above_0.1m": 18.604651162790699, "low_level_<0.5": 9.3023255813953494, "mid_level_0.5-2": 9.3023255813953494, "tall_2+": 0.0 }, "geometry": { "type": "Point", "coordinates": [ -0.153977503905975, 51.247784914291856 ] } },
{ "type": "Feature", "properties": { "max_height": 0.1893768310546875, "mean_height": 0.03264404833316803, "std_height": 0.029919369146227837, "count_pixels": 43, "percent_cover": 0.23306233062330622, "percent_above_0.1m": 4.6511627906976747, "low_level_<0.5": 2.3255813953488373, "mid_level_0.5-2": 0.0, "tall_2+": 0.0 }, "geometry": { "type": "Point", "coordinates": [ -0.153779081129518, 51.247781783203557 ] } },
{ "type": "Feature", "properties": { "max_height": 0.39437103271484375, "mean_height": 0.031916774809360504, "std_height": 0.056600946933031082, "count_pixels": 43, "percent_cover": 0.23306233062330622, "percent_above_0.1m": 2.3255813953488373, "low_level_<0.5": 2.3255813953488373, "mid_level_0.5-2": 0.0, "tall_2+": 0.0 }, "geometry": { "type": "Point", "coordinates": [ -0.153580658388628, 51.247778651779122 ] } },
{ "type": "Feature", "properties": { "max_height": 0.03562164306640625, "mean_height": 0.022184859961271286, "std_height": 0.0074703088030219078, "count_pixels": 43, "percent_cover": 0.23306233062330622, "percent_above_0.1m": 0.0, "low_level_<0.5": 0.0, "mid_level_0.5-2": 0.0, "tall_2+": 0.0 }, "geometry": { "type": "Point", "coordinates": [ -0.153382235683308, 51.247775520018536 ] } },
{ "type": "Feature", "properties": { "max_height": 0.035003662109375, "mean_height": 0.023370431736111641, "std_height": 0.0066933580674231052, "count_pixels": 43, "percent_cover": 0.23306233062330622, "percent_above_0.1m": 0.0, "low_level_<0.5": 0.0, "mid_level_0.5-2": 0.0, "tall_2+": 0.0 }, "geometry": { "type": "Point", "coordinates": [ -0.153183813013559, 51.24777238792182 ] } },
{ "type": "Feature", "properties": { "max_height": 1.5268783569335938, "mean_height": 0.086829051375389099, "std_height": 0.24929329752922058, "count_pixels": 42, "percent_cover": 0.22764227642276422, "percent_above_0.1m": 7.1428571428571423, "low_level_<0.5": 2.3809523809523809, "mid_level_0.5-2": 4.7619047619047619, "tall_2+": 0.0 }, "geometry": { "type": "Point", "coordinates": [ -0.152985390379385, 51.247769255488954 ] } },
{ "type": "Feature", "properties": { "max_height": 2.4799957275390625, "mean_height": 0.56530243158340454, "std_height": 0.71086406707763672, "count_pixels": 41, "percent_cover": 0.22222222222222221, "percent_above_0.1m": 43.902439024390247, "low_level_<0.5": 2.4390243902439024, "mid_level_0.5-2": 36.585365853658537, "tall_2+": 4.8780487804878048 }, "geometry": { "type": "Point", "coordinates": [ -0.152786967780796, 51.247766122719952 ] } },
{ "type": "Feature", "properties": { "max_height": 2.15875244140625, "mean_height": 1.4683060646057129, "std_height": 0.41632819175720215, "count_pixels": 41, "percent_cover": 0.22222222222222221, "percent_above_0.1m": 100.0, "low_level_<0.5": 2.4390243902439024, "mid_level_0.5-2": 92.682926829268297, "tall_2+": 4.8780487804878048 }, "geometry": { "type": "Point", "coordinates": [ -0.152588545217785, 51.247762989614806 ] } },
{ "type": "Feature", "properties": { "max_height": 2.3706207275390625, "mean_height": 1.0395826101303101, "std_height": 0.54934245347976685, "count_pixels": 36, "percent_cover": 0.1951219512195122, "percent_above_0.1m": 97.222222222222214, "low_level_<0.5": 11.111111111111111, "mid_level_0.5-2": 77.777777777777786, "tall_2+": 2.7777777777777777 }, "geometry": { "type": "Point", "coordinates": [ -0.152390122690366, 51.247759856173538 ] } },
{ "type": "Feature", "properties": { "max_height": 6.0362472534179688, "mean_height": 2.8769600391387939, "std_height": 1.7780835628509521, "count_pixels": 43, "percent_cover": 0.23306233062330622, "percent_above_0.1m": 88.372093023255815, "low_level_<0.5": 6.9767441860465116, "mid_level_0.5-2": 9.3023255813953494, "tall_2+": 69.767441860465112 }, "geometry": { "type": "Point", "coordinates": [ -0.154667669706679, 51.247903719175845 ] } },
{ "type": "Feature", "properties": { "max_height": 6.8793716430664062, "mean_height": 2.9479739665985107, "std_height": 1.8152145147323608, "count_pixels": 42, "percent_cover": 0.22764227642276422, "percent_above_0.1m": 95.238095238095227, "low_level_<0.5": 7.1428571428571423, "mid_level_0.5-2": 26.190476190476193, "tall_2+": 61.904761904761905 }, "geometry": { "type": "Point", "coordinates": [ -0.154469246343672, 51.247900589250506 ] } },
{ "type": "Feature", "properties": { "max_height": 0.0762481689453125, "mean_height": 0.040348891168832779, "std_height": 0.011915606446564198, "count_pixels": 41, "percent_cover": 0.22222222222222221, "percent_above_0.1m": 0.0, "low_level_<0.5": 0.0, "mid_level_0.5-2": 0.0, "tall_2+": 0.0 }, "geometry": { "type": "Point", "coordinates": [ -0.154270823016215, 51.247897458989016 ] } },
{ "type": "Feature", "properties": { "max_height": 0.043121337890625, "mean_height": 0.024418529123067856, "std_height": 0.008294321596622467, "count_pixels": 41, "percent_cover": 0.22222222222222221, "percent_above_0.1m": 0.0, "low_level_<0.5": 0.0, "mid_level_0.5-2": 0.0, "tall_2+": 0.0 }, "geometry": { "type": "Point", "coordinates": [ -0.154072399724319, 51.247894328391382 ] } },
{ "type": "Feature", "properties": { "max_height": 0.0362548828125, "mean_height": 0.025318611413240433, "std_height": 0.0058229709975421429, "count_pixels": 41, "percent_cover": 0.22222222222222221, "percent_above_0.1m": 0.0, "low_level_<0.5": 0.0, "mid_level_0.5-2": 0.0, "tall_2+": 0.0 }, "geometry": { "type": "Point", "coordinates": [ -0.153873976467979, 51.247891197457619 ] } },
{ "type": "Feature", "properties": { "max_height": 0.04437255859375, "mean_height": 0.029043197631835938, "std_height": 0.0058864662423729897, "count_pixels": 36, "percent_cover": 0.1951219512195122, "percent_above_0.1m": 0.0, "low_level_<0.5": 0.0, "mid_level_0.5-2": 0.0, "tall_2+": 0.0 }, "geometry": { "type": "Point", "coordinates": [ -0.153675553247205, 51.247888066187706 ] } },
{ "type": "Feature", "properties": { "max_height": 0.03249359130859375, "mean_height": 0.021523267030715942, "std_height": 0.0045024915598332882, "count_pixels": 41, "percent_cover": 0.22222222222222221, "percent_above_0.1m": 0.0, "low_level_<0.5": 0.0, "mid_level_0.5-2": 0.0, "tall_2+": 0.0 }, "geometry": { "type": "Point", "coordinates": [ -0.153477130061993, 51.247884934581641 ] } },
{ "type": "Feature", "properties": { "max_height": 0.03874969482421875, "mean_height": 0.026340391486883163, "std_height": 0.0062099387869238853, "count_pixels": 41, "percent_cover": 0.22222222222222221, "percent_above_0.1m": 0.0, "low_level_<0.5": 0.0, "mid_level_0.5-2": 0.0, "tall_2+": 0.0 }, "geometry": { "type": "Point", "coordinates": [ -0.153278706912359, 51.247881802639448 ] } },
{ "type": "Feature", "properties": { "max_height": 0.03812408447265625, "mean_height": 0.02438763901591301, "std_height": 0.0058143711648881435, "count_pixels": 41, "percent_cover": 0.22222222222222221, "percent_above_0.1m": 0.0, "low_level_<0.5": 0.0, "mid_level_0.5-2": 0.0, "tall_2+": 0.0 }, "geometry": { "type": "Point", "coordinates": [ -0.153080283798301, 51.247878670361118 ] } },
{ "type": "Feature", "properties": { "max_height": 0.0424957275390625, "mean_height": 0.030688513070344925, "std_height": 0.0065569523721933365, "count_pixels": 42, "percent_cover": 0.22764227642276422, "percent_above_0.1m": 0.0, "low_level_<0.5": 0.0, "mid_level_0.5-2": 0.0, "tall_2+": 0.0 }, "geometry": { "type": "Point", "coordinates": [ -0.152881860719814, 51.247875537746658 ] } },
{ "type": "Feature", "properties": { "max_height": 1.5956268310546875, "mean_height": 0.50243252515792847, "std_height": 0.5517503023147583, "count_pixels": 43, "percent_cover": 0.23306233062330622, "percent_above_0.1m": 48.837209302325576, "low_level_<0.5": 6.9767441860465116, "mid_level_0.5-2": 39.534883720930232, "tall_2+": 0.0 }, "geometry": { "type": "Point", "coordinates": [ -0.152683437676912, 51.24787240479602 ] } },
{ "type": "Feature", "properties": { "max_height": 6.2443695068359375, "mean_height": 1.7311160564422607, "std_height": 1.3304853439331055, "count_pixels": 43, "percent_cover": 0.23306233062330622, "percent_above_0.1m": 100.0, "low_level_<0.5": 4.6511627906976747, "mid_level_0.5-2": 67.441860465116278, "tall_2+": 27.906976744186046 }, "geometry": { "type": "Point", "coordinates": [ -0.1524850146696, 51.247869271509273 ] } },
{ "type": "Feature", "properties": { "max_height": 3.6156234741210938, "mean_height": 0.26316434144973755, "std_height": 0.60693496465682983, "count_pixels": 44, "percent_cover": 0.23848238482384823, "percent_above_0.1m": 34.090909090909086, "low_level_<0.5": 9.0909090909090917, "mid_level_0.5-2": 20.454545454545457, "tall_2+": 2.2727272727272729 }, "geometry": { "type": "Point", "coordinates": [ -0.152286591697874, 51.247866137886369 ] } },
{ "type": "Feature", "properties": { "max_height": 5.0343704223632812, "mean_height": 3.2195978164672852, "std_height": 1.523613452911377, "count_pixels": 41, "percent_cover": 0.22222222222222221, "percent_above_0.1m": 95.121951219512198, "low_level_<0.5": 4.8780487804878048, "mid_level_0.5-2": 12.195121951219512, "tall_2+": 75.609756097560975 }, "geometry": { "type": "Point", "coordinates": [ -0.154762567408975, 51.248013132738954 ] } },
{ "type": "Feature", "properties": { "max_height": 6.9499969482421875, "mean_height": 2.840836763381958, "std_height": 2.1376581192016602, "count_pixels": 41, "percent_cover": 0.22222222222222221, "percent_above_0.1m": 90.243902439024396, "low_level_<0.5": 9.7560975609756095, "mid_level_0.5-2": 26.829268292682929, "tall_2+": 53.658536585365859 }, "geometry": { "type": "Point", "coordinates": [ -0.154564143566084, 51.248010002968144 ] } },
{ "type": "Feature", "properties": { "max_height": 5.5256195068359375, "mean_height": 1.5406067371368408, "std_height": 1.6697708368301392, "count_pixels": 42, "percent_cover": 0.22764227642276422, "percent_above_0.1m": 64.285714285714292, "low_level_<0.5": 2.3809523809523809, "mid_level_0.5-2": 28.571428571428569, "tall_2+": 33.333333333333329 }, "geometry": { "type": "Point", "coordinates": [ -0.154365719758753, 51.24800687286119 ] } },
{ "type": "Feature", "properties": { "max_height": 0.043121337890625, "mean_height": 0.032062266021966934, "std_height": 0.0065743396990001202, "count_pixels": 43, "percent_cover": 0.23306233062330622, "percent_above_0.1m": 0.0, "low_level_<0.5": 0.0, "mid_level_0.5-2": 0.0, "tall_2+": 0.0 }, "geometry": { "type": "Point", "coordinates": [ -0.154167295986969, 51.248003742418099 ] } },
{ "type": "Feature", "properties": { "max_height": 0.03624725341796875, "mean_height": 0.024983961135149002, "std_height": 0.0058420700952410698, "count_pixels": 43, "percent_cover": 0.23306233062330622, "percent_above_0.1m": 0.0, "low_level_<0.5": 0.0, "mid_level_0.5-2": 0.0, "tall_2+": 0.0 }, "geometry": { "type": "Point", "coordinates": [ -0.153968872250746, 51.248000611638858 ] } },
{ "type": "Feature", "properties": { "max_height": 0.04811859130859375, "mean_height": 0.03178565576672554, "std_height": 0.0071695460937917233, "count_pixels": 43, "percent_cover": 0.23306233062330622, "percent_above_0.1m": 0.0, "low_level_<0.5": 0.0, "mid_level_0.5-2": 0.0, "tall_2+": 0.0 }, "geometry": { "type": "Point", "coordinates": [ -0.153770448550082, 51.24799748052348 ] } },
{ "type": "Feature", "properties": { "max_height": 0.0412445068359375, "mean_height": 0.02477920800447464, "std_height": 0.0077319112606346607, "count_pixels": 43, "percent_cover": 0.23306233062330622, "percent_above_0.1m": 0.0, "low_level_<0.5": 0.0, "mid_level_0.5-2": 0.0, "tall_2+": 0.0 }, "geometry": { "type": "Point", "coordinates": [ -0.153572024884986, 51.247994349071952 ] } },
{ "type": "Feature", "properties": { "max_height": 0.03687286376953125, "mean_height": 0.024707527831196785, "std_height": 0.0057350699789822102, "count_pixels": 43, "percent_cover": 0.23306233062330622, "percent_above_0.1m": 0.0, "low_level_<0.5": 0.0, "mid_level_0.5-2": 0.0, "tall_2+": 0.0 }, "geometry": { "type": "Point", "coordinates": [ -0.153373601255459, 51.247991217284287 ] } },
{ "type": "Feature", "properties": { "max_height": 0.03749847412109375, "mean_height": 0.023909103125333786, "std_height": 0.0062498841434717178, "count_pixels": 43, "percent_cover": 0.23306233062330622, "percent_above_0.1m": 0.0, "low_level_<0.5": 0.0, "mid_level_0.5-2": 0.0, "tall_2+": 0.0 }, "geometry": { "type": "Point", "coordinates": [ -0.153175177661504, 51.247988085160479 ] } },
{ "type": "Feature", "properties": { "max_height": 0.03937530517578125, "mean_height": 0.028896695002913475, "std_height": 0.0054030795581638813, "count_pixels": 42, "percent_cover": 0.22764227642276422, "percent_above_0.1m": 0.0, "low_level_<0.5": 0.0, "mid_level_0.5-2": 0.0, "tall_2+": 0.0 }, "geometry": { "type": "Point", "coordinates": [ -0.152976754103131, 51.24798495270052 ] } },
{ "type": "Feature", "properties": { "max_height": 1.3499984741210938, "mean_height": 0.11348538100719452, "std_height": 0.24660025537014008, "count_pixels": 41, "percent_cover": 0.22222222222222221, "percent_above_0.1m": 14.634146341463413, "low_level_<0.5": 9.7560975609756095, "mid_level_0.5-2": 4.8780487804878048, "tall_2+": 0.0 }, "geometry": { "type": "Point", "coordinates": [ -0.152778330580333, 51.24798181990441 ] } },
{ "type": "Feature", "properties": { "max_height": 3.6493759155273438, "mean_height": 1.4313101768493652, "std_height": 0.64604794979095459, "count_pixels": 41, "percent_cover": 0.22222222222222221, "percent_above_0.1m": 100.0, "low_level_<0.5": 7.3170731707317067, "mid_level_0.5-2": 78.048780487804876, "tall_2+": 12.195121951219512 }, "geometry": { "type": "Point", "coordinates": [ -0.152579907093121, 51.247978686772171 ] } },
{ "type": "Feature", "properties": { "max_height": 5.3349990844726562, "mean_height": 0.66101497411727905, "std_height": 1.151208758354187, "count_pixels": 36, "percent_cover": 0.1951219512195122, "percent_above_0.1m": 66.666666666666657, "low_level_<0.5": 30.555555555555557, "mid_level_0.5-2": 25.0, "tall_2+": 8.3333333333333321 }, "geometry": { "type": "Point", "coordinates": [ -0.152381483641502, 51.24797555330381 ] } },
{ "type": "Feature", "properties": { "max_height": 6.3837432861328125, "mean_height": 2.9193999767303467, "std_height": 1.6987571716308594, "count_pixels": 43, "percent_cover": 0.23306233062330622, "percent_above_0.1m": 93.023255813953483, "low_level_<0.5": 2.3255813953488373, "mid_level_0.5-2": 23.255813953488371, "tall_2+": 67.441860465116278 }, "geometry": { "type": "Point", "coordinates": [ -0.15465904123282, 51.24811941661298 ] } },
{ "type": "Feature", "properties": { "max_height": 8.5993728637695312, "mean_height": 4.9292387962341309, "std_height": 1.8742783069610596, "count_pixels": 42, "percent_cover": 0.22764227642276422, "percent_above_0.1m": 100.0, "low_level_<0.5": 2.3809523809523809, "mid_level_0.5-2": 2.3809523809523809, "tall_2+": 92.857142857142861 }, "geometry": { "type": "Point", "coordinates": [ -0.154460616945597, 51.248116286660554 ] } },
{ "type": "Feature", "properties": { "max_height": 1.2218780517578125, "mean_height": 0.10069981962442398, "std_height": 0.19172857701778412, "count_pixels": 41, "percent_cover": 0.22222222222222221, "percent_above_0.1m": 19.512195121951219, "low_level_<0.5": 12.195121951219512, "mid_level_0.5-2": 2.4390243902439024, "tall_2+": 0.0 }, "geometry": { "type": "Point", "coordinates": [ -0.154262192693929, 51.248113156372 ] } },
{ "type": "Feature", "properties": { "max_height": 0.04811859130859375, "mean_height": 0.025759628042578697, "std_height": 0.0071583231911063194, "count_pixels": 41, "percent_cover": 0.22222222222222221, "percent_above_0.1m": 0.0, "low_level_<0.5": 0.0, "mid_level_0.5-2": 0.0, "tall_2+": 0.0 }, "geometry": { "type": "Point", "coordinates": [ -0.154063768477816, 51.248110025747302 ] } },
{ "type": "Feature", "properties": { "max_height": 0.3975067138671875, "mean_height": 0.059510581195354462, "std_height": 0.090935520827770233, "count_pixels": 41, "percent_cover": 0.22222222222222221, "percent_above_0.1m": 7.3170731707317067, "low_level_<0.5": 7.3170731707317067, "mid_level_0.5-2": 0.0, "tall_2+": 0.0 }, "geometry": { "type": "Point", "coordinates": [ -0.15386534429727, 51.248106894786424 ] } },
{ "type": "Feature", "properties": { "max_height": 0.11186981201171875, "mean_height": 0.053348328918218613, "std_height": 0.022815879434347153, "count_pixels": 36, "percent_cover": 0.1951219512195122, "percent_above_0.1m": 5.5555555555555554, "low_level_<0.5": 0.0, "mid_level_0.5-2": 0.0, "tall_2+": 0.0 }, "geometry": { "type": "Point", "coordinates": [ -0.153666920152283, 51.248103763489446 ] } },
{ "type": "Feature", "properties": { "max_height": 0.1256256103515625, "mean_height": 0.038809053599834442, "std_height": 0.022626232355833054, "count_pixels": 41, "percent_cover": 0.22222222222222221, "percent_above_0.1m": 2.4390243902439024, "low_level_<0.5": 0.0, "mid_level_0.5-2": 0.0, "tall_2+": 0.0 }, "geometry": { "type": "Point", "coordinates": [ -0.153468496042858, 51.248100631856289 ] } },
{ "type": "Feature", "properties": { "max_height": 0.0974884033203125, "mean_height": 0.029510125517845154, "std_height": 0.015426859259605408, "count_pixels": 41, "percent_cover": 0.22222222222222221, "percent_above_0.1m": 0.0, "low_level_<0.5": 0.0, "mid_level_0.5-2": 0.0, "tall_2+": 0.0 }, "geometry": { "type": "Point", "coordinates": [ -0.153270071969013, 51.248097499887024 ] } },
{ "type": "Feature", "properties": { "max_height": 0.0343780517578125, "mean_height": 0.022757552564144135, "std_height": 0.0070882015861570835, "count_pixels": 41, "percent_cover": 0.22222222222222221, "percent_above_0.1m": 0.0, "low_level_<0.5": 0.0, "mid_level_0.5-2": 0.0, "tall_2+": 0.0 }, "geometry": { "type": "Point", "coordinates": [ -0.153071647930739, 51.248094367581587 ] } },
{ "type": "Feature", "properties": { "max_height": 0.0449981689453125, "mean_height": 0.0299384705722332, "std_height": 0.0072506088763475418, "count_pixels": 42, "percent_cover": 0.22764227642276422, "percent_above_0.1m": 0.0, "low_level_<0.5": 0.0, "mid_level_0.5-2": 0.0, "tall_2+": 0.0 }, "geometry": { "type": "Point", "coordinates": [ -0.152873223928048, 51.248091234940006 ] } },
{ "type": "Feature", "properties": { "max_height": 2.6487503051757812, "mean_height": 0.72810167074203491, "std_height": 0.82573074102401733, "count_pixels": 43, "percent_cover": 0.23306233062330622, "percent_above_0.1m": 62.790697674418603, "low_level_<0.5": 9.3023255813953494, "mid_level_0.5-2": 32.558139534883722, "tall_2+": 11.627906976744185 }, "geometry": { "type": "Point", "coordinates": [ -0.152674799960941, 51.248088101962303 ] } },
{ "type": "Feature", "properties": { "max_height": 3.5956268310546875, "mean_height": 1.0923848152160645, "std_height": 1.0128939151763916, "count_pixels": 43, "percent_cover": 0.23306233062330622, "percent_above_0.1m": 83.720930232558146, "low_level_<0.5": 16.279069767441861, "mid_level_0.5-2": 39.534883720930232, "tall_2+": 18.604651162790699 }, "geometry": { "type": "Point", "coordinates": [ -0.152476376029413, 51.248084968648442 ] } },
{ "type": "Feature", "properties": { "max_height": 3.8891220092773438, "mean_height": 1.329271674156189, "std_height": 1.3984851837158203, "count_pixels": 41, "percent_cover": 0.22222222222222221, "percent_above_0.1m": 56.09756097560976, "low_level_<0.5": 0.0, "mid_level_0.5-2": 17.073170731707318, "tall_2+": 39.024390243902438 }, "geometry": { "type": "Point", "coordinates": [ -0.15475393934387, 51.248228830184985 ] } },
{ "type": "Feature", "properties": { "max_height": 6.6643753051757812, "mean_height": 3.0830526351928711, "std_height": 1.7712711095809937, "count_pixels": 41, "percent_cover": 0.22222222222222221, "percent_above_0.1m": 100.0, "low_level_<0.5": 12.195121951219512, "mid_level_0.5-2": 21.951219512195124, "tall_2+": 65.853658536585371 }, "geometry": { "type": "Point", "coordinates": [ -0.154555514576762, 51.248225700387103 ] } },
{ "type": "Feature", "properties": { "max_height": 9.0575027465820312, "mean_height": 4.5092606544494629, "std_height": 2.0367355346679688, "count_pixels": 42, "percent_cover": 0.22764227642276422, "percent_above_0.1m": 100.0, "low_level_<0.5": 2.3809523809523809, "mid_level_0.5-2": 16.666666666666664, "tall_2+": 80.952380952380949 }, "geometry": { "type": "Point", "coordinates": [ -0.154357089845206, 51.24822257025307 ] } },
{ "type": "Feature", "properties": { "max_height": 2.3274993896484375, "mean_height": 0.23013783991336823, "std_height": 0.48784735798835754, "count_pixels": 43, "percent_cover": 0.23306233062330622, "percent_above_0.1m": 20.930232558139537, "low_level_<0.5": 6.9767441860465116, "mid_level_0.5-2": 11.627906976744185, "tall_2+": 2.3255813953488373 }, "geometry": { "type": "Point", "coordinates": [ -0.154158665149205, 51.248219439782908 ] } },
{ "type": "Feature", "properties": { "max_height": 2.3031234741210938, "mean_height": 0.37788248062133789, "std_height": 0.6194683313369751, "count_pixels": 43, "percent_cover": 0.23306233062330622, "percent_above_0.1m": 30.232558139534881, "low_level_<0.5": 4.6511627906976747, "mid_level_0.5-2": 20.930232558139537, "tall_2+": 2.3255813953488373 }, "geometry": { "type": "Point", "coordinates": [ -0.15396024048876, 51.248216308976581 ] } },
{ "type": "Feature", "properties": { "max_height": 4.3718719482421875, "mean_height": 0.73864835500717163, "std_height": 1.0555568933486938, "count_pixels": 43, "percent_cover": 0.23306233062330622, "percent_above_0.1m": 60.465116279069761, "low_level_<0.5": 13.953488372093023, "mid_level_0.5-2": 13.953488372093023, "tall_2+": 18.604651162790699 }, "geometry": { "type": "Point", "coordinates": [ -0.153761815863886, 51.248213177834117 ] } },
{ "type": "Feature", "properties": { "max_height": 3.4287490844726562, "mean_height": 1.1412520408630371, "std_height": 1.0013742446899414, "count_pixels": 43, "percent_cover": 0.23306233062330622, "percent_above_0.1m": 72.093023255813947, "low_level_<0.5": 11.627906976744185, "mid_level_0.5-2": 34.883720930232556, "tall_2+": 23.255813953488371 }, "geometry": { "type": "Point", "coordinates": [ -0.153563391274571, 51.248210046355503 ] } },
{ "type": "Feature", "properties": { "max_height": 4.2400054931640625, "mean_height": 1.3915300369262695, "std_height": 1.3285841941833496, "count_pixels": 43, "percent_cover": 0.23306233062330622, "percent_above_0.1m": 67.441860465116278, "low_level_<0.5": 4.6511627906976747, "mid_level_0.5-2": 25.581395348837212, "tall_2+": 34.883720930232556 }, "geometry": { "type": "Point", "coordinates": [ -0.153364966720822, 51.248206914540745 ] } },
{ "type": "Feature", "properties": { "max_height": 2.7624969482421875, "mean_height": 0.63302987813949585, "std_height": 0.7487947940826416, "count_pixels": 43, "percent_cover": 0.23306233062330622, "percent_above_0.1m": 51.162790697674424, "low_level_<0.5": 9.3023255813953494, "mid_level_0.5-2": 37.209302325581397, "tall_2+": 4.6511627906976747 }, "geometry": { "type": "Point", "coordinates": [ -0.153166542202655, 51.248203782389851 ] } },
{ "type": "Feature", "properties": { "max_height": 0.043121337890625, "mean_height": 0.021537963300943375, "std_height": 0.011644967831671238, "count_pixels": 42, "percent_cover": 0.22764227642276422, "percent_above_0.1m": 0.0, "low_level_<0.5": 0.0, "mid_level_0.5-2": 0.0, "tall_2+": 0.0 }, "geometry": { "type": "Point", "coordinates": [ -0.152968117720061, 51.248200649902792 ] } },
{ "type": "Feature", "properties": { "max_height": 2.1350021362304688, "mean_height": 0.12363564223051071, "std_height": 0.32529819011688232, "count_pixels": 41, "percent_cover": 0.22222222222222221, "percent_above_0.1m": 14.634146341463413, "low_level_<0.5": 4.8780487804878048, "mid_level_0.5-2": 0.0, "tall_2+": 2.4390243902439024 }, "geometry": { "type": "Point", "coordinates": [ -0.152769693273052, 51.24819751707961 ] } },
{ "type": "Feature", "properties": { "max_height": 2.9443740844726562, "mean_height": 1.7583259344100952, "std_height": 0.83252823352813721, "count_pixels": 41, "percent_cover": 0.22222222222222221, "percent_above_0.1m": 100.0, "low_level_<0.5": 4.8780487804878048, "mid_level_0.5-2": 36.585365853658537, "tall_2+": 48.780487804878049 }, "geometry": { "type": "Point", "coordinates": [ -0.152571268861628, 51.248194383920264 ] } },
{ "type": "Feature", "properties": { "max_height": 0.7362823486328125, "mean_height": 0.018280029296875, "std_height": 0.13914854824542999, "count_pixels": 36, "percent_cover": 0.1951219512195122, "percent_above_0.1m": 11.111111111111111, "low_level_<0.5": 5.5555555555555554, "mid_level_0.5-2": 2.7777777777777777, "tall_2+": 0.0 }, "geometry": { "type": "Point", "coordinates": [ -0.15237284448579, 51.248191250424796 ] } },
{ "type": "Feature", "properties": { "max_height": 6.8212432861328125, "mean_height": 4.1577467918395996, "std_height": 1.4192732572555542, "count_pixels": 43, "percent_cover": 0.23306233062330622, "percent_above_0.1m": 97.674418604651152, "low_level_<0.5": 2.3255813953488373, "mid_level_0.5-2": 6.9767441860465116, "tall_2+": 88.372093023255815 }, "geometry": { "type": "Point", "coordinates": [ -0.154650412652252, 51.248335114040827 ] } },
{ "type": "Feature", "properties": { "max_height": 9.6843719482421875, "mean_height": 5.1462273597717285, "std_height": 2.2750425338745117, "count_pixels": 42, "percent_cover": 0.22764227642276422, "percent_above_0.1m": 95.238095238095227, "low_level_<0.5": 0.0, "mid_level_0.5-2": 9.5238095238095237, "tall_2+": 85.714285714285708 }, "geometry": { "type": "Point", "coordinates": [ -0.154451987440801, 51.248331984061323 ] } },
{ "type": "Feature", "properties": { "max_height": 8.8156280517578125, "mean_height": 5.1832170486450195, "std_height": 1.9528559446334839, "count_pixels": 41, "percent_cover": 0.22222222222222221, "percent_above_0.1m": 100.0, "low_level_<0.5": 0.0, "mid_level_0.5-2": 7.3170731707317067, "tall_2+": 92.682926829268297 }, "geometry": { "type": "Point", "coordinates": [ -0.154253562264906, 51.24832885374569 ] } },
{ "type": "Feature", "properties": { "max_height": 2.7206268310546875, "mean_height": 1.4398149251937866, "std_height": 0.71704959869384766, "count_pixels": 41, "percent_cover": 0.22222222222222221, "percent_above_0.1m": 97.560975609756099, "low_level_<0.5": 12.195121951219512, "mid_level_0.5-2": 58.536585365853654, "tall_2+": 24.390243902439025 }, "geometry": { "type": "Point", "coordinates": [ -0.15405513712457, 51.248325723093913 ] } },
{ "type": "Feature", "properties": { "max_height": 4.2849960327148438, "mean_height": 0.91210246086120605, "std_height": 0.93714368343353271, "count_pixels": 41, "percent_cover": 0.22222222222222221, "percent_above_0.1m": 85.365853658536579, "low_level_<0.5": 29.268292682926827, "mid_level_0.5-2": 39.024390243902438, "tall_2+": 12.195121951219512 }, "geometry": { "type": "Point", "coordinates": [ -0.153856712019797, 51.248322592105993 ] } },
{ "type": "Feature", "properties": { "max_height": 1.859375, "mean_height": 0.68072742223739624, "std_height": 0.53092122077941895, "count_pixels": 36, "percent_cover": 0.1951219512195122, "percent_above_0.1m": 86.111111111111114, "low_level_<0.5": 27.777777777777779, "mid_level_0.5-2": 52.777777777777779, "tall_2+": 0.0 }, "geometry": { "type": "Point", "coordinates": [ -0.153658286950587, 51.248319460781907 ] } },
{ "type": "Feature", "properties": { "max_height": 2.5462493896484375, "mean_height": 0.80428129434585571, "std_height": 0.66481918096542358, "count_pixels": 41, "percent_cover": 0.22222222222222221, "percent_above_0.1m": 82.926829268292678, "low_level_<0.5": 17.073170731707318, "mid_level_0.5-2": 60.975609756097562, "tall_2+": 4.8780487804878048 }, "geometry": { "type": "Point", "coordinates": [ -0.153459861916941, 51.248316329121664 ] } },
{ "type": "Feature", "properties": { "max_height": 3.199371337890625, "mean_height": 1.1328486204147339, "std_height": 0.7938539981842041, "count_pixels": 41, "percent_cover": 0.22222222222222221, "percent_above_0.1m": 92.682926829268297, "low_level_<0.5": 21.951219512195124, "mid_level_0.5-2": 53.658536585365859, "tall_2+": 17.073170731707318 }, "geometry": { "type": "Point", "coordinates": [ -0.153261436918876, 51.248313197125306 ] } },
{ "type": "Feature", "properties": { "max_height": 5.0043716430664062, "mean_height": 2.1352109909057617, "std_height": 1.1778242588043213, "count_pixels": 41, "percent_cover": 0.22222222222222221, "percent_above_0.1m": 95.121951219512198, "low_level_<0.5": 4.8780487804878048, "mid_level_0.5-2": 34.146341463414636, "tall_2+": 56.09756097560976 }, "geometry": { "type": "Point", "coordinates": [ -0.153063011956378, 51.248310064792761 ] } },
{ "type": "Feature", "properties": { "max_height": 0.68375396728515625, "mean_height": 0.063399903476238251, "std_height": 0.13652458786964417, "count_pixels": 42, "percent_cover": 0.22764227642276422, "percent_above_0.1m": 9.5238095238095237, "low_level_<0.5": 4.7619047619047619, "mid_level_0.5-2": 4.7619047619047619, "tall_2+": 0.0 }, "geometry": { "type": "Point", "coordinates": [ -0.152864587029465, 51.248306932124102 ] } },
{ "type": "Feature", "properties": { "max_height": 4.5187530517578125, "mean_height": 1.0314673185348511, "std_height": 1.1234505176544189, "count_pixels": 43, "percent_cover": 0.23306233062330622, "percent_above_0.1m": 69.767441860465112, "low_level_<0.5": 13.953488372093023, "mid_level_0.5-2": 18.604651162790699, "tall_2+": 27.906976744186046 }, "geometry": { "type": "Point", "coordinates": [ -0.152666162138136, 51.248303799119299 ] } },
{ "type": "Feature", "properties": { "max_height": 2.7781219482421875, "mean_height": 0.94073343276977539, "std_height": 0.7542768120765686, "count_pixels": 43, "percent_cover": 0.23306233062330622, "percent_above_0.1m": 88.372093023255815, "low_level_<0.5": 23.255813953488371, "mid_level_0.5-2": 55.813953488372093, "tall_2+": 6.9767441860465116 }, "geometry": { "type": "Point", "coordinates": [ -0.152467737282393, 51.248300665778345 ] } },
{ "type": "Feature", "properties": { "max_height": 13.114997863769531, "mean_height": 6.3951506614685059, "std_height": 3.7398796081542969, "count_pixels": 41, "percent_cover": 0.22222222222222221, "percent_above_0.1m": 97.560975609756099, "low_level_<0.5": 4.8780487804878048, "mid_level_0.5-2": 7.3170731707317067, "tall_2+": 82.926829268292678 }, "geometry": { "type": "Point", "coordinates": [ -0.154546885480718, 51.248441397796768 ] } },
{ "type": "Feature", "properties": { "max_height": 7.4274978637695312, "mean_height": 2.8342549800872803, "std_height": 2.2816431522369385, "count_pixels": 42, "percent_cover": 0.22764227642276422, "percent_above_0.1m": 85.714285714285708, "low_level_<0.5": 0.0, "mid_level_0.5-2": 28.571428571428569, "tall_2+": 54.761904761904766 }, "geometry": { "type": "Point", "coordinates": [ -0.154348459824933, 51.248438267635677 ] } },
{ "type": "Feature", "properties": { "max_height": 8.7237472534179688, "mean_height": 1.7853608131408691, "std_height": 2.1511759757995605, "count_pixels": 43, "percent_cover": 0.23306233062330622, "percent_above_0.1m": 79.069767441860463, "low_level_<0.5": 18.604651162790699, "mid_level_0.5-2": 27.906976744186046, "tall_2+": 30.232558139534881 }, "geometry": { "type": "Point", "coordinates": [ -0.154150034204698, 51.248435137138408 ] } },
{ "type": "Feature", "properties": { "max_height": 2.654998779296875, "mean_height": 0.82289087772369385, "std_height": 0.85087895393371582, "count_pixels": 43, "percent_cover": 0.23306233062330622, "percent_above_0.1m": 72.093023255813947, "low_level_<0.5": 18.604651162790699, "mid_level_0.5-2": 32.558139534883722, "tall_2+": 18.604651162790699 }, "geometry": { "type": "Point", "coordinates": [ -0.153951608620028, 51.248432006305023 ] } },
{ "type": "Feature", "properties": { "max_height": 2.1674957275390625, "mean_height": 0.47485297918319702, "std_height": 0.5396154522895813, "count_pixels": 43, "percent_cover": 0.23306233062330622, "percent_above_0.1m": 65.116279069767444, "low_level_<0.5": 27.906976744186046, "mid_level_0.5-2": 34.883720930232556, "tall_2+": 2.3255813953488373 }, "geometry": { "type": "Point", "coordinates": [ -0.153753183070914, 51.248428875135453 ] } },
{ "type": "Feature", "properties": { "max_height": 2.4793777465820312, "mean_height": 0.30991169810295105, "std_height": 0.51896095275878906, "count_pixels": 43, "percent_cover": 0.23306233062330622, "percent_above_0.1m": 46.511627906976742, "low_level_<0.5": 23.255813953488371, "mid_level_0.5-2": 16.279069767441861, "tall_2+": 4.6511627906976747 }, "geometry": { "type": "Point", "coordinates": [ -0.153554757557377, 51.248425743629767 ] } },
{ "type": "Feature", "properties": { "max_height": 2.045623779296875, "mean_height": 0.78451859951019287, "std_height": 0.65778958797454834, "count_pixels": 43, "percent_cover": 0.23306233062330622, "percent_above_0.1m": 67.441860465116278, "low_level_<0.5": 4.6511627906976747, "mid_level_0.5-2": 58.139534883720934, "tall_2+": 4.6511627906976747 }, "geometry": { "type": "Point", "coordinates": [ -0.153356332079399, 51.248422611787937 ] } },
{ "type": "Feature", "properties": { "max_height": 2.878753662109375, "mean_height": 0.89811015129089355, "std_height": 0.65694427490234375, "count_pixels": 43, "percent_cover": 0.23306233062330622, "percent_above_0.1m": 88.372093023255815, "low_level_<0.5": 18.604651162790699, "mid_level_0.5-2": 62.790697674418603, "tall_2+": 4.6511627906976747 }, "geometry": { "type": "Point", "coordinates": [ -0.153157906637002, 51.248419479609936 ] } },
{ "type": "Feature", "properties": { "max_height": 5.5781173706054688, "mean_height": 2.1295216083526611, "std_height": 1.2577415704727173, "count_pixels": 42, "percent_cover": 0.22764227642276422, "percent_above_0.1m": 92.857142857142861, "low_level_<0.5": 4.7619047619047619, "mid_level_0.5-2": 33.333333333333329, "tall_2+": 54.761904761904766 }, "geometry": { "type": "Point", "coordinates": [ -0.152959481230185, 51.248416347095798 ] } },
{ "type": "Feature", "properties": { "max_height": 0.9462432861328125, "mean_height": 0.083656124770641327, "std_height": 0.14525294303894043, "count_pixels": 41, "percent_cover": 0.22222222222222221, "percent_above_0.1m": 14.634146341463413, "low_level_<0.5": 4.8780487804878048, "mid_level_0.5-2": 2.4390243902439024, "tall_2+": 0.0 }, "geometry": { "type": "Point", "coordinates": [ -0.152761055858947, 51.248413214245517 ] } },
{ "type": "Feature", "properties": { "max_height": 5.48187255859375, "mean_height": 2.1139612197875977, "std_height": 1.0787134170532227, "count_pixels": 41, "percent_cover": 0.22222222222222221, "percent_above_0.1m": 100.0, "low_level_<0.5": 4.8780487804878048, "mid_level_0.5-2": 41.463414634146339, "tall_2+": 53.658536585365859 }, "geometry": { "type": "Point", "coordinates": [ -0.152562630523297, 51.24841008105907 ] } },
{ "type": "Feature", "properties": { "max_height": 2.2143707275390625, "mean_height": 0.31137615442276001, "std_height": 0.6154513955116272, "count_pixels": 36, "percent_cover": 0.1951219512195122, "percent_above_0.1m": 27.777777777777779, "low_level_<0.5": 2.7777777777777777, "mid_level_0.5-2": 19.444444444444446, "tall_2+": 5.5555555555555554 }, "geometry": { "type": "Point", "coordinates": [ -0.152364205223234, 51.248406947536502 ] } },
{ "type": "Feature", "properties": { "max_height": 5.6687545776367188, "mean_height": 2.6138646602630615, "std_height": 1.4270020723342896, "count_pixels": 43, "percent_cover": 0.23306233062330622, "percent_above_0.1m": 95.348837209302332, "low_level_<0.5": 2.3255813953488373, "mid_level_0.5-2": 20.930232558139537, "tall_2+": 67.441860465116278 }, "geometry": { "type": "Point", "coordinates": [ -0.154641783964963, 51.248550811459396 ] } },
{ "type": "Feature", "properties": { "max_height": 5.0056228637695312, "mean_height": 1.5815460681915283, "std_height": 1.5092886686325073, "count_pixels": 42, "percent_cover": 0.22764227642276422, "percent_above_0.1m": 71.428571428571431, "low_level_<0.5": 4.7619047619047619, "mid_level_0.5-2": 28.571428571428569, "tall_2+": 38.095238095238095 }, "geometry": { "type": "Point", "coordinates": [ -0.154443357829278, 51.24854768145282 ] } },
{ "type": "Feature", "properties": { "max_height": 4.0843734741210938, "mean_height": 0.58402234315872192, "std_height": 0.96970576047897339, "count_pixels": 41, "percent_cover": 0.22222222222222221, "percent_above_0.1m": 43.902439024390247, "low_level_<0.5": 12.195121951219512, "mid_level_0.5-2": 21.951219512195124, "tall_2+": 9.7560975609756095 }, "geometry": { "type": "Point", "coordinates": [ -0.154244931729151, 51.248544551110108 ] } },
{ "type": "Feature", "properties": { "max_height": 2.47125244140625, "mean_height": 0.91903781890869141, "std_height": 0.65491288900375366, "count_pixels": 41, "percent_cover": 0.22222222222222221, "percent_above_0.1m": 85.365853658536579, "low_level_<0.5": 19.512195121951219, "mid_level_0.5-2": 53.658536585365859, "tall_2+": 9.7560975609756095 }, "geometry": { "type": "Point", "coordinates": [ -0.154046505664576, 51.248541420431238 ] } },
{ "type": "Feature", "properties": { "max_height": 2.9706268310546875, "mean_height": 0.37909865379333496, "std_height": 0.62101030349731445, "count_pixels": 41, "percent_cover": 0.22222222222222221, "percent_above_0.1m": 43.902439024390247, "low_level_<0.5": 14.634146341463413, "mid_level_0.5-2": 21.951219512195124, "tall_2+": 4.8780487804878048 }, "geometry": { "type": "Point", "coordinates": [ -0.153848079635563, 51.248538289416217 ] } },
{ "type": "Feature", "properties": { "max_height": 0.0306243896484375, "mean_height": 0.01175053883343935, "std_height": 0.0079133007675409317, "count_pixels": 36, "percent_cover": 0.1951219512195122, "percent_above_0.1m": 0.0, "low_level_<0.5": 0.0, "mid_level_0.5-2": 0.0, "tall_2+": 0.0 }, "geometry": { "type": "Point", "coordinates": [ -0.153649653642122, 51.248535158065067 ] } },
{ "type": "Feature", "properties": { "max_height": 0.02375030517578125, "mean_height": 0.0091147078201174736, "std_height": 0.0090942643582820892, "count_pixels": 41, "percent_cover": 0.22222222222222221, "percent_above_0.1m": 0.0, "low_level_<0.5": 0.0, "mid_level_0.5-2": 0.0, "tall_2+": 0.0 }, "geometry": { "type": "Point", "coordinates": [ -0.153451227684243, 51.248532026377752 ] } },
{ "type": "Feature", "properties": { "max_height": 2.3312454223632812, "mean_height": 0.45703944563865662, "std_height": 0.77183949947357178, "count_pixels": 41, "percent_cover": 0.22222222222222221, "percent_above_0.1m": 31.707317073170731, "low_level_<0.5": 7.3170731707317067, "mid_level_0.5-2": 14.634146341463413, "tall_2+": 9.7560975609756095 }, "geometry": { "type": "Point", "coordinates": [ -0.153252801761938, 51.24852889435428 ] } },
{ "type": "Feature", "properties": { "max_height": 6.1674957275390625, "mean_height": 1.4057146310806274, "std_height": 1.2677041292190552, "count_pixels": 41, "percent_cover": 0.22222222222222221, "percent_above_0.1m": 97.560975609756099, "low_level_<0.5": 21.951219512195124, "mid_level_0.5-2": 46.341463414634148, "tall_2+": 26.829268292682929 }, "geometry": { "type": "Point", "coordinates": [ -0.153054375875212, 51.248525761994671 ] } },
{ "type": "Feature", "properties": { "max_height": 6.4381179809570312, "mean_height": 1.9657266139984131, "std_height": 1.6776540279388428, "count_pixels": 42, "percent_cover": 0.22764227642276422, "percent_above_0.1m": 80.952380952380949, "low_level_<0.5": 4.7619047619047619, "mid_level_0.5-2": 26.190476190476193, "tall_2+": 45.238095238095241 }, "geometry": { "type": "Point", "coordinates": [ -0.152855950024065, 51.248522629298918 ] } },
{ "type": "Feature", "properties": { "max_height": 2.4906234741210938, "mean_height": 0.67525976896286011, "std_height": 0.85565698146820068, "count_pixels": 43, "percent_cover": 0.23306233062330622, "percent_above_0.1m": 48.837209302325576, "low_level_<0.5": 4.6511627906976747, "mid_level_0.5-2": 23.255813953488371, "tall_2+": 13.953488372093023 }, "geometry": { "type": "Point", "coordinates": [ -0.152657524208502, 51.248519496267015 ] } },
{ "type": "Feature", "properties": { "max_height": 5.7429962158203125, "mean_height": 1.4168980121612549, "std_height": 1.9015434980392456, "count_pixels": 43, "percent_cover": 0.23306233062330622, "percent_above_0.1m": 53.488372093023251, "low_level_<0.5": 6.9767441860465116, "mid_level_0.5-2": 16.279069767441861, "tall_2+": 30.232558139534881 }, "geometry": { "type": "Point", "coordinates": [ -0.152459098428531, 51.248516362898954 ] } },
{ "type": "Feature", "properties": { "max_height": 4.5137481689453125, "mean_height": 1.8819643259048462, "std_height": 1.4325405359268188, "count_pixels": 41, "percent_cover": 0.22222222222222221, "percent_above_0.1m": 82.926829268292678, "low_level_<0.5": 7.3170731707317067, "mid_level_0.5-2": 29.268292682926827, "tall_2+": 46.341463414634148 }, "geometry": { "type": "Point", "coordinates": [ -0.154538256277953, 51.248657095197153 ] } },
{ "type": "Feature", "properties": { "max_height": 4.3118743896484375, "mean_height": 1.7063626050949097, "std_height": 1.2748333215713501, "count_pixels": 42, "percent_cover": 0.22764227642276422, "percent_above_0.1m": 83.333333333333343, "low_level_<0.5": 7.1428571428571423, "mid_level_0.5-2": 30.952380952380953, "tall_2+": 45.238095238095241 }, "geometry": { "type": "Point", "coordinates": [ -0.154339829697923, 51.248653965008977 ] } },
{ "type": "Feature", "properties": { "max_height": 3.6156234741210938, "mean_height": 1.3322081565856934, "std_height": 0.9652058482170105, "count_pixels": 43, "percent_cover": 0.23306233062330622, "percent_above_0.1m": 90.697674418604649, "low_level_<0.5": 16.279069767441861, "mid_level_0.5-2": 51.162790697674424, "tall_2+": 23.255813953488371 }, "geometry": { "type": "Point", "coordinates": [ -0.154141403153451, 51.24865083448465 ] } },
{ "type": "Feature", "properties": { "max_height": 1.875, "mean_height": 0.74536150693893433, "std_height": 0.54019308090209961, "count_pixels": 43, "percent_cover": 0.23306233062330622, "percent_above_0.1m": 81.395348837209298, "low_level_<0.5": 23.255813953488371, "mid_level_0.5-2": 58.139534883720934, "tall_2+": 0.0 }, "geometry": { "type": "Point", "coordinates": [ -0.153942976644533, 51.248647703624158 ] } },
{ "type": "Feature", "properties": { "max_height": 1.8956222534179688, "mean_height": 0.36669832468032837, "std_height": 0.58962249755859375, "count_pixels": 43, "percent_cover": 0.23306233062330622, "percent_above_0.1m": 34.883720930232556, "low_level_<0.5": 4.6511627906976747, "mid_level_0.5-2": 25.581395348837212, "tall_2+": 0.0 }, "geometry": { "type": "Point", "coordinates": [ -0.153744550171186, 51.248644572427544 ] } },
{ "type": "Feature", "properties": { "max_height": 0.02625274658203125, "mean_height": 0.004910491406917572, "std_height": 0.0081006251275539398, "count_pixels": 43, "percent_cover": 0.23306233062330622, "percent_above_0.1m": 0.0, "low_level_<0.5": 0.0, "mid_level_0.5-2": 0.0, "tall_2+": 0.0 }, "geometry": { "type": "Point", "coordinates": [ -0.1535461237334, 51.248641440894751 ] } },
{ "type": "Feature", "properties": { "max_height": 0.032501220703125, "mean_height": 0.012366360984742641, "std_height": 0.0091288359835743904, "count_pixels": 43, "percent_cover": 0.23306233062330622, "percent_above_0.1m": 0.0, "low_level_<0.5": 0.0, "mid_level_0.5-2": 0.0, "tall_2+": 0.0 }, "geometry": { "type": "Point", "coordinates": [ -0.153347697331188, 51.248638309025836 ] } },
{ "type": "Feature", "properties": { "max_height": 0.996246337890625, "mean_height": 0.11931414902210236, "std_height": 0.2488069087266922, "count_pixels": 43, "percent_cover": 0.23306233062330622, "percent_above_0.1m": 18.604651162790699, "low_level_<0.5": 9.3023255813953494, "mid_level_0.5-2": 9.3023255813953494, "tall_2+": 0.0 }, "geometry": { "type": "Point", "coordinates": [ -0.153149270964551, 51.248635176820756 ] } },
{ "type": "Feature", "properties": { "max_height": 2.3337478637695312, "mean_height": 0.61147218942642212, "std_height": 0.63767904043197632, "count_pixels": 42, "percent_cover": 0.22764227642276422, "percent_above_0.1m": 80.952380952380949, "low_level_<0.5": 30.952380952380953, "mid_level_0.5-2": 35.714285714285715, "tall_2+": 4.7619047619047619 }, "geometry": { "type": "Point", "coordinates": [ -0.152950844633495, 51.24863204427951 ] } },
{ "type": "Feature", "properties": { "max_height": 4.1856231689453125, "mean_height": 1.0448764562606812, "std_height": 1.2339057922363281, "count_pixels": 41, "percent_cover": 0.22222222222222221, "percent_above_0.1m": 58.536585365853654, "low_level_<0.5": 4.8780487804878048, "mid_level_0.5-2": 24.390243902439025, "tall_2+": 24.390243902439025 }, "geometry": { "type": "Point", "coordinates": [ -0.152752418338018, 51.248628911402136 ] } },
{ "type": "Feature", "properties": { "max_height": 5.2881240844726562, "mean_height": 1.2853589057922363, "std_height": 1.5241982936859131, "count_pixels": 41, "percent_cover": 0.22222222222222221, "percent_above_0.1m": 82.926829268292678, "low_level_<0.5": 19.512195121951219, "mid_level_0.5-2": 26.829268292682929, "tall_2+": 24.390243902439025 }, "geometry": { "type": "Point", "coordinates": [ -0.152553992078129, 51.248625778188604 ] } },
{ "type": "Feature", "properties": { "max_height": 0.063934326171875, "mean_height": -0.019160589203238487, "std_height": 0.016822336241602898, "count_pixels": 36, "percent_cover": 0.1951219512195122, "percent_above_0.1m": 0.0, "low_level_<0.5": 0.0, "mid_level_0.5-2": 0.0, "tall_2+": 0.0 }, "geometry": { "type": "Point", "coordinates": [ -0.152355565853834, 51.248622644638914 ] } },
{ "type": "Feature", "properties": { "max_height": 2.4768753051757812, "mean_height": 0.74968326091766357, "std_height": 0.79453951120376587, "count_pixels": 41, "percent_cover": 0.22222222222222221, "percent_above_0.1m": 60.975609756097562, "low_level_<0.5": 9.7560975609756095, "mid_level_0.5-2": 41.463414634146339, "tall_2+": 7.3170731707317067 }, "geometry": { "type": "Point", "coordinates": [ -0.154236301086649, 51.248760248465246 ] } },
{ "type": "Feature", "properties": { "max_height": 1.9956207275390625, "mean_height": 0.87376254796981812, "std_height": 0.61480677127838135, "count_pixels": 41, "percent_cover": 0.22222222222222221, "percent_above_0.1m": 82.926829268292678, "low_level_<0.5": 9.7560975609756095, "mid_level_0.5-2": 65.853658536585371, "tall_2+": 0.0 }, "geometry": { "type": "Point", "coordinates": [ -0.154037874097831, 51.24875711775929 ] } },
{ "type": "Feature", "properties": { "max_height": 1.7843704223632812, "mean_height": 0.51086795330047607, "std_height": 0.64272218942642212, "count_pixels": 41, "percent_cover": 0.22222222222222221, "percent_above_0.1m": 43.902439024390247, "low_level_<0.5": 7.3170731707317067, "mid_level_0.5-2": 36.585365853658537, "tall_2+": 0.0 }, "geometry": { "type": "Point", "coordinates": [ -0.15383944714457, 51.248753986717205 ] } },
{ "type": "Feature", "properties": { "max_height": 0.02124786376953125, "mean_height": 0.011768977157771587, "std_height": 0.005721305962651968, "count_pixels": 36, "percent_cover": 0.1951219512195122, "percent_above_0.1m": 0.0, "low_level_<0.5": 0.0, "mid_level_0.5-2": 0.0, "tall_2+": 0.0 }, "geometry": { "type": "Point", "coordinates": [ -0.15364102022688, 51.248750855338947 ] } },
{ "type": "Feature", "properties": { "max_height": 0.03311920166015625, "mean_height": 0.011506057344377041, "std_height": 0.0093408506363630295, "count_pixels": 41, "percent_cover": 0.22222222222222221, "percent_above_0.1m": 0.0, "low_level_<0.5": 0.0, "mid_level_0.5-2": 0.0, "tall_2+": 0.0 }, "geometry": { "type": "Point", "coordinates": [ -0.153442593344756, 51.248747723624554 ] } },
{ "type": "Feature", "properties": { "max_height": 0.03624725341796875, "mean_height": 0.019769063219428062, "std_height": 0.0069032791070640087, "count_pixels": 41, "percent_cover": 0.22222222222222221, "percent_above_0.1m": 0.0, "low_level_<0.5": 0.0, "mid_level_0.5-2": 0.0, "tall_2+": 0.0 }, "geometry": { "type": "Point", "coordinates": [ -0.15324416649821, 51.248744591573988 ] } },
{ "type": "Feature", "properties": { "max_height": 1.9006271362304688, "mean_height": 0.40533298254013062, "std_height": 0.5229182243347168, "count_pixels": 41, "percent_cover": 0.22222222222222221, "percent_above_0.1m": 46.341463414634148, "low_level_<0.5": 9.7560975609756095, "mid_level_0.5-2": 34.146341463414636, "tall_2+": 0.0 }, "geometry": { "type": "Point", "coordinates": [ -0.153045739687237, 51.248741459187293 ] } },
{ "type": "Feature", "properties": { "max_height": 3.621246337890625, "mean_height": 1.046649694442749, "std_height": 0.79526197910308838, "count_pixels": 42, "percent_cover": 0.22764227642276422, "percent_above_0.1m": 85.714285714285708, "low_level_<0.5": 11.904761904761903, "mid_level_0.5-2": 57.142857142857139, "tall_2+": 14.285714285714285 }, "geometry": { "type": "Point", "coordinates": [ -0.152847312911843, 51.248738326464441 ] } },
{ "type": "Feature", "properties": { "max_height": 4.0624923706054688, "mean_height": 1.4571199417114258, "std_height": 1.2543445825576782, "count_pixels": 43, "percent_cover": 0.23306233062330622, "percent_above_0.1m": 79.069767441860463, "low_level_<0.5": 6.9767441860465116, "mid_level_0.5-2": 27.906976744186046, "tall_2+": 37.209302325581397 }, "geometry": { "type": "Point", "coordinates": [ -0.152648886172041, 51.24873519340543 ] } },
{ "type": "Feature", "properties": { "max_height": 1.0281219482421875, "mean_height": 0.2552562952041626, "std_height": 0.30448797345161438, "count_pixels": 43, "percent_cover": 0.23306233062330622, "percent_above_0.1m": 46.511627906976742, "low_level_<0.5": 18.604651162790699, "mid_level_0.5-2": 18.604651162790699, "tall_2+": 0.0 }, "geometry": { "type": "Point", "coordinates": [ -0.152450459467825, 51.24873206001029 ] } },
{ "type": "Feature", "properties": { "max_height": 3.5388031005859375, "mean_height": 0.2274719625711441, "std_height": 0.69362032413482666, "count_pixels": 44, "percent_cover": 0.23848238482384823, "percent_above_0.1m": 25.0, "low_level_<0.5": 11.363636363636363, "mid_level_0.5-2": 4.5454545454545459, "tall_2+": 4.5454545454545459 }, "geometry": { "type": "Point", "coordinates": [ -0.152252032799198, 51.248728926278957 ] } },
{ "type": "Feature", "properties": { "max_height": 2.748748779296875, "mean_height": 0.68425369262695312, "std_height": 0.66202110052108765, "count_pixels": 42, "percent_cover": 0.22764227642276422, "percent_above_0.1m": 80.952380952380949, "low_level_<0.5": 35.714285714285715, "mid_level_0.5-2": 40.476190476190474, "tall_2+": 2.3809523809523809 }, "geometry": { "type": "Point", "coordinates": [ -0.154331199464182, 51.248869662373018 ] } },
{ "type": "Feature", "properties": { "max_height": 1.6762466430664062, "mean_height": 0.15143691003322601, "std_height": 0.39216041564941406, "count_pixels": 43, "percent_cover": 0.23306233062330622, "percent_above_0.1m": 16.279069767441861, "low_level_<0.5": 2.3255813953488373, "mid_level_0.5-2": 11.627906976744185, "tall_2+": 0.0 }, "geometry": { "type": "Point", "coordinates": [ -0.154132771995451, 51.248866531821598 ] } },
{ "type": "Feature", "properties": { "max_height": 1.4462432861328125, "mean_height": 0.12163987010717392, "std_height": 0.2972521185874939, "count_pixels": 43, "percent_cover": 0.23306233062330622, "percent_above_0.1m": 16.279069767441861, "low_level_<0.5": 4.6511627906976747, "mid_level_0.5-2": 11.627906976744185, "tall_2+": 0.0 }, "geometry": { "type": "Point", "coordinates": [ -0.153934344562288, 51.248863400934034 ] } },
{ "type": "Feature", "properties": { "max_height": 0.0318756103515625, "mean_height": 0.016073537990450859, "std_height": 0.0074875154532492161, "count_pixels": 43, "percent_cover": 0.23306233062330622, "percent_above_0.1m": 0.0, "low_level_<0.5": 0.0, "mid_level_0.5-2": 0.0, "tall_2+": 0.0 }, "geometry": { "type": "Point", "coordinates": [ -0.15373591716468, 51.248860269710327 ] } },
{ "type": "Feature", "properties": { "max_height": 0.03749847412109375, "mean_height": 0.012773735448718071, "std_height": 0.0073311883024871349, "count_pixels": 43, "percent_cover": 0.23306233062330622, "percent_above_0.1m": 0.0, "low_level_<0.5": 0.0, "mid_level_0.5-2": 0.0, "tall_2+": 0.0 }, "geometry": { "type": "Point", "coordinates": [ -0.153537489802648, 51.248857138150456 ] } },
{ "type": "Feature", "properties": { "max_height": 0.0462493896484375, "mean_height": 0.017411520704627037, "std_height": 0.0078881196677684784, "count_pixels": 43, "percent_cover": 0.23306233062330622, "percent_above_0.1m": 0.0, "low_level_<0.5": 0.0, "mid_level_0.5-2": 0.0, "tall_2+": 0.0 }, "geometry": { "type": "Point", "coordinates": [ -0.153339062476182, 51.24885400625444 ] } },
{ "type": "Feature", "properties": { "max_height": 0.038116455078125, "mean_height": 0.02246963232755661, "std_height": 0.0082960007712244987, "count_pixels": 43, "percent_cover": 0.23306233062330622, "percent_above_0.1m": 0.0, "low_level_<0.5": 0.0, "mid_level_0.5-2": 0.0, "tall_2+": 0.0 }, "geometry": { "type": "Point", "coordinates": [ -0.153140635185298, 51.24885087402226 ] } },
{ "type": "Feature", "properties": { "max_height": 1.7050018310546875, "mean_height": 0.60123300552368164, "std_height": 0.5526573657989502, "count_pixels": 42, "percent_cover": 0.22764227642276422, "percent_above_0.1m": 69.047619047619051, "low_level_<0.5": 9.5238095238095237, "mid_level_0.5-2": 52.380952380952387, "tall_2+": 0.0 }, "geometry": { "type": "Point", "coordinates": [ -0.15294220792999, 51.248847741453936 ] } },
{ "type": "Feature", "properties": { "max_height": 3.82061767578125, "mean_height": 1.0831845998764038, "std_height": 0.85402852296829224, "count_pixels": 41, "percent_cover": 0.22222222222222221, "percent_above_0.1m": 92.682926829268297, "low_level_<0.5": 7.3170731707317067, "mid_level_0.5-2": 70.731707317073173, "tall_2+": 12.195121951219512 }, "geometry": { "type": "Point", "coordinates": [ -0.152743780710264, 51.248844608549469 ] } },
{ "type": "Feature", "properties": { "max_height": 3.8443756103515625, "mean_height": 0.55896240472793579, "std_height": 0.86003714799880981, "count_pixels": 41, "percent_cover": 0.22222222222222221, "percent_above_0.1m": 58.536585365853654, "low_level_<0.5": 19.512195121951219, "mid_level_0.5-2": 24.390243902439025, "tall_2+": 7.3170731707317067 }, "geometry": { "type": "Point", "coordinates": [ -0.152545353526126, 51.248841475308836 ] } },
{ "type": "Feature", "properties": { "max_height": 1.373748779296875, "mean_height": 0.28671729564666748, "std_height": 0.31259965896606445, "count_pixels": 36, "percent_cover": 0.1951219512195122, "percent_above_0.1m": 55.555555555555557, "low_level_<0.5": 22.222222222222221, "mid_level_0.5-2": 27.777777777777779, "tall_2+": 0.0 }, "geometry": { "type": "Point", "coordinates": [ -0.152346926377579, 51.248838341732046 ] } },
{ "type": "Feature", "properties": { "max_height": 1.4393692016601562, "mean_height": 0.34077149629592896, "std_height": 0.32198277115821838, "count_pixels": 40, "percent_cover": 0.21680216802168023, "percent_above_0.1m": 65.0, "low_level_<0.5": 27.5, "mid_level_0.5-2": 30.0, "tall_2+": 0.0 }, "geometry": { "type": "Point", "coordinates": [ -0.152148499264629, 51.24883520781912 ] } },
{ "type": "Feature", "properties": { "max_height": 1.5371170043945312, "mean_height": 0.28417429327964783, "std_height": 0.39218166470527649, "count_pixels": 41, "percent_cover": 0.22222222222222221, "percent_above_0.1m": 46.341463414634148, "low_level_<0.5": 26.829268292682929, "mid_level_0.5-2": 17.073170731707318, "tall_2+": 0.0 }, "geometry": { "type": "Point", "coordinates": [ -0.151950072187273, 51.248832073570036 ] } },
{ "type": "Feature", "properties": { "max_height": 2.3349990844726562, "mean_height": 0.29062372446060181, "std_height": 0.53558909893035889, "count_pixels": 41, "percent_cover": 0.22222222222222221, "percent_above_0.1m": 36.585365853658537, "low_level_<0.5": 21.951219512195124, "mid_level_0.5-2": 9.7560975609756095, "tall_2+": 4.8780487804878048 }, "geometry": { "type": "Point", "coordinates": [ -0.154227670337409, 51.248975945811083 ] } },
{ "type": "Feature", "properties": { "max_height": 0.02062225341796875, "mean_height": 0.001491825794801116, "std_height": 0.0090353256091475487, "count_pixels": 41, "percent_cover": 0.22222222222222221, "percent_above_0.1m": 0.0, "low_level_<0.5": 0.0, "mid_level_0.5-2": 0.0, "tall_2+": 0.0 }, "geometry": { "type": "Point", "coordinates": [ -0.154029242424331, 51.248972815078062 ] } },
{ "type": "Feature", "properties": { "max_height": 0.03937530517578125, "mean_height": 0.018123533576726913, "std_height": 0.0080424593761563301, "count_pixels": 41, "percent_cover": 0.22222222222222221, "percent_above_0.1m": 0.0, "low_level_<0.5": 0.0, "mid_level_0.5-2": 0.0, "tall_2+": 0.0 }, "geometry": { "type": "Point", "coordinates": [ -0.153830814546813, 51.248969684008884 ] } },
{ "type": "Feature", "properties": { "max_height": 0.02938079833984375, "mean_height": 0.012619230896234512, "std_height": 0.0075135878287255764, "count_pixels": 36, "percent_cover": 0.1951219512195122, "percent_above_0.1m": 0.0, "low_level_<0.5": 0.0, "mid_level_0.5-2": 0.0, "tall_2+": 0.0 }, "geometry": { "type": "Point", "coordinates": [ -0.153632386704865, 51.248966552603555 ] } },
{ "type": "Feature", "properties": { "max_height": 0.024993896484375, "mean_height": 0.011902972124516964, "std_height": 0.0058911354281008244, "count_pixels": 41, "percent_cover": 0.22222222222222221, "percent_above_0.1m": 0.0, "low_level_<0.5": 0.0, "mid_level_0.5-2": 0.0, "tall_2+": 0.0 }, "geometry": { "type": "Point", "coordinates": [ -0.153433958898483, 51.248963420862069 ] } },
{ "type": "Feature", "properties": { "max_height": 0.03125, "mean_height": 0.014830612577497959, "std_height": 0.0072044101543724537, "count_pixels": 41, "percent_cover": 0.22222222222222221, "percent_above_0.1m": 0.0, "low_level_<0.5": 0.0, "mid_level_0.5-2": 0.0, "tall_2+": 0.0 }, "geometry": { "type": "Point", "coordinates": [ -0.15323553112768, 51.248960288784438 ] } },
{ "type": "Feature", "properties": { "max_height": 0.046875, "mean_height": 0.027864223346114159, "std_height": 0.0074775535613298416, "count_pixels": 41, "percent_cover": 0.22222222222222221, "percent_above_0.1m": 0.0, "low_level_<0.5": 0.0, "mid_level_0.5-2": 0.0, "tall_2+": 0.0 }, "geometry": { "type": "Point", "coordinates": [ -0.153037103392449, 51.248957156370629 ] } },
{ "type": "Feature", "properties": { "max_height": 1.4475021362304688, "mean_height": 0.42719995975494385, "std_height": 0.49473387002944946, "count_pixels": 42, "percent_cover": 0.22764227642276422, "percent_above_0.1m": 52.380952380952387, "low_level_<0.5": 19.047619047619047, "mid_level_0.5-2": 33.333333333333329, "tall_2+": 0.0 }, "geometry": { "type": "Point", "coordinates": [ -0.152838675692808, 51.248954023620684 ] } },
{ "type": "Feature", "properties": { "max_height": 2.2118759155273438, "mean_height": 0.92350184917449951, "std_height": 0.62107789516448975, "count_pixels": 43, "percent_cover": 0.23306233062330622, "percent_above_0.1m": 93.023255813953483, "low_level_<0.5": 20.930232558139537, "mid_level_0.5-2": 62.790697674418603, "tall_2+": 6.9767441860465116 }, "geometry": { "type": "Point", "coordinates": [ -0.152640248028741, 51.248950890534587 ] } },
{ "type": "Feature", "properties": { "max_height": 3.5668792724609375, "mean_height": 0.62310880422592163, "std_height": 0.89089739322662354, "count_pixels": 43, "percent_cover": 0.23306233062330622, "percent_above_0.1m": 53.488372093023251, "low_level_<0.5": 13.953488372093023, "mid_level_0.5-2": 25.581395348837212, "tall_2+": 11.627906976744185 }, "geometry": { "type": "Point", "coordinates": [ -0.152441820400274, 51.248947757112326 ] } },
{ "type": "Feature", "properties": { "max_height": 0.3643798828125, "mean_height": 0.04370550811290741, "std_height": 0.062220267951488495, "count_pixels": 44, "percent_cover": 0.23848238482384823, "percent_above_0.1m": 4.5454545454545459, "low_level_<0.5": 4.5454545454545459, "mid_level_0.5-2": 0.0, "tall_2+": 0.0 }, "geometry": { "type": "Point", "coordinates": [ -0.152243392807394, 51.248944623353914 ] } },
{ "type": "Feature", "properties": { "max_height": 0.87937164306640625, "mean_height": 0.14361661672592163, "std_height": 0.21297207474708557, "count_pixels": 43, "percent_cover": 0.23306233062330622, "percent_above_0.1m": 25.581395348837212, "low_level_<0.5": 13.953488372093023, "mid_level_0.5-2": 9.3023255813953494, "tall_2+": 0.0 }, "geometry": { "type": "Point", "coordinates": [ -0.152044965250114, 51.248941489259359 ] } },
{ "type": "Feature", "properties": { "max_height": 0.5931243896484375, "mean_height": 0.14096708595752716, "std_height": 0.16467645764350891, "count_pixels": 43, "percent_cover": 0.23306233062330622, "percent_above_0.1m": 27.906976744186046, "low_level_<0.5": 16.279069767441861, "mid_level_0.5-2": 9.3023255813953494, "tall_2+": 0.0 }, "geometry": { "type": "Point", "coordinates": [ -0.151846537728434, 51.248938354828638 ] } },
{ "type": "Feature", "properties": { "max_height": 5.1468658447265625, "mean_height": 1.5237478017807007, "std_height": 1.1922081708908081, "count_pixels": 42, "percent_cover": 0.22764227642276422, "percent_above_0.1m": 95.238095238095227, "low_level_<0.5": 11.904761904761903, "mid_level_0.5-2": 57.142857142857139, "tall_2+": 23.809523809523807 }, "geometry": { "type": "Point", "coordinates": [ -0.154322569123707, 51.249085359727758 ] } },
{ "type": "Feature", "properties": { "max_height": 0.3274993896484375, "mean_height": 0.021422984078526497, "std_height": 0.065170645713806152, "count_pixels": 43, "percent_cover": 0.23306233062330622, "percent_above_0.1m": 9.3023255813953494, "low_level_<0.5": 4.6511627906976747, "mid_level_0.5-2": 0.0, "tall_2+": 0.0 }, "geometry": { "type": "Point", "coordinates": [ -0.154124140730709, 51.249082229149266 ] } },
{ "type": "Feature", "properties": { "max_height": 0.03437042236328125, "mean_height": 0.0080637373030185699, "std_height": 0.0091156912967562675, "count_pixels": 43, "percent_cover": 0.23306233062330622, "percent_above_0.1m": 0.0, "low_level_<0.5": 0.0, "mid_level_0.5-2": 0.0, "tall_2+": 0.0 }, "geometry": { "type": "Point", "coordinates": [ -0.153925712373275, 51.249079098234624 ] } },
{ "type": "Feature", "properties": { "max_height": 0.027496337890625, "mean_height": 0.017135443165898323, "std_height": 0.0060254642739892006, "count_pixels": 43, "percent_cover": 0.23306233062330622, "percent_above_0.1m": 0.0, "low_level_<0.5": 0.0, "mid_level_0.5-2": 0.0, "tall_2+": 0.0 }, "geometry": { "type": "Point", "coordinates": [ -0.153727284051412, 51.249075966983831 ] } },
{ "type": "Feature", "properties": { "max_height": 0.027496337890625, "mean_height": 0.011654166504740715, "std_height": 0.0063693211413919926, "count_pixels": 43, "percent_cover": 0.23306233062330622, "percent_above_0.1m": 0.0, "low_level_<0.5": 0.0, "mid_level_0.5-2": 0.0, "tall_2+": 0.0 }, "geometry": { "type": "Point", "coordinates": [ -0.153528855765112, 51.249072835396888 ] } },
{ "type": "Feature", "properties": { "max_height": 0.02500152587890625, "mean_height": 0.016087198629975319, "std_height": 0.0061149280518293381, "count_pixels": 43, "percent_cover": 0.23306233062330622, "percent_above_0.1m": 0.0, "low_level_<0.5": 0.0, "mid_level_0.5-2": 0.0, "tall_2+": 0.0 }, "geometry": { "type": "Point", "coordinates": [ -0.153330427514387, 51.249069703473772 ] } },
{ "type": "Feature", "properties": { "max_height": 0.03687286376953125, "mean_height": 0.017542462795972824, "std_height": 0.0090939877554774284, "count_pixels": 43, "percent_cover": 0.23306233062330622, "percent_above_0.1m": 0.0, "low_level_<0.5": 0.0, "mid_level_0.5-2": 0.0, "tall_2+": 0.0 }, "geometry": { "type": "Point", "coordinates": [ -0.153131999299236, 51.249066571214513 ] } },
{ "type": "Feature", "properties": { "max_height": 0.04000091552734375, "mean_height": 0.02851104736328125, "std_height": 0.0069116894155740738, "count_pixels": 42, "percent_cover": 0.22764227642276422, "percent_above_0.1m": 0.0, "low_level_<0.5": 0.0, "mid_level_0.5-2": 0.0, "tall_2+": 0.0 }, "geometry": { "type": "Point", "coordinates": [ -0.152933571119668, 51.249063438619082 ] } },
{ "type": "Feature", "properties": { "max_height": 1.3543701171875, "mean_height": 0.18763546645641327, "std_height": 0.36216539144515991, "count_pixels": 41, "percent_cover": 0.22222222222222221, "percent_above_0.1m": 19.512195121951219, "low_level_<0.5": 7.3170731707317067, "mid_level_0.5-2": 12.195121951219512, "tall_2+": 0.0 }, "geometry": { "type": "Point", "coordinates": [ -0.152735142975682, 51.249060305687514 ] } },
{ "type": "Feature", "properties": { "max_height": 2.3512496948242188, "mean_height": 0.7340971827507019, "std_height": 0.6876409649848938, "count_pixels": 41, "percent_cover": 0.22222222222222221, "percent_above_0.1m": 63.414634146341463, "low_level_<0.5": 12.195121951219512, "mid_level_0.5-2": 46.341463414634148, "tall_2+": 4.8780487804878048 }, "geometry": { "type": "Point", "coordinates": [ -0.152536714867284, 51.249057172419789 ] } },
{ "type": "Feature", "properties": { "max_height": 3.2081222534179688, "mean_height": 0.66001510620117188, "std_height": 0.64606928825378418, "count_pixels": 36, "percent_cover": 0.1951219512195122, "percent_above_0.1m": 86.111111111111114, "low_level_<0.5": 36.111111111111107, "mid_level_0.5-2": 41.666666666666671, "tall_2+": 2.7777777777777777 }, "geometry": { "type": "Point", "coordinates": [ -0.152338286794476, 51.249054038815899 ] } },
{ "type": "Feature", "properties": { "max_height": 3.2956161499023438, "mean_height": 0.55102938413619995, "std_height": 0.83204096555709839, "count_pixels": 40, "percent_cover": 0.21680216802168023, "percent_above_0.1m": 45.0, "low_level_<0.5": 7.5, "mid_level_0.5-2": 20.0, "tall_2+": 12.5 }, "geometry": { "type": "Point", "coordinates": [ -0.152139858757267, 51.249050904875865 ] } },
{ "type": "Feature", "properties": { "max_height": 0.80750274658203125, "mean_height": 0.15829057991504669, "std_height": 0.18045373260974884, "count_pixels": 41, "percent_cover": 0.22222222222222221, "percent_above_0.1m": 43.902439024390247, "low_level_<0.5": 21.951219512195124, "mid_level_0.5-2": 7.3170731707317067, "tall_2+": 0.0 }, "geometry": { "type": "Point", "coordinates": [ -0.151941430755653, 51.249047770599674 ] } },
{ "type": "Feature", "properties": { "max_height": 3.0949935913085938, "mean_height": 0.85633981227874756, "std_height": 0.77429211139678955, "count_pixels": 41, "percent_cover": 0.22222222222222221, "percent_above_0.1m": 85.365853658536579, "low_level_<0.5": 26.829268292682929, "mid_level_0.5-2": 46.341463414634148, "tall_2+": 7.3170731707317067 }, "geometry": { "type": "Point", "coordinates": [ -0.154219039481426, 51.249191643147668 ] } },
{ "type": "Feature", "properties": { "max_height": 0.7143707275390625, "mean_height": 0.023444384336471558, "std_height": 0.11520793288946152, "count_pixels": 41, "percent_cover": 0.22222222222222221, "percent_above_0.1m": 4.8780487804878048, "low_level_<0.5": 2.4390243902439024, "mid_level_0.5-2": 2.4390243902439024, "tall_2+": 0.0 }, "geometry": { "type": "Point", "coordinates": [ -0.154020610644076, 51.249188512387555 ] } },
{ "type": "Feature", "properties": { "max_height": 0.03437042236328125, "mean_height": 0.017056906595826149, "std_height": 0.0090136351063847542, "count_pixels": 41, "percent_cover": 0.22222222222222221, "percent_above_0.1m": 0.0, "low_level_<0.5": 0.0, "mid_level_0.5-2": 0.0, "tall_2+": 0.0 }, "geometry": { "type": "Point", "coordinates": [ -0.153822181842292, 51.249185381291298 ] } },
{ "type": "Feature", "properties": { "max_height": 0.03437042236328125, "mean_height": 0.014407264068722725, "std_height": 0.0072058625519275665, "count_pixels": 36, "percent_cover": 0.1951219512195122, "percent_above_0.1m": 0.0, "low_level_<0.5": 0.0, "mid_level_0.5-2": 0.0, "tall_2+": 0.0 }, "geometry": { "type": "Point", "coordinates": [ -0.153623753076072, 51.249182249858883 ] } },
{ "type": "Feature", "properties": { "max_height": 0.02562713623046875, "mean_height": 0.016157755628228188, "std_height": 0.0048607373610138893, "count_pixels": 41, "percent_cover": 0.22222222222222221, "percent_above_0.1m": 0.0, "low_level_<0.5": 0.0, "mid_level_0.5-2": 0.0, "tall_2+": 0.0 }, "geometry": { "type": "Point", "coordinates": [ -0.153425324345425, 51.249179118090296 ] } },
{ "type": "Feature", "properties": { "max_height": 0.03562164306640625, "mean_height": 0.018139537423849106, "std_height": 0.0061956816352903843, "count_pixels": 41, "percent_cover": 0.22222222222222221, "percent_above_0.1m": 0.0, "low_level_<0.5": 0.0, "mid_level_0.5-2": 0.0, "tall_2+": 0.0 }, "geometry": { "type": "Point", "coordinates": [ -0.153226895650349, 51.24917598598558 ] } },
{ "type": "Feature", "properties": { "max_height": 0.03374481201171875, "mean_height": 0.021844631060957909, "std_height": 0.006714994553476572, "count_pixels": 41, "percent_cover": 0.22222222222222221, "percent_above_0.1m": 0.0, "low_level_<0.5": 0.0, "mid_level_0.5-2": 0.0, "tall_2+": 0.0 }, "geometry": { "type": "Point", "coordinates": [ -0.153028466990854, 51.249172853544692 ] } },
{ "type": "Feature", "properties": { "max_height": 0.32889556884765625, "mean_height": 0.039290111511945724, "std_height": 0.050637230277061462, "count_pixels": 42, "percent_cover": 0.22764227642276422, "percent_above_0.1m": 4.7619047619047619, "low_level_<0.5": 4.7619047619047619, "mid_level_0.5-2": 0.0, "tall_2+": 0.0 }, "geometry": { "type": "Point", "coordinates": [ -0.152830038366944, 51.249169720767647 ] } },
{ "type": "Feature", "properties": { "max_height": 0.056243896484375, "mean_height": 0.034707356244325638, "std_height": 0.008171658031642437, "count_pixels": 43, "percent_cover": 0.23306233062330622, "percent_above_0.1m": 0.0, "low_level_<0.5": 0.0, "mid_level_0.5-2": 0.0, "tall_2+": 0.0 }, "geometry": { "type": "Point", "coordinates": [ -0.152631609778612, 51.249166587654429 ] } },
{ "type": "Feature", "properties": { "max_height": 1.2849960327148438, "mean_height": 0.14728102087974548, "std_height": 0.29527249932289124, "count_pixels": 43, "percent_cover": 0.23306233062330622, "percent_above_0.1m": 13.953488372093023, "low_level_<0.5": 2.3255813953488373, "mid_level_0.5-2": 11.627906976744185, "tall_2+": 0.0 }, "geometry": { "type": "Point", "coordinates": [ -0.152433181225882, 51.249163454205089 ] } },
{ "type": "Feature", "properties": { "max_height": 5.8718795776367188, "mean_height": 1.1599411964416504, "std_height": 1.4073126316070557, "count_pixels": 44, "percent_cover": 0.23848238482384823, "percent_above_0.1m": 68.181818181818173, "low_level_<0.5": 9.0909090909090917, "mid_level_0.5-2": 40.909090909090914, "tall_2+": 15.909090909090908 }, "geometry": { "type": "Point", "coordinates": [ -0.15223475270873, 51.249160320419577 ] } },
{ "type": "Feature", "properties": { "max_height": 2.3037490844726562, "mean_height": 0.37493950128555298, "std_height": 0.44032445549964905, "count_pixels": 43, "percent_cover": 0.23306233062330622, "percent_above_0.1m": 62.790697674418603, "low_level_<0.5": 23.255813953488371, "mid_level_0.5-2": 30.232558139534881, "tall_2+": 2.3255813953488373 }, "geometry": { "type": "Point", "coordinates": [ -0.152036324227188, 51.2491571862979 ] } },
{ "type": "Feature", "properties": { "max_height": 1.6774978637695312, "mean_height": 0.21547362208366394, "std_height": 0.36613228917121887, "count_pixels": 43, "percent_cover": 0.23306233062330622, "percent_above_0.1m": 32.558139534883722, "low_level_<0.5": 6.9767441860465116, "mid_level_0.5-2": 16.279069767441861, "tall_2+": 0.0 }, "geometry": { "type": "Point", "coordinates": [ -0.151837895781245, 51.249154051840065 ] } },
{ "type": "Feature", "properties": { "max_height": 4.1800003051757812, "mean_height": 0.7848670482635498, "std_height": 0.8076779842376709, "count_pixels": 43, "percent_cover": 0.23306233062330622, "percent_above_0.1m": 76.744186046511629, "low_level_<0.5": 23.255813953488371, "mid_level_0.5-2": 41.860465116279073, "tall_2+": 9.3023255813953494 }, "geometry": { "type": "Point", "coordinates": [ -0.154115509359213, 51.249297926467662 ] } },
{ "type": "Feature", "properties": { "max_height": 1.9175033569335938, "mean_height": 0.2508697509765625, "std_height": 0.52641540765762329, "count_pixels": 43, "percent_cover": 0.23306233062330622, "percent_above_0.1m": 27.906976744186046, "low_level_<0.5": 9.3023255813953494, "mid_level_0.5-2": 16.279069767441861, "tall_2+": 0.0 }, "geometry": { "type": "Point", "coordinates": [ -0.15391708007751, 51.249294795525941 ] } },
{ "type": "Feature", "properties": { "max_height": 0.0281219482421875, "mean_height": 0.016116652637720108, "std_height": 0.0061352686025202274, "count_pixels": 43, "percent_cover": 0.23306233062330622, "percent_above_0.1m": 0.0, "low_level_<0.5": 0.0, "mid_level_0.5-2": 0.0, "tall_2+": 0.0 }, "geometry": { "type": "Point", "coordinates": [ -0.153718650831366, 51.249291664248062 ] } },
{ "type": "Feature", "properties": { "max_height": 0.032501220703125, "mean_height": 0.018734777346253395, "std_height": 0.0053246542811393738, "count_pixels": 43, "percent_cover": 0.23306233062330622, "percent_above_0.1m": 0.0, "low_level_<0.5": 0.0, "mid_level_0.5-2": 0.0, "tall_2+": 0.0 }, "geometry": { "type": "Point", "coordinates": [ -0.153520221620795, 51.249288532634012 ] } },
{ "type": "Feature", "properties": { "max_height": 0.0281219482421875, "mean_height": 0.018718985840678215, "std_height": 0.0055066882632672787, "count_pixels": 43, "percent_cover": 0.23306233062330622, "percent_above_0.1m": 0.0, "low_level_<0.5": 0.0, "mid_level_0.5-2": 0.0, "tall_2+": 0.0 }, "geometry": { "type": "Point", "coordinates": [ -0.153321792445792, 51.249285400683817 ] } },
{ "type": "Feature", "properties": { "max_height": 0.0362548828125, "mean_height": 0.021680433303117752, "std_height": 0.0059207617305219173, "count_pixels": 43, "percent_cover": 0.23306233062330622, "percent_above_0.1m": 0.0, "low_level_<0.5": 0.0, "mid_level_0.5-2": 0.0, "tall_2+": 0.0 }, "geometry": { "type": "Point", "coordinates": [ -0.153123363306372, 51.249282268397465 ] } },
{ "type": "Feature", "properties": { "max_height": 0.2081298828125, "mean_height": 0.035654522478580475, "std_height": 0.030353644862771034, "count_pixels": 42, "percent_cover": 0.22764227642276422, "percent_above_0.1m": 4.7619047619047619, "low_level_<0.5": 2.3809523809523809, "mid_level_0.5-2": 0.0, "tall_2+": 0.0 }, "geometry": { "type": "Point", "coordinates": [ -0.152924934202529, 51.249279135774962 ] } },
{ "type": "Feature", "properties": { "max_height": 0.0449981689453125, "mean_height": 0.031537126749753952, "std_height": 0.0068784859031438828, "count_pixels": 41, "percent_cover": 0.22222222222222221, "percent_above_0.1m": 0.0, "low_level_<0.5": 0.0, "mid_level_0.5-2": 0.0, "tall_2+": 0.0 }, "geometry": { "type": "Point", "coordinates": [ -0.152726505134269, 51.249276002816273 ] } },
{ "type": "Feature", "properties": { "max_height": 0.046875, "mean_height": 0.035440400242805481, "std_height": 0.0047465148381888866, "count_pixels": 41, "percent_cover": 0.22222222222222221, "percent_above_0.1m": 0.0, "low_level_<0.5": 0.0, "mid_level_0.5-2": 0.0, "tall_2+": 0.0 }, "geometry": { "type": "Point", "coordinates": [ -0.152528076101601, 51.249272869521448 ] } },
{ "type": "Feature", "properties": { "max_height": 0.05750274658203125, "mean_height": 0.043093364685773849, "std_height": 0.0074146632105112076, "count_pixels": 36, "percent_cover": 0.1951219512195122, "percent_above_0.1m": 0.0, "low_level_<0.5": 0.0, "mid_level_0.5-2": 0.0, "tall_2+": 0.0 }, "geometry": { "type": "Point", "coordinates": [ -0.152329647104524, 51.249269735890479 ] } },
{ "type": "Feature", "properties": { "max_height": 0.16374969482421875, "mean_height": 0.040562249720096588, "std_height": 0.025034332647919655, "count_pixels": 40, "percent_cover": 0.21680216802168023, "percent_above_0.1m": 5.0, "low_level_<0.5": 2.5, "mid_level_0.5-2": 0.0, "tall_2+": 0.0 }, "geometry": { "type": "Point", "coordinates": [ -0.152131218143039, 51.249266601923317 ] } },
{ "type": "Feature", "properties": { "max_height": 2.16937255859375, "mean_height": 0.68020349740982056, "std_height": 0.60126638412475586, "count_pixels": 41, "percent_cover": 0.22222222222222221, "percent_above_0.1m": 75.609756097560975, "low_level_<0.5": 21.951219512195124, "mid_level_0.5-2": 46.341463414634148, "tall_2+": 2.4390243902439024 }, "geometry": { "type": "Point", "coordinates": [ -0.151932789217156, 51.249263467620025 ] } },
{ "type": "Feature", "properties": { "max_height": 1.8962554931640625, "mean_height": 0.22984574735164642, "std_height": 0.41216498613357544, "count_pixels": 41, "percent_cover": 0.22222222222222221, "percent_above_0.1m": 41.463414634146339, "low_level_<0.5": 21.951219512195124, "mid_level_0.5-2": 12.195121951219512, "tall_2+": 0.0 }, "geometry": { "type": "Point", "coordinates": [ -0.154011978757069, 51.249404209687768 ] } },
{ "type": "Feature", "properties": { "max_height": 0.11341094970703125, "mean_height": 0.014043296687304974, "std_height": 0.021348642185330391, "count_pixels": 41, "percent_cover": 0.22222222222222221, "percent_above_0.1m": 2.4390243902439024, "low_level_<0.5": 0.0, "mid_level_0.5-2": 0.0, "tall_2+": 0.0 }, "geometry": { "type": "Point", "coordinates": [ -0.153813549031001, 51.249401078564425 ] } },
{ "type": "Feature", "properties": { "max_height": 0.02874755859375, "mean_height": 0.015712102875113487, "std_height": 0.0068889586254954338, "count_pixels": 36, "percent_cover": 0.1951219512195122, "percent_above_0.1m": 0.0, "low_level_<0.5": 0.0, "mid_level_0.5-2": 0.0, "tall_2+": 0.0 }, "geometry": { "type": "Point", "coordinates": [ -0.153615119340498, 51.249397947104917 ] } },
{ "type": "Feature", "properties": { "max_height": 0.0424957275390625, "mean_height": 0.019828237593173981, "std_height": 0.0071871350519359112, "count_pixels": 41, "percent_cover": 0.22222222222222221, "percent_above_0.1m": 0.0, "low_level_<0.5": 0.0, "mid_level_0.5-2": 0.0, "tall_2+": 0.0 }, "geometry": { "type": "Point", "coordinates": [ -0.153416689685571, 51.249394815309259 ] } },
{ "type": "Feature", "properties": { "max_height": 0.04187774658203125, "mean_height": 0.024729287251830101, "std_height": 0.0075391437858343124, "count_pixels": 41, "percent_cover": 0.22222222222222221, "percent_above_0.1m": 0.0, "low_level_<0.5": 0.0, "mid_level_0.5-2": 0.0, "tall_2+": 0.0 }, "geometry": { "type": "Point", "coordinates": [ -0.15321826006622, 51.249391683177436 ] } },
{ "type": "Feature", "properties": { "max_height": 0.21125030517578125, "mean_height": 0.037428319454193115, "std_height": 0.028825817629694939, "count_pixels": 41, "percent_cover": 0.22222222222222221, "percent_above_0.1m": 2.4390243902439024, "low_level_<0.5": 2.4390243902439024, "mid_level_0.5-2": 0.0, "tall_2+": 0.0 }, "geometry": { "type": "Point", "coordinates": [ -0.153019830482445, 51.249388550709455 ] } },
{ "type": "Feature", "properties": { "max_height": 0.16937255859375, "mean_height": 0.039938788861036301, "std_height": 0.021808162331581116, "count_pixels": 42, "percent_cover": 0.22764227642276422, "percent_above_0.1m": 2.3809523809523809, "low_level_<0.5": 2.3809523809523809, "mid_level_0.5-2": 0.0, "tall_2+": 0.0 }, "geometry": { "type": "Point", "coordinates": [ -0.152821400934256, 51.249385417905302 ] } },
{ "type": "Feature", "properties": { "max_height": 0.25562286376953125, "mean_height": 0.041975688189268112, "std_height": 0.033870726823806763, "count_pixels": 43, "percent_cover": 0.23306233062330622, "percent_above_0.1m": 2.3255813953488373, "low_level_<0.5": 2.3255813953488373, "mid_level_0.5-2": 0.0, "tall_2+": 0.0 }, "geometry": { "type": "Point", "coordinates": [ -0.152622971421648, 51.249382284765012 ] } },
{ "type": "Feature", "properties": { "max_height": 0.05500030517578125, "mean_height": 0.03959105908870697, "std_height": 0.0070678140036761761, "count_pixels": 43, "percent_cover": 0.23306233062330622, "percent_above_0.1m": 0.0, "low_level_<0.5": 0.0, "mid_level_0.5-2": 0.0, "tall_2+": 0.0 }, "geometry": { "type": "Point", "coordinates": [ -0.152424541944635, 51.249379151288558 ] } },
{ "type": "Feature", "properties": { "max_height": 0.421875, "mean_height": 0.056745529174804688, "std_height": 0.058745857328176498, "count_pixels": 44, "percent_cover": 0.23848238482384823, "percent_above_0.1m": 4.5454545454545459, "low_level_<0.5": 4.5454545454545459, "mid_level_0.5-2": 0.0, "tall_2+": 0.0 }, "geometry": { "type": "Point", "coordinates": [ -0.152226112503215, 51.249376017475932 ] } },
{ "type": "Feature", "properties": { "max_height": 1.453125, "mean_height": 0.19310210645198822, "std_height": 0.33858388662338257, "count_pixels": 43, "percent_cover": 0.23306233062330622, "percent_above_0.1m": 18.604651162790699, "low_level_<0.5": 4.6511627906976747, "mid_level_0.5-2": 13.953488372093023, "tall_2+": 0.0 }, "geometry": { "type": "Point", "coordinates": [ -0.15202768309739, 51.249372883327162 ] } },
{ "type": "Feature", "properties": { "max_height": 2.2924957275390625, "mean_height": 0.41676542162895203, "std_height": 0.63143080472946167, "count_pixels": 43, "percent_cover": 0.23306233062330622, "percent_above_0.1m": 58.139534883720934, "low_level_<0.5": 20.930232558139537, "mid_level_0.5-2": 25.581395348837212, "tall_2+": 4.6511627906976747 }, "geometry": { "type": "Point", "coordinates": [ -0.151829253727175, 51.249369748842241 ] } },
{ "type": "Feature", "properties": { "max_height": 2.6299972534179688, "mean_height": 0.58287507295608521, "std_height": 0.74407976865768433, "count_pixels": 43, "percent_cover": 0.23306233062330622, "percent_above_0.1m": 67.441860465116278, "low_level_<0.5": 16.279069767441861, "mid_level_0.5-2": 30.232558139534881, "tall_2+": 6.9767441860465116 }, "geometry": { "type": "Point", "coordinates": [ -0.15410687788097, 51.249513623776757 ] } },
{ "type": "Feature", "properties": { "max_height": 0.142120361328125, "mean_height": 0.018007677048444748, "std_height": 0.0251017976552248, "count_pixels": 43, "percent_cover": 0.23306233062330622, "percent_above_0.1m": 4.6511627906976747, "low_level_<0.5": 0.0, "mid_level_0.5-2": 0.0, "tall_2+": 0.0 }, "geometry": { "type": "Point", "coordinates": [ -0.153908447674974, 51.249510492807964 ] } },
{ "type": "Feature", "properties": { "max_height": 0.57999420166015625, "mean_height": 0.080884531140327454, "std_height": 0.13893386721611023, "count_pixels": 43, "percent_cover": 0.23306233062330622, "percent_above_0.1m": 18.604651162790699, "low_level_<0.5": 13.953488372093023, "mid_level_0.5-2": 2.3255813953488373, "tall_2+": 0.0 }, "geometry": { "type": "Point", "coordinates": [ -0.153710017504551, 51.249507361502992 ] } },
{ "type": "Feature", "properties": { "max_height": 0.0387420654296875, "mean_height": 0.021407371386885643, "std_height": 0.0074737998656928539, "count_pixels": 43, "percent_cover": 0.23306233062330622, "percent_above_0.1m": 0.0, "low_level_<0.5": 0.0, "mid_level_0.5-2": 0.0, "tall_2+": 0.0 }, "geometry": { "type": "Point", "coordinates": [ -0.153511587369688, 51.249504229861863 ] } },
{ "type": "Feature", "properties": { "max_height": 0.0462493896484375, "mean_height": 0.032396182417869568, "std_height": 0.0074187633581459522, "count_pixels": 43, "percent_cover": 0.23306233062330622, "percent_above_0.1m": 0.0, "low_level_<0.5": 0.0, "mid_level_0.5-2": 0.0, "tall_2+": 0.0 }, "geometry": { "type": "Point", "coordinates": [ -0.153313157270408, 51.24950109788459 ] } },
{ "type": "Feature", "properties": { "max_height": 0.39875030517578125, "mean_height": 0.053442668169736862, "std_height": 0.068221911787986755, "count_pixels": 43, "percent_cover": 0.23306233062330622, "percent_above_0.1m": 4.6511627906976747, "low_level_<0.5": 4.6511627906976747, "mid_level_0.5-2": 0.0, "tall_2+": 0.0 }, "geometry": { "type": "Point", "coordinates": [ -0.153114727206692, 51.249497965571152 ] } },
{ "type": "Feature", "properties": { "max_height": 0.5762481689453125, "mean_height": 0.085922062397003174, "std_height": 0.13414685428142548, "count_pixels": 42, "percent_cover": 0.22764227642276422, "percent_above_0.1m": 9.5238095238095237, "low_level_<0.5": 2.3809523809523809, "mid_level_0.5-2": 7.1428571428571423, "tall_2+": 0.0 }, "geometry": { "type": "Point", "coordinates": [ -0.152916297178571, 51.249494832921528 ] } },
{ "type": "Feature", "properties": { "max_height": 2.2318649291992188, "mean_height": 0.32246863842010498, "std_height": 0.45929905772209167, "count_pixels": 41, "percent_cover": 0.22222222222222221, "percent_above_0.1m": 56.09756097560976, "low_level_<0.5": 31.707317073170731, "mid_level_0.5-2": 17.073170731707318, "tall_2+": 2.4390243902439024 }, "geometry": { "type": "Point", "coordinates": [ -0.152717867186027, 51.249491699935753 ] } },
{ "type": "Feature", "properties": { "max_height": 1.483123779296875, "mean_height": 0.27191850543022156, "std_height": 0.40161412954330444, "count_pixels": 41, "percent_cover": 0.22222222222222221, "percent_above_0.1m": 41.463414634146339, "low_level_<0.5": 9.7560975609756095, "mid_level_0.5-2": 21.951219512195124, "tall_2+": 0.0 }, "geometry": { "type": "Point", "coordinates": [ -0.152519437229076, 51.249488566613834 ] } },
{ "type": "Feature", "properties": { "max_height": 0.6450042724609375, "mean_height": 0.084096908569335938, "std_height": 0.11730900406837463, "count_pixels": 36, "percent_cover": 0.1951219512195122, "percent_above_0.1m": 13.888888888888889, "low_level_<0.5": 11.111111111111111, "mid_level_0.5-2": 2.7777777777777777, "tall_2+": 0.0 }, "geometry": { "type": "Point", "coordinates": [ -0.152321007307711, 51.249485432955751 ] } },
{ "type": "Feature", "properties": { "max_height": 0.9318695068359375, "mean_height": 0.15091991424560547, "std_height": 0.21244911849498749, "count_pixels": 40, "percent_cover": 0.21680216802168023, "percent_above_0.1m": 25.0, "low_level_<0.5": 17.5, "mid_level_0.5-2": 7.5, "tall_2+": 0.0 }, "geometry": { "type": "Point", "coordinates": [ -0.152122577421954, 51.249482298961496 ] } },
{ "type": "Feature", "properties": { "max_height": 2.3869781494140625, "mean_height": 0.50262951850891113, "std_height": 0.71888023614883423, "count_pixels": 41, "percent_cover": 0.22222222222222221, "percent_above_0.1m": 41.463414634146339, "low_level_<0.5": 12.195121951219512, "mid_level_0.5-2": 19.512195121951219, "tall_2+": 9.7560975609756095 }, "geometry": { "type": "Point", "coordinates": [ -0.151924147571784, 51.249479164631097 ] } },
{ "type": "Feature", "properties": { "max_height": 7.1100006103515625, "mean_height": 1.6462786197662354, "std_height": 1.5353208780288696, "count_pixels": 41, "percent_cover": 0.22222222222222221, "percent_above_0.1m": 90.243902439024396, "low_level_<0.5": 17.073170731707318, "mid_level_0.5-2": 48.780487804878049, "tall_2+": 24.390243902439025 }, "geometry": { "type": "Point", "coordinates": [ -0.154201777449225, 51.249623037792944 ] } },
{ "type": "Feature", "properties": { "max_height": 6.925628662109375, "mean_height": 1.2640683650970459, "std_height": 2.3077008724212646, "count_pixels": 41, "percent_cover": 0.22222222222222221, "percent_above_0.1m": 34.146341463414636, "low_level_<0.5": 7.3170731707317067, "mid_level_0.5-2": 4.8780487804878048, "tall_2+": 21.951219512195124 }, "geometry": { "type": "Point", "coordinates": [ -0.154003346763301, 51.249619906978687 ] } },
{ "type": "Feature", "properties": { "max_height": 6.9668731689453125, "mean_height": 1.270896315574646, "std_height": 2.2036011219024658, "count_pixels": 41, "percent_cover": 0.22222222222222221, "percent_above_0.1m": 56.09756097560976, "low_level_<0.5": 19.512195121951219, "mid_level_0.5-2": 12.195121951219512, "tall_2+": 19.512195121951219 }, "geometry": { "type": "Point", "coordinates": [ -0.153804916112939, 51.249616775828258 ] } },
{ "type": "Feature", "properties": { "max_height": 1.0537490844726562, "mean_height": 0.22546535730361938, "std_height": 0.27768293023109436, "count_pixels": 36, "percent_cover": 0.1951219512195122, "percent_above_0.1m": 44.444444444444443, "low_level_<0.5": 22.222222222222221, "mid_level_0.5-2": 19.444444444444446, "tall_2+": 0.0 }, "geometry": { "type": "Point", "coordinates": [ -0.153606485498149, 51.249613644341686 ] } },
{ "type": "Feature", "properties": { "max_height": 1.0862503051757812, "mean_height": 0.20005947351455688, "std_height": 0.28550779819488525, "count_pixels": 41, "percent_cover": 0.22222222222222221, "percent_above_0.1m": 34.146341463414636, "low_level_<0.5": 17.073170731707318, "mid_level_0.5-2": 12.195121951219512, "tall_2+": 0.0 }, "geometry": { "type": "Point", "coordinates": [ -0.153408054918929, 51.249610512518927 ] } },
{ "type": "Feature", "properties": { "max_height": 1.67437744140625, "mean_height": 0.18609564006328583, "std_height": 0.37260609865188599, "count_pixels": 41, "percent_cover": 0.22222222222222221, "percent_above_0.1m": 17.073170731707318, "low_level_<0.5": 4.8780487804878048, "mid_level_0.5-2": 9.7560975609756095, "tall_2+": 0.0 }, "geometry": { "type": "Point", "coordinates": [ -0.153209624375284, 51.249607380360004 ] } },
{ "type": "Feature", "properties": { "max_height": 9.529998779296875, "mean_height": 1.7984591722488403, "std_height": 2.7910771369934082, "count_pixels": 41, "percent_cover": 0.22222222222222221, "percent_above_0.1m": 80.487804878048792, "low_level_<0.5": 21.951219512195124, "mid_level_0.5-2": 31.707317073170731, "tall_2+": 21.951219512195124 }, "geometry": { "type": "Point", "coordinates": [ -0.153011193867223, 51.249604247864944 ] } },
{ "type": "Feature", "properties": { "max_height": 9.1299896240234375, "mean_height": 2.4697511196136475, "std_height": 3.1211812496185303, "count_pixels": 43, "percent_cover": 0.23306233062330622, "percent_above_0.1m": 86.04651162790698, "low_level_<0.5": 16.279069767441861, "mid_level_0.5-2": 27.906976744186046, "tall_2+": 32.558139534883722 }, "geometry": { "type": "Point", "coordinates": [ -0.152415902556542, 51.249594848362754 ] } },
{ "type": "Feature", "properties": { "max_height": 8.532501220703125, "mean_height": 1.4784653186798096, "std_height": 2.4836139678955078, "count_pixels": 44, "percent_cover": 0.23848238482384823, "percent_above_0.1m": 68.181818181818173, "low_level_<0.5": 20.454545454545457, "mid_level_0.5-2": 22.727272727272727, "tall_2+": 20.454545454545457 }, "geometry": { "type": "Point", "coordinates": [ -0.152217472190835, 51.249591714523035 ] } },
{ "type": "Feature", "properties": { "max_height": 2.829376220703125, "mean_height": 0.15713590383529663, "std_height": 0.4903789758682251, "count_pixels": 43, "percent_cover": 0.23306233062330622, "percent_above_0.1m": 11.627906976744185, "low_level_<0.5": 2.3255813953488373, "mid_level_0.5-2": 2.3255813953488373, "tall_2+": 2.3255813953488373 }, "geometry": { "type": "Point", "coordinates": [ -0.152019041860724, 51.249588580347144 ] } },
{ "type": "Feature", "properties": { "max_height": 1.9625015258789062, "mean_height": 0.25869005918502808, "std_height": 0.42629247903823853, "count_pixels": 43, "percent_cover": 0.23306233062330622, "percent_above_0.1m": 34.883720930232556, "low_level_<0.5": 18.604651162790699, "mid_level_0.5-2": 13.953488372093023, "tall_2+": 0.0 }, "geometry": { "type": "Point", "coordinates": [ -0.151820611566218, 51.249585445835116 ] } },
{ "type": "Feature", "properties": { "max_height": 1.22125244140625, "mean_height": 0.20334163308143616, "std_height": 0.27293592691421509, "count_pixels": 43, "percent_cover": 0.23306233062330622, "percent_above_0.1m": 44.186046511627907, "low_level_<0.5": 23.255813953488371, "mid_level_0.5-2": 13.953488372093023, "tall_2+": 0.0 }, "geometry": { "type": "Point", "coordinates": [ -0.153304521988217, 51.249716795076075 ] } },
{ "type": "Feature", "properties": { "max_height": 10.899375915527344, "mean_height": 3.6044461727142334, "std_height": 4.0389585494995117, "count_pixels": 43, "percent_cover": 0.23306233062330622, "percent_above_0.1m": 83.720930232558146, "low_level_<0.5": 18.604651162790699, "mid_level_0.5-2": 18.604651162790699, "tall_2+": 44.186046511627907 }, "geometry": { "type": "Point", "coordinates": [ -0.15310609100021, 51.24971366273553 ] } },
{ "type": "Feature", "properties": { "max_height": 8.5449981689453125, "mean_height": 1.9519795179367065, "std_height": 2.8274412155151367, "count_pixels": 41, "percent_cover": 0.22222222222222221, "percent_above_0.1m": 65.853658536585371, "low_level_<0.5": 19.512195121951219, "mid_level_0.5-2": 9.7560975609756095, "tall_2+": 31.707317073170731 }, "geometry": { "type": "Point", "coordinates": [ -0.151915505819538, 51.249694861632882 ] } },
{ "type": "Feature", "properties": { "max_height": 0.8731231689453125, "mean_height": 0.13227379322052002, "std_height": 0.20342698693275452, "count_pixels": 41, "percent_cover": 0.22222222222222221, "percent_above_0.1m": 19.512195121951219, "low_level_<0.5": 4.8780487804878048, "mid_level_0.5-2": 9.7560975609756095, "tall_2+": 0.0 }, "geometry": { "type": "Point", "coordinates": [ -0.151717075080684, 51.249691726939211 ] } }
]
}
