{
"type": "FeatureCollection",
"name": "ded94b1c9b67_foliage",
"crs": { "type": "name", "properties": { "name": "urn:ogc:def:crs:OGC:1.3:CRS84" } },
"features": [
{ "type": "Feature", "properties": { "max_height": 9.5199966430664062, "mean_height": 2.409571647644043, "std_height": 2.3160398006439209, "count_pixels": 41, "percent_cover": 0.1847262897048885, "percent_above_0.1m": 87.804878048780495, "low_level_<0.5": 9.7560975609756095, "mid_level_0.5-2": 36.585365853658537, "tall_2+": 41.463414634146339 }, "geometry": { "type": "Point", "coordinates": [ -0.159325610154257, 51.254335541481055 ] } },
{ "type": "Feature", "properties": { "max_height": 11.565620422363281, "mean_height": 3.8084735870361328, "std_height": 3.6535289287567139, "count_pixels": 41, "percent_cover": 0.1847262897048885, "percent_above_0.1m": 85.365853658536579, "low_level_<0.5": 9.7560975609756095, "mid_level_0.5-2": 14.634146341463413, "tall_2+": 58.536585365853654 }, "geometry": { "type": "Point", "coordinates": [ -0.159127159235035, 51.254332419241422 ] } },
{ "type": "Feature", "properties": { "max_height": 7.2843704223632812, "mean_height": 2.7872600555419922, "std_height": 2.1081757545471191, "count_pixels": 42, "percent_cover": 0.18923180896598332, "percent_above_0.1m": 92.857142857142861, "low_level_<0.5": 7.1428571428571423, "mid_level_0.5-2": 23.809523809523807, "tall_2+": 59.523809523809526 }, "geometry": { "type": "Point", "coordinates": [ -0.158928708350403, 51.254329296665318 ] } },
{ "type": "Feature", "properties": { "max_height": 8.0674972534179688, "mean_height": 1.752293586730957, "std_height": 2.446185827255249, "count_pixels": 43, "percent_cover": 0.19373732822707818, "percent_above_0.1m": 72.093023255813947, "low_level_<0.5": 11.627906976744185, "mid_level_0.5-2": 25.581395348837212, "tall_2+": 27.906976744186046 }, "geometry": { "type": "Point", "coordinates": [ -0.15873025750038, 51.25432617375273 ] } },
{ "type": "Feature", "properties": { "max_height": 15.5, "mean_height": 3.4223675727844238, "std_height": 4.7181873321533203, "count_pixels": 43, "percent_cover": 0.19373732822707818, "percent_above_0.1m": 69.767441860465112, "low_level_<0.5": 4.6511627906976747, "mid_level_0.5-2": 27.906976744186046, "tall_2+": 34.883720930232556 }, "geometry": { "type": "Point", "coordinates": [ -0.158531806684964, 51.254323050503679 ] } },
{ "type": "Feature", "properties": { "max_height": 15.288749694824219, "mean_height": 6.3903393745422363, "std_height": 4.9994616508483887, "count_pixels": 44, "percent_cover": 0.198242847488173, "percent_above_0.1m": 97.727272727272734, "low_level_<0.5": 2.2727272727272729, "mid_level_0.5-2": 25.0, "tall_2+": 70.454545454545453 }, "geometry": { "type": "Point", "coordinates": [ -0.158333355904146, 51.254319926918143 ] } },
{ "type": "Feature", "properties": { "max_height": 16.231254577636719, "mean_height": 9.9580068588256836, "std_height": 3.9640529155731201, "count_pixels": 43, "percent_cover": 0.19373732822707818, "percent_above_0.1m": 97.674418604651152, "low_level_<0.5": 0.0, "mid_level_0.5-2": 2.3255813953488373, "tall_2+": 95.348837209302332 }, "geometry": { "type": "Point", "coordinates": [ -0.158134905157949, 51.254316802996129 ] } },
{ "type": "Feature", "properties": { "max_height": 13.085624694824219, "mean_height": 6.932063102722168, "std_height": 3.7889142036437988, "count_pixels": 43, "percent_cover": 0.19373732822707818, "percent_above_0.1m": 95.348837209302332, "low_level_<0.5": 2.3255813953488373, "mid_level_0.5-2": 11.627906976744185, "tall_2+": 81.395348837209298 }, "geometry": { "type": "Point", "coordinates": [ -0.157936454446364, 51.254313678737645 ] } },
{ "type": "Feature", "properties": { "max_height": 11.392501831054688, "mean_height": 3.445697546005249, "std_height": 3.7231011390686035, "count_pixels": 42, "percent_cover": 0.18923180896598332, "percent_above_0.1m": 66.666666666666657, "low_level_<0.5": 2.3809523809523809, "mid_level_0.5-2": 9.5238095238095237, "tall_2+": 54.761904761904766 }, "geometry": { "type": "Point", "coordinates": [ -0.157738003769398, 51.254310554142677 ] } },
{ "type": "Feature", "properties": { "max_height": 4.1643753051757812, "mean_height": 0.38761720061302185, "std_height": 0.84674721956253052, "count_pixels": 42, "percent_cover": 0.18923180896598332, "percent_above_0.1m": 23.809523809523807, "low_level_<0.5": 2.3809523809523809, "mid_level_0.5-2": 16.666666666666664, "tall_2+": 4.7619047619047619 }, "geometry": { "type": "Point", "coordinates": [ -0.157539553127057, 51.254307429211238 ] } },
{ "type": "Feature", "properties": { "max_height": 15.454376220703125, "mean_height": 3.8366048336029053, "std_height": 5.1958556175231934, "count_pixels": 42, "percent_cover": 0.18923180896598332, "percent_above_0.1m": 69.047619047619051, "low_level_<0.5": 11.904761904761903, "mid_level_0.5-2": 11.904761904761903, "tall_2+": 40.476190476190474 }, "geometry": { "type": "Point", "coordinates": [ -0.160214336661277, 51.254457436163371 ] } },
{ "type": "Feature", "properties": { "max_height": 11.751243591308594, "mean_height": 3.2283403873443604, "std_height": 3.6080822944641113, "count_pixels": 43, "percent_cover": 0.19373732822707818, "percent_above_0.1m": 90.697674418604649, "low_level_<0.5": 9.3023255813953494, "mid_level_0.5-2": 37.209302325581397, "tall_2+": 41.860465116279073 }, "geometry": { "type": "Point", "coordinates": [ -0.160015885139295, 51.254454315428781 ] } },
{ "type": "Feature", "properties": { "max_height": 12.851875305175781, "mean_height": 3.0380654335021973, "std_height": 3.4384462833404541, "count_pixels": 43, "percent_cover": 0.19373732822707818, "percent_above_0.1m": 72.093023255813947, "low_level_<0.5": 2.3255813953488373, "mid_level_0.5-2": 6.9767441860465116, "tall_2+": 60.465116279069761 }, "geometry": { "type": "Point", "coordinates": [ -0.1598174336519, 51.254451194357756 ] } },
{ "type": "Feature", "properties": { "max_height": 15.145622253417969, "mean_height": 9.1197795867919922, "std_height": 4.8939218521118164, "count_pixels": 43, "percent_cover": 0.19373732822707818, "percent_above_0.1m": 100.0, "low_level_<0.5": 2.3255813953488373, "mid_level_0.5-2": 9.3023255813953494, "tall_2+": 88.372093023255815 }, "geometry": { "type": "Point", "coordinates": [ -0.159618982199088, 51.254448072950211 ] } },
{ "type": "Feature", "properties": { "max_height": 14.254989624023438, "mean_height": 8.5568723678588867, "std_height": 4.248384952545166, "count_pixels": 43, "percent_cover": 0.19373732822707818, "percent_above_0.1m": 93.023255813953483, "low_level_<0.5": 0.0, "mid_level_0.5-2": 2.3255813953488373, "tall_2+": 90.697674418604649 }, "geometry": { "type": "Point", "coordinates": [ -0.159420530780864, 51.254444951206217 ] } },
{ "type": "Feature", "properties": { "max_height": 6.3174972534179688, "mean_height": 0.85447514057159424, "std_height": 1.8517701625823975, "count_pixels": 43, "percent_cover": 0.19373732822707818, "percent_above_0.1m": 32.558139534883722, "low_level_<0.5": 4.6511627906976747, "mid_level_0.5-2": 16.279069767441861, "tall_2+": 11.627906976744185 }, "geometry": { "type": "Point", "coordinates": [ -0.159222079397231, 51.254441829125717 ] } },
{ "type": "Feature", "properties": { "max_height": 0.788116455078125, "mean_height": 0.067974455654621124, "std_height": 0.1692502498626709, "count_pixels": 42, "percent_cover": 0.18923180896598332, "percent_above_0.1m": 7.1428571428571423, "low_level_<0.5": 2.3809523809523809, "mid_level_0.5-2": 4.7619047619047619, "tall_2+": 0.0 }, "geometry": { "type": "Point", "coordinates": [ -0.159023628048199, 51.254438706708761 ] } },
{ "type": "Feature", "properties": { "max_height": 1.50250244140625, "mean_height": 0.13159868121147156, "std_height": 0.34729364514350891, "count_pixels": 41, "percent_cover": 0.1847262897048885, "percent_above_0.1m": 12.195121951219512, "low_level_<0.5": 2.4390243902439024, "mid_level_0.5-2": 9.7560975609756095, "tall_2+": 0.0 }, "geometry": { "type": "Point", "coordinates": [ -0.158825176733757, 51.254435583955335 ] } },
{ "type": "Feature", "properties": { "max_height": 1.37249755859375, "mean_height": 0.23830525577068329, "std_height": 0.39235091209411621, "count_pixels": 41, "percent_cover": 0.1847262897048885, "percent_above_0.1m": 29.268292682926827, "low_level_<0.5": 7.3170731707317067, "mid_level_0.5-2": 19.512195121951219, "tall_2+": 0.0 }, "geometry": { "type": "Point", "coordinates": [ -0.15862672545393, 51.254432460865409 ] } },
{ "type": "Feature", "properties": { "max_height": 16.011245727539062, "mean_height": 5.5912008285522461, "std_height": 5.1747121810913086, "count_pixels": 40, "percent_cover": 0.18022077044379364, "percent_above_0.1m": 77.5, "low_level_<0.5": 2.5, "mid_level_0.5-2": 12.5, "tall_2+": 62.5 }, "geometry": { "type": "Point", "coordinates": [ -0.158428274208704, 51.254429337438992 ] } },
{ "type": "Feature", "properties": { "max_height": 11.779998779296875, "mean_height": 1.4285054206848145, "std_height": 3.090566873550415, "count_pixels": 36, "percent_cover": 0.16219869339941428, "percent_above_0.1m": 27.777777777777779, "low_level_<0.5": 2.7777777777777777, "mid_level_0.5-2": 5.5555555555555554, "tall_2+": 19.444444444444446 }, "geometry": { "type": "Point", "coordinates": [ -0.15822982299809, 51.25442621367614 ] } },
{ "type": "Feature", "properties": { "max_height": 11.641250610351562, "mean_height": 1.8082302808761597, "std_height": 3.3983056545257568, "count_pixels": 41, "percent_cover": 0.1847262897048885, "percent_above_0.1m": 36.585365853658537, "low_level_<0.5": 4.8780487804878048, "mid_level_0.5-2": 7.3170731707317067, "tall_2+": 24.390243902439025 }, "geometry": { "type": "Point", "coordinates": [ -0.158031371822088, 51.25442308957679 ] } },
{ "type": "Feature", "properties": { "max_height": 0.97687530517578125, "mean_height": 0.062131557613611221, "std_height": 0.19412153959274292, "count_pixels": 41, "percent_cover": 0.1847262897048885, "percent_above_0.1m": 12.195121951219512, "low_level_<0.5": 4.8780487804878048, "mid_level_0.5-2": 7.3170731707317067, "tall_2+": 0.0 }, "geometry": { "type": "Point", "coordinates": [ -0.157832920680707, 51.254419965140947 ] } },
{ "type": "Feature", "properties": { "max_height": 0.9512481689453125, "mean_height": 0.1037198007106781, "std_height": 0.24644084274768829, "count_pixels": 42, "percent_cover": 0.18923180896598332, "percent_above_0.1m": 19.047619047619047, "low_level_<0.5": 7.1428571428571423, "mid_level_0.5-2": 9.5238095238095237, "tall_2+": 0.0 }, "geometry": { "type": "Point", "coordinates": [ -0.157634469573942, 51.254416840368641 ] } },
{ "type": "Feature", "properties": { "max_height": 0.82125091552734375, "mean_height": 0.0587179996073246, "std_height": 0.18721058964729309, "count_pixels": 42, "percent_cover": 0.18923180896598332, "percent_above_0.1m": 11.904761904761903, "low_level_<0.5": 4.7619047619047619, "mid_level_0.5-2": 7.1428571428571423, "tall_2+": 0.0 }, "geometry": { "type": "Point", "coordinates": [ -0.157436018501812, 51.254413715259858 ] } },
{ "type": "Feature", "properties": { "max_height": 13.533744812011719, "mean_height": 2.215695858001709, "std_height": 3.6886837482452393, "count_pixels": 43, "percent_cover": 0.19373732822707818, "percent_above_0.1m": 58.139534883720934, "low_level_<0.5": 13.953488372093023, "mid_level_0.5-2": 16.279069767441861, "tall_2+": 27.906976744186046 }, "geometry": { "type": "Point", "coordinates": [ -0.16130152002578, 51.254582443004615 ] } },
{ "type": "Feature", "properties": { "max_height": 15.192497253417969, "mean_height": 7.7437043190002441, "std_height": 4.7137994766235352, "count_pixels": 44, "percent_cover": 0.198242847488173, "percent_above_0.1m": 97.727272727272734, "low_level_<0.5": 2.2727272727272729, "mid_level_0.5-2": 13.636363636363635, "tall_2+": 81.818181818181827 }, "geometry": { "type": "Point", "coordinates": [ -0.161103067866552, 51.25457932411161 ] } },
{ "type": "Feature", "properties": { "max_height": 7.4681243896484375, "mean_height": 1.4389369487762451, "std_height": 2.0205638408660889, "count_pixels": 43, "percent_cover": 0.19373732822707818, "percent_above_0.1m": 65.116279069767444, "low_level_<0.5": 11.627906976744185, "mid_level_0.5-2": 25.581395348837212, "tall_2+": 25.581395348837212 }, "geometry": { "type": "Point", "coordinates": [ -0.160904615741892, 51.254576204882113 ] } },
{ "type": "Feature", "properties": { "max_height": 12.402503967285156, "mean_height": 5.1573824882507324, "std_height": 4.2254185676574707, "count_pixels": 43, "percent_cover": 0.19373732822707818, "percent_above_0.1m": 97.674418604651152, "low_level_<0.5": 11.627906976744185, "mid_level_0.5-2": 23.255813953488371, "tall_2+": 60.465116279069761 }, "geometry": { "type": "Point", "coordinates": [ -0.160706163651792, 51.254573085316139 ] } },
{ "type": "Feature", "properties": { "max_height": 9.4212417602539062, "mean_height": 1.3971987962722778, "std_height": 2.5303246974945068, "count_pixels": 42, "percent_cover": 0.18923180896598332, "percent_above_0.1m": 45.238095238095241, "low_level_<0.5": 7.1428571428571423, "mid_level_0.5-2": 16.666666666666664, "tall_2+": 21.428571428571427 }, "geometry": { "type": "Point", "coordinates": [ -0.160507711596258, 51.254569965413694 ] } },
{ "type": "Feature", "properties": { "max_height": 11.633125305175781, "mean_height": 1.1307862997055054, "std_height": 2.8735384941101074, "count_pixels": 42, "percent_cover": 0.18923180896598332, "percent_above_0.1m": 35.714285714285715, "low_level_<0.5": 9.5238095238095237, "mid_level_0.5-2": 11.904761904761903, "tall_2+": 11.904761904761903 }, "geometry": { "type": "Point", "coordinates": [ -0.160309259575306, 51.254566845174757 ] } },
{ "type": "Feature", "properties": { "max_height": 14.970619201660156, "mean_height": 6.5104861259460449, "std_height": 5.5062479972839355, "count_pixels": 41, "percent_cover": 0.1847262897048885, "percent_above_0.1m": 70.731707317073173, "low_level_<0.5": 2.4390243902439024, "mid_level_0.5-2": 2.4390243902439024, "tall_2+": 65.853658536585371 }, "geometry": { "type": "Point", "coordinates": [ -0.16011080758892, 51.254563724599336 ] } },
{ "type": "Feature", "properties": { "max_height": 10.316871643066406, "mean_height": 0.99118751287460327, "std_height": 2.5109069347381592, "count_pixels": 41, "percent_cover": 0.1847262897048885, "percent_above_0.1m": 19.512195121951219, "low_level_<0.5": 0.0, "mid_level_0.5-2": 4.8780487804878048, "tall_2+": 14.634146341463413 }, "geometry": { "type": "Point", "coordinates": [ -0.159912355637121, 51.25456060368743 ] } },
{ "type": "Feature", "properties": { "max_height": 12.093124389648438, "mean_height": 2.3333323001861572, "std_height": 3.7185788154602051, "count_pixels": 36, "percent_cover": 0.16219869339941428, "percent_above_0.1m": 38.888888888888893, "low_level_<0.5": 5.5555555555555554, "mid_level_0.5-2": 2.7777777777777777, "tall_2+": 30.555555555555557 }, "geometry": { "type": "Point", "coordinates": [ -0.159713903719898, 51.254557482439054 ] } },
{ "type": "Feature", "properties": { "max_height": 5.386871337890625, "mean_height": 0.40443477034568787, "std_height": 0.94868272542953491, "count_pixels": 41, "percent_cover": 0.1847262897048885, "percent_above_0.1m": 29.268292682926827, "low_level_<0.5": 7.3170731707317067, "mid_level_0.5-2": 17.073170731707318, "tall_2+": 4.8780487804878048 }, "geometry": { "type": "Point", "coordinates": [ -0.159515451837274, 51.254554360854215 ] } },
{ "type": "Feature", "properties": { "max_height": 3.9531173706054688, "mean_height": 0.14810831844806671, "std_height": 0.61437225341796875, "count_pixels": 41, "percent_cover": 0.1847262897048885, "percent_above_0.1m": 7.3170731707317067, "low_level_<0.5": 0.0, "mid_level_0.5-2": 4.8780487804878048, "tall_2+": 2.4390243902439024 }, "geometry": { "type": "Point", "coordinates": [ -0.159316999989228, 51.254551238932869 ] } },
{ "type": "Feature", "properties": { "max_height": 0.02811431884765625, "mean_height": 0.016446182504296303, "std_height": 0.0058735250495374203, "count_pixels": 41, "percent_cover": 0.1847262897048885, "percent_above_0.1m": 0.0, "low_level_<0.5": 0.0, "mid_level_0.5-2": 0.0, "tall_2+": 0.0 }, "geometry": { "type": "Point", "coordinates": [ -0.159118548175784, 51.254548116675053 ] } },
{ "type": "Feature", "properties": { "max_height": 0.032501220703125, "mean_height": 0.0173499695956707, "std_height": 0.0069083129055798054, "count_pixels": 42, "percent_cover": 0.18923180896598332, "percent_above_0.1m": 0.0, "low_level_<0.5": 0.0, "mid_level_0.5-2": 0.0, "tall_2+": 0.0 }, "geometry": { "type": "Point", "coordinates": [ -0.158920096396935, 51.254544994080753 ] } },
{ "type": "Feature", "properties": { "max_height": 0.040618896484375, "mean_height": 0.02036285400390625, "std_height": 0.0074555776081979275, "count_pixels": 43, "percent_cover": 0.19373732822707818, "percent_above_0.1m": 0.0, "low_level_<0.5": 0.0, "mid_level_0.5-2": 0.0, "tall_2+": 0.0 }, "geometry": { "type": "Point", "coordinates": [ -0.15872164465269, 51.254541871149982 ] } },
{ "type": "Feature", "properties": { "max_height": 1.6012420654296875, "mean_height": 0.14258415997028351, "std_height": 0.36257609724998474, "count_pixels": 43, "percent_cover": 0.19373732822707818, "percent_above_0.1m": 11.627906976744185, "low_level_<0.5": 2.3255813953488373, "mid_level_0.5-2": 9.3023255813953494, "tall_2+": 0.0 }, "geometry": { "type": "Point", "coordinates": [ -0.158523192943047, 51.254538747882727 ] } },
{ "type": "Feature", "properties": { "max_height": 1.660614013671875, "mean_height": 0.28745496273040771, "std_height": 0.52180260419845581, "count_pixels": 44, "percent_cover": 0.198242847488173, "percent_above_0.1m": 31.818181818181817, "low_level_<0.5": 11.363636363636363, "mid_level_0.5-2": 20.454545454545457, "tall_2+": 0.0 }, "geometry": { "type": "Point", "coordinates": [ -0.158324741268018, 51.254535624278994 ] } },
{ "type": "Feature", "properties": { "max_height": 0.01125335693359375, "mean_height": 0.00092901184689253569, "std_height": 0.004138485062867403, "count_pixels": 43, "percent_cover": 0.19373732822707818, "percent_above_0.1m": 0.0, "low_level_<0.5": 0.0, "mid_level_0.5-2": 0.0, "tall_2+": 0.0 }, "geometry": { "type": "Point", "coordinates": [ -0.158126289627598, 51.254532500338783 ] } },
{ "type": "Feature", "properties": { "max_height": 0.6925048828125, "mean_height": 0.065579965710639954, "std_height": 0.17489640414714813, "count_pixels": 43, "percent_cover": 0.19373732822707818, "percent_above_0.1m": 13.953488372093023, "low_level_<0.5": 6.9767441860465116, "mid_level_0.5-2": 6.9767441860465116, "tall_2+": 0.0 }, "geometry": { "type": "Point", "coordinates": [ -0.157927838021795, 51.254529376062088 ] } },
{ "type": "Feature", "properties": { "max_height": 1.2199935913085938, "mean_height": 0.052795227617025375, "std_height": 0.19496910274028778, "count_pixels": 42, "percent_cover": 0.18923180896598332, "percent_above_0.1m": 14.285714285714285, "low_level_<0.5": 9.5238095238095237, "mid_level_0.5-2": 2.3809523809523809, "tall_2+": 0.0 }, "geometry": { "type": "Point", "coordinates": [ -0.157729386450614, 51.254526251448915 ] } },
{ "type": "Feature", "properties": { "max_height": 1.4049911499023438, "mean_height": 0.17694763839244843, "std_height": 0.38369038701057434, "count_pixels": 42, "percent_cover": 0.18923180896598332, "percent_above_0.1m": 23.809523809523807, "low_level_<0.5": 4.7619047619047619, "mid_level_0.5-2": 16.666666666666664, "tall_2+": 0.0 }, "geometry": { "type": "Point", "coordinates": [ -0.157530934914052, 51.254523126499272 ] } },
{ "type": "Feature", "properties": { "max_height": 1.1787490844726562, "mean_height": 0.10287456959486008, "std_height": 0.3045755922794342, "count_pixels": 41, "percent_cover": 0.1847262897048885, "percent_above_0.1m": 14.634146341463413, "low_level_<0.5": 2.4390243902439024, "mid_level_0.5-2": 9.7560975609756095, "tall_2+": 0.0 }, "geometry": { "type": "Point", "coordinates": [ -0.157332483412123, 51.254520001213145 ] } },
{ "type": "Feature", "properties": { "max_height": 6.9156265258789062, "mean_height": 1.2712185382843018, "std_height": 1.9178321361541748, "count_pixels": 43, "percent_cover": 0.19373732822707818, "percent_above_0.1m": 55.813953488372093, "low_level_<0.5": 6.9767441860465116, "mid_level_0.5-2": 25.581395348837212, "tall_2+": 23.255813953488371 }, "geometry": { "type": "Point", "coordinates": [ -0.16219025653164, 51.254704322713643 ] } },
{ "type": "Feature", "properties": { "max_height": 7.407501220703125, "mean_height": 1.6190246343612671, "std_height": 1.9591716527938843, "count_pixels": 43, "percent_cover": 0.19373732822707818, "percent_above_0.1m": 72.093023255813947, "low_level_<0.5": 18.604651162790699, "mid_level_0.5-2": 23.255813953488371, "tall_2+": 30.232558139534881 }, "geometry": { "type": "Point", "coordinates": [ -0.161991803769818, 51.254701205325716 ] } },
{ "type": "Feature", "properties": { "max_height": 7.3068695068359375, "mean_height": 1.2403252124786377, "std_height": 1.8814668655395508, "count_pixels": 42, "percent_cover": 0.18923180896598332, "percent_above_0.1m": 59.523809523809526, "low_level_<0.5": 14.285714285714285, "mid_level_0.5-2": 21.428571428571427, "tall_2+": 21.428571428571427 }, "geometry": { "type": "Point", "coordinates": [ -0.161793351042529, 51.254698087601305 ] } },
{ "type": "Feature", "properties": { "max_height": 6.3793716430664062, "mean_height": 0.68917363882064819, "std_height": 1.3045972585678101, "count_pixels": 41, "percent_cover": 0.1847262897048885, "percent_above_0.1m": 48.780487804878049, "low_level_<0.5": 7.3170731707317067, "mid_level_0.5-2": 36.585365853658537, "tall_2+": 4.8780487804878048 }, "geometry": { "type": "Point", "coordinates": [ -0.161594898349805, 51.254694969540445 ] } },
{ "type": "Feature", "properties": { "max_height": 16.123748779296875, "mean_height": 4.9574666023254395, "std_height": 5.9675412178039551, "count_pixels": 41, "percent_cover": 0.1847262897048885, "percent_above_0.1m": 58.536585365853654, "low_level_<0.5": 2.4390243902439024, "mid_level_0.5-2": 7.3170731707317067, "tall_2+": 46.341463414634148 }, "geometry": { "type": "Point", "coordinates": [ -0.161396445691622, 51.254691851143072 ] } },
{ "type": "Feature", "properties": { "max_height": 14.843742370605469, "mean_height": 7.7403731346130371, "std_height": 4.7494959831237793, "count_pixels": 40, "percent_cover": 0.18022077044379364, "percent_above_0.1m": 90.0, "low_level_<0.5": 0.0, "mid_level_0.5-2": 5.0, "tall_2+": 82.5 }, "geometry": { "type": "Point", "coordinates": [ -0.161197993068, 51.254688732409214 ] } },
{ "type": "Feature", "properties": { "max_height": 11.182502746582031, "mean_height": 1.7683669328689575, "std_height": 3.1141149997711182, "count_pixels": 36, "percent_cover": 0.16219869339941428, "percent_above_0.1m": 36.111111111111107, "low_level_<0.5": 0.0, "mid_level_0.5-2": 8.3333333333333321, "tall_2+": 25.0 }, "geometry": { "type": "Point", "coordinates": [ -0.160999540478938, 51.254685613338879 ] } },
{ "type": "Feature", "properties": { "max_height": 14.008750915527344, "mean_height": 8.3217191696166992, "std_height": 4.2995333671569824, "count_pixels": 41, "percent_cover": 0.1847262897048885, "percent_above_0.1m": 97.560975609756099, "low_level_<0.5": 0.0, "mid_level_0.5-2": 9.7560975609756095, "tall_2+": 87.804878048780495 }, "geometry": { "type": "Point", "coordinates": [ -0.160801087924438, 51.254682493932073 ] } },
{ "type": "Feature", "properties": { "max_height": 10.448745727539062, "mean_height": 1.6417213678359985, "std_height": 2.7807083129882812, "count_pixels": 41, "percent_cover": 0.1847262897048885, "percent_above_0.1m": 36.585365853658537, "low_level_<0.5": 2.4390243902439024, "mid_level_0.5-2": 7.3170731707317067, "tall_2+": 26.829268292682929 }, "geometry": { "type": "Point", "coordinates": [ -0.160602635404506, 51.254679374188768 ] } },
{ "type": "Feature", "properties": { "max_height": 0.01874542236328125, "mean_height": 0.0078555513173341751, "std_height": 0.0055197891779243946, "count_pixels": 42, "percent_cover": 0.18923180896598332, "percent_above_0.1m": 0.0, "low_level_<0.5": 0.0, "mid_level_0.5-2": 0.0, "tall_2+": 0.0 }, "geometry": { "type": "Point", "coordinates": [ -0.160404182919146, 51.254676254108979 ] } },
{ "type": "Feature", "properties": { "max_height": 0.02124786376953125, "mean_height": 0.011278788559138775, "std_height": 0.0040895929560065269, "count_pixels": 42, "percent_cover": 0.18923180896598332, "percent_above_0.1m": 0.0, "low_level_<0.5": 0.0, "mid_level_0.5-2": 0.0, "tall_2+": 0.0 }, "geometry": { "type": "Point", "coordinates": [ -0.160205730468358, 51.254673133692719 ] } },
{ "type": "Feature", "properties": { "max_height": 0.0318756103515625, "mean_height": 0.013398459181189537, "std_height": 0.0068085212260484695, "count_pixels": 43, "percent_cover": 0.19373732822707818, "percent_above_0.1m": 0.0, "low_level_<0.5": 0.0, "mid_level_0.5-2": 0.0, "tall_2+": 0.0 }, "geometry": { "type": "Point", "coordinates": [ -0.160007278052146, 51.254670012939975 ] } },
{ "type": "Feature", "properties": { "max_height": 0.0281219482421875, "mean_height": 0.01570998877286911, "std_height": 0.0072236517444252968, "count_pixels": 43, "percent_cover": 0.19373732822707818, "percent_above_0.1m": 0.0, "low_level_<0.5": 0.0, "mid_level_0.5-2": 0.0, "tall_2+": 0.0 }, "geometry": { "type": "Point", "coordinates": [ -0.159808825670525, 51.254666891850761 ] } },
{ "type": "Feature", "properties": { "max_height": 1.5043792724609375, "mean_height": 0.29887762665748596, "std_height": 0.46684721112251282, "count_pixels": 43, "percent_cover": 0.19373732822707818, "percent_above_0.1m": 30.232558139534881, "low_level_<0.5": 4.6511627906976747, "mid_level_0.5-2": 25.581395348837212, "tall_2+": 0.0 }, "geometry": { "type": "Point", "coordinates": [ -0.159610373323481, 51.254663770425061 ] } },
{ "type": "Feature", "properties": { "max_height": 0.0318756103515625, "mean_height": 0.019082358106970787, "std_height": 0.0072760768234729767, "count_pixels": 43, "percent_cover": 0.19373732822707818, "percent_above_0.1m": 0.0, "low_level_<0.5": 0.0, "mid_level_0.5-2": 0.0, "tall_2+": 0.0 }, "geometry": { "type": "Point", "coordinates": [ -0.159411921011029, 51.254660648662856 ] } },
{ "type": "Feature", "properties": { "max_height": 0.02375030517578125, "mean_height": 0.015419716015458107, "std_height": 0.0042466344311833382, "count_pixels": 43, "percent_cover": 0.19373732822707818, "percent_above_0.1m": 0.0, "low_level_<0.5": 0.0, "mid_level_0.5-2": 0.0, "tall_2+": 0.0 }, "geometry": { "type": "Point", "coordinates": [ -0.159213468733169, 51.254657526564202 ] } },
{ "type": "Feature", "properties": { "max_height": 0.0318756103515625, "mean_height": 0.015936169773340225, "std_height": 0.0070635289885103703, "count_pixels": 42, "percent_cover": 0.18923180896598332, "percent_above_0.1m": 0.0, "low_level_<0.5": 0.0, "mid_level_0.5-2": 0.0, "tall_2+": 0.0 }, "geometry": { "type": "Point", "coordinates": [ -0.159015016489911, 51.254654404129035 ] } },
{ "type": "Feature", "properties": { "max_height": 0.03437042236328125, "mean_height": 0.018337342888116837, "std_height": 0.0078921308740973473, "count_pixels": 41, "percent_cover": 0.1847262897048885, "percent_above_0.1m": 0.0, "low_level_<0.5": 0.0, "mid_level_0.5-2": 0.0, "tall_2+": 0.0 }, "geometry": { "type": "Point", "coordinates": [ -0.158816564281243, 51.254651281357397 ] } },
{ "type": "Feature", "properties": { "max_height": 0.04125213623046875, "mean_height": 0.023198569193482399, "std_height": 0.0092761386185884476, "count_pixels": 41, "percent_cover": 0.1847262897048885, "percent_above_0.1m": 0.0, "low_level_<0.5": 0.0, "mid_level_0.5-2": 0.0, "tall_2+": 0.0 }, "geometry": { "type": "Point", "coordinates": [ -0.158618112107186, 51.254648158249303 ] } },
{ "type": "Feature", "properties": { "max_height": 0.1881256103515625, "mean_height": 0.015967369079589844, "std_height": 0.028421575203537941, "count_pixels": 40, "percent_cover": 0.18022077044379364, "percent_above_0.1m": 2.5, "low_level_<0.5": 2.5, "mid_level_0.5-2": 0.0, "tall_2+": 0.0 }, "geometry": { "type": "Point", "coordinates": [ -0.158419659967737, 51.25464503480471 ] } },
{ "type": "Feature", "properties": { "max_height": 1.74749755859375, "mean_height": 0.29522302746772766, "std_height": 0.52852487564086914, "count_pixels": 36, "percent_cover": 0.16219869339941428, "percent_above_0.1m": 33.333333333333329, "low_level_<0.5": 8.3333333333333321, "mid_level_0.5-2": 22.222222222222221, "tall_2+": 0.0 }, "geometry": { "type": "Point", "coordinates": [ -0.158221207862899, 51.254641911023633 ] } },
{ "type": "Feature", "properties": { "max_height": 0.3574981689453125, "mean_height": 0.014661835506558418, "std_height": 0.070405289530754089, "count_pixels": 41, "percent_cover": 0.1847262897048885, "percent_above_0.1m": 4.8780487804878048, "low_level_<0.5": 4.8780487804878048, "mid_level_0.5-2": 0.0, "tall_2+": 0.0 }, "geometry": { "type": "Point", "coordinates": [ -0.158022755792673, 51.254638786906078 ] } },
{ "type": "Feature", "properties": { "max_height": 1.0562515258789062, "mean_height": 0.071567997336387634, "std_height": 0.21230974793434143, "count_pixels": 41, "percent_cover": 0.1847262897048885, "percent_above_0.1m": 14.634146341463413, "low_level_<0.5": 7.3170731707317067, "mid_level_0.5-2": 7.3170731707317067, "tall_2+": 0.0 }, "geometry": { "type": "Point", "coordinates": [ -0.157824303757063, 51.254635662452046 ] } },
{ "type": "Feature", "properties": { "max_height": 1.3387527465820312, "mean_height": 0.10965655744075775, "std_height": 0.29240986704826355, "count_pixels": 42, "percent_cover": 0.18923180896598332, "percent_above_0.1m": 16.666666666666664, "low_level_<0.5": 4.7619047619047619, "mid_level_0.5-2": 9.5238095238095237, "tall_2+": 0.0 }, "geometry": { "type": "Point", "coordinates": [ -0.157625851756081, 51.254632537661536 ] } },
{ "type": "Feature", "properties": { "max_height": 1.30999755859375, "mean_height": 0.17478924989700317, "std_height": 0.35470569133758545, "count_pixels": 42, "percent_cover": 0.18923180896598332, "percent_above_0.1m": 28.571428571428569, "low_level_<0.5": 9.5238095238095237, "mid_level_0.5-2": 14.285714285714285, "tall_2+": 0.0 }, "geometry": { "type": "Point", "coordinates": [ -0.157427399789724, 51.254629412534527 ] } },
{ "type": "Feature", "properties": { "max_height": 1.3212509155273438, "mean_height": 0.17218939960002899, "std_height": 0.38515913486480713, "count_pixels": 43, "percent_cover": 0.19373732822707818, "percent_above_0.1m": 23.255813953488371, "low_level_<0.5": 9.3023255813953494, "mid_level_0.5-2": 13.953488372093023, "tall_2+": 0.0 }, "geometry": { "type": "Point", "coordinates": [ -0.157228947857994, 51.254626287071062 ] } },
{ "type": "Feature", "properties": { "max_height": 5.0649948120117188, "mean_height": 0.51204013824462891, "std_height": 0.89423424005508423, "count_pixels": 41, "percent_cover": 0.1847262897048885, "percent_above_0.1m": 39.024390243902438, "low_level_<0.5": 9.7560975609756095, "mid_level_0.5-2": 26.829268292682929, "tall_2+": 2.4390243902439024 }, "geometry": { "type": "Point", "coordinates": [ -0.162086731258676, 51.254810612909516 ] } },
{ "type": "Feature", "properties": { "max_height": 0.2793731689453125, "mean_height": 0.044921502470970154, "std_height": 0.037382502108812332, "count_pixels": 41, "percent_cover": 0.1847262897048885, "percent_above_0.1m": 2.4390243902439024, "low_level_<0.5": 2.4390243902439024, "mid_level_0.5-2": 0.0, "tall_2+": 0.0 }, "geometry": { "type": "Point", "coordinates": [ -0.161888278067, 51.254807495344266 ] } },
{ "type": "Feature", "properties": { "max_height": 6.0018692016601562, "mean_height": 0.40713953971862793, "std_height": 1.2409002780914307, "count_pixels": 42, "percent_cover": 0.18923180896598332, "percent_above_0.1m": 14.285714285714285, "low_level_<0.5": 2.3809523809523809, "mid_level_0.5-2": 7.1428571428571423, "tall_2+": 4.7619047619047619 }, "geometry": { "type": "Point", "coordinates": [ -0.16168982490987, 51.254804377442568 ] } },
{ "type": "Feature", "properties": { "max_height": 0.04811859130859375, "mean_height": 0.035246029496192932, "std_height": 0.0053370441310107708, "count_pixels": 43, "percent_cover": 0.19373732822707818, "percent_above_0.1m": 0.0, "low_level_<0.5": 0.0, "mid_level_0.5-2": 0.0, "tall_2+": 0.0 }, "geometry": { "type": "Point", "coordinates": [ -0.161491371787293, 51.254801259204342 ] } },
{ "type": "Feature", "properties": { "max_height": 1.516876220703125, "mean_height": 0.068399116396903992, "std_height": 0.22813180088996887, "count_pixels": 43, "percent_cover": 0.19373732822707818, "percent_above_0.1m": 4.6511627906976747, "low_level_<0.5": 2.3255813953488373, "mid_level_0.5-2": 2.3255813953488373, "tall_2+": 0.0 }, "geometry": { "type": "Point", "coordinates": [ -0.161292918699273, 51.25479814062966 ] } },
{ "type": "Feature", "properties": { "max_height": 0.0437469482421875, "mean_height": 0.02056555263698101, "std_height": 0.0097604123875498772, "count_pixels": 44, "percent_cover": 0.198242847488173, "percent_above_0.1m": 0.0, "low_level_<0.5": 0.0, "mid_level_0.5-2": 0.0, "tall_2+": 0.0 }, "geometry": { "type": "Point", "coordinates": [ -0.161094465645808, 51.254795021718472 ] } },
{ "type": "Feature", "properties": { "max_height": 9.1862564086914062, "mean_height": 1.0816272497177124, "std_height": 2.3334081172943115, "count_pixels": 43, "percent_cover": 0.19373732822707818, "percent_above_0.1m": 30.232558139534881, "low_level_<0.5": 4.6511627906976747, "mid_level_0.5-2": 9.3023255813953494, "tall_2+": 16.279069767441861 }, "geometry": { "type": "Point", "coordinates": [ -0.160896012626906, 51.254791902470828 ] } },
{ "type": "Feature", "properties": { "max_height": 11.024993896484375, "mean_height": 1.7843290567398071, "std_height": 3.286550760269165, "count_pixels": 43, "percent_cover": 0.19373732822707818, "percent_above_0.1m": 32.558139534883722, "low_level_<0.5": 0.0, "mid_level_0.5-2": 6.9767441860465116, "tall_2+": 25.581395348837212 }, "geometry": { "type": "Point", "coordinates": [ -0.160697559642569, 51.254788782886692 ] } },
{ "type": "Feature", "properties": { "max_height": 0.0149993896484375, "mean_height": 0.0029300507158041, "std_height": 0.0061246189288794994, "count_pixels": 42, "percent_cover": 0.18923180896598332, "percent_above_0.1m": 0.0, "low_level_<0.5": 0.0, "mid_level_0.5-2": 0.0, "tall_2+": 0.0 }, "geometry": { "type": "Point", "coordinates": [ -0.160499106692803, 51.254785662966057 ] } },
{ "type": "Feature", "properties": { "max_height": 0.03125, "mean_height": 0.014522370882332325, "std_height": 0.0060772178694605827, "count_pixels": 42, "percent_cover": 0.18923180896598332, "percent_above_0.1m": 0.0, "low_level_<0.5": 0.0, "mid_level_0.5-2": 0.0, "tall_2+": 0.0 }, "geometry": { "type": "Point", "coordinates": [ -0.160300653777608, 51.254782542708952 ] } },
{ "type": "Feature", "properties": { "max_height": 0.0268707275390625, "mean_height": 0.016309225931763649, "std_height": 0.0055913515388965607, "count_pixels": 41, "percent_cover": 0.1847262897048885, "percent_above_0.1m": 0.0, "low_level_<0.5": 0.0, "mid_level_0.5-2": 0.0, "tall_2+": 0.0 }, "geometry": { "type": "Point", "coordinates": [ -0.16010220089699, 51.254779422115362 ] } },
{ "type": "Feature", "properties": { "max_height": 5.2399978637695312, "mean_height": 0.69170528650283813, "std_height": 1.4464050531387329, "count_pixels": 41, "percent_cover": 0.1847262897048885, "percent_above_0.1m": 29.268292682926827, "low_level_<0.5": 0.0, "mid_level_0.5-2": 7.3170731707317067, "tall_2+": 14.634146341463413 }, "geometry": { "type": "Point", "coordinates": [ -0.159903748050955, 51.254776301185295 ] } },
{ "type": "Feature", "properties": { "max_height": 1.0881271362304688, "mean_height": 0.124755859375, "std_height": 0.25047951936721802, "count_pixels": 36, "percent_cover": 0.16219869339941428, "percent_above_0.1m": 22.222222222222221, "low_level_<0.5": 5.5555555555555554, "mid_level_0.5-2": 8.3333333333333321, "tall_2+": 0.0 }, "geometry": { "type": "Point", "coordinates": [ -0.1597052952395, 51.254773179918736 ] } },
{ "type": "Feature", "properties": { "max_height": 0.04000091552734375, "mean_height": 0.020074425265192986, "std_height": 0.0075327334925532341, "count_pixels": 41, "percent_cover": 0.1847262897048885, "percent_above_0.1m": 0.0, "low_level_<0.5": 0.0, "mid_level_0.5-2": 0.0, "tall_2+": 0.0 }, "geometry": { "type": "Point", "coordinates": [ -0.159506842462636, 51.2547700583157 ] } },
{ "type": "Feature", "properties": { "max_height": 0.02500152587890625, "mean_height": 0.013927366584539413, "std_height": 0.0046978923492133617, "count_pixels": 41, "percent_cover": 0.1847262897048885, "percent_above_0.1m": 0.0, "low_level_<0.5": 0.0, "mid_level_0.5-2": 0.0, "tall_2+": 0.0 }, "geometry": { "type": "Point", "coordinates": [ -0.159308389720359, 51.254766936376171 ] } },
{ "type": "Feature", "properties": { "max_height": 0.021240234375, "mean_height": 0.0139617919921875, "std_height": 0.0044273147359490395, "count_pixels": 41, "percent_cover": 0.1847262897048885, "percent_above_0.1m": 0.0, "low_level_<0.5": 0.0, "mid_level_0.5-2": 0.0, "tall_2+": 0.0 }, "geometry": { "type": "Point", "coordinates": [ -0.159109937012679, 51.254763814100173 ] } },
{ "type": "Feature", "properties": { "max_height": 0.02249908447265625, "mean_height": 0.0131381805986166, "std_height": 0.0047570602037012577, "count_pixels": 42, "percent_cover": 0.18923180896598332, "percent_above_0.1m": 0.0, "low_level_<0.5": 0.0, "mid_level_0.5-2": 0.0, "tall_2+": 0.0 }, "geometry": { "type": "Point", "coordinates": [ -0.158911484339604, 51.254760691487682 ] } },
{ "type": "Feature", "properties": { "max_height": 0.04125213623046875, "mean_height": 0.019926203414797783, "std_height": 0.0086347004398703575, "count_pixels": 43, "percent_cover": 0.19373732822707818, "percent_above_0.1m": 0.0, "low_level_<0.5": 0.0, "mid_level_0.5-2": 0.0, "tall_2+": 0.0 }, "geometry": { "type": "Point", "coordinates": [ -0.158713031701122, 51.254757568538722 ] } },
{ "type": "Feature", "properties": { "max_height": 0.0318756103515625, "mean_height": 0.01023101806640625, "std_height": 0.0081781679764389992, "count_pixels": 43, "percent_cover": 0.19373732822707818, "percent_above_0.1m": 0.0, "low_level_<0.5": 0.0, "mid_level_0.5-2": 0.0, "tall_2+": 0.0 }, "geometry": { "type": "Point", "coordinates": [ -0.158514579097251, 51.254754445253276 ] } },
{ "type": "Feature", "properties": { "max_height": 1.7762527465820312, "mean_height": 0.13310866057872772, "std_height": 0.37361019849777222, "count_pixels": 44, "percent_cover": 0.198242847488173, "percent_above_0.1m": 11.363636363636363, "low_level_<0.5": 0.0, "mid_level_0.5-2": 11.363636363636363, "tall_2+": 0.0 }, "geometry": { "type": "Point", "coordinates": [ -0.158316126527987, 51.254751321631332 ] } },
{ "type": "Feature", "properties": { "max_height": 13.938751220703125, "mean_height": 1.6028901338577271, "std_height": 3.2115812301635742, "count_pixels": 43, "percent_cover": 0.19373732822707818, "percent_above_0.1m": 39.534883720930232, "low_level_<0.5": 0.0, "mid_level_0.5-2": 20.930232558139537, "tall_2+": 18.604651162790699 }, "geometry": { "type": "Point", "coordinates": [ -0.158117673993339, 51.254748197672932 ] } },
{ "type": "Feature", "properties": { "max_height": 13.525619506835938, "mean_height": 1.250347375869751, "std_height": 2.9252080917358398, "count_pixels": 43, "percent_cover": 0.19373732822707818, "percent_above_0.1m": 27.906976744186046, "low_level_<0.5": 0.0, "mid_level_0.5-2": 11.627906976744185, "tall_2+": 16.279069767441861 }, "geometry": { "type": "Point", "coordinates": [ -0.157919221493307, 51.254745073378039 ] } },
{ "type": "Feature", "properties": { "max_height": 9.8075027465820312, "mean_height": 0.98760277032852173, "std_height": 2.1530239582061768, "count_pixels": 42, "percent_cover": 0.18923180896598332, "percent_above_0.1m": 35.714285714285715, "low_level_<0.5": 9.5238095238095237, "mid_level_0.5-2": 7.1428571428571423, "tall_2+": 16.666666666666664 }, "geometry": { "type": "Point", "coordinates": [ -0.157720769027894, 51.254741948746656 ] } },
{ "type": "Feature", "properties": { "max_height": 4.3618698120117188, "mean_height": 0.4590294361114502, "std_height": 0.9018520712852478, "count_pixels": 42, "percent_cover": 0.18923180896598332, "percent_above_0.1m": 47.619047619047613, "low_level_<0.5": 19.047619047619047, "mid_level_0.5-2": 16.666666666666664, "tall_2+": 4.7619047619047619 }, "geometry": { "type": "Point", "coordinates": [ -0.157522316597106, 51.254738823778801 ] } },
{ "type": "Feature", "properties": { "max_height": 2.1425018310546875, "mean_height": 0.22342811524868011, "std_height": 0.46512851119041443, "count_pixels": 41, "percent_cover": 0.1847262897048885, "percent_above_0.1m": 34.146341463414636, "low_level_<0.5": 14.634146341463413, "mid_level_0.5-2": 12.195121951219512, "tall_2+": 2.4390243902439024 }, "geometry": { "type": "Point", "coordinates": [ -0.15732386420095, 51.254735698474455 ] } },
{ "type": "Feature", "properties": { "max_height": 13.516250610351562, "mean_height": 3.4367263317108154, "std_height": 4.6375823020935059, "count_pixels": 43, "percent_cover": 0.19373732822707818, "percent_above_0.1m": 65.116279069767444, "low_level_<0.5": 9.3023255813953494, "mid_level_0.5-2": 16.279069767441861, "tall_2+": 37.209302325581397 }, "geometry": { "type": "Point", "coordinates": [ -0.161983205521298, 51.254916903010063 ] } },
{ "type": "Feature", "properties": { "max_height": 1.399993896484375, "mean_height": 0.21844954788684845, "std_height": 0.37437906861305237, "count_pixels": 42, "percent_cover": 0.18923180896598332, "percent_above_0.1m": 28.571428571428569, "low_level_<0.5": 11.904761904761903, "mid_level_0.5-2": 11.904761904761903, "tall_2+": 0.0 }, "geometry": { "type": "Point", "coordinates": [ -0.161784751899773, 51.254913785267497 ] } },
{ "type": "Feature", "properties": { "max_height": 0.04500579833984375, "mean_height": 0.034190293401479721, "std_height": 0.0054328106343746185, "count_pixels": 41, "percent_cover": 0.1847262897048885, "percent_above_0.1m": 0.0, "low_level_<0.5": 0.0, "mid_level_0.5-2": 0.0, "tall_2+": 0.0 }, "geometry": { "type": "Point", "coordinates": [ -0.161586298312795, 51.254910667188447 ] } },
{ "type": "Feature", "properties": { "max_height": 0.0368804931640625, "mean_height": 0.023244904354214668, "std_height": 0.006853730883449316, "count_pixels": 41, "percent_cover": 0.1847262897048885, "percent_above_0.1m": 0.0, "low_level_<0.5": 0.0, "mid_level_0.5-2": 0.0, "tall_2+": 0.0 }, "geometry": { "type": "Point", "coordinates": [ -0.161387844760374, 51.254907548772934 ] } },
{ "type": "Feature", "properties": { "max_height": 0.02687835693359375, "mean_height": 0.01442031841725111, "std_height": 0.0070259612984955311, "count_pixels": 40, "percent_cover": 0.18022077044379364, "percent_above_0.1m": 0.0, "low_level_<0.5": 0.0, "mid_level_0.5-2": 0.0, "tall_2+": 0.0 }, "geometry": { "type": "Point", "coordinates": [ -0.161189391242501, 51.254904430020922 ] } },
{ "type": "Feature", "properties": { "max_height": 0.02375030517578125, "mean_height": 0.0097217559814453125, "std_height": 0.0056061078794300556, "count_pixels": 36, "percent_cover": 0.16219869339941428, "percent_above_0.1m": 0.0, "low_level_<0.5": 0.0, "mid_level_0.5-2": 0.0, "tall_2+": 0.0 }, "geometry": { "type": "Point", "coordinates": [ -0.160990937759199, 51.254901310932425 ] } },
{ "type": "Feature", "properties": { "max_height": 0.01937103271484375, "mean_height": 0.0060192202217876911, "std_height": 0.0055448319762945175, "count_pixels": 41, "percent_cover": 0.1847262897048885, "percent_above_0.1m": 0.0, "low_level_<0.5": 0.0, "mid_level_0.5-2": 0.0, "tall_2+": 0.0 }, "geometry": { "type": "Point", "coordinates": [ -0.160792484310453, 51.254898191507436 ] } },
{ "type": "Feature", "properties": { "max_height": 0.01749420166015625, "mean_height": 0.0011419900692999363, "std_height": 0.0092063136398792267, "count_pixels": 41, "percent_cover": 0.1847262897048885, "percent_above_0.1m": 0.0, "low_level_<0.5": 0.0, "mid_level_0.5-2": 0.0, "tall_2+": 0.0 }, "geometry": { "type": "Point", "coordinates": [ -0.16059403089628, 51.254895071745977 ] } },
{ "type": "Feature", "properties": { "max_height": 0.02249908447265625, "mean_height": 0.0079445615410804749, "std_height": 0.0084390658885240555, "count_pixels": 42, "percent_cover": 0.18923180896598332, "percent_above_0.1m": 0.0, "low_level_<0.5": 0.0, "mid_level_0.5-2": 0.0, "tall_2+": 0.0 }, "geometry": { "type": "Point", "coordinates": [ -0.160395577516675, 51.254891951648034 ] } },
{ "type": "Feature", "properties": { "max_height": 0.02374267578125, "mean_height": 0.013509295880794525, "std_height": 0.00509278429672122, "count_pixels": 42, "percent_cover": 0.18923180896598332, "percent_above_0.1m": 0.0, "low_level_<0.5": 0.0, "mid_level_0.5-2": 0.0, "tall_2+": 0.0 }, "geometry": { "type": "Point", "coordinates": [ -0.160197124171649, 51.254888831213592 ] } },
{ "type": "Feature", "properties": { "max_height": 0.31749725341796875, "mean_height": 0.0214080810546875, "std_height": 0.04613148421049118, "count_pixels": 43, "percent_cover": 0.19373732822707818, "percent_above_0.1m": 2.3255813953488373, "low_level_<0.5": 2.3255813953488373, "mid_level_0.5-2": 0.0, "tall_2+": 0.0 }, "geometry": { "type": "Point", "coordinates": [ -0.159998670861196, 51.254885710442657 ] } },
{ "type": "Feature", "properties": { "max_height": 2.6456222534179688, "mean_height": 0.63970732688903809, "std_height": 0.88707250356674194, "count_pixels": 43, "percent_cover": 0.19373732822707818, "percent_above_0.1m": 69.767441860465112, "low_level_<0.5": 30.232558139534881, "mid_level_0.5-2": 16.279069767441861, "tall_2+": 13.953488372093023 }, "geometry": { "type": "Point", "coordinates": [ -0.159800217585333, 51.254882589335253 ] } },
{ "type": "Feature", "properties": { "max_height": 0.06687164306640625, "mean_height": 0.02140151709318161, "std_height": 0.015911141410470009, "count_pixels": 43, "percent_cover": 0.19373732822707818, "percent_above_0.1m": 0.0, "low_level_<0.5": 0.0, "mid_level_0.5-2": 0.0, "tall_2+": 0.0 }, "geometry": { "type": "Point", "coordinates": [ -0.159601764344047, 51.254879467891378 ] } },
{ "type": "Feature", "properties": { "max_height": 0.94562530517578125, "mean_height": 0.065739654004573822, "std_height": 0.20041686296463013, "count_pixels": 43, "percent_cover": 0.19373732822707818, "percent_above_0.1m": 6.9767441860465116, "low_level_<0.5": 0.0, "mid_level_0.5-2": 6.9767441860465116, "tall_2+": 0.0 }, "geometry": { "type": "Point", "coordinates": [ -0.159403311137359, 51.254876346110997 ] } },
{ "type": "Feature", "properties": { "max_height": 0.03125, "mean_height": 0.014893997460603714, "std_height": 0.0053661447018384933, "count_pixels": 43, "percent_cover": 0.19373732822707818, "percent_above_0.1m": 0.0, "low_level_<0.5": 0.0, "mid_level_0.5-2": 0.0, "tall_2+": 0.0 }, "geometry": { "type": "Point", "coordinates": [ -0.159204857965262, 51.254873223994146 ] } },
{ "type": "Feature", "properties": { "max_height": 0.02187347412109375, "mean_height": 0.01075653824955225, "std_height": 0.0050465427339076996, "count_pixels": 42, "percent_cover": 0.18923180896598332, "percent_above_0.1m": 0.0, "low_level_<0.5": 0.0, "mid_level_0.5-2": 0.0, "tall_2+": 0.0 }, "geometry": { "type": "Point", "coordinates": [ -0.159006404827759, 51.254870101540824 ] } },
{ "type": "Feature", "properties": { "max_height": 0.03687286376953125, "mean_height": 0.012725643813610077, "std_height": 0.0057740872725844383, "count_pixels": 41, "percent_cover": 0.1847262897048885, "percent_above_0.1m": 0.0, "low_level_<0.5": 0.0, "mid_level_0.5-2": 0.0, "tall_2+": 0.0 }, "geometry": { "type": "Point", "coordinates": [ -0.158807951724856, 51.254866978750989 ] } },
{ "type": "Feature", "properties": { "max_height": 0.03311920166015625, "mean_height": 0.011081229895353317, "std_height": 0.008305761031806469, "count_pixels": 41, "percent_cover": 0.1847262897048885, "percent_above_0.1m": 0.0, "low_level_<0.5": 0.0, "mid_level_0.5-2": 0.0, "tall_2+": 0.0 }, "geometry": { "type": "Point", "coordinates": [ -0.158609498656563, 51.254863855624684 ] } },
{ "type": "Feature", "properties": { "max_height": 0.01749420166015625, "mean_height": 0.0035762786865234375, "std_height": 0.0060522132553160191, "count_pixels": 40, "percent_cover": 0.18022077044379364, "percent_above_0.1m": 0.0, "low_level_<0.5": 0.0, "mid_level_0.5-2": 0.0, "tall_2+": 0.0 }, "geometry": { "type": "Point", "coordinates": [ -0.158411045622879, 51.254860732161887 ] } },
{ "type": "Feature", "properties": { "max_height": 11.354377746582031, "mean_height": 2.2453625202178955, "std_height": 3.0588448047637939, "count_pixels": 36, "percent_cover": 0.16219869339941428, "percent_above_0.1m": 58.333333333333336, "low_level_<0.5": 8.3333333333333321, "mid_level_0.5-2": 8.3333333333333321, "tall_2+": 38.888888888888893 }, "geometry": { "type": "Point", "coordinates": [ -0.158212592623797, 51.254857608362627 ] } },
{ "type": "Feature", "properties": { "max_height": 13.921875, "mean_height": 5.1500911712646484, "std_height": 5.7255711555480957, "count_pixels": 41, "percent_cover": 0.1847262897048885, "percent_above_0.1m": 53.658536585365859, "low_level_<0.5": 0.0, "mid_level_0.5-2": 0.0, "tall_2+": 53.658536585365859 }, "geometry": { "type": "Point", "coordinates": [ -0.158014139659338, 51.254854484226875 ] } },
{ "type": "Feature", "properties": { "max_height": 13.04498291015625, "mean_height": 2.5782876014709473, "std_height": 3.8603801727294922, "count_pixels": 41, "percent_cover": 0.1847262897048885, "percent_above_0.1m": 48.780487804878049, "low_level_<0.5": 0.0, "mid_level_0.5-2": 14.634146341463413, "tall_2+": 34.146341463414636 }, "geometry": { "type": "Point", "coordinates": [ -0.157815686729498, 51.254851359754625 ] } },
{ "type": "Feature", "properties": { "max_height": 11.303123474121094, "mean_height": 2.8974528312683105, "std_height": 3.8375911712646484, "count_pixels": 42, "percent_cover": 0.18923180896598332, "percent_above_0.1m": 61.904761904761905, "low_level_<0.5": 7.1428571428571423, "mid_level_0.5-2": 16.666666666666664, "tall_2+": 38.095238095238095 }, "geometry": { "type": "Point", "coordinates": [ -0.15761723383428, 51.254848234945918 ] } },
{ "type": "Feature", "properties": { "max_height": 5.4093704223632812, "mean_height": 1.486425518989563, "std_height": 1.7078908681869507, "count_pixels": 42, "percent_cover": 0.18923180896598332, "percent_above_0.1m": 61.904761904761905, "low_level_<0.5": 14.285714285714285, "mid_level_0.5-2": 19.047619047619047, "tall_2+": 28.571428571428569 }, "geometry": { "type": "Point", "coordinates": [ -0.157418780973687, 51.254845109800705 ] } },
{ "type": "Feature", "properties": { "max_height": 3.496246337890625, "mean_height": 0.25948953628540039, "std_height": 0.6593133807182312, "count_pixels": 43, "percent_cover": 0.19373732822707818, "percent_above_0.1m": 20.930232558139537, "low_level_<0.5": 0.0, "mid_level_0.5-2": 16.279069767441861, "tall_2+": 2.3255813953488373 }, "geometry": { "type": "Point", "coordinates": [ -0.157220328147725, 51.254841984319029 ] } },
{ "type": "Feature", "properties": { "max_height": 1.57061767578125, "mean_height": 0.24054773151874542, "std_height": 0.39535543322563171, "count_pixels": 42, "percent_cover": 0.18923180896598332, "percent_above_0.1m": 33.333333333333329, "low_level_<0.5": 11.904761904761903, "mid_level_0.5-2": 16.666666666666664, "tall_2+": 0.0 }, "geometry": { "type": "Point", "coordinates": [ -0.161681225268132, 51.255020075095409 ] } },
{ "type": "Feature", "properties": { "max_height": 1.5593719482421875, "mean_height": 0.22365978360176086, "std_height": 0.41124296188354492, "count_pixels": 43, "percent_cover": 0.19373732822707818, "percent_above_0.1m": 23.255813953488371, "low_level_<0.5": 4.6511627906976747, "mid_level_0.5-2": 16.279069767441861, "tall_2+": 0.0 }, "geometry": { "type": "Point", "coordinates": [ -0.161482771251304, 51.255016956839036 ] } },
{ "type": "Feature", "properties": { "max_height": 0.029998779296875, "mean_height": 0.013108719140291214, "std_height": 0.0079491361975669861, "count_pixels": 43, "percent_cover": 0.19373732822707818, "percent_above_0.1m": 0.0, "low_level_<0.5": 0.0, "mid_level_0.5-2": 0.0, "tall_2+": 0.0 }, "geometry": { "type": "Point", "coordinates": [ -0.161284317269032, 51.255013838246185 ] } },
{ "type": "Feature", "properties": { "max_height": 0.02750396728515625, "mean_height": 0.011632225476205349, "std_height": 0.0067737838253378868, "count_pixels": 44, "percent_cover": 0.198242847488173, "percent_above_0.1m": 0.0, "low_level_<0.5": 0.0, "mid_level_0.5-2": 0.0, "tall_2+": 0.0 }, "geometry": { "type": "Point", "coordinates": [ -0.161085863321316, 51.25501071931685 ] } },
{ "type": "Feature", "properties": { "max_height": 0.02249908447265625, "mean_height": 0.01113128662109375, "std_height": 0.0066710147075355053, "count_pixels": 43, "percent_cover": 0.19373732822707818, "percent_above_0.1m": 0.0, "low_level_<0.5": 0.0, "mid_level_0.5-2": 0.0, "tall_2+": 0.0 }, "geometry": { "type": "Point", "coordinates": [ -0.160887409408167, 51.25500760005103 ] } },
{ "type": "Feature", "properties": { "max_height": 0.0262451171875, "mean_height": -0.014624484814703465, "std_height": 0.021424531936645508, "count_pixels": 43, "percent_cover": 0.19373732822707818, "percent_above_0.1m": 0.0, "low_level_<0.5": 0.0, "mid_level_0.5-2": 0.0, "tall_2+": 0.0 }, "geometry": { "type": "Point", "coordinates": [ -0.160688955529579, 51.255004480448711 ] } },
{ "type": "Feature", "properties": { "max_height": 0.02562713623046875, "mean_height": 0.0077659972012042999, "std_height": 0.011299828998744488, "count_pixels": 42, "percent_cover": 0.18923180896598332, "percent_above_0.1m": 0.0, "low_level_<0.5": 0.0, "mid_level_0.5-2": 0.0, "tall_2+": 0.0 }, "geometry": { "type": "Point", "coordinates": [ -0.160490501685567, 51.255001360509937 ] } },
{ "type": "Feature", "properties": { "max_height": 0.03624725341796875, "mean_height": 0.011769612319767475, "std_height": 0.0070826075971126556, "count_pixels": 42, "percent_cover": 0.18923180896598332, "percent_above_0.1m": 0.0, "low_level_<0.5": 0.0, "mid_level_0.5-2": 0.0, "tall_2+": 0.0 }, "geometry": { "type": "Point", "coordinates": [ -0.160292047876123, 51.254998240234649 ] } },
{ "type": "Feature", "properties": { "max_height": 2.171875, "mean_height": 0.12109635770320892, "std_height": 0.40210244059562683, "count_pixels": 41, "percent_cover": 0.1847262897048885, "percent_above_0.1m": 9.7560975609756095, "low_level_<0.5": 4.8780487804878048, "mid_level_0.5-2": 2.4390243902439024, "tall_2+": 2.4390243902439024 }, "geometry": { "type": "Point", "coordinates": [ -0.16009359410126, 51.25499511962289 ] } },
{ "type": "Feature", "properties": { "max_height": 2.578125, "mean_height": 0.43536341190338135, "std_height": 0.75229650735855103, "count_pixels": 41, "percent_cover": 0.1847262897048885, "percent_above_0.1m": 41.463414634146339, "low_level_<0.5": 12.195121951219512, "mid_level_0.5-2": 17.073170731707318, "tall_2+": 7.3170731707317067 }, "geometry": { "type": "Point", "coordinates": [ -0.159895140360976, 51.254991998674633 ] } },
{ "type": "Feature", "properties": { "max_height": 0.44062042236328125, "mean_height": 0.050379011780023575, "std_height": 0.085130505263805389, "count_pixels": 36, "percent_cover": 0.16219869339941428, "percent_above_0.1m": 13.888888888888889, "low_level_<0.5": 11.111111111111111, "mid_level_0.5-2": 0.0, "tall_2+": 0.0 }, "geometry": { "type": "Point", "coordinates": [ -0.159696686655275, 51.254988877389906 ] } },
{ "type": "Feature", "properties": { "max_height": 0.0656280517578125, "mean_height": 0.014602288603782654, "std_height": 0.022085180506110191, "count_pixels": 41, "percent_cover": 0.1847262897048885, "percent_above_0.1m": 0.0, "low_level_<0.5": 0.0, "mid_level_0.5-2": 0.0, "tall_2+": 0.0 }, "geometry": { "type": "Point", "coordinates": [ -0.159498232984166, 51.254985755768693 ] } },
{ "type": "Feature", "properties": { "max_height": 0.02375030517578125, "mean_height": 0.011659017764031887, "std_height": 0.0055548823438584805, "count_pixels": 41, "percent_cover": 0.1847262897048885, "percent_above_0.1m": 0.0, "low_level_<0.5": 0.0, "mid_level_0.5-2": 0.0, "tall_2+": 0.0 }, "geometry": { "type": "Point", "coordinates": [ -0.159299779347647, 51.254982633810982 ] } },
{ "type": "Feature", "properties": { "max_height": 0.0206298828125, "mean_height": 0.010577131994068623, "std_height": 0.0046348120085895061, "count_pixels": 41, "percent_cover": 0.1847262897048885, "percent_above_0.1m": 0.0, "low_level_<0.5": 0.0, "mid_level_0.5-2": 0.0, "tall_2+": 0.0 }, "geometry": { "type": "Point", "coordinates": [ -0.159101325745725, 51.254979511516787 ] } },
{ "type": "Feature", "properties": { "max_height": 0.02312469482421875, "mean_height": 0.01039995439350605, "std_height": 0.0049272822216153145, "count_pixels": 42, "percent_cover": 0.18923180896598332, "percent_above_0.1m": 0.0, "low_level_<0.5": 0.0, "mid_level_0.5-2": 0.0, "tall_2+": 0.0 }, "geometry": { "type": "Point", "coordinates": [ -0.158902872178399, 51.254976388886114 ] } },
{ "type": "Feature", "properties": { "max_height": 0.01999664306640625, "mean_height": 0.0056230411864817142, "std_height": 0.0058690328150987625, "count_pixels": 43, "percent_cover": 0.19373732822707818, "percent_above_0.1m": 0.0, "low_level_<0.5": 0.0, "mid_level_0.5-2": 0.0, "tall_2+": 0.0 }, "geometry": { "type": "Point", "coordinates": [ -0.158704418645677, 51.254973265918963 ] } },
{ "type": "Feature", "properties": { "max_height": 0.0149993896484375, "mean_height": 0.00076790741877630353, "std_height": 0.0050863032229244709, "count_pixels": 43, "percent_cover": 0.19373732822707818, "percent_above_0.1m": 0.0, "low_level_<0.5": 0.0, "mid_level_0.5-2": 0.0, "tall_2+": 0.0 }, "geometry": { "type": "Point", "coordinates": [ -0.158505965147565, 51.254970142615313 ] } },
{ "type": "Feature", "properties": { "max_height": 4.8220138549804688, "mean_height": 0.29133555293083191, "std_height": 0.95544034242630005, "count_pixels": 44, "percent_cover": 0.198242847488173, "percent_above_0.1m": 15.909090909090908, "low_level_<0.5": 0.0, "mid_level_0.5-2": 9.0909090909090917, "tall_2+": 4.5454545454545459 }, "geometry": { "type": "Point", "coordinates": [ -0.158307511684059, 51.254967018975179 ] } },
{ "type": "Feature", "properties": { "max_height": 5.7163925170898438, "mean_height": 1.4861689805984497, "std_height": 1.9290755987167358, "count_pixels": 43, "percent_cover": 0.19373732822707818, "percent_above_0.1m": 51.162790697674424, "low_level_<0.5": 2.3255813953488373, "mid_level_0.5-2": 11.627906976744185, "tall_2+": 34.883720930232556 }, "geometry": { "type": "Point", "coordinates": [ -0.158109058255166, 51.254963894998568 ] } },
{ "type": "Feature", "properties": { "max_height": 0.47249603271484375, "mean_height": 0.024518035352230072, "std_height": 0.090399466454982758, "count_pixels": 43, "percent_cover": 0.19373732822707818, "percent_above_0.1m": 13.953488372093023, "low_level_<0.5": 9.3023255813953494, "mid_level_0.5-2": 0.0, "tall_2+": 0.0 }, "geometry": { "type": "Point", "coordinates": [ -0.157910604860894, 51.254960770685472 ] } },
{ "type": "Feature", "properties": { "max_height": 0.70687103271484375, "mean_height": 0.06132180243730545, "std_height": 0.19195957481861115, "count_pixels": 42, "percent_cover": 0.18923180896598332, "percent_above_0.1m": 11.904761904761903, "low_level_<0.5": 4.7619047619047619, "mid_level_0.5-2": 7.1428571428571423, "tall_2+": 0.0 }, "geometry": { "type": "Point", "coordinates": [ -0.157712151501245, 51.254957646035891 ] } },
{ "type": "Feature", "properties": { "max_height": 19.029373168945312, "mean_height": 4.9457125663757324, "std_height": 3.681328296661377, "count_pixels": 42, "percent_cover": 0.18923180896598332, "percent_above_0.1m": 85.714285714285708, "low_level_<0.5": 0.0, "mid_level_0.5-2": 9.5238095238095237, "tall_2+": 76.19047619047619 }, "geometry": { "type": "Point", "coordinates": [ -0.157513698176214, 51.254954521049818 ] } },
{ "type": "Feature", "properties": { "max_height": 6.18499755859375, "mean_height": 2.0780575275421143, "std_height": 2.0585799217224121, "count_pixels": 41, "percent_cover": 0.1847262897048885, "percent_above_0.1m": 73.170731707317074, "low_level_<0.5": 4.8780487804878048, "mid_level_0.5-2": 19.512195121951219, "tall_2+": 43.902439024390247 }, "geometry": { "type": "Point", "coordinates": [ -0.157315244885819, 51.254951395727268 ] } },
{ "type": "Feature", "properties": { "max_height": 1.2431259155273438, "mean_height": 0.27079141139984131, "std_height": 0.40059447288513184, "count_pixels": 41, "percent_cover": 0.1847262897048885, "percent_above_0.1m": 36.585365853658537, "low_level_<0.5": 14.634146341463413, "mid_level_0.5-2": 19.512195121951219, "tall_2+": 0.0 }, "geometry": { "type": "Point", "coordinates": [ -0.161379243725392, 51.255123246394284 ] } },
{ "type": "Feature", "properties": { "max_height": 0.03375244140625, "mean_height": 0.013653946109116077, "std_height": 0.0089441938325762749, "count_pixels": 40, "percent_cover": 0.18022077044379364, "percent_above_0.1m": 0.0, "low_level_<0.5": 0.0, "mid_level_0.5-2": 0.0, "tall_2+": 0.0 }, "geometry": { "type": "Point", "coordinates": [ -0.161180789313268, 51.255120127624124 ] } },
{ "type": "Feature", "properties": { "max_height": 0.0281219482421875, "mean_height": 0.014823701232671738, "std_height": 0.005470979493111372, "count_pixels": 36, "percent_cover": 0.16219869339941428, "percent_above_0.1m": 0.0, "low_level_<0.5": 0.0, "mid_level_0.5-2": 0.0, "tall_2+": 0.0 }, "geometry": { "type": "Point", "coordinates": [ -0.160982334935708, 51.255117008517473 ] } },
{ "type": "Feature", "properties": { "max_height": 0.032501220703125, "mean_height": -0.010916733182966709, "std_height": 0.026288459077477455, "count_pixels": 41, "percent_cover": 0.1847262897048885, "percent_above_0.1m": 0.0, "low_level_<0.5": 0.0, "mid_level_0.5-2": 0.0, "tall_2+": 0.0 }, "geometry": { "type": "Point", "coordinates": [ -0.160783880592711, 51.255113889074323 ] } },
{ "type": "Feature", "properties": { "max_height": 0.02312469482421875, "mean_height": 0.01002855971455574, "std_height": 0.0093128187581896782, "count_pixels": 41, "percent_cover": 0.1847262897048885, "percent_above_0.1m": 0.0, "low_level_<0.5": 0.0, "mid_level_0.5-2": 0.0, "tall_2+": 0.0 }, "geometry": { "type": "Point", "coordinates": [ -0.160585426284281, 51.255110769294674 ] } },
{ "type": "Feature", "properties": { "max_height": 0.02625274658203125, "mean_height": 0.0156682338565588, "std_height": 0.0049333898350596428, "count_pixels": 42, "percent_cover": 0.18923180896598332, "percent_above_0.1m": 0.0, "low_level_<0.5": 0.0, "mid_level_0.5-2": 0.0, "tall_2+": 0.0 }, "geometry": { "type": "Point", "coordinates": [ -0.160386972010422, 51.255107649178562 ] } },
{ "type": "Feature", "properties": { "max_height": 0.029998779296875, "mean_height": 0.013048444874584675, "std_height": 0.0062205083668231964, "count_pixels": 42, "percent_cover": 0.18923180896598332, "percent_above_0.1m": 0.0, "low_level_<0.5": 0.0, "mid_level_0.5-2": 0.0, "tall_2+": 0.0 }, "geometry": { "type": "Point", "coordinates": [ -0.160188517771142, 51.255104528725944 ] } },
{ "type": "Feature", "properties": { "max_height": 0.0218658447265625, "mean_height": 0.009198920801281929, "std_height": 0.008727584034204483, "count_pixels": 43, "percent_cover": 0.19373732822707818, "percent_above_0.1m": 0.0, "low_level_<0.5": 0.0, "mid_level_0.5-2": 0.0, "tall_2+": 0.0 }, "geometry": { "type": "Point", "coordinates": [ -0.15999006356644, 51.255101407936849 ] } },
{ "type": "Feature", "properties": { "max_height": 1.3924942016601562, "mean_height": 0.19842813909053802, "std_height": 0.36395448446273804, "count_pixels": 43, "percent_cover": 0.19373732822707818, "percent_above_0.1m": 30.232558139534881, "low_level_<0.5": 11.627906976744185, "mid_level_0.5-2": 16.279069767441861, "tall_2+": 0.0 }, "geometry": { "type": "Point", "coordinates": [ -0.159791609396322, 51.255098286811268 ] } },
{ "type": "Feature", "properties": { "max_height": 0.04250335693359375, "mean_height": 0.013695472851395607, "std_height": 0.013519021682441235, "count_pixels": 43, "percent_cover": 0.19373732822707818, "percent_above_0.1m": 0.0, "low_level_<0.5": 0.0, "mid_level_0.5-2": 0.0, "tall_2+": 0.0 }, "geometry": { "type": "Point", "coordinates": [ -0.159593155260785, 51.255095165349204 ] } },
{ "type": "Feature", "properties": { "max_height": 0.015625, "mean_height": 0.008893035352230072, "std_height": 0.004478279035538435, "count_pixels": 43, "percent_cover": 0.19373732822707818, "percent_above_0.1m": 0.0, "low_level_<0.5": 0.0, "mid_level_0.5-2": 0.0, "tall_2+": 0.0 }, "geometry": { "type": "Point", "coordinates": [ -0.159394701159847, 51.255092043550647 ] } },
{ "type": "Feature", "properties": { "max_height": 0.02187347412109375, "mean_height": 0.00946044921875, "std_height": 0.0049440665170550346, "count_pixels": 43, "percent_cover": 0.19373732822707818, "percent_above_0.1m": 0.0, "low_level_<0.5": 0.0, "mid_level_0.5-2": 0.0, "tall_2+": 0.0 }, "geometry": { "type": "Point", "coordinates": [ -0.159196247093498, 51.255088921415599 ] } },
{ "type": "Feature", "properties": { "max_height": 0.02124786376953125, "mean_height": 0.0090609956532716751, "std_height": 0.0045767189003527164, "count_pixels": 42, "percent_cover": 0.18923180896598332, "percent_above_0.1m": 0.0, "low_level_<0.5": 0.0, "mid_level_0.5-2": 0.0, "tall_2+": 0.0 }, "geometry": { "type": "Point", "coordinates": [ -0.158997793061748, 51.25508579894408 ] } },
{ "type": "Feature", "properties": { "max_height": 0.01999664306640625, "mean_height": 0.0043576867319643497, "std_height": 0.0062719453126192093, "count_pixels": 41, "percent_cover": 0.1847262897048885, "percent_above_0.1m": 0.0, "low_level_<0.5": 0.0, "mid_level_0.5-2": 0.0, "tall_2+": 0.0 }, "geometry": { "type": "Point", "coordinates": [ -0.1587993390646, 51.25508267613607 ] } },
{ "type": "Feature", "properties": { "max_height": 0.00937652587890625, "mean_height": -0.00087068136781454086, "std_height": 0.005686457734555006, "count_pixels": 41, "percent_cover": 0.1847262897048885, "percent_above_0.1m": 0.0, "low_level_<0.5": 0.0, "mid_level_0.5-2": 0.0, "tall_2+": 0.0 }, "geometry": { "type": "Point", "coordinates": [ -0.158600885102054, 51.255079552991567 ] } },
{ "type": "Feature", "properties": { "max_height": 0.01062774658203125, "mean_height": -0.0012044906616210938, "std_height": 0.0042749494314193726, "count_pixels": 40, "percent_cover": 0.18022077044379364, "percent_above_0.1m": 0.0, "low_level_<0.5": 0.0, "mid_level_0.5-2": 0.0, "tall_2+": 0.0 }, "geometry": { "type": "Point", "coordinates": [ -0.158402431174121, 51.255076429510574 ] } },
{ "type": "Feature", "properties": { "max_height": 11.093124389648438, "mean_height": 4.4557490348815918, "std_height": 3.4936361312866211, "count_pixels": 36, "percent_cover": 0.16219869339941428, "percent_above_0.1m": 80.555555555555557, "low_level_<0.5": 5.5555555555555554, "mid_level_0.5-2": 8.3333333333333321, "tall_2+": 66.666666666666657 }, "geometry": { "type": "Point", "coordinates": [ -0.158203977280794, 51.255073305693124 ] } },
{ "type": "Feature", "properties": { "max_height": 13.413742065429688, "mean_height": 5.9457597732543945, "std_height": 4.3896465301513672, "count_pixels": 41, "percent_cover": 0.1847262897048885, "percent_above_0.1m": 95.121951219512198, "low_level_<0.5": 7.3170731707317067, "mid_level_0.5-2": 14.634146341463413, "tall_2+": 73.170731707317074 }, "geometry": { "type": "Point", "coordinates": [ -0.158005523422091, 51.255070181539161 ] } },
{ "type": "Feature", "properties": { "max_height": 4.9106216430664062, "mean_height": 1.6141902208328247, "std_height": 1.0701613426208496, "count_pixels": 41, "percent_cover": 0.1847262897048885, "percent_above_0.1m": 95.121951219512198, "low_level_<0.5": 9.7560975609756095, "mid_level_0.5-2": 58.536585365853654, "tall_2+": 24.390243902439025 }, "geometry": { "type": "Point", "coordinates": [ -0.157807069597998, 51.255067057048713 ] } },
{ "type": "Feature", "properties": { "max_height": 18.023124694824219, "mean_height": 4.3411293029785156, "std_height": 5.5021352767944336, "count_pixels": 42, "percent_cover": 0.18923180896598332, "percent_above_0.1m": 85.714285714285708, "low_level_<0.5": 11.904761904761903, "mid_level_0.5-2": 30.952380952380953, "tall_2+": 40.476190476190474 }, "geometry": { "type": "Point", "coordinates": [ -0.157608615808537, 51.255063932221788 ] } },
{ "type": "Feature", "properties": { "max_height": 18.447494506835938, "mean_height": 6.1029438972473145, "std_height": 5.5263395309448242, "count_pixels": 42, "percent_cover": 0.18923180896598332, "percent_above_0.1m": 88.095238095238088, "low_level_<0.5": 2.3809523809523809, "mid_level_0.5-2": 21.428571428571427, "tall_2+": 64.285714285714292 }, "geometry": { "type": "Point", "coordinates": [ -0.1574101620537, 51.255060807058371 ] } },
{ "type": "Feature", "properties": { "max_height": 21.851249694824219, "mean_height": 3.9397504329681396, "std_height": 4.3807559013366699, "count_pixels": 43, "percent_cover": 0.19373732822707818, "percent_above_0.1m": 97.674418604651152, "low_level_<0.5": 4.6511627906976747, "mid_level_0.5-2": 30.232558139534881, "tall_2+": 62.790697674418603 }, "geometry": { "type": "Point", "coordinates": [ -0.157211708333495, 51.255057681558469 ] } },
{ "type": "Feature", "properties": { "max_height": 1.1618804931640625, "mean_height": 0.17377772927284241, "std_height": 0.30566895008087158, "count_pixels": 43, "percent_cover": 0.19373732822707818, "percent_above_0.1m": 25.581395348837212, "low_level_<0.5": 11.627906976744185, "mid_level_0.5-2": 13.953488372093023, "tall_2+": 0.0 }, "geometry": { "type": "Point", "coordinates": [ -0.161275715735054, 51.255229535854212 ] } },
{ "type": "Feature", "properties": { "max_height": 1.3643722534179688, "mean_height": 0.22506974637508392, "std_height": 0.38868468999862671, "count_pixels": 44, "percent_cover": 0.198242847488173, "percent_above_0.1m": 27.27272727272727, "low_level_<0.5": 9.0909090909090917, "mid_level_0.5-2": 18.181818181818183, "tall_2+": 0.0 }, "geometry": { "type": "Point", "coordinates": [ -0.161077260893082, 51.255226416906716 ] } },
{ "type": "Feature", "properties": { "max_height": 0.02375030517578125, "mean_height": -0.00080108642578125, "std_height": 0.019326409325003624, "count_pixels": 43, "percent_cover": 0.19373732822707818, "percent_above_0.1m": 0.0, "low_level_<0.5": 0.0, "mid_level_0.5-2": 0.0, "tall_2+": 0.0 }, "geometry": { "type": "Point", "coordinates": [ -0.160878806085669, 51.255223297622727 ] } },
{ "type": "Feature", "properties": { "max_height": 0.0281219482421875, "mean_height": 0.0036473828367888927, "std_height": 0.021962879225611687, "count_pixels": 43, "percent_cover": 0.19373732822707818, "percent_above_0.1m": 0.0, "low_level_<0.5": 0.0, "mid_level_0.5-2": 0.0, "tall_2+": 0.0 }, "geometry": { "type": "Point", "coordinates": [ -0.160680351312824, 51.255220178002254 ] } },
{ "type": "Feature", "properties": { "max_height": 0.0331268310546875, "mean_height": 0.016427721828222275, "std_height": 0.0065313070081174374, "count_pixels": 42, "percent_cover": 0.18923180896598332, "percent_above_0.1m": 0.0, "low_level_<0.5": 0.0, "mid_level_0.5-2": 0.0, "tall_2+": 0.0 }, "geometry": { "type": "Point", "coordinates": [ -0.160481896574551, 51.255217058045297 ] } },
{ "type": "Feature", "properties": { "max_height": 0.0281219482421875, "mean_height": 0.01496869046241045, "std_height": 0.005196885671466589, "count_pixels": 42, "percent_cover": 0.18923180896598332, "percent_above_0.1m": 0.0, "low_level_<0.5": 0.0, "mid_level_0.5-2": 0.0, "tall_2+": 0.0 }, "geometry": { "type": "Point", "coordinates": [ -0.16028344187085, 51.255213937751833 ] } },
{ "type": "Feature", "properties": { "max_height": 0.02750396728515625, "mean_height": 0.012406883761286736, "std_height": 0.0055732699111104012, "count_pixels": 41, "percent_cover": 0.1847262897048885, "percent_above_0.1m": 0.0, "low_level_<0.5": 0.0, "mid_level_0.5-2": 0.0, "tall_2+": 0.0 }, "geometry": { "type": "Point", "coordinates": [ -0.160084987201726, 51.255210817121906 ] } },
{ "type": "Feature", "properties": { "max_height": 1.4156265258789062, "mean_height": 0.095455080270767212, "std_height": 0.31477388739585876, "count_pixels": 41, "percent_cover": 0.1847262897048885, "percent_above_0.1m": 14.634146341463413, "low_level_<0.5": 2.4390243902439024, "mid_level_0.5-2": 9.7560975609756095, "tall_2+": 0.0 }, "geometry": { "type": "Point", "coordinates": [ -0.159886532567187, 51.25520769615548 ] } },
{ "type": "Feature", "properties": { "max_height": 1.2493820190429688, "mean_height": 0.085344523191452026, "std_height": 0.26386398077011108, "count_pixels": 36, "percent_cover": 0.16219869339941428, "percent_above_0.1m": 8.3333333333333321, "low_level_<0.5": 2.7777777777777777, "mid_level_0.5-2": 5.5555555555555554, "tall_2+": 0.0 }, "geometry": { "type": "Point", "coordinates": [ -0.159688077967226, 51.255204574852563 ] } },
{ "type": "Feature", "properties": { "max_height": 0.0306243896484375, "mean_height": 0.011795788072049618, "std_height": 0.0081647466868162155, "count_pixels": 41, "percent_cover": 0.1847262897048885, "percent_above_0.1m": 0.0, "low_level_<0.5": 0.0, "mid_level_0.5-2": 0.0, "tall_2+": 0.0 }, "geometry": { "type": "Point", "coordinates": [ -0.159489623401865, 51.255201453213161 ] } },
{ "type": "Feature", "properties": { "max_height": 0.02062225341796875, "mean_height": 0.0079863015562295914, "std_height": 0.0061318730004131794, "count_pixels": 41, "percent_cover": 0.1847262897048885, "percent_above_0.1m": 0.0, "low_level_<0.5": 0.0, "mid_level_0.5-2": 0.0, "tall_2+": 0.0 }, "geometry": { "type": "Point", "coordinates": [ -0.159291168871087, 51.255198331237267 ] } },
{ "type": "Feature", "properties": { "max_height": 0.015625, "mean_height": 0.006538949441164732, "std_height": 0.0047823279164731503, "count_pixels": 41, "percent_cover": 0.1847262897048885, "percent_above_0.1m": 0.0, "low_level_<0.5": 0.0, "mid_level_0.5-2": 0.0, "tall_2+": 0.0 }, "geometry": { "type": "Point", "coordinates": [ -0.15909271437491, 51.255195208924896 ] } },
{ "type": "Feature", "properties": { "max_height": 0.0212554931640625, "mean_height": 0.0059667313471436501, "std_height": 0.0064169061370193958, "count_pixels": 42, "percent_cover": 0.18923180896598332, "percent_above_0.1m": 0.0, "low_level_<0.5": 0.0, "mid_level_0.5-2": 0.0, "tall_2+": 0.0 }, "geometry": { "type": "Point", "coordinates": [ -0.158894259913327, 51.255192086276026 ] } },
{ "type": "Feature", "properties": { "max_height": 0.0050048828125, "mean_height": -0.0055683935061097145, "std_height": 0.0056299972347915173, "count_pixels": 43, "percent_cover": 0.19373732822707818, "percent_above_0.1m": 0.0, "low_level_<0.5": 0.0, "mid_level_0.5-2": 0.0, "tall_2+": 0.0 }, "geometry": { "type": "Point", "coordinates": [ -0.158695805486354, 51.255188963290671 ] } },
{ "type": "Feature", "properties": { "max_height": 0.01312255859375, "mean_height": -0.006020301952958107, "std_height": 0.0066666812635958195, "count_pixels": 43, "percent_cover": 0.19373732822707818, "percent_above_0.1m": 0.0, "low_level_<0.5": 0.0, "mid_level_0.5-2": 0.0, "tall_2+": 0.0 }, "geometry": { "type": "Point", "coordinates": [ -0.158497351093985, 51.255185839968824 ] } },
{ "type": "Feature", "properties": { "max_height": 23.833122253417969, "mean_height": 7.9268856048583984, "std_height": 8.8830022811889648, "count_pixels": 44, "percent_cover": 0.198242847488173, "percent_above_0.1m": 63.636363636363633, "low_level_<0.5": 0.0, "mid_level_0.5-2": 2.2727272727272729, "tall_2+": 61.363636363636367 }, "geometry": { "type": "Point", "coordinates": [ -0.158298896736229, 51.255182716310493 ] } },
{ "type": "Feature", "properties": { "max_height": 1.2143707275390625, "mean_height": 0.25751516222953796, "std_height": 0.39681711792945862, "count_pixels": 36, "percent_cover": 0.16219869339941428, "percent_above_0.1m": 36.111111111111107, "low_level_<0.5": 5.5555555555555554, "mid_level_0.5-2": 25.0, "tall_2+": 0.0 }, "geometry": { "type": "Point", "coordinates": [ -0.160973732008463, 51.255332706093974 ] } },
{ "type": "Feature", "properties": { "max_height": 1.527496337890625, "mean_height": 0.21957099437713623, "std_height": 0.45311439037322998, "count_pixels": 41, "percent_cover": 0.1847262897048885, "percent_above_0.1m": 24.390243902439025, "low_level_<0.5": 7.3170731707317067, "mid_level_0.5-2": 17.073170731707318, "tall_2+": 0.0 }, "geometry": { "type": "Point", "coordinates": [ -0.160775276771205, 51.255329586632676 ] } },
{ "type": "Feature", "properties": { "max_height": 0.03374481201171875, "mean_height": 0.016094859689474106, "std_height": 0.0086556375026702881, "count_pixels": 41, "percent_cover": 0.1847262897048885, "percent_above_0.1m": 0.0, "low_level_<0.5": 0.0, "mid_level_0.5-2": 0.0, "tall_2+": 0.0 }, "geometry": { "type": "Point", "coordinates": [ -0.160576821568506, 51.255326466834873 ] } },
{ "type": "Feature", "properties": { "max_height": 0.03499603271484375, "mean_height": 0.0180791225284338, "std_height": 0.0068414025008678436, "count_pixels": 42, "percent_cover": 0.18923180896598332, "percent_above_0.1m": 0.0, "low_level_<0.5": 0.0, "mid_level_0.5-2": 0.0, "tall_2+": 0.0 }, "geometry": { "type": "Point", "coordinates": [ -0.160378366400384, 51.255323346700571 ] } },
{ "type": "Feature", "properties": { "max_height": 0.02500152587890625, "mean_height": 0.015102204866707325, "std_height": 0.0047987699508666992, "count_pixels": 42, "percent_cover": 0.18923180896598332, "percent_above_0.1m": 0.0, "low_level_<0.5": 0.0, "mid_level_0.5-2": 0.0, "tall_2+": 0.0 }, "geometry": { "type": "Point", "coordinates": [ -0.160179911266843, 51.255320226229799 ] } },
{ "type": "Feature", "properties": { "max_height": 0.02625274658203125, "mean_height": 0.00042085870518349111, "std_height": 0.018279785290360451, "count_pixels": 43, "percent_cover": 0.19373732822707818, "percent_above_0.1m": 0.0, "low_level_<0.5": 0.0, "mid_level_0.5-2": 0.0, "tall_2+": 0.0 }, "geometry": { "type": "Point", "coordinates": [ -0.159981456167875, 51.255317105422527 ] } },
{ "type": "Feature", "properties": { "max_height": 1.178131103515625, "mean_height": 0.19784758985042572, "std_height": 0.34560021758079529, "count_pixels": 43, "percent_cover": 0.19373732822707818, "percent_above_0.1m": 27.906976744186046, "low_level_<0.5": 9.3023255813953494, "mid_level_0.5-2": 18.604651162790699, "tall_2+": 0.0 }, "geometry": { "type": "Point", "coordinates": [ -0.159783001103492, 51.255313984278764 ] } },
{ "type": "Feature", "properties": { "max_height": 0.03311920166015625, "mean_height": 0.008341057226061821, "std_height": 0.0085756685584783554, "count_pixels": 43, "percent_cover": 0.19373732822707818, "percent_above_0.1m": 0.0, "low_level_<0.5": 0.0, "mid_level_0.5-2": 0.0, "tall_2+": 0.0 }, "geometry": { "type": "Point", "coordinates": [ -0.159584546073698, 51.255310862798517 ] } },
{ "type": "Feature", "properties": { "max_height": 0.02562713623046875, "mean_height": 0.011539902538061142, "std_height": 0.0060597220435738564, "count_pixels": 43, "percent_cover": 0.19373732822707818, "percent_above_0.1m": 0.0, "low_level_<0.5": 0.0, "mid_level_0.5-2": 0.0, "tall_2+": 0.0 }, "geometry": { "type": "Point", "coordinates": [ -0.159386091078494, 51.255307740981777 ] } },
{ "type": "Feature", "properties": { "max_height": 0.0149993896484375, "mean_height": 0.0052154897712171078, "std_height": 0.0050871018320322037, "count_pixels": 43, "percent_cover": 0.19373732822707818, "percent_above_0.1m": 0.0, "low_level_<0.5": 0.0, "mid_level_0.5-2": 0.0, "tall_2+": 0.0 }, "geometry": { "type": "Point", "coordinates": [ -0.159187636117883, 51.255304618828553 ] } },
{ "type": "Feature", "properties": { "max_height": 0.02062225341796875, "mean_height": 0.00897216796875, "std_height": 0.0047145555727183819, "count_pixels": 42, "percent_cover": 0.18923180896598332, "percent_above_0.1m": 0.0, "low_level_<0.5": 0.0, "mid_level_0.5-2": 0.0, "tall_2+": 0.0 }, "geometry": { "type": "Point", "coordinates": [ -0.158989181191874, 51.255301496338831 ] } },
{ "type": "Feature", "properties": { "max_height": 0.70062255859375, "mean_height": 0.028641678392887115, "std_height": 0.13113458454608917, "count_pixels": 41, "percent_cover": 0.1847262897048885, "percent_above_0.1m": 7.3170731707317067, "low_level_<0.5": 4.8780487804878048, "mid_level_0.5-2": 2.4390243902439024, "tall_2+": 0.0 }, "geometry": { "type": "Point", "coordinates": [ -0.158790726300466, 51.25529837351263 ] } },
{ "type": "Feature", "properties": { "max_height": 0.00687408447265625, "mean_height": -0.0050476817414164543, "std_height": 0.0051085576415061951, "count_pixels": 41, "percent_cover": 0.1847262897048885, "percent_above_0.1m": 0.0, "low_level_<0.5": 0.0, "mid_level_0.5-2": 0.0, "tall_2+": 0.0 }, "geometry": { "type": "Point", "coordinates": [ -0.15859227144366, 51.255295250349931 ] } },
{ "type": "Feature", "properties": { "max_height": 20.436874389648438, "mean_height": 2.6021170616149902, "std_height": 5.5455741882324219, "count_pixels": 40, "percent_cover": 0.18022077044379364, "percent_above_0.1m": 32.5, "low_level_<0.5": 0.0, "mid_level_0.5-2": 7.5, "tall_2+": 25.0 }, "geometry": { "type": "Point", "coordinates": [ -0.158393816621463, 51.255292126850748 ] } },
{ "type": "Feature", "properties": { "max_height": 23.642494201660156, "mean_height": 8.9266633987426758, "std_height": 8.1604642868041992, "count_pixels": 36, "percent_cover": 0.16219869339941428, "percent_above_0.1m": 83.333333333333343, "low_level_<0.5": 0.0, "mid_level_0.5-2": 0.0, "tall_2+": 77.777777777777786 }, "geometry": { "type": "Point", "coordinates": [ -0.158195361833887, 51.255289003015086 ] } },
{ "type": "Feature", "properties": { "max_height": 15.878128051757812, "mean_height": 4.2022519111633301, "std_height": 5.4839849472045898, "count_pixels": 43, "percent_cover": 0.19373732822707818, "percent_above_0.1m": 58.139534883720934, "low_level_<0.5": 9.3023255813953494, "mid_level_0.5-2": 9.3023255813953494, "tall_2+": 37.209302325581397 }, "geometry": { "type": "Point", "coordinates": [ -0.160870202659415, 51.255438995185926 ] } },
{ "type": "Feature", "properties": { "max_height": 1.5987472534179688, "mean_height": 0.47227922081947327, "std_height": 0.49852147698402405, "count_pixels": 43, "percent_cover": 0.19373732822707818, "percent_above_0.1m": 55.813953488372093, "low_level_<0.5": 11.627906976744185, "mid_level_0.5-2": 44.186046511627907, "tall_2+": 0.0 }, "geometry": { "type": "Point", "coordinates": [ -0.160671746992301, 51.255435875547285 ] } },
{ "type": "Feature", "properties": { "max_height": 1.3081207275390625, "mean_height": 0.26766222715377808, "std_height": 0.42632660269737244, "count_pixels": 42, "percent_cover": 0.18923180896598332, "percent_above_0.1m": 30.952380952380953, "low_level_<0.5": 7.1428571428571423, "mid_level_0.5-2": 21.428571428571427, "tall_2+": 0.0 }, "geometry": { "type": "Point", "coordinates": [ -0.160473291359754, 51.255432755572144 ] } },
{ "type": "Feature", "properties": { "max_height": 1.3487472534179688, "mean_height": 0.12339147180318832, "std_height": 0.29908815026283264, "count_pixels": 42, "percent_cover": 0.18923180896598332, "percent_above_0.1m": 14.285714285714285, "low_level_<0.5": 4.7619047619047619, "mid_level_0.5-2": 9.5238095238095237, "tall_2+": 0.0 }, "geometry": { "type": "Point", "coordinates": [ -0.160274835761781, 51.255429635260533 ] } },
{ "type": "Feature", "properties": { "max_height": 0.032501220703125, "mean_height": 0.010501395910978317, "std_height": 0.012127446942031384, "count_pixels": 41, "percent_cover": 0.1847262897048885, "percent_above_0.1m": 0.0, "low_level_<0.5": 0.0, "mid_level_0.5-2": 0.0, "tall_2+": 0.0 }, "geometry": { "type": "Point", "coordinates": [ -0.160076380198391, 51.255426514612431 ] } },
{ "type": "Feature", "properties": { "max_height": 1.3225021362304688, "mean_height": 0.22080583870410919, "std_height": 0.39817547798156738, "count_pixels": 41, "percent_cover": 0.1847262897048885, "percent_above_0.1m": 26.829268292682929, "low_level_<0.5": 4.8780487804878048, "mid_level_0.5-2": 19.512195121951219, "tall_2+": 0.0 }, "geometry": { "type": "Point", "coordinates": [ -0.15987792466958, 51.255423393627815 ] } },
{ "type": "Feature", "properties": { "max_height": 0.05249786376953125, "mean_height": 0.01367780938744545, "std_height": 0.013106667436659336, "count_pixels": 36, "percent_cover": 0.16219869339941428, "percent_above_0.1m": 0.0, "low_level_<0.5": 0.0, "mid_level_0.5-2": 0.0, "tall_2+": 0.0 }, "geometry": { "type": "Point", "coordinates": [ -0.159679469175359, 51.255420272306701 ] } },
{ "type": "Feature", "properties": { "max_height": 0.01999664306640625, "mean_height": 0.0090374834835529327, "std_height": 0.0056950151920318604, "count_pixels": 41, "percent_cover": 0.1847262897048885, "percent_above_0.1m": 0.0, "low_level_<0.5": 0.0, "mid_level_0.5-2": 0.0, "tall_2+": 0.0 }, "geometry": { "type": "Point", "coordinates": [ -0.159481013715721, 51.25541715064913 ] } },
{ "type": "Feature", "properties": { "max_height": 0.02187347412109375, "mean_height": 0.007513836957514286, "std_height": 0.0050706570036709309, "count_pixels": 41, "percent_cover": 0.1847262897048885, "percent_above_0.1m": 0.0, "low_level_<0.5": 0.0, "mid_level_0.5-2": 0.0, "tall_2+": 0.0 }, "geometry": { "type": "Point", "coordinates": [ -0.159282558290679, 51.255414028655039 ] } },
{ "type": "Feature", "properties": { "max_height": 0.01624298095703125, "mean_height": 0.0049527795054018497, "std_height": 0.0057382732629776001, "count_pixels": 41, "percent_cover": 0.1847262897048885, "percent_above_0.1m": 0.0, "low_level_<0.5": 0.0, "mid_level_0.5-2": 0.0, "tall_2+": 0.0 }, "geometry": { "type": "Point", "coordinates": [ -0.159084102900235, 51.255410906324478 ] } },
{ "type": "Feature", "properties": { "max_height": 0.01499176025390625, "mean_height": 0.00041398548637516797, "std_height": 0.0075774220749735832, "count_pixels": 42, "percent_cover": 0.18923180896598332, "percent_above_0.1m": 0.0, "low_level_<0.5": 0.0, "mid_level_0.5-2": 0.0, "tall_2+": 0.0 }, "geometry": { "type": "Point", "coordinates": [ -0.158885647544392, 51.255407783657418 ] } },
{ "type": "Feature", "properties": { "max_height": 0.0149993896484375, "mean_height": -0.0068613095209002495, "std_height": 0.006519718561321497, "count_pixels": 43, "percent_cover": 0.19373732822707818, "percent_above_0.1m": 0.0, "low_level_<0.5": 0.0, "mid_level_0.5-2": 0.0, "tall_2+": 0.0 }, "geometry": { "type": "Point", "coordinates": [ -0.158687192223149, 51.255404660653902 ] } },
{ "type": "Feature", "properties": { "max_height": 2.0962371826171875, "mean_height": 0.068431943655014038, "std_height": 0.35665878653526306, "count_pixels": 43, "percent_cover": 0.19373732822707818, "percent_above_0.1m": 4.6511627906976747, "low_level_<0.5": 0.0, "mid_level_0.5-2": 2.3255813953488373, "tall_2+": 2.3255813953488373 }, "geometry": { "type": "Point", "coordinates": [ -0.158488736936517, 51.255401537313851 ] } },
{ "type": "Feature", "properties": { "max_height": 16.708122253417969, "mean_height": 6.6923980712890625, "std_height": 4.8187355995178223, "count_pixels": 44, "percent_cover": 0.198242847488173, "percent_above_0.1m": 95.454545454545453, "low_level_<0.5": 4.5454545454545459, "mid_level_0.5-2": 11.363636363636363, "tall_2+": 79.545454545454547 }, "geometry": { "type": "Point", "coordinates": [ -0.158290281684493, 51.25539841363733 ] } },
{ "type": "Feature", "properties": { "max_height": 0.9512481689453125, "mean_height": 0.14304742217063904, "std_height": 0.28118538856506348, "count_pixels": 41, "percent_cover": 0.1847262897048885, "percent_above_0.1m": 19.512195121951219, "low_level_<0.5": 4.8780487804878048, "mid_level_0.5-2": 14.634146341463413, "tall_2+": 0.0 }, "geometry": { "type": "Point", "coordinates": [ -0.160568216748958, 51.25554216436656 ] } },
{ "type": "Feature", "properties": { "max_height": 1.126251220703125, "mean_height": 0.19538480043411255, "std_height": 0.30846324563026428, "count_pixels": 42, "percent_cover": 0.18923180896598332, "percent_above_0.1m": 33.333333333333329, "low_level_<0.5": 11.904761904761903, "mid_level_0.5-2": 16.666666666666664, "tall_2+": 0.0 }, "geometry": { "type": "Point", "coordinates": [ -0.160369760686559, 51.255539044214089 ] } },
{ "type": "Feature", "properties": { "max_height": 1.274993896484375, "mean_height": 0.15764708817005157, "std_height": 0.32161670923233032, "count_pixels": 42, "percent_cover": 0.18923180896598332, "percent_above_0.1m": 23.809523809523807, "low_level_<0.5": 9.5238095238095237, "mid_level_0.5-2": 11.904761904761903, "tall_2+": 0.0 }, "geometry": { "type": "Point", "coordinates": [ -0.160171304658739, 51.255535923725134 ] } },
{ "type": "Feature", "properties": { "max_height": 1.1593704223632812, "mean_height": 0.14175716042518616, "std_height": 0.33652374148368835, "count_pixels": 43, "percent_cover": 0.19373732822707818, "percent_above_0.1m": 16.279069767441861, "low_level_<0.5": 2.3255813953488373, "mid_level_0.5-2": 13.953488372093023, "tall_2+": 0.0 }, "geometry": { "type": "Point", "coordinates": [ -0.159972848665501, 51.255532802899687 ] } },
{ "type": "Feature", "properties": { "max_height": 0.35687255859375, "mean_height": 0.028602777048945427, "std_height": 0.054399140179157257, "count_pixels": 43, "percent_cover": 0.19373732822707818, "percent_above_0.1m": 4.6511627906976747, "low_level_<0.5": 2.3255813953488373, "mid_level_0.5-2": 0.0, "tall_2+": 0.0 }, "geometry": { "type": "Point", "coordinates": [ -0.159774392706844, 51.255529681737748 ] } },
{ "type": "Feature", "properties": { "max_height": 0.0256195068359375, "mean_height": 0.012977954931557178, "std_height": 0.0065556187182664871, "count_pixels": 43, "percent_cover": 0.19373732822707818, "percent_above_0.1m": 0.0, "low_level_<0.5": 0.0, "mid_level_0.5-2": 0.0, "tall_2+": 0.0 }, "geometry": { "type": "Point", "coordinates": [ -0.159575936782774, 51.255526560239318 ] } },
{ "type": "Feature", "properties": { "max_height": 0.022491455078125, "mean_height": 0.010448722168803215, "std_height": 0.0055301794782280922, "count_pixels": 43, "percent_cover": 0.19373732822707818, "percent_above_0.1m": 0.0, "low_level_<0.5": 0.0, "mid_level_0.5-2": 0.0, "tall_2+": 0.0 }, "geometry": { "type": "Point", "coordinates": [ -0.159377480893298, 51.255523438404403 ] } },
{ "type": "Feature", "properties": { "max_height": 0.016876220703125, "mean_height": 0.0044598248787224293, "std_height": 0.0056591667234897614, "count_pixels": 43, "percent_cover": 0.19373732822707818, "percent_above_0.1m": 0.0, "low_level_<0.5": 0.0, "mid_level_0.5-2": 0.0, "tall_2+": 0.0 }, "geometry": { "type": "Point", "coordinates": [ -0.15917902503842, 51.255520316232989 ] } },
{ "type": "Feature", "properties": { "max_height": 0.0162506103515625, "mean_height": 0.0028254191856831312, "std_height": 0.006388781126588583, "count_pixels": 42, "percent_cover": 0.18923180896598332, "percent_above_0.1m": 0.0, "low_level_<0.5": 0.0, "mid_level_0.5-2": 0.0, "tall_2+": 0.0 }, "geometry": { "type": "Point", "coordinates": [ -0.158980569218133, 51.25551719372509 ] } },
{ "type": "Feature", "properties": { "max_height": -7.62939453125e-06, "mean_height": -0.010002508759498596, "std_height": 0.0060184700414538383, "count_pixels": 41, "percent_cover": 0.1847262897048885, "percent_above_0.1m": 0.0, "low_level_<0.5": 0.0, "mid_level_0.5-2": 0.0, "tall_2+": 0.0 }, "geometry": { "type": "Point", "coordinates": [ -0.158782113432452, 51.255514070880679 ] } },
{ "type": "Feature", "properties": { "max_height": 0.00875091552734375, "mean_height": -0.0053143384866416454, "std_height": 0.0061937551945447922, "count_pixels": 41, "percent_cover": 0.1847262897048885, "percent_above_0.1m": 0.0, "low_level_<0.5": 0.0, "mid_level_0.5-2": 0.0, "tall_2+": 0.0 }, "geometry": { "type": "Point", "coordinates": [ -0.15858365768138, 51.255510947699783 ] } },
{ "type": "Feature", "properties": { "max_height": 12.465621948242188, "mean_height": 4.3495759963989258, "std_height": 3.6074957847595215, "count_pixels": 40, "percent_cover": 0.18022077044379364, "percent_above_0.1m": 77.5, "low_level_<0.5": 2.5, "mid_level_0.5-2": 10.0, "tall_2+": 65.0 }, "geometry": { "type": "Point", "coordinates": [ -0.158385201964915, 51.255507824182409 ] } },
{ "type": "Feature", "properties": { "max_height": 1.3618698120117188, "mean_height": 0.2701466977596283, "std_height": 0.42844182252883911, "count_pixels": 42, "percent_cover": 0.18923180896598332, "percent_above_0.1m": 35.714285714285715, "low_level_<0.5": 14.285714285714285, "mid_level_0.5-2": 19.047619047619047, "tall_2+": 0.0 }, "geometry": { "type": "Point", "coordinates": [ -0.160266229548927, 51.255645332760707 ] } },
{ "type": "Feature", "properties": { "max_height": 0.25812530517578125, "mean_height": 0.023107947781682014, "std_height": 0.043909288942813873, "count_pixels": 41, "percent_cover": 0.1847262897048885, "percent_above_0.1m": 4.8780487804878048, "low_level_<0.5": 4.8780487804878048, "mid_level_0.5-2": 0.0, "tall_2+": 0.0 }, "geometry": { "type": "Point", "coordinates": [ -0.160067773091247, 51.255642212094415 ] } },
{ "type": "Feature", "properties": { "max_height": 1.3943710327148438, "mean_height": 0.3494647741317749, "std_height": 0.4657280445098877, "count_pixels": 41, "percent_cover": 0.1847262897048885, "percent_above_0.1m": 48.780487804878049, "low_level_<0.5": 19.512195121951219, "mid_level_0.5-2": 24.390243902439025, "tall_2+": 0.0 }, "geometry": { "type": "Point", "coordinates": [ -0.159869316668161, 51.255639091091638 ] } },
{ "type": "Feature", "properties": { "max_height": 0.5737457275390625, "mean_height": 0.031682968139648438, "std_height": 0.09199957549571991, "count_pixels": 36, "percent_cover": 0.16219869339941428, "percent_above_0.1m": 2.7777777777777777, "low_level_<0.5": 0.0, "mid_level_0.5-2": 2.7777777777777777, "tall_2+": 0.0 }, "geometry": { "type": "Point", "coordinates": [ -0.15967086027966, 51.255635969752355 ] } },
{ "type": "Feature", "properties": { "max_height": 0.02625274658203125, "mean_height": 0.015546287409961224, "std_height": 0.0055707879364490509, "count_pixels": 41, "percent_cover": 0.1847262897048885, "percent_above_0.1m": 0.0, "low_level_<0.5": 0.0, "mid_level_0.5-2": 0.0, "tall_2+": 0.0 }, "geometry": { "type": "Point", "coordinates": [ -0.159472403925742, 51.255632848076601 ] } },
{ "type": "Feature", "properties": { "max_height": 0.03125, "mean_height": 0.016141938045620918, "std_height": 0.0074006314389407635, "count_pixels": 41, "percent_cover": 0.1847262897048885, "percent_above_0.1m": 0.0, "low_level_<0.5": 0.0, "mid_level_0.5-2": 0.0, "tall_2+": 0.0 }, "geometry": { "type": "Point", "coordinates": [ -0.159273947606424, 51.255629726064335 ] } },
{ "type": "Feature", "properties": { "max_height": 0.02687835693359375, "mean_height": 0.0053044762462377548, "std_height": 0.0093306601047515869, "count_pixels": 41, "percent_cover": 0.1847262897048885, "percent_above_0.1m": 0.0, "low_level_<0.5": 0.0, "mid_level_0.5-2": 0.0, "tall_2+": 0.0 }, "geometry": { "type": "Point", "coordinates": [ -0.159075491321702, 51.255626603715577 ] } },
{ "type": "Feature", "properties": { "max_height": 0.005615234375, "mean_height": -0.0042731873691082001, "std_height": 0.0064106653444468975, "count_pixels": 42, "percent_cover": 0.18923180896598332, "percent_above_0.1m": 0.0, "low_level_<0.5": 0.0, "mid_level_0.5-2": 0.0, "tall_2+": 0.0 }, "geometry": { "type": "Point", "coordinates": [ -0.15887703507158, 51.255623481030341 ] } },
{ "type": "Feature", "properties": { "max_height": 0.0112457275390625, "mean_height": -0.0053744646720588207, "std_height": 0.0068293805234134197, "count_pixels": 43, "percent_cover": 0.19373732822707818, "percent_above_0.1m": 0.0, "low_level_<0.5": 0.0, "mid_level_0.5-2": 0.0, "tall_2+": 0.0 }, "geometry": { "type": "Point", "coordinates": [ -0.15867857885606, 51.255620358008592 ] } },
{ "type": "Feature", "properties": { "max_height": 9.9618759155273438, "mean_height": 2.2019219398498535, "std_height": 2.943157434463501, "count_pixels": 43, "percent_cover": 0.19373732822707818, "percent_above_0.1m": 48.837209302325576, "low_level_<0.5": 2.3255813953488373, "mid_level_0.5-2": 6.9767441860465116, "tall_2+": 39.534883720930232 }, "geometry": { "type": "Point", "coordinates": [ -0.158480122675154, 51.255617234650366 ] } },
{ "type": "Feature", "properties": { "max_height": 9.2874984741210938, "mean_height": 0.5293281078338623, "std_height": 1.5933841466903687, "count_pixels": 42, "percent_cover": 0.18923180896598332, "percent_above_0.1m": 33.333333333333329, "low_level_<0.5": 7.1428571428571423, "mid_level_0.5-2": 14.285714285714285, "tall_2+": 4.7619047619047619 }, "geometry": { "type": "Point", "coordinates": [ -0.16016269794684, 51.255751621211964 ] } },
{ "type": "Feature", "properties": { "max_height": 1.342498779296875, "mean_height": 0.21361665427684784, "std_height": 0.35796245932579041, "count_pixels": 43, "percent_cover": 0.19373732822707818, "percent_above_0.1m": 32.558139534883722, "low_level_<0.5": 13.953488372093023, "mid_level_0.5-2": 16.279069767441861, "tall_2+": 0.0 }, "geometry": { "type": "Point", "coordinates": [ -0.159964241059315, 51.255748500368348 ] } },
{ "type": "Feature", "properties": { "max_height": 1.2818756103515625, "mean_height": 0.1925864964723587, "std_height": 0.37020349502563477, "count_pixels": 43, "percent_cover": 0.19373732822707818, "percent_above_0.1m": 20.930232558139537, "low_level_<0.5": 6.9767441860465116, "mid_level_0.5-2": 13.953488372093023, "tall_2+": 0.0 }, "geometry": { "type": "Point", "coordinates": [ -0.159765784206372, 51.255745379188241 ] } },
{ "type": "Feature", "properties": { "max_height": 1.438751220703125, "mean_height": 0.21999785304069519, "std_height": 0.4088127613067627, "count_pixels": 43, "percent_cover": 0.19373732822707818, "percent_above_0.1m": 25.581395348837212, "low_level_<0.5": 6.9767441860465116, "mid_level_0.5-2": 18.604651162790699, "tall_2+": 0.0 }, "geometry": { "type": "Point", "coordinates": [ -0.159567327388019, 51.255742257671628 ] } },
{ "type": "Feature", "properties": { "max_height": 0.058746337890625, "mean_height": 0.012497657909989357, "std_height": 0.011852843686938286, "count_pixels": 43, "percent_cover": 0.19373732822707818, "percent_above_0.1m": 0.0, "low_level_<0.5": 0.0, "mid_level_0.5-2": 0.0, "tall_2+": 0.0 }, "geometry": { "type": "Point", "coordinates": [ -0.159368870604264, 51.255739135818523 ] } },
{ "type": "Feature", "properties": { "max_height": 0.05500030517578125, "mean_height": 0.013326068408787251, "std_height": 0.010177580639719963, "count_pixels": 43, "percent_cover": 0.19373732822707818, "percent_above_0.1m": 0.0, "low_level_<0.5": 0.0, "mid_level_0.5-2": 0.0, "tall_2+": 0.0 }, "geometry": { "type": "Point", "coordinates": [ -0.159170413855091, 51.255736013628919 ] } },
{ "type": "Feature", "properties": { "max_height": 0.0149993896484375, "mean_height": 0.0019765582401305437, "std_height": 0.0059917457401752472, "count_pixels": 42, "percent_cover": 0.18923180896598332, "percent_above_0.1m": 0.0, "low_level_<0.5": 0.0, "mid_level_0.5-2": 0.0, "tall_2+": 0.0 }, "geometry": { "type": "Point", "coordinates": [ -0.158971957140526, 51.255732891102838 ] } },
{ "type": "Feature", "properties": { "max_height": 0.0112457275390625, "mean_height": -0.0064511182717978954, "std_height": 0.0060046189464628696, "count_pixels": 41, "percent_cover": 0.1847262897048885, "percent_above_0.1m": 0.0, "low_level_<0.5": 0.0, "mid_level_0.5-2": 0.0, "tall_2+": 0.0 }, "geometry": { "type": "Point", "coordinates": [ -0.158773500460565, 51.255729768240244 ] } },
{ "type": "Feature", "properties": { "max_height": 9.9906158447265625, "mean_height": 1.9045646190643311, "std_height": 3.0355229377746582, "count_pixels": 41, "percent_cover": 0.1847262897048885, "percent_above_0.1m": 34.146341463414636, "low_level_<0.5": 0.0, "mid_level_0.5-2": 4.8780487804878048, "tall_2+": 29.268292682926827 }, "geometry": { "type": "Point", "coordinates": [ -0.158575043815208, 51.255726645041165 ] } },
{ "type": "Feature", "properties": { "max_height": 14.378860473632812, "mean_height": 8.2323131561279297, "std_height": 3.8698372840881348, "count_pixels": 40, "percent_cover": 0.18022077044379364, "percent_above_0.1m": 100.0, "low_level_<0.5": 0.0, "mid_level_0.5-2": 0.0, "tall_2+": 100.0 }, "geometry": { "type": "Point", "coordinates": [ -0.158376587204464, 51.25572352150558 ] } },
{ "type": "Feature", "properties": { "max_height": 1.41436767578125, "mean_height": 0.26821470260620117, "std_height": 0.41932696104049683, "count_pixels": 41, "percent_cover": 0.1847262897048885, "percent_above_0.1m": 36.585365853658537, "low_level_<0.5": 7.3170731707317067, "mid_level_0.5-2": 21.951219512195124, "tall_2+": 0.0 }, "geometry": { "type": "Point", "coordinates": [ -0.159860708562925, 51.255854788546955 ] } },
{ "type": "Feature", "properties": { "max_height": 1.2393722534179688, "mean_height": 0.11308924108743668, "std_height": 0.28872773051261902, "count_pixels": 36, "percent_cover": 0.16219869339941428, "percent_above_0.1m": 13.888888888888889, "low_level_<0.5": 5.5555555555555554, "mid_level_0.5-2": 8.3333333333333321, "tall_2+": 0.0 }, "geometry": { "type": "Point", "coordinates": [ -0.159662251280131, 51.255851667189496 ] } },
{ "type": "Feature", "properties": { "max_height": 1.3706207275390625, "mean_height": 0.2513548731803894, "std_height": 0.40375715494155884, "count_pixels": 41, "percent_cover": 0.1847262897048885, "percent_above_0.1m": 36.585365853658537, "low_level_<0.5": 12.195121951219512, "mid_level_0.5-2": 19.512195121951219, "tall_2+": 0.0 }, "geometry": { "type": "Point", "coordinates": [ -0.159463794031926, 51.255848545495546 ] } },
{ "type": "Feature", "properties": { "max_height": 1.4850006103515625, "mean_height": 0.1314312070608139, "std_height": 0.3314061164855957, "count_pixels": 41, "percent_cover": 0.1847262897048885, "percent_above_0.1m": 14.634146341463413, "low_level_<0.5": 4.8780487804878048, "mid_level_0.5-2": 7.3170731707317067, "tall_2+": 0.0 }, "geometry": { "type": "Point", "coordinates": [ -0.159265336818317, 51.255845423465104 ] } },
{ "type": "Feature", "properties": { "max_height": 0.016876220703125, "mean_height": 0.0030478499829769135, "std_height": 0.0052288812585175037, "count_pixels": 41, "percent_cover": 0.1847262897048885, "percent_above_0.1m": 0.0, "low_level_<0.5": 0.0, "mid_level_0.5-2": 0.0, "tall_2+": 0.0 }, "geometry": { "type": "Point", "coordinates": [ -0.159066879639305, 51.25584230109817 ] } },
{ "type": "Feature", "properties": { "max_height": 1.2018661499023438, "mean_height": 0.0472601018846035, "std_height": 0.19765286147594452, "count_pixels": 42, "percent_cover": 0.18923180896598332, "percent_above_0.1m": 7.1428571428571423, "low_level_<0.5": 4.7619047619047619, "mid_level_0.5-2": 2.3809523809523809, "tall_2+": 0.0 }, "geometry": { "type": "Point", "coordinates": [ -0.158868422494894, 51.25583917839473 ] } },
{ "type": "Feature", "properties": { "max_height": 6.824371337890625, "mean_height": 0.69262892007827759, "std_height": 1.6195476055145264, "count_pixels": 43, "percent_cover": 0.19373732822707818, "percent_above_0.1m": 34.883720930232556, "low_level_<0.5": 11.627906976744185, "mid_level_0.5-2": 13.953488372093023, "tall_2+": 9.3023255813953494 }, "geometry": { "type": "Point", "coordinates": [ -0.158669965385089, 51.255836055354791 ] } },
{ "type": "Feature", "properties": { "max_height": 12.995002746582031, "mean_height": 8.2722434997558594, "std_height": 3.3651673793792725, "count_pixels": 43, "percent_cover": 0.19373732822707818, "percent_above_0.1m": 97.674418604651152, "low_level_<0.5": 2.3255813953488373, "mid_level_0.5-2": 4.6511627906976747, "tall_2+": 90.697674418604649 }, "geometry": { "type": "Point", "coordinates": [ -0.158471508309896, 51.255832931978368 ] } },
{ "type": "Feature", "properties": { "max_height": 4.0243759155273438, "mean_height": 0.46791219711303711, "std_height": 1.017822265625, "count_pixels": 43, "percent_cover": 0.19373732822707818, "percent_above_0.1m": 25.581395348837212, "low_level_<0.5": 6.9767441860465116, "mid_level_0.5-2": 6.9767441860465116, "tall_2+": 11.627906976744185 }, "geometry": { "type": "Point", "coordinates": [ -0.159757175602076, 51.255961076630207 ] } },
{ "type": "Feature", "properties": { "max_height": 1.2068710327148438, "mean_height": 0.22747501730918884, "std_height": 0.34582650661468506, "count_pixels": 43, "percent_cover": 0.19373732822707818, "percent_above_0.1m": 34.883720930232556, "low_level_<0.5": 13.953488372093023, "mid_level_0.5-2": 16.279069767441861, "tall_2+": 0.0 }, "geometry": { "type": "Point", "coordinates": [ -0.159558717889428, 51.255957955095425 ] } },
{ "type": "Feature", "properties": { "max_height": 1.633758544921875, "mean_height": 0.31496340036392212, "std_height": 0.46432659029960632, "count_pixels": 43, "percent_cover": 0.19373732822707818, "percent_above_0.1m": 44.186046511627907, "low_level_<0.5": 16.279069767441861, "mid_level_0.5-2": 20.930232558139537, "tall_2+": 0.0 }, "geometry": { "type": "Point", "coordinates": [ -0.159360260211375, 51.255954833224131 ] } },
{ "type": "Feature", "properties": { "max_height": 1.4324951171875, "mean_height": 0.24469047784805298, "std_height": 0.37203285098075867, "count_pixels": 43, "percent_cover": 0.19373732822707818, "percent_above_0.1m": 34.883720930232556, "low_level_<0.5": 9.3023255813953494, "mid_level_0.5-2": 25.581395348837212, "tall_2+": 0.0 }, "geometry": { "type": "Point", "coordinates": [ -0.159161802567914, 51.25595171101633 ] } },
{ "type": "Feature", "properties": { "max_height": 1.191253662109375, "mean_height": 0.1872456818819046, "std_height": 0.35399284958839417, "count_pixels": 42, "percent_cover": 0.18923180896598332, "percent_above_0.1m": 26.190476190476193, "low_level_<0.5": 7.1428571428571423, "mid_level_0.5-2": 16.666666666666664, "tall_2+": 0.0 }, "geometry": { "type": "Point", "coordinates": [ -0.15896334495905, 51.255948588472052 ] } },
{ "type": "Feature", "properties": { "max_height": 1.319366455078125, "mean_height": 0.13313907384872437, "std_height": 0.29901522397994995, "count_pixels": 41, "percent_cover": 0.1847262897048885, "percent_above_0.1m": 21.951219512195124, "low_level_<0.5": 9.7560975609756095, "mid_level_0.5-2": 9.7560975609756095, "tall_2+": 0.0 }, "geometry": { "type": "Point", "coordinates": [ -0.158764887384798, 51.255945465591282 ] } }
]
}
