{
"type": "FeatureCollection",
"name": "NEWFO_1_NACH",
"crs": { "type": "name", "properties": { "name": "urn:ogc:def:crs:OGC:1.3:CRS84" } },
"features": [
{ "type": "Feature", "properties": { "id": 5, "nach": 0.63266783656419578 }, "geometry": { "type": "LineString", "coordinates": [ [ -1.492144, 50.9125817 ], [ -1.4921996, 50.9125149 ], [ -1.4922814, 50.9124599 ], [ -1.4923834, 50.9124207 ], [ -1.4924984, 50.9123999 ] ] } },
{ "type": "Feature", "properties": { "id": 6, "nach": 0.61945328233747721 }, "geometry": { "type": "LineString", "coordinates": [ [ -1.492144, 50.9125817 ], [ -1.4921365, 50.9124449 ], [ -1.4921145, 50.9123744 ], [ -1.4920479, 50.9122983 ], [ -1.4919847, 50.9122335 ], [ -1.4919425, 50.9121993 ] ] } },
{ "type": "Feature", "properties": { "id": 49, "nach": 0.67294560157790217 }, "geometry": { "type": "LineString", "coordinates": [ [ -1.4921176, 50.9126639 ], [ -1.4921259, 50.9126222 ], [ -1.492144, 50.9125817 ] ] } },
{ "type": "Feature", "properties": { "id": 8317, "nach": 0.65219415182249629 }, "geometry": { "type": "LineString", "coordinates": [ [ -1.4924984, 50.9123999 ], [ -1.4925756, 50.9123972 ], [ -1.4926525, 50.912402899999989 ] ] } },
{ "type": "Feature", "properties": { "id": 119933, "nach": 0.5709683414904505 }, "geometry": { "type": "LineString", "coordinates": [ [ -1.4919673, 50.9120711 ], [ -1.4921772, 50.912233200000017 ], [ -1.4922552, 50.9122885 ], [ -1.4923566, 50.9123423 ], [ -1.4924984, 50.9123999 ] ] } },
{ "type": "Feature", "properties": { "id": 119930, "nach": 0.49462000870323997 }, "geometry": { "type": "LineString", "coordinates": [ [ -1.4919425, 50.9121993 ], [ -1.4918777, 50.9122198 ], [ -1.492034, 50.9123746 ], [ -1.4920355, 50.9125095 ], [ -1.4920065, 50.9126721 ], [ -1.4917184, 50.9128555 ], [ -1.4912248, 50.9130432 ] ] } },
{ "type": "Feature", "properties": { "id": 119929, "nach": 0.49943511665047885 }, "geometry": { "type": "LineString", "coordinates": [ [ -1.4919425, 50.9121993 ], [ -1.4917973, 50.9120628 ], [ -1.4917638, 50.9119642 ] ] } },
{ "type": "Feature", "properties": { "id": 119934, "nach": 0.61597294195979768 }, "geometry": { "type": "LineString", "coordinates": [ [ -1.4919673, 50.9120711 ], [ -1.4919109, 50.9120936 ], [ -1.491997, 50.9121735 ], [ -1.4919425, 50.9121993 ] ] } },
{ "type": "Feature", "properties": { "id": 7, "nach": 0.46555628364008556 }, "geometry": { "type": "LineString", "coordinates": [ [ -1.4917638, 50.9119642 ], [ -1.4919146, 50.912025 ], [ -1.4919275, 50.9120363 ], [ -1.4919673, 50.9120711 ] ] } },
{ "type": "Feature", "properties": { "id": 89931, "nach": 0.0 }, "geometry": { "type": "LineString", "coordinates": [ [ -1.4912248, 50.9130432 ], [ -1.4912075, 50.9130151 ], [ -1.49120290000001, 50.9129928 ], [ -1.4912014, 50.9129755 ], [ -1.4912105, 50.9129547 ], [ -1.4912259, 50.9129311 ], [ -1.491315, 50.9127794 ], [ -1.491366, 50.9126982 ], [ -1.4914304, 50.9126289 ], [ -1.491484, 50.9126221 ], [ -1.491543, 50.9126204 ], [ -1.4916047, 50.9126306 ], [ -1.4916503, 50.9126492 ], [ -1.491704, 50.9126762 ], [ -1.4917683, 50.912683 ], [ -1.4918247, 50.9126813 ], [ -1.4918783, 50.9126644 ], [ -1.4919185, 50.9126306 ], [ -1.4919534, 50.9125967 ], [ -1.4919668, 50.9125663 ], [ -1.4919668, 50.912524 ], [ -1.4919534, 50.9124817 ], [ -1.4919266, 50.9124361 ], [ -1.4918268, 50.912335 ], [ -1.4917281, 50.91224170000001 ], [ -1.4915673, 50.9121413 ], [ -1.4915352, 50.9121162 ], [ -1.4915245, 50.9120891 ], [ -1.4915321, 50.9120659 ], [ -1.4915536, 50.9120476 ], [ -1.4915964, 50.912035 ], [ -1.4917638, 50.9119642 ] ] } },
{ "type": "Feature", "properties": { "id": 27985, "nach": 0.46926009399704333 }, "geometry": { "type": "LineString", "coordinates": [ [ -1.4890964, 50.9094889 ], [ -1.4895836, 50.9099522 ], [ -1.4905339, 50.91079830000001 ], [ -1.4917638, 50.9119642 ] ] } },
{ "type": "Feature", "properties": { "id": 119932, "nach": 0.62782752869441227 }, "geometry": { "type": "LineString", "coordinates": [ [ -1.4919673, 50.9120711 ], [ -1.4920647, 50.9120303 ] ] } },
{ "type": "Feature", "properties": { "id": 89929, "nach": 0.53168229800399824 }, "geometry": { "type": "LineString", "coordinates": [ [ -1.4912248, 50.9130432 ], [ -1.4911106, 50.9130867 ], [ -1.4908316, 50.9131929 ], [ -1.4907944, 50.913207 ] ] } },
{ "type": "Feature", "properties": { "id": 89928, "nach": 0.4101718867677373 }, "geometry": { "type": "LineString", "coordinates": [ [ -1.4912248, 50.9130432 ], [ -1.4912823, 50.9131036 ] ] } },
{ "type": "Feature", "properties": { "id": 27986, "nach": 0.43036870374743458 }, "geometry": { "type": "LineString", "coordinates": [ [ -1.4890964, 50.9094889 ], [ -1.4887284, 50.9096429 ], [ -1.4884865, 50.909736100000011 ], [ -1.4881288, 50.9097926 ], [ -1.4878492, 50.9098774 ], [ -1.4875244, 50.909947 ], [ -1.4871581, 50.9100291 ], [ -1.4868899, 50.9099888 ], [ -1.4866079, 50.909877299999984 ], [ -1.4863819, 50.9097761 ], [ -1.4861409, 50.9096097 ] ] } },
{ "type": "Feature", "properties": { "id": 27984, "nach": 0.45017657512166215 }, "geometry": { "type": "LineString", "coordinates": [ [ -1.4890964, 50.9094889 ], [ -1.488462, 50.9088963 ] ] } },
{ "type": "Feature", "properties": { "id": 92370, "nach": 0.55621724519532612 }, "geometry": { "type": "LineString", "coordinates": [ [ -1.4859351, 50.9056382 ], [ -1.4860967, 50.9056697 ], [ -1.4862085, 50.905687 ], [ -1.4863063, 50.9056916 ], [ -1.4864254, 50.9056902 ] ] } },
{ "type": "Feature", "properties": { "id": 29143, "nach": 0.56345927344604263 }, "geometry": { "type": "LineString", "coordinates": [ [ -1.4865788, 50.9061557 ], [ -1.4865057, 50.90592860000001 ], [ -1.4864254, 50.9056902 ] ] } },
{ "type": "Feature", "properties": { "id": 44516, "nach": 0.49041791719271338 }, "geometry": { "type": "LineString", "coordinates": [ [ -1.4854463, 50.9023527 ], [ -1.4855818, 50.902661 ], [ -1.4856966, 50.9029726 ], [ -1.4857731, 50.9032523 ], [ -1.4858308, 50.9034628 ], [ -1.4860064, 50.9041251 ], [ -1.4861679, 50.9047587 ], [ -1.486264, 50.905122 ], [ -1.4863865, 50.9055473 ], [ -1.4864254, 50.9056902 ] ] } },
{ "type": "Feature", "properties": { "id": 111563, "nach": 0.54258853037965016 }, "geometry": { "type": "LineString", "coordinates": [ [ -1.4855898, 50.905567 ], [ -1.4857806, 50.905608 ], [ -1.4859351, 50.9056382 ] ] } },
{ "type": "Feature", "properties": { "id": 92373, "nach": 0.4203977428409334 }, "geometry": { "type": "LineString", "coordinates": [ [ -1.4860316, 50.905416700000011 ], [ -1.4859655, 50.9055515 ], [ -1.4859351, 50.9056382 ] ] } },
{ "type": "Feature", "properties": { "id": 29145, "nach": 0.57209670563764503 }, "geometry": { "type": "LineString", "coordinates": [ [ -1.4865788, 50.9061557 ], [ -1.4870108, 50.9061062 ], [ -1.4872417, 50.906087 ] ] } },
{ "type": "Feature", "properties": { "id": 94934, "nach": 0.5167035248907258 }, "geometry": { "type": "LineString", "coordinates": [ [ -1.4879114, 50.9083815 ], [ -1.487877, 50.9083493 ], [ -1.4876047, 50.9080339 ], [ -1.4873652, 50.90772650000001 ], [ -1.4870884, 50.9073143 ], [ -1.4870122, 50.9071707 ], [ -1.4868843, 50.9068878 ], [ -1.4867917, 50.9066781 ], [ -1.4865788, 50.9061557 ] ] } },
{ "type": "Feature", "properties": { "id": 13721, "nach": 0.39227654078059687 }, "geometry": { "type": "LineString", "coordinates": [ [ -1.4900618, 50.913373900000011 ], [ -1.4901466, 50.9134573 ] ] } },
{ "type": "Feature", "properties": { "id": 48, "nach": 0.506970848632737 }, "geometry": { "type": "LineString", "coordinates": [ [ -1.4901466, 50.9134573 ], [ -1.4907528, 50.9132833 ], [ -1.4908352, 50.9132597 ] ] } },
{ "type": "Feature", "properties": { "id": 2942, "nach": 0.44637477760517491 }, "geometry": { "type": "LineString", "coordinates": [ [ -1.4874775, 50.9141523 ], [ -1.4882182, 50.9139432 ], [ -1.4901466, 50.9134573 ] ] } },
{ "type": "Feature", "properties": { "id": 13722, "nach": 0.49086396490754086 }, "geometry": { "type": "LineString", "coordinates": [ [ -1.4874067, 50.9140729 ], [ -1.4900618, 50.913373900000011 ] ] } },
{ "type": "Feature", "properties": { "id": 13734, "nach": 0.70776185382709966 }, "geometry": { "type": "LineString", "coordinates": [ [ -1.4907944, 50.913207 ], [ -1.4900618, 50.913373900000011 ] ] } },
{ "type": "Feature", "properties": { "id": 92225, "nach": 0.70496097721113682 }, "geometry": { "type": "LineString", "coordinates": [ [ -1.4899511, 50.913188 ], [ -1.4900618, 50.913373900000011 ] ] } },
{ "type": "Feature", "properties": { "id": 18347, "nach": 0.70834984647697452 }, "geometry": { "type": "LineString", "coordinates": [ [ -1.4908352, 50.9132597 ], [ -1.4907944, 50.913207 ] ] } },
{ "type": "Feature", "properties": { "id": 18348, "nach": 0.71328590577253326 }, "geometry": { "type": "LineString", "coordinates": [ [ -1.4908352, 50.9132597 ], [ -1.4908757, 50.9133151 ], [ -1.4907511, 50.9133512 ], [ -1.49079, 50.9133991 ] ] } },
{ "type": "Feature", "properties": { "id": 18349, "nach": 0.62720000389347119 }, "geometry": { "type": "LineString", "coordinates": [ [ -1.4908352, 50.9132597 ], [ -1.4908509, 50.9132542 ], [ -1.4911268, 50.9131579 ], [ -1.4912823, 50.9131036 ] ] } },
{ "type": "Feature", "properties": { "id": 2940, "nach": 0.63326400079923639 }, "geometry": { "type": "LineString", "coordinates": [ [ -1.4924602, 50.9129509 ], [ -1.4923453, 50.912922800000011 ], [ -1.4922471, 50.9128759 ], [ -1.492173, 50.9128138 ], [ -1.4921287, 50.9127413 ], [ -1.4921176, 50.9126639 ] ] } },
{ "type": "Feature", "properties": { "id": 89927, "nach": 0.62571907056635012 }, "geometry": { "type": "LineString", "coordinates": [ [ -1.4912823, 50.9131036 ], [ -1.4915843, 50.9129983 ], [ -1.4918887, 50.9128587 ], [ -1.4919735, 50.9128047 ], [ -1.4920442, 50.9127492 ], [ -1.4921176, 50.9126639 ] ] } },
{ "type": "Feature", "properties": { "id": 2938, "nach": 0.61216032287866573 }, "geometry": { "type": "LineString", "coordinates": [ [ -1.4929851, 50.91259 ], [ -1.4930073, 50.9126735 ], [ -1.492989, 50.9127574 ], [ -1.4929319, 50.912834 ], [ -1.4928412, 50.9128964 ], [ -1.492725, 50.9129389 ], [ -1.4925941, 50.9129576 ], [ -1.4924602, 50.9129509 ] ] } },
{ "type": "Feature", "properties": { "id": 12111, "nach": 0.6608634082454703 }, "geometry": { "type": "LineString", "coordinates": [ [ -1.4934836, 50.9121273 ], [ -1.4932117, 50.9123384 ], [ -1.4930781, 50.9124565 ], [ -1.4929851, 50.91259 ] ] } },
{ "type": "Feature", "properties": { "id": 25158, "nach": 0.62236849914092585 }, "geometry": { "type": "LineString", "coordinates": [ [ -1.4926525, 50.912402899999989 ], [ -1.4927624, 50.912427 ], [ -1.4928586, 50.9124683 ], [ -1.4929346, 50.9125239 ], [ -1.4929851, 50.91259 ] ] } },
{ "type": "Feature", "properties": { "id": 2939, "nach": 0.67005125752013883 }, "geometry": { "type": "LineString", "coordinates": [ [ -1.4924602, 50.9129509 ], [ -1.4922815, 50.912968 ], [ -1.492129, 50.9129838 ], [ -1.491826, 50.91306 ] ] } },
{ "type": "Feature", "properties": { "id": 11375, "nach": 0.66790533823635223 }, "geometry": { "type": "LineString", "coordinates": [ [ -1.491826, 50.91306 ], [ -1.4917773, 50.9131214 ], [ -1.4917569, 50.9131664 ], [ -1.4917611, 50.91321150000001 ] ] } },
{ "type": "Feature", "properties": { "id": 11376, "nach": 0.49074449963592126 }, "geometry": { "type": "LineString", "coordinates": [ [ -1.491826, 50.91306 ], [ -1.491589, 50.9131304 ], [ -1.4914563, 50.9131769 ] ] } },
{ "type": "Feature", "properties": { "id": 18346, "nach": 0.60943274830234728 }, "geometry": { "type": "LineString", "coordinates": [ [ -1.49079, 50.9133991 ], [ -1.490218, 50.91354840000001 ], [ -1.4897303, 50.9136822 ] ] } },
{ "type": "Feature", "properties": { "id": 92446, "nach": 0.5315019113894851 }, "geometry": { "type": "LineString", "coordinates": [ [ -1.487221, 50.9138415 ], [ -1.4877126, 50.9136923 ], [ -1.4880146, 50.9136631 ], [ -1.4888973, 50.9134388 ], [ -1.4899511, 50.913188 ] ] } },
{ "type": "Feature", "properties": { "id": 92588, "nach": 0.5129211587774245 }, "geometry": { "type": "LineString", "coordinates": [ [ -1.4852848, 50.9054982 ], [ -1.4851535, 50.9054676 ], [ -1.4837815, 50.90502020000001 ] ] } },
{ "type": "Feature", "properties": { "id": 92589, "nach": 0.41666276712900774 }, "geometry": { "type": "LineString", "coordinates": [ [ -1.4851492, 50.9056595 ], [ -1.4852848, 50.9054982 ] ] } },
{ "type": "Feature", "properties": { "id": 111564, "nach": 0.53361432215879545 }, "geometry": { "type": "LineString", "coordinates": [ [ -1.4855898, 50.905567 ], [ -1.48547, 50.90554130000001 ], [ -1.4852848, 50.9054982 ] ] } },
{ "type": "Feature", "properties": { "id": 25159, "nach": 0.59439772128177815 }, "geometry": { "type": "LineString", "coordinates": [ [ -1.4926525, 50.912402899999989 ], [ -1.4929196, 50.9123002 ], [ -1.4931385, 50.9121889 ], [ -1.4937339, 50.9117027 ], [ -1.49422, 50.9112694 ], [ -1.494568, 50.9108588 ] ] } },
{ "type": "Feature", "properties": { "id": 137190, "nach": 0.52820195175297813 }, "geometry": { "type": "LineString", "coordinates": [ [ -1.4824553, 50.9094334 ], [ -1.4822491, 50.9095404 ], [ -1.4819929, 50.9096393 ], [ -1.4817703, 50.90974 ], [ -1.4816906, 50.9097753 ], [ -1.4813055, 50.910007799999988 ], [ -1.481144, 50.9101163 ], [ -1.4810425, 50.9102396 ], [ -1.4809609, 50.9103962 ], [ -1.4809482, 50.9104304 ], [ -1.4809458, 50.910460799999989 ], [ -1.4809547, 50.91054050000001 ] ] } },
{ "type": "Feature", "properties": { "id": 137189, "nach": 0.54100170688006199 }, "geometry": { "type": "LineString", "coordinates": [ [ -1.4824553, 50.9094334 ], [ -1.4826448, 50.909335 ] ] } },
{ "type": "Feature", "properties": { "id": 137214, "nach": 0.44907552877554935 }, "geometry": { "type": "LineString", "coordinates": [ [ -1.4820643, 50.9093465 ], [ -1.4821109, 50.9093812 ], [ -1.4821685, 50.9094011 ], [ -1.4824553, 50.9094334 ] ] } },
{ "type": "Feature", "properties": { "id": 63966, "nach": 0.65272067604290385 }, "geometry": { "type": "LineString", "coordinates": [ [ -1.4811681, 50.9105531 ], [ -1.4813009, 50.9105764 ], [ -1.4814045, 50.9106014 ], [ -1.4815292, 50.9106411 ], [ -1.4816782, 50.9106929 ], [ -1.4818189, 50.910746500000016 ], [ -1.4819718, 50.9108123 ], [ -1.4821193, 50.910888300000018 ], [ -1.4822036, 50.910937 ], [ -1.4822923, 50.9109938 ], [ -1.4823604, 50.9110362 ] ] } },
{ "type": "Feature", "properties": { "id": 10728, "nach": 0.58926228268709624 }, "geometry": { "type": "LineString", "coordinates": [ [ -1.4830231, 50.910764 ], [ -1.4826473, 50.910967 ], [ -1.4824155, 50.9110936 ] ] } },
{ "type": "Feature", "properties": { "id": 69525, "nach": 0.63295102762487276 }, "geometry": { "type": "LineString", "coordinates": [ [ -1.4823728, 50.9111955 ], [ -1.4824114, 50.9111666 ], [ -1.4824221, 50.91114970000001 ], [ -1.4824252, 50.9111324 ], [ -1.4824224, 50.911113600000014 ], [ -1.4824155, 50.9110936 ] ] } },
{ "type": "Feature", "properties": { "id": 63963, "nach": 0.64974127685758398 }, "geometry": { "type": "LineString", "coordinates": [ [ -1.4823604, 50.9110362 ], [ -1.4823973, 50.911069 ], [ -1.4824155, 50.9110936 ] ] } },
{ "type": "Feature", "properties": { "id": 27939, "nach": 0.56475053244542728 }, "geometry": { "type": "LineString", "coordinates": [ [ -1.4834502, 50.9105181 ], [ -1.4830231, 50.910764 ] ] } },
{ "type": "Feature", "properties": { "id": 69519, "nach": 0.51937624951909878 }, "geometry": { "type": "LineString", "coordinates": [ [ -1.4834755, 50.9110609 ], [ -1.4833953, 50.91102510000001 ], [ -1.483354, 50.9110017 ], [ -1.4830231, 50.910764 ] ] } },
{ "type": "Feature", "properties": { "id": 69524, "nach": 0.59493636966841201 }, "geometry": { "type": "LineString", "coordinates": [ [ -1.4823728, 50.9111955 ], [ -1.4821576, 50.911345100000013 ], [ -1.4818133, 50.911584499999989 ] ] } },
{ "type": "Feature", "properties": { "id": 69532, "nach": 0.62751388072948167 }, "geometry": { "type": "LineString", "coordinates": [ [ -1.4824576, 50.9112299 ], [ -1.4823728, 50.9111955 ] ] } },
{ "type": "Feature", "properties": { "id": 63962, "nach": 0.47402424775593738 }, "geometry": { "type": "LineString", "coordinates": [ [ -1.4823604, 50.9110362 ], [ -1.4824341, 50.9110046 ], [ -1.482418, 50.9109921 ], [ -1.4825749, 50.910914100000014 ], [ -1.4827614, 50.9107822 ], [ -1.4830993, 50.9106668 ], [ -1.48341060000001, 50.9104337 ], [ -1.4834802, 50.9103919 ], [ -1.4835318, 50.91037 ], [ -1.4836579, 50.9103256 ], [ -1.4839127, 50.9102424 ] ] } },
{ "type": "Feature", "properties": { "id": 27932, "nach": 0.50126368500478169 }, "geometry": { "type": "LineString", "coordinates": [ [ -1.485462, 50.9117236 ], [ -1.4858534, 50.9114722 ] ] } },
{ "type": "Feature", "properties": { "id": 113524, "nach": 0.5909306199622445 }, "geometry": { "type": "LineString", "coordinates": [ [ -1.4859194, 50.9115456 ], [ -1.4858993, 50.9115198 ], [ -1.4858534, 50.9114722 ] ] } },
{ "type": "Feature", "properties": { "id": 113521, "nach": 0.5870378577015456 }, "geometry": { "type": "LineString", "coordinates": [ [ -1.4855978, 50.911300600000011 ], [ -1.4856879, 50.911356 ], [ -1.4857819, 50.911415 ], [ -1.4858534, 50.9114722 ] ] } },
{ "type": "Feature", "properties": { "id": 113511, "nach": 0.43535074905191484 }, "geometry": { "type": "LineString", "coordinates": [ [ -1.4850996, 50.911495 ], [ -1.485462, 50.9117236 ] ] } },
{ "type": "Feature", "properties": { "id": 69511, "nach": 0.50640363398577537 }, "geometry": { "type": "LineString", "coordinates": [ [ -1.4850027, 50.9119555 ], [ -1.4850586, 50.9119257 ], [ -1.4851493, 50.9118784 ], [ -1.4852545, 50.9118147 ], [ -1.4853798, 50.9117677 ], [ -1.485462, 50.9117236 ] ] } },
{ "type": "Feature", "properties": { "id": 113522, "nach": 0.59421794429703223 }, "geometry": { "type": "LineString", "coordinates": [ [ -1.4859194, 50.9115456 ], [ -1.4859636, 50.9116072 ] ] } },
{ "type": "Feature", "properties": { "id": 113523, "nach": 0.40662797834469455 }, "geometry": { "type": "LineString", "coordinates": [ [ -1.4859194, 50.9115456 ], [ -1.4863458, 50.911273 ] ] } },
{ "type": "Feature", "properties": { "id": 113519, "nach": 0.52150592904155657 }, "geometry": { "type": "LineString", "coordinates": [ [ -1.4855978, 50.911300600000011 ], [ -1.4854858, 50.9112334 ] ] } },
{ "type": "Feature", "properties": { "id": 113520, "nach": 0.55694325874985051 }, "geometry": { "type": "LineString", "coordinates": [ [ -1.4855978, 50.911300600000011 ], [ -1.4859825, 50.9110459 ] ] } },
{ "type": "Feature", "properties": { "id": 27978, "nach": 0.59455513240694224 }, "geometry": { "type": "LineString", "coordinates": [ [ -1.4859636, 50.9116072 ], [ -1.4861711, 50.9119104 ] ] } },
{ "type": "Feature", "properties": { "id": 90123, "nach": 0.65154948470860552 }, "geometry": { "type": "LineString", "coordinates": [ [ -1.4863058, 50.91188 ], [ -1.4861711, 50.9119104 ] ] } },
{ "type": "Feature", "properties": { "id": 10707, "nach": 0.66401964187180762 }, "geometry": { "type": "LineString", "coordinates": [ [ -1.4857617, 50.9120026 ], [ -1.4861711, 50.9119104 ] ] } },
{ "type": "Feature", "properties": { "id": 27980, "nach": 0.44572777501365418 }, "geometry": { "type": "LineString", "coordinates": [ [ -1.4859636, 50.9116072 ], [ -1.4864675, 50.9114953 ] ] } },
{ "type": "Feature", "properties": { "id": 90124, "nach": 0.45030772505159283 }, "geometry": { "type": "LineString", "coordinates": [ [ -1.4863058, 50.91188 ], [ -1.4863914, 50.912028900000017 ] ] } },
{ "type": "Feature", "properties": { "id": 90127, "nach": 0.64620266785269587 }, "geometry": { "type": "LineString", "coordinates": [ [ -1.4863351, 50.9118734 ], [ -1.4863058, 50.91188 ] ] } },
{ "type": "Feature", "properties": { "id": 90008, "nach": 0.67049861280342893 }, "geometry": { "type": "LineString", "coordinates": [ [ -1.4859344, 50.912223 ], [ -1.4857617, 50.9120026 ] ] } },
{ "type": "Feature", "properties": { "id": 90019, "nach": 0.63945552333189171 }, "geometry": { "type": "LineString", "coordinates": [ [ -1.4853033, 50.9121073 ], [ -1.4857617, 50.9120026 ] ] } },
{ "type": "Feature", "properties": { "id": 9652, "nach": 0.62893689696898969 }, "geometry": { "type": "LineString", "coordinates": [ [ -1.48595, 50.9097521 ], [ -1.4859069, 50.9097707 ] ] } },
{ "type": "Feature", "properties": { "id": 107065, "nach": 0.62627425701265416 }, "geometry": { "type": "LineString", "coordinates": [ [ -1.485636, 50.90989050000001 ], [ -1.4859069, 50.9097707 ] ] } },
{ "type": "Feature", "properties": { "id": 69607, "nach": 0.47209860488726202 }, "geometry": { "type": "LineString", "coordinates": [ [ -1.4894552, 50.9112165 ], [ -1.4893897, 50.9111444 ], [ -1.4891913, 50.9109705 ], [ -1.4890962, 50.9108955 ], [ -1.4890303, 50.9108662 ], [ -1.4889631, 50.9108494 ], [ -1.4888716, 50.9108349 ], [ -1.48874, 50.910821 ], [ -1.4884636, 50.9108085 ], [ -1.4883338, 50.910799 ], [ -1.4882397, 50.9107791 ], [ -1.4881388, 50.9107489 ], [ -1.4877686, 50.9106129 ], [ -1.4874663, 50.910485 ], [ -1.4871465, 50.9103392 ], [ -1.4866942, 50.9101676 ], [ -1.4859069, 50.9097707 ] ] } },
{ "type": "Feature", "properties": { "id": 9655, "nach": 0.6304918414596824 }, "geometry": { "type": "LineString", "coordinates": [ [ -1.4861409, 50.9096097 ], [ -1.48595, 50.9097521 ] ] } },
{ "type": "Feature", "properties": { "id": 107063, "nach": 0.43174162384799786 }, "geometry": { "type": "LineString", "coordinates": [ [ -1.4857428, 50.909686 ], [ -1.4858072, 50.90970260000001 ], [ -1.48595, 50.9097521 ] ] } },
{ "type": "Feature", "properties": { "id": 107067, "nach": 0.4056904170568677 }, "geometry": { "type": "LineString", "coordinates": [ [ -1.485636, 50.90989050000001 ], [ -1.4856294, 50.9098373 ], [ -1.4856449, 50.9097997 ], [ -1.4856688, 50.9097455 ], [ -1.4857428, 50.909686 ] ] } },
{ "type": "Feature", "properties": { "id": 107071, "nach": 0.62819987435893332 }, "geometry": { "type": "LineString", "coordinates": [ [ -1.4851762, 50.9100547 ], [ -1.4852144, 50.9100498 ], [ -1.4853169, 50.9100172 ], [ -1.485461, 50.909968 ], [ -1.485636, 50.90989050000001 ] ] } },
{ "type": "Feature", "properties": { "id": 69606, "nach": 0.63683351262751287 }, "geometry": { "type": "LineString", "coordinates": [ [ -1.4894552, 50.9112165 ], [ -1.4896985, 50.9114842 ], [ -1.4898404, 50.9116877 ], [ -1.4899073, 50.9131603 ] ] } },
{ "type": "Feature", "properties": { "id": 69608, "nach": 0.63420477981279844 }, "geometry": { "type": "LineString", "coordinates": [ [ -1.4894552, 50.9112165 ], [ -1.488815, 50.9112787 ], [ -1.4886876, 50.9113294 ], [ -1.4886568, 50.911337 ], [ -1.4886098, 50.9113446 ], [ -1.4885615, 50.9113489 ], [ -1.488372, 50.91136250000001 ], [ -1.4883252, 50.911375 ] ] } },
{ "type": "Feature", "properties": { "id": 94936, "nach": 0.62222362197267012 }, "geometry": { "type": "LineString", "coordinates": [ [ -1.4865942, 50.9093534 ], [ -1.4865521, 50.9093767 ], [ -1.4861409, 50.9096097 ] ] } },
{ "type": "Feature", "properties": { "id": 137228, "nach": 0.5175932985424363 }, "geometry": { "type": "LineString", "coordinates": [ [ -1.48308, 50.9091649 ], [ -1.4832129, 50.9091129 ], [ -1.4834573, 50.9090814 ], [ -1.4834879, 50.9091145 ], [ -1.483504, 50.9091406 ], [ -1.4837276, 50.9091619 ], [ -1.483972, 50.909199 ], [ -1.4843777, 50.9091289 ], [ -1.4843879, 50.909116 ], [ -1.4846073, 50.9088402 ], [ -1.4846297, 50.9088315 ], [ -1.4851808, 50.9087789 ], [ -1.4852847, 50.9088557 ], [ -1.4856445, 50.9091133 ], [ -1.4857333, 50.9091551 ], [ -1.4859157, 50.9092969 ], [ -1.4859856, 50.9093619 ], [ -1.4860554, 50.9094347 ], [ -1.4861119, 50.9094991 ], [ -1.486127, 50.9095171 ], [ -1.4861409, 50.9096097 ] ] } },
{ "type": "Feature", "properties": { "id": 107069, "nach": 0.366544526980351 }, "geometry": { "type": "LineString", "coordinates": [ [ -1.4847029, 50.9098313 ], [ -1.484722, 50.90977560000001 ], [ -1.484765, 50.9097229 ], [ -1.4848963, 50.9096333 ], [ -1.4849954, 50.909598 ], [ -1.4850921, 50.9095784 ], [ -1.4852043, 50.9095724 ], [ -1.4853894, 50.9095912 ], [ -1.4854765, 50.9096123 ], [ -1.485572, 50.9096348 ], [ -1.4857428, 50.909686 ] ] } },
{ "type": "Feature", "properties": { "id": 94937, "nach": 0.61217505711361553 }, "geometry": { "type": "LineString", "coordinates": [ [ -1.4865942, 50.9093534 ], [ -1.4868388, 50.9092178 ], [ -1.4871057, 50.9091206 ], [ -1.4873886, 50.9090554 ], [ -1.4881705, 50.9089567 ], [ -1.488462, 50.9088963 ] ] } },
{ "type": "Feature", "properties": { "id": 94938, "nach": 0.49358921225988189 }, "geometry": { "type": "LineString", "coordinates": [ [ -1.4865942, 50.9093534 ], [ -1.486685, 50.9092491 ], [ -1.4866847, 50.9091482 ], [ -1.4869342, 50.9089884 ], [ -1.4870308, 50.9088489 ], [ -1.4872802, 50.9087405 ], [ -1.4874331, 50.9086499 ], [ -1.4875862, 50.9084877 ], [ -1.4878707, 50.9083932 ], [ -1.4879114, 50.9083815 ] ] } },
{ "type": "Feature", "properties": { "id": 137226, "nach": 0.50800908596472283 }, "geometry": { "type": "LineString", "coordinates": [ [ -1.48308, 50.9091649 ], [ -1.4826448, 50.909335 ] ] } },
{ "type": "Feature", "properties": { "id": 137227, "nach": 0.40076816702376755 }, "geometry": { "type": "LineString", "coordinates": [ [ -1.48308, 50.9091649 ], [ -1.4826939, 50.9088596 ] ] } },
{ "type": "Feature", "properties": { "id": 137220, "nach": 0.4741754081011989 }, "geometry": { "type": "LineString", "coordinates": [ [ -1.4823004, 50.9090476 ], [ -1.4826448, 50.909335 ] ] } },
{ "type": "Feature", "properties": { "id": 137235, "nach": 0.48454511170961351 }, "geometry": { "type": "LineString", "coordinates": [ [ -1.4829428, 50.9095919 ], [ -1.4826448, 50.909335 ] ] } },
{ "type": "Feature", "properties": { "id": 137223, "nach": 0.38040437682095857 }, "geometry": { "type": "LineString", "coordinates": [ [ -1.4826939, 50.9088596 ], [ -1.4823004, 50.9090476 ] ] } },
{ "type": "Feature", "properties": { "id": 137239, "nach": 0.41195702283909119 }, "geometry": { "type": "LineString", "coordinates": [ [ -1.4825804, 50.9096389 ], [ -1.4826093, 50.9096332 ], [ -1.4827494, 50.9096082 ], [ -1.4828286, 50.9096063 ], [ -1.4829428, 50.9095919 ] ] } },
{ "type": "Feature", "properties": { "id": 137238, "nach": 0.41173203962836252 }, "geometry": { "type": "LineString", "coordinates": [ [ -1.4832428, 50.9093989 ], [ -1.483156, 50.9094508 ], [ -1.4830342, 50.9095295 ], [ -1.4829428, 50.9095919 ] ] } },
{ "type": "Feature", "properties": { "id": 90009, "nach": 0.4605052618581626 }, "geometry": { "type": "LineString", "coordinates": [ [ -1.4859344, 50.912223 ], [ -1.4855576, 50.9123387 ] ] } },
{ "type": "Feature", "properties": { "id": 90103, "nach": 0.67155774338300422 }, "geometry": { "type": "LineString", "coordinates": [ [ -1.48596130000001, 50.9122574 ], [ -1.4859344, 50.912223 ] ] } },
{ "type": "Feature", "properties": { "id": 69543, "nach": 0.56008958447354096 }, "geometry": { "type": "LineString", "coordinates": [ [ -1.4848017, 50.9118211 ], [ -1.4847595, 50.911852 ], [ -1.484559, 50.911956 ], [ -1.484324, 50.912073 ], [ -1.4842678, 50.912094 ], [ -1.4842029, 50.91211040000001 ] ] } },
{ "type": "Feature", "properties": { "id": 89987, "nach": 0.66149939287499382 }, "geometry": { "type": "LineString", "coordinates": [ [ -1.4864129, 50.9128337 ], [ -1.4872003, 50.9126021 ], [ -1.4899073, 50.9131603 ] ] } },
{ "type": "Feature", "properties": { "id": 113492, "nach": 0.40739037091061248 }, "geometry": { "type": "LineString", "coordinates": [ [ -1.4838867, 50.9108266 ], [ -1.4834502, 50.9105181 ] ] } },
{ "type": "Feature", "properties": { "id": 69611, "nach": 0.56844926096149462 }, "geometry": { "type": "LineString", "coordinates": [ [ -1.4838986, 50.9103104 ], [ -1.4838743, 50.9103116 ], [ -1.4838268, 50.9103216 ], [ -1.4837919, 50.9103357 ], [ -1.4834502, 50.9105181 ] ] } },
{ "type": "Feature", "properties": { "id": 69526, "nach": 0.49064564336547262 }, "geometry": { "type": "LineString", "coordinates": [ [ -1.4829863, 50.9113447 ], [ -1.4834755, 50.9110609 ] ] } },
{ "type": "Feature", "properties": { "id": 90130, "nach": 0.53724595712007683 }, "geometry": { "type": "LineString", "coordinates": [ [ -1.4838494, 50.9112409 ], [ -1.4837036, 50.9111572 ], [ -1.4836459, 50.9111279 ], [ -1.4835746, 50.9110943 ], [ -1.4835085, 50.9110682 ], [ -1.4834755, 50.9110609 ] ] } },
{ "type": "Feature", "properties": { "id": 113493, "nach": 0.52755416855815696 }, "geometry": { "type": "LineString", "coordinates": [ [ -1.4838867, 50.9108266 ], [ -1.4835782, 50.9110052 ], [ -1.4834755, 50.9110609 ] ] } },
{ "type": "Feature", "properties": { "id": 88716, "nach": 0.5227445588275258 }, "geometry": { "type": "LineString", "coordinates": [ [ -1.4836865, 50.91175530000001 ], [ -1.4841827, 50.91144340000001 ] ] } },
{ "type": "Feature", "properties": { "id": 90133, "nach": 0.61850900424749267 }, "geometry": { "type": "LineString", "coordinates": [ [ -1.4834202, 50.9115179 ], [ -1.4834261, 50.91152060000001 ], [ -1.4834611, 50.9115429 ], [ -1.4835083, 50.9115825 ], [ -1.4835547, 50.9116247 ], [ -1.4836359, 50.9117053 ], [ -1.4836865, 50.91175530000001 ] ] } },
{ "type": "Feature", "properties": { "id": 69599, "nach": 0.56788067733393721 }, "geometry": { "type": "LineString", "coordinates": [ [ -1.4861512, 50.910676 ], [ -1.4860642, 50.910622 ], [ -1.486051, 50.9106157 ], [ -1.4860253, 50.910607 ], [ -1.4859972, 50.9105985 ], [ -1.4859695, 50.9105946 ] ] } },
{ "type": "Feature", "properties": { "id": 10740, "nach": 0.56065216350157865 }, "geometry": { "type": "LineString", "coordinates": [ [ -1.4860572, 50.9103984 ], [ -1.4860487, 50.9104251 ], [ -1.4860325, 50.9104792 ], [ -1.4859979, 50.9105555 ], [ -1.4859695, 50.9105946 ] ] } },
{ "type": "Feature", "properties": { "id": 27990, "nach": 0.5973286425058264 }, "geometry": { "type": "LineString", "coordinates": [ [ -1.4855734, 50.9107921 ], [ -1.4858241, 50.910628 ], [ -1.4858644, 50.910607400000011 ], [ -1.4858983, 50.910598 ], [ -1.485935, 50.910594900000014 ], [ -1.4859695, 50.9105946 ] ] } },
{ "type": "Feature", "properties": { "id": 69597, "nach": 0.55969974459239646 }, "geometry": { "type": "LineString", "coordinates": [ [ -1.4861512, 50.910676 ], [ -1.4862722, 50.9107511 ] ] } },
{ "type": "Feature", "properties": { "id": 69600, "nach": 0.43403984295458042 }, "geometry": { "type": "LineString", "coordinates": [ [ -1.4863189, 50.9105634 ], [ -1.4861512, 50.910676 ] ] } },
{ "type": "Feature", "properties": { "id": 69569, "nach": 0.49833233848025704 }, "geometry": { "type": "LineString", "coordinates": [ [ -1.4861302, 50.9103739 ], [ -1.4860572, 50.9103984 ] ] } },
{ "type": "Feature", "properties": { "id": 69576, "nach": 0.42399694125484155 }, "geometry": { "type": "LineString", "coordinates": [ [ -1.4861503, 50.9100537 ], [ -1.4860631, 50.9103151 ], [ -1.4860572, 50.9103984 ] ] } },
{ "type": "Feature", "properties": { "id": 69574, "nach": 0.42592744660288595 }, "geometry": { "type": "LineString", "coordinates": [ [ -1.4857103, 50.9102386 ], [ -1.4859048, 50.9103612 ], [ -1.4859224, 50.9103685 ], [ -1.4860572, 50.9103984 ] ] } },
{ "type": "Feature", "properties": { "id": 69572, "nach": 0.42695655807995242 }, "geometry": { "type": "LineString", "coordinates": [ [ -1.4858799, 50.9101815 ], [ -1.4859721, 50.9103293 ], [ -1.4859803, 50.910342599999986 ], [ -1.4860572, 50.9103984 ] ] } },
{ "type": "Feature", "properties": { "id": 69601, "nach": 0.4276336087962691 }, "geometry": { "type": "LineString", "coordinates": [ [ -1.4863729, 50.910486300000017 ], [ -1.486175, 50.9104039 ], [ -1.4860572, 50.9103984 ] ] } },
{ "type": "Feature", "properties": { "id": 27987, "nach": 0.51767902642736974 }, "geometry": { "type": "LineString", "coordinates": [ [ -1.4855734, 50.9107921 ], [ -1.4851821, 50.9110492 ] ] } },
{ "type": "Feature", "properties": { "id": 113495, "nach": 0.61279827100797146 }, "geometry": { "type": "LineString", "coordinates": [ [ -1.4851605, 50.9105439 ], [ -1.4855734, 50.9107921 ] ] } },
{ "type": "Feature", "properties": { "id": 113516, "nach": 0.57610096431446234 }, "geometry": { "type": "LineString", "coordinates": [ [ -1.4859825, 50.9110459 ], [ -1.4855734, 50.9107921 ] ] } },
{ "type": "Feature", "properties": { "id": 113514, "nach": 0.52502138081962102 }, "geometry": { "type": "LineString", "coordinates": [ [ -1.4854858, 50.9112334 ], [ -1.4851821, 50.9110492 ] ] } },
{ "type": "Feature", "properties": { "id": 113507, "nach": 0.55921486659033148 }, "geometry": { "type": "LineString", "coordinates": [ [ -1.4851251, 50.9110146 ], [ -1.4851821, 50.9110492 ] ] } },
{ "type": "Feature", "properties": { "id": 113515, "nach": 0.39715127742795364 }, "geometry": { "type": "LineString", "coordinates": [ [ -1.4854858, 50.9112334 ], [ -1.4850996, 50.911495 ] ] } },
{ "type": "Feature", "properties": { "id": 113508, "nach": 0.51572155306314349 }, "geometry": { "type": "LineString", "coordinates": [ [ -1.4851251, 50.9110146 ], [ -1.4847621, 50.9107932 ] ] } },
{ "type": "Feature", "properties": { "id": 113509, "nach": 0.51975072408967316 }, "geometry": { "type": "LineString", "coordinates": [ [ -1.4851251, 50.9110146 ], [ -1.4847355, 50.9112715 ] ] } },
{ "type": "Feature", "properties": { "id": 69575, "nach": 0.4242441970740658 }, "geometry": { "type": "LineString", "coordinates": [ [ -1.4865633, 50.9103637 ], [ -1.4861817, 50.9103735 ], [ -1.4861302, 50.9103739 ] ] } },
{ "type": "Feature", "properties": { "id": 69573, "nach": 0.42768216350765598 }, "geometry": { "type": "LineString", "coordinates": [ [ -1.4862886, 50.9102546 ], [ -1.4861747, 50.9103464 ], [ -1.4861302, 50.9103739 ] ] } },
{ "type": "Feature", "properties": { "id": 13727, "nach": 0.64223340359911851 }, "geometry": { "type": "LineString", "coordinates": [ [ -1.4917611, 50.91321150000001 ], [ -1.491657, 50.9132397 ] ] } },
{ "type": "Feature", "properties": { "id": 13726, "nach": 0.68573513155514254 }, "geometry": { "type": "LineString", "coordinates": [ [ -1.4917611, 50.91321150000001 ], [ -1.4917802, 50.91328690000001 ] ] } },
{ "type": "Feature", "properties": { "id": 14907, "nach": 0.66537379832427723 }, "geometry": { "type": "LineString", "coordinates": [ [ -1.4935713, 50.912188700000016 ], [ -1.4932082, 50.9124776 ], [ -1.4931492, 50.9125523 ], [ -1.4931433, 50.9126552 ], [ -1.4931146, 50.9127666 ], [ -1.493033, 50.9128582 ], [ -1.4929139, 50.9129396 ], [ -1.4927796, 50.912991100000013 ], [ -1.4926238, 50.9130223 ], [ -1.4923856, 50.9130336 ], [ -1.4920176, 50.9131327 ], [ -1.4917611, 50.91321150000001 ] ] } },
{ "type": "Feature", "properties": { "id": 11382, "nach": 0.67457806034524459 }, "geometry": { "type": "LineString", "coordinates": [ [ -1.491657, 50.9132397 ], [ -1.4916033, 50.9132139 ], [ -1.4915347, 50.91319450000001 ], [ -1.4914563, 50.9131769 ] ] } },
{ "type": "Feature", "properties": { "id": 34488, "nach": 0.67642581717877626 }, "geometry": { "type": "LineString", "coordinates": [ [ -1.4914563, 50.9131769 ], [ -1.4912493, 50.9132495 ], [ -1.4911715, 50.9132748 ], [ -1.4908372, 50.9133838 ], [ -1.49079, 50.9133991 ] ] } },
{ "type": "Feature", "properties": { "id": 90872, "nach": 0.7501392340088735 }, "geometry": { "type": "LineString", "coordinates": [ [ -1.4919262, 50.913335600000018 ], [ -1.4917802, 50.91328690000001 ] ] } },
{ "type": "Feature", "properties": { "id": 90875, "nach": 0.50462742477734879 }, "geometry": { "type": "LineString", "coordinates": [ [ -1.4916543, 50.9134427 ], [ -1.4917802, 50.91328690000001 ] ] } },
{ "type": "Feature", "properties": { "id": 11379, "nach": 0.72221815993462046 }, "geometry": { "type": "LineString", "coordinates": [ [ -1.4917802, 50.91328690000001 ], [ -1.4917067, 50.9132645 ], [ -1.491657, 50.9132397 ] ] } },
{ "type": "Feature", "properties": { "id": 90873, "nach": 0.5031281252502503 }, "geometry": { "type": "LineString", "coordinates": [ [ -1.4919262, 50.913335600000018 ], [ -1.4918456, 50.913492 ] ] } },
{ "type": "Feature", "properties": { "id": 90886, "nach": 0.74858328717235845 }, "geometry": { "type": "LineString", "coordinates": [ [ -1.4919833, 50.9133509 ], [ -1.4919618, 50.9133454 ], [ -1.4919262, 50.913335600000018 ] ] } },
{ "type": "Feature", "properties": { "id": 14264, "nach": 0.70779650749592582 }, "geometry": { "type": "LineString", "coordinates": [ [ -1.4912432, 50.9133324 ], [ -1.491657, 50.9132397 ] ] } },
{ "type": "Feature", "properties": { "id": 14266, "nach": 0.74109628944539019 }, "geometry": { "type": "LineString", "coordinates": [ [ -1.4912432, 50.9133324 ], [ -1.4911928, 50.9133479 ], [ -1.49085, 50.913453 ], [ -1.4908303, 50.9134591 ] ] } },
{ "type": "Feature", "properties": { "id": 90869, "nach": 0.69268871967344159 }, "geometry": { "type": "LineString", "coordinates": [ [ -1.4906013, 50.9145451 ], [ -1.4906014, 50.9145389 ], [ -1.49096290000001, 50.9140875 ], [ -1.4910988, 50.9139021 ], [ -1.4912432, 50.9133324 ] ] } },
{ "type": "Feature", "properties": { "id": 90865, "nach": 0.74995896610791901 }, "geometry": { "type": "LineString", "coordinates": [ [ -1.4921632, 50.9138199 ], [ -1.4923364, 50.9134423 ] ] } },
{ "type": "Feature", "properties": { "id": 90882, "nach": 0.74676126985975388 }, "geometry": { "type": "LineString", "coordinates": [ [ -1.4922358, 50.9134172 ], [ -1.4923364, 50.9134423 ] ] } },
{ "type": "Feature", "properties": { "id": 90919, "nach": 0.76391672583801318 }, "geometry": { "type": "LineString", "coordinates": [ [ -1.4924716, 50.9134757 ], [ -1.4923364, 50.9134423 ] ] } },
{ "type": "Feature", "properties": { "id": 90867, "nach": 0.74870935270834071 }, "geometry": { "type": "LineString", "coordinates": [ [ -1.4921632, 50.9138199 ], [ -1.4921237, 50.913906 ], [ -1.4920658, 50.9140046 ], [ -1.4919963, 50.9140991 ], [ -1.4919104, 50.9141863 ] ] } },
{ "type": "Feature", "properties": { "id": 90866, "nach": 0.49471611715103359 }, "geometry": { "type": "LineString", "coordinates": [ [ -1.4921632, 50.9138199 ], [ -1.4918524, 50.9137364 ] ] } },
{ "type": "Feature", "properties": { "id": 90881, "nach": 0.74731963443510618 }, "geometry": { "type": "LineString", "coordinates": [ [ -1.4922358, 50.9134172 ], [ -1.4922029, 50.913409 ] ] } },
{ "type": "Feature", "properties": { "id": 90883, "nach": 0.49977718921456277 }, "geometry": { "type": "LineString", "coordinates": [ [ -1.4922358, 50.9134172 ], [ -1.4925522, 50.9132103 ] ] } },
{ "type": "Feature", "properties": { "id": 90921, "nach": 0.50041673607566795 }, "geometry": { "type": "LineString", "coordinates": [ [ -1.4924716, 50.9134757 ], [ -1.4925337, 50.9133745 ] ] } },
{ "type": "Feature", "properties": { "id": 91161, "nach": 0.76232414525112935 }, "geometry": { "type": "LineString", "coordinates": [ [ -1.4926748, 50.91352590000001 ], [ -1.4924716, 50.9134757 ] ] } },
{ "type": "Feature", "properties": { "id": 69609, "nach": 0.45067219050210983 }, "geometry": { "type": "LineString", "coordinates": [ [ -1.4838986, 50.9103104 ], [ -1.4839127, 50.9102424 ] ] } },
{ "type": "Feature", "properties": { "id": 107074, "nach": 0.49541993447302074 }, "geometry": { "type": "LineString", "coordinates": [ [ -1.4844506, 50.9101371 ], [ -1.4839127, 50.9102424 ] ] } },
{ "type": "Feature", "properties": { "id": 69610, "nach": 0.56936296058484215 }, "geometry": { "type": "LineString", "coordinates": [ [ -1.4838986, 50.9103104 ], [ -1.4839174, 50.9103096 ], [ -1.4839547, 50.9103167 ], [ -1.48399, 50.9103297 ], [ -1.4840228, 50.9103479 ] ] } },
{ "type": "Feature", "properties": { "id": 107075, "nach": 0.48239228574952225 }, "geometry": { "type": "LineString", "coordinates": [ [ -1.4844506, 50.9101371 ], [ -1.4844869, 50.91013 ], [ -1.4846969, 50.9100694 ], [ -1.4849041, 50.9100136 ], [ -1.4849457, 50.9100098 ], [ -1.4849755, 50.9100144 ], [ -1.4850071, 50.9100334 ], [ -1.4850373, 50.910051 ], [ -1.4850859, 50.9100579 ] ] } },
{ "type": "Feature", "properties": { "id": 107076, "nach": 0.36581608566373536 }, "geometry": { "type": "LineString", "coordinates": [ [ -1.4844506, 50.9101371 ], [ -1.4844893, 50.9100925 ], [ -1.4845943, 50.9099804 ], [ -1.4846468, 50.9099126 ], [ -1.4847029, 50.9098313 ] ] } },
{ "type": "Feature", "properties": { "id": 14904, "nach": 0.63090573073611811 }, "geometry": { "type": "LineString", "coordinates": [ [ -1.4935713, 50.912188700000016 ], [ -1.4934836, 50.9121273 ] ] } },
{ "type": "Feature", "properties": { "id": 23119, "nach": 0.60414398055158991 }, "geometry": { "type": "LineString", "coordinates": [ [ -1.4950311, 50.91062130000001 ], [ -1.4946557, 50.911073 ], [ -1.4939257, 50.9117936 ], [ -1.4934836, 50.9121273 ] ] } },
{ "type": "Feature", "properties": { "id": 34493, "nach": 0.58627407990466274 }, "geometry": { "type": "LineString", "coordinates": [ [ -1.4944638, 50.9116891 ], [ -1.4940628, 50.9118929 ], [ -1.4938241, 50.9120172 ], [ -1.4936564, 50.91213470000001 ], [ -1.4935713, 50.912188700000016 ] ] } },
{ "type": "Feature", "properties": { "id": 91516, "nach": 0.68051446405542293 }, "geometry": { "type": "LineString", "coordinates": [ [ -1.494215, 50.9122727 ], [ -1.4938564, 50.9122597 ], [ -1.4935713, 50.912188700000016 ] ] } },
{ "type": "Feature", "properties": { "id": 92224, "nach": 0.69712576700169837 }, "geometry": { "type": "LineString", "coordinates": [ [ -1.4899511, 50.913188 ], [ -1.4899073, 50.9131603 ] ] } },
{ "type": "Feature", "properties": { "id": 92228, "nach": 0.49238085027414591 }, "geometry": { "type": "LineString", "coordinates": [ [ -1.4901976, 50.91291540000001 ], [ -1.4900443, 50.9129577 ], [ -1.4899698, 50.9131288 ], [ -1.4899511, 50.913188 ] ] } },
{ "type": "Feature", "properties": { "id": 111562, "nach": 0.36946035955381029 }, "geometry": { "type": "LineString", "coordinates": [ [ -1.4855898, 50.905567 ], [ -1.4855532, 50.9055985 ], [ -1.4839325, 50.906992 ], [ -1.4838978, 50.9070445 ], [ -1.4837853, 50.9071132 ], [ -1.4833193, 50.9072392 ], [ -1.482864, 50.907375199999983 ], [ -1.4825348, 50.9075049 ], [ -1.4822863, 50.9078352 ], [ -1.4815852, 50.908351599999982 ], [ -1.4807069, 50.9088072 ], [ -1.4803983, 50.9090026 ], [ -1.4801019, 50.909096600000012 ], [ -1.4795817, 50.9093297 ], [ -1.4792319, 50.9094475 ], [ -1.4791689, 50.9094687 ] ] } },
{ "type": "Feature", "properties": { "id": 69271, "nach": 0.5868681059744999 }, "geometry": { "type": "LineString", "coordinates": [ [ -1.4878813, 50.9061438 ], [ -1.4878004, 50.9061295 ], [ -1.4876722, 50.9061109 ], [ -1.4875317, 50.9060947 ], [ -1.4873903, 50.906085 ], [ -1.4872977, 50.9060862 ], [ -1.4872417, 50.906087 ] ] } },
{ "type": "Feature", "properties": { "id": 132812, "nach": 0.41765322833195018 }, "geometry": { "type": "LineString", "coordinates": [ [ -1.4869979, 50.9067244 ], [ -1.4869067, 50.9064994 ], [ -1.4868625, 50.9063252 ], [ -1.4868853, 50.9062787 ], [ -1.4870287, 50.9062119 ], [ -1.4871964, 50.9061654 ], [ -1.4872417, 50.906087 ] ] } },
{ "type": "Feature", "properties": { "id": 119758, "nach": 0.46867932939095908 }, "geometry": { "type": "LineString", "coordinates": [ [ -1.4859928, 50.901903899999986 ], [ -1.4860135, 50.9019693 ], [ -1.4858647, 50.9019942 ], [ -1.4857158, 50.9020619 ], [ -1.4856353, 50.902149 ], [ -1.4856166, 50.902171 ], [ -1.4855629, 50.902259 ], [ -1.4855696, 50.9023638 ], [ -1.4857654, 50.9027969 ], [ -1.4858352, 50.9030142 ], [ -1.4859559, 50.9034895 ], [ -1.486098, 50.9040629 ], [ -1.4862348, 50.9046144 ], [ -1.4863569, 50.9049907 ], [ -1.4865513, 50.9055235 ], [ -1.4866774, 50.9058288 ], [ -1.486711, 50.9058813 ], [ -1.4867794, 50.9059337 ], [ -1.4868424, 50.9059735 ], [ -1.486939, 50.9060014 ], [ -1.487053, 50.9060242 ], [ -1.4871629, 50.9060513 ], [ -1.4872086, 50.906072 ], [ -1.4872417, 50.906087 ] ] } },
{ "type": "Feature", "properties": { "id": 69274, "nach": 0.59044979277401455 }, "geometry": { "type": "LineString", "coordinates": [ [ -1.4879287, 50.9061521 ], [ -1.4878813, 50.9061438 ] ] } },
{ "type": "Feature", "properties": { "id": 69273, "nach": 0.41962066877855514 }, "geometry": { "type": "LineString", "coordinates": [ [ -1.4879446, 50.906588099999986 ], [ -1.487895, 50.9063708 ], [ -1.4878842, 50.9063005 ], [ -1.4878762, 50.9062372 ], [ -1.4878761, 50.9061999 ], [ -1.4878737, 50.9061654 ], [ -1.4878813, 50.9061438 ] ] } },
{ "type": "Feature", "properties": { "id": 18344, "nach": 0.67460702339492196 }, "geometry": { "type": "LineString", "coordinates": [ [ -1.49079, 50.9133991 ], [ -1.4908303, 50.9134591 ] ] } },
{ "type": "Feature", "properties": { "id": 43664, "nach": 0.58482601161802716 }, "geometry": { "type": "LineString", "coordinates": [ [ -1.4906446, 50.913746 ], [ -1.4907222, 50.9136661 ], [ -1.4908265, 50.913475800000015 ], [ -1.4908303, 50.9134591 ] ] } },
{ "type": "Feature", "properties": { "id": 43662, "nach": 0.73290127785090164 }, "geometry": { "type": "LineString", "coordinates": [ [ -1.4905535, 50.913537 ], [ -1.4906235, 50.9135136 ], [ -1.4908303, 50.9134591 ] ] } },
{ "type": "Feature", "properties": { "id": 69419, "nach": 0.67783773027943561 }, "geometry": { "type": "LineString", "coordinates": [ [ -1.4949562, 50.909274899999986 ], [ -1.4952204, 50.9093326 ] ] } },
{ "type": "Feature", "properties": { "id": 14889, "nach": 0.67760667579836775 }, "geometry": { "type": "LineString", "coordinates": [ [ -1.4952642, 50.9092846 ], [ -1.4952204, 50.9093326 ] ] } },
{ "type": "Feature", "properties": { "id": 34536, "nach": 0.53716454008802605 }, "geometry": { "type": "LineString", "coordinates": [ [ -1.4950023, 50.9098813 ], [ -1.495095, 50.9096033 ], [ -1.4952204, 50.9093326 ] ] } },
{ "type": "Feature", "properties": { "id": 69420, "nach": 0.59839645409003728 }, "geometry": { "type": "LineString", "coordinates": [ [ -1.4949562, 50.909274899999986 ], [ -1.4949739, 50.9092385 ], [ -1.4949849, 50.9092112 ], [ -1.4949931, 50.9091835 ], [ -1.49503, 50.908993500000022 ], [ -1.4950477, 50.908931599999988 ], [ -1.4950762, 50.908872899999984 ], [ -1.495111, 50.908814 ], [ -1.4951715, 50.9087324 ] ] } },
{ "type": "Feature", "properties": { "id": 94952, "nach": 0.66210809735414033 }, "geometry": { "type": "LineString", "coordinates": [ [ -1.4946027, 50.9091984 ], [ -1.4949562, 50.909274899999986 ] ] } },
{ "type": "Feature", "properties": { "id": 34530, "nach": 0.68821174329776513 }, "geometry": { "type": "LineString", "coordinates": [ [ -1.4952536, 50.9094122 ], [ -1.4952642, 50.9092846 ] ] } },
{ "type": "Feature", "properties": { "id": 69042, "nach": 0.64525715057099586 }, "geometry": { "type": "LineString", "coordinates": [ [ -1.4967207, 50.907256599999982 ], [ -1.4967295, 50.9072776 ], [ -1.4967358, 50.907302500000021 ], [ -1.4967352, 50.9073272 ], [ -1.4967251, 50.9073547 ], [ -1.4966923, 50.9073919 ], [ -1.4966226, 50.9074583 ], [ -1.4965266, 50.9075587 ], [ -1.4964651, 50.9076346 ], [ -1.4964086, 50.9077096 ], [ -1.4961201, 50.9081069 ], [ -1.4959564, 50.9083382 ], [ -1.4952642, 50.9092846 ] ] } },
{ "type": "Feature", "properties": { "id": 14789, "nach": 0.63027384057254165 }, "geometry": { "type": "LineString", "coordinates": [ [ -1.4923371, 50.9087443 ], [ -1.4923179, 50.9087415 ], [ -1.4920021, 50.9086813 ], [ -1.4918518, 50.908667899999983 ], [ -1.491712, 50.9086617 ], [ -1.491544, 50.9086658 ] ] } },
{ "type": "Feature", "properties": { "id": 126024, "nach": 0.63001539183093469 }, "geometry": { "type": "LineString", "coordinates": [ [ -1.4915335, 50.908188 ], [ -1.4915352, 50.9082817 ], [ -1.491544, 50.9086658 ] ] } },
{ "type": "Feature", "properties": { "id": 126051, "nach": 0.57430256138171065 }, "geometry": { "type": "LineString", "coordinates": [ [ -1.4908597, 50.9087911 ], [ -1.4909218, 50.9087729 ], [ -1.4910926, 50.908727 ], [ -1.4912579, 50.9086929 ], [ -1.4914069, 50.908674799999986 ], [ -1.491544, 50.9086658 ] ] } },
{ "type": "Feature", "properties": { "id": 14788, "nach": 0.54455958173986929 }, "geometry": { "type": "LineString", "coordinates": [ [ -1.4923371, 50.9087443 ], [ -1.4926275, 50.9081207 ] ] } },
{ "type": "Feature", "properties": { "id": 95051, "nach": 0.64401351972647536 }, "geometry": { "type": "LineString", "coordinates": [ [ -1.4923586, 50.9087486 ], [ -1.4923371, 50.9087443 ] ] } },
{ "type": "Feature", "properties": { "id": 126025, "nach": 0.0 }, "geometry": { "type": "LineString", "coordinates": [ [ -1.4915335, 50.908188 ], [ -1.4917926, 50.9077479 ], [ -1.4915157, 50.9076777 ] ] } },
{ "type": "Feature", "properties": { "id": 126037, "nach": 0.63003986329626216 }, "geometry": { "type": "LineString", "coordinates": [ [ -1.4915325, 50.9081395 ], [ -1.4915335, 50.908188 ] ] } },
{ "type": "Feature", "properties": { "id": 126050, "nach": 0.55632970708642127 }, "geometry": { "type": "LineString", "coordinates": [ [ -1.4908597, 50.9087911 ], [ -1.4907862, 50.9088127 ], [ -1.490571, 50.9088877 ] ] } },
{ "type": "Feature", "properties": { "id": 126053, "nach": 0.47080367486431995 }, "geometry": { "type": "LineString", "coordinates": [ [ -1.4906746, 50.9091669 ], [ -1.4908597, 50.9087911 ] ] } },
{ "type": "Feature", "properties": { "id": 14183, "nach": 0.55452743748438516 }, "geometry": { "type": "LineString", "coordinates": [ [ -1.490571, 50.9088877 ], [ -1.4905949, 50.9089188 ], [ -1.490603, 50.908953 ], [ -1.4905944, 50.9089872 ], [ -1.49057, 50.9090182 ], [ -1.490532, 50.9090431 ] ] } },
{ "type": "Feature", "properties": { "id": 45305, "nach": 0.0 }, "geometry": { "type": "LineString", "coordinates": [ [ -1.4903007, 50.9090372 ], [ -1.490263, 50.9090071 ], [ -1.4902433, 50.9089709 ], [ -1.4902437, 50.9089325 ], [ -1.4902642, 50.9088964 ], [ -1.4903025, 50.9088667 ], [ -1.4903543, 50.9088466 ], [ -1.4904138, 50.908838400000015 ], [ -1.4904741, 50.9088431 ], [ -1.4905286, 50.9088602 ], [ -1.490571, 50.9088877 ] ] } },
{ "type": "Feature", "properties": { "id": 126052, "nach": 0.49329435758365137 }, "geometry": { "type": "LineString", "coordinates": [ [ -1.4906746, 50.9091669 ], [ -1.490532, 50.9090431 ] ] } },
{ "type": "Feature", "properties": { "id": 45307, "nach": 0.57477469537136072 }, "geometry": { "type": "LineString", "coordinates": [ [ -1.490532, 50.9090431 ], [ -1.4904766, 50.9090613 ], [ -1.4904146, 50.9090665 ], [ -1.4903536, 50.9090582 ], [ -1.4903007, 50.9090372 ] ] } },
{ "type": "Feature", "properties": { "id": 69466, "nach": 0.51523027271664579 }, "geometry": { "type": "LineString", "coordinates": [ [ -1.4899676, 50.9096089 ], [ -1.4896492, 50.9093276 ] ] } },
{ "type": "Feature", "properties": { "id": 34252, "nach": 0.59095554680120277 }, "geometry": { "type": "LineString", "coordinates": [ [ -1.4900092, 50.9091698 ], [ -1.4896492, 50.9093276 ] ] } },
{ "type": "Feature", "properties": { "id": 14190, "nach": 0.56085138261258738 }, "geometry": { "type": "LineString", "coordinates": [ [ -1.4889107, 50.9086862 ], [ -1.4889624, 50.9087379 ], [ -1.4896492, 50.9093276 ] ] } },
{ "type": "Feature", "properties": { "id": 34263, "nach": 0.54902136222402531 }, "geometry": { "type": "LineString", "coordinates": [ [ -1.4920647, 50.9120303 ], [ -1.4914451, 50.9115149 ], [ -1.4907316, 50.9108993 ], [ -1.4900477, 50.9102372 ], [ -1.4899188, 50.9099979 ], [ -1.4894709, 50.909526 ], [ -1.4894951, 50.909411 ], [ -1.4896492, 50.9093276 ] ] } },
{ "type": "Feature", "properties": { "id": 69468, "nach": 0.47940608535070955 }, "geometry": { "type": "LineString", "coordinates": [ [ -1.4899676, 50.9096089 ], [ -1.4903785, 50.90942840000001 ], [ -1.4906669, 50.9096584 ], [ -1.4908064, 50.909786100000012 ], [ -1.4910343, 50.9100364 ], [ -1.4913328, 50.9102689 ], [ -1.49134460000001, 50.9102804 ], [ -1.4913575, 50.9102945 ], [ -1.4913691, 50.9103122 ], [ -1.491373, 50.910326 ], [ -1.4913737, 50.9103397 ], [ -1.4913695, 50.9103506 ], [ -1.4913602, 50.9103605 ], [ -1.4913455, 50.910372 ], [ -1.4913276, 50.9103815 ], [ -1.4910319, 50.9105332 ] ] } },
{ "type": "Feature", "properties": { "id": 126047, "nach": 0.49721310482049541 }, "geometry": { "type": "LineString", "coordinates": [ [ -1.4894944, 50.9084241 ], [ -1.4895517, 50.9085416 ], [ -1.4896088, 50.9086574 ], [ -1.4896312, 50.9086843 ], [ -1.4896652, 50.9087154 ], [ -1.4897641, 50.9087858 ], [ -1.4897514, 50.9088117 ], [ -1.4897585, 50.9089338 ], [ -1.4898224, 50.9089899 ], [ -1.4899833, 50.9091286 ], [ -1.4900092, 50.9091698 ] ] } },
{ "type": "Feature", "properties": { "id": 45304, "nach": 0.57606163206436589 }, "geometry": { "type": "LineString", "coordinates": [ [ -1.4903007, 50.9090372 ], [ -1.4901818, 50.9091005 ], [ -1.4900092, 50.9091698 ] ] } },
{ "type": "Feature", "properties": { "id": 27942, "nach": 0.62011630821268726 }, "geometry": { "type": "LineString", "coordinates": [ [ -1.488462, 50.9088963 ], [ -1.4889107, 50.9086862 ] ] } },
{ "type": "Feature", "properties": { "id": 69422, "nach": 0.59161956326827925 }, "geometry": { "type": "LineString", "coordinates": [ [ -1.4891591, 50.908397 ], [ -1.4891598, 50.9084001 ], [ -1.4889037, 50.9085353 ], [ -1.4888118, 50.9085759 ], [ -1.4888408, 50.9086107 ], [ -1.4888752, 50.9086496 ], [ -1.4889107, 50.9086862 ] ] } },
{ "type": "Feature", "properties": { "id": 34262, "nach": 0.59296189710199199 }, "geometry": { "type": "LineString", "coordinates": [ [ -1.4920647, 50.9120303 ], [ -1.4923356, 50.9122556 ], [ -1.4925153, 50.91233 ], [ -1.4927138, 50.91230969999998 ], [ -1.4930786, 50.9121085 ], [ -1.4925502, 50.91171270000001 ], [ -1.492494, 50.911637 ] ] } },
{ "type": "Feature", "properties": { "id": 94933, "nach": 0.48206258910906907 }, "geometry": { "type": "LineString", "coordinates": [ [ -1.4879114, 50.9083815 ], [ -1.488462, 50.9088963 ] ] } },
{ "type": "Feature", "properties": { "id": 69421, "nach": 0.59046056269089708 }, "geometry": { "type": "LineString", "coordinates": [ [ -1.4891591, 50.908397 ], [ -1.4892135, 50.9083895 ], [ -1.4894442, 50.9083607 ], [ -1.4894869, 50.9083541 ] ] } },
{ "type": "Feature", "properties": { "id": 69423, "nach": 0.4493206233734186 }, "geometry": { "type": "LineString", "coordinates": [ [ -1.4891591, 50.908397 ], [ -1.489119, 50.9082208 ], [ -1.4891141, 50.90820870000001 ], [ -1.4891074, 50.9081995 ], [ -1.4890913, 50.908190500000011 ], [ -1.4890686, 50.9081877 ], [ -1.489047, 50.9081873 ], [ -1.4884992, 50.908237199999988 ] ] } },
{ "type": "Feature", "properties": { "id": 34518, "nach": 0.58820287506452129 }, "geometry": { "type": "LineString", "coordinates": [ [ -1.4959406, 50.9094385 ], [ -1.4960124, 50.9090207 ] ] } },
{ "type": "Feature", "properties": { "id": 14198, "nach": 0.61634549909255076 }, "geometry": { "type": "LineString", "coordinates": [ [ -1.4965303, 50.9082433 ], [ -1.4965172, 50.9082606 ], [ -1.4963608, 50.90849450000001 ], [ -1.4960124, 50.9090207 ] ] } },
{ "type": "Feature", "properties": { "id": 34540, "nach": 0.70119233565848393 }, "geometry": { "type": "LineString", "coordinates": [ [ -1.4960124, 50.9090207 ], [ -1.495668084819112, 50.90964708220104 ] ] } },
{ "type": "Feature", "properties": { "id": 34519, "nach": 0.62506975928734432 }, "geometry": { "type": "LineString", "coordinates": [ [ -1.4959406, 50.9094385 ], [ -1.4959378, 50.9094551 ], [ -1.4958573, 50.9096005 ] ] } },
{ "type": "Feature", "properties": { "id": 34526, "nach": 0.61949593018420157 }, "geometry": { "type": "LineString", "coordinates": [ [ -1.4960102, 50.9094288 ], [ -1.4959406, 50.9094385 ] ] } },
{ "type": "Feature", "properties": { "id": 34539, "nach": 0.59701580583050984 }, "geometry": { "type": "LineString", "coordinates": [ [ -1.4957702, 50.90976950000001 ], [ -1.4957151, 50.9096732 ], [ -1.4957152, 50.909658 ] ] } },
{ "type": "Feature", "properties": { "id": 34538, "nach": 0.6799441233789677 }, "geometry": { "type": "LineString", "coordinates": [ [ -1.4957702, 50.90976950000001 ], [ -1.4957921, 50.9098078 ] ] } },
{ "type": "Feature", "properties": { "id": 34540, "nach": 0.70119233565848393 }, "geometry": { "type": "LineString", "coordinates": [ [ -1.495668084819112, 50.90964708220104 ], [ -1.4957702, 50.90976950000001 ] ] } },
{ "type": "Feature", "properties": { "id": 132278, "nach": 0.59819949171569586 }, "geometry": { "type": "LineString", "coordinates": [ [ -1.4984616, 50.9089686 ], [ -1.4965303, 50.9082433 ] ] } },
{ "type": "Feature", "properties": { "id": 61188, "nach": 0.51491581272258835 }, "geometry": { "type": "LineString", "coordinates": [ [ -1.498563, 50.9061122 ], [ -1.4975533, 50.9070115 ], [ -1.4965303, 50.9082433 ] ] } },
{ "type": "Feature", "properties": { "id": 14200, "nach": 0.55800531924005592 }, "geometry": { "type": "LineString", "coordinates": [ [ -1.4948326, 50.9104923 ], [ -1.4950023, 50.9098813 ] ] } },
{ "type": "Feature", "properties": { "id": 29108, "nach": 0.59816210009684789 }, "geometry": { "type": "LineString", "coordinates": [ [ -1.494568, 50.9108588 ], [ -1.4948326, 50.9104923 ] ] } },
{ "type": "Feature", "properties": { "id": 14201, "nach": 0.57732412211401607 }, "geometry": { "type": "LineString", "coordinates": [ [ -1.4948326, 50.9104923 ], [ -1.495415820645811, 50.90958862568511 ] ] } },
{ "type": "Feature", "properties": { "id": 34537, "nach": 0.50435557080660542 }, "geometry": { "type": "LineString", "coordinates": [ [ -1.4950023, 50.9098813 ], [ -1.4951089, 50.909789 ], [ -1.4951652, 50.9097011 ], [ -1.4951867, 50.9096267 ] ] } },
{ "type": "Feature", "properties": { "id": 14201, "nach": 0.57732412211401607 }, "geometry": { "type": "LineString", "coordinates": [ [ -1.495415820645811, 50.90958862568511 ], [ -1.498332, 50.905982100000024 ] ] } },
{ "type": "Feature", "properties": { "id": 23121, "nach": 0.51655978266984515 }, "geometry": { "type": "LineString", "coordinates": [ [ -1.4985098, 50.905990299999985 ], [ -1.49560063410497, 50.909631452093123 ] ] } },
{ "type": "Feature", "properties": { "id": 114645, "nach": 0.60487692261169568 }, "geometry": { "type": "LineString", "coordinates": [ [ -1.4963583, 50.9092371 ], [ -1.4963856, 50.9092335 ], [ -1.4964956, 50.9092368 ], [ -1.4966807, 50.9092926 ], [ -1.4970374, 50.9094474 ], [ -1.4971766, 50.9095104 ] ] } },
{ "type": "Feature", "properties": { "id": 114646, "nach": 0.61736452737532022 }, "geometry": { "type": "LineString", "coordinates": [ [ -1.4963583, 50.9092371 ], [ -1.4962636, 50.9092495 ], [ -1.4961429, 50.909296 ], [ -1.496041, 50.9093764 ] ] } },
{ "type": "Feature", "properties": { "id": 114644, "nach": 0.47240421986260567 }, "geometry": { "type": "LineString", "coordinates": [ [ -1.4963583, 50.9092371 ], [ -1.4966724, 50.9088522 ] ] } },
{ "type": "Feature", "properties": { "id": 92028, "nach": 0.47293530904979098 }, "geometry": { "type": "LineString", "coordinates": [ [ -1.4967086, 50.9099889 ], [ -1.4967493, 50.9099819 ], [ -1.496798, 50.9099825 ], [ -1.4968387, 50.9099819 ], [ -1.4968804, 50.9099652 ], [ -1.49700340000001, 50.9099315 ] ] } },
{ "type": "Feature", "properties": { "id": 23118, "nach": 0.59490054906642797 }, "geometry": { "type": "LineString", "coordinates": [ [ -1.4950311, 50.91062130000001 ], [ -1.4952878, 50.9106604 ] ] } },
{ "type": "Feature", "properties": { "id": 92188, "nach": 0.70454758937797457 }, "geometry": { "type": "LineString", "coordinates": [ [ -1.4953951, 50.910485299999984 ], [ -1.4952878, 50.9106604 ] ] } },
{ "type": "Feature", "properties": { "id": 92184, "nach": 0.69966476462882177 }, "geometry": { "type": "LineString", "coordinates": [ [ -1.495418, 50.910753700000015 ], [ -1.4952878, 50.9106604 ] ] } },
{ "type": "Feature", "properties": { "id": 23121, "nach": 0.51655978266984515 }, "geometry": { "type": "LineString", "coordinates": [ [ -1.49560063410497, 50.909631452093123 ], [ -1.4950311, 50.91062130000001 ] ] } },
{ "type": "Feature", "properties": { "id": 92190, "nach": 0.49351977834183425 }, "geometry": { "type": "LineString", "coordinates": [ [ -1.4953951, 50.910485299999984 ], [ -1.4954772, 50.9105001 ], [ -1.4955966, 50.9104892 ] ] } },
{ "type": "Feature", "properties": { "id": 92194, "nach": 0.70188567723805984 }, "geometry": { "type": "LineString", "coordinates": [ [ -1.4955535, 50.9102154 ], [ -1.4954321, 50.9104249 ], [ -1.4953951, 50.910485299999984 ] ] } },
{ "type": "Feature", "properties": { "id": 92185, "nach": 0.67704813727137836 }, "geometry": { "type": "LineString", "coordinates": [ [ -1.495418, 50.910753700000015 ], [ -1.4956708, 50.9109348 ] ] } },
{ "type": "Feature", "properties": { "id": 119738, "nach": 0.61890348139519358 }, "geometry": { "type": "LineString", "coordinates": [ [ -1.4954929, 50.910719399999984 ], [ -1.495418, 50.910753700000015 ] ] } },
{ "type": "Feature", "properties": { "id": 92043, "nach": 0.47959820098592204 }, "geometry": { "type": "LineString", "coordinates": [ [ -1.496905, 50.9107697 ], [ -1.4965372, 50.9105225 ] ] } },
{ "type": "Feature", "properties": { "id": 119740, "nach": 0.61748481351834017 }, "geometry": { "type": "LineString", "coordinates": [ [ -1.4954929, 50.910719399999984 ], [ -1.4957361, 50.91090770000001 ], [ -1.4960528, 50.9111112 ], [ -1.4963893, 50.9113184 ], [ -1.4964671, 50.9113775 ] ] } },
{ "type": "Feature", "properties": { "id": 91730, "nach": 0.60135253962233826 }, "geometry": { "type": "LineString", "coordinates": [ [ -1.4955921, 50.9109961 ], [ -1.4956708, 50.9109348 ] ] } },
{ "type": "Feature", "properties": { "id": 34515, "nach": 0.67687782458485646 }, "geometry": { "type": "LineString", "coordinates": [ [ -1.4963996, 50.9114168 ], [ -1.4956708, 50.9109348 ] ] } },
{ "type": "Feature", "properties": { "id": 114642, "nach": 0.59573633762377753 }, "geometry": { "type": "LineString", "coordinates": [ [ -1.4945815, 50.9115774 ], [ -1.4946003, 50.9115595 ], [ -1.4948795, 50.9113484 ], [ -1.4950349, 50.9114303 ], [ -1.4955921, 50.9109961 ] ] } },
{ "type": "Feature", "properties": { "id": 91734, "nach": 0.42312759066140926 }, "geometry": { "type": "LineString", "coordinates": [ [ -1.4961241, 50.9115788 ], [ -1.4960606, 50.9115356 ], [ -1.496019, 50.9112726 ], [ -1.4955921, 50.9109961 ] ] } },
{ "type": "Feature", "properties": { "id": 91733, "nach": 0.27110308773916758 }, "geometry": { "type": "LineString", "coordinates": [ [ -1.4961241, 50.9115788 ], [ -1.4963996, 50.9114168 ] ] } },
{ "type": "Feature", "properties": { "id": 124368, "nach": 0.49941407942390104 }, "geometry": { "type": "LineString", "coordinates": [ [ -1.4911444, 50.910627400000017 ], [ -1.491091, 50.9105813 ], [ -1.4910319, 50.9105332 ] ] } },
{ "type": "Feature", "properties": { "id": 124369, "nach": 0.52845792862890506 }, "geometry": { "type": "LineString", "coordinates": [ [ -1.4911444, 50.910627400000017 ], [ -1.491193, 50.9106693 ], [ -1.4914049, 50.9108401 ] ] } },
{ "type": "Feature", "properties": { "id": 124370, "nach": 0.44400631249686273 }, "geometry": { "type": "LineString", "coordinates": [ [ -1.4909039, 50.9108056 ], [ -1.4911444, 50.910627400000017 ] ] } },
{ "type": "Feature", "properties": { "id": 34277, "nach": 0.54376413649503086 }, "geometry": { "type": "LineString", "coordinates": [ [ -1.4926696, 50.9079788 ], [ -1.4926275, 50.9081207 ] ] } },
{ "type": "Feature", "properties": { "id": 94985, "nach": 0.4930507164818333 }, "geometry": { "type": "LineString", "coordinates": [ [ -1.4938778, 50.9082666 ], [ -1.4938716, 50.9082788 ], [ -1.4926275, 50.9081207 ] ] } },
{ "type": "Feature", "properties": { "id": 34279, "nach": 0.5175286060391785 }, "geometry": { "type": "LineString", "coordinates": [ [ -1.4926696, 50.9079788 ], [ -1.4925734, 50.9079622 ], [ -1.4925331, 50.9079513 ], [ -1.492486, 50.9079328 ], [ -1.4924517, 50.9079129 ], [ -1.4924335, 50.9078921 ], [ -1.4924241, 50.9078679 ], [ -1.492423, 50.9078489 ], [ -1.492433, 50.9078251 ] ] } },
{ "type": "Feature", "properties": { "id": 34287, "nach": 0.47057844623738043 }, "geometry": { "type": "LineString", "coordinates": [ [ -1.4926226, 50.9077772 ], [ -1.4926578, 50.90779329999998 ], [ -1.4926822, 50.9078132 ], [ -1.4926962, 50.9078365 ], [ -1.4927014, 50.9078561 ], [ -1.4926998, 50.9078747 ], [ -1.4926964, 50.907888 ], [ -1.4926696, 50.9079788 ] ] } },
{ "type": "Feature", "properties": { "id": 111570, "nach": 0.4205649661062274 }, "geometry": { "type": "LineString", "coordinates": [ [ -1.4940187, 50.90788640000001 ], [ -1.4940901, 50.9079558 ], [ -1.4938778, 50.9082666 ] ] } },
{ "type": "Feature", "properties": { "id": 94988, "nach": 0.41618260020413633 }, "geometry": { "type": "LineString", "coordinates": [ [ -1.4942027, 50.9086928 ], [ -1.4943959, 50.908385 ], [ -1.4938778, 50.9082666 ] ] } },
{ "type": "Feature", "properties": { "id": 95052, "nach": 0.63405343474878118 }, "geometry": { "type": "LineString", "coordinates": [ [ -1.4923586, 50.9087486 ], [ -1.4928438, 50.9088422 ] ] } },
{ "type": "Feature", "properties": { "id": 95055, "nach": 0.52566085516803296 }, "geometry": { "type": "LineString", "coordinates": [ [ -1.4920997, 50.90924050000001 ], [ -1.4922345, 50.9090204 ], [ -1.492228, 50.9090107 ], [ -1.4923586, 50.9087486 ] ] } },
{ "type": "Feature", "properties": { "id": 126036, "nach": 0.61492293840779422 }, "geometry": { "type": "LineString", "coordinates": [ [ -1.4915325, 50.9081395 ], [ -1.4915293, 50.9079657 ] ] } },
{ "type": "Feature", "properties": { "id": 126033, "nach": 0.37765529323443603 }, "geometry": { "type": "LineString", "coordinates": [ [ -1.4910204, 50.90799530000001 ], [ -1.491051, 50.9079887 ], [ -1.4911513, 50.9079727 ], [ -1.491258, 50.907962399999988 ], [ -1.4915293, 50.9079657 ] ] } },
{ "type": "Feature", "properties": { "id": 126021, "nach": 0.61574599746655945 }, "geometry": { "type": "LineString", "coordinates": [ [ -1.4915157, 50.9076777 ], [ -1.4915163, 50.9077096 ], [ -1.4915293, 50.9079657 ] ] } },
{ "type": "Feature", "properties": { "id": 126038, "nach": 0.52988180568707988 }, "geometry": { "type": "LineString", "coordinates": [ [ -1.4915325, 50.9081395 ], [ -1.4911714, 50.9080788 ], [ -1.4910521, 50.908038500000011 ], [ -1.4910204, 50.90799530000001 ] ] } },
{ "type": "Feature", "properties": { "id": 126034, "nach": 0.59702046776889606 }, "geometry": { "type": "LineString", "coordinates": [ [ -1.4910204, 50.90799530000001 ], [ -1.4909662, 50.9080069 ], [ -1.4908851, 50.9080302 ], [ -1.4907922, 50.9080602 ], [ -1.4906336, 50.9081209 ] ] } },
{ "type": "Feature", "properties": { "id": 126032, "nach": 0.57930178556827583 }, "geometry": { "type": "LineString", "coordinates": [ [ -1.4910204, 50.90799530000001 ], [ -1.4910079, 50.907954 ] ] } },
{ "type": "Feature", "properties": { "id": 126020, "nach": 0.61533365818943297 }, "geometry": { "type": "LineString", "coordinates": [ [ -1.4915157, 50.9076777 ], [ -1.4915149, 50.9076305 ], [ -1.4915272, 50.9075425 ], [ -1.4915378, 50.907506 ] ] } },
{ "type": "Feature", "properties": { "id": 126041, "nach": 0.6498143438041688 }, "geometry": { "type": "LineString", "coordinates": [ [ -1.4916845, 50.9069741 ], [ -1.4916867, 50.9069938 ], [ -1.491683, 50.90705530000001 ], [ -1.4916734, 50.907108700000016 ], [ -1.4916499, 50.9071833 ] ] } },
{ "type": "Feature", "properties": { "id": 34284, "nach": 0.65381315641568583 }, "geometry": { "type": "LineString", "coordinates": [ [ -1.491557, 50.9074602 ], [ -1.4915982, 50.90732830000001 ], [ -1.4916499, 50.9071833 ] ] } },
{ "type": "Feature", "properties": { "id": 126044, "nach": 0.47530887717843767 }, "geometry": { "type": "LineString", "coordinates": [ [ -1.490861, 50.9071613 ], [ -1.4912818, 50.907143899999987 ], [ -1.4913716, 50.9071439 ], [ -1.4914686, 50.9071529 ], [ -1.4915571, 50.907165100000014 ], [ -1.4916499, 50.9071833 ] ] } },
{ "type": "Feature", "properties": { "id": 126040, "nach": 0.65635471807540191 }, "geometry": { "type": "LineString", "coordinates": [ [ -1.4916845, 50.9069741 ], [ -1.4916783, 50.9069184 ], [ -1.4916747, 50.906910400000015 ] ] } },
{ "type": "Feature", "properties": { "id": 126042, "nach": 0.50760105347905604 }, "geometry": { "type": "LineString", "coordinates": [ [ -1.490861, 50.9071613 ], [ -1.4916845, 50.9069741 ] ] } },
{ "type": "Feature", "properties": { "id": 69436, "nach": 0.64489640668192294 }, "geometry": { "type": "LineString", "coordinates": [ [ -1.4915378, 50.907506 ], [ -1.491557, 50.9074602 ] ] } },
{ "type": "Feature", "properties": { "id": 126018, "nach": 0.55060358095081263 }, "geometry": { "type": "LineString", "coordinates": [ [ -1.4921355, 50.9077502 ], [ -1.4919225, 50.9076994 ], [ -1.4920023, 50.9075708 ], [ -1.491557, 50.9074602 ] ] } },
{ "type": "Feature", "properties": { "id": 126043, "nach": 0.53158712707828681 }, "geometry": { "type": "LineString", "coordinates": [ [ -1.490861, 50.9071613 ], [ -1.4908121, 50.9071633 ], [ -1.4907042, 50.9071714 ] ] } },
{ "type": "Feature", "properties": { "id": 69335, "nach": 0.42332783035216626 }, "geometry": { "type": "LineString", "coordinates": [ [ -1.489729, 50.9073084 ], [ -1.4895878, 50.907341 ] ] } },
{ "type": "Feature", "properties": { "id": 69337, "nach": 0.49459637455832112 }, "geometry": { "type": "LineString", "coordinates": [ [ -1.489729, 50.9073084 ], [ -1.4900543, 50.9072334 ], [ -1.4901875, 50.9072096 ], [ -1.4902445, 50.9072035 ] ] } },
{ "type": "Feature", "properties": { "id": 69336, "nach": 0.42295812710157799 }, "geometry": { "type": "LineString", "coordinates": [ [ -1.489729, 50.9073084 ], [ -1.4896491, 50.90718 ] ] } },
{ "type": "Feature", "properties": { "id": 14800, "nach": 0.6629631638597272 }, "geometry": { "type": "LineString", "coordinates": [ [ -1.4923759, 50.9059642 ], [ -1.4922891, 50.90596390000001 ], [ -1.4921811, 50.9059695 ], [ -1.4919983, 50.9059878 ], [ -1.4917257, 50.90602040000001 ], [ -1.4914642, 50.9060559 ], [ -1.4911036, 50.9060984 ] ] } },
{ "type": "Feature", "properties": { "id": 69338, "nach": 0.65566669785208498 }, "geometry": { "type": "LineString", "coordinates": [ [ -1.4915758, 50.9067389 ], [ -1.4914872, 50.906635799999989 ], [ -1.4913439, 50.90644 ], [ -1.4911764, 50.9062084 ], [ -1.4911036, 50.9060984 ] ] } },
{ "type": "Feature", "properties": { "id": 69445, "nach": 0.65549768986815971 }, "geometry": { "type": "LineString", "coordinates": [ [ -1.4909122, 50.906107500000012 ], [ -1.4909617, 50.9061069 ], [ -1.4911036, 50.9060984 ] ] } },
{ "type": "Feature", "properties": { "id": 69044, "nach": 0.65846891962134502 }, "geometry": { "type": "LineString", "coordinates": [ [ -1.4925544, 50.90598 ], [ -1.4925204, 50.9059765 ], [ -1.4924597, 50.9059703 ], [ -1.4923759, 50.9059642 ] ] } },
{ "type": "Feature", "properties": { "id": 69120, "nach": 0.61201906022261154 }, "geometry": { "type": "LineString", "coordinates": [ [ -1.492635, 50.9055602 ], [ -1.4925454, 50.9056426 ], [ -1.4924738, 50.9057168 ], [ -1.4924243, 50.9057754 ], [ -1.4923915, 50.9058352 ], [ -1.492383, 50.9058838 ], [ -1.4923759, 50.9059642 ] ] } },
{ "type": "Feature", "properties": { "id": 69340, "nach": 0.42614526377742212 }, "geometry": { "type": "LineString", "coordinates": [ [ -1.4915758, 50.9067389 ], [ -1.491813, 50.9066574 ], [ -1.4918425, 50.9066439 ], [ -1.4918733, 50.9066227 ], [ -1.4919068, 50.9065982 ], [ -1.4919645, 50.9065593 ], [ -1.4920342, 50.9065187 ] ] } },
{ "type": "Feature", "properties": { "id": 69342, "nach": 0.65594814736192386 }, "geometry": { "type": "LineString", "coordinates": [ [ -1.4916747, 50.906910400000015 ], [ -1.4916482, 50.906850699999985 ], [ -1.4916061, 50.906784 ], [ -1.4915758, 50.9067389 ] ] } },
{ "type": "Feature", "properties": { "id": 69444, "nach": 0.65353407760078019 }, "geometry": { "type": "LineString", "coordinates": [ [ -1.4909122, 50.906107500000012 ], [ -1.4908007, 50.9061089 ], [ -1.490745, 50.9061065 ] ] } },
{ "type": "Feature", "properties": { "id": 69456, "nach": 0.42330765876970222 }, "geometry": { "type": "LineString", "coordinates": [ [ -1.4910303, 50.9063435 ], [ -1.4909445, 50.906216599999986 ], [ -1.4909284, 50.9061904 ], [ -1.4909177, 50.9061625 ], [ -1.4909127, 50.9061333 ], [ -1.4909122, 50.906107500000012 ] ] } },
{ "type": "Feature", "properties": { "id": 69213, "nach": 0.42001349495206908 }, "geometry": { "type": "LineString", "coordinates": [ [ -1.4923936, 50.9062086 ], [ -1.4925544, 50.90598 ] ] } },
{ "type": "Feature", "properties": { "id": 95073, "nach": 0.65773860989605204 }, "geometry": { "type": "LineString", "coordinates": [ [ -1.49259170000001, 50.9059866 ], [ -1.4925734, 50.9059834 ], [ -1.4925544, 50.90598 ] ] } },
{ "type": "Feature", "properties": { "id": 69119, "nach": 0.55167156317208643 }, "geometry": { "type": "LineString", "coordinates": [ [ -1.492635, 50.9055602 ], [ -1.4923199, 50.9053985 ] ] } },
{ "type": "Feature", "properties": { "id": 69121, "nach": 0.57475912360011627 }, "geometry": { "type": "LineString", "coordinates": [ [ -1.492635, 50.9055602 ], [ -1.4928233, 50.9053871 ], [ -1.4930106, 50.905214899999983 ] ] } },
{ "type": "Feature", "properties": { "id": 95058, "nach": 0.64108455611868609 }, "geometry": { "type": "LineString", "coordinates": [ [ -1.4957199, 50.906940400000011 ], [ -1.4960171, 50.9070473 ] ] } },
{ "type": "Feature", "properties": { "id": 69037, "nach": 0.65741108581134511 }, "geometry": { "type": "LineString", "coordinates": [ [ -1.4960927, 50.9070738 ], [ -1.4960171, 50.9070473 ] ] } },
{ "type": "Feature", "properties": { "id": 69090, "nach": 0.55604185721967425 }, "geometry": { "type": "LineString", "coordinates": [ [ -1.4962964, 50.9067617 ], [ -1.4960171, 50.9070473 ] ] } },
{ "type": "Feature", "properties": { "id": 95057, "nach": 0.64011849847132163 }, "geometry": { "type": "LineString", "coordinates": [ [ -1.4957199, 50.906940400000011 ], [ -1.4956996, 50.9069331 ] ] } },
{ "type": "Feature", "properties": { "id": 95059, "nach": 0.43780255964066483 }, "geometry": { "type": "LineString", "coordinates": [ [ -1.4957199, 50.906940400000011 ], [ -1.4954809, 50.9071845 ] ] } },
{ "type": "Feature", "properties": { "id": 69239, "nach": 0.65843886182995348 }, "geometry": { "type": "LineString", "coordinates": [ [ -1.4965867, 50.9071895 ], [ -1.4965543, 50.90718 ], [ -1.4961823, 50.90709780000001 ], [ -1.4960927, 50.9070738 ] ] } },
{ "type": "Feature", "properties": { "id": 94583, "nach": 0.4344407080868396 }, "geometry": { "type": "LineString", "coordinates": [ [ -1.4956385, 50.907507399999986 ], [ -1.4958129, 50.9075649 ], [ -1.4958504, 50.9075565 ], [ -1.4959765, 50.907389 ], [ -1.4960051, 50.9072708 ], [ -1.4960301, 50.9071675 ], [ -1.4960927, 50.9070738 ] ] } },
{ "type": "Feature", "properties": { "id": 69091, "nach": 0.48895061529380096 }, "geometry": { "type": "LineString", "coordinates": [ [ -1.4962964, 50.9067617 ], [ -1.4960234, 50.9066464 ] ] } },
{ "type": "Feature", "properties": { "id": 69227, "nach": 0.54864788196087022 }, "geometry": { "type": "LineString", "coordinates": [ [ -1.4967307, 50.906249200000019 ], [ -1.4967334, 50.906267800000016 ], [ -1.4967259, 50.9063101 ], [ -1.4967064, 50.9063427 ], [ -1.4962964, 50.9067617 ] ] } },
{ "type": "Feature", "properties": { "id": 69205, "nach": 0.65172118338330709 }, "geometry": { "type": "LineString", "coordinates": [ [ -1.494621, 50.9065539 ], [ -1.4947141, 50.9065848 ] ] } },
{ "type": "Feature", "properties": { "id": 69232, "nach": 0.64825179557775547 }, "geometry": { "type": "LineString", "coordinates": [ [ -1.4948251, 50.9066235 ], [ -1.4947141, 50.9065848 ] ] } },
{ "type": "Feature", "properties": { "id": 69263, "nach": 0.4695898870585779 }, "geometry": { "type": "LineString", "coordinates": [ [ -1.4957932, 50.9057368 ], [ -1.4957819, 50.9057326 ], [ -1.4957485, 50.905724400000011 ], [ -1.4957165, 50.9057217 ], [ -1.495687, 50.9057302 ], [ -1.495661, 50.9057458 ], [ -1.4953408, 50.906026700000012 ], [ -1.4951048, 50.9062325 ], [ -1.4948415, 50.906462 ], [ -1.4947141, 50.9065848 ] ] } },
{ "type": "Feature", "properties": { "id": 69204, "nach": 0.65139562844213661 }, "geometry": { "type": "LineString", "coordinates": [ [ -1.494621, 50.9065539 ], [ -1.4945257, 50.9065235 ] ] } },
{ "type": "Feature", "properties": { "id": 69217, "nach": 0.42698317070366376 }, "geometry": { "type": "LineString", "coordinates": [ [ -1.494542, 50.906634 ], [ -1.494621, 50.9065539 ] ] } },
{ "type": "Feature", "properties": { "id": 69234, "nach": 0.64782816282510025 }, "geometry": { "type": "LineString", "coordinates": [ [ -1.4948251, 50.9066235 ], [ -1.4948819, 50.9066417 ], [ -1.4949576, 50.9066708 ] ] } },
{ "type": "Feature", "properties": { "id": 69233, "nach": 0.42832072932331383 }, "geometry": { "type": "LineString", "coordinates": [ [ -1.4948251, 50.9066235 ], [ -1.4947245, 50.90673120000001 ] ] } },
{ "type": "Feature", "properties": { "id": 69261, "nach": 0.46173296509766693 }, "geometry": { "type": "LineString", "coordinates": [ [ -1.4957932, 50.9057368 ], [ -1.4960786, 50.905844499999986 ] ] } },
{ "type": "Feature", "properties": { "id": 69262, "nach": 0.41847767699974686 }, "geometry": { "type": "LineString", "coordinates": [ [ -1.4957932, 50.9057368 ], [ -1.4959543, 50.9055921 ] ] } },
{ "type": "Feature", "properties": { "id": 69041, "nach": 0.6040446236051088 }, "geometry": { "type": "LineString", "coordinates": [ [ -1.4967207, 50.907256599999982 ], [ -1.4968049, 50.907235 ], [ -1.4968398, 50.9072199 ], [ -1.4968728, 50.9071984 ], [ -1.4969745, 50.9071023 ], [ -1.4971868, 50.9069017 ] ] } },
{ "type": "Feature", "properties": { "id": 69265, "nach": 0.60008879844417806 }, "geometry": { "type": "LineString", "coordinates": [ [ -1.4978944, 50.906257 ], [ -1.4978365, 50.9063282 ], [ -1.4977959, 50.906377 ], [ -1.4977397, 50.906432 ], [ -1.4976362, 50.9065236 ], [ -1.4975554, 50.9065972 ], [ -1.4974858, 50.906661899999989 ], [ -1.4974143, 50.9067362 ], [ -1.4973218, 50.9068191 ], [ -1.4972507, 50.9068704 ], [ -1.4972205, 50.9068853 ], [ -1.4971868, 50.9069017 ] ] } },
{ "type": "Feature", "properties": { "id": 69240, "nach": 0.66054586697697248 }, "geometry": { "type": "LineString", "coordinates": [ [ -1.4965867, 50.9071895 ], [ -1.4966453, 50.9072066 ], [ -1.4966897, 50.9072303 ], [ -1.4967207, 50.907256599999982 ] ] } },
{ "type": "Feature", "properties": { "id": 94819, "nach": 0.59775158619013902 }, "geometry": { "type": "LineString", "coordinates": [ [ -1.4982497, 50.9059495 ], [ -1.4980928, 50.9060913 ], [ -1.4978944, 50.906257 ] ] } },
{ "type": "Feature", "properties": { "id": 73786, "nach": 0.0 }, "geometry": { "type": "LineString", "coordinates": [ [ -1.4973955, 50.908193 ], [ -1.4973967, 50.9081846 ], [ -1.4973847, 50.908152 ], [ -1.4973591, 50.9081266 ], [ -1.4973202, 50.908106900000014 ], [ -1.4972778, 50.9080968 ], [ -1.4972298, 50.9080954 ], [ -1.4971875, 50.9081025 ], [ -1.4971494, 50.908117400000016 ], [ -1.497125, 50.9081341 ], [ -1.4971093, 50.9081514 ], [ -1.4970997, 50.9081706 ], [ -1.4970967, 50.90819 ], [ -1.4971033, 50.9082173 ], [ -1.4971177, 50.9082378 ], [ -1.4971361, 50.9082534 ], [ -1.4971735, 50.9082721 ], [ -1.4972115, 50.9082815 ], [ -1.4972602, 50.9082837 ], [ -1.4973059, 50.9082765 ], [ -1.4973414, 50.9082629 ], [ -1.4973656, 50.9082473 ], [ -1.497382, 50.9082305 ], [ -1.497393, 50.9082108 ], [ -1.4973955, 50.908193 ] ] } },
{ "type": "Feature", "properties": { "id": 34531, "nach": 0.68848956277534556 }, "geometry": { "type": "LineString", "coordinates": [ [ -1.4952536, 50.9094122 ], [ -1.4952481, 50.9094782 ] ] } },
{ "type": "Feature", "properties": { "id": 34535, "nach": 0.43462761887862406 }, "geometry": { "type": "LineString", "coordinates": [ [ -1.4951867, 50.9096267 ], [ -1.4951894, 50.9096115 ], [ -1.4951934, 50.9095303 ], [ -1.4952175, 50.9094702 ], [ -1.4952536, 50.9094122 ] ] } },
{ "type": "Feature", "properties": { "id": 14895, "nach": 0.69105892411040049 }, "geometry": { "type": "LineString", "coordinates": [ [ -1.4952979, 50.9095613 ], [ -1.4952481, 50.9094782 ] ] } },
{ "type": "Feature", "properties": { "id": 34523, "nach": 0.47930720888740691 }, "geometry": { "type": "LineString", "coordinates": [ [ -1.4956494, 50.9091218 ], [ -1.4955716, 50.9091962 ], [ -1.4955475, 50.9092258 ], [ -1.4952739, 50.9094677 ], [ -1.4952481, 50.9094782 ] ] } },
{ "type": "Feature", "properties": { "id": 34534, "nach": 0.51306269278683292 }, "geometry": { "type": "LineString", "coordinates": [ [ -1.4951867, 50.9096267 ], [ -1.4952692, 50.90956760000001 ], [ -1.4952979, 50.9095613 ] ] } },
{ "type": "Feature", "properties": { "id": 34510, "nach": 0.71632444292724795 }, "geometry": { "type": "LineString", "coordinates": [ [ -1.4952979, 50.9095613 ], [ -1.495668084819112, 50.90964708220104 ] ] } },
{ "type": "Feature", "properties": { "id": 34511, "nach": 0.6082901029685619 }, "geometry": { "type": "LineString", "coordinates": [ [ -1.4957152, 50.909658 ], [ -1.4958573, 50.9096005 ] ] } },
{ "type": "Feature", "properties": { "id": 34510, "nach": 0.71632444292724795 }, "geometry": { "type": "LineString", "coordinates": [ [ -1.495415820645811, 50.90958862568511 ], [ -1.4957152, 50.909658 ] ] } },
{ "type": "Feature", "properties": { "id": 114640, "nach": 0.59786442206932 }, "geometry": { "type": "LineString", "coordinates": [ [ -1.4945815, 50.9115774 ], [ -1.4944638, 50.9116891 ] ] } },
{ "type": "Feature", "properties": { "id": 114636, "nach": 0.57136365243600495 }, "geometry": { "type": "LineString", "coordinates": [ [ -1.4944059, 50.9118762 ], [ -1.4943967, 50.9118312 ], [ -1.4944262, 50.9117356 ], [ -1.4944638, 50.9116891 ] ] } },
{ "type": "Feature", "properties": { "id": 91514, "nach": 0.67932146701328677 }, "geometry": { "type": "LineString", "coordinates": [ [ -1.494215, 50.9122727 ], [ -1.4942569, 50.9122742 ] ] } },
{ "type": "Feature", "properties": { "id": 91515, "nach": 0.4988271192205222 }, "geometry": { "type": "LineString", "coordinates": [ [ -1.494215, 50.9122727 ], [ -1.4941202, 50.912435299999984 ] ] } },
{ "type": "Feature", "properties": { "id": 29111, "nach": 0.55528456138799798 }, "geometry": { "type": "LineString", "coordinates": [ [ -1.4937271, 50.9104698 ], [ -1.4939896, 50.9105925 ], [ -1.494568, 50.9108588 ] ] } },
{ "type": "Feature", "properties": { "id": 27967, "nach": 0.57086768342341865 }, "geometry": { "type": "LineString", "coordinates": [ [ -1.4843745, 50.9105571 ], [ -1.4847836, 50.9103169 ] ] } },
{ "type": "Feature", "properties": { "id": 69535, "nach": 0.62133211261804211 }, "geometry": { "type": "LineString", "coordinates": [ [ -1.4849574, 50.9104216 ], [ -1.4847836, 50.9103169 ] ] } },
{ "type": "Feature", "properties": { "id": 27955, "nach": 0.61656917899691766 }, "geometry": { "type": "LineString", "coordinates": [ [ -1.4850565, 50.9100686 ], [ -1.4848158, 50.91030270000001 ], [ -1.4847836, 50.9103169 ] ] } },
{ "type": "Feature", "properties": { "id": 113498, "nach": 0.51416070723067875 }, "geometry": { "type": "LineString", "coordinates": [ [ -1.4847621, 50.9107932 ], [ -1.4843745, 50.9105571 ] ] } },
{ "type": "Feature", "properties": { "id": 27969, "nach": 0.55384722343085957 }, "geometry": { "type": "LineString", "coordinates": [ [ -1.4840228, 50.9103479 ], [ -1.4843745, 50.9105571 ] ] } },
{ "type": "Feature", "properties": { "id": 69513, "nach": 0.54395610531645644 }, "geometry": { "type": "LineString", "coordinates": [ [ -1.4839455, 50.9107933 ], [ -1.4843745, 50.9105571 ] ] } },
{ "type": "Feature", "properties": { "id": 69537, "nach": 0.43624099756482171 }, "geometry": { "type": "LineString", "coordinates": [ [ -1.4849574, 50.9104216 ], [ -1.4850063, 50.9103916 ], [ -1.4850586, 50.910354400000017 ], [ -1.4852893, 50.9101848 ] ] } },
{ "type": "Feature", "properties": { "id": 113494, "nach": 0.62063428071256643 }, "geometry": { "type": "LineString", "coordinates": [ [ -1.4851605, 50.9105439 ], [ -1.4849574, 50.9104216 ] ] } },
{ "type": "Feature", "properties": { "id": 69603, "nach": 0.62388808037672883 }, "geometry": { "type": "LineString", "coordinates": [ [ -1.4850859, 50.9100579 ], [ -1.4850565, 50.9100686 ] ] } },
{ "type": "Feature", "properties": { "id": 27971, "nach": 0.48262251500862696 }, "geometry": { "type": "LineString", "coordinates": [ [ -1.4840228, 50.9103479 ], [ -1.4840509, 50.9103369 ], [ -1.4841667, 50.9102769 ], [ -1.4850565, 50.9100686 ] ] } },
{ "type": "Feature", "properties": { "id": 113510, "nach": 0.46345613394200502 }, "geometry": { "type": "LineString", "coordinates": [ [ -1.4850996, 50.911495 ], [ -1.4850244, 50.9114476 ] ] } },
{ "type": "Feature", "properties": { "id": 69542, "nach": 0.54456825824188804 }, "geometry": { "type": "LineString", "coordinates": [ [ -1.4848017, 50.9118211 ], [ -1.4849252, 50.9118961 ], [ -1.4849701, 50.9119251 ], [ -1.4850027, 50.9119555 ] ] } },
{ "type": "Feature", "properties": { "id": 90026, "nach": 0.56467931571193886 }, "geometry": { "type": "LineString", "coordinates": [ [ -1.4851134, 50.9121507 ], [ -1.4850241, 50.9119897 ], [ -1.4850027, 50.9119555 ] ] } },
{ "type": "Feature", "properties": { "id": 113491, "nach": 0.51256913102639956 }, "geometry": { "type": "LineString", "coordinates": [ [ -1.4838867, 50.9108266 ], [ -1.4839455, 50.9107933 ] ] } },
{ "type": "Feature", "properties": { "id": 107072, "nach": 0.62950330406696364 }, "geometry": { "type": "LineString", "coordinates": [ [ -1.4851762, 50.9100547 ], [ -1.4851569, 50.9100572 ], [ -1.4850859, 50.9100579 ] ] } },
{ "type": "Feature", "properties": { "id": 90188, "nach": 0.59402117525005527 }, "geometry": { "type": "LineString", "coordinates": [ [ -1.4873265, 50.9116414 ], [ -1.4871591, 50.9113375 ] ] } },
{ "type": "Feature", "properties": { "id": 27960, "nach": 0.50372205335292741 }, "geometry": { "type": "LineString", "coordinates": [ [ -1.4864675, 50.9114953 ], [ -1.4871591, 50.9113375 ] ] } },
{ "type": "Feature", "properties": { "id": 27964, "nach": 0.57888226803566989 }, "geometry": { "type": "LineString", "coordinates": [ [ -1.4868297, 50.9110921 ], [ -1.487054, 50.9112312 ], [ -1.4871121, 50.9112759 ], [ -1.4871591, 50.9113375 ] ] } },
{ "type": "Feature", "properties": { "id": 90190, "nach": 0.62699581589391795 }, "geometry": { "type": "LineString", "coordinates": [ [ -1.4873265, 50.9116414 ], [ -1.4872025, 50.9116719 ] ] } },
{ "type": "Feature", "properties": { "id": 90191, "nach": 0.44452774224100217 }, "geometry": { "type": "LineString", "coordinates": [ [ -1.4873265, 50.9116414 ], [ -1.4874323, 50.9118255 ], [ -1.4874639, 50.911869899999985 ] ] } },
{ "type": "Feature", "properties": { "id": 90194, "nach": 0.63145762783809511 }, "geometry": { "type": "LineString", "coordinates": [ [ -1.4874443, 50.91161 ], [ -1.4873265, 50.9116414 ] ] } },
{ "type": "Feature", "properties": { "id": 69515, "nach": 0.48645555367905874 }, "geometry": { "type": "LineString", "coordinates": [ [ -1.4863458, 50.911273 ], [ -1.4864675, 50.9114953 ] ] } },
{ "type": "Feature", "properties": { "id": 69595, "nach": 0.55584137372155562 }, "geometry": { "type": "LineString", "coordinates": [ [ -1.4862722, 50.9107511 ], [ -1.4868297, 50.9110921 ] ] } },
{ "type": "Feature", "properties": { "id": 27972, "nach": 0.57993133280549802 }, "geometry": { "type": "LineString", "coordinates": [ [ -1.4872005, 50.9108486 ], [ -1.4868297, 50.9110921 ] ] } },
{ "type": "Feature", "properties": { "id": 113518, "nach": 0.49517224646102836 }, "geometry": { "type": "LineString", "coordinates": [ [ -1.4859825, 50.9110459 ], [ -1.4862676, 50.9112223 ], [ -1.4863458, 50.911273 ] ] } },
{ "type": "Feature", "properties": { "id": 69602, "nach": 0.43035456444271131 }, "geometry": { "type": "LineString", "coordinates": [ [ -1.4865512, 50.9105743 ], [ -1.4862722, 50.9107511 ] ] } },
{ "type": "Feature", "properties": { "id": 69587, "nach": 0.51511047830353307 }, "geometry": { "type": "LineString", "coordinates": [ [ -1.4872323, 50.9108603 ], [ -1.4872005, 50.9108486 ] ] } },
{ "type": "Feature", "properties": { "id": 69578, "nach": 0.54094297350275133 }, "geometry": { "type": "LineString", "coordinates": [ [ -1.4871206, 50.9108121 ], [ -1.4872005, 50.9108486 ] ] } },
{ "type": "Feature", "properties": { "id": 113499, "nach": 0.50135520035172476 }, "geometry": { "type": "LineString", "coordinates": [ [ -1.4847621, 50.9107932 ], [ -1.4851605, 50.9105439 ] ] } },
{ "type": "Feature", "properties": { "id": 113503, "nach": 0.50040049404523523 }, "geometry": { "type": "LineString", "coordinates": [ [ -1.4843743, 50.9110512 ], [ -1.4847621, 50.9107932 ] ] } },
{ "type": "Feature", "properties": { "id": 90135, "nach": 0.4920069922822573 }, "geometry": { "type": "LineString", "coordinates": [ [ -1.4843023, 50.9110073 ], [ -1.4839455, 50.9107933 ] ] } },
{ "type": "Feature", "properties": { "id": 69589, "nach": 0.42418117564661312 }, "geometry": { "type": "LineString", "coordinates": [ [ -1.4872323, 50.9108603 ], [ -1.4872633, 50.9108728 ], [ -1.4873237, 50.9108897 ], [ -1.4873505, 50.9108948 ], [ -1.4873908, 50.9108956 ], [ -1.487427, 50.9108914 ], [ -1.4874685, 50.910885500000013 ], [ -1.487608, 50.9108601 ] ] } },
{ "type": "Feature", "properties": { "id": 69593, "nach": 0.42522854188721071 }, "geometry": { "type": "LineString", "coordinates": [ [ -1.4875329, 50.9107561 ], [ -1.4872323, 50.9108603 ] ] } },
{ "type": "Feature", "properties": { "id": 113893, "nach": 0.42418117564661312 }, "geometry": { "type": "LineString", "coordinates": [ [ -1.4874917, 50.9110538 ], [ -1.48727030000001, 50.9109202 ], [ -1.4872323, 50.9108603 ] ] } },
{ "type": "Feature", "properties": { "id": 69583, "nach": 0.4970401487562574 }, "geometry": { "type": "LineString", "coordinates": [ [ -1.4871686, 50.9107718 ], [ -1.4871206, 50.9108121 ] ] } },
{ "type": "Feature", "properties": { "id": 69592, "nach": 0.4236510464446816 }, "geometry": { "type": "LineString", "coordinates": [ [ -1.4869978, 50.9105836 ], [ -1.4871206, 50.9108121 ] ] } },
{ "type": "Feature", "properties": { "id": 69591, "nach": 0.4236510464446816 }, "geometry": { "type": "LineString", "coordinates": [ [ -1.4868342, 50.9106495 ], [ -1.4870582, 50.9107832 ], [ -1.4871206, 50.9108121 ] ] } },
{ "type": "Feature", "properties": { "id": 69404, "nach": 0.53579865293647955 }, "geometry": { "type": "LineString", "coordinates": [ [ -1.492951, 50.9101284 ], [ -1.4929913, 50.910126799999986 ], [ -1.4930473, 50.9101377 ], [ -1.4931097, 50.9101636 ], [ -1.4937271, 50.9104698 ] ] } },
{ "type": "Feature", "properties": { "id": 29117, "nach": 0.42345765084377102 }, "geometry": { "type": "LineString", "coordinates": [ [ -1.492494, 50.911637 ], [ -1.4925983, 50.9115711 ], [ -1.492811, 50.9113515 ], [ -1.49318, 50.9109771 ], [ -1.4937271, 50.9104698 ] ] } },
{ "type": "Feature", "properties": { "id": 69405, "nach": 0.53606158946062765 }, "geometry": { "type": "LineString", "coordinates": [ [ -1.492951, 50.9101284 ], [ -1.4929568, 50.9101032 ], [ -1.4929864, 50.9100939 ], [ -1.4930003, 50.9100898 ], [ -1.4931205, 50.9100542 ], [ -1.4931942, 50.9100482 ], [ -1.4932505, 50.9100034 ], [ -1.493386, 50.9099442 ], [ -1.4934343, 50.9098106 ], [ -1.4934316, 50.9097658 ], [ -1.493433, 50.9097218 ], [ -1.4934101, 50.9096931 ], [ -1.4933887, 50.9096643 ], [ -1.4933519, 50.909625 ] ] } },
{ "type": "Feature", "properties": { "id": 69489, "nach": 0.52491573056672425 }, "geometry": { "type": "LineString", "coordinates": [ [ -1.4918007, 50.910702300000011 ], [ -1.4918311, 50.9106846 ], [ -1.4919651, 50.9105918 ], [ -1.492112, 50.9104707 ], [ -1.4921961, 50.9103819 ], [ -1.4922503, 50.9103425 ], [ -1.4923294, 50.9103074 ], [ -1.4928487, 50.9101451 ], [ -1.492951, 50.9101284 ] ] } },
{ "type": "Feature", "properties": { "id": 124371, "nach": 0.58681861697690962 }, "geometry": { "type": "LineString", "coordinates": [ [ -1.4921605, 50.9114088 ], [ -1.492494, 50.911637 ] ] } },
{ "type": "Feature", "properties": { "id": 34264, "nach": 0.55407571785074017 }, "geometry": { "type": "LineString", "coordinates": [ [ -1.4914049, 50.9108401 ], [ -1.4914832, 50.9108608 ] ] } },
{ "type": "Feature", "properties": { "id": 69488, "nach": 0.5346087195004422 }, "geometry": { "type": "LineString", "coordinates": [ [ -1.4918007, 50.910702300000011 ], [ -1.4916573, 50.9107861 ], [ -1.4914832, 50.9108608 ] ] } },
{ "type": "Feature", "properties": { "id": 124363, "nach": 0.56488012433370449 }, "geometry": { "type": "LineString", "coordinates": [ [ -1.4916835, 50.9110395 ], [ -1.4916292, 50.9109916 ], [ -1.4914832, 50.9108608 ] ] } },
{ "type": "Feature", "properties": { "id": 124366, "nach": 0.44899051421644398 }, "geometry": { "type": "LineString", "coordinates": [ [ -1.4910742, 50.9109958 ], [ -1.4914049, 50.9108401 ] ] } },
{ "type": "Feature", "properties": { "id": 69491, "nach": 0.44637249400121409 }, "geometry": { "type": "LineString", "coordinates": [ [ -1.4914796, 50.9104482 ], [ -1.4916639, 50.9106143 ], [ -1.4916787, 50.9106229 ], [ -1.4917169, 50.9106402 ], [ -1.4917329, 50.910649 ], [ -1.4918007, 50.910702300000011 ] ] } },
{ "type": "Feature", "properties": { "id": 124365, "nach": 0.45171336874303653 }, "geometry": { "type": "LineString", "coordinates": [ [ -1.4913129, 50.9112157 ], [ -1.4916835, 50.9110395 ] ] } },
{ "type": "Feature", "properties": { "id": 124373, "nach": 0.57174193456525735 }, "geometry": { "type": "LineString", "coordinates": [ [ -1.4921605, 50.9114088 ], [ -1.4920422, 50.911327900000011 ], [ -1.4918442, 50.9111811 ], [ -1.4916835, 50.9110395 ] ] } },
{ "type": "Feature", "properties": { "id": 124372, "nach": 0.46097648036021072 }, "geometry": { "type": "LineString", "coordinates": [ [ -1.4921605, 50.9114088 ], [ -1.4918132, 50.9116207 ] ] } },
{ "type": "Feature", "properties": { "id": 29126, "nach": 0.64829156122622267 }, "geometry": { "type": "LineString", "coordinates": [ [ -1.4930607, 50.9088884 ], [ -1.4936386, 50.9090011 ] ] } },
{ "type": "Feature", "properties": { "id": 69400, "nach": 0.65355281167910984 }, "geometry": { "type": "LineString", "coordinates": [ [ -1.4942845, 50.9091296 ], [ -1.4936386, 50.9090011 ] ] } },
{ "type": "Feature", "properties": { "id": 29122, "nach": 0.49445635751993022 }, "geometry": { "type": "LineString", "coordinates": [ [ -1.4933519, 50.909625 ], [ -1.4936386, 50.9090011 ] ] } },
{ "type": "Feature", "properties": { "id": 69486, "nach": 0.64596768908403157 }, "geometry": { "type": "LineString", "coordinates": [ [ -1.4928438, 50.9088422 ], [ -1.4930607, 50.9088884 ] ] } },
{ "type": "Feature", "properties": { "id": 29128, "nach": 0.45120139012624166 }, "geometry": { "type": "LineString", "coordinates": [ [ -1.4929421, 50.9084871 ], [ -1.4932397, 50.9085573 ], [ -1.4930607, 50.9088884 ] ] } },
{ "type": "Feature", "properties": { "id": 69402, "nach": 0.44679569479059061 }, "geometry": { "type": "LineString", "coordinates": [ [ -1.4942845, 50.9091296 ], [ -1.4941702, 50.909373 ], [ -1.4937735, 50.910218 ] ] } },
{ "type": "Feature", "properties": { "id": 94951, "nach": 0.65707819169374604 }, "geometry": { "type": "LineString", "coordinates": [ [ -1.4946027, 50.9091984 ], [ -1.4942845, 50.9091296 ] ] } },
{ "type": "Feature", "properties": { "id": 69484, "nach": 0.50517966357432154 }, "geometry": { "type": "LineString", "coordinates": [ [ -1.4924465, 50.9093203 ], [ -1.4926134, 50.9093602 ], [ -1.4927984, 50.9094482 ], [ -1.4927685, 50.9095129 ], [ -1.4933519, 50.909625 ] ] } },
{ "type": "Feature", "properties": { "id": 95054, "nach": 0.55578363134203634 }, "geometry": { "type": "LineString", "coordinates": [ [ -1.4920997, 50.90924050000001 ], [ -1.4924465, 50.9093203 ] ] } },
{ "type": "Feature", "properties": { "id": 69487, "nach": 0.52237102946328218 }, "geometry": { "type": "LineString", "coordinates": [ [ -1.4928438, 50.9088422 ], [ -1.4927138, 50.9090654 ], [ -1.4926702, 50.9090985 ], [ -1.4926339, 50.9091068 ], [ -1.4925999, 50.9091078 ], [ -1.4925697, 50.9091222 ], [ -1.4925473, 50.9091397 ], [ -1.4925301, 50.9091616 ], [ -1.4924465, 50.9093203 ] ] } },
{ "type": "Feature", "properties": { "id": 69269, "nach": 0.59051116242397095 }, "geometry": { "type": "LineString", "coordinates": [ [ -1.488921, 50.9066285 ], [ -1.4889123, 50.9065412 ], [ -1.4888085, 50.9061829 ] ] } },
{ "type": "Feature", "properties": { "id": 69310, "nach": 0.60068700376367457 }, "geometry": { "type": "LineString", "coordinates": [ [ -1.4882854, 50.9061927 ], [ -1.488464, 50.9061947 ], [ -1.4888085, 50.9061829 ] ] } },
{ "type": "Feature", "properties": { "id": 69211, "nach": 0.62759876581096607 }, "geometry": { "type": "LineString", "coordinates": [ [ -1.4891944, 50.9061478 ], [ -1.4889704, 50.9061701 ], [ -1.4888085, 50.9061829 ] ] } },
{ "type": "Feature", "properties": { "id": 69302, "nach": 0.58149311093146783 }, "geometry": { "type": "LineString", "coordinates": [ [ -1.4888789, 50.9066918 ], [ -1.488921, 50.9066285 ] ] } },
{ "type": "Feature", "properties": { "id": 69292, "nach": 0.41635159518912862 }, "geometry": { "type": "LineString", "coordinates": [ [ -1.489059, 50.9065982 ], [ -1.488921, 50.9066285 ] ] } },
{ "type": "Feature", "properties": { "id": 69320, "nach": 0.59739101587155408 }, "geometry": { "type": "LineString", "coordinates": [ [ -1.4882359, 50.9061898 ], [ -1.4882741, 50.9061922 ], [ -1.4882854, 50.9061927 ] ] } },
{ "type": "Feature", "properties": { "id": 69315, "nach": 0.4184370102620395 }, "geometry": { "type": "LineString", "coordinates": [ [ -1.4883483, 50.9065652 ], [ -1.488308, 50.9063707 ], [ -1.4882906, 50.9062625 ], [ -1.4882866, 50.9062295 ], [ -1.4882854, 50.9061927 ] ] } },
{ "type": "Feature", "properties": { "id": 69296, "nach": 0.4194295292704372 }, "geometry": { "type": "LineString", "coordinates": [ [ -1.4892943, 50.9063621 ], [ -1.4891944, 50.9061478 ] ] } },
{ "type": "Feature", "properties": { "id": 69295, "nach": 0.62952161257931039 }, "geometry": { "type": "LineString", "coordinates": [ [ -1.4895782, 50.906109 ], [ -1.4895468, 50.906112 ], [ -1.4891944, 50.9061478 ] ] } },
{ "type": "Feature", "properties": { "id": 69184, "nach": 0.64691712901739806 }, "geometry": { "type": "LineString", "coordinates": [ [ -1.4901634, 50.9060813 ], [ -1.4900028, 50.9060786 ] ] } },
{ "type": "Feature", "properties": { "id": 29141, "nach": 0.57094918883091161 }, "geometry": { "type": "LineString", "coordinates": [ [ -1.4901451, 50.9065359 ], [ -1.4901253, 50.9064356 ], [ -1.4900995, 50.9063567 ], [ -1.4900799, 50.9063154 ], [ -1.4900407, 50.9062625 ], [ -1.4900193, 50.9062246 ], [ -1.4900097, 50.9061909 ], [ -1.4900028, 50.9060786 ] ] } },
{ "type": "Feature", "properties": { "id": 69291, "nach": 0.63378622876702473 }, "geometry": { "type": "LineString", "coordinates": [ [ -1.4897351, 50.9060937 ], [ -1.4898575, 50.9060837 ], [ -1.4900028, 50.9060786 ] ] } },
{ "type": "Feature", "properties": { "id": 69323, "nach": 0.64844357514144535 }, "geometry": { "type": "LineString", "coordinates": [ [ -1.4902983, 50.9060871 ], [ -1.4901634, 50.9060813 ] ] } },
{ "type": "Feature", "properties": { "id": 69312, "nach": 0.42320883812036941 }, "geometry": { "type": "LineString", "coordinates": [ [ -1.4903049, 50.9063132 ], [ -1.4901775, 50.9061551 ], [ -1.4901681, 50.9061348 ], [ -1.4901616, 50.9061096 ], [ -1.4901634, 50.9060813 ] ] } },
{ "type": "Feature", "properties": { "id": 69450, "nach": 0.48320338403305263 }, "geometry": { "type": "LineString", "coordinates": [ [ -1.4901645, 50.906623400000015 ], [ -1.4901451, 50.9065359 ] ] } },
{ "type": "Feature", "properties": { "id": 69441, "nach": 0.54440224328639042 }, "geometry": { "type": "LineString", "coordinates": [ [ -1.4900234, 50.9066194 ], [ -1.4900412, 50.9065883 ], [ -1.4900594, 50.9065668 ], [ -1.4900721, 50.9065545 ], [ -1.4900916, 50.90654510000001 ], [ -1.4901137, 50.906541 ], [ -1.4901451, 50.9065359 ] ] } },
{ "type": "Feature", "properties": { "id": 69290, "nach": 0.42193745512755076 }, "geometry": { "type": "LineString", "coordinates": [ [ -1.4897351, 50.9060937 ], [ -1.4898329, 50.9062912 ] ] } },
{ "type": "Feature", "properties": { "id": 69293, "nach": 0.63165593698914302 }, "geometry": { "type": "LineString", "coordinates": [ [ -1.4895782, 50.906109 ], [ -1.4897351, 50.9060937 ] ] } },
{ "type": "Feature", "properties": { "id": 69326, "nach": 0.46999640121181452 }, "geometry": { "type": "LineString", "coordinates": [ [ -1.4887944, 50.9074511 ], [ -1.4887933, 50.907604 ] ] } },
{ "type": "Feature", "properties": { "id": 29139, "nach": 0.39794286259510359 }, "geometry": { "type": "LineString", "coordinates": [ [ -1.488262, 50.907630300000015 ], [ -1.4885414, 50.9076215 ], [ -1.4887933, 50.907604 ] ] } },
{ "type": "Feature", "properties": { "id": 29138, "nach": 0.39603022032063445 }, "geometry": { "type": "LineString", "coordinates": [ [ -1.4895429, 50.9075087 ], [ -1.489136, 50.907571300000015 ], [ -1.4887933, 50.907604 ] ] } },
{ "type": "Feature", "properties": { "id": 69327, "nach": 0.50536745566860031 }, "geometry": { "type": "LineString", "coordinates": [ [ -1.4887944, 50.9074511 ], [ -1.4887948, 50.9074042 ] ] } },
{ "type": "Feature", "properties": { "id": 69328, "nach": 0.4048683304437336 }, "geometry": { "type": "LineString", "coordinates": [ [ -1.4887944, 50.9074511 ], [ -1.4890054, 50.9074295 ] ] } },
{ "type": "Feature", "properties": { "id": 69451, "nach": 0.41336805982326197 }, "geometry": { "type": "LineString", "coordinates": [ [ -1.4901645, 50.906623400000015 ], [ -1.4901672, 50.9066384 ], [ -1.4902096, 50.9067113 ] ] } },
{ "type": "Feature", "properties": { "id": 69493, "nach": 0.40777898306981941 }, "geometry": { "type": "LineString", "coordinates": [ [ -1.4906973, 50.9068666 ], [ -1.4905318, 50.906630099999987 ], [ -1.4905141, 50.9066138 ], [ -1.4904974, 50.9066088 ], [ -1.4904826, 50.9066076 ], [ -1.490463, 50.9066083 ], [ -1.4904415, 50.9066107 ], [ -1.4903765, 50.9066183 ], [ -1.4903021, 50.906621199999982 ], [ -1.49023, 50.9066246 ], [ -1.4901645, 50.906623400000015 ] ] } },
{ "type": "Feature", "properties": { "id": 69461, "nach": 0.41400741643966132 }, "geometry": { "type": "LineString", "coordinates": [ [ -1.4899521, 50.906623 ], [ -1.4900234, 50.9066194 ] ] } },
{ "type": "Feature", "properties": { "id": 69443, "nach": 0.41185130878449927 }, "geometry": { "type": "LineString", "coordinates": [ [ -1.4900942, 50.9067283 ], [ -1.4900234, 50.9066194 ] ] } },
{ "type": "Feature", "properties": { "id": 69454, "nach": 0.5129942058787017 }, "geometry": { "type": "LineString", "coordinates": [ [ -1.4899444, 50.9067242 ], [ -1.4899789, 50.906686 ], [ -1.4900037, 50.9066636 ], [ -1.4900234, 50.9066194 ] ] } },
{ "type": "Feature", "properties": { "id": 91165, "nach": 0.69497491917523435 }, "geometry": { "type": "LineString", "coordinates": [ [ -1.4927948, 50.9135561 ], [ -1.4927377, 50.9135414 ] ] } },
{ "type": "Feature", "properties": { "id": 90914, "nach": 0.74825418615768136 }, "geometry": { "type": "LineString", "coordinates": [ [ -1.4928458, 50.9134825 ], [ -1.4927377, 50.9135414 ] ] } },
{ "type": "Feature", "properties": { "id": 91162, "nach": 0.76081705932623322 }, "geometry": { "type": "LineString", "coordinates": [ [ -1.4926748, 50.91352590000001 ], [ -1.4927377, 50.9135414 ] ] } },
{ "type": "Feature", "properties": { "id": 91166, "nach": 0.49552065771258397 }, "geometry": { "type": "LineString", "coordinates": [ [ -1.4927948, 50.9135561 ], [ -1.4927089, 50.9137645 ] ] } },
{ "type": "Feature", "properties": { "id": 91171, "nach": 0.68840412163731812 }, "geometry": { "type": "LineString", "coordinates": [ [ -1.4929182, 50.9135884 ], [ -1.4928521, 50.9135709 ], [ -1.4927948, 50.9135561 ] ] } },
{ "type": "Feature", "properties": { "id": 90915, "nach": 0.74649418380727772 }, "geometry": { "type": "LineString", "coordinates": [ [ -1.4928458, 50.9134825 ], [ -1.4931871, 50.9132966 ] ] } },
{ "type": "Feature", "properties": { "id": 90917, "nach": 0.49605689117480106 }, "geometry": { "type": "LineString", "coordinates": [ [ -1.4927565, 50.9133711 ], [ -1.4928458, 50.9134825 ] ] } },
{ "type": "Feature", "properties": { "id": 91163, "nach": 0.49717258240873347 }, "geometry": { "type": "LineString", "coordinates": [ [ -1.4926748, 50.91352590000001 ], [ -1.4926256, 50.9136379 ], [ -1.4925833, 50.9137344 ] ] } },
{ "type": "Feature", "properties": { "id": 91337, "nach": 0.73459601615250403 }, "geometry": { "type": "LineString", "coordinates": [ [ -1.4937905, 50.9130044 ], [ -1.4938833, 50.9129963 ] ] } },
{ "type": "Feature", "properties": { "id": 91333, "nach": 0.73357838957561461 }, "geometry": { "type": "LineString", "coordinates": [ [ -1.4939063, 50.9129979 ], [ -1.4938833, 50.9129963 ] ] } },
{ "type": "Feature", "properties": { "id": 91340, "nach": 0.48814775470579924 }, "geometry": { "type": "LineString", "coordinates": [ [ -1.4938547, 50.912856 ], [ -1.4938833, 50.9129963 ] ] } },
{ "type": "Feature", "properties": { "id": 91338, "nach": 0.4885815999071077 }, "geometry": { "type": "LineString", "coordinates": [ [ -1.4937905, 50.9130044 ], [ -1.4937079, 50.9128581 ] ] } },
{ "type": "Feature", "properties": { "id": 91364, "nach": 0.73565552988650029 }, "geometry": { "type": "LineString", "coordinates": [ [ -1.4936715, 50.9130353 ], [ -1.4937679, 50.9130064 ], [ -1.4937905, 50.9130044 ] ] } },
{ "type": "Feature", "properties": { "id": 91334, "nach": 0.73256793071058912 }, "geometry": { "type": "LineString", "coordinates": [ [ -1.4939063, 50.9129979 ], [ -1.493923, 50.912999 ] ] } },
{ "type": "Feature", "properties": { "id": 91335, "nach": 0.48637154507809438 }, "geometry": { "type": "LineString", "coordinates": [ [ -1.4939063, 50.9129979 ], [ -1.4939426, 50.9127951 ] ] } },
{ "type": "Feature", "properties": { "id": 34476, "nach": 0.73337540418388636 }, "geometry": { "type": "LineString", "coordinates": [ [ -1.4955359, 50.912359799999983 ], [ -1.4954733, 50.913012700000017 ], [ -1.4954601, 50.9130429 ] ] } },
{ "type": "Feature", "properties": { "id": 88672, "nach": 0.75302502478362776 }, "geometry": { "type": "LineString", "coordinates": [ [ -1.4957937, 50.9123725 ], [ -1.4955359, 50.912359799999983 ] ] } },
{ "type": "Feature", "properties": { "id": 91482, "nach": 0.68618809391664448 }, "geometry": { "type": "LineString", "coordinates": [ [ -1.4953079, 50.9123471 ], [ -1.4955359, 50.912359799999983 ] ] } },
{ "type": "Feature", "properties": { "id": 126046, "nach": 0.51714254076281618 }, "geometry": { "type": "LineString", "coordinates": [ [ -1.4894944, 50.9084241 ], [ -1.4894827, 50.9084 ], [ -1.4894787, 50.9083746 ], [ -1.4894869, 50.9083541 ] ] } },
{ "type": "Feature", "properties": { "id": 126048, "nach": 0.0 }, "geometry": { "type": "LineString", "coordinates": [ [ -1.4894944, 50.9084241 ], [ -1.4898523, 50.908492 ], [ -1.4899815, 50.9082411 ] ] } },
{ "type": "Feature", "properties": { "id": 69385, "nach": 0.59435517826470874 }, "geometry": { "type": "LineString", "coordinates": [ [ -1.4899815, 50.9082411 ], [ -1.4898241, 50.908259 ] ] } },
{ "type": "Feature", "properties": { "id": 69462, "nach": 0.60073223348795957 }, "geometry": { "type": "LineString", "coordinates": [ [ -1.4897848, 50.9082631 ], [ -1.4898241, 50.908259 ] ] } },
{ "type": "Feature", "properties": { "id": 34260, "nach": 0.44859373938564928 }, "geometry": { "type": "LineString", "coordinates": [ [ -1.4907042, 50.9071714 ], [ -1.4907182, 50.9072258 ], [ -1.4907204, 50.9072629 ], [ -1.4907162, 50.9073116 ], [ -1.4907036, 50.9073468 ], [ -1.4906613, 50.9074273 ], [ -1.4906434, 50.9074556 ], [ -1.4906161, 50.9074787 ], [ -1.4905839, 50.9074958 ], [ -1.4905447, 50.9075108 ], [ -1.4900264, 50.9076363 ], [ -1.4898036, 50.907696 ], [ -1.4897775, 50.9077082 ], [ -1.4897631, 50.9077233 ], [ -1.4897588, 50.907747 ], [ -1.4897625, 50.9077713 ], [ -1.4897759, 50.9078016 ], [ -1.4898074, 50.9078661 ], [ -1.4898232, 50.9079114 ], [ -1.4898273, 50.907956 ], [ -1.489817, 50.90801 ], [ -1.4897907, 50.9081337 ], [ -1.489792, 50.9081574 ], [ -1.4898017, 50.9081969 ], [ -1.4898241, 50.908259 ] ] } },
{ "type": "Feature", "properties": { "id": 69406, "nach": 0.59420025028425372 }, "geometry": { "type": "LineString", "coordinates": [ [ -1.4902093, 50.9082145 ], [ -1.4899815, 50.9082411 ] ] } },
{ "type": "Feature", "properties": { "id": 69464, "nach": 0.60137210137588437 }, "geometry": { "type": "LineString", "coordinates": [ [ -1.4897848, 50.9082631 ], [ -1.4896432, 50.9082727 ], [ -1.4895853, 50.9082836 ], [ -1.4895392, 50.9083005 ], [ -1.489508, 50.9083255 ], [ -1.4894869, 50.9083541 ] ] } },
{ "type": "Feature", "properties": { "id": 69465, "nach": 0.45598658975099976 }, "geometry": { "type": "LineString", "coordinates": [ [ -1.4898093, 50.9083614 ], [ -1.4897848, 50.9082631 ] ] } },
{ "type": "Feature", "properties": { "id": 69333, "nach": 0.52916385316732961 }, "geometry": { "type": "LineString", "coordinates": [ [ -1.4902445, 50.9072035 ], [ -1.4903352, 50.9071937 ], [ -1.4905043, 50.9071802 ], [ -1.4907042, 50.9071714 ] ] } },
{ "type": "Feature", "properties": { "id": 69331, "nach": 0.42616286997219682 }, "geometry": { "type": "LineString", "coordinates": [ [ -1.4902445, 50.9072035 ], [ -1.4901091, 50.9069796 ] ] } },
{ "type": "Feature", "properties": { "id": 34286, "nach": 0.48288783427307236 }, "geometry": { "type": "LineString", "coordinates": [ [ -1.4926226, 50.9077772 ], [ -1.4925841, 50.9077715 ], [ -1.4925363, 50.9077712 ], [ -1.4924973, 50.9077787 ], [ -1.4924691, 50.9077918 ], [ -1.4924484, 50.9078067 ], [ -1.492433, 50.9078251 ] ] } },
{ "type": "Feature", "properties": { "id": 126019, "nach": 0.54768390059355154 }, "geometry": { "type": "LineString", "coordinates": [ [ -1.4921355, 50.9077502 ], [ -1.4923624, 50.9078043 ], [ -1.492433, 50.9078251 ] ] } },
{ "type": "Feature", "properties": { "id": 34288, "nach": 0.50039902522093227 }, "geometry": { "type": "LineString", "coordinates": [ [ -1.4926226, 50.9077772 ], [ -1.4926699, 50.9077448 ], [ -1.4926843, 50.907734900000015 ], [ -1.4927969, 50.9076351 ] ] } },
{ "type": "Feature", "properties": { "id": 126017, "nach": 0.43076500461286221 }, "geometry": { "type": "LineString", "coordinates": [ [ -1.4921355, 50.9077502 ], [ -1.4919364, 50.90812 ] ] } },
{ "type": "Feature", "properties": { "id": 34282, "nach": 0.42194999270747413 }, "geometry": { "type": "LineString", "coordinates": [ [ -1.4930276, 50.907554 ], [ -1.4935828, 50.9073764 ], [ -1.493674, 50.9073476 ], [ -1.4937116, 50.9073561 ] ] } },
{ "type": "Feature", "properties": { "id": 34281, "nach": 0.4703581237845999 }, "geometry": { "type": "LineString", "coordinates": [ [ -1.4930276, 50.907554 ], [ -1.4929954, 50.9075353 ], [ -1.4928318, 50.9074643 ], [ -1.4927969, 50.9076351 ] ] } },
{ "type": "Feature", "properties": { "id": 126026, "nach": 0.5921024364505828 }, "geometry": { "type": "LineString", "coordinates": [ [ -1.4914388, 50.907486 ], [ -1.4915378, 50.907506 ] ] } },
{ "type": "Feature", "properties": { "id": 91478, "nach": 0.74239917203985595 }, "geometry": { "type": "LineString", "coordinates": [ [ -1.4959687, 50.9123765 ], [ -1.4957937, 50.9123725 ] ] } },
{ "type": "Feature", "properties": { "id": 91720, "nach": 0.6385614107427543 }, "geometry": { "type": "LineString", "coordinates": [ [ -1.495741, 50.9119771 ], [ -1.4957937, 50.9123725 ] ] } },
{ "type": "Feature", "properties": { "id": 91484, "nach": 0.48950838263257612 }, "geometry": { "type": "LineString", "coordinates": [ [ -1.4953079, 50.9123471 ], [ -1.4952907, 50.9125019 ], [ -1.4952809, 50.912589400000016 ] ] } },
{ "type": "Feature", "properties": { "id": 91488, "nach": 0.68328730352698042 }, "geometry": { "type": "LineString", "coordinates": [ [ -1.4951539, 50.9123379 ], [ -1.4951754, 50.9123398 ], [ -1.4953079, 50.9123471 ] ] } },
{ "type": "Feature", "properties": { "id": 114637, "nach": 0.56285889429894986 }, "geometry": { "type": "LineString", "coordinates": [ [ -1.4944059, 50.9118762 ], [ -1.4944115, 50.9119039 ], [ -1.4944383, 50.9119513 ], [ -1.4944852, 50.9120096 ], [ -1.4945402, 50.9120798 ], [ -1.4945469, 50.9121102 ] ] } },
{ "type": "Feature", "properties": { "id": 34497, "nach": 0.58993450529184654 }, "geometry": { "type": "LineString", "coordinates": [ [ -1.4945308, 50.9122842 ], [ -1.4945308, 50.9122506 ], [ -1.4945469, 50.9121643 ], [ -1.4945469, 50.9121102 ] ] } },
{ "type": "Feature", "properties": { "id": 114634, "nach": 0.49477590162350821 }, "geometry": { "type": "LineString", "coordinates": [ [ -1.4948379, 50.912120900000012 ], [ -1.4946936, 50.9120851 ], [ -1.4946051, 50.9120947 ], [ -1.4945469, 50.9121102 ] ] } },
{ "type": "Feature", "properties": { "id": 114638, "nach": 0.4940682998725055 }, "geometry": { "type": "LineString", "coordinates": [ [ -1.4946702, 50.91188 ], [ -1.4944059, 50.9118762 ] ] } },
{ "type": "Feature", "properties": { "id": 91511, "nach": 0.67821459631798464 }, "geometry": { "type": "LineString", "coordinates": [ [ -1.4942569, 50.9122742 ], [ -1.4945308, 50.9122842 ] ] } },
{ "type": "Feature", "properties": { "id": 91498, "nach": 0.68506234826555146 }, "geometry": { "type": "LineString", "coordinates": [ [ -1.4947451, 50.9123027 ], [ -1.4945308, 50.9122842 ] ] } },
{ "type": "Feature", "properties": { "id": 114641, "nach": 0.49579218895322119 }, "geometry": { "type": "LineString", "coordinates": [ [ -1.4945815, 50.9115774 ], [ -1.4947678, 50.9116595 ] ] } },
{ "type": "Feature", "properties": { "id": 91512, "nach": 0.49855873477381629 }, "geometry": { "type": "LineString", "coordinates": [ [ -1.4942569, 50.9122742 ], [ -1.4941738, 50.9124218 ] ] } },
{ "type": "Feature", "properties": { "id": 91499, "nach": 0.68421353385595884 }, "geometry": { "type": "LineString", "coordinates": [ [ -1.4947451, 50.9123027 ], [ -1.4948736, 50.9123138 ] ] } },
{ "type": "Feature", "properties": { "id": 91500, "nach": 0.49615125278428784 }, "geometry": { "type": "LineString", "coordinates": [ [ -1.4947451, 50.9123027 ], [ -1.4947286, 50.91245390000001 ] ] } },
{ "type": "Feature", "properties": { "id": 34524, "nach": 0.62992836670746677 }, "geometry": { "type": "LineString", "coordinates": [ [ -1.4960102, 50.9094288 ], [ -1.496041, 50.9093764 ] ] } },
{ "type": "Feature", "properties": { "id": 92178, "nach": 0.48398211986153611 }, "geometry": { "type": "LineString", "coordinates": [ [ -1.4962646, 50.9093253 ], [ -1.4961726, 50.9093621 ], [ -1.4961416, 50.9093839 ], [ -1.4961098, 50.90939 ], [ -1.496041, 50.9093764 ] ] } },
{ "type": "Feature", "properties": { "id": 92171, "nach": 0.56777648792297375 }, "geometry": { "type": "LineString", "coordinates": [ [ -1.4959582, 50.9095174 ], [ -1.4960102, 50.9094288 ] ] } },
{ "type": "Feature", "properties": { "id": 34528, "nach": 0.5632738478913315 }, "geometry": { "type": "LineString", "coordinates": [ [ -1.4958941, 50.9096271 ], [ -1.4958573, 50.9096005 ] ] } },
{ "type": "Feature", "properties": { "id": 92180, "nach": 0.62918539459734424 }, "geometry": { "type": "LineString", "coordinates": [ [ -1.4958404, 50.9097223 ], [ -1.4958941, 50.9096271 ] ] } },
{ "type": "Feature", "properties": { "id": 92177, "nach": 0.60014867383931614 }, "geometry": { "type": "LineString", "coordinates": [ [ -1.4959386, 50.9095508 ], [ -1.4959015, 50.909614 ], [ -1.4958941, 50.9096271 ] ] } },
{ "type": "Feature", "properties": { "id": 91735, "nach": 0.47318322660342726 }, "geometry": { "type": "LineString", "coordinates": [ [ -1.4961241, 50.9115788 ], [ -1.4961894, 50.9116227 ], [ -1.496648, 50.9116734 ], [ -1.4967973, 50.9117706 ] ] } },
{ "type": "Feature", "properties": { "id": 92015, "nach": 0.64324854669280351 }, "geometry": { "type": "LineString", "coordinates": [ [ -1.4958227, 50.9097536 ], [ -1.4957921, 50.9098078 ] ] } },
{ "type": "Feature", "properties": { "id": 92017, "nach": 0.69978524380437068 }, "geometry": { "type": "LineString", "coordinates": [ [ -1.4956769, 50.9100066 ], [ -1.4957258, 50.9099252 ], [ -1.4957921, 50.9098078 ] ] } },
{ "type": "Feature", "properties": { "id": 92181, "nach": 0.63845703210716898 }, "geometry": { "type": "LineString", "coordinates": [ [ -1.4958404, 50.9097223 ], [ -1.4958227, 50.9097536 ] ] } },
{ "type": "Feature", "properties": { "id": 92019, "nach": 0.0 }, "geometry": { "type": "LineString", "coordinates": [ [ -1.4956769, 50.9100066 ], [ -1.4958968, 50.9100582 ], [ -1.4960393, 50.9098038 ], [ -1.4958227, 50.9097536 ] ] } },
{ "type": "Feature", "properties": { "id": 92193, "nach": 0.70014205133707463 }, "geometry": { "type": "LineString", "coordinates": [ [ -1.4955535, 50.9102154 ], [ -1.4956065, 50.910123899999988 ], [ -1.4956769, 50.9100066 ] ] } },
{ "type": "Feature", "properties": { "id": 92173, "nach": 0.48583487009361287 }, "geometry": { "type": "LineString", "coordinates": [ [ -1.4959582, 50.9095174 ], [ -1.4961773, 50.909566699999985 ] ] } },
{ "type": "Feature", "properties": { "id": 92175, "nach": 0.58350475394790924 }, "geometry": { "type": "LineString", "coordinates": [ [ -1.4959386, 50.9095508 ], [ -1.4959582, 50.9095174 ] ] } },
{ "type": "Feature", "properties": { "id": 92182, "nach": 0.48741672014039994 }, "geometry": { "type": "LineString", "coordinates": [ [ -1.4958404, 50.9097223 ], [ -1.4960001, 50.909761 ] ] } },
{ "type": "Feature", "properties": { "id": 92176, "nach": 0.48560671441767755 }, "geometry": { "type": "LineString", "coordinates": [ [ -1.4959386, 50.9095508 ], [ -1.4961598, 50.9096006 ] ] } },
{ "type": "Feature", "properties": { "id": 126054, "nach": 0.50219895418874039 }, "geometry": { "type": "LineString", "coordinates": [ [ -1.4906746, 50.9091669 ], [ -1.4909735, 50.9094265 ], [ -1.4910339, 50.9094621 ], [ -1.491094, 50.9094904 ], [ -1.4911489, 50.9095122 ], [ -1.4912199, 50.9095325 ], [ -1.4913028, 50.9095488 ], [ -1.4913895, 50.9095642 ] ] } },
{ "type": "Feature", "properties": { "id": 69238, "nach": 0.45113837977859855 }, "geometry": { "type": "LineString", "coordinates": [ [ -1.4965867, 50.9071895 ], [ -1.4967093, 50.907039 ] ] } },
{ "type": "Feature", "properties": { "id": 95074, "nach": 0.6570220388059802 }, "geometry": { "type": "LineString", "coordinates": [ [ -1.49259170000001, 50.9059866 ], [ -1.4926455, 50.905996 ], [ -1.4927251, 50.9060138 ] ] } },
{ "type": "Feature", "properties": { "id": 95072, "nach": 0.41973367652029037 }, "geometry": { "type": "LineString", "coordinates": [ [ -1.49259170000001, 50.9059866 ], [ -1.4924285, 50.9062145 ] ] } },
{ "type": "Feature", "properties": { "id": 69247, "nach": 0.65106583343139257 }, "geometry": { "type": "LineString", "coordinates": [ [ -1.4943342, 50.906467200000016 ], [ -1.4945257, 50.9065235 ] ] } },
{ "type": "Feature", "properties": { "id": 69177, "nach": 0.42653270303045288 }, "geometry": { "type": "LineString", "coordinates": [ [ -1.4946239, 50.9064183 ], [ -1.4945257, 50.9065235 ] ] } },
{ "type": "Feature", "properties": { "id": 69248, "nach": 0.42471357726512426 }, "geometry": { "type": "LineString", "coordinates": [ [ -1.4943342, 50.906467200000016 ], [ -1.4944616, 50.90632020000001 ] ] } },
{ "type": "Feature", "properties": { "id": 69249, "nach": 0.42384029440525656 }, "geometry": { "type": "LineString", "coordinates": [ [ -1.4943342, 50.906467200000016 ], [ -1.4941451, 50.9066593 ] ] } },
{ "type": "Feature", "properties": { "id": 95061, "nach": 0.65091662184664933 }, "geometry": { "type": "LineString", "coordinates": [ [ -1.494048, 50.9063917 ], [ -1.4943342, 50.906467200000016 ] ] } },
{ "type": "Feature", "properties": { "id": 69194, "nach": 0.64908999664341394 }, "geometry": { "type": "LineString", "coordinates": [ [ -1.4951256, 50.9067299 ], [ -1.4952372, 50.9067703 ] ] } },
{ "type": "Feature", "properties": { "id": 69222, "nach": 0.64972385236249008 }, "geometry": { "type": "LineString", "coordinates": [ [ -1.495294, 50.9067924 ], [ -1.4952372, 50.9067703 ] ] } },
{ "type": "Feature", "properties": { "id": 69235, "nach": 0.43037033320036844 }, "geometry": { "type": "LineString", "coordinates": [ [ -1.4950101, 50.9070027 ], [ -1.4952372, 50.9067703 ] ] } },
{ "type": "Feature", "properties": { "id": 69220, "nach": 0.64846139477385023 }, "geometry": { "type": "LineString", "coordinates": [ [ -1.4950819, 50.9067163 ], [ -1.4951256, 50.9067299 ] ] } },
{ "type": "Feature", "properties": { "id": 69241, "nach": 0.43167995679822585 }, "geometry": { "type": "LineString", "coordinates": [ [ -1.4952099, 50.906639 ], [ -1.4951256, 50.9067299 ] ] } },
{ "type": "Feature", "properties": { "id": 69223, "nach": 0.65044461589730829 }, "geometry": { "type": "LineString", "coordinates": [ [ -1.495294, 50.9067924 ], [ -1.4953946, 50.9068281 ] ] } },
{ "type": "Feature", "properties": { "id": 69245, "nach": 0.43413832780853345 }, "geometry": { "type": "LineString", "coordinates": [ [ -1.4954184, 50.9066575 ], [ -1.495294, 50.9067924 ] ] } },
{ "type": "Feature", "properties": { "id": 69187, "nach": 0.53033021346774756 }, "geometry": { "type": "LineString", "coordinates": [ [ -1.4966258, 50.9059988 ], [ -1.496627, 50.9059822 ] ] } },
{ "type": "Feature", "properties": { "id": 69255, "nach": 0.5156547742205756 }, "geometry": { "type": "LineString", "coordinates": [ [ -1.4969438, 50.9055411 ], [ -1.4969319, 50.9055548 ], [ -1.4969225, 50.9055751 ], [ -1.4969185, 50.905598 ], [ -1.4969199, 50.9056259 ], [ -1.4969252, 50.905658 ], [ -1.4969212, 50.9056792 ], [ -1.4969091, 50.9056961 ], [ -1.4968917, 50.9057155 ], [ -1.4968635, 50.9057434 ], [ -1.4967362, 50.905863600000011 ], [ -1.4966442, 50.9059516 ], [ -1.496627, 50.9059822 ] ] } },
{ "type": "Feature", "properties": { "id": 95048, "nach": 0.53689832747126143 }, "geometry": { "type": "LineString", "coordinates": [ [ -1.4964629, 50.905989500000011 ], [ -1.4964706, 50.9059828 ], [ -1.4964834, 50.9059773 ], [ -1.4964961, 50.905975 ], [ -1.496627, 50.9059822 ] ] } },
{ "type": "Feature", "properties": { "id": 69226, "nach": 0.52778612347557785 }, "geometry": { "type": "LineString", "coordinates": [ [ -1.4967307, 50.906249200000019 ], [ -1.4967274, 50.9062257 ], [ -1.4967099, 50.9061842 ], [ -1.4966752, 50.9061436 ], [ -1.4966449, 50.9060963 ], [ -1.4966311, 50.9060542 ], [ -1.4966249, 50.9060117 ], [ -1.4966258, 50.9059988 ] ] } },
{ "type": "Feature", "properties": { "id": 69214, "nach": 0.4194463325068753 }, "geometry": { "type": "LineString", "coordinates": [ [ -1.4963901, 50.9061147 ], [ -1.4964827, 50.9060183 ], [ -1.4965028, 50.9060039 ], [ -1.4965269, 50.9059946 ], [ -1.4965564, 50.9059938 ], [ -1.4966258, 50.9059988 ] ] } },
{ "type": "Feature", "properties": { "id": 69256, "nach": 0.48176966308485536 }, "geometry": { "type": "LineString", "coordinates": [ [ -1.4969438, 50.9055411 ], [ -1.4969578, 50.9055263 ], [ -1.49697750000001, 50.905512600000016 ], [ -1.497003, 50.905499 ] ] } },
{ "type": "Feature", "properties": { "id": 69260, "nach": 0.41291068548970561 }, "geometry": { "type": "LineString", "coordinates": [ [ -1.4968099, 50.9055616 ], [ -1.4968473, 50.9055239 ], [ -1.4968576, 50.9055168 ], [ -1.4968666, 50.9055146 ], [ -1.4968753, 50.905515200000011 ], [ -1.4968909, 50.90551940000001 ], [ -1.4969438, 50.9055411 ] ] } },
{ "type": "Feature", "properties": { "id": 95049, "nach": 0.52013754153657499 }, "geometry": { "type": "LineString", "coordinates": [ [ -1.4964629, 50.905989500000011 ], [ -1.4959974, 50.9063941 ], [ -1.4957691, 50.906594800000015 ] ] } },
{ "type": "Feature", "properties": { "id": 95050, "nach": 0.45726570184323873 }, "geometry": { "type": "LineString", "coordinates": [ [ -1.4964629, 50.905989500000011 ], [ -1.4964279, 50.9059772 ], [ -1.4960786, 50.905844499999986 ] ] } },
{ "type": "Feature", "properties": { "id": 69080, "nach": 0.41021945049802477 }, "geometry": { "type": "LineString", "coordinates": [ [ -1.497003, 50.905499 ], [ -1.4970312, 50.9054923 ], [ -1.4970647, 50.905488 ], [ -1.4971022, 50.9054872 ], [ -1.4971385, 50.9054931 ], [ -1.4971706, 50.9055024 ], [ -1.4972833, 50.9055489 ] ] } },
{ "type": "Feature", "properties": { "id": 69258, "nach": 0.4090959602828621 }, "geometry": { "type": "LineString", "coordinates": [ [ -1.4967683, 50.905329 ], [ -1.4969051, 50.9053773 ], [ -1.4969319, 50.9053933 ], [ -1.4969507, 50.905418699999984 ], [ -1.497003, 50.905499 ] ] } },
{ "type": "Feature", "properties": { "id": 69202, "nach": 0.65126253929060662 }, "geometry": { "type": "LineString", "coordinates": [ [ -1.4953946, 50.9068281 ], [ -1.4954745, 50.9068536 ] ] } },
{ "type": "Feature", "properties": { "id": 69190, "nach": 0.64406644567339622 }, "geometry": { "type": "LineString", "coordinates": [ [ -1.4955618, 50.9068862 ], [ -1.4954745, 50.9068536 ] ] } },
{ "type": "Feature", "properties": { "id": 69097, "nach": 0.54511794108398448 }, "geometry": { "type": "LineString", "coordinates": [ [ -1.4957691, 50.906594800000015 ], [ -1.4954745, 50.9068536 ] ] } },
{ "type": "Feature", "properties": { "id": 69244, "nach": 0.43520361691993187 }, "geometry": { "type": "LineString", "coordinates": [ [ -1.4952743, 50.9069595 ], [ -1.4953946, 50.9068281 ] ] } },
{ "type": "Feature", "properties": { "id": 69192, "nach": 0.64492078809555864 }, "geometry": { "type": "LineString", "coordinates": [ [ -1.4955618, 50.9068862 ], [ -1.4956489, 50.9069149 ], [ -1.4956888, 50.9069292 ], [ -1.4956996, 50.9069331 ] ] } },
{ "type": "Feature", "properties": { "id": 69250, "nach": 0.43761847938567905 }, "geometry": { "type": "LineString", "coordinates": [ [ -1.4954272, 50.9070263 ], [ -1.4955618, 50.9068862 ] ] } },
{ "type": "Feature", "properties": { "id": 69096, "nach": 0.43047503754262961 }, "geometry": { "type": "LineString", "coordinates": [ [ -1.4957691, 50.906594800000015 ], [ -1.4956512, 50.9065435 ] ] } },
{ "type": "Feature", "properties": { "id": 69094, "nach": 0.48550977111867222 }, "geometry": { "type": "LineString", "coordinates": [ [ -1.4956996, 50.9069331 ], [ -1.4960234, 50.9066464 ] ] } },
{ "type": "Feature", "properties": { "id": 69089, "nach": 0.43138862066018885 }, "geometry": { "type": "LineString", "coordinates": [ [ -1.4960736, 50.9064741 ], [ -1.4959647, 50.906578 ], [ -1.4959585, 50.906583699999985 ], [ -1.4959533, 50.906592400000015 ], [ -1.495953, 50.9066046 ], [ -1.4959556, 50.9066106 ], [ -1.4959658, 50.906621 ], [ -1.4959759, 50.9066263 ], [ -1.4960234, 50.9066464 ] ] } },
{ "type": "Feature", "properties": { "id": 69228, "nach": 0.42281283940233783 }, "geometry": { "type": "LineString", "coordinates": [ [ -1.4967307, 50.906249200000019 ], [ -1.4967536, 50.9062475 ], [ -1.4967831, 50.9062424 ], [ -1.4968077, 50.9062324 ], [ -1.4968396, 50.906218 ], [ -1.4968685, 50.90619860000001 ], [ -1.4968899, 50.9061792 ], [ -1.4969055, 50.9061546 ], [ -1.4969148, 50.9061274 ] ] } },
{ "type": "Feature", "properties": { "id": 69145, "nach": 0.55096360103152209 }, "geometry": { "type": "LineString", "coordinates": [ [ -1.4932146, 50.9047238 ], [ -1.492808, 50.9050373 ], [ -1.4927906, 50.905057599999985 ], [ -1.4927772, 50.9050855 ], [ -1.4927726, 50.905109200000012 ] ] } },
{ "type": "Feature", "properties": { "id": 69108, "nach": 0.37134043467312855 }, "geometry": { "type": "LineString", "coordinates": [ [ -1.4923199, 50.9053985 ], [ -1.4925216, 50.9052334 ], [ -1.4926404, 50.9051362 ], [ -1.4926726, 50.9051185 ], [ -1.4927101, 50.9051092 ], [ -1.492749, 50.9051075 ], [ -1.4927726, 50.905109200000012 ] ] } },
{ "type": "Feature", "properties": { "id": 69118, "nach": 0.55594817048377076 }, "geometry": { "type": "LineString", "coordinates": [ [ -1.4930106, 50.905214899999983 ], [ -1.4928778, 50.9051413 ], [ -1.4928295, 50.905121 ], [ -1.4927892, 50.905110899999983 ], [ -1.4927726, 50.905109200000012 ] ] } },
{ "type": "Feature", "properties": { "id": 69144, "nach": 0.40295186537810268 }, "geometry": { "type": "LineString", "coordinates": [ [ -1.4932146, 50.9047238 ], [ -1.4934826, 50.9045172 ] ] } },
{ "type": "Feature", "properties": { "id": 69146, "nach": 0.53700840045153186 }, "geometry": { "type": "LineString", "coordinates": [ [ -1.4932146, 50.9047238 ], [ -1.492972, 50.9046001 ], [ -1.4929504, 50.904546 ] ] } },
{ "type": "Feature", "properties": { "id": 69110, "nach": 0.54781157868002905 }, "geometry": { "type": "LineString", "coordinates": [ [ -1.492186, 50.9053299 ], [ -1.4923199, 50.9053985 ] ] } },
{ "type": "Feature", "properties": { "id": 69130, "nach": 0.47568998577344951 }, "geometry": { "type": "LineString", "coordinates": [ [ -1.4932623, 50.9050219 ], [ -1.4932167, 50.9050584 ], [ -1.4930106, 50.905214899999983 ] ] } },
{ "type": "Feature", "properties": { "id": 69123, "nach": 0.50747653365634326 }, "geometry": { "type": "LineString", "coordinates": [ [ -1.4918976, 50.9051819 ], [ -1.4921695, 50.9053214 ] ] } },
{ "type": "Feature", "properties": { "id": 69109, "nach": 0.53068705402512595 }, "geometry": { "type": "LineString", "coordinates": [ [ -1.492186, 50.9053299 ], [ -1.4921695, 50.9053214 ] ] } },
{ "type": "Feature", "properties": { "id": 69125, "nach": 0.40853268950285343 }, "geometry": { "type": "LineString", "coordinates": [ [ -1.492572, 50.905010199999985 ], [ -1.4923754, 50.9051622 ], [ -1.4921695, 50.9053214 ] ] } },
{ "type": "Feature", "properties": { "id": 69126, "nach": 0.40804561290477576 }, "geometry": { "type": "LineString", "coordinates": [ [ -1.4921133, 50.9050128 ], [ -1.4918976, 50.9051819 ] ] } },
{ "type": "Feature", "properties": { "id": 69142, "nach": 0.47168231398024363 }, "geometry": { "type": "LineString", "coordinates": [ [ -1.4913874, 50.90476 ], [ -1.4913905, 50.904774299999985 ], [ -1.4913932, 50.9048072 ], [ -1.4913878, 50.9048707 ], [ -1.4913958, 50.904896 ], [ -1.4914093, 50.9049197 ], [ -1.4914321, 50.9049426 ], [ -1.4914723, 50.9049637 ], [ -1.4918976, 50.9051819 ] ] } },
{ "type": "Feature", "properties": { "id": 69113, "nach": 0.40990462451334231 }, "geometry": { "type": "LineString", "coordinates": [ [ -1.4916998, 50.905406299999989 ], [ -1.4917899, 50.9053957 ], [ -1.4918619, 50.9053876 ], [ -1.4919056, 50.9053828 ], [ -1.4919407, 50.9053789 ], [ -1.492108, 50.905362900000014 ], [ -1.4921375, 50.9053578 ], [ -1.4921603, 50.9053477 ], [ -1.492186, 50.9053299 ] ] } },
{ "type": "Feature", "properties": { "id": 69115, "nach": 0.0 }, "geometry": { "type": "LineString", "coordinates": [ [ -1.4916998, 50.905406299999989 ], [ -1.4917888, 50.9057647 ], [ -1.4915569, 50.9057877 ], [ -1.4914679, 50.9054292 ], [ -1.4916998, 50.905406299999989 ] ] } },
{ "type": "Feature", "properties": { "id": 69131, "nach": 0.39868341945204355 }, "geometry": { "type": "LineString", "coordinates": [ [ -1.4932623, 50.9050219 ], [ -1.4936824, 50.9046855 ], [ -1.493949, 50.9044671 ], [ -1.4939655, 50.9044551 ], [ -1.4939859, 50.904446299999989 ], [ -1.4940093, 50.9044432 ], [ -1.494039, 50.9044441 ], [ -1.4945537, 50.904514600000013 ] ] } },
{ "type": "Feature", "properties": { "id": 69137, "nach": 0.40653144101702204 }, "geometry": { "type": "LineString", "coordinates": [ [ -1.49367, 50.9052368 ], [ -1.4932623, 50.9050219 ] ] } },
{ "type": "Feature", "properties": { "id": 69143, "nach": 0.40170164743882503 }, "geometry": { "type": "LineString", "coordinates": [ [ -1.4913874, 50.90476 ], [ -1.4914361, 50.9047565 ], [ -1.4914616, 50.9047497 ], [ -1.491479, 50.9047396 ], [ -1.4916842, 50.904584 ] ] } },
{ "type": "Feature", "properties": { "id": 104923, "nach": 0.39764987941881913 }, "geometry": { "type": "LineString", "coordinates": [ [ -1.4907078, 50.9048082 ], [ -1.4909145, 50.9049096 ], [ -1.4909586, 50.90487490000001 ], [ -1.4911853, 50.9046981 ], [ -1.4912108, 50.9046829 ], [ -1.4912416, 50.904677 ], [ -1.4912765, 50.9046812 ], [ -1.4913087, 50.90469310000001 ], [ -1.4913449, 50.904710799999989 ], [ -1.4913717, 50.904732 ], [ -1.4913851, 50.904749700000011 ], [ -1.4913874, 50.90476 ] ] } },
{ "type": "Feature", "properties": { "id": 69139, "nach": 0.40021652811261471 }, "geometry": { "type": "LineString", "coordinates": [ [ -1.4929504, 50.904546 ], [ -1.4932332, 50.9043675 ] ] } },
{ "type": "Feature", "properties": { "id": 69152, "nach": 0.51995656180497918 }, "geometry": { "type": "LineString", "coordinates": [ [ -1.4926908, 50.90441340000001 ], [ -1.4929504, 50.904546 ] ] } },
{ "type": "Feature", "properties": { "id": 69149, "nach": 0.39251481802398619 }, "geometry": { "type": "LineString", "coordinates": [ [ -1.4917807, 50.9045992 ], [ -1.4921997, 50.904257299999983 ] ] } },
{ "type": "Feature", "properties": { "id": 119423, "nach": 0.39363263789368186 }, "geometry": { "type": "LineString", "coordinates": [ [ -1.4917904, 50.9041938 ], [ -1.4921997, 50.904257299999983 ] ] } },
{ "type": "Feature", "properties": { "id": 69153, "nach": 0.4823240022961372 }, "geometry": { "type": "LineString", "coordinates": [ [ -1.4926908, 50.90441340000001 ], [ -1.4925077, 50.9043427 ], [ -1.4921997, 50.904257299999983 ] ] } },
{ "type": "Feature", "properties": { "id": 69147, "nach": 0.39363263789368186 }, "geometry": { "type": "LineString", "coordinates": [ [ -1.4925207, 50.9040112 ], [ -1.4922765, 50.9041988 ], [ -1.4922323, 50.9042483 ], [ -1.4921997, 50.904257299999983 ] ] } },
{ "type": "Feature", "properties": { "id": 69151, "nach": 0.39738811037596344 }, "geometry": { "type": "LineString", "coordinates": [ [ -1.4926908, 50.90441340000001 ], [ -1.4929503, 50.904216 ] ] } },
{ "type": "Feature", "properties": { "id": 69150, "nach": 0.39996055536526964 }, "geometry": { "type": "LineString", "coordinates": [ [ -1.4926908, 50.90441340000001 ], [ -1.4926484, 50.9044444 ] ] } },
{ "type": "Feature", "properties": { "id": 69161, "nach": 0.40752886510301961 }, "geometry": { "type": "LineString", "coordinates": [ [ -1.494286, 50.9052524 ], [ -1.4941894, 50.9053214 ], [ -1.4939225, 50.9055499 ] ] } },
{ "type": "Feature", "properties": { "id": 69155, "nach": 0.45354002335486138 }, "geometry": { "type": "LineString", "coordinates": [ [ -1.4939225, 50.9055499 ], [ -1.4937076, 50.90549 ], [ -1.4934749, 50.9054305 ], [ -1.4933075, 50.9056105 ], [ -1.4932828, 50.90564530000001 ], [ -1.4932627, 50.9056868 ], [ -1.4932372, 50.9057544 ] ] } },
{ "type": "Feature", "properties": { "id": 69165, "nach": 0.17367711196928318 }, "geometry": { "type": "LineString", "coordinates": [ [ -1.4940677, 50.90559 ], [ -1.4939225, 50.9055499 ] ] } },
{ "type": "Feature", "properties": { "id": 69163, "nach": 0.07041386480190498 }, "geometry": { "type": "LineString", "coordinates": [ [ -1.494286, 50.9052524 ], [ -1.4944187, 50.905316100000015 ], [ -1.4945293, 50.9053699 ], [ -1.4946231, 50.9054184 ], [ -1.49467, 50.9054451 ] ] } },
{ "type": "Feature", "properties": { "id": 99480, "nach": 0.5355698658492104 }, "geometry": { "type": "LineString", "coordinates": [ [ -1.4929949, 50.9058971 ], [ -1.4930762, 50.905803500000012 ], [ -1.4931299, 50.9057697 ], [ -1.4931782, 50.9057561 ], [ -1.4932372, 50.9057544 ] ] } },
{ "type": "Feature", "properties": { "id": 69171, "nach": 0.49864832349994964 }, "geometry": { "type": "LineString", "coordinates": [ [ -1.4932372, 50.9057544 ], [ -1.4932935, 50.9057646 ], [ -1.4937013, 50.9058818 ], [ -1.4938018, 50.9059067 ] ] } },
{ "type": "Feature", "properties": { "id": 69156, "nach": 0.15373744744593704 }, "geometry": { "type": "LineString", "coordinates": [ [ -1.4942659, 50.905679300000017 ], [ -1.4942059, 50.9056324 ], [ -1.4940677, 50.90559 ] ] } },
{ "type": "Feature", "properties": { "id": 69160, "nach": 0.40546482421193747 }, "geometry": { "type": "LineString", "coordinates": [ [ -1.49467, 50.9054451 ], [ -1.49459, 50.9055145 ], [ -1.4944871, 50.9055954 ], [ -1.4943558, 50.9056722 ], [ -1.4942659, 50.905679300000017 ] ] } },
{ "type": "Feature", "properties": { "id": 69173, "nach": 0.4517034677620051 }, "geometry": { "type": "LineString", "coordinates": [ [ -1.4938018, 50.9059067 ], [ -1.493857, 50.9059185 ], [ -1.4939148, 50.9059236 ], [ -1.4939672, 50.9059221 ], [ -1.4940049, 50.9059145 ], [ -1.4940439, 50.9058993 ], [ -1.4942373, 50.9057705 ], [ -1.494264, 50.9057278 ], [ -1.4942659, 50.905679300000017 ] ] } },
{ "type": "Feature", "properties": { "id": 69172, "nach": 0.41079060262887851 }, "geometry": { "type": "LineString", "coordinates": [ [ -1.4938018, 50.9059067 ], [ -1.4940677, 50.90559 ] ] } },
{ "type": "Feature", "properties": { "id": 69229, "nach": 0.65630495638135733 }, "geometry": { "type": "LineString", "coordinates": [ [ -1.4927251, 50.9060138 ], [ -1.4928619, 50.906050400000012 ] ] } },
{ "type": "Feature", "properties": { "id": 95069, "nach": 0.65249322846383795 }, "geometry": { "type": "LineString", "coordinates": [ [ -1.4929828, 50.9060853 ], [ -1.4928619, 50.906050400000012 ] ] } },
{ "type": "Feature", "properties": { "id": 99479, "nach": 0.56585404916348814 }, "geometry": { "type": "LineString", "coordinates": [ [ -1.4929949, 50.9058971 ], [ -1.4928619, 50.906050400000012 ] ] } },
{ "type": "Feature", "properties": { "id": 69215, "nach": 0.41918368738770334 }, "geometry": { "type": "LineString", "coordinates": [ [ -1.4927008, 50.9062813 ], [ -1.4928619, 50.906050400000012 ] ] } },
{ "type": "Feature", "properties": { "id": 69230, "nach": 0.41945709265057451 }, "geometry": { "type": "LineString", "coordinates": [ [ -1.4927251, 50.9060138 ], [ -1.4925559, 50.9062585 ] ] } },
{ "type": "Feature", "properties": { "id": 95071, "nach": 0.65160530935952976 }, "geometry": { "type": "LineString", "coordinates": [ [ -1.4929828, 50.9060853 ], [ -1.4932135, 50.906152 ], [ -1.493468, 50.9062251 ] ] } },
{ "type": "Feature", "properties": { "id": 95070, "nach": 0.41984956849492 }, "geometry": { "type": "LineString", "coordinates": [ [ -1.4929828, 50.9060853 ], [ -1.4928335, 50.9063024 ] ] } },
{ "type": "Feature", "properties": { "id": 99484, "nach": 0.48543963903063736 }, "geometry": { "type": "LineString", "coordinates": [ [ -1.493745, 50.9061211 ], [ -1.4936841, 50.9061013 ], [ -1.4936296, 50.9060734 ], [ -1.4935746, 50.9060534 ], [ -1.493229, 50.9059465 ], [ -1.4931893, 50.9059366 ], [ -1.493085, 50.9059285 ], [ -1.4929949, 50.9058971 ] ] } },
{ "type": "Feature", "properties": { "id": 69219, "nach": 0.64791439769087966 }, "geometry": { "type": "LineString", "coordinates": [ [ -1.4950819, 50.9067163 ], [ -1.4949576, 50.9066708 ] ] } },
{ "type": "Feature", "properties": { "id": 69237, "nach": 0.42950965768848715 }, "geometry": { "type": "LineString", "coordinates": [ [ -1.4950503, 50.9065764 ], [ -1.4949576, 50.9066708 ] ] } },
{ "type": "Feature", "properties": { "id": 69221, "nach": 0.42914211094735077 }, "geometry": { "type": "LineString", "coordinates": [ [ -1.4950819, 50.9067163 ], [ -1.4948881, 50.906919 ] ] } },
{ "type": "Feature", "properties": { "id": 69325, "nach": 0.42401411323123206 }, "geometry": { "type": "LineString", "coordinates": [ [ -1.4902983, 50.9060871 ], [ -1.4902984, 50.9061147 ], [ -1.4903049, 50.9061348 ], [ -1.4903157, 50.9061542 ], [ -1.4904176, 50.9062819 ] ] } },
{ "type": "Feature", "properties": { "id": 69324, "nach": 0.65009895730470302 }, "geometry": { "type": "LineString", "coordinates": [ [ -1.4902983, 50.9060871 ], [ -1.490453, 50.9060938 ] ] } },
{ "type": "Feature", "properties": { "id": 95066, "nach": 0.65099741793138566 }, "geometry": { "type": "LineString", "coordinates": [ [ -1.4935004, 50.9062344 ], [ -1.493468, 50.9062251 ] ] } },
{ "type": "Feature", "properties": { "id": 69236, "nach": 0.42069190231133763 }, "geometry": { "type": "LineString", "coordinates": [ [ -1.4932855, 50.9064809 ], [ -1.493468, 50.9062251 ] ] } },
{ "type": "Feature", "properties": { "id": 95067, "nach": 0.42009018233344675 }, "geometry": { "type": "LineString", "coordinates": [ [ -1.4935004, 50.9062344 ], [ -1.4932922, 50.9065181 ] ] } },
{ "type": "Feature", "properties": { "id": 95068, "nach": 0.65072576179100061 }, "geometry": { "type": "LineString", "coordinates": [ [ -1.4935004, 50.9062344 ], [ -1.4936146, 50.9062673 ], [ -1.493877, 50.9063439 ], [ -1.4940034, 50.9063792 ] ] } },
{ "type": "Feature", "properties": { "id": 95062, "nach": 0.4237571779800966 }, "geometry": { "type": "LineString", "coordinates": [ [ -1.494048, 50.9063917 ], [ -1.4939373, 50.9065037 ] ] } },
{ "type": "Feature", "properties": { "id": 95063, "nach": 0.65081201098405794 }, "geometry": { "type": "LineString", "coordinates": [ [ -1.4940034, 50.9063792 ], [ -1.494048, 50.9063917 ] ] } },
{ "type": "Feature", "properties": { "id": 69322, "nach": 0.42109094665866331 }, "geometry": { "type": "LineString", "coordinates": [ [ -1.4896599, 50.9063141 ], [ -1.4895782, 50.906109 ] ] } },
{ "type": "Feature", "properties": { "id": 95064, "nach": 0.42282383518702316 }, "geometry": { "type": "LineString", "coordinates": [ [ -1.4940034, 50.9063792 ], [ -1.4938044, 50.9065951 ] ] } },
{ "type": "Feature", "properties": { "id": 69259, "nach": 0.41915245854203914 }, "geometry": { "type": "LineString", "coordinates": [ [ -1.4961822, 50.9057443 ], [ -1.4960786, 50.905844499999986 ] ] } },
{ "type": "Feature", "properties": { "id": 69303, "nach": 0.41562124474873452 }, "geometry": { "type": "LineString", "coordinates": [ [ -1.4888789, 50.9066918 ], [ -1.4887781, 50.9067027 ] ] } },
{ "type": "Feature", "properties": { "id": 69318, "nach": 0.57112711887270751 }, "geometry": { "type": "LineString", "coordinates": [ [ -1.4888014, 50.9069712 ], [ -1.4888161, 50.9068649 ], [ -1.4888348, 50.9067882 ], [ -1.4888789, 50.9066918 ] ] } },
{ "type": "Feature", "properties": { "id": 69319, "nach": 0.59383656669094265 }, "geometry": { "type": "LineString", "coordinates": [ [ -1.4882359, 50.9061898 ], [ -1.4881324, 50.9061834 ], [ -1.487989, 50.9061628 ], [ -1.4879287, 50.9061521 ] ] } },
{ "type": "Feature", "properties": { "id": 69300, "nach": 0.42051081619335973 }, "geometry": { "type": "LineString", "coordinates": [ [ -1.487954, 50.90649 ], [ -1.4879325, 50.9064003 ], [ -1.4879204, 50.9063284 ], [ -1.4879151, 50.9062616 ], [ -1.4879124, 50.9062194 ], [ -1.4879164, 50.9061923 ], [ -1.4879287, 50.9061521 ] ] } },
{ "type": "Feature", "properties": { "id": 69321, "nach": 0.42018381911599961 }, "geometry": { "type": "LineString", "coordinates": [ [ -1.4882359, 50.9061898 ], [ -1.4882356, 50.9062185 ], [ -1.4882383, 50.9062371 ], [ -1.4882852, 50.9064663 ] ] } },
{ "type": "Feature", "properties": { "id": 69305, "nach": 0.52807483866154603 }, "geometry": { "type": "LineString", "coordinates": [ [ -1.4888079, 50.90721090000001 ], [ -1.4887948, 50.9074042 ] ] } },
{ "type": "Feature", "properties": { "id": 69313, "nach": 0.40441821241662113 }, "geometry": { "type": "LineString", "coordinates": [ [ -1.4884522, 50.9074308 ], [ -1.4887948, 50.9074042 ] ] } },
{ "type": "Feature", "properties": { "id": 69307, "nach": 0.40944927162367473 }, "geometry": { "type": "LineString", "coordinates": [ [ -1.4888079, 50.90721090000001 ], [ -1.488984, 50.9071959 ] ] } },
{ "type": "Feature", "properties": { "id": 106134, "nach": 0.5456017498216339 }, "geometry": { "type": "LineString", "coordinates": [ [ -1.4888072, 50.9071827 ], [ -1.4888079, 50.90721090000001 ] ] } },
{ "type": "Feature", "properties": { "id": 69298, "nach": 0.65178668802242024 }, "geometry": { "type": "LineString", "coordinates": [ [ -1.490453, 50.9060938 ], [ -1.490745, 50.9061065 ] ] } },
{ "type": "Feature", "properties": { "id": 69301, "nach": 0.4231618911069881 }, "geometry": { "type": "LineString", "coordinates": [ [ -1.490891, 50.90638 ], [ -1.4907649, 50.906188899999989 ], [ -1.4907542, 50.9061652 ], [ -1.4907488, 50.9061449 ], [ -1.490745, 50.9061065 ] ] } },
{ "type": "Feature", "properties": { "id": 69299, "nach": 0.42447469981938246 }, "geometry": { "type": "LineString", "coordinates": [ [ -1.490453, 50.9060938 ], [ -1.4904513, 50.9061163 ], [ -1.4904565, 50.9061365 ], [ -1.4904632, 50.9061517 ], [ -1.4905316, 50.9062642 ] ] } },
{ "type": "Feature", "properties": { "id": 69317, "nach": 0.41206943468646373 }, "geometry": { "type": "LineString", "coordinates": [ [ -1.4888014, 50.9069712 ], [ -1.488923, 50.906956 ] ] } },
{ "type": "Feature", "properties": { "id": 106135, "nach": 0.55941153324767334 }, "geometry": { "type": "LineString", "coordinates": [ [ -1.4888072, 50.9071827 ], [ -1.4888014, 50.9069712 ] ] } },
{ "type": "Feature", "properties": { "id": 106136, "nach": 0.40974284277481265 }, "geometry": { "type": "LineString", "coordinates": [ [ -1.4888072, 50.9071827 ], [ -1.4889925, 50.9071597 ] ] } },
{ "type": "Feature", "properties": { "id": 69344, "nach": 0.42951249296910782 }, "geometry": { "type": "LineString", "coordinates": [ [ -1.4915334, 50.9069593 ], [ -1.4916747, 50.906910400000015 ] ] } },
{ "type": "Feature", "properties": { "id": 69424, "nach": 0.4516005476304556 }, "geometry": { "type": "LineString", "coordinates": [ [ -1.4955987, 50.90829 ], [ -1.4956424, 50.9083486 ], [ -1.4956819, 50.908405 ] ] } },
{ "type": "Feature", "properties": { "id": 69426, "nach": 0.52239038478426558 }, "geometry": { "type": "LineString", "coordinates": [ [ -1.4955987, 50.90829 ], [ -1.4954529, 50.9083288 ], [ -1.4954275, 50.9083336 ], [ -1.4954171, 50.9083347 ] ] } },
{ "type": "Feature", "properties": { "id": 69425, "nach": 0.44561415591187137 }, "geometry": { "type": "LineString", "coordinates": [ [ -1.4955987, 50.90829 ], [ -1.4955244, 50.9082012 ], [ -1.4954737, 50.9081508 ], [ -1.49542, 50.9081106 ], [ -1.4953818, 50.9080892 ], [ -1.4952309, 50.908036 ] ] } },
{ "type": "Feature", "properties": { "id": 69407, "nach": 0.59415120716926095 }, "geometry": { "type": "LineString", "coordinates": [ [ -1.4902093, 50.9082145 ], [ -1.4903036, 50.9082011 ], [ -1.4904056, 50.9081826 ], [ -1.4904793, 50.9081687 ], [ -1.4905619, 50.908145 ], [ -1.4906336, 50.9081209 ] ] } },
{ "type": "Feature", "properties": { "id": 69433, "nach": 0.0 }, "geometry": { "type": "LineString", "coordinates": [ [ -1.490764, 50.9079343 ], [ -1.4904786, 50.907864800000013 ], [ -1.4904151, 50.9078885 ], [ -1.4902093, 50.9082145 ] ] } },
{ "type": "Feature", "properties": { "id": 69392, "nach": 0.51262135094269379 }, "geometry": { "type": "LineString", "coordinates": [ [ -1.4906336, 50.9081209 ], [ -1.4904912, 50.9079528 ] ] } },
{ "type": "Feature", "properties": { "id": 69390, "nach": 0.44083074682016316 }, "geometry": { "type": "LineString", "coordinates": [ [ -1.4905998, 50.9079164 ], [ -1.4904912, 50.9079528 ] ] } },
{ "type": "Feature", "properties": { "id": 69415, "nach": 0.44083074682016316 }, "geometry": { "type": "LineString", "coordinates": [ [ -1.4903812, 50.9079875 ], [ -1.4904912, 50.9079528 ] ] } },
{ "type": "Feature", "properties": { "id": 69431, "nach": 0.427170342893894 }, "geometry": { "type": "LineString", "coordinates": [ [ -1.490764, 50.9079343 ], [ -1.4907203, 50.9079967 ], [ -1.4907002, 50.908063300000016 ], [ -1.4906336, 50.9081209 ] ] } },
{ "type": "Feature", "properties": { "id": 69399, "nach": 0.45037235429446021 }, "geometry": { "type": "LineString", "coordinates": [ [ -1.4953087, 50.908311 ], [ -1.4952739, 50.9083678 ], [ -1.4951885, 50.9084872 ], [ -1.4951666, 50.9085155 ] ] } },
{ "type": "Feature", "properties": { "id": 69416, "nach": 0.44534672412590914 }, "geometry": { "type": "LineString", "coordinates": [ [ -1.4947119, 50.9081324 ], [ -1.4953087, 50.908311 ] ] } },
{ "type": "Feature", "properties": { "id": 69410, "nach": 0.5223081866140985 }, "geometry": { "type": "LineString", "coordinates": [ [ -1.4954171, 50.9083347 ], [ -1.4954103, 50.9083346 ], [ -1.495393, 50.9083332 ], [ -1.4953768, 50.90833 ], [ -1.4953087, 50.908311 ] ] } },
{ "type": "Feature", "properties": { "id": 69432, "nach": 0.392319696741179 }, "geometry": { "type": "LineString", "coordinates": [ [ -1.490764, 50.9079343 ], [ -1.4909619, 50.907598199999988 ], [ -1.4910238, 50.9074885 ], [ -1.4910703, 50.9074118 ] ] } },
{ "type": "Feature", "properties": { "id": 126031, "nach": 0.42056179160677842 }, "geometry": { "type": "LineString", "coordinates": [ [ -1.4910079, 50.907954 ], [ -1.4909386, 50.9079711 ], [ -1.490764, 50.9079343 ] ] } },
{ "type": "Feature", "properties": { "id": 69413, "nach": 0.5785033169668613 }, "geometry": { "type": "LineString", "coordinates": [ [ -1.4951715, 50.9087324 ], [ -1.4952294, 50.9086543 ], [ -1.4953851, 50.9084154 ], [ -1.4954071, 50.9083816 ], [ -1.4954139, 50.9083695 ], [ -1.4954179, 50.9083574 ], [ -1.4954188, 50.9083448 ], [ -1.4954171, 50.9083347 ] ] } },
{ "type": "Feature", "properties": { "id": 94954, "nach": 0.4750659782894005 }, "geometry": { "type": "LineString", "coordinates": [ [ -1.4946574, 50.9094063 ], [ -1.49469490000001, 50.9093242 ], [ -1.4945568, 50.909298 ], [ -1.4946027, 50.9091984 ] ] } },
{ "type": "Feature", "properties": { "id": 69427, "nach": 0.46040262178649716 }, "geometry": { "type": "LineString", "coordinates": [ [ -1.494589, 50.9085364 ], [ -1.4949198, 50.9086263 ], [ -1.4949466, 50.9086373 ], [ -1.4949705, 50.9086555 ], [ -1.4950137, 50.908688 ], [ -1.4950405, 50.9086998 ], [ -1.4950754, 50.9087091 ], [ -1.4951715, 50.9087324 ] ] } },
{ "type": "Feature", "properties": { "id": 126027, "nach": 0.46273945390161941 }, "geometry": { "type": "LineString", "coordinates": [ [ -1.4914388, 50.907486 ], [ -1.4910703, 50.9074118 ] ] } },
{ "type": "Feature", "properties": { "id": 69435, "nach": 0.43585262271611802 }, "geometry": { "type": "LineString", "coordinates": [ [ -1.4911128, 50.9073317 ], [ -1.4910703, 50.9074118 ] ] } },
{ "type": "Feature", "properties": { "id": 126030, "nach": 0.57867918131545049 }, "geometry": { "type": "LineString", "coordinates": [ [ -1.4910079, 50.907954 ], [ -1.4911073, 50.9079337 ], [ -1.4911959, 50.9078633 ], [ -1.4912531, 50.9077963 ], [ -1.49133, 50.9076922 ], [ -1.4914388, 50.907486 ] ] } },
{ "type": "Feature", "properties": { "id": 69460, "nach": 0.41068053212545841 }, "geometry": { "type": "LineString", "coordinates": [ [ -1.4898602, 50.9067316 ], [ -1.4899444, 50.9067242 ] ] } },
{ "type": "Feature", "properties": { "id": 69458, "nach": 0.47923063990702613 }, "geometry": { "type": "LineString", "coordinates": [ [ -1.4899096, 50.906824 ], [ -1.4899339, 50.9068095 ], [ -1.489937, 50.906788699999986 ], [ -1.4899385, 50.9067684 ], [ -1.489938, 50.9067429 ], [ -1.4899444, 50.9067242 ] ] } },
{ "type": "Feature", "properties": { "id": 69457, "nach": 0.40790724270716272 }, "geometry": { "type": "LineString", "coordinates": [ [ -1.4899096, 50.906824 ], [ -1.4897255, 50.906849200000011 ] ] } },
{ "type": "Feature", "properties": { "id": 69459, "nach": 0.4081375270429603 }, "geometry": { "type": "LineString", "coordinates": [ [ -1.4899096, 50.906824 ], [ -1.4899126, 50.9068343 ], [ -1.4899224, 50.9068632 ], [ -1.489948, 50.9069245 ] ] } },
{ "type": "Feature", "properties": { "id": 69472, "nach": 0.46589370025384458 }, "geometry": { "type": "LineString", "coordinates": [ [ -1.4916049, 50.9095517 ], [ -1.4915382, 50.909562799999989 ], [ -1.4914616, 50.9095667 ], [ -1.4913895, 50.9095642 ] ] } },
{ "type": "Feature", "properties": { "id": 69475, "nach": 0.43696168489516285 }, "geometry": { "type": "LineString", "coordinates": [ [ -1.4915823, 50.9097308 ], [ -1.4915409, 50.9097401 ], [ -1.4914961, 50.9097408 ], [ -1.4914541, 50.9097329 ], [ -1.4914126, 50.909714100000016 ], [ -1.4913923, 50.909697 ], [ -1.4913752, 50.909666 ], [ -1.4913755, 50.9096372 ], [ -1.4913895, 50.9095642 ] ] } },
{ "type": "Feature", "properties": { "id": 69478, "nach": 0.51008553055888506 }, "geometry": { "type": "LineString", "coordinates": [ [ -1.491796, 50.909488 ], [ -1.4917375, 50.9095117 ], [ -1.491671, 50.9095333 ], [ -1.4916049, 50.9095517 ] ] } },
{ "type": "Feature", "properties": { "id": 69476, "nach": 0.43166415877537795 }, "geometry": { "type": "LineString", "coordinates": [ [ -1.4915823, 50.9097308 ], [ -1.4916139, 50.9097161 ], [ -1.4916399, 50.9096942 ], [ -1.4916506, 50.9096774 ], [ -1.4916561, 50.9096505 ], [ -1.4916484, 50.9096203 ], [ -1.4916049, 50.9095517 ] ] } },
{ "type": "Feature", "properties": { "id": 69492, "nach": 0.42481432483470888 }, "geometry": { "type": "LineString", "coordinates": [ [ -1.4915382, 50.9101485 ], [ -1.4916416, 50.9100861 ], [ -1.4916712, 50.9100564 ], [ -1.491683, 50.9100216 ], [ -1.4916787, 50.909971400000018 ], [ -1.4916687, 50.909929 ], [ -1.4916495, 50.9098671 ], [ -1.4916205, 50.9097992 ], [ -1.4915823, 50.9097308 ] ] } },
{ "type": "Feature", "properties": { "id": 95056, "nach": 0.53272163961552255 }, "geometry": { "type": "LineString", "coordinates": [ [ -1.4920997, 50.90924050000001 ], [ -1.492032, 50.9092254 ], [ -1.4920129, 50.9092594 ], [ -1.4920314, 50.9092816 ], [ -1.4919916, 50.9093391 ], [ -1.4919496, 50.9093847 ], [ -1.4919033, 50.9094237 ], [ -1.4918583, 50.9094546 ], [ -1.4917993, 50.9094867 ], [ -1.491796, 50.909488 ] ] } },
{ "type": "Feature", "properties": { "id": 69481, "nach": 0.42839495130426009 }, "geometry": { "type": "LineString", "coordinates": [ [ -1.4925619, 50.9098225 ], [ -1.4921918, 50.9097414 ], [ -1.4922025, 50.9097185 ], [ -1.4922038, 50.909705 ], [ -1.4921998, 50.9096889 ], [ -1.492191, 50.9096748 ], [ -1.4921778, 50.90966250000001 ], [ -1.4921587, 50.9096512 ], [ -1.4921341, 50.9096441 ], [ -1.4919544, 50.909601 ], [ -1.4919195, 50.9095908 ], [ -1.4918927, 50.9095765 ], [ -1.4918739, 50.9095587 ], [ -1.491796, 50.909488 ] ] } },
{ "type": "Feature", "properties": { "id": 90149, "nach": 0.59169285035844077 }, "geometry": { "type": "LineString", "coordinates": [ [ -1.4846249, 50.9117133 ], [ -1.4847898, 50.9118139 ], [ -1.4848017, 50.9118211 ] ] } },
{ "type": "Feature", "properties": { "id": 113501, "nach": 0.48140955789704931 }, "geometry": { "type": "LineString", "coordinates": [ [ -1.4843743, 50.9110512 ], [ -1.4843023, 50.9110073 ] ] } },
{ "type": "Feature", "properties": { "id": 90139, "nach": 0.52627985555333345 }, "geometry": { "type": "LineString", "coordinates": [ [ -1.4839006, 50.9112709 ], [ -1.4843023, 50.9110073 ] ] } },
{ "type": "Feature", "properties": { "id": 90134, "nach": 0.61338951091276761 }, "geometry": { "type": "LineString", "coordinates": [ [ -1.4834202, 50.9115179 ], [ -1.4833907, 50.9115047 ], [ -1.4832707, 50.911459 ], [ -1.4829863, 50.9113447 ] ] } },
{ "type": "Feature", "properties": { "id": 69533, "nach": 0.62126402505413336 }, "geometry": { "type": "LineString", "coordinates": [ [ -1.4824576, 50.9112299 ], [ -1.4825375, 50.911217099999988 ], [ -1.4825906, 50.9112211 ], [ -1.4826493, 50.9112307 ], [ -1.4829863, 50.9113447 ] ] } },
{ "type": "Feature", "properties": { "id": 90132, "nach": 0.49255288074040843 }, "geometry": { "type": "LineString", "coordinates": [ [ -1.4834202, 50.9115179 ], [ -1.4838494, 50.9112409 ] ] } },
{ "type": "Feature", "properties": { "id": 90140, "nach": 0.5303858233260601 }, "geometry": { "type": "LineString", "coordinates": [ [ -1.4839006, 50.9112709 ], [ -1.4838852, 50.9112615 ], [ -1.4838494, 50.9112409 ] ] } },
{ "type": "Feature", "properties": { "id": 69567, "nach": 0.49997702858000387 }, "geometry": { "type": "LineString", "coordinates": [ [ -1.4828315, 50.9117555 ], [ -1.4825231, 50.9112807 ], [ -1.482507, 50.9112624 ], [ -1.4824852, 50.9112451 ], [ -1.4824576, 50.9112299 ] ] } },
{ "type": "Feature", "properties": { "id": 90148, "nach": 0.5163626078839334 }, "geometry": { "type": "LineString", "coordinates": [ [ -1.4846249, 50.9117133 ], [ -1.4844099, 50.9115823 ], [ -1.4842632, 50.91149260000001 ] ] } },
{ "type": "Feature", "properties": { "id": 90152, "nach": 0.56342965434229597 }, "geometry": { "type": "LineString", "coordinates": [ [ -1.4850244, 50.9114476 ], [ -1.4846249, 50.9117133 ] ] } },
{ "type": "Feature", "properties": { "id": 69558, "nach": 0.55994772634667678 }, "geometry": { "type": "LineString", "coordinates": [ [ -1.4883252, 50.911375 ], [ -1.4883551, 50.9114082 ] ] } },
{ "type": "Feature", "properties": { "id": 69550, "nach": 0.5261158742418266 }, "geometry": { "type": "LineString", "coordinates": [ [ -1.4884113, 50.9114444 ], [ -1.4883923, 50.9114382 ], [ -1.4883767, 50.9114297 ], [ -1.4883617, 50.9114161 ], [ -1.4883551, 50.9114082 ] ] } },
{ "type": "Feature", "properties": { "id": 69547, "nach": 0.45236245051730795 }, "geometry": { "type": "LineString", "coordinates": [ [ -1.4888043, 50.9113582 ], [ -1.4884301, 50.9113937 ], [ -1.488406, 50.9113971 ], [ -1.4883785, 50.911402099999982 ], [ -1.4883551, 50.9114082 ] ] } },
{ "type": "Feature", "properties": { "id": 69559, "nach": 0.52699840097327255 }, "geometry": { "type": "LineString", "coordinates": [ [ -1.4883252, 50.911375 ], [ -1.488283, 50.9113043 ] ] } },
{ "type": "Feature", "properties": { "id": 90209, "nach": 0.62918478938826583 }, "geometry": { "type": "LineString", "coordinates": [ [ -1.4880184, 50.911456800000018 ], [ -1.4883252, 50.911375 ] ] } },
{ "type": "Feature", "properties": { "id": 69556, "nach": 0.45368107033241761 }, "geometry": { "type": "LineString", "coordinates": [ [ -1.4886728, 50.9115019 ], [ -1.4884113, 50.9114444 ] ] } },
{ "type": "Feature", "properties": { "id": 90212, "nach": 0.45131393665313607 }, "geometry": { "type": "LineString", "coordinates": [ [ -1.4886079, 50.9116841 ], [ -1.4885352, 50.9115928 ], [ -1.4884113, 50.9114444 ] ] } },
{ "type": "Feature", "properties": { "id": 69554, "nach": 0.4534273443817125 }, "geometry": { "type": "LineString", "coordinates": [ [ -1.488283, 50.9113043 ], [ -1.48831070000001, 50.9112973 ], [ -1.4883309, 50.9112905 ], [ -1.488351, 50.9112804 ], [ -1.4885521, 50.9111662 ] ] } },
{ "type": "Feature", "properties": { "id": 69555, "nach": 0.45366163173183716 }, "geometry": { "type": "LineString", "coordinates": [ [ -1.4881659, 50.9111079 ], [ -1.488283, 50.9113043 ] ] } },
{ "type": "Feature", "properties": { "id": 90210, "nach": 0.62838532578559658 }, "geometry": { "type": "LineString", "coordinates": [ [ -1.4880184, 50.911456800000018 ], [ -1.4878, 50.91151510000001 ] ] } },
{ "type": "Feature", "properties": { "id": 90211, "nach": 0.45140171750562258 }, "geometry": { "type": "LineString", "coordinates": [ [ -1.4880184, 50.911456800000018 ], [ -1.4881559, 50.9116626 ] ] } },
{ "type": "Feature", "properties": { "id": 69584, "nach": 0.42494882397576184 }, "geometry": { "type": "LineString", "coordinates": [ [ -1.4871686, 50.9107718 ], [ -1.4873224, 50.9106884 ] ] } },
{ "type": "Feature", "properties": { "id": 69585, "nach": 0.42580822192566592 }, "geometry": { "type": "LineString", "coordinates": [ [ -1.4871686, 50.9107718 ], [ -1.4872003, 50.9107451 ], [ -1.4872285, 50.9107197 ], [ -1.487254, 50.9106884 ] ] } },
{ "type": "Feature", "properties": { "id": 107073, "nach": 0.37599166647594345 }, "geometry": { "type": "LineString", "coordinates": [ [ -1.4851762, 50.9100547 ], [ -1.4851709, 50.9100218 ], [ -1.4851614, 50.9100075 ], [ -1.4851399, 50.9099924 ], [ -1.4850981, 50.9099841 ], [ -1.4850432, 50.9099819 ], [ -1.4849871, 50.9099819 ], [ -1.4849274, 50.9099766 ], [ -1.4848772, 50.9099653 ], [ -1.484839, 50.909948 ], [ -1.4847961, 50.9099134 ], [ -1.4847471, 50.9098787 ], [ -1.4847029, 50.9098313 ] ] } },
{ "type": "Feature", "properties": { "id": 91479, "nach": 0.74167110816875603 }, "geometry": { "type": "LineString", "coordinates": [ [ -1.4959687, 50.9123765 ], [ -1.496099, 50.912379499999986 ] ] } },
{ "type": "Feature", "properties": { "id": 91480, "nach": 0.49075096287416714 }, "geometry": { "type": "LineString", "coordinates": [ [ -1.4959687, 50.9123765 ], [ -1.4959343, 50.912520900000011 ], [ -1.4959139, 50.9126064 ] ] } },
{ "type": "Feature", "properties": { "id": 91721, "nach": 0.4866196629702369 }, "geometry": { "type": "LineString", "coordinates": [ [ -1.495741, 50.9119771 ], [ -1.495737, 50.911947500000011 ], [ -1.4953826, 50.9117202 ] ] } },
{ "type": "Feature", "properties": { "id": 91728, "nach": 0.6408481805273456 }, "geometry": { "type": "LineString", "coordinates": [ [ -1.4967973, 50.9117706 ], [ -1.496464, 50.911961900000016 ], [ -1.4960871, 50.9119665 ], [ -1.495741, 50.9119771 ] ] } },
{ "type": "Feature", "properties": { "id": 90138, "nach": 0.54651672671730978 }, "geometry": { "type": "LineString", "coordinates": [ [ -1.4839006, 50.9112709 ], [ -1.4841827, 50.91144340000001 ] ] } },
{ "type": "Feature", "properties": { "id": 90144, "nach": 0.52350126097785876 }, "geometry": { "type": "LineString", "coordinates": [ [ -1.4842632, 50.91149260000001 ], [ -1.4841827, 50.91144340000001 ] ] } },
{ "type": "Feature", "properties": { "id": 90145, "nach": 0.44299660069628982 }, "geometry": { "type": "LineString", "coordinates": [ [ -1.4842632, 50.91149260000001 ], [ -1.4846652, 50.9112286 ] ] } },
{ "type": "Feature", "properties": { "id": 90116, "nach": 0.4641472273000492 }, "geometry": { "type": "LineString", "coordinates": [ [ -1.4860722, 50.9123988 ], [ -1.4863349, 50.9123224 ], [ -1.4864356, 50.9123053 ] ] } },
{ "type": "Feature", "properties": { "id": 90112, "nach": 0.46526262512282501 }, "geometry": { "type": "LineString", "coordinates": [ [ -1.4860636, 50.9123879 ], [ -1.4863078, 50.9123155 ], [ -1.4863419, 50.9122994 ] ] } },
{ "type": "Feature", "properties": { "id": 90108, "nach": 0.46313399577427727 }, "geometry": { "type": "LineString", "coordinates": [ [ -1.4859683, 50.9122664 ], [ -1.4862111, 50.91219790000001 ], [ -1.4862629, 50.912193 ] ] } },
{ "type": "Feature", "properties": { "id": 90104, "nach": 0.46305568787676493 }, "geometry": { "type": "LineString", "coordinates": [ [ -1.48596130000001, 50.9122574 ], [ -1.4862049, 50.9121872 ], [ -1.4862428, 50.9121667 ] ] } },
{ "type": "Feature", "properties": { "id": 90128, "nach": 0.44588767055384254 }, "geometry": { "type": "LineString", "coordinates": [ [ -1.4863351, 50.9118734 ], [ -1.486414, 50.912013400000014 ], [ -1.4864591, 50.9120949 ], [ -1.4865056, 50.9121483 ] ] } },
{ "type": "Feature", "properties": { "id": 90161, "nach": 0.64064350971799677 }, "geometry": { "type": "LineString", "coordinates": [ [ -1.4864564, 50.911846 ], [ -1.4863351, 50.9118734 ] ] } },
{ "type": "Feature", "properties": { "id": 90162, "nach": 0.44484095465718987 }, "geometry": { "type": "LineString", "coordinates": [ [ -1.4864564, 50.911846 ], [ -1.4865266, 50.9119639 ], [ -1.4865868, 50.9120654 ] ] } },
{ "type": "Feature", "properties": { "id": 90165, "nach": 0.63495686256722583 }, "geometry": { "type": "LineString", "coordinates": [ [ -1.4865946, 50.9118148 ], [ -1.4864564, 50.911846 ] ] } },
{ "type": "Feature", "properties": { "id": 113502, "nach": 0.52631152281699245 }, "geometry": { "type": "LineString", "coordinates": [ [ -1.4843743, 50.9110512 ], [ -1.4846652, 50.9112286 ] ] } },
{ "type": "Feature", "properties": { "id": 113504, "nach": 0.54211559403039855 }, "geometry": { "type": "LineString", "coordinates": [ [ -1.4847355, 50.9112715 ], [ -1.4846652, 50.9112286 ] ] } },
{ "type": "Feature", "properties": { "id": 113505, "nach": 0.56184756140121916 }, "geometry": { "type": "LineString", "coordinates": [ [ -1.4847355, 50.9112715 ], [ -1.4850244, 50.9114476 ] ] } },
{ "type": "Feature", "properties": { "id": 90166, "nach": 0.4419932929798191 }, "geometry": { "type": "LineString", "coordinates": [ [ -1.4865946, 50.9118148 ], [ -1.4866772, 50.911957 ], [ -1.486733, 50.9120436 ] ] } },
{ "type": "Feature", "properties": { "id": 90169, "nach": 0.62965141407409342 }, "geometry": { "type": "LineString", "coordinates": [ [ -1.4867197, 50.9117865 ], [ -1.4865946, 50.9118148 ] ] } },
{ "type": "Feature", "properties": { "id": 90170, "nach": 0.44017324946743658 }, "geometry": { "type": "LineString", "coordinates": [ [ -1.4867197, 50.9117865 ], [ -1.48681310000001, 50.911944 ], [ -1.4868696, 50.9120362 ] ] } },
{ "type": "Feature", "properties": { "id": 90172, "nach": 0.62782414543887666 }, "geometry": { "type": "LineString", "coordinates": [ [ -1.4868365, 50.9117601 ], [ -1.4867197, 50.9117865 ] ] } },
{ "type": "Feature", "properties": { "id": 90174, "nach": 0.44230741599657997 }, "geometry": { "type": "LineString", "coordinates": [ [ -1.4868365, 50.9117601 ], [ -1.4869225, 50.9118986 ], [ -1.4869593, 50.9119575 ] ] } },
{ "type": "Feature", "properties": { "id": 90178, "nach": 0.62613520940371725 }, "geometry": { "type": "LineString", "coordinates": [ [ -1.4869591, 50.9117312 ], [ -1.4868883, 50.9117484 ], [ -1.4868365, 50.9117601 ] ] } },
{ "type": "Feature", "properties": { "id": 90177, "nach": 0.44414361566673866 }, "geometry": { "type": "LineString", "coordinates": [ [ -1.4869591, 50.9117312 ], [ -1.4870474, 50.9118755 ] ] } },
{ "type": "Feature", "properties": { "id": 90181, "nach": 0.62618633888354613 }, "geometry": { "type": "LineString", "coordinates": [ [ -1.4870818, 50.9117013 ], [ -1.4869591, 50.9117312 ] ] } },
{ "type": "Feature", "properties": { "id": 90182, "nach": 0.44365892408656471 }, "geometry": { "type": "LineString", "coordinates": [ [ -1.4870818, 50.9117013 ], [ -1.4871826, 50.9118657 ] ] } },
{ "type": "Feature", "properties": { "id": 90185, "nach": 0.6264493313114694 }, "geometry": { "type": "LineString", "coordinates": [ [ -1.4872025, 50.9116719 ], [ -1.4870818, 50.9117013 ] ] } },
{ "type": "Feature", "properties": { "id": 90186, "nach": 0.44222913555892801 }, "geometry": { "type": "LineString", "coordinates": [ [ -1.4872025, 50.9116719 ], [ -1.4872927, 50.9118185 ], [ -1.4873515, 50.9119172 ] ] } },
{ "type": "Feature", "properties": { "id": 90195, "nach": 0.44574562153893527 }, "geometry": { "type": "LineString", "coordinates": [ [ -1.4874443, 50.91161 ], [ -1.487577, 50.9118259 ] ] } },
{ "type": "Feature", "properties": { "id": 90197, "nach": 0.63039019492457149 }, "geometry": { "type": "LineString", "coordinates": [ [ -1.4875596, 50.9115792 ], [ -1.4874443, 50.91161 ] ] } },
{ "type": "Feature", "properties": { "id": 90202, "nach": 0.62949632373327646 }, "geometry": { "type": "LineString", "coordinates": [ [ -1.48767710000001, 50.9115479 ], [ -1.4875596, 50.9115792 ] ] } },
{ "type": "Feature", "properties": { "id": 90199, "nach": 0.44527711704861472 }, "geometry": { "type": "LineString", "coordinates": [ [ -1.4877276, 50.9118324 ], [ -1.4876593, 50.9117305 ], [ -1.4875596, 50.9115792 ] ] } },
{ "type": "Feature", "properties": { "id": 90203, "nach": 0.44828594253770315 }, "geometry": { "type": "LineString", "coordinates": [ [ -1.48767710000001, 50.9115479 ], [ -1.4877776, 50.9116999 ], [ -1.4878216, 50.9117685 ] ] } },
{ "type": "Feature", "properties": { "id": 90206, "nach": 0.62882647563042227 }, "geometry": { "type": "LineString", "coordinates": [ [ -1.4878, 50.91151510000001 ], [ -1.48767710000001, 50.9115479 ] ] } },
{ "type": "Feature", "properties": { "id": 90207, "nach": 0.44985258678496548 }, "geometry": { "type": "LineString", "coordinates": [ [ -1.4878, 50.91151510000001 ], [ -1.4879293, 50.91171090000001 ] ] } },
{ "type": "Feature", "properties": { "id": 90887, "nach": 0.74789086599725241 }, "geometry": { "type": "LineString", "coordinates": [ [ -1.4919833, 50.9133509 ], [ -1.4920592, 50.913370199999989 ], [ -1.4921692, 50.9134006 ], [ -1.4922029, 50.913409 ] ] } },
{ "type": "Feature", "properties": { "id": 90885, "nach": 0.5008152044275388 }, "geometry": { "type": "LineString", "coordinates": [ [ -1.4919833, 50.9133509 ], [ -1.4922898, 50.9131492 ] ] } },
{ "type": "Feature", "properties": { "id": 90878, "nach": 0.50123846150523743 }, "geometry": { "type": "LineString", "coordinates": [ [ -1.4922029, 50.913409 ], [ -1.4924536, 50.9132432 ] ] } },
{ "type": "Feature", "properties": { "id": 90909, "nach": 0.49323611702802428 }, "geometry": { "type": "LineString", "coordinates": [ [ -1.4931871, 50.9132966 ], [ -1.4933277, 50.913395199999989 ], [ -1.4933628, 50.9134066 ] ] } },
{ "type": "Feature", "properties": { "id": 91342, "nach": 0.74497719085676695 }, "geometry": { "type": "LineString", "coordinates": [ [ -1.4932025, 50.9132882 ], [ -1.4931871, 50.9132966 ] ] } },
{ "type": "Feature", "properties": { "id": 91344, "nach": 0.49209262426222089 }, "geometry": { "type": "LineString", "coordinates": [ [ -1.4932025, 50.9132882 ], [ -1.4929663, 50.9131266 ] ] } },
{ "type": "Feature", "properties": { "id": 91346, "nach": 0.74346723555159255 }, "geometry": { "type": "LineString", "coordinates": [ [ -1.493231, 50.9132727 ], [ -1.4932025, 50.9132882 ] ] } },
{ "type": "Feature", "properties": { "id": 90913, "nach": 0.49003411935759889 }, "geometry": { "type": "LineString", "coordinates": [ [ -1.4933223, 50.9136906 ], [ -1.4933794, 50.9135438 ] ] } },
{ "type": "Feature", "properties": { "id": 91183, "nach": 0.66512332201019031 }, "geometry": { "type": "LineString", "coordinates": [ [ -1.4932764, 50.9136818 ], [ -1.493257, 50.9136781 ], [ -1.4931523, 50.9136504 ] ] } },
{ "type": "Feature", "properties": { "id": 91170, "nach": 0.49457596928495889 }, "geometry": { "type": "LineString", "coordinates": [ [ -1.4929182, 50.9135884 ], [ -1.4928434, 50.9137522 ] ] } },
{ "type": "Feature", "properties": { "id": 91173, "nach": 0.68127485733430515 }, "geometry": { "type": "LineString", "coordinates": [ [ -1.4930298, 50.913618 ], [ -1.4929182, 50.9135884 ] ] } },
{ "type": "Feature", "properties": { "id": 91175, "nach": 0.49264982291113907 }, "geometry": { "type": "LineString", "coordinates": [ [ -1.4930298, 50.913618 ], [ -1.4929443, 50.9138236 ] ] } },
{ "type": "Feature", "properties": { "id": 91177, "nach": 0.67354119325129103 }, "geometry": { "type": "LineString", "coordinates": [ [ -1.4931523, 50.9136504 ], [ -1.4930298, 50.913618 ] ] } },
{ "type": "Feature", "properties": { "id": 91179, "nach": 0.48992571715618072 }, "geometry": { "type": "LineString", "coordinates": [ [ -1.4931523, 50.9136504 ], [ -1.4930664, 50.913851499999986 ], [ -1.4930195, 50.913948 ] ] } },
{ "type": "Feature", "properties": { "id": 91259, "nach": 0.48512772048069919 }, "geometry": { "type": "LineString", "coordinates": [ [ -1.4939633, 50.9130017 ], [ -1.4939138, 50.9132421 ] ] } },
{ "type": "Feature", "properties": { "id": 91262, "nach": 0.7315551214456214 }, "geometry": { "type": "LineString", "coordinates": [ [ -1.493923, 50.912999 ], [ -1.4939633, 50.9130017 ] ] } },
{ "type": "Feature", "properties": { "id": 91329, "nach": 0.73055034651075168 }, "geometry": { "type": "LineString", "coordinates": [ [ -1.4941255, 50.913012700000017 ], [ -1.4939633, 50.9130017 ] ] } },
{ "type": "Feature", "properties": { "id": 91263, "nach": 0.48600806080171788 }, "geometry": { "type": "LineString", "coordinates": [ [ -1.493923, 50.912999 ], [ -1.4938793, 50.9132075 ] ] } },
{ "type": "Feature", "properties": { "id": 91330, "nach": 0.72961739710021378 }, "geometry": { "type": "LineString", "coordinates": [ [ -1.4941255, 50.913012700000017 ], [ -1.4941649, 50.9130154 ] ] } },
{ "type": "Feature", "properties": { "id": 91331, "nach": 0.48516199870956567 }, "geometry": { "type": "LineString", "coordinates": [ [ -1.4941255, 50.913012700000017 ], [ -1.4941672, 50.9127888 ] ] } },
{ "type": "Feature", "properties": { "id": 91267, "nach": 0.48451373293480837 }, "geometry": { "type": "LineString", "coordinates": [ [ -1.4941797, 50.9130164 ], [ -1.4941297, 50.9132516 ] ] } },
{ "type": "Feature", "properties": { "id": 91326, "nach": 0.72888452932996028 }, "geometry": { "type": "LineString", "coordinates": [ [ -1.4941649, 50.9130154 ], [ -1.4941797, 50.9130164 ] ] } },
{ "type": "Feature", "properties": { "id": 91269, "nach": 0.7285335733280327 }, "geometry": { "type": "LineString", "coordinates": [ [ -1.4942229, 50.9130194 ], [ -1.4941797, 50.9130164 ] ] } },
{ "type": "Feature", "properties": { "id": 91327, "nach": 0.48487372058720485 }, "geometry": { "type": "LineString", "coordinates": [ [ -1.4941649, 50.9130154 ], [ -1.4942061, 50.9127922 ] ] } },
{ "type": "Feature", "properties": { "id": 91270, "nach": 0.48493061273425514 }, "geometry": { "type": "LineString", "coordinates": [ [ -1.4942229, 50.9130194 ], [ -1.4941766, 50.9132371 ] ] } },
{ "type": "Feature", "properties": { "id": 91323, "nach": 0.72841349366875863 }, "geometry": { "type": "LineString", "coordinates": [ [ -1.4943824, 50.9130324 ], [ -1.4942319, 50.91302 ], [ -1.4942229, 50.9130194 ] ] } },
{ "type": "Feature", "properties": { "id": 91321, "nach": 0.72839860688169866 }, "geometry": { "type": "LineString", "coordinates": [ [ -1.4943824, 50.9130324 ], [ -1.4944217, 50.9130356 ] ] } },
{ "type": "Feature", "properties": { "id": 91322, "nach": 0.4860969179994768 }, "geometry": { "type": "LineString", "coordinates": [ [ -1.4943824, 50.9130324 ], [ -1.4944106, 50.912887700000013 ] ] } },
{ "type": "Feature", "properties": { "id": 91275, "nach": 0.48565321540100714 }, "geometry": { "type": "LineString", "coordinates": [ [ -1.4944413, 50.9130372 ], [ -1.4943872, 50.913252700000022 ] ] } },
{ "type": "Feature", "properties": { "id": 91314, "nach": 0.72841980805731044 }, "geometry": { "type": "LineString", "coordinates": [ [ -1.4944217, 50.9130356 ], [ -1.4944413, 50.9130372 ] ] } },
{ "type": "Feature", "properties": { "id": 91277, "nach": 0.72843212553355274 }, "geometry": { "type": "LineString", "coordinates": [ [ -1.4946129, 50.9130514 ], [ -1.4944413, 50.9130372 ] ] } },
{ "type": "Feature", "properties": { "id": 91315, "nach": 0.48639191741474386 }, "geometry": { "type": "LineString", "coordinates": [ [ -1.4944217, 50.9130356 ], [ -1.4944562, 50.9128805 ] ] } },
{ "type": "Feature", "properties": { "id": 91311, "nach": 0.48748923310620729 }, "geometry": { "type": "LineString", "coordinates": [ [ -1.4946458, 50.9130541 ], [ -1.4946755, 50.912908 ] ] } },
{ "type": "Feature", "properties": { "id": 91307, "nach": 0.48676188780862417 }, "geometry": { "type": "LineString", "coordinates": [ [ -1.4946846, 50.9130573 ], [ -1.4947285, 50.9128387 ] ] } },
{ "type": "Feature", "properties": { "id": 91303, "nach": 0.49115155513930853 }, "geometry": { "type": "LineString", "coordinates": [ [ -1.4934331, 50.9131625 ], [ -1.4934797, 50.9132018 ], [ -1.4935021, 50.9132124 ], [ -1.4935506, 50.9132226 ] ] } },
{ "type": "Feature", "properties": { "id": 91355, "nach": 0.73928143585276662 }, "geometry": { "type": "LineString", "coordinates": [ [ -1.4934187, 50.9131704 ], [ -1.4934331, 50.9131625 ] ] } },
{ "type": "Feature", "properties": { "id": 91358, "nach": 0.73792590399890434 }, "geometry": { "type": "LineString", "coordinates": [ [ -1.4935873, 50.9130785 ], [ -1.4934331, 50.9131625 ] ] } },
{ "type": "Feature", "properties": { "id": 91354, "nach": 0.74061529475217924 }, "geometry": { "type": "LineString", "coordinates": [ [ -1.4934187, 50.9131704 ], [ -1.493391, 50.9131855 ] ] } },
{ "type": "Feature", "properties": { "id": 91356, "nach": 0.4900364644650016 }, "geometry": { "type": "LineString", "coordinates": [ [ -1.4934187, 50.9131704 ], [ -1.4932085, 50.9130172 ] ] } },
{ "type": "Feature", "properties": { "id": 91359, "nach": 0.48964861510143859 }, "geometry": { "type": "LineString", "coordinates": [ [ -1.4935873, 50.9130785 ], [ -1.4934362, 50.9129679 ] ] } },
{ "type": "Feature", "properties": { "id": 91363, "nach": 0.73676009295773337 }, "geometry": { "type": "LineString", "coordinates": [ [ -1.4936715, 50.9130353 ], [ -1.4936606, 50.9130386 ], [ -1.4935873, 50.9130785 ] ] } },
{ "type": "Feature", "properties": { "id": 91362, "nach": 0.4884479817476679 }, "geometry": { "type": "LineString", "coordinates": [ [ -1.4936715, 50.9130353 ], [ -1.4935243, 50.9128578 ] ] } },
{ "type": "Feature", "properties": { "id": 91348, "nach": 0.49262443283681262 }, "geometry": { "type": "LineString", "coordinates": [ [ -1.493231, 50.9132727 ], [ -1.4930836, 50.9131748 ] ] } },
{ "type": "Feature", "properties": { "id": 91350, "nach": 0.7419490123627227 }, "geometry": { "type": "LineString", "coordinates": [ [ -1.493391, 50.9131855 ], [ -1.493231, 50.9132727 ] ] } },
{ "type": "Feature", "properties": { "id": 91352, "nach": 0.49061454025374807 }, "geometry": { "type": "LineString", "coordinates": [ [ -1.493391, 50.9131855 ], [ -1.4931746, 50.913036 ] ] } },
{ "type": "Feature", "properties": { "id": 91487, "nach": 0.49157305104109117 }, "geometry": { "type": "LineString", "coordinates": [ [ -1.4951539, 50.9123379 ], [ -1.49513, 50.91252 ] ] } },
{ "type": "Feature", "properties": { "id": 91491, "nach": 0.6833736711166527 }, "geometry": { "type": "LineString", "coordinates": [ [ -1.4950022, 50.9123249 ], [ -1.4951539, 50.9123379 ] ] } },
{ "type": "Feature", "properties": { "id": 91492, "nach": 0.49101435653561992 }, "geometry": { "type": "LineString", "coordinates": [ [ -1.4950022, 50.9123249 ], [ -1.4949744, 50.91259920000001 ] ] } },
{ "type": "Feature", "properties": { "id": 91495, "nach": 0.68366112870804652 }, "geometry": { "type": "LineString", "coordinates": [ [ -1.4948736, 50.9123138 ], [ -1.4950022, 50.9123249 ] ] } },
{ "type": "Feature", "properties": { "id": 91496, "nach": 0.49484780806422479 }, "geometry": { "type": "LineString", "coordinates": [ [ -1.4948736, 50.9123138 ], [ -1.4948611, 50.9124588 ] ] } },
{ "type": "Feature", "properties": { "id": 92192, "nach": 0.49024167743913716 }, "geometry": { "type": "LineString", "coordinates": [ [ -1.4955535, 50.9102154 ], [ -1.4957592, 50.91026440000001 ] ] } },
{ "type": "Feature", "properties": { "id": 119739, "nach": 0.49450395975193429 }, "geometry": { "type": "LineString", "coordinates": [ [ -1.4954929, 50.910719399999984 ], [ -1.4955153, 50.9107091 ], [ -1.4956373, 50.9106722 ] ] } },
{ "type": "Feature", "properties": { "id": 99486, "nach": 0.41515930121814648 }, "geometry": { "type": "LineString", "coordinates": [ [ -1.4937201, 50.906152 ], [ -1.493745, 50.9061211 ] ] } },
{ "type": "Feature", "properties": { "id": 99485, "nach": 0.41455953748651858 }, "geometry": { "type": "LineString", "coordinates": [ [ -1.4938484, 50.9059861 ], [ -1.493745, 50.9061211 ] ] } },
{ "type": "Feature", "properties": { "id": 137234, "nach": 0.35234113686846058 }, "geometry": { "type": "LineString", "coordinates": [ [ -1.4823259, 50.9085696 ], [ -1.4823287, 50.908572 ], [ -1.4826939, 50.9088596 ] ] } },
{ "type": "Feature", "properties": { "id": 34510, "nach": 0.71632444292724795 }, "geometry": { "type": "LineString", "coordinates": [ [ -1.495668084819112, 50.90964708220104 ], [ -1.49560063410497, 50.909631452093123 ] ] } },
{ "type": "Feature", "properties": { "id": 34510, "nach": 0.71632444292724795 }, "geometry": { "type": "LineString", "coordinates": [ [ -1.49560063410497, 50.909631452093123 ], [ -1.495415820645811, 50.90958862568511 ] ] } }
]
}
