{
"type": "FeatureCollection",
"name": "CHERW_76_NACH_800m",
"crs": { "type": "name", "properties": { "name": "urn:ogc:def:crs:OGC:1.3:CRS84" } },
"features": [
{ "type": "Feature", "properties": { "id": 32418, "nach": 0.41449135340924997 }, "geometry": { "type": "LineString", "coordinates": [ [ -1.2814155, 51.8153376 ], [ -1.2812871, 51.8149785 ], [ -1.2810561, 51.814312 ], [ -1.2808956, 51.8138873 ], [ -1.2807374, 51.81345610000001 ], [ -1.2803539, 51.8126123 ] ] } },
{ "type": "Feature", "properties": { "id": 32412, "nach": 0.57357641829857764 }, "geometry": { "type": "LineString", "coordinates": [ [ -1.2811891, 51.8152533 ], [ -1.281137, 51.8151098 ], [ -1.2809366, 51.8145156 ], [ -1.2806699, 51.8138017 ], [ -1.2803734, 51.8130418 ], [ -1.2801934, 51.8126513 ] ] } },
{ "type": "Feature", "properties": { "id": 32417, "nach": 0.42916086177570339 }, "geometry": { "type": "LineString", "coordinates": [ [ -1.2814155, 51.8153376 ], [ -1.2815645, 51.8157763 ] ] } },
{ "type": "Feature", "properties": { "id": 32420, "nach": 0.57925747653452653 }, "geometry": { "type": "LineString", "coordinates": [ [ -1.2814155, 51.8153376 ], [ -1.2813176, 51.8153503 ], [ -1.2812841, 51.815275 ], [ -1.2811891, 51.8152533 ] ] } },
{ "type": "Feature", "properties": { "id": 32424, "nach": 0.58016519961008362 }, "geometry": { "type": "LineString", "coordinates": [ [ -1.2816088, 51.8153477 ], [ -1.2815305, 51.8153593 ], [ -1.2815129, 51.815323400000011 ], [ -1.2814155, 51.8153376 ] ] } },
{ "type": "Feature", "properties": { "id": 36505, "nach": 0.61006887470776727 }, "geometry": { "type": "LineString", "coordinates": [ [ -1.2819351, 51.8173107 ], [ -1.2820774, 51.8172856 ] ] } },
{ "type": "Feature", "properties": { "id": 41721, "nach": 0.61039782090005368 }, "geometry": { "type": "LineString", "coordinates": [ [ -1.2821969, 51.8173749 ], [ -1.2820774, 51.8172856 ] ] } },
{ "type": "Feature", "properties": { "id": 31196, "nach": 0.55178483944995249 }, "geometry": { "type": "LineString", "coordinates": [ [ -1.2819705, 51.8170361 ], [ -1.2820339, 51.8171841 ], [ -1.2820774, 51.8172856 ] ] } },
{ "type": "Feature", "properties": { "id": 36507, "nach": 0.52190872066459137 }, "geometry": { "type": "LineString", "coordinates": [ [ -1.2819351, 51.8173107 ], [ -1.2819752, 51.8173867 ], [ -1.2820122, 51.8174267 ] ] } },
{ "type": "Feature", "properties": { "id": 36508, "nach": 0.53698421556163867 }, "geometry": { "type": "LineString", "coordinates": [ [ -1.2819351, 51.8173107 ], [ -1.2819001, 51.8172375 ], [ -1.2819069, 51.8171643 ], [ -1.2818984, 51.8171212 ], [ -1.2818192, 51.8170278 ] ] } },
{ "type": "Feature", "properties": { "id": 49885, "nach": 0.63369898007986025 }, "geometry": { "type": "LineString", "coordinates": [ [ -1.2815859, 51.8173783 ], [ -1.2818937, 51.8173179 ], [ -1.2819351, 51.8173107 ] ] } },
{ "type": "Feature", "properties": { "id": 41722, "nach": 0.54505090612931839 }, "geometry": { "type": "LineString", "coordinates": [ [ -1.2821969, 51.8173749 ], [ -1.2822289, 51.817401 ], [ -1.2823298, 51.8174832 ] ] } },
{ "type": "Feature", "properties": { "id": 41724, "nach": 0.47847413703868957 }, "geometry": { "type": "LineString", "coordinates": [ [ -1.2821969, 51.8173749 ], [ -1.2820881, 51.8174133 ], [ -1.2820122, 51.8174267 ] ] } },
{ "type": "Feature", "properties": { "id": 44754, "nach": 0.59139526587752744 }, "geometry": { "type": "LineString", "coordinates": [ [ -1.282348, 51.817324 ], [ -1.2822838, 51.8173442 ], [ -1.2821969, 51.8173749 ] ] } },
{ "type": "Feature", "properties": { "id": 31197, "nach": 0.50993630812115442 }, "geometry": { "type": "LineString", "coordinates": [ [ -1.2819705, 51.8170361 ], [ -1.2816707, 51.816120900000016 ], [ -1.2815645, 51.8157763 ] ] } },
{ "type": "Feature", "properties": { "id": 31195, "nach": 0.50147229955249639 }, "geometry": { "type": "LineString", "coordinates": [ [ -1.2819705, 51.8170361 ], [ -1.2818832, 51.8170413 ], [ -1.2818192, 51.8170278 ] ] } },
{ "type": "Feature", "properties": { "id": 84159, "nach": 0.60796679012474386 }, "geometry": { "type": "LineString", "coordinates": [ [ -1.2882007, 51.8214814 ], [ -1.2879037, 51.8212152 ] ] } },
{ "type": "Feature", "properties": { "id": 66191, "nach": 0.62169726952180837 }, "geometry": { "type": "LineString", "coordinates": [ [ -1.2878559, 51.8211845 ], [ -1.2879037, 51.8212152 ] ] } },
{ "type": "Feature", "properties": { "id": 28882, "nach": 0.55816005399249435 }, "geometry": { "type": "LineString", "coordinates": [ [ -1.2880205, 51.821140700000015 ], [ -1.2879037, 51.8212152 ] ] } },
{ "type": "Feature", "properties": { "id": 84158, "nach": 0.61512195490550925 }, "geometry": { "type": "LineString", "coordinates": [ [ -1.2882007, 51.8214814 ], [ -1.2883962, 51.8216565 ] ] } },
{ "type": "Feature", "properties": { "id": 84161, "nach": 0.46268713315862958 }, "geometry": { "type": "LineString", "coordinates": [ [ -1.2879042, 51.8215142 ], [ -1.2879693, 51.8215754 ], [ -1.2882007, 51.8214814 ] ] } },
{ "type": "Feature", "properties": { "id": 66195, "nach": 0.61967349012472961 }, "geometry": { "type": "LineString", "coordinates": [ [ -1.2874936, 51.8209521 ], [ -1.2873695, 51.82104360000001 ], [ -1.2873395, 51.8210665 ], [ -1.2873377, 51.821084400000018 ], [ -1.2873486, 51.821099700000012 ], [ -1.2875505, 51.8212223 ], [ -1.2875945, 51.8212419 ], [ -1.2876289, 51.8212501 ], [ -1.2876686, 51.8212545 ], [ -1.2877047, 51.8212523 ], [ -1.2877356, 51.821243 ], [ -1.2878559, 51.8211845 ] ] } },
{ "type": "Feature", "properties": { "id": 28883, "nach": 0.0 }, "geometry": { "type": "LineString", "coordinates": [ [ -1.2880205, 51.821140700000015 ], [ -1.2880343, 51.8210924 ], [ -1.2880437, 51.8210435 ], [ -1.2881027, 51.8210111 ], [ -1.2888296, 51.8208453 ], [ -1.2888768, 51.8208385 ], [ -1.288949, 51.8209282 ], [ -1.2889667, 51.8209848 ] ] } },
{ "type": "Feature", "properties": { "id": 46362, "nach": 0.54844009462259324 }, "geometry": { "type": "LineString", "coordinates": [ [ -1.2880839, 51.8211271 ], [ -1.2880205, 51.821140700000015 ] ] } },
{ "type": "Feature", "properties": { "id": 3178, "nach": 0.61039155377465182 }, "geometry": { "type": "LineString", "coordinates": [ [ -1.2887774, 51.8219892 ], [ -1.2889762, 51.8221578 ] ] } },
{ "type": "Feature", "properties": { "id": 32481, "nach": 0.6028728368999805 }, "geometry": { "type": "LineString", "coordinates": [ [ -1.2895158, 51.8225328 ], [ -1.2894517, 51.822492299999986 ], [ -1.289208, 51.8223358 ], [ -1.2889762, 51.8221578 ] ] } },
{ "type": "Feature", "properties": { "id": 32485, "nach": 0.46228197059265147 }, "geometry": { "type": "LineString", "coordinates": [ [ -1.2893977, 51.8225598 ], [ -1.2893517, 51.8225575 ], [ -1.28924, 51.8224885 ], [ -1.2890534, 51.8223049 ], [ -1.2889762, 51.8221578 ] ] } },
{ "type": "Feature", "properties": { "id": 5386, "nach": 0.61496307353277591 }, "geometry": { "type": "LineString", "coordinates": [ [ -1.2886648, 51.8218967 ], [ -1.2887774, 51.8219892 ] ] } },
{ "type": "Feature", "properties": { "id": 3180, "nach": 0.45874536396024107 }, "geometry": { "type": "LineString", "coordinates": [ [ -1.2882239, 51.8222599 ], [ -1.288356, 51.8222118 ], [ -1.2883103, 51.8221634 ], [ -1.2887774, 51.8219892 ] ] } },
{ "type": "Feature", "properties": { "id": 33536, "nach": 0.61261669855414025 }, "geometry": { "type": "LineString", "coordinates": [ [ -1.2898751, 51.8227157 ], [ -1.289748, 51.8226572 ], [ -1.2895158, 51.8225328 ] ] } },
{ "type": "Feature", "properties": { "id": 32486, "nach": 0.44469338839571565 }, "geometry": { "type": "LineString", "coordinates": [ [ -1.2893977, 51.8225598 ], [ -1.2894456, 51.822562199999986 ], [ -1.2895158, 51.8225328 ] ] } },
{ "type": "Feature", "properties": { "id": 32487, "nach": 0.43389611715911836 }, "geometry": { "type": "LineString", "coordinates": [ [ -1.2893886, 51.8226411 ], [ -1.2893977, 51.8225598 ] ] } },
{ "type": "Feature", "properties": { "id": 2701, "nach": 0.60013759367908159 }, "geometry": { "type": "LineString", "coordinates": [ [ -1.2924202, 51.8244099 ], [ -1.2921925, 51.8241812 ] ] } },
{ "type": "Feature", "properties": { "id": 39343, "nach": 0.6019934998725619 }, "geometry": { "type": "LineString", "coordinates": [ [ -1.2908609, 51.8231348 ], [ -1.2910952, 51.823295 ], [ -1.2913355, 51.8234838 ], [ -1.2915511, 51.8236555 ], [ -1.2921925, 51.8241812 ] ] } },
{ "type": "Feature", "properties": { "id": 55678, "nach": 0.46288693549255117 }, "geometry": { "type": "LineString", "coordinates": [ [ -1.2915533, 51.8243169 ], [ -1.2918322, 51.8242786 ], [ -1.2919461, 51.8242576 ], [ -1.2921925, 51.8241812 ] ] } },
{ "type": "Feature", "properties": { "id": 2848, "nach": 0.58745295601046499 }, "geometry": { "type": "LineString", "coordinates": [ [ -1.2930052, 51.8249114 ], [ -1.2924202, 51.8244099 ] ] } },
{ "type": "Feature", "properties": { "id": 27970, "nach": 0.58643022794176181 }, "geometry": { "type": "LineString", "coordinates": [ [ -1.2912535, 51.8248167 ], [ -1.2917806, 51.8246448 ], [ -1.2924202, 51.8244099 ] ] } },
{ "type": "Feature", "properties": { "id": 39342, "nach": 0.51777658424534423 }, "geometry": { "type": "LineString", "coordinates": [ [ -1.2908609, 51.8231348 ], [ -1.2907018, 51.82305310000001 ] ] } },
{ "type": "Feature", "properties": { "id": 39344, "nach": 0.49681183675965962 }, "geometry": { "type": "LineString", "coordinates": [ [ -1.2908609, 51.8231348 ], [ -1.2908114, 51.823173 ], [ -1.2905927, 51.823077 ], [ -1.2904548, 51.8230248 ], [ -1.2902998, 51.8230177 ] ] } },
{ "type": "Feature", "properties": { "id": 39345, "nach": 0.57927272906996563 }, "geometry": { "type": "LineString", "coordinates": [ [ -1.2908609, 51.8231348 ], [ -1.2909534, 51.8230964 ], [ -1.2909319, 51.82307 ], [ -1.2909325, 51.8230409 ], [ -1.2909484, 51.8230178 ], [ -1.2909654, 51.8230053 ], [ -1.2909754, 51.8230009 ], [ -1.2910181, 51.822985 ], [ -1.2911058, 51.8229639 ], [ -1.2912549, 51.822928 ] ] } },
{ "type": "Feature", "properties": { "id": 201, "nach": 0.47784024952534104 }, "geometry": { "type": "LineString", "coordinates": [ [ -1.294517, 51.826228 ], [ -1.2934664, 51.8253116 ] ] } },
{ "type": "Feature", "properties": { "id": 2847, "nach": 0.58269778529681404 }, "geometry": { "type": "LineString", "coordinates": [ [ -1.2930052, 51.8249114 ], [ -1.2934664, 51.8253116 ] ] } },
{ "type": "Feature", "properties": { "id": 12481, "nach": 0.56642493796541171 }, "geometry": { "type": "LineString", "coordinates": [ [ -1.2940608, 51.82563110000001 ], [ -1.293661, 51.8253025 ], [ -1.2936121, 51.8252763 ], [ -1.2935632, 51.8252745 ], [ -1.2934664, 51.8253116 ] ] } },
{ "type": "Feature", "properties": { "id": 9504, "nach": 0.56666188925950367 }, "geometry": { "type": "LineString", "coordinates": [ [ -1.2947425, 51.826415 ], [ -1.294517, 51.826228 ] ] } },
{ "type": "Feature", "properties": { "id": 2826, "nach": 0.55752666950546337 }, "geometry": { "type": "LineString", "coordinates": [ [ -1.2934991, 51.8265549 ], [ -1.2941414, 51.8263534 ], [ -1.294517, 51.826228 ] ] } },
{ "type": "Feature", "properties": { "id": 80140, "nach": 0.45034760082016356 }, "geometry": { "type": "LineString", "coordinates": [ [ -1.2920617, 51.8252743 ], [ -1.2923247, 51.8252125 ], [ -1.2930052, 51.8249114 ] ] } },
{ "type": "Feature", "properties": { "id": 12482, "nach": 0.58553483494558922 }, "geometry": { "type": "LineString", "coordinates": [ [ -1.2940608, 51.82563110000001 ], [ -1.2941847, 51.8255919 ], [ -1.2949541, 51.825353 ], [ -1.2950057, 51.8253366 ], [ -1.2949819, 51.825267 ], [ -1.2953282, 51.8251559 ] ] } },
{ "type": "Feature", "properties": { "id": 80147, "nach": 0.55438805593311147 }, "geometry": { "type": "LineString", "coordinates": [ [ -1.294903, 51.8263616 ], [ -1.2940608, 51.82563110000001 ] ] } },
{ "type": "Feature", "properties": { "id": 9506, "nach": 0.47137650154983013 }, "geometry": { "type": "LineString", "coordinates": [ [ -1.2947425, 51.826415 ], [ -1.2958937, 51.8273315 ], [ -1.295999, 51.827409 ] ] } },
{ "type": "Feature", "properties": { "id": 80148, "nach": 0.54552236037020152 }, "geometry": { "type": "LineString", "coordinates": [ [ -1.294903, 51.8263616 ], [ -1.2947425, 51.826415 ] ] } },
{ "type": "Feature", "properties": { "id": 2825, "nach": 0.49518031425293052 }, "geometry": { "type": "LineString", "coordinates": [ [ -1.2934991, 51.8265549 ], [ -1.2929349, 51.8260036 ], [ -1.2923155, 51.826081100000017 ] ] } },
{ "type": "Feature", "properties": { "id": 19512, "nach": 0.52136745493722658 }, "geometry": { "type": "LineString", "coordinates": [ [ -1.2927891, 51.8268522 ], [ -1.2929772, 51.8267522 ], [ -1.2930307, 51.8267238 ], [ -1.2931407, 51.8266813 ], [ -1.2934991, 51.8265549 ] ] } },
{ "type": "Feature", "properties": { "id": 33494, "nach": 0.37208826963533326 }, "geometry": { "type": "LineString", "coordinates": [ [ -1.2965539, 51.8275832 ], [ -1.2963585, 51.8276728 ] ] } },
{ "type": "Feature", "properties": { "id": 9496, "nach": 0.48332057501599479 }, "geometry": { "type": "LineString", "coordinates": [ [ -1.295999, 51.827409 ], [ -1.2963585, 51.8276728 ] ] } },
{ "type": "Feature", "properties": { "id": 33495, "nach": 0.59675359596841182 }, "geometry": { "type": "LineString", "coordinates": [ [ -1.2965539, 51.8275832 ], [ -1.297311, 51.8272496 ], [ -1.297458, 51.8271559 ], [ -1.2975849, 51.8270523 ] ] } },
{ "type": "Feature", "properties": { "id": 33497, "nach": 0.51818699020673131 }, "geometry": { "type": "LineString", "coordinates": [ [ -1.2965539, 51.8275832 ], [ -1.2964967, 51.8275404 ], [ -1.2964199, 51.8275305 ], [ -1.2961589, 51.8273438 ] ] } },
{ "type": "Feature", "properties": { "id": 33496, "nach": 0.58070698333071347 }, "geometry": { "type": "LineString", "coordinates": [ [ -1.2965539, 51.8275832 ], [ -1.296612, 51.8276266 ], [ -1.2966299, 51.8276974 ], [ -1.2968622, 51.8278726 ] ] } },
{ "type": "Feature", "properties": { "id": 9498, "nach": 0.41875171102601855 }, "geometry": { "type": "LineString", "coordinates": [ [ -1.2961589, 51.8273438 ], [ -1.295999, 51.827409 ] ] } },
{ "type": "Feature", "properties": { "id": 9465, "nach": 0.56032439962552338 }, "geometry": { "type": "LineString", "coordinates": [ [ -1.2978317, 51.8267776 ], [ -1.2977129, 51.8269256 ], [ -1.2975849, 51.8270523 ] ] } },
{ "type": "Feature", "properties": { "id": 9459, "nach": 0.53749543961245261 }, "geometry": { "type": "LineString", "coordinates": [ [ -1.2975458, 51.82623730000001 ], [ -1.2973598, 51.8265383 ], [ -1.2972923, 51.8266217 ], [ -1.2972444, 51.8267156 ], [ -1.2972803, 51.8268504 ], [ -1.2974812, 51.8270157 ], [ -1.2975849, 51.8270523 ] ] } },
{ "type": "Feature", "properties": { "id": 9484, "nach": 0.51744865680163221 }, "geometry": { "type": "LineString", "coordinates": [ [ -1.298585, 51.8277637 ], [ -1.2985585, 51.8277073 ], [ -1.2985225, 51.8276613 ], [ -1.2984573, 51.8276247 ], [ -1.298336, 51.8275951 ], [ -1.2981141, 51.8274683 ], [ -1.2980034, 51.8274551 ], [ -1.2979357, 51.8273846 ], [ -1.2975849, 51.8270523 ] ] } },
{ "type": "Feature", "properties": { "id": 30163, "nach": 0.5734088925317421 }, "geometry": { "type": "LineString", "coordinates": [ [ -1.2981116, 51.8263647 ], [ -1.2979703, 51.8265866 ], [ -1.2978317, 51.8267776 ] ] } },
{ "type": "Feature", "properties": { "id": 9468, "nach": 0.5472249125748202 }, "geometry": { "type": "LineString", "coordinates": [ [ -1.29835, 51.8269157 ], [ -1.2979954, 51.8268187 ], [ -1.2978317, 51.8267776 ] ] } },
{ "type": "Feature", "properties": { "id": 9461, "nach": 0.56084804322886528 }, "geometry": { "type": "LineString", "coordinates": [ [ -1.2976857, 51.8259607 ], [ -1.2975458, 51.82623730000001 ] ] } },
{ "type": "Feature", "properties": { "id": 30164, "nach": 0.46334962837417915 }, "geometry": { "type": "LineString", "coordinates": [ [ -1.2981116, 51.8263647 ], [ -1.297873, 51.8263126 ], [ -1.2975458, 51.82623730000001 ] ] } },
{ "type": "Feature", "properties": { "id": 12193, "nach": 0.57888988599507218 }, "geometry": { "type": "LineString", "coordinates": [ [ -1.2982577, 51.826018799999986 ], [ -1.298177, 51.8262437 ] ] } },
{ "type": "Feature", "properties": { "id": 30162, "nach": 0.56185181403238871 }, "geometry": { "type": "LineString", "coordinates": [ [ -1.2981116, 51.8263647 ], [ -1.298177, 51.8262437 ] ] } },
{ "type": "Feature", "properties": { "id": 9481, "nach": 0.4918518011341782 }, "geometry": { "type": "LineString", "coordinates": [ [ -1.298956, 51.826357 ], [ -1.2987625, 51.8263226 ], [ -1.2985596, 51.8263148 ], [ -1.2983182, 51.8262714 ], [ -1.298177, 51.8262437 ] ] } },
{ "type": "Feature", "properties": { "id": 12195, "nach": 0.45900352259404009 }, "geometry": { "type": "LineString", "coordinates": [ [ -1.2982577, 51.826018799999986 ], [ -1.298137, 51.8259994 ], [ -1.2976857, 51.8259607 ] ] } },
{ "type": "Feature", "properties": { "id": 30160, "nach": 0.5703197412073554 }, "geometry": { "type": "LineString", "coordinates": [ [ -1.2980019, 51.8250697 ], [ -1.2980557, 51.8251203 ], [ -1.2981272, 51.8251834 ], [ -1.2981905, 51.8252586 ], [ -1.2982483, 51.8253328 ], [ -1.2982812, 51.8254108 ], [ -1.2983083, 51.8255171 ], [ -1.2983146, 51.8256095 ], [ -1.2983153, 51.8257331 ], [ -1.2982903, 51.8258642 ], [ -1.2982577, 51.826018799999986 ] ] } },
{ "type": "Feature", "properties": { "id": 32450, "nach": 0.41223072272460254 }, "geometry": { "type": "LineString", "coordinates": [ [ -1.2994427, 51.8263104 ], [ -1.2991432, 51.8263141 ], [ -1.298956, 51.826357 ] ] } },
{ "type": "Feature", "properties": { "id": 30166, "nach": 0.43798309806023672 }, "geometry": { "type": "LineString", "coordinates": [ [ -1.2990782, 51.8266399 ], [ -1.2990615, 51.8264764 ], [ -1.2990313, 51.8263996 ], [ -1.298956, 51.826357 ] ] } },
{ "type": "Feature", "properties": { "id": 12184, "nach": 0.53801299204466013 }, "geometry": { "type": "LineString", "coordinates": [ [ -1.297747, 51.825093 ], [ -1.2978113, 51.8250708 ], [ -1.2978615, 51.8250432 ] ] } },
{ "type": "Feature", "properties": { "id": 695, "nach": 0.49981140248123446 }, "geometry": { "type": "LineString", "coordinates": [ [ -1.2978615, 51.8250432 ], [ -1.2978512, 51.825026899999983 ], [ -1.2978482, 51.8250098 ], [ -1.2978521, 51.8249935 ], [ -1.2978611, 51.8249797 ], [ -1.2978782, 51.8249653 ], [ -1.2979167, 51.8249511 ] ] } },
{ "type": "Feature", "properties": { "id": 30161, "nach": 0.48680533942081056 }, "geometry": { "type": "LineString", "coordinates": [ [ -1.2980019, 51.8250697 ], [ -1.2979715, 51.8250764 ], [ -1.2979386, 51.8250764 ], [ -1.2979067, 51.8250701 ], [ -1.2978818, 51.8250593 ], [ -1.2978615, 51.8250432 ] ] } },
{ "type": "Feature", "properties": { "id": 12187, "nach": 0.53771877556509839 }, "geometry": { "type": "LineString", "coordinates": [ [ -1.2974003, 51.825211 ], [ -1.297747, 51.825093 ] ] } },
{ "type": "Feature", "properties": { "id": 32621, "nach": 0.4595654864853751 }, "geometry": { "type": "LineString", "coordinates": [ [ -1.2975053, 51.8248214 ], [ -1.2975983, 51.8248704 ], [ -1.297747, 51.825093 ] ] } },
{ "type": "Feature", "properties": { "id": 9390, "nach": 0.58902421781185799 }, "geometry": { "type": "LineString", "coordinates": [ [ -1.2976441, 51.8244087 ], [ -1.2976797, 51.8245192 ], [ -1.2976877, 51.8245623 ], [ -1.2976966, 51.8246086 ], [ -1.2977239, 51.8246669 ], [ -1.297748, 51.8247147 ], [ -1.297782, 51.824769200000013 ], [ -1.2978441, 51.8248567 ], [ -1.2979167, 51.8249511 ] ] } },
{ "type": "Feature", "properties": { "id": 699, "nach": 0.5649851306253777 }, "geometry": { "type": "LineString", "coordinates": [ [ -1.2979167, 51.8249511 ], [ -1.2979431, 51.8249457 ], [ -1.2979792, 51.824947 ], [ -1.2980111, 51.8249551 ], [ -1.2980395, 51.8249711 ], [ -1.2980548, 51.8249881 ] ] } },
{ "type": "Feature", "properties": { "id": 11136, "nach": 0.49255610915668058 }, "geometry": { "type": "LineString", "coordinates": [ [ -1.2986985, 51.8248327 ], [ -1.2986191, 51.8248435 ], [ -1.2984977, 51.8248661 ], [ -1.2983533, 51.8249085 ], [ -1.2981579, 51.8249653 ], [ -1.2980548, 51.8249881 ] ] } },
{ "type": "Feature", "properties": { "id": 697, "nach": 0.57223289226510721 }, "geometry": { "type": "LineString", "coordinates": [ [ -1.2980548, 51.8249881 ], [ -1.2980613, 51.8250066 ], [ -1.2980579, 51.8250284 ], [ -1.2980426, 51.8250487 ], [ -1.2980242, 51.8250613 ], [ -1.2980019, 51.8250697 ] ] } },
{ "type": "Feature", "properties": { "id": 30157, "nach": 0.48504641259280229 }, "geometry": { "type": "LineString", "coordinates": [ [ -1.2982878, 51.8243432 ], [ -1.2984674, 51.8243324 ], [ -1.2984826, 51.8243879 ], [ -1.2985225, 51.8244252 ], [ -1.2985507, 51.8245126 ], [ -1.2985877, 51.8245425 ], [ -1.2986559, 51.8246158 ], [ -1.2986914, 51.82462360000001 ], [ -1.2987259, 51.82475920000001 ], [ -1.2987326, 51.8247825 ], [ -1.2987253, 51.82480540000001 ], [ -1.2986985, 51.8248327 ] ] } },
{ "type": "Feature", "properties": { "id": 12198, "nach": 0.50214598841695091 }, "geometry": { "type": "LineString", "coordinates": [ [ -1.2987896, 51.8249616 ], [ -1.2987644, 51.8248942 ], [ -1.2987433, 51.8248703 ], [ -1.2987251, 51.824851 ], [ -1.2986985, 51.8248327 ] ] } },
{ "type": "Feature", "properties": { "id": 9389, "nach": 0.60415949318035844 }, "geometry": { "type": "LineString", "coordinates": [ [ -1.2976441, 51.8244087 ], [ -1.2975772, 51.8240371 ] ] } },
{ "type": "Feature", "properties": { "id": 9393, "nach": 0.54150716504759733 }, "geometry": { "type": "LineString", "coordinates": [ [ -1.2973634, 51.8244116 ], [ -1.2973946, 51.8244171 ], [ -1.2974279, 51.8244195 ], [ -1.2976441, 51.8244087 ] ] } },
{ "type": "Feature", "properties": { "id": 12186, "nach": 0.51677773414685924 }, "geometry": { "type": "LineString", "coordinates": [ [ -1.2974003, 51.825211 ], [ -1.2973452, 51.8252231 ] ] } },
{ "type": "Feature", "properties": { "id": 12189, "nach": 0.56994432415281471 }, "geometry": { "type": "LineString", "coordinates": [ [ -1.2975457, 51.8255263 ], [ -1.2973452, 51.8252231 ] ] } },
{ "type": "Feature", "properties": { "id": 9412, "nach": 0.5225787105385552 }, "geometry": { "type": "LineString", "coordinates": [ [ -1.2966219, 51.8252817 ], [ -1.2967795, 51.825288 ], [ -1.2969172, 51.8252927 ], [ -1.297041, 51.8252834 ], [ -1.297168, 51.825261500000011 ], [ -1.2973452, 51.8252231 ] ] } },
{ "type": "Feature", "properties": { "id": 9434, "nach": 0.56780229196542864 }, "geometry": { "type": "LineString", "coordinates": [ [ -1.2968836, 51.8246566 ], [ -1.29703, 51.8248386 ], [ -1.2971605, 51.8250144 ], [ -1.2973452, 51.8252231 ] ] } },
{ "type": "Feature", "properties": { "id": 12191, "nach": 0.46587385581918028 }, "geometry": { "type": "LineString", "coordinates": [ [ -1.2975457, 51.8255263 ], [ -1.2976039, 51.8255085 ], [ -1.2975128, 51.8253714 ], [ -1.2974003, 51.825211 ] ] } },
{ "type": "Feature", "properties": { "id": 12190, "nach": 0.0 }, "geometry": { "type": "LineString", "coordinates": [ [ -1.2975457, 51.8255263 ], [ -1.2971576, 51.8256309 ], [ -1.2970302, 51.8256049 ], [ -1.2968785, 51.8255917 ], [ -1.2966765, 51.8255795 ], [ -1.2966411, 51.8255748 ], [ -1.2966362, 51.8254875 ], [ -1.2966048, 51.8254466 ], [ -1.2965931, 51.8253988 ], [ -1.2965973, 51.8253278 ], [ -1.2966219, 51.8252817 ] ] } },
{ "type": "Feature", "properties": { "id": 12192, "nach": 0.57827550963082719 }, "geometry": { "type": "LineString", "coordinates": [ [ -1.2975457, 51.8255263 ], [ -1.2977117, 51.8257645 ], [ -1.2977585, 51.8258272 ], [ -1.2976857, 51.8259607 ] ] } },
{ "type": "Feature", "properties": { "id": 9415, "nach": 0.52421959147831698 }, "geometry": { "type": "LineString", "coordinates": [ [ -1.2964046, 51.8252148 ], [ -1.2965285, 51.8252539 ], [ -1.2966219, 51.8252817 ] ] } },
{ "type": "Feature", "properties": { "id": 9435, "nach": 0.56844472383773181 }, "geometry": { "type": "LineString", "coordinates": [ [ -1.2968836, 51.8246566 ], [ -1.2967756, 51.8245684 ], [ -1.2967084, 51.8245128 ], [ -1.2966906, 51.8244815 ] ] } },
{ "type": "Feature", "properties": { "id": 32617, "nach": 0.50817381688539753 }, "geometry": { "type": "LineString", "coordinates": [ [ -1.2973038, 51.8243932 ], [ -1.2972492, 51.824462700000012 ], [ -1.2971769, 51.824551 ], [ -1.2971525, 51.824579 ], [ -1.2968836, 51.8246566 ] ] } },
{ "type": "Feature", "properties": { "id": 9440, "nach": 0.52062302370814839 }, "geometry": { "type": "LineString", "coordinates": [ [ -1.2965361, 51.824685700000011 ], [ -1.296651, 51.8246623 ], [ -1.2967754, 51.8246934 ], [ -1.2968836, 51.8246566 ] ] } },
{ "type": "Feature", "properties": { "id": 32613, "nach": 0.57428427008579386 }, "geometry": { "type": "LineString", "coordinates": [ [ -1.2979409, 51.824001 ], [ -1.2975772, 51.8240371 ] ] } },
{ "type": "Feature", "properties": { "id": 9406, "nach": 0.62461435029709611 }, "geometry": { "type": "LineString", "coordinates": [ [ -1.2975004, 51.823792 ], [ -1.29755, 51.8239284 ], [ -1.2975772, 51.8240371 ] ] } },
{ "type": "Feature", "properties": { "id": 32612, "nach": 0.55701753623146111 }, "geometry": { "type": "LineString", "coordinates": [ [ -1.2979409, 51.824001 ], [ -1.2981887, 51.8239794 ] ] } },
{ "type": "Feature", "properties": { "id": 32614, "nach": 0.43331113900201323 }, "geometry": { "type": "LineString", "coordinates": [ [ -1.2979409, 51.824001 ], [ -1.2978426, 51.8236671 ], [ -1.2976609, 51.8236895 ] ] } },
{ "type": "Feature", "properties": { "id": 9407, "nach": 0.40159692946924319 }, "geometry": { "type": "LineString", "coordinates": [ [ -1.2975004, 51.823792 ], [ -1.2969466, 51.8239334 ], [ -1.296903, 51.8238681 ] ] } },
{ "type": "Feature", "properties": { "id": 9409, "nach": 0.62416111040450628 }, "geometry": { "type": "LineString", "coordinates": [ [ -1.2974264, 51.8236279 ], [ -1.2975004, 51.823792 ] ] } },
{ "type": "Feature", "properties": { "id": 32198, "nach": 0.63229382376701659 }, "geometry": { "type": "LineString", "coordinates": [ [ -1.2972224, 51.8232494 ], [ -1.2972968, 51.8233874 ] ] } },
{ "type": "Feature", "properties": { "id": 9408, "nach": 0.63973072123108643 }, "geometry": { "type": "LineString", "coordinates": [ [ -1.2974264, 51.8236279 ], [ -1.2972968, 51.8233874 ] ] } },
{ "type": "Feature", "properties": { "id": 32195, "nach": 0.5018473686129431 }, "geometry": { "type": "LineString", "coordinates": [ [ -1.2979676, 51.8231107 ], [ -1.2979301, 51.8231396 ], [ -1.2978671, 51.8231886 ], [ -1.2978246, 51.823223199999987 ], [ -1.2977413, 51.8232694 ], [ -1.2976872, 51.8232988 ], [ -1.2976151, 51.8233259 ], [ -1.2975155, 51.8233493 ], [ -1.2972968, 51.8233874 ] ] } },
{ "type": "Feature", "properties": { "id": 32197, "nach": 0.65263252428949525 }, "geometry": { "type": "LineString", "coordinates": [ [ -1.2972224, 51.8232494 ], [ -1.2970851, 51.8230674 ] ] } },
{ "type": "Feature", "properties": { "id": 32199, "nach": 0.55625256513320098 }, "geometry": { "type": "LineString", "coordinates": [ [ -1.2972224, 51.8232494 ], [ -1.297858, 51.8230973 ], [ -1.2979676, 51.8231107 ] ] } },
{ "type": "Feature", "properties": { "id": 9410, "nach": 0.52184297494141418 }, "geometry": { "type": "LineString", "coordinates": [ [ -1.2974264, 51.8236279 ], [ -1.2968421, 51.823777 ], [ -1.296903, 51.8238681 ] ] } },
{ "type": "Feature", "properties": { "id": 32194, "nach": 0.57419590294835687 }, "geometry": { "type": "LineString", "coordinates": [ [ -1.2979676, 51.8231107 ], [ -1.2980067, 51.8230655 ], [ -1.29813, 51.8230207 ] ] } },
{ "type": "Feature", "properties": { "id": 5412, "nach": 0.6339394599689685 }, "geometry": { "type": "LineString", "coordinates": [ [ -1.2953768, 51.8234401 ], [ -1.2953036, 51.8234237 ], [ -1.2952572, 51.8234072 ], [ -1.2952002, 51.8233859 ], [ -1.2950326, 51.8233118 ], [ -1.2949319, 51.8232361 ], [ -1.2948765, 51.823191799999989 ], [ -1.2946161, 51.822959900000015 ], [ -1.2944589, 51.8229989 ], [ -1.2942291, 51.82272360000001 ] ] } },
{ "type": "Feature", "properties": { "id": 5396, "nach": 0.67360973968702476 }, "geometry": { "type": "LineString", "coordinates": [ [ -1.2938791, 51.8227953 ], [ -1.2940047, 51.8227795 ], [ -1.2941369, 51.8227579 ], [ -1.2942291, 51.82272360000001 ] ] } },
{ "type": "Feature", "properties": { "id": 84167, "nach": 0.67480786496089051 }, "geometry": { "type": "LineString", "coordinates": [ [ -1.2943045, 51.822697 ], [ -1.294297, 51.8226984 ], [ -1.2942291, 51.82272360000001 ] ] } },
{ "type": "Feature", "properties": { "id": 9455, "nach": 0.53006415852149125 }, "geometry": { "type": "LineString", "coordinates": [ [ -1.2951814, 51.8234914 ], [ -1.2953768, 51.8234401 ] ] } },
{ "type": "Feature", "properties": { "id": 5415, "nach": 0.55357013714052683 }, "geometry": { "type": "LineString", "coordinates": [ [ -1.296105, 51.8233786 ], [ -1.2959874, 51.8233621 ], [ -1.2958656, 51.8233516 ], [ -1.2957435, 51.8233565 ], [ -1.2956485, 51.8233753 ], [ -1.2953768, 51.8234401 ] ] } },
{ "type": "Feature", "properties": { "id": 9453, "nach": 0.64336448203740404 }, "geometry": { "type": "LineString", "coordinates": [ [ -1.2957934, 51.8237573 ], [ -1.295706, 51.82367090000001 ], [ -1.2955702, 51.8235543 ], [ -1.2953768, 51.8234401 ] ] } },
{ "type": "Feature", "properties": { "id": 5398, "nach": 0.54211583661387175 }, "geometry": { "type": "LineString", "coordinates": [ [ -1.2942752, 51.8235916 ], [ -1.2942005, 51.823525 ], [ -1.2941369, 51.8234589 ], [ -1.2940855, 51.8233814 ], [ -1.2940131, 51.8232584 ], [ -1.2939699, 51.82317 ], [ -1.2939303, 51.8230711 ], [ -1.2938791, 51.8227953 ] ] } },
{ "type": "Feature", "properties": { "id": 30148, "nach": 0.67291976422334376 }, "geometry": { "type": "LineString", "coordinates": [ [ -1.2933536, 51.8227906 ], [ -1.2934052, 51.8227943 ], [ -1.2935987, 51.8228032 ], [ -1.2937398, 51.8228039 ], [ -1.2938791, 51.8227953 ] ] } },
{ "type": "Feature", "properties": { "id": 84168, "nach": 0.63716884087317183 }, "geometry": { "type": "LineString", "coordinates": [ [ -1.2943045, 51.822697 ], [ -1.2943672, 51.8226852 ], [ -1.2944631, 51.822651800000017 ], [ -1.2945587, 51.8226364 ], [ -1.2947091, 51.8226135 ] ] } },
{ "type": "Feature", "properties": { "id": 84166, "nach": 0.62764467030713045 }, "geometry": { "type": "LineString", "coordinates": [ [ -1.2943045, 51.822697 ], [ -1.2942007, 51.8224267 ], [ -1.294229, 51.82234840000001 ], [ -1.2942603, 51.822252 ], [ -1.2942271, 51.822133 ], [ -1.2942522, 51.8219041 ] ] } },
{ "type": "Feature", "properties": { "id": 2686, "nach": 0.67868724718082429 }, "geometry": { "type": "LineString", "coordinates": [ [ -1.2903412, 51.8229102 ], [ -1.2907018, 51.82305310000001 ] ] } },
{ "type": "Feature", "properties": { "id": 5374, "nach": 0.67331055460529765 }, "geometry": { "type": "LineString", "coordinates": [ [ -1.2912327, 51.8228905 ], [ -1.2909284, 51.822955100000016 ], [ -1.290834, 51.8229863 ], [ -1.2907018, 51.82305310000001 ] ] } },
{ "type": "Feature", "properties": { "id": 33537, "nach": 0.62771188972672298 }, "geometry": { "type": "LineString", "coordinates": [ [ -1.2898751, 51.8227157 ], [ -1.2901124, 51.8228183 ], [ -1.2903412, 51.8229102 ] ] } },
{ "type": "Feature", "properties": { "id": 15741, "nach": 0.65061506145205628 }, "geometry": { "type": "LineString", "coordinates": [ [ -1.2902998, 51.8230177 ], [ -1.2903022, 51.822963 ], [ -1.2903412, 51.8229102 ] ] } },
{ "type": "Feature", "properties": { "id": 36513, "nach": 0.6165224272099612 }, "geometry": { "type": "LineString", "coordinates": [ [ -1.291126, 51.822509 ], [ -1.2912327, 51.8228905 ] ] } },
{ "type": "Feature", "properties": { "id": 5389, "nach": 0.66234851723718025 }, "geometry": { "type": "LineString", "coordinates": [ [ -1.2920956, 51.82280440000001 ], [ -1.2918632, 51.8228158 ], [ -1.2914891, 51.8228437 ], [ -1.2912327, 51.8228905 ] ] } },
{ "type": "Feature", "properties": { "id": 39340, "nach": 0.58926829276922499 }, "geometry": { "type": "LineString", "coordinates": [ [ -1.2912549, 51.822928 ], [ -1.2912473, 51.8229151 ], [ -1.2912327, 51.8228905 ] ] } },
{ "type": "Feature", "properties": { "id": 10077, "nach": 0.59934487044626406 }, "geometry": { "type": "LineString", "coordinates": [ [ -1.2874286, 51.8201346 ], [ -1.2868709, 51.8206044 ] ] } },
{ "type": "Feature", "properties": { "id": 3806, "nach": 0.618746992605818 }, "geometry": { "type": "LineString", "coordinates": [ [ -1.2867516, 51.8205459 ], [ -1.2868709, 51.8206044 ] ] } },
{ "type": "Feature", "properties": { "id": 66196, "nach": 0.61916583113617019 }, "geometry": { "type": "LineString", "coordinates": [ [ -1.2874936, 51.8209521 ], [ -1.2874352, 51.8209146 ], [ -1.2868709, 51.8206044 ] ] } },
{ "type": "Feature", "properties": { "id": 10076, "nach": 0.59655237000473682 }, "geometry": { "type": "LineString", "coordinates": [ [ -1.2874286, 51.8201346 ], [ -1.2876463, 51.8199591 ] ] } },
{ "type": "Feature", "properties": { "id": 10079, "nach": 0.44203147052688657 }, "geometry": { "type": "LineString", "coordinates": [ [ -1.2865851, 51.819652200000014 ], [ -1.2866178, 51.81972420000001 ], [ -1.2874286, 51.8201346 ] ] } },
{ "type": "Feature", "properties": { "id": 3808, "nach": 0.54504703658033304 }, "geometry": { "type": "LineString", "coordinates": [ [ -1.2867516, 51.8205459 ], [ -1.2856254, 51.8199871 ], [ -1.2854549, 51.819883 ], [ -1.2852003, 51.8197121 ] ] } },
{ "type": "Feature", "properties": { "id": 37680, "nach": 0.58786866837126583 }, "geometry": { "type": "LineString", "coordinates": [ [ -1.2859832, 51.8209614 ], [ -1.2861641, 51.8208821 ], [ -1.2865503, 51.8206627 ], [ -1.2867516, 51.8205459 ] ] } },
{ "type": "Feature", "properties": { "id": 33043, "nach": 0.59281340582679598 }, "geometry": { "type": "LineString", "coordinates": [ [ -1.2885613, 51.8192087 ], [ -1.2876463, 51.8199591 ] ] } },
{ "type": "Feature", "properties": { "id": 28879, "nach": 0.51264260097701098 }, "geometry": { "type": "LineString", "coordinates": [ [ -1.2885817, 51.8203793 ], [ -1.2876463, 51.8199591 ] ] } },
{ "type": "Feature", "properties": { "id": 33042, "nach": 0.60008623676586825 }, "geometry": { "type": "LineString", "coordinates": [ [ -1.2885613, 51.8192087 ], [ -1.2894347, 51.8184756 ] ] } },
{ "type": "Feature", "properties": { "id": 60482, "nach": 0.51927000709601856 }, "geometry": { "type": "LineString", "coordinates": [ [ -1.2890031, 51.8194148 ], [ -1.2885613, 51.8192087 ] ] } },
{ "type": "Feature", "properties": { "id": 28881, "nach": 0.4354106428136662 }, "geometry": { "type": "LineString", "coordinates": [ [ -1.288409, 51.8205312 ], [ -1.2885817, 51.8203793 ] ] } },
{ "type": "Feature", "properties": { "id": 41720, "nach": 0.43790425718110282 }, "geometry": { "type": "LineString", "coordinates": [ [ -1.2886673, 51.8203015 ], [ -1.2885817, 51.8203793 ] ] } },
{ "type": "Feature", "properties": { "id": 1453, "nach": 0.57469425788093675 }, "geometry": { "type": "LineString", "coordinates": [ [ -1.2885688, 51.8179717 ], [ -1.2888104, 51.8181463 ], [ -1.2890046, 51.8182435 ], [ -1.2894347, 51.8184756 ] ] } },
{ "type": "Feature", "properties": { "id": 5572, "nach": 0.61276742083359503 }, "geometry": { "type": "LineString", "coordinates": [ [ -1.2898213, 51.8181672 ], [ -1.2896708, 51.8182839 ], [ -1.2894347, 51.8184756 ] ] } },
{ "type": "Feature", "properties": { "id": 1457, "nach": 0.56779102431686379 }, "geometry": { "type": "LineString", "coordinates": [ [ -1.2878508, 51.817365 ], [ -1.2881475, 51.8176019 ], [ -1.2883433, 51.817772 ], [ -1.2884028, 51.8178302 ], [ -1.2885688, 51.8179717 ] ] } },
{ "type": "Feature", "properties": { "id": 42380, "nach": 0.49501331746008426 }, "geometry": { "type": "LineString", "coordinates": [ [ -1.2865264, 51.8190264 ], [ -1.2865998, 51.8189899 ], [ -1.2885688, 51.8179717 ] ] } },
{ "type": "Feature", "properties": { "id": 32443, "nach": 0.6335297108506065 }, "geometry": { "type": "LineString", "coordinates": [ [ -1.2898566, 51.8181335 ], [ -1.2898213, 51.8181672 ] ] } },
{ "type": "Feature", "properties": { "id": 5575, "nach": 0.57401564968764063 }, "geometry": { "type": "LineString", "coordinates": [ [ -1.2902703, 51.8184137 ], [ -1.2901992, 51.818353 ], [ -1.2901129, 51.8182975 ], [ -1.2899743, 51.818234 ], [ -1.2898213, 51.8181672 ] ] } },
{ "type": "Feature", "properties": { "id": 31968, "nach": 0.61055145191670523 }, "geometry": { "type": "LineString", "coordinates": [ [ -1.2888212, 51.8173819 ], [ -1.2888739, 51.81743560000001 ], [ -1.2889907, 51.817641599999988 ], [ -1.2898213, 51.8181672 ] ] } },
{ "type": "Feature", "properties": { "id": 32425, "nach": 0.42832343684579166 }, "geometry": { "type": "LineString", "coordinates": [ [ -1.2920514, 51.8160971 ], [ -1.2919535, 51.8161196 ] ] } },
{ "type": "Feature", "properties": { "id": 33470, "nach": 0.47483049874891342 }, "geometry": { "type": "LineString", "coordinates": [ [ -1.2918371, 51.8163455 ], [ -1.2918585, 51.8162053 ], [ -1.2918775, 51.8161664 ], [ -1.2919535, 51.8161196 ] ] } },
{ "type": "Feature", "properties": { "id": 17125, "nach": 0.0 }, "geometry": { "type": "LineString", "coordinates": [ [ -1.2960888, 51.8091801 ], [ -1.296001, 51.8091532 ], [ -1.2958752, 51.80920050000001 ], [ -1.2952991, 51.810091 ], [ -1.2946399, 51.8111457 ], [ -1.2941883, 51.8119533 ], [ -1.2937641, 51.8127212 ], [ -1.2934894, 51.8132306 ], [ -1.2928912, 51.8142663 ], [ -1.292287, 51.8153247 ], [ -1.2918933, 51.816011500000016 ], [ -1.2918811, 51.816053 ], [ -1.2919535, 51.8161196 ] ] } },
{ "type": "Feature", "properties": { "id": 32426, "nach": 0.21487357889577846 }, "geometry": { "type": "LineString", "coordinates": [ [ -1.2920514, 51.8160971 ], [ -1.2921907, 51.8160684 ], [ -1.2924965, 51.816009700000023 ], [ -1.2929249, 51.8159067 ], [ -1.2938862, 51.815661 ], [ -1.2950582, 51.8153696 ], [ -1.2964453, 51.8150133 ], [ -1.297155, 51.8148261 ], [ -1.2973085, 51.814787 ], [ -1.2974331, 51.8147679 ], [ -1.2974775, 51.8147679 ], [ -1.2975357, 51.8147676 ], [ -1.2976182, 51.8147619 ], [ -1.297696, 51.8147833 ], [ -1.2977562, 51.81481560000001 ], [ -1.2977953, 51.8148593 ], [ -1.2978212, 51.8149247 ], [ -1.2978859, 51.8152515 ], [ -1.29795, 51.8156677 ], [ -1.2979788, 51.8157359 ], [ -1.2980337, 51.815785200000015 ], [ -1.2981139, 51.8158113 ], [ -1.2982106, 51.8158162 ], [ -1.2994059, 51.8156783 ], [ -1.3003826, 51.815539 ], [ -1.3005181, 51.8155364 ], [ -1.3006245, 51.8155595 ] ] } },
{ "type": "Feature", "properties": { "id": 58288, "nach": 0.11028263851948593 }, "geometry": { "type": "LineString", "coordinates": [ [ -1.2957925, 51.8095622 ], [ -1.2939903, 51.8124946 ], [ -1.2921308, 51.8159442 ], [ -1.2920514, 51.8160971 ] ] } },
{ "type": "Feature", "properties": { "id": 33475, "nach": 0.44035004132556232 }, "geometry": { "type": "LineString", "coordinates": [ [ -1.2918542, 51.8164677 ], [ -1.2918779, 51.8163995 ], [ -1.2918371, 51.8163455 ] ] } },
{ "type": "Feature", "properties": { "id": 33471, "nach": 0.54000846388679136 }, "geometry": { "type": "LineString", "coordinates": [ [ -1.2918371, 51.8163455 ], [ -1.29176336669025, 51.81644568435744 ] ] } },
{ "type": "Feature", "properties": { "id": 32022, "nach": 0.34446760335223359 }, "geometry": { "type": "LineString", "coordinates": [ [ -1.3008592, 51.8157299 ], [ -1.3007875, 51.8156686 ], [ -1.3006952, 51.8155955 ], [ -1.3006245, 51.8155595 ] ] } },
{ "type": "Feature", "properties": { "id": 32020, "nach": 0.15042728441534728 }, "geometry": { "type": "LineString", "coordinates": [ [ -1.2990048, 51.8119057 ], [ -1.2990912, 51.8119014 ], [ -1.2991448, 51.8118956 ], [ -1.2991891, 51.8119504 ], [ -1.2995209, 51.8125481 ], [ -1.3001643, 51.8135618 ], [ -1.3005569, 51.8142695 ], [ -1.3009495, 51.8150915 ], [ -1.3009759, 51.8151996 ], [ -1.3008802, 51.8153118 ], [ -1.3007911, 51.8153995 ], [ -1.3006916, 51.815482600000017 ], [ -1.3006245, 51.8155595 ] ] } },
{ "type": "Feature", "properties": { "id": 37677, "nach": 0.34597179568488901 }, "geometry": { "type": "LineString", "coordinates": [ [ -1.3055024, 51.8152784 ], [ -1.3041545, 51.8154862 ], [ -1.3034897, 51.815575800000012 ], [ -1.3029473, 51.815624 ], [ -1.3010638, 51.8157701 ], [ -1.3009476, 51.8157589 ], [ -1.3008592, 51.8157299 ] ] } },
{ "type": "Feature", "properties": { "id": 41972, "nach": 0.33567635524124628 }, "geometry": { "type": "LineString", "coordinates": [ [ -1.3015018, 51.81801020000001 ], [ -1.3014482, 51.8179671 ], [ -1.3014052, 51.8178626 ], [ -1.3008178, 51.815861300000016 ], [ -1.3008592, 51.8157299 ] ] } },
{ "type": "Feature", "properties": { "id": 10083, "nach": 0.55269627280940026 }, "geometry": { "type": "LineString", "coordinates": [ [ -1.287084, 51.8177301 ], [ -1.2878508, 51.817365 ] ] } },
{ "type": "Feature", "properties": { "id": 10100, "nach": 0.56212659700735901 }, "geometry": { "type": "LineString", "coordinates": [ [ -1.2873782, 51.8169897 ], [ -1.2875007, 51.8170875 ], [ -1.2878508, 51.817365 ] ] } },
{ "type": "Feature", "properties": { "id": 42382, "nach": 0.41946509651308467 }, "geometry": { "type": "LineString", "coordinates": [ [ -1.286461, 51.8189716 ], [ -1.2865264, 51.8190264 ] ] } },
{ "type": "Feature", "properties": { "id": 42381, "nach": 0.41946509651308467 }, "geometry": { "type": "LineString", "coordinates": [ [ -1.2865848, 51.8190827 ], [ -1.2865264, 51.8190264 ] ] } },
{ "type": "Feature", "properties": { "id": 12232, "nach": 0.55028067296125949 }, "geometry": { "type": "LineString", "coordinates": [ [ -1.2865767, 51.81797250000001 ], [ -1.287084, 51.8177301 ] ] } },
{ "type": "Feature", "properties": { "id": 42664, "nach": 0.50956457106103548 }, "geometry": { "type": "LineString", "coordinates": [ [ -1.2866759, 51.8174062 ], [ -1.287084, 51.8177301 ] ] } },
{ "type": "Feature", "properties": { "id": 39433, "nach": 0.60759420930649322 }, "geometry": { "type": "LineString", "coordinates": [ [ -1.2873193, 51.8169466 ], [ -1.2873782, 51.8169897 ] ] } },
{ "type": "Feature", "properties": { "id": 36503, "nach": 0.52178812563197519 }, "geometry": { "type": "LineString", "coordinates": [ [ -1.2856307, 51.8171107 ], [ -1.2857169, 51.8171082 ], [ -1.2872357, 51.816982800000012 ], [ -1.2872959, 51.8169773 ], [ -1.2873403, 51.8170085 ], [ -1.2873782, 51.8169897 ] ] } },
{ "type": "Feature", "properties": { "id": 10114, "nach": 0.59821779193529023 }, "geometry": { "type": "LineString", "coordinates": [ [ -1.2881074, 51.8168866 ], [ -1.288005, 51.816931900000014 ], [ -1.2874989, 51.8169635 ], [ -1.287423, 51.8169742 ], [ -1.2873782, 51.8169897 ] ] } },
{ "type": "Feature", "properties": { "id": 39434, "nach": 0.59631399091565984 }, "geometry": { "type": "LineString", "coordinates": [ [ -1.2873193, 51.8169466 ], [ -1.2869103, 51.8166178 ] ] } },
{ "type": "Feature", "properties": { "id": 10087, "nach": 0.50297240338009064 }, "geometry": { "type": "LineString", "coordinates": [ [ -1.2855079, 51.8168365 ], [ -1.2858943, 51.8167915 ], [ -1.2862953, 51.8167587 ], [ -1.2865242, 51.8167253 ], [ -1.2867746, 51.8166659 ], [ -1.2869103, 51.8166178 ] ] } },
{ "type": "Feature", "properties": { "id": 1464, "nach": 0.59507198210354495 }, "geometry": { "type": "LineString", "coordinates": [ [ -1.2866698, 51.8162798 ], [ -1.2867477, 51.816407 ], [ -1.2868311, 51.8165338 ], [ -1.2869103, 51.8166178 ] ] } },
{ "type": "Feature", "properties": { "id": 39435, "nach": 0.51397068361409837 }, "geometry": { "type": "LineString", "coordinates": [ [ -1.2873193, 51.8169466 ], [ -1.2876783, 51.816875 ], [ -1.2877876, 51.816842300000012 ] ] } },
{ "type": "Feature", "properties": { "id": 42651, "nach": 0.52702220680149237 }, "geometry": { "type": "LineString", "coordinates": [ [ -1.2851666, 51.8158662 ], [ -1.2852418, 51.8162596 ], [ -1.2852794, 51.8164134 ], [ -1.2853271, 51.8165383 ], [ -1.2855079, 51.8168365 ] ] } },
{ "type": "Feature", "properties": { "id": 10093, "nach": 0.53795763717890022 }, "geometry": { "type": "LineString", "coordinates": [ [ -1.2855509, 51.8171187 ], [ -1.2855396, 51.8169491 ], [ -1.2855079, 51.8168365 ] ] } },
{ "type": "Feature", "properties": { "id": 10104, "nach": 0.53629104900301972 }, "geometry": { "type": "LineString", "coordinates": [ [ -1.2873389, 51.8161907 ], [ -1.2869649, 51.8162313 ], [ -1.2866698, 51.8162798 ] ] } },
{ "type": "Feature", "properties": { "id": 10119, "nach": 0.60092279289118777 }, "geometry": { "type": "LineString", "coordinates": [ [ -1.2864376, 51.8157066 ], [ -1.2866371, 51.8162004 ], [ -1.2866698, 51.8162798 ] ] } },
{ "type": "Feature", "properties": { "id": 42657, "nach": 0.539704809490691 }, "geometry": { "type": "LineString", "coordinates": [ [ -1.287477, 51.8161726 ], [ -1.2873389, 51.8161907 ] ] } },
{ "type": "Feature", "properties": { "id": 10122, "nach": 0.38752220504950885 }, "geometry": { "type": "LineString", "coordinates": [ [ -1.2871088, 51.815625099999977 ], [ -1.287152, 51.815752899999985 ], [ -1.2871206, 51.8157836 ], [ -1.2871355, 51.8158231 ], [ -1.2871786, 51.81586630000001 ], [ -1.2872274, 51.8158953 ], [ -1.2873389, 51.8161907 ] ] } },
{ "type": "Feature", "properties": { "id": 10121, "nach": 0.44563951732735574 }, "geometry": { "type": "LineString", "coordinates": [ [ -1.2871088, 51.815625099999977 ], [ -1.2864376, 51.8157066 ] ] } },
{ "type": "Feature", "properties": { "id": 12256, "nach": 0.60014491480122023 }, "geometry": { "type": "LineString", "coordinates": [ [ -1.2863075, 51.815349400000017 ], [ -1.2863612, 51.8154872 ], [ -1.2864376, 51.8157066 ] ] } },
{ "type": "Feature", "properties": { "id": 1470, "nach": 0.49014560717611116 }, "geometry": { "type": "LineString", "coordinates": [ [ -1.2843572, 51.812082900000014 ], [ -1.2845295, 51.8124002 ], [ -1.2846188, 51.8125343 ], [ -1.2850444, 51.8129771 ], [ -1.2850867, 51.8130247 ], [ -1.2854691, 51.8134556 ], [ -1.2856982, 51.8137261 ] ] } },
{ "type": "Feature", "properties": { "id": 10132, "nach": 0.50771937747718643 }, "geometry": { "type": "LineString", "coordinates": [ [ -1.2861016, 51.8143143 ], [ -1.2860788, 51.814215299999987 ], [ -1.286051, 51.8141528 ], [ -1.2860363, 51.8141274 ], [ -1.2859634, 51.814040900000016 ], [ -1.2856982, 51.8137261 ] ] } },
{ "type": "Feature", "properties": { "id": 10138, "nach": 0.36917390652362736 }, "geometry": { "type": "LineString", "coordinates": [ [ -1.2867974, 51.8132765 ], [ -1.2867602, 51.8133578 ], [ -1.2867091, 51.813418500000012 ], [ -1.2866314, 51.8134658 ], [ -1.2856982, 51.8137261 ] ] } },
{ "type": "Feature", "properties": { "id": 10332, "nach": 0.52950978343972865 }, "geometry": { "type": "LineString", "coordinates": [ [ -1.2861146, 51.814542400000015 ], [ -1.2861016, 51.8143143 ] ] } },
{ "type": "Feature", "properties": { "id": 10135, "nach": 0.46838651152061322 }, "geometry": { "type": "LineString", "coordinates": [ [ -1.2864925, 51.8142806 ], [ -1.2863107, 51.814304 ], [ -1.2861016, 51.8143143 ] ] } },
{ "type": "Feature", "properties": { "id": 10142, "nach": 0.39326343856008561 }, "geometry": { "type": "LineString", "coordinates": [ [ -1.2853248, 51.8117128 ], [ -1.2856712, 51.8119461 ], [ -1.2858673, 51.8120659 ], [ -1.2859544, 51.8121331 ], [ -1.2860225, 51.8122052 ], [ -1.2863848, 51.812626 ], [ -1.2866101, 51.812891600000015 ], [ -1.2867593, 51.8130584 ], [ -1.286814, 51.8131464 ], [ -1.2868183, 51.8132102 ], [ -1.2867974, 51.8132765 ] ] } },
{ "type": "Feature", "properties": { "id": 39426, "nach": 0.37579268879099931 }, "geometry": { "type": "LineString", "coordinates": [ [ -1.2874808, 51.8140338 ], [ -1.2873652, 51.8138775 ], [ -1.2873475, 51.8138478 ], [ -1.2871104, 51.8135231 ], [ -1.2870895, 51.81349620000001 ], [ -1.2870843, 51.81347670000001 ], [ -1.2871412, 51.8133539 ], [ -1.2867974, 51.8132765 ] ] } },
{ "type": "Feature", "properties": { "id": 46372, "nach": 0.63347050993811349 }, "geometry": { "type": "LineString", "coordinates": [ [ -1.2883962, 51.8216565 ], [ -1.2884832, 51.8217344 ] ] } },
{ "type": "Feature", "properties": { "id": 46369, "nach": 0.60903881350565026 }, "geometry": { "type": "LineString", "coordinates": [ [ -1.2885778, 51.821819 ], [ -1.2884832, 51.8217344 ] ] } },
{ "type": "Feature", "properties": { "id": 71363, "nach": 0.6185704762041272 }, "geometry": { "type": "LineString", "coordinates": [ [ -1.287869, 51.8220883 ], [ -1.2878985, 51.822058499999983 ], [ -1.2879359, 51.8220207 ], [ -1.2880755, 51.8219288 ], [ -1.2881941, 51.82186 ], [ -1.2884832, 51.8217344 ] ] } },
{ "type": "Feature", "properties": { "id": 46375, "nach": 0.57004721284693793 }, "geometry": { "type": "LineString", "coordinates": [ [ -1.2885399, 51.8215897 ], [ -1.2883962, 51.8216565 ] ] } },
{ "type": "Feature", "properties": { "id": 46370, "nach": 0.62186845927677104 }, "geometry": { "type": "LineString", "coordinates": [ [ -1.2885778, 51.821819 ], [ -1.2886648, 51.8218967 ] ] } },
{ "type": "Feature", "properties": { "id": 46377, "nach": 0.4989833473804135 }, "geometry": { "type": "LineString", "coordinates": [ [ -1.2885399, 51.8215897 ], [ -1.2886687, 51.8217862 ], [ -1.2885778, 51.821819 ] ] } },
{ "type": "Feature", "properties": { "id": 71362, "nach": 0.61551335477448177 }, "geometry": { "type": "LineString", "coordinates": [ [ -1.287869, 51.8220883 ], [ -1.2878039, 51.8221541 ], [ -1.2877145, 51.8222875 ], [ -1.287686, 51.8223727 ] ] } },
{ "type": "Feature", "properties": { "id": 71364, "nach": 0.43632237594746603 }, "geometry": { "type": "LineString", "coordinates": [ [ -1.287869, 51.8220883 ], [ -1.2879414, 51.822110299999984 ], [ -1.2881986, 51.8223514 ], [ -1.2888405, 51.8230122 ] ] } },
{ "type": "Feature", "properties": { "id": 71355, "nach": 0.61065542015080743 }, "geometry": { "type": "LineString", "coordinates": [ [ -1.2881483, 51.8230797 ], [ -1.2879569, 51.8228164 ], [ -1.2877598, 51.8225664 ], [ -1.2877015, 51.82247490000001 ], [ -1.287686, 51.8223727 ] ] } },
{ "type": "Feature", "properties": { "id": 2854, "nach": 0.57295089751581518 }, "geometry": { "type": "LineString", "coordinates": [ [ -1.2873236, 51.8222203 ], [ -1.2874729, 51.8223364 ], [ -1.2875317, 51.8223505 ], [ -1.287686, 51.8223727 ] ] } },
{ "type": "Feature", "properties": { "id": 71353, "nach": 0.62159674527704145 }, "geometry": { "type": "LineString", "coordinates": [ [ -1.2881483, 51.8230797 ], [ -1.2882002, 51.8231548 ] ] } },
{ "type": "Feature", "properties": { "id": 71358, "nach": 0.53309304462887186 }, "geometry": { "type": "LineString", "coordinates": [ [ -1.2883445, 51.8230353 ], [ -1.2881483, 51.8230797 ] ] } },
{ "type": "Feature", "properties": { "id": 2857, "nach": 0.55593657145356623 }, "geometry": { "type": "LineString", "coordinates": [ [ -1.2865159, 51.8216789 ], [ -1.286568, 51.8216821 ], [ -1.2866306, 51.8216969 ], [ -1.2867168, 51.8217347 ], [ -1.2867957, 51.8217873 ], [ -1.2869185, 51.8218839 ], [ -1.2873236, 51.8222203 ] ] } },
{ "type": "Feature", "properties": { "id": 2862, "nach": 0.44068450284377614 }, "geometry": { "type": "LineString", "coordinates": [ [ -1.2866079, 51.8224584 ], [ -1.2869142, 51.8224054 ], [ -1.287062, 51.8223633 ], [ -1.2871331, 51.8223292 ], [ -1.2873236, 51.8222203 ] ] } },
{ "type": "Feature", "properties": { "id": 32447, "nach": 0.63122100251601954 }, "geometry": { "type": "LineString", "coordinates": [ [ -1.2882002, 51.8231548 ], [ -1.2883085, 51.8233397 ], [ -1.2883651, 51.8234361 ], [ -1.2883767, 51.8234701 ], [ -1.2883659, 51.8235145 ] ] } },
{ "type": "Feature", "properties": { "id": 33060, "nach": 0.63514287698995331 }, "geometry": { "type": "LineString", "coordinates": [ [ -1.2878745, 51.823657 ], [ -1.2880575, 51.8236149 ], [ -1.2882937, 51.8235606 ], [ -1.2883391, 51.8235378 ], [ -1.2883659, 51.8235145 ] ] } },
{ "type": "Feature", "properties": { "id": 2495, "nach": 0.63689069492663253 }, "geometry": { "type": "LineString", "coordinates": [ [ -1.2889435, 51.8233905 ], [ -1.2885202, 51.8234904 ], [ -1.2883659, 51.8235145 ] ] } },
{ "type": "Feature", "properties": { "id": 65442, "nach": 0.53150059576819442 }, "geometry": { "type": "LineString", "coordinates": [ [ -1.2879181, 51.823282400000011 ], [ -1.2879006, 51.82325380000001 ], [ -1.287898, 51.82324040000001 ], [ -1.2879128, 51.8232256 ], [ -1.2882002, 51.8231548 ] ] } },
{ "type": "Feature", "properties": { "id": 56955, "nach": 0.63228406506498103 }, "geometry": { "type": "LineString", "coordinates": [ [ -1.2875701, 51.8237291 ], [ -1.2878745, 51.823657 ] ] } },
{ "type": "Feature", "properties": { "id": 33061, "nach": 0.45592067600169778 }, "geometry": { "type": "LineString", "coordinates": [ [ -1.2881176, 51.8240696 ], [ -1.2878745, 51.823657 ] ] } },
{ "type": "Feature", "properties": { "id": 2493, "nach": 0.65591776843717819 }, "geometry": { "type": "LineString", "coordinates": [ [ -1.2889435, 51.8233905 ], [ -1.289003, 51.8233771 ] ] } },
{ "type": "Feature", "properties": { "id": 28887, "nach": 0.62948105101973872 }, "geometry": { "type": "LineString", "coordinates": [ [ -1.2891853, 51.8237351 ], [ -1.2891712, 51.8237106 ], [ -1.2891033, 51.8236176 ], [ -1.2890152, 51.8234723 ], [ -1.2889435, 51.8233905 ] ] } },
{ "type": "Feature", "properties": { "id": 2688, "nach": 0.64818170284072152 }, "geometry": { "type": "LineString", "coordinates": [ [ -1.2867237, 51.82391530000001 ], [ -1.2872398, 51.8238064 ] ] } },
{ "type": "Feature", "properties": { "id": 2821, "nach": 0.63385739446565115 }, "geometry": { "type": "LineString", "coordinates": [ [ -1.287356, 51.823775300000015 ], [ -1.2872398, 51.8238064 ] ] } },
{ "type": "Feature", "properties": { "id": 32388, "nach": 0.5794300056502264 }, "geometry": { "type": "LineString", "coordinates": [ [ -1.2879425, 51.8246933 ], [ -1.2878315, 51.8246834 ], [ -1.287775, 51.8246529 ], [ -1.2877301, 51.8246094 ], [ -1.2872398, 51.8238064 ] ] } },
{ "type": "Feature", "properties": { "id": 2817, "nach": 0.57478950123382622 }, "geometry": { "type": "LineString", "coordinates": [ [ -1.2869172, 51.824172 ], [ -1.2867986, 51.8240294 ], [ -1.2867532, 51.823968 ], [ -1.2867237, 51.82391530000001 ] ] } },
{ "type": "Feature", "properties": { "id": 2868, "nach": 0.63724586061691924 }, "geometry": { "type": "LineString", "coordinates": [ [ -1.2860661, 51.8240626 ], [ -1.286548, 51.823952 ], [ -1.2867237, 51.82391530000001 ] ] } },
{ "type": "Feature", "properties": { "id": 56954, "nach": 0.63279925755825739 }, "geometry": { "type": "LineString", "coordinates": [ [ -1.2875701, 51.8237291 ], [ -1.287356, 51.823775300000015 ] ] } },
{ "type": "Feature", "properties": { "id": 2824, "nach": 0.44840267867923145 }, "geometry": { "type": "LineString", "coordinates": [ [ -1.2867174, 51.8233439 ], [ -1.286739, 51.823384 ], [ -1.2869082, 51.8233435 ], [ -1.2869724, 51.8233405 ], [ -1.287047, 51.8233595 ], [ -1.2870745, 51.823391 ], [ -1.2871255, 51.8233943 ], [ -1.2871633, 51.823459200000016 ], [ -1.287356, 51.823775300000015 ] ] } },
{ "type": "Feature", "properties": { "id": 33092, "nach": 0.5809384094327541 }, "geometry": { "type": "LineString", "coordinates": [ [ -1.2880542, 51.8246873 ], [ -1.2879425, 51.8246933 ] ] } },
{ "type": "Feature", "properties": { "id": 33097, "nach": 0.44528346481566505 }, "geometry": { "type": "LineString", "coordinates": [ [ -1.2880426, 51.8249007 ], [ -1.2879425, 51.8246933 ] ] } },
{ "type": "Feature", "properties": { "id": 32382, "nach": 0.45676658900757744 }, "geometry": { "type": "LineString", "coordinates": [ [ -1.2893377, 51.8242571 ], [ -1.2894143, 51.8242314 ] ] } },
{ "type": "Feature", "properties": { "id": 2492, "nach": 0.0 }, "geometry": { "type": "LineString", "coordinates": [ [ -1.2894143, 51.8242314 ], [ -1.2892295, 51.8240186 ], [ -1.289431, 51.823951700000016 ], [ -1.2897863, 51.824360899999988 ], [ -1.2895848, 51.8244277 ], [ -1.2894143, 51.8242314 ] ] } },
{ "type": "Feature", "properties": { "id": 32384, "nach": 0.0 }, "geometry": { "type": "LineString", "coordinates": [ [ -1.2893377, 51.8242571 ], [ -1.2895702, 51.8245139 ], [ -1.2895578, 51.824533299999985 ], [ -1.2891952, 51.8246342 ] ] } },
{ "type": "Feature", "properties": { "id": 32385, "nach": 0.62343365173271004 }, "geometry": { "type": "LineString", "coordinates": [ [ -1.2893377, 51.8242571 ], [ -1.2891271, 51.8240178 ], [ -1.2890562, 51.8239372 ], [ -1.2891585, 51.823762 ], [ -1.2891853, 51.8237351 ] ] } },
{ "type": "Feature", "properties": { "id": 33065, "nach": 0.62256114337010815 }, "geometry": { "type": "LineString", "coordinates": [ [ -1.2891826, 51.824312 ], [ -1.2893377, 51.8242571 ] ] } },
{ "type": "Feature", "properties": { "id": 2852, "nach": 0.45231451414639312 }, "geometry": { "type": "LineString", "coordinates": [ [ -1.2897708, 51.8229812 ], [ -1.2897161, 51.8229778 ], [ -1.2895532, 51.8229868 ], [ -1.2890616, 51.8230563 ], [ -1.2888387, 51.8231091 ], [ -1.289003, 51.8233771 ] ] } },
{ "type": "Feature", "properties": { "id": 2851, "nach": 0.65547754423497095 }, "geometry": { "type": "LineString", "coordinates": [ [ -1.289003, 51.8233771 ], [ -1.2891195, 51.82335040000001 ], [ -1.2901402, 51.8231243 ], [ -1.2902157, 51.823104600000022 ], [ -1.2902711, 51.82306890000001 ], [ -1.2902998, 51.8230177 ] ] } },
{ "type": "Feature", "properties": { "id": 28886, "nach": 0.45702009552894318 }, "geometry": { "type": "LineString", "coordinates": [ [ -1.2891853, 51.8237351 ], [ -1.2892314, 51.823758400000024 ], [ -1.2892929, 51.8237795 ], [ -1.2893698, 51.8237953 ], [ -1.2894398, 51.82379 ], [ -1.289843, 51.8236989 ] ] } },
{ "type": "Feature", "properties": { "id": 33538, "nach": 0.48797591627165021 }, "geometry": { "type": "LineString", "coordinates": [ [ -1.2898751, 51.8227157 ], [ -1.2897488, 51.8227942 ], [ -1.2894317, 51.822643 ], [ -1.2893886, 51.8226411 ] ] } },
{ "type": "Feature", "properties": { "id": 2818, "nach": 0.56091661113002966 }, "geometry": { "type": "LineString", "coordinates": [ [ -1.2869172, 51.824172 ], [ -1.2870605, 51.8243329 ], [ -1.2873203, 51.824658 ], [ -1.2873469, 51.824712400000017 ], [ -1.2873542, 51.8247467 ], [ -1.2873475, 51.8248013 ], [ -1.2873078, 51.82487 ], [ -1.2871678, 51.8249602 ], [ -1.2871486, 51.8250039 ], [ -1.28706, 51.82505590000001 ], [ -1.2870106, 51.8250893 ], [ -1.2869518, 51.825156700000015 ], [ -1.2869338, 51.8252227 ], [ -1.2869187, 51.8253116 ] ] } },
{ "type": "Feature", "properties": { "id": 2820, "nach": 0.44377744411458819 }, "geometry": { "type": "LineString", "coordinates": [ [ -1.286718, 51.8246222 ], [ -1.2866193, 51.8244952 ], [ -1.2865128, 51.82435370000001 ], [ -1.2865122, 51.8243101 ], [ -1.2865657, 51.8242756 ], [ -1.2867089, 51.8242223 ], [ -1.2869172, 51.824172 ] ] } },
{ "type": "Feature", "properties": { "id": 2867, "nach": 0.46802227247687367 }, "geometry": { "type": "LineString", "coordinates": [ [ -1.2860661, 51.8240626 ], [ -1.2847407, 51.8220986 ], [ -1.2847176, 51.8220473 ], [ -1.2847354, 51.8220012 ], [ -1.2847842, 51.8219713 ], [ -1.28514, 51.8218818 ] ] } },
{ "type": "Feature", "properties": { "id": 83846, "nach": 0.63365171256868713 }, "geometry": { "type": "LineString", "coordinates": [ [ -1.2857654, 51.824139300000013 ], [ -1.2860661, 51.8240626 ] ] } },
{ "type": "Feature", "properties": { "id": 2694, "nach": 0.61860245196212593 }, "geometry": { "type": "LineString", "coordinates": [ [ -1.2892493, 51.8250963 ], [ -1.2891567, 51.8249816 ], [ -1.289118, 51.8248912 ], [ -1.2891189, 51.8248255 ], [ -1.2891301, 51.8247461 ], [ -1.2891545, 51.8246748 ], [ -1.2891952, 51.8246342 ] ] } },
{ "type": "Feature", "properties": { "id": 33072, "nach": 0.61951191039229214 }, "geometry": { "type": "LineString", "coordinates": [ [ -1.2889963, 51.8244202 ], [ -1.2890579, 51.824446 ], [ -1.2891952, 51.8246342 ] ] } },
{ "type": "Feature", "properties": { "id": 2846, "nach": 0.61075762832169689 }, "geometry": { "type": "LineString", "coordinates": [ [ -1.2898573, 51.825016800000022 ], [ -1.2896998, 51.8250171 ], [ -1.2895754, 51.8250284 ], [ -1.2892493, 51.8250963 ] ] } },
{ "type": "Feature", "properties": { "id": 2793, "nach": 0.56632467815606125 }, "geometry": { "type": "LineString", "coordinates": [ [ -1.2876896, 51.8256136 ], [ -1.2878035, 51.825514 ], [ -1.2879268, 51.825432 ], [ -1.2881451, 51.8253457 ], [ -1.2883857, 51.8252687 ], [ -1.2892493, 51.8250963 ] ] } },
{ "type": "Feature", "properties": { "id": 33069, "nach": 0.45131780174746933 }, "geometry": { "type": "LineString", "coordinates": [ [ -1.2889963, 51.8244202 ], [ -1.2888199, 51.8242231 ] ] } },
{ "type": "Feature", "properties": { "id": 33070, "nach": 0.62234643200150297 }, "geometry": { "type": "LineString", "coordinates": [ [ -1.2889963, 51.8244202 ], [ -1.2890484, 51.8243539 ], [ -1.2891826, 51.824312 ] ] } },
{ "type": "Feature", "properties": { "id": 33076, "nach": 0.61380369025466086 }, "geometry": { "type": "LineString", "coordinates": [ [ -1.2888397, 51.8244965 ], [ -1.2888939, 51.8244762 ], [ -1.2889963, 51.8244202 ] ] } },
{ "type": "Feature", "properties": { "id": 2845, "nach": 0.59337924164832734 }, "geometry": { "type": "LineString", "coordinates": [ [ -1.2898573, 51.825016800000022 ], [ -1.2903233, 51.8250476 ], [ -1.2905204, 51.8250326 ], [ -1.290682, 51.8250144 ], [ -1.2909752, 51.8249138 ] ] } },
{ "type": "Feature", "properties": { "id": 32390, "nach": 0.58088741501379937 }, "geometry": { "type": "LineString", "coordinates": [ [ -1.2899715, 51.8254831 ], [ -1.2898573, 51.825016800000022 ] ] } },
{ "type": "Feature", "properties": { "id": 2792, "nach": 0.59020265262897309 }, "geometry": { "type": "LineString", "coordinates": [ [ -1.2876896, 51.8256136 ], [ -1.2873349, 51.8261402 ] ] } },
{ "type": "Feature", "properties": { "id": 2805, "nach": 0.5691264356539345 }, "geometry": { "type": "LineString", "coordinates": [ [ -1.2869187, 51.8253116 ], [ -1.2869312, 51.8254058 ], [ -1.2869573, 51.825433 ], [ -1.2870652, 51.8254282 ], [ -1.2876896, 51.8256136 ] ] } },
{ "type": "Feature", "properties": { "id": 27969, "nach": 0.58219893251837296 }, "geometry": { "type": "LineString", "coordinates": [ [ -1.2912535, 51.8248167 ], [ -1.2909752, 51.8249138 ] ] } },
{ "type": "Feature", "properties": { "id": 4017, "nach": 0.5498480711750714 }, "geometry": { "type": "LineString", "coordinates": [ [ -1.2920967, 51.8257854 ], [ -1.2918901, 51.825653 ], [ -1.2916727, 51.8254949 ], [ -1.2912208, 51.8251249 ], [ -1.2909752, 51.8249138 ] ] } },
{ "type": "Feature", "properties": { "id": 27974, "nach": 0.52221941115803805 }, "geometry": { "type": "LineString", "coordinates": [ [ -1.2907872, 51.8244926 ], [ -1.2908918, 51.824457700000011 ], [ -1.2909537, 51.8244398 ], [ -1.2909813, 51.8244748 ], [ -1.2912535, 51.8248167 ] ] } },
{ "type": "Feature", "properties": { "id": 4016, "nach": 0.56591624268374663 }, "geometry": { "type": "LineString", "coordinates": [ [ -1.2920967, 51.8257854 ], [ -1.2922547, 51.8259314 ], [ -1.2922922, 51.8260018 ], [ -1.2923155, 51.826081100000017 ] ] } },
{ "type": "Feature", "properties": { "id": 32391, "nach": 0.46682691390283421 }, "geometry": { "type": "LineString", "coordinates": [ [ -1.2899715, 51.8254831 ], [ -1.2902557, 51.8254539 ], [ -1.2903934, 51.8254568 ], [ -1.2905883, 51.8255478 ], [ -1.2906547, 51.825575 ], [ -1.2910804, 51.82565610000001 ], [ -1.2915795, 51.8259555 ], [ -1.2916598, 51.8259318 ], [ -1.2920967, 51.8257854 ] ] } },
{ "type": "Feature", "properties": { "id": 2708, "nach": 0.53444830646456665 }, "geometry": { "type": "LineString", "coordinates": [ [ -1.2921318, 51.8265632 ], [ -1.2922841, 51.826175 ], [ -1.2923049, 51.8261175 ], [ -1.2923155, 51.826081100000017 ] ] } },
{ "type": "Feature", "properties": { "id": 2710, "nach": 0.50042918800506353 }, "geometry": { "type": "LineString", "coordinates": [ [ -1.2917344, 51.8273855 ], [ -1.2921318, 51.8265632 ] ] } },
{ "type": "Feature", "properties": { "id": 32393, "nach": 0.43798811572503432 }, "geometry": { "type": "LineString", "coordinates": [ [ -1.2915844, 51.8264597 ], [ -1.2921318, 51.8265632 ] ] } },
{ "type": "Feature", "properties": { "id": 19511, "nach": 0.53404481401841375 }, "geometry": { "type": "LineString", "coordinates": [ [ -1.2927891, 51.8268522 ], [ -1.2925831, 51.82672920000001 ], [ -1.2923276, 51.8266138 ], [ -1.2921318, 51.8265632 ] ] } },
{ "type": "Feature", "properties": { "id": 32395, "nach": 0.42413231680321878 }, "geometry": { "type": "LineString", "coordinates": [ [ -1.2918867, 51.8274135 ], [ -1.2917344, 51.8273855 ] ] } },
{ "type": "Feature", "properties": { "id": 32394, "nach": 0.42413231680321878 }, "geometry": { "type": "LineString", "coordinates": [ [ -1.2915821, 51.8273574 ], [ -1.2917344, 51.8273855 ] ] } },
{ "type": "Feature", "properties": { "id": 19510, "nach": 0.53170335569294425 }, "geometry": { "type": "LineString", "coordinates": [ [ -1.2927891, 51.8268522 ], [ -1.2935065, 51.8273127 ] ] } },
{ "type": "Feature", "properties": { "id": 2717, "nach": 0.46759991969569353 }, "geometry": { "type": "LineString", "coordinates": [ [ -1.2941442, 51.8283967 ], [ -1.2942438, 51.8282131 ], [ -1.2942637, 51.8281328 ], [ -1.2942702, 51.8280589 ], [ -1.2942316, 51.8279694 ], [ -1.2941766, 51.8278853 ], [ -1.2940324, 51.827738 ], [ -1.2937776, 51.827516 ], [ -1.2935065, 51.8273127 ] ] } },
{ "type": "Feature", "properties": { "id": 2724, "nach": 0.48769554247929914 }, "geometry": { "type": "LineString", "coordinates": [ [ -1.2922566, 51.8290423 ], [ -1.2926573, 51.8284669 ], [ -1.2929981, 51.8279473 ], [ -1.293313, 51.8274933 ], [ -1.2933986, 51.8273979 ], [ -1.2935065, 51.8273127 ] ] } },
{ "type": "Feature", "properties": { "id": 27734, "nach": 0.41641555339927144 }, "geometry": { "type": "LineString", "coordinates": [ [ -1.2950838, 51.8276437 ], [ -1.2949301, 51.82828760000001 ], [ -1.294966, 51.828295 ], [ -1.2949039, 51.8284573 ], [ -1.2948368, 51.8285941 ] ] } },
{ "type": "Feature", "properties": { "id": 83925, "nach": 0.56363455309183808 }, "geometry": { "type": "LineString", "coordinates": [ [ -1.2902777, 51.828502 ], [ -1.2911805, 51.8287613 ] ] } },
{ "type": "Feature", "properties": { "id": 83933, "nach": 0.55331110866048849 }, "geometry": { "type": "LineString", "coordinates": [ [ -1.2916251, 51.8280779 ], [ -1.2915782, 51.8281538 ], [ -1.2915642, 51.8282358 ], [ -1.2915476, 51.828326500000024 ], [ -1.2914865, 51.8283781 ], [ -1.2913967, 51.8284245 ], [ -1.2913359, 51.8284909 ], [ -1.2912911, 51.8285364 ], [ -1.2911805, 51.8287613 ] ] } },
{ "type": "Feature", "properties": { "id": 27733, "nach": 0.44858107286569099 }, "geometry": { "type": "LineString", "coordinates": [ [ -1.2950838, 51.8276437 ], [ -1.2954983, 51.8279783 ] ] } },
{ "type": "Feature", "properties": { "id": 27732, "nach": 0.40311415831616665 }, "geometry": { "type": "LineString", "coordinates": [ [ -1.2950838, 51.8276437 ], [ -1.2948668, 51.8274725 ] ] } },
{ "type": "Feature", "properties": { "id": 83927, "nach": 0.56612837387128578 }, "geometry": { "type": "LineString", "coordinates": [ [ -1.2902777, 51.828502 ], [ -1.290098, 51.8284557 ], [ -1.290005, 51.8284281 ] ] } },
{ "type": "Feature", "properties": { "id": 83928, "nach": 0.40975009451294997 }, "geometry": { "type": "LineString", "coordinates": [ [ -1.2905891, 51.828057700000016 ], [ -1.2902777, 51.828502 ] ] } },
{ "type": "Feature", "properties": { "id": 83932, "nach": 0.46962419100998165 }, "geometry": { "type": "LineString", "coordinates": [ [ -1.2916251, 51.8280779 ], [ -1.2916503, 51.8280372 ] ] } },
{ "type": "Feature", "properties": { "id": 83934, "nach": 0.52191802798159526 }, "geometry": { "type": "LineString", "coordinates": [ [ -1.2916251, 51.8280779 ], [ -1.2915028, 51.8280474 ], [ -1.291326, 51.8280024 ] ] } },
{ "type": "Feature", "properties": { "id": 2752, "nach": 0.57798986503456717 }, "geometry": { "type": "LineString", "coordinates": [ [ -1.2884834, 51.82796 ], [ -1.2887489, 51.8280324 ] ] } },
{ "type": "Feature", "properties": { "id": 50097, "nach": 0.56891040877352039 }, "geometry": { "type": "LineString", "coordinates": [ [ -1.290005, 51.8284281 ], [ -1.2897265, 51.828351500000011 ], [ -1.2892882, 51.8282145 ], [ -1.2887489, 51.8280324 ] ] } },
{ "type": "Feature", "properties": { "id": 2770, "nach": 0.49322847228070604 }, "geometry": { "type": "LineString", "coordinates": [ [ -1.2884532, 51.8284079 ], [ -1.2884805, 51.8283641 ], [ -1.2887489, 51.8280324 ] ] } },
{ "type": "Feature", "properties": { "id": 2755, "nach": 0.53227220423350741 }, "geometry": { "type": "LineString", "coordinates": [ [ -1.2877966, 51.8277469 ], [ -1.2884834, 51.82796 ] ] } },
{ "type": "Feature", "properties": { "id": 27738, "nach": 0.54886782224502739 }, "geometry": { "type": "LineString", "coordinates": [ [ -1.2890441, 51.82710380000001 ], [ -1.2889076, 51.8273184 ], [ -1.2888807, 51.8273439 ], [ -1.2888573, 51.827417 ], [ -1.2884834, 51.82796 ] ] } },
{ "type": "Feature", "properties": { "id": 50100, "nach": 0.4046257105945173 }, "geometry": { "type": "LineString", "coordinates": [ [ -1.2904459, 51.8277632 ], [ -1.2902219, 51.8280938 ], [ -1.290005, 51.8284281 ] ] } },
{ "type": "Feature", "properties": { "id": 2779, "nach": 0.45583677275722601 }, "geometry": { "type": "LineString", "coordinates": [ [ -1.2882829, 51.828409 ], [ -1.2884532, 51.8284079 ] ] } },
{ "type": "Feature", "properties": { "id": 2772, "nach": 0.48415284801761477 }, "geometry": { "type": "LineString", "coordinates": [ [ -1.2885549, 51.8286923 ], [ -1.2884686, 51.8284879 ], [ -1.2884532, 51.8284079 ] ] } },
{ "type": "Feature", "properties": { "id": 2759, "nach": 0.56482657870309305 }, "geometry": { "type": "LineString", "coordinates": [ [ -1.286398, 51.8273481 ], [ -1.2877966, 51.8277469 ] ] } },
{ "type": "Feature", "properties": { "id": 2784, "nach": 0.51684270835837032 }, "geometry": { "type": "LineString", "coordinates": [ [ -1.2876109, 51.8280694 ], [ -1.2876322, 51.8279641 ], [ -1.2877966, 51.8277469 ] ] } },
{ "type": "Feature", "properties": { "id": 27736, "nach": 0.58942036037637213 }, "geometry": { "type": "LineString", "coordinates": [ [ -1.2890441, 51.82710380000001 ], [ -1.2891827, 51.8271224 ] ] } },
{ "type": "Feature", "properties": { "id": 83850, "nach": 0.56492170049995893 }, "geometry": { "type": "LineString", "coordinates": [ [ -1.2890106, 51.8271007 ], [ -1.2890441, 51.82710380000001 ] ] } },
{ "type": "Feature", "properties": { "id": 2787, "nach": 0.60168988183951599 }, "geometry": { "type": "LineString", "coordinates": [ [ -1.2868581, 51.826734199999983 ], [ -1.286398, 51.8273481 ] ] } },
{ "type": "Feature", "properties": { "id": 33099, "nach": 0.61581295860319685 }, "geometry": { "type": "LineString", "coordinates": [ [ -1.2862763, 51.827316500000023 ], [ -1.286398, 51.8273481 ] ] } },
{ "type": "Feature", "properties": { "id": 2783, "nach": 0.47543669904035873 }, "geometry": { "type": "LineString", "coordinates": [ [ -1.2876109, 51.8280694 ], [ -1.2876571, 51.828069 ], [ -1.2880493, 51.8281905 ], [ -1.2881979, 51.8282407 ], [ -1.2882477, 51.828325400000011 ], [ -1.2882829, 51.828409 ] ] } },
{ "type": "Feature", "properties": { "id": 2785, "nach": 0.41607185506202271 }, "geometry": { "type": "LineString", "coordinates": [ [ -1.2877605, 51.8283129 ], [ -1.2876109, 51.8280694 ] ] } },
{ "type": "Feature", "properties": { "id": 2790, "nach": 0.58579954711016347 }, "geometry": { "type": "LineString", "coordinates": [ [ -1.2873349, 51.8261402 ], [ -1.2868581, 51.826734199999983 ] ] } },
{ "type": "Feature", "properties": { "id": 83946, "nach": 0.56308818243968506 }, "geometry": { "type": "LineString", "coordinates": [ [ -1.288115, 51.8270647 ], [ -1.2880137, 51.8270514 ], [ -1.2878802, 51.827018700000011 ], [ -1.2876646, 51.8269618 ], [ -1.2874541, 51.8269103 ], [ -1.287286, 51.8268632 ], [ -1.2868581, 51.826734199999983 ] ] } },
{ "type": "Feature", "properties": { "id": 51133, "nach": 0.61346676532949851 }, "geometry": { "type": "LineString", "coordinates": [ [ -1.2860496, 51.8272445 ], [ -1.2862763, 51.827316500000023 ] ] } },
{ "type": "Feature", "properties": { "id": 33105, "nach": 0.46422783708204457 }, "geometry": { "type": "LineString", "coordinates": [ [ -1.2885433, 51.8295643 ], [ -1.2867019, 51.8280339 ], [ -1.2862555, 51.827429 ], [ -1.2862499, 51.827392 ], [ -1.2862763, 51.827316500000023 ] ] } },
{ "type": "Feature", "properties": { "id": 2781, "nach": 0.39222797071969234 }, "geometry": { "type": "LineString", "coordinates": [ [ -1.2882829, 51.828409 ], [ -1.2885038, 51.828710900000011 ], [ -1.288581, 51.8288273 ], [ -1.2886088, 51.8288246 ] ] } },
{ "type": "Feature", "properties": { "id": 2775, "nach": 0.4140723883385648 }, "geometry": { "type": "LineString", "coordinates": [ [ -1.2886088, 51.8288246 ], [ -1.2885549, 51.8286923 ] ] } },
{ "type": "Feature", "properties": { "id": 2774, "nach": 0.40344766693593809 }, "geometry": { "type": "LineString", "coordinates": [ [ -1.2890711, 51.828771600000017 ], [ -1.28888, 51.8287085 ], [ -1.2887495, 51.8286699 ], [ -1.2885549, 51.8286923 ] ] } },
{ "type": "Feature", "properties": { "id": 83954, "nach": 0.50648386946910773 }, "geometry": { "type": "LineString", "coordinates": [ [ -1.2879922, 51.8263755 ], [ -1.2878696, 51.82631580000001 ], [ -1.2873349, 51.8261402 ] ] } },
{ "type": "Feature", "properties": { "id": 83947, "nach": 0.42438811761445994 }, "geometry": { "type": "LineString", "coordinates": [ [ -1.2881954, 51.8269621 ], [ -1.288115, 51.8270647 ] ] } },
{ "type": "Feature", "properties": { "id": 83950, "nach": 0.55778285125750748 }, "geometry": { "type": "LineString", "coordinates": [ [ -1.2882669, 51.8270794 ], [ -1.2881226, 51.8270657 ], [ -1.288115, 51.8270647 ] ] } },
{ "type": "Feature", "properties": { "id": 83953, "nach": 0.43009261173322799 }, "geometry": { "type": "LineString", "coordinates": [ [ -1.2879922, 51.8263755 ], [ -1.2880695, 51.8264132 ], [ -1.2881453, 51.826433 ] ] } },
{ "type": "Feature", "properties": { "id": 83955, "nach": 0.43060037462241929 }, "geometry": { "type": "LineString", "coordinates": [ [ -1.2879205, 51.8264576 ], [ -1.2879922, 51.8263755 ] ] } },
{ "type": "Feature", "properties": { "id": 2809, "nach": 0.55664298068706874 }, "geometry": { "type": "LineString", "coordinates": [ [ -1.2865842, 51.8253123 ], [ -1.2867172, 51.8253154 ], [ -1.2867494, 51.825298799999985 ], [ -1.2869187, 51.8253116 ] ] } },
{ "type": "Feature", "properties": { "id": 83851, "nach": 0.56086830464923554 }, "geometry": { "type": "LineString", "coordinates": [ [ -1.2890106, 51.8271007 ], [ -1.28885, 51.8270974 ] ] } },
{ "type": "Feature", "properties": { "id": 27721, "nach": 0.42064977135453008 }, "geometry": { "type": "LineString", "coordinates": [ [ -1.2889531, 51.8268502 ], [ -1.2889655, 51.8268956 ], [ -1.2889632, 51.8269251 ], [ -1.28885, 51.8270974 ] ] } },
{ "type": "Feature", "properties": { "id": 83949, "nach": 0.55754546516323622 }, "geometry": { "type": "LineString", "coordinates": [ [ -1.2882669, 51.8270794 ], [ -1.2883573, 51.827088 ], [ -1.2884656, 51.827101900000017 ], [ -1.288562, 51.8271084 ], [ -1.2887285, 51.8271018 ], [ -1.28885, 51.8270974 ] ] } },
{ "type": "Feature", "properties": { "id": 83853, "nach": 0.41858326454814954 }, "geometry": { "type": "LineString", "coordinates": [ [ -1.2886376, 51.8273875 ], [ -1.2886724, 51.8273894 ], [ -1.2887056, 51.8273862 ], [ -1.2887882, 51.8273737 ], [ -1.2888334, 51.8273438 ], [ -1.2888916, 51.827295 ], [ -1.2889613, 51.8271903 ], [ -1.2890106, 51.8271007 ] ] } },
{ "type": "Feature", "properties": { "id": 83951, "nach": 0.42448808201824845 }, "geometry": { "type": "LineString", "coordinates": [ [ -1.2883364, 51.827002 ], [ -1.2882669, 51.8270794 ] ] } },
{ "type": "Feature", "properties": { "id": 44665, "nach": 0.4806102815038133 }, "geometry": { "type": "LineString", "coordinates": [ [ -1.290138, 51.8273731 ], [ -1.2901999, 51.827387 ] ] } },
{ "type": "Feature", "properties": { "id": 2801, "nach": 0.4037746262637491 }, "geometry": { "type": "LineString", "coordinates": [ [ -1.2906693, 51.8275011 ], [ -1.2901999, 51.827387 ] ] } },
{ "type": "Feature", "properties": { "id": 2802, "nach": 0.4037746262637491 }, "geometry": { "type": "LineString", "coordinates": [ [ -1.2904713, 51.8271242 ], [ -1.2904372, 51.827174899999989 ], [ -1.2903349, 51.8271908 ], [ -1.2903136, 51.8272014 ], [ -1.2902538, 51.8272721 ], [ -1.2901999, 51.827387 ] ] } },
{ "type": "Feature", "properties": { "id": 83922, "nach": 0.51523821906150324 }, "geometry": { "type": "LineString", "coordinates": [ [ -1.2896871, 51.8272597 ], [ -1.2898704, 51.8273079 ], [ -1.290138, 51.8273731 ] ] } },
{ "type": "Feature", "properties": { "id": 44668, "nach": 0.40160904449769763 }, "geometry": { "type": "LineString", "coordinates": [ [ -1.2895795, 51.8275927 ], [ -1.2898853, 51.827645800000013 ], [ -1.2899222, 51.8276443 ], [ -1.2899443, 51.8276358 ], [ -1.290138, 51.8273731 ] ] } },
{ "type": "Feature", "properties": { "id": 83843, "nach": 0.52806132445212428 }, "geometry": { "type": "LineString", "coordinates": [ [ -1.286186, 51.8251565 ], [ -1.2862599, 51.82515990000001 ], [ -1.2863715, 51.8251926 ], [ -1.2865305, 51.8252798 ], [ -1.2865842, 51.8253123 ] ] } },
{ "type": "Feature", "properties": { "id": 2814, "nach": 0.44967531209849299 }, "geometry": { "type": "LineString", "coordinates": [ [ -1.2849604, 51.8260554 ], [ -1.2851516, 51.8260816 ], [ -1.2852898, 51.8261109 ], [ -1.2854215, 51.8261548 ], [ -1.2855522, 51.8262018 ], [ -1.2856255, 51.8262341 ], [ -1.2857928, 51.8261595 ], [ -1.2859811, 51.8260979 ], [ -1.2860612, 51.8260564 ], [ -1.2861295, 51.8260126 ], [ -1.2862318, 51.8257728 ], [ -1.2863106, 51.8256361 ], [ -1.286381, 51.8255844 ], [ -1.2864729, 51.8254979 ], [ -1.2865713, 51.8253662 ], [ -1.2865842, 51.8253123 ] ] } },
{ "type": "Feature", "properties": { "id": 83842, "nach": 0.51282499991212016 }, "geometry": { "type": "LineString", "coordinates": [ [ -1.286186, 51.8251565 ], [ -1.2861545, 51.825155 ], [ -1.2861076, 51.8251535 ] ] } },
{ "type": "Feature", "properties": { "id": 83845, "nach": 0.43590223236633907 }, "geometry": { "type": "LineString", "coordinates": [ [ -1.2861318, 51.8249802 ], [ -1.2861618, 51.8249783 ], [ -1.2861936, 51.824981400000013 ], [ -1.2862292, 51.8249987 ], [ -1.2862464, 51.8250362 ], [ -1.2862329, 51.8250774 ], [ -1.286186, 51.8251565 ] ] } },
{ "type": "Feature", "properties": { "id": 2816, "nach": 0.49345980892919955 }, "geometry": { "type": "LineString", "coordinates": [ [ -1.2849604, 51.8260554 ], [ -1.2849842, 51.8259944 ], [ -1.2850047, 51.825934 ], [ -1.2850448, 51.8258833 ], [ -1.2851379, 51.82581350000001 ] ] } },
{ "type": "Feature", "properties": { "id": 2874, "nach": 0.52621953382873587 }, "geometry": { "type": "LineString", "coordinates": [ [ -1.283504, 51.8255254 ], [ -1.2837477, 51.825647600000018 ], [ -1.2837885, 51.8256656 ], [ -1.2839822, 51.825737400000015 ], [ -1.2841913, 51.8258065 ], [ -1.2844446, 51.8259043 ], [ -1.2846493, 51.8260056 ], [ -1.2848138, 51.8260452 ], [ -1.2849604, 51.8260554 ] ] } },
{ "type": "Feature", "properties": { "id": 2813, "nach": 0.4356377537277859 }, "geometry": { "type": "LineString", "coordinates": [ [ -1.2853827, 51.8259065 ], [ -1.2851379, 51.82581350000001 ] ] } },
{ "type": "Feature", "properties": { "id": 83838, "nach": 0.49370148199974895 }, "geometry": { "type": "LineString", "coordinates": [ [ -1.2861076, 51.8251535 ], [ -1.2860199, 51.8251633 ], [ -1.2859365, 51.8251837 ], [ -1.2858592, 51.8252217 ], [ -1.2856695, 51.8253709 ], [ -1.2855139, 51.8253876 ], [ -1.2854006, 51.8254102 ], [ -1.2853479, 51.8254315 ], [ -1.2852942, 51.8254668 ], [ -1.285237, 51.8255159 ], [ -1.2851539, 51.825595 ], [ -1.2849802, 51.8257568 ], [ -1.2851379, 51.82581350000001 ] ] } },
{ "type": "Feature", "properties": { "id": 83841, "nach": 0.43802088886671564 }, "geometry": { "type": "LineString", "coordinates": [ [ -1.2860722, 51.8250661 ], [ -1.2861039, 51.8250914 ], [ -1.2861153, 51.8251089 ], [ -1.2861076, 51.8251535 ] ] } },
{ "type": "Feature", "properties": { "id": 33053, "nach": 0.61427201437471912 }, "geometry": { "type": "LineString", "coordinates": [ [ -1.2831586, 51.8257919 ], [ -1.283504, 51.8255254 ] ] } },
{ "type": "Feature", "properties": { "id": 53708, "nach": 0.60528603692854466 }, "geometry": { "type": "LineString", "coordinates": [ [ -1.2838851, 51.8252332 ], [ -1.283504, 51.8255254 ] ] } },
{ "type": "Feature", "properties": { "id": 56957, "nach": 0.44814942841822603 }, "geometry": { "type": "LineString", "coordinates": [ [ -1.2876898, 51.8231902 ], [ -1.2872931, 51.8232959 ], [ -1.2873802, 51.8234431 ], [ -1.2875701, 51.8237291 ] ] } },
{ "type": "Feature", "properties": { "id": 32392, "nach": 0.58098527423898172 }, "geometry": { "type": "LineString", "coordinates": [ [ -1.2899715, 51.8254831 ], [ -1.2897916, 51.8255112 ], [ -1.2896293, 51.8255383 ], [ -1.2895023, 51.8259117 ], [ -1.2894679, 51.8260611 ], [ -1.2894171, 51.8262366 ], [ -1.289386, 51.826381 ], [ -1.2893258, 51.826609 ], [ -1.2893048, 51.8267026 ], [ -1.2892727, 51.8267601 ], [ -1.2892637, 51.8268505 ], [ -1.289242, 51.8269906 ], [ -1.289226, 51.8270587 ], [ -1.2892087, 51.8270852 ], [ -1.2891827, 51.8271224 ] ] } },
{ "type": "Feature", "properties": { "id": 36515, "nach": 0.44056276726276372 }, "geometry": { "type": "LineString", "coordinates": [ [ -1.2903977, 51.8256481 ], [ -1.2899715, 51.8254831 ] ] } },
{ "type": "Feature", "properties": { "id": 2861, "nach": 0.50244405683746329 }, "geometry": { "type": "LineString", "coordinates": [ [ -1.2859991, 51.8213665 ], [ -1.2861845, 51.8214459 ], [ -1.2863858, 51.8215527 ], [ -1.2864703, 51.821602400000017 ], [ -1.286496, 51.821635600000015 ], [ -1.2865159, 51.8216789 ] ] } },
{ "type": "Feature", "properties": { "id": 2865, "nach": 0.54465538024185123 }, "geometry": { "type": "LineString", "coordinates": [ [ -1.28514, 51.8218818 ], [ -1.2854787, 51.821820500000015 ], [ -1.2855873, 51.8218068 ], [ -1.285855, 51.8217776 ], [ -1.2860398, 51.8217524 ], [ -1.2863612, 51.8217019 ], [ -1.2864185, 51.8216919 ], [ -1.2865159, 51.8216789 ] ] } },
{ "type": "Feature", "properties": { "id": 32356, "nach": 0.42742540076634267 }, "geometry": { "type": "LineString", "coordinates": [ [ -1.2860603, 51.8213288 ], [ -1.2859991, 51.8213665 ] ] } },
{ "type": "Feature", "properties": { "id": 32360, "nach": 0.4258404154850382 }, "geometry": { "type": "LineString", "coordinates": [ [ -1.2858782, 51.821439 ], [ -1.2859991, 51.8213665 ] ] } },
{ "type": "Feature", "properties": { "id": 3810, "nach": 0.56148765625363417 }, "geometry": { "type": "LineString", "coordinates": [ [ -1.2848024, 51.8214583 ], [ -1.28514, 51.8218818 ] ] } },
{ "type": "Feature", "properties": { "id": 3811, "nach": 0.5723715570068274 }, "geometry": { "type": "LineString", "coordinates": [ [ -1.2848024, 51.8214583 ], [ -1.284098, 51.8217479 ], [ -1.2838887, 51.8218401 ], [ -1.283706, 51.821932 ], [ -1.283525, 51.8220264 ], [ -1.2833152, 51.8221473 ], [ -1.2830975, 51.8222685 ] ] } },
{ "type": "Feature", "properties": { "id": 29420, "nach": 0.57710652054119116 }, "geometry": { "type": "LineString", "coordinates": [ [ -1.2853949, 51.8212192 ], [ -1.2848024, 51.8214583 ] ] } },
{ "type": "Feature", "properties": { "id": 83847, "nach": 0.63057834151373926 }, "geometry": { "type": "LineString", "coordinates": [ [ -1.2857654, 51.824139300000013 ], [ -1.2856184, 51.824179 ], [ -1.28543, 51.8242372 ], [ -1.2852661, 51.8243012 ], [ -1.2851046, 51.8243784 ], [ -1.284939, 51.8244895 ], [ -1.2845733, 51.8247237 ] ] } },
{ "type": "Feature", "properties": { "id": 83849, "nach": 0.44799180156582058 }, "geometry": { "type": "LineString", "coordinates": [ [ -1.2859702, 51.8245735 ], [ -1.2859479, 51.824422800000015 ], [ -1.2857654, 51.824139300000013 ] ] } },
{ "type": "Feature", "properties": { "id": 83789, "nach": 0.60893711750193247 }, "geometry": { "type": "LineString", "coordinates": [ [ -1.2845443, 51.8247445 ], [ -1.2845733, 51.8247237 ] ] } },
{ "type": "Feature", "properties": { "id": 2881, "nach": 0.625450318319695 }, "geometry": { "type": "LineString", "coordinates": [ [ -1.2840061, 51.82443390000001 ], [ -1.284168, 51.8245097 ], [ -1.2845733, 51.8247237 ] ] } },
{ "type": "Feature", "properties": { "id": 83790, "nach": 0.60449013129945139 }, "geometry": { "type": "LineString", "coordinates": [ [ -1.2845443, 51.8247445 ], [ -1.2842448, 51.8249594 ], [ -1.2838851, 51.8252332 ] ] } },
{ "type": "Feature", "properties": { "id": 83792, "nach": 0.45421689802953069 }, "geometry": { "type": "LineString", "coordinates": [ [ -1.2848245, 51.824812 ], [ -1.284689, 51.8247886 ], [ -1.2845443, 51.8247445 ] ] } },
{ "type": "Feature", "properties": { "id": 2883, "nach": 0.62368140361890356 }, "geometry": { "type": "LineString", "coordinates": [ [ -1.2838679, 51.8243638 ], [ -1.2840061, 51.82443390000001 ] ] } },
{ "type": "Feature", "properties": { "id": 2888, "nach": 0.43933549204577016 }, "geometry": { "type": "LineString", "coordinates": [ [ -1.2833571, 51.8249103 ], [ -1.2840061, 51.82443390000001 ] ] } },
{ "type": "Feature", "properties": { "id": 33052, "nach": 0.58273097177026323 }, "geometry": { "type": "LineString", "coordinates": [ [ -1.2831586, 51.8257919 ], [ -1.2829095, 51.8259594 ] ] } },
{ "type": "Feature", "properties": { "id": 33056, "nach": 0.54774353844086332 }, "geometry": { "type": "LineString", "coordinates": [ [ -1.2831847, 51.8260967 ], [ -1.2831586, 51.8257919 ] ] } },
{ "type": "Feature", "properties": { "id": 53711, "nach": 0.44713732814176571 }, "geometry": { "type": "LineString", "coordinates": [ [ -1.2846305, 51.8254304 ], [ -1.2842798, 51.8253554 ], [ -1.2840505, 51.8252878 ], [ -1.2838851, 51.8252332 ] ] } },
{ "type": "Feature", "properties": { "id": 33055, "nach": 0.58016321019282469 }, "geometry": { "type": "LineString", "coordinates": [ [ -1.2831847, 51.8260967 ], [ -1.2829095, 51.8259594 ] ] } },
{ "type": "Feature", "properties": { "id": 3184, "nach": 0.60726068843728398 }, "geometry": { "type": "LineString", "coordinates": [ [ -1.2821808, 51.8256023 ], [ -1.2829095, 51.8259594 ] ] } },
{ "type": "Feature", "properties": { "id": 2939, "nach": 0.60296456686652555 }, "geometry": { "type": "LineString", "coordinates": [ [ -1.2820829, 51.8266588 ], [ -1.2822103, 51.826509 ], [ -1.2822859, 51.826442 ], [ -1.2824021, 51.826321 ], [ -1.2824799, 51.8262538 ], [ -1.2826865, 51.8261025 ], [ -1.2829095, 51.8259594 ] ] } },
{ "type": "Feature", "properties": { "id": 33057, "nach": 0.60989150905689693 }, "geometry": { "type": "LineString", "coordinates": [ [ -1.2831847, 51.8260967 ], [ -1.283607, 51.8263311 ], [ -1.2842808, 51.8267021 ] ] } },
{ "type": "Feature", "properties": { "id": 3186, "nach": 0.60086102255114771 }, "geometry": { "type": "LineString", "coordinates": [ [ -1.2821808, 51.8256023 ], [ -1.2819523, 51.825496700000016 ], [ -1.2815294, 51.8252649 ] ] } },
{ "type": "Feature", "properties": { "id": 3185, "nach": 0.49110279140434515 }, "geometry": { "type": "LineString", "coordinates": [ [ -1.2821808, 51.8256023 ], [ -1.2829189, 51.8249037 ], [ -1.283318, 51.8244886 ], [ -1.2833748, 51.8243884 ] ] } },
{ "type": "Feature", "properties": { "id": 2942, "nach": 0.5977004993497993 }, "geometry": { "type": "LineString", "coordinates": [ [ -1.281856, 51.8269795 ], [ -1.2820829, 51.8266588 ] ] } },
{ "type": "Feature", "properties": { "id": 2958, "nach": 0.43118078346541117 }, "geometry": { "type": "LineString", "coordinates": [ [ -1.28114, 51.826663 ], [ -1.2813044, 51.8266409 ], [ -1.2814708, 51.826625099999987 ], [ -1.2816029, 51.8266182 ], [ -1.2816419, 51.8266178 ], [ -1.2817821, 51.8266204 ], [ -1.2819528, 51.8266311 ], [ -1.2820829, 51.8266588 ] ] } },
{ "type": "Feature", "properties": { "id": 3182, "nach": 0.59112514448854625 }, "geometry": { "type": "LineString", "coordinates": [ [ -1.2833748, 51.8243884 ], [ -1.2838679, 51.8243638 ] ] } },
{ "type": "Feature", "properties": { "id": 65445, "nach": 0.61601014549462341 }, "geometry": { "type": "LineString", "coordinates": [ [ -1.283709, 51.8237992 ], [ -1.2837517, 51.8240628 ], [ -1.2837903, 51.8242458 ], [ -1.2838165, 51.824332 ], [ -1.2838679, 51.8243638 ] ] } },
{ "type": "Feature", "properties": { "id": 3181, "nach": 0.58615775475038379 }, "geometry": { "type": "LineString", "coordinates": [ [ -1.2833748, 51.8243884 ], [ -1.2831153, 51.8243795 ] ] } },
{ "type": "Feature", "properties": { "id": 83809, "nach": 0.61366365913241427 }, "geometry": { "type": "LineString", "coordinates": [ [ -1.2836344, 51.8232766 ], [ -1.2836519, 51.8233634 ], [ -1.2836593, 51.8235626 ], [ -1.2836873, 51.8236949 ], [ -1.283709, 51.8237992 ] ] } },
{ "type": "Feature", "properties": { "id": 65447, "nach": 0.4389207343662973 }, "geometry": { "type": "LineString", "coordinates": [ [ -1.2844461, 51.823636 ], [ -1.2843613, 51.82364350000001 ], [ -1.2843115, 51.8236576 ], [ -1.2842604, 51.8236892 ], [ -1.2842093, 51.82371 ], [ -1.2841488, 51.8237225 ], [ -1.2840707, 51.8237225 ], [ -1.2840102, 51.823725 ], [ -1.2839523, 51.823739100000012 ], [ -1.2838905, 51.8237674 ], [ -1.2838111, 51.823789 ], [ -1.283709, 51.8237992 ] ] } },
{ "type": "Feature", "properties": { "id": 28469, "nach": 0.57277508655170994 }, "geometry": { "type": "LineString", "coordinates": [ [ -1.2823112, 51.8242179 ], [ -1.2831153, 51.8243795 ] ] } },
{ "type": "Feature", "properties": { "id": 2889, "nach": 0.43769823924887141 }, "geometry": { "type": "LineString", "coordinates": [ [ -1.2828166, 51.8248313 ], [ -1.2831057, 51.8245359 ], [ -1.2830773, 51.8244657 ], [ -1.2831153, 51.8243795 ] ] } },
{ "type": "Feature", "properties": { "id": 28471, "nach": 0.42819336545621806 }, "geometry": { "type": "LineString", "coordinates": [ [ -1.2823112, 51.8242179 ], [ -1.2824624, 51.8239091 ], [ -1.2825007, 51.8238914 ], [ -1.2826271, 51.8238677 ] ] } },
{ "type": "Feature", "properties": { "id": 29423, "nach": 0.56020552086428765 }, "geometry": { "type": "LineString", "coordinates": [ [ -1.2805534, 51.8243447 ], [ -1.2822005, 51.8241966 ], [ -1.2823112, 51.8242179 ] ] } },
{ "type": "Feature", "properties": { "id": 83814, "nach": 0.60803636050732024 }, "geometry": { "type": "LineString", "coordinates": [ [ -1.2835649, 51.8230353 ], [ -1.2835777, 51.8230571 ] ] } },
{ "type": "Feature", "properties": { "id": 83808, "nach": 0.60840445530893894 }, "geometry": { "type": "LineString", "coordinates": [ [ -1.2836344, 51.8232766 ], [ -1.283623, 51.8232201 ], [ -1.2835777, 51.8230571 ] ] } },
{ "type": "Feature", "properties": { "id": 55077, "nach": 0.57274528327163554 }, "geometry": { "type": "LineString", "coordinates": [ [ -1.2828613, 51.8231593 ], [ -1.2831836, 51.823117500000016 ], [ -1.2835777, 51.8230571 ] ] } },
{ "type": "Feature", "properties": { "id": 83815, "nach": 0.3380086313492241 }, "geometry": { "type": "LineString", "coordinates": [ [ -1.2835649, 51.8230353 ], [ -1.2837763, 51.8229859 ] ] } },
{ "type": "Feature", "properties": { "id": 83825, "nach": 0.60502688851254571 }, "geometry": { "type": "LineString", "coordinates": [ [ -1.2834859, 51.82285670000001 ], [ -1.2835038, 51.8228888 ], [ -1.2835649, 51.8230353 ] ] } },
{ "type": "Feature", "properties": { "id": 83813, "nach": 0.43993401334173171 }, "geometry": { "type": "LineString", "coordinates": [ [ -1.2837763, 51.8229859 ], [ -1.2838608, 51.8231387 ], [ -1.2836344, 51.8232766 ] ] } },
{ "type": "Feature", "properties": { "id": 55076, "nach": 0.55662552041538982 }, "geometry": { "type": "LineString", "coordinates": [ [ -1.2828613, 51.8231593 ], [ -1.2827332, 51.8231729 ], [ -1.2825632, 51.823145 ], [ -1.2824592, 51.8230798 ], [ -1.2823019, 51.822986 ], [ -1.2821124, 51.8229374 ], [ -1.2815473, 51.82298140000001 ] ] } },
{ "type": "Feature", "properties": { "id": 55075, "nach": 0.43805130678988535 }, "geometry": { "type": "LineString", "coordinates": [ [ -1.2828613, 51.8231593 ], [ -1.2829195, 51.8235396 ] ] } },
{ "type": "Feature", "properties": { "id": 27952, "nach": 0.55331197142997657 }, "geometry": { "type": "LineString", "coordinates": [ [ -1.2810889, 51.8229117 ], [ -1.2815473, 51.82298140000001 ] ] } },
{ "type": "Feature", "properties": { "id": 2902, "nach": 0.42467727235438751 }, "geometry": { "type": "LineString", "coordinates": [ [ -1.2816524, 51.823397300000011 ], [ -1.2815473, 51.82298140000001 ] ] } },
{ "type": "Feature", "properties": { "id": 27951, "nach": 0.55135616158951339 }, "geometry": { "type": "LineString", "coordinates": [ [ -1.2810889, 51.8229117 ], [ -1.280973, 51.8228669 ] ] } },
{ "type": "Feature", "properties": { "id": 27953, "nach": 0.42193425118844424 }, "geometry": { "type": "LineString", "coordinates": [ [ -1.2810889, 51.8229117 ], [ -1.281033, 51.8229756 ], [ -1.2809935, 51.8230439 ], [ -1.2809751, 51.8231208 ], [ -1.2809789, 51.8231855 ] ] } },
{ "type": "Feature", "properties": { "id": 3813, "nach": 0.54906695549797524 }, "geometry": { "type": "LineString", "coordinates": [ [ -1.2809971, 51.8225019 ], [ -1.2809993, 51.8226212 ], [ -1.2809519, 51.822728 ], [ -1.280973, 51.8228669 ] ] } },
{ "type": "Feature", "properties": { "id": 2901, "nach": 0.50043436576118927 }, "geometry": { "type": "LineString", "coordinates": [ [ -1.2784439, 51.8237872 ], [ -1.278525, 51.8236614 ], [ -1.2785661, 51.8235702 ], [ -1.2786103, 51.8234699 ], [ -1.278663, 51.8233963 ], [ -1.2787178, 51.8233274 ], [ -1.278858, 51.8232042 ], [ -1.2789388, 51.8231458 ], [ -1.2790304, 51.8230889 ], [ -1.2791281, 51.8230372 ], [ -1.2792173, 51.8229997 ], [ -1.2793145, 51.8229576 ], [ -1.2794104, 51.82292360000001 ], [ -1.2795143, 51.8228909 ], [ -1.2796187, 51.8228617 ], [ -1.2797264, 51.8228394 ], [ -1.2798333, 51.8228205 ], [ -1.2800393, 51.8228003 ], [ -1.2802449, 51.8227913 ], [ -1.2804619, 51.8227971 ], [ -1.280719, 51.8228251 ], [ -1.280973, 51.8228669 ] ] } },
{ "type": "Feature", "properties": { "id": 4027, "nach": 0.5438129240057783 }, "geometry": { "type": "LineString", "coordinates": [ [ -1.2809465, 51.8221305 ], [ -1.2809971, 51.8225019 ] ] } },
{ "type": "Feature", "properties": { "id": 32380, "nach": 0.0 }, "geometry": { "type": "LineString", "coordinates": [ [ -1.2792777, 51.8222544 ], [ -1.2791392, 51.822531 ], [ -1.2791889, 51.8225703 ], [ -1.2805098, 51.8224694 ], [ -1.2807306, 51.82247430000001 ], [ -1.2809971, 51.8225019 ] ] } },
{ "type": "Feature", "properties": { "id": 49824, "nach": 0.55367350172026597 }, "geometry": { "type": "LineString", "coordinates": [ [ -1.2794248, 51.8241897 ], [ -1.2791512, 51.824061700000023 ], [ -1.2784439, 51.8237872 ] ] } },
{ "type": "Feature", "properties": { "id": 60473, "nach": 0.56028888989507875 }, "geometry": { "type": "LineString", "coordinates": [ [ -1.2794699, 51.8242108 ], [ -1.2794248, 51.8241897 ] ] } },
{ "type": "Feature", "properties": { "id": 49826, "nach": 0.38946158682190257 }, "geometry": { "type": "LineString", "coordinates": [ [ -1.2778845, 51.8245013 ], [ -1.2782327, 51.824359 ], [ -1.2783504, 51.8243646 ], [ -1.2784855, 51.8244349 ], [ -1.2787008, 51.8245617 ], [ -1.2788115, 51.8246095 ], [ -1.2789193, 51.824563200000014 ], [ -1.2791236, 51.8244514 ], [ -1.2794248, 51.8241897 ] ] } },
{ "type": "Feature", "properties": { "id": 83801, "nach": 0.60740133203825331 }, "geometry": { "type": "LineString", "coordinates": [ [ -1.2849767, 51.8269122 ], [ -1.285412, 51.8270441 ] ] } },
{ "type": "Feature", "properties": { "id": 51132, "nach": 0.60974327845377341 }, "geometry": { "type": "LineString", "coordinates": [ [ -1.2860496, 51.8272445 ], [ -1.285412, 51.8270441 ] ] } },
{ "type": "Feature", "properties": { "id": 50840, "nach": 0.4895761646680854 }, "geometry": { "type": "LineString", "coordinates": [ [ -1.2850775, 51.8280282 ], [ -1.2850842, 51.8278094 ], [ -1.2850625, 51.8277722 ], [ -1.285022, 51.8277392 ], [ -1.2849864, 51.827707599999989 ], [ -1.2849695, 51.827672 ], [ -1.2849819, 51.8276299 ], [ -1.2850361, 51.827496 ], [ -1.2850642, 51.8274578 ], [ -1.2851058, 51.8274393 ], [ -1.2851652, 51.8274158 ], [ -1.2852292, 51.827374800000015 ], [ -1.2852603, 51.8273355 ], [ -1.285412, 51.8270441 ] ] } },
{ "type": "Feature", "properties": { "id": 83802, "nach": 0.60806323780856941 }, "geometry": { "type": "LineString", "coordinates": [ [ -1.2849767, 51.8269122 ], [ -1.2848616, 51.8268774 ], [ -1.2842808, 51.8267021 ] ] } },
{ "type": "Feature", "properties": { "id": 83804, "nach": 0.42409765984036812 }, "geometry": { "type": "LineString", "coordinates": [ [ -1.2846646, 51.827603 ], [ -1.2846996, 51.8275176 ], [ -1.2848246, 51.827212899999985 ], [ -1.2849298, 51.827011 ], [ -1.2849767, 51.8269122 ] ] } },
{ "type": "Feature", "properties": { "id": 65864, "nach": 0.48869108425807656 }, "geometry": { "type": "LineString", "coordinates": [ [ -1.2860985, 51.8283006 ], [ -1.2860435, 51.8281649 ], [ -1.2860221, 51.8281248 ], [ -1.285991, 51.8280987 ], [ -1.2859567, 51.8280754 ], [ -1.2859129, 51.8280531 ], [ -1.2858714, 51.828027200000015 ], [ -1.2858398, 51.8280008 ], [ -1.2858203, 51.827964 ], [ -1.2858185, 51.8278965 ], [ -1.2858356, 51.827843799999989 ], [ -1.2858748, 51.8278227 ], [ -1.2860368, 51.8277563 ], [ -1.2861119, 51.8277321 ], [ -1.286146, 51.8277089 ], [ -1.2861494, 51.8276731 ], [ -1.2861289, 51.8276183 ], [ -1.2860783, 51.8275559 ], [ -1.2860491, 51.8275447 ], [ -1.2859883, 51.8275273 ], [ -1.2859611, 51.8275119 ], [ -1.2859405, 51.8274839 ], [ -1.2859377, 51.82746 ], [ -1.285916, 51.827429900000013 ], [ -1.2859106, 51.8274116 ], [ -1.2859106, 51.8273948 ], [ -1.2859187, 51.8273831 ], [ -1.2859485, 51.827358 ], [ -1.2859701, 51.8273413 ], [ -1.2859972, 51.8273112 ], [ -1.2860496, 51.8272445 ] ] } },
{ "type": "Feature", "properties": { "id": 65860, "nach": 0.41445331557962678 }, "geometry": { "type": "LineString", "coordinates": [ [ -1.2847703, 51.8280284 ], [ -1.2850775, 51.8280282 ] ] } },
{ "type": "Feature", "properties": { "id": 65859, "nach": 0.41182542355309421 }, "geometry": { "type": "LineString", "coordinates": [ [ -1.2857186, 51.8280279 ], [ -1.2850775, 51.8280282 ] ] } },
{ "type": "Feature", "properties": { "id": 27713, "nach": 0.5509618438019922 }, "geometry": { "type": "LineString", "coordinates": [ [ -1.2837785, 51.8278939 ], [ -1.2838441, 51.827648 ], [ -1.2839152, 51.8274584 ], [ -1.2839489, 51.8272841 ], [ -1.2839754, 51.8271288 ], [ -1.284029, 51.826961 ], [ -1.2841058, 51.8268462 ], [ -1.2842808, 51.8267021 ] ] } },
{ "type": "Feature", "properties": { "id": 51131, "nach": 0.43586264435766209 }, "geometry": { "type": "LineString", "coordinates": [ [ -1.2846921, 51.8264077 ], [ -1.2844919, 51.8265376 ], [ -1.2844234, 51.826594 ], [ -1.2844019, 51.8266122 ], [ -1.2843655, 51.8266399 ], [ -1.2843382, 51.8266633 ], [ -1.2842808, 51.8267021 ] ] } },
{ "type": "Feature", "properties": { "id": 60474, "nach": 0.56772842549296199 }, "geometry": { "type": "LineString", "coordinates": [ [ -1.2794699, 51.8242108 ], [ -1.2798314, 51.824379900000011 ] ] } },
{ "type": "Feature", "properties": { "id": 3196, "nach": 0.58022113348841742 }, "geometry": { "type": "LineString", "coordinates": [ [ -1.2798902, 51.8244043 ], [ -1.2798314, 51.824379900000011 ] ] } },
{ "type": "Feature", "properties": { "id": 2923, "nach": 0.47849454044643375 }, "geometry": { "type": "LineString", "coordinates": [ [ -1.2801751, 51.8240241 ], [ -1.2798314, 51.824379900000011 ] ] } },
{ "type": "Feature", "properties": { "id": 60476, "nach": 0.4140363821831558 }, "geometry": { "type": "LineString", "coordinates": [ [ -1.2795479, 51.823882500000011 ], [ -1.2795695, 51.8239844 ], [ -1.2795279, 51.8240975 ], [ -1.2794699, 51.8242108 ] ] } },
{ "type": "Feature", "properties": { "id": 3197, "nach": 0.5475714907596777 }, "geometry": { "type": "LineString", "coordinates": [ [ -1.2798902, 51.8244043 ], [ -1.2801807, 51.8245559 ] ] } },
{ "type": "Feature", "properties": { "id": 29427, "nach": 0.52264762279629096 }, "geometry": { "type": "LineString", "coordinates": [ [ -1.280483, 51.824351 ], [ -1.2798902, 51.8244043 ] ] } },
{ "type": "Feature", "properties": { "id": 2927, "nach": 0.39752189289059131 }, "geometry": { "type": "LineString", "coordinates": [ [ -1.2803901, 51.8235261 ], [ -1.2802806, 51.8235774 ], [ -1.2802193, 51.82362280000001 ], [ -1.2802168, 51.823666 ], [ -1.2802659, 51.8237145 ], [ -1.2803517, 51.8237569 ], [ -1.2803799, 51.8237873 ], [ -1.2803676, 51.823828200000015 ], [ -1.2801751, 51.8240241 ] ] } },
{ "type": "Feature", "properties": { "id": 2926, "nach": 0.39453947194964029 }, "geometry": { "type": "LineString", "coordinates": [ [ -1.2797241, 51.8233771 ], [ -1.2798418, 51.8236308 ], [ -1.2798884, 51.8237133 ], [ -1.2799051, 51.823779 ], [ -1.2799002, 51.8238523 ], [ -1.2799041, 51.823886300000012 ], [ -1.2799374, 51.8239141 ], [ -1.2801751, 51.8240241 ] ] } },
{ "type": "Feature", "properties": { "id": 2928, "nach": 0.49001501041213891 }, "geometry": { "type": "LineString", "coordinates": [ [ -1.2790581, 51.8253312 ], [ -1.2801807, 51.8245559 ] ] } },
{ "type": "Feature", "properties": { "id": 3198, "nach": 0.563738781443065 }, "geometry": { "type": "LineString", "coordinates": [ [ -1.2804113, 51.8246733 ], [ -1.2801807, 51.8245559 ] ] } },
{ "type": "Feature", "properties": { "id": 65353, "nach": 0.57759487872411519 }, "geometry": { "type": "LineString", "coordinates": [ [ -1.2806481, 51.8247962 ], [ -1.2804113, 51.8246733 ] ] } },
{ "type": "Feature", "properties": { "id": 27936, "nach": 0.52284421236963718 }, "geometry": { "type": "LineString", "coordinates": [ [ -1.2804855, 51.8244344 ], [ -1.2804835, 51.8245107 ], [ -1.2804835, 51.824583299999986 ], [ -1.2804464, 51.8246392 ], [ -1.2804113, 51.8246733 ] ] } },
{ "type": "Feature", "properties": { "id": 2937, "nach": 0.42675881056195686 }, "geometry": { "type": "LineString", "coordinates": [ [ -1.2817847, 51.824574 ], [ -1.2813279, 51.8251452 ] ] } },
{ "type": "Feature", "properties": { "id": 28473, "nach": 0.58730814772657569 }, "geometry": { "type": "LineString", "coordinates": [ [ -1.2809252, 51.8249399 ], [ -1.2813279, 51.8251452 ] ] } },
{ "type": "Feature", "properties": { "id": 2920, "nach": 0.5947371836460501 }, "geometry": { "type": "LineString", "coordinates": [ [ -1.2815294, 51.8252649 ], [ -1.2813279, 51.8251452 ] ] } },
{ "type": "Feature", "properties": { "id": 65354, "nach": 0.57612154832681994 }, "geometry": { "type": "LineString", "coordinates": [ [ -1.2806481, 51.8247962 ], [ -1.2809252, 51.8249399 ] ] } },
{ "type": "Feature", "properties": { "id": 28477, "nach": 0.48932663450568703 }, "geometry": { "type": "LineString", "coordinates": [ [ -1.2805395, 51.8251099 ], [ -1.2806965, 51.8250518 ], [ -1.2809252, 51.8249399 ] ] } },
{ "type": "Feature", "properties": { "id": 54634, "nach": 0.40397557104910681 }, "geometry": { "type": "LineString", "coordinates": [ [ -1.2799009, 51.8262341 ], [ -1.2803454, 51.8259715 ], [ -1.2815294, 51.8252649 ] ] } },
{ "type": "Feature", "properties": { "id": 2965, "nach": 0.41216025228482045 }, "geometry": { "type": "LineString", "coordinates": [ [ -1.2831411, 51.8270847 ], [ -1.283074, 51.827225 ], [ -1.2830423, 51.8273493 ], [ -1.282966, 51.8275237 ], [ -1.2827967, 51.8277344 ] ] } },
{ "type": "Feature", "properties": { "id": 3120, "nach": 0.56237454272792564 }, "geometry": { "type": "LineString", "coordinates": [ [ -1.2820758, 51.8221228 ], [ -1.2829927, 51.8219828 ] ] } },
{ "type": "Feature", "properties": { "id": 3804, "nach": 0.59245717790322783 }, "geometry": { "type": "LineString", "coordinates": [ [ -1.2830975, 51.8222685 ], [ -1.283023, 51.82214590000001 ], [ -1.2829927, 51.8219828 ] ] } },
{ "type": "Feature", "properties": { "id": 3167, "nach": 0.56067418335192754 }, "geometry": { "type": "LineString", "coordinates": [ [ -1.2832617, 51.8213656 ], [ -1.2831789, 51.8214648 ], [ -1.2831124, 51.8215555 ], [ -1.2830445, 51.821690700000012 ], [ -1.2829963, 51.8218347 ], [ -1.2829927, 51.8219828 ] ] } },
{ "type": "Feature", "properties": { "id": 3126, "nach": 0.54826461929971892 }, "geometry": { "type": "LineString", "coordinates": [ [ -1.2819003, 51.8213907 ], [ -1.2820758, 51.8221228 ] ] } },
{ "type": "Feature", "properties": { "id": 3123, "nach": 0.43406175092082144 }, "geometry": { "type": "LineString", "coordinates": [ [ -1.2821203, 51.8224076 ], [ -1.2820758, 51.8221228 ] ] } },
{ "type": "Feature", "properties": { "id": 37683, "nach": 0.61215521115523019 }, "geometry": { "type": "LineString", "coordinates": [ [ -1.2831521, 51.822366 ], [ -1.2830975, 51.8222685 ] ] } },
{ "type": "Feature", "properties": { "id": 27961, "nach": 0.50083640481702063 }, "geometry": { "type": "LineString", "coordinates": [ [ -1.2846307, 51.820192 ], [ -1.2839206, 51.820802499999985 ], [ -1.2832617, 51.8213656 ] ] } },
{ "type": "Feature", "properties": { "id": 3176, "nach": 0.52001488935307316 }, "geometry": { "type": "LineString", "coordinates": [ [ -1.2827611, 51.8204745 ], [ -1.2828699, 51.8211533 ], [ -1.2832617, 51.8213656 ] ] } },
{ "type": "Feature", "properties": { "id": 3128, "nach": 0.54453217629884676 }, "geometry": { "type": "LineString", "coordinates": [ [ -1.2818273, 51.8211044 ], [ -1.2820066, 51.8211001 ], [ -1.2821795, 51.8211078 ], [ -1.2822767, 51.8211286 ], [ -1.2823063, 51.8211764 ], [ -1.282284, 51.8212428 ], [ -1.2821943, 51.8212996 ], [ -1.2820893, 51.8213422 ], [ -1.2819984, 51.8213749 ], [ -1.2819003, 51.8213907 ] ] } },
{ "type": "Feature", "properties": { "id": 3131, "nach": 0.54417318400755876 }, "geometry": { "type": "LineString", "coordinates": [ [ -1.2800459, 51.8211115 ], [ -1.2807726, 51.82115 ], [ -1.2812706, 51.8211245 ], [ -1.2818273, 51.8211044 ] ] } },
{ "type": "Feature", "properties": { "id": 3134, "nach": 0.591851829788831 }, "geometry": { "type": "LineString", "coordinates": [ [ -1.2801639, 51.8205201 ], [ -1.2800459, 51.8211115 ] ] } },
{ "type": "Feature", "properties": { "id": 32354, "nach": 0.57008183865570572 }, "geometry": { "type": "LineString", "coordinates": [ [ -1.2781811, 51.82098160000001 ], [ -1.2782515, 51.8210018 ], [ -1.2787039, 51.8210262 ], [ -1.2800459, 51.8211115 ] ] } },
{ "type": "Feature", "properties": { "id": 65807, "nach": 0.5845340079606326 }, "geometry": { "type": "LineString", "coordinates": [ [ -1.2801868, 51.820389 ], [ -1.2801639, 51.8205201 ] ] } },
{ "type": "Feature", "properties": { "id": 3146, "nach": 0.52344464918433031 }, "geometry": { "type": "LineString", "coordinates": [ [ -1.2811283, 51.8206327 ], [ -1.280643, 51.8205884 ], [ -1.2801639, 51.8205201 ] ] } },
{ "type": "Feature", "properties": { "id": 32353, "nach": 0.57965894749749214 }, "geometry": { "type": "LineString", "coordinates": [ [ -1.2781811, 51.82098160000001 ], [ -1.2780585, 51.8209462 ], [ -1.2778771, 51.8208767 ], [ -1.2777597, 51.8207943 ], [ -1.2774492, 51.8206873 ] ] } },
{ "type": "Feature", "properties": { "id": 32371, "nach": 0.53836505568684223 }, "geometry": { "type": "LineString", "coordinates": [ [ -1.279493, 51.821842 ], [ -1.2794205, 51.8217632 ], [ -1.2789892, 51.8214719 ], [ -1.2785234, 51.821372200000013 ], [ -1.2784038, 51.8212367 ], [ -1.2781319, 51.8211717 ], [ -1.2781193, 51.8211179 ], [ -1.2781811, 51.82098160000001 ] ] } },
{ "type": "Feature", "properties": { "id": 65806, "nach": 0.58176176780901223 }, "geometry": { "type": "LineString", "coordinates": [ [ -1.2801868, 51.820389 ], [ -1.2801997, 51.8203155 ] ] } },
{ "type": "Feature", "properties": { "id": 65809, "nach": 0.41171587086587413 }, "geometry": { "type": "LineString", "coordinates": [ [ -1.2803872, 51.8203996 ], [ -1.2801868, 51.820389 ] ] } },
{ "type": "Feature", "properties": { "id": 65827, "nach": 0.49906722744921966 }, "geometry": { "type": "LineString", "coordinates": [ [ -1.2811299, 51.8205192 ], [ -1.2811283, 51.8206327 ] ] } },
{ "type": "Feature", "properties": { "id": 3147, "nach": 0.39122938956653913 }, "geometry": { "type": "LineString", "coordinates": [ [ -1.2816459, 51.8207462 ], [ -1.2811927, 51.8207502 ], [ -1.2811283, 51.8206327 ] ] } },
{ "type": "Feature", "properties": { "id": 51896, "nach": 0.57667135425405092 }, "geometry": { "type": "LineString", "coordinates": [ [ -1.2809658, 51.817586200000015 ], [ -1.2811827, 51.8182826 ], [ -1.2813568, 51.8191097 ] ] } },
{ "type": "Feature", "properties": { "id": 27948, "nach": 0.5721434329897791 }, "geometry": { "type": "LineString", "coordinates": [ [ -1.2809166, 51.819664 ], [ -1.2810399, 51.8195951 ], [ -1.2811735, 51.819494 ], [ -1.2812952, 51.8193832 ], [ -1.2813529, 51.8192497 ], [ -1.2813568, 51.8191097 ] ] } },
{ "type": "Feature", "properties": { "id": 33046, "nach": 0.38595187095401162 }, "geometry": { "type": "LineString", "coordinates": [ [ -1.2820153, 51.8200715 ], [ -1.2820923, 51.8200207 ], [ -1.2821103, 51.8199842 ], [ -1.2820923, 51.8199081 ], [ -1.2819461, 51.8197146 ], [ -1.2819409, 51.8196861 ], [ -1.2819538, 51.8196464 ], [ -1.2819974, 51.8195179 ], [ -1.2819871, 51.8194751 ], [ -1.2818511, 51.8191658 ], [ -1.2817947, 51.8191325 ], [ -1.28171, 51.8191103 ], [ -1.2813568, 51.8191097 ] ] } },
{ "type": "Feature", "properties": { "id": 51895, "nach": 0.47262594578191841 }, "geometry": { "type": "LineString", "coordinates": [ [ -1.2809658, 51.817586200000015 ], [ -1.2809286, 51.8174669 ] ] } },
{ "type": "Feature", "properties": { "id": 51897, "nach": 0.5703661055229976 }, "geometry": { "type": "LineString", "coordinates": [ [ -1.2809658, 51.817586200000015 ], [ -1.2812202, 51.8175626 ], [ -1.2812502, 51.8175539 ], [ -1.2812731, 51.817535399999983 ], [ -1.2812925, 51.8175168 ], [ -1.281373, 51.8174132 ] ] } },
{ "type": "Feature", "properties": { "id": 60067, "nach": 0.56926022719228064 }, "geometry": { "type": "LineString", "coordinates": [ [ -1.2805286, 51.819850099999989 ], [ -1.280612, 51.8197953 ], [ -1.2807882, 51.819712799999984 ], [ -1.2809166, 51.819664 ] ] } },
{ "type": "Feature", "properties": { "id": 65812, "nach": 0.48494242831849377 }, "geometry": { "type": "LineString", "coordinates": [ [ -1.2811411, 51.8197568 ], [ -1.2809961, 51.8196944 ], [ -1.2809166, 51.819664 ] ] } },
{ "type": "Feature", "properties": { "id": 30122, "nach": 0.58543837227753259 }, "geometry": { "type": "LineString", "coordinates": [ [ -1.281373, 51.8174132 ], [ -1.2809286, 51.8174669 ] ] } },
{ "type": "Feature", "properties": { "id": 3227, "nach": 0.5898743927684349 }, "geometry": { "type": "LineString", "coordinates": [ [ -1.2798397, 51.8175245 ], [ -1.2804765, 51.8175009 ], [ -1.2809286, 51.8174669 ] ] } },
{ "type": "Feature", "properties": { "id": 3143, "nach": 0.43902391011516151 }, "geometry": { "type": "LineString", "coordinates": [ [ -1.2809372, 51.8170268 ], [ -1.2809241, 51.8172424 ], [ -1.2809286, 51.8174669 ] ] } },
{ "type": "Feature", "properties": { "id": 77329, "nach": 0.62735324858786101 }, "geometry": { "type": "LineString", "coordinates": [ [ -1.281568, 51.8173812 ], [ -1.281373, 51.8174132 ] ] } },
{ "type": "Feature", "properties": { "id": 3228, "nach": 0.53244088458038008 }, "geometry": { "type": "LineString", "coordinates": [ [ -1.2798397, 51.8175245 ], [ -1.2798479, 51.817644700000017 ], [ -1.2798313, 51.8177442 ], [ -1.2798051, 51.817817300000016 ], [ -1.2796677, 51.8181715 ], [ -1.2795675, 51.8184297 ], [ -1.278871, 51.819200700000017 ] ] } },
{ "type": "Feature", "properties": { "id": 55681, "nach": 0.55787628613452533 }, "geometry": { "type": "LineString", "coordinates": [ [ -1.278159, 51.817527 ], [ -1.2784284, 51.8175245 ], [ -1.2788258, 51.8175275 ], [ -1.2798397, 51.8175245 ] ] } },
{ "type": "Feature", "properties": { "id": 65833, "nach": 0.461689539011438 }, "geometry": { "type": "LineString", "coordinates": [ [ -1.2811396, 51.8202739 ], [ -1.2811326, 51.8203356 ], [ -1.2811299, 51.8205192 ] ] } },
{ "type": "Feature", "properties": { "id": 65830, "nach": 0.38987023961394934 }, "geometry": { "type": "LineString", "coordinates": [ [ -1.28166, 51.8204703 ], [ -1.281255, 51.8205034 ], [ -1.2811299, 51.8205192 ] ] } },
{ "type": "Feature", "properties": { "id": 65832, "nach": 0.38363231730857206 }, "geometry": { "type": "LineString", "coordinates": [ [ -1.2811396, 51.8202739 ], [ -1.2811514, 51.8201706 ], [ -1.2815896, 51.8201338 ] ] } },
{ "type": "Feature", "properties": { "id": 65834, "nach": 0.38513193623119624 }, "geometry": { "type": "LineString", "coordinates": [ [ -1.2815916, 51.820242300000011 ], [ -1.2811396, 51.8202739 ] ] } },
{ "type": "Feature", "properties": { "id": 3153, "nach": 0.49722321749534754 }, "geometry": { "type": "LineString", "coordinates": [ [ -1.2838989, 51.8195781 ], [ -1.284603, 51.81922070000001 ] ] } },
{ "type": "Feature", "properties": { "id": 10081, "nach": 0.59072225526450339 }, "geometry": { "type": "LineString", "coordinates": [ [ -1.2844205, 51.8190703 ], [ -1.284603, 51.81922070000001 ] ] } },
{ "type": "Feature", "properties": { "id": 3166, "nach": 0.57359221866028098 }, "geometry": { "type": "LineString", "coordinates": [ [ -1.2852003, 51.8197121 ], [ -1.2846808, 51.8192834 ], [ -1.284603, 51.81922070000001 ] ] } },
{ "type": "Feature", "properties": { "id": 3155, "nach": 0.4600347352768806 }, "geometry": { "type": "LineString", "coordinates": [ [ -1.2834358, 51.8197433 ], [ -1.2838989, 51.8195781 ] ] } },
{ "type": "Feature", "properties": { "id": 3793, "nach": 0.39638122628388911 }, "geometry": { "type": "LineString", "coordinates": [ [ -1.2845205, 51.820129500000014 ], [ -1.2845544, 51.8200834 ], [ -1.2838989, 51.8195781 ] ] } },
{ "type": "Feature", "properties": { "id": 33524, "nach": 0.55550633290718743 }, "geometry": { "type": "LineString", "coordinates": [ [ -1.2846245, 51.8189652 ], [ -1.2844205, 51.8190703 ] ] } },
{ "type": "Feature", "properties": { "id": 33520, "nach": 0.55250729710611146 }, "geometry": { "type": "LineString", "coordinates": [ [ -1.2842525, 51.81893860000001 ], [ -1.2844205, 51.8190703 ] ] } },
{ "type": "Feature", "properties": { "id": 3164, "nach": 0.50952126373734741 }, "geometry": { "type": "LineString", "coordinates": [ [ -1.2852003, 51.8197121 ], [ -1.2846469, 51.8201767 ] ] } },
{ "type": "Feature", "properties": { "id": 3800, "nach": 0.50331224891743542 }, "geometry": { "type": "LineString", "coordinates": [ [ -1.283384, 51.819694 ], [ -1.2834358, 51.8197433 ] ] } },
{ "type": "Feature", "properties": { "id": 3159, "nach": 0.51271411888842477 }, "geometry": { "type": "LineString", "coordinates": [ [ -1.2836241, 51.8198454 ], [ -1.2835596, 51.8198325 ], [ -1.283521, 51.8198133 ], [ -1.2834358, 51.8197433 ] ] } },
{ "type": "Feature", "properties": { "id": 3792, "nach": 0.50964197431183311 }, "geometry": { "type": "LineString", "coordinates": [ [ -1.2845205, 51.820129500000014 ], [ -1.2838986, 51.819865300000011 ], [ -1.2838168, 51.8198438 ], [ -1.2837479, 51.8198413 ], [ -1.2836241, 51.8198454 ] ] } },
{ "type": "Feature", "properties": { "id": 3791, "nach": 0.52922958136988651 }, "geometry": { "type": "LineString", "coordinates": [ [ -1.2845205, 51.820129500000014 ], [ -1.2846469, 51.8201767 ] ] } },
{ "type": "Feature", "properties": { "id": 3801, "nach": 0.47403101323429064 }, "geometry": { "type": "LineString", "coordinates": [ [ -1.283384, 51.819694 ], [ -1.2828321, 51.8191115 ], [ -1.2828015, 51.8190019 ], [ -1.2828105, 51.8189427 ], [ -1.2827845, 51.8188771 ], [ -1.2827198, 51.8188307 ], [ -1.2825322, 51.818869 ], [ -1.2823711, 51.8188778 ] ] } },
{ "type": "Feature", "properties": { "id": 3802, "nach": 0.38451250486382815 }, "geometry": { "type": "LineString", "coordinates": [ [ -1.283384, 51.819694 ], [ -1.2828026, 51.8199243 ], [ -1.2827328, 51.8198496 ], [ -1.2826247, 51.819848 ] ] } },
{ "type": "Feature", "properties": { "id": 3171, "nach": 0.47994342891265829 }, "geometry": { "type": "LineString", "coordinates": [ [ -1.2830802, 51.8202777 ], [ -1.283537, 51.8199309 ], [ -1.2835728, 51.8198995 ], [ -1.2836241, 51.8198454 ] ] } },
{ "type": "Feature", "properties": { "id": 3173, "nach": 0.43626345686053802 }, "geometry": { "type": "LineString", "coordinates": [ [ -1.2833606, 51.8204055 ], [ -1.2830802, 51.8202777 ] ] } },
{ "type": "Feature", "properties": { "id": 3175, "nach": 0.48714996808703603 }, "geometry": { "type": "LineString", "coordinates": [ [ -1.2827611, 51.8204745 ], [ -1.2829458, 51.8203243 ], [ -1.2830802, 51.8202777 ] ] } },
{ "type": "Feature", "properties": { "id": 27960, "nach": 0.57159856357028205 }, "geometry": { "type": "LineString", "coordinates": [ [ -1.2846307, 51.820192 ], [ -1.2846469, 51.8201767 ] ] } },
{ "type": "Feature", "properties": { "id": 27964, "nach": 0.55637737636382567 }, "geometry": { "type": "LineString", "coordinates": [ [ -1.2852395, 51.8205985 ], [ -1.2850032, 51.8204597 ], [ -1.2848144, 51.8203432 ], [ -1.2847255, 51.82022520000001 ], [ -1.2846307, 51.820192 ] ] } },
{ "type": "Feature", "properties": { "id": 3797, "nach": 0.49432092148234813 }, "geometry": { "type": "LineString", "coordinates": [ [ -1.2826247, 51.819848 ], [ -1.2827611, 51.8204745 ] ] } },
{ "type": "Feature", "properties": { "id": 3798, "nach": 0.49632731585039841 }, "geometry": { "type": "LineString", "coordinates": [ [ -1.2826247, 51.819848 ], [ -1.2823711, 51.8188778 ] ] } },
{ "type": "Feature", "properties": { "id": 5384, "nach": 0.5536585447124569 }, "geometry": { "type": "LineString", "coordinates": [ [ -1.2886648, 51.8218967 ], [ -1.2908337, 51.8213796 ] ] } },
{ "type": "Feature", "properties": { "id": 29428, "nach": 0.42695331668173764 }, "geometry": { "type": "LineString", "coordinates": [ [ -1.280483, 51.824351 ], [ -1.2804855, 51.8244344 ] ] } },
{ "type": "Feature", "properties": { "id": 29429, "nach": 0.42186334470554021 }, "geometry": { "type": "LineString", "coordinates": [ [ -1.280483, 51.824351 ], [ -1.2804814, 51.824297 ], [ -1.2804711, 51.8241316 ], [ -1.2804691, 51.82404 ], [ -1.2804938, 51.82393960000001 ] ] } },
{ "type": "Feature", "properties": { "id": 29426, "nach": 0.52517249681295808 }, "geometry": { "type": "LineString", "coordinates": [ [ -1.280483, 51.824351 ], [ -1.2805534, 51.8243447 ] ] } },
{ "type": "Feature", "properties": { "id": 65356, "nach": 0.42059139018665759 }, "geometry": { "type": "LineString", "coordinates": [ [ -1.2801078, 51.8250887 ], [ -1.280234, 51.825029400000012 ], [ -1.2804218, 51.8249295 ], [ -1.2806481, 51.8247962 ] ] } },
{ "type": "Feature", "properties": { "id": 29424, "nach": 0.5075380217816281 }, "geometry": { "type": "LineString", "coordinates": [ [ -1.2805534, 51.8243447 ], [ -1.2805349, 51.8243708 ], [ -1.2804855, 51.8244344 ] ] } },
{ "type": "Feature", "properties": { "id": 3216, "nach": 0.55814428531267379 }, "geometry": { "type": "LineString", "coordinates": [ [ -1.2772506, 51.8209835 ], [ -1.2769501, 51.8214707 ] ] } },
{ "type": "Feature", "properties": { "id": 3746, "nach": 0.56080181338379698 }, "geometry": { "type": "LineString", "coordinates": [ [ -1.2774492, 51.8206873 ], [ -1.2772506, 51.8209835 ] ] } },
{ "type": "Feature", "properties": { "id": 3258, "nach": 0.36691760713369437 }, "geometry": { "type": "LineString", "coordinates": [ [ -1.2749345, 51.820115 ], [ -1.275469, 51.820274600000012 ], [ -1.2757857, 51.820411799999988 ], [ -1.2766711, 51.8207765 ], [ -1.2772506, 51.8209835 ] ] } },
{ "type": "Feature", "properties": { "id": 3748, "nach": 0.56373179510691407 }, "geometry": { "type": "LineString", "coordinates": [ [ -1.2774492, 51.8206873 ], [ -1.2774995, 51.8206075 ], [ -1.2777708, 51.82027080000001 ] ] } },
{ "type": "Feature", "properties": { "id": 3222, "nach": 0.52854497883982998 }, "geometry": { "type": "LineString", "coordinates": [ [ -1.2783207, 51.819732 ], [ -1.2777708, 51.82027080000001 ] ] } },
{ "type": "Feature", "properties": { "id": 39419, "nach": 0.52295738098607647 }, "geometry": { "type": "LineString", "coordinates": [ [ -1.2756451, 51.8195194 ], [ -1.276293, 51.8197002 ], [ -1.2769609, 51.819916500000012 ], [ -1.2777708, 51.82027080000001 ] ] } },
{ "type": "Feature", "properties": { "id": 3775, "nach": 0.52758522328462343 }, "geometry": { "type": "LineString", "coordinates": [ [ -1.2787822, 51.8193068 ], [ -1.2783207, 51.819732 ] ] } },
{ "type": "Feature", "properties": { "id": 3262, "nach": 0.40428644084211607 }, "geometry": { "type": "LineString", "coordinates": [ [ -1.2772049, 51.8192769 ], [ -1.2773095, 51.819283500000012 ], [ -1.2773792, 51.819296 ], [ -1.277445, 51.8193242 ], [ -1.2774999, 51.8193548 ], [ -1.277689, 51.8194618 ], [ -1.2777641, 51.8195074 ], [ -1.2778446, 51.8195438 ], [ -1.2783207, 51.819732 ] ] } },
{ "type": "Feature", "properties": { "id": 3774, "nach": 0.53753440004549558 }, "geometry": { "type": "LineString", "coordinates": [ [ -1.2787822, 51.8193068 ], [ -1.278871, 51.819200700000017 ] ] } },
{ "type": "Feature", "properties": { "id": 3776, "nach": 0.48913347124578821 }, "geometry": { "type": "LineString", "coordinates": [ [ -1.2787822, 51.8193068 ], [ -1.2780364, 51.8191018 ], [ -1.2779155, 51.818688700000024 ] ] } },
{ "type": "Feature", "properties": { "id": 3263, "nach": 0.40968651966498437 }, "geometry": { "type": "LineString", "coordinates": [ [ -1.2800016, 51.8194028 ], [ -1.2794794, 51.8193666 ], [ -1.278871, 51.819200700000017 ] ] } },
{ "type": "Feature", "properties": { "id": 55679, "nach": 0.54978555776336702 }, "geometry": { "type": "LineString", "coordinates": [ [ -1.278159, 51.817527 ], [ -1.2775217, 51.8175328 ] ] } },
{ "type": "Feature", "properties": { "id": 55682, "nach": 0.42110354878023659 }, "geometry": { "type": "LineString", "coordinates": [ [ -1.2781815, 51.8178967 ], [ -1.278159, 51.817527 ] ] } },
{ "type": "Feature", "properties": { "id": 39406, "nach": 0.47815502168478263 }, "geometry": { "type": "LineString", "coordinates": [ [ -1.2762433, 51.8184655 ], [ -1.2765922, 51.8184734 ], [ -1.2766735, 51.8184782 ], [ -1.2767406, 51.8184871 ], [ -1.2778726, 51.8186933 ], [ -1.2779155, 51.818688700000024 ] ] } },
{ "type": "Feature", "properties": { "id": 49898, "nach": 0.40065550800988142 }, "geometry": { "type": "LineString", "coordinates": [ [ -1.277618, 51.8181238 ], [ -1.2779586, 51.8183642 ], [ -1.2781251, 51.8184353 ], [ -1.2779428, 51.8186738 ], [ -1.2779155, 51.818688700000024 ] ] } },
{ "type": "Feature", "properties": { "id": 30124, "nach": 0.53683518055229174 }, "geometry": { "type": "LineString", "coordinates": [ [ -1.2820122, 51.8174267 ], [ -1.28206, 51.8175006 ], [ -1.2820452, 51.8175519 ], [ -1.2821124, 51.8178341 ], [ -1.2821686, 51.8180338 ], [ -1.2822658, 51.8184619 ], [ -1.2823154, 51.8186858 ], [ -1.2823711, 51.8188778 ] ] } },
{ "type": "Feature", "properties": { "id": 37685, "nach": 0.44173217458774794 }, "geometry": { "type": "LineString", "coordinates": [ [ -1.2831521, 51.822366 ], [ -1.283379, 51.8223004 ], [ -1.2834284, 51.8222697 ], [ -1.2834654, 51.8222468 ], [ -1.2834788, 51.822207 ], [ -1.2834976, 51.8221887 ], [ -1.2836535, 51.8221173 ] ] } },
{ "type": "Feature", "properties": { "id": 83817, "nach": 0.60990974925081021 }, "geometry": { "type": "LineString", "coordinates": [ [ -1.2833745, 51.8226694 ], [ -1.283322, 51.8226 ], [ -1.2831521, 51.822366 ] ] } },
{ "type": "Feature", "properties": { "id": 37681, "nach": 0.5393905750051512 }, "geometry": { "type": "LineString", "coordinates": [ [ -1.2859832, 51.8209614 ], [ -1.2859295, 51.8209368 ], [ -1.2858176, 51.8209581 ] ] } },
{ "type": "Feature", "properties": { "id": 37679, "nach": 0.54398322080232542 }, "geometry": { "type": "LineString", "coordinates": [ [ -1.2859832, 51.8209614 ], [ -1.2853949, 51.8212192 ] ] } },
{ "type": "Feature", "properties": { "id": 29421, "nach": 0.51259832661675886 }, "geometry": { "type": "LineString", "coordinates": [ [ -1.2853949, 51.8212192 ], [ -1.2853811, 51.8211886 ], [ -1.2853812, 51.8211453 ], [ -1.2853857, 51.821111 ], [ -1.2856161, 51.821055 ], [ -1.2858176, 51.8209581 ] ] } },
{ "type": "Feature", "properties": { "id": 4026, "nach": 0.53535261325140737 }, "geometry": { "type": "LineString", "coordinates": [ [ -1.2809465, 51.8221305 ], [ -1.2808848, 51.8217787 ] ] } },
{ "type": "Feature", "properties": { "id": 32379, "nach": 0.35791698095984459 }, "geometry": { "type": "LineString", "coordinates": [ [ -1.2792777, 51.8222544 ], [ -1.2798208, 51.8222148 ], [ -1.2798194, 51.8221949 ], [ -1.2804425, 51.82214840000001 ], [ -1.2804453, 51.8221717 ], [ -1.2809465, 51.8221305 ] ] } },
{ "type": "Feature", "properties": { "id": 32378, "nach": 0.3638301751912506 }, "geometry": { "type": "LineString", "coordinates": [ [ -1.2792777, 51.8222544 ], [ -1.2794612, 51.821908 ] ] } },
{ "type": "Feature", "properties": { "id": 32366, "nach": 0.48402386602761227 }, "geometry": { "type": "LineString", "coordinates": [ [ -1.2809964, 51.8217712 ], [ -1.2808848, 51.8217787 ] ] } },
{ "type": "Feature", "properties": { "id": 32372, "nach": 0.51747731621481441 }, "geometry": { "type": "LineString", "coordinates": [ [ -1.2795386, 51.8218718 ], [ -1.2808848, 51.8217787 ] ] } },
{ "type": "Feature", "properties": { "id": 32367, "nach": 0.41151465846381502 }, "geometry": { "type": "LineString", "coordinates": [ [ -1.2809964, 51.8217712 ], [ -1.2809432, 51.8214319 ] ] } },
{ "type": "Feature", "properties": { "id": 32365, "nach": 0.40721365993830255 }, "geometry": { "type": "LineString", "coordinates": [ [ -1.2809964, 51.8217712 ], [ -1.2813702, 51.8217463 ] ] } },
{ "type": "Feature", "properties": { "id": 32374, "nach": 0.51337725012754232 }, "geometry": { "type": "LineString", "coordinates": [ [ -1.2795386, 51.8218718 ], [ -1.279493, 51.821842 ] ] } },
{ "type": "Feature", "properties": { "id": 32375, "nach": 0.35743096645510619 }, "geometry": { "type": "LineString", "coordinates": [ [ -1.2794612, 51.821908 ], [ -1.2795386, 51.8218718 ] ] } },
{ "type": "Feature", "properties": { "id": 83918, "nach": 0.57547036830773435 }, "geometry": { "type": "LineString", "coordinates": [ [ -1.2892096, 51.827128300000012 ], [ -1.2891827, 51.8271224 ] ] } },
{ "type": "Feature", "properties": { "id": 83917, "nach": 0.5599150577376798 }, "geometry": { "type": "LineString", "coordinates": [ [ -1.2892096, 51.827128300000012 ], [ -1.289458, 51.8271963 ] ] } },
{ "type": "Feature", "properties": { "id": 83920, "nach": 0.42023907261516674 }, "geometry": { "type": "LineString", "coordinates": [ [ -1.2890451, 51.827339 ], [ -1.2890931, 51.827278600000014 ], [ -1.2892096, 51.827128300000012 ] ] } },
{ "type": "Feature", "properties": { "id": 32361, "nach": 0.40146404577925693 }, "geometry": { "type": "LineString", "coordinates": [ [ -1.2809432, 51.8214319 ], [ -1.2812805, 51.821412 ] ] } },
{ "type": "Feature", "properties": { "id": 32370, "nach": 0.39434725543272048 }, "geometry": { "type": "LineString", "coordinates": [ [ -1.279493, 51.821842 ], [ -1.2796615, 51.82150750000001 ], [ -1.2809432, 51.8214319 ] ] } },
{ "type": "Feature", "properties": { "id": 36512, "nach": 0.63731826484730592 }, "geometry": { "type": "LineString", "coordinates": [ [ -1.291126, 51.822509 ], [ -1.2910051, 51.822249500000012 ] ] } },
{ "type": "Feature", "properties": { "id": 36514, "nach": 0.55445293094383752 }, "geometry": { "type": "LineString", "coordinates": [ [ -1.291126, 51.822509 ], [ -1.2914887, 51.8224587 ], [ -1.2916433, 51.822517 ], [ -1.2917575, 51.8225139 ], [ -1.2917895, 51.8225409 ], [ -1.2919867, 51.822528300000016 ], [ -1.292072, 51.8225298 ], [ -1.2921357, 51.8225461 ] ] } },
{ "type": "Feature", "properties": { "id": 30150, "nach": 0.66123817682147201 }, "geometry": { "type": "LineString", "coordinates": [ [ -1.2921909, 51.8227978 ], [ -1.2920956, 51.82280440000001 ] ] } },
{ "type": "Feature", "properties": { "id": 5390, "nach": 0.45818001765313315 }, "geometry": { "type": "LineString", "coordinates": [ [ -1.2925091, 51.8235366 ], [ -1.2922065, 51.8230904 ], [ -1.2921351, 51.8229507 ], [ -1.2920956, 51.82280440000001 ] ] } },
{ "type": "Feature", "properties": { "id": 76845, "nach": 0.47314689903809137 }, "geometry": { "type": "LineString", "coordinates": [ [ -1.2913741, 51.82293210000001 ], [ -1.2912695, 51.8229495 ], [ -1.2912549, 51.822928 ] ] } },
{ "type": "Feature", "properties": { "id": 5381, "nach": 0.6184528870008823 }, "geometry": { "type": "LineString", "coordinates": [ [ -1.2908337, 51.8213796 ], [ -1.290834, 51.8214488 ] ] } },
{ "type": "Feature", "properties": { "id": 11953, "nach": 0.61827440404887346 }, "geometry": { "type": "LineString", "coordinates": [ [ -1.2910051, 51.822249500000012 ], [ -1.2909217, 51.8221012 ], [ -1.2908732, 51.8219472 ], [ -1.290851, 51.8217883 ], [ -1.290834, 51.8214488 ] ] } },
{ "type": "Feature", "properties": { "id": 5383, "nach": 0.45727141761108925 }, "geometry": { "type": "LineString", "coordinates": [ [ -1.2899429, 51.8218878 ], [ -1.2900491, 51.8218551 ], [ -1.2901486, 51.8216253 ], [ -1.2902072, 51.8215791 ], [ -1.2903038, 51.8215355 ], [ -1.2907219, 51.821453 ], [ -1.290834, 51.8214488 ] ] } },
{ "type": "Feature", "properties": { "id": 11945, "nach": 0.61681648932867972 }, "geometry": { "type": "LineString", "coordinates": [ [ -1.2908389, 51.82106240000001 ], [ -1.2908337, 51.8213796 ] ] } },
{ "type": "Feature", "properties": { "id": 57273, "nach": 0.60470494888028203 }, "geometry": { "type": "LineString", "coordinates": [ [ -1.2921687, 51.821734600000013 ], [ -1.292162, 51.8217543 ], [ -1.2920592, 51.8218781 ], [ -1.2919378, 51.8219786 ], [ -1.2918055, 51.8220384 ], [ -1.2915681, 51.8221035 ], [ -1.2910051, 51.822249500000012 ] ] } },
{ "type": "Feature", "properties": { "id": 46392, "nach": 0.61627868070476488 }, "geometry": { "type": "LineString", "coordinates": [ [ -1.2908839, 51.820826200000013 ], [ -1.2908685, 51.8208562 ], [ -1.2908389, 51.82106240000001 ] ] } },
{ "type": "Feature", "properties": { "id": 57279, "nach": 0.44971034502563112 }, "geometry": { "type": "LineString", "coordinates": [ [ -1.2923101, 51.8210818 ], [ -1.2923004, 51.820993800000011 ], [ -1.2922842, 51.8209718 ], [ -1.292237, 51.820949699999986 ], [ -1.2919127, 51.8209185 ], [ -1.2916545, 51.8208681 ], [ -1.2915629, 51.8208614 ], [ -1.2914778, 51.8208635 ], [ -1.2913786, 51.8208854 ], [ -1.2911678, 51.8209501 ], [ -1.2908389, 51.82106240000001 ] ] } },
{ "type": "Feature", "properties": { "id": 30152, "nach": 0.56362356472160846 }, "geometry": { "type": "LineString", "coordinates": [ [ -1.2921909, 51.8227978 ], [ -1.2921766, 51.8226619 ], [ -1.2921645, 51.8225802 ], [ -1.2921357, 51.8225461 ] ] } },
{ "type": "Feature", "properties": { "id": 30151, "nach": 0.67242631028446886 }, "geometry": { "type": "LineString", "coordinates": [ [ -1.2921909, 51.8227978 ], [ -1.2925694, 51.8227841 ] ] } },
{ "type": "Feature", "properties": { "id": 30144, "nach": 0.67219009903681004 }, "geometry": { "type": "LineString", "coordinates": [ [ -1.2925694, 51.8227841 ], [ -1.292607, 51.8227828 ] ] } },
{ "type": "Feature", "properties": { "id": 30142, "nach": 0.0 }, "geometry": { "type": "LineString", "coordinates": [ [ -1.2921357, 51.8225461 ], [ -1.2921949, 51.8225088 ], [ -1.2922263, 51.8224756 ], [ -1.2922321, 51.82245 ], [ -1.2922246, 51.8223509 ], [ -1.2924884, 51.8223417 ], [ -1.2926845, 51.8222894 ], [ -1.2929739, 51.8222602 ], [ -1.2930214, 51.8222655 ], [ -1.2930537, 51.8222886 ], [ -1.2931318, 51.8225144 ], [ -1.2931169, 51.8225422 ], [ -1.2930935, 51.822563 ], [ -1.2930521, 51.8225782 ], [ -1.2929896, 51.8225842 ], [ -1.2928496, 51.8225964 ], [ -1.2927553, 51.8226027 ], [ -1.2926977, 51.8226191 ], [ -1.292652, 51.8226525 ], [ -1.2926292, 51.82267920000001 ], [ -1.2926172, 51.8227067 ], [ -1.2926076, 51.8227465 ], [ -1.292607, 51.8227828 ] ] } },
{ "type": "Feature", "properties": { "id": 30147, "nach": 0.6720420148255527 }, "geometry": { "type": "LineString", "coordinates": [ [ -1.2933536, 51.8227906 ], [ -1.2932178, 51.8227809 ], [ -1.2930064, 51.82277650000001 ], [ -1.2927942, 51.8227801 ], [ -1.2926604, 51.822782400000015 ], [ -1.292607, 51.8227828 ] ] } },
{ "type": "Feature", "properties": { "id": 30154, "nach": 0.4554761721508005 }, "geometry": { "type": "LineString", "coordinates": [ [ -1.2931436, 51.8234801 ], [ -1.2930487, 51.8232662 ], [ -1.2929983, 51.8232447 ], [ -1.2928973, 51.8232172 ], [ -1.2928253, 51.823198700000013 ], [ -1.2927892, 51.8231779 ], [ -1.2927484, 51.8231229 ], [ -1.2926775, 51.8230071 ], [ -1.2925694, 51.8227841 ] ] } },
{ "type": "Feature", "properties": { "id": 30153, "nach": 0.45836490409674574 }, "geometry": { "type": "LineString", "coordinates": [ [ -1.2933707, 51.8231422 ], [ -1.2933575, 51.8230494 ], [ -1.2933767, 51.8229974 ], [ -1.2933935, 51.82296920000001 ], [ -1.2933983, 51.8229507 ], [ -1.2933983, 51.8229306 ], [ -1.2933875, 51.8228927 ], [ -1.2933707, 51.822844499999988 ], [ -1.2933536, 51.8227906 ] ] } },
{ "type": "Feature", "properties": { "id": 5401, "nach": 0.52448296561758012 }, "geometry": { "type": "LineString", "coordinates": [ [ -1.2945401, 51.8237746 ], [ -1.294478, 51.8237262 ], [ -1.2943999, 51.8236749 ], [ -1.2942752, 51.8235916 ] ] } },
{ "type": "Feature", "properties": { "id": 5408, "nach": 0.45359729396578302 }, "geometry": { "type": "LineString", "coordinates": [ [ -1.2936997, 51.8237252 ], [ -1.293899, 51.823689 ], [ -1.2940972, 51.82364230000001 ], [ -1.2942752, 51.8235916 ] ] } },
{ "type": "Feature", "properties": { "id": 5404, "nach": 0.52164988047100003 }, "geometry": { "type": "LineString", "coordinates": [ [ -1.2944802, 51.82413 ], [ -1.2945762, 51.8240536 ], [ -1.294612, 51.8240044 ], [ -1.2946228, 51.8239479 ], [ -1.2946137, 51.8238962 ], [ -1.2945848, 51.823835300000013 ], [ -1.2945401, 51.8237746 ] ] } },
{ "type": "Feature", "properties": { "id": 9456, "nach": 0.5029348824007529 }, "geometry": { "type": "LineString", "coordinates": [ [ -1.2951814, 51.8234914 ], [ -1.294922, 51.8235625 ], [ -1.2947547, 51.82362530000001 ], [ -1.2946663, 51.8236746 ], [ -1.2945401, 51.8237746 ] ] } },
{ "type": "Feature", "properties": { "id": 5406, "nach": 0.4417642390694857 }, "geometry": { "type": "LineString", "coordinates": [ [ -1.2939069, 51.82457620000001 ], [ -1.293839, 51.8245273 ], [ -1.2938067, 51.8244727 ], [ -1.2937978, 51.8244059 ], [ -1.2937999, 51.8243635 ], [ -1.2938203, 51.8243257 ], [ -1.2938625, 51.8242967 ], [ -1.2939813, 51.8242546 ], [ -1.2940853, 51.8242207 ], [ -1.2942076, 51.82418710000001 ], [ -1.294352, 51.8241629 ], [ -1.2944802, 51.82413 ] ] } },
{ "type": "Feature", "properties": { "id": 5407, "nach": 0.44811095369329185 }, "geometry": { "type": "LineString", "coordinates": [ [ -1.294767, 51.8244299 ], [ -1.294736, 51.82437190000001 ], [ -1.2946833, 51.82430260000001 ], [ -1.2946001, 51.824228 ], [ -1.2944802, 51.82413 ] ] } },
{ "type": "Feature", "properties": { "id": 9457, "nach": 0.0 }, "geometry": { "type": "LineString", "coordinates": [ [ -1.2951814, 51.8234914 ], [ -1.2953125, 51.8236736 ], [ -1.2953815, 51.823769899999988 ], [ -1.2954204, 51.8238141 ], [ -1.2954432, 51.8238253 ], [ -1.2954963, 51.8238233 ], [ -1.2955704, 51.823807899999984 ], [ -1.2957934, 51.8237573 ] ] } },
{ "type": "Feature", "properties": { "id": 51187, "nach": 0.45180039842799358 }, "geometry": { "type": "LineString", "coordinates": [ [ -1.296285, 51.8236529 ], [ -1.296105, 51.8233786 ] ] } },
{ "type": "Feature", "properties": { "id": 5417, "nach": 0.54631273786579504 }, "geometry": { "type": "LineString", "coordinates": [ [ -1.2964103, 51.8233098 ], [ -1.2963143, 51.8233481 ], [ -1.296226, 51.8233659 ], [ -1.296105, 51.8233786 ] ] } },
{ "type": "Feature", "properties": { "id": 9452, "nach": 0.64163022446241835 }, "geometry": { "type": "LineString", "coordinates": [ [ -1.2957934, 51.8237573 ], [ -1.2958813, 51.8238026 ] ] } },
{ "type": "Feature", "properties": { "id": 9379, "nach": 0.42915410167909751 }, "geometry": { "type": "LineString", "coordinates": [ [ -1.2970851, 51.8230674 ], [ -1.2969418, 51.8231022 ], [ -1.2966009, 51.823184900000015 ], [ -1.29653, 51.823262399999976 ], [ -1.2964103, 51.8233098 ] ] } },
{ "type": "Feature", "properties": { "id": 9373, "nach": 0.53730615796278314 }, "geometry": { "type": "LineString", "coordinates": [ [ -1.2962721, 51.8228522 ], [ -1.2961879, 51.822969 ], [ -1.2963766, 51.8232633 ], [ -1.2964103, 51.8233098 ] ] } },
{ "type": "Feature", "properties": { "id": 9378, "nach": 0.65087814970264601 }, "geometry": { "type": "LineString", "coordinates": [ [ -1.2970851, 51.8230674 ], [ -1.2969832, 51.822936700000014 ], [ -1.2968678, 51.8228386 ], [ -1.296836, 51.822816 ], [ -1.2968042, 51.8227934 ], [ -1.2967031, 51.8227559 ], [ -1.2966286, 51.8227296 ], [ -1.2964838, 51.8227099 ], [ -1.296319, 51.8226878 ], [ -1.2962114, 51.8226738 ] ] } },
{ "type": "Feature", "properties": { "id": 9372, "nach": 0.56338938696222496 }, "geometry": { "type": "LineString", "coordinates": [ [ -1.2962721, 51.8228522 ], [ -1.296148, 51.8228491 ] ] } },
{ "type": "Feature", "properties": { "id": 84165, "nach": 0.45441557257759824 }, "geometry": { "type": "LineString", "coordinates": [ [ -1.2965852, 51.8227668 ], [ -1.2962721, 51.8228522 ] ] } },
{ "type": "Feature", "properties": { "id": 9429, "nach": 0.58977040931200375 }, "geometry": { "type": "LineString", "coordinates": [ [ -1.296383, 51.8240856 ], [ -1.2963847, 51.8240479 ], [ -1.2963357, 51.824017 ] ] } },
{ "type": "Feature", "properties": { "id": 9450, "nach": 0.61211635384990826 }, "geometry": { "type": "LineString", "coordinates": [ [ -1.2958813, 51.8238026 ], [ -1.2959338, 51.8238381 ], [ -1.2960835, 51.8239116 ], [ -1.2963357, 51.824017 ] ] } },
{ "type": "Feature", "properties": { "id": 84164, "nach": 0.57523112192879922 }, "geometry": { "type": "LineString", "coordinates": [ [ -1.2967529, 51.8238735 ], [ -1.296479, 51.8239513 ], [ -1.2963357, 51.824017 ] ] } },
{ "type": "Feature", "properties": { "id": 9432, "nach": 0.57337807389080608 }, "geometry": { "type": "LineString", "coordinates": [ [ -1.2966906, 51.8244815 ], [ -1.2965167, 51.8241778 ], [ -1.296383, 51.8240856 ] ] } },
{ "type": "Feature", "properties": { "id": 9446, "nach": 0.48428891145528252 }, "geometry": { "type": "LineString", "coordinates": [ [ -1.2959329, 51.8241924 ], [ -1.296039, 51.8241631 ], [ -1.2961468, 51.8241519 ], [ -1.2961732, 51.8241326 ], [ -1.2962369, 51.8241289 ], [ -1.2963186, 51.8241133 ], [ -1.296383, 51.8240856 ] ] } },
{ "type": "Feature", "properties": { "id": 9451, "nach": 0.56659748546174238 }, "geometry": { "type": "LineString", "coordinates": [ [ -1.2958813, 51.8238026 ], [ -1.2957948, 51.8239277 ], [ -1.2958032, 51.8239789 ], [ -1.2958592, 51.8240689 ], [ -1.2959329, 51.8241924 ] ] } },
{ "type": "Feature", "properties": { "id": 84162, "nach": 0.57475076109787693 }, "geometry": { "type": "LineString", "coordinates": [ [ -1.2967529, 51.8238735 ], [ -1.2967769, 51.8239038 ] ] } },
{ "type": "Feature", "properties": { "id": 84163, "nach": 0.44420575494051828 }, "geometry": { "type": "LineString", "coordinates": [ [ -1.2967529, 51.8238735 ], [ -1.2967402, 51.8238574 ], [ -1.2965944, 51.8236589 ] ] } },
{ "type": "Feature", "properties": { "id": 9374, "nach": 0.66282791070829572 }, "geometry": { "type": "LineString", "coordinates": [ [ -1.2962114, 51.8226738 ], [ -1.2960855, 51.8226607 ] ] } },
{ "type": "Feature", "properties": { "id": 5425, "nach": 0.66048358198753432 }, "geometry": { "type": "LineString", "coordinates": [ [ -1.296252, 51.8221588 ], [ -1.2960855, 51.8226607 ] ] } },
{ "type": "Feature", "properties": { "id": 39592, "nach": 0.58903782276503791 }, "geometry": { "type": "LineString", "coordinates": [ [ -1.2949064, 51.822606599999986 ], [ -1.295406, 51.8226061 ], [ -1.2956293, 51.822614 ], [ -1.2958519, 51.8226329 ], [ -1.2960855, 51.8226607 ] ] } },
{ "type": "Feature", "properties": { "id": 9375, "nach": 0.55456133303687116 }, "geometry": { "type": "LineString", "coordinates": [ [ -1.2962114, 51.8226738 ], [ -1.296148, 51.8228491 ] ] } },
{ "type": "Feature", "properties": { "id": 5490, "nach": 0.65331149725623294 }, "geometry": { "type": "LineString", "coordinates": [ [ -1.2963242, 51.8219402 ], [ -1.296252, 51.8221588 ] ] } },
{ "type": "Feature", "properties": { "id": 5441, "nach": 0.57990829589580528 }, "geometry": { "type": "LineString", "coordinates": [ [ -1.2971655, 51.822146600000011 ], [ -1.2968257, 51.8221995 ], [ -1.2967057, 51.8222078 ], [ -1.296252, 51.8221588 ] ] } },
{ "type": "Feature", "properties": { "id": 39591, "nach": 0.60453356151762683 }, "geometry": { "type": "LineString", "coordinates": [ [ -1.2949064, 51.822606599999986 ], [ -1.2948119, 51.822609 ], [ -1.2947091, 51.8226135 ] ] } },
{ "type": "Feature", "properties": { "id": 39590, "nach": 0.47925083441943073 }, "geometry": { "type": "LineString", "coordinates": [ [ -1.2949064, 51.822606599999986 ], [ -1.2949158, 51.8226522 ], [ -1.2949393, 51.822673 ], [ -1.2949815, 51.8226965 ], [ -1.2950359, 51.8227118 ], [ -1.2953306, 51.82277040000001 ], [ -1.2956394, 51.8228189 ], [ -1.2960238, 51.8228431 ], [ -1.296148, 51.8228491 ] ] } },
{ "type": "Feature", "properties": { "id": 5492, "nach": 0.5006897956139883 }, "geometry": { "type": "LineString", "coordinates": [ [ -1.2963242, 51.8219402 ], [ -1.2959471, 51.82190090000001 ], [ -1.29574, 51.821936400000013 ], [ -1.2957178, 51.822019 ] ] } },
{ "type": "Feature", "properties": { "id": 12203, "nach": 0.65107663966246265 }, "geometry": { "type": "LineString", "coordinates": [ [ -1.296413, 51.8216841 ], [ -1.2963242, 51.8219402 ] ] } },
{ "type": "Feature", "properties": { "id": 12212, "nach": 0.47788226045181659 }, "geometry": { "type": "LineString", "coordinates": [ [ -1.2977629, 51.8220285 ], [ -1.2971655, 51.822146600000011 ] ] } },
{ "type": "Feature", "properties": { "id": 5448, "nach": 0.56563875473585667 }, "geometry": { "type": "LineString", "coordinates": [ [ -1.2973845, 51.8225348 ], [ -1.2972797, 51.8223468 ], [ -1.2971655, 51.822146600000011 ] ] } },
{ "type": "Feature", "properties": { "id": 5428, "nach": 0.64120917781419706 }, "geometry": { "type": "LineString", "coordinates": [ [ -1.2963423, 51.8213517 ], [ -1.2962981, 51.8213516 ], [ -1.296249, 51.8213371 ], [ -1.2962119, 51.8213025 ] ] } },
{ "type": "Feature", "properties": { "id": 12204, "nach": 0.64044895113895972 }, "geometry": { "type": "LineString", "coordinates": [ [ -1.296413, 51.8216841 ], [ -1.2964225, 51.8215947 ], [ -1.2964116, 51.8215343 ], [ -1.2963947, 51.821471600000017 ], [ -1.2963423, 51.8213517 ] ] } },
{ "type": "Feature", "properties": { "id": 5435, "nach": 0.53747954490364835 }, "geometry": { "type": "LineString", "coordinates": [ [ -1.2964332, 51.8212723 ], [ -1.2964277, 51.8213067 ], [ -1.2963985, 51.821334 ], [ -1.2963423, 51.8213517 ] ] } },
{ "type": "Feature", "properties": { "id": 5430, "nach": 0.61550754311559508 }, "geometry": { "type": "LineString", "coordinates": [ [ -1.2962119, 51.8213025 ], [ -1.2962101, 51.8212675 ], [ -1.2962446, 51.8212308 ], [ -1.29629, 51.8212153 ] ] } },
{ "type": "Feature", "properties": { "id": 5464, "nach": 0.58156534151970862 }, "geometry": { "type": "LineString", "coordinates": [ [ -1.2951561, 51.8212794 ], [ -1.2954181, 51.8213051 ], [ -1.2957419, 51.8213364 ], [ -1.2958955, 51.821338100000013 ], [ -1.2960746, 51.8213234 ], [ -1.2962119, 51.8213025 ] ] } },
{ "type": "Feature", "properties": { "id": 32599, "nach": 0.52872762133320383 }, "geometry": { "type": "LineString", "coordinates": [ [ -1.2970376, 51.8215877 ], [ -1.296413, 51.8216841 ] ] } },
{ "type": "Feature", "properties": { "id": 5436, "nach": 0.6312287257880681 }, "geometry": { "type": "LineString", "coordinates": [ [ -1.2959748, 51.820439 ], [ -1.29629, 51.8212153 ] ] } },
{ "type": "Feature", "properties": { "id": 5433, "nach": 0.5288122478765217 }, "geometry": { "type": "LineString", "coordinates": [ [ -1.29629, 51.8212153 ], [ -1.2963705, 51.8212196 ], [ -1.2964092, 51.8212386 ], [ -1.2964332, 51.8212723 ] ] } },
{ "type": "Feature", "properties": { "id": 5466, "nach": 0.59453342428852496 }, "geometry": { "type": "LineString", "coordinates": [ [ -1.2944917, 51.8212154 ], [ -1.2951561, 51.8212794 ] ] } },
{ "type": "Feature", "properties": { "id": 5476, "nach": 0.55603586132065874 }, "geometry": { "type": "LineString", "coordinates": [ [ -1.2950628, 51.8216382 ], [ -1.2951561, 51.8212794 ] ] } },
{ "type": "Feature", "properties": { "id": 5437, "nach": 0.62115495182329916 }, "geometry": { "type": "LineString", "coordinates": [ [ -1.2959748, 51.820439 ], [ -1.2959239, 51.8204398 ], [ -1.2958674, 51.8204224 ], [ -1.2958327, 51.8203881 ] ] } },
{ "type": "Feature", "properties": { "id": 9352, "nach": 0.50721801041410564 }, "geometry": { "type": "LineString", "coordinates": [ [ -1.2960588, 51.8203451 ], [ -1.2960615, 51.8203852 ], [ -1.29603, 51.8204199 ], [ -1.2959748, 51.820439 ] ] } },
{ "type": "Feature", "properties": { "id": 5456, "nach": 0.5715596901934028 }, "geometry": { "type": "LineString", "coordinates": [ [ -1.2968812, 51.8211987 ], [ -1.2964332, 51.8212723 ] ] } },
{ "type": "Feature", "properties": { "id": 32597, "nach": 0.56030244809920404 }, "geometry": { "type": "LineString", "coordinates": [ [ -1.2968901, 51.8212207 ], [ -1.2968812, 51.8211987 ] ] } },
{ "type": "Feature", "properties": { "id": 12485, "nach": 0.46081583514414026 }, "geometry": { "type": "LineString", "coordinates": [ [ -1.29752, 51.8206896 ], [ -1.2967548, 51.8208841 ], [ -1.2968812, 51.8211987 ] ] } },
{ "type": "Feature", "properties": { "id": 5515, "nach": 0.59407701354881914 }, "geometry": { "type": "LineString", "coordinates": [ [ -1.2956706, 51.82045260000001 ], [ -1.2957716, 51.820408099999987 ], [ -1.2958327, 51.8203881 ] ] } },
{ "type": "Feature", "properties": { "id": 5439, "nach": 0.62757397507909451 }, "geometry": { "type": "LineString", "coordinates": [ [ -1.2958327, 51.8203881 ], [ -1.295834, 51.8203454 ], [ -1.2958614, 51.820317200000012 ], [ -1.2959011, 51.8203005 ] ] } },
{ "type": "Feature", "properties": { "id": 5514, "nach": 0.54575451796257579 }, "geometry": { "type": "LineString", "coordinates": [ [ -1.2956706, 51.82045260000001 ], [ -1.2955938, 51.8204919 ], [ -1.2955481, 51.820537800000018 ], [ -1.2955277, 51.8206552 ], [ -1.2955067, 51.8207257 ] ] } },
{ "type": "Feature", "properties": { "id": 5513, "nach": 0.54679718375343989 }, "geometry": { "type": "LineString", "coordinates": [ [ -1.2956706, 51.82045260000001 ], [ -1.2952008, 51.82028360000001 ] ] } },
{ "type": "Feature", "properties": { "id": 33479, "nach": 0.61210493506572705 }, "geometry": { "type": "LineString", "coordinates": [ [ -1.2958501, 51.8202201 ], [ -1.2959011, 51.8203005 ] ] } },
{ "type": "Feature", "properties": { "id": 5503, "nach": 0.52514416061527669 }, "geometry": { "type": "LineString", "coordinates": [ [ -1.2959011, 51.8203005 ], [ -1.2959496, 51.8202949 ], [ -1.295985, 51.8202989 ], [ -1.2960273, 51.8203147 ], [ -1.2960588, 51.8203451 ] ] } },
{ "type": "Feature", "properties": { "id": 12211, "nach": 0.45067849102285168 }, "geometry": { "type": "LineString", "coordinates": [ [ -1.2977629, 51.8220285 ], [ -1.2979992, 51.8219817 ] ] } },
{ "type": "Feature", "properties": { "id": 12213, "nach": 0.47723219108788473 }, "geometry": { "type": "LineString", "coordinates": [ [ -1.2977629, 51.8220285 ], [ -1.2976717, 51.8218286 ], [ -1.2977297, 51.8217016 ], [ -1.2976029, 51.8214312 ] ] } },
{ "type": "Feature", "properties": { "id": 32606, "nach": 0.50556023529248839 }, "geometry": { "type": "LineString", "coordinates": [ [ -1.2969728, 51.8226238 ], [ -1.2973845, 51.8225348 ] ] } },
{ "type": "Feature", "properties": { "id": 5451, "nach": 0.51094877458712451 }, "geometry": { "type": "LineString", "coordinates": [ [ -1.2974865, 51.8227574 ], [ -1.2974526, 51.8226691 ], [ -1.2973845, 51.8225348 ] ] } },
{ "type": "Feature", "properties": { "id": 5453, "nach": 0.40195824647834627 }, "geometry": { "type": "LineString", "coordinates": [ [ -1.298158, 51.8226403 ], [ -1.2981849, 51.8225171 ], [ -1.2981995, 51.8224173 ], [ -1.2981352, 51.8222766 ], [ -1.2981108, 51.8222083 ], [ -1.2979992, 51.8219817 ] ] } },
{ "type": "Feature", "properties": { "id": 12209, "nach": 0.36908800264786051 }, "geometry": { "type": "LineString", "coordinates": [ [ -1.2979147, 51.8213629 ], [ -1.2981128, 51.8215036 ], [ -1.2982799, 51.8215837 ], [ -1.2982599, 51.8216217 ], [ -1.2983469, 51.821913 ], [ -1.2979992, 51.8219817 ] ] } },
{ "type": "Feature", "properties": { "id": 5454, "nach": 0.44389834320320865 }, "geometry": { "type": "LineString", "coordinates": [ [ -1.298158, 51.8226403 ], [ -1.2977846, 51.822717 ], [ -1.2974865, 51.8227574 ] ] } },
{ "type": "Feature", "properties": { "id": 30146, "nach": 0.42266286661634106 }, "geometry": { "type": "LineString", "coordinates": [ [ -1.2985669, 51.8227939 ], [ -1.298538, 51.822691 ], [ -1.2985244, 51.8226416 ], [ -1.2985091, 51.8226122 ], [ -1.2984887, 51.822595400000012 ], [ -1.2984276, 51.8225912 ], [ -1.2983384, 51.8226054 ], [ -1.298158, 51.8226403 ] ] } },
{ "type": "Feature", "properties": { "id": 12210, "nach": 0.45345851480359411 }, "geometry": { "type": "LineString", "coordinates": [ [ -1.2979147, 51.8213629 ], [ -1.2977631, 51.8214014 ], [ -1.2976029, 51.8214312 ] ] } },
{ "type": "Feature", "properties": { "id": 34378, "nach": 0.47195314993633364 }, "geometry": { "type": "LineString", "coordinates": [ [ -1.2977492, 51.8210675 ], [ -1.297792, 51.8211356 ], [ -1.2979147, 51.8213629 ] ] } },
{ "type": "Feature", "properties": { "id": 32605, "nach": 0.43197235907940501 }, "geometry": { "type": "LineString", "coordinates": [ [ -1.2969728, 51.8226238 ], [ -1.2968603, 51.8226481 ] ] } },
{ "type": "Feature", "properties": { "id": 32609, "nach": 0.42838880430460585 }, "geometry": { "type": "LineString", "coordinates": [ [ -1.2971847, 51.8229008 ], [ -1.2969728, 51.8226238 ] ] } },
{ "type": "Feature", "properties": { "id": 32608, "nach": 0.43275806116870008 }, "geometry": { "type": "LineString", "coordinates": [ [ -1.2974859, 51.822845 ], [ -1.2974865, 51.8227574 ] ] } },
{ "type": "Feature", "properties": { "id": 32596, "nach": 0.47351383822736676 }, "geometry": { "type": "LineString", "coordinates": [ [ -1.2968901, 51.8212207 ], [ -1.2970167, 51.821535599999983 ] ] } },
{ "type": "Feature", "properties": { "id": 32598, "nach": 0.52106136693451477 }, "geometry": { "type": "LineString", "coordinates": [ [ -1.2968901, 51.8212207 ], [ -1.2973024, 51.8211569 ] ] } },
{ "type": "Feature", "properties": { "id": 12484, "nach": 0.51744459974946611 }, "geometry": { "type": "LineString", "coordinates": [ [ -1.29752, 51.8206896 ], [ -1.2974305, 51.8205652 ], [ -1.2972194, 51.8203174 ], [ -1.297084, 51.8201819 ] ] } },
{ "type": "Feature", "properties": { "id": 34379, "nach": 0.48257914687368142 }, "geometry": { "type": "LineString", "coordinates": [ [ -1.2977492, 51.8210675 ], [ -1.2976596, 51.8209156 ], [ -1.29752, 51.8206896 ] ] } },
{ "type": "Feature", "properties": { "id": 32601, "nach": 0.51770557196814515 }, "geometry": { "type": "LineString", "coordinates": [ [ -1.2970376, 51.8215877 ], [ -1.2970167, 51.821535599999983 ] ] } },
{ "type": "Feature", "properties": { "id": 12216, "nach": 0.46946499605347614 }, "geometry": { "type": "LineString", "coordinates": [ [ -1.2974168, 51.8214661 ], [ -1.297347, 51.8214803 ], [ -1.2970167, 51.821535599999983 ] ] } },
{ "type": "Feature", "properties": { "id": 32603, "nach": 0.44448396760829018 }, "geometry": { "type": "LineString", "coordinates": [ [ -1.2970478, 51.821613199999987 ], [ -1.2970376, 51.8215877 ] ] } },
{ "type": "Feature", "properties": { "id": 32604, "nach": 0.44007177045972373 }, "geometry": { "type": "LineString", "coordinates": [ [ -1.2969833, 51.8218622 ], [ -1.2969194, 51.8216978 ], [ -1.296927, 51.8216734 ], [ -1.2970376, 51.8215877 ] ] } },
{ "type": "Feature", "properties": { "id": 12214, "nach": 0.49806594837987039 }, "geometry": { "type": "LineString", "coordinates": [ [ -1.2974168, 51.8214661 ], [ -1.2976029, 51.8214312 ] ] } },
{ "type": "Feature", "properties": { "id": 12217, "nach": 0.48005638184316052 }, "geometry": { "type": "LineString", "coordinates": [ [ -1.2973024, 51.8211569 ], [ -1.2974168, 51.8214661 ] ] } },
{ "type": "Feature", "properties": { "id": 5469, "nach": 0.60422165380717563 }, "geometry": { "type": "LineString", "coordinates": [ [ -1.2942005, 51.8211977 ], [ -1.2944917, 51.8212154 ] ] } },
{ "type": "Feature", "properties": { "id": 11963, "nach": 0.62554943091046056 }, "geometry": { "type": "LineString", "coordinates": [ [ -1.2943769, 51.821567 ], [ -1.2944917, 51.8212154 ] ] } },
{ "type": "Feature", "properties": { "id": 5523, "nach": 0.63586557128668808 }, "geometry": { "type": "LineString", "coordinates": [ [ -1.2946326, 51.8207266 ], [ -1.2944917, 51.8212154 ] ] } },
{ "type": "Feature", "properties": { "id": 5479, "nach": 0.55900764763018806 }, "geometry": { "type": "LineString", "coordinates": [ [ -1.2949824, 51.8219428 ], [ -1.2950628, 51.8216382 ] ] } },
{ "type": "Feature", "properties": { "id": 11964, "nach": 0.26661265604206069 }, "geometry": { "type": "LineString", "coordinates": [ [ -1.2943769, 51.821567 ], [ -1.2950628, 51.8216382 ] ] } },
{ "type": "Feature", "properties": { "id": 5473, "nach": 0.55629384448769137 }, "geometry": { "type": "LineString", "coordinates": [ [ -1.2939574, 51.8211213 ], [ -1.2940275, 51.8211528 ], [ -1.2942005, 51.8211977 ] ] } },
{ "type": "Feature", "properties": { "id": 32031, "nach": 0.56296206254808245 }, "geometry": { "type": "LineString", "coordinates": [ [ -1.2940082, 51.8214053 ], [ -1.2940659, 51.8213757 ], [ -1.2941451, 51.821287 ], [ -1.2942005, 51.8211977 ] ] } },
{ "type": "Feature", "properties": { "id": 11965, "nach": 0.62613154195495746 }, "geometry": { "type": "LineString", "coordinates": [ [ -1.2942522, 51.8219041 ], [ -1.2943769, 51.821567 ] ] } },
{ "type": "Feature", "properties": { "id": 5525, "nach": 0.54365983648612071 }, "geometry": { "type": "LineString", "coordinates": [ [ -1.2946326, 51.8207266 ], [ -1.2951759, 51.8207737 ] ] } },
{ "type": "Feature", "properties": { "id": 5524, "nach": 0.61530437791476988 }, "geometry": { "type": "LineString", "coordinates": [ [ -1.2946326, 51.8207266 ], [ -1.2946969, 51.8205069 ] ] } },
{ "type": "Feature", "properties": { "id": 5534, "nach": 0.53026305933653284 }, "geometry": { "type": "LineString", "coordinates": [ [ -1.2936089, 51.821108299999977 ], [ -1.2936776, 51.82110740000001 ], [ -1.2937837, 51.8210987 ], [ -1.2938864, 51.8211095 ], [ -1.2939574, 51.8211213 ] ] } },
{ "type": "Feature", "properties": { "id": 5527, "nach": 0.51484958751825616 }, "geometry": { "type": "LineString", "coordinates": [ [ -1.2940144, 51.8209533 ], [ -1.2939782, 51.8209895 ], [ -1.2939686, 51.8210335 ], [ -1.2939574, 51.8211213 ] ] } },
{ "type": "Feature", "properties": { "id": 32030, "nach": 0.55198228596970611 }, "geometry": { "type": "LineString", "coordinates": [ [ -1.2940082, 51.8214053 ], [ -1.2939468, 51.821413100000015 ], [ -1.2936912, 51.8214018 ], [ -1.29352, 51.8213902 ], [ -1.2934127, 51.8213839 ], [ -1.2934011, 51.8214767 ], [ -1.2932607, 51.8214736 ], [ -1.2930397, 51.8214667 ] ] } },
{ "type": "Feature", "properties": { "id": 32033, "nach": 0.45260404711769386 }, "geometry": { "type": "LineString", "coordinates": [ [ -1.2939719, 51.821616400000011 ], [ -1.2939769, 51.821605100000014 ], [ -1.2940181, 51.8215348 ], [ -1.2940231, 51.8214889 ], [ -1.2940231, 51.82144 ], [ -1.2940082, 51.8214053 ] ] } },
{ "type": "Feature", "properties": { "id": 11959, "nach": 0.074515904493329982 }, "geometry": { "type": "LineString", "coordinates": [ [ -1.2936611, 51.8208878 ], [ -1.2936089, 51.821108299999977 ] ] } },
{ "type": "Feature", "properties": { "id": 5536, "nach": 0.53181533333918574 }, "geometry": { "type": "LineString", "coordinates": [ [ -1.2932107, 51.8210065 ], [ -1.2934292, 51.8210892 ], [ -1.2935294, 51.8211064 ], [ -1.2936089, 51.821108299999977 ] ] } },
{ "type": "Feature", "properties": { "id": 5530, "nach": 0.49763171850781124 }, "geometry": { "type": "LineString", "coordinates": [ [ -1.294229, 51.8205693 ], [ -1.2941582, 51.8207572 ], [ -1.2941254, 51.8208355 ], [ -1.294092, 51.820886 ], [ -1.2940144, 51.8209533 ] ] } },
{ "type": "Feature", "properties": { "id": 11961, "nach": 0.40444881332768151 }, "geometry": { "type": "LineString", "coordinates": [ [ -1.2936611, 51.8208878 ], [ -1.2939454, 51.8209184 ], [ -1.2939402, 51.8209458 ], [ -1.2940144, 51.8209533 ] ] } },
{ "type": "Feature", "properties": { "id": 84170, "nach": 0.57469885639874607 }, "geometry": { "type": "LineString", "coordinates": [ [ -1.2949731, 51.8219754 ], [ -1.2949824, 51.8219428 ] ] } },
{ "type": "Feature", "properties": { "id": 39582, "nach": 0.52177334703316991 }, "geometry": { "type": "LineString", "coordinates": [ [ -1.2955346, 51.8220054 ], [ -1.2949824, 51.8219428 ] ] } },
{ "type": "Feature", "properties": { "id": 84169, "nach": 0.57640695809404063 }, "geometry": { "type": "LineString", "coordinates": [ [ -1.2949731, 51.8219754 ], [ -1.2948842, 51.8222854 ] ] } },
{ "type": "Feature", "properties": { "id": 84171, "nach": 0.2812126615630603 }, "geometry": { "type": "LineString", "coordinates": [ [ -1.2949731, 51.8219754 ], [ -1.2942522, 51.8219041 ] ] } },
{ "type": "Feature", "properties": { "id": 39581, "nach": 0.50660905259665578 }, "geometry": { "type": "LineString", "coordinates": [ [ -1.2955346, 51.8220054 ], [ -1.2957178, 51.822019 ] ] } },
{ "type": "Feature", "properties": { "id": 39583, "nach": 0.44900200228176435 }, "geometry": { "type": "LineString", "coordinates": [ [ -1.2955346, 51.8220054 ], [ -1.2956207, 51.821645 ] ] } },
{ "type": "Feature", "properties": { "id": 5484, "nach": 0.58440692248552828 }, "geometry": { "type": "LineString", "coordinates": [ [ -1.2947091, 51.8226135 ], [ -1.2947809, 51.82230220000001 ], [ -1.2948842, 51.8222854 ] ] } },
{ "type": "Feature", "properties": { "id": 39587, "nach": 0.52863908454392461 }, "geometry": { "type": "LineString", "coordinates": [ [ -1.2951243, 51.822356100000015 ], [ -1.2950135, 51.8223455 ], [ -1.2948842, 51.8222854 ] ] } },
{ "type": "Feature", "properties": { "id": 39589, "nach": 0.45372506983857297 }, "geometry": { "type": "LineString", "coordinates": [ [ -1.2950946, 51.8225012 ], [ -1.2951243, 51.822356100000015 ] ] } },
{ "type": "Feature", "properties": { "id": 39588, "nach": 0.45372506983857297 }, "geometry": { "type": "LineString", "coordinates": [ [ -1.2953381, 51.8223766 ], [ -1.2951243, 51.822356100000015 ] ] } },
{ "type": "Feature", "properties": { "id": 39584, "nach": 0.45136892139565488 }, "geometry": { "type": "LineString", "coordinates": [ [ -1.295681, 51.8221559 ], [ -1.2957178, 51.822019 ] ] } },
{ "type": "Feature", "properties": { "id": 5499, "nach": 0.54521326290213556 }, "geometry": { "type": "LineString", "coordinates": [ [ -1.2951759, 51.8207737 ], [ -1.2953645, 51.8207661 ], [ -1.2954515, 51.8207496 ], [ -1.2955067, 51.8207257 ] ] } },
{ "type": "Feature", "properties": { "id": 5496, "nach": 0.44104929715701796 }, "geometry": { "type": "LineString", "coordinates": [ [ -1.295981, 51.820919 ], [ -1.295721, 51.8209897 ], [ -1.2956782, 51.8209718 ], [ -1.2955996, 51.8208274 ], [ -1.2955067, 51.8207257 ] ] } },
{ "type": "Feature", "properties": { "id": 5501, "nach": 0.44514860869575545 }, "geometry": { "type": "LineString", "coordinates": [ [ -1.2951222, 51.8209847 ], [ -1.2951759, 51.8207737 ] ] } },
{ "type": "Feature", "properties": { "id": 5518, "nach": 0.45286958013882989 }, "geometry": { "type": "LineString", "coordinates": [ [ -1.295086, 51.8205384 ], [ -1.2952216, 51.8205787 ], [ -1.2951759, 51.8207737 ] ] } },
{ "type": "Feature", "properties": { "id": 5516, "nach": 0.54096924235527422 }, "geometry": { "type": "LineString", "coordinates": [ [ -1.295086, 51.8205384 ], [ -1.2952008, 51.82028360000001 ] ] } },
{ "type": "Feature", "properties": { "id": 11937, "nach": 0.54755049442042858 }, "geometry": { "type": "LineString", "coordinates": [ [ -1.2947678, 51.8203662 ], [ -1.295086, 51.8205384 ] ] } },
{ "type": "Feature", "properties": { "id": 5522, "nach": 0.45787356706442472 }, "geometry": { "type": "LineString", "coordinates": [ [ -1.2946969, 51.8205069 ], [ -1.2950461, 51.820546 ], [ -1.295086, 51.8205384 ] ] } },
{ "type": "Feature", "properties": { "id": 33481, "nach": 0.59581325143191755 }, "geometry": { "type": "LineString", "coordinates": [ [ -1.2958501, 51.8202201 ], [ -1.2958089, 51.8201841 ], [ -1.2957369, 51.8201257 ], [ -1.2956072, 51.8199958 ] ] } },
{ "type": "Feature", "properties": { "id": 33480, "nach": 0.57896699003732843 }, "geometry": { "type": "LineString", "coordinates": [ [ -1.2958501, 51.8202201 ], [ -1.2959103, 51.8201951 ] ] } },
{ "type": "Feature", "properties": { "id": 33483, "nach": 0.55215917699663164 }, "geometry": { "type": "LineString", "coordinates": [ [ -1.2961792, 51.820312 ], [ -1.2960588, 51.8203451 ] ] } },
{ "type": "Feature", "properties": { "id": 5508, "nach": 0.44728204969231883 }, "geometry": { "type": "LineString", "coordinates": [ [ -1.2952289, 51.8202105 ], [ -1.2953529, 51.8202383 ], [ -1.2954449, 51.820067299999984 ], [ -1.2954924, 51.8200457 ], [ -1.2956072, 51.8199958 ] ] } },
{ "type": "Feature", "properties": { "id": 9354, "nach": 0.59093048783027335 }, "geometry": { "type": "LineString", "coordinates": [ [ -1.2950787, 51.8197637 ], [ -1.2953791, 51.8198851 ], [ -1.2956072, 51.8199958 ] ] } },
{ "type": "Feature", "properties": { "id": 5512, "nach": 0.48491403054446108 }, "geometry": { "type": "LineString", "coordinates": [ [ -1.2952008, 51.82028360000001 ], [ -1.2952289, 51.8202105 ] ] } },
{ "type": "Feature", "properties": { "id": 39438, "nach": 0.49954448829104597 }, "geometry": { "type": "LineString", "coordinates": [ [ -1.2949079, 51.8201077 ], [ -1.2952139, 51.8201806 ], [ -1.2952235, 51.8201906 ], [ -1.2952289, 51.8202105 ] ] } },
{ "type": "Feature", "properties": { "id": 11933, "nach": 0.58075372865818575 }, "geometry": { "type": "LineString", "coordinates": [ [ -1.2948406, 51.8200745 ], [ -1.2949459, 51.8199219 ], [ -1.2949888, 51.819865799999988 ], [ -1.2950787, 51.8197637 ] ] } },
{ "type": "Feature", "properties": { "id": 9358, "nach": 0.63212697044111321 }, "geometry": { "type": "LineString", "coordinates": [ [ -1.2946677, 51.8195964 ], [ -1.2947359, 51.8196331 ], [ -1.2950787, 51.8197637 ] ] } },
{ "type": "Feature", "properties": { "id": 39436, "nach": 0.58866877458002997 }, "geometry": { "type": "LineString", "coordinates": [ [ -1.2949079, 51.8201077 ], [ -1.2948406, 51.8200745 ] ] } },
{ "type": "Feature", "properties": { "id": 39437, "nach": 0.5891629966682701 }, "geometry": { "type": "LineString", "coordinates": [ [ -1.2949079, 51.8201077 ], [ -1.2947678, 51.8203662 ] ] } },
{ "type": "Feature", "properties": { "id": 11938, "nach": 0.60154617923718767 }, "geometry": { "type": "LineString", "coordinates": [ [ -1.2947678, 51.8203662 ], [ -1.2938486, 51.820274 ] ] } },
{ "type": "Feature", "properties": { "id": 12264, "nach": 0.61131551126120953 }, "geometry": { "type": "LineString", "coordinates": [ [ -1.2947263, 51.8204227 ], [ -1.2947678, 51.8203662 ] ] } },
{ "type": "Feature", "properties": { "id": 12263, "nach": 0.60883028955973284 }, "geometry": { "type": "LineString", "coordinates": [ [ -1.2947263, 51.8204227 ], [ -1.2946969, 51.8205069 ] ] } },
{ "type": "Feature", "properties": { "id": 12265, "nach": 0.38926687278731609 }, "geometry": { "type": "LineString", "coordinates": [ [ -1.2947263, 51.8204227 ], [ -1.2945622, 51.820419 ], [ -1.2945121, 51.8205936 ], [ -1.2943746, 51.8205818 ], [ -1.294229, 51.8205693 ] ] } },
{ "type": "Feature", "properties": { "id": 5546, "nach": 0.48378486488959371 }, "geometry": { "type": "LineString", "coordinates": [ [ -1.2936535, 51.8204894 ], [ -1.2940907, 51.8205356 ], [ -1.2941004, 51.8205578 ], [ -1.294229, 51.8205693 ] ] } },
{ "type": "Feature", "properties": { "id": 11960, "nach": 0.41454113768539247 }, "geometry": { "type": "LineString", "coordinates": [ [ -1.2936611, 51.8208878 ], [ -1.2936714, 51.8208686 ], [ -1.2932712, 51.820827700000017 ] ] } },
{ "type": "Feature", "properties": { "id": 5547, "nach": 0.56649696013366158 }, "geometry": { "type": "LineString", "coordinates": [ [ -1.2936535, 51.8204894 ], [ -1.2935916, 51.820486200000012 ], [ -1.2933589, 51.8204788 ] ] } },
{ "type": "Feature", "properties": { "id": 5550, "nach": 0.58274289282112979 }, "geometry": { "type": "LineString", "coordinates": [ [ -1.2938486, 51.820274 ], [ -1.2937688, 51.8203785 ], [ -1.2937177, 51.8204297 ], [ -1.2936906, 51.8204632 ], [ -1.2936535, 51.8204894 ] ] } },
{ "type": "Feature", "properties": { "id": 5542, "nach": 0.57410323001706787 }, "geometry": { "type": "LineString", "coordinates": [ [ -1.2932712, 51.820827700000017 ], [ -1.2932107, 51.8210065 ] ] } },
{ "type": "Feature", "properties": { "id": 5559, "nach": 0.56448952581558254 }, "geometry": { "type": "LineString", "coordinates": [ [ -1.2930397, 51.8214667 ], [ -1.2930542, 51.8213875 ], [ -1.2930696, 51.8212911 ], [ -1.293118, 51.8211483 ], [ -1.2931471, 51.8210841 ], [ -1.2931982, 51.8210504 ], [ -1.2932107, 51.8210065 ] ] } },
{ "type": "Feature", "properties": { "id": 5541, "nach": 0.57111114889092796 }, "geometry": { "type": "LineString", "coordinates": [ [ -1.2932712, 51.820827700000017 ], [ -1.2933589, 51.8204788 ] ] } },
{ "type": "Feature", "properties": { "id": 5562, "nach": 0.45597737437973546 }, "geometry": { "type": "LineString", "coordinates": [ [ -1.2930322, 51.821562 ], [ -1.2930397, 51.8214667 ] ] } },
{ "type": "Feature", "properties": { "id": 11957, "nach": 0.60118117674093541 }, "geometry": { "type": "LineString", "coordinates": [ [ -1.2922766, 51.8214189 ], [ -1.2929013, 51.821481100000014 ], [ -1.2930397, 51.8214667 ] ] } },
{ "type": "Feature", "properties": { "id": 51838, "nach": 0.51712180352635528 }, "geometry": { "type": "LineString", "coordinates": [ [ -1.2922553, 51.8203615 ], [ -1.2923306, 51.8203765 ], [ -1.2924922, 51.8203979 ], [ -1.2926407, 51.8204081 ], [ -1.2929129, 51.8204237 ], [ -1.2933589, 51.8204788 ] ] } },
{ "type": "Feature", "properties": { "id": 51837, "nach": 0.44035928600564339 }, "geometry": { "type": "LineString", "coordinates": [ [ -1.2922553, 51.8203615 ], [ -1.2922272, 51.8203265 ], [ -1.2922226, 51.8202812 ], [ -1.2920965, 51.8201364 ] ] } },
{ "type": "Feature", "properties": { "id": 51840, "nach": 0.44219388936186621 }, "geometry": { "type": "LineString", "coordinates": [ [ -1.2920939, 51.8204981 ], [ -1.292105, 51.8204962 ], [ -1.2921334, 51.8204845 ], [ -1.2921507, 51.820426 ], [ -1.2921602, 51.820394800000024 ], [ -1.2921996, 51.8203773 ], [ -1.2922553, 51.8203615 ] ] } },
{ "type": "Feature", "properties": { "id": 5552, "nach": 0.6072475510940486 }, "geometry": { "type": "LineString", "coordinates": [ [ -1.2932675, 51.8202127 ], [ -1.2938486, 51.820274 ] ] } },
{ "type": "Feature", "properties": { "id": 12231, "nach": 0.58222167463026619 }, "geometry": { "type": "LineString", "coordinates": [ [ -1.2939417, 51.8200801 ], [ -1.2939119, 51.820211200000017 ], [ -1.2938486, 51.820274 ] ] } },
{ "type": "Feature", "properties": { "id": 32028, "nach": 0.47824875945884737 }, "geometry": { "type": "LineString", "coordinates": [ [ -1.2933459, 51.8200298 ], [ -1.2932675, 51.8202127 ] ] } },
{ "type": "Feature", "properties": { "id": 5556, "nach": 0.60732202322734274 }, "geometry": { "type": "LineString", "coordinates": [ [ -1.2914069, 51.8198195 ], [ -1.2917057, 51.819873 ], [ -1.292096, 51.8199167 ], [ -1.292519, 51.81997650000001 ], [ -1.2924988, 51.8200245 ], [ -1.2925016, 51.8200503 ], [ -1.2925525, 51.82012240000001 ], [ -1.2925819, 51.820134 ], [ -1.2927082, 51.8201463 ], [ -1.2932675, 51.8202127 ] ] } },
{ "type": "Feature", "properties": { "id": 12230, "nach": 0.51097831321286946 }, "geometry": { "type": "LineString", "coordinates": [ [ -1.2939417, 51.8200801 ], [ -1.2933941, 51.8199604 ] ] } },
{ "type": "Feature", "properties": { "id": 12229, "nach": 0.54797250408557219 }, "geometry": { "type": "LineString", "coordinates": [ [ -1.2939417, 51.8200801 ], [ -1.2941763, 51.8196723 ] ] } },
{ "type": "Feature", "properties": { "id": 32029, "nach": 0.40671136477164954 }, "geometry": { "type": "LineString", "coordinates": [ [ -1.2933459, 51.8200298 ], [ -1.2929476, 51.819957 ], [ -1.2929644, 51.8199181 ], [ -1.2930748, 51.8196356 ] ] } },
{ "type": "Feature", "properties": { "id": 32027, "nach": 0.40562323356381558 }, "geometry": { "type": "LineString", "coordinates": [ [ -1.2933459, 51.8200298 ], [ -1.2933941, 51.8199604 ] ] } },
{ "type": "Feature", "properties": { "id": 5564, "nach": 0.63337040437871028 }, "geometry": { "type": "LineString", "coordinates": [ [ -1.2913544, 51.8198475 ], [ -1.2914069, 51.8198195 ] ] } },
{ "type": "Feature", "properties": { "id": 5585, "nach": 0.57455890606060489 }, "geometry": { "type": "LineString", "coordinates": [ [ -1.2916225, 51.8195677 ], [ -1.2915293, 51.8196868 ], [ -1.2914069, 51.8198195 ] ] } },
{ "type": "Feature", "properties": { "id": 36510, "nach": 0.60424498391243298 }, "geometry": { "type": "LineString", "coordinates": [ [ -1.2908442, 51.8196192 ], [ -1.2913544, 51.8198475 ] ] } },
{ "type": "Feature", "properties": { "id": 11949, "nach": 0.64889917264726049 }, "geometry": { "type": "LineString", "coordinates": [ [ -1.2909257, 51.8207203 ], [ -1.2908962, 51.8206969 ], [ -1.2908815, 51.820663 ], [ -1.2908829, 51.8206316 ], [ -1.2910978, 51.8202208 ], [ -1.2912853, 51.8199127 ], [ -1.2913544, 51.8198475 ] ] } },
{ "type": "Feature", "properties": { "id": 5587, "nach": 0.45198581968646762 }, "geometry": { "type": "LineString", "coordinates": [ [ -1.2921134, 51.819650300000013 ], [ -1.2916225, 51.8195677 ] ] } },
{ "type": "Feature", "properties": { "id": 56358, "nach": 0.383796213877166 }, "geometry": { "type": "LineString", "coordinates": [ [ -1.2909695, 51.8194731 ], [ -1.2916225, 51.8195677 ] ] } },
{ "type": "Feature", "properties": { "id": 5589, "nach": 0.56240877076973173 }, "geometry": { "type": "LineString", "coordinates": [ [ -1.2920146, 51.819276 ], [ -1.2918771, 51.8193028 ], [ -1.2917927, 51.81932590000001 ], [ -1.2917104, 51.8193689 ], [ -1.2916414, 51.8194164 ], [ -1.2915995, 51.8194857 ], [ -1.2915979, 51.8195277 ], [ -1.2916225, 51.8195677 ] ] } },
{ "type": "Feature", "properties": { "id": 11958, "nach": 0.45623814810942148 }, "geometry": { "type": "LineString", "coordinates": [ [ -1.2923138, 51.8212802 ], [ -1.2922766, 51.8214189 ] ] } },
{ "type": "Feature", "properties": { "id": 57271, "nach": 0.59791155805810658 }, "geometry": { "type": "LineString", "coordinates": [ [ -1.2921687, 51.821734600000013 ], [ -1.2922766, 51.8214189 ] ] } },
{ "type": "Feature", "properties": { "id": 36511, "nach": 0.57207941451520783 }, "geometry": { "type": "LineString", "coordinates": [ [ -1.2908442, 51.8196192 ], [ -1.2907887, 51.8194703 ], [ -1.2906956, 51.8192035 ], [ -1.2909024, 51.819062 ], [ -1.2909425, 51.8190096 ], [ -1.2909375, 51.818971400000017 ], [ -1.2909012, 51.818920300000016 ], [ -1.2908198, 51.8188758 ], [ -1.2906779, 51.8188456 ], [ -1.2905565, 51.8187833 ], [ -1.2905486, 51.8187579 ], [ -1.2905596, 51.8187236 ], [ -1.2905711, 51.81866320000001 ] ] } },
{ "type": "Feature", "properties": { "id": 56357, "nach": 0.55079561116750009 }, "geometry": { "type": "LineString", "coordinates": [ [ -1.2909695, 51.8194731 ], [ -1.2908442, 51.8196192 ] ] } },
{ "type": "Feature", "properties": { "id": 46391, "nach": 0.64928665354940096 }, "geometry": { "type": "LineString", "coordinates": [ [ -1.2908839, 51.820826200000013 ], [ -1.2909257, 51.8207203 ] ] } },
{ "type": "Feature", "properties": { "id": 11951, "nach": 0.45380584858071116 }, "geometry": { "type": "LineString", "coordinates": [ [ -1.2916362, 51.8202524 ], [ -1.2914035, 51.8202364 ], [ -1.2912959, 51.8202417 ], [ -1.2911769, 51.8202742 ], [ -1.2910704, 51.8204655 ], [ -1.2909257, 51.8207203 ] ] } },
{ "type": "Feature", "properties": { "id": 5591, "nach": 0.59265857612419826 }, "geometry": { "type": "LineString", "coordinates": [ [ -1.2922157, 51.8189785 ], [ -1.2916203, 51.8189258 ] ] } },
{ "type": "Feature", "properties": { "id": 5648, "nach": 0.54366192150606329 }, "geometry": { "type": "LineString", "coordinates": [ [ -1.2915516, 51.8185699 ], [ -1.2915804, 51.8188868 ], [ -1.2916203, 51.8189258 ] ] } },
{ "type": "Feature", "properties": { "id": 56359, "nach": 0.53412454014318556 }, "geometry": { "type": "LineString", "coordinates": [ [ -1.2909695, 51.8194731 ], [ -1.2911906, 51.819290100000018 ], [ -1.2916203, 51.8189258 ] ] } },
{ "type": "Feature", "properties": { "id": 19508, "nach": 0.59167531143363472 }, "geometry": { "type": "LineString", "coordinates": [ [ -1.2908262, 51.8185566 ], [ -1.2915615, 51.8188858 ], [ -1.2916203, 51.8189258 ] ] } },
{ "type": "Feature", "properties": { "id": 5593, "nach": 0.56579216555500234 }, "geometry": { "type": "LineString", "coordinates": [ [ -1.2922157, 51.8189785 ], [ -1.2921841, 51.8190255 ], [ -1.2921596, 51.81910520000001 ], [ -1.2921437, 51.8191615 ], [ -1.2921246, 51.8192097 ], [ -1.2920699, 51.819246399999983 ], [ -1.2920146, 51.819276 ] ] } },
{ "type": "Feature", "properties": { "id": 5646, "nach": 0.50829457170962111 }, "geometry": { "type": "LineString", "coordinates": [ [ -1.2920747, 51.8185103 ], [ -1.2921461, 51.8185629 ], [ -1.2921626, 51.8186021 ], [ -1.2921775, 51.8186298 ], [ -1.2921914, 51.8186716 ], [ -1.2921637, 51.8188262 ], [ -1.2921541, 51.818867 ], [ -1.2921722, 51.8189077 ], [ -1.2922157, 51.8189785 ] ] } },
{ "type": "Feature", "properties": { "id": 5597, "nach": 0.61975371674727553 }, "geometry": { "type": "LineString", "coordinates": [ [ -1.2928697, 51.8190318 ], [ -1.2925685, 51.8190036 ], [ -1.2922157, 51.8189785 ] ] } },
{ "type": "Feature", "properties": { "id": 5649, "nach": 0.52282814939340394 }, "geometry": { "type": "LineString", "coordinates": [ [ -1.2915516, 51.8185699 ], [ -1.2915422, 51.8184975 ], [ -1.2915732, 51.8184278 ], [ -1.2917268, 51.8181578 ], [ -1.291765, 51.8180767 ], [ -1.2917684, 51.8180353 ] ] } },
{ "type": "Feature", "properties": { "id": 5647, "nach": 0.35625560598638417 }, "geometry": { "type": "LineString", "coordinates": [ [ -1.2915516, 51.8185699 ], [ -1.2920747, 51.8185103 ] ] } },
{ "type": "Feature", "properties": { "id": 19506, "nach": 0.49174141887090406 }, "geometry": { "type": "LineString", "coordinates": [ [ -1.2908262, 51.8185566 ], [ -1.2907702, 51.8185643 ], [ -1.2906727, 51.8186107 ], [ -1.2906164, 51.8186347 ], [ -1.2905711, 51.81866320000001 ] ] } },
{ "type": "Feature", "properties": { "id": 19507, "nach": 0.46759369464350425 }, "geometry": { "type": "LineString", "coordinates": [ [ -1.2908262, 51.8185566 ], [ -1.2909122, 51.8184822 ], [ -1.2909426, 51.8184536 ], [ -1.2910585, 51.818414 ], [ -1.2910108, 51.8183092 ], [ -1.2910397, 51.8182831 ] ] } },
{ "type": "Feature", "properties": { "id": 32445, "nach": 0.58198747295489583 }, "geometry": { "type": "LineString", "coordinates": [ [ -1.2898566, 51.8181335 ], [ -1.2899132, 51.8181595 ], [ -1.2908262, 51.8185566 ] ] } },
{ "type": "Feature", "properties": { "id": 32444, "nach": 0.58608812615280226 }, "geometry": { "type": "LineString", "coordinates": [ [ -1.2898566, 51.8181335 ], [ -1.2905046, 51.817613600000016 ] ] } },
{ "type": "Feature", "properties": { "id": 5578, "nach": 0.58007931580947836 }, "geometry": { "type": "LineString", "coordinates": [ [ -1.2905711, 51.81866320000001 ], [ -1.2905491, 51.8186126 ], [ -1.2904527, 51.8185441 ], [ -1.2902703, 51.8184137 ] ] } },
{ "type": "Feature", "properties": { "id": 5580, "nach": 0.52451588298234175 }, "geometry": { "type": "LineString", "coordinates": [ [ -1.2899544, 51.81872640000001 ], [ -1.2900359, 51.818565 ], [ -1.2900861, 51.818512299999988 ], [ -1.2901649, 51.8184588 ], [ -1.2902703, 51.8184137 ] ] } },
{ "type": "Feature", "properties": { "id": 31967, "nach": 0.61689106202227773 }, "geometry": { "type": "LineString", "coordinates": [ [ -1.2888212, 51.8173819 ], [ -1.2887901, 51.8173595 ], [ -1.2883356, 51.8170759 ], [ -1.2881864, 51.8169405 ], [ -1.2881074, 51.8168866 ] ] } },
{ "type": "Feature", "properties": { "id": 32431, "nach": 0.4666520340563397 }, "geometry": { "type": "LineString", "coordinates": [ [ -1.2915874, 51.816665900000011 ], [ -1.2915019, 51.8166453 ], [ -1.2900374, 51.8164051 ], [ -1.289001, 51.817211699999987 ], [ -1.2889005, 51.817299499999983 ], [ -1.2888212, 51.8173819 ] ] } },
{ "type": "Feature", "properties": { "id": 51835, "nach": 0.44755699794551673 }, "geometry": { "type": "LineString", "coordinates": [ [ -1.2900518, 51.8189097 ], [ -1.290067, 51.8188209 ], [ -1.2900605, 51.8187873 ], [ -1.2900496, 51.8187658 ], [ -1.2899544, 51.81872640000001 ] ] } },
{ "type": "Feature", "properties": { "id": 51836, "nach": 0.44794820281039988 }, "geometry": { "type": "LineString", "coordinates": [ [ -1.2896669, 51.8187618 ], [ -1.2896908, 51.818751 ], [ -1.2897995, 51.8187228 ], [ -1.2898387, 51.8187188 ], [ -1.2898691, 51.8187215 ], [ -1.2899544, 51.81872640000001 ] ] } },
{ "type": "Feature", "properties": { "id": 54500, "nach": 0.44986371322012952 }, "geometry": { "type": "LineString", "coordinates": [ [ -1.2923672, 51.819415599999985 ], [ -1.2922063, 51.8193886 ], [ -1.2920753, 51.8193507 ], [ -1.2920146, 51.819276 ] ] } },
{ "type": "Feature", "properties": { "id": 5645, "nach": 0.49089393455604924 }, "geometry": { "type": "LineString", "coordinates": [ [ -1.2920747, 51.8185103 ], [ -1.2921046, 51.8183851 ], [ -1.2921507, 51.8183118 ], [ -1.2921678, 51.8182288 ], [ -1.2921626, 51.818176 ], [ -1.292132, 51.8180274 ] ] } },
{ "type": "Feature", "properties": { "id": 5607, "nach": 0.44650653421025349 }, "geometry": { "type": "LineString", "coordinates": [ [ -1.2931438, 51.8186848 ], [ -1.2929723, 51.8186764 ], [ -1.2929204, 51.818818900000011 ], [ -1.2928697, 51.8190318 ] ] } },
{ "type": "Feature", "properties": { "id": 5599, "nach": 0.6186481015997789 }, "geometry": { "type": "LineString", "coordinates": [ [ -1.2933025, 51.8190166 ], [ -1.2931988, 51.8190219 ], [ -1.2928697, 51.8190318 ] ] } },
{ "type": "Feature", "properties": { "id": 9364, "nach": 0.60711775649145516 }, "geometry": { "type": "LineString", "coordinates": [ [ -1.2936884, 51.8189903 ], [ -1.2934968, 51.8190005 ], [ -1.2933025, 51.8190166 ] ] } },
{ "type": "Feature", "properties": { "id": 5603, "nach": 0.52144923134667931 }, "geometry": { "type": "LineString", "coordinates": [ [ -1.293208, 51.8193523 ], [ -1.2932487, 51.8192375 ], [ -1.2932838, 51.81913260000001 ], [ -1.2933075, 51.8190679 ], [ -1.2933025, 51.8190166 ] ] } },
{ "type": "Feature", "properties": { "id": 9363, "nach": 0.58292839133802365 }, "geometry": { "type": "LineString", "coordinates": [ [ -1.293885, 51.8190437 ], [ -1.2938566, 51.8190533 ], [ -1.2938272, 51.8190579 ], [ -1.2937973, 51.819058 ], [ -1.2937713, 51.8190543 ], [ -1.2937396, 51.8190442 ], [ -1.2937125, 51.819027899999988 ], [ -1.293697, 51.8190111 ], [ -1.2936884, 51.8189903 ] ] } },
{ "type": "Feature", "properties": { "id": 9365, "nach": 0.529166275974014 }, "geometry": { "type": "LineString", "coordinates": [ [ -1.2936884, 51.8189903 ], [ -1.2936928, 51.818959800000016 ], [ -1.293714, 51.8189346 ], [ -1.2937449, 51.8189172 ], [ -1.2937801, 51.8189077 ], [ -1.2938173, 51.8189052 ], [ -1.293851, 51.8189091 ] ] } },
{ "type": "Feature", "properties": { "id": 5605, "nach": 0.50293901844101052 }, "geometry": { "type": "LineString", "coordinates": [ [ -1.2930748, 51.8196356 ], [ -1.293208, 51.8193523 ] ] } },
{ "type": "Feature", "properties": { "id": 12225, "nach": 0.42650316486494327 }, "geometry": { "type": "LineString", "coordinates": [ [ -1.2936176, 51.8195513 ], [ -1.2936687, 51.8194569 ], [ -1.293524, 51.8194225 ], [ -1.293208, 51.8193523 ] ] } },
{ "type": "Feature", "properties": { "id": 11943, "nach": 0.49673401195771655 }, "geometry": { "type": "LineString", "coordinates": [ [ -1.2935183, 51.8197249 ], [ -1.2930748, 51.8196356 ] ] } },
{ "type": "Feature", "properties": { "id": 12224, "nach": 0.44030322584993831 }, "geometry": { "type": "LineString", "coordinates": [ [ -1.2936176, 51.8195513 ], [ -1.2935314, 51.8197021 ], [ -1.2935183, 51.8197249 ] ] } },
{ "type": "Feature", "properties": { "id": 12227, "nach": 0.45526734857033663 }, "geometry": { "type": "LineString", "coordinates": [ [ -1.2941763, 51.8196723 ], [ -1.2936176, 51.8195513 ] ] } },
{ "type": "Feature", "properties": { "id": 11942, "nach": 0.51027642697849762 }, "geometry": { "type": "LineString", "coordinates": [ [ -1.2935183, 51.8197249 ], [ -1.2933941, 51.8199604 ] ] } },
{ "type": "Feature", "properties": { "id": 9366, "nach": 0.61369582997997352 }, "geometry": { "type": "LineString", "coordinates": [ [ -1.293851, 51.8189091 ], [ -1.2939134, 51.81878050000001 ], [ -1.293947, 51.8186836 ], [ -1.2939577, 51.8185983 ] ] } },
{ "type": "Feature", "properties": { "id": 5612, "nach": 0.60613886908166303 }, "geometry": { "type": "LineString", "coordinates": [ [ -1.2938634, 51.8183938 ], [ -1.29394, 51.8184961 ], [ -1.2939577, 51.8185983 ] ] } },
{ "type": "Feature", "properties": { "id": 11901, "nach": 0.46017231451314633 }, "geometry": { "type": "LineString", "coordinates": [ [ -1.2943628, 51.818643700000024 ], [ -1.2942926, 51.818621 ], [ -1.2942307, 51.818604400000012 ], [ -1.2941355, 51.8185949 ], [ -1.2940096, 51.8185977 ], [ -1.2939577, 51.8185983 ] ] } },
{ "type": "Feature", "properties": { "id": 9367, "nach": 0.59584433466677977 }, "geometry": { "type": "LineString", "coordinates": [ [ -1.293851, 51.8189091 ], [ -1.2938847, 51.81891980000001 ], [ -1.2939122, 51.818936800000017 ], [ -1.2939285, 51.818956 ], [ -1.2939353, 51.8189757 ], [ -1.293933, 51.8189978 ], [ -1.2939248, 51.819013299999988 ], [ -1.293885, 51.8190437 ] ] } },
{ "type": "Feature", "properties": { "id": 10823, "nach": 0.56550161070268989 }, "geometry": { "type": "LineString", "coordinates": [ [ -1.2943897, 51.8181166 ], [ -1.2938634, 51.8183938 ] ] } },
{ "type": "Feature", "properties": { "id": 5614, "nach": 0.58142478703531086 }, "geometry": { "type": "LineString", "coordinates": [ [ -1.2935557, 51.8181416 ], [ -1.2936941, 51.8182245 ], [ -1.2938013, 51.8183129 ], [ -1.2938634, 51.8183938 ] ] } },
{ "type": "Feature", "properties": { "id": 11902, "nach": 0.42653983893045322 }, "geometry": { "type": "LineString", "coordinates": [ [ -1.2943628, 51.818643700000024 ], [ -1.2943744, 51.81859870000001 ], [ -1.294409, 51.8185362 ], [ -1.29474, 51.8183688 ] ] } },
{ "type": "Feature", "properties": { "id": 11905, "nach": 0.44164058358844649 }, "geometry": { "type": "LineString", "coordinates": [ [ -1.2950488, 51.8192455 ], [ -1.2948194, 51.8190968 ], [ -1.2947458, 51.8190476 ], [ -1.2947933, 51.8190161 ], [ -1.2946817, 51.8189352 ], [ -1.2945859, 51.8188328 ], [ -1.2945496, 51.8187706 ], [ -1.2945054, 51.8187282 ], [ -1.2944397, 51.8186827 ], [ -1.2943628, 51.818643700000024 ] ] } },
{ "type": "Feature", "properties": { "id": 11898, "nach": 0.5429953899214065 }, "geometry": { "type": "LineString", "coordinates": [ [ -1.29474, 51.8183688 ], [ -1.2945631, 51.8182397 ], [ -1.2945175, 51.8182203 ], [ -1.2943897, 51.8181166 ] ] } },
{ "type": "Feature", "properties": { "id": 11891, "nach": 0.52169957729177829 }, "geometry": { "type": "LineString", "coordinates": [ [ -1.293968, 51.8179161 ], [ -1.2940507, 51.8179442 ], [ -1.2941111, 51.8178823 ], [ -1.2943109, 51.818046899999985 ], [ -1.2943897, 51.8181166 ] ] } },
{ "type": "Feature", "properties": { "id": 10826, "nach": 0.58534323247758535 }, "geometry": { "type": "LineString", "coordinates": [ [ -1.2943897, 51.8181166 ], [ -1.294542671375959, 51.818036165763957 ] ] } },
{ "type": "Feature", "properties": { "id": 5617, "nach": 0.57952969837793766 }, "geometry": { "type": "LineString", "coordinates": [ [ -1.2928763, 51.8179854 ], [ -1.2931955, 51.8180129 ], [ -1.2934032, 51.8180659 ], [ -1.2935557, 51.8181416 ] ] } },
{ "type": "Feature", "properties": { "id": 5630, "nach": 0.44034135663425727 }, "geometry": { "type": "LineString", "coordinates": [ [ -1.2930822, 51.8183256 ], [ -1.2932119, 51.8183294 ], [ -1.2932652, 51.818328600000015 ], [ -1.2933226, 51.818317600000015 ], [ -1.2934169, 51.8182483 ], [ -1.2935557, 51.8181416 ] ] } },
{ "type": "Feature", "properties": { "id": 5620, "nach": 0.55151493823642939 }, "geometry": { "type": "LineString", "coordinates": [ [ -1.292132, 51.8180274 ], [ -1.2924573, 51.8180036 ], [ -1.2928763, 51.8179854 ] ] } },
{ "type": "Feature", "properties": { "id": 5632, "nach": 0.5341684113101145 }, "geometry": { "type": "LineString", "coordinates": [ [ -1.2931078, 51.8175638 ], [ -1.2930143, 51.8176682 ], [ -1.2929457, 51.8177714 ], [ -1.2928936, 51.817889 ], [ -1.2928763, 51.8179854 ] ] } },
{ "type": "Feature", "properties": { "id": 5623, "nach": 0.55291604051715204 }, "geometry": { "type": "LineString", "coordinates": [ [ -1.2917684, 51.8180353 ], [ -1.2919563, 51.818035500000015 ], [ -1.292132, 51.8180274 ] ] } },
{ "type": "Feature", "properties": { "id": 5635, "nach": 0.54146828809581127 }, "geometry": { "type": "LineString", "coordinates": [ [ -1.2926995, 51.8174969 ], [ -1.2929414, 51.8175169 ], [ -1.2930329, 51.817538 ], [ -1.2931078, 51.8175638 ] ] } },
{ "type": "Feature", "properties": { "id": 11893, "nach": 0.47295977744758805 }, "geometry": { "type": "LineString", "coordinates": [ [ -1.293968, 51.8179161 ], [ -1.2937239, 51.8178276 ], [ -1.2935098, 51.8177532 ], [ -1.2932773, 51.8176428 ], [ -1.2931078, 51.8175638 ] ] } },
{ "type": "Feature", "properties": { "id": 5627, "nach": 0.54778568204649514 }, "geometry": { "type": "LineString", "coordinates": [ [ -1.2913708, 51.8179724 ], [ -1.2915784, 51.8180168 ], [ -1.2917684, 51.8180353 ] ] } },
{ "type": "Feature", "properties": { "id": 11887, "nach": 0.53004305141522057 }, "geometry": { "type": "LineString", "coordinates": [ [ -1.2920441, 51.8174474 ], [ -1.2917949, 51.817806900000015 ], [ -1.2917405, 51.8178922 ], [ -1.2916938, 51.8179775 ], [ -1.2917684, 51.8180353 ] ] } },
{ "type": "Feature", "properties": { "id": 57033, "nach": 0.53405656600657947 }, "geometry": { "type": "LineString", "coordinates": [ [ -1.2909532, 51.817826 ], [ -1.2911705, 51.8179083 ], [ -1.2913708, 51.8179724 ] ] } },
{ "type": "Feature", "properties": { "id": 5651, "nach": 0.39971752416574147 }, "geometry": { "type": "LineString", "coordinates": [ [ -1.2910397, 51.8182831 ], [ -1.2912907, 51.8180462 ], [ -1.2913708, 51.8179724 ] ] } },
{ "type": "Feature", "properties": { "id": 11884, "nach": 0.54594775094088444 }, "geometry": { "type": "LineString", "coordinates": [ [ -1.2920441, 51.8174474 ], [ -1.2921705, 51.81749 ] ] } },
{ "type": "Feature", "properties": { "id": 11885, "nach": 0.56202865832264193 }, "geometry": { "type": "LineString", "coordinates": [ [ -1.2920441, 51.8174474 ], [ -1.2918403, 51.817362800000012 ], [ -1.2916824, 51.8173177 ] ] } },
{ "type": "Feature", "properties": { "id": 11888, "nach": 0.34682002528059863 }, "geometry": { "type": "LineString", "coordinates": [ [ -1.2923697, 51.8168064 ], [ -1.292284, 51.8171185 ], [ -1.2920441, 51.8174474 ] ] } },
{ "type": "Feature", "properties": { "id": 57035, "nach": 0.25071005134893565 }, "geometry": { "type": "LineString", "coordinates": [ [ -1.2909532, 51.817826 ], [ -1.2907112, 51.8180433 ], [ -1.2906373, 51.8181059 ], [ -1.2910397, 51.8182831 ] ] } },
{ "type": "Feature", "properties": { "id": 57034, "nach": 0.53195946465157773 }, "geometry": { "type": "LineString", "coordinates": [ [ -1.2909532, 51.817826 ], [ -1.290858, 51.8177759 ], [ -1.2905046, 51.817613600000016 ] ] } },
{ "type": "Feature", "properties": { "id": 5641, "nach": 0.54154530665131384 }, "geometry": { "type": "LineString", "coordinates": [ [ -1.2921705, 51.81749 ], [ -1.2926995, 51.8174969 ] ] } },
{ "type": "Feature", "properties": { "id": 5637, "nach": 0.36938751772155354 }, "geometry": { "type": "LineString", "coordinates": [ [ -1.2929688, 51.8170849 ], [ -1.2928116, 51.8171602 ], [ -1.2927759, 51.817203 ], [ -1.2927147, 51.817304 ], [ -1.292708, 51.8174091 ], [ -1.2926995, 51.8174969 ] ] } },
{ "type": "Feature", "properties": { "id": 11892, "nach": 0.45521807669793773 }, "geometry": { "type": "LineString", "coordinates": [ [ -1.293968, 51.8179161 ], [ -1.2938569, 51.8176908 ], [ -1.2935841, 51.8175368 ], [ -1.2935079, 51.8174787 ], [ -1.2932004, 51.8172754 ], [ -1.2931244, 51.8171939 ], [ -1.2929688, 51.8170849 ] ] } },
{ "type": "Feature", "properties": { "id": 5643, "nach": 0.43733404014223043 }, "geometry": { "type": "LineString", "coordinates": [ [ -1.2920347, 51.817757100000016 ], [ -1.2921705, 51.81749 ] ] } },
{ "type": "Feature", "properties": { "id": 11890, "nach": 0.45031934673358354 }, "geometry": { "type": "LineString", "coordinates": [ [ -1.2923697, 51.8168064 ], [ -1.2924616, 51.816840900000024 ], [ -1.2925576, 51.816861 ], [ -1.2927198, 51.8169329 ], [ -1.2928858, 51.8170214 ], [ -1.2929688, 51.8170849 ] ] } },
{ "type": "Feature", "properties": { "id": 32429, "nach": 0.44690749086198461 }, "geometry": { "type": "LineString", "coordinates": [ [ -1.2915874, 51.816665900000011 ], [ -1.2919023, 51.816689599999989 ], [ -1.2920843, 51.816716600000014 ], [ -1.2922355, 51.8167502 ], [ -1.2923697, 51.8168064 ] ] } },
{ "type": "Feature", "properties": { "id": 33484, "nach": 0.47873424998472902 }, "geometry": { "type": "LineString", "coordinates": [ [ -1.2961792, 51.820312 ], [ -1.2961484, 51.8202726 ], [ -1.2959341, 51.8202307 ], [ -1.2959103, 51.8201951 ] ] } },
{ "type": "Feature", "properties": { "id": 56364, "nach": 0.56177768363413016 }, "geometry": { "type": "LineString", "coordinates": [ [ -1.2963773, 51.8202658 ], [ -1.2961792, 51.820312 ] ] } },
{ "type": "Feature", "properties": { "id": 11934, "nach": 0.44632349108105579 }, "geometry": { "type": "LineString", "coordinates": [ [ -1.2945682, 51.8200171 ], [ -1.2948406, 51.8200745 ] ] } },
{ "type": "Feature", "properties": { "id": 9359, "nach": 0.63680681956749619 }, "geometry": { "type": "LineString", "coordinates": [ [ -1.2943707, 51.819451100000016 ], [ -1.2946677, 51.8195964 ] ] } },
{ "type": "Feature", "properties": { "id": 11908, "nach": 0.51834473712221651 }, "geometry": { "type": "LineString", "coordinates": [ [ -1.2951366, 51.8193463 ], [ -1.2950665, 51.8193678 ], [ -1.2949947, 51.8194147 ], [ -1.2946677, 51.8195964 ] ] } },
{ "type": "Feature", "properties": { "id": 12228, "nach": 0.56050539456906123 }, "geometry": { "type": "LineString", "coordinates": [ [ -1.2941763, 51.8196723 ], [ -1.2943152, 51.819479700000016 ], [ -1.2943707, 51.819451100000016 ] ] } },
{ "type": "Feature", "properties": { "id": 9362, "nach": 0.63679179964305366 }, "geometry": { "type": "LineString", "coordinates": [ [ -1.293885, 51.8190437 ], [ -1.2939857, 51.8191396 ], [ -1.2940579, 51.8192142 ], [ -1.294194, 51.8193275 ], [ -1.2943707, 51.819451100000016 ] ] } },
{ "type": "Feature", "properties": { "id": 11906, "nach": 0.50050102220493009 }, "geometry": { "type": "LineString", "coordinates": [ [ -1.2951366, 51.8193463 ], [ -1.2951438, 51.8193121 ], [ -1.2950488, 51.8192455 ] ] } },
{ "type": "Feature", "properties": { "id": 11911, "nach": 0.48875139973029919 }, "geometry": { "type": "LineString", "coordinates": [ [ -1.2956809, 51.819599600000011 ], [ -1.2955798, 51.8195484 ], [ -1.2954381, 51.819463 ], [ -1.2952674, 51.819356 ], [ -1.295241, 51.819352 ], [ -1.2951366, 51.8193463 ] ] } },
{ "type": "Feature", "properties": { "id": 11235, "nach": 0.56212061681099112 }, "geometry": { "type": "LineString", "coordinates": [ [ -1.2984422, 51.8229247 ], [ -1.29813, 51.8230207 ] ] } },
{ "type": "Feature", "properties": { "id": 9384, "nach": 0.44488415114615881 }, "geometry": { "type": "LineString", "coordinates": [ [ -1.298182, 51.8234104 ], [ -1.2981771, 51.8233512 ], [ -1.2981869, 51.82330180000001 ], [ -1.29813, 51.8230207 ] ] } },
{ "type": "Feature", "properties": { "id": 11237, "nach": 0.0 }, "geometry": { "type": "LineString", "coordinates": [ [ -1.2984422, 51.8229247 ], [ -1.2984909, 51.8229708 ], [ -1.2985094, 51.8229782 ], [ -1.2986103, 51.8230006 ], [ -1.2986288, 51.8230184 ], [ -1.2986368, 51.8230535 ], [ -1.2986995, 51.8233259 ], [ -1.2985922, 51.8233515 ], [ -1.2985553, 51.8233566 ], [ -1.2985603, 51.8233749 ], [ -1.298182, 51.8234104 ] ] } },
{ "type": "Feature", "properties": { "id": 32192, "nach": 0.58118153139172746 }, "geometry": { "type": "LineString", "coordinates": [ [ -1.2984422, 51.8229247 ], [ -1.299554088295668, 51.822516516593318 ] ] } },
{ "type": "Feature", "properties": { "id": 9387, "nach": 0.41191818655479867 }, "geometry": { "type": "LineString", "coordinates": [ [ -1.2984386, 51.8239542 ], [ -1.2983698, 51.8236871 ], [ -1.2982898, 51.8236762 ], [ -1.2982804, 51.8236455 ], [ -1.2982373, 51.8235585 ], [ -1.2982081, 51.8235026 ], [ -1.298182, 51.8234104 ] ] } },
{ "type": "Feature", "properties": { "id": 11129, "nach": 0.49639382941241961 }, "geometry": { "type": "LineString", "coordinates": [ [ -1.2981887, 51.8239794 ], [ -1.2984386, 51.8239542 ] ] } },
{ "type": "Feature", "properties": { "id": 30159, "nach": 0.42636985492513224 }, "geometry": { "type": "LineString", "coordinates": [ [ -1.2989946, 51.8243626 ], [ -1.2989538, 51.8241326 ], [ -1.2989097, 51.823941499999989 ], [ -1.298887, 51.823922 ], [ -1.2988589, 51.8239099 ], [ -1.2986221, 51.8239369 ], [ -1.2984386, 51.8239542 ] ] } },
{ "type": "Feature", "properties": { "id": 30156, "nach": 0.51354537246518883 }, "geometry": { "type": "LineString", "coordinates": [ [ -1.2982878, 51.8243432 ], [ -1.2981887, 51.8239794 ] ] } },
{ "type": "Feature", "properties": { "id": 32615, "nach": 0.54791224734514443 }, "geometry": { "type": "LineString", "coordinates": [ [ -1.2973038, 51.8243932 ], [ -1.2973634, 51.8244116 ] ] } },
{ "type": "Feature", "properties": { "id": 32620, "nach": 0.48584258774758915 }, "geometry": { "type": "LineString", "coordinates": [ [ -1.2975053, 51.8248214 ], [ -1.2973264, 51.8245745 ], [ -1.2973109, 51.8244926 ], [ -1.2973314, 51.8244479 ], [ -1.2973634, 51.8244116 ] ] } },
{ "type": "Feature", "properties": { "id": 32616, "nach": 0.52964849989995233 }, "geometry": { "type": "LineString", "coordinates": [ [ -1.2973038, 51.8243932 ], [ -1.2972763, 51.8243897 ], [ -1.2972495, 51.8243705 ], [ -1.2972093, 51.824331900000011 ] ] } },
{ "type": "Feature", "properties": { "id": 32622, "nach": 0.43646573568851316 }, "geometry": { "type": "LineString", "coordinates": [ [ -1.2972324, 51.8248899 ], [ -1.2975053, 51.8248214 ] ] } },
{ "type": "Feature", "properties": { "id": 9400, "nach": 0.53223011181570756 }, "geometry": { "type": "LineString", "coordinates": [ [ -1.2967769, 51.8239038 ], [ -1.2968374, 51.823993 ], [ -1.2968797, 51.824026099999983 ], [ -1.2969523, 51.8240663 ], [ -1.2970278, 51.8241026 ], [ -1.2970852, 51.8241436 ], [ -1.2972093, 51.824331900000011 ] ] } },
{ "type": "Feature", "properties": { "id": 9433, "nach": 0.32401514610745141 }, "geometry": { "type": "LineString", "coordinates": [ [ -1.2966906, 51.8244815 ], [ -1.2967628, 51.8244585 ], [ -1.2968832, 51.824422 ], [ -1.2972093, 51.824331900000011 ] ] } },
{ "type": "Feature", "properties": { "id": 9402, "nach": 0.54539929486216288 }, "geometry": { "type": "LineString", "coordinates": [ [ -1.296903, 51.8238681 ], [ -1.2967769, 51.8239038 ] ] } },
{ "type": "Feature", "properties": { "id": 30155, "nach": 0.44283167237303983 }, "geometry": { "type": "LineString", "coordinates": [ [ -1.2972973, 51.8237572 ], [ -1.296903, 51.8238681 ] ] } },
{ "type": "Feature", "properties": { "id": 9419, "nach": 0.53358061831199222 }, "geometry": { "type": "LineString", "coordinates": [ [ -1.2960711, 51.8249723 ], [ -1.2961912, 51.8250831 ], [ -1.2962192, 51.8251095 ], [ -1.2962791, 51.825151600000012 ], [ -1.2963279, 51.8251835 ], [ -1.2964046, 51.8252148 ] ] } },
{ "type": "Feature", "properties": { "id": 9425, "nach": 0.0 }, "geometry": { "type": "LineString", "coordinates": [ [ -1.2953282, 51.8251559 ], [ -1.295561, 51.8254511 ], [ -1.2957751, 51.8254731 ], [ -1.2958353, 51.825457500000013 ], [ -1.2959, 51.8254425 ], [ -1.2959452, 51.8254302 ], [ -1.2959636, 51.8254157 ], [ -1.295973, 51.8253479 ], [ -1.2959898, 51.8253272 ], [ -1.2960295, 51.8253139 ], [ -1.2964046, 51.8252148 ] ] } },
{ "type": "Feature", "properties": { "id": 9420, "nach": 0.58204260948783415 }, "geometry": { "type": "LineString", "coordinates": [ [ -1.2959933, 51.8247204 ], [ -1.2960711, 51.8249723 ] ] } },
{ "type": "Feature", "properties": { "id": 9423, "nach": 0.58747936368576037 }, "geometry": { "type": "LineString", "coordinates": [ [ -1.2953282, 51.8251559 ], [ -1.2960711, 51.8249723 ] ] } },
{ "type": "Feature", "properties": { "id": 9427, "nach": 0.44954526281505647 }, "geometry": { "type": "LineString", "coordinates": [ [ -1.2950752, 51.8249173 ], [ -1.2953282, 51.8251559 ] ] } },
{ "type": "Feature", "properties": { "id": 9444, "nach": 0.568060480220554 }, "geometry": { "type": "LineString", "coordinates": [ [ -1.2956631, 51.824275700000015 ], [ -1.2958366, 51.8244851 ], [ -1.2959933, 51.8247204 ] ] } },
{ "type": "Feature", "properties": { "id": 9439, "nach": 0.48215655991205736 }, "geometry": { "type": "LineString", "coordinates": [ [ -1.2965361, 51.824685700000011 ], [ -1.2964874, 51.824662600000011 ], [ -1.296422, 51.8246501 ], [ -1.2961817, 51.8246857 ], [ -1.2959933, 51.8247204 ] ] } },
{ "type": "Feature", "properties": { "id": 9445, "nach": 0.577007000374685 }, "geometry": { "type": "LineString", "coordinates": [ [ -1.2959329, 51.8241924 ], [ -1.2956631, 51.824275700000015 ] ] } },
{ "type": "Feature", "properties": { "id": 9448, "nach": 0.44205231832404546 }, "geometry": { "type": "LineString", "coordinates": [ [ -1.2950619, 51.8241589 ], [ -1.2952711, 51.824092 ], [ -1.295335, 51.8240779 ], [ -1.2953898, 51.8240894 ], [ -1.2954434, 51.824113200000021 ], [ -1.2955479, 51.8241744 ], [ -1.2956631, 51.824275700000015 ] ] } },
{ "type": "Feature", "properties": { "id": 9441, "nach": 0.43914656439865818 }, "geometry": { "type": "LineString", "coordinates": [ [ -1.296762, 51.825006600000016 ], [ -1.2965361, 51.824685700000011 ] ] } },
{ "type": "Feature", "properties": { "id": 30165, "nach": 0.41347108243575798 }, "geometry": { "type": "LineString", "coordinates": [ [ -1.2985648, 51.8266316 ], [ -1.2983846, 51.8268677 ], [ -1.29835, 51.8269157 ] ] } },
{ "type": "Feature", "properties": { "id": 9502, "nach": 0.51354698663490583 }, "geometry": { "type": "LineString", "coordinates": [ [ -1.2949365, 51.826389 ], [ -1.295597, 51.8269082 ], [ -1.2961589, 51.8273438 ] ] } },
{ "type": "Feature", "properties": { "id": 80146, "nach": 0.53745409447840964 }, "geometry": { "type": "LineString", "coordinates": [ [ -1.294903, 51.8263616 ], [ -1.2949365, 51.826389 ] ] } },
{ "type": "Feature", "properties": { "id": 32036, "nach": 0.42978893181096101 }, "geometry": { "type": "LineString", "coordinates": [ [ -1.2961681, 51.8261138 ], [ -1.2960972, 51.8261156 ], [ -1.2959294, 51.8261355 ], [ -1.295044, 51.826347200000015 ], [ -1.2949365, 51.826389 ] ] } },
{ "type": "Feature", "properties": { "id": 32035, "nach": 0.0 }, "geometry": { "type": "LineString", "coordinates": [ [ -1.2961681, 51.8261138 ], [ -1.2962339, 51.8261373 ], [ -1.2963088, 51.8261602 ], [ -1.2963688, 51.8261746 ], [ -1.2964933, 51.826187700000013 ], [ -1.2965799, 51.8261908 ], [ -1.2966041, 51.8261875 ], [ -1.2966257, 51.8261679 ], [ -1.296624, 51.8261315 ], [ -1.2966024, 51.826092 ], [ -1.2965623, 51.826073399999984 ], [ -1.296462, 51.8260717 ], [ -1.296381, 51.8260777 ], [ -1.2962574, 51.8260993 ], [ -1.2961681, 51.8261138 ] ] } },
{ "type": "Feature", "properties": { "id": 33523, "nach": 0.55048743372825082 }, "geometry": { "type": "LineString", "coordinates": [ [ -1.2846245, 51.8189652 ], [ -1.2865767, 51.81797250000001 ] ] } },
{ "type": "Feature", "properties": { "id": 33521, "nach": 0.0 }, "geometry": { "type": "LineString", "coordinates": [ [ -1.2842525, 51.81893860000001 ], [ -1.2844654, 51.818833 ], [ -1.2846245, 51.8189652 ] ] } },
{ "type": "Feature", "properties": { "id": 77298, "nach": 0.54563574416216309 }, "geometry": { "type": "LineString", "coordinates": [ [ -1.2826042, 51.8176873 ], [ -1.2832609, 51.8181624 ], [ -1.2834505, 51.8183036 ], [ -1.2836836, 51.8184771 ], [ -1.2842525, 51.81893860000001 ] ] } },
{ "type": "Feature", "properties": { "id": 36504, "nach": 0.51057339601483553 }, "geometry": { "type": "LineString", "coordinates": [ [ -1.2856307, 51.8171107 ], [ -1.2856901, 51.8171712 ], [ -1.2865767, 51.81797250000001 ] ] } },
{ "type": "Feature", "properties": { "id": 42666, "nach": 0.43376976139921292 }, "geometry": { "type": "LineString", "coordinates": [ [ -1.2866759, 51.8174062 ], [ -1.2866257, 51.8173752 ], [ -1.2865509, 51.8173486 ] ] } },
{ "type": "Feature", "properties": { "id": 42667, "nach": 0.43400583754975186 }, "geometry": { "type": "LineString", "coordinates": [ [ -1.2866021, 51.8174427 ], [ -1.2866759, 51.8174062 ] ] } },
{ "type": "Feature", "properties": { "id": 42650, "nach": 0.49341612817791053 }, "geometry": { "type": "LineString", "coordinates": [ [ -1.2851666, 51.8158662 ], [ -1.2856363, 51.8158256 ] ] } },
{ "type": "Feature", "properties": { "id": 42652, "nach": 0.5236667921203696 }, "geometry": { "type": "LineString", "coordinates": [ [ -1.2851666, 51.8158662 ], [ -1.2851475, 51.8157659 ], [ -1.2851939, 51.8157445 ], [ -1.2851544, 51.8155781 ], [ -1.2851416, 51.8155308 ] ] } },
{ "type": "Feature", "properties": { "id": 36502, "nach": 0.56377889426126182 }, "geometry": { "type": "LineString", "coordinates": [ [ -1.2856307, 51.8171107 ], [ -1.2855509, 51.8171187 ] ] } },
{ "type": "Feature", "properties": { "id": 30119, "nach": 0.56102148369114435 }, "geometry": { "type": "LineString", "coordinates": [ [ -1.2823956, 51.8173883 ], [ -1.282914, 51.8172563 ], [ -1.2830896, 51.8172283 ], [ -1.2832652, 51.8172135 ], [ -1.2841219, 51.8171692 ], [ -1.2848981, 51.8171614 ], [ -1.2854004, 51.8171314 ], [ -1.2855509, 51.8171187 ] ] } },
{ "type": "Feature", "properties": { "id": 10094, "nach": 0.43157092707631145 }, "geometry": { "type": "LineString", "coordinates": [ [ -1.2849462, 51.8177964 ], [ -1.2851715, 51.817650800000017 ], [ -1.2853231, 51.8175254 ], [ -1.2854181, 51.8174163 ], [ -1.2854751, 51.8173084 ], [ -1.2855311, 51.8172024 ], [ -1.2855509, 51.8171187 ] ] } },
{ "type": "Feature", "properties": { "id": 44753, "nach": 0.57414926588377546 }, "geometry": { "type": "LineString", "coordinates": [ [ -1.282348, 51.817324 ], [ -1.2823956, 51.8173883 ] ] } },
{ "type": "Feature", "properties": { "id": 30120, "nach": 0.49848824980569301 }, "geometry": { "type": "LineString", "coordinates": [ [ -1.2823956, 51.8173883 ], [ -1.2823812, 51.817435099999983 ], [ -1.2823298, 51.8174832 ] ] } },
{ "type": "Feature", "properties": { "id": 10098, "nach": 0.41272797087833879 }, "geometry": { "type": "LineString", "coordinates": [ [ -1.2857184, 51.8162455 ], [ -1.2856363, 51.8158256 ] ] } },
{ "type": "Feature", "properties": { "id": 42648, "nach": 0.42051823528517046 }, "geometry": { "type": "LineString", "coordinates": [ [ -1.2857733, 51.8158138 ], [ -1.2856363, 51.8158256 ] ] } },
{ "type": "Feature", "properties": { "id": 42662, "nach": 0.5639198202465715 }, "geometry": { "type": "LineString", "coordinates": [ [ -1.2883122, 51.8165978 ], [ -1.2882623, 51.8166385 ], [ -1.2882808, 51.8166903 ], [ -1.2882545, 51.8167274 ], [ -1.2881074, 51.8168866 ] ] } },
{ "type": "Feature", "properties": { "id": 42659, "nach": 0.53142106671297151 }, "geometry": { "type": "LineString", "coordinates": [ [ -1.287477, 51.8161726 ], [ -1.2876834, 51.8161457 ], [ -1.2878507, 51.8161068 ], [ -1.2880024, 51.8160474 ], [ -1.2881462, 51.8159688 ] ] } },
{ "type": "Feature", "properties": { "id": 42658, "nach": 0.43003664576152417 }, "geometry": { "type": "LineString", "coordinates": [ [ -1.287477, 51.8161726 ], [ -1.2874478, 51.8160703 ] ] } },
{ "type": "Feature", "properties": { "id": 10123, "nach": 0.42119840114747958 }, "geometry": { "type": "LineString", "coordinates": [ [ -1.2870804, 51.8154642 ], [ -1.2871088, 51.815625099999977 ] ] } },
{ "type": "Feature", "properties": { "id": 10110, "nach": 0.54446834472765782 }, "geometry": { "type": "LineString", "coordinates": [ [ -1.2887223, 51.8156584 ], [ -1.2886204, 51.8157071 ], [ -1.2884653, 51.815781400000013 ], [ -1.2882455, 51.8159048 ], [ -1.2881462, 51.8159688 ] ] } },
{ "type": "Feature", "properties": { "id": 42663, "nach": 0.53756459683021174 }, "geometry": { "type": "LineString", "coordinates": [ [ -1.2883122, 51.8165978 ], [ -1.288539, 51.8164125 ], [ -1.2885721, 51.816371599999989 ], [ -1.2885941, 51.8163164 ], [ -1.2885924, 51.816280300000017 ], [ -1.2885733, 51.8162454 ], [ -1.2885174, 51.8162008 ], [ -1.2884585, 51.8161537 ], [ -1.2881462, 51.8159688 ] ] } },
{ "type": "Feature", "properties": { "id": 42655, "nach": 0.49022438305051702 }, "geometry": { "type": "LineString", "coordinates": [ [ -1.2891248, 51.8158753 ], [ -1.2890877, 51.8158296 ], [ -1.2890023, 51.8157609 ], [ -1.2888876, 51.8157015 ], [ -1.2888022, 51.8156807 ], [ -1.2887223, 51.8156584 ] ] } },
{ "type": "Feature", "properties": { "id": 28492, "nach": 0.47953224891890084 }, "geometry": { "type": "LineString", "coordinates": [ [ -1.2879409, 51.81531 ], [ -1.2879767, 51.81528010000001 ], [ -1.2880272, 51.81525340000001 ], [ -1.2881062, 51.8152323 ], [ -1.2881839, 51.8152262 ], [ -1.2882728, 51.8152331 ], [ -1.2883869, 51.815266200000011 ], [ -1.2885117, 51.8153338 ], [ -1.2886044, 51.815406400000015 ], [ -1.2886766, 51.8155105 ], [ -1.2887137, 51.8155911 ], [ -1.2887223, 51.8156584 ] ] } },
{ "type": "Feature", "properties": { "id": 42661, "nach": 0.4418652381419389 }, "geometry": { "type": "LineString", "coordinates": [ [ -1.2883122, 51.8165978 ], [ -1.2882156, 51.8165583 ] ] } },
{ "type": "Feature", "properties": { "id": 42653, "nach": 0.4150831451624698 }, "geometry": { "type": "LineString", "coordinates": [ [ -1.2891248, 51.8158753 ], [ -1.2891734, 51.815935 ] ] } },
{ "type": "Feature", "properties": { "id": 42654, "nach": 0.41445870355669695 }, "geometry": { "type": "LineString", "coordinates": [ [ -1.2891248, 51.8158753 ], [ -1.2892444, 51.8158463 ] ] } },
{ "type": "Feature", "properties": { "id": 28490, "nach": 0.40469639704284804 }, "geometry": { "type": "LineString", "coordinates": [ [ -1.2879409, 51.81531 ], [ -1.2879051, 51.8153712 ] ] } },
{ "type": "Feature", "properties": { "id": 42647, "nach": 0.40396871260600381 }, "geometry": { "type": "LineString", "coordinates": [ [ -1.2878564, 51.81525760000001 ], [ -1.2879409, 51.81531 ] ] } },
{ "type": "Feature", "properties": { "id": 12255, "nach": 0.58844771504351501 }, "geometry": { "type": "LineString", "coordinates": [ [ -1.2863075, 51.815349400000017 ], [ -1.2861891, 51.8150249 ], [ -1.2861715, 51.8149413 ] ] } },
{ "type": "Feature", "properties": { "id": 12254, "nach": 0.56549515704000808 }, "geometry": { "type": "LineString", "coordinates": [ [ -1.2863075, 51.815349400000017 ], [ -1.2856565, 51.8154451 ], [ -1.2851416, 51.8155308 ] ] } },
{ "type": "Feature", "properties": { "id": 10128, "nach": 0.54078362619359199 }, "geometry": { "type": "LineString", "coordinates": [ [ -1.286807, 51.8148333 ], [ -1.2864927, 51.8148966 ], [ -1.2861715, 51.8149413 ] ] } },
{ "type": "Feature", "properties": { "id": 10334, "nach": 0.55529875188652966 }, "geometry": { "type": "LineString", "coordinates": [ [ -1.2861146, 51.814542400000015 ], [ -1.2861218, 51.814641 ], [ -1.2861715, 51.8149413 ] ] } },
{ "type": "Feature", "properties": { "id": 32408, "nach": 0.53477386231738966 }, "geometry": { "type": "LineString", "coordinates": [ [ -1.2870961, 51.814793 ], [ -1.286807, 51.8148333 ] ] } },
{ "type": "Feature", "properties": { "id": 10136, "nach": 0.36052421394192469 }, "geometry": { "type": "LineString", "coordinates": [ [ -1.2864925, 51.8142806 ], [ -1.2866358, 51.814643 ], [ -1.2867092, 51.8146326 ], [ -1.286807, 51.8148333 ] ] } },
{ "type": "Feature", "properties": { "id": 12249, "nach": 0.54540941501407125 }, "geometry": { "type": "LineString", "coordinates": [ [ -1.2848537, 51.8146888 ], [ -1.2849742, 51.814652300000013 ], [ -1.2851128, 51.8146167 ], [ -1.2852882, 51.8145879 ], [ -1.2854849, 51.8145595 ], [ -1.2856535, 51.814545099999989 ], [ -1.2861146, 51.814542400000015 ] ] } },
{ "type": "Feature", "properties": { "id": 84216, "nach": 0.41153905877683233 }, "geometry": { "type": "LineString", "coordinates": [ [ -1.2871127, 51.8148621 ], [ -1.2870961, 51.814793 ] ] } },
{ "type": "Feature", "properties": { "id": 84219, "nach": 0.51073355962225453 }, "geometry": { "type": "LineString", "coordinates": [ [ -1.2877411, 51.814584 ], [ -1.2877206, 51.814601499999988 ], [ -1.2876468, 51.8146479 ], [ -1.2876006, 51.8146799 ], [ -1.2875412, 51.8147132 ], [ -1.2874899, 51.81473410000001 ], [ -1.2874272, 51.8147505 ], [ -1.2870961, 51.814793 ] ] } },
{ "type": "Feature", "properties": { "id": 10134, "nach": 0.41019556957565118 }, "geometry": { "type": "LineString", "coordinates": [ [ -1.2864925, 51.8142806 ], [ -1.2866939, 51.8142435 ] ] } },
{ "type": "Feature", "properties": { "id": 39427, "nach": 0.38911286631193037 }, "geometry": { "type": "LineString", "coordinates": [ [ -1.2874808, 51.8140338 ], [ -1.287531, 51.8140436 ], [ -1.2875803, 51.8140494 ], [ -1.2876841, 51.8140394 ], [ -1.2878089, 51.8140248 ] ] } },
{ "type": "Feature", "properties": { "id": 84210, "nach": 0.44268527610639341 }, "geometry": { "type": "LineString", "coordinates": [ [ -1.2875979, 51.8142505 ], [ -1.2875664, 51.814228099999987 ], [ -1.2875052, 51.81418 ], [ -1.2874746, 51.8141498 ], [ -1.2874808, 51.8140338 ] ] } },
{ "type": "Feature", "properties": { "id": 77297, "nach": 0.56378936552082537 }, "geometry": { "type": "LineString", "coordinates": [ [ -1.2826042, 51.8176873 ], [ -1.2823298, 51.8174832 ] ] } },
{ "type": "Feature", "properties": { "id": 77300, "nach": 0.44620533081801683 }, "geometry": { "type": "LineString", "coordinates": [ [ -1.2823481, 51.8177245 ], [ -1.2824148, 51.817797900000016 ], [ -1.2826042, 51.8176873 ] ] } },
{ "type": "Feature", "properties": { "id": 32421, "nach": 0.59486863082289287 }, "geometry": { "type": "LineString", "coordinates": [ [ -1.2816088, 51.8153477 ], [ -1.2817612, 51.815750800000011 ] ] } },
{ "type": "Feature", "properties": { "id": 12239, "nach": 0.58869903335959517 }, "geometry": { "type": "LineString", "coordinates": [ [ -1.2818073, 51.8158862 ], [ -1.2817612, 51.815750800000011 ] ] } },
{ "type": "Feature", "properties": { "id": 10356, "nach": 0.49614430189508335 }, "geometry": { "type": "LineString", "coordinates": [ [ -1.2815645, 51.8157763 ], [ -1.2817612, 51.815750800000011 ] ] } },
{ "type": "Feature", "properties": { "id": 76840, "nach": 0.44167261459269841 }, "geometry": { "type": "LineString", "coordinates": [ [ -1.2816673, 51.8153379 ], [ -1.2816088, 51.8153477 ] ] } },
{ "type": "Feature", "properties": { "id": 33578, "nach": 0.54939943411043723 }, "geometry": { "type": "LineString", "coordinates": [ [ -1.2813953, 51.8147449 ], [ -1.2814123, 51.8147891 ], [ -1.2816088, 51.8153477 ] ] } },
{ "type": "Feature", "properties": { "id": 12238, "nach": 0.60671042567252609 }, "geometry": { "type": "LineString", "coordinates": [ [ -1.2818073, 51.8158862 ], [ -1.2833786, 51.8156821 ] ] } },
{ "type": "Feature", "properties": { "id": 44755, "nach": 0.56238618041942889 }, "geometry": { "type": "LineString", "coordinates": [ [ -1.282348, 51.817324 ], [ -1.2822637, 51.8171903 ], [ -1.2821951, 51.8170559 ], [ -1.2818701, 51.8160752 ], [ -1.2818073, 51.8158862 ] ] } },
{ "type": "Feature", "properties": { "id": 33577, "nach": 0.53296042029266311 }, "geometry": { "type": "LineString", "coordinates": [ [ -1.2813953, 51.8147449 ], [ -1.281189, 51.8141435 ], [ -1.2809073, 51.8133982 ], [ -1.2808863, 51.8133453 ] ] } },
{ "type": "Feature", "properties": { "id": 84222, "nach": 0.564896880196606 }, "geometry": { "type": "LineString", "coordinates": [ [ -1.2824907, 51.8137618 ], [ -1.2823769, 51.8135296 ] ] } },
{ "type": "Feature", "properties": { "id": 84221, "nach": 0.56518901391731802 }, "geometry": { "type": "LineString", "coordinates": [ [ -1.2824907, 51.8137618 ], [ -1.2826518, 51.8141567 ] ] } },
{ "type": "Feature", "properties": { "id": 84224, "nach": 0.42063648200222054 }, "geometry": { "type": "LineString", "coordinates": [ [ -1.2827797, 51.8139467 ], [ -1.2826766, 51.8137288 ], [ -1.2824907, 51.8137618 ] ] } },
{ "type": "Feature", "properties": { "id": 10327, "nach": 0.54228489213959774 }, "geometry": { "type": "LineString", "coordinates": [ [ -1.2840259, 51.8148503 ], [ -1.283816, 51.8148637 ], [ -1.2835703, 51.8148701 ], [ -1.2833951, 51.8148662 ], [ -1.2832739, 51.814861300000011 ], [ -1.283165, 51.8148343 ] ] } },
{ "type": "Feature", "properties": { "id": 51918, "nach": 0.56319742562693198 }, "geometry": { "type": "LineString", "coordinates": [ [ -1.2827373, 51.8144298 ], [ -1.2827994, 51.8145716 ], [ -1.2828798, 51.814662 ], [ -1.2829787, 51.8147399 ], [ -1.2830669, 51.814789400000016 ], [ -1.283165, 51.8148343 ] ] } },
{ "type": "Feature", "properties": { "id": 76842, "nach": 0.54657895374575505 }, "geometry": { "type": "LineString", "coordinates": [ [ -1.2831726, 51.8153013 ], [ -1.2831731, 51.8152723 ], [ -1.2831667, 51.81523210000001 ], [ -1.2831445, 51.8151526 ], [ -1.283123, 51.8150471 ], [ -1.2830927, 51.8149619 ], [ -1.2831101, 51.8149228 ], [ -1.2831235, 51.8149092 ], [ -1.2831505, 51.8148865 ], [ -1.283165, 51.8148343 ] ] } },
{ "type": "Feature", "properties": { "id": 10331, "nach": 0.53942561014468526 }, "geometry": { "type": "LineString", "coordinates": [ [ -1.2845218, 51.8147604 ], [ -1.2844342, 51.8147836 ], [ -1.284319, 51.814807799999983 ], [ -1.2840259, 51.8148503 ] ] } },
{ "type": "Feature", "properties": { "id": 10350, "nach": 0.40312435004934027 }, "geometry": { "type": "LineString", "coordinates": [ [ -1.2840558, 51.8152843 ], [ -1.2841178, 51.8152792 ], [ -1.2840259, 51.8148503 ] ] } },
{ "type": "Feature", "properties": { "id": 51917, "nach": 0.56006931096414758 }, "geometry": { "type": "LineString", "coordinates": [ [ -1.2827373, 51.8144298 ], [ -1.2826707, 51.8142068 ] ] } },
{ "type": "Feature", "properties": { "id": 51920, "nach": 0.41504139755997249 }, "geometry": { "type": "LineString", "coordinates": [ [ -1.2821444, 51.8145241 ], [ -1.2823334, 51.8145053 ], [ -1.2823435, 51.81449270000001 ], [ -1.2823598, 51.8144714 ], [ -1.282378, 51.8144626 ], [ -1.2827373, 51.8144298 ] ] } },
{ "type": "Feature", "properties": { "id": 76841, "nach": 0.55607044695176699 }, "geometry": { "type": "LineString", "coordinates": [ [ -1.2831726, 51.8153013 ], [ -1.2831601, 51.8153364 ] ] } },
{ "type": "Feature", "properties": { "id": 76844, "nach": 0.41990365458100076 }, "geometry": { "type": "LineString", "coordinates": [ [ -1.2834204, 51.8156024 ], [ -1.2833627, 51.8154576 ], [ -1.2833218, 51.815397 ], [ -1.283272, 51.815363 ], [ -1.2831726, 51.8153013 ] ] } },
{ "type": "Feature", "properties": { "id": 12248, "nach": 0.54978219741546541 }, "geometry": { "type": "LineString", "coordinates": [ [ -1.2848537, 51.8146888 ], [ -1.2845218, 51.8147604 ] ] } },
{ "type": "Feature", "properties": { "id": 10335, "nach": 0.49392921130586731 }, "geometry": { "type": "LineString", "coordinates": [ [ -1.2842997, 51.814442 ], [ -1.2845218, 51.8147604 ] ] } },
{ "type": "Feature", "properties": { "id": 12252, "nach": 0.50997784210984876 }, "geometry": { "type": "LineString", "coordinates": [ [ -1.2850283, 51.8151358 ], [ -1.2849696, 51.8149002 ], [ -1.2849537, 51.8148449 ], [ -1.2849117, 51.8147812 ], [ -1.2848537, 51.8146888 ] ] } },
{ "type": "Feature", "properties": { "id": 10338, "nach": 0.40021521390533671 }, "geometry": { "type": "LineString", "coordinates": [ [ -1.2836431, 51.8145297 ], [ -1.2839941, 51.8144958 ], [ -1.2842997, 51.814442 ] ] } },
{ "type": "Feature", "properties": { "id": 10339, "nach": 0.47306408748533557 }, "geometry": { "type": "LineString", "coordinates": [ [ -1.2842472, 51.8142004 ], [ -1.2842388, 51.8142512 ], [ -1.2842508, 51.8143051 ], [ -1.2842656, 51.8143474 ], [ -1.2842997, 51.814442 ] ] } },
{ "type": "Feature", "properties": { "id": 10342, "nach": 0.40540601525681474 }, "geometry": { "type": "LineString", "coordinates": [ [ -1.284653, 51.8140563 ], [ -1.2844707, 51.8140958 ], [ -1.2843331, 51.814134699999983 ], [ -1.2842472, 51.8142004 ] ] } },
{ "type": "Feature", "properties": { "id": 32407, "nach": 0.44873921531272837 }, "geometry": { "type": "LineString", "coordinates": [ [ -1.2838696, 51.8140025 ], [ -1.2839878, 51.8140562 ], [ -1.2840694, 51.814104 ], [ -1.284118, 51.8141405 ], [ -1.2841731, 51.8141799 ], [ -1.2842472, 51.8142004 ] ] } },
{ "type": "Feature", "properties": { "id": 32405, "nach": 0.46611978659644132 }, "geometry": { "type": "LineString", "coordinates": [ [ -1.2838696, 51.8140025 ], [ -1.2836934, 51.814091500000011 ], [ -1.2835216, 51.8141525 ], [ -1.283367, 51.8141783 ], [ -1.2826707, 51.8142068 ] ] } },
{ "type": "Feature", "properties": { "id": 32406, "nach": 0.40730670775775168 }, "geometry": { "type": "LineString", "coordinates": [ [ -1.2838696, 51.8140025 ], [ -1.2839748, 51.81392850000001 ], [ -1.2840975, 51.8138532 ], [ -1.2841221, 51.8138408 ], [ -1.2841894, 51.8138086 ], [ -1.2843154, 51.813767 ] ] } },
{ "type": "Feature", "properties": { "id": 10349, "nach": 0.49735853404058294 }, "geometry": { "type": "LineString", "coordinates": [ [ -1.2828931, 51.8153704 ], [ -1.2830366, 51.8153843 ], [ -1.2830898, 51.8153772 ], [ -1.2831388, 51.8153612 ], [ -1.2831601, 51.8153364 ] ] } },
{ "type": "Feature", "properties": { "id": 12237, "nach": 0.57133663671858459 }, "geometry": { "type": "LineString", "coordinates": [ [ -1.2833786, 51.8156821 ], [ -1.2833525, 51.8156056 ], [ -1.2833328, 51.81552720000002 ], [ -1.2833141, 51.8154783 ], [ -1.2832967, 51.8154572 ], [ -1.2832831, 51.8154264 ], [ -1.2831601, 51.8153364 ] ] } },
{ "type": "Feature", "properties": { "id": 60472, "nach": 0.42183463291047241 }, "geometry": { "type": "LineString", "coordinates": [ [ -1.2828172, 51.8152942 ], [ -1.2828931, 51.8153704 ] ] } },
{ "type": "Feature", "properties": { "id": 60471, "nach": 0.42156194263484525 }, "geometry": { "type": "LineString", "coordinates": [ [ -1.2828347, 51.8154557 ], [ -1.2828931, 51.8153704 ] ] } },
{ "type": "Feature", "properties": { "id": 12242, "nach": 0.57463531103183507 }, "geometry": { "type": "LineString", "coordinates": [ [ -1.2846633, 51.8155204 ], [ -1.2837559, 51.8156353 ], [ -1.2834915, 51.8156969 ], [ -1.2833966, 51.8157092 ], [ -1.2833786, 51.8156821 ] ] } },
{ "type": "Feature", "properties": { "id": 10819, "nach": 0.24772632586503268 }, "geometry": { "type": "LineString", "coordinates": [ [ -1.2946802, 51.8179949 ], [ -1.2946557, 51.8180842 ] ] } },
{ "type": "Feature", "properties": { "id": 33486, "nach": 0.38422996187610153 }, "geometry": { "type": "LineString", "coordinates": [ [ -1.299531, 51.8225002 ], [ -1.2995076, 51.8224456 ], [ -1.2994612, 51.8223766 ], [ -1.2993985, 51.8222988 ], [ -1.2988491, 51.821794499999989 ], [ -1.2987084, 51.82170390000001 ], [ -1.2986421, 51.8216617 ], [ -1.2984744, 51.8215195 ], [ -1.2983913, 51.8213979 ], [ -1.2982931, 51.8212857 ], [ -1.2981917, 51.8211483 ], [ -1.2979812, 51.8209278 ], [ -1.2979032, 51.8208145 ], [ -1.2976809, 51.820471 ], [ -1.2975678, 51.8203131 ], [ -1.2974456, 51.8201737 ], [ -1.2972422, 51.819988099999989 ], [ -1.2970434, 51.8198479 ], [ -1.2968621, 51.819725 ], [ -1.2965244, 51.819488 ], [ -1.2961329, 51.8191839 ], [ -1.2957275, 51.81884860000001 ], [ -1.2954476, 51.8186117 ], [ -1.2951573, 51.818404 ], [ -1.2948524, 51.8181831 ], [ -1.2947508, 51.818122099999989 ], [ -1.2946557, 51.8180842 ] ] } },
{ "type": "Feature", "properties": { "id": 10830, "nach": 0.53432619768669909 }, "geometry": { "type": "LineString", "coordinates": [ [ -1.2946557, 51.8180842 ], [ -1.294542671375959, 51.818036165763957 ] ] } },
{ "type": "Feature", "properties": { "id": 10828, "nach": 0.22096676652685851 }, "geometry": { "type": "LineString", "coordinates": [ [ -1.2944777, 51.8179585 ], [ -1.2946802, 51.8179949 ] ] } },
{ "type": "Feature", "properties": { "id": 10827, "nach": 0.43087251911334062 }, "geometry": { "type": "LineString", "coordinates": [ [ -1.295332, 51.8183814 ], [ -1.2951247, 51.8182385 ], [ -1.2947511, 51.8179809 ], [ -1.2946802, 51.8179949 ] ] } },
{ "type": "Feature", "properties": { "id": 10826, "nach": 0.58534323247758535 }, "geometry": { "type": "LineString", "coordinates": [ [ -1.294542671375959, 51.818036165763957 ], [ -1.2946802, 51.8179949 ] ] } },
{ "type": "Feature", "properties": { "id": 33474, "nach": 0.47609048602941234 }, "geometry": { "type": "LineString", "coordinates": [ [ -1.2918542, 51.8164677 ], [ -1.2919215, 51.8164647 ], [ -1.2920224, 51.816475 ], [ -1.2921269, 51.81649190000001 ], [ -1.292268, 51.816529200000012 ], [ -1.2924051, 51.8165769 ], [ -1.2925195, 51.8166292 ], [ -1.2926357, 51.81668650000001 ], [ -1.2929203, 51.8168472 ], [ -1.293899, 51.8175163 ], [ -1.2939942, 51.8175832 ], [ -1.2942365, 51.8177618 ], [ -1.294361, 51.817858 ], [ -1.2944777, 51.8179585 ] ] } },
{ "type": "Feature", "properties": { "id": 10830, "nach": 0.53432619768669909 }, "geometry": { "type": "LineString", "coordinates": [ [ -1.294542671375959, 51.818036165763957 ], [ -1.2944777, 51.8179585 ] ] } },
{ "type": "Feature", "properties": { "id": 33485, "nach": 0.33754876052586014 }, "geometry": { "type": "LineString", "coordinates": [ [ -1.299531, 51.8225002 ], [ -1.299591, 51.822503 ] ] } },
{ "type": "Feature", "properties": { "id": 33493, "nach": 0.48881022578349109 }, "geometry": { "type": "LineString", "coordinates": [ [ -1.299531, 51.8225002 ], [ -1.299554088295668, 51.822516516593318 ] ] } },
{ "type": "Feature", "properties": { "id": 11897, "nach": 0.54201478364853606 }, "geometry": { "type": "LineString", "coordinates": [ [ -1.29474, 51.8183688 ], [ -1.2954866, 51.8189038 ], [ -1.295512, 51.8189821 ] ] } },
{ "type": "Feature", "properties": { "id": 33473, "nach": 0.43569517051926726 }, "geometry": { "type": "LineString", "coordinates": [ [ -1.2918542, 51.8164677 ], [ -1.29176336669025, 51.81644568435744 ] ] } },
{ "type": "Feature", "properties": { "id": 33473, "nach": 0.43569517051926726 }, "geometry": { "type": "LineString", "coordinates": [ [ -1.29176336669025, 51.81644568435744 ], [ -1.2892293, 51.8046765 ] ] } },
{ "type": "Feature", "properties": { "id": 32618, "nach": 0.42862888068187438 }, "geometry": { "type": "LineString", "coordinates": [ [ -1.2979045, 51.8245571 ], [ -1.2980898, 51.8245349 ], [ -1.2981657, 51.8243611 ], [ -1.2982878, 51.8243432 ] ] } },
{ "type": "Feature", "properties": { "id": 12201, "nach": 0.4728406158234294 }, "geometry": { "type": "LineString", "coordinates": [ [ -1.2987931, 51.8252357 ], [ -1.2987393, 51.825034599999988 ], [ -1.2987892, 51.8250264 ], [ -1.2988281, 51.8250141 ], [ -1.2987896, 51.8249616 ] ] } },
{ "type": "Feature", "properties": { "id": 12519, "nach": 0.31041508386428524 }, "geometry": { "type": "LineString", "coordinates": [ [ -1.3023554, 51.8218332 ], [ -1.3026715, 51.8218758 ], [ -1.302854, 51.8221962 ], [ -1.3028619, 51.8225388 ] ] } },
{ "type": "Feature", "properties": { "id": 33490, "nach": 0.38232589417594348 }, "geometry": { "type": "LineString", "coordinates": [ [ -1.299837, 51.8224971 ], [ -1.2999352, 51.8225133 ], [ -1.3000315, 51.8225699 ], [ -1.3004337, 51.8228475 ], [ -1.3006716, 51.8229551 ], [ -1.3008887, 51.8229482 ], [ -1.3010851, 51.8229098 ], [ -1.3022521, 51.8225869 ], [ -1.3027021, 51.8225433 ], [ -1.3028619, 51.8225388 ] ] } },
{ "type": "Feature", "properties": { "id": 79641, "nach": 0.42442364634047119 }, "geometry": { "type": "LineString", "coordinates": [ [ -1.3053955, 51.820803 ], [ -1.3053398, 51.8208418 ], [ -1.3052769, 51.8208676 ], [ -1.3029945, 51.8214272 ], [ -1.302899, 51.8214347 ], [ -1.3025759, 51.8214757 ], [ -1.3023939, 51.821523 ], [ -1.3023443, 51.8215639 ], [ -1.3023548, 51.821654399999986 ], [ -1.3023701, 51.821764 ], [ -1.3023554, 51.8218332 ] ] } },
{ "type": "Feature", "properties": { "id": 33488, "nach": 0.4375165667219546 }, "geometry": { "type": "LineString", "coordinates": [ [ -1.299837, 51.8224971 ], [ -1.2998846, 51.822455 ], [ -1.3000037, 51.82241830000001 ], [ -1.3017875, 51.8218757 ], [ -1.3019192, 51.8218512 ], [ -1.3020873, 51.8218655 ], [ -1.3022468, 51.8218704 ], [ -1.3023554, 51.8218332 ] ] } },
{ "type": "Feature", "properties": { "id": 33489, "nach": 0.49414809911294605 }, "geometry": { "type": "LineString", "coordinates": [ [ -1.299837, 51.8224971 ], [ -1.2996732, 51.8225103 ], [ -1.299591, 51.822503 ] ] } },
{ "type": "Feature", "properties": { "id": 33491, "nach": 0.30167727294569924 }, "geometry": { "type": "LineString", "coordinates": [ [ -1.299628, 51.8225797 ], [ -1.299591, 51.822503 ] ] } },
{ "type": "Feature", "properties": { "id": 32192, "nach": 0.58118153139172746 }, "geometry": { "type": "LineString", "coordinates": [ [ -1.299554088295668, 51.822516516593318 ], [ -1.299591, 51.822503 ] ] } },
{ "type": "Feature", "properties": { "id": 32024, "nach": 0.5546531999422265 }, "geometry": { "type": "LineString", "coordinates": [ [ -1.2916879, 51.817221 ], [ -1.2916824, 51.8173177 ] ] } },
{ "type": "Feature", "properties": { "id": 11883, "nach": 0.43443220523348347 }, "geometry": { "type": "LineString", "coordinates": [ [ -1.2913008, 51.81756510000001 ], [ -1.2914648, 51.8174102 ], [ -1.2915371, 51.817389899999988 ], [ -1.2916175, 51.8173543 ], [ -1.2916824, 51.8173177 ] ] } },
{ "type": "Feature", "properties": { "id": 32438, "nach": 0.51103141311408218 }, "geometry": { "type": "LineString", "coordinates": [ [ -1.2918357, 51.8170506 ], [ -1.2916879, 51.817221 ] ] } },
{ "type": "Feature", "properties": { "id": 32435, "nach": 0.53944043204011349 }, "geometry": { "type": "LineString", "coordinates": [ [ -1.2912214, 51.8170421 ], [ -1.2915405, 51.8171705 ], [ -1.2916879, 51.817221 ] ] } },
{ "type": "Feature", "properties": { "id": 32433, "nach": 0.497505229470661 }, "geometry": { "type": "LineString", "coordinates": [ [ -1.2912214, 51.8170421 ], [ -1.2915874, 51.816665900000011 ] ] } },
{ "type": "Feature", "properties": { "id": 33471, "nach": 0.54000846388679136 }, "geometry": { "type": "LineString", "coordinates": [ [ -1.29176336669025, 51.81644568435744 ], [ -1.2915874, 51.816665900000011 ] ] } },
{ "type": "Feature", "properties": { "id": 11903, "nach": 0.40106980479580612 }, "geometry": { "type": "LineString", "coordinates": [ [ -1.2950488, 51.8192455 ], [ -1.295512, 51.8189821 ] ] } },
{ "type": "Feature", "properties": { "id": 12222, "nach": 0.54402731641730617 }, "geometry": { "type": "LineString", "coordinates": [ [ -1.2960764, 51.8193658 ], [ -1.2957827, 51.8191407 ], [ -1.295621, 51.8190161 ], [ -1.2955701, 51.8189922 ], [ -1.295512, 51.8189821 ] ] } },
{ "type": "Feature", "properties": { "id": 12220, "nach": 0.42644825362914668 }, "geometry": { "type": "LineString", "coordinates": [ [ -1.2960764, 51.8193658 ], [ -1.2956809, 51.819599600000011 ] ] } },
{ "type": "Feature", "properties": { "id": 12221, "nach": 0.55439416659436624 }, "geometry": { "type": "LineString", "coordinates": [ [ -1.2960764, 51.8193658 ], [ -1.2961183, 51.8194032 ], [ -1.2962996, 51.819527 ] ] } },
{ "type": "Feature", "properties": { "id": 39439, "nach": 0.4594724849094895 }, "geometry": { "type": "LineString", "coordinates": [ [ -1.2958807, 51.820135700000016 ], [ -1.2958538, 51.8201096 ], [ -1.2958712, 51.820004300000015 ], [ -1.2956465, 51.8198526 ], [ -1.2956227, 51.819819 ], [ -1.2956259, 51.8197698 ], [ -1.2956458, 51.8197259 ], [ -1.2956685, 51.819685 ], [ -1.2956809, 51.819599600000011 ] ] } },
{ "type": "Feature", "properties": { "id": 39440, "nach": 0.52527562192338373 }, "geometry": { "type": "LineString", "coordinates": [ [ -1.2958807, 51.820135700000016 ], [ -1.2960526, 51.8198918 ], [ -1.2961438, 51.81981660000001 ] ] } },
{ "type": "Feature", "properties": { "id": 39441, "nach": 0.55737723220247937 }, "geometry": { "type": "LineString", "coordinates": [ [ -1.2958807, 51.820135700000016 ], [ -1.2958703, 51.8201479 ], [ -1.2959103, 51.8201951 ] ] } },
{ "type": "Feature", "properties": { "id": 11917, "nach": 0.39827635738813627 }, "geometry": { "type": "LineString", "coordinates": [ [ -1.2965721, 51.8202204 ], [ -1.2962555, 51.8199453 ], [ -1.2961438, 51.81981660000001 ] ] } },
{ "type": "Feature", "properties": { "id": 11927, "nach": 0.52134778520705805 }, "geometry": { "type": "LineString", "coordinates": [ [ -1.2962996, 51.819527 ], [ -1.2961383, 51.8197393 ], [ -1.2961438, 51.81981660000001 ] ] } },
{ "type": "Feature", "properties": { "id": 56363, "nach": 0.52667211483132137 }, "geometry": { "type": "LineString", "coordinates": [ [ -1.2963773, 51.8202658 ], [ -1.2965721, 51.8202204 ] ] } },
{ "type": "Feature", "properties": { "id": 11921, "nach": 0.49349647902443589 }, "geometry": { "type": "LineString", "coordinates": [ [ -1.2967454, 51.8203319 ], [ -1.2966817, 51.8203151 ], [ -1.2966534, 51.8203077 ], [ -1.2965721, 51.8202204 ] ] } },
{ "type": "Feature", "properties": { "id": 11930, "nach": 0.42149163142873786 }, "geometry": { "type": "LineString", "coordinates": [ [ -1.2968614, 51.8200223 ], [ -1.296687, 51.820038 ], [ -1.2965609, 51.820111 ], [ -1.2965721, 51.8202204 ] ] } },
{ "type": "Feature", "properties": { "id": 11929, "nach": 0.49525612195637791 }, "geometry": { "type": "LineString", "coordinates": [ [ -1.2968614, 51.8200223 ], [ -1.2962996, 51.819527 ] ] } },
{ "type": "Feature", "properties": { "id": 56365, "nach": 0.47442583629410895 }, "geometry": { "type": "LineString", "coordinates": [ [ -1.2963773, 51.8202658 ], [ -1.2965827, 51.8204156 ] ] } },
{ "type": "Feature", "properties": { "id": 11923, "nach": 0.45557582087421328 }, "geometry": { "type": "LineString", "coordinates": [ [ -1.297084, 51.8201819 ], [ -1.2967454, 51.8203319 ] ] } },
{ "type": "Feature", "properties": { "id": 56360, "nach": 0.36469024971605424 }, "geometry": { "type": "LineString", "coordinates": [ [ -1.2965827, 51.8204156 ], [ -1.2967454, 51.8203319 ] ] } },
{ "type": "Feature", "properties": { "id": 11928, "nach": 0.49301079024351208 }, "geometry": { "type": "LineString", "coordinates": [ [ -1.2968614, 51.8200223 ], [ -1.297084, 51.8201819 ] ] } },
{ "type": "Feature", "properties": { "id": 56366, "nach": 0.43792499286318004 }, "geometry": { "type": "LineString", "coordinates": [ [ -1.2966323, 51.8206607 ], [ -1.2965827, 51.8204156 ] ] } },
{ "type": "Feature", "properties": { "id": 46393, "nach": 0.61469467304024128 }, "geometry": { "type": "LineString", "coordinates": [ [ -1.2908839, 51.820826200000013 ], [ -1.2907688, 51.820807199999983 ], [ -1.2904993, 51.8207691 ] ] } },
{ "type": "Feature", "properties": { "id": 57274, "nach": 0.52869839370781979 }, "geometry": { "type": "LineString", "coordinates": [ [ -1.2925112, 51.8217832 ], [ -1.2921687, 51.821734600000013 ] ] } },
{ "type": "Feature", "properties": { "id": 32449, "nach": 0.42423157174822362 }, "geometry": { "type": "LineString", "coordinates": [ [ -1.2988181, 51.8253567 ], [ -1.2987931, 51.8252357 ] ] } },
{ "type": "Feature", "properties": { "id": 34380, "nach": 0.44814865599981996 }, "geometry": { "type": "LineString", "coordinates": [ [ -1.2977492, 51.8210675 ], [ -1.2973963, 51.8211241 ], [ -1.2973024, 51.8211569 ] ] } },
{ "type": "Feature", "properties": { "id": 12245, "nach": 0.55573984900688189 }, "geometry": { "type": "LineString", "coordinates": [ [ -1.2851416, 51.8155308 ], [ -1.2848613, 51.8155199 ], [ -1.2846633, 51.8155204 ] ] } },
{ "type": "Feature", "properties": { "id": 18973, "nach": 0.48077631823364314 }, "geometry": { "type": "LineString", "coordinates": [ [ -1.2850042, 51.8153347 ], [ -1.2847568, 51.8154654 ], [ -1.2846633, 51.8155204 ] ] } },
{ "type": "Feature", "properties": { "id": 18971, "nach": 0.49609266288660092 }, "geometry": { "type": "LineString", "coordinates": [ [ -1.2850042, 51.8153347 ], [ -1.2850519, 51.8153868 ], [ -1.2850934, 51.8154233 ], [ -1.2851416, 51.8155308 ] ] } },
{ "type": "Feature", "properties": { "id": 18972, "nach": 0.52678019864015135 }, "geometry": { "type": "LineString", "coordinates": [ [ -1.2850042, 51.8153347 ], [ -1.2849936, 51.8152426 ], [ -1.2850251, 51.8152075 ], [ -1.2850283, 51.8151358 ] ] } },
{ "type": "Feature", "properties": { "id": 59464, "nach": 0.41162502559873954 }, "geometry": { "type": "LineString", "coordinates": [ [ -1.28568, 51.8151575 ], [ -1.2856763, 51.8151332 ], [ -1.285659, 51.8151124 ], [ -1.2856371, 51.8151033 ], [ -1.2856106, 51.8150988 ], [ -1.2855668, 51.815098800000023 ], [ -1.2854651, 51.815104 ], [ -1.2850283, 51.8151358 ] ] } },
{ "type": "Feature", "properties": { "id": 46379, "nach": 0.45805839321676406 }, "geometry": { "type": "LineString", "coordinates": [ [ -1.2895001, 51.8213311 ], [ -1.2892464, 51.8213958 ] ] } },
{ "type": "Feature", "properties": { "id": 46380, "nach": 0.56740558498905813 }, "geometry": { "type": "LineString", "coordinates": [ [ -1.2891418, 51.8212374 ], [ -1.2892464, 51.8213958 ] ] } },
{ "type": "Feature", "properties": { "id": 46378, "nach": 0.572929807027591 }, "geometry": { "type": "LineString", "coordinates": [ [ -1.2885399, 51.8215897 ], [ -1.2887397, 51.8215184 ], [ -1.2892464, 51.8213958 ] ] } },
{ "type": "Feature", "properties": { "id": 46381, "nach": 0.548501363232059 }, "geometry": { "type": "LineString", "coordinates": [ [ -1.2891418, 51.8212374 ], [ -1.2889667, 51.8209848 ] ] } },
{ "type": "Feature", "properties": { "id": 46385, "nach": 0.59779091843649035 }, "geometry": { "type": "LineString", "coordinates": [ [ -1.2904388, 51.8207649 ], [ -1.2904161, 51.8208192 ], [ -1.2899682, 51.8209087 ], [ -1.2898515, 51.8209564 ], [ -1.2895605, 51.8211276 ], [ -1.2894365, 51.82116820000001 ], [ -1.2891418, 51.8212374 ] ] } },
{ "type": "Feature", "properties": { "id": 46376, "nach": 0.45891906326635856 }, "geometry": { "type": "LineString", "coordinates": [ [ -1.2885399, 51.8215897 ], [ -1.2883991, 51.8213941 ], [ -1.2885547, 51.8213551 ] ] } },
{ "type": "Feature", "properties": { "id": 12262, "nach": 0.5378415577457496 }, "geometry": { "type": "LineString", "coordinates": [ [ -1.2889667, 51.8209848 ], [ -1.2888564, 51.8209713 ], [ -1.2884857, 51.8210677 ], [ -1.2883762, 51.8210915 ] ] } },
{ "type": "Feature", "properties": { "id": 46368, "nach": 0.43680254240643296 }, "geometry": { "type": "LineString", "coordinates": [ [ -1.2883762, 51.8210915 ], [ -1.288434, 51.8211703 ], [ -1.2885547, 51.8213551 ] ] } },
{ "type": "Feature", "properties": { "id": 46367, "nach": 0.53156971528559704 }, "geometry": { "type": "LineString", "coordinates": [ [ -1.2883762, 51.8210915 ], [ -1.2882077, 51.821128 ], [ -1.2881059, 51.8211224 ], [ -1.2880839, 51.8211271 ] ] } },
{ "type": "Feature", "properties": { "id": 33493, "nach": 0.48881022578349109 }, "geometry": { "type": "LineString", "coordinates": [ [ -1.299554088295668, 51.822516516593318 ], [ -1.299628, 51.8225797 ] ] } },
{ "type": "Feature", "properties": { "id": 33492, "nach": 0.45593523038965572 }, "geometry": { "type": "LineString", "coordinates": [ [ -1.30370835242741, 51.827606036444195 ], [ -1.299628, 51.8225797 ] ] } },
{ "type": "Feature", "properties": { "id": 41978, "nach": 0.40608014708053314 }, "geometry": { "type": "LineString", "coordinates": [ [ -1.3041899, 51.8177283 ], [ -1.3040097, 51.8177333 ], [ -1.3016874, 51.818045 ], [ -1.3015882, 51.81803510000001 ], [ -1.3015018, 51.81801020000001 ] ] } },
{ "type": "Feature", "properties": { "id": 83935, "nach": 0.39456072897798611 }, "geometry": { "type": "LineString", "coordinates": [ [ -1.2915485, 51.8279917 ], [ -1.2916503, 51.8280372 ] ] } },
{ "type": "Feature", "properties": { "id": 83936, "nach": 0.39369070853047439 }, "geometry": { "type": "LineString", "coordinates": [ [ -1.2918529, 51.8280567 ], [ -1.2917442, 51.8280349 ], [ -1.2916503, 51.8280372 ] ] } },
{ "type": "Feature", "properties": { "id": 83929, "nach": 0.46380990975212033 }, "geometry": { "type": "LineString", "coordinates": [ [ -1.2912414, 51.8280927 ], [ -1.291326, 51.8280024 ] ] } },
{ "type": "Feature", "properties": { "id": 83938, "nach": 0.46582514947818532 }, "geometry": { "type": "LineString", "coordinates": [ [ -1.291269, 51.8279242 ], [ -1.291326, 51.8280024 ] ] } },
{ "type": "Feature", "properties": { "id": 83942, "nach": 0.3892102175581843 }, "geometry": { "type": "LineString", "coordinates": [ [ -1.2911054, 51.8280561 ], [ -1.2912414, 51.8280927 ] ] } },
{ "type": "Feature", "properties": { "id": 83943, "nach": 0.38588267224952272 }, "geometry": { "type": "LineString", "coordinates": [ [ -1.291053, 51.8282078 ], [ -1.2911527, 51.8282295 ], [ -1.2912414, 51.8280927 ] ] } },
{ "type": "Feature", "properties": { "id": 83940, "nach": 0.39013196723354465 }, "geometry": { "type": "LineString", "coordinates": [ [ -1.2911511, 51.8279041 ], [ -1.291269, 51.8279242 ] ] } },
{ "type": "Feature", "properties": { "id": 83941, "nach": 0.39058822811588195 }, "geometry": { "type": "LineString", "coordinates": [ [ -1.2913102, 51.8278632 ], [ -1.291269, 51.8279242 ] ] } },
{ "type": "Feature", "properties": { "id": 27931, "nach": 0.33123304090742622 }, "geometry": { "type": "LineString", "coordinates": [ [ -1.2788501, 51.8167732 ], [ -1.2787802, 51.8167532 ], [ -1.2787163, 51.8167249 ], [ -1.2786675, 51.8166921 ], [ -1.2785943, 51.8166029 ], [ -1.2785527, 51.8165641 ], [ -1.2785108, 51.816547 ], [ -1.2784523, 51.8165385 ], [ -1.2783995, 51.816542600000012 ], [ -1.2780531, 51.8165836 ], [ -1.2778464, 51.81658250000001 ], [ -1.2775814, 51.8165761 ], [ -1.2775855, 51.8164975 ] ] } },
{ "type": "Feature", "properties": { "id": 27932, "nach": 0.42250858419561432 }, "geometry": { "type": "LineString", "coordinates": [ [ -1.2788501, 51.8167732 ], [ -1.2789012, 51.8167733 ], [ -1.2802801, 51.8167345 ], [ -1.2803295, 51.8167264 ], [ -1.2803756, 51.8166989 ], [ -1.2805598, 51.81646760000001 ], [ -1.2805634, 51.8164169 ], [ -1.2804744, 51.816110600000016 ], [ -1.2804639, 51.816075600000012 ], [ -1.2804411, 51.816040699999988 ], [ -1.2803921, 51.8160063 ], [ -1.280241, 51.815915699999984 ], [ -1.280096, 51.815768100000021 ] ] } },
{ "type": "Feature", "properties": { "id": 77030, "nach": 0.34853808743383219 }, "geometry": { "type": "LineString", "coordinates": [ [ -1.2788338, 51.8172608 ], [ -1.2788501, 51.8167732 ] ] } },
{ "type": "Feature", "properties": { "id": 27923, "nach": 0.27509552494274669 }, "geometry": { "type": "LineString", "coordinates": [ [ -1.280096, 51.815768100000021 ], [ -1.2800049, 51.8157963 ], [ -1.2797682, 51.8158281 ], [ -1.2796447, 51.8158345 ], [ -1.2795912, 51.815800100000011 ], [ -1.2795583, 51.8157111 ], [ -1.2795521, 51.8156934 ] ] } },
{ "type": "Feature", "properties": { "id": 77548, "nach": 0.46696907918195468 }, "geometry": { "type": "LineString", "coordinates": [ [ -1.2802259, 51.81560660000001 ], [ -1.2801819, 51.8157034 ], [ -1.2801263, 51.8157531 ], [ -1.280096, 51.815768100000021 ] ] } },
{ "type": "Feature", "properties": { "id": 77547, "nach": 0.41753180005619395 }, "geometry": { "type": "LineString", "coordinates": [ [ -1.2802259, 51.81560660000001 ], [ -1.2795521, 51.8156934 ] ] } },
{ "type": "Feature", "properties": { "id": 32414, "nach": 0.61077339736540281 }, "geometry": { "type": "LineString", "coordinates": [ [ -1.2812042, 51.8152915 ], [ -1.2804393, 51.8153866 ] ] } },
{ "type": "Feature", "properties": { "id": 27925, "nach": 0.51527344548610887 }, "geometry": { "type": "LineString", "coordinates": [ [ -1.2804393, 51.8153866 ], [ -1.2803733, 51.8154184 ], [ -1.2802848, 51.815502399999986 ], [ -1.2802334, 51.81559020000001 ], [ -1.2802259, 51.81560660000001 ] ] } },
{ "type": "Feature", "properties": { "id": 27927, "nach": 0.58582108565120983 }, "geometry": { "type": "LineString", "coordinates": [ [ -1.2802627, 51.8153991 ], [ -1.2803342, 51.815386599999989 ], [ -1.2804393, 51.8153866 ] ] } },
{ "type": "Feature", "properties": { "id": 32416, "nach": 0.55941378991115143 }, "geometry": { "type": "LineString", "coordinates": [ [ -1.2812042, 51.8152915 ], [ -1.2813395, 51.8156798 ], [ -1.2816023, 51.8164873 ], [ -1.2817788, 51.816983 ], [ -1.2818192, 51.8170278 ] ] } },
{ "type": "Feature", "properties": { "id": 32415, "nach": 0.59871947714107099 }, "geometry": { "type": "LineString", "coordinates": [ [ -1.2812042, 51.8152915 ], [ -1.2811891, 51.8152533 ] ] } },
{ "type": "Feature", "properties": { "id": 77537, "nach": 0.52930285655199982 }, "geometry": { "type": "LineString", "coordinates": [ [ -1.280231, 51.815301799999986 ], [ -1.2802499, 51.8153597 ], [ -1.2802627, 51.8153991 ] ] } },
{ "type": "Feature", "properties": { "id": 49850, "nach": 0.5365639219205961 }, "geometry": { "type": "LineString", "coordinates": [ [ -1.2796998, 51.8155009 ], [ -1.279832, 51.8154719 ], [ -1.2801284, 51.8154222 ], [ -1.2802251, 51.815405699999978 ], [ -1.2802627, 51.8153991 ] ] } },
{ "type": "Feature", "properties": { "id": 77535, "nach": 0.48953601598512253 }, "geometry": { "type": "LineString", "coordinates": [ [ -1.280231, 51.815301799999986 ], [ -1.2801818, 51.8151504 ] ] } },
{ "type": "Feature", "properties": { "id": 77538, "nach": 0.42412468644795681 }, "geometry": { "type": "LineString", "coordinates": [ [ -1.2797441, 51.8153651 ], [ -1.280231, 51.815301799999986 ] ] } },
{ "type": "Feature", "properties": { "id": 29425, "nach": 0.42039418745828872 }, "geometry": { "type": "LineString", "coordinates": [ [ -1.2805534, 51.8243447 ], [ -1.2806152, 51.82425760000001 ], [ -1.2806996, 51.8241596 ], [ -1.280784, 51.8240795 ], [ -1.2808478, 51.8240439 ], [ -1.2809239, 51.8240235 ], [ -1.2810227, 51.8240337 ] ] } },
{ "type": "Feature", "properties": { "id": 65816, "nach": 0.5703259226118006 }, "geometry": { "type": "LineString", "coordinates": [ [ -1.2804743, 51.81989080000001 ], [ -1.2804921, 51.8198741 ], [ -1.2805286, 51.819850099999989 ] ] } },
{ "type": "Feature", "properties": { "id": 60070, "nach": 0.40472145959213335 }, "geometry": { "type": "LineString", "coordinates": [ [ -1.2799041, 51.8197305 ], [ -1.2802433, 51.8197504 ], [ -1.2803245, 51.8197641 ], [ -1.2804302, 51.8198034 ], [ -1.2805286, 51.819850099999989 ] ] } },
{ "type": "Feature", "properties": { "id": 65811, "nach": 0.4099396080172924 }, "geometry": { "type": "LineString", "coordinates": [ [ -1.2811411, 51.8197568 ], [ -1.2811597, 51.8197648 ], [ -1.2812898, 51.8198179 ], [ -1.2813229, 51.8198197 ] ] } },
{ "type": "Feature", "properties": { "id": 65814, "nach": 0.40926579456370432 }, "geometry": { "type": "LineString", "coordinates": [ [ -1.2810598, 51.8199167 ], [ -1.2811128, 51.8198229 ], [ -1.2811411, 51.8197568 ] ] } },
{ "type": "Feature", "properties": { "id": 65815, "nach": 0.57206067353794854 }, "geometry": { "type": "LineString", "coordinates": [ [ -1.2804743, 51.81989080000001 ], [ -1.2803502, 51.820007 ] ] } },
{ "type": "Feature", "properties": { "id": 65819, "nach": 0.57531168124931442 }, "geometry": { "type": "LineString", "coordinates": [ [ -1.2803336, 51.8200261 ], [ -1.2803502, 51.820007 ] ] } },
{ "type": "Feature", "properties": { "id": 65803, "nach": 0.48314916923327622 }, "geometry": { "type": "LineString", "coordinates": [ [ -1.2806003, 51.8200587 ], [ -1.2804262, 51.820032600000012 ], [ -1.2803502, 51.820007 ] ] } },
{ "type": "Feature", "properties": { "id": 65818, "nach": 0.41097457339473537 }, "geometry": { "type": "LineString", "coordinates": [ [ -1.280295, 51.8198347 ], [ -1.2803738, 51.81984520000001 ], [ -1.2804743, 51.81989080000001 ] ] } },
{ "type": "Feature", "properties": { "id": 65824, "nach": 0.57681993336357851 }, "geometry": { "type": "LineString", "coordinates": [ [ -1.2802165, 51.8202188 ], [ -1.2802293, 51.8201458 ], [ -1.2803336, 51.8200261 ] ] } },
{ "type": "Feature", "properties": { "id": 65822, "nach": 0.40903527709825177 }, "geometry": { "type": "LineString", "coordinates": [ [ -1.2799469, 51.81998320000001 ], [ -1.280048, 51.8199862 ], [ -1.2802317, 51.8200077 ], [ -1.2803336, 51.8200261 ] ] } },
{ "type": "Feature", "properties": { "id": 65802, "nach": 0.40786752653954972 }, "geometry": { "type": "LineString", "coordinates": [ [ -1.2806003, 51.8200587 ], [ -1.2807908, 51.8200873 ] ] } },
{ "type": "Feature", "properties": { "id": 65805, "nach": 0.40716904525567926 }, "geometry": { "type": "LineString", "coordinates": [ [ -1.2806284, 51.8202046 ], [ -1.2806394, 51.8201702 ], [ -1.2806394, 51.820139500000025 ], [ -1.2806233, 51.8200898 ], [ -1.2806003, 51.8200587 ] ] } },
{ "type": "Feature", "properties": { "id": 66110, "nach": 0.56709965728445955 }, "geometry": { "type": "LineString", "coordinates": [ [ -1.2826518, 51.8141567 ], [ -1.2826707, 51.8142068 ] ] } },
{ "type": "Feature", "properties": { "id": 66113, "nach": 0.41336206337268405 }, "geometry": { "type": "LineString", "coordinates": [ [ -1.2821353, 51.8140463 ], [ -1.2820191, 51.8140759 ], [ -1.2819867, 51.8141048 ], [ -1.2820418, 51.8142092 ], [ -1.2820694, 51.814217300000024 ], [ -1.282612, 51.8141662 ], [ -1.2826518, 51.8141567 ] ] } },
{ "type": "Feature", "properties": { "id": 27967, "nach": 0.56594379533300332 }, "geometry": { "type": "LineString", "coordinates": [ [ -1.2858176, 51.8209581 ], [ -1.2856515, 51.8208397 ], [ -1.2853832, 51.820693299999988 ], [ -1.2852395, 51.8205985 ] ] } },
{ "type": "Feature", "properties": { "id": 84149, "nach": 0.44088999861042272 }, "geometry": { "type": "LineString", "coordinates": [ [ -1.284938, 51.820897 ], [ -1.2852082, 51.8206862 ], [ -1.2852467, 51.8206427 ], [ -1.2852395, 51.8205985 ] ] } },
{ "type": "Feature", "properties": { "id": 27975, "nach": 0.44520290216891806 }, "geometry": { "type": "LineString", "coordinates": [ [ -1.2904241, 51.824614 ], [ -1.2907872, 51.8244926 ] ] } },
{ "type": "Feature", "properties": { "id": 27976, "nach": 0.44638702722943069 }, "geometry": { "type": "LineString", "coordinates": [ [ -1.2906336, 51.8243168 ], [ -1.2907872, 51.8244926 ] ] } },
{ "type": "Feature", "properties": { "id": 28478, "nach": 0.40946904933010819 }, "geometry": { "type": "LineString", "coordinates": [ [ -1.2802713, 51.8255538 ], [ -1.2801545, 51.8254555 ], [ -1.2802464, 51.825336 ], [ -1.2803307, 51.825246 ], [ -1.2804513, 51.825175 ], [ -1.2805395, 51.8251099 ] ] } },
{ "type": "Feature", "properties": { "id": 28479, "nach": 0.4037877640641479 }, "geometry": { "type": "LineString", "coordinates": [ [ -1.279712, 51.825626 ], [ -1.2801468, 51.8252472 ], [ -1.2802464, 51.825188 ], [ -1.2803441, 51.825156 ], [ -1.2805395, 51.8251099 ] ] } },
{ "type": "Feature", "properties": { "id": 76838, "nach": 0.43996343172883795 }, "geometry": { "type": "LineString", "coordinates": [ [ -1.2814487, 51.8147376 ], [ -1.2813953, 51.8147449 ] ] } },
{ "type": "Feature", "properties": { "id": 76839, "nach": 0.43888916968233838 }, "geometry": { "type": "LineString", "coordinates": [ [ -1.2812797, 51.8146141 ], [ -1.2812978, 51.8146602 ], [ -1.2813226, 51.8147211 ], [ -1.2813953, 51.8147449 ] ] } },
{ "type": "Feature", "properties": { "id": 77328, "nach": 0.63076391381190577 }, "geometry": { "type": "LineString", "coordinates": [ [ -1.281568, 51.8173812 ], [ -1.2815859, 51.8173783 ] ] } },
{ "type": "Feature", "properties": { "id": 77330, "nach": 0.44905582217663398 }, "geometry": { "type": "LineString", "coordinates": [ [ -1.281568, 51.8173812 ], [ -1.2814892, 51.81725 ] ] } },
{ "type": "Feature", "properties": { "id": 41974, "nach": 0.33121304597654555 }, "geometry": { "type": "LineString", "coordinates": [ [ -1.3015018, 51.81801020000001 ], [ -1.301446, 51.8180699 ], [ -1.3013677, 51.8180898 ], [ -1.2999681, 51.8182788 ], [ -1.2999225, 51.8184313 ] ] } },
{ "type": "Feature", "properties": { "id": 32437, "nach": 0.43553665726005714 }, "geometry": { "type": "LineString", "coordinates": [ [ -1.2918357, 51.8170506 ], [ -1.2918031, 51.8169822 ] ] } },
{ "type": "Feature", "properties": { "id": 32439, "nach": 0.435300693262752 }, "geometry": { "type": "LineString", "coordinates": [ [ -1.2919607, 51.8170585 ], [ -1.2918357, 51.8170506 ] ] } },
{ "type": "Feature", "properties": { "id": 32441, "nach": 0.54587285471005265 }, "geometry": { "type": "LineString", "coordinates": [ [ -1.2905046, 51.817613600000016 ], [ -1.2912214, 51.8170421 ] ] } },
{ "type": "Feature", "properties": { "id": 32376, "nach": 0.41469509842432783 }, "geometry": { "type": "LineString", "coordinates": [ [ -1.2794612, 51.821908 ], [ -1.279493, 51.821842 ] ] } },
{ "type": "Feature", "properties": { "id": 33066, "nach": 0.45105218657839569 }, "geometry": { "type": "LineString", "coordinates": [ [ -1.2891826, 51.824312 ], [ -1.2890227, 51.8241427 ] ] } },
{ "type": "Feature", "properties": { "id": 33077, "nach": 0.44939445680354084 }, "geometry": { "type": "LineString", "coordinates": [ [ -1.2893979, 51.8245411 ], [ -1.2891826, 51.824312 ] ] } },
{ "type": "Feature", "properties": { "id": 33093, "nach": 0.44483426706323176 }, "geometry": { "type": "LineString", "coordinates": [ [ -1.2880542, 51.8246873 ], [ -1.2879337, 51.8244748 ] ] } },
{ "type": "Feature", "properties": { "id": 33091, "nach": 0.58257589459455761 }, "geometry": { "type": "LineString", "coordinates": [ [ -1.2880542, 51.8246873 ], [ -1.2881872, 51.8246575 ] ] } },
{ "type": "Feature", "properties": { "id": 84218, "nach": 0.4823123887289853 }, "geometry": { "type": "LineString", "coordinates": [ [ -1.2877411, 51.814584 ], [ -1.2877605, 51.8145675 ], [ -1.2877781, 51.814535 ], [ -1.287768, 51.8144938 ], [ -1.2877624, 51.8144761 ] ] } },
{ "type": "Feature", "properties": { "id": 84220, "nach": 0.40130569521543719 }, "geometry": { "type": "LineString", "coordinates": [ [ -1.2878629, 51.8145388 ], [ -1.2877411, 51.814584 ] ] } },
{ "type": "Feature", "properties": { "id": 65440, "nach": 0.45632325754660846 }, "geometry": { "type": "LineString", "coordinates": [ [ -1.2879181, 51.823282400000011 ], [ -1.2879602, 51.8233583 ] ] } },
{ "type": "Feature", "properties": { "id": 65443, "nach": 0.45463666133745295 }, "geometry": { "type": "LineString", "coordinates": [ [ -1.2876551, 51.823342 ], [ -1.2879181, 51.823282400000011 ] ] } },
{ "type": "Feature", "properties": { "id": 32490, "nach": 0.46241176500443743 }, "geometry": { "type": "LineString", "coordinates": [ [ -1.2889468, 51.8228054 ], [ -1.2893441, 51.822639099999989 ], [ -1.2893886, 51.8226411 ] ] } },
{ "type": "Feature", "properties": { "id": 60481, "nach": 0.44369558017335037 }, "geometry": { "type": "LineString", "coordinates": [ [ -1.2890031, 51.8194148 ], [ -1.2893382, 51.8195712 ] ] } },
{ "type": "Feature", "properties": { "id": 60484, "nach": 0.44096342611564199 }, "geometry": { "type": "LineString", "coordinates": [ [ -1.2884293, 51.8196337 ], [ -1.2886283, 51.8195782 ], [ -1.2888035, 51.8195184 ], [ -1.2889222, 51.8194753 ], [ -1.2890031, 51.8194148 ] ] } },
{ "type": "Feature", "properties": { "id": 33086, "nach": 0.43653277868916129 }, "geometry": { "type": "LineString", "coordinates": [ [ -1.2882791, 51.8246359 ], [ -1.2879281, 51.8240693 ] ] } },
{ "type": "Feature", "properties": { "id": 33084, "nach": 0.58973470545232887 }, "geometry": { "type": "LineString", "coordinates": [ [ -1.2882791, 51.8246359 ], [ -1.2883968, 51.8246088 ] ] } },
{ "type": "Feature", "properties": { "id": 33088, "nach": 0.58589489550543028 }, "geometry": { "type": "LineString", "coordinates": [ [ -1.2881872, 51.8246575 ], [ -1.2882791, 51.8246359 ] ] } },
{ "type": "Feature", "properties": { "id": 33078, "nach": 0.6055587940881636 }, "geometry": { "type": "LineString", "coordinates": [ [ -1.288624, 51.8245559 ], [ -1.2888397, 51.8244965 ] ] } },
{ "type": "Feature", "properties": { "id": 33087, "nach": 0.45049458194575143 }, "geometry": { "type": "LineString", "coordinates": [ [ -1.2889871, 51.8246496 ], [ -1.2888397, 51.8244965 ] ] } },
{ "type": "Feature", "properties": { "id": 33081, "nach": 0.59769072630243991 }, "geometry": { "type": "LineString", "coordinates": [ [ -1.2883968, 51.8246088 ], [ -1.288624, 51.8245559 ] ] } },
{ "type": "Feature", "properties": { "id": 33094, "nach": 0.44859263995911669 }, "geometry": { "type": "LineString", "coordinates": [ [ -1.288747, 51.8247087 ], [ -1.288624, 51.8245559 ] ] } },
{ "type": "Feature", "properties": { "id": 33095, "nach": 0.44746961686335363 }, "geometry": { "type": "LineString", "coordinates": [ [ -1.2885008, 51.8247638 ], [ -1.2883968, 51.8246088 ] ] } },
{ "type": "Feature", "properties": { "id": 33096, "nach": 0.44596619794985759 }, "geometry": { "type": "LineString", "coordinates": [ [ -1.2882906, 51.8248557 ], [ -1.2881872, 51.8246575 ] ] } },
{ "type": "Feature", "properties": { "id": 49887, "nach": 0.44208537640207091 }, "geometry": { "type": "LineString", "coordinates": [ [ -1.2817346, 51.81794020000001 ], [ -1.2817161, 51.8178705 ], [ -1.281702, 51.81780340000001 ], [ -1.2815859, 51.8173783 ] ] } },
{ "type": "Feature", "properties": { "id": 83824, "nach": 0.60413752504647922 }, "geometry": { "type": "LineString", "coordinates": [ [ -1.2834859, 51.82285670000001 ], [ -1.2834425, 51.82276670000001 ], [ -1.2833745, 51.8226694 ] ] } },
{ "type": "Feature", "properties": { "id": 83822, "nach": 0.43728012972995395 }, "geometry": { "type": "LineString", "coordinates": [ [ -1.2836842, 51.82282510000001 ], [ -1.2836614, 51.8227852 ], [ -1.2835986, 51.822671800000023 ], [ -1.2834467, 51.8226638 ], [ -1.2833745, 51.8226694 ] ] } },
{ "type": "Feature", "properties": { "id": 84214, "nach": 0.46422883557691963 }, "geometry": { "type": "LineString", "coordinates": [ [ -1.2877624, 51.8144761 ], [ -1.2876945, 51.8144917 ], [ -1.2876717, 51.8144742 ], [ -1.2876335, 51.8144525 ], [ -1.28761, 51.8144352 ], [ -1.28758, 51.8143952 ], [ -1.2875554, 51.8143484 ], [ -1.2875506, 51.8143134 ], [ -1.2875728, 51.8142765 ], [ -1.2875979, 51.8142505 ] ] } },
{ "type": "Feature", "properties": { "id": 39430, "nach": 0.4346681919587479 }, "geometry": { "type": "LineString", "coordinates": [ [ -1.2877876, 51.816842300000012 ], [ -1.2875193, 51.8165853 ] ] } },
{ "type": "Feature", "properties": { "id": 39432, "nach": 0.44030613127448648 }, "geometry": { "type": "LineString", "coordinates": [ [ -1.2878537, 51.8169056 ], [ -1.2877876, 51.816842300000012 ] ] } },
{ "type": "Feature", "properties": { "id": 83923, "nach": 0.54111947794777537 }, "geometry": { "type": "LineString", "coordinates": [ [ -1.2896871, 51.8272597 ], [ -1.2895681, 51.8272284 ], [ -1.289458, 51.8271963 ] ] } },
{ "type": "Feature", "properties": { "id": 83924, "nach": 0.41612276005509591 }, "geometry": { "type": "LineString", "coordinates": [ [ -1.2895954, 51.8273956 ], [ -1.2896871, 51.8272597 ] ] } },
{ "type": "Feature", "properties": { "id": 46364, "nach": 0.37378400146488022 }, "geometry": { "type": "LineString", "coordinates": [ [ -1.2885547, 51.8213551 ], [ -1.288143, 51.8211835 ], [ -1.2880839, 51.8211271 ] ] } },
{ "type": "Feature", "properties": { "id": 46387, "nach": 0.461986266508775 }, "geometry": { "type": "LineString", "coordinates": [ [ -1.2903075, 51.820755799999986 ], [ -1.2904388, 51.8207649 ] ] } },
{ "type": "Feature", "properties": { "id": 46388, "nach": 0.60652540885210371 }, "geometry": { "type": "LineString", "coordinates": [ [ -1.2904993, 51.8207691 ], [ -1.2904388, 51.8207649 ] ] } },
{ "type": "Feature", "properties": { "id": 46389, "nach": 0.45994492822431871 }, "geometry": { "type": "LineString", "coordinates": [ [ -1.2904993, 51.8207691 ], [ -1.29051, 51.8206878 ], [ -1.2907983, 51.8207036 ] ] } },
{ "type": "Feature", "properties": { "id": 65862, "nach": 0.41360197860625941 }, "geometry": { "type": "LineString", "coordinates": [ [ -1.2860985, 51.8283006 ], [ -1.2861391, 51.8283601 ] ] } },
{ "type": "Feature", "properties": { "id": 65865, "nach": 0.41260840147576228 }, "geometry": { "type": "LineString", "coordinates": [ [ -1.2859506, 51.8283512 ], [ -1.2860985, 51.8283006 ] ] } },
{ "type": "Feature", "properties": { "id": 83880, "nach": 0.38186236642333932 }, "geometry": { "type": "LineString", "coordinates": [ [ -1.3002436, 51.8253593 ], [ -1.300443, 51.82534050000001 ] ] } },
{ "type": "Feature", "properties": { "id": 83878, "nach": 0.31041007179742813 }, "geometry": { "type": "LineString", "coordinates": [ [ -1.30037, 51.8251887 ], [ -1.3004565, 51.825305400000012 ], [ -1.300443, 51.82534050000001 ] ] } },
{ "type": "Feature", "properties": { "id": 83879, "nach": 0.31009897589961954 }, "geometry": { "type": "LineString", "coordinates": [ [ -1.3002436, 51.8253593 ], [ -1.3001365, 51.8253695 ] ] } },
{ "type": "Feature", "properties": { "id": 83882, "nach": 0.31009897589961954 }, "geometry": { "type": "LineString", "coordinates": [ [ -1.3001549, 51.8252544 ], [ -1.3002436, 51.8253593 ] ] } },
{ "type": "Feature", "properties": { "id": 57277, "nach": 0.45358459281926428 }, "geometry": { "type": "LineString", "coordinates": [ [ -1.2925403, 51.821646800000011 ], [ -1.2925112, 51.8217832 ] ] } },
{ "type": "Feature", "properties": { "id": 57278, "nach": 0.45307596244032844 }, "geometry": { "type": "LineString", "coordinates": [ [ -1.292555, 51.8219469 ], [ -1.2925109, 51.8218529 ], [ -1.292506, 51.8218074 ], [ -1.2925112, 51.8217832 ] ] } },
{ "type": "Feature", "properties": { "id": 65823, "nach": 0.57900264933249557 }, "geometry": { "type": "LineString", "coordinates": [ [ -1.2802165, 51.8202188 ], [ -1.2801997, 51.8203155 ] ] } },
{ "type": "Feature", "properties": { "id": 65800, "nach": 0.40371421949230679 }, "geometry": { "type": "LineString", "coordinates": [ [ -1.2797569, 51.8200956 ], [ -1.2797221, 51.82026470000001 ], [ -1.2800439, 51.8203012 ], [ -1.2801997, 51.8203155 ] ] } },
{ "type": "Feature", "properties": { "id": 65826, "nach": 0.40978821756960321 }, "geometry": { "type": "LineString", "coordinates": [ [ -1.2800086, 51.8201872 ], [ -1.2801029, 51.820205 ], [ -1.2802165, 51.8202188 ] ] } },
{ "type": "Feature", "properties": { "id": 71357, "nach": 0.45609439866157864 }, "geometry": { "type": "LineString", "coordinates": [ [ -1.2883445, 51.8230353 ], [ -1.2886663, 51.8229529 ] ] } },
{ "type": "Feature", "properties": { "id": 71360, "nach": 0.45758914778674536 }, "geometry": { "type": "LineString", "coordinates": [ [ -1.2884235, 51.8231818 ], [ -1.2883445, 51.8230353 ] ] } },
{ "type": "Feature", "properties": { "id": 77327, "nach": 0.0 }, "geometry": { "type": "LineString", "coordinates": [ [ -1.2814892, 51.81725 ], [ -1.2817248, 51.8171713 ], [ -1.281775, 51.81714070000001 ], [ -1.2817278, 51.817081700000017 ], [ -1.2817162, 51.8170671 ], [ -1.2812955, 51.8171957 ], [ -1.2813174, 51.817223099999985 ], [ -1.2813543, 51.8172692 ], [ -1.2814892, 51.81725 ] ] } },
{ "type": "Feature", "properties": { "id": 83820, "nach": 0.44255353080965643 }, "geometry": { "type": "LineString", "coordinates": [ [ -1.2836842, 51.82282510000001 ], [ -1.2837763, 51.8229859 ] ] } },
{ "type": "Feature", "properties": { "id": 83823, "nach": 0.110139949599819 }, "geometry": { "type": "LineString", "coordinates": [ [ -1.2834859, 51.82285670000001 ], [ -1.2836842, 51.82282510000001 ] ] } },
{ "type": "Feature", "properties": { "id": 83857, "nach": 0.41469657136766713 }, "geometry": { "type": "LineString", "coordinates": [ [ -1.28953, 51.826864600000015 ], [ -1.2895234, 51.8268826 ], [ -1.2895169, 51.8269065 ], [ -1.2895221, 51.826926899999989 ], [ -1.2895395, 51.826960800000016 ], [ -1.2895687, 51.8269942 ], [ -1.2895578, 51.8270248 ], [ -1.289458, 51.8271963 ] ] } }
]
}
