{
"type": "FeatureCollection",
"name": "DARTF_5_walking",
"crs": { "type": "name", "properties": { "name": "urn:ogc:def:crs:OGC:1.3:CRS84" } },
"features": [
{"type":"Feature","properties":{"highway":"footway","name":null,"category":"Footpath (pedestrian only)"},"geometry":{"type":"MultiLineString","coordinates":[[[0.274705,51.4437263],[0.2749402,51.44357],[0.2751609,51.4434363],[0.2755906,51.4430748]]]}},
{"type":"Feature","properties":{"highway":"footway","name":null,"category":"Footpath (pedestrian only)"},"geometry":{"type":"MultiLineString","coordinates":[[[0.2613756,51.4431192],[0.2612371,51.4431986],[0.2609162,51.4441063],[0.2607545,51.4444575],[0.2608075,51.4445023]]]}},
{"type":"Feature","properties":{"highway":"footway","name":null,"category":"Footpath (pedestrian only)"},"geometry":{"type":"MultiLineString","coordinates":[[[0.2627076,51.4452944],[0.2626208,51.4452869],[0.2625795,51.445281],[0.2625301,51.4452737],[0.2624485,51.445262],[0.2623506,51.4452469],[0.2621781,51.4452222],[0.262083,51.4452073],[0.2620243,51.4451975],[0.2620213,51.4451964],[0.2620199,51.4451955],[0.2620191,51.4451942],[0.262019,51.4451923],[0.2620196,51.4451888],[0.2620271,51.4451513],[0.2620309,51.4451347],[0.2620361,51.4451127],[0.2620371,51.4451061],[0.2620365,51.4451],[0.2620358,51.4450956],[0.2620341,51.4450903],[0.2620316,51.4450833],[0.2620293,51.4450744],[0.2620224,51.4450533],[0.2620175,51.4450436],[0.2620132,51.4450388],[0.2620077,51.4450353],[0.2620021,51.4450331],[0.2619911,51.44503],[0.261966,51.4450238],[0.2619347,51.4450158],[0.2619005,51.4450084],[0.2618143,51.4449903],[0.2617739,51.4449808],[0.2617045,51.4449607],[0.2616575,51.4449467],[0.2615722,51.4449204],[0.2615295,51.444907],[0.2614572,51.4448821],[0.2613996,51.4448612],[0.2607089,51.4447396]]]}},
{"type":"Feature","properties":{"highway":"footway","name":null,"category":"Footpath (pedestrian only)"},"geometry":{"type":"MultiLineString","coordinates":[[[0.2617739,51.4449808],[0.2618063,51.4449036]]]}},
{"type":"Feature","properties":{"highway":"footway","name":null,"category":"Footpath (pedestrian only)"},"geometry":{"type":"MultiLineString","coordinates":[[[0.261154,51.4441493],[0.2609162,51.4441063],[0.2608797,51.4441014],[0.2608577,51.4440979]]]}},
{"type":"Feature","properties":{"highway":"footway","name":null,"category":"Footpath (pedestrian only)"},"geometry":{"type":"MultiLineString","coordinates":[[[0.2596699,51.4449152],[0.2588492,51.4447882]]]}},
{"type":"Feature","properties":{"highway":"footway","name":null,"category":"Footpath (pedestrian only)"},"geometry":{"type":"MultiLineString","coordinates":[[[0.2644543,51.4464972],[0.2644582,51.4464771],[0.2644603,51.4464642]]]}},
{"type":"Feature","properties":{"highway":"footway","name":null,"category":"Footpath (pedestrian only)"},"geometry":{"type":"MultiLineString","coordinates":[[[0.2701056,51.4441163],[0.2702318,51.4438886]]]}},
{"type":"Feature","properties":{"highway":"footway","name":null,"category":"Footpath (pedestrian only)"},"geometry":{"type":"MultiLineString","coordinates":[[[0.274705,51.4437263],[0.2747878,51.4437724],[0.2747767,51.4438112],[0.2746633,51.4440426],[0.2745042,51.4442617],[0.2743391,51.4444786],[0.2741226,51.444706],[0.2734788,51.4452998],[0.2734445,51.4460754],[0.2733759,51.4464787],[0.2732919,51.4469725],[0.2732246,51.4474327],[0.2732208,51.4474606],[0.273206,51.4475234]]]}},
{"type":"Feature","properties":{"highway":"footway","name":null,"category":"Footpath (pedestrian only)"},"geometry":{"type":"MultiLineString","coordinates":[[[0.2753478,51.4445017],[0.2752808,51.4445946],[0.2751646,51.4447371]]]}},
{"type":"Feature","properties":{"highway":"footway","name":null,"category":"Footpath (pedestrian only)"},"geometry":{"type":"MultiLineString","coordinates":[[[0.2750381,51.4449065],[0.274974,51.4449768],[0.2749643,51.4450475],[0.2749365,51.4450847],[0.2749208,51.445107],[0.2749058,51.4451302],[0.2749031,51.4451355],[0.2749016,51.445139],[0.2749002,51.4451427],[0.2748993,51.4451463],[0.2748988,51.4451499],[0.2748985,51.4451551],[0.274899,51.4451652]]]}},
{"type":"Feature","properties":{"highway":"footway","name":null,"category":"Footpath (pedestrian only)"},"geometry":{"type":"MultiLineString","coordinates":[[[0.2758926,51.4479119],[0.2758955,51.4478965],[0.2759043,51.4478521],[0.275923,51.4477498],[0.275926,51.4477229],[0.275931,51.4476914],[0.2759344,51.4476649],[0.2759864,51.447633]]]}},
{"type":"Feature","properties":{"highway":"footway","name":"Moorhen Walk","category":"Footpath (pedestrian only)"},"geometry":{"type":"MultiLineString","coordinates":[[[0.277774,51.4462482],[0.2776674,51.4462444]]]}},
{"type":"Feature","properties":{"highway":"footway","name":"Moorhen Walk","category":"Footpath (pedestrian only)"},"geometry":{"type":"MultiLineString","coordinates":[[[0.2775954,51.4462451],[0.2773172,51.4463088],[0.2770923,51.4463877],[0.2770136,51.4464151],[0.276965,51.4464321]]]}},
{"type":"Feature","properties":{"highway":"footway","name":null,"category":"Footpath (pedestrian only)"},"geometry":{"type":"MultiLineString","coordinates":[[[0.2754311,51.4477804],[0.2752538,51.4477696]]]}},
{"type":"Feature","properties":{"highway":"footway","name":null,"category":"Footpath (pedestrian only)"},"geometry":{"type":"MultiLineString","coordinates":[[[0.2752538,51.4477696],[0.2753012,51.4475311]]]}},
{"type":"Feature","properties":{"highway":"footway","name":null,"category":"Footpath (pedestrian only)"},"geometry":{"type":"MultiLineString","coordinates":[[[0.2751853,51.4477675],[0.2750058,51.4477655],[0.2747161,51.4477459]]]}},
{"type":"Feature","properties":{"highway":"footway","name":null,"category":"Footpath (pedestrian only)"},"geometry":{"type":"MultiLineString","coordinates":[[[0.2740013,51.4471693],[0.2744332,51.4471841]]]}},
{"type":"Feature","properties":{"highway":"footway","name":null,"category":"Footpath (pedestrian only)"},"geometry":{"type":"MultiLineString","coordinates":[[[0.2758006,51.445653],[0.2757694,51.4457358],[0.2756089,51.4458876],[0.2755912,51.4459044],[0.2753656,51.4460887]]]}},
{"type":"Feature","properties":{"highway":"footway","name":null,"category":"Footpath (pedestrian only)"},"geometry":{"type":"MultiLineString","coordinates":[[[0.2746323,51.4477052],[0.2745081,51.4476451],[0.2742562,51.4475856],[0.2740948,51.4474765],[0.2740013,51.4471693],[0.2739728,51.4470893],[0.2740295,51.4469482],[0.2743643,51.4464628]]]}},
{"type":"Feature","properties":{"highway":"footway","name":null,"category":"Footpath (pedestrian only)"},"geometry":{"type":"MultiLineString","coordinates":[[[0.2734445,51.4460754],[0.274332,51.4463938]]]}},
{"type":"Feature","properties":{"highway":"footway","name":null,"category":"Footpath (pedestrian only)"},"geometry":{"type":"MultiLineString","coordinates":[[[0.2743643,51.4464628],[0.274332,51.4463938],[0.2744228,51.4463586],[0.2744652,51.4464181],[0.2743643,51.4464628]]]}},
{"type":"Feature","properties":{"highway":"footway","name":null,"category":"Footpath (pedestrian only)"},"geometry":{"type":"MultiLineString","coordinates":[[[0.2744228,51.4463586],[0.2744113,51.4463311],[0.2744158,51.446301],[0.2744171,51.4462908],[0.2744175,51.4462802],[0.2744174,51.4462706],[0.2744164,51.4462609],[0.2744149,51.4462521],[0.2744112,51.4462375],[0.2744083,51.4462279],[0.2744031,51.446215],[0.2743984,51.446204],[0.274393,51.4461933],[0.2743879,51.4461846],[0.2743749,51.4461671],[0.2743683,51.4461585],[0.2743598,51.4461489],[0.2743389,51.4461275],[0.2742979,51.446084],[0.274279,51.4460639],[0.2742527,51.4460346],[0.2742334,51.4460123],[0.2742156,51.4459916],[0.2741928,51.4459627],[0.2741833,51.4459493],[0.2741733,51.4459339],[0.274163,51.4459178],[0.2741537,51.4459015],[0.2741453,51.4458846],[0.2741399,51.4458729],[0.2741303,51.4458487],[0.2741188,51.4458197],[0.2741077,51.4457903],[0.2741012,51.4457698],[0.2740944,51.4457448],[0.2740878,51.4457181],[0.2740831,51.4456958],[0.2740793,51.445672],[0.2740789,51.4456695],[0.2740763,51.4456477],[0.2740758,51.4456361],[0.2740764,51.4456201],[0.2740779,51.4456038],[0.274083,51.4455806],[0.2740907,51.4455539],[0.2740963,51.4455395],[0.2741065,51.4455138],[0.2741129,51.4454971],[0.2741183,51.4454868],[0.274128,51.4454711],[0.2741382,51.4454576],[0.274146,51.445448],[0.2741549,51.4454375],[0.2741648,51.4454267],[0.2741741,51.4454181],[0.2741851,51.4454087],[0.2742002,51.4453975],[0.2742128,51.4453888],[0.2742275,51.4453804],[0.2742443,51.4453709],[0.2742606,51.4453625],[0.2742849,51.4453522],[0.2743766,51.4453191],[0.2745056,51.4452708],[0.2746339,51.4452223],[0.2746582,51.4452138],[0.2746828,51.445206],[0.2747132,51.4451974],[0.2747443,51.4451893],[0.2747689,51.4451837],[0.2747875,51.4451795],[0.2748091,51.4451752],[0.2748336,51.4451713],[0.274851,51.4451693],[0.2748745,51.4451671],[0.274899,51.4451652],[0.2749191,51.4451647],[0.2749954,51.4451641],[0.2750253,51.4451645],[0.2750445,51.4451652],[0.2750661,51.4451665],[0.2750863,51.4451684],[0.2751039,51.4451709],[0.2751208,51.4451736],[0.2754684,51.4451967]]]}},
{"type":"Feature","properties":{"highway":"footway","name":null,"category":"Footpath (pedestrian only)"},"geometry":{"type":"MultiLineString","coordinates":[[[0.2744652,51.4464181],[0.2746173,51.446484],[0.2746887,51.446426],[0.2751034,51.4465931],[0.2751911,51.4464806],[0.2756691,51.4466136]]]}},
{"type":"Feature","properties":{"highway":"footway","name":null,"category":"Footpath (pedestrian only)"},"geometry":{"type":"MultiLineString","coordinates":[[[0.2734788,51.4452998],[0.2734148,51.4452845],[0.2731344,51.4451191],[0.2731007,51.4450993],[0.2725133,51.4445619],[0.2720282,51.44413]]]}},
{"type":"Feature","properties":{"highway":"footway","name":"Skylark Avenue","category":"Footpath (pedestrian only)"},"geometry":{"type":"MultiLineString","coordinates":[[[0.2743391,51.4444786],[0.2744042,51.4444993]]]}},
{"type":"Feature","properties":{"highway":"footway","name":"Stonechat Mews","category":"Footpath (pedestrian only)"},"geometry":{"type":"MultiLineString","coordinates":[[[0.2745042,51.4442617],[0.2746155,51.4442935]]]}},
{"type":"Feature","properties":{"highway":"footway","name":null,"category":"Footpath (pedestrian only)"},"geometry":{"type":"MultiLineString","coordinates":[[[0.2692853,51.4468864],[0.2692913,51.4468716],[0.2693983,51.4466567],[0.2694589,51.446535],[0.2699897,51.4449511],[0.2700254,51.4448446],[0.2702496,51.444137]]]}},
{"type":"Feature","properties":{"highway":"footway","name":null,"category":"Footpath (pedestrian only)"},"geometry":{"type":"MultiLineString","coordinates":[[[0.268231,51.4481889],[0.2682185,51.4482858],[0.2681896,51.4484085],[0.2681362,51.4486314],[0.2680779,51.4488442],[0.2680125,51.4490881],[0.2679481,51.4493095],[0.2678724,51.4495843],[0.2678983,51.4499108],[0.2679271,51.4499935],[0.2679287,51.4500153]]]}},
{"type":"Feature","properties":{"highway":"footway","name":null,"category":"Footpath (pedestrian only)"},"geometry":{"type":"MultiLineString","coordinates":[[[0.2679287,51.4500153],[0.2676745,51.4501195],[0.2672435,51.4501952],[0.2671029,51.4502106],[0.2670106,51.4502688],[0.2670438,51.450375],[0.2668012,51.4504208],[0.2667693,51.4504355],[0.2666663,51.4504496],[0.2668268,51.4509068],[0.2668338,51.4509326],[0.2668755,51.451087],[0.2669089,51.4512167],[0.2669392,51.4513038]]]}},
{"type":"Feature","properties":{"highway":"footway","name":null,"category":"Footpath (pedestrian only)"},"geometry":{"type":"MultiLineString","coordinates":[[[0.2677094,51.4490761],[0.2675587,51.4490688],[0.2674544,51.4490729],[0.2673541,51.4490865],[0.2672649,51.4491106],[0.2672334,51.4491343],[0.2672055,51.4491165],[0.2671973,51.4490924],[0.2670894,51.4489812],[0.2669963,51.4489031],[0.2669513,51.4487533]]]}},
{"type":"Feature","properties":{"highway":"footway","name":"Upper Church Hill","category":"Footpath (pedestrian only)"},"geometry":{"type":"MultiLineString","coordinates":[[[0.2640723,51.4501474],[0.2646722,51.4499865]]]}},
{"type":"Feature","properties":{"highway":"footway","name":null,"category":"Footpath (pedestrian only)"},"geometry":{"type":"MultiLineString","coordinates":[[[0.2669392,51.4513038],[0.2669897,51.4514728],[0.2669976,51.451499]]]}},
{"type":"Feature","properties":{"highway":"footway","name":null,"category":"Footpath (pedestrian only)"},"geometry":{"type":"MultiLineString","coordinates":[[[0.2666332,51.452464],[0.2666723,51.4524692],[0.2667208,51.4524888],[0.2667554,51.4525032],[0.2668103,51.4525304],[0.2668637,51.4525605]]]}},
{"type":"Feature","properties":{"highway":"footway","name":null,"category":"Footpath (pedestrian only)"},"geometry":{"type":"MultiLineString","coordinates":[[[0.2743276,51.4521857],[0.2742122,51.4521781],[0.2741328,51.4521907],[0.2740053,51.452218],[0.273994,51.4522361]]]}},
{"type":"Feature","properties":{"highway":"footway","name":null,"category":"Footpath (pedestrian only)"},"geometry":{"type":"MultiLineString","coordinates":[[[0.2774969,51.4519889],[0.2775394,51.4520495],[0.2775472,51.4520607],[0.2776197,51.4522288],[0.2777384,51.45229],[0.2777583,51.4522983]]]}},
{"type":"Feature","properties":{"highway":"footway","name":null,"category":"Footpath (pedestrian only)"},"geometry":{"type":"MultiLineString","coordinates":[[[0.2737947,51.4508844],[0.2738191,51.4509018],[0.2738257,51.4509078],[0.2738292,51.4509112],[0.2738317,51.4509138],[0.2738454,51.4509309],[0.2738562,51.4509438],[0.2738766,51.4509654],[0.273881,51.4509688],[0.2738861,51.4509719],[0.273894,51.4509748],[0.2739273,51.4509827],[0.2739349,51.4509844],[0.2739451,51.450986],[0.2739599,51.4509874],[0.2739763,51.4509885],[0.2739993,51.4509889],[0.2740139,51.4509884],[0.2740576,51.4509865],[0.2742375,51.450996],[0.27448,51.4510652],[0.2750469,51.4511112],[0.2755759,51.4510794],[0.2757352,51.4510251],[0.2758223,51.4510156]]]}},
{"type":"Feature","properties":{"highway":"footway","name":null,"category":"Footpath (pedestrian only)"},"geometry":{"type":"MultiLineString","coordinates":[[[0.2758505,51.4511709],[0.2758557,51.4511974],[0.2758809,51.4512728]]]}},
{"type":"Feature","properties":{"highway":"footway","name":null,"category":"Footpath (pedestrian only)"},"geometry":{"type":"MultiLineString","coordinates":[[[0.2765946,51.4512393],[0.2764258,51.4512524],[0.2759413,51.4512662],[0.2758809,51.4512728],[0.2757757,51.4512973],[0.2756507,51.4513314],[0.2754165,51.4513673],[0.2750999,51.4514491],[0.2750051,51.45147],[0.2743139,51.4516867],[0.2742352,51.4516953]]]}},
{"type":"Feature","properties":{"highway":"footway","name":null,"category":"Footpath (pedestrian only)"},"geometry":{"type":"MultiLineString","coordinates":[[[0.27448,51.4510652],[0.2746488,51.4511436],[0.2746629,51.4511811],[0.2746975,51.4512727],[0.2747674,51.4512913],[0.2749125,51.4513022],[0.2748956,51.4513694],[0.2750051,51.45147]]]}},
{"type":"Feature","properties":{"highway":"footway","name":null,"category":"Footpath (pedestrian only)"},"geometry":{"type":"MultiLineString","coordinates":[[[0.2746975,51.4512727],[0.2742486,51.4513027]]]}},
{"type":"Feature","properties":{"highway":"footway","name":null,"category":"Footpath (pedestrian only)"},"geometry":{"type":"MultiLineString","coordinates":[[[0.2703755,51.4491983],[0.2703704,51.4492986],[0.27037,51.4493569],[0.270371,51.4493923],[0.2703809,51.4494865],[0.2703835,51.4495185],[0.2703853,51.449548],[0.2703849,51.449584],[0.270384,51.4495966],[0.2703823,51.4496078],[0.2703798,51.4496176],[0.2703736,51.4496518],[0.2703714,51.4496643],[0.2703695,51.4496805],[0.2703685,51.4496976],[0.2703694,51.4497163],[0.270371,51.4497461],[0.2703737,51.4497633],[0.2703801,51.449795],[0.2703919,51.449854],[0.2703938,51.449863],[0.2703961,51.4498716],[0.2703978,51.4498768],[0.2703984,51.4498789],[0.2704018,51.449888],[0.2704055,51.4498965],[0.2704094,51.4499057],[0.2704133,51.4499181],[0.2704371,51.4500042],[0.2704456,51.4500322],[0.2704663,51.4500942],[0.2704844,51.4501449],[0.2705163,51.4502308],[0.2705314,51.4502734],[0.2705376,51.4502877],[0.2705416,51.4502956],[0.2705483,51.4503066],[0.2705667,51.4503376],[0.2705781,51.4503584],[0.2705875,51.4503759],[0.2705633,51.4503872],[0.2705395,51.450399],[0.2705266,51.4504048],[0.2705118,51.4504103],[0.2704901,51.4504178],[0.2704736,51.4504231],[0.2704563,51.450428],[0.2704382,51.4504323],[0.2703372,51.4504528],[0.270292,51.4504604],[0.2702682,51.4504634],[0.2702354,51.4504663],[0.2702066,51.4504679],[0.270172,51.4504689],[0.2701466,51.4504688],[0.2701179,51.4504673],[0.270086,51.4504639],[0.2700585,51.45046],[0.2700351,51.4504552],[0.2700238,51.4504528],[0.2699908,51.4504457],[0.2699722,51.450441],[0.2699476,51.4504341],[0.2699229,51.4504269],[0.2699012,51.4504193],[0.2698824,51.4504109],[0.2698684,51.4504035],[0.2698261,51.4503805],[0.2698049,51.4503684],[0.2697737,51.4503502],[0.2697481,51.4503366],[0.2697326,51.4503285],[0.2697183,51.4503222],[0.2696991,51.4503158],[0.2696856,51.450311],[0.2696668,51.4503052],[0.269622,51.4502928],[0.2695549,51.4502747],[0.269498,51.4502604],[0.2694679,51.4502534],[0.269454,51.4502501],[0.2694055,51.4502398],[0.2693812,51.4502335],[0.269361,51.4502277],[0.2693217,51.4502138],[0.2692985,51.4502035],[0.2692878,51.4501962],[0.2692822,51.4501903],[0.2692724,51.4501785],[0.2692663,51.4501695],[0.2692568,51.4501548],[0.2692453,51.4501361],[0.2692391,51.4501253],[0.2692225,51.450091],[0.2692131,51.450073],[0.2692077,51.4500642],[0.2692042,51.4500568],[0.2692003,51.4500443],[0.2691973,51.4500294],[0.2691944,51.4500131],[0.2691934,51.4499917],[0.2691929,51.4499494],[0.2691939,51.4499332],[0.2691953,51.4499175],[0.2691967,51.4499069],[0.2691993,51.4498965],[0.2692044,51.4498808],[0.269215,51.4498505],[0.2692238,51.4498279],[0.2692396,51.4497911],[0.2692546,51.4497583],[0.269278,51.4497014],[0.2692847,51.4496859],[0.2692923,51.4496706],[0.2693079,51.4496446],[0.2693454,51.4495815],[0.2693639,51.4495545],[0.2693777,51.4495364],[0.2694026,51.449503],[0.2697512,51.4491813],[0.2697611,51.4490957]]]}},
{"type":"Feature","properties":{"highway":"footway","name":null,"category":"Footpath (pedestrian only)"},"geometry":{"type":"MultiLineString","coordinates":[[[0.2705875,51.4503759],[0.2706029,51.4503745],[0.2706203,51.4503738],[0.2706358,51.4503735],[0.2706721,51.4503738],[0.2707036,51.4503736],[0.2707748,51.450373],[0.27094,51.4503615]]]}},
{"type":"Feature","properties":{"highway":"footway","name":null,"category":"Footpath (pedestrian only)"},"geometry":{"type":"MultiLineString","coordinates":[[[0.2680125,51.4490881],[0.2681461,51.4490392],[0.2682767,51.4489522],[0.268333,51.4488984],[0.2684294,51.4487369],[0.2685781,51.448494],[0.2685864,51.4484801],[0.2686182,51.4484264],[0.2686685,51.4483951],[0.268787,51.4483551],[0.2689256,51.4483088],[0.2690742,51.4482712],[0.2691465,51.4482599],[0.2692329,51.4482587],[0.2693575,51.4483113],[0.2693836,51.4483476],[0.269436,51.4485186],[0.2694599,51.4486105],[0.2695824,51.4490023],[0.2696045,51.4490374],[0.2696427,51.4490674],[0.2696849,51.4490887],[0.2697611,51.4490957],[0.269892,51.4491137],[0.2703755,51.4491983],[0.2707843,51.4490578],[0.2710388,51.4489805]]]}},
{"type":"Feature","properties":{"highway":"path","name":null,"category":"Shared path"},"geometry":{"type":"MultiLineString","coordinates":[[[0.2710388,51.4489805],[0.2710066,51.448814],[0.2710183,51.4485985],[0.2711081,51.4484801],[0.2710935,51.4483499],[0.2709598,51.4482003],[0.27087,51.4480591],[0.2706842,51.4479725],[0.2707218,51.4477005],[0.2708721,51.4474037],[0.2717722,51.4474545],[0.2724822,51.4477265],[0.2727537,51.4478801],[0.2741195,51.4482823],[0.2749883,51.4483447],[0.2750718,51.448389],[0.2749402,51.4486675],[0.2750394,51.448785]]]}},
{"type":"Feature","properties":{"highway":"footway","name":null,"category":"Footpath (pedestrian only)"},"geometry":{"type":"MultiLineString","coordinates":[[[0.2640723,51.4501474],[0.2634548,51.450262],[0.2634385,51.4506893]]]}},
{"type":"Feature","properties":{"highway":"footway","name":null,"category":"Footpath (pedestrian only)"},"geometry":{"type":"MultiLineString","coordinates":[[[0.2718057,51.4515755],[0.2719378,51.4514153],[0.2736402,51.4513451],[0.2742486,51.4513027]]]}},
{"type":"Feature","properties":{"highway":"footway","name":null,"category":"Footpath (pedestrian only)"},"geometry":{"type":"MultiLineString","coordinates":[[[0.2736402,51.4513451],[0.2736626,51.4517229]]]}},
{"type":"Feature","properties":{"highway":"footway","name":null,"category":"Footpath (pedestrian only)"},"geometry":{"type":"MultiLineString","coordinates":[[[0.2806707,51.4527911],[0.2806504,51.453169]]]}},
{"type":"Feature","properties":{"highway":"footway","name":null,"category":"Footpath (pedestrian only)"},"geometry":{"type":"MultiLineString","coordinates":[[[0.2798954,51.4531682],[0.2798188,51.453012]]]}},
{"type":"Feature","properties":{"highway":"path","name":null,"category":"Shared path"},"geometry":{"type":"MultiLineString","coordinates":[[[0.2396072,51.468479],[0.2396178,51.4684706],[0.2398933,51.4683428],[0.2407296,51.4679493],[0.2409272,51.4678799],[0.2410354,51.4678699],[0.2411494,51.4678841],[0.2415597,51.4679802],[0.2417998,51.468027],[0.2419312,51.4680403],[0.24206,51.4680261],[0.242173,51.4679897],[0.2423671,51.4679025],[0.2430738,51.4674981],[0.2461093,51.4661158],[0.2463743,51.4659851],[0.2464521,51.4660402],[0.2474257,51.4655832],[0.2489207,51.4648867],[0.2493623,51.4646809],[0.249546,51.463964],[0.2495983,51.4638287],[0.2497096,51.46372],[0.2501415,51.4633833],[0.2502488,51.4633382],[0.2520123,51.4626197],[0.2535755,51.4620398],[0.2536276,51.4620214],[0.2536944,51.4620072],[0.2537326,51.4620023],[0.2537588,51.4619944],[0.2537717,51.4619771],[0.2538145,51.4619755],[0.2538368,51.461974],[0.2538768,51.4619687],[0.2539234,51.4619626],[0.2539578,51.4619605],[0.2539826,51.4619623],[0.2540077,51.4619687],[0.2540325,51.4619802],[0.2540583,51.4619977],[0.2541153,51.4620473],[0.2541839,51.4621089],[0.2542279,51.4621447],[0.2542555,51.4621663],[0.2542974,51.4621965],[0.2543419,51.4622281],[0.254373,51.462248],[0.2544037,51.4622635],[0.2544405,51.4622782],[0.2544948,51.4623008],[0.2545493,51.4623242],[0.2546314,51.4623537],[0.2547002,51.462374],[0.2547575,51.4623902],[0.2548151,51.4624011],[0.2548708,51.4624156],[0.2549253,51.4624281],[0.2549831,51.4624372],[0.2550591,51.4624461],[0.2551206,51.4624544],[0.255171,51.4624584],[0.2552175,51.4624579],[0.2552767,51.4624492],[0.2553189,51.4624401],[0.25536,51.4624226],[0.2553883,51.4624047],[0.2554108,51.462387],[0.2554386,51.4623564],[0.2554656,51.4623172],[0.2554864,51.4622824],[0.2555061,51.4622395],[0.2555261,51.4621995],[0.2555402,51.462167],[0.2555627,51.4621305],[0.255586,51.4621061],[0.2556119,51.4620844],[0.2556471,51.4620623],[0.2556869,51.4620445],[0.2557397,51.462028],[0.2558001,51.4620138],[0.2559109,51.4619907],[0.2559943,51.4619722],[0.2563997,51.4618637],[0.2564915,51.4618459],[0.2565509,51.4618351],[0.256593,51.4618259],[0.2566342,51.461815],[0.2568617,51.4617524],[0.2593964,51.4609502],[0.2597679,51.4608048],[0.2601917,51.4606319],[0.2612445,51.4601547],[0.2613155,51.4601019],[0.2614148,51.4599868],[0.2614379,51.4599665],[0.2618031,51.4596449],[0.2622342,51.4591712],[0.2624313,51.4590223],[0.2633607,51.4586139],[0.2635927,51.458471],[0.2639119,51.4581075],[0.2641493,51.457866],[0.2645409,51.4575861],[0.2645677,51.4575217],[0.2645919,51.4574474],[0.264679,51.4573889],[0.2647971,51.4573245],[0.2649003,51.4572443],[0.2649714,51.4572067],[0.2654649,51.4569911],[0.2657211,51.4569217],[0.2661797,51.456732],[0.2664252,51.4566008],[0.2665097,51.4565089],[0.2665472,51.4564028],[0.2666129,51.4562658],[0.266684,51.4561696],[0.2669093,51.4560535],[0.2673237,51.4558387],[0.2687144,51.4553223],[0.2705323,51.4547555]]]}},
{"type":"Feature","properties":{"highway":"footway","name":null,"category":"Footpath (pedestrian only)"},"geometry":{"type":"MultiLineString","coordinates":[[[0.2772685,51.4513803],[0.277356,51.4514025],[0.277398,51.4514131],[0.2778355,51.4513804],[0.2778745,51.4513963],[0.2780693,51.4518945],[0.2781077,51.4519928],[0.2782342,51.4522525],[0.2782392,51.4522614]]]}},
{"type":"Feature","properties":{"highway":"footway","name":null,"category":"Footpath (pedestrian only)"},"geometry":{"type":"MultiLineString","coordinates":[[[0.2702715,51.4545691],[0.2705323,51.4547555]]]}},
{"type":"Feature","properties":{"highway":"footway","name":null,"category":"Footpath (pedestrian only)"},"geometry":{"type":"MultiLineString","coordinates":[[[0.2668637,51.4525605],[0.266794,51.4527728],[0.2667531,51.4529087],[0.2666411,51.4532809],[0.2670005,51.4534648],[0.2679876,51.4532609],[0.2680681,51.4531673]]]}},
{"type":"Feature","properties":{"highway":"footway","name":null,"category":"Footpath (pedestrian only)"},"geometry":{"type":"MultiLineString","coordinates":[[[0.2613148,51.454609],[0.2611619,51.4546156],[0.2608881,51.4544961],[0.2602655,51.4542386]]]}},
{"type":"Feature","properties":{"highway":"footway","name":null,"category":"Footpath (pedestrian only)"},"geometry":{"type":"MultiLineString","coordinates":[[[0.2680681,51.4531673],[0.2682683,51.4532705],[0.2683095,51.4532909],[0.2701636,51.4544997]]]}},
{"type":"Feature","properties":{"highway":"footway","name":null,"category":"Footpath (pedestrian only)"},"geometry":{"type":"MultiLineString","coordinates":[[[0.2582056,51.4553876],[0.2592396,51.4547651],[0.2600751,51.454359],[0.2602655,51.4542386],[0.2605311,51.4540531],[0.2607134,51.4538977],[0.2609736,51.4538241],[0.2611345,51.4537238],[0.2611292,51.4535233],[0.2617005,51.4532024],[0.2619338,51.4532007],[0.2623898,51.4533603],[0.2623716,51.4535802],[0.2623233,51.4536337],[0.2622477,51.4536478],[0.2621275,51.4537064],[0.2620075,51.4538079],[0.2617661,51.4539868],[0.2616039,51.4540539],[0.2611763,51.4544046],[0.261123,51.4544602],[0.2610519,51.454497],[0.2608881,51.4544961]]]}},
{"type":"Feature","properties":{"highway":"footway","name":null,"category":"Footpath (pedestrian only)"},"geometry":{"type":"MultiLineString","coordinates":[[[0.2754746,51.4468132],[0.2760313,51.4470362],[0.2762712,51.4471214]]]}},
{"type":"Feature","properties":{"highway":"footway","name":null,"category":"Footpath (pedestrian only)"},"geometry":{"type":"MultiLineString","coordinates":[[[0.2756089,51.4458876],[0.2756569,51.445902]]]}},
{"type":"Feature","properties":{"highway":"footway","name":null,"category":"Footpath (pedestrian only)"},"geometry":{"type":"MultiLineString","coordinates":[[[0.2760934,51.4456242],[0.2761263,51.4456061],[0.2761678,51.4455785],[0.2762121,51.4455426],[0.2762456,51.4454983],[0.276255,51.4454548],[0.2762523,51.4454155],[0.2762335,51.4453587],[0.2761906,51.4453194],[0.2761383,51.4452818],[0.2760766,51.4452592],[0.2760029,51.4452383],[0.2759452,51.4452333],[0.2759118,51.445225]]]}},
{"type":"Feature","properties":{"highway":"footway","name":null,"category":"Footpath (pedestrian only)"},"geometry":{"type":"MultiLineString","coordinates":[[[0.2657476,51.4498168],[0.2657235,51.4498527],[0.2656496,51.4499629],[0.2656255,51.4499655],[0.2651724,51.4499646]]]}},
{"type":"Feature","properties":{"highway":"footway","name":null,"category":"Footpath (pedestrian only)"},"geometry":{"type":"MultiLineString","coordinates":[[[0.2672334,51.4491343],[0.2671686,51.4491848],[0.2671204,51.4492312],[0.2670622,51.44931],[0.267026,51.4493676],[0.2669858,51.4494052],[0.2669396,51.4494252],[0.2668834,51.4494465],[0.2668392,51.4494527],[0.2666524,51.449444],[0.2664495,51.4494452],[0.2662747,51.4494578],[0.266247,51.4494624],[0.2661261,51.4494828],[0.2659815,51.4495204],[0.2659232,51.4495479],[0.265867,51.4495692],[0.2658007,51.449598],[0.2657344,51.4496418],[0.2656768,51.449638]]]}},
{"type":"Feature","properties":{"highway":"footway","name":null,"category":"Footpath (pedestrian only)"},"geometry":{"type":"MultiLineString","coordinates":[[[0.2677094,51.4490761],[0.267722,51.4488537],[0.2677303,51.4487989]]]}},
{"type":"Feature","properties":{"highway":"footway","name":null,"category":"Footpath (pedestrian only)"},"geometry":{"type":"MultiLineString","coordinates":[[[0.267026,51.4493676],[0.267155,51.4494311],[0.2673599,51.4495563],[0.2675548,51.4497027],[0.2676954,51.4498192],[0.2678199,51.4499356],[0.2679271,51.4499935]]]}},
{"type":"Feature","properties":{"highway":"footway","name":null,"category":"Footpath (pedestrian only)"},"geometry":{"type":"MultiLineString","coordinates":[[[0.2658509,51.4489032],[0.2659634,51.4490171],[0.2660357,51.4490922],[0.2660759,51.4491485],[0.2661462,51.4492787],[0.2662064,51.4493851],[0.266247,51.4494624]]]}},
{"type":"Feature","properties":{"highway":"footway","name":null,"category":"Footpath (pedestrian only)"},"geometry":{"type":"MultiLineString","coordinates":[[[0.2783655,51.4529361],[0.2783453,51.4528024],[0.2783408,51.4527751]]]}},
{"type":"Feature","properties":{"highway":"footway","name":null,"category":"Footpath (pedestrian only)"},"geometry":{"type":"MultiLineString","coordinates":[[[0.2788454,51.4527685],[0.2789046,51.4527589]]]}},
{"type":"Feature","properties":{"highway":"footway","name":null,"category":"Footpath (pedestrian only)"},"geometry":{"type":"MultiLineString","coordinates":[[[0.2778605,51.4533991],[0.2778332,51.4532793],[0.277793,51.4530172]]]}},
{"type":"Feature","properties":{"highway":"footway","name":null,"category":"Footpath (pedestrian only)"},"geometry":{"type":"MultiLineString","coordinates":[[[0.2779326,51.4526599],[0.2779268,51.4526268]]]}},
{"type":"Feature","properties":{"highway":"footway","name":null,"category":"Footpath (pedestrian only)"},"geometry":{"type":"MultiLineString","coordinates":[[[0.277472,51.4530392],[0.2774236,51.4530425],[0.2773646,51.453096],[0.2772144,51.4531091],[0.2772343,51.4532248],[0.2772907,51.4532207],[0.2773091,51.4533305],[0.2773519,51.4533271],[0.2773553,51.4533527],[0.2775142,51.4533417]]]}},
{"type":"Feature","properties":{"highway":"footway","name":null,"category":"Footpath (pedestrian only)"},"geometry":{"type":"MultiLineString","coordinates":[[[0.2783453,51.4528024],[0.278678,51.452781],[0.2787891,51.4527739]]]}},
{"type":"Feature","properties":{"highway":"footway","name":null,"category":"Footpath (pedestrian only)"},"geometry":{"type":"MultiLineString","coordinates":[[[0.2779843,51.4529679],[0.2783655,51.4529361],[0.2786965,51.4529117],[0.278678,51.452781]]]}},
{"type":"Feature","properties":{"highway":"footway","name":"Church Hill","category":"Footpath (pedestrian only)"},"geometry":{"type":"MultiLineString","coordinates":[[[0.2643316,51.4514596],[0.2643312,51.4515182]]]}},
{"type":"Feature","properties":{"highway":"footway","name":null,"category":"Footpath (pedestrian only)"},"geometry":{"type":"MultiLineString","coordinates":[[[0.2643316,51.4514596],[0.2641925,51.4514524]]]}},
{"type":"Feature","properties":{"highway":"footway","name":null,"category":"Footpath (pedestrian only)"},"geometry":{"type":"MultiLineString","coordinates":[[[0.2643374,51.451362],[0.2641791,51.4513581]]]}},
{"type":"Feature","properties":{"highway":"footway","name":null,"category":"Footpath (pedestrian only)"},"geometry":{"type":"MultiLineString","coordinates":[[[0.279182,51.4488994],[0.2791701,51.4489083],[0.2791662,51.4489127],[0.2791643,51.448916],[0.2791626,51.4489207],[0.279161,51.4489281],[0.2791593,51.4489321],[0.2791515,51.4489423],[0.2790771,51.4490364],[0.2789362,51.4492032],[0.2788386,51.4493164],[0.2787144,51.4494659],[0.278673,51.4495189],[0.2786404,51.4495694],[0.278614,51.4496121],[0.2785815,51.4496717],[0.2785575,51.4497264]]]}},
{"type":"Feature","properties":{"highway":"footway","name":null,"category":"Footpath (pedestrian only)"},"geometry":{"type":"MultiLineString","coordinates":[[[0.2545522,51.4516497],[0.2580003,51.4515989],[0.2581329,51.4520169],[0.258254,51.4520221],[0.2592836,51.4519961],[0.2593684,51.4520785]]]}},
{"type":"Feature","properties":{"highway":"footway","name":null,"category":"Footpath (pedestrian only)"},"geometry":{"type":"MultiLineString","coordinates":[[[0.2668834,51.4494465],[0.2669245,51.4497704],[0.2669597,51.4498576],[0.2669299,51.4498631]]]}},
{"type":"Feature","properties":{"highway":"path","name":null,"category":"Shared path"},"geometry":{"type":"MultiLineString","coordinates":[[[0.2707218,51.4477005],[0.2713242,51.4478507]]]}},
{"type":"Feature","properties":{"highway":"footway","name":null,"category":"Footpath (pedestrian only)"},"geometry":{"type":"MultiLineString","coordinates":[[[0.2641004,51.4518586],[0.2642183,51.4520231]]]}},
{"type":"Feature","properties":{"highway":"path","name":null,"category":"Shared path"},"geometry":{"type":"MultiLineString","coordinates":[[[0.2724781,51.4479178],[0.2727537,51.4478801]]]}},
{"type":"Feature","properties":{"highway":"footway","name":null,"category":"Footpath (pedestrian only)"},"geometry":{"type":"MultiLineString","coordinates":[[[0.2677094,51.4490761],[0.2677235,51.4491785],[0.2678488,51.4492878],[0.2679481,51.4493095]]]}},
{"type":"Feature","properties":{"highway":"path","name":null,"category":"Shared path"},"geometry":{"type":"MultiLineString","coordinates":[[[0.269436,51.4485186],[0.269421,51.4483283],[0.2693975,51.44808],[0.2693687,51.4480668],[0.269314,51.4480416],[0.2692686,51.4480498],[0.2691587,51.4481375],[0.2690591,51.4481923],[0.2688994,51.4482324],[0.2687017,51.4482918],[0.2685903,51.4483621],[0.268542,51.4484196],[0.2685864,51.4484801]]]}},
{"type":"Feature","properties":{"highway":"footway","name":null,"category":"Footpath (pedestrian only)"},"geometry":{"type":"MultiLineString","coordinates":[[[0.2668012,51.4504208],[0.2668784,51.4503481],[0.2670106,51.4502688]]]}},
{"type":"Feature","properties":{"highway":"footway","name":null,"category":"Footpath (pedestrian only)"},"geometry":{"type":"MultiLineString","coordinates":[[[0.2670438,51.450375],[0.2671346,51.45038],[0.2671417,51.4503653]]]}},
{"type":"Feature","properties":{"highway":"footway","name":null,"category":"Footpath (pedestrian only)"},"geometry":{"type":"MultiLineString","coordinates":[[[0.2732919,51.4469725],[0.2734546,51.4469485],[0.2735522,51.4470488],[0.2736936,51.4470945],[0.2738449,51.447058],[0.2739728,51.4470893]]]}},
{"type":"Feature","properties":{"highway":"footway","name":null,"category":"Footpath (pedestrian only)"},"geometry":{"type":"MultiLineString","coordinates":[[[0.2746173,51.446484],[0.274557,51.4465627],[0.2749995,51.4467371],[0.2750002,51.4467454],[0.2750003,51.4467556],[0.2749997,51.4467655],[0.2749983,51.446772],[0.2749943,51.4467791],[0.2749174,51.4468649],[0.2749122,51.4468727],[0.2749109,51.44688],[0.274911,51.446888],[0.2749127,51.4468949],[0.2749156,51.4468986],[0.2749218,51.446903],[0.2749326,51.4469076],[0.2749448,51.4469108],[0.2749609,51.4469138],[0.2749981,51.446918],[0.2751031,51.4469283],[0.2751628,51.4469349],[0.2752122,51.4469412],[0.2752499,51.4469475],[0.2753156,51.4469587],[0.2753772,51.4469595]]]}},
{"type":"Feature","properties":{"highway":"footway","name":null,"category":"Footpath (pedestrian only)"},"geometry":{"type":"MultiLineString","coordinates":[[[0.2644603,51.4464642],[0.2644628,51.4464496],[0.2645436,51.4464551],[0.2645458,51.4464439]]]}},
{"type":"Feature","properties":{"highway":"footway","name":null,"category":"Footpath (pedestrian only)"},"geometry":{"type":"MultiLineString","coordinates":[[[0.2645524,51.4464114],[0.2645654,51.446396],[0.2645834,51.4463748],[0.2645365,51.4463535]]]}},
{"type":"Feature","properties":{"highway":"footway","name":null,"category":"Footpath (pedestrian only)"},"geometry":{"type":"MultiLineString","coordinates":[[[0.2645458,51.4464439],[0.2645493,51.4464253],[0.2645524,51.4464114]]]}},
{"type":"Feature","properties":{"highway":"footway","name":null,"category":"Footpath (pedestrian only)"},"geometry":{"type":"MultiLineString","coordinates":[[[0.2535788,51.4516641],[0.2545522,51.4516497]]]}},
{"type":"Feature","properties":{"highway":"path","name":null,"category":"Shared path"},"geometry":{"type":"MultiLineString","coordinates":[[[0.2705323,51.4547555],[0.2714436,51.4545067],[0.2720739,51.4543905],[0.2723207,51.454337],[0.2728195,51.4541222],[0.2737463,51.4538022],[0.2742009,51.4536509],[0.274272,51.4535857],[0.2742626,51.453518],[0.2742493,51.4534921],[0.274158,51.4533141],[0.2739085,51.4529589],[0.2738549,51.4527726]]]}},
{"type":"Feature","properties":{"highway":"footway","name":null,"category":"Footpath (pedestrian only)"},"geometry":{"type":"MultiLineString","coordinates":[[[0.2680681,51.4531673],[0.268111,51.4531004],[0.2677596,51.4527577],[0.2670998,51.4525538],[0.2668637,51.4525605]]]}},
{"type":"Feature","properties":{"highway":"footway","name":null,"category":"Footpath (pedestrian only)"},"geometry":{"type":"MultiLineString","coordinates":[[[0.2677248,51.4514858],[0.2670683,51.4514892],[0.2669976,51.451499]]]}},
{"type":"Feature","properties":{"highway":"footway","name":null,"category":"Footpath (pedestrian only)"},"geometry":{"type":"MultiLineString","coordinates":[[[0.2711084,51.4519047],[0.2713248,51.4520573],[0.2716362,51.4520683],[0.2722343,51.4520043],[0.272475,51.4519713],[0.2725237,51.4518067]]]}},
{"type":"Feature","properties":{"highway":"path","name":null,"category":"Shared path"},"geometry":{"type":"MultiLineString","coordinates":[[[0.268542,51.4484196],[0.2684819,51.4483581],[0.2685445,51.44811],[0.2686837,51.4481132],[0.268835,51.4480397],[0.2689598,51.4479541],[0.2693598,51.4478989],[0.2694323,51.4479894],[0.2696606,51.4482143],[0.2696969,51.448603],[0.26989,51.4490882],[0.269892,51.4491137]]]}},
{"type":"Feature","properties":{"highway":"footway","name":null,"category":"Footpath (pedestrian only)"},"geometry":{"type":"MultiLineString","coordinates":[[[0.2758809,51.4512728],[0.2757325,51.4512504],[0.2746975,51.4512727]]]}},
{"type":"Feature","properties":{"highway":"path","name":null,"category":"Shared path"},"geometry":{"type":"MultiLineString","coordinates":[[[0.2685445,51.44811],[0.2685553,51.4479607],[0.2686192,51.447881],[0.269294,51.4478225],[0.2693598,51.4478989]]]}},
{"type":"Feature","properties":{"highway":"footway","name":null,"category":"Footpath (pedestrian only)"},"geometry":{"type":"MultiLineString","coordinates":[[[0.2584928,51.4521787],[0.2583072,51.4522179],[0.2582714,51.4526711],[0.2547713,51.4525561]]]}},
{"type":"Feature","properties":{"highway":"path","name":null,"category":"Shared path"},"geometry":{"type":"MultiLineString","coordinates":[[[0.269314,51.4480416],[0.2694323,51.4479894],[0.2693975,51.44808]]]}},
{"type":"Feature","properties":{"highway":"footway","name":null,"category":"Footpath (pedestrian only)"},"geometry":{"type":"MultiLineString","coordinates":[[[0.2790347,51.4476006],[0.2790622,51.4476112],[0.2791231,51.4476387],[0.2791477,51.4476166],[0.2792066,51.4475624],[0.2792581,51.4475174],[0.2792931,51.4474884],[0.2793389,51.4474519],[0.2793699,51.4474295],[0.2793893,51.4474165],[0.2794378,51.4473866],[0.279496,51.4473503],[0.2795723,51.4473032],[0.2795821,51.4472963],[0.2795902,51.4472897],[0.2795975,51.4472827],[0.2796019,51.4472778],[0.2796054,51.4472736],[0.2796099,51.4472665],[0.2796128,51.4472601],[0.2796153,51.4472545],[0.2796166,51.4472502],[0.2796174,51.4472458],[0.2796173,51.4472395],[0.2796168,51.4472355],[0.2796161,51.447232],[0.2796131,51.4472259],[0.2796116,51.4472229],[0.2796078,51.4472183],[0.2795965,51.4472083],[0.2795807,51.4471954],[0.2795671,51.447185],[0.2795588,51.447179],[0.2795523,51.447174],[0.279541,51.4471629],[0.2795373,51.4471586],[0.2795358,51.447155],[0.2795353,51.4471513],[0.279535,51.4471452],[0.2795355,51.4471387],[0.2795367,51.4471333],[0.2795389,51.4471259],[0.2795408,51.4471212],[0.2795437,51.4471171],[0.2795503,51.4471097],[0.2795556,51.4471058],[0.2795775,51.4470916],[0.2795905,51.4470817],[0.2796047,51.4470698],[0.2796077,51.447066],[0.2796085,51.4470629],[0.2796087,51.4470585],[0.2796077,51.4470525],[0.2796059,51.4470479],[0.279603,51.4470442],[0.2795981,51.4470406],[0.2795892,51.4470356],[0.2795234,51.4470015]]]}},
{"type":"Feature","properties":{"highway":"footway","name":null,"category":"Footpath (pedestrian only)"},"geometry":{"type":"MultiLineString","coordinates":[[[0.2647384,51.4514609],[0.2647337,51.4513112]]]}},
{"type":"Feature","properties":{"highway":"footway","name":null,"category":"Footpath (pedestrian only)"},"geometry":{"type":"MultiLineString","coordinates":[[[0.2666826,51.4528284],[0.2667531,51.4529087]]]}},
{"type":"Feature","properties":{"highway":"footway","name":null,"category":"Footpath (pedestrian only)"},"geometry":{"type":"MultiLineString","coordinates":[[[0.2799554,51.4488869],[0.2798981,51.4489848],[0.2798455,51.44906],[0.2797984,51.4491202],[0.2796958,51.4492356],[0.2801155,51.4493253]]]}},
{"type":"Feature","properties":{"highway":"footway","name":null,"category":"Footpath (pedestrian only)"},"geometry":{"type":"MultiLineString","coordinates":[[[0.2647384,51.4514609],[0.2655494,51.4514677],[0.2655451,51.4514403]]]}},
{"type":"Feature","properties":{"highway":"footway","name":null,"category":"Footpath (pedestrian only)"},"geometry":{"type":"MultiLineString","coordinates":[[[0.2645181,51.4509727],[0.2645772,51.4510012],[0.2646109,51.4510347],[0.2646147,51.4510418],[0.2646174,51.4510483],[0.2646181,51.4510543],[0.2646182,51.4510628],[0.2646172,51.451075],[0.264616,51.4510904],[0.2646125,51.4511143],[0.2646023,51.4511364],[0.2645968,51.4512015],[0.2647268,51.451284],[0.2647337,51.4513112]]]}},
{"type":"Feature","properties":{"highway":"footway","name":null,"category":"Footpath (pedestrian only)"},"geometry":{"type":"MultiLineString","coordinates":[[[0.2655451,51.4514403],[0.2650151,51.4514369],[0.2644346,51.4514483],[0.2643316,51.4514596]]]}},
{"type":"Feature","properties":{"highway":"footway","name":null,"category":"Footpath (pedestrian only)"},"geometry":{"type":"MultiLineString","coordinates":[[[0.280283,51.450621],[0.2803367,51.4506758],[0.2803667,51.4507384],[0.2803899,51.4507859],[0.2803992,51.450805],[0.2804157,51.4508391],[0.2804261,51.4508903]]]}},
{"type":"Feature","properties":{"highway":"footway","name":null,"category":"Footpath (pedestrian only)"},"geometry":{"type":"MultiLineString","coordinates":[[[0.2608881,51.4544961],[0.2608213,51.4545149],[0.2607569,51.4545546],[0.2607952,51.4547635],[0.260549,51.4548864],[0.2603701,51.4549707],[0.2601869,51.4553235],[0.2600804,51.4553835],[0.2601185,51.4555282],[0.2602152,51.4557476],[0.2602017,51.455804],[0.2601158,51.4558357],[0.2599705,51.4558325],[0.2594949,51.4557831],[0.2587272,51.4556903]]]}},
{"type":"Feature","properties":{"highway":"footway","name":"Hedge Place Road","category":"Footpath (pedestrian only)"},"geometry":{"type":"MultiLineString","coordinates":[[[0.2745805,51.4437495],[0.274705,51.4437263]]]}},
{"type":"Feature","properties":{"highway":"footway","name":null,"category":"Footpath (pedestrian only)"},"geometry":{"type":"MultiLineString","coordinates":[[[0.279069,51.453116],[0.2791663,51.4531571],[0.2792145,51.453171]]]}},
{"type":"Feature","properties":{"highway":"footway","name":null,"category":"Footpath (pedestrian only)"},"geometry":{"type":"MultiLineString","coordinates":[[[0.2749184,51.4522302],[0.2749774,51.4522853],[0.2751437,51.4523631],[0.2755621,51.4525728],[0.2757914,51.4526547],[0.2760114,51.4527057],[0.276285,51.4527517],[0.2764437,51.4527639]]]}},
{"type":"Feature","properties":{"highway":"footway","name":"Charles Street","category":"Footpath (pedestrian only)"},"geometry":{"type":"MultiLineString","coordinates":[[[0.2749184,51.4522302],[0.2747974,51.4522657],[0.2747534,51.4522686],[0.2745053,51.4522553]]]}},
{"type":"Feature","properties":{"highway":"footway","name":null,"category":"Footpath (pedestrian only)"},"geometry":{"type":"MultiLineString","coordinates":[[[0.2739559,51.4523316],[0.2738549,51.4527726]]]}},
{"type":"Feature","properties":{"highway":"footway","name":null,"category":"Footpath (pedestrian only)"},"geometry":{"type":"MultiLineString","coordinates":[[[0.2647613,51.4483385],[0.2648317,51.4483387],[0.2648402,51.4483359],[0.2648421,51.4483284],[0.2648394,51.448291]]]}},
{"type":"Feature","properties":{"highway":"footway","name":null,"category":"Footpath (pedestrian only)"},"geometry":{"type":"MultiLineString","coordinates":[[[0.265118,51.448435],[0.2650531,51.4484377],[0.2647486,51.4484503]]]}},
{"type":"Feature","properties":{"highway":"footway","name":null,"category":"Footpath (pedestrian only)"},"geometry":{"type":"MultiLineString","coordinates":[[[0.2644163,51.4489693],[0.2644165,51.4489387],[0.2644169,51.4488861],[0.2644195,51.4488817],[0.2644256,51.4488794],[0.2644395,51.4488798]]]}},
{"type":"Feature","properties":{"highway":"footway","name":null,"category":"Footpath (pedestrian only)"},"geometry":{"type":"MultiLineString","coordinates":[[[0.2652167,51.4465784],[0.2652146,51.4465918],[0.2652124,51.4465969],[0.2652085,51.4466003],[0.265045,51.4467101],[0.26498,51.4467475],[0.2649416,51.4467659],[0.26486,51.4468033],[0.2648495,51.4468082],[0.2648021,51.4468316],[0.2647497,51.446855],[0.2647268,51.4468639],[0.2647154,51.4468651],[0.2647081,51.4468649],[0.264666,51.4468722]]]}},
{"type":"Feature","properties":{"highway":"footway","name":null,"category":"Footpath (pedestrian only)"},"geometry":{"type":"MultiLineString","coordinates":[[[0.2645939,51.447071],[0.2646404,51.4470779],[0.2646667,51.4470818],[0.2647242,51.4470901]]]}},
{"type":"Feature","properties":{"highway":"footway","name":null,"category":"Footpath (pedestrian only)"},"geometry":{"type":"MultiLineString","coordinates":[[[0.2648495,51.4472752],[0.2650135,51.4473022]]]}},
{"type":"Feature","properties":{"highway":"footway","name":null,"category":"Footpath (pedestrian only)"},"geometry":{"type":"MultiLineString","coordinates":[[[0.2647292,51.4475774],[0.2647788,51.447585],[0.2648975,51.4476032]]]}},
{"type":"Feature","properties":{"highway":"footway","name":null,"category":"Footpath (pedestrian only)"},"geometry":{"type":"MultiLineString","coordinates":[[[0.2645363,51.4475506],[0.2644732,51.4475397],[0.2644178,51.4475301]]]}},
{"type":"Feature","properties":{"highway":"footway","name":null,"category":"Footpath (pedestrian only)"},"geometry":{"type":"MultiLineString","coordinates":[[[0.2646575,51.4472461],[0.2645853,51.4472348],[0.2645372,51.4472272]]]}},
{"type":"Feature","properties":{"highway":"footway","name":null,"category":"Footpath (pedestrian only)"},"geometry":{"type":"MultiLineString","coordinates":[[[0.2647788,51.447585],[0.2647198,51.447724],[0.2646854,51.4477176],[0.2646654,51.4477139]]]}},
{"type":"Feature","properties":{"highway":"footway","name":null,"category":"Footpath (pedestrian only)"},"geometry":{"type":"MultiLineString","coordinates":[[[0.2646854,51.4477176],[0.2646675,51.4477609]]]}},
{"type":"Feature","properties":{"highway":"footway","name":null,"category":"Footpath (pedestrian only)"},"geometry":{"type":"MultiLineString","coordinates":[[[0.2650793,51.4495506],[0.2650315,51.4495428],[0.2650011,51.4495881],[0.2649686,51.4496365]]]}},
{"type":"Feature","properties":{"highway":"footway","name":null,"category":"Footpath (pedestrian only)"},"geometry":{"type":"MultiLineString","coordinates":[[[0.2664412,51.4485347],[0.2665833,51.4485281],[0.2667113,51.448522],[0.2669053,51.4485129]]]}},
{"type":"Feature","properties":{"highway":"footway","name":null,"category":"Footpath (pedestrian only)"},"geometry":{"type":"MultiLineString","coordinates":[[[0.2664463,51.4485792],[0.266443,51.4485503],[0.2664412,51.4485347]]]}},
{"type":"Feature","properties":{"highway":"footway","name":null,"category":"Footpath (pedestrian only)"},"geometry":{"type":"MultiLineString","coordinates":[[[0.2665909,51.4485788],[0.2665833,51.4485281]]]}},
{"type":"Feature","properties":{"highway":"footway","name":null,"category":"Footpath (pedestrian only)"},"geometry":{"type":"MultiLineString","coordinates":[[[0.2667176,51.4485723],[0.2667113,51.448522]]]}},
{"type":"Feature","properties":{"highway":"footway","name":null,"category":"Footpath (pedestrian only)"},"geometry":{"type":"MultiLineString","coordinates":[[[0.2784262,51.4534925],[0.2784242,51.453458]]]}},
{"type":"Feature","properties":{"highway":"footway","name":null,"category":"Footpath (pedestrian only)"},"geometry":{"type":"MultiLineString","coordinates":[[[0.2784182,51.4534312],[0.2783755,51.4531721]]]}},
{"type":"Feature","properties":{"highway":"footway","name":null,"category":"Footpath (pedestrian only)"},"geometry":{"type":"MultiLineString","coordinates":[[[0.277398,51.4514131],[0.2774081,51.4514909],[0.2774969,51.4519889]]]}},
{"type":"Feature","properties":{"highway":"footway","name":"Charles Street","category":"Footpath (pedestrian only)"},"geometry":{"type":"MultiLineString","coordinates":[[[0.2745053,51.4522553],[0.2743276,51.4521857]]]}},
{"type":"Feature","properties":{"highway":"footway","name":null,"category":"Footpath (pedestrian only)"},"geometry":{"type":"MultiLineString","coordinates":[[[0.2612371,51.4431986],[0.2612182,51.4432089]]]}},
{"type":"Feature","properties":{"highway":"footway","name":null,"category":"Footpath (pedestrian only)"},"geometry":{"type":"MultiLineString","coordinates":[[[0.2745053,51.4522553],[0.274386,51.4523037],[0.2741982,51.4523138],[0.2739559,51.4523316]]]}},
{"type":"Feature","properties":{"highway":"footway","name":"Charles Street","category":"Footpath (pedestrian only)"},"geometry":{"type":"MultiLineString","coordinates":[[[0.2749575,51.4522025],[0.2749184,51.4522302]]]}},
{"type":"Feature","properties":{"highway":"footway","name":null,"category":"Footpath (pedestrian only)"},"geometry":{"type":"MultiLineString","coordinates":[[[0.2749494,51.4521903],[0.2749575,51.4522025]]]}},
{"type":"Feature","properties":{"highway":"footway","name":null,"category":"Footpath (pedestrian only)"},"geometry":{"type":"MultiLineString","coordinates":[[[0.2748645,51.4521026],[0.2749178,51.4521577],[0.2749494,51.4521903]]]}},
{"type":"Feature","properties":{"highway":"footway","name":null,"category":"Footpath (pedestrian only)"},"geometry":{"type":"MultiLineString","coordinates":[[[0.2746062,51.4519771],[0.2746455,51.4520107],[0.274699,51.4520512],[0.2748346,51.4520849],[0.2748645,51.4521026]]]}},
{"type":"Feature","properties":{"highway":"footway","name":null,"category":"Footpath (pedestrian only)"},"geometry":{"type":"MultiLineString","coordinates":[[[0.2745166,51.4520353],[0.2745458,51.4520198],[0.2745794,51.4519985],[0.2746062,51.4519771]]]}},
{"type":"Feature","properties":{"highway":"footway","name":null,"category":"Footpath (pedestrian only)"},"geometry":{"type":"MultiLineString","coordinates":[[[0.2743801,51.4520799],[0.274437,51.4520625],[0.2745166,51.4520353]]]}},
{"type":"Feature","properties":{"highway":"footway","name":null,"category":"Footpath (pedestrian only)"},"geometry":{"type":"MultiLineString","coordinates":[[[0.2743914,51.4521383],[0.2744024,51.4521307],[0.2743643,51.4520871],[0.2743801,51.4520799]]]}},
{"type":"Feature","properties":{"highway":"footway","name":null,"category":"Footpath (pedestrian only)"},"geometry":{"type":"MultiLineString","coordinates":[[[0.2743436,51.452173],[0.2743593,51.4521606],[0.2743914,51.4521383]]]}},
{"type":"Feature","properties":{"highway":"footway","name":null,"category":"Footpath (pedestrian only)"},"geometry":{"type":"MultiLineString","coordinates":[[[0.2743276,51.4521857],[0.2743436,51.452173]]]}},
{"type":"Feature","properties":{"highway":"footway","name":"Station Road","category":"Footpath (pedestrian only)"},"geometry":{"type":"MultiLineString","coordinates":[[[0.2789095,51.452776],[0.2789046,51.4527589],[0.2787333,51.4523381],[0.2786926,51.4523039],[0.2786604,51.4523002]]]}},
{"type":"Feature","properties":{"highway":"footway","name":null,"category":"Footpath (pedestrian only)"},"geometry":{"type":"MultiLineString","coordinates":[[[0.2789252,51.4528123],[0.2789095,51.452776]]]}},
{"type":"Feature","properties":{"highway":"footway","name":null,"category":"Footpath (pedestrian only)"},"geometry":{"type":"MultiLineString","coordinates":[[[0.277479,51.4528313],[0.2774555,51.4526999]]]}},
{"type":"Feature","properties":{"highway":"footway","name":null,"category":"Footpath (pedestrian only)"},"geometry":{"type":"MultiLineString","coordinates":[[[0.2779395,51.4526953],[0.2779326,51.4526599]]]}},
{"type":"Feature","properties":{"highway":"footway","name":null,"category":"Footpath (pedestrian only)"},"geometry":{"type":"MultiLineString","coordinates":[[[0.2782392,51.4522614],[0.2782554,51.4522958]]]}},
{"type":"Feature","properties":{"highway":"footway","name":null,"category":"Footpath (pedestrian only)"},"geometry":{"type":"MultiLineString","coordinates":[[[0.2780375,51.4532656],[0.2780627,51.453382]]]}},
{"type":"Feature","properties":{"highway":"footway","name":null,"category":"Footpath (pedestrian only)"},"geometry":{"type":"MultiLineString","coordinates":[[[0.2775142,51.4533417],[0.2774859,51.4532067],[0.2775044,51.4532053],[0.277472,51.4530392]]]}},
{"type":"Feature","properties":{"highway":"footway","name":null,"category":"Footpath (pedestrian only)"},"geometry":{"type":"MultiLineString","coordinates":[[[0.2779908,51.4530043],[0.277793,51.4530172],[0.277472,51.4530392]]]}},
{"type":"Feature","properties":{"highway":"footway","name":null,"category":"Footpath (pedestrian only)"},"geometry":{"type":"MultiLineString","coordinates":[[[0.2778332,51.4532793],[0.2779331,51.4532729]]]}},
{"type":"Feature","properties":{"highway":"footway","name":null,"category":"Footpath (pedestrian only)"},"geometry":{"type":"MultiLineString","coordinates":[[[0.2779702,51.4534928],[0.277963,51.4534501]]]}},
{"type":"Feature","properties":{"highway":"footway","name":null,"category":"Footpath (pedestrian only)"},"geometry":{"type":"MultiLineString","coordinates":[[[0.2788646,51.4534893],[0.2789194,51.4534898],[0.279139,51.4534919]]]}},
{"type":"Feature","properties":{"highway":"footway","name":null,"category":"Footpath (pedestrian only)"},"geometry":{"type":"MultiLineString","coordinates":[[[0.2786234,51.4519453],[0.2786876,51.451935]]]}},
{"type":"Feature","properties":{"highway":"footway","name":"Station Road","category":"Footpath (pedestrian only)"},"geometry":{"type":"MultiLineString","coordinates":[[[0.2786483,51.4521522],[0.2786557,51.4521145],[0.2786657,51.4520734],[0.2786578,51.4520443],[0.2786547,51.4520319],[0.2786519,51.4520209],[0.278649,51.4520115],[0.2786234,51.4519453]]]}},
{"type":"Feature","properties":{"highway":"footway","name":null,"category":"Footpath (pedestrian only)"},"geometry":{"type":"MultiLineString","coordinates":[[[0.2787333,51.4523381],[0.2787533,51.4523259]]]}},
{"type":"Feature","properties":{"highway":"footway","name":null,"category":"Footpath (pedestrian only)"},"geometry":{"type":"MultiLineString","coordinates":[[[0.2786557,51.4521145],[0.2786791,51.4521171]]]}},
{"type":"Feature","properties":{"highway":"footway","name":null,"category":"Footpath (pedestrian only)"},"geometry":{"type":"MultiLineString","coordinates":[[[0.2779268,51.4526268],[0.2778068,51.4526357],[0.2778036,51.4526212]]]}},
{"type":"Feature","properties":{"highway":"footway","name":null,"category":"Footpath (pedestrian only)"},"geometry":{"type":"MultiLineString","coordinates":[[[0.2778036,51.4526212],[0.277738,51.4523213],[0.2777583,51.4522983],[0.2781313,51.4522711],[0.2782092,51.452257]]]}},
{"type":"Feature","properties":{"highway":"footway","name":null,"category":"Footpath (pedestrian only)"},"geometry":{"type":"MultiLineString","coordinates":[[[0.2786791,51.4521171],[0.2787152,51.4522188],[0.2787533,51.4523259]]]}},
{"type":"Feature","properties":{"highway":"footway","name":null,"category":"Footpath (pedestrian only)"},"geometry":{"type":"MultiLineString","coordinates":[[[0.2779268,51.4526268],[0.2782289,51.4526065],[0.2782993,51.4525891],[0.2783298,51.4525611],[0.2783369,51.4525452],[0.2782775,51.4523737],[0.278306,51.452347],[0.2786604,51.4523002]]]}},
{"type":"Feature","properties":{"highway":"footway","name":null,"category":"Footpath (pedestrian only)"},"geometry":{"type":"MultiLineString","coordinates":[[[0.2782092,51.452257],[0.2782342,51.4522525],[0.2785648,51.4521982],[0.278598,51.4521924],[0.2786379,51.4521733],[0.2786483,51.4521522]]]}},
{"type":"Feature","properties":{"highway":"footway","name":null,"category":"Footpath (pedestrian only)"},"geometry":{"type":"MultiLineString","coordinates":[[[0.2764437,51.4527639],[0.2765532,51.4527742],[0.2768818,51.4527475]]]}},
{"type":"Feature","properties":{"highway":"path","name":null,"category":"Shared path"},"geometry":{"type":"MultiLineString","coordinates":[[[0.2649714,51.4572067],[0.2651531,51.4569063],[0.2659437,51.4565684],[0.2660957,51.4564768],[0.2665215,51.4559084],[0.2669016,51.4557094],[0.2698513,51.4546646],[0.2702715,51.4545691],[0.2704422,51.4545179],[0.2720137,51.4542167],[0.2742493,51.4534921]]]}},
{"type":"Feature","properties":{"highway":"footway","name":null,"category":"Footpath (pedestrian only)"},"geometry":{"type":"MultiLineString","coordinates":[[[0.2779054,51.4520258],[0.2780653,51.4520166]]]}},
{"type":"Feature","properties":{"highway":"footway","name":null,"category":"Footpath (pedestrian only)"},"geometry":{"type":"MultiLineString","coordinates":[[[0.2779013,51.4520045],[0.2779054,51.4520258],[0.2775394,51.4520495]]]}},
{"type":"Feature","properties":{"highway":"footway","name":null,"category":"Footpath (pedestrian only)"},"geometry":{"type":"MultiLineString","coordinates":[[[0.2791231,51.4476387],[0.2796113,51.447841],[0.2794128,51.4480088]]]}},
{"type":"Feature","properties":{"highway":"footway","name":null,"category":"Footpath (pedestrian only)"},"geometry":{"type":"MultiLineString","coordinates":[[[0.2795377,51.450619],[0.2794659,51.4504731]]]}},
{"type":"Feature","properties":{"highway":"footway","name":null,"category":"Footpath (pedestrian only)"},"geometry":{"type":"MultiLineString","coordinates":[[[0.2797518,51.4505807],[0.279737,51.4505494]]]}},
{"type":"Feature","properties":{"highway":"footway","name":null,"category":"Footpath (pedestrian only)"},"geometry":{"type":"MultiLineString","coordinates":[[[0.2792803,51.4505089],[0.2792984,51.4505465]]]}},
{"type":"Feature","properties":{"highway":"footway","name":null,"category":"Footpath (pedestrian only)"},"geometry":{"type":"MultiLineString","coordinates":[[[0.2795213,51.4504619],[0.2795396,51.4504994]]]}},
{"type":"Feature","properties":{"highway":"footway","name":null,"category":"Footpath (pedestrian only)"},"geometry":{"type":"MultiLineString","coordinates":[[[0.2795213,51.4504619],[0.2794659,51.4504731]]]}},
{"type":"Feature","properties":{"highway":"footway","name":null,"category":"Footpath (pedestrian only)"},"geometry":{"type":"MultiLineString","coordinates":[[[0.2794628,51.4506032],[0.2794765,51.4506302],[0.2795377,51.450619]]]}},
{"type":"Feature","properties":{"highway":"footway","name":null,"category":"Footpath (pedestrian only)"},"geometry":{"type":"MultiLineString","coordinates":[[[0.2693983,51.4466567],[0.2706271,51.4467756],[0.2713401,51.4468009],[0.2725418,51.4467446],[0.2728469,51.4466456],[0.2729976,51.44656],[0.273059,51.4464265],[0.2729988,51.4463118],[0.2728443,51.4460971],[0.2727841,51.4458383],[0.2727758,51.4455964],[0.2728749,51.4454619],[0.2729717,51.4453266],[0.2730425,51.4452523],[0.2727664,51.4452361],[0.2716905,51.4451766],[0.2712363,51.4451523],[0.270893,51.4451538],[0.2703043,51.445017],[0.2699897,51.4449511],[0.2695292,51.4449347],[0.2688001,51.4449016],[0.2683672,51.4448722],[0.2680239,51.4449435],[0.2676582,51.4451214],[0.2671874,51.4453347],[0.266532,51.4456053],[0.2662978,51.4455684],[0.2661989,51.445695],[0.2661631,51.4458653],[0.2661273,51.446016],[0.2660903,51.4461805],[0.2661622,51.4463002],[0.266307,51.4463438],[0.2667466,51.4463905],[0.2670567,51.4464238],[0.2674675,51.4464225],[0.2676842,51.4464443],[0.2680899,51.4465102],[0.268662,51.4465883],[0.2691662,51.4466491],[0.2693983,51.4466567]]]}},
{"type":"Feature","properties":{"highway":"footway","name":null,"category":"Footpath (pedestrian only)"},"geometry":{"type":"MultiLineString","coordinates":[[[0.2730425,51.4452523],[0.273265,51.4452712],[0.2734148,51.4452845]]]}},
{"type":"Feature","properties":{"highway":"footway","name":null,"category":"Footpath (pedestrian only)"},"geometry":{"type":"MultiLineString","coordinates":[[[0.2662978,51.4455684],[0.2661115,51.4455428],[0.2659817,51.4454854],[0.2656679,51.4453501],[0.2654874,51.445287]]]}},
{"type":"Feature","properties":{"highway":"footway","name":null,"category":"Footpath (pedestrian only)"},"geometry":{"type":"MultiLineString","coordinates":[[[0.2729976,51.44656],[0.2731988,51.4464754],[0.2733079,51.446478],[0.2733759,51.4464787]]]}},
{"type":"Feature","properties":{"highway":"footway","name":null,"category":"Footpath (pedestrian only)"},"geometry":{"type":"MultiLineString","coordinates":[[[0.273059,51.4464265],[0.2731988,51.4464754]]]}},
{"type":"Feature","properties":{"highway":"footway","name":null,"category":"Footpath (pedestrian only)"},"geometry":{"type":"MultiLineString","coordinates":[[[0.2730425,51.4452523],[0.2731344,51.4451191]]]}},
{"type":"Feature","properties":{"highway":"footway","name":"London Road","category":"Footpath (pedestrian only)"},"geometry":{"type":"MultiLineString","coordinates":[[[0.2586443,51.4453986],[0.2593578,51.4455006]]]}},
{"type":"Feature","properties":{"highway":"footway","name":null,"category":"Footpath (pedestrian only)"},"geometry":{"type":"MultiLineString","coordinates":[[[0.2585385,51.4453821],[0.2585924,51.4453905],[0.2586443,51.4453986]]]}},
{"type":"Feature","properties":{"highway":"footway","name":"London Road","category":"Footpath (pedestrian only)"},"geometry":{"type":"MultiLineString","coordinates":[[[0.2594636,51.4455168],[0.2602587,51.4456513],[0.2602881,51.4456359],[0.2603043,51.445635]]]}},
{"type":"Feature","properties":{"highway":"footway","name":null,"category":"Footpath (pedestrian only)"},"geometry":{"type":"MultiLineString","coordinates":[[[0.2593578,51.4455006],[0.2594092,51.4455088],[0.2594636,51.4455168]]]}},
{"type":"Feature","properties":{"highway":"footway","name":"London Road","category":"Footpath (pedestrian only)"},"geometry":{"type":"MultiLineString","coordinates":[[[0.2603929,51.4456492],[0.2604053,51.4456542],[0.2604071,51.4456797],[0.2604722,51.4456948],[0.2616518,51.4459687],[0.262135,51.446083],[0.2624754,51.446154]]]}},
{"type":"Feature","properties":{"highway":"footway","name":null,"category":"Footpath (pedestrian only)"},"geometry":{"type":"MultiLineString","coordinates":[[[0.2603043,51.445635],[0.2603486,51.4456433],[0.2603929,51.4456492]]]}},
{"type":"Feature","properties":{"highway":"footway","name":"London Road","category":"Footpath (pedestrian only)"},"geometry":{"type":"MultiLineString","coordinates":[[[0.2625663,51.4461725],[0.2626101,51.4461732],[0.2629497,51.4462244],[0.2632826,51.4462666],[0.263299,51.4462607],[0.2633172,51.4462541]]]}},
{"type":"Feature","properties":{"highway":"footway","name":null,"category":"Footpath (pedestrian only)"},"geometry":{"type":"MultiLineString","coordinates":[[[0.2624754,51.446154],[0.2625249,51.4461641],[0.2625663,51.4461725]]]}},
{"type":"Feature","properties":{"highway":"footway","name":"London Road","category":"Footpath (pedestrian only)"},"geometry":{"type":"MultiLineString","coordinates":[[[0.2633855,51.4462614],[0.263401,51.4462629],[0.263412,51.4462794],[0.2640312,51.4463524],[0.2641644,51.4463753],[0.2643857,51.4463853],[0.2645654,51.446396]]]}},
{"type":"Feature","properties":{"highway":"footway","name":null,"category":"Footpath (pedestrian only)"},"geometry":{"type":"MultiLineString","coordinates":[[[0.2633172,51.4462541],[0.2633451,51.4462571],[0.2633855,51.4462614]]]}},
{"type":"Feature","properties":{"highway":"footway","name":"London Road","category":"Footpath (pedestrian only)"},"geometry":{"type":"MultiLineString","coordinates":[[[0.2513508,51.4437085],[0.2513638,51.4437134],[0.2514031,51.4437283],[0.251669,51.4437649],[0.252169,51.4438638],[0.2527107,51.4439676],[0.2532213,51.4440623],[0.2536341,51.4441399],[0.2543536,51.4442981],[0.2546203,51.4443788],[0.2550981,51.4445198],[0.2558577,51.444744],[0.2561938,51.4448383],[0.2569755,51.4450781],[0.2574646,51.4451965],[0.2581857,51.4453333],[0.2585385,51.4453821]]]}},
{"type":"Feature","properties":{"highway":"footway","name":null,"category":"Footpath (pedestrian only)"},"geometry":{"type":"MultiLineString","coordinates":[[[0.260418,51.4458011],[0.2604436,51.4457543],[0.2604693,51.4457071]]]}},
{"type":"Feature","properties":{"highway":"footway","name":null,"category":"Footpath (pedestrian only)"},"geometry":{"type":"MultiLineString","coordinates":[[[0.260408,51.4458193],[0.260418,51.4458011]]]}},
{"type":"Feature","properties":{"highway":"footway","name":null,"category":"Footpath (pedestrian only)"},"geometry":{"type":"MultiLineString","coordinates":[[[0.2644521,51.4465157],[0.2644543,51.4464972]]]}},
{"type":"Feature","properties":{"highway":"footway","name":null,"category":"Footpath (pedestrian only)"},"geometry":{"type":"MultiLineString","coordinates":[[[0.2604722,51.4456948],[0.2604693,51.4457071]]]}},
{"type":"Feature","properties":{"highway":"footway","name":null,"category":"Footpath (pedestrian only)"},"geometry":{"type":"MultiLineString","coordinates":[[[0.2807111,51.4490091],[0.2806846,51.448954],[0.2806348,51.4489171],[0.2803479,51.4487974],[0.2803385,51.4487841],[0.2803585,51.4487684]]]}},
{"type":"Feature","properties":{"highway":"footway","name":null,"category":"Footpath (pedestrian only)"},"geometry":{"type":"MultiLineString","coordinates":[[[0.2762835,51.4471076],[0.2766876,51.4472532],[0.2769075,51.4473323],[0.2771351,51.4473985],[0.2771818,51.4474123]]]}},
{"type":"Feature","properties":{"highway":"footway","name":null,"category":"Footpath (pedestrian only)"},"geometry":{"type":"MultiLineString","coordinates":[[[0.2758348,51.4510834],[0.2758223,51.4510156],[0.2758226,51.4509976],[0.2758254,51.4509852],[0.2758306,51.4509724],[0.2758371,51.4509629],[0.2758663,51.4509327],[0.2761941,51.4506544],[0.2763598,51.450485],[0.2763621,51.4504603],[0.276389,51.4504238],[0.2764001,51.4503936],[0.2764064,51.4503747],[0.2764094,51.4503616],[0.2764123,51.4503484],[0.2764151,51.4503304],[0.2764171,51.4503066],[0.2764204,51.4502629],[0.2764194,51.4502449]]]}},
{"type":"Feature","properties":{"highway":"footway","name":null,"category":"Footpath (pedestrian only)"},"geometry":{"type":"MultiLineString","coordinates":[[[0.2758348,51.4510834],[0.2758505,51.4511709]]]}},
{"type":"Feature","properties":{"highway":"footway","name":null,"category":"Footpath (pedestrian only)"},"geometry":{"type":"MultiLineString","coordinates":[[[0.266879,51.4424925],[0.2669465,51.4425523],[0.2669488,51.4425536],[0.2669526,51.4425556],[0.2670056,51.4425774],[0.2670704,51.4426043],[0.267082,51.4426091],[0.2670911,51.4426135],[0.2671109,51.4426246]]]}},
{"type":"Feature","properties":{"highway":"footway","name":null,"category":"Footpath (pedestrian only)"},"geometry":{"type":"MultiLineString","coordinates":[[[0.2670704,51.4426043],[0.267102,51.4425731]]]}},
{"type":"Feature","properties":{"highway":"footway","name":null,"category":"Footpath (pedestrian only)"},"geometry":{"type":"MultiLineString","coordinates":[[[0.2582704,51.4509401],[0.2583191,51.4509398],[0.2583195,51.4509542],[0.2583191,51.4509594],[0.2583191,51.4509671],[0.2583204,51.4510132]]]}},
{"type":"Feature","properties":{"highway":"footway","name":null,"category":"Footpath (pedestrian only)"},"geometry":{"type":"MultiLineString","coordinates":[[[0.2583204,51.4510132],[0.2583226,51.4510829],[0.2583249,51.4511403],[0.2583261,51.4511601],[0.2583268,51.451163],[0.2583278,51.4511655],[0.2583305,51.4511693],[0.2583385,51.4511781],[0.2583436,51.451182],[0.2583513,51.4511864],[0.2583607,51.4511902],[0.2583714,51.4511931],[0.2583798,51.4511946],[0.2583925,51.4511956],[0.2585263,51.4511946],[0.2588459,51.4511896],[0.2594209,51.4511811],[0.2597131,51.451178],[0.2597158,51.4511767],[0.2597165,51.4511748],[0.2597138,51.4511046]]]}},
{"type":"Feature","properties":{"highway":"footway","name":null,"category":"Footpath (pedestrian only)"},"geometry":{"type":"MultiLineString","coordinates":[[[0.2583191,51.4509398],[0.2583192,51.4509192],[0.2583199,51.4509161],[0.2583215,51.450913],[0.2583273,51.4509043],[0.2583338,51.4508974],[0.2583396,51.4508926],[0.2583473,51.4508875],[0.258355,51.4508842],[0.2583635,51.450882],[0.2583746,51.4508806],[0.2583935,51.4508799],[0.2584154,51.4508796],[0.2584936,51.4508786],[0.2585155,51.4508783],[0.2585841,51.4508775],[0.2585938,51.4508773],[0.2586682,51.4508761],[0.2587454,51.4508749],[0.2588268,51.4508736],[0.2588484,51.4508733],[0.2588729,51.4508729],[0.2589289,51.4508715],[0.2590031,51.4508696],[0.2590795,51.4508676],[0.2591593,51.4508655],[0.2591717,51.4508652],[0.2591802,51.450865],[0.2592599,51.4508627],[0.2593362,51.4508605],[0.2594115,51.4508584],[0.259468,51.4508568],[0.2594918,51.4508559],[0.2595136,51.4508552],[0.2595697,51.4508533],[0.259589,51.450852],[0.2595919,51.4508517],[0.2596594,51.4508458],[0.2597079,51.4508416],[0.2598169,51.4508336],[0.2598459,51.4508324],[0.260011,51.4508308],[0.2600202,51.4508308],[0.2601326,51.4508264],[0.2601376,51.4508254],[0.2601518,51.4508213],[0.2601581,51.4508203],[0.2601914,51.4508197],[0.2601912,51.4508148]]]}},
{"type":"Feature","properties":{"highway":"footway","name":null,"category":"Footpath (pedestrian only)"},"geometry":{"type":"MultiLineString","coordinates":[[[0.2601326,51.4508264],[0.260127,51.4508362],[0.260126,51.4508381],[0.2601252,51.4508409],[0.2601247,51.4508656]]]}},
{"type":"Feature","properties":{"highway":"footway","name":null,"category":"Footpath (pedestrian only)"},"geometry":{"type":"MultiLineString","coordinates":[[[0.2582704,51.4509401],[0.2582247,51.4509406],[0.2582224,51.45094],[0.2582212,51.4509385],[0.2582204,51.4509371],[0.2582186,51.4509227],[0.2582174,51.4509183],[0.2582151,51.4509124],[0.258212,51.4509069],[0.2582095,51.4509035],[0.2582057,51.4509001],[0.2581953,51.4508928],[0.2581874,51.4508877],[0.2581772,51.4508844],[0.2581645,51.4508815],[0.2581503,51.4508796],[0.2581358,51.4508785],[0.2581152,51.4508785],[0.2580468,51.4508775],[0.2579318,51.4508771],[0.2579047,51.4508773],[0.2578352,51.4508779]]]}},
{"type":"Feature","properties":{"highway":"footway","name":null,"category":"Footpath (pedestrian only)"},"geometry":{"type":"MultiLineString","coordinates":[[[0.2579047,51.4508773],[0.2579081,51.4509501]]]}},
{"type":"Feature","properties":{"highway":"footway","name":null,"category":"Footpath (pedestrian only)"},"geometry":{"type":"MultiLineString","coordinates":[[[0.2596594,51.4508458],[0.2596602,51.4508531],[0.2596624,51.450894]]]}},
{"type":"Feature","properties":{"highway":"footway","name":null,"category":"Footpath (pedestrian only)"},"geometry":{"type":"MultiLineString","coordinates":[[[0.2595919,51.4508517],[0.2595931,51.4508938]]]}},
{"type":"Feature","properties":{"highway":"footway","name":null,"category":"Footpath (pedestrian only)"},"geometry":{"type":"MultiLineString","coordinates":[[[0.2595136,51.4508958],[0.2595136,51.4508552]]]}},
{"type":"Feature","properties":{"highway":"footway","name":null,"category":"Footpath (pedestrian only)"},"geometry":{"type":"MultiLineString","coordinates":[[[0.2594916,51.4508964],[0.2594918,51.4508559]]]}},
{"type":"Feature","properties":{"highway":"footway","name":null,"category":"Footpath (pedestrian only)"},"geometry":{"type":"MultiLineString","coordinates":[[[0.2594121,51.4508973],[0.2594115,51.4508584]]]}},
{"type":"Feature","properties":{"highway":"footway","name":null,"category":"Footpath (pedestrian only)"},"geometry":{"type":"MultiLineString","coordinates":[[[0.259337,51.4509001],[0.2593362,51.4508605]]]}},
{"type":"Feature","properties":{"highway":"footway","name":null,"category":"Footpath (pedestrian only)"},"geometry":{"type":"MultiLineString","coordinates":[[[0.2592601,51.4508994],[0.2592599,51.4508627]]]}},
{"type":"Feature","properties":{"highway":"footway","name":null,"category":"Footpath (pedestrian only)"},"geometry":{"type":"MultiLineString","coordinates":[[[0.2591815,51.4509007],[0.2591802,51.450865]]]}},
{"type":"Feature","properties":{"highway":"footway","name":null,"category":"Footpath (pedestrian only)"},"geometry":{"type":"MultiLineString","coordinates":[[[0.2591611,51.450901],[0.2591593,51.4508655]]]}},
{"type":"Feature","properties":{"highway":"footway","name":null,"category":"Footpath (pedestrian only)"},"geometry":{"type":"MultiLineString","coordinates":[[[0.2590803,51.4509035],[0.2590795,51.4508676]]]}},
{"type":"Feature","properties":{"highway":"footway","name":null,"category":"Footpath (pedestrian only)"},"geometry":{"type":"MultiLineString","coordinates":[[[0.2590045,51.4509059],[0.2590031,51.4508696]]]}},
{"type":"Feature","properties":{"highway":"footway","name":null,"category":"Footpath (pedestrian only)"},"geometry":{"type":"MultiLineString","coordinates":[[[0.2589297,51.4509051],[0.2589289,51.4508715]]]}},
{"type":"Feature","properties":{"highway":"footway","name":null,"category":"Footpath (pedestrian only)"},"geometry":{"type":"MultiLineString","coordinates":[[[0.2588481,51.4509068],[0.2588484,51.4508733]]]}},
{"type":"Feature","properties":{"highway":"footway","name":null,"category":"Footpath (pedestrian only)"},"geometry":{"type":"MultiLineString","coordinates":[[[0.2588273,51.450907],[0.2588268,51.4508736]]]}},
{"type":"Feature","properties":{"highway":"footway","name":null,"category":"Footpath (pedestrian only)"},"geometry":{"type":"MultiLineString","coordinates":[[[0.2587455,51.4509083],[0.2587454,51.4508749]]]}},
{"type":"Feature","properties":{"highway":"footway","name":null,"category":"Footpath (pedestrian only)"},"geometry":{"type":"MultiLineString","coordinates":[[[0.2586685,51.450907],[0.2586682,51.4508761]]]}},
{"type":"Feature","properties":{"highway":"footway","name":null,"category":"Footpath (pedestrian only)"},"geometry":{"type":"MultiLineString","coordinates":[[[0.2585943,51.4509088],[0.2585938,51.4508773]]]}},
{"type":"Feature","properties":{"highway":"footway","name":null,"category":"Footpath (pedestrian only)"},"geometry":{"type":"MultiLineString","coordinates":[[[0.258516,51.4509121],[0.2585155,51.4508783]]]}},
{"type":"Feature","properties":{"highway":"footway","name":null,"category":"Footpath (pedestrian only)"},"geometry":{"type":"MultiLineString","coordinates":[[[0.2584944,51.4509126],[0.2584936,51.4508786]]]}},
{"type":"Feature","properties":{"highway":"footway","name":null,"category":"Footpath (pedestrian only)"},"geometry":{"type":"MultiLineString","coordinates":[[[0.2584156,51.450914],[0.2584154,51.4508796]]]}},
{"type":"Feature","properties":{"highway":"footway","name":null,"category":"Footpath (pedestrian only)"},"geometry":{"type":"MultiLineString","coordinates":[[[0.2784941,51.4513934],[0.2784998,51.4514136],[0.2785029,51.4514218],[0.2785063,51.4514287],[0.2785225,51.4514558],[0.2785983,51.4515831],[0.2786251,51.451632],[0.2786545,51.45169],[0.2786558,51.4516938],[0.2786567,51.4516969],[0.2786589,51.4517129],[0.2786598,51.4517162],[0.2786611,51.4517195],[0.2787036,51.4518069],[0.278726,51.4518744],[0.2787474,51.4519251],[0.2786876,51.451935]]]}},
{"type":"Feature","properties":{"highway":"footway","name":null,"category":"Footpath (pedestrian only)"},"geometry":{"type":"MultiLineString","coordinates":[[[0.2786426,51.4511996],[0.278669,51.4511851],[0.2786841,51.4511774],[0.2787098,51.4511658],[0.2787355,51.4511552],[0.2787559,51.4511479],[0.2787787,51.4511407],[0.2788126,51.4511323],[0.2790898,51.4510646],[0.2794291,51.4509822],[0.2794969,51.4509668],[0.2795477,51.4509568],[0.2796017,51.4509486],[0.2796548,51.4509424],[0.279708,51.450938],[0.2797503,51.4509366],[0.2797857,51.4509366],[0.2798198,51.4509374],[0.2798527,51.4509395],[0.2798949,51.4509429],[0.2800039,51.4509548],[0.2800103,51.4509545],[0.2800138,51.4509519],[0.2800214,51.4509204],[0.2800228,51.4509161],[0.2800241,51.4509134],[0.2800259,51.4509102],[0.2800278,51.4509073],[0.280035,51.4508987],[0.2800378,51.4508959],[0.2800416,51.4508927],[0.2800754,51.4508642],[0.2800787,51.4508623],[0.2800817,51.4508607],[0.2800881,51.4508588],[0.2801025,51.4508564],[0.2801121,51.450855],[0.2801468,51.4508506],[0.2801599,51.450849],[0.2801787,51.4508458],[0.2803992,51.450805]]]}},
{"type":"Feature","properties":{"highway":"footway","name":null,"category":"Footpath (pedestrian only)"},"geometry":{"type":"MultiLineString","coordinates":[[[0.2782105,51.4514596],[0.2782795,51.4515071],[0.2783265,51.4515417],[0.2783611,51.45157],[0.2783904,51.4515974],[0.2784304,51.4516382],[0.2784905,51.4517092],[0.2785344,51.4517654],[0.2785521,51.4517908],[0.2785668,51.4518143],[0.2785776,51.4518345],[0.2785937,51.4518666],[0.2786234,51.4519453]]]}},
{"type":"Feature","properties":{"highway":"footway","name":null,"category":"Footpath (pedestrian only)"},"geometry":{"type":"MultiLineString","coordinates":[[[0.2767446,51.4481296],[0.2768459,51.4481492],[0.2769716,51.4481728],[0.2770721,51.4481949],[0.277272,51.4482375],[0.2775147,51.4482914],[0.2779491,51.4483886],[0.2780561,51.4484123],[0.2780621,51.4484131],[0.2780682,51.448414],[0.2780749,51.448414],[0.278101,51.4484148],[0.2781084,51.4484152],[0.2781185,51.4484169],[0.278323,51.4484604],[0.2783756,51.4484726],[0.2783897,51.4484772],[0.2784072,51.4484831],[0.278487,51.4485157],[0.2784957,51.4485219],[0.2785021,51.4485274],[0.2785044,51.4485294],[0.2785091,51.448534],[0.2785238,51.4485512],[0.2785361,51.4485692],[0.2785446,51.4485863],[0.2785493,51.448598],[0.278552,51.4486101],[0.278554,51.4486268],[0.2785554,51.4486561],[0.278555,51.4486639],[0.278554,51.4486824],[0.2785517,51.4486977],[0.2785463,51.4487227],[0.2785386,51.4487501],[0.2785278,51.4487789],[0.2785124,51.4488086],[0.2784978,51.4488355],[0.2784793,51.4488638],[0.2784601,51.4488898],[0.2784354,51.4489186],[0.2784138,51.4489435],[0.2783838,51.4489714],[0.278333,51.449016],[0.2782767,51.4490707],[0.278202,51.4491485],[0.2781345,51.4492225],[0.2780885,51.4492793],[0.2780389,51.4493449],[0.2779885,51.449416],[0.2779531,51.4494745],[0.2779186,51.449534],[0.2778938,51.4495814],[0.277862,51.4496443],[0.2778283,51.4497182],[0.2778098,51.4497673],[0.2777921,51.4498202],[0.2777886,51.4498332],[0.277777,51.4498775],[0.2777717,51.4499126],[0.2777702,51.4499226],[0.2777655,51.4499543],[0.2777578,51.4500043],[0.2777566,51.4500075],[0.2777543,51.4500106],[0.2777508,51.4500132],[0.277747,51.4500154],[0.2777382,51.4500178]]]}},
{"type":"Feature","properties":{"highway":"footway","name":null,"category":"Footpath (pedestrian only)"},"geometry":{"type":"MultiLineString","coordinates":[[[0.2777479,51.4501533],[0.2777227,51.4501444],[0.2777087,51.4501401],[0.2776924,51.4501357],[0.2776795,51.4501332],[0.2776678,51.4501317],[0.2776392,51.4501306],[0.2776252,51.450131],[0.2776153,51.4501317],[0.2774354,51.4501503],[0.2768805,51.4502066],[0.2766579,51.4502275],[0.2764872,51.4502402],[0.2764194,51.4502449],[0.2763165,51.4502464],[0.2761589,51.4502464],[0.2760713,51.4502464],[0.2760048,51.4502449],[0.2759265,51.4502391],[0.2758378,51.4502296],[0.2757,51.4502158],[0.2756195,51.4502049],[0.2755534,51.4501951],[0.2755402,51.4501946],[0.275526,51.4501946],[0.2755136,51.4501968],[0.2755004,51.4502018],[0.2754897,51.4502089],[0.2754835,51.4502144],[0.2754773,51.4502216],[0.2754712,51.4502337],[0.2754535,51.4502779],[0.2754358,51.450317],[0.2754128,51.4503617],[0.2754005,51.4503854],[0.2753971,51.4503937],[0.2753958,51.4504042],[0.2753978,51.4504142],[0.2754011,51.4504217]]]}},
{"type":"Feature","properties":{"highway":"footway","name":null,"category":"Footpath (pedestrian only)"},"geometry":{"type":"MultiLineString","coordinates":[[[0.2777479,51.4501533],[0.2777602,51.4501596],[0.2777698,51.4501671],[0.277778,51.4501738],[0.2777835,51.4501796],[0.2777888,51.4501863],[0.277793,51.4501928],[0.2777954,51.4501978],[0.2777981,51.450206],[0.2777992,51.4502151],[0.2778007,51.4502413],[0.2778005,51.4503038],[0.2778021,51.4503529],[0.2778041,51.4504035],[0.2778056,51.4504279],[0.2778082,51.4504653],[0.2778112,51.4504846],[0.2778168,51.450516],[0.2778285,51.4505625],[0.2778417,51.450616],[0.2778658,51.4506973],[0.2778734,51.4507253],[0.2778751,51.4507355],[0.2778775,51.45075],[0.2778798,51.4507599],[0.2778845,51.4507733],[0.2778996,51.4508097],[0.2779029,51.4508173],[0.2779242,51.4508847],[0.2779265,51.4508996],[0.2779271,51.4509203],[0.2779242,51.4509338],[0.277919,51.4509545]]]}},
{"type":"Feature","properties":{"highway":"footway","name":null,"category":"Footpath (pedestrian only)"},"geometry":{"type":"MultiLineString","coordinates":[[[0.2784442,51.4505968],[0.278395,51.450598],[0.2783929,51.4505837],[0.2783912,51.4505783],[0.2783888,51.4505728],[0.2783859,51.4505684],[0.2783804,51.4505628],[0.2783733,51.450557],[0.2783655,51.4505522],[0.2783547,51.4505477],[0.2783351,51.4505409],[0.278332,51.4505394],[0.27833,51.4505384],[0.2783287,51.4505372],[0.2783281,51.4505358],[0.2783224,51.4505058],[0.2783179,51.4504814],[0.2783179,51.4504776],[0.2783183,51.4504748],[0.2783205,51.4504723],[0.2783245,51.4504707],[0.2783334,51.4504693],[0.27834,51.4504676],[0.2783453,51.4504649],[0.2783511,51.4504618],[0.2783568,51.4504572],[0.2783617,51.4504514],[0.2783656,51.4504448],[0.278368,51.4504382],[0.27837,51.4504273],[0.2783714,51.450411],[0.2783707,51.4503901],[0.2783654,51.4503366],[0.2783586,51.4502915],[0.278356,51.4502631],[0.2783553,51.4502426],[0.278356,51.45021],[0.278359,51.4501431],[0.2783595,51.4501173],[0.2783584,51.4501013],[0.2783543,51.4500733],[0.2783537,51.4500562],[0.2783543,51.4500453],[0.2783566,51.4500209],[0.2783589,51.4499909],[0.2783684,51.449928],[0.2783706,51.4499066],[0.2783711,51.4498973],[0.2783707,51.4498906],[0.2783701,51.4498875],[0.278369,51.4498842],[0.2783675,51.4498812],[0.2783657,51.4498786],[0.2783626,51.4498754],[0.2783588,51.4498728],[0.2783549,51.4498709],[0.2783495,51.4498692],[0.278341,51.4498674],[0.2783308,51.4498663],[0.2783195,51.4498657],[0.2783113,51.4498661],[0.2782995,51.4498674],[0.2782836,51.4498709],[0.2782692,51.4498751],[0.2782511,51.449882],[0.2782368,51.4498891],[0.2782258,51.449896],[0.2782183,51.4499018],[0.2782135,51.4499068],[0.2782081,51.4499151],[0.2782052,51.4499208],[0.2782024,51.4499284],[0.2781927,51.4499655],[0.2781925,51.4499679],[0.2781931,51.4499706],[0.2781947,51.449974],[0.2781998,51.4499831]]]}},
{"type":"Feature","properties":{"highway":"footway","name":null,"category":"Footpath (pedestrian only)"},"geometry":{"type":"MultiLineString","coordinates":[[[0.278395,51.450598],[0.2783728,51.4505991]]]}},
{"type":"Feature","properties":{"highway":"footway","name":null,"category":"Footpath (pedestrian only)"},"geometry":{"type":"MultiLineString","coordinates":[[[0.2782279,51.450606],[0.2782078,51.450607]]]}},
{"type":"Feature","properties":{"highway":"footway","name":null,"category":"Footpath (pedestrian only)"},"geometry":{"type":"MultiLineString","coordinates":[[[0.2797561,51.4488513],[0.2797629,51.4488527],[0.2798051,51.4488577],[0.2798695,51.4488686],[0.2799554,51.4488869],[0.2801768,51.4489369],[0.2806636,51.4490431],[0.2810081,51.4491253],[0.2823196,51.4494088],[0.283021,51.4495623],[0.2836973,51.4497079],[0.2838851,51.4497497],[0.2838985,51.449753],[0.2839085,51.4497564],[0.2839354,51.4497668],[0.2839454,51.4497698],[0.2840084,51.4497865],[0.2845093,51.4499014],[0.2847638,51.4499549],[0.2847868,51.4499604],[0.2848116,51.4499681],[0.2848346,51.449977],[0.2848558,51.4499886],[0.2848735,51.4500012],[0.2848903,51.4500167],[0.2849107,51.4500382],[0.2849266,51.4500602],[0.2849576,51.4501132],[0.2850328,51.4502758],[0.2850472,51.4503091],[0.2850563,51.4503256],[0.2850807,51.4503623],[0.2851112,51.450394],[0.2851447,51.4504206],[0.2851783,51.4504434],[0.285226,51.4504719],[0.285288,51.4505055],[0.2853409,51.4505353],[0.2853774,51.4505628],[0.285416,51.4505976],[0.2854445,51.4506306],[0.2854709,51.4506717],[0.2854902,51.4507104],[0.2855024,51.4507528],[0.2855075,51.4507839],[0.2855085,51.4508149],[0.2855024,51.4508497],[0.2854922,51.4509017],[0.285477,51.4509903],[0.2854181,51.4513134],[0.2853967,51.4514058],[0.2853896,51.4514286],[0.2853723,51.4514723],[0.285352,51.4515217],[0.2853327,51.4515578],[0.2853093,51.4515952],[0.2852778,51.4516402],[0.2852138,51.4517301],[0.285133,51.45184],[0.285007,51.4520103],[0.2849217,51.452151],[0.2848714,51.4522339],[0.2848776,51.4522526],[0.2848811,51.452268],[0.2848802,51.4522923],[0.2848778,51.452307]]]}},
{"type":"Feature","properties":{"highway":"footway","name":null,"category":"Footpath (pedestrian only)"},"geometry":{"type":"MultiLineString","coordinates":[[[0.2777382,51.4500178],[0.2777414,51.4500482],[0.2777441,51.4500744],[0.2777451,51.4500829],[0.2777455,51.4500894],[0.2777475,51.4501202],[0.2777479,51.4501533]]]}},
{"type":"Feature","properties":{"highway":"footway","name":null,"category":"Footpath (pedestrian only)"},"geometry":{"type":"MultiLineString","coordinates":[[[0.2768809,51.4479807],[0.2768578,51.4480354],[0.2768407,51.4480687],[0.276838,51.4480691],[0.2768351,51.4480691],[0.2768319,51.4480689],[0.2767843,51.4480598],[0.2767817,51.44806],[0.2767794,51.4480613],[0.2767776,51.4480631],[0.2767646,51.4480892],[0.2767446,51.4481296]]]}},
{"type":"Feature","properties":{"highway":"footway","name":null,"category":"Footpath (pedestrian only)"},"geometry":{"type":"MultiLineString","coordinates":[[[0.2767861,51.4479095],[0.2767196,51.4478979],[0.2766779,51.4478907],[0.2766522,51.4478863],[0.2766255,51.4479302],[0.2765953,51.4479254],[0.2765493,51.4479182],[0.2764526,51.4478995]]]}},
{"type":"Feature","properties":{"highway":"footway","name":null,"category":"Footpath (pedestrian only)"},"geometry":{"type":"MultiLineString","coordinates":[[[0.2768809,51.4479807],[0.2767861,51.4479095]]]}},
{"type":"Feature","properties":{"highway":"footway","name":null,"category":"Footpath (pedestrian only)"},"geometry":{"type":"MultiLineString","coordinates":[[[0.2761931,51.4480341],[0.2761984,51.4480064],[0.2762029,51.4479787],[0.276208,51.4479559],[0.2762146,51.4479179]]]}},
{"type":"Feature","properties":{"highway":"footway","name":null,"category":"Footpath (pedestrian only)"},"geometry":{"type":"MultiLineString","coordinates":[[[0.2761931,51.4480341],[0.2761891,51.4480517],[0.2765485,51.4480915],[0.2767446,51.4481296]]]}},
{"type":"Feature","properties":{"highway":"footway","name":null,"category":"Footpath (pedestrian only)"},"geometry":{"type":"MultiLineString","coordinates":[[[0.2648419,51.4466139],[0.2647471,51.4465985],[0.2646625,51.4465881]]]}},
{"type":"Feature","properties":{"highway":"footway","name":null,"category":"Footpath (pedestrian only)"},"geometry":{"type":"MultiLineString","coordinates":[[[0.2652314,51.4464605],[0.2650747,51.4464402],[0.2650698,51.4464377],[0.2650673,51.4464341],[0.2650681,51.4464289],[0.2650804,51.4463967]]]}},
{"type":"Feature","properties":{"highway":"footway","name":null,"category":"Footpath (pedestrian only)"},"geometry":{"type":"MultiLineString","coordinates":[[[0.2650804,51.4463967],[0.2650091,51.446384],[0.264918,51.4463692]]]}},
{"type":"Feature","properties":{"highway":"footway","name":null,"category":"Footpath (pedestrian only)"},"geometry":{"type":"MultiLineString","coordinates":[[[0.264918,51.4463692],[0.264876,51.4464034],[0.2648107,51.4464171],[0.2645654,51.446396]]]}},
{"type":"Feature","properties":{"highway":"footway","name":null,"category":"Footpath (pedestrian only)"},"geometry":{"type":"MultiLineString","coordinates":[[[0.2777382,51.4500178],[0.2777173,51.4500238],[0.2776768,51.450034],[0.2776555,51.4500388],[0.2776347,51.4500419],[0.2776016,51.4500464],[0.2775666,51.4500489],[0.2773914,51.4500645],[0.2772365,51.4500783],[0.2771857,51.4500821],[0.2771548,51.4500826],[0.2771032,51.4500807],[0.2770763,51.4500763],[0.2770616,51.4500725],[0.2770547,51.4500682],[0.2770439,51.4500617],[0.2770347,51.4500533],[0.2770278,51.4500466],[0.2770193,51.4500355],[0.277007,51.4500139],[0.2770008,51.4499971],[0.2769985,51.4499856],[0.2769977,51.4499693],[0.2769993,51.4499544],[0.2770008,51.449941],[0.2770039,51.449929],[0.2770108,51.4499151],[0.2770162,51.4499069],[0.2770231,51.4498983],[0.2770717,51.4498474],[0.2771055,51.4498123],[0.2771402,51.4497754],[0.2771826,51.4497298],[0.2772172,51.4496928],[0.2772527,51.4496554],[0.2773244,51.4495839],[0.2774501,51.4494686],[0.277566,51.4493655],[0.2776005,51.4493374],[0.2776492,51.4493015],[0.2777323,51.4492398],[0.2778355,51.4491583],[0.2779452,51.4490778],[0.2781372,51.4489317],[0.2783171,51.4487939],[0.2783332,51.4487831],[0.2783728,51.4487597],[0.2784622,51.4487051],[0.2785176,51.4486737],[0.2785283,51.4486683],[0.2785328,51.4486668],[0.2785374,51.4486655],[0.278543,51.4486645],[0.278555,51.4486639]]]}},
{"type":"Feature","properties":{"highway":"footway","name":null,"category":"Footpath (pedestrian only)"},"geometry":{"type":"MultiLineString","coordinates":[[[0.2732406,51.4508933],[0.2732396,51.4508659],[0.2732384,51.4508368],[0.2732392,51.4508347],[0.2732421,51.4508331],[0.2732468,51.4508325],[0.2734793,51.4508277],[0.2735474,51.4508264]]]}},
{"type":"Feature","properties":{"highway":"footway","name":null,"category":"Footpath (pedestrian only)"},"geometry":{"type":"MultiLineString","coordinates":[[[0.2732601,51.4508656],[0.2732396,51.4508659]]]}},
{"type":"Feature","properties":{"highway":"footway","name":null,"category":"Footpath (pedestrian only)"},"geometry":{"type":"MultiLineString","coordinates":[[[0.2787474,51.4519251],[0.2789197,51.4523473],[0.2789304,51.452373],[0.278934,51.4523793],[0.2789396,51.4523863],[0.2789477,51.4523932],[0.2789777,51.4524094],[0.2789985,51.4524182],[0.2790209,51.4524255],[0.2790361,51.4524284],[0.2790554,51.4524303],[0.2790803,51.45243],[0.2791347,51.4524274],[0.2793556,51.4524125]]]}},
{"type":"Feature","properties":{"highway":"footway","name":null,"category":"Footpath (pedestrian only)"},"geometry":{"type":"MultiLineString","coordinates":[[[0.2668338,51.4509326],[0.2668014,51.4509291],[0.2667847,51.4509277],[0.2666783,51.4509237],[0.266424,51.4509187],[0.2661252,51.4509083],[0.2660246,51.4509051],[0.2657696,51.4509001],[0.2657375,51.4508983],[0.2657127,51.4508947],[0.2656974,51.4508919],[0.265669,51.4508856],[0.2656449,51.4508779],[0.2656311,51.450872],[0.2656143,51.450862],[0.2655994,51.4508526],[0.2655774,51.450832],[0.265565,51.4508152],[0.2655577,51.4508029],[0.2655519,51.4507884],[0.2655497,51.4507784],[0.2655497,51.4507634],[0.2655511,51.4507403],[0.2655606,51.4506644],[0.2655872,51.450316]]]}},
{"type":"Feature","properties":{"highway":"path","name":null,"category":"Shared path"},"geometry":{"type":"MultiLineString","coordinates":[[[0.2724822,51.4477265],[0.2724781,51.4479178]]]}},
{"type":"Feature","properties":{"highway":"footway","name":null,"category":"Footpath (pedestrian only)"},"geometry":{"type":"MultiLineString","coordinates":[[[0.2782101,51.4477433],[0.2780784,51.4476882],[0.2780056,51.4476562],[0.278002,51.4476534],[0.2780005,51.4476514],[0.277994,51.447638],[0.2779896,51.4476241],[0.2779885,51.4476153],[0.2779885,51.4476087],[0.2779903,51.4475992],[0.2779921,51.4475928],[0.2779954,51.4475869],[0.2779983,51.4475835],[0.2780016,51.447581],[0.278006,51.4475789],[0.2780114,51.4475767],[0.2780154,51.4475755],[0.2780493,51.4475708],[0.2780526,51.4475696],[0.2780552,51.447568],[0.2782254,51.4474046],[0.2785142,51.4471229],[0.2786305,51.4470062],[0.2786391,51.4469961],[0.2786406,51.4469932],[0.2786608,51.4469454],[0.278674,51.4469173],[0.2786785,51.4469109],[0.2786938,51.4468894],[0.2787113,51.44687],[0.2787197,51.4468606],[0.2787238,51.4468584],[0.2787289,51.4468565],[0.2789654,51.4467983],[0.2789673,51.446798],[0.2789694,51.4467973],[0.2789707,51.4467963],[0.2789937,51.4467615],[0.279019,51.446722],[0.279019,51.4467189],[0.279018,51.4467157],[0.2789143,51.4465535],[0.2789133,51.4465501],[0.2789143,51.4465472],[0.2790395,51.4463535],[0.2790763,51.4462936],[0.2791231,51.4462212],[0.2791585,51.4461655],[0.2791897,51.4461178],[0.2792032,51.4461001],[0.279223,51.4460714],[0.2792649,51.446013],[0.2792715,51.4460067],[0.2792812,51.446],[0.2792939,51.445994],[0.2793056,51.4459911],[0.2793193,51.4459899],[0.2793335,51.4459895],[0.2793401,51.4459895],[0.2793518,51.4459915],[0.2793569,51.4459911],[0.2793605,51.4459889],[0.2793736,51.445967]]]}},
{"type":"Feature","properties":{"highway":"footway","name":null,"category":"Footpath (pedestrian only)"},"geometry":{"type":"MultiLineString","coordinates":[[[0.2776604,51.4462445],[0.2776193,51.4463851],[0.2776188,51.4463881],[0.2776207,51.4463918],[0.277623,51.4463942],[0.2776412,51.4464064],[0.277644,51.446409],[0.277644,51.4464117],[0.2776431,51.4464143],[0.2776244,51.446488],[0.2776174,51.4465075],[0.2776146,51.4465128],[0.2776076,51.4465189],[0.2775992,51.4465242],[0.2775828,51.4465317],[0.2775744,51.4465341],[0.2775674,51.4465349],[0.2775627,51.4465346],[0.2775571,51.4465338],[0.2775454,51.44653],[0.2775346,51.4465265],[0.2775201,51.446523],[0.2775047,51.4465201],[0.2774036,51.4465063],[0.2771909,51.4464786],[0.2771446,51.4464719],[0.2771235,51.4464672],[0.2771104,51.4464632],[0.2770913,51.4464558],[0.2770698,51.4464474],[0.2770487,51.4464366],[0.2770136,51.4464151],[0.2769631,51.4463823],[0.2769031,51.4463408],[0.2768444,51.4462961],[0.2767687,51.4462392],[0.2766983,51.446179],[0.2766422,51.4461278],[0.2766376,51.4461221],[0.2766357,51.4461152],[0.2766363,51.4461042],[0.2766389,51.4460981],[0.2766435,51.4460908],[0.2766539,51.4460819],[0.2766676,51.4460754],[0.2769207,51.4459876],[0.27694,51.4459817],[0.2769493,51.4459806],[0.2769582,51.4459803],[0.2769634,51.4459806],[0.2769708,51.4459817],[0.276975,51.4459832],[0.2769788,51.4459855],[0.276983,51.4459887],[0.2770844,51.4461069],[0.2770886,51.446108],[0.2770943,51.4461074],[0.2771526,51.446089]]]}},
{"type":"Feature","properties":{"highway":"footway","name":null,"category":"Footpath (pedestrian only)"},"geometry":{"type":"MultiLineString","coordinates":[[[0.276132,51.4464909],[0.2762154,51.4465051],[0.2764796,51.4465457],[0.2764952,51.4465465],[0.2765044,51.4465465],[0.2765148,51.4465453],[0.2765272,51.4465429],[0.2765471,51.4465375],[0.2765569,51.4465318],[0.2765634,51.4465269],[0.2765706,51.4465216],[0.2765823,51.4465103],[0.276611,51.4464826],[0.2766234,51.4464729],[0.2766345,51.4464659],[0.2766534,51.4464574],[0.2766788,51.4464468],[0.276688,51.4464436],[0.2767069,51.4464379],[0.2767375,51.4464298],[0.2767707,51.4464205],[0.2767913,51.4464141],[0.2767988,51.4464109],[0.2768039,51.4464065],[0.2768067,51.446403],[0.2768077,51.4463995],[0.2768086,51.4463948],[0.2768086,51.4463884],[0.2768077,51.4463835],[0.2768044,51.4463782],[0.2768006,51.4463739],[0.2767941,51.446368],[0.2767815,51.4463584],[0.2767469,51.4463339],[0.2767003,51.446298],[0.2766018,51.4462134],[0.2765497,51.4461687],[0.276506,51.4461268],[0.2764795,51.4461007],[0.2764364,51.4460523],[0.2763614,51.4459617],[0.276334,51.4459296],[0.2763238,51.4459156],[0.2763171,51.4459064],[0.2763053,51.445891],[0.276291,51.4458739]]]}},
{"type":"Feature","properties":{"highway":"footway","name":null,"category":"Footpath (pedestrian only)"},"geometry":{"type":"MultiLineString","coordinates":[[[0.2765513,51.4467954],[0.2765939,51.4466785],[0.2765957,51.4466718],[0.2765962,51.4466675],[0.2765953,51.4466605],[0.2765929,51.4466511],[0.2765892,51.4466441],[0.2765832,51.4466358],[0.2765753,51.4466294],[0.2765692,51.4466259],[0.2765631,51.446623],[0.2765561,51.4466207],[0.2765435,51.4466177],[0.2765346,51.446616],[0.2765276,51.4466148],[0.2765149,51.4466142],[0.2764827,51.4466131],[0.2764654,51.4466119],[0.2764523,51.4466105],[0.2763302,51.4465918],[0.2762001,51.4465706]]]}},
{"type":"Feature","properties":{"highway":"footway","name":null,"category":"Footpath (pedestrian only)"},"geometry":{"type":"MultiLineString","coordinates":[[[0.276816,51.4464778],[0.2768421,51.4464699],[0.276858,51.4464661],[0.2768739,51.4464632],[0.2768894,51.446462],[0.2769034,51.446462],[0.2769132,51.4464632],[0.2769249,51.4464649],[0.2769399,51.4464684],[0.2769488,51.4464713],[0.276959,51.4464754],[0.2770306,51.4465116],[0.2770329,51.4465139],[0.2770348,51.4465171],[0.2770353,51.4465197],[0.2770357,51.4465232],[0.2770334,51.446532],[0.2767896,51.4465022],[0.2767947,51.4464875],[0.2767957,51.446486],[0.2767974,51.4464848],[0.2767993,51.4464839],[0.276816,51.4464778]]]}},
{"type":"Feature","properties":{"highway":"footway","name":null,"category":"Footpath (pedestrian only)"},"geometry":{"type":"MultiLineString","coordinates":[[[0.2767896,51.4465022],[0.2767757,51.4465005],[0.2767711,51.4465005],[0.2767659,51.4465014],[0.2767617,51.4465028],[0.2767584,51.4465049],[0.2767556,51.4465075],[0.2767538,51.446511],[0.2767394,51.4465486]]]}},
{"type":"Feature","properties":{"highway":"footway","name":null,"category":"Footpath (pedestrian only)"},"geometry":{"type":"MultiLineString","coordinates":[[[0.2767707,51.4464205],[0.2767933,51.446449],[0.276816,51.4464778]]]}},
{"type":"Feature","properties":{"highway":"footway","name":null,"category":"Footpath (pedestrian only)"},"geometry":{"type":"MultiLineString","coordinates":[[[0.2770334,51.446532],[0.2773156,51.446569],[0.2773905,51.4465791],[0.2774075,51.4465828],[0.2774329,51.4465897],[0.2774486,51.446595],[0.2774642,51.4466019],[0.2774909,51.4466165],[0.277502,51.4466234],[0.277512,51.4466324],[0.2775198,51.446643],[0.277525,51.4466539],[0.2775303,51.4466653],[0.2775342,51.4466775],[0.2775348,51.4466869],[0.2775342,51.4466966],[0.2775329,51.4467084],[0.2775276,51.4467263],[0.2775224,51.4467421],[0.2775048,51.4467863],[0.2774663,51.4468676],[0.2774578,51.4468827],[0.2774494,51.4468945],[0.2774455,51.4468985],[0.2774415,51.4469014],[0.2774285,51.4469079],[0.2774233,51.4469115],[0.27742,51.4469156],[0.2774155,51.4469205],[0.2773965,51.4469587],[0.2773492,51.4470441],[0.2773453,51.4470535],[0.2773342,51.4470844],[0.2773323,51.4470901],[0.2773277,51.447099],[0.2772879,51.4471632],[0.2772423,51.447234],[0.2772246,51.4472609],[0.2772213,51.4472654],[0.2772115,51.4472768],[0.2772083,51.4472809],[0.2772018,51.4472906],[0.2771351,51.4473985]]]}},
{"type":"Feature","properties":{"highway":"footway","name":null,"category":"Footpath (pedestrian only)"},"geometry":{"type":"MultiLineString","coordinates":[[[0.2770329,51.4465139],[0.2770665,51.4464805],[0.2770913,51.4464558]]]}},
{"type":"Feature","properties":{"highway":"footway","name":null,"category":"Footpath (pedestrian only)"},"geometry":{"type":"MultiLineString","coordinates":[[[0.2755268,51.4492771],[0.2755667,51.4492883],[0.275569,51.4492909],[0.2755681,51.4492935],[0.275555,51.4493151],[0.2755433,51.449339],[0.2755368,51.4493538],[0.2755164,51.4494005],[0.2755154,51.4494046],[0.2755164,51.4494078],[0.2755192,51.4494139],[0.2755271,51.4494232],[0.2755369,51.4494299],[0.2755416,51.4494323],[0.2755514,51.4494355],[0.2756043,51.449445],[0.275609,51.4494468],[0.2756109,51.4494494],[0.2756099,51.4494526],[0.2756035,51.4494745],[0.2755999,51.4494867],[0.275595,51.4495036],[0.2755926,51.4495062],[0.2755875,51.4495077],[0.2755828,51.449508],[0.2755777,51.4495077],[0.2754828,51.4494943],[0.2753626,51.4494774],[0.2752615,51.4494625],[0.275248,51.4494611],[0.2752386,51.4494608],[0.2752269,51.4494622],[0.2752087,51.449466],[0.2751965,51.449471],[0.2751849,51.449478],[0.2751816,51.4494806],[0.2751792,51.4494841],[0.2751495,51.4495615],[0.2751185,51.449647],[0.2751179,51.4496519],[0.2751185,51.4496584],[0.2751225,51.449667],[0.275127,51.4496743],[0.2751322,51.44968],[0.2751388,51.449684],[0.2751453,51.4496877],[0.2751538,51.4496905],[0.275187,51.4496966],[0.2751929,51.4496991],[0.2751955,51.4497035],[0.2751955,51.4497076],[0.2751889,51.4497274],[0.2751788,51.449756],[0.275176,51.4497586],[0.2751718,51.4497604],[0.2751676,51.4497607],[0.2751597,51.4497597],[0.2751114,51.4497523],[0.2750521,51.4497434],[0.2750038,51.4497377],[0.2749686,51.4497345],[0.274889,51.4497276],[0.2748812,51.4497271],[0.2748753,51.4497259],[0.2748708,51.4497235],[0.2748688,51.4497198],[0.2748677,51.4496914],[0.2748668,51.4496694],[0.2748688,51.4496658],[0.274874,51.4496633],[0.2748818,51.4496621],[0.2749412,51.4496593],[0.2749555,51.4496585],[0.2749653,51.4496576],[0.2749732,51.449656],[0.2749862,51.4496507],[0.2750012,51.4496434],[0.2750129,51.4496345],[0.2750182,51.4496276],[0.2750253,51.4496162],[0.2750579,51.449528],[0.2750697,51.4494959],[0.275073,51.4494875],[0.2750739,51.4494828],[0.2750739,51.449477],[0.2750725,51.4494726],[0.2750674,51.449465],[0.2750552,51.449454],[0.275043,51.4494464],[0.2750332,51.449442],[0.2750248,51.4494394],[0.2750136,51.4494371],[0.2749977,51.4494353],[0.2749696,51.449433],[0.2749364,51.4494318],[0.2748672,51.4494309],[0.2748162,51.4494309],[0.2747625,51.4494318],[0.2747003,51.4494341],[0.2746363,51.4494367],[0.2745848,51.4494399],[0.2745309,51.4494456],[0.2745111,51.4494477],[0.2744556,51.4494542],[0.2744211,51.4494595],[0.2744093,51.4494623],[0.2744009,51.4494668],[0.274393,51.4494729],[0.2743878,51.4494798],[0.2743832,51.4494863],[0.2743813,51.4494928],[0.2743813,51.4494997],[0.2743852,51.4495127],[0.2744015,51.4495489],[0.274423,51.4495859],[0.2744485,51.4496257],[0.2744791,51.449668],[0.2745161,51.4497152],[0.2745434,51.4497446],[0.2745679,51.4497662],[0.2746007,51.4497923],[0.2746316,51.4498144],[0.2746662,51.4498376],[0.2747007,51.4498563],[0.2747517,51.449883],[0.2748317,51.4499221],[0.2748972,51.4499527],[0.2749454,51.4499714],[0.2749909,51.4499878],[0.27504,51.4500026],[0.2751801,51.4500411],[0.2752765,51.4500644],[0.2754594,51.450099],[0.2757229,51.4501409],[0.2757399,51.4501429],[0.2757529,51.4501438],[0.2757627,51.4501438],[0.2757777,51.4501429],[0.2757888,51.4501409],[0.2758038,51.4501356],[0.2758123,51.4501316],[0.2758175,51.4501271],[0.2758208,51.4501222],[0.2758253,51.4501149],[0.2758279,51.4501112],[0.2758345,51.45011],[0.275841,51.45011],[0.275882,51.4501156],[0.2759311,51.4501222]]]}},
{"type":"Feature","properties":{"highway":"footway","name":null,"category":"Footpath (pedestrian only)"},"geometry":{"type":"MultiLineString","coordinates":[[[0.2750239,51.4493001],[0.2749825,51.4492933],[0.2749782,51.4492933],[0.2749726,51.4492942],[0.2749703,51.4492965],[0.2749539,51.4493326],[0.2749487,51.4493391],[0.2749429,51.449344],[0.2749311,51.4493517],[0.2749181,51.4493578],[0.2749063,51.449361],[0.2748952,51.4493627],[0.2748796,51.4493639],[0.2747459,51.4493659],[0.2746494,51.4493696],[0.274532,51.4493793],[0.2743787,51.449396],[0.2743643,51.449396],[0.2743539,51.4493952],[0.2743285,51.4493903],[0.2743206,51.4493871],[0.2743141,51.4493834],[0.2743102,51.4493785],[0.2742815,51.4493326],[0.2742659,51.4493106],[0.2742574,51.4493009],[0.2742469,51.4492903],[0.2742385,51.4492814],[0.274213,51.4492598],[0.2741827,51.4492357],[0.2741527,51.4492098],[0.2741292,51.4491911],[0.2741018,51.4491736],[0.274062,51.4491488],[0.2740562,51.4491451],[0.2740516,51.4491398],[0.2740477,51.4491329],[0.2740444,51.4491236],[0.2740431,51.4491183],[0.2740431,51.4491138],[0.2740438,51.4491089],[0.2740477,51.4490992],[0.2740483,51.4490955],[0.2740444,51.4490919],[0.2740392,51.449089],[0.274005,51.4490763]]]}},
{"type":"Feature","properties":{"highway":"footway","name":null,"category":"Footpath (pedestrian only)"},"geometry":{"type":"MultiLineString","coordinates":[[[0.2759355,51.4501014],[0.2759315,51.450116],[0.2759308,51.4501204],[0.2759311,51.4501222],[0.2759315,51.4501244],[0.2759338,51.45013],[0.2759372,51.4501359],[0.2759402,51.4501403],[0.2759442,51.4501444],[0.2759503,51.450149],[0.2759583,51.4501538],[0.2759667,51.4501578],[0.2759754,51.4501607],[0.2759868,51.4501641],[0.2759958,51.4501655],[0.2760062,51.4501668],[0.2760237,51.4501678],[0.2760528,51.4501687],[0.2761071,51.4501698],[0.2761925,51.4501694],[0.2762969,51.4501673],[0.2764058,51.4501629],[0.2764423,51.4501608],[0.276516,51.4501547],[0.276638,51.4501433],[0.2766995,51.4501363],[0.2767204,51.450133],[0.2767393,51.4501302],[0.2767543,51.4501265],[0.2767765,51.4501188],[0.2767889,51.4501131],[0.2768052,51.4501042],[0.2768123,51.4500977],[0.2768189,51.4500891],[0.2768217,51.4500836],[0.2768241,51.4500778],[0.276826,51.4500692],[0.276828,51.4500583],[0.2768286,51.4500367],[0.2768267,51.4500144],[0.276826,51.4499997],[0.2768267,51.4499855],[0.2768306,51.4499676],[0.276841,51.4499327],[0.2768456,51.4499241],[0.2768554,51.4499095],[0.2768691,51.449892],[0.2768839,51.4498766],[0.2769278,51.4498311],[0.2771825,51.4495622],[0.2772171,51.4495289],[0.2774156,51.4493508],[0.2774237,51.4493438],[0.2774503,51.4493208],[0.2774591,51.449314],[0.2774886,51.4492912],[0.2776601,51.4491609],[0.2777884,51.449062],[0.2779224,51.4489586],[0.2780485,51.4488631],[0.2780528,51.4488591],[0.2780542,51.4488543],[0.2780542,51.4488485],[0.2780521,51.4488446],[0.2780428,51.4488393],[0.2780343,51.4488362],[0.2774779,51.4487173],[0.2769305,51.4485961],[0.2764897,51.4485007]]]}},
{"type":"Feature","properties":{"highway":"footway","name":null,"category":"Footpath (pedestrian only)"},"geometry":{"type":"MultiLineString","coordinates":[[[0.2732224,51.4488508],[0.2732096,51.4488786],[0.2732087,51.4488842],[0.2732087,51.4488905],[0.2732114,51.4488973],[0.2732233,51.4489092],[0.2732342,51.4489171],[0.2732433,51.4489211],[0.273256,51.4489239],[0.2733697,51.4489421],[0.2735262,51.4489642],[0.2735987,51.4489757],[0.2736365,51.4489836],[0.2736941,51.448997],[0.2737408,51.4490092],[0.273781,51.4490212],[0.2738287,51.4490378],[0.2738923,51.4490634],[0.2738979,51.4490655],[0.273904,51.4490664],[0.2739152,51.4490666],[0.2739274,51.4490658],[0.2739442,51.4490629],[0.2739541,51.4490599],[0.273962,51.4490564],[0.2739681,51.4490524],[0.2739751,51.4490462],[0.2739943,51.4490215]]]}},
{"type":"Feature","properties":{"highway":"footway","name":null,"category":"Footpath (pedestrian only)"},"geometry":{"type":"MultiLineString","coordinates":[[[0.274005,51.4490763],[0.2739541,51.4490599]]]}},
{"type":"Feature","properties":{"highway":"footway","name":null,"category":"Footpath (pedestrian only)"},"geometry":{"type":"MultiLineString","coordinates":[[[0.263401,51.4462629],[0.2634255,51.446167],[0.263471,51.4459958],[0.2634937,51.4459226],[0.2635156,51.445858],[0.2635234,51.4458317],[0.2635297,51.4458221],[0.2635443,51.4458039],[0.2635825,51.4457648],[0.2636089,51.4457427],[0.263658,51.4457081],[0.2637735,51.4456372],[0.2638516,51.4455895],[0.2639353,51.4455357],[0.2640153,51.4454796],[0.2640281,51.4454682],[0.2640372,51.4454574],[0.2640435,51.4454461],[0.2640526,51.4453979],[0.2640672,51.4453211],[0.2640881,51.445244],[0.2640981,51.445197],[0.2640986,51.4451903],[0.2640973,51.4451846],[0.264094,51.4451805],[0.2640881,51.4451769],[0.2640816,51.4451748],[0.2640757,51.4451732],[0.2639009,51.4451577],[0.2638944,51.4451573],[0.2638899,51.4451598],[0.2638859,51.445163],[0.2638813,51.4451969],[0.2638781,51.4452203],[0.2638788,51.445224],[0.2638833,51.4452273],[0.2638899,51.4452297],[0.2639349,51.4452354],[0.263944,51.445237],[0.2639531,51.445239],[0.2639596,51.4452419],[0.2639675,51.445246],[0.263972,51.4452496],[0.263976,51.4452545],[0.2639798,51.4452597],[0.2639798,51.4452646],[0.2639778,51.4452756],[0.2639504,51.4454268],[0.2639485,51.4454321],[0.2639452,51.4454366],[0.2639419,51.4454406],[0.2639061,51.4454654],[0.263775,51.4455488],[0.2636431,51.4456254],[0.2635514,51.4456846],[0.2635309,51.4457],[0.2635094,51.4457178],[0.2634907,51.4457353],[0.2634631,51.4457653],[0.2634429,51.445789],[0.2634319,51.4458052],[0.2634221,51.4458231],[0.263411,51.4458524],[0.2633973,51.4459004],[0.2633765,51.4459764],[0.2633367,51.4461305],[0.263299,51.4462607]]]}},
{"type":"Feature","properties":{"highway":"footway","name":null,"category":"Footpath (pedestrian only)"},"geometry":{"type":"MultiLineString","coordinates":[[[0.2639075,51.4451989],[0.2638813,51.4451969]]]}},
{"type":"Feature","properties":{"highway":"footway","name":null,"category":"Footpath (pedestrian only)"},"geometry":{"type":"MultiLineString","coordinates":[[[0.2785219,51.446636],[0.2784987,51.4466707],[0.2784978,51.4466736],[0.2784978,51.4466767],[0.2784983,51.4466795],[0.2785456,51.4467527],[0.2785895,51.4468211],[0.2785905,51.4468231],[0.2785908,51.4468254],[0.2785905,51.4468276],[0.2785898,51.4468299],[0.2785885,51.4468321],[0.2785777,51.4468455],[0.2785702,51.4468543],[0.2785565,51.4468702],[0.2785467,51.4468811],[0.2785405,51.4468881],[0.2785369,51.4468915],[0.2785216,51.446906],[0.2785039,51.4469235],[0.2784752,51.446952],[0.2784326,51.446993],[0.2783529,51.4470722],[0.2782951,51.4471283],[0.2782728,51.4471493],[0.2782441,51.4471757],[0.2782154,51.4472052],[0.2781781,51.4472432],[0.2780484,51.4473697],[0.2779722,51.4474433],[0.2779189,51.4474976],[0.2779119,51.4475051],[0.2779109,51.4475074],[0.2779102,51.4475096],[0.2779115,51.4475381],[0.2779115,51.4475401],[0.2779109,51.4475424],[0.2779096,51.4475442],[0.277906,51.4475474],[0.2778596,51.4475894],[0.277856,51.4475914],[0.2778519,51.4475931],[0.2778455,51.4475948],[0.27784,51.4475959],[0.2778328,51.4475973],[0.2778259,51.4475982],[0.2776352,51.4476043],[0.2776323,51.4476051],[0.2776306,51.4476071],[0.2776303,51.447609],[0.2776326,51.4476362]]]}},
{"type":"Feature","properties":{"highway":"footway","name":null,"category":"Footpath (pedestrian only)"},"geometry":{"type":"MultiLineString","coordinates":[[[0.277906,51.4475474],[0.2779528,51.4475657],[0.2779983,51.4475835]]]}},
{"type":"Feature","properties":{"highway":"footway","name":null,"category":"Footpath (pedestrian only)"},"geometry":{"type":"MultiLineString","coordinates":[[[0.2785898,51.4468299],[0.2786506,51.4468499],[0.2787113,51.44687]]]}},
{"type":"Feature","properties":{"highway":"footway","name":null,"category":"Footpath (pedestrian only)"},"geometry":{"type":"MultiLineString","coordinates":[[[0.2785219,51.446636],[0.2785421,51.4466089],[0.2785458,51.446606],[0.2785494,51.4466035],[0.278554,51.4466012],[0.2785608,51.4465984],[0.2787986,51.446532],[0.2788022,51.4465305],[0.2788054,51.4465286],[0.2788077,51.4465263],[0.2788464,51.4464659],[0.2788633,51.4464384],[0.2789047,51.4463737],[0.2789948,51.4462327],[0.2789986,51.4462256],[0.2790012,51.44622],[0.2790018,51.4462157],[0.2790005,51.4462098],[0.2789961,51.4462006],[0.2789923,51.4461947],[0.2789853,51.4461884],[0.2789745,51.4461812],[0.2789637,51.4461765],[0.2789453,51.446171],[0.2788951,51.4461587],[0.278768,51.4461278],[0.2787388,51.4461203],[0.2787102,51.4461104],[0.2786886,51.4461021],[0.2786721,51.4460938],[0.2786562,51.446085],[0.2786404,51.4460744],[0.2786258,51.4460613],[0.2786089,51.4460431],[0.2786029,51.4460356],[0.278593,51.446019],[0.2785841,51.4460016],[0.2785778,51.4459854],[0.2785752,51.4459739],[0.2785746,51.4459656],[0.2785759,51.4459474],[0.2785784,51.4459359],[0.2785841,51.4459196],[0.2785962,51.4458951],[0.2786504,51.4457942],[0.2787191,51.4456729],[0.2787558,51.4456081],[0.2788214,51.445485],[0.2788631,51.4454045],[0.2788968,51.4453471],[0.2789207,51.4453096],[0.2789331,51.4452935],[0.2789703,51.4452461],[0.2790465,51.4451549],[0.2790926,51.4451019],[0.2791094,51.445087],[0.2791135,51.4450837],[0.2791244,51.4450749],[0.2791368,51.445066],[0.2791546,51.4450556],[0.2791759,51.4450434]]]}},
{"type":"Feature","properties":{"highway":"footway","name":null,"category":"Footpath (pedestrian only)"},"geometry":{"type":"MultiLineString","coordinates":[[[0.2740793,51.445672],[0.2741102,51.4456698],[0.2741163,51.4456693],[0.2741236,51.4456682],[0.2741309,51.4456666],[0.274146,51.4456626],[0.2742132,51.4456422],[0.2743196,51.4456081],[0.2743252,51.4456062],[0.27433,51.4456041],[0.2743425,51.4455984],[0.2743472,51.4455965],[0.2743537,51.4455941]]]}},
{"type":"Feature","properties":{"highway":"footway","name":null,"category":"Footpath (pedestrian only)"},"geometry":{"type":"MultiLineString","coordinates":[[[0.2730833,51.4499945],[0.2731008,51.4500235],[0.273111,51.4500422],[0.2731169,51.4500529],[0.2731251,51.4500727],[0.2731284,51.4500841],[0.2731366,51.4501127]]]}},
{"type":"Feature","properties":{"highway":"footway","name":null,"category":"Footpath (pedestrian only)"},"geometry":{"type":"MultiLineString","coordinates":[[[0.2731931,51.4499912],[0.2731611,51.4499405],[0.2731496,51.4499206],[0.2731458,51.4499122],[0.2731432,51.449901],[0.2731438,51.4498906],[0.2731483,51.4498799],[0.2731534,51.4498731],[0.2731605,51.4498687],[0.2731778,51.4498599],[0.273206,51.4498499],[0.2732111,51.4498471],[0.273213,51.4498432],[0.2732117,51.4498372],[0.2732085,51.4498316],[0.2731771,51.4497969],[0.2731714,51.4497941],[0.2731643,51.4497941],[0.2731586,51.4497949],[0.2731278,51.4498048],[0.2731157,51.4498084],[0.2731048,51.44981],[0.2730952,51.4498112],[0.2730849,51.4498112],[0.2730747,51.44981],[0.2730638,51.4498084],[0.2730542,51.4498056],[0.273042,51.4497993],[0.2730017,51.4497725],[0.2729946,51.4497717],[0.2729876,51.4497717],[0.2729792,51.4497737],[0.2729312,51.4497973],[0.2729261,51.4498009],[0.2729242,51.4498048],[0.2729248,51.4498084],[0.272928,51.4498128],[0.2729556,51.4498356]]]}},
{"type":"Feature","properties":{"highway":"footway","name":null,"category":"Footpath (pedestrian only)"},"geometry":{"type":"MultiLineString","coordinates":[[[0.2619902,51.4370592],[0.2620026,51.4370674],[0.2620126,51.4370736],[0.2620253,51.4370798],[0.2620686,51.4371015],[0.2620841,51.4371112],[0.2621224,51.4371425],[0.2621472,51.4371655],[0.2621564,51.4371788],[0.2621685,51.4371991],[0.2621791,51.437223],[0.2621905,51.4372517],[0.2622011,51.4372782],[0.2622124,51.4373038],[0.2623305,51.4375208],[0.2624008,51.4376485],[0.262469,51.4377828],[0.262534,51.4379282],[0.2625659,51.4380101],[0.2625674,51.4380174],[0.2625506,51.4380615],[0.2625323,51.4380854],[0.262531,51.4380967],[0.2625673,51.438205],[0.2625734,51.4382127],[0.2625989,51.4382293],[0.2626273,51.4382558],[0.2626594,51.4382995],[0.2626897,51.4383622],[0.2627092,51.4384233],[0.262709,51.4384368],[0.2626994,51.4384838],[0.2627014,51.4384943],[0.262737,51.438586],[0.2627619,51.4386414],[0.2627723,51.4386526],[0.2627886,51.4386712],[0.2628021,51.4386959],[0.262884,51.4389428],[0.2629162,51.4390485],[0.2629297,51.4391137],[0.2629467,51.4392129],[0.2629521,51.4392768],[0.2629535,51.4393222],[0.2629469,51.4393713],[0.2629343,51.4394231],[0.2629004,51.439496],[0.262851,51.4395635],[0.2628191,51.4395971],[0.2627531,51.4396714],[0.2626183,51.4398827],[0.2625788,51.4399384],[0.2625119,51.4400056],[0.2625021,51.4400166],[0.2624932,51.4400302],[0.2624813,51.4400555],[0.2624656,51.4401174],[0.2624457,51.440196],[0.2624467,51.4402021],[0.2624506,51.4402089],[0.2625624,51.440297],[0.2625683,51.4403032],[0.2625722,51.44031],[0.2626207,51.4405016],[0.2626523,51.4406101],[0.2626643,51.4406604],[0.2626722,51.4407047],[0.2626742,51.4407318],[0.2626732,51.4407553],[0.2626673,51.4408686],[0.2626675,51.4408815],[0.2626712,51.4410942],[0.2626702,51.4411274],[0.2626673,51.4411533],[0.2626643,51.4411724],[0.2626629,51.4411768],[0.2626593,51.4411808],[0.2626409,51.4411914],[0.262626,51.4411963],[0.2626097,51.4411998],[0.2625955,51.4412016],[0.2625858,51.4412467],[0.2625766,51.441289],[0.2626053,51.4412945],[0.2626181,51.4412988],[0.262631,51.441305],[0.2626448,51.4413149],[0.2626478,51.4413216],[0.2626498,51.4413297],[0.2626498,51.4413389],[0.2626369,51.4414233],[0.2626122,51.4415841],[0.2625756,51.4418688],[0.2625667,51.4419477],[0.2625658,51.4419625],[0.262566,51.4419852],[0.2625661,51.4419939],[0.2625697,51.4420204],[0.2625931,51.4421233],[0.26262,51.442228],[0.262666,51.4423512],[0.2627659,51.4425804],[0.2628282,51.4427012],[0.262932,51.4428867],[0.263209,51.4433679],[0.2632925,51.4435109],[0.2633192,51.4435479],[0.2633399,51.4435744],[0.2633647,51.4436039],[0.2633785,51.4436169],[0.2634032,51.4436329],[0.2634398,51.4436502],[0.2634744,51.4436622],[0.2635584,51.4436914],[0.2635772,51.443697],[0.2636177,51.4437038],[0.2636662,51.4437112],[0.263832,51.4437334],[0.2640822,51.4437674],[0.2641914,51.4437824],[0.2642566,51.4437941],[0.2642971,51.4438052],[0.2643406,51.4438225],[0.264396,51.4438477],[0.2644316,51.4438711],[0.2644632,51.4439007],[0.264484,51.4439297],[0.2645008,51.4439697],[0.2645196,51.4440252],[0.2645383,51.4441071],[0.2645463,51.4441718],[0.2645493,51.4442239],[0.2645522,51.4442716],[0.2645581,51.444393],[0.2645591,51.4444928],[0.2645611,51.4446302],[0.264566,51.4446974],[0.2645689,51.4447185],[0.2645738,51.4447326],[0.2645926,51.4447634],[0.2646321,51.4448158],[0.2646598,51.4448497],[0.2646756,51.4448663],[0.2647013,51.4448842],[0.2647349,51.4449027],[0.2647883,51.4449218],[0.2648595,51.4449403],[0.2649465,51.4449551],[0.2650711,51.4449717],[0.2651482,51.444985],[0.2652516,51.4450108],[0.2653246,51.4450374],[0.2653743,51.445058],[0.2654088,51.4450744],[0.2654294,51.445089],[0.2654391,51.4451001],[0.2654529,51.4451225],[0.2654612,51.4451465],[0.2654653,51.4451663],[0.2654653,51.4451869],[0.2654529,51.445229],[0.2653646,51.4454568],[0.265199,51.4458677],[0.2650859,51.4461418],[0.2650721,51.4461735],[0.265068,51.446183],[0.2650501,51.4462148],[0.265006,51.4462801],[0.264986,51.446302],[0.2649674,51.4463222],[0.264918,51.4463692]]]}},
{"type":"Feature","properties":{"highway":"footway","name":null,"category":"Footpath (pedestrian only)"},"geometry":{"type":"MultiLineString","coordinates":[[[0.2694679,51.4502534],[0.2694852,51.4502289],[0.2694877,51.4502262],[0.269495,51.4502192],[0.2695049,51.4502105],[0.2695158,51.4502019],[0.2695318,51.450191],[0.2695508,51.4501794],[0.269604,51.4501476],[0.2696123,51.4501423],[0.2696184,51.4501369],[0.2696224,51.4501325],[0.269625,51.4501274],[0.269626,51.4501227],[0.269626,51.4501151],[0.2696245,51.4501068],[0.2696214,51.450097],[0.269614,51.4500769],[0.2696077,51.45006],[0.2696072,51.4500568],[0.2696077,51.4500533],[0.2696092,51.4500492],[0.2696113,51.4500457],[0.269628,51.4500267],[0.2695785,51.4500069],[0.2695502,51.4499937],[0.2695388,51.4499862],[0.2695289,51.4499773],[0.269524,51.4499694],[0.2695211,51.449961],[0.2695204,51.4499513],[0.2695218,51.4499429],[0.2695289,51.4499221],[0.2695353,51.4499124],[0.2695424,51.449904],[0.2695473,51.4499],[0.2695537,51.4498956],[0.2695707,51.4498872],[0.2695771,51.4498833],[0.2695814,51.4498797],[0.2695877,51.4498731],[0.2695913,51.4498674],[0.2695955,51.4498559],[0.2695984,51.4498473],[0.269602,51.4498393],[0.2696069,51.4498309],[0.269614,51.449823],[0.2696254,51.4498128],[0.2696473,51.4497952],[0.2696601,51.4497859],[0.2696714,51.4497788],[0.2696828,51.4497726],[0.2696913,51.4497691],[0.2697005,51.4497669],[0.2697133,51.4497647],[0.2697232,51.4497642],[0.2697647,51.4497648],[0.2698525,51.4497682],[0.2699247,51.4497714],[0.2699532,51.4497733],[0.2699761,51.4497755],[0.2699939,51.4497781],[0.2700132,51.4497815],[0.2700279,51.449785],[0.2700345,51.4497869],[0.2700447,51.4497898],[0.2700491,51.4497913],[0.2700579,51.4497942],[0.270067,51.4497974],[0.2700747,51.4497999],[0.2700869,51.449805],[0.2700975,51.44981],[0.2701123,51.4498161],[0.2701473,51.4498306],[0.2701707,51.4498392],[0.2702149,51.449855],[0.2702413,51.4498639],[0.2702617,51.449869],[0.270283,51.4498728],[0.2702988,51.4498751],[0.2703088,51.4498762],[0.270321,51.4498774],[0.2703346,51.4498784],[0.2703399,51.4498788],[0.2703435,51.4498792],[0.2703469,51.4498795],[0.2703516,51.4498795],[0.2703978,51.4498768]]]}},
{"type":"Feature","properties":{"highway":"footway","name":null,"category":"Footpath (pedestrian only)"},"geometry":{"type":"MultiLineString","coordinates":[[[0.2700238,51.4504528],[0.2700331,51.4504302],[0.2700361,51.4504207],[0.2700402,51.450402],[0.2700417,51.4503909],[0.2700427,51.4503719],[0.2700412,51.4503599],[0.2700371,51.4503421],[0.2700326,51.4503253],[0.2700255,51.450307],[0.2700097,51.4502702],[0.2699922,51.4502314],[0.2699892,51.4502272],[0.2699836,51.4502222],[0.2699765,51.4502168],[0.2699689,51.4502127],[0.2699567,51.4502082],[0.2699419,51.4502038],[0.2699323,51.4502013],[0.269914,51.4501978],[0.2699069,51.4501962],[0.2698987,51.4501937],[0.269676,51.4501194],[0.2696224,51.4501325]]]}},
{"type":"Feature","properties":{"highway":"footway","name":null,"category":"Footpath (pedestrian only)"},"geometry":{"type":"MultiLineString","coordinates":[[[0.269676,51.4501194],[0.2696457,51.4501026],[0.2696424,51.4501001],[0.2696395,51.4500977],[0.269614,51.4500769]]]}},
{"type":"Feature","properties":{"highway":"footway","name":null,"category":"Footpath (pedestrian only)"},"geometry":{"type":"MultiLineString","coordinates":[[[0.269628,51.4500267],[0.2696389,51.4500301],[0.2696445,51.4500313],[0.2696537,51.4500329],[0.2696689,51.4500342],[0.2696775,51.4500358],[0.2696847,51.4500377],[0.2696923,51.4500402],[0.2697517,51.4500611],[0.2697731,51.4500677],[0.2697792,51.4500696],[0.2697868,51.4500719],[0.2698056,51.4500782],[0.2699154,51.4501165],[0.2699632,51.4501334],[0.2699698,51.4501359],[0.2699743,51.4501381],[0.2699784,51.4501413],[0.2699799,51.4501444],[0.2699815,51.4501527],[0.2699825,51.4501562],[0.2699845,51.45016],[0.2699911,51.4501736],[0.2699926,51.4501774],[0.2699932,51.4501809],[0.2699926,51.450184],[0.2699916,51.4501872],[0.2699689,51.4502127]]]}},
{"type":"Feature","properties":{"highway":"footway","name":null,"category":"Footpath (pedestrian only)"},"geometry":{"type":"MultiLineString","coordinates":[[[0.2698082,51.4500177],[0.2698112,51.4500137],[0.2698152,51.4500078],[0.2698178,51.4500033],[0.2698203,51.4499976],[0.2698247,51.4499863],[0.2698375,51.4499375]]]}},
{"type":"Feature","properties":{"highway":"footway","name":null,"category":"Footpath (pedestrian only)"},"geometry":{"type":"MultiLineString","coordinates":[[[0.2697792,51.4500696],[0.2697886,51.4500583],[0.2697908,51.4500551],[0.2697927,51.4500501]]]}},
{"type":"Feature","properties":{"highway":"footway","name":null,"category":"Footpath (pedestrian only)"},"geometry":{"type":"MultiLineString","coordinates":[[[0.2785021,51.4485274],[0.2784801,51.4485403],[0.2784521,51.4485583],[0.2784094,51.4485881],[0.2782504,51.4487075],[0.2781671,51.4487715],[0.2781615,51.4487738],[0.2781544,51.4487747],[0.2781493,51.4487747],[0.2781412,51.448773],[0.2779542,51.4487345],[0.2772771,51.4485866],[0.2766187,51.4484421],[0.2765,51.4484164],[0.2763241,51.448379]]]}},
{"type":"Feature","properties":{"highway":"footway","name":null,"category":"Footpath (pedestrian only)"},"geometry":{"type":"MultiLineString","coordinates":[[[0.2780521,51.4488446],[0.2781053,51.4488018],[0.2781412,51.448773]]]}},
{"type":"Feature","properties":{"highway":"footway","name":null,"category":"Footpath (pedestrian only)"},"geometry":{"type":"MultiLineString","coordinates":[[[0.2764247,51.4491282],[0.2772363,51.4493031],[0.2774237,51.4493438]]]}},
{"type":"Feature","properties":{"highway":"footway","name":null,"category":"Footpath (pedestrian only)"},"geometry":{"type":"MultiLineString","coordinates":[[[0.2764916,51.4487796],[0.2766901,51.4488239],[0.276836,51.4488553],[0.2769727,51.4488844],[0.2770384,51.448901],[0.2771319,51.4489219],[0.277262,51.4489494],[0.2774683,51.4489919],[0.277577,51.4490144],[0.2776604,51.4490321],[0.2777127,51.4490432],[0.2777397,51.4490492],[0.2777554,51.4490533],[0.2777884,51.449062]]]}},
{"type":"Feature","properties":{"highway":"footway","name":null,"category":"Footpath (pedestrian only)"},"geometry":{"type":"MultiLineString","coordinates":[[[0.2663621,51.452434],[0.2663647,51.4524391],[0.2663704,51.4524508],[0.2663767,51.4524666],[0.2663793,51.4524769],[0.266385,51.4525021],[0.2663894,51.4525243],[0.2663907,51.4525412],[0.2663907,51.4525602],[0.2663888,51.4525823],[0.2663862,51.4525992],[0.2663812,51.4526221],[0.2663656,51.4526789],[0.2663452,51.4527659],[0.2663091,51.4529366],[0.2662949,51.4529988],[0.2662754,51.4530951],[0.2662646,51.4531366],[0.2662549,51.4531564],[0.2662425,51.4531762],[0.2662284,51.4531944],[0.2662081,51.453212],[0.2661877,51.4532268],[0.2661621,51.4532395],[0.2661259,51.4532538],[0.2660941,51.4532632],[0.2660738,51.4532676],[0.2660372,51.4532725],[0.265879,51.4532923],[0.265682,51.4533143],[0.2656458,51.453317],[0.2655298,51.4533196],[0.2651934,51.4533319],[0.264933,51.453338],[0.2646564,51.4533434],[0.2646391,51.4529994]]]}},
{"type":"Feature","properties":{"highway":"footway","name":null,"category":"Footpath (pedestrian only)"},"geometry":{"type":"MultiLineString","coordinates":[[[0.266065,51.4524683],[0.2661135,51.4524667],[0.2661375,51.4524651],[0.2661869,51.4524603],[0.266275,51.4524513],[0.2663282,51.4524438],[0.2663647,51.4524391]]]}},
{"type":"Feature","properties":{"highway":"footway","name":null,"category":"Footpath (pedestrian only)"},"geometry":{"type":"MultiLineString","coordinates":[[[0.2660592,51.4533267],[0.2660694,51.4533604],[0.2660718,51.4533682],[0.2660736,51.4533776],[0.2660745,51.453388],[0.2660727,51.4534199],[0.2660628,51.4535562],[0.2660517,51.4536977],[0.2656521,51.4537331],[0.2651497,51.4537776],[0.2649354,51.4537953],[0.2649157,51.4537968],[0.2648886,51.4537945],[0.2648356,51.4537845],[0.2646717,51.4537469],[0.2645386,51.4537154],[0.264493,51.4537031],[0.264408,51.4536778],[0.2642634,51.4536369],[0.2641671,51.4536098],[0.2641595,51.4536074],[0.2641551,51.4536046],[0.2641519,51.4536011],[0.2641399,51.4535833],[0.2641348,51.453579],[0.2641291,51.4535754],[0.2641203,51.4535723],[0.2640537,51.453558],[0.2640398,51.4535561],[0.2640335,51.4535561],[0.2640259,51.4535569],[0.2640062,51.4535636],[0.2639948,51.4535659],[0.2639834,51.4535663],[0.2639682,51.4535655],[0.2638882,51.4535614],[0.2637723,51.4535574],[0.2637007,51.453557],[0.263605,51.4535586],[0.263313,51.4535634],[0.2631874,51.4535671],[0.2631564,51.4535691],[0.2631184,51.4535739],[0.2630702,51.4535833],[0.2630265,51.4535956],[0.2629828,51.4536114],[0.2629524,51.453624],[0.2629277,51.4536362],[0.2628998,51.4536532],[0.262775,51.453742],[0.2624941,51.4539368],[0.2622946,51.4540794]]]}},
{"type":"Feature","properties":{"highway":"footway","name":null,"category":"Footpath (pedestrian only)"},"geometry":{"type":"MultiLineString","coordinates":[[[0.2623997,51.4541375],[0.2623523,51.4541114],[0.2622946,51.4540794]]]}},
{"type":"Feature","properties":{"highway":"footway","name":null,"category":"Footpath (pedestrian only)"},"geometry":{"type":"MultiLineString","coordinates":[[[0.2656656,51.4537817],[0.2656521,51.4537331]]]}},
{"type":"Feature","properties":{"highway":"footway","name":null,"category":"Footpath (pedestrian only)"},"geometry":{"type":"MultiLineString","coordinates":[[[0.2642323,51.4536771],[0.2642634,51.4536369]]]}},
{"type":"Feature","properties":{"highway":"footway","name":null,"category":"Footpath (pedestrian only)"},"geometry":{"type":"MultiLineString","coordinates":[[[0.2758824,51.4479664],[0.2758926,51.4479119]]]}},
{"type":"Feature","properties":{"highway":"footway","name":null,"category":"Footpath (pedestrian only)"},"geometry":{"type":"MultiLineString","coordinates":[[[0.2764526,51.4478995],[0.276424,51.4479144],[0.2763941,51.4479217],[0.2763474,51.4479248]]]}},
{"type":"Feature","properties":{"highway":"footway","name":null,"category":"Footpath (pedestrian only)"},"geometry":{"type":"MultiLineString","coordinates":[[[0.2769838,51.4480052],[0.2768809,51.4479807]]]}},
{"type":"Feature","properties":{"highway":"footway","name":null,"category":"Footpath (pedestrian only)"},"geometry":{"type":"MultiLineString","coordinates":[[[0.2803992,51.450805],[0.2804108,51.4508029],[0.2804238,51.4508014],[0.2804337,51.450801],[0.2804552,51.4508014],[0.2805009,51.4508037],[0.2805089,51.4508033],[0.2805256,51.4508014],[0.2806138,51.4507916],[0.2806355,51.4507902],[0.2806616,51.4507888],[0.2807204,51.4507869],[0.2807297,51.4507869],[0.2807412,51.4507869],[0.2807532,51.4507864],[0.2807625,51.4507853],[0.2807722,51.450783],[0.2807833,51.45078],[0.2808098,51.4507704],[0.2808138,51.4507679],[0.2808164,51.4507648],[0.2808178,51.4507613],[0.2808178,51.450758],[0.2808169,51.4507549],[0.2808147,51.4507524],[0.2808116,51.4507508],[0.2808071,51.4507502],[0.2808018,51.4507502],[0.2807094,51.4507538],[0.2805917,51.4507591],[0.2805851,51.4507602],[0.2805793,51.4507613],[0.280574,51.4507618],[0.280566,51.4507621],[0.2805466,51.4507613],[0.2805337,51.4507613],[0.2805214,51.4507618],[0.2804537,51.450766],[0.2804479,51.4507665],[0.2804413,51.4507673],[0.2804342,51.450769],[0.280428,51.4507709],[0.2803899,51.4507859]]]}},
{"type":"Feature","properties":{"highway":"track","name":null,"category":"Track"},"geometry":{"type":"MultiLineString","coordinates":[[[0.2809626,51.4505046],[0.2810191,51.4504912],[0.2810275,51.4504884],[0.2810326,51.4504859],[0.2810416,51.4504799],[0.2810495,51.4504736],[0.2810738,51.4504497],[0.2810783,51.4504445],[0.2810884,51.4504294],[0.2810918,51.4504255],[0.2810958,51.4504227],[0.2811025,51.4504195],[0.2811318,51.4504132]]]}},
{"type":"Feature","properties":{"highway":"footway","name":null,"category":"Footpath (pedestrian only)"},"geometry":{"type":"MultiLineString","coordinates":[[[0.2623997,51.4541375],[0.2620041,51.4544091],[0.261984,51.4544237],[0.2619929,51.4544502],[0.2619102,51.4544982],[0.2618689,51.454501],[0.2615023,51.4547622],[0.2614397,51.4548109],[0.2614218,51.4548283],[0.2613425,51.4548764],[0.2611491,51.4550609],[0.261053,51.4551904],[0.2609949,51.4553235],[0.2609759,51.4554091],[0.2609681,51.455492],[0.2610072,51.4555463],[0.2609927,51.4556396],[0.2609826,51.4557148],[0.260967,51.455735],[0.2609323,51.4557733],[0.2609189,51.455921],[0.2608988,51.4560164],[0.2608608,51.4560763],[0.2607904,51.4561424],[0.2607066,51.4562211],[0.2606373,51.4562601],[0.2605971,51.4562852]]]}},
{"type":"Feature","properties":{"highway":"footway","name":null,"category":"Footpath (pedestrian only)"},"geometry":{"type":"MultiLineString","coordinates":[[[0.2663621,51.452434],[0.266372,51.4524337]]]}},
{"type":"Feature","properties":{"highway":"footway","name":null,"category":"Footpath (pedestrian only)"},"geometry":{"type":"MultiLineString","coordinates":[[[0.2665424,51.4518838],[0.2666047,51.4518143],[0.2666078,51.4518101],[0.2666088,51.4518063],[0.2666093,51.4517997],[0.2666098,51.4517854],[0.2665796,51.4517345],[0.266498,51.4516795],[0.2663304,51.4516405],[0.2660476,51.451582],[0.2659403,51.4515646],[0.2657775,51.4515438]]]}},
{"type":"Feature","properties":{"highway":"footway","name":null,"category":"Footpath (pedestrian only)"},"geometry":{"type":"MultiLineString","coordinates":[[[0.2654453,51.4521739],[0.2650597,51.4521586],[0.2646618,51.4521719],[0.264188,51.4522039],[0.2638225,51.4522513],[0.2635208,51.452307],[0.2631922,51.4523822],[0.2631374,51.4524386]]]}},
{"type":"Feature","properties":{"highway":"footway","name":null,"category":"Footpath (pedestrian only)"},"geometry":{"type":"MultiLineString","coordinates":[[[0.2631374,51.4524386],[0.2630767,51.4524409],[0.2630101,51.4524418],[0.2629523,51.4524663],[0.2629311,51.4525082],[0.2629184,51.4525304]]]}},
{"type":"Feature","properties":{"highway":"footway","name":null,"category":"Footpath (pedestrian only)"},"geometry":{"type":"MultiLineString","coordinates":[[[0.2629184,51.4525304],[0.2628268,51.4525203],[0.2627234,51.4525425],[0.262548,51.4525996],[0.2622434,51.4526923],[0.2619523,51.4528124],[0.2617712,51.4529043],[0.2614902,51.4530576],[0.2613074,51.4531819],[0.2610817,51.4533292],[0.2607883,51.4535304],[0.260571,51.4536903],[0.260329,51.4538706],[0.2601563,51.4540019],[0.2599641,51.4541398],[0.2595551,51.454417],[0.2593198,51.454574],[0.2591494,51.4546837],[0.2589214,51.454824],[0.2586945,51.4549744],[0.2584906,51.4551102],[0.2583017,51.4552272],[0.2581463,51.4553366],[0.2579864,51.4554521]]]}},
{"type":"Feature","properties":{"highway":"footway","name":null,"category":"Footpath (pedestrian only)"},"geometry":{"type":"MultiLineString","coordinates":[[[0.269041,51.4526757],[0.269526,51.4527092],[0.2699596,51.4527314],[0.2703843,51.4527328],[0.2708377,51.452719],[0.271085,51.4527098],[0.271607,51.4526576],[0.2720629,51.4526075],[0.2724384,51.4525462],[0.2729972,51.4524445],[0.2740053,51.452218]]]}},
{"type":"Feature","properties":{"highway":"footway","name":null,"category":"Footpath (pedestrian only)"},"geometry":{"type":"MultiLineString","coordinates":[[[0.273994,51.4522361],[0.2739625,51.452303],[0.2739559,51.4523316]]]}},
{"type":"Feature","properties":{"highway":"footway","name":null,"category":"Footpath (pedestrian only)"},"geometry":{"type":"MultiLineString","coordinates":[[[0.2746062,51.4519771],[0.2748261,51.4518959],[0.2750526,51.4518209],[0.2755019,51.4516857],[0.2760282,51.4515653],[0.2763747,51.4514956],[0.2767044,51.4514399],[0.2768318,51.4514232]]]}},
{"type":"Feature","properties":{"highway":"footway","name":null,"category":"Footpath (pedestrian only)"},"geometry":{"type":"MultiLineString","coordinates":[[[0.2783518,51.4497812],[0.278336,51.4498254],[0.2783239,51.4498555],[0.2783195,51.4498657]]]}},
{"type":"Feature","properties":{"highway":"footway","name":null,"category":"Footpath (pedestrian only)"},"geometry":{"type":"MultiLineString","coordinates":[[[0.2784267,51.4497063],[0.2784091,51.4497555],[0.2784012,51.4497699],[0.2783952,51.4497778],[0.2783909,51.4497812],[0.2783843,51.4497833],[0.2783779,51.449784],[0.2783695,51.4497836],[0.2783518,51.4497812]]]}},
{"type":"Feature","properties":{"highway":"footway","name":null,"category":"Footpath (pedestrian only)"},"geometry":{"type":"MultiLineString","coordinates":[[[0.2785575,51.4497264],[0.2784935,51.4497166],[0.2784267,51.4497063]]]}},
{"type":"Feature","properties":{"highway":"footway","name":null,"category":"Footpath (pedestrian only)"},"geometry":{"type":"MultiLineString","coordinates":[[[0.2660517,51.4536977],[0.2663582,51.4536747],[0.2671103,51.4536127],[0.2674903,51.45358],[0.267592,51.4536482]]]}},
{"type":"Feature","properties":{"highway":"footway","name":null,"category":"Footpath (pedestrian only)"},"geometry":{"type":"MultiLineString","coordinates":[[[0.260189,51.4507619],[0.260423,51.450755],[0.2605717,51.4507437],[0.2608164,51.4507214],[0.2611114,51.4507082],[0.2614568,51.4507047],[0.2618658,51.4507082],[0.2624838,51.4507096],[0.2629935,51.4507102],[0.2634339,51.4507285]]]}},
{"type":"Feature","properties":{"highway":"footway","name":null,"category":"Footpath (pedestrian only)"},"geometry":{"type":"MultiLineString","coordinates":[[[0.2634339,51.4507285],[0.2638473,51.4507409],[0.2639591,51.4507437],[0.2639971,51.4507304],[0.2640529,51.4507346]]]}},
{"type":"Feature","properties":{"highway":"footway","name":null,"category":"Footpath (pedestrian only)"},"geometry":{"type":"MultiLineString","coordinates":[[[0.2601904,51.4507968],[0.260189,51.4507619]]]}},
{"type":"Feature","properties":{"highway":"footway","name":null,"category":"Footpath (pedestrian only)"},"geometry":{"type":"MultiLineString","coordinates":[[[0.2601912,51.4508148],[0.2601904,51.4507968]]]}},
{"type":"Feature","properties":{"highway":"footway","name":null,"category":"Footpath (pedestrian only)"},"geometry":{"type":"MultiLineString","coordinates":[[[0.2796496,51.4486253],[0.2798255,51.4485167],[0.2798304,51.4485127],[0.279832,51.4485071],[0.2798304,51.4485026],[0.2798264,51.4484981],[0.279811,51.4484865],[0.2798247,51.4484765],[0.2798304,51.4484719],[0.2798675,51.4484312],[0.2798738,51.4484253],[0.279898,51.4484089],[0.2799504,51.4483735],[0.2799552,51.4483685],[0.2799649,51.4483474],[0.2799681,51.4483424],[0.2799738,51.4483374],[0.2800627,51.4482819],[0.2800786,51.448272],[0.280085,51.448269],[0.2800915,51.4482665],[0.2801286,51.4482595],[0.2801366,51.448257],[0.2801455,51.4482529],[0.2802334,51.4481987],[0.2802431,51.4481936],[0.2802511,51.4481926],[0.2802592,51.4481931],[0.2802713,51.4481946],[0.280281,51.4481941],[0.2802898,51.4481926],[0.2803436,51.448176],[0.2803601,51.4481709],[0.2803874,51.4481625],[0.2803963,51.448159],[0.2804026,51.448155],[0.2804076,51.4481519],[0.2804366,51.4481318],[0.2805785,51.4480368],[0.2806495,51.4479905],[0.2806632,51.4479816],[0.280668,51.447977],[0.2806712,51.447972],[0.2806793,51.4479514],[0.280685,51.4479449],[0.2806938,51.4479394],[0.2807986,51.4478881],[0.2808148,51.4478801],[0.2808962,51.4478298],[0.2811321,51.4476793],[0.2813494,51.4475308],[0.2815427,51.4473775],[0.2819238,51.4470631],[0.281971,51.4470164],[0.2820545,51.4469337],[0.2821421,51.4468351],[0.2822113,51.4467472],[0.2822657,51.4466538],[0.2823275,51.4465213],[0.2823735,51.4464034],[0.2824849,51.446106],[0.2825808,51.445809],[0.2826274,51.445682]]]}},
{"type":"Feature","properties":{"highway":"footway","name":null,"category":"Footpath (pedestrian only)"},"geometry":{"type":"MultiLineString","coordinates":[[[0.279811,51.4484865],[0.2797119,51.4484257],[0.2797078,51.4484202],[0.2797078,51.4484152],[0.2797102,51.4484106],[0.2798112,51.4483526]]]}},
{"type":"Feature","properties":{"highway":"footway","name":null,"category":"Footpath (pedestrian only)"},"geometry":{"type":"MultiLineString","coordinates":[[[0.2789252,51.4528123],[0.2789558,51.452877],[0.2789558,51.4529409],[0.2789929,51.4530273],[0.2790276,51.453051],[0.2790816,51.4531075]]]}},
{"type":"Feature","properties":{"highway":"footway","name":null,"category":"Footpath (pedestrian only)"},"geometry":{"type":"MultiLineString","coordinates":[[[0.2792145,51.453171],[0.2792743,51.4531833],[0.2796567,51.4532059],[0.2797466,51.4532085],[0.2798987,51.4532071],[0.2803814,51.4532026],[0.280513,51.453203],[0.2807488,51.4532036],[0.2810719,51.4532064],[0.2814568,51.4531911],[0.281497,51.4531895],[0.2814994,51.4531886],[0.2815002,51.4531868],[0.2814982,51.4531594]]]}},
{"type":"Feature","properties":{"highway":"footway","name":null,"category":"Footpath (pedestrian only)"},"geometry":{"type":"MultiLineString","coordinates":[[[0.2770439,51.4500617],[0.2769157,51.4500742],[0.2768217,51.4500836]]]}},
{"type":"Feature","properties":{"highway":"footway","name":null,"category":"Footpath (pedestrian only)"},"geometry":{"type":"MultiLineString","coordinates":[[[0.2652044,51.4465777],[0.2652167,51.4465784],[0.2653956,51.4465893],[0.2656184,51.4466031],[0.2656806,51.4466089],[0.2660744,51.4466469],[0.2660778,51.4466492],[0.2660858,51.4466629],[0.2660865,51.4466675],[0.2660858,51.4466741],[0.2660484,51.446881],[0.2660439,51.4469123],[0.2660399,51.4469503],[0.2660386,51.4469628],[0.2660347,51.4470576],[0.2660332,51.4471915],[0.2660319,51.4472872],[0.2660294,51.447346],[0.2660278,51.4475059],[0.266023,51.4476391],[0.2660173,51.4476492],[0.2660093,51.4476608],[0.2660044,51.4476728],[0.2660044,51.4477316],[0.2660085,51.4477402],[0.2660157,51.4477432],[0.2660634,51.4477518],[0.2660907,51.4477568],[0.2661198,51.4477673],[0.266132,51.4477707],[0.2661565,51.4477774],[0.2661807,51.4477799],[0.2662613,51.4477809],[0.2663195,51.4477743]]]}},
{"type":"Feature","properties":{"highway":"footway","name":null,"category":"Footpath (pedestrian only)"},"geometry":{"type":"MultiLineString","coordinates":[[[0.2660858,51.4466629],[0.2661565,51.4466694],[0.2661856,51.446672],[0.2661735,51.4467148],[0.2661493,51.4468309],[0.2661372,51.4469108],[0.2661341,51.4470031],[0.26613,51.447129],[0.2661251,51.4472318],[0.2661259,51.4473052],[0.2661275,51.4473117],[0.2661485,51.4473469],[0.2661606,51.4473519],[0.2667551,51.4473957],[0.267504,51.4474751],[0.2675145,51.447474],[0.2675419,51.4474665],[0.267554,51.4474655],[0.2676581,51.4474766],[0.2676686,51.4474801],[0.2676799,51.4474886],[0.2676839,51.4474947],[0.2676968,51.4475475],[0.2676936,51.447556],[0.2676831,51.447559],[0.2676629,51.4475575],[0.2674483,51.4475294],[0.2666377,51.4474449],[0.2661601,51.4474117],[0.2661431,51.4474172],[0.2661246,51.4474313],[0.266119,51.4476384],[0.2661206,51.4476445],[0.2661311,51.4476601],[0.2661343,51.4476686],[0.2661325,51.4477504],[0.266132,51.4477707]]]}},
{"type":"Feature","properties":{"highway":"footway","name":null,"category":"Footpath (pedestrian only)"},"geometry":{"type":"MultiLineString","coordinates":[[[0.2661485,51.4473469],[0.2661456,51.4473853],[0.2661431,51.4474172]]]}},
{"type":"Feature","properties":{"highway":"footway","name":null,"category":"Footpath (pedestrian only)"},"geometry":{"type":"MultiLineString","coordinates":[[[0.2661856,51.446672],[0.2662348,51.4466732],[0.2673085,51.4467984],[0.2682272,51.4469012],[0.2683148,51.446911],[0.2683245,51.4469141],[0.2683511,51.4469357],[0.2683551,51.4469447],[0.2683559,51.4469583],[0.2684357,51.446965],[0.2684818,51.4469689],[0.26851,51.4469432],[0.2685261,51.4469352],[0.2685568,51.4469287],[0.2685753,51.4469272],[0.2686502,51.4469309]]]}},
{"type":"Feature","properties":{"highway":"footway","name":null,"category":"Footpath (pedestrian only)"},"geometry":{"type":"MultiLineString","coordinates":[[[0.2684818,51.4469689],[0.2684657,51.446989],[0.2684407,51.4470614],[0.2684109,51.4471589],[0.2684109,51.447172],[0.2684222,51.4471961],[0.2684609,51.4472444],[0.2684851,51.447267],[0.2685174,51.4472856],[0.2685932,51.4473123],[0.2686335,51.4473198],[0.268686,51.4473223],[0.2688045,51.4473183],[0.2688263,51.4473128],[0.2688594,51.4472992],[0.2688691,51.4472917],[0.2688747,51.4472816],[0.2688747,51.4472721],[0.26892,51.4472712],[0.2689514,51.4472705],[0.2689578,51.4472846],[0.2689691,51.4472957],[0.2689917,51.4473047],[0.269032,51.4473077],[0.2693749,51.4473017],[0.2694007,51.4472957],[0.2694225,51.4472861],[0.2694321,51.4472736],[0.2694354,51.4472559],[0.2694812,51.447256],[0.2695217,51.4472561],[0.269529,51.4472761],[0.2695411,51.4472917],[0.2695573,51.4473007],[0.2695952,51.4473072],[0.2699743,51.4473112],[0.2701244,51.4473128]]]}},
{"type":"Feature","properties":{"highway":"footway","name":null,"category":"Footpath (pedestrian only)"},"geometry":{"type":"MultiLineString","coordinates":[[[0.2689113,51.4469599],[0.2694786,51.4470099],[0.2703722,51.4471034],[0.2709282,51.4471617],[0.2715156,51.4472361],[0.2719107,51.4472988],[0.2724147,51.4474024],[0.2732535,51.4476213],[0.2739919,51.4478156],[0.2743896,51.4479091],[0.2745652,51.4479358],[0.2748653,51.4479614],[0.2755928,51.4480067],[0.2759786,51.4480329],[0.2761891,51.4480517]]]}},
{"type":"Feature","properties":{"highway":"footway","name":null,"category":"Footpath (pedestrian only)"},"geometry":{"type":"MultiLineString","coordinates":[[[0.2648419,51.4466139],[0.2648169,51.4466344],[0.2647995,51.4466538],[0.2647852,51.4466746],[0.2647739,51.4467003],[0.2647081,51.4468649],[0.2646404,51.4470779],[0.2645853,51.4472348],[0.2645678,51.4472845],[0.2645292,51.4473886],[0.2644732,51.4475397],[0.2644258,51.4476678],[0.2644036,51.4477335],[0.2643834,51.4477934],[0.2643851,51.4478059],[0.2643714,51.447827],[0.2643553,51.4481975],[0.2643537,51.4482046],[0.264331,51.4482393],[0.2643012,51.4484926],[0.2642641,51.4487169],[0.2642488,51.4488487],[0.2642512,51.4488642],[0.2642665,51.4488864],[0.2642535,51.4489548],[0.2642387,51.4490319],[0.2642177,51.4490596],[0.264204,51.4490937],[0.2641895,51.4491782],[0.2641863,51.4492732],[0.2641887,51.4493682],[0.2641879,51.4495135],[0.2641919,51.4495402],[0.2642113,51.4495829],[0.2642645,51.4496483],[0.2643968,51.4497488],[0.2645057,51.4498132],[0.2647082,51.4499097],[0.264784,51.4499368],[0.2648421,51.4499494],[0.2650357,51.449965],[0.2651724,51.4499646],[0.2651496,51.4499726],[0.2650501,51.4500147]]]}},
{"type":"Feature","properties":{"highway":"footway","name":null,"category":"Footpath (pedestrian only)"},"geometry":{"type":"MultiLineString","coordinates":[[[0.2652868,51.448521],[0.2652878,51.448537],[0.265283,51.4485425],[0.2652297,51.448548],[0.2652144,51.448553],[0.2651934,51.4485676],[0.2651854,51.4485837],[0.2651821,51.4486129],[0.2651838,51.4486476],[0.2651813,51.4486692],[0.2651708,51.4486998],[0.2651523,51.4487335],[0.2651257,51.4487773],[0.2651233,51.4487984],[0.265137,51.4488984],[0.265141,51.448907],[0.265164,51.44892],[0.2651749,51.4489261],[0.265191,51.4489281],[0.2652314,51.4489276],[0.265508,51.4489115],[0.2655201,51.448912],[0.2657364,51.4489482]]]}},
{"type":"Feature","properties":{"highway":"footway","name":null,"category":"Footpath (pedestrian only)"},"geometry":{"type":"MultiLineString","coordinates":[[[0.2649687,51.4489344],[0.2650909,51.4489254],[0.265164,51.44892]]]}},
{"type":"Feature","properties":{"highway":"footway","name":null,"category":"Footpath (pedestrian only)"},"geometry":{"type":"MultiLineString","coordinates":[[[0.2644258,51.4476678],[0.2644258,51.4476733],[0.2644507,51.4477023],[0.2645672,51.4477415],[0.2646439,51.4477637],[0.2646689,51.4477697],[0.264852,51.4477787],[0.2650391,51.4477853],[0.26516,51.4477914],[0.2652989,51.4477983],[0.2652981,51.4478195],[0.2652989,51.4478275],[0.2653062,51.4478521],[0.2653475,51.4478567],[0.2654709,51.4478627]]]}},
{"type":"Feature","properties":{"highway":"footway","name":null,"category":"Footpath (pedestrian only)"},"geometry":{"type":"MultiLineString","coordinates":[[[0.2653062,51.4478521],[0.2648872,51.4478371],[0.2646626,51.447829],[0.264636,51.4478265],[0.2643851,51.4478059]]]}},
{"type":"Feature","properties":{"highway":"footway","name":null,"category":"Footpath (pedestrian only)"},"geometry":{"type":"MultiLineString","coordinates":[[[0.2642665,51.4488864],[0.2642972,51.4489115],[0.264323,51.4489231],[0.2643835,51.4489366],[0.2644165,51.4489387],[0.2644626,51.4489417],[0.2646893,51.4489532],[0.2647675,51.4489537],[0.2649426,51.4489447],[0.2649571,51.4489412],[0.2649687,51.4489344],[0.2650087,51.448911],[0.2650144,51.4489045],[0.2650158,51.448825],[0.265016,51.4488145],[0.2650216,51.4487878],[0.2650682,51.4486747],[0.2650773,51.4486526],[0.2650797,51.4486424],[0.2650691,51.4485447],[0.2650633,51.4485062],[0.2650531,51.4484377]]]}},
{"type":"Feature","properties":{"highway":"footway","name":null,"category":"Footpath (pedestrian only)"},"geometry":{"type":"MultiLineString","coordinates":[[[0.2642387,51.4490319],[0.2642574,51.4490167],[0.2642864,51.4490051],[0.2643203,51.4489996],[0.2643929,51.4490008],[0.2646069,51.4490159],[0.2647327,51.4490199],[0.2648812,51.4490155],[0.2649279,51.4490141],[0.265141,51.4489995],[0.2654372,51.4489795],[0.2654795,51.4489785],[0.2655315,51.4489835],[0.2655812,51.4489956],[0.2656263,51.4490159],[0.2656731,51.4490463],[0.265701,51.449076],[0.2657324,51.4491256],[0.2657553,51.4491889],[0.2657666,51.4492382],[0.2657719,51.4492935],[0.26577,51.4493214],[0.2657695,51.4493294],[0.2657524,51.4494045],[0.2657363,51.449447],[0.2657235,51.4494711],[0.2656943,51.449526],[0.2656197,51.4496542],[0.2655757,51.4497167],[0.2655689,51.4497215],[0.2654777,51.4497258],[0.2654571,51.449724],[0.2652206,51.4496748],[0.2652117,51.4496718],[0.2651734,51.4496525],[0.2651428,51.4496412],[0.2650259,51.4496094],[0.2650142,51.4496018],[0.2650011,51.4495881],[0.2649877,51.449574],[0.2650128,51.4495333],[0.2649997,51.4495256],[0.2649327,51.4495077],[0.2648948,51.4495495],[0.2648811,51.449558],[0.2648613,51.4495638],[0.2648452,51.4495646],[0.2648282,51.4495625],[0.2647776,51.449552],[0.2647711,51.4495518],[0.2647667,51.4495548],[0.2647522,51.4495833],[0.2647429,51.4496018],[0.2647429,51.4496043],[0.2647453,51.4496068],[0.2648576,51.4496335],[0.2649211,51.4496485],[0.2651168,51.4497006],[0.2651909,51.4497239],[0.2652984,51.4497578],[0.2653916,51.4497769],[0.2655186,51.4497963],[0.2655822,51.4498061],[0.2655979,51.4498085],[0.2656431,51.4498221],[0.2657235,51.4498527],[0.265796,51.4498804],[0.2658924,51.4499083],[0.265979,51.4499236],[0.2661032,51.4499319],[0.2662916,51.449936],[0.2665595,51.4499286],[0.2667467,51.4499148],[0.2668443,51.4499033],[0.2669449,51.4498866],[0.2669714,51.4498822],[0.2669597,51.4498576]]]}},
{"type":"Feature","properties":{"highway":"footway","name":null,"category":"Footpath (pedestrian only)"},"geometry":{"type":"MultiLineString","coordinates":[[[0.2650804,51.4463967],[0.2650968,51.4463677],[0.2651018,51.4463584],[0.2651283,51.4463],[0.2651742,51.4461978],[0.2651745,51.4461961],[0.265172,51.4461945],[0.265124,51.4461844],[0.2650721,51.4461735]]]}},
{"type":"Feature","properties":{"highway":"footway","name":null,"category":"Footpath (pedestrian only)"},"geometry":{"type":"MultiLineString","coordinates":[[[0.260189,51.4507619],[0.2600638,51.4507647]]]}},
{"type":"Feature","properties":{"highway":"pedestrian","name":"High Street","category":"Pedestrian area/street"},"geometry":{"type":"MultiLineString","coordinates":[[[0.2790156,51.4531519],[0.2789068,51.4531345],[0.2786224,51.4531486],[0.2783755,51.4531721],[0.2780249,51.4531949]]]}},
{"type":"Feature","properties":{"highway":"pedestrian","name":null,"category":"Pedestrian area/street"},"geometry":{"type":"MultiLineString","coordinates":[[[0.2779609,51.4534376],[0.2779331,51.4532729],[0.2780375,51.4532656],[0.2780249,51.4531949],[0.2779908,51.4530043],[0.2779843,51.4529679],[0.2779479,51.4527645]]]}},
{"type":"Feature","properties":{"highway":"pedestrian","name":null,"category":"Pedestrian area/street"},"geometry":{"type":"MultiLineString","coordinates":[[[0.2790156,51.4531519],[0.2789953,51.4531895],[0.2788951,51.4534508],[0.2788646,51.4534893],[0.2788183,51.4534988],[0.2784262,51.4534925]]]}},
{"type":"Feature","properties":{"highway":"pedestrian","name":"High Street","category":"Pedestrian area/street"},"geometry":{"type":"MultiLineString","coordinates":[[[0.279069,51.453116],[0.2790318,51.453141],[0.2790156,51.4531519]]]}},
{"type":"Feature","properties":{"highway":"pedestrian","name":"High Street","category":"Pedestrian area/street"},"geometry":{"type":"MultiLineString","coordinates":[[[0.2791335,51.4530752],[0.2790816,51.4531075],[0.279069,51.453116]]]}},
{"type":"Feature","properties":{"highway":"pedestrian","name":null,"category":"Pedestrian area/street"},"geometry":{"type":"MultiLineString","coordinates":[[[0.2779702,51.4534928],[0.2774773,51.4535139],[0.2770745,51.4535235],[0.2770455,51.4534155],[0.2768818,51.4527475]]]}},
{"type":"Feature","properties":{"highway":"pedestrian","name":null,"category":"Pedestrian area/street"},"geometry":{"type":"MultiLineString","coordinates":[[[0.2784262,51.4534925],[0.2779702,51.4534928]]]}}
]
}
