country,region_id,authority_id,auth_name_e,old_park_id,new_park_id,park_offical_id
England,E12000008,E07000210,Mole Valley,MOLVA_1cc0e0578b70,710bbbf2d1a5,
England,E12000008,E07000210,Mole Valley,MOLVA_8024c27dd73f,6b5cf15f3ab0,
England,E12000008,E07000210,Mole Valley,MOLVA_accafbdfa9c7,12a4de142115,
England,E12000008,E07000210,Mole Valley,MOLVA_1b81cbe0790e,f02bcdfa66e8,
England,E12000008,E07000210,Mole Valley,MOLVA_eaf6c0a53140,225806076e58,
England,E12000008,E07000210,Mole Valley,MOLVA_8ef8848a356a,c50da5fcecf0,
England,E12000008,E07000210,Mole Valley,MOLVA_d4b4379df28b,6ffe95efce05,
England,E12000008,E07000210,Mole Valley,MOLVA_b63a48a0d092,27f98116394d,
England,E12000008,E07000210,Mole Valley,MOLVA_425ee5d46fc6,ea717bc0d435,
England,E12000008,E07000210,Mole Valley,MOLVA_5b49d35b7faa,8c8195f99ca1,
England,E12000008,E07000210,Mole Valley,MOLVA_cc2446a1923e;MOLVA_a2883b68cc17,e0d4f98eba7a,
England,E12000008,E07000210,Mole Valley,MOLVA_113a0b03a67d,b54bf6000604,
England,E12000008,E07000210,Mole Valley,MOLVA_957c293214a7,fdc21718f47c,
England,E12000008,E07000210,Mole Valley,MOLVA_8e4a5ca7cfb4,02a29d91d342,
England,E12000008,E07000210,Mole Valley,MOLVA_c5df6df480de;MOLVA_b19c1f7e01be,91b107504e4a,
England,E12000008,E07000210,Mole Valley,MOLVA_6d5a7fa8ee19,119c9d8a8fd6,
England,E12000008,E07000210,Mole Valley,MOLVA_d365e32bad39,e3fe9e54c95b,
England,E12000008,E07000210,Mole Valley,MOLVA_599047c47cdc;MOLVA_f4cbf6309e7d,b58e06cc2088,
England,E12000008,E07000210,Mole Valley,MOLVA_08b104950976,0103d3a11a9a,
England,E12000008,E07000210,Mole Valley,MOLVA_b1afd9113a4c,b7d486411abe,
England,E12000008,E07000210,Mole Valley,MOLVA_f6ddd83e3337,9de0c2a8418c,
England,E12000008,E07000210,Mole Valley,MOLVA_723f3566fbc2;MOLVA_39174b988301,2fcdb8a92da1,
England,E12000008,E07000210,Mole Valley,MOLVA_8845175e3693,35228703de64,
England,E12000008,E07000210,Mole Valley,MOLVA_4716273a5e15,163fd1f75535,
England,E12000008,E07000210,Mole Valley,MOLVA_c198e0b5041e;MOLVA_a32edaad79f1,ba1714ff82cc,
England,E12000008,E07000210,Mole Valley,MOLVA_f628bc319880;MOLVA_5340b31ce764,21f8b9897dbb,
England,E12000008,E07000210,Mole Valley,MOLVA_96cd4613b083,c3d12eeea309,
England,E12000008,E07000210,Mole Valley,MOLVA_be4d95f24634;MOLVA_a1992c9a576a,3876b4a4d8cd,
England,E12000008,E07000210,Mole Valley,MOLVA_25e3537297c1,9d6e81975c86,
England,E12000008,E07000210,Mole Valley,MOLVA_5ee2d77137c7;MOLVA_f3f7b7d28bf3,f49d61804e98,
England,E12000008,E07000210,Mole Valley,MOLVA_15ac24f236f2,98394e24894b,
England,E12000008,E07000210,Mole Valley,MOLVA_4d75d770d246,cbe903492718,
England,E12000008,E07000210,Mole Valley,MOLVA_f776471e5942;MOLVA_9183af458f05,5b7dbc9c01e3,
England,E12000008,E07000210,Mole Valley,MOLVA_60f4124cacfa,73870dfe4d64,
England,E12000008,E07000210,Mole Valley,MOLVA_8f8c3dca4ddb;MOLVA_bbd867dd7f78,fb71c1a0c6f0,
England,E12000008,E07000210,Mole Valley,MOLVA_7c762a2433fe,5ef500b866a8,
England,E12000008,E07000210,Mole Valley,MOLVA_28100bd9cec7;MOLVA_be04a5f3dae4;MOLVA_9469db8cba85;MOLVA_99618ca3d9ac,c6d04f02b47d,
England,E12000008,E07000210,Mole Valley,MOLVA_c60a10ec5aae,d5dea35c0421,
England,E12000008,E07000210,Mole Valley,MOLVA_9d857e5ef60f,0630ef74efbc,
England,E12000008,E07000210,Mole Valley,MOLVA_b3a2ff2d0498,3c6261786514,
England,E12000008,E07000210,Mole Valley,MOLVA_d97fa1abc999,d1807021446d,
England,E12000008,E07000210,Mole Valley,MOLVA_94b874ef28c2,0357649615c0,
England,E12000008,E07000210,Mole Valley,MOLVA_189e5d31a202;MOLVA_48096560ace2;MOLVA_d6ef67684cd7;MOLVA_57e4781e35c2,d410b0db4942,
England,E12000008,E07000210,Mole Valley,MOLVA_b208cd2a6958;MOLVA_f239fe3c5ba2,bc445d9d6a5a,
England,E12000008,E07000210,Mole Valley,MOLVA_d883c82545c8,174f457cd336,
England,E12000008,E07000210,Mole Valley,MOLVA_9677896d418c,3183a5acf3b9,
England,E12000008,E07000210,Mole Valley,MOLVA_a835651aff27,dff31bfd299b,
England,E12000008,E07000210,Mole Valley,MOLVA_73659b117bf7,8be261733e4a,
England,E12000008,E07000210,Mole Valley,MOLVA_26b04516960e,2a9611a278db,
England,E12000008,E07000210,Mole Valley,MOLVA_787c835df75b,98a3966e0e40,
England,E12000008,E07000210,Mole Valley,MOLVA_310a7c7beca9,b903f53513c7,
England,E12000008,E07000210,Mole Valley,MOLVA_ef6428caba65,b56689bbde89,
England,E12000008,E07000210,Mole Valley,MOLVA_95bce845e623,9bf900c7a013,
England,E12000008,E07000210,Mole Valley,MOLVA_1941b0ac3822,1163e2232bbf,
England,E12000008,E07000210,Mole Valley,MOLVA_68316eb42283,f54eadc4341e,
England,E12000008,E07000210,Mole Valley,MOLVA_a2b0859fe4bc,c58514a145ba,
England,E12000008,E07000210,Mole Valley,MOLVA_d010357d4cc8,cc35163bd4f7,
England,E12000008,E07000210,Mole Valley,MOLVA_af11323666c7,17282ee32b90,
England,E12000008,E07000210,Mole Valley,MOLVA_02bc6d7bcd1c,268ddf2a74fb,
England,E12000008,E07000210,Mole Valley,MOLVA_961068f3cf8e,0778aeb92421,
England,E12000008,E07000210,Mole Valley,MOLVA_59683cfd903f,5b3cb3034812,
England,E12000008,E07000210,Mole Valley,MOLVA_c63a543a13dc,9417280a45cb,
England,E12000008,E07000210,Mole Valley,MOLVA_0de1c1e49936,00ae8c0d9fa6,
England,E12000008,E07000210,Mole Valley,MOLVA_ab5da28448cb,88f14141acae,
England,E12000008,E07000210,Mole Valley,MOLVA_0422af6476d5,646703e8b7ee,
England,E12000008,E07000210,Mole Valley,MOLVA_52e963d4e664,f76cc505b8d5,
England,E12000008,E07000210,Mole Valley,MOLVA_b11a30258d82,315ae62e0a25,
England,E12000008,E07000210,Mole Valley,MOLVA_adc0cda07474,23187f73c3d8,
England,E12000008,E07000210,Mole Valley,MOLVA_5eb6f8e5a420,8031a14696be,
England,E12000008,E07000210,Mole Valley,MOLVA_1d4a49175e6c,2a2eee379eab,
England,E12000008,E07000210,Mole Valley,MOLVA_947ee749997c,9aadecd2a3ed,
England,E12000008,E07000210,Mole Valley,MOLVA_6a41fda9e4f8,63dfa4cf20aa,
England,E12000008,E07000210,Mole Valley,MOLVA_0bf4dfd9a46d,17161788b9c5,
England,E12000008,E07000210,Mole Valley,MOLVA_1452d3ecf247,d2053ba9a743,
England,E12000008,E07000210,Mole Valley,MOLVA_3e6713ef5984,797b89fd54eb,
England,E12000008,E07000210,Mole Valley,MOLVA_bb0fe423ca0e,e0e05a424fbf,
England,E12000008,E07000210,Mole Valley,MOLVA_694dc4cb675c,2e6f6c458be3,
England,E12000008,E07000210,Mole Valley,MOLVA_22d46becfea5,9e3b1f967011,
England,E12000008,E07000210,Mole Valley,MOLVA_4a5a6063b74b,5d5fd08fa6e8,
England,E12000008,E07000210,Mole Valley,MOLVA_af681cfdfb50,61934c3f923e,
England,E12000008,E07000210,Mole Valley,MOLVA_5bd32f43d560,cb267c00800a,
England,E12000008,E07000210,Mole Valley,MOLVA_ee70b5374f97,d0c46e6ad729,
England,E12000008,E07000210,Mole Valley,MOLVA_c9920725bac6,6ecf635acece,
England,E12000008,E07000210,Mole Valley,MOLVA_083a5fdaa861,a5f9011dbc31,
England,E12000008,E07000210,Mole Valley,MOLVA_e461e0a5384e,e5972b87c4b1,
England,E12000008,E07000210,Mole Valley,MOLVA_43cd34c30098,7ac5b1b676ff,
England,E12000008,E07000210,Mole Valley,MOLVA_a9a35bbcf6bd,1ecd4342fbec,
England,E12000008,E07000210,Mole Valley,MOLVA_de43dcb1090e,10a302fed3b6,
England,E12000008,E07000210,Mole Valley,MOLVA_104083ea0d6c,e010f21eeb4b,
England,E12000008,E07000210,Mole Valley,MOLVA_a745d2940426,b27832869f3d,
England,E12000008,E07000210,Mole Valley,MOLVA_d2ca78195d2c,0f56ff3dd402,
England,E12000008,E07000210,Mole Valley,MOLVA_dcfcb8f884bc,c88319f349c1,
England,E12000008,E07000210,Mole Valley,MOLVA_ba71d519380b,c9a49fc19b16,
England,E12000008,E07000210,Mole Valley,MOLVA_dda2c7628e15,0deefdd64982,
England,E12000008,E07000210,Mole Valley,MOLVA_cdb15ca0077e,906791f36c8d,
England,E12000008,E07000210,Mole Valley,MOLVA_3967d00b85c8,d71d1a7cc328,
England,E12000008,E07000210,Mole Valley,MOLVA_0c59cd2c0518,4f554fc5c7de,
England,E12000008,E07000210,Mole Valley,MOLVA_e8f4b3ae17c2,dc9a9551ccdd,
England,E12000008,E07000210,Mole Valley,MOLVA_53a077696c2f,8167732049f1,
England,E12000008,E07000210,Mole Valley,MOLVA_7aa82569de21,2c4aa062e0d6,
England,E12000008,E07000210,Mole Valley,MOLVA_4430d994c926,d1a1ae074f83,
England,E12000008,E07000210,Mole Valley,MOLVA_faa57959905a,781b348da1da,
England,E12000008,E07000210,Mole Valley,MOLVA_487e35dab088,88e10e268d79,
England,E12000008,E07000210,Mole Valley,MOLVA_7e49d35bc87b,5d239efb037c,
England,E12000008,E07000210,Mole Valley,MOLVA_6c6a7fc43cc9,67cf59f05635,
England,E12000008,E07000210,Mole Valley,MOLVA_1d5aeb6c0216,46dc75005888,
England,E12000008,E07000210,Mole Valley,MOLVA_1fc96314cdc0,073c68bdb562,
England,E12000008,E07000210,Mole Valley,MOLVA_61cbf437fc03,d43531fc7fea,
England,E12000008,E07000210,Mole Valley,MOLVA_a74708634e69,edba963a0c92,
England,E12000008,E07000210,Mole Valley,MOLVA_2ca35ea8975c,b7b2129ad4a9,
England,E12000008,E07000210,Mole Valley,MOLVA_5790247d8203,86fcf75158e0,
England,E12000008,E07000210,Mole Valley,MOLVA_d28913cc72e6,5c670656c536,
England,E12000008,E07000210,Mole Valley,MOLVA_da33d2e78ca1,79f5c442317e,
England,E12000008,E07000210,Mole Valley,MOLVA_351f070b6275,7bd60921f51d,
England,E12000008,E07000210,Mole Valley,MOLVA_d2456cdc6e60,ea4d2c5bedbc,
England,E12000008,E07000210,Mole Valley,MOLVA_2fcf07808aad,d284f5bf440e,
England,E12000008,E07000210,Mole Valley,MOLVA_5af513270a99,7813415197c9,
England,E12000008,E07000210,Mole Valley,MOLVA_e18d5100dcb8,403e87cedda9,
England,E12000008,E07000210,Mole Valley,MOLVA_46586ce4bfb7,2b931c49c1ad,
England,E12000008,E07000210,Mole Valley,MOLVA_d9b2dcf8b690,3f667be6c921,
England,E12000008,E07000210,Mole Valley,MOLVA_c712af647796,33f015a79240,
England,E12000008,E07000210,Mole Valley,MOLVA_96afe23d0f0f,4a607057d654,
England,E12000008,E07000210,Mole Valley,MOLVA_1326e0fc12ec,053a9afe1ff8,
England,E12000008,E07000210,Mole Valley,MOLVA_3eef0afee6a9,539b19116a8c,
England,E12000008,E07000210,Mole Valley,MOLVA_d12407892104,c28f2953884c,
England,E12000008,E07000210,Mole Valley,MOLVA_abfcf8690855,4d61d60c09a8,
England,E12000008,E07000210,Mole Valley,MOLVA_6f6be47217fe,82f94ba93329,
England,E12000008,E07000210,Mole Valley,MOLVA_7a115f04d1f0,e3402d844cb9,
England,E12000008,E07000210,Mole Valley,MOLVA_86cf985f910c,e531ce5f38f4,
England,E12000008,E07000210,Mole Valley,MOLVA_d1be1c92b12c,53ab4656a50d,
England,E12000008,E07000210,Mole Valley,MOLVA_7fd0dc5a01ff,27a2057ac7e9,
England,E12000008,E07000210,Mole Valley,MOLVA_3e89b3086839,e8cd7630e5c6,
England,E12000008,E07000210,Mole Valley,MOLVA_19c7429bf9e9,466795dc5c64,
England,E12000008,E07000210,Mole Valley,MOLVA_02d2c3b16b13,fad7b19c73a6,
England,E12000008,E07000210,Mole Valley,MOLVA_ecc2496d177b,d5fffffecefc,
England,E12000008,E07000210,Mole Valley,MOLVA_66e5bcdc09a3,ff87c5d5cf5a,
England,E12000008,E07000210,Mole Valley,MOLVA_dc68089bce81,567339008bbe,
England,E12000008,E07000210,Mole Valley,MOLVA_52a21843aa14,08a3ef887cbe,
England,E12000008,E07000210,Mole Valley,MOLVA_86ec31c1705f,bb77657fc42c,
England,E12000008,E07000210,Mole Valley,MOLVA_43061dc90a2b,b003948b0018,
England,E12000008,E07000210,Mole Valley,MOLVA_eec741931d18,9b44a97c8841,
England,E12000008,E07000210,Mole Valley,MOLVA_697bb9c7f7ba,4b0007555102,
England,E12000008,E07000210,Mole Valley,MOLVA_ef7a062cb3ca,86a68caf7e9b,
England,E12000008,E07000210,Mole Valley,MOLVA_22ebf7102d26,98bb9636c1c3,
England,E12000008,E07000210,Mole Valley,MOLVA_f011d15e25eb,67b888a3585f,
England,E12000008,E07000210,Mole Valley,MOLVA_2c195f247441,364fbc50af1a,
England,E12000008,E07000210,Mole Valley,MOLVA_7eb182570cd5,7708daadf9e9,
England,E12000008,E07000210,Mole Valley,MOLVA_e9fa99fd7321,cb2b265c420a,
England,E12000008,E07000210,Mole Valley,MOLVA_b7bd4588f5dd,ea5eae4c1609,
England,E12000008,E07000210,Mole Valley,MOLVA_551a41056c7a,d9f159631aa4,
England,E12000008,E07000210,Mole Valley,MOLVA_a5df3a2e71b5,85ac048a5889,
England,E12000008,E07000210,Mole Valley,MOLVA_680735e5402d,71e493f66525,
England,E12000008,E07000210,Mole Valley,MOLVA_50f80fbff289,131db85805d9,
England,E12000008,E07000210,Mole Valley,MOLVA_28f7b499ce70,10d3f4b163ed,
England,E12000008,E07000210,Mole Valley,MOLVA_a4efec04829b,4e3633f7e13a,
England,E12000008,E07000210,Mole Valley,MOLVA_8a243e344fc9,1f217c222af1,
England,E12000008,E07000210,Mole Valley,MOLVA_d7495b7fd302,65a1b38b7b77,
England,E12000008,E07000210,Mole Valley,MOLVA_dcd4d7e65360,076ac1037c63,
England,E12000008,E07000210,Mole Valley,MOLVA_143c6e96580f,a0574d4556c5,
England,E12000008,E07000210,Mole Valley,MOLVA_68c3542a1369,f286ad75368a,
England,E12000008,E07000210,Mole Valley,MOLVA_dd088b5d3e7b,91a7cdeb3b48,
England,E12000008,E07000210,Mole Valley,MOLVA_d9e0f967c082,51135a2e981a,
England,E12000008,E07000210,Mole Valley,MOLVA_a0757fe2c6a2,53ea22a5613f,
England,E12000008,E07000210,Mole Valley,MOLVA_bd21b0fcd477,90cc9ba37058,
England,E12000008,E07000210,Mole Valley,MOLVA_81dffd618bd8,e0a1f7005743,
England,E12000008,E07000210,Mole Valley,MOLVA_27dbf3a16311,8a25f9123363,
England,E12000008,E07000210,Mole Valley,MOLVA_ca15327ad3cc,9d00fe65aff8,
England,E12000008,E07000210,Mole Valley,MOLVA_a48ac495e566,6309f7808dd4,
England,E12000008,E07000210,Mole Valley,MOLVA_f8f79055cbef,c9befb023954,
England,E12000008,E07000210,Mole Valley,MOLVA_1532c08a8166,03076a4bf815,
England,E12000008,E07000210,Mole Valley,MOLVA_0c90de8bc787,4234e75326fc,
England,E12000008,E07000210,Mole Valley,MOLVA_45ff80e492b3,1b0aa6a8481f,
England,E12000008,E07000210,Mole Valley,MOLVA_85ac3f1ad17d,4b3684d6aa6d,
England,E12000008,E07000210,Mole Valley,MOLVA_16e08785f3a1,b19ba1f587b3,
England,E12000008,E07000210,Mole Valley,MOLVA_d1e4e0bb1800,346bc30458fe,
England,E12000008,E07000210,Mole Valley,MOLVA_1d6ff6daf452,70ee6af6c476,
England,E12000008,E07000210,Mole Valley,MOLVA_159ad2a90114,241bbc3d3e23,
England,E12000008,E07000210,Mole Valley,MOLVA_2fb9a4c22e16,3effbaa62626,
England,E12000008,E07000210,Mole Valley,MOLVA_b906ab056db0,2e1b1b99a800,
England,E12000008,E07000210,Mole Valley,MOLVA_517a62b228d9,344511b812c3,
England,E12000008,E07000210,Mole Valley,MOLVA_ed70e8b05d89,d3f11fd1c078,
England,E12000008,E07000210,Mole Valley,MOLVA_c00da95d62a0,3eae25c01a42,
England,E12000008,E07000210,Mole Valley,MOLVA_00b64b7bd16f,27a55364579a,
England,E12000008,E07000210,Mole Valley,MOLVA_a81ee5b0e443,ee656bc67fff,
England,E12000008,E07000210,Mole Valley,MOLVA_a375d0e1f11d,1fa83b0e7953,
England,E12000008,E07000210,Mole Valley,MOLVA_3c266960047a,be55a6bb4e53,
England,E12000008,E07000210,Mole Valley,MOLVA_3b212d907c8c,a34b802f504e,
England,E12000008,E07000210,Mole Valley,MOLVA_77ee8352231e,646b7dc1e40f,
England,E12000008,E07000210,Mole Valley,MOLVA_3a9955e7177d,994d25db7283,
England,E12000008,E07000210,Mole Valley,MOLVA_daa554c07b2d,c93fa3455ee2,
England,E12000008,E07000210,Mole Valley,MOLVA_17f1973dfe79,a2d16746e7c9,
England,E12000008,E07000210,Mole Valley,MOLVA_0f22b38b0c24,bceb89ad9c19,
England,E12000008,E07000210,Mole Valley,MOLVA_425d3775fef0,e31c457689d4,
England,E12000008,E07000210,Mole Valley,MOLVA_ec3a4c6a5cb8,8396db37154a,
England,E12000008,E07000210,Mole Valley,MOLVA_4b25b832c847,20c3658d5152,
England,E12000008,E07000210,Mole Valley,MOLVA_4c40df8cb658,461b449e57b4,
England,E12000008,E07000210,Mole Valley,MOLVA_c47f6cfa6e7e,9b6de1980e24,
England,E12000008,E07000210,Mole Valley,MOLVA_d04e6084eb16,64e88a1f6392,
England,E12000008,E07000210,Mole Valley,MOLVA_f8a1c9de6656,55cfa70b2026,
England,E12000008,E07000210,Mole Valley,MOLVA_aa48eb7d09e0,1219c58a4fe2,
England,E12000008,E07000210,Mole Valley,MOLVA_3f02e0116ee9,47a3269b0fce,
England,E12000008,E07000210,Mole Valley,MOLVA_cea4f7f23067,0539d639eac6,
England,E12000008,E07000210,Mole Valley,MOLVA_cd0f117cd688,cf0cb0e104c8,
England,E12000008,E07000210,Mole Valley,MOLVA_8512611ae2fc,09e4c555dbf4,
England,E12000008,E07000210,Mole Valley,MOLVA_e338f559d388,780062f1bc32,
England,E12000008,E07000210,Mole Valley,MOLVA_d1f267d1f04f,f644fdfd1dde,
England,E12000008,E07000210,Mole Valley,MOLVA_ce3ab13a95c9,03e4bece2b99,
England,E12000008,E07000210,Mole Valley,MOLVA_8d7b00a6c138,994c3d72357b,
England,E12000008,E07000210,Mole Valley,MOLVA_efae17e8ec8c,bfe411dd087c,
England,E12000008,E07000210,Mole Valley,MOLVA_4e821d614783,a1905a774648,
England,E12000008,E07000210,Mole Valley,MOLVA_9d7ac0cd8222,3e8537d8b2bc,
England,E12000008,E07000210,Mole Valley,MOLVA_cf61b51fd89c,d6bd0932883c,
England,E12000008,E07000210,Mole Valley,MOLVA_67e2caa8e5b5,9e2eea628d58,
England,E12000008,E07000210,Mole Valley,MOLVA_83c1e2329398,a4574a27df7d,
England,E12000008,E07000210,Mole Valley,MOLVA_e3ec741ffe35,fb2d504cbef7,
England,E12000008,E07000210,Mole Valley,MOLVA_eb5cdf49de6d,00b477190ac9,
England,E12000008,E07000210,Mole Valley,MOLVA_2bfcfc63b92b,643b27d24b87,
England,E12000008,E07000210,Mole Valley,MOLVA_3d015718bcc1,8ce44f2623c6,
England,E12000008,E07000210,Mole Valley,MOLVA_14490d876a0e,fbb96866dd42,
England,E12000008,E07000210,Mole Valley,MOLVA_f60a280e9910,6e7db81434ef,
England,E12000008,E07000210,Mole Valley,MOLVA_1c5322ad6a67,f9da02609ae6,
England,E12000008,E07000210,Mole Valley,MOLVA_473a2e7f8d09,7196914ffc9a,
England,E12000008,E07000210,Mole Valley,MOLVA_ca75aa9412e9,e0801082099d,
England,E12000008,E07000210,Mole Valley,MOLVA_1a2bcb6db6c4,c29339cf2481,
England,E12000008,E07000210,Mole Valley,MOLVA_61820543379c,1459f78f8d3f,
England,E12000008,E07000210,Mole Valley,MOLVA_3ca0af1b9093,b706add09da8,
England,E12000008,E07000210,Mole Valley,MOLVA_5e0ed4251da7,7acd2cda2865,
England,E12000008,E07000210,Mole Valley,MOLVA_2eaffc5c95c2,da77c722172d,
England,E12000008,E07000210,Mole Valley,MOLVA_2e1b19480db9,f123e1cbb1db,
England,E12000008,E07000210,Mole Valley,MOLVA_6af4b9300cf0,a0c4105c18de,
England,E12000008,E07000210,Mole Valley,MOLVA_57f40392100f,fe025a48c021,
England,E12000008,E07000210,Mole Valley,MOLVA_b29dee2ae1b5,229f6dc12866,
England,E12000008,E07000210,Mole Valley,MOLVA_182ac4b6fb7a,65b9b9724340,
England,E12000008,E07000210,Mole Valley,MOLVA_8525b7447df2,ba52a7046368,
England,E12000008,E07000210,Mole Valley,MOLVA_1c3c39b9b5f5,b954232eada4,
England,E12000008,E07000210,Mole Valley,MOLVA_8f2db3684046,2560e5d9c9bb,
England,E12000008,E07000210,Mole Valley,MOLVA_a5fe8f308f71,f1a327d5953a,
England,E12000008,E07000210,Mole Valley,MOLVA_19c0f3abe24b,891e04fb4f49,
England,E12000008,E07000210,Mole Valley,MOLVA_9610ce7d1c02,4c875707e5ed,
England,E12000008,E07000210,Mole Valley,MOLVA_94f7c611613c,2785f69cfe92,
England,E12000008,E07000210,Mole Valley,MOLVA_43667e7ed18c,8b5e145ced3b,
England,E12000008,E07000210,Mole Valley,MOLVA_e5c6c27b115d,fef648af6f96,
England,E12000008,E07000210,Mole Valley,MOLVA_d9ccace51dde,a7249577ebdd,
England,E12000008,E07000210,Mole Valley,MOLVA_3b2ffba0fbf2,908c6e8e122d,
England,E12000008,E07000210,Mole Valley,MOLVA_b53125e735de,da1aedfd0cd0,
England,E12000008,E07000210,Mole Valley,MOLVA_fc91fb3bae8f,8e1ccc5c6344,
England,E12000008,E07000210,Mole Valley,MOLVA_36ee45f0636e,2c87a3034dea,
England,E12000008,E07000210,Mole Valley,MOLVA_959c12422367,2ec3abd0c0ff,
England,E12000008,E07000210,Mole Valley,MOLVA_cfff005bd7f3,7459fb050365,
England,E12000008,E07000210,Mole Valley,MOLVA_d3d814940c0b,681fcbe563c7,
England,E12000008,E07000210,Mole Valley,MOLVA_8f40195c81a4,359a85bd54bb,
England,E12000008,E07000210,Mole Valley,MOLVA_a360174dcb94,ffaeb5e5c60d,
England,E12000008,E07000210,Mole Valley,MOLVA_5a09f968ed90,0fb4cbdd8f38,
England,E12000008,E07000210,Mole Valley,MOLVA_858adae8cb5b,23f51bf4f12e,
England,E12000008,E07000210,Mole Valley,MOLVA_fe1eedfb83cb,772666a2f24c,
England,E12000008,E07000210,Mole Valley,MOLVA_ee47214b6ab1,dbb5f3549cc5,
England,E12000008,E07000210,Mole Valley,MOLVA_f8d02d2a8a47,26f45758c56b,
England,E12000008,E07000210,Mole Valley,MOLVA_ae33c09acf16,c9ff760189ff,
England,E12000008,E07000210,Mole Valley,MOLVA_35c35a4be1ed,947485162031,
England,E12000008,E07000210,Mole Valley,MOLVA_1c957db518de,19c93c7cf841,
England,E12000008,E07000210,Mole Valley,MOLVA_844c606b4278,4a6995c9278b,
England,E12000008,E07000210,Mole Valley,MOLVA_e03dc8664143,a2d397482db8,
England,E12000008,E07000210,Mole Valley,MOLVA_c5b319b98fa9,39240b41672f,
England,E12000008,E07000210,Mole Valley,MOLVA_7df38a5e79c5,dfd41b27b379,
England,E12000008,E07000210,Mole Valley,MOLVA_885231581bb2,a5e66ef40271,
England,E12000008,E07000210,Mole Valley,MOLVA_816d05e14ea8,50393b597a06,
England,E12000008,E07000210,Mole Valley,MOLVA_0292487786e2,aba6e62e7015,
England,E12000008,E07000210,Mole Valley,MOLVA_7a939b952da5,8b10bf5b9d1d,
England,E12000008,E07000210,Mole Valley,MOLVA_100500f06259,b2bfe61fe982,
England,E12000008,E07000210,Mole Valley,MOLVA_3d14a5488a0b,6bde4c8c5f02,
England,E12000008,E07000210,Mole Valley,MOLVA_b955749b1f10,559fd3118a1b,
England,E12000008,E07000210,Mole Valley,MOLVA_3db085da13e1,cab8dc7c819b,
England,E12000008,E07000210,Mole Valley,MOLVA_77504b82c50d,d41e2256760c,
England,E12000008,E07000210,Mole Valley,MOLVA_2f26157a0769,f6c810e11066,
England,E12000008,E07000210,Mole Valley,MOLVA_67d63ffbc420,eb5b2e972416,
England,E12000008,E07000210,Mole Valley,MOLVA_4d1a561488a4,bae75a38294e,
England,E12000008,E07000210,Mole Valley,MOLVA_a363b1f059d1,2479f14df9c0,
England,E12000008,E07000210,Mole Valley,MOLVA_b539ec46f593,2f829aba14ed,
England,E12000008,E07000210,Mole Valley,MOLVA_494fed56d639,c08d7e23e45b,
England,E12000008,E07000210,Mole Valley,MOLVA_2851a31f85ad,8b9f8fa75653,
England,E12000008,E07000210,Mole Valley,MOLVA_6343e5550872,f6cd2b2e5a7c,
England,E12000008,E07000210,Mole Valley,MOLVA_5a8069d12c85,f92d0222b569,
England,E12000008,E07000210,Mole Valley,MOLVA_ea825526907d,fc956dec4004,
England,E12000008,E07000210,Mole Valley,MOLVA_648ac3453c32,ec52f0ba8da8,
England,E12000008,E07000210,Mole Valley,MOLVA_d80c9ca409ed,5c951791aa5d,
England,E12000008,E07000210,Mole Valley,MOLVA_ba73fa56ce2e,d81d47e3c78c,
England,E12000008,E07000210,Mole Valley,MOLVA_ae4ffc2cb22f,93387136dc8d,
England,E12000008,E07000210,Mole Valley,MOLVA_e8fe884d5e0b,98e357103d42,
England,E12000008,E07000210,Mole Valley,MOLVA_06058226b333,f8fc850ca7cd,
England,E12000008,E07000210,Mole Valley,MOLVA_b66ebe99d5ff,d43c1c1a360a,
England,E12000008,E07000210,Mole Valley,MOLVA_3036442b5a47,31505465f6d7,
England,E12000008,E07000210,Mole Valley,MOLVA_3f1dfa5d693c,e40c16c832c1,
England,E12000008,E07000210,Mole Valley,MOLVA_a7fbbe9b1bbd,81f899357652,
England,E12000008,E07000210,Mole Valley,MOLVA_33b41d41d477,9706a47e563d,
England,E12000008,E07000210,Mole Valley,MOLVA_cc30a264f7de,70e53c3c179d,
England,E12000008,E07000210,Mole Valley,MOLVA_2ace4113889f,642d9a0f6d01,
England,E12000008,E07000210,Mole Valley,MOLVA_9da5d6f888cd,86152086bb98,
England,E12000008,E07000210,Mole Valley,MOLVA_9d5cef8f91d0,b832d0dcc9a0,
England,E12000008,E07000210,Mole Valley,MOLVA_4b0330387488,e1bd8eb934f7,
England,E12000008,E07000210,Mole Valley,MOLVA_87491073d138,c887e44764f8,
England,E12000008,E07000210,Mole Valley,MOLVA_c34f76c6372a,f11c192d9a80,
England,E12000008,E07000210,Mole Valley,MOLVA_d3ffe8480a6d,007a9f80896b,
England,E12000008,E07000210,Mole Valley,MOLVA_0f9bb7787db5,591aa9a034f0,
England,E12000008,E07000210,Mole Valley,MOLVA_641d4aab16bf,53b95330f19b,
England,E12000008,E07000210,Mole Valley,MOLVA_bb9072c26b80,7b53cb990251,
England,E12000008,E07000210,Mole Valley,MOLVA_39a6f953a4e9,0cff64925a2c,
England,E12000008,E07000210,Mole Valley,MOLVA_eebdac370c8a,ea19892e5b0a,
England,E12000008,E07000210,Mole Valley,MOLVA_ebad9fd0128b,8d0e2e3c9b28,
England,E12000008,E07000210,Mole Valley,MOLVA_ce2100446944,16573eed499e,
England,E12000008,E07000210,Mole Valley,MOLVA_15ce41c8074f,2bb092a83560,
England,E12000008,E07000210,Mole Valley,MOLVA_ea94f8a2d494,7405202fd7ba,
England,E12000008,E07000210,Mole Valley,MOLVA_7fd3a05b9fb4,312e2a4a8fb2,
England,E12000008,E07000210,Mole Valley,MOLVA_564f74419290,92c890764afc,
England,E12000008,E07000210,Mole Valley,MOLVA_20091ab75498,7b85f032937e,
England,E12000008,E07000210,Mole Valley,MOLVA_da4e80b6279d,6b64f1f67807,
England,E12000008,E07000210,Mole Valley,MOLVA_58e09929784d,1707c52e5839,
England,E12000008,E07000210,Mole Valley,MOLVA_0ff018947096,cb8b985ceeef,
England,E12000008,E07000210,Mole Valley,MOLVA_847b942eb779,06d37319d4e1,
England,E12000008,E07000210,Mole Valley,MOLVA_fd510199a0d9,f9ba69748bef,
England,E12000008,E07000210,Mole Valley,MOLVA_3f0dc8ad6e88,6ebf3a300787,
England,E12000008,E07000210,Mole Valley,MOLVA_6884fb6820ca,0a05cecdc576,
England,E12000008,E07000210,Mole Valley,MOLVA_063f2abcbe45,4101e56729b4,
England,E12000008,E07000210,Mole Valley,MOLVA_cde5ffc7e0da,98fbb7d6192e,
England,E12000008,E07000210,Mole Valley,MOLVA_db641797c60b,5c727e79f8b2,
England,E12000008,E07000210,Mole Valley,MOLVA_5f5d78d6693b,8a0d7534f4b4,
England,E12000008,E07000210,Mole Valley,MOLVA_6a8198ac0f50,5d4277fd71cb,
England,E12000008,E07000210,Mole Valley,MOLVA_bdc25d01659a,d05c82b045fb,
England,E12000008,E07000210,Mole Valley,MOLVA_87c5f3589359,dbae679a9dad,
England,E12000008,E07000210,Mole Valley,MOLVA_110b2c1b0d0f,26a0ada157af,
England,E12000008,E07000210,Mole Valley,MOLVA_bd9d9542298c,f37c8ff0909c,
England,E12000008,E07000210,Mole Valley,MOLVA_0e59a42346c1,f708e178fd7f,
England,E12000008,E07000210,Mole Valley,MOLVA_3552b824a4f6,4959f9fe0781,
England,E12000008,E07000210,Mole Valley,MOLVA_07211602f4d0,f63eaa6e2a0d,
England,E12000008,E07000210,Mole Valley,MOLVA_abaf26fa29b6,84e9466c8b75,
England,E12000008,E07000210,Mole Valley,MOLVA_2b2e25714500,426886d336cf,
England,E12000008,E07000210,Mole Valley,MOLVA_5ea20a0408b4,017ef3735b50,
England,E12000008,E07000210,Mole Valley,MOLVA_c04c66c9ab99,12f7a8943bad,
England,E12000008,E07000210,Mole Valley,MOLVA_f74948e6da95,3c4bc0feea11,
England,E12000008,E07000210,Mole Valley,MOLVA_c9ed887b8caf,c89134fc55ea,
England,E12000008,E07000210,Mole Valley,MOLVA_cb9fa05ce281,a4670775d2e7,
England,E12000008,E07000210,Mole Valley,MOLVA_e49ebb33c7a2,f21b280b558b,
England,E12000008,E07000210,Mole Valley,MOLVA_f4312ec26680,af32b296e07e,
England,E12000008,E07000210,Mole Valley,MOLVA_82d23ce6ef7d,9ddc13f0be02,
England,E12000008,E07000210,Mole Valley,MOLVA_707a5cfcebaf,67ec43c891b1,
England,E12000008,E07000210,Mole Valley,MOLVA_6e5d042f3811,94ddeebae4d8,
England,E12000008,E07000210,Mole Valley,MOLVA_b0fa8c3bab36,2bafc1d73c26,
England,E12000008,E07000210,Mole Valley,MOLVA_f1ba6cb7bc60,25f1f0c35a21,
England,E12000008,E07000210,Mole Valley,MOLVA_2f1449637ec6,173ddb0e93d3,
England,E12000008,E07000210,Mole Valley,MOLVA_a614fcdff253,2ed3e85a6d07,
England,E12000008,E07000210,Mole Valley,MOLVA_ce375bc88b94,648719c64416,
England,E12000008,E07000210,Mole Valley,MOLVA_e66a76428091,fafd48a71934,
England,E12000008,E07000210,Mole Valley,MOLVA_1525f82357dc,bc4693f36b3a,
England,E12000008,E07000210,Mole Valley,MOLVA_00b25d1fbf07,939a787c370b,
England,E12000008,E07000210,Mole Valley,MOLVA_036fe01bab60,ce70a3ed6382,
England,E12000008,E07000210,Mole Valley,MOLVA_4d0aed3e45d8,efe962e85768,
England,E12000008,E07000210,Mole Valley,MOLVA_a870c08519d0,d0cd6cb9c28d,
England,E12000008,E07000210,Mole Valley,MOLVA_316ad58e9906,65039ba288e9,
England,E12000008,E07000210,Mole Valley,MOLVA_fe816d218b56,187ea478b5de,
England,E12000008,E07000210,Mole Valley,MOLVA_50c7dc2d44e3,9f8d7d0095d5,
England,E12000008,E07000210,Mole Valley,MOLVA_5c711718349b,7abf0aa27597,
England,E12000008,E07000210,Mole Valley,MOLVA_aec17e36bf17,65c715de43eb,
England,E12000008,E07000210,Mole Valley,MOLVA_8b717106dc2b,cd4afa1056af,
England,E12000008,E07000210,Mole Valley,MOLVA_7b631a1a447b,436e4335831a,
England,E12000008,E07000210,Mole Valley,MOLVA_82a48c860a22,01851141a875,
England,E12000008,E07000210,Mole Valley,MOLVA_6fe3c15ff80f,527385777b6c,
England,E12000008,E07000210,Mole Valley,MOLVA_a296765b6cac,77d9549c8ac0,
England,E12000008,E07000210,Mole Valley,MOLVA_c31072fbe8d2,6d0ed923e110,
England,E12000008,E07000210,Mole Valley,MOLVA_2c5643f6fe26,5f61bc751be4,
England,E12000008,E07000210,Mole Valley,MOLVA_8301eef1c56b,1c054cab18b6,
England,E12000008,E07000210,Mole Valley,MOLVA_5fae8681acc3,4f1d23467b48,
England,E12000008,E07000210,Mole Valley,MOLVA_ca0c72675066,7cda8320d648,
England,E12000008,E07000210,Mole Valley,MOLVA_e53873454425,433cef6e370d,
England,E12000008,E07000210,Mole Valley,MOLVA_713d8b0d8747,d6737b831468,
England,E12000008,E07000210,Mole Valley,MOLVA_78a788f34950,2a0bf20ee292,
England,E12000008,E07000210,Mole Valley,MOLVA_9c7ec6f0557a,24b944d68d32,
England,E12000008,E07000210,Mole Valley,MOLVA_4f420fc69a85,adcaa44b5c31,
England,E12000008,E07000210,Mole Valley,MOLVA_4b5a1d5d88c7,8d5f208ba8fb,
England,E12000008,E07000210,Mole Valley,MOLVA_aa5f47195cd9,a59cf935d34a,
England,E12000008,E07000210,Mole Valley,MOLVA_096666d463a7,ff6091d47800,
England,E12000008,E07000210,Mole Valley,MOLVA_a7a1cc7dbc28,8c49b80d27fa,
England,E12000008,E07000210,Mole Valley,MOLVA_1910d781487a,b0f7f0d01d60,
England,E12000008,E07000210,Mole Valley,MOLVA_bd1e567622fb,78f028ec35a5,
England,E12000008,E07000210,Mole Valley,MOLVA_fb4ef5cea561,0352e7d43e3a,
England,E12000008,E07000210,Mole Valley,MOLVA_ee612866cd23,4ab3943dd693,
England,E12000008,E07000210,Mole Valley,MOLVA_a97ee06bfe9f,7ea49bc1aa66,
England,E12000008,E07000210,Mole Valley,MOLVA_90083478495c,a8ec45dd161e,
England,E12000008,E07000210,Mole Valley,MOLVA_5a2d719aa676,4a26f12cbf82,
England,E12000008,E07000210,Mole Valley,MOLVA_0120de84dc43,a82cd40c926c,
England,E12000008,E07000210,Mole Valley,MOLVA_c026fdcc4132,8347aca1e265,
England,E12000008,E07000210,Mole Valley,MOLVA_637fde8601be,227e45ed3530,
England,E12000008,E07000210,Mole Valley,MOLVA_a1bedf23e192,abd7928b95e5,
England,E12000008,E07000210,Mole Valley,MOLVA_6f8e4ccc22b1,b851b0f594aa,
England,E12000008,E07000210,Mole Valley,MOLVA_94891c5bc636,2184139bea47,
England,E12000008,E07000210,Mole Valley,MOLVA_560689f7de5d,b726d4a1e5e9,
England,E12000008,E07000210,Mole Valley,MOLVA_67224c87e13e,a85de32f67ed,
England,E12000008,E07000210,Mole Valley,MOLVA_622c5a36e91e,c05b37dac015,
England,E12000008,E07000210,Mole Valley,MOLVA_74be6a57fe7a,1f4cb42d1f85,
England,E12000008,E07000210,Mole Valley,MOLVA_8607fe54300a,194b447bde7b,
England,E12000008,E07000210,Mole Valley,MOLVA_d27a90079d52,244c4818e0d1,
England,E12000008,E07000210,Mole Valley,MOLVA_8c73e648a0c1,624f98ed97f8,
England,E12000008,E07000210,Mole Valley,MOLVA_e7977ebbcc65;MOLVA_d0e810cb9f33,b96203082a14,
England,E12000008,E07000210,Mole Valley,MOLVA_54eeb91bc270,fc56bc56510d,
England,E12000008,E07000210,Mole Valley,MOLVA_52e3307a9f6f,345d8491c81c,
England,E12000008,E07000210,Mole Valley,MOLVA_4e9aba72f567,062ad8e53c4e,
England,E12000008,E07000210,Mole Valley,MOLVA_a9d2e964954c,d688a29a64c0,
England,E12000008,E07000210,Mole Valley,MOLVA_ffaf382aad9d,cac28efd8776,
England,E12000008,E07000210,Mole Valley,MOLVA_64c0d90d3112,f08be8936fc1,
England,E12000008,E07000210,Mole Valley,MOLVA_28d9e73a13b6,ecee3fb182a7,
England,E12000008,E07000210,Mole Valley,MOLVA_214b1d3f6916,cfa10143e326,
England,E12000008,E07000210,Mole Valley,MOLVA_cf3fed60e221,72058c241d9c,
England,E12000008,E07000210,Mole Valley,MOLVA_fb80a961e71c,fce29f6f0db0,
England,E12000008,E07000210,Mole Valley,MOLVA_128ec723ab6e,f7e771dc4687,
England,E12000008,E07000210,Mole Valley,MOLVA_f7a4300a2f91,49b5551cd101,
England,E12000008,E07000210,Mole Valley,MOLVA_81e477298534,acf2467227e0,
England,E12000008,E07000210,Mole Valley,MOLVA_c69a93bc7ac1,d3265bacd8a4,
England,E12000008,E07000210,Mole Valley,MOLVA_272d8dda6b35,97c37cb55aac,
England,E12000008,E07000210,Mole Valley,MOLVA_0ef5fe8e9350,3bc1b6ec49c7,
England,E12000008,E07000210,Mole Valley,MOLVA_5fb3a870d552,96dff7784874,
England,E12000008,E07000210,Mole Valley,MOLVA_b12074880938,1f9228d6fe6c,
England,E12000008,E07000210,Mole Valley,MOLVA_eab755cd0436,89746651275e,
England,E12000008,E07000210,Mole Valley,MOLVA_b303abbdd6ca,d4f8ebbe4c77,
England,E12000008,E07000210,Mole Valley,MOLVA_0f6d7dac85a2;MOLVA_7f53eb20b828,e96131fd09c7,
England,E12000008,E07000210,Mole Valley,MOLVA_cc741df5626e,b4c97a57956e,
England,E12000008,E07000210,Mole Valley,MOLVA_2b9a9f06a85d,a2130232d669,
England,E12000008,E07000210,Mole Valley,MOLVA_c7304581c453,b99c103638e6,
England,E12000008,E07000210,Mole Valley,MOLVA_fbfd79a3e98f,d143609a749c,
England,E12000008,E07000210,Mole Valley,MOLVA_b2005805fe87,9dfd7bad217f,
England,E12000008,E07000210,Mole Valley,MOLVA_5b7fb2cad484,85c218fc2e7a,
England,E12000008,E07000210,Mole Valley,MOLVA_44cc477dd3e0,64e4800dd6ff,
England,E12000008,E07000210,Mole Valley,MOLVA_8830c9d347b9,e4e2bdd5175b,
England,E12000008,E07000210,Mole Valley,MOLVA_58aa3968ae5e,2cb489cc9b4f,
England,E12000008,E07000210,Mole Valley,MOLVA_78429035745c,514c55eee3a3,
England,E12000008,E07000210,Mole Valley,MOLVA_1562260e2367,afe9995b89e7,
England,E12000008,E07000210,Mole Valley,MOLVA_e2ba3d1b048e,ccb66a6e59ec,
England,E12000008,E07000210,Mole Valley,MOLVA_49ec868f7411,46ae640ae839,
England,E12000008,E07000210,Mole Valley,MOLVA_c96faa8a9c4e,6277a94deaf0,
England,E12000008,E07000210,Mole Valley,MOLVA_56f7e5792827,83ae06c2f11b,
England,E12000008,E07000210,Mole Valley,MOLVA_8ca54a0c2978,6b604537c94b,
England,E12000008,E07000210,Mole Valley,MOLVA_e972e5f01569,0b29c9faf883,
England,E12000008,E07000210,Mole Valley,MOLVA_069456e0e4b9,fb7bb06497fe,
England,E12000008,E07000210,Mole Valley,MOLVA_abd3ba89514f,5b68350b3234,
England,E12000008,E07000210,Mole Valley,MOLVA_a84b70d6b4f0,a6f1acb12567,
England,E12000008,E07000210,Mole Valley,MOLVA_3c7b67425222,4c868f7c3b9b,
England,E12000008,E07000210,Mole Valley,MOLVA_c98a526df158,38a1d16dc0ed,
England,E12000008,E07000210,Mole Valley,MOLVA_edd1411abb74,f44667e1d60a,
England,E12000008,E07000210,Mole Valley,MOLVA_a4eadd62fb5a,88d8d5dd9689,
England,E12000008,E07000210,Mole Valley,MOLVA_16b82dc72ab1,803c29471c1c,
England,E12000008,E07000210,Mole Valley,MOLVA_5ed62cd83179,5c8d72c331ad,
England,E12000008,E07000210,Mole Valley,MOLVA_878add617b85,d4c469c51cb9,
England,E12000008,E07000210,Mole Valley,MOLVA_4cc8f77ae9e6,8328faa48092,
England,E12000008,E07000210,Mole Valley,MOLVA_71abc7a9a2ca,12a2ec1518c9,
England,E12000008,E07000210,Mole Valley,MOLVA_0614e92f087e,6290805479fd,
England,E12000008,E07000210,Mole Valley,MOLVA_60da2e1bedaf,ff6645bfb32c,
England,E12000008,E07000210,Mole Valley,MOLVA_e15a1922c97e,0760e0f6839d,
England,E12000008,E07000210,Mole Valley,MOLVA_dc4e239557dd,8a8446c9a0de,
England,E12000008,E07000210,Mole Valley,MOLVA_2b3ab9631527,acc99fcdcfc4,
England,E12000008,E07000210,Mole Valley,MOLVA_eef7b39bb2ba,5e35fe79fb6a,
England,E12000008,E07000210,Mole Valley,MOLVA_1f8b0807f440,f1e851d6cc3d,
England,E12000008,E07000210,Mole Valley,MOLVA_76283c0799a1,9f4dea7752e8,
England,E12000008,E07000210,Mole Valley,MOLVA_d0495e4bfcf4,7fadb2c53c3c,
England,E12000008,E07000210,Mole Valley,MOLVA_8f16a07969a0,698c21206084,
England,E12000008,E07000210,Mole Valley,MOLVA_949c9bf5e834,b84be0d9bd94,
England,E12000008,E07000210,Mole Valley,MOLVA_5e9287e45c53,dd59040796e0,
England,E12000008,E07000210,Mole Valley,MOLVA_e40c9bce9378,f2aab37f6732,
England,E12000008,E07000210,Mole Valley,MOLVA_dae1e2770453,1707bb6d6d02,
England,E12000008,E07000210,Mole Valley,MOLVA_66f07a1aef5b,3dca7f4281d5,
England,E12000008,E07000210,Mole Valley,MOLVA_28da624b6bcf,a3612afd24d9,
England,E12000008,E07000210,Mole Valley,MOLVA_2350b6cad2f8,93c0ba12bc70,
England,E12000008,E07000210,Mole Valley,MOLVA_2cd0af4f12e3,4c7e564709f5,
England,E12000008,E07000210,Mole Valley,MOLVA_a40145726fab,6f96b0dc018d,
England,E12000008,E07000210,Mole Valley,MOLVA_7bbfa939544b,240acbab6a3c,
England,E12000008,E07000210,Mole Valley,MOLVA_ae3e4526fb72,292364880bfe,
England,E12000008,E07000210,Mole Valley,MOLVA_7522f84f883b,1030a1fa16a5,
England,E12000008,E07000210,Mole Valley,MOLVA_cadb501c288b,5e645b8bf584,
England,E12000008,E07000210,Mole Valley,MOLVA_4b55dceae182,b6ef81a968b8,
England,E12000008,E07000210,Mole Valley,MOLVA_8b78184cde72,bdc5fa9dfd51,
England,E12000008,E07000210,Mole Valley,MOLVA_66b6cbff78a3,6463c6b5083c,
England,E12000008,E07000210,Mole Valley,MOLVA_7e17a07124cd,68df8718440e,
England,E12000008,E07000210,Mole Valley,MOLVA_e350024f7ae2,3a8c039d00d8,
England,E12000008,E07000210,Mole Valley,MOLVA_92314caae114,727a7f837968,
England,E12000008,E07000210,Mole Valley,MOLVA_a550a8f24266,2c951c9c3f89,
England,E12000008,E07000210,Mole Valley,MOLVA_962f688a66db,dace63e2a8b0,
England,E12000008,E07000210,Mole Valley,MOLVA_c9c597bfa2c0,a2c5e4cf66ca,
England,E12000008,E07000210,Mole Valley,MOLVA_26cb4e24461d,ec1dbf2ee682,
England,E12000008,E07000210,Mole Valley,MOLVA_0c7607a735ca,8e49998c4b81,
England,E12000008,E07000210,Mole Valley,MOLVA_fd510b44d9a7,db8988d65534,
England,E12000008,E07000210,Mole Valley,MOLVA_78c744a73cb6,20a8c0c8d4ce,
England,E12000008,E07000210,Mole Valley,MOLVA_d4968a95d3e1,16c2b4e00767,
England,E12000008,E07000210,Mole Valley,MOLVA_b7c419bebc58,cc4ab2a0b7b5,
England,E12000008,E07000210,Mole Valley,MOLVA_fc453ff09e09,cf06655fbb9e,
England,E12000008,E07000210,Mole Valley,MOLVA_4c254d5cd6d1,6f2a8eaace00,
England,E12000008,E07000210,Mole Valley,MOLVA_b1b28fe9e399,50890b3720a5,
England,E12000008,E07000210,Mole Valley,MOLVA_59f8e01362d0,4937738290c6,
England,E12000008,E07000210,Mole Valley,MOLVA_9438a0d4df73,e8b3e62a3ab7,
England,E12000008,E07000210,Mole Valley,MOLVA_1fb391779916,b19d3e056568,
England,E12000008,E07000210,Mole Valley,MOLVA_57c0442a4fe9,93b93651edfd,
England,E12000008,E07000210,Mole Valley,MOLVA_42188fab4059,273284068fa6,
England,E12000008,E07000210,Mole Valley,MOLVA_b903fea77f45,f52ef55b776b,
England,E12000008,E07000210,Mole Valley,MOLVA_265485ca2a71,b7496905bc51,
England,E12000008,E07000210,Mole Valley,MOLVA_b319b97c08bc,a0bd189bab97,
England,E12000008,E07000210,Mole Valley,MOLVA_acb5249038e2,78ad0b6ffe09,
England,E12000008,E07000210,Mole Valley,MOLVA_d56d74c6d360,a739d570a8b6,
England,E12000008,E07000210,Mole Valley,MOLVA_626b26da4c61,f14fa8c8a234,
England,E12000008,E07000210,Mole Valley,MOLVA_26cc1cb8ee95,ee6fb37db36f,
England,E12000008,E07000210,Mole Valley,MOLVA_d8d7bce51dee,21365e0ee5a2,
England,E12000008,E07000210,Mole Valley,MOLVA_5e777977ef9c,dbaef432c0ee,
England,E12000008,E07000210,Mole Valley,MOLVA_6f4cc1160ba6,bf049604d088,
England,E12000008,E07000210,Mole Valley,MOLVA_03b3362aa77b,eea0c6076a3e,
England,E12000008,E07000210,Mole Valley,MOLVA_a85fd1e9e7a7,9a9a2f915cf8,
England,E12000008,E07000210,Mole Valley,MOLVA_d9ffa48442cf,fa7ffef5cad5,
England,E12000008,E07000210,Mole Valley,MOLVA_63ec57a9ee73,d3e178bee21e,
England,E12000008,E07000210,Mole Valley,MOLVA_b508ed4a55c7,5a7235e661cf,
England,E12000008,E07000210,Mole Valley,MOLVA_a1ea37921ff1,a3748750c9b3,
England,E12000008,E07000210,Mole Valley,MOLVA_c4a1e1500266,b192d395f119,
England,E12000008,E07000210,Mole Valley,MOLVA_e3c0e6bbd609,0046c950aab6,
England,E12000008,E07000210,Mole Valley,MOLVA_3adaf421c30c,e8b1977b9a9f,
England,E12000008,E07000210,Mole Valley,MOLVA_68052ad3b375,cb49360807ee,
England,E12000008,E07000210,Mole Valley,MOLVA_9cb26fd48ac8,713214db4d76,
England,E12000008,E07000210,Mole Valley,MOLVA_b043fe660f6e,4a51f54e9c58,
England,E12000008,E07000210,Mole Valley,MOLVA_3423f650b5e1,73b930e862a0,
England,E12000008,E07000210,Mole Valley,MOLVA_0d17c768217a,b48bc068ff9b,
England,E12000008,E07000210,Mole Valley,MOLVA_6133f1582dad,4f28c5fc5338,
England,E12000008,E07000210,Mole Valley,MOLVA_c92a24dcacf6,d2a0480a26a9,
England,E12000008,E07000210,Mole Valley,MOLVA_48efc5e4743f,3b6ad7fcbcd4,
England,E12000008,E07000210,Mole Valley,MOLVA_a2fc31146540,50038f5614ef,
England,E12000008,E07000210,Mole Valley,MOLVA_a63384ce2568,a70547b86e59,
England,E12000008,E07000210,Mole Valley,MOLVA_80913ec4cfee,f7c9b2b47caf,
England,E12000008,E07000210,Mole Valley,MOLVA_8bf1e2752341,0d4dc79fbfc4,
England,E12000008,E07000210,Mole Valley,MOLVA_e3515df186f8,b85b6fc76dd5,
England,E12000008,E07000210,Mole Valley,MOLVA_8e633370e1f2,3637579f00ae,
England,E12000008,E07000210,Mole Valley,MOLVA_2d303fccd121,f1e37c4787c6,
England,E12000008,E07000210,Mole Valley,MOLVA_104b00cdee80,c28d6900b134,
England,E12000008,E07000210,Mole Valley,MOLVA_1fd27f3d2953,47380745daab,
England,E12000008,E07000210,Mole Valley,MOLVA_484958b6efc0,01bb1183c2d0,
England,E12000008,E07000210,Mole Valley,MOLVA_e00ac32fe911,5a548eb1b034,
England,E12000008,E07000210,Mole Valley,MOLVA_723338add79f;MOLVA_c25a8142f61e,d341806017d5,
England,E12000008,E07000210,Mole Valley,MOLVA_93461a30ce51,e9a13e68de51,
England,E12000008,E07000210,Mole Valley,MOLVA_70a333ba219b,fea5af2e4d79,
England,E12000008,E07000210,Mole Valley,MOLVA_e953afa4cf3a,8a7dfc808dcd,
England,E12000008,E07000210,Mole Valley,MOLVA_89dfadaf873b,57d09d3d8c97,
England,E12000008,E07000210,Mole Valley,MOLVA_df29c841a580,fd161b155b47,
England,E12000008,E07000210,Mole Valley,MOLVA_50e501662828,a1ae1824c99f,
England,E12000008,E07000210,Mole Valley,MOLVA_71195c58154d,1531fabf93a1,
England,E12000008,E07000210,Mole Valley,MOLVA_769d32447ee8,fe2fc6ca4685,
England,E12000008,E07000210,Mole Valley,MOLVA_528f48d93df7,5aa69c154b7f,
England,E12000008,E07000210,Mole Valley,MOLVA_ab2a2695ef44,fd837bca377b,
England,E12000008,E07000210,Mole Valley,MOLVA_124e377eac0c,bc6c94628516,
England,E12000008,E07000210,Mole Valley,MOLVA_2fc4df6006cc,4e9d6ea92b67,
England,E12000008,E07000210,Mole Valley,MOLVA_3c7f4298c3b7,5f843d60fc40,
England,E12000008,E07000210,Mole Valley,MOLVA_35451b7e3005,5559a2ef8558,
England,E12000008,E07000210,Mole Valley,MOLVA_edd25315812d,c10c6dcaed1a,
England,E12000008,E07000210,Mole Valley,MOLVA_bd45e80cffe4,07b72acb65d5,
England,E12000008,E07000210,Mole Valley,MOLVA_a431d35fd94b,224b52192c6c,
England,E12000008,E07000210,Mole Valley,MOLVA_9461a27c852b,84325ef9b23c,
England,E12000008,E07000210,Mole Valley,MOLVA_05890745b840,58eb53a323cc,
England,E12000008,E07000210,Mole Valley,MOLVA_e30a80fa52e2,3336c9d6f145,
England,E12000008,E07000210,Mole Valley,MOLVA_9d980e7b563b,5c9bceb436ba,
England,E12000008,E07000210,Mole Valley,MOLVA_81c89908b1a3,8e693fa046e2,
England,E12000008,E07000210,Mole Valley,MOLVA_96b97f00b81e,daa9fc80cde3,
England,E12000008,E07000210,Mole Valley,MOLVA_8d21a815d247,a03c5aae1546,
England,E12000008,E07000210,Mole Valley,MOLVA_2cd2bb39b2be,1effe144645c,
England,E12000008,E07000210,Mole Valley,MOLVA_3320dc1921e3,1f93cad1af3d,
England,E12000008,E07000210,Mole Valley,MOLVA_704394f5fe17,3ec14d5eca7e,
England,E12000008,E07000210,Mole Valley,MOLVA_473acbb537ed,38b0b852acd3,
England,E12000008,E07000210,Mole Valley,MOLVA_efe72ba88196,0e7e5a964d92,
England,E12000008,E07000210,Mole Valley,MOLVA_939c6d3d6822,8c5a4c49da6a,
England,E12000008,E07000210,Mole Valley,MOLVA_04a0ea0c94af,f902f0b0405d,
England,E12000008,E07000210,Mole Valley,MOLVA_f979faed4c26,10376cdfb8ab,
England,E12000008,E07000210,Mole Valley,MOLVA_a4dac6347572,3220bfa73313,
England,E12000008,E07000210,Mole Valley,MOLVA_83c9aa325931,f22df125411a,
England,E12000008,E07000210,Mole Valley,MOLVA_4a98699f648c,b4e4750adf28,
England,E12000008,E07000210,Mole Valley,MOLVA_3fd5af0058d3,da340164012c,
England,E12000008,E07000210,Mole Valley,MOLVA_e03b4ccd4de5,e25ff4840c62,
England,E12000008,E07000210,Mole Valley,MOLVA_348d5cc76d88,9521dd0378ce,
England,E12000008,E07000210,Mole Valley,MOLVA_8079a8d75044,2d9880f4d6de,
England,E12000008,E07000210,Mole Valley,MOLVA_20f496f9cea1,421d4c6c18dc,
England,E12000008,E07000210,Mole Valley,MOLVA_f92a690391d0,67ca4a47d821,
England,E12000008,E07000210,Mole Valley,MOLVA_fa87ad58243b,20bd0dce9058,
England,E12000008,E07000210,Mole Valley,MOLVA_5d15594830d4,892dd6126a9c,
England,E12000008,E07000210,Mole Valley,MOLVA_086d6062a02f,6570dadd9ff2,
England,E12000008,E07000210,Mole Valley,MOLVA_5153c84f09c0,170ed709bd19,
England,E12000008,E07000210,Mole Valley,MOLVA_6c6fc5adb03a,67e8ca3860c5,
England,E12000008,E07000210,Mole Valley,MOLVA_6d2d64cc94c3,799365e51057,
England,E12000008,E07000210,Mole Valley,MOLVA_7bd57faddea9,adfaa0f5b6d8,
England,E12000008,E07000210,Mole Valley,MOLVA_4e51db70206d,e6cafc2c638c,
England,E12000008,E07000210,Mole Valley,MOLVA_4249d8204d67,db3675023262,
England,E12000008,E07000210,Mole Valley,MOLVA_68a18f7919e4,7c68704be6f7,
England,E12000008,E07000210,Mole Valley,MOLVA_1e5c6e01e824,1f4d0cc65ee1,
England,E12000008,E07000210,Mole Valley,MOLVA_23807fda792e,95d15e4355b5,
England,E12000008,E07000210,Mole Valley,MOLVA_2faf4b46daee,3dc94a7f9f45,
England,E12000008,E07000210,Mole Valley,MOLVA_20b3f3a8e32b,325615b98750,
England,E12000008,E07000210,Mole Valley,MOLVA_5ce7bc532f12,680a3fdc1e69,
England,E12000008,E07000210,Mole Valley,MOLVA_592ccbe334cb,7d55f6f716d4,
England,E12000008,E07000210,Mole Valley,MOLVA_c534859ef1e1,8af54ab7b4a5,
England,E12000008,E07000210,Mole Valley,MOLVA_af94884b484d,a73557ce3158,
England,E12000008,E07000210,Mole Valley,MOLVA_ef9e3bf47697,8ff7f57c25ab,
England,E12000008,E07000210,Mole Valley,MOLVA_885a36178407,396b79acb435,
England,E12000008,E07000210,Mole Valley,MOLVA_5049d6e01b6e,127b9addcdc1,
England,E12000008,E07000210,Mole Valley,MOLVA_8af701f7ba06,28e49107caff,
England,E12000008,E07000210,Mole Valley,MOLVA_d2faeb4e1da8,182b4f1789be,
England,E12000008,E07000210,Mole Valley,MOLVA_036f694e9705,ab7e795b966e,
England,E12000008,E07000210,Mole Valley,MOLVA_3ae040d070c7,74f812d8be30,
England,E12000008,E07000210,Mole Valley,MOLVA_9aa66472adb6,9c138de074c4,
England,E12000008,E07000210,Mole Valley,MOLVA_7d16e01b2eb8,49c6634bf6d7,
England,E12000008,E07000210,Mole Valley,MOLVA_0ae3eea05550,8a99aff690f8,
England,E12000008,E07000210,Mole Valley,MOLVA_ef5b50512b8e,b8fb5c491371,
England,E12000008,E07000210,Mole Valley,MOLVA_5831fb476eaa,def6d64c4d90,
England,E12000008,E07000210,Mole Valley,MOLVA_6a8f679ec576,50ea97fe7cb4,
England,E12000008,E07000210,Mole Valley,MOLVA_73bcff855199,4ab5451aacce,
England,E12000008,E07000210,Mole Valley,MOLVA_000986604252,d0d8f2ff64f2,
England,E12000008,E07000210,Mole Valley,MOLVA_fde4d19f0c97,1a528d72e0ef,
England,E12000008,E07000210,Mole Valley,MOLVA_b8daeea153ac,dfa64215934b,
England,E12000008,E07000210,Mole Valley,MOLVA_6200666f993d,39ec999e472b,
England,E12000008,E07000210,Mole Valley,MOLVA_e51ddaf67cc7,a56e26eb48d5,
England,E12000008,E07000210,Mole Valley,MOLVA_714b1e243799,1db34a76435b,
England,E12000008,E07000210,Mole Valley,MOLVA_0629096d1f1c,a7a27da54432,
England,E12000008,E07000210,Mole Valley,MOLVA_d8ffd8b2adad,5b47eaf8ce77,
England,E12000008,E07000210,Mole Valley,MOLVA_07acad296698,e62216861218,
England,E12000008,E07000210,Mole Valley,MOLVA_5cc38beb1eef,214bb3f8781a,
England,E12000008,E07000210,Mole Valley,MOLVA_eb4d797bcf90,6ee24eee5966,
England,E12000008,E07000210,Mole Valley,MOLVA_613f8c9545ee,5ac365f837e5,
England,E12000008,E07000210,Mole Valley,MOLVA_099fbad9a0b3,decadd100e9e,
England,E12000008,E07000210,Mole Valley,MOLVA_d78225edbd32,bfe4646de0cc,
England,E12000008,E07000210,Mole Valley,MOLVA_8c0364f4c277,e24d707dfabc,
England,E12000008,E07000210,Mole Valley,MOLVA_6a76a098d8ad,ee82a8fc8220,
England,E12000008,E07000210,Mole Valley,MOLVA_85fe41fad070,73cb8da3ea8c,
England,E12000008,E07000210,Mole Valley,MOLVA_21f1691207b0,50bcd5036715,
England,E12000008,E07000210,Mole Valley,MOLVA_47c091f86236,e9dbf3bf2c8e,
England,E12000008,E07000210,Mole Valley,MOLVA_44939019cb09,353b15394c4a,
England,E12000008,E07000210,Mole Valley,MOLVA_5294568a5cd8,0bf41e9f5e9c,
England,E12000008,E07000210,Mole Valley,MOLVA_dcdfd9f98ba9,422b93e9aaea,
England,E12000008,E07000210,Mole Valley,MOLVA_96ebc3e95c73,09e31d1f938e,
England,E12000008,E07000210,Mole Valley,MOLVA_d3077c868cba,2793c34c971d,
England,E12000008,E07000210,Mole Valley,MOLVA_864c5ab3f88c,776618b63d73,
England,E12000008,E07000210,Mole Valley,MOLVA_d4a4282865fa,f423eccf34fc,
England,E12000008,E07000210,Mole Valley,MOLVA_0012e73154eb,d120249c6059,
England,E12000008,E07000210,Mole Valley,MOLVA_5da1db7f33a8,533b1812412b,
England,E12000008,E07000210,Mole Valley,MOLVA_70d46dd69cca,182010de6ea3,
England,E12000008,E07000210,Mole Valley,MOLVA_ed945f946aa0,d970b9397143,
England,E12000008,E07000210,Mole Valley,MOLVA_973aa909d572,bceecc90ac81,
England,E12000008,E07000210,Mole Valley,MOLVA_5a98c979bceb,525ea3e65228,
England,E12000008,E07000210,Mole Valley,MOLVA_8cefb56ed0f6,65aefd375256,
England,E12000008,E07000210,Mole Valley,MOLVA_933ca1fcc0bc,6da82a210e1a,
England,E12000008,E07000210,Mole Valley,MOLVA_d5e122abbfe5,066b5862721c,
England,E12000008,E07000210,Mole Valley,MOLVA_5995785e2df9,e78b77d23667,
England,E12000008,E07000210,Mole Valley,MOLVA_15764f803341,6fa5c60b6498,
England,E12000008,E07000210,Mole Valley,MOLVA_5a29e4684756,0e96ed2a5918,
England,E12000008,E07000210,Mole Valley,MOLVA_1a088464ab4a,e417ebd88831,
England,E12000008,E07000210,Mole Valley,MOLVA_eb8791b982a2,1edf9e724f6b,
England,E12000008,E07000210,Mole Valley,MOLVA_6b9e2533447a,5d75f962628b,
England,E12000008,E07000210,Mole Valley,MOLVA_51847a5c1e5e,f7ea2315d9b8,
England,E12000008,E07000210,Mole Valley,MOLVA_d78e19eaa93d,5f321b874148,
England,E12000008,E07000210,Mole Valley,MOLVA_d0c9d958b80f,e447c82c5183,
England,E12000008,E07000210,Mole Valley,MOLVA_9aeb08604490,e77d34151c86,
England,E12000008,E07000210,Mole Valley,MOLVA_33608d3dc339,b6d4354f88e3,
England,E12000008,E07000210,Mole Valley,MOLVA_84ab32a8181d,25f39be8c960,
England,E12000008,E07000210,Mole Valley,MOLVA_c60661898993,93cf8da3e27e,
England,E12000008,E07000210,Mole Valley,MOLVA_e0cbbd2f2c0f,c7891386619f,
England,E12000008,E07000210,Mole Valley,MOLVA_063841221bdd,1dad5ee83e6b,
England,E12000008,E07000210,Mole Valley,MOLVA_e3c296e6bcb6,6571f65e0ff7,
England,E12000008,E07000210,Mole Valley,MOLVA_8c64e6bf9026,65877c4ccb26,
England,E12000008,E07000210,Mole Valley,MOLVA_e570970b3b35,7b0a8ff85f54,
England,E12000008,E07000210,Mole Valley,MOLVA_8058d03130ca,92e862ed6306,
England,E12000008,E07000210,Mole Valley,MOLVA_3817218f4540,88e982280759,
England,E12000008,E07000210,Mole Valley,MOLVA_40e6368af818,f430e87312da,
England,E12000008,E07000210,Mole Valley,MOLVA_7e217f107496,49044d0cba69,
England,E12000008,E07000210,Mole Valley,MOLVA_22497ecb0a9f,18fc55dc1fbe,
England,E12000008,E07000210,Mole Valley,MOLVA_ea76e12ce06f,5a030b77387b,
England,E12000008,E07000210,Mole Valley,MOLVA_affd2c9236d9,0df6495c289e,
England,E12000008,E07000210,Mole Valley,MOLVA_39641540d148,411cfd9eade9,
England,E12000008,E07000210,Mole Valley,MOLVA_dbc0753fa2cb,f8e244a2e334,
England,E12000008,E07000210,Mole Valley,MOLVA_e1060464438f,64b69ed44a3d,
England,E12000008,E07000210,Mole Valley,MOLVA_a11184e86506,c5bc984d32c1,
England,E12000008,E07000210,Mole Valley,MOLVA_fdcc53552655,6b7846de4408,
England,E12000008,E07000210,Mole Valley,MOLVA_d32f422a2c16,53f5a27afd5f,
England,E12000008,E07000210,Mole Valley,MOLVA_c2072769e0be,137028482683,
England,E12000008,E07000210,Mole Valley,MOLVA_4e41a8522d43,b4a7fccec7ab,
England,E12000008,E07000210,Mole Valley,MOLVA_8d1eda854caf,fb714a613965,
England,E12000008,E07000210,Mole Valley,MOLVA_9289ada5eb7b,230efd85c459,
England,E12000008,E07000210,Mole Valley,MOLVA_316d4ec70f83,a651f5ac5fb4,
England,E12000008,E07000210,Mole Valley,MOLVA_8d6ce19b227a,d1b06f008856,
England,E12000008,E07000210,Mole Valley,MOLVA_7470342501d2,e6e20ae012e4,
England,E12000008,E07000210,Mole Valley,MOLVA_d4ba8d26e8e5,d4f48b4ca75e,
England,E12000008,E07000210,Mole Valley,MOLVA_f08a7f040cae,9bebf599ffec,
England,E12000008,E07000210,Mole Valley,MOLVA_73b070687660,2636559443f1,
England,E12000008,E07000210,Mole Valley,MOLVA_fe7e07b3eec4,410741e4fd71,
England,E12000008,E07000210,Mole Valley,MOLVA_9408da4a1715,be9f32c8f7bd,
England,E12000008,E07000210,Mole Valley,MOLVA_6c391c1db5b8,2aff155ec206,
England,E12000008,E07000210,Mole Valley,MOLVA_19700095ca5e,5b6fe17834b6,
England,E12000008,E07000210,Mole Valley,MOLVA_921b39f0ccb0,70cb449aa3c2,
England,E12000008,E07000210,Mole Valley,MOLVA_93b4b2a1670b,d6785bb73aef,
England,E12000008,E07000210,Mole Valley,MOLVA_fda224a117e0,e7f072b0c7dd,
England,E12000008,E07000210,Mole Valley,MOLVA_f27846fbf9fa,63fa55d704f8,
England,E12000008,E07000210,Mole Valley,MOLVA_4b3032afe7c1,9cb6367567ac,
England,E12000008,E07000210,Mole Valley,MOLVA_7d6826619100,2d5810d59334,
England,E12000008,E07000210,Mole Valley,MOLVA_0003b49ac078,738df1225108,
England,E12000008,E07000210,Mole Valley,MOLVA_44854aaa923e,9e093267ada4,
England,E12000008,E07000210,Mole Valley,MOLVA_0d70d9c1d899,2c81b0c49caa,
England,E12000008,E07000210,Mole Valley,MOLVA_98c6a6605a49,97a3225ed875,
England,E12000008,E07000210,Mole Valley,MOLVA_58b69e50ce97,3aead8897653,
England,E12000008,E07000210,Mole Valley,MOLVA_6d5b112868c0,9a2b477a7c22,
England,E12000008,E07000210,Mole Valley,MOLVA_80f706cead7f,b53f3b1b0ee4,
England,E12000008,E07000210,Mole Valley,MOLVA_487816cb838d,1d754a277297,
England,E12000008,E07000210,Mole Valley,MOLVA_b807456a3d40,d7fe114ceff6,
England,E12000008,E07000210,Mole Valley,MOLVA_625181d4fb4d,1ddec6e8b08c,
England,E12000008,E07000210,Mole Valley,MOLVA_658497cc08aa,9e0e007a1d93,
England,E12000008,E07000210,Mole Valley,MOLVA_58717b6e33db,e7b67381b405,
England,E12000008,E07000210,Mole Valley,MOLVA_bbea9c4c0922,2c48fc3c4ad4,
England,E12000008,E07000210,Mole Valley,MOLVA_7c844c8f57da,6a288d3272c5,
England,E12000008,E07000210,Mole Valley,MOLVA_5174c25f99d6,05c6fa0bc7e3,
England,E12000008,E07000210,Mole Valley,MOLVA_2447132a7e95,4173662da86b,
England,E12000008,E07000210,Mole Valley,MOLVA_9e79b8d8c4b0,9548afe96a28,
England,E12000008,E07000210,Mole Valley,MOLVA_b0194aab1a09,84cc1bd28ad2,
England,E12000008,E07000210,Mole Valley,MOLVA_4902ae0b0215,65a121b380bb,
England,E12000008,E07000210,Mole Valley,MOLVA_5677f0289e54,c0f2509cd93c,
England,E12000008,E07000210,Mole Valley,MOLVA_51952890b28d,5a90c0649d88,
England,E12000008,E07000210,Mole Valley,MOLVA_e889e67f9375,9d0aefa809ff,
England,E12000008,E07000210,Mole Valley,MOLVA_df9de2e481ec,7678fd0c3c3b,
England,E12000008,E07000210,Mole Valley,MOLVA_445bc3e01500,25ea36ec7b47,
England,E12000008,E07000210,Mole Valley,MOLVA_4ff7b2025a6b,a08351c71416,
England,E12000008,E07000210,Mole Valley,MOLVA_058389605f97,658a5bfb7878,
England,E12000008,E07000210,Mole Valley,MOLVA_3c8cc6663d4b,c97871695c2f,
England,E12000008,E07000210,Mole Valley,MOLVA_4c41ec185d67,93574f1f69cb,
England,E12000008,E07000210,Mole Valley,MOLVA_15a2e0c991b6,ee7700d9128b,
England,E12000008,E07000210,Mole Valley,MOLVA_465cbc18dcfc,dad926e78d84,
England,E12000008,E07000210,Mole Valley,MOLVA_d4e490e995b1,1c9bba7380e9,
England,E12000008,E07000210,Mole Valley,MOLVA_737f09390cb6,f1a78e648b30,
England,E12000008,E07000210,Mole Valley,MOLVA_47fef574d699,abe2dc8e0816,
England,E12000008,E07000210,Mole Valley,MOLVA_f5211660cf8c,8ef8ec5810ee,
England,E12000008,E07000210,Mole Valley,MOLVA_1e7f24df5023,445ed53dce58,
England,E12000008,E07000210,Mole Valley,MOLVA_df2179fce967,368175f9598a,
England,E12000008,E07000210,Mole Valley,MOLVA_e3357bb0ad64,52507bdc8c2a,
England,E12000008,E07000210,Mole Valley,MOLVA_d096c76f6a25,c2123fc6e4eb,
England,E12000008,E07000210,Mole Valley,MOLVA_8f7ef46807d6,bb98b60c8283,
England,E12000008,E07000210,Mole Valley,MOLVA_2eda012f38fe,1545cedd1ad2,
England,E12000008,E07000210,Mole Valley,MOLVA_d00262024a83,aff12e070090,
England,E12000008,E07000210,Mole Valley,MOLVA_0c468c7d8040,c9364e562ba2,
England,E12000008,E07000210,Mole Valley,MOLVA_aa5e58972fe1,7d8c927b9bef,
England,E12000008,E07000210,Mole Valley,MOLVA_c204cb516be1,aebaba99bb80,
England,E12000008,E07000210,Mole Valley,MOLVA_92af9590f338,11b0c10c78ca,
England,E12000008,E07000210,Mole Valley,MOLVA_a58dde9a7acd,25a6d0495d45,
England,E12000008,E07000210,Mole Valley,MOLVA_cb01529c5e1a,cdf1481a4b6c,
England,E12000008,E07000210,Mole Valley,MOLVA_82f206627d91,30ad1a5d8e6d,
England,E12000008,E07000210,Mole Valley,MOLVA_18663f9ee251,f914286c8bcb,
England,E12000008,E07000210,Mole Valley,MOLVA_1da85c6d0ff8;MOLVA_eb97cc647093,49654a2bd7a0,
England,E12000008,E07000210,Mole Valley,MOLVA_9589d0713c1c,308db5d6a37c,
England,E12000008,E07000210,Mole Valley,MOLVA_35e41c62f0cc,50040b921813,
England,E12000008,E07000210,Mole Valley,MOLVA_65352f40a3b7,e24fc4ba90e2,
England,E12000008,E07000210,Mole Valley,MOLVA_c55af26496a8,8efd37a33747,
England,E12000008,E07000210,Mole Valley,MOLVA_f1ab49c6d47a,274d0c67fd53,
England,E12000008,E07000210,Mole Valley,MOLVA_be857d2efe2c,d5c7b7c1a96c,
England,E12000008,E07000210,Mole Valley,MOLVA_7b4bbf94f999,2a841b2d5e1c,
England,E12000008,E07000210,Mole Valley,MOLVA_f8462cf80b9b,f84be910e474,
England,E12000008,E07000210,Mole Valley,MOLVA_c227726268c0,2e94b2d54264,
England,E12000008,E07000210,Mole Valley,MOLVA_cedb0b6a427f,8f66df7c690d,
England,E12000008,E07000210,Mole Valley,MOLVA_06b33843f489,bb010c009f57,
England,E12000008,E07000210,Mole Valley,MOLVA_b8bc6f872d59,ed01b40ef1fa,
England,E12000008,E07000210,Mole Valley,MOLVA_943d9ea2b9ed,97aeb45b689e,
England,E12000008,E07000210,Mole Valley,MOLVA_b61680986cf0,b9a533914974,
England,E12000008,E07000210,Mole Valley,MOLVA_8f6c0c4c3188,a65f42205bdf,
England,E12000008,E07000210,Mole Valley,MOLVA_19790ec4d77d,1f8b997813b4,
England,E12000008,E07000210,Mole Valley,MOLVA_8a92f1e99316,dc6ec8a5f436,
England,E12000008,E07000210,Mole Valley,MOLVA_a33c009ab4c9,c3343b1c08d7,
England,E12000008,E07000210,Mole Valley,MOLVA_8392c7e9c96c,1bd6f0dc4eb0,
England,E12000008,E07000210,Mole Valley,MOLVA_f35d4eae4c2c,5167976cdcc1,
England,E12000008,E07000210,Mole Valley,MOLVA_33b360f826d2,0bb56c6100b8,
England,E12000008,E07000210,Mole Valley,MOLVA_a989b5c02c1b,e47d3025cc17,
England,E12000008,E07000210,Mole Valley,MOLVA_cd460001b319,67877cb0833d,
England,E12000008,E07000210,Mole Valley,MOLVA_fb698803b548,212aadc4836c,
England,E12000008,E07000210,Mole Valley,MOLVA_220b0cf698dc,1b4531b036ba,
England,E12000008,E07000210,Mole Valley,MOLVA_50dee31438b7,9cca89272cc4,
England,E12000008,E07000210,Mole Valley,MOLVA_905f2aae95ac,bbd34663abf5,
England,E12000008,E07000210,Mole Valley,MOLVA_b20980d4d823,ea8b4691418f,
England,E12000008,E07000210,Mole Valley,MOLVA_acb206e42b76,9c3fed336e8b,
England,E12000008,E07000210,Mole Valley,MOLVA_21a03c77283f,2d2a35a5f38e,
England,E12000008,E07000210,Mole Valley,MOLVA_a0be70767665,f52916faccbb,
England,E12000008,E07000210,Mole Valley,MOLVA_433d861dca23,892513618238,
England,E12000008,E07000210,Mole Valley,MOLVA_599623d0fe65,89a35cb9621c,
England,E12000008,E07000210,Mole Valley,MOLVA_00b832e4aab3,8a6cb3408532,
England,E12000008,E07000210,Mole Valley,MOLVA_053982ab9efc,acaf7fd20e89,
England,E12000008,E07000210,Mole Valley,MOLVA_6f228732dfd3,3e434162bf44,
England,E12000008,E07000210,Mole Valley,MOLVA_bc8f41f68e0a,b129356b19e6,
England,E12000008,E07000210,Mole Valley,MOLVA_a09da11f0df8,be8e9701a45b,
England,E12000008,E07000210,Mole Valley,MOLVA_e362c6fa0ae9,5c59f5149f7d,
England,E12000008,E07000210,Mole Valley,MOLVA_4af21c8cfe53,2d12daa4c918,
England,E12000008,E07000210,Mole Valley,MOLVA_7a3ddfe92d32,8c06d48a1c44,
England,E12000008,E07000210,Mole Valley,MOLVA_ea7ba83c9a88,331da6d4547b,
England,E12000008,E07000210,Mole Valley,MOLVA_02b910fa1445,ff8bb9b1d6a1,
England,E12000008,E07000210,Mole Valley,MOLVA_fc253d2e198e,0197bd7a28c4,
England,E12000008,E07000210,Mole Valley,MOLVA_f9fd54cbfc4a,a24109f1f302,
England,E12000008,E07000210,Mole Valley,MOLVA_a3b058631d37,ad33a2f4359f,
England,E12000008,E07000210,Mole Valley,MOLVA_ffdda1df96a2,df19a9756a5e,
England,E12000008,E07000210,Mole Valley,MOLVA_63c3a5790d7b,4acddbc8ead2,
England,E12000008,E07000210,Mole Valley,MOLVA_084fec7a60c4,398f6daf4402,
England,E12000008,E07000210,Mole Valley,MOLVA_28fe1f451009,a3defa70f832,
England,E12000008,E07000210,Mole Valley,MOLVA_42c2d2ca476b,74dc49b30a76,
England,E12000008,E07000210,Mole Valley,MOLVA_dd9bb20531cb,6949ded802cc,
England,E12000008,E07000210,Mole Valley,MOLVA_c292f458536e,22bb6c9304cd,
England,E12000008,E07000210,Mole Valley,MOLVA_403d142be3c5,4b3b6654c0dd,
England,E12000008,E07000210,Mole Valley,MOLVA_1fbf6ddfb20a,8c3a2a26a2e6,
England,E12000008,E07000210,Mole Valley,MOLVA_d950b04e36f3,146873e95363,
England,E12000008,E07000210,Mole Valley,MOLVA_da52be1ead04,2c8286b8ee40,
England,E12000008,E07000210,Mole Valley,MOLVA_64811fc219de,588177f3dce4,
England,E12000008,E07000210,Mole Valley,MOLVA_02cd03d58e84,6820772e0355,
England,E12000008,E07000210,Mole Valley,MOLVA_b4063d0baa2f,df92d99076d5,
England,E12000008,E07000210,Mole Valley,MOLVA_e893bb7e9eec,25460475ed5f,
England,E12000008,E07000210,Mole Valley,MOLVA_a2646f61c47e,c352f3493db1,
England,E12000008,E07000210,Mole Valley,MOLVA_d14323352024,679d190234b9,
England,E12000008,E07000210,Mole Valley,MOLVA_06821e873b5e,cee24467238b,
England,E12000008,E07000210,Mole Valley,MOLVA_15940d21faca,a5d7dfef79be,
England,E12000008,E07000210,Mole Valley,MOLVA_526728ca8003,d57b0f30e1c0,
England,E12000008,E07000210,Mole Valley,MOLVA_fbb98347754e,a6a4e7d9ab78,
England,E12000008,E07000210,Mole Valley,MOLVA_c6eb9cd148a5,d11504ef5657,
England,E12000008,E07000210,Mole Valley,MOLVA_71e00591ec6c,1fbc59ed2966,
England,E12000008,E07000210,Mole Valley,MOLVA_34f74623afc9,cf3f41ec5343,
England,E12000008,E07000210,Mole Valley,MOLVA_f4ef3ec4eca3,6e042ef9c9e0,
England,E12000008,E07000210,Mole Valley,MOLVA_89665b3a7389,71d574813dda,
England,E12000008,E07000210,Mole Valley,MOLVA_5397a39b500e,e59a96fd1acf,
England,E12000008,E07000210,Mole Valley,MOLVA_3ce7ba58e324,c16675951b62,
England,E12000008,E07000210,Mole Valley,MOLVA_c21325eab997,0c6265605713,
England,E12000008,E07000210,Mole Valley,MOLVA_084830e50231,3dceaf259a5d,
England,E12000008,E07000210,Mole Valley,MOLVA_627a4d8d6117,e77797880d04,
England,E12000008,E07000210,Mole Valley,MOLVA_a2abb7330007,46046e7d66ac,
England,E12000008,E07000210,Mole Valley,MOLVA_6451aa9a85b5,96e5fb915436,
England,E12000008,E07000210,Mole Valley,MOLVA_edc26a6430f1,69646c2f384e,
England,E12000008,E07000210,Mole Valley,MOLVA_505a54092b98,5546ab4d7db1,
England,E12000008,E07000210,Mole Valley,MOLVA_29f910d9301c,c269f45a4c8e,
England,E12000008,E07000210,Mole Valley,MOLVA_c28e87032126,4a6c7c38e77a,
England,E12000008,E07000210,Mole Valley,MOLVA_da8b5930f614,1d3158875170,
England,E12000008,E07000210,Mole Valley,MOLVA_01a5ba228581,9baeb91d4f35,
England,E12000008,E07000210,Mole Valley,MOLVA_825e763e4c21,bd6c8e147a99,
England,E12000008,E07000210,Mole Valley,MOLVA_fe6a01f13ba5,5db4a55d0149,
England,E12000008,E07000210,Mole Valley,MOLVA_5c901b79297c,af9c622f1d1d,
England,E12000008,E07000210,Mole Valley,MOLVA_71c2eff7c963,e8efb64db139,
England,E12000008,E07000210,Mole Valley,MOLVA_ba9851155aaf,bdc07246a74a,
England,E12000008,E07000210,Mole Valley,MOLVA_f96aca657839,ab094632e907,
England,E12000008,E07000210,Mole Valley,MOLVA_d838283e4418,2a9632751933,
England,E12000008,E07000210,Mole Valley,MOLVA_705258b26385,a122139c3c80,
England,E12000008,E07000210,Mole Valley,MOLVA_0fa91f455400,2344c45337aa,
England,E12000008,E07000210,Mole Valley,MOLVA_f2e4d2ad1698,35d4f4f094d8,
England,E12000008,E07000210,Mole Valley,MOLVA_608647794b40,d783b6d65928,
England,E12000008,E07000210,Mole Valley,MOLVA_b08ba5cb8208,0aeb5de24d22,
England,E12000008,E07000210,Mole Valley,MOLVA_84c78b65daaa,6677b81aca66,
England,E12000008,E07000210,Mole Valley,MOLVA_5a17f48aef55,eb8099659e28,
England,E12000008,E07000210,Mole Valley,MOLVA_bd49c4eb0b1a,21faffe1b432,
England,E12000008,E07000210,Mole Valley,MOLVA_c0a6976c446f,3931a754da9c,
England,E12000008,E07000210,Mole Valley,MOLVA_8340e9beb27a,2cb42a913a0e,
England,E12000008,E07000210,Mole Valley,MOLVA_fd4ef755fb4c,af554f2cc153,
England,E12000008,E07000210,Mole Valley,MOLVA_f3ae81159c74,1d545f75c283,
England,E12000008,E07000210,Mole Valley,MOLVA_8f803749c1b8,556b6923df0b,
England,E12000008,E07000210,Mole Valley,MOLVA_28212b7c407c,6ac8d829e0f7,
England,E12000008,E07000210,Mole Valley,MOLVA_e44cdc4bda61,665fbdfd2977,
England,E12000008,E07000210,Mole Valley,MOLVA_e893124ca0a2,e75a61802fdc,
England,E12000008,E07000210,Mole Valley,MOLVA_f8943b015a40,4737a37b2846,
England,E12000008,E07000210,Mole Valley,MOLVA_64cfd44929a2,06a32431afd3,
England,E12000008,E07000210,Mole Valley,MOLVA_a5432a44ab77,0a93affb5f2b,
England,E12000008,E07000210,Mole Valley,MOLVA_8ab7208beb8b,4a463ce338bf,
England,E12000008,E07000210,Mole Valley,MOLVA_c4244b440d4c,c35b53044d4b,
England,E12000008,E07000210,Mole Valley,MOLVA_ba5c8867f531,cbdeb6d416c7,
England,E12000008,E07000210,Mole Valley,MOLVA_e73d15c975f6,3b7a79dfea14,
England,E12000008,E07000210,Mole Valley,MOLVA_ed31c738fd73,31ac0c729c2e,
England,E12000008,E07000210,Mole Valley,MOLVA_d0454cb3a1b8,2f451512662b,
England,E12000008,E07000210,Mole Valley,MOLVA_9589800548fc,bca28fca548e,
England,E12000008,E07000210,Mole Valley,MOLVA_ff612d2c70d8,34925035a990,
England,E12000008,E07000210,Mole Valley,MOLVA_1eae06c9bbf4,72df6305798f,
England,E12000008,E07000210,Mole Valley,MOLVA_df08977a9045,c0dde448d996,
England,E12000008,E07000210,Mole Valley,MOLVA_ead49c1dbbbe,9af4a29f858f,
England,E12000008,E07000210,Mole Valley,MOLVA_20b64d888335,3c590875effb,
England,E12000008,E07000210,Mole Valley,MOLVA_4154665d63ef,b7630f659b07,
England,E12000008,E07000210,Mole Valley,MOLVA_6cbebf609d72,4b45aef55420,
England,E12000008,E07000210,Mole Valley,MOLVA_7d7eb685c624,c8636bb9be33,
England,E12000008,E07000210,Mole Valley,MOLVA_537155c58779,792d9182a86f,
England,E12000008,E07000210,Mole Valley,MOLVA_4a871474e78c,4abc7e28229c,
England,E12000008,E07000210,Mole Valley,MOLVA_4aeea84c9318,0666d9301cf7,
England,E12000008,E07000210,Mole Valley,MOLVA_0715272bd2b7,fb21bec6337d,
England,E12000008,E07000210,Mole Valley,MOLVA_a8e42fed46f6,7447c5e9964e,
England,E12000008,E07000210,Mole Valley,MOLVA_34e1d784a338,e06d1171a7bc,
England,E12000008,E07000210,Mole Valley,MOLVA_141d51dd48e1,2ccf1f6b197f,
England,E12000008,E07000210,Mole Valley,MOLVA_5116260622d4,793527bb4a38,
England,E12000008,E07000210,Mole Valley,MOLVA_a0bb9708828a,e0dff3e66d76,
England,E12000008,E07000210,Mole Valley,MOLVA_64aec1f13cce,5659913ca51d,
England,E12000008,E07000210,Mole Valley,MOLVA_12f7e6aaa936,6630a532a31c,
England,E12000008,E07000210,Mole Valley,MOLVA_5b6222d23204,f9090ef905d0,
England,E12000008,E07000210,Mole Valley,MOLVA_5fc9d2eab7be,d3c851de20b6,
England,E12000008,E07000210,Mole Valley,MOLVA_15a85da95057,f46f86df512d,
England,E12000008,E07000210,Mole Valley,MOLVA_b3d7be8439ba,561980592795,
England,E12000008,E07000210,Mole Valley,MOLVA_ff8e3f2b6e4a,a99d353694d0,
England,E12000008,E07000210,Mole Valley,MOLVA_eeae18ea5e05,f457f9b59f48,
England,E12000008,E07000210,Mole Valley,MOLVA_930b6e67432d,af9b69ecd902,
England,E12000008,E07000210,Mole Valley,MOLVA_831b38937b3c,2c466b7c108e,
England,E12000008,E07000210,Mole Valley,MOLVA_692fb1a15d80,1573d6f434ea,
England,E12000008,E07000210,Mole Valley,MOLVA_48ebcd08985f,539e0acade7b,
England,E12000008,E07000210,Mole Valley,MOLVA_aa92150402c5,6bc06e94b5cd,
England,E12000008,E07000210,Mole Valley,MOLVA_271141e87a60,ae2acf43d750,
England,E12000008,E07000210,Mole Valley,MOLVA_cb0e65e91486,3a2b64d4f99e,
England,E12000008,E07000210,Mole Valley,MOLVA_74b4f12f27ae,367b6131f2ff,
England,E12000008,E07000210,Mole Valley,MOLVA_c5ccc811c9bd,aa6b0f14da4b,
England,E12000008,E07000210,Mole Valley,MOLVA_b179ece52c27,0d6f675b5875,
England,E12000008,E07000210,Mole Valley,MOLVA_45e30d63c7fd,814d14ca5198,
England,E12000008,E07000210,Mole Valley,MOLVA_4204a7527460,5916dfdfd269,
England,E12000008,E07000210,Mole Valley,MOLVA_b70e79451edf,615a76757b9c,
England,E12000008,E07000210,Mole Valley,MOLVA_c2c2686e0134,9957322963de,
England,E12000008,E07000210,Mole Valley,MOLVA_cbfb1de1b059,4f8720cbef27,
England,E12000008,E07000210,Mole Valley,MOLVA_1f35e2f40800,3cd36da60be4,
England,E12000008,E07000210,Mole Valley,MOLVA_44b055b83ea1,4842cb922937,
England,E12000008,E07000210,Mole Valley,MOLVA_2dfd4b71e46a,958f993ce9d4,
England,E12000008,E07000210,Mole Valley,MOLVA_72989e865be6,09daced02a0f,
England,E12000008,E07000210,Mole Valley,MOLVA_bcf9fa1ec2c0,af8b571663f2,
England,E12000008,E07000210,Mole Valley,MOLVA_9b62806ba317,12297287a972,
England,E12000008,E07000210,Mole Valley,MOLVA_0372d4aee19b,0edbf0c246ec,
England,E12000008,E07000210,Mole Valley,MOLVA_64ca1bb52366,7f3c4da5d39b,
England,E12000008,E07000210,Mole Valley,MOLVA_ecc8ee1925f5,ff2c5b743b6e,
England,E12000008,E07000210,Mole Valley,MOLVA_fff95288cb57,ab5d369d5e2d,
England,E12000008,E07000210,Mole Valley,MOLVA_dd304d97fb00,5ad8b1b6f22c,
England,E12000008,E07000210,Mole Valley,MOLVA_c6e6b20ab948,512589eff909,
England,E12000008,E07000210,Mole Valley,MOLVA_01662f77c620,c4af8e6c8d5d,
England,E12000008,E07000210,Mole Valley,MOLVA_d0fb27f554a3,3af8ecfd400e,
England,E12000008,E07000210,Mole Valley,MOLVA_21373ea75dcc,def31e97b084,
England,E12000008,E07000210,Mole Valley,MOLVA_7ab2751cfbe7,a89fffbf008a,
England,E12000008,E07000210,Mole Valley,MOLVA_b858aa254851,d4f20d803b4a,
England,E12000008,E07000210,Mole Valley,MOLVA_a30d8864a799,67682fedcd29,
England,E12000008,E07000210,Mole Valley,MOLVA_ca9a22a786a5,1afc90f920b0,
England,E12000008,E07000210,Mole Valley,MOLVA_1ac95f1b5a79,07c3eed427eb,
England,E12000008,E07000210,Mole Valley,MOLVA_b943c6e4e243,47491aa96d06,
England,E12000008,E07000210,Mole Valley,MOLVA_31856abab5f3,e62347bec01b,
England,E12000008,E07000210,Mole Valley,MOLVA_a4ec2a6a1a49,99abf155ae33,
England,E12000008,E07000210,Mole Valley,MOLVA_17857e60e71f,9f6d22a7232b,
England,E12000008,E07000210,Mole Valley,MOLVA_14764d83a4d9,6359cae3d7c9,
England,E12000008,E07000210,Mole Valley,MOLVA_6625e9229ee5,7c563d773a35,
England,E12000008,E07000210,Mole Valley,MOLVA_8fc800dbf233,145a837f2eb2,
England,E12000008,E07000210,Mole Valley,MOLVA_760008ffd1f5,0e0c94e49027,
England,E12000008,E07000210,Mole Valley,MOLVA_185669c2b5b3,01b99b50c213,
England,E12000008,E07000210,Mole Valley,MOLVA_31187d93aae8,2a10b947cc01,
England,E12000008,E07000210,Mole Valley,MOLVA_c321b630985d,0df7764f35e7,
England,E12000008,E07000210,Mole Valley,MOLVA_9a6484e6a179,3f7a1136c73a,
England,E12000008,E07000210,Mole Valley,MOLVA_115c1276c207,4503840bf9e7,
England,E12000008,E07000210,Mole Valley,MOLVA_5fe33ea8f654,54a694288050,
England,E12000008,E07000210,Mole Valley,MOLVA_f3655242a4c6,556a5b497476,
England,E12000008,E07000210,Mole Valley,MOLVA_4fecd118c580,897fea98e338,
England,E12000008,E07000210,Mole Valley,MOLVA_f7236142c01e,6bb8c2e9ca45,
England,E12000008,E07000210,Mole Valley,MOLVA_a9a55bb0d245,c3d76a83494c,
England,E12000008,E07000210,Mole Valley,MOLVA_e805bdb35b90,ce0c430ad2df,
England,E12000008,E07000210,Mole Valley,MOLVA_c5454012bda9,38ddbc2e1939,
England,E12000008,E07000210,Mole Valley,MOLVA_02c820a0ac26,98d7974a08ed,
England,E12000008,E07000210,Mole Valley,MOLVA_e20037a94e5a,db6bebe49818,
England,E12000008,E07000210,Mole Valley,MOLVA_bb54c21b4aa0,15e65f0484f5,
England,E12000008,E07000210,Mole Valley,MOLVA_777078b575a5,b1668802cc36,
England,E12000008,E07000210,Mole Valley,MOLVA_0979e2920667,496cecd159d8,
England,E12000008,E07000210,Mole Valley,MOLVA_b2338cad84be,9d706b58b906,
England,E12000008,E07000210,Mole Valley,MOLVA_0b598bfccbd6,e4bc88f2b022,
England,E12000008,E07000210,Mole Valley,MOLVA_0b658d690388,358266fe68bb,
England,E12000008,E07000210,Mole Valley,MOLVA_271bddf86d03,b77fd8f6877c,
England,E12000008,E07000210,Mole Valley,MOLVA_7fa12fc7dadb,0a3ddef193a9,
England,E12000008,E07000210,Mole Valley,MOLVA_70fdc7b95557,52815957faa2,
England,E12000008,E07000210,Mole Valley,MOLVA_b53d049ba75e,a64c481d10f1,
England,E12000008,E07000210,Mole Valley,MOLVA_63984ba06d0c,4ec91e48cf68,
England,E12000008,E07000210,Mole Valley,MOLVA_18e9391b93ec,da2533ea85f1,
England,E12000008,E07000210,Mole Valley,MOLVA_35ba16759739,1171cd4b4d99,
England,E12000008,E07000210,Mole Valley,MOLVA_adff4fe691d1,b5fb62f6a859,
England,E12000008,E07000210,Mole Valley,MOLVA_6b326f713c38,1ed9e3e36367,
England,E12000008,E07000210,Mole Valley,MOLVA_b55d6797789c,b24c3d6e8bca,
England,E12000008,E07000210,Mole Valley,MOLVA_a00c4a088a8f,4495493a8816,
England,E12000008,E07000210,Mole Valley,MOLVA_a24ea7c3eecf,4ea9b8a0e93e,
England,E12000008,E07000210,Mole Valley,MOLVA_fb8508a4d928,027c60c06606,
England,E12000008,E07000210,Mole Valley,MOLVA_986fe9c8ad0a,22579716e8f0,
England,E12000008,E07000210,Mole Valley,MOLVA_03960dc4cbca,cf2b43865378,
England,E12000008,E07000210,Mole Valley,MOLVA_09556414dda2,8a8117ebb96e,
England,E12000008,E07000210,Mole Valley,MOLVA_88b88d801ad7,33679ccc36be,
England,E12000008,E07000210,Mole Valley,MOLVA_85597756a9e1,c32532af3969,
England,E12000008,E07000210,Mole Valley,MOLVA_a82c10e7eb69,4720c3497828,
England,E12000008,E07000210,Mole Valley,MOLVA_055ad56670b9,822e7cc8cdba,
England,E12000008,E07000210,Mole Valley,MOLVA_f5dd95233813,4bdb90dc4198,
England,E12000008,E07000210,Mole Valley,MOLVA_8663887b05b1,73d635ab8f2f,
England,E12000008,E07000210,Mole Valley,MOLVA_2b2a11fb5849,4eda07da2c96,
England,E12000008,E07000210,Mole Valley,MOLVA_4b897e6f0ba3,4a2e11ba4634,
England,E12000008,E07000210,Mole Valley,MOLVA_b30a472fdd92,5247f675f488,
England,E12000008,E07000210,Mole Valley,MOLVA_deb73ccaa17b,0b091b254ae9,
England,E12000008,E07000210,Mole Valley,MOLVA_6ffb58a84d0c,c130a3ac2cb0,
England,E12000008,E07000210,Mole Valley,MOLVA_c5b3a352e865,7722125df170,
England,E12000008,E07000210,Mole Valley,MOLVA_926198244b4b,6f9af5c27b4f,
England,E12000008,E07000210,Mole Valley,MOLVA_63d16049e1ac,9fb87aab8012,
England,E12000008,E07000210,Mole Valley,MOLVA_f4ecd1bba974,1fcc367b2c23,
England,E12000008,E07000210,Mole Valley,MOLVA_0de959448c85,d5ea54aaef0e,
England,E12000008,E07000210,Mole Valley,MOLVA_d9f8a0d52d93,42677024c5cc,
England,E12000008,E07000210,Mole Valley,MOLVA_82df1959b43e,70b29ad98e75,
England,E12000008,E07000210,Mole Valley,MOLVA_136ade43a924,90837edc603d,
England,E12000008,E07000210,Mole Valley,MOLVA_b1337d461b09,ba7e9bd6c56c,
England,E12000008,E07000210,Mole Valley,MOLVA_503c05175209,d1d63d09377a,
England,E12000008,E07000210,Mole Valley,MOLVA_7ace65b48a02,52b0dba2551a,
England,E12000008,E07000210,Mole Valley,MOLVA_49d54ea1ea51,c14af38b0e58,
England,E12000008,E07000210,Mole Valley,MOLVA_76a79e5f1898,87089da486f1,
England,E12000008,E07000210,Mole Valley,MOLVA_8cf9d5abe871,c08bb58a020b,
England,E12000008,E07000210,Mole Valley,MOLVA_2d04e810cb29,3452bcb2d297,
England,E12000008,E07000210,Mole Valley,MOLVA_48c1462b122d,7c3deb5b3f84,
England,E12000008,E07000210,Mole Valley,MOLVA_8edcc9134832,fdf31731568d,
England,E12000008,E07000210,Mole Valley,MOLVA_b2dabef9bb1d,f0b5aa92b163,
England,E12000008,E07000210,Mole Valley,MOLVA_e6cbd34135da,291ff6ead0ee,
England,E12000008,E07000210,Mole Valley,MOLVA_6c1bc72b316e,7dcd13c2d7d6,
England,E12000008,E07000210,Mole Valley,MOLVA_c1256be9c028,bd8bdfc7c9e3,
England,E12000008,E07000210,Mole Valley,MOLVA_d75dbd35a586,f4a9c5899621,
England,E12000008,E07000210,Mole Valley,MOLVA_b71bd02dd81c,99ab1ea2b2b5,
England,E12000008,E07000210,Mole Valley,MOLVA_ebd8a55e6644,7be60c564144,
England,E12000008,E07000210,Mole Valley,MOLVA_d8368407451f,6fc9e8a6506f,
England,E12000008,E07000210,Mole Valley,MOLVA_96c492b0ef0c,1f26f19a8b0b,
England,E12000008,E07000210,Mole Valley,MOLVA_e9c18bd04565,e65fdc291aa4,
England,E12000008,E07000210,Mole Valley,MOLVA_cbe854c31d38,63ae996900ae,
England,E12000008,E07000210,Mole Valley,MOLVA_fb8239855479,286b6cc12664,
England,E12000008,E07000210,Mole Valley,MOLVA_679a88a7a998,d98f1c4aa1bb,
England,E12000008,E07000210,Mole Valley,MOLVA_3feb0c9c20ea,23d694a3a35f,
England,E12000008,E07000210,Mole Valley,MOLVA_ac5de5dc83fc,a3092c31f06f,
England,E12000008,E07000210,Mole Valley,MOLVA_234e6701a089,dfa68063ff9e,
England,E12000008,E07000210,Mole Valley,MOLVA_fe779cb3ad75,34f85dca3b64,
England,E12000008,E07000210,Mole Valley,MOLVA_f0df7fa2a368,961bebdc7f04,
England,E12000008,E07000210,Mole Valley,MOLVA_f6d2bb33b07a,60fa6b4ab612,
England,E12000008,E07000210,Mole Valley,MOLVA_d86a27b82542,971366ff2ebf,
England,E12000008,E07000210,Mole Valley,MOLVA_4e54acd7da7b,347acd117dbe,
England,E12000008,E07000210,Mole Valley,MOLVA_69076bf005ec,ff7db0cffc08,
England,E12000008,E07000210,Mole Valley,MOLVA_fd53bf43f4f8,0682242b94f9,
England,E12000008,E07000210,Mole Valley,MOLVA_8d026df9f8a3,930a205a135f,
England,E12000008,E07000210,Mole Valley,MOLVA_aa5b73648491,f50b74ce8216,
England,E12000008,E07000210,Mole Valley,MOLVA_2e2ba8a89fe6,0af0b4acd805,
England,E12000008,E07000210,Mole Valley,MOLVA_953ebbae5517,7147d1802d28,
England,E12000008,E07000210,Mole Valley,MOLVA_bab3fb0274c5,3313e645b2b2,
England,E12000008,E07000210,Mole Valley,MOLVA_97277de03e58,2ec77745c352,
England,E12000008,E07000210,Mole Valley,MOLVA_1fe3e2c919b6,31ea90e60bef,
England,E12000008,E07000210,Mole Valley,MOLVA_21f47a0e283a,e5f5d602e080,
England,E12000008,E07000210,Mole Valley,MOLVA_3f030b30974e,8403c6e0840a,
England,E12000008,E07000210,Mole Valley,MOLVA_d3fd90b5a5d9,3f389427abb4,
England,E12000008,E07000210,Mole Valley,MOLVA_424be2074029,79de32ab09f5,
England,E12000008,E07000210,Mole Valley,MOLVA_f6a8b8c32d42,16cac5a44b43,
England,E12000008,E07000210,Mole Valley,MOLVA_7a5fa4ed5adc,705a1ad47431,
England,E12000008,E07000210,Mole Valley,MOLVA_57e47a261702,b7004754e8ef,
England,E12000008,E07000210,Mole Valley,MOLVA_d3959a3eaf54,0fbb07fe15c1,
England,E12000008,E07000210,Mole Valley,MOLVA_52daac56bea4,49d1d06258bd,
England,E12000008,E07000210,Mole Valley,MOLVA_a89098c25f48,9da6db6b8962,
England,E12000008,E07000210,Mole Valley,MOLVA_619c3dc3dd4a,6dc5c91dbd14,
England,E12000008,E07000210,Mole Valley,MOLVA_722f5baef4ad,f50213099cb2,
England,E12000008,E07000210,Mole Valley,MOLVA_25c233b1afbf,4cc38c52f1fd,
England,E12000008,E07000210,Mole Valley,MOLVA_d740cdbb73cf,7c5be61c1632,
England,E12000008,E07000210,Mole Valley,MOLVA_00842a8c40de,e3005d62414c,
England,E12000008,E07000210,Mole Valley,MOLVA_2ade98cd8da5,26c4380fda44,
England,E12000008,E07000210,Mole Valley,MOLVA_7f48bca82317,fa3d12c1ca75,
England,E12000008,E07000210,Mole Valley,MOLVA_ff6c37a841b9,aa7623d7663c,
England,E12000008,E07000210,Mole Valley,MOLVA_ae7160a720e9,ea37088ffd68,
England,E12000008,E07000210,Mole Valley,MOLVA_1c5702e285b5,ea73b133e52a,
England,E12000008,E07000210,Mole Valley,MOLVA_942eae65aaa4,220b4ec4f652,
England,E12000008,E07000210,Mole Valley,MOLVA_e83808341552,c89c7475fa58,
England,E12000008,E07000210,Mole Valley,MOLVA_eab12894c438,50f1c00d256e,
England,E12000008,E07000210,Mole Valley,MOLVA_f6a4e501976c,9e637d0c1bbd,
England,E12000008,E07000210,Mole Valley,MOLVA_669a2a388b04,b018f98f75c2,
England,E12000008,E07000210,Mole Valley,MOLVA_ce119723ac98,3cb842eb200c,
England,E12000008,E07000210,Mole Valley,MOLVA_4105f63221df,ffaf45cfa9a3,
England,E12000008,E07000210,Mole Valley,MOLVA_7068d62f7f9c,7cb6268d4066,
England,E12000008,E07000210,Mole Valley,MOLVA_e11289e6d66b,ab4d0fbd67d7,
England,E12000008,E07000210,Mole Valley,MOLVA_ca3064720049,3d21d5413100,
England,E12000008,E07000210,Mole Valley,MOLVA_160eff0face7,fdf0abd46188,
England,E12000008,E07000210,Mole Valley,MOLVA_bf60e6a271da,cdbd5fd2acf7,
England,E12000008,E07000210,Mole Valley,MOLVA_63b0d7608117,393acd058541,
England,E12000008,E07000210,Mole Valley,MOLVA_41ca804149c1,d766ffb3c849,
England,E12000008,E07000210,Mole Valley,MOLVA_ffe9cb120c5a,cc75f769466a,
England,E12000008,E07000210,Mole Valley,MOLVA_07bea694d4f5,d365ecba626d,
England,E12000008,E07000210,Mole Valley,MOLVA_deba41d9a8e5,65abf4249bc0,
England,E12000008,E07000210,Mole Valley,MOLVA_80016cbcd8d6,347416999aaa,
England,E12000008,E07000210,Mole Valley,MOLVA_c4813cf9ee61,06b660f92795,
England,E12000008,E07000210,Mole Valley,MOLVA_bc82078a6411,af69567e21a3,
England,E12000008,E07000210,Mole Valley,MOLVA_aab4038e7028,c3b408518128,
England,E12000008,E07000210,Mole Valley,MOLVA_87f757695c2f,a0db0491407c,
England,E12000008,E07000210,Mole Valley,MOLVA_4bf6c3a8cee2,116d6dbde5f4,
England,E12000008,E07000210,Mole Valley,MOLVA_544a30981c97,051ee7463dbf,
England,E12000008,E07000210,Mole Valley,MOLVA_9bac7287cafb,d0da02c566cf,
England,E12000008,E07000210,Mole Valley,MOLVA_32ca548a0f4f,e382c98acfbd,
England,E12000008,E07000210,Mole Valley,MOLVA_606906b4775a,9e3d94089433,
England,E12000008,E07000210,Mole Valley,MOLVA_16c0bb2df1e9,bcce38b7541d,
England,E12000008,E07000210,Mole Valley,MOLVA_68ab18cd358f,b4fa439bd929,
England,E12000008,E07000210,Mole Valley,MOLVA_0fb22361c7c1,d6d96c85de36,
England,E12000008,E07000210,Mole Valley,MOLVA_4b5503f0b5f6,0381a8c8ebc8,
England,E12000008,E07000210,Mole Valley,MOLVA_e2ccf9cf6367,87b262328e42,
England,E12000008,E07000210,Mole Valley,MOLVA_70bffbddc103,7988683bd991,
England,E12000008,E07000210,Mole Valley,MOLVA_60d06d583aef,a8c6623a95ca,
England,E12000008,E07000210,Mole Valley,MOLVA_bb8d587a7bff,a7c7dbc02fed,
England,E12000008,E07000210,Mole Valley,MOLVA_95a8b9bcc4ca,bea6211e598d,
England,E12000008,E07000210,Mole Valley,MOLVA_126a7e7ad0bd,9ca12142388b,
England,E12000008,E07000210,Mole Valley,MOLVA_7c8d53409cff,482cbe98c9c0,
England,E12000008,E07000210,Mole Valley,MOLVA_ff6bc7022c5f,9f88b8e2618c,
England,E12000008,E07000210,Mole Valley,MOLVA_a73d73e6fe92,5b4a11dacef7,
England,E12000008,E07000210,Mole Valley,MOLVA_74f9e64e4e70,1b21c19dc75e,
England,E12000008,E07000210,Mole Valley,MOLVA_956d55afb6ae,3633fbb3c112,
England,E12000008,E07000210,Mole Valley,MOLVA_28cf41cbf176,ec4f0261918e,
England,E12000008,E07000210,Mole Valley,MOLVA_07bf45db1642,0e0c1fad5424,
England,E12000008,E07000210,Mole Valley,MOLVA_4c1c89cdc800,e51b27dfd3a9,
England,E12000008,E07000210,Mole Valley,MOLVA_1f8fc54eb401,d90e67959421,
England,E12000008,E07000210,Mole Valley,MOLVA_26ac424e0a9a,a3c4575c5d6c,
England,E12000008,E07000210,Mole Valley,MOLVA_73157db29b58,ce26885f4dbe,
England,E12000008,E07000210,Mole Valley,MOLVA_83e841d004cc,d5fd9f6d1ec8,
England,E12000008,E07000210,Mole Valley,MOLVA_b6e422a46ca4,49bdc8fc9e73,
England,E12000008,E07000210,Mole Valley,MOLVA_498980253510,633a4870bfd2,
England,E12000008,E07000210,Mole Valley,MOLVA_89438d9e6f2d,fd6d1a2ca2a3,
England,E12000008,E07000210,Mole Valley,MOLVA_5b734492c5e8,2ae732376808,
England,E12000008,E07000210,Mole Valley,MOLVA_05b70d4ded59,eadc7a9b1614,
England,E12000008,E07000210,Mole Valley,MOLVA_79de19d972ce,7a127c78ff62,
England,E12000008,E07000210,Mole Valley,MOLVA_b1c15a1bce1a,46ac4653a7a4,
England,E12000008,E07000210,Mole Valley,MOLVA_133bc083b395,498cedc73576,
England,E12000008,E07000210,Mole Valley,MOLVA_4114b9d2da9d,7b9fe8d46835,
England,E12000008,E07000210,Mole Valley,MOLVA_8f1700624f21,fd1c9a2cf1a6,
England,E12000008,E07000210,Mole Valley,MOLVA_2da39eca6586,c004fc1cda58,
England,E12000008,E07000210,Mole Valley,MOLVA_1fdc0747037b,5edf52a28ef8,
England,E12000008,E07000210,Mole Valley,MOLVA_1ba8f80768e5,16a00dbb4d58,
England,E12000008,E07000210,Mole Valley,MOLVA_50e6b3019af6,8a85dba452b8,
England,E12000008,E07000210,Mole Valley,MOLVA_8c02eab9e966,b74a559c66c2,
England,E12000008,E07000210,Mole Valley,MOLVA_d786efaeb960,b5fb906b5ee8,
England,E12000008,E07000210,Mole Valley,MOLVA_4415a34d79fa,c99e25ce0ad3,
England,E12000008,E07000210,Mole Valley,MOLVA_da5d973addd0,bda9c12a6e0b,
England,E12000008,E07000210,Mole Valley,MOLVA_a80c86516f31,982cb1c69999,
England,E12000008,E07000210,Mole Valley,MOLVA_de64ba210d0c,09d77621b810,
England,E12000008,E07000210,Mole Valley,MOLVA_2e248a915c67,edd3c8b77f40,
England,E12000008,E07000210,Mole Valley,MOLVA_b7436c42c31f,e6c59b1d08d9,
England,E12000008,E07000210,Mole Valley,MOLVA_e0331f24cbdf,d37a385725df,
England,E12000008,E07000210,Mole Valley,MOLVA_06ab3ad5b2be,2c35ddf0dff9,
England,E12000008,E07000210,Mole Valley,MOLVA_2dad45d48235,af7bd9584871,
England,E12000008,E07000210,Mole Valley,MOLVA_f8db4102a3b0,5a8f3d815524,
England,E12000008,E07000210,Mole Valley,MOLVA_76c918194799,f1bc45ea9400,
England,E12000008,E07000210,Mole Valley,MOLVA_267cd57d0712,c38dcd9fc4b1,
England,E12000008,E07000210,Mole Valley,MOLVA_cc876174a0bd,2514b2d34b53,
England,E12000008,E07000210,Mole Valley,MOLVA_123f82a5afe6,eb6e97a741ec,
England,E12000008,E07000210,Mole Valley,MOLVA_e8450f0c92f1,73cdf792aa57,
England,E12000008,E07000210,Mole Valley,MOLVA_4534476a0f7a,666e6f830f42,
England,E12000008,E07000210,Mole Valley,MOLVA_af2d2816cc07,24e545d3d667,
England,E12000008,E07000210,Mole Valley,MOLVA_2c7cdb48f328,fd8d327a295d,
England,E12000008,E07000210,Mole Valley,MOLVA_c951627ed8f8,acd6cf074d9b,
England,E12000008,E07000210,Mole Valley,MOLVA_5c4c63105fcf,25c749cbd80f,
England,E12000008,E07000210,Mole Valley,MOLVA_3c6369b74250,d4231c41ea56,
England,E12000008,E07000210,Mole Valley,MOLVA_a64c66daa1a1,88d8dae23d71,
England,E12000008,E07000210,Mole Valley,MOLVA_1fd34f40a56c,4da9bbcb23d3,
England,E12000008,E07000210,Mole Valley,MOLVA_e909adbb4502,163a21f52454,
England,E12000008,E07000210,Mole Valley,MOLVA_2be475a4ad41,1e64562bb31a,
England,E12000008,E07000210,Mole Valley,MOLVA_92803c3d14c4,57017417d519,
England,E12000008,E07000210,Mole Valley,MOLVA_ed9bba2f43fc,8d5594cecefc,
England,E12000008,E07000210,Mole Valley,MOLVA_a20a3bb1ccb4,784ac41dcd47,
England,E12000008,E07000210,Mole Valley,MOLVA_1ff377303391,8b064c1fb2ae,
England,E12000008,E07000210,Mole Valley,MOLVA_d14ea2bcbd7b,98c58bd3f672,
England,E12000008,E07000210,Mole Valley,MOLVA_77373806b376,51744fbe6161,
England,E12000008,E07000210,Mole Valley,MOLVA_cd51bd1819bc,bf0662bb904f,
England,E12000008,E07000210,Mole Valley,MOLVA_67a7e9ceac44,626652a26a1e,
England,E12000008,E07000210,Mole Valley,MOLVA_07b015342621,c5ee4b186d00,
England,E12000008,E07000210,Mole Valley,MOLVA_583f0c9e129e,a44d22e1a1bd,
England,E12000008,E07000210,Mole Valley,MOLVA_82f148d13348,8ea5fe14bcf5,
England,E12000008,E07000210,Mole Valley,MOLVA_1946a9254a8b,6e50cf90b96b,
England,E12000008,E07000210,Mole Valley,MOLVA_64471890d2e4,a45138ccad6d,
England,E12000008,E07000210,Mole Valley,MOLVA_3a3882ee9084,131d7564b73c,
England,E12000008,E07000210,Mole Valley,MOLVA_60eba9771043,eba287022791,
England,E12000008,E07000210,Mole Valley,MOLVA_713b1ad316de,9248739b16b2,
England,E12000008,E07000210,Mole Valley,MOLVA_6d1290012d37,ed68f7f93bc7,
England,E12000008,E07000210,Mole Valley,MOLVA_946a72443806,8f6f19918eb4,
England,E12000008,E07000210,Mole Valley,MOLVA_36ffd898453d;MOLVA_b5226e1e7f80,4152b896241f,
England,E12000008,E07000210,Mole Valley,MOLVA_830d2cfdbd60,5d2f86ee253a,
England,E12000008,E07000210,Mole Valley,MOLVA_b4bd40650af6,99830b75b193,
England,E12000008,E07000210,Mole Valley,MOLVA_581536aa95a5,d46cfa85e972,
England,E12000008,E07000210,Mole Valley,MOLVA_6f13cb6cd200,c1227a8dccf4,
England,E12000008,E07000210,Mole Valley,MOLVA_0e9af4495d02,d9ab22ca1a2b,
England,E12000008,E07000210,Mole Valley,MOLVA_c822dcea6858,0cc6e0547033,
England,E12000008,E07000210,Mole Valley,MOLVA_1d6a11a4faac,b85dd2b16fdb,
England,E12000008,E07000210,Mole Valley,MOLVA_420bb9e2d290,05a9553bca89,
England,E12000008,E07000210,Mole Valley,MOLVA_3e7dc15fd1c0,b4075d9baf4d,
England,E12000008,E07000210,Mole Valley,MOLVA_3761f20161ae,f166bc692ed3,
England,E12000008,E07000210,Mole Valley,MOLVA_d88640e1bf9f,4a236271258e,
England,E12000008,E07000210,Mole Valley,MOLVA_f41a48fcc796,8838d6b4da45,
England,E12000008,E07000210,Mole Valley,MOLVA_324aa531611f,1a14a64c4d6f,
England,E12000008,E07000210,Mole Valley,MOLVA_54a10118f220,b08ab41fc554,
England,E12000008,E07000210,Mole Valley,MOLVA_4c94d2d87d34,74a502431e71,
England,E12000008,E07000210,Mole Valley,MOLVA_d85790f658a7,901bce74d5f7,
England,E12000008,E07000210,Mole Valley,MOLVA_ef5fcf39858e,60033d260bb8,
England,E12000008,E07000210,Mole Valley,MOLVA_b6a373ad09ea,5cce3f514899,
England,E12000008,E07000210,Mole Valley,MOLVA_48cd292e6378,df0ff98155ee,
England,E12000008,E07000210,Mole Valley,MOLVA_97e7d4416bc6,a284937951b3,
England,E12000008,E07000210,Mole Valley,MOLVA_c0a68e431d9a,47dee87f3d0b,
England,E12000008,E07000210,Mole Valley,MOLVA_c6f30783ac1d,6e37029d3126,
England,E12000008,E07000210,Mole Valley,MOLVA_d57a5806f779,fdce9ecaec49,
England,E12000008,E07000210,Mole Valley,MOLVA_10382e4d950e,9352c980d6aa,
England,E12000008,E07000210,Mole Valley,MOLVA_85c9b1830cf5,87979ef1ec04,
England,E12000008,E07000210,Mole Valley,MOLVA_a09721d75921,f28194fc906f,
England,E12000008,E07000210,Mole Valley,MOLVA_0bb3e171b9a8,7d01ba197e4f,
England,E12000008,E07000210,Mole Valley,MOLVA_b941fd9dc7f5,c07571f70527,
England,E12000008,E07000210,Mole Valley,MOLVA_d00ed9656769,d44620d346ff,
England,E12000008,E07000210,Mole Valley,MOLVA_9ea955ecdc00,17e0c79739ba,
England,E12000008,E07000210,Mole Valley,MOLVA_42e18dc4ff52,6446fe84360d,
England,E12000008,E07000210,Mole Valley,MOLVA_eb05459e7f6e,32b8417f612f,
England,E12000008,E07000210,Mole Valley,MOLVA_a6a1664c9acc,69b9209e6015,
England,E12000008,E07000210,Mole Valley,MOLVA_7ab3e04c7142,dea3277ecc7a,
England,E12000008,E07000210,Mole Valley,MOLVA_404b5b602043,650b67d8e2e7,
England,E12000008,E07000210,Mole Valley,MOLVA_72d5ccc3f443,9bcc822929f4,
England,E12000008,E07000210,Mole Valley,MOLVA_38c828d7f603,481a28698f9b,
England,E12000008,E07000210,Mole Valley,MOLVA_cf5df22d0076,d4404c912749,
England,E12000008,E07000210,Mole Valley,MOLVA_4c6e204f27fb,07be61016fca,
England,E12000008,E07000210,Mole Valley,MOLVA_131ab4c80034,9332072b7450,
England,E12000008,E07000210,Mole Valley,MOLVA_324f2a490523,55754ef25a73,
England,E12000008,E07000210,Mole Valley,MOLVA_6a4f6a720f12,4d87f58880d0,
England,E12000008,E07000210,Mole Valley,MOLVA_b2bd6c02daa3,ff5210f8466c,
England,E12000008,E07000210,Mole Valley,MOLVA_2538271a57de,ae162811bf60,
England,E12000008,E07000210,Mole Valley,MOLVA_e5282b6e27f1,922c4167c4f8,
England,E12000008,E07000210,Mole Valley,MOLVA_ad7595c90c90,442e98a6cd42,
England,E12000008,E07000210,Mole Valley,MOLVA_71afcef43ab5,3fc1429fa3fe,
England,E12000008,E07000210,Mole Valley,MOLVA_7bdf6d9e87ec,fd9ea8785b39,
England,E12000008,E07000210,Mole Valley,MOLVA_2cdf6f989ff2,3fbf6718dc0a,
England,E12000008,E07000210,Mole Valley,MOLVA_668feeba0a6c,9547751ab037,
England,E12000008,E07000210,Mole Valley,MOLVA_9d9e81cd18fe,9f60cc6f6c63,
England,E12000008,E07000210,Mole Valley,MOLVA_9bc834f99c82,889026e35f84,
England,E12000008,E07000210,Mole Valley,MOLVA_d10ca37cfd3c,1fbfd3bc3f9a,
England,E12000008,E07000210,Mole Valley,MOLVA_18f848c2958a,79bacc993542,
England,E12000008,E07000210,Mole Valley,MOLVA_303e3e8dff36,528709f5fcd5,
England,E12000008,E07000210,Mole Valley,MOLVA_0f9c2bd981a2,0888d4fd394e,
England,E12000008,E07000210,Mole Valley,MOLVA_04eb3628f636,66a6f8c99fe4,
England,E12000008,E07000210,Mole Valley,MOLVA_4981fc8bc8b8,dcd2c5827ae6,
England,E12000008,E07000210,Mole Valley,MOLVA_5a862f678e28,e2999bd8fb86,
England,E12000008,E07000210,Mole Valley,MOLVA_b0e71bc7d3ab,1664da9e6278,
England,E12000008,E07000210,Mole Valley,MOLVA_f102fda50050,44653b3f39ec,
England,E12000008,E07000210,Mole Valley,MOLVA_9ec2e3b24c65,170cb016ccb1,
England,E12000008,E07000210,Mole Valley,MOLVA_7668d0e21048,710b6cdf1710,
England,E12000008,E07000210,Mole Valley,MOLVA_03ef678f5677,3ddea0ded950,
England,E12000008,E07000210,Mole Valley,MOLVA_3c9574c751ef,68d05f2832d2,
England,E12000008,E07000210,Mole Valley,MOLVA_1f60dbeea668,67f8a987fb9f,
England,E12000008,E07000210,Mole Valley,MOLVA_27868536e770,cd89cc0544d1,
England,E12000008,E07000210,Mole Valley,MOLVA_6d0b7fba2ef3,b05c176e48fd,
England,E12000008,E07000210,Mole Valley,MOLVA_5135faa8e982,d0f29699b49e,
England,E12000008,E07000210,Mole Valley,MOLVA_c6d0f1cf284c,e81c4297e044,
England,E12000008,E07000210,Mole Valley,MOLVA_e31b44d30a66,b9bbee40145c,
England,E12000008,E07000210,Mole Valley,MOLVA_c0edd6ee9f4c,3609c8b7cdf9,
England,E12000008,E07000210,Mole Valley,MOLVA_47362d720eb2,db356ef3d485,
England,E12000008,E07000210,Mole Valley,MOLVA_a54578f74139,a4ac1f4c1a38,
England,E12000008,E07000210,Mole Valley,MOLVA_13a4c5cba9d1,ea97589c031e,
England,E12000008,E07000210,Mole Valley,MOLVA_bccc67770fb7,f65491e818d8,
England,E12000008,E07000210,Mole Valley,MOLVA_3250df91b1b7,d5ba909b745c,
England,E12000008,E07000210,Mole Valley,MOLVA_b443867dd69a,58ac80d7a19d,
England,E12000008,E07000210,Mole Valley,MOLVA_105d996bbf13,8f0ab9110468,
England,E12000008,E07000210,Mole Valley,MOLVA_3aa516c9fa28,8bb11867b3b7,
England,E12000008,E07000210,Mole Valley,MOLVA_b4012b58230c,39a2c42db242,
England,E12000008,E07000210,Mole Valley,MOLVA_2c6d13bbe996,5641bc6890df,
England,E12000008,E07000210,Mole Valley,MOLVA_7d2935726df7,bc47d93dc232,
England,E12000008,E07000210,Mole Valley,MOLVA_3eb90a5a1d63,a9c4992aba19,
England,E12000008,E07000210,Mole Valley,MOLVA_eaa59ff726ba,d376f16aa6b2,
England,E12000008,E07000210,Mole Valley,MOLVA_a16917c14da5,65a63909be64,
England,E12000008,E07000210,Mole Valley,MOLVA_e9f345336d3e,61db5a80a890,
England,E12000008,E07000210,Mole Valley,MOLVA_ef820c8c927d,e8cf8b48c162,
England,E12000008,E07000210,Mole Valley,MOLVA_8a40ff0e9acf,e807408da93a,
England,E12000008,E07000210,Mole Valley,MOLVA_f6fd6ccb6cd3,81424d3b46bd,
England,E12000008,E07000210,Mole Valley,MOLVA_36722d7f3f50,1160e813bc16,
England,E12000008,E07000210,Mole Valley,MOLVA_f7430ff9f824,e96ce8b51c89,
England,E12000008,E07000210,Mole Valley,MOLVA_98067fbd4ad9,60ac9e8963bc,
England,E12000008,E07000210,Mole Valley,MOLVA_87172a5d2f2f,db5e47725dea,
England,E12000008,E07000210,Mole Valley,MOLVA_61fbaa666c72,416ff7f448e2,
England,E12000008,E07000210,Mole Valley,MOLVA_c90113d8c77d,26a3c94bdbdb,
England,E12000008,E07000210,Mole Valley,MOLVA_67a1d50cabda,1e66be6a3867,
England,E12000008,E07000210,Mole Valley,MOLVA_c55b6857a93f,a7e0030a45e4,
England,E12000008,E07000210,Mole Valley,MOLVA_97008fae0dcf,b49bec6651a0,
England,E12000008,E07000210,Mole Valley,MOLVA_38dd8c040e63,84f4e9e5171f,
England,E12000008,E07000210,Mole Valley,MOLVA_e05a5c8f6673,ef711202f1da,
England,E12000008,E07000210,Mole Valley,MOLVA_651682acb93d,fc8e77094d35,
England,E12000008,E07000210,Mole Valley,MOLVA_74af9a0b3a7c,39ff1dff1286,
England,E12000008,E07000210,Mole Valley,MOLVA_beb7feee6967,ac3db6b0c23d,
England,E12000008,E07000210,Mole Valley,MOLVA_d5565d57736c,df0bf62f343a,
England,E12000008,E07000210,Mole Valley,MOLVA_c8e09afbadeb,eedf334cf562,
England,E12000008,E07000210,Mole Valley,MOLVA_e9ab3588182d,7528a790181a,
England,E12000008,E07000210,Mole Valley,MOLVA_9418ba445426,ee3a32854e0e,
England,E12000008,E07000210,Mole Valley,MOLVA_e12fa4147589,bf636ba37f48,
England,E12000008,E07000210,Mole Valley,MOLVA_bc09cefed6a7,6873f65b929a,
England,E12000008,E07000210,Mole Valley,MOLVA_6ea0f8497058,7d7af4447fe5,
England,E12000008,E07000210,Mole Valley,MOLVA_6aa9383f2469,2437b8b500e5,
England,E12000008,E07000210,Mole Valley,MOLVA_efdfefd3821e,a184d552a502,
England,E12000008,E07000210,Mole Valley,MOLVA_88664b4c816c,16fc6a078f89,
England,E12000008,E07000210,Mole Valley,MOLVA_baee53918f06,3d14a0308e96,
England,E12000008,E07000210,Mole Valley,MOLVA_d576fcbc778a,ee6c0aedd2a7,
England,E12000008,E07000210,Mole Valley,MOLVA_31d2c9f3215e,4ae2c5ace139,
England,E12000008,E07000210,Mole Valley,MOLVA_91c9b9c0c719,20a771109cd8,
England,E12000008,E07000210,Mole Valley,MOLVA_32e18d79a3a4,c7196da162f8,
England,E12000008,E07000210,Mole Valley,MOLVA_d617789838d0,7737e77d6d9d,
England,E12000008,E07000210,Mole Valley,MOLVA_3938638bc96e,dcff13dd95b9,
England,E12000008,E07000210,Mole Valley,MOLVA_30777b9bc82c,38f1121fe5fe,
England,E12000008,E07000210,Mole Valley,MOLVA_bd772afcfd18,ce21d63ea9c6,
England,E12000008,E07000210,Mole Valley,MOLVA_feb4288c3a9a,5a5b1677d9bd,
England,E12000008,E07000210,Mole Valley,MOLVA_dcda3e80989f,deeb55439457,
England,E12000008,E07000210,Mole Valley,MOLVA_e5bb8cada77b,dda1b1abdbeb,
England,E12000008,E07000210,Mole Valley,MOLVA_b86fe5c6db1a,3163d264e712,
England,E12000008,E07000210,Mole Valley,MOLVA_d726d8e305df,a2f2f1d97bd2,
England,E12000008,E07000210,Mole Valley,MOLVA_8465bdd512d8,5ed7bc24554a,
England,E12000008,E07000210,Mole Valley,MOLVA_7a3e92ff0418,e6af4d9a0734,
England,E12000008,E07000210,Mole Valley,MOLVA_8d84b05ce373,ec10fd6d6430,
England,E12000008,E07000210,Mole Valley,MOLVA_ea93bbcb5233,67095da86731,
England,E12000008,E07000210,Mole Valley,MOLVA_9f6bb4b7c553,df910dfa6cf1,
England,E12000008,E07000210,Mole Valley,MOLVA_6cc34dc29e69,298f8e08dfc7,
England,E12000008,E07000210,Mole Valley,MOLVA_402522375f43,01811993c23a,
England,E12000008,E07000210,Mole Valley,MOLVA_bc4dcbc0cc59,5c92ba9336a8,
England,E12000008,E07000210,Mole Valley,MOLVA_ce3305fd66fa,2f46fb05d64a,
England,E12000008,E07000210,Mole Valley,MOLVA_827e3cd7f44c,d668f3bc54c7,
England,E12000008,E07000210,Mole Valley,MOLVA_ed72088a14ac,adcf7fbff119,
England,E12000008,E07000210,Mole Valley,MOLVA_f6df92ca6a97,17471513ccb2,
England,E12000008,E07000210,Mole Valley,MOLVA_f48045468f8d,b40b36c24873,
England,E12000008,E07000210,Mole Valley,MOLVA_33872e37a62b,7ab4e770b684,
England,E12000008,E07000210,Mole Valley,MOLVA_65f07ced9f51,4b324b6c18ab,
England,E12000008,E07000210,Mole Valley,MOLVA_1e878304ded3,ca7746258fc9,
England,E12000008,E07000210,Mole Valley,MOLVA_53c8c6dabc2e,513f639b189a,
England,E12000008,E07000210,Mole Valley,MOLVA_cb820c7c3adc,1e2dbb9b5a31,
England,E12000008,E07000210,Mole Valley,MOLVA_8d632237c4da,a97dfd3b1893,
England,E12000008,E07000210,Mole Valley,MOLVA_788494d2625c,c0ddc53baae8,
England,E12000008,E07000210,Mole Valley,MOLVA_2c711e863a5a,4cfa5ad4d968,
England,E12000008,E07000210,Mole Valley,MOLVA_ab6b670855b5,c822e6baf7ea,
England,E12000008,E07000210,Mole Valley,MOLVA_ddd625771534,e56acbc7834e,
England,E12000008,E07000210,Mole Valley,MOLVA_1da29a3877a1,9f47a4b46465,
England,E12000008,E07000210,Mole Valley,MOLVA_3dd7c6cf900f,6344804f4ac8,
England,E12000008,E07000210,Mole Valley,MOLVA_32c9f9fa50d8,ad0c61bc7702,
England,E12000008,E07000210,Mole Valley,MOLVA_4e4958c512b5,1bc17d7c98ed,
England,E12000008,E07000210,Mole Valley,MOLVA_10fbc59b8c6e,c5c74abf1769,
England,E12000008,E07000210,Mole Valley,MOLVA_2ad385994808,fa3a553166ca,
England,E12000008,E07000210,Mole Valley,MOLVA_a215e103ea28,352f639393fc,
England,E12000008,E07000210,Mole Valley,MOLVA_282bb8306ba6,9acd45c4ddd6,
England,E12000008,E07000210,Mole Valley,MOLVA_c742581b352a,49e31d72428a,
England,E12000008,E07000210,Mole Valley,MOLVA_7700ca41f038,ab96cae1c464,
England,E12000008,E07000210,Mole Valley,MOLVA_19553e029a13,612325d9037e,
England,E12000008,E07000210,Mole Valley,MOLVA_91838a70e2b7,4d115557e176,
England,E12000008,E07000210,Mole Valley,MOLVA_fffddcee8fd8,a7a9794f94d5,
England,E12000008,E07000210,Mole Valley,MOLVA_78ae1c902a67,576b3bf66c85,
England,E12000008,E07000210,Mole Valley,MOLVA_e829178968df,40227eda7124,
England,E12000008,E07000210,Mole Valley,MOLVA_c0b8593da1c9,d51f556bd451,
England,E12000008,E07000210,Mole Valley,MOLVA_87a4eab674b0,baed793ce75b,
England,E12000008,E07000210,Mole Valley,MOLVA_fcf51e1d7d8e,0eba34d8607a,
England,E12000008,E07000210,Mole Valley,MOLVA_36da27e16608,a923c7773d68,
England,E12000008,E07000210,Mole Valley,MOLVA_74a57d14adba,32189e4e8552,
England,E12000008,E07000210,Mole Valley,MOLVA_67772d5e227c,181c2181e917,
England,E12000008,E07000210,Mole Valley,MOLVA_0f8e02a69401,44e18b42447c,
England,E12000008,E07000210,Mole Valley,MOLVA_04fd2c41471e,ce50b46cf930,
England,E12000008,E07000210,Mole Valley,MOLVA_8d4da93a626e,79d4287fe035,
England,E12000008,E07000210,Mole Valley,MOLVA_6fa09739db60,bb8e2a4bd641,
England,E12000008,E07000210,Mole Valley,MOLVA_e37590050e72,d392faa400fd,
England,E12000008,E07000210,Mole Valley,MOLVA_7feecfdf8a0d,51743499b074,
England,E12000008,E07000210,Mole Valley,MOLVA_811d444b908b,df790e94f3f1,
England,E12000008,E07000210,Mole Valley,MOLVA_3649a39e3bac,96040b05b9fd,
England,E12000008,E07000210,Mole Valley,MOLVA_acab3266b6eb,b41f0b719ca7,
England,E12000008,E07000210,Mole Valley,MOLVA_398190a6281c,102e245d0c0d,
England,E12000008,E07000210,Mole Valley,MOLVA_53eee1b04580,5510507854f7,
England,E12000008,E07000210,Mole Valley,MOLVA_600f739b293c,2425be5547f6,
England,E12000008,E07000210,Mole Valley,MOLVA_4a53172d3e71,58c3aa288baf,
England,E12000008,E07000210,Mole Valley,MOLVA_a33d9107ec4e,0498c0b2bbc9,
England,E12000008,E07000210,Mole Valley,MOLVA_e8163ef8b8f4,fd0d6f8d1726,
England,E12000008,E07000210,Mole Valley,MOLVA_be948dbcbb7e,4fb6b1a2d9af,
England,E12000008,E07000210,Mole Valley,MOLVA_3496e4cbe3c1,cb15c3d25962,
England,E12000008,E07000210,Mole Valley,MOLVA_e1783fee4fb1,80b2ac74e043,
England,E12000008,E07000210,Mole Valley,MOLVA_85ea7a247892,325162b75369,
England,E12000008,E07000210,Mole Valley,MOLVA_2bca2e4e6fa9,d9ca04b089c9,
England,E12000008,E07000210,Mole Valley,MOLVA_feac68dfb2f2,8931da8b0753,
England,E12000008,E07000210,Mole Valley,MOLVA_49bdeb6031c2,c6ba4fe9f6c6,
England,E12000008,E07000210,Mole Valley,MOLVA_0bc9fe30ecf1,38c362ff8f78,
England,E12000008,E07000210,Mole Valley,MOLVA_19fd258e349d,3c25ac79b028,
England,E12000008,E07000210,Mole Valley,MOLVA_0a49710336cf,64bc63a2ee43,
England,E12000008,E07000210,Mole Valley,MOLVA_743eb7f7d5c1,9f5943028505,
England,E12000008,E07000210,Mole Valley,MOLVA_301793f5e110,ece7320dada3,
England,E12000008,E07000210,Mole Valley,MOLVA_41e97ad6a7d2,16a268c8aa84,
England,E12000008,E07000210,Mole Valley,MOLVA_7668fc6279f2,6d2b8dbdc18a,
England,E12000008,E07000210,Mole Valley,MOLVA_76df4c95517d,2b7d6ce2c73a,
England,E12000008,E07000210,Mole Valley,MOLVA_911c8b96c8d6,dd5eb72c72fd,
England,E12000008,E07000210,Mole Valley,MOLVA_bafa6826d53b,fcca7138a4d7,
England,E12000008,E07000210,Mole Valley,MOLVA_23867c33839e,05f59d29a3f4,
England,E12000008,E07000210,Mole Valley,MOLVA_1d1c61e5a341,9af471c0f616,
England,E12000008,E07000210,Mole Valley,MOLVA_9537957a1dd0,cdfe7e451046,
England,E12000008,E07000210,Mole Valley,MOLVA_a8dabf27b238,8a56e9ae169a,
England,E12000008,E07000210,Mole Valley,MOLVA_3f7b5bc4931b,144f39f3bea7,
England,E12000008,E07000210,Mole Valley,MOLVA_4366c1b10930,7fa3be952fbb,
England,E12000008,E07000210,Mole Valley,MOLVA_40f1bf96fd53,e60929e983cc,
England,E12000008,E07000210,Mole Valley,MOLVA_71a834b05d83,c49e3c52cf45,
England,E12000008,E07000210,Mole Valley,MOLVA_8692256879cd,f7b4aca8d8da,
England,E12000008,E07000210,Mole Valley,MOLVA_5127316ee2d4,493bfb139fd6,
England,E12000008,E07000210,Mole Valley,MOLVA_ed05f18cf573,77603efd58f4,
England,E12000008,E07000210,Mole Valley,MOLVA_33fb22356d53,e75dfd1a3360,
England,E12000008,E07000210,Mole Valley,MOLVA_36756879a3a8,6a471e6d7853,
England,E12000008,E07000210,Mole Valley,MOLVA_f89e13b88048,a0e457591355,
England,E12000008,E07000210,Mole Valley,MOLVA_a60bca6940f6,e2b05ce42596,
England,E12000008,E07000210,Mole Valley,MOLVA_7517af7f81d1,623bafc7dbde,
England,E12000008,E07000210,Mole Valley,MOLVA_57e0b38020eb,38de3e69f078,
England,E12000008,E07000210,Mole Valley,MOLVA_5a2703354785,5cde058df711,
England,E12000008,E07000210,Mole Valley,MOLVA_7d50139cbce4,3242c19a4be0,
England,E12000008,E07000210,Mole Valley,MOLVA_d6f907eb94a8,fe64ad4f2f2d,
England,E12000008,E07000210,Mole Valley,MOLVA_faea594e0dc3,fc5a7d294c04,
England,E12000008,E07000210,Mole Valley,MOLVA_25cfe64411db,a1b2de0b9708,
England,E12000008,E07000210,Mole Valley,MOLVA_0ad9150751b3,f730f17c29dd,
England,E12000008,E07000210,Mole Valley,MOLVA_dd8b52573c14,15d80955a7ee,
England,E12000008,E07000210,Mole Valley,MOLVA_bcbc83e4a4e6,c32f6df6701c,
England,E12000008,E07000210,Mole Valley,MOLVA_a8f6e0f2e132,e0eafd8a5d41,
England,E12000008,E07000210,Mole Valley,MOLVA_d73bb5915d3d,05805616276f,
England,E12000008,E07000210,Mole Valley,MOLVA_9698a95831fe,b372871c14bb,
England,E12000008,E07000210,Mole Valley,MOLVA_7a9d6d7bcbd6,eb7ad56b33d6,
England,E12000008,E07000210,Mole Valley,MOLVA_eb67e3a0525f,c1d34f4cf2f9,
England,E12000008,E07000210,Mole Valley,MOLVA_74f9f29b1c42,03ad5c341397,
England,E12000008,E07000210,Mole Valley,MOLVA_d93eab8db091,161e9c05e685,
England,E12000008,E07000210,Mole Valley,MOLVA_44a19e26bf0c,5488f107d059,
England,E12000008,E07000210,Mole Valley,MOLVA_653c4dbdca13,dec14e9ef416,
England,E12000008,E07000210,Mole Valley,MOLVA_44975af5de18,2bd9e0d3fc46,
England,E12000008,E07000210,Mole Valley,MOLVA_d5d0b2d561e8,c5e138d50c1d,
England,E12000008,E07000210,Mole Valley,MOLVA_a811fc9b6050,be66eaf9bf42,
England,E12000008,E07000210,Mole Valley,MOLVA_528a9c9bbaad,5db39f4ce997,
England,E12000008,E07000210,Mole Valley,MOLVA_170d63cdb045,6924c28d1091,
England,E12000008,E07000210,Mole Valley,MOLVA_9d2554f5d77f,315f0d5d403e,
England,E12000008,E07000210,Mole Valley,MOLVA_2e28957ca97a,0fd952d2789a,
England,E12000008,E07000210,Mole Valley,MOLVA_65bf55cb86b7,81f1ea1ee145,
England,E12000008,E07000210,Mole Valley,MOLVA_e619a38b5042,3116311ca942,
England,E12000008,E07000210,Mole Valley,MOLVA_c7e0e2ee19bd,2eec1bbf919c,
England,E12000008,E07000210,Mole Valley,MOLVA_37bf350b09eb,8bca4a389231,
England,E12000008,E07000210,Mole Valley,MOLVA_3379d16457e2,d96eb6427584,
England,E12000008,E07000210,Mole Valley,MOLVA_b22a966f6390,71bcc9e06716,
England,E12000008,E07000210,Mole Valley,MOLVA_5216ede3e187,653a52b1c8d6,
England,E12000008,E07000210,Mole Valley,MOLVA_6f482b62396f,69a9eed5eea0,
England,E12000008,E07000210,Mole Valley,MOLVA_9dbcbcbeb163,b6a0d607a5eb,
England,E12000008,E07000210,Mole Valley,MOLVA_df3b63f7d3da,2d35265abf62,
England,E12000008,E07000210,Mole Valley,MOLVA_d763299a26c9,5ddc5b2783ba,
England,E12000008,E07000210,Mole Valley,MOLVA_d76db3b31534,bd56b562e9ba,
England,E12000008,E07000210,Mole Valley,MOLVA_40761d3558f7,66980ab91d1e,
England,E12000008,E07000210,Mole Valley,MOLVA_0027a5586554,e301016cdb9d,
England,E12000008,E07000210,Mole Valley,MOLVA_882e5014ab51,11b5125b00bc,
England,E12000008,E07000210,Mole Valley,MOLVA_1cca329a75d2,b98392fbb02e,
England,E12000008,E07000210,Mole Valley,MOLVA_90312eeb82a3,00827a38ded2,
England,E12000008,E07000210,Mole Valley,MOLVA_0d61770a0d1e,085134fc3f3c,
England,E12000008,E07000210,Mole Valley,MOLVA_1c7df87d5ef5,a1b5c58934ff,
England,E12000008,E07000210,Mole Valley,MOLVA_7138aa7ffd72,179fa2ef4578,
England,E12000008,E07000210,Mole Valley,MOLVA_55efaffdf1a8,7407b501f052,
England,E12000008,E07000210,Mole Valley,MOLVA_093435de7b63,b5bf9404928c,
England,E12000008,E07000210,Mole Valley,MOLVA_7aab751542df,5c6cad971b33,
England,E12000008,E07000210,Mole Valley,MOLVA_eb4608ecaeda,031bd0843b4a,
England,E12000008,E07000210,Mole Valley,MOLVA_eba52e4c48fe,c4692d3d22e1,
England,E12000008,E07000210,Mole Valley,MOLVA_b0fac05050d7,2c3754a0ec74,
England,E12000008,E07000210,Mole Valley,MOLVA_b1b672666cb6,4604355539cc,
England,E12000008,E07000210,Mole Valley,MOLVA_b3bb2648540d,560a81fc711b,
England,E12000008,E07000210,Mole Valley,MOLVA_47b1c8fd7a62,320066f7432e,
England,E12000008,E07000210,Mole Valley,MOLVA_b4dcdfdc04a4,fc94fe2c7bc8,
England,E12000008,E07000210,Mole Valley,MOLVA_577cce50f53a,41af1b83165d,
England,E12000008,E07000210,Mole Valley,MOLVA_ff96bb15a27b,c07d2f7f6c56,
England,E12000008,E07000210,Mole Valley,MOLVA_ab1dd389153b,967339b93922,
England,E12000008,E07000210,Mole Valley,MOLVA_a6ea2f01416b,17fb594797fa,
England,E12000008,E07000210,Mole Valley,MOLVA_0c9e09c08602,be563134e47e,
England,E12000008,E07000210,Mole Valley,MOLVA_22bbbda85078,11ebdba5e3c5,
England,E12000008,E07000210,Mole Valley,MOLVA_1971502c1014,8b58cba2d113,
England,E12000008,E07000210,Mole Valley,MOLVA_ae03245bf795,a91c2039d63e,
England,E12000008,E07000210,Mole Valley,MOLVA_57aadf4e1636,4b9155629d45,
England,E12000008,E07000210,Mole Valley,MOLVA_9b414fbcd878,870deda2c4e6,
England,E12000008,E07000210,Mole Valley,MOLVA_29dba7e7db02,00fe5019ce2c,
England,E12000008,E07000210,Mole Valley,MOLVA_0aca88f7d109,58f710d85f16,
England,E12000008,E07000210,Mole Valley,MOLVA_6091b64e0d98,7c2838309d16,
England,E12000008,E07000210,Mole Valley,MOLVA_7efa6af6a94d,7d0bd69ecda4,
England,E12000008,E07000210,Mole Valley,MOLVA_cc07f27d6018,eb8370a3b750,
England,E12000008,E07000210,Mole Valley,MOLVA_e7acaa01da27,15bf8e2957d6,
England,E12000008,E07000210,Mole Valley,MOLVA_820257c2b8ad,7cc8791d1c29,
England,E12000008,E07000210,Mole Valley,MOLVA_92f02d39b38b,1089aebb5914,
England,E12000008,E07000210,Mole Valley,MOLVA_4810daef203b,a2077a5589f8,
England,E12000008,E07000210,Mole Valley,MOLVA_96b5c03539b2,d7345083795c,
England,E12000008,E07000210,Mole Valley,MOLVA_168fb2e126c5,0cdc9ca1cdcc,
England,E12000008,E07000210,Mole Valley,MOLVA_ab6806bd41b2,d0f7e898dcd5,
England,E12000008,E07000210,Mole Valley,MOLVA_2af54aecc09a,03350d583e94,
England,E12000008,E07000210,Mole Valley,MOLVA_a805c82a6ef0,5d5f5bde7cd0,
England,E12000008,E07000210,Mole Valley,MOLVA_45b10985b15c,308800da38ab,
England,E12000008,E07000210,Mole Valley,MOLVA_7219fbf4567d,86896f934f8c,
England,E12000008,E07000210,Mole Valley,MOLVA_9040dfe58c15,9bd4f61e2630,
England,E12000008,E07000210,Mole Valley,MOLVA_22988101df6e,aa70a302e07d,
England,E12000008,E07000210,Mole Valley,MOLVA_05a3bbd18226,57f56d236536,
England,E12000008,E07000210,Mole Valley,MOLVA_b10a91467573,e54f34fb75be,
England,E12000008,E07000210,Mole Valley,MOLVA_6a90ccc04264,dfc14924ea14,
England,E12000008,E07000210,Mole Valley,MOLVA_6025a857b358,f6aaaf5b87a9,
England,E12000008,E07000210,Mole Valley,MOLVA_ce5d30da016c,f8aab062a0f2,
England,E12000008,E07000210,Mole Valley,MOLVA_7e83c13281b8,5a52570e1c8c,
England,E12000008,E07000210,Mole Valley,MOLVA_754eb5fbbfec,4d4321c32aa6,
England,E12000008,E07000210,Mole Valley,MOLVA_1c6f25872641,d2b84e90232b,
England,E12000008,E07000210,Mole Valley,MOLVA_3b993d1a22fd,744e605ef39e,
England,E12000008,E07000210,Mole Valley,MOLVA_3295552935cb,17a44f081379,
England,E12000008,E07000210,Mole Valley,MOLVA_7fd1ad63e730,a262d8c29c0f,
England,E12000008,E07000210,Mole Valley,MOLVA_6943a7b55d41,9a37d4e4a7a3,
England,E12000008,E07000210,Mole Valley,MOLVA_a288c8b2bf31,ebf0ede671ec,
England,E12000008,E07000210,Mole Valley,MOLVA_160bedbd4388,16c031430d4f,
England,E12000008,E07000210,Mole Valley,MOLVA_d3c8e9e55d0b,64b510f8ca1a,
England,E12000008,E07000210,Mole Valley,MOLVA_3c9c5df8941d,553f378ae1bb,
England,E12000008,E07000210,Mole Valley,MOLVA_5bc79437d63c,2a0f730a8338,
England,E12000008,E07000210,Mole Valley,MOLVA_f3e0ec53aecc,6b2fc2ec96ad,
England,E12000008,E07000210,Mole Valley,MOLVA_93c9bf3b067d,861c7c531e6b,
England,E12000008,E07000210,Mole Valley,MOLVA_4a071d1ada7c,514d3d804569,
England,E12000008,E07000210,Mole Valley,MOLVA_1376ac2e1d92,8b20285c3062,
England,E12000008,E07000210,Mole Valley,MOLVA_02001e6d0247,469bf9b82016,
England,E12000008,E07000210,Mole Valley,MOLVA_dd67f41d9506,fb54d9721d15,
England,E12000008,E07000210,Mole Valley,MOLVA_fe0a3eb07b71,9dd63da92d02,
England,E12000008,E07000210,Mole Valley,MOLVA_679091f46a46,610c42f4e4f9,
England,E12000008,E07000210,Mole Valley,MOLVA_b4573695a98e,6624c1b2ef6d,
England,E12000008,E07000210,Mole Valley,MOLVA_70a78a68e712,8408d149a9ed,
England,E12000008,E07000210,Mole Valley,MOLVA_174143476a21,c3bc14afcdfe,
England,E12000008,E07000210,Mole Valley,MOLVA_95d77502bbc2,4590f364b9ee,
England,E12000008,E07000210,Mole Valley,MOLVA_0b1b6716af39,2470be17226c,
England,E12000008,E07000210,Mole Valley,MOLVA_8f9d69ab7f98,8589bb70063e,
England,E12000008,E07000210,Mole Valley,MOLVA_25b420e4187f,878f4b6ebf18,
England,E12000008,E07000210,Mole Valley,MOLVA_dc7d4c4cfa49,243becd389ec,
England,E12000008,E07000210,Mole Valley,MOLVA_abb13b527e7c,240885ce3611,
England,E12000008,E07000210,Mole Valley,MOLVA_b3429d96ec50,b933097f6a72,
England,E12000008,E07000210,Mole Valley,MOLVA_f5e3a409d6c4,e21c10a95fa9,
England,E12000008,E07000210,Mole Valley,MOLVA_2dd0656a0cde,f310fe011f1f,
England,E12000008,E07000210,Mole Valley,MOLVA_1a1f8a96291e,cab83c8a1ac8,
England,E12000008,E07000210,Mole Valley,MOLVA_13b1c2be674d,648df67bb870,
England,E12000008,E07000210,Mole Valley,MOLVA_b11011a8409a,8a8e77fcea5d,
England,E12000008,E07000210,Mole Valley,MOLVA_aebeef3f6642,4c836acd25e3,
England,E12000008,E07000210,Mole Valley,MOLVA_c5d9ad521091,a47c9f890aa9,
England,E12000008,E07000210,Mole Valley,MOLVA_dac35c2fe5fe,9ca1db369395,
England,E12000008,E07000210,Mole Valley,MOLVA_28d8925b5268,1f5d74a30de4,
England,E12000008,E07000210,Mole Valley,MOLVA_7b60db0b83d5,02d92f6d0eee,
England,E12000008,E07000210,Mole Valley,MOLVA_fdc06bdd6d81,1670ba4dfc09,
England,E12000008,E07000210,Mole Valley,MOLVA_6dd3242dd4f8,594338688f3f,
England,E12000008,E07000210,Mole Valley,MOLVA_fca05edd1f52,66c2deb120d2,
England,E12000008,E07000210,Mole Valley,MOLVA_1c72095fe544,acac142c5086,
England,E12000008,E07000210,Mole Valley,MOLVA_6ee1ed8af9f3,cedc259e6a9f,
England,E12000008,E07000210,Mole Valley,MOLVA_43962f6698c5,a0339c11dc03,
England,E12000008,E07000210,Mole Valley,MOLVA_7736bee6751d,6b444ba97907,
England,E12000008,E07000210,Mole Valley,MOLVA_3197fc961646,ec4bbe2c26c5,
England,E12000008,E07000210,Mole Valley,MOLVA_d53fd2e11723,6d6e85fa0da6,
England,E12000008,E07000210,Mole Valley,MOLVA_c52ee50f10c8,1c0547dc3be9,
England,E12000008,E07000210,Mole Valley,MOLVA_473ca6fcec91,9ddbb9e9e326,
England,E12000008,E07000210,Mole Valley,MOLVA_b2eb958d14f7,59ddcc31572e,
England,E12000008,E07000210,Mole Valley,MOLVA_a53702bb9ff5,8b77d31b8ce6,
England,E12000008,E07000210,Mole Valley,MOLVA_7bdb40a5aa0e,b8df80591ff7,
England,E12000008,E07000210,Mole Valley,MOLVA_4f672e4fa5fb,18c378c83e29,
England,E12000008,E07000210,Mole Valley,MOLVA_c12afafcf640,f89bb4b281fb,
England,E12000008,E07000210,Mole Valley,MOLVA_e110f510b1ac,f2ca2776a718,
England,E12000008,E07000210,Mole Valley,MOLVA_31f71a8c0eb6,929b062eea77,
England,E12000008,E07000210,Mole Valley,MOLVA_1d0ae0a1984c,e6f3b0c5586b,
England,E12000008,E07000210,Mole Valley,MOLVA_aae13f9eecf5,8db6366485cd,
England,E12000008,E07000210,Mole Valley,MOLVA_5b777a103399,56d71918d895,
England,E12000008,E07000210,Mole Valley,MOLVA_a457896f7046,b8696c8dedf7,
England,E12000008,E07000210,Mole Valley,MOLVA_f3b8329b5990,90524dd04aed,
England,E12000008,E07000210,Mole Valley,MOLVA_effa3993a6b7,18fcbf2cd3c2,
England,E12000008,E07000210,Mole Valley,MOLVA_e7a2e1554123,2e4372ae19fb,
England,E12000008,E07000210,Mole Valley,MOLVA_baf928bea4d6,a858bbebde4b,
England,E12000008,E07000210,Mole Valley,MOLVA_74d484452901,69ff1e086c0b,
England,E12000008,E07000210,Mole Valley,MOLVA_8582399e826a,9db08a9d4a6d,
England,E12000008,E07000210,Mole Valley,MOLVA_4ccbf02ee83e,9aabca648e8c,
England,E12000008,E07000210,Mole Valley,MOLVA_075deb13f42f,37eae6831811,
England,E12000008,E07000210,Mole Valley,MOLVA_14254254b452,9fdb66570ca3,
England,E12000008,E07000210,Mole Valley,MOLVA_7053ce5b6ea7,882c7a179b6a,
England,E12000008,E07000210,Mole Valley,MOLVA_5013cce73ce0,4cf65f7e1aa5,
England,E12000008,E07000210,Mole Valley,MOLVA_3bdd5addf78d,03aded489f75,
England,E12000008,E07000210,Mole Valley,MOLVA_4d5746f3ba19,0a9205614fa0,
England,E12000008,E07000210,Mole Valley,MOLVA_0bee31f36bec,319ad4f36842,
England,E12000008,E07000210,Mole Valley,MOLVA_a82f420e1d82,5c4ed434bc74,
England,E12000008,E07000210,Mole Valley,MOLVA_e98750a484bc,52bcb2bd9b7a,
England,E12000008,E07000210,Mole Valley,MOLVA_bee4f47e83e6,5119f474a1f0,
England,E12000008,E07000210,Mole Valley,MOLVA_f409905709e9,1af550196b68,
England,E12000008,E07000210,Mole Valley,MOLVA_30368b32b125,f6f794e51b1d,
England,E12000008,E07000210,Mole Valley,MOLVA_75b9ff213412,781b883cf9f3,
England,E12000008,E07000210,Mole Valley,MOLVA_c3e2b2b07b45,18a93903d8f0,
England,E12000008,E07000210,Mole Valley,MOLVA_30a1bba32031,14f43ec2ab47,
England,E12000008,E07000210,Mole Valley,MOLVA_c7e194242100,88638d4c3087,
England,E12000008,E07000210,Mole Valley,MOLVA_1e555e3bd39d,a4e81d417fd4,
England,E12000008,E07000210,Mole Valley,MOLVA_38367258d725,f8c35a970aee,
England,E12000008,E07000210,Mole Valley,MOLVA_fb422e929a99,2838e640372c,
England,E12000008,E07000210,Mole Valley,MOLVA_6ac05ecaabd5,26ffb96791d3,
England,E12000008,E07000210,Mole Valley,MOLVA_afbdf76cd285,519acfadc610,
England,E12000008,E07000210,Mole Valley,MOLVA_c73f8b3be8df,c8e54318f3df,
England,E12000008,E07000210,Mole Valley,MOLVA_bdb574be0baa,064e975d4099,
England,E12000008,E07000210,Mole Valley,MOLVA_38b2563e3f23,8f7d6bcab332,
England,E12000008,E07000210,Mole Valley,MOLVA_7ceaa8191213,56a766361f15,
England,E12000008,E07000210,Mole Valley,MOLVA_bdd5cfdc39eb,13c8a6967c12,
England,E12000008,E07000210,Mole Valley,MOLVA_1b96ba60d2c5,ac16b406d61c,
England,E12000008,E07000210,Mole Valley,MOLVA_08756e9a5c98,7494bac08435,
England,E12000008,E07000210,Mole Valley,MOLVA_96c337aced2f,efa2ed964881,
England,E12000008,E07000210,Mole Valley,MOLVA_fcacb177e016,f749b963cd50,
England,E12000008,E07000210,Mole Valley,MOLVA_7c98e63edfce,b636a1cb102b,
England,E12000008,E07000210,Mole Valley,MOLVA_9112d0b767db,471c05950e1b,
England,E12000008,E07000210,Mole Valley,MOLVA_b773232d16a7,df9dc84186f1,
England,E12000008,E07000210,Mole Valley,MOLVA_f52ea8a3b86a,cab681f44ace,
England,E12000008,E07000210,Mole Valley,MOLVA_6f6520e61817,ea10d3f3e186,
England,E12000008,E07000210,Mole Valley,MOLVA_7d497a04a0ea,3161b2e6c361,
England,E12000008,E07000210,Mole Valley,MOLVA_9c5493e23704,f696b839d16e,
England,E12000008,E07000210,Mole Valley,MOLVA_2d50d885107c,1f05c6e98baa,
England,E12000008,E07000210,Mole Valley,MOLVA_7ded95472838,0b09f8767447,
England,E12000008,E07000210,Mole Valley,MOLVA_6e3ffb98dc2d,642e99461b2b,
England,E12000008,E07000210,Mole Valley,MOLVA_f6da10869a6a,6ce559370c21,
England,E12000008,E07000210,Mole Valley,MOLVA_5b2f2997d063,c9212111abd2,
England,E12000008,E07000210,Mole Valley,MOLVA_6dcd1ba35027,e4ba6561e652,
England,E12000008,E07000210,Mole Valley,MOLVA_d7646e586183,507e01906311,
England,E12000008,E07000210,Mole Valley,MOLVA_457b1fed0fa3,aaa3ba62dad2,
England,E12000008,E07000210,Mole Valley,MOLVA_a18b94e9beb0,609d06461e22,
England,E12000008,E07000210,Mole Valley,MOLVA_440a252eaeef,bae35863adec,
England,E12000008,E07000210,Mole Valley,MOLVA_9f2ec227a00a,4560e0ce4ed5,
England,E12000008,E07000210,Mole Valley,MOLVA_8fc0cb1d1baa,7b255f28f4be,
England,E12000008,E07000210,Mole Valley,MOLVA_547a2ae2f617,108c36426706,
England,E12000008,E07000210,Mole Valley,MOLVA_d0091254080f,589821945422,
England,E12000008,E07000210,Mole Valley,MOLVA_477b1c35ea9c,672e5816e64f,
England,E12000008,E07000210,Mole Valley,MOLVA_15819b0c1a21,3ca09a8ce416,
England,E12000008,E07000210,Mole Valley,MOLVA_380bfb43d7d1,ac24db179a03,
England,E12000008,E07000210,Mole Valley,MOLVA_c378f3ba29e6,dbdd5d305ef5,
England,E12000008,E07000210,Mole Valley,MOLVA_8559b942c6ef,22f117c6b0cb,
England,E12000008,E07000210,Mole Valley,MOLVA_100cf6ccc852,a8ce394e432b,
England,E12000008,E07000210,Mole Valley,MOLVA_d840b33d9619,db83bbf9cd7f,
England,E12000008,E07000210,Mole Valley,MOLVA_f370929f02d7,ad9b501d64c5,
England,E12000008,E07000210,Mole Valley,MOLVA_d1550b2497e5,fa2a97088084,
England,E12000008,E07000210,Mole Valley,MOLVA_a7f526a77493,77fd3be04198,
England,E12000008,E07000210,Mole Valley,MOLVA_7274214545a4,09c48220979d,
England,E12000008,E07000210,Mole Valley,MOLVA_80c186ceef04,b924aeae11b3,
England,E12000008,E07000210,Mole Valley,MOLVA_5537a404b30e,26602e6eeb1e,
England,E12000008,E07000210,Mole Valley,MOLVA_867f4cedc8df,a61a596c105e,
England,E12000008,E07000210,Mole Valley,MOLVA_ae73037619a0,413c7ffcee11,
England,E12000008,E07000210,Mole Valley,MOLVA_c22dae77dcbf,788953af1359,
England,E12000008,E07000210,Mole Valley,MOLVA_96a76e2c5292,714c4c0d509d,
England,E12000008,E07000210,Mole Valley,MOLVA_6b5c30a8aa97,2fb822b3e937,
England,E12000008,E07000210,Mole Valley,MOLVA_7a424e68ee8f,80a2cccc906d,
England,E12000008,E07000210,Mole Valley,MOLVA_716fff5b0176,6cd5b017ddc7,
England,E12000008,E07000210,Mole Valley,MOLVA_fe0779ebd3c7,96bec90ec069,
England,E12000008,E07000210,Mole Valley,MOLVA_28f6103c95e8,addc4cd2b910,
England,E12000008,E07000210,Mole Valley,MOLVA_d3d56285a2f1,0ea61131f295,
England,E12000008,E07000210,Mole Valley,MOLVA_dff04f451558,90c0b0fcfa67,
England,E12000008,E07000210,Mole Valley,MOLVA_16d11501223a,80969002ad80,
England,E12000008,E07000210,Mole Valley,MOLVA_c0938103bda4,97763ca758dc,
England,E12000008,E07000210,Mole Valley,MOLVA_f5d6b2a569b6,aad94fba88d7,
England,E12000008,E07000210,Mole Valley,MOLVA_a1921c5d16cf,ddc724ba6518,
England,E12000008,E07000210,Mole Valley,MOLVA_f5e6e9065f20,a32f999e9dea,
England,E12000008,E07000210,Mole Valley,MOLVA_606d7be02574,700c1c82480c,
England,E12000008,E07000210,Mole Valley,MOLVA_17678d72298e,65466c5d9a54,
England,E12000008,E07000210,Mole Valley,MOLVA_fbaad2409a81,2c2f27e7b39a,
England,E12000008,E07000210,Mole Valley,MOLVA_14904a267860,1c21996f1343,
England,E12000008,E07000210,Mole Valley,MOLVA_4bd76bb0b741,1c6e5ef9a767,
England,E12000008,E07000210,Mole Valley,MOLVA_51b2ee47ea4e,5e58e9c98b0f,
England,E12000008,E07000210,Mole Valley,MOLVA_24488aa69f94,ae0efbf8fe33,
England,E12000008,E07000210,Mole Valley,MOLVA_6a106353a50b,1d136fc8d671,
England,E12000008,E07000210,Mole Valley,MOLVA_1fc6d63e0f22,7d0770ae45b2,
England,E12000008,E07000210,Mole Valley,MOLVA_351e6861a5d6,2a8cf5f12a5d,
England,E12000008,E07000210,Mole Valley,MOLVA_7e327c7ba37a,7e39be128f4c,
England,E12000008,E07000210,Mole Valley,MOLVA_8ff40857e5d6,51067c871f3f,
England,E12000008,E07000210,Mole Valley,MOLVA_329c37d27604,0784478859d4,
England,E12000008,E07000210,Mole Valley,MOLVA_af5d9a47da13,416652b06513,
England,E12000008,E07000210,Mole Valley,MOLVA_eae1d026680a,3d653be4514f,
England,E12000008,E07000210,Mole Valley,MOLVA_e65935f2c4c5,9b610706dfb9,
England,E12000008,E07000210,Mole Valley,MOLVA_4c0b3d109b60,0d00b60efef9,
England,E12000008,E07000210,Mole Valley,MOLVA_ce67a9faa50f,78464254e8f1,
England,E12000008,E07000210,Mole Valley,MOLVA_658bbcbcec01,b061ebc1fdb6,
England,E12000008,E07000210,Mole Valley,MOLVA_bdbd0389da4d,579210123a78,
England,E12000008,E07000210,Mole Valley,MOLVA_3a69fd12d6cb,83b98e1dab85,
England,E12000008,E07000210,Mole Valley,MOLVA_e11770e150e1,8c60456ff335,
England,E12000008,E07000210,Mole Valley,MOLVA_36adabe5c929,d0758b1d27ba,
England,E12000008,E07000210,Mole Valley,MOLVA_bdb7dd63c96b,b27d32398507,
England,E12000008,E07000210,Mole Valley,MOLVA_6d3d4fd8d49b,902a47d40a3e,
England,E12000008,E07000210,Mole Valley,MOLVA_8ec5aabf3744,40265d3e3a84,
England,E12000008,E07000210,Mole Valley,MOLVA_44f5ab46768e,4937e437a224,
England,E12000008,E07000210,Mole Valley,MOLVA_ba4c38245d5c,5a3c5b75f65d,
England,E12000008,E07000210,Mole Valley,MOLVA_ab60d99e2649,92014a5a5065,
England,E12000008,E07000210,Mole Valley,MOLVA_5140322596cb,927a5c3277d6,
England,E12000008,E07000210,Mole Valley,MOLVA_d2a9da621cd5,edc91fc65333,
England,E12000008,E07000210,Mole Valley,MOLVA_b28f3172fb24,47c8556b692f,
England,E12000008,E07000210,Mole Valley,MOLVA_433734f105a3,57c724eea00d,
England,E12000008,E07000210,Mole Valley,MOLVA_0635672cba10,4c16d29f4b77,
England,E12000008,E07000210,Mole Valley,MOLVA_4470f56f5e31,58c0f679786e,
England,E12000008,E07000210,Mole Valley,MOLVA_951f3f948756,0bb554e32813,
