{
"type": "FeatureCollection",
"name": "Brighton and Hove_national_cycle_network",
"crs": { "type": "name", "properties": { "name": "urn:ogc:def:crs:OGC:1.3:CRS84" } },
"features": [
{"type":"Feature","properties":{"Desc_":"TrafficFree","Greenway":"No","RouteType":"NCN","RouteNo":2,"LinkNo":0,"RouteCat":"Main Route","OpenStatus":"Open","Surface":"Asphalt","Quality":"Standard","Lighting":"PartLit","RoadClass":null,"GlobalID":"77ce08fd-b488-4693-8e03-f6c1be42dc46","SegmentID":23557},"geometry":{"type":"LineString","coordinates":[[-0.03790313643445,50.799901336856742],[-0.037952109209705,50.799913263576975],[-0.03827209265029,50.799986608987595],[-0.038927939311002,50.800129319904613],[-0.039269943583414,50.800217044835165]]}},
{"type":"Feature","properties":{"Desc_":"TrafficFree","Greenway":"Yes","RouteType":"NCN","RouteNo":2,"LinkNo":0,"RouteCat":"Main Route","OpenStatus":"Open","Surface":"Concrete","Quality":"Acceptable","Lighting":"NotLit","RoadClass":null,"GlobalID":"3ddbcf8c-a640-43c9-8b14-4fa01ea62be0","SegmentID":9226},"geometry":{"type":"LineString","coordinates":[[-0.040354490616086,50.800086354963284],[-0.040692758952291,50.800218001172759],[-0.041017785395333,50.800291343639699],[-0.041347709254756,50.800343001737907],[-0.041654425365557,50.800389691602781],[-0.04179516542528,50.800381522009019],[-0.042657758370946,50.800527995264034],[-0.043007775919724,50.800574689426597],[-0.043317764071806,50.800571343192331],[-0.043622738976077,50.800564684247213],[-0.044010975584497,50.800556353423111],[-0.044427640469393,50.80056801403768],[-0.044752639078256,50.800594676534196],[-0.045134345770973,50.800653046584593],[-0.045519320986019,50.800714698867154],[-0.045796031675764,50.80077966222342],[-0.046085993449168,50.800841340185343],[-0.046382682314386,50.80090133132348],[-0.046679297567428,50.800958001808439],[-0.046962609372601,50.801024691771346],[-0.047259352496671,50.801094664577469],[-0.047557680003394,50.801158007818707],[-0.04787930329325,50.80120959857252],[-0.048190991219339,50.80126633661429],[-0.048504311971327,50.801317966640973],[-0.048810917684526,50.801367963605941],[-0.049094226218984,50.8014096558083],[-0.04937424086462,50.801462974151349],[-0.049719313013914,50.801516309883652],[-0.0500675262516,50.80157292582021],[-0.050369302526078,50.801601253151986],[-0.050679233995485,50.801579640021842],[-0.050987555441584,50.801562944798519],[-0.051292554864526,50.801544565420862],[-0.051615904473492,50.801529558502814],[-0.051934205918212,50.801534604161958],[-0.052247586029067,50.801567887011849],[-0.052547577887265,50.801627917628622],[-0.052834242046248,50.801684586273481],[-0.053114244882775,50.801749588139501],[-0.053422567931007,50.801806247980892],[-0.053732571880026,50.801856288713402],[-0.054040881721539,50.801896227443308],[-0.054457522260911,50.801947055301248],[-0.054600944290704,50.801769879565072],[-0.05493245160449,50.801836284379952],[-0.055322490685264,50.801902935284893],[-0.055695772495921,50.801984594928363],[-0.056072449664493,50.802066210763016],[-0.056457417913505,50.802151210125672],[-0.056668523968947,50.802271293198316]]}},
{"type":"Feature","properties":{"Desc_":"OnRoad","Greenway":"No","RouteType":"NCN","RouteNo":2,"LinkNo":0,"RouteCat":"Alternative Route","OpenStatus":"Open","Surface":"Asphalt","Quality":"Standard","Lighting":"PartLit","RoadClass":"A Road","GlobalID":"1c4a9413-b2a6-4b72-9713-82612d27c1b4","SegmentID":35639},"geometry":{"type":"LineString","coordinates":[[-0.057321707647467,50.803351732470723],[-0.056941947585771,50.803439842309778],[-0.056250350767892,50.803347381018057],[-0.055775019727506,50.80314867026344],[-0.055296289460875,50.80294853344315],[-0.054912705812331,50.802749495976016],[-0.05382440040936,50.802299652205633],[-0.052995487535016,50.802096956355996],[-0.052149035812533,50.801974904996207],[-0.05040686164626,50.801891845119854],[-0.049400296270953,50.801866028957683],[-0.048355679618311,50.801731644398153],[-0.04781773356954,50.801637924990573],[-0.045100985252369,50.801164523879748],[-0.043136449065005,50.800969708352063],[-0.041307333339954,50.800690056440899],[-0.040823776420913,50.800616122772404],[-0.040387525853449,50.800527854250817],[-0.039806820467919,50.800390776344564]]}},
{"type":"Feature","properties":{"Desc_":"TrafficFree","Greenway":"Yes","RouteType":"NCN","RouteNo":2,"LinkNo":0,"RouteCat":"Alternative Route","OpenStatus":"Open","Surface":"Asphalt","Quality":"Standard","Lighting":"PartLit","RoadClass":null,"GlobalID":"5708498e-4ed5-4fea-83da-19ddb6018384","SegmentID":42983},"geometry":{"type":"LineString","coordinates":[[-0.054902157870276,50.802857171505728],[-0.05479724920349,50.80279223301325],[-0.054662563229194,50.802720853158782],[-0.054272716749565,50.802538752214907],[-0.054129374855748,50.802482057992592],[-0.053986008411775,50.802432108448585],[-0.053837696569575,50.802385394914154],[-0.053681056052531,50.802342049803372],[-0.053516015856597,50.802303780698253],[-0.053362712048295,50.802262118680204],[-0.053221077827,50.802223789956543],[-0.053071068940226,50.802195394251171],[-0.052922748208437,50.80216872632915],[-0.052776107935416,50.802135439930701],[-0.052626085195644,50.802110461022508],[-0.052482799518754,50.802092069819572],[-0.052255317340268,50.802059591921022],[-0.052153240929781,50.802046780758964],[-0.052033934890757,50.802034661281361],[-0.051798292932145,50.802002486959438],[-0.051629918442037,50.801990861764082],[-0.051429962249396,50.801987522735089],[-0.051246667163933,50.801985900614277],[-0.051081583112813,50.801982513832144],[-0.050924969483604,50.801980887168888],[-0.050774982921942,50.801977572265962],[-0.050532966684608,50.801973456216096],[-0.050418607006956,50.801972417898611],[-0.050297042836013,50.801973642412094],[-0.049526521115052,50.801953578968167],[-0.049409607821888,50.801945364985301],[-0.0493057910727,50.801940625544809],[-0.048485413164436,50.801827915129223],[-0.048362802615643,50.801806923722218],[-0.048252513232069,50.801795069006573],[-0.046710346080358,50.801525184537951],[-0.045502822198706,50.801321089313774],[-0.044526245932708,50.801154551565254],[-0.043233899915913,50.801054380355353],[-0.043126293131908,50.801041909245974]]}},
{"type":"Feature","properties":{"Desc_":"TrafficFree","Greenway":"No","RouteType":"NCN","RouteNo":2,"LinkNo":0,"RouteCat":"Main Route","OpenStatus":"Open","Surface":"Asphalt","Quality":"Standard","Lighting":"NotLit","RoadClass":null,"GlobalID":"b4b3e621-e236-4b45-85b3-445e99d232e3","SegmentID":6126},"geometry":{"type":"LineString","coordinates":[[-0.056668523968947,50.802271293198316],[-0.056861572445552,50.8023966512716],[-0.057054818423036,50.802758707192432],[-0.057027722143761,50.802800157596515]]}},
{"type":"Feature","properties":{"Desc_":"OnRoad","Greenway":"No","RouteType":"NCN","RouteNo":2,"LinkNo":0,"RouteCat":"Main Route","OpenStatus":"Open","Surface":"Asphalt","Quality":"Standard","Lighting":"PartLit","RoadClass":"Local Street","GlobalID":"9543c242-b2f8-4520-bd67-45da1df459f3","SegmentID":12681},"geometry":{"type":"LineString","coordinates":[[-0.057027722143761,50.802800157596515],[-0.05730212559729,50.803310943870876]]}},
{"type":"Feature","properties":{"Desc_":"TrafficFree","Greenway":"Yes","RouteType":"NCN","RouteNo":2,"LinkNo":0,"RouteCat":"Alternative Route","OpenStatus":"Open","Surface":"Asphalt","Quality":"Standard","Lighting":"PartLit","RoadClass":null,"GlobalID":"378babe8-9f76-46aa-954d-8c212768169b","SegmentID":42982},"geometry":{"type":"LineString","coordinates":[[-0.055775019727506,50.80314867026344],[-0.055686486626649,50.803228641905406],[-0.05527594830776,50.803035055428133],[-0.055129419459739,50.802969945186135]]}},
{"type":"Feature","properties":{"Desc_":"TrafficFree","Greenway":"No","RouteType":"NCN","RouteNo":2,"LinkNo":0,"RouteCat":"Main Route","OpenStatus":"Open","Surface":"Asphalt","Quality":"Standard","Lighting":"PartLit","RoadClass":"A Road","GlobalID":"f7f0afc1-f973-4993-a918-c7524833d77d","SegmentID":1},"geometry":{"type":"LineString","coordinates":[[-0.058829916832639,50.803247152640317],[-0.058583405940215,50.803215342971278],[-0.05810193849683,50.803189344258833],[-0.057702584955335,50.803236658931716],[-0.057321707641035,50.803351732459127]]}},
{"type":"Feature","properties":{"Desc_":"OnRoad","Greenway":"No","RouteType":"NCN","RouteNo":2,"LinkNo":0,"RouteCat":"Main Route","OpenStatus":"Open","Surface":"Asphalt","Quality":"Standard","Lighting":"PartLit","RoadClass":"B Road","GlobalID":"2e29a982-2a54-4c9e-8747-d92f31d15e7b","SegmentID":6263},"geometry":{"type":"LineString","coordinates":[[-0.05730212559729,50.803310943870876],[-0.057321707641035,50.803351732459127]]}},
{"type":"Feature","properties":{"Desc_":"TrafficFree","Greenway":"No","RouteType":"NCN","RouteNo":2,"LinkNo":0,"RouteCat":"Main Route","OpenStatus":"Open","Surface":"Asphalt","Quality":"Standard","Lighting":"PartLit","RoadClass":null,"GlobalID":"6d5ef995-0622-4c03-a2da-f1a6eb0b46e4","SegmentID":31853},"geometry":{"type":"LineString","coordinates":[[-0.063071078440943,50.804171336255088],[-0.062837830910139,50.804091494777644],[-0.062459503296715,50.80401822868857],[-0.062077795307133,50.803913166530648],[-0.061791237598764,50.803824882903932],[-0.061467906774109,50.803734908436681],[-0.061107905474204,50.803631552741649],[-0.060904507506612,50.803578177093598],[-0.0606962656611,50.803523200655555],[-0.060491154489068,50.803463239416928],[-0.060284605657446,50.803409900248667],[-0.060066168173198,50.803358170798923],[-0.059837905557237,50.803306546491321],[-0.059599554057469,50.803266527600435],[-0.059382879043741,50.803231545428915],[-0.058852890658516,50.803169856386994],[-0.05882991683907,50.803247152651906]]}},
{"type":"Feature","properties":{"Desc_":"TrafficFree","Greenway":"No","RouteType":"NCN","RouteNo":2,"LinkNo":0,"RouteCat":"Main Route","OpenStatus":"Open","Surface":"Asphalt","Quality":"Standard","Lighting":"NotLit","RoadClass":null,"GlobalID":"e326b8a8-fcf8-4560-bac2-acc6962c50eb","SegmentID":6125},"geometry":{"type":"LineString","coordinates":[[-0.094572320952494,50.812849548592546],[-0.094363960559385,50.812797266099246],[-0.093997281735527,50.812722314854248],[-0.093588959332596,50.812655585838428],[-0.093387304113379,50.812612287830163],[-0.092990437787095,50.812566842887414],[-0.092207324185558,50.812367326927031],[-0.091899068922088,50.812300609017221],[-0.091582333358351,50.812232312636986],[-0.091259063384247,50.812160670823964],[-0.090930690714063,50.812082289376043],[-0.090600756326548,50.811999033902062],[-0.090267458977128,50.811912295901287],[-0.089932407847239,50.811822299542698],[-0.089615753521874,50.811732333577936],[-0.08929574002545,50.811644011548225],[-0.088977442609486,50.811554016954517],[-0.088674068506311,50.811474059947301],[-0.088397384356039,50.811394008732783],[-0.088122389813717,50.811324048385799],[-0.087859093185605,50.811245736044086],[-0.086812431349055,50.810939068511594],[-0.086429092898511,50.810834069585951],[-0.08610748273877,50.810742385026323],[-0.085715840358474,50.810637427450338],[-0.085449205027487,50.810560762806887],[-0.085184172419766,50.810482415070069],[-0.08491089176382,50.810402411460771],[-0.084629155090957,50.810325766936771],[-0.084342486628354,50.810244094297566],[-0.08404417497657,50.810160799817766],[-0.083744237158524,50.810077378890263],[-0.08343916674708,50.809990733497827],[-0.083129237880235,50.809902478571516],[-0.082807552235137,50.809815729460965],[-0.08249253293878,50.809729097989475],[-0.082180840526175,50.809644130199736],[-0.081872518552032,50.809562463679775],[-0.081582579845246,50.809480820650634],[-0.081302549286422,50.809397459231583],[-0.08101593509912,50.809317487401017],[-0.080737584962873,50.809235771104071],[-0.080450869438626,50.80915246855114],[-0.080164237400861,50.809067466858188],[-0.079885934066074,50.808987449979199],[-0.079600971770947,50.808907501818602],[-0.079317578674951,50.808829115799455],[-0.079035927900241,50.808750839608926],[-0.078754274360842,50.808675800404359],[-0.078472625167346,50.808597530960881],[-0.078187648409062,50.80852081679437],[-0.077911017576374,50.808445858253108],[-0.077629297673331,50.808372523110485],[-0.077354364398366,50.808299129118417],[-0.077081015153671,50.808224132721854],[-0.076807668225962,50.808149135716654],[-0.076529274020999,50.808077473361259],[-0.076245991036232,50.808002491122195],[-0.075956025525996,50.807927496936443],[-0.075659367309682,50.807847526083009],[-0.075352714901767,50.807765860707171],[-0.075027731512614,50.807677516517671],[-0.074694339922568,50.807585884004361],[-0.074356026347017,50.807494169306757],[-0.074009343682398,50.807395840046553],[-0.073660990403719,50.807300891667133],[-0.073307729135313,50.807205869296034],[-0.072947777127135,50.807105878772305],[-0.072596079661246,50.807012589747281],[-0.07224440297561,50.80691920915919],[-0.07188444137562,50.806819215164445],[-0.071529396100047,50.806722539018686],[-0.071171136225048,50.806640909921406],[-0.070846079102281,50.806549224194768],[-0.070562800201385,50.806454271132381],[-0.070311171123898,50.806364238671883],[-0.069944414839555,50.806239223684877],[-0.069584477734227,50.8061192660182],[-0.069236145812272,50.806004256944199],[-0.068891144187839,50.805882566572549],[-0.068556204771274,50.805772633667992],[-0.068232837284691,50.805662630546209],[-0.067919501826275,50.805559259076801],[-0.067582840759206,50.805450913715127],[-0.067239478835436,50.805340927464748],[-0.06689113576903,50.805240930597719],[-0.066542885197306,50.805144261877771],[-0.066182813684395,50.805039301906199],[-0.065797936131099,50.804934298391011],[-0.065602912777747,50.804879271055107],[-0.065331165037734,50.804805982316587],[-0.06505460265687,50.804727675577425],[-0.0647762716137,50.804652657514424],[-0.064499620593946,50.804571011327617],[-0.064224623755243,50.804494347438741],[-0.063942972581569,50.804417653437049],[-0.063654591821875,50.80433931815729],[-0.063362955757246,50.804257699403898],[-0.063071078434451,50.804171336243563]]}},
{"type":"Feature","properties":{"Desc_":"TrafficFree","Greenway":"Yes","RouteType":"NCN","RouteNo":2,"LinkNo":0,"RouteCat":"Main Route","OpenStatus":"Open","Surface":"Concrete","Quality":"Acceptable","Lighting":"NotLit","RoadClass":null,"GlobalID":"fb91633d-771a-450f-9b8a-8c940bc1b3bc","SegmentID":52985},"geometry":{"type":"LineString","coordinates":[[-0.040655293810041,50.800288486216949],[-0.040634518344413,50.800267433859077],[-0.040346115711174,50.800166420185633],[-0.040056531393656,50.800096343174076],[-0.040354490622741,50.800086354975171]]}},
{"type":"Feature","properties":{"Desc_":"TrafficFree","Greenway":"No","RouteType":"NCN","RouteNo":2,"LinkNo":0,"RouteCat":"Main Route","OpenStatus":"Open","Surface":"Asphalt","Quality":"Standard","Lighting":"PartLit","RoadClass":null,"GlobalID":"6bd226c0-321f-462e-8487-3868d79b728d","SegmentID":25834},"geometry":{"type":"LineString","coordinates":[[-0.039269943583414,50.800217044835165],[-0.039246002111211,50.800258392218765]]}},
{"type":"Feature","properties":{"Desc_":"TrafficFree","Greenway":"No","RouteType":"NCN","RouteNo":2,"LinkNo":0,"RouteCat":"Main Route","OpenStatus":"Open","Surface":"Asphalt","Quality":"Standard","Lighting":"PartLit","RoadClass":null,"GlobalID":"41761d94-5fe0-47ea-890b-93391bc7931b","SegmentID":23558},"geometry":{"type":"LineString","coordinates":[[-0.039269943583414,50.800217044835165],[-0.039828278463551,50.800335852668304],[-0.039806820467919,50.800390776344564]]}},
{"type":"Feature","properties":{"Desc_":"OnRoad","Greenway":"No","RouteType":"NCN","RouteNo":2,"LinkNo":0,"RouteCat":"Main Route","OpenStatus":"Open","Surface":"Asphalt","Quality":"Standard","Lighting":"PartLit","RoadClass":"A Road","GlobalID":"a787d4c7-7902-4c44-965e-aab28bc4e49b","SegmentID":36724},"geometry":{"type":"LineString","coordinates":[[-0.039806820467919,50.800390776344564],[-0.039246002111211,50.800258392218765]]}},
{"type":"Feature","properties":{"Desc_":"TrafficFree","Greenway":"Yes","RouteType":"NCN","RouteNo":2,"LinkNo":0,"RouteCat":"Main Route","OpenStatus":"Open","Surface":"Asphalt","Quality":"Standard","Lighting":"PartLit","RoadClass":null,"GlobalID":"e35ddecd-1985-4479-b9af-d30f64538653","SegmentID":40014},"geometry":{"type":"LineString","coordinates":[[-0.039828278463551,50.800335852668304],[-0.039897277664995,50.800339260156079]]}},
{"type":"Feature","properties":{"Desc_":"OnRoad","Greenway":"Yes","RouteType":"NCN","RouteNo":2,"LinkNo":0,"RouteCat":"Main Route","OpenStatus":"Open","Surface":"Concrete","Quality":"Standard","Lighting":"NotLit","RoadClass":null,"GlobalID":"4fab2f93-ae17-4b89-a201-ce6466de02b9","SegmentID":22212},"geometry":{"type":"LineString","coordinates":[[-0.039897277664995,50.800339260156079],[-0.040165318116752,50.800315135399863],[-0.04031203486976,50.80037676902478],[-0.040468732902853,50.800426779207541],[-0.040630356000049,50.800378427177876],[-0.040655293810041,50.800288486216949]]}},
{"type":"Feature","properties":{"Desc_":"TrafficFree","Greenway":"Yes","RouteType":"NCN","RouteNo":2,"LinkNo":0,"RouteCat":"Alternative Route","OpenStatus":"Open","Surface":"Asphalt","Quality":"Acceptable","Lighting":"PartLit","RoadClass":null,"GlobalID":"02212251-3d8d-4d6b-b3ff-6337f9917f73","SegmentID":26786},"geometry":{"type":"LineString","coordinates":[[-0.043126293131908,50.801041909245974],[-0.042993781957502,50.801024289669677],[-0.041940577314555,50.800867084580183],[-0.041270596279251,50.800759815262289],[-0.041307333339954,50.800690056440899]]}},
{"type":"Feature","properties":{"Desc_":"TrafficFree","Greenway":"No","RouteType":"NCN","RouteNo":2,"LinkNo":0,"RouteCat":"Main Route","OpenStatus":"Open","Surface":"Asphalt","Quality":"Standard","Lighting":"PartLit","RoadClass":null,"GlobalID":"100a6877-6089-4a72-98c0-bf18e449a1a4","SegmentID":31852},"geometry":{"type":"LineString","coordinates":[[-0.107153032286331,50.814391224820127],[-0.106916544901755,50.814413668063175],[-0.106624929058913,50.814478709536033],[-0.106313234062057,50.814533711331734],[-0.105991525268093,50.814567055013192],[-0.105661611522289,50.814591999476534],[-0.1053582194666,50.814615403999902],[-0.105004960422681,50.814630344398658],[-0.104593278266126,50.814590391106464],[-0.10429788784662,50.814510208448404],[-0.104056442016563,50.814448259165545],[-0.103730706987124,50.814423288527983],[-0.103411188406531,50.814413455337764],[-0.103073525786445,50.814381570784974],[-0.102761328788331,50.814316508128606],[-0.102447317499732,50.814266767238315],[-0.102045820863281,50.814205798737945],[-0.101682505356363,50.814187648893729],[-0.101356424359617,50.814158367063477],[-0.101017354088368,50.814091981156913],[-0.100657697847367,50.814021859631048],[-0.100290387346997,50.813953231248519],[-0.099937476332218,50.813884818181947],[-0.099603892888944,50.813818382620639],[-0.099253429908303,50.813766672519932],[-0.098920648044126,50.813708504203802],[-0.098554828786513,50.813638230858665],[-0.098202139486838,50.813578521993847],[-0.097829189931804,50.813501762720421],[-0.097463653283006,50.813433685098381],[-0.097092880360572,50.813360349625675],[-0.096722500340186,50.813287154289171],[-0.096333400504748,50.813205162445691],[-0.095952725309627,50.813133505513527],[-0.095588258306389,50.813048693385248],[-0.095217850101051,50.812975258988885],[-0.094904660525321,50.812910644915384],[-0.094572320958379,50.812849548603857]]}},
{"type":"Feature","properties":{"Desc_":"TrafficFree","Greenway":"No","RouteType":"NCN","RouteNo":2,"LinkNo":0,"RouteCat":"Main Route","OpenStatus":"Open","Surface":"Asphalt","Quality":"Standard","Lighting":"PartLit","RoadClass":null,"GlobalID":"8a658999-f8d7-429a-b04c-45f4c067a605","SegmentID":27348},"geometry":{"type":"LineString","coordinates":[[-0.108681179946483,50.81414690348511],[-0.108615919564772,50.814142050479674],[-0.108109832235739,50.814115562881192],[-0.108295369469265,50.814230802067293],[-0.108131262791994,50.814296520229064]]}},
{"type":"Feature","properties":{"Desc_":"TrafficFree","Greenway":"No","RouteType":"NCN","RouteNo":2,"LinkNo":0,"RouteCat":"Main Route","OpenStatus":"Open","Surface":"Asphalt","Quality":"Standard","Lighting":"FullLit","RoadClass":null,"GlobalID":"2e91a861-e6d0-4182-ba4e-58e102184863","SegmentID":18183},"geometry":{"type":"LineString","coordinates":[[-0.108131262791994,50.814296520229064],[-0.108003472284258,50.814424010559897],[-0.107835571478888,50.814379207123046],[-0.107666647489611,50.814359748866543]]}},
{"type":"Feature","properties":{"Desc_":"TrafficFree","Greenway":"No","RouteType":"NCN","RouteNo":2,"LinkNo":0,"RouteCat":"Main Route","OpenStatus":"Open","Surface":"Asphalt","Quality":"Standard","Lighting":"NotLit","RoadClass":null,"GlobalID":"1fca3d4f-c21f-49fa-9310-dd565c215fe7","SegmentID":10303},"geometry":{"type":"LineString","coordinates":[[-0.107666647483338,50.814359748855615],[-0.107153032280059,50.814391224809164]]}},
{"type":"Feature","properties":{"Desc_":"OnRoad","Greenway":"No","RouteType":"NCN","RouteNo":2,"LinkNo":0,"RouteCat":"Main Route","OpenStatus":"Open","Surface":"Asphalt","Quality":"Standard","Lighting":"NotLit","RoadClass":"Local Street","GlobalID":"1d8f219d-b9e0-4dae-888f-b99deff994e2","SegmentID":19038},"geometry":{"type":"LineString","coordinates":[[-0.120239946392413,50.816700043169362],[-0.120134790038586,50.816679300926907],[-0.119781483187937,50.816599421145028],[-0.113410162383618,50.815158787360573],[-0.109556298699465,50.814197327598002],[-0.108681179946483,50.81414690348511]]}},
{"type":"Feature","properties":{"Desc_":"OnRoad","Greenway":"Yes","RouteType":"NCN","RouteNo":2,"LinkNo":0,"RouteCat":"Main Route","OpenStatus":"Open","Surface":"Asphalt","Quality":"Standard","Lighting":"NotLit","RoadClass":"Local Street","GlobalID":"cb88da97-ef76-440d-8772-ee4579d6fd47","SegmentID":43486},"geometry":{"type":"LineString","coordinates":[[-0.120609955856393,50.816773023512837],[-0.120239946392413,50.816700043169362]]}},
{"type":"Feature","properties":{"Desc_":"TrafficFree","Greenway":"Yes","RouteType":"NCN","RouteNo":2,"LinkNo":0,"RouteCat":"Main Route","OpenStatus":"Open","Surface":"Asphalt","Quality":"Smooth","Lighting":"NotLit","RoadClass":null,"GlobalID":"b0965322-2386-488c-9ee5-8ca5c119d2d6","SegmentID":36223},"geometry":{"type":"LineString","coordinates":[[-0.124970646639411,50.817553158198962],[-0.122095146309604,50.816983926889613],[-0.120644516081832,50.816725904026164],[-0.120609955856393,50.816773023512837]]}},
{"type":"Feature","properties":{"Desc_":"TrafficFree","Greenway":"Yes","RouteType":"NCN","RouteNo":2,"LinkNo":0,"RouteCat":"Main Route","OpenStatus":"Open","Surface":"Asphalt","Quality":"Smooth","Lighting":"PartLit","RoadClass":null,"GlobalID":"a0c9bf0f-aa71-4763-bd65-d7f53ba45c1f","SegmentID":36404},"geometry":{"type":"LineString","coordinates":[[-0.13582156386439,50.819275809109051],[-0.13546269123701,50.819281355095534],[-0.132943175907814,50.819086654582868],[-0.132274881228876,50.81900492996904],[-0.131639834921337,50.818911601437087],[-0.13003152345928,50.818564951280827],[-0.124970646639411,50.817553158198962]]}},
{"type":"Feature","properties":{"Desc_":"TrafficFree","Greenway":"Yes","RouteType":"NCN","RouteNo":2,"LinkNo":0,"RouteCat":"Main Route","OpenStatus":"Open","Surface":"Asphalt","Quality":"Standard","Lighting":"PartLit","RoadClass":null,"GlobalID":"d1a068ca-1eab-4351-91bc-7743d3d830e7","SegmentID":220},"geometry":{"type":"LineString","coordinates":[[-0.13903823301727,50.81934598662118],[-0.138898961091436,50.819314132784093],[-0.138449344446423,50.819326693936745],[-0.137788641346086,50.81936777667363],[-0.137733927515631,50.819342387098921],[-0.137467451343161,50.819307259699606],[-0.136955033363785,50.819326754166234],[-0.136726858163846,50.819337357337048],[-0.136141009682811,50.819303072330243],[-0.135821563858669,50.819275809098443]]}},
{"type":"Feature","properties":{"Desc_":"TrafficFree","Greenway":"No","RouteType":"NCN","RouteNo":20,"LinkNo":0,"RouteCat":"Main Route","OpenStatus":"Open","Surface":"Asphalt","Quality":"Smooth","Lighting":"PartLit","RoadClass":null,"GlobalID":"aeb5a91a-abc9-4251-b268-05334223f298","SegmentID":6957},"geometry":{"type":"LineString","coordinates":[[-0.13902425233,50.819411928647824],[-0.13903823301727,50.81934598662118]]}},
{"type":"Feature","properties":{"Desc_":"OnRoad","Greenway":"No","RouteType":"NCN","RouteNo":20,"LinkNo":0,"RouteCat":"Main Route","OpenStatus":"Open","Surface":"Asphalt","Quality":"Smooth","Lighting":"PartLit","RoadClass":"Local Street","GlobalID":"a91bdbd8-e973-4a6f-805b-45135dfea1ca","SegmentID":27054},"geometry":{"type":"LineString","coordinates":[[-0.139306889593865,50.820790829847219],[-0.139142201615278,50.819933818843175],[-0.139065294543494,50.819725739961044],[-0.139024252335671,50.819411928658397]]}},
{"type":"Feature","properties":{"Desc_":"TrafficFree","Greenway":"No","RouteType":"NCN","RouteNo":20,"LinkNo":0,"RouteCat":"Main Route","OpenStatus":"Open","Surface":"Blocks","Quality":"Standard","Lighting":"PartLit","RoadClass":null,"GlobalID":"2438e0d8-2cd0-485f-959c-b49596ef04b3","SegmentID":3031},"geometry":{"type":"LineString","coordinates":[[-0.138971506974405,50.821330670365981],[-0.139004186107316,50.821276160027793],[-0.139267702748329,50.820860840292134],[-0.139306889588788,50.820790829836341]]}},
{"type":"Feature","properties":{"Desc_":"OnRoad","Greenway":"No","RouteType":"NCN","RouteNo":20,"LinkNo":0,"RouteCat":"Main Route","OpenStatus":"Open","Surface":"Blocks","Quality":"Standard","Lighting":"PartLit","RoadClass":"Local Street","GlobalID":"ec1e96d9-b6de-4692-a61a-11bf7d7f5d35","SegmentID":30450},"geometry":{"type":"LineString","coordinates":[[-0.138816222773527,50.821597370579703],[-0.138971506979494,50.821330670376859]]}},
{"type":"Feature","properties":{"Desc_":"OnRoad","Greenway":"No","RouteType":"NCN","RouteNo":20,"LinkNo":0,"RouteCat":"Main Route","OpenStatus":"Open","Surface":"Blocks","Quality":"Acceptable","Lighting":"PartLit","RoadClass":"Local Street","GlobalID":"8658f6ba-42be-4e4c-b94f-129499a24ec3","SegmentID":3634},"geometry":{"type":"LineString","coordinates":[[-0.138816222768436,50.821597370568824],[-0.138720784106887,50.821676610462738],[-0.138594821780971,50.821741513405691]]}},
{"type":"Feature","properties":{"Desc_":"TrafficFree","Greenway":"Yes","RouteType":"NCN","RouteNo":2,"LinkNo":0,"RouteCat":"Main Route","OpenStatus":"Open","Surface":"Asphalt","Quality":"Smooth","Lighting":"PartLit","RoadClass":null,"GlobalID":"7e41e021-e6fa-452c-b1a4-386d66a18803","SegmentID":6458},"geometry":{"type":"LineString","coordinates":[[-0.13903823301727,50.81934598662118],[-0.139420557199624,50.819431180103152],[-0.141278073488343,50.819936600657591],[-0.143069777457954,50.820221823900027],[-0.143518838023284,50.820249221176837],[-0.14422719117635,50.820334205557529],[-0.144858804914463,50.820432536330458],[-0.145457590619018,50.820590868588567],[-0.148552044343437,50.821192164555832],[-0.150271178053217,50.821465405506849],[-0.151682460597326,50.821697672275199],[-0.152022522844275,50.821754302403278],[-0.152327524233206,50.821809306266729],[-0.152637446581372,50.821875979904902],[-0.152955755641434,50.821940986738184],[-0.153279148931922,50.821992672769667],[-0.153594090796764,50.8220509783566],[-0.153915740291168,50.822102635039684],[-0.154237375959751,50.82215429961277],[-0.15456081826576,50.822210929323731],[-0.154894090248576,50.822255940985684],[-0.155220701673227,50.822309291359169],[-0.155537452571961,50.822369320085272],[-0.155855793059066,50.822427583354347],[-0.156177434778426,50.822479233691254],[-0.156505677369618,50.822535942850251],[-0.15682241068347,50.822602623043338],[-0.157144032521253,50.822660925632576],[-0.157452400237477,50.822699241280631],[-0.157775646840776,50.822745885162654],[-0.158104080065719,50.82278594578365],[-0.1584339716449,50.822827566389201],[-0.158757331918233,50.822877536961883],[-0.159080658971803,50.822922559663645],[-0.159402323707577,50.822970873875221],[-0.159729026059525,50.823019275626208],[-0.160085653017422,50.823077582449621],[-0.160442335344003,50.823122587596252],[-0.160795592758641,50.823165918843799],[-0.16113726531589,50.82321751144201],[-0.161473954495886,50.82327092217929],[-0.161815642791548,50.823322513042193],[-0.162160666595563,50.823357526352545],[-0.162492270692978,50.823409235242764],[-0.162818955037176,50.823452501746281],[-0.163142226344595,50.823495884498371],[-0.163468889941326,50.823542566408079],[-0.16379560704792,50.823587539471298],[-0.164120529431554,50.823630864550275],[-0.164435596658946,50.823677532223428],[-0.164747238297414,50.823719207720387],[-0.165055585730316,50.823764158209713],[-0.165362184895917,50.82380917033921],[-0.165667185549956,50.823855856322808],[-0.165970508073796,50.823900815358293],[-0.166282207239079,50.823929177204114],[-0.166598915303501,50.823960854581166],[-0.166915576862799,50.823990830586695],[-0.167233800125201,50.824025857654576],[-0.167552219906752,50.824059178165278],[-0.167855515895709,50.824092530202478],[-0.168157151938835,50.824120819906511],[-0.168465524606015,50.824147503969868],[-0.168770519942912,50.824182499089154],[-0.169133643657204,50.824221526036894]]}},
{"type":"Feature","properties":{"Desc_":"OnRoad","Greenway":"No","RouteType":"NCN","RouteNo":20,"LinkNo":0,"RouteCat":"Main Route","OpenStatus":"Open","Surface":"Asphalt","Quality":"Standard","Lighting":"PartLit","RoadClass":"B Road","GlobalID":"a47e39ce-50c7-41f7-8228-959b9b90f4cc","SegmentID":8970},"geometry":{"type":"LineString","coordinates":[[-0.138594821780971,50.821741513405691],[-0.138638159943996,50.821840592976805],[-0.139374905542156,50.822293833578641],[-0.139873210817627,50.822616550509714]]}},
{"type":"Feature","properties":{"Desc_":"OnRoad","Greenway":"No","RouteType":"NCN","RouteNo":20,"LinkNo":0,"RouteCat":"Main Route","OpenStatus":"Open","Surface":"Blocks","Quality":"Standard","Lighting":"PartLit","RoadClass":"Pedestrian","GlobalID":"434f792e-9cfa-497a-bda9-d3c62480678e","SegmentID":14555},"geometry":{"type":"LineString","coordinates":[[-0.13987321082279,50.822616550520571],[-0.139048364140076,50.824078338322735]]}},
{"type":"Feature","properties":{"Desc_":"TrafficFree","Greenway":"No","RouteType":"NCN","RouteNo":20,"LinkNo":0,"RouteCat":"Main Route","OpenStatus":"Open","Surface":"PavementSlabs","Quality":"Standard","Lighting":"PartLit","RoadClass":null,"GlobalID":"d3b2d16f-4028-4768-a835-4a8926aaab36","SegmentID":37703},"geometry":{"type":"LineString","coordinates":[[-0.137117685531238,50.823774323054856],[-0.137257615473223,50.823758209741897],[-0.13745338927375,50.823739578949713],[-0.137519085194313,50.823678643968478]]}},
{"type":"Feature","properties":{"Desc_":"OnRoad","Greenway":"No","RouteType":"NCN","RouteNo":20,"LinkNo":0,"RouteCat":"Main Route","OpenStatus":"Open","Surface":"Asphalt","Quality":"Acceptable","Lighting":"PartLit","RoadClass":"Local Street","GlobalID":"34aa296b-4222-4068-9c23-1f820f77c103","SegmentID":13303},"geometry":{"type":"LineString","coordinates":[[-0.13751908518914,50.823678643957599],[-0.139048364134856,50.824078338311878]]}},
{"type":"Feature","properties":{"Desc_":"TrafficFree","Greenway":"No","RouteType":"NCN","RouteNo":20,"LinkNo":0,"RouteCat":"Main Route","OpenStatus":"Open","Surface":"Asphalt","Quality":"Standard","Lighting":"PartLit","RoadClass":null,"GlobalID":"b007ab27-fba4-4fc3-b9b1-f4dfd37c319e","SegmentID":29761},"geometry":{"type":"LineString","coordinates":[[-0.134312948970919,50.829103067736987],[-0.134406099976175,50.829019018028845],[-0.134412589833972,50.828946659743764],[-0.134459271431584,50.828829985508058],[-0.134519368674778,50.828699946476767],[-0.134535969665849,50.82860661622756],[-0.134555946746261,50.828516577607466],[-0.134589337922781,50.828389978871236],[-0.134594337492989,50.828296643043245],[-0.134615960461295,50.828206630716267],[-0.134644305626451,50.828118255626443],[-0.134674309519707,50.827988275113263],[-0.13469932236568,50.827898316947433],[-0.134720998826818,50.827806596680446],[-0.134744267435653,50.827716610624776],[-0.134762681130562,50.82762160053089],[-0.134792635320724,50.827490000348142],[-0.134829320468266,50.827383320866247],[-0.134900990303675,50.827291680050472],[-0.134817974036232,50.827240870940891],[-0.134727084579738,50.82704416886407],[-0.134707181042904,50.826972828872449],[-0.134702565546936,50.826899475849835],[-0.134695507332581,50.826808681310425],[-0.134734329972157,50.826700022360349],[-0.134792628840194,50.826615002977867],[-0.134874349404638,50.826491694706228],[-0.134914325329201,50.826405024409233],[-0.134997628746783,50.826268349979934],[-0.135049296476328,50.826173331614264],[-0.135106022733708,50.826074976515976],[-0.135161036037482,50.825978302787568],[-0.135226018338384,50.825851668995185],[-0.135304321132353,50.825734961005899],[-0.135356009279606,50.825648306803032],[-0.135407652965383,50.825556706324356],[-0.135477703145284,50.825438337461733],[-0.135539298243004,50.825323332861451],[-0.135687289206016,50.82515503761725],[-0.135806059177854,50.825030144961772],[-0.13586224999684,50.825001498761921],[-0.13589738692571,50.824999856580526],[-0.136039834870972,50.825016872151089],[-0.13621112471878,50.825038430316518],[-0.136354138493712,50.825008806002096],[-0.13648079835958,50.824912106550748],[-0.136589058371487,50.824807108935708],[-0.13669070286704,50.824677111505551],[-0.136729156544029,50.824555449409097],[-0.136779095306848,50.824438818170279],[-0.136834031886104,50.824332168572724],[-0.136867368434669,50.824238835293855],[-0.136912379626784,50.824152155624745],[-0.136967468772551,50.824053782442945],[-0.136979102449824,50.823943824383569],[-0.136938494935335,50.82388175932455],[-0.137017647571133,50.823802000140326],[-0.137117685531238,50.823774323054856]]}},
{"type":"Feature","properties":{"Desc_":"TrafficFree","Greenway":"Yes","RouteType":"NCN","RouteNo":2,"LinkNo":0,"RouteCat":"Main Route","OpenStatus":"Open","Surface":"Asphalt","Quality":"Standard","Lighting":"PartLit","RoadClass":null,"GlobalID":"e06f654d-b86d-404a-847e-38308a7dc860","SegmentID":25410},"geometry":{"type":"LineString","coordinates":[[-0.169552995726545,50.824284843940461],[-0.169419572986667,50.824270259315654],[-0.16913364366282,50.824221526047239]]}},
{"type":"Feature","properties":{"Desc_":"TrafficFree","Greenway":"Yes","RouteType":"NCN","RouteNo":2,"LinkNo":0,"RouteCat":"Main Route","OpenStatus":"Open","Surface":"Asphalt","Quality":"Smooth","Lighting":"PartLit","RoadClass":null,"GlobalID":"77107bcd-de4c-4dac-b19d-9f7a94d2ae88","SegmentID":18194},"geometry":{"type":"LineString","coordinates":[[-0.169119328266515,50.824376143525924],[-0.169126822624164,50.824264839932241],[-0.16913364366282,50.824221526047239]]}},
{"type":"Feature","properties":{"Desc_":"TrafficFree","Greenway":"Yes","RouteType":"NCN","RouteNo":2,"LinkNo":0,"RouteCat":"Main Route","OpenStatus":"Open","Surface":"Asphalt","Quality":"Standard","Lighting":"PartLit","RoadClass":null,"GlobalID":"94206610-e643-48db-b6d6-f0bf97ad6685","SegmentID":1379},"geometry":{"type":"LineString","coordinates":[[-0.175093461716345,50.824215816603754],[-0.17499357008791,50.824201718575331],[-0.1747584604415,50.824180441652246],[-0.17439006906956,50.82415877035762],[-0.174063444323655,50.824132166330052],[-0.173738425893016,50.824108833191971],[-0.17342010925999,50.824097106782084],[-0.173080098313609,50.82410716495955],[-0.172753481386958,50.8241221885309],[-0.172433492158138,50.82413219763729],[-0.172155201798125,50.824225482683197],[-0.17204412074768,50.824573717193161]]}},
{"type":"Feature","properties":{"Desc_":"TrafficFree","Greenway":"Yes","RouteType":"NCN","RouteNo":2,"LinkNo":0,"RouteCat":"Main Route","OpenStatus":"Open","Surface":"Asphalt","Quality":"Standard","Lighting":"PartLit","RoadClass":null,"GlobalID":"08599928-c682-49e1-a445-cfe0958dfa0e","SegmentID":31034},"geometry":{"type":"LineString","coordinates":[[-0.169552995726545,50.824284843940461],[-0.169516997254761,50.824418490182111]]}},
{"type":"Feature","properties":{"Desc_":"OnRoad","Greenway":"No","RouteType":"NCN","RouteNo":2,"LinkNo":0,"RouteCat":"Main Route","OpenStatus":"Open","Surface":"Asphalt","Quality":"Standard","Lighting":"PartLit","RoadClass":"Local Street","GlobalID":"6f5114d4-19f6-4db3-82bb-749bf6a57f3b","SegmentID":33392},"geometry":{"type":"LineString","coordinates":[[-0.178068831243694,50.824515045388516],[-0.177865598824668,50.82449294130695],[-0.176536993918139,50.824337306457309],[-0.175093461721923,50.824215816614036]]}},
{"type":"Feature","properties":{"Desc_":"TrafficFree","Greenway":"Yes","RouteType":"NCN","RouteNo":2,"LinkNo":0,"RouteCat":"Main Route","OpenStatus":"Open","Surface":"Asphalt","Quality":"Standard","Lighting":"PartLit","RoadClass":null,"GlobalID":"126616a5-539a-435f-94d9-87f218d77882","SegmentID":25409},"geometry":{"type":"LineString","coordinates":[[-0.172044120753257,50.824573717203464],[-0.171802904612377,50.824541915158328],[-0.171452905659336,50.824501915027362],[-0.171066256445681,50.824465279605619],[-0.170689550147342,50.824416944335567],[-0.170339572431937,50.824370276961233],[-0.170011211379914,50.824336898186729],[-0.169709605454907,50.824301959476848],[-0.169552995726545,50.824284843940461]]}},
{"type":"Feature","properties":{"Desc_":"OnRoad","Greenway":"No","RouteType":"RCN","RouteNo":82,"LinkNo":0,"RouteCat":"N/A","OpenStatus":"Open","Surface":"Asphalt","Quality":"Standard","Lighting":"PartLit","RoadClass":null,"GlobalID":"28dec43b-c75a-486b-89dd-3c25adfbe24a","SegmentID":41008},"geometry":{"type":"LineString","coordinates":[[-0.169516997254761,50.824418490182111],[-0.169294445161889,50.824524801879697]]}},
{"type":"Feature","properties":{"Desc_":"TrafficFree","Greenway":"No","RouteType":"RCN","RouteNo":82,"LinkNo":0,"RouteCat":"N/A","OpenStatus":"Open","Surface":"Asphalt","Quality":"Standard","Lighting":"FullLit","RoadClass":"B Road","GlobalID":"26e4292f-7f02-4469-a72e-eeaa88ee8585","SegmentID":8763},"geometry":{"type":"LineString","coordinates":[[-0.16922056664014,50.824753446342093],[-0.169119328260898,50.824376143515579]]}},
{"type":"Feature","properties":{"Desc_":"TrafficFree","Greenway":"No","RouteType":"NCN","RouteNo":2,"LinkNo":0,"RouteCat":"Main Route","OpenStatus":"Open","Surface":"Asphalt","Quality":"Standard","Lighting":"NotLit","RoadClass":null,"GlobalID":"99d831be-0e4c-4ab2-b7d3-331123031f10","SegmentID":4308},"geometry":{"type":"LineString","coordinates":[[-0.181247608379379,50.824818249226354],[-0.18106760452468,50.824788427512061],[-0.180865884560932,50.824758401953481],[-0.18072254395276,50.824741688135326],[-0.180575902327673,50.824728439157489],[-0.180382634695723,50.824706719650536],[-0.180239290585376,50.824690104110807],[-0.180085948477303,50.824683396273201],[-0.179894229703349,50.824658372494007],[-0.17975599652948,50.824636709740467],[-0.17954923596722,50.824591763935445],[-0.179399320740905,50.824578372477973],[-0.179234260739917,50.82456338654238],[-0.179052575048775,50.824545092172578],[-0.178855961501253,50.8245134340183],[-0.178685945115398,50.824490096805121],[-0.178515977321524,50.824471714645568],[-0.178345925820188,50.82445512064664],[-0.178190998143196,50.824453421949627],[-0.178068831238119,50.824515045378256]]}},
{"type":"Feature","properties":{"Desc_":"OnRoad","Greenway":"No","RouteType":"RCN","RouteNo":82,"LinkNo":0,"RouteCat":"N/A","OpenStatus":"Open","Surface":"Asphalt","Quality":"Standard","Lighting":"PartLit","RoadClass":"B Road","GlobalID":"ba344f6e-bcfd-4fa3-89c9-468b38106c9f","SegmentID":8764},"geometry":{"type":"LineString","coordinates":[[-0.169294445156274,50.824524801869337],[-0.16922056664014,50.824753446342093]]}},
{"type":"Feature","properties":{"Desc_":"TrafficFree","Greenway":"No","RouteType":"NCN","RouteNo":20,"LinkNo":0,"RouteCat":"Main Route","OpenStatus":"Open","Surface":"Asphalt","Quality":"Standard","Lighting":"PartLit","RoadClass":null,"GlobalID":"9f91d4d6-6bba-4dc9-96e7-73b30097e56b","SegmentID":11993},"geometry":{"type":"LineString","coordinates":[[-0.134280564517114,50.829125006309233],[-0.134312948967445,50.829103067727154]]}},
{"type":"Feature","properties":{"Desc_":"TrafficFree","Greenway":"Yes","RouteType":"RCN","RouteNo":90,"LinkNo":0,"RouteCat":"N/A","OpenStatus":"Open","Surface":"Asphalt","Quality":"Standard","Lighting":"PartLit","RoadClass":null,"GlobalID":"0554dd71-1a03-4183-8ddb-8165d2bb5d6f","SegmentID":16134},"geometry":{"type":"LineString","coordinates":[[-0.134280564520572,50.829125006319032],[-0.134244167812482,50.829127896003833]]}},
{"type":"Feature","properties":{"Desc_":"TrafficFree","Greenway":"No","RouteType":"NCN","RouteNo":20,"LinkNo":0,"RouteCat":"Main Route","OpenStatus":"Open","Surface":"Asphalt","Quality":"Standard","Lighting":"PartLit","RoadClass":null,"GlobalID":"39392485-0ce6-4828-bd02-92fabdcbfc94","SegmentID":29760},"geometry":{"type":"LineString","coordinates":[[-0.134760382696391,50.829351187359705],[-0.134677799997092,50.82931360491736],[-0.134280564520572,50.829125006319032]]}},
{"type":"Feature","properties":{"Desc_":"TrafficFree","Greenway":"No","RouteType":"NCN","RouteNo":20,"LinkNo":0,"RouteCat":"Main Route","OpenStatus":"Open","Surface":"Asphalt","Quality":"Acceptable","Lighting":"PartLit","RoadClass":null,"GlobalID":"697a9708-bb1d-463e-a456-58c5e56c51d2","SegmentID":17380},"geometry":{"type":"LineString","coordinates":[[-0.135622842163305,50.829329308819503],[-0.135396456195838,50.829389735989352],[-0.135366317264149,50.829364530809336],[-0.134891234689603,50.829351992585522],[-0.134866178904874,50.829396002926842],[-0.134760382696391,50.829351187359705]]}},
{"type":"Feature","properties":{"Desc_":"OnRoad","Greenway":"No","RouteType":"NCN","RouteNo":20,"LinkNo":0,"RouteCat":"Main Route","OpenStatus":"Open","Surface":"Asphalt","Quality":"Acceptable","Lighting":"PartLit","RoadClass":"A Road","GlobalID":"cb01e956-02d2-4103-885d-21823659c325","SegmentID":42341},"geometry":{"type":"LineString","coordinates":[[-0.136775401968441,50.829456179767014],[-0.135667407302344,50.829465465653961],[-0.135622842163305,50.829329308819503],[-0.13518732133319,50.829307870529391],[-0.134794318803879,50.829280670710453],[-0.134760382696391,50.829351187359705]]}},
{"type":"Feature","properties":{"Desc_":"OnRoad","Greenway":"No","RouteType":"NCN","RouteNo":20,"LinkNo":0,"RouteCat":"Main Route","OpenStatus":"Open","Surface":"Asphalt","Quality":"Standard","Lighting":"PartLit","RoadClass":"Local Street","GlobalID":"3aed11b5-b1df-40fb-8d52-43bbc3588533","SegmentID":2159},"geometry":{"type":"LineString","coordinates":[[-0.136831997655999,50.829992729824831],[-0.136867832002031,50.829988283459535],[-0.136775401965239,50.829456179757543]]}},
{"type":"Feature","properties":{"Desc_":"TrafficFree","Greenway":"No","RouteType":"NCN","RouteNo":20,"LinkNo":0,"RouteCat":"Main Route","OpenStatus":"Open","Surface":"Blocks","Quality":"Standard","Lighting":"PartLit","RoadClass":null,"GlobalID":"67cd4839-09e6-437f-86ed-d807e63668e5","SegmentID":2804},"geometry":{"type":"LineString","coordinates":[[-0.136897695338012,50.830570759345783],[-0.136942383739503,50.830502977735947],[-0.13694715321923,50.8304063086984],[-0.136955435009432,50.830286321117846],[-0.136937062522683,50.830186314696206],[-0.136868127191925,50.830065445083093],[-0.136831997655999,50.829992729824831]]}},
{"type":"Feature","properties":{"Desc_":"TrafficFree","Greenway":"Yes","RouteType":"RCN","RouteNo":90,"LinkNo":0,"RouteCat":"N/A","OpenStatus":"Open","Surface":"Asphalt","Quality":"Acceptable","Lighting":"PartLit","RoadClass":null,"GlobalID":"70d52268-5d9a-4f49-ac79-2bdbd8b37ad7","SegmentID":34217},"geometry":{"type":"LineString","coordinates":[[-0.134244167812482,50.829127896003833],[-0.134046334637395,50.829148098608492],[-0.133916167359618,50.82924378748833],[-0.132678716593852,50.830196917967925],[-0.132443043433888,50.830382057387034],[-0.131946332898014,50.830722727895569],[-0.130876619745518,50.831516015402464],[-0.130762933312342,50.831514428097577],[-0.130556854159719,50.831560168940996]]}},
{"type":"Feature","properties":{"Desc_":"TrafficFree","Greenway":"No","RouteType":"NCN","RouteNo":20,"LinkNo":0,"RouteCat":"Main Route","OpenStatus":"Open","Surface":"Asphalt","Quality":"Standard","Lighting":"NotLit","RoadClass":null,"GlobalID":"91404ade-b485-4022-a5d8-ea2379f2344a","SegmentID":25839},"geometry":{"type":"LineString","coordinates":[[-0.136943195063897,50.830944760118228],[-0.13702766050888,50.830916942085622],[-0.136890869788088,50.830647006850342],[-0.136897695341106,50.830570759355084]]}},
{"type":"Feature","properties":{"Desc_":"OnRoad","Greenway":"No","RouteType":"NCN","RouteNo":20,"LinkNo":0,"RouteCat":"Main Route","OpenStatus":"Open","Surface":"Asphalt","Quality":"Acceptable","Lighting":"PartLit","RoadClass":"Local Street","GlobalID":"f3d59ccf-9586-427b-8fb3-790edc252b31","SegmentID":2968},"geometry":{"type":"LineString","coordinates":[[-0.138948914161871,50.833007401243982],[-0.138101866207028,50.832166466399151],[-0.137185258658245,50.831411385389842],[-0.136943195060787,50.830944760108906]]}},
{"type":"Feature","properties":{"Desc_":"TrafficFree","Greenway":"Yes","RouteType":"NCN","RouteNo":2,"LinkNo":0,"RouteCat":"Main Route","OpenStatus":"Open","Surface":"Asphalt","Quality":"Standard","Lighting":"PartLit","RoadClass":null,"GlobalID":"067a8983-6e50-41fa-a35f-ed8264a51732","SegmentID":25411},"geometry":{"type":"LineString","coordinates":[[-0.197376793854719,50.827754800535352],[-0.197320815560326,50.827684137364308],[-0.197040883074825,50.827645800280791],[-0.19673421912712,50.827570841662919],[-0.196487583898926,50.827472536227823],[-0.196222561255529,50.827377542612837],[-0.195952597132135,50.827285890445097],[-0.195680874162156,50.827197529060832],[-0.195412641719541,50.827115885195411],[-0.195140988739989,50.827044160723744],[-0.194862645656837,50.826972512916392],[-0.194562564065001,50.826894241718726],[-0.194259227105801,50.826824183521886],[-0.193944268095721,50.826749179030521],[-0.193614267912076,50.826690848719068],[-0.193277578053791,50.826632584793821],[-0.192935961055691,50.826565887726254],[-0.192595994553992,50.826507580081703],[-0.192242634575441,50.826450853712934],[-0.191887672229409,50.826399235846011],[-0.191531001455166,50.826352528765256],[-0.191170968745621,50.826310894796393],[-0.190801001854618,50.826280886346446],[-0.190427655492575,50.826247587554825],[-0.190051016464395,50.826217564109662],[-0.189680985029241,50.826189259863277],[-0.189311037880095,50.826170930468535],[-0.188934416501105,50.826152586273345],[-0.188566068043151,50.82612925193331],[-0.188196006989408,50.826110916326655],[-0.187827706652303,50.826089289166276],[-0.187464448220187,50.826067640207015],[-0.187107722129746,50.826037555813102],[-0.186746079818308,50.826022584925589],[-0.186377719656307,50.826002571081034],[-0.186016047321404,50.825979233472459],[-0.185652805894286,50.825954259606235],[-0.185292832188021,50.825929246374756],[-0.184932822691952,50.825902603642497],[-0.184574429693093,50.825879320640404],[-0.18422108308105,50.825852608459883],[-0.183846099628078,50.82581925406658],[-0.18346616789637,50.825780973934229],[-0.183076142394407,50.825745952077753],[-0.182704469720463,50.825706000210573],[-0.182332769850786,50.825672611024991],[-0.181967853348015,50.825627643661534],[-0.181614477084246,50.825592648911268],[-0.181274461629643,50.825557681412363],[-0.180898786034564,50.825518541730112],[-0.181149197032597,50.825031103729536],[-0.181247608384973,50.824818249236607]]}},
{"type":"Feature","properties":{"Desc_":"TrafficFree","Greenway":"No","RouteType":"RCN","RouteNo":82,"LinkNo":0,"RouteCat":"N/A","OpenStatus":"Open","Surface":"Asphalt","Quality":"Standard","Lighting":"PartLit","RoadClass":"B Road","GlobalID":"e2bec1c8-b052-4fe2-b3e1-dc2c3ffbc0b4","SegmentID":8765},"geometry":{"type":"LineString","coordinates":[[-0.167806806829554,50.830209014302525],[-0.167899158400771,50.829852065005525],[-0.167972270909058,50.82956946046869],[-0.167982464509209,50.829530317998206],[-0.168067806152448,50.829200333337219],[-0.168242316305457,50.828526216936325],[-0.168520882110881,50.82745019228657],[-0.168685198800153,50.826814857050266],[-0.168716475680772,50.826694204642294],[-0.169134511131606,50.825091009548125],[-0.16922056664014,50.824753446342093]]}},
{"type":"Feature","properties":{"Desc_":"OnRoad","Greenway":"No","RouteType":"NCN","RouteNo":2,"LinkNo":0,"RouteCat":"Main Route","OpenStatus":"Open","Surface":"Asphalt","Quality":"Acceptable","Lighting":"PartLit","RoadClass":null,"GlobalID":"1bfb227c-b8a1-4cfc-a26c-3af639d6a587","SegmentID":4622},"geometry":{"type":"LineString","coordinates":[[-0.215937917709736,50.82786673115465],[-0.212318663340314,50.82740695925223],[-0.209714751841947,50.827102596887038],[-0.20940276645385,50.827080534796444],[-0.208957828321031,50.827083764038058],[-0.207917840555998,50.827138238684341],[-0.207510211792014,50.827135334156566],[-0.20511650519678,50.826863775644902],[-0.2049050094211,50.8268554967635],[-0.204613484303968,50.82686274954861],[-0.204379014050176,50.826901070529743],[-0.203944104323788,50.827194555563359],[-0.203747522828384,50.827280404390173],[-0.203540610786496,50.82729063836635],[-0.201304018763949,50.826996265568312],[-0.201095048071419,50.826991372367225],[-0.200960280854762,50.827053014318111],[-0.200883416966809,50.827123939567443],[-0.20058877148865,50.828038382415926],[-0.200455311527894,50.828204017907332],[-0.200478828202877,50.828324290921749]]}},
{"type":"Feature","properties":{"Desc_":"OnRoad","Greenway":"No","RouteType":"NCN","RouteNo":2,"LinkNo":0,"RouteCat":"Main Route","OpenStatus":"Open","Surface":"Asphalt","Quality":"Acceptable","Lighting":"NotLit","RoadClass":"Local Street","GlobalID":"4a340342-ddda-4e6b-87b5-f64d220bebc8","SegmentID":24870},"geometry":{"type":"LineString","coordinates":[[-0.197376793854719,50.827754800535352],[-0.200478828208192,50.828324290931974]]}},
{"type":"Feature","properties":{"Desc_":"TrafficFree","Greenway":"No","RouteType":"RCN","RouteNo":82,"LinkNo":0,"RouteCat":"N/A","OpenStatus":"Open","Surface":"Asphalt","Quality":"Standard","Lighting":"FullLit","RoadClass":"B Road","GlobalID":"4ae296cc-8d3f-4091-b3e5-57534f6a510a","SegmentID":11696},"geometry":{"type":"LineString","coordinates":[[-0.167048677212405,50.833128339541354],[-0.167403212118057,50.831773248879045],[-0.167469801477481,50.831508710420195],[-0.167747911331871,50.830436709626007],[-0.167806806829554,50.830209014302525]]}},
{"type":"Feature","properties":{"Desc_":"OnRoad","Greenway":"No","RouteType":"RCN","RouteNo":82,"LinkNo":0,"RouteCat":"N/A","OpenStatus":"Open","Surface":"Asphalt","Quality":"Acceptable","Lighting":"PartLit","RoadClass":"B Road","GlobalID":"109bb3ed-aba8-4e72-9d46-3732b5ff3e8e","SegmentID":11695},"geometry":{"type":"LineString","coordinates":[[-0.167003407257263,50.833305255083268],[-0.167048677212405,50.833128339541354]]}},
{"type":"Feature","properties":{"Desc_":"OnRoad","Greenway":"No","RouteType":"RCN","RouteNo":82,"LinkNo":0,"RouteCat":"N/A","OpenStatus":"Open","Surface":"Asphalt","Quality":"Standard","Lighting":"PartLit","RoadClass":"B Road","GlobalID":"f60344c3-31e5-4e68-aa0e-a25c0c9f4b37","SegmentID":8762},"geometry":{"type":"LineString","coordinates":[[-0.17081214435202,50.834899145644293],[-0.169488236581504,50.834659575221131],[-0.169823438082452,50.833830305834617],[-0.169928516320636,50.833569250281798],[-0.169236937663641,50.833459475254216],[-0.168672040786895,50.833378664867958],[-0.167048677212405,50.833128339541354]]}},
{"type":"Feature","properties":{"Desc_":"OnRoad","Greenway":"No","RouteType":"RCN","RouteNo":82,"LinkNo":0,"RouteCat":"N/A","OpenStatus":"Open","Surface":"Asphalt","Quality":"Standard","Lighting":"PartLit","RoadClass":"B Road","GlobalID":"f3872b5b-563b-4ce2-9e88-c2c271ce68a0","SegmentID":8760},"geometry":{"type":"LineString","coordinates":[[-0.167003407257263,50.833305255083268],[-0.166982404139306,50.83337012866383],[-0.16663210253395,50.83471772533445],[-0.166564923048772,50.834964446517731],[-0.166414654776329,50.835537683668576],[-0.166346401845271,50.835804533747947]]}},
{"type":"Feature","properties":{"Desc_":"OnRoad","Greenway":"No","RouteType":"RCN","RouteNo":82,"LinkNo":0,"RouteCat":"N/A","OpenStatus":"Open","Surface":"Blocks","Quality":"Standard","Lighting":"PartLit","RoadClass":"Local Street","GlobalID":"2e41ace4-43c0-4af2-b999-2db479bef8c9","SegmentID":42118},"geometry":{"type":"LineString","coordinates":[[-0.17098651754752,50.834885239833497],[-0.170812144354974,50.83489914565336]]}},
{"type":"Feature","properties":{"Desc_":"OnRoad","Greenway":"No","RouteType":"RCN","RouteNo":82,"LinkNo":0,"RouteCat":"N/A","OpenStatus":"Open","Surface":"Asphalt","Quality":"Standard","Lighting":"PartLit","RoadClass":"Local Street","GlobalID":"92eb1e66-5328-454d-a239-6cc18937af72","SegmentID":20977},"geometry":{"type":"LineString","coordinates":[[-0.170414732217673,50.835663408406042],[-0.170155877463869,50.836109036142467],[-0.16977784709221,50.836696693745282],[-0.169294124115845,50.837444579804625],[-0.168836207868292,50.838145920748289]]}},
{"type":"Feature","properties":{"Desc_":"OnRoad","Greenway":"No","RouteType":"LINK","RouteNo":0,"LinkNo":20,"RouteCat":"N/A","OpenStatus":"Open","Surface":"Asphalt","Quality":"Acceptable","Lighting":"PartLit","RoadClass":"B Road","GlobalID":"32bbb10b-3be1-4b7c-bf2f-3c01e3289931","SegmentID":9074},"geometry":{"type":"LineString","coordinates":[[-0.143790308837224,50.833039541194346],[-0.143427720816856,50.832871886415255],[-0.14288212329148,50.833021854655726]]}},
{"type":"Feature","properties":{"Desc_":"OnRoad","Greenway":"No","RouteType":"LINK","RouteNo":0,"LinkNo":20,"RouteCat":"N/A","OpenStatus":"Open","Surface":"Asphalt","Quality":"Acceptable","Lighting":"PartLit","RoadClass":null,"GlobalID":"d9c5c160-913b-4b7a-9a57-21a3872ad532","SegmentID":37206},"geometry":{"type":"LineString","coordinates":[[-0.14288212329472,50.833021854664956],[-0.142623678980414,50.833092929164401],[-0.142915904720234,50.833079592314675]]}},
{"type":"Feature","properties":{"Desc_":"OnRoad","Greenway":"No","RouteType":"NCN","RouteNo":20,"LinkNo":0,"RouteCat":"Main Route","OpenStatus":"Open","Surface":"Asphalt","Quality":"Standard","Lighting":"PartLit","RoadClass":"Local Street","GlobalID":"1bfffa88-3941-4ed1-8d23-4b36a4211de3","SegmentID":2162},"geometry":{"type":"LineString","coordinates":[[-0.138948914161871,50.833007401243982],[-0.13960693274851,50.83360248685301]]}},
{"type":"Feature","properties":{"Desc_":"OnRoad","Greenway":"No","RouteType":"LINK","RouteNo":0,"LinkNo":20,"RouteCat":"N/A","OpenStatus":"Open","Surface":"Asphalt","Quality":"Acceptable","Lighting":"PartLit","RoadClass":"A Road","GlobalID":"39597638-3a68-4e9a-b7a8-edfd196522f7","SegmentID":15856},"geometry":{"type":"LineString","coordinates":[[-0.149690091940989,50.833600905716921],[-0.149010978302056,50.833536173947273],[-0.148162267859349,50.833450759703965],[-0.147300789328008,50.833329161683686],[-0.144838412585895,50.833110169590981],[-0.143790308840466,50.833039541203547],[-0.142915904720234,50.833079592314675]]}},
{"type":"Feature","properties":{"Desc_":"OnRoad","Greenway":"No","RouteType":"LINK","RouteNo":0,"LinkNo":20,"RouteCat":"N/A","OpenStatus":"Open","Surface":"Asphalt","Quality":"Acceptable","Lighting":"PartLit","RoadClass":"A Road","GlobalID":"98830437-0428-4d39-a34d-12b6eafce833","SegmentID":15855},"geometry":{"type":"LineString","coordinates":[[-0.14031734890734,50.833586828999522],[-0.140633253692194,50.833549502264447],[-0.140731717305024,50.833530475408345],[-0.140888906132766,50.833505998470777],[-0.142623678980414,50.833092929164401]]}},
{"type":"Feature","properties":{"Desc_":"OnRoad","Greenway":"No","RouteType":"LINK","RouteNo":0,"LinkNo":20,"RouteCat":"N/A","OpenStatus":"Open","Surface":"Asphalt","Quality":"Standard","Lighting":"PartLit","RoadClass":"A Road","GlobalID":"1367a8be-c78b-4654-afd5-41fa633623c6","SegmentID":37059},"geometry":{"type":"LineString","coordinates":[[-0.14031734890734,50.833586828999522],[-0.140260862474626,50.833585928844833]]}},
{"type":"Feature","properties":{"Desc_":"OnRoad","Greenway":"No","RouteType":"NCN","RouteNo":20,"LinkNo":0,"RouteCat":"Main Route","OpenStatus":"Open","Surface":"Asphalt","Quality":"Standard","Lighting":"PartLit","RoadClass":"A Road","GlobalID":"ad054d66-107f-44e4-93ca-c5993def7952","SegmentID":4955},"geometry":{"type":"LineString","coordinates":[[-0.140260862471341,50.83358592883561],[-0.13960693274851,50.83360248685301]]}},
{"type":"Feature","properties":{"Desc_":"OnRoad","Greenway":"No","RouteType":"LINK","RouteNo":0,"LinkNo":20,"RouteCat":"N/A","OpenStatus":"Open","Surface":"Asphalt","Quality":"Standard","Lighting":"PartLit","RoadClass":"A Road","GlobalID":"bb3ffc0d-a89c-46f9-aab1-2fc93011f18a","SegmentID":37058},"geometry":{"type":"LineString","coordinates":[[-0.151081408342676,50.833750014931333],[-0.15061255289957,50.833674618389914],[-0.150341178672549,50.833656196497913],[-0.149982786535477,50.833618856770798],[-0.149690091940989,50.833600905716921]]}},
{"type":"Feature","properties":{"Desc_":"OnRoad","Greenway":"No","RouteType":"NCN","RouteNo":20,"LinkNo":0,"RouteCat":"Main Route","OpenStatus":"Open","Surface":"Asphalt","Quality":"Standard","Lighting":"PartLit","RoadClass":"Local Street","GlobalID":"d14a46d3-55ba-459b-b454-fde14b662586","SegmentID":2160},"geometry":{"type":"LineString","coordinates":[[-0.140260862471341,50.83358592883561],[-0.141746926288245,50.834787779457635],[-0.141346421705188,50.835042748910077]]}},
{"type":"Feature","properties":{"Desc_":"TrafficFree","Greenway":"Yes","RouteType":"LINK","RouteNo":0,"LinkNo":82,"RouteCat":"N/A","OpenStatus":"Open","Surface":"Asphalt","Quality":"Smooth","Lighting":"PartLit","RoadClass":null,"GlobalID":"d6242b46-f80f-4856-9fda-0782e422c1e2","SegmentID":8973},"geometry":{"type":"LineString","coordinates":[[-0.161469966266297,50.836074362005689],[-0.158803564361365,50.835218724027683],[-0.158235792138897,50.835042258402545],[-0.157860578198603,50.834959917575318],[-0.157606924646682,50.834909209630396],[-0.151073016969886,50.833827974570113],[-0.151081408339442,50.833750014922209]]}},
{"type":"Feature","properties":{"Desc_":"TrafficFree","Greenway":"No","RouteType":"NCN","RouteNo":20,"LinkNo":0,"RouteCat":"Main Route","OpenStatus":"Open","Surface":"Asphalt","Quality":"Standard","Lighting":"PartLit","RoadClass":null,"GlobalID":"9ce3551f-7be8-4f54-b897-36ef2ebb3e08","SegmentID":1620},"geometry":{"type":"LineString","coordinates":[[-0.141746926288245,50.834787779457635],[-0.14175476470597,50.834905883876182],[-0.14141011317948,50.835105109453778]]}},
{"type":"Feature","properties":{"Desc_":"TrafficFree","Greenway":"No","RouteType":"NCN","RouteNo":20,"LinkNo":0,"RouteCat":"Main Route","OpenStatus":"Open","Surface":"Asphalt","Quality":"Standard","Lighting":"PartLit","RoadClass":null,"GlobalID":"ed377d00-02b6-4b0b-8aeb-af50a3ced254","SegmentID":41962},"geometry":{"type":"LineString","coordinates":[[-0.141346421708458,50.835042748919285],[-0.141410113182749,50.835105109463008],[-0.141786664636476,50.835344187170428],[-0.141913866971272,50.835420194898084],[-0.142417487000776,50.83574093311455],[-0.142503313787654,50.835798492017091],[-0.142588543642558,50.8358431803386],[-0.14320254061834,50.836208284215566],[-0.143606708472853,50.836430770442163],[-0.143526077509634,50.836479933529418]]}},
{"type":"Feature","properties":{"Desc_":"TrafficFree","Greenway":"No","RouteType":"NCN","RouteNo":20,"LinkNo":0,"RouteCat":"Main Route","OpenStatus":"Open","Surface":"Asphalt","Quality":"Standard","Lighting":"PartLit","RoadClass":null,"GlobalID":"bcce194d-7ecd-4e46-a166-5fb567b3face","SegmentID":5725},"geometry":{"type":"LineString","coordinates":[[-0.143202540615056,50.836208284206386],[-0.143138400836554,50.836265983641603]]}},
{"type":"Feature","properties":{"Desc_":"TrafficFree","Greenway":"No","RouteType":"LINK","RouteNo":0,"LinkNo":82,"RouteCat":"N/A","OpenStatus":"Open","Surface":"Asphalt","Quality":"Smooth","Lighting":"FullLit","RoadClass":null,"GlobalID":"5ee69fa5-406f-492a-9e2f-b4de0935fe4b","SegmentID":56358},"geometry":{"type":"LineString","coordinates":[[-0.162796501930082,50.836485108950349],[-0.162026185270025,50.836230995409601],[-0.161538480002946,50.836101254010579],[-0.161469966269363,50.83607436201482]]}},
{"type":"Feature","properties":{"Desc_":"TrafficFree","Greenway":"No","RouteType":"NCN","RouteNo":20,"LinkNo":0,"RouteCat":"Main Route","OpenStatus":"Open","Surface":"Asphalt","Quality":"Standard","Lighting":"PartLit","RoadClass":null,"GlobalID":"b38f1ab7-c4a7-4ece-8101-e239950968db","SegmentID":40943},"geometry":{"type":"LineString","coordinates":[[-0.14313840083984,50.836265983650783],[-0.143123969602943,50.836273902333254],[-0.143067201438604,50.836336953367621],[-0.143090973795258,50.836416899072582],[-0.143152706286712,50.836480414683919],[-0.143194123035798,50.836532274928871],[-0.143369423982816,50.83652940701743],[-0.143502656537041,50.836565594856218],[-0.143748615581143,50.836703118180857],[-0.143822912411604,50.83664177562639]]}},
{"type":"Feature","properties":{"Desc_":"OnRoad","Greenway":"No","RouteType":"NCN","RouteNo":20,"LinkNo":0,"RouteCat":"Main Route","OpenStatus":"Open","Surface":"Asphalt","Quality":"Standard","Lighting":"PartLit","RoadClass":"A Road","GlobalID":"cfeda5ae-04ad-4589-8c78-a27680335ec3","SegmentID":43035},"geometry":{"type":"LineString","coordinates":[[-0.143526077509634,50.836479933529418],[-0.143822912411604,50.83664177562639]]}},
{"type":"Feature","properties":{"Desc_":"OnRoad","Greenway":"No","RouteType":"RCN","RouteNo":82,"LinkNo":0,"RouteCat":"N/A","OpenStatus":"Open","Surface":"Asphalt","Quality":"Acceptable","Lighting":"PartLit","RoadClass":"B Road","GlobalID":"2aedd0f6-5b2b-48e1-811d-4a559d667099","SegmentID":11697},"geometry":{"type":"LineString","coordinates":[[-0.166346401845271,50.835804533747947],[-0.165945029090596,50.837374032488846]]}},
{"type":"Feature","properties":{"Desc_":"OnRoad","Greenway":"No","RouteType":"RCN","RouteNo":90,"LinkNo":0,"RouteCat":"N/A","OpenStatus":"Open","Surface":"Asphalt","Quality":"Standard","Lighting":"PartLit","RoadClass":null,"GlobalID":"ee06aa5e-a23b-489a-a561-87f0208fae04","SegmentID":10592},"geometry":{"type":"LineString","coordinates":[[-0.125133017547742,50.836500560312139],[-0.125229559902874,50.836799259768043]]}},
{"type":"Feature","properties":{"Desc_":"OnRoad","Greenway":"No","RouteType":"RCN","RouteNo":90,"LinkNo":0,"RouteCat":"N/A","OpenStatus":"Open","Surface":"Asphalt","Quality":"Standard","Lighting":"PartLit","RoadClass":"A Road","GlobalID":"a8563d0b-59df-4c1f-975c-5baa8f8629c9","SegmentID":40262},"geometry":{"type":"LineString","coordinates":[[-0.125229559906109,50.836799259777678],[-0.125329718250202,50.836908432512139]]}},
{"type":"Feature","properties":{"Desc_":"TrafficFree","Greenway":"Yes","RouteType":"LINK","RouteNo":0,"LinkNo":82,"RouteCat":"N/A","OpenStatus":"Open","Surface":"Asphalt","Quality":"Smooth","Lighting":"PartLit","RoadClass":null,"GlobalID":"d9a00bc4-58b9-4266-8a4d-92083caf3b95","SegmentID":8974},"geometry":{"type":"LineString","coordinates":[[-0.165926070418626,50.837454498001563],[-0.165802770685085,50.837418375558563],[-0.163738816474351,50.836774433593298],[-0.163621390956252,50.836736404595534],[-0.16350153163025,50.83669778856806],[-0.16279650192703,50.83648510894124]]}},
{"type":"Feature","properties":{"Desc_":"TrafficFree","Greenway":"No","RouteType":"RCN","RouteNo":90,"LinkNo":0,"RouteCat":"N/A","OpenStatus":"Open","Surface":"Asphalt","Quality":"Smooth","Lighting":"PartLit","RoadClass":null,"GlobalID":"3bc2ba4a-5515-4b3e-bdfe-24e5f3b0f91a","SegmentID":36023},"geometry":{"type":"LineString","coordinates":[[-0.125329718250202,50.836908432512139],[-0.125490599354385,50.836892644088088],[-0.125504797217875,50.837005885674785],[-0.125486616175441,50.837225782605678],[-0.125338567960389,50.837401970942423],[-0.125226175364891,50.837367014449022]]}},
{"type":"Feature","properties":{"Desc_":"OnRoad","Greenway":"No","RouteType":"RCN","RouteNo":82,"LinkNo":0,"RouteCat":"N/A","OpenStatus":"Open","Surface":"Asphalt","Quality":"Acceptable","Lighting":"PartLit","RoadClass":"Local Street","GlobalID":"5fad5089-92cf-4209-99e0-a9cfb35413bf","SegmentID":11291},"geometry":{"type":"LineString","coordinates":[[-0.165945029090596,50.837374032488846],[-0.165926070418626,50.837454498001563]]}},
{"type":"Feature","properties":{"Desc_":"OnRoad","Greenway":"No","RouteType":"NCN","RouteNo":20,"LinkNo":0,"RouteCat":"Main Route","OpenStatus":"Open","Surface":"Asphalt","Quality":"Acceptable","Lighting":"PartLit","RoadClass":"A Road","GlobalID":"9e6a9feb-f452-4684-916f-a51f517f08bd","SegmentID":11126},"geometry":{"type":"LineString","coordinates":[[-0.143822912408317,50.83664177561721],[-0.147043392578723,50.838397527926787],[-0.149068191221344,50.839468366245534]]}},
{"type":"Feature","properties":{"Desc_":"OnRoad","Greenway":"No","RouteType":"NCN","RouteNo":20,"LinkNo":0,"RouteCat":"Main Route","OpenStatus":"Open","Surface":"Asphalt","Quality":"Standard","Lighting":"PartLit","RoadClass":"A Road","GlobalID":"d247ce3b-4676-404a-9d89-1f73c9df0141","SegmentID":43036},"geometry":{"type":"LineString","coordinates":[[-0.149068191224341,50.839468366255602],[-0.149199760344505,50.839537949335693],[-0.150001366044148,50.840099264443069],[-0.150666717679901,50.840874261998955],[-0.151072319164212,50.841753064470176]]}},
{"type":"Feature","properties":{"Desc_":"TrafficFree","Greenway":"No","RouteType":"NCN","RouteNo":20,"LinkNo":0,"RouteCat":"Main Route","OpenStatus":"Open","Surface":"Asphalt","Quality":"Standard","Lighting":"PartLit","RoadClass":null,"GlobalID":"968616aa-da97-4a3f-aee1-67e338e2ee32","SegmentID":29455},"geometry":{"type":"LineString","coordinates":[[-0.149068191224341,50.839468366255602],[-0.149064387099014,50.839575679246146],[-0.149294500909596,50.839699464266502],[-0.149636024998042,50.839926777048589],[-0.149927446747352,50.840153294560388],[-0.150359530511919,50.84061984924265],[-0.150568396652249,50.840913857894783],[-0.150829942341345,50.841388121567498],[-0.150963088563508,50.841818201095705],[-0.151034229862942,50.84242975638228],[-0.151098843938402,50.843112793820346],[-0.15130526925626,50.843141049796678]]}},
{"type":"Feature","properties":{"Desc_":"OnRoad","Greenway":"No","RouteType":"RCN","RouteNo":90,"LinkNo":0,"RouteCat":"N/A","OpenStatus":"Open","Surface":"Asphalt","Quality":"Standard","Lighting":"PartLit","RoadClass":"A Road","GlobalID":"dcc227e5-c64d-4d1b-8b4d-1890ab0cceac","SegmentID":40258},"geometry":{"type":"LineString","coordinates":[[-0.130556854159719,50.831560168940996],[-0.130132860874769,50.831829209078926],[-0.12980229412098,50.832055856926459],[-0.129430681381918,50.832378527130309],[-0.128712632588355,50.832933611341964],[-0.127715918757085,50.833709058950461],[-0.127657710502048,50.83374409925456],[-0.127408165614464,50.833946948048919],[-0.127086219414892,50.834184607429393],[-0.126930567872345,50.834340755678035],[-0.126708328000173,50.834570931016913],[-0.126539866694685,50.834706457454352],[-0.12632230723039,50.834961528466089],[-0.126017567808594,50.835336612939429],[-0.125793156799729,50.835620802680978],[-0.125762611092414,50.835674273465223],[-0.125628393917108,50.835834001581567],[-0.125133017550963,50.836500560321781],[-0.125058044873914,50.836645501214058],[-0.12502437879461,50.836741371381663],[-0.124892960252646,50.836820471300058],[-0.124667453283415,50.837131621982245],[-0.124456497106252,50.83743401157448],[-0.124291362755957,50.837656196126467],[-0.124142219815291,50.837833668026207],[-0.123918142412611,50.838108861843345],[-0.12357510451191,50.838517043775965],[-0.123246256082161,50.8389254530559],[-0.123038497207039,50.839182704191636],[-0.122540365136032,50.839799500412823],[-0.121893353946569,50.840578982075499],[-0.120652304039477,50.841977447033464],[-0.119640084645381,50.843130290001049],[-0.119210714816221,50.843564050084218],[-0.118521839885326,50.844092551635818],[-0.117973349990604,50.844450191399119],[-0.117367471372847,50.844892341613573],[-0.116745555934336,50.845520845389096],[-0.116182216987465,50.846105321743387],[-0.115391360807088,50.846695113935738],[-0.114767513863163,50.847017795554123],[-0.114391159306879,50.847191584281333],[-0.113753463294221,50.847505043515291],[-0.113144516212292,50.84780997083233],[-0.112635301584587,50.848107514752115],[-0.111992867081172,50.848537803742403],[-0.111492027140437,50.848979374478468],[-0.111091285403037,50.849404576529892],[-0.110558805325067,50.85027731871827],[-0.110189429780662,50.851226717137223],[-0.110175217190969,50.85133234049794],[-0.110111889348769,50.85149319809851],[-0.110049577166574,50.851695712009338]]}},
{"type":"Feature","properties":{"Desc_":"OnRoad","Greenway":"No","RouteType":"NCN","RouteNo":20,"LinkNo":0,"RouteCat":"Main Route","OpenStatus":"Open","Surface":"Asphalt","Quality":"Standard","Lighting":"PartLit","RoadClass":"A Road","GlobalID":"280618b8-f47d-4488-9f87-9edbd4ee64d1","SegmentID":4956},"geometry":{"type":"LineString","coordinates":[[-0.151072319161272,50.841753064460455],[-0.15119478522349,50.842374671162418],[-0.151235959948153,50.842871225554433],[-0.151305269253329,50.843141049787079],[-0.151316681594297,50.843182960492349],[-0.151440855974759,50.843638920278387],[-0.151497274836045,50.844237225008186],[-0.1514808771308,50.844458133505363]]}},
{"type":"Feature","properties":{"Desc_":"OnRoad","Greenway":"No","RouteType":"RCN","RouteNo":90,"LinkNo":0,"RouteCat":"N/A","OpenStatus":"Open","Surface":"Asphalt","Quality":"Standard","Lighting":"PartLit","RoadClass":"A Road","GlobalID":"3fe57add-565e-4b86-9f85-03f603aab555","SegmentID":40260},"geometry":{"type":"LineString","coordinates":[[-0.110282671500703,50.851573756999173],[-0.11036015120847,50.851326341171195],[-0.110604340636836,50.850556854353535],[-0.111245639954812,50.849452042345362],[-0.112132297333978,50.848603013971953],[-0.113240268193262,50.847901453971254],[-0.11386413731397,50.847578780361744],[-0.114501471356482,50.847274308159172],[-0.115730394860196,50.846643570471414],[-0.116335842255347,50.846170756101337],[-0.116870426185579,50.845594807537083],[-0.117522179421478,50.844930810640619],[-0.118064359448686,50.844532509663793],[-0.118647070641184,50.844157525169827],[-0.119350140662495,50.843629251693855],[-0.119751119064352,50.843195033593318],[-0.120778615224163,50.842015455381812],[-0.122055664075603,50.840633037338513],[-0.122726155400825,50.839852403747791],[-0.123372561269599,50.838963458635],[-0.123715242497085,50.83856426494215],[-0.124058279542537,50.83815608260209],[-0.124252167366088,50.837925370394785],[-0.12456839378958,50.837831526426974],[-0.125015962275705,50.837649856926738],[-0.125226175364891,50.837367014449022]]}},
{"type":"Feature","properties":{"Desc_":"TrafficFree","Greenway":"No","RouteType":"NCN","RouteNo":20,"LinkNo":0,"RouteCat":"Main Route","OpenStatus":"Open","Surface":"Asphalt","Quality":"Standard","Lighting":"PartLit","RoadClass":null,"GlobalID":"195728de-ff4d-4a76-932c-52d501efafd5","SegmentID":1621},"geometry":{"type":"LineString","coordinates":[[-0.151440855974759,50.843638920278387],[-0.151247864502642,50.843672861486681],[-0.151340168374571,50.844247678141215],[-0.151359350149775,50.844500267023392],[-0.151361088865652,50.844578861841441],[-0.151335939157149,50.844657057556347],[-0.151304685096957,50.844961621980573],[-0.151295340960854,50.845198119098704],[-0.151317316989668,50.845371358492635],[-0.151327579563694,50.84547617854016],[-0.151462926754516,50.845527597843684]]}},
{"type":"Feature","properties":{"Desc_":"TrafficFree","Greenway":"No","RouteType":"NCN","RouteNo":20,"LinkNo":0,"RouteCat":"Main Route","OpenStatus":"Open","Surface":"Asphalt","Quality":"Standard","Lighting":"PartLit","RoadClass":null,"GlobalID":"2e0b17b9-ac13-44ba-bee5-a17a33bf7665","SegmentID":40727},"geometry":{"type":"LineString","coordinates":[[-0.151480877133734,50.844458133514841],[-0.151596173280351,50.844479116503784],[-0.151529131151939,50.844830976555173],[-0.151519909369322,50.845153904167503],[-0.151550247560913,50.845479742959093],[-0.151600218369324,50.845746633716438],[-0.151537945968044,50.845794005076115]]}},
{"type":"Feature","properties":{"Desc_":"OnRoad","Greenway":"No","RouteType":"RCN","RouteNo":82,"LinkNo":0,"RouteCat":"N/A","OpenStatus":"Open","Surface":"Asphalt","Quality":"Standard","Lighting":"PartLit","RoadClass":null,"GlobalID":"fa8e36f8-10ce-46f3-8514-5b931e1c344a","SegmentID":11806},"geometry":{"type":"LineString","coordinates":[[-0.168769512959727,50.838219576007269],[-0.168836207865211,50.838145920739173]]}},
{"type":"Feature","properties":{"Desc_":"TrafficFree","Greenway":"No","RouteType":"RCN","RouteNo":82,"LinkNo":0,"RouteCat":"N/A","OpenStatus":"Open","Surface":"Asphalt","Quality":"Standard","Lighting":"NotLit","RoadClass":null,"GlobalID":"696044e4-10b6-4710-b7b0-19029d49a2d5","SegmentID":35034},"geometry":{"type":"LineString","coordinates":[[-0.168589188002585,50.83836854326173],[-0.168725087081511,50.838291440123307],[-0.168769512962793,50.838219576016378]]}},
{"type":"Feature","properties":{"Desc_":"TrafficFree","Greenway":"Yes","RouteType":"RCN","RouteNo":82,"LinkNo":0,"RouteCat":"N/A","OpenStatus":"Open","Surface":"Asphalt","Quality":"Standard","Lighting":"NotLit","RoadClass":null,"GlobalID":"c43d26ee-ade3-4471-ac5c-f0598072ab59","SegmentID":28046},"geometry":{"type":"LineString","coordinates":[[-0.165926070421678,50.837454498010672],[-0.166047884398461,50.837481747179631],[-0.166216910533259,50.837693120282033],[-0.166496925834381,50.837773047985792],[-0.167096876307269,50.837969755661277],[-0.16743685751971,50.838049724167469],[-0.167765214047674,50.838136425347102],[-0.168093525047831,50.838221417082245],[-0.168589188002585,50.83836854326173],[-0.169754976304001,50.838753734206499],[-0.169850219756861,50.839068118096613],[-0.169691432548,50.839262384145989],[-0.169523225043587,50.839470909194468],[-0.169402875070017,50.839659940651863],[-0.16923240826756,50.839845136113532],[-0.16907798260547,50.840048715086908],[-0.168935855070739,50.840243923860214],[-0.168637798222292,50.840608034441672],[-0.168527220839797,50.840661458499611],[-0.168424756208796,50.840708641329833],[-0.168554088746679,50.840804645813165]]}},
{"type":"Feature","properties":{"Desc_":"OnRoad","Greenway":"No","RouteType":"RCN","RouteNo":82,"LinkNo":0,"RouteCat":"N/A","OpenStatus":"Open","Surface":"Asphalt","Quality":"Standard","Lighting":"PartLit","RoadClass":"Local Street","GlobalID":"9fd4e312-2476-4760-9e22-b771492a5955","SegmentID":20978},"geometry":{"type":"LineString","coordinates":[[-0.170447389890751,50.841006179113677],[-0.1694994857868,50.840910375055657],[-0.168764157627912,50.840826891628595],[-0.168554088746679,50.840804645813165]]}},
{"type":"Feature","properties":{"Desc_":"TrafficFree","Greenway":"No","RouteType":"RCN","RouteNo":82,"LinkNo":0,"RouteCat":"N/A","OpenStatus":"Open","Surface":"Asphalt","Quality":"Smooth","Lighting":"NotLit","RoadClass":null,"GlobalID":"1231b87f-1815-4d2a-b060-9b1d764e0b57","SegmentID":20238},"geometry":{"type":"LineString","coordinates":[[-0.170447389890751,50.841006179113677],[-0.170519616430588,50.841126838346355],[-0.170586646227021,50.841360537853468],[-0.170665312062668,50.841506902093258]]}},
{"type":"Feature","properties":{"Desc_":"TrafficFree","Greenway":"Yes","RouteType":"RCN","RouteNo":82,"LinkNo":0,"RouteCat":"N/A","OpenStatus":"Open","Surface":"Asphalt","Quality":"Smooth","Lighting":"NotLit","RoadClass":null,"GlobalID":"46ce6fd3-a980-4b03-8fd4-d61f8345cda5","SegmentID":16983},"geometry":{"type":"LineString","coordinates":[[-0.170665312062668,50.841506902093258],[-0.170713768092344,50.841546721185637],[-0.170641197556266,50.841963492739367],[-0.170572844012581,50.842190174875938],[-0.170549500306911,50.842421865086621],[-0.170576241545576,50.842636810785052],[-0.170705014043909,50.842824423088068]]}},
{"type":"Feature","properties":{"Desc_":"TrafficFree","Greenway":"Yes","RouteType":"RCN","RouteNo":82,"LinkNo":0,"RouteCat":"N/A","OpenStatus":"Open","Surface":"Asphalt","Quality":"Smooth","Lighting":"PartLit","RoadClass":null,"GlobalID":"da36710a-907c-4dec-9cff-51ef5906be0f","SegmentID":35833},"geometry":{"type":"LineString","coordinates":[[-0.170705014043909,50.842824423088068],[-0.170981446481205,50.842881080054639],[-0.17127876430919,50.842939080833347],[-0.171657040509652,50.842999049821884],[-0.171997068086722,50.843064075547865],[-0.17232537238474,50.843147435640823],[-0.172737588437632,50.843215712263806],[-0.172956407466355,50.843254662354134],[-0.173315310296853,50.843328946545412],[-0.173676851371644,50.843402228575897],[-0.173917883375543,50.843423087412269]]}},
{"type":"Feature","properties":{"Desc_":"TrafficFree","Greenway":"No","RouteType":"RCN","RouteNo":82,"LinkNo":0,"RouteCat":"N/A","OpenStatus":"Open","Surface":"Asphalt","Quality":"Standard","Lighting":"PartLit","RoadClass":null,"GlobalID":"a3e45a44-0cc2-4adc-8b2a-209b59376a54","SegmentID":35913},"geometry":{"type":"LineString","coordinates":[[-0.173917883375543,50.843423087412269],[-0.174202640466031,50.843416543369266],[-0.17450156949754,50.843479677840335],[-0.174794718352145,50.843546813304904],[-0.175089738577075,50.843591799715753],[-0.175171339178813,50.84367572792349]]}},
{"type":"Feature","properties":{"Desc_":"OnRoad","Greenway":"No","RouteType":"RCN","RouteNo":82,"LinkNo":0,"RouteCat":"N/A","OpenStatus":"Open","Surface":"Asphalt","Quality":"Standard","Lighting":"PartLit","RoadClass":"Local Street","GlobalID":"7f9c9c0f-a9a7-4d67-bd12-da459c40d82f","SegmentID":37173},"geometry":{"type":"LineString","coordinates":[[-0.175171339178813,50.84367572792349],[-0.176655889312256,50.844251142520427],[-0.17691170446346,50.844276992953681]]}},
{"type":"Feature","properties":{"Desc_":"OnRoad","Greenway":"No","RouteType":"RCN","RouteNo":82,"LinkNo":0,"RouteCat":"N/A","OpenStatus":"Open","Surface":"Asphalt","Quality":"Standard","Lighting":"PartLit","RoadClass":"A Road","GlobalID":"acc669c7-702d-40a8-8cc0-f727fb2c9efa","SegmentID":4421},"geometry":{"type":"LineString","coordinates":[[-0.180264206574337,50.846070226398297],[-0.180027405436396,50.845949615750392],[-0.179915928941694,50.845893914672232],[-0.178786982340104,50.845336680674912],[-0.177825271366119,50.844862990473217],[-0.177077024177082,50.844481844288488],[-0.176911704460551,50.844276992944863]]}},
{"type":"Feature","properties":{"Desc_":"OnRoad","Greenway":"No","RouteType":"NCN","RouteNo":20,"LinkNo":0,"RouteCat":"Main Route","OpenStatus":"Open","Surface":"Asphalt","Quality":"Standard","Lighting":"PartLit","RoadClass":"A Road","GlobalID":"7420564e-9976-4b8c-b6b5-f598cedca3fa","SegmentID":26237},"geometry":{"type":"LineString","coordinates":[[-0.151462926757456,50.845527597853106],[-0.151537945968044,50.845794005076115]]}},
{"type":"Feature","properties":{"Desc_":"TrafficFree","Greenway":"No","RouteType":"NCN","RouteNo":20,"LinkNo":0,"RouteCat":"Main Route","OpenStatus":"Open","Surface":"Asphalt","Quality":"Standard","Lighting":"PartLit","RoadClass":null,"GlobalID":"d981f726-9912-4276-b8da-e47a4951eb1c","SegmentID":1619},"geometry":{"type":"LineString","coordinates":[[-0.151609500857634,50.846048126203009],[-0.151436571700509,50.84608209837775],[-0.151491835498197,50.846319610321416],[-0.15153930109874,50.846393192774222],[-0.151714934636504,50.846390758593593]]}},
{"type":"Feature","properties":{"Desc_":"OnRoad","Greenway":"No","RouteType":"RCN","RouteNo":90,"LinkNo":0,"RouteCat":"N/A","OpenStatus":"Open","Surface":"Asphalt","Quality":"Acceptable","Lighting":"PartLit","RoadClass":null,"GlobalID":"30198f86-a6ed-41ac-9e47-6fd17de84d40","SegmentID":1022},"geometry":{"type":"LineString","coordinates":[[-0.110227525396061,50.851750125990279],[-0.110282671497546,50.851573756988337]]}},
{"type":"Feature","properties":{"Desc_":"OnRoad","Greenway":"No","RouteType":"RCN","RouteNo":90,"LinkNo":0,"RouteCat":"N/A","OpenStatus":"Open","Surface":"Asphalt","Quality":"Acceptable","Lighting":"PartLit","RoadClass":null,"GlobalID":"5c2c6936-e01f-47a5-a4d2-5ca65d42f00c","SegmentID":1023},"geometry":{"type":"LineString","coordinates":[[-0.110049577163416,50.851695711998474],[-0.109995416620055,50.851872276727939]]}},
{"type":"Feature","properties":{"Desc_":"OnRoad","Greenway":"No","RouteType":"RCN","RouteNo":90,"LinkNo":0,"RouteCat":"N/A","OpenStatus":"Open","Surface":"Asphalt","Quality":"Standard","Lighting":"PartLit","RoadClass":"A Road","GlobalID":"74a3cecf-9588-472b-9540-7e626d3af1a4","SegmentID":40256},"geometry":{"type":"LineString","coordinates":[[-0.109995416623211,50.851872276738774],[-0.109801087201165,50.852504430580069],[-0.109557784423453,50.85305457964526],[-0.10922162016646,50.853835076369307],[-0.108370157264058,50.855215271885235],[-0.10789179329012,50.855801090824919],[-0.10718731872368,50.856356261760141],[-0.106173715923804,50.856825471711055],[-0.105023562214147,50.857157552351389],[-0.103767812329624,50.857290049557079],[-0.103013050559994,50.857331747248899]]}},
{"type":"Feature","properties":{"Desc_":"OnRoad","Greenway":"No","RouteType":"RCN","RouteNo":90,"LinkNo":0,"RouteCat":"N/A","OpenStatus":"Open","Surface":"Asphalt","Quality":"Standard","Lighting":"PartLit","RoadClass":"A Road","GlobalID":"d32ebaac-0b56-49ac-975f-e17aa998688a","SegmentID":40261},"geometry":{"type":"LineString","coordinates":[[-0.103022145723466,50.857457804519619],[-0.104232752878403,50.857387536881227],[-0.10579433947293,50.857071134811676],[-0.107152371964853,50.856517578607523],[-0.10805963723348,50.855866766121821],[-0.108371997217759,50.855521080866829],[-0.109193250420125,50.854185363191604],[-0.109793776729495,50.853043922037337],[-0.109984936308905,50.85252539471584],[-0.110227525399216,50.851750126001122]]}},
{"type":"Feature","properties":{"Desc_":"OnRoad","Greenway":"No","RouteType":"NCN","RouteNo":20,"LinkNo":0,"RouteCat":"Main Route","OpenStatus":"Open","Surface":"Asphalt","Quality":"Standard","Lighting":"PartLit","RoadClass":"A Road","GlobalID":"a5181dd9-55e6-4352-a1e9-b4e0082b7e85","SegmentID":4950},"geometry":{"type":"LineString","coordinates":[[-0.151537945965103,50.845794005066715],[-0.151609500857634,50.846048126203009],[-0.151693923595392,50.846347994319494],[-0.151714934636504,50.846390758593593],[-0.151982562453539,50.846898652250786],[-0.152269301179776,50.847410956528364],[-0.152387122230434,50.847664628443034],[-0.1525688232483,50.848099174558399],[-0.15272106692624,50.848560233025289],[-0.152874008376281,50.849363038465476],[-0.152859777349383,50.850441993172637],[-0.15286651640354,50.85063095819487],[-0.152892780275669,50.850685332458227],[-0.153441504714917,50.851539368372435],[-0.154778964992293,50.852927472884232],[-0.155019275288282,50.853317974195363],[-0.155193920910227,50.853932262992011],[-0.155168718924366,50.854210649085751],[-0.154357942898026,50.8556726932188],[-0.154072356631673,50.856216756329864],[-0.153846983356934,50.856576075336477],[-0.153808981510183,50.856628085622681],[-0.153768483967927,50.856685722253502],[-0.153677274954522,50.856861719994136],[-0.153599207882315,50.856963999024707],[-0.153416852589009,50.857195661837672],[-0.152892510624257,50.857879856915218],[-0.152613117480326,50.858298034504472],[-0.152143043075726,50.859225978500533],[-0.15212314325093,50.859298060170197],[-0.152083315730166,50.859442851695647],[-0.152007408078666,50.859781417973089],[-0.151947091568032,50.862611115750298],[-0.15194960542944,50.862680494409815],[-0.15194300801914,50.86284730599219],[-0.151942256277509,50.863944300499391],[-0.15217687251376,50.864612710693677],[-0.152215785823067,50.864692378193617],[-0.152342304377851,50.864885398483153],[-0.152463974717192,50.865021323976997],[-0.153119855734714,50.865598089766465]]}},
{"type":"Feature","properties":{"Desc_":"TrafficFree","Greenway":"No","RouteType":"NCN","RouteNo":20,"LinkNo":0,"RouteCat":"Main Route","OpenStatus":"Open","Surface":"Asphalt","Quality":"Standard","Lighting":"PartLit","RoadClass":null,"GlobalID":"0427875f-f882-4a03-803b-be968668119a","SegmentID":1622},"geometry":{"type":"LineString","coordinates":[[-0.154072356631673,50.856216756329864],[-0.154222053889825,50.85636537459515],[-0.154094072115152,50.856523837885504],[-0.153982701295664,50.856647319521322],[-0.153884202923997,50.856700333717015],[-0.153803024523398,50.856830677019708],[-0.153759219168277,50.856913415807306],[-0.153599207882315,50.856963999024707]]}},
{"type":"Feature","properties":{"Desc_":"OnRoad","Greenway":"No","RouteType":"RCN","RouteNo":90,"LinkNo":0,"RouteCat":"N/A","OpenStatus":"Open","Surface":"Asphalt","Quality":"Standard","Lighting":"PartLit","RoadClass":"Minor Road","GlobalID":"edfe63a0-1f80-4e55-b2c0-352a2f601608","SegmentID":28668},"geometry":{"type":"LineString","coordinates":[[-0.103026373940685,50.857535010764906],[-0.103021037727502,50.857484767111821],[-0.103022145723466,50.857457804519619],[-0.103013050559994,50.857331747248899]]}},
{"type":"Feature","properties":{"Desc_":"TrafficFree","Greenway":"No","RouteType":"RCN","RouteNo":90,"LinkNo":0,"RouteCat":"N/A","OpenStatus":"Open","Surface":"Asphalt","Quality":"Standard","Lighting":"PartLit","RoadClass":null,"GlobalID":"a9a3b511-efe8-4cf8-a2d8-26139ee8ca65","SegmentID":27583},"geometry":{"type":"LineString","coordinates":[[-0.09695168219188,50.859376971556827],[-0.097048931537426,50.859371748880619],[-0.097059759439375,50.859302261465636],[-0.097138070075898,50.85912797524869],[-0.09783254870783,50.858549731996845],[-0.098186822145013,50.858318255096421],[-0.098972539983802,50.857984667859526],[-0.099851416540809,50.857756988858696],[-0.100951376693246,50.857623051501861],[-0.102762403558866,50.857532474349739],[-0.102881564987348,50.857547055991056],[-0.103026373940685,50.857535010764906]]}},
{"type":"Feature","properties":{"Desc_":"OnRoad","Greenway":"No","RouteType":"RCN","RouteNo":82,"LinkNo":0,"RouteCat":"N/A","OpenStatus":"Open","Surface":"Asphalt","Quality":"Acceptable","Lighting":"PartLit","RoadClass":"Local Street","GlobalID":"0ebb2964-87ce-445e-b3c3-80544ed03e55","SegmentID":11292},"geometry":{"type":"LineString","coordinates":[[-0.185527089611762,50.848454418949217],[-0.184806754162695,50.847685582229467],[-0.184486501412329,50.847449018180065],[-0.183719263887173,50.847086334100617],[-0.182348211561951,50.846543381551982],[-0.181223646121438,50.846238075927509],[-0.180464357843553,50.846037372445828],[-0.180264206574337,50.846070226398297]]}},
{"type":"Feature","properties":{"Desc_":"OnRoad","Greenway":"No","RouteType":"RCN","RouteNo":82,"LinkNo":0,"RouteCat":"N/A","OpenStatus":"Open","Surface":"Asphalt","Quality":"Standard","Lighting":"PartLit","RoadClass":"Local Street","GlobalID":"2b186511-bdc4-4df1-8bcf-92554c549661","SegmentID":37172},"geometry":{"type":"LineString","coordinates":[[-0.185527089626302,50.848454418976843],[-0.184861790848768,50.848758839293119],[-0.184688276866248,50.848837078310169],[-0.184073112957892,50.849313127229742]]}},
{"type":"Feature","properties":{"Desc_":"OnRoad","Greenway":"No","RouteType":"RCN","RouteNo":82,"LinkNo":0,"RouteCat":"N/A","OpenStatus":"Open","Surface":"Asphalt","Quality":"Standard","Lighting":"PartLit","RoadClass":"Minor Road","GlobalID":"b4e955f3-5a24-46a9-b33c-7791eb41ae99","SegmentID":8949},"geometry":{"type":"LineString","coordinates":[[-0.18913387828953,50.853258696567451],[-0.187574383181148,50.852074408284814],[-0.187285281728402,50.851836105014435],[-0.184941723238,50.849992108580864],[-0.184137333754042,50.849363326308399],[-0.184073112943052,50.849313127201846]]}},
{"type":"Feature","properties":{"Desc_":"TrafficFree","Greenway":"Yes","RouteType":"RCN","RouteNo":82,"LinkNo":0,"RouteCat":"N/A","OpenStatus":"Open","Surface":"Rocky","Quality":"Rough","Lighting":"NotLit","RoadClass":null,"GlobalID":"790e692e-3945-4b8c-b351-f0337b69e5a4","SegmentID":31923},"geometry":{"type":"LineString","coordinates":[[-0.189133878297035,50.853258696585307],[-0.189138803463597,50.853264503346672],[-0.189111886300012,50.85328091271262],[-0.189111162783326,50.853352288259728],[-0.189122761537237,50.853380593914814],[-0.189564459669101,50.853733353389096],[-0.189881824875795,50.854027160071759],[-0.190107347361452,50.854216844222819],[-0.190242793819322,50.854270766946449],[-0.190581581691362,50.854277062478438],[-0.190985046715618,50.854318297592215],[-0.191882858935058,50.854421619433587],[-0.192061141864458,50.854471409769793],[-0.192972781023878,50.85455210987984],[-0.193046709648067,50.854531012547618],[-0.194556830212931,50.854670849845128],[-0.194679411871719,50.854717110365677],[-0.194705547682312,50.854717842881733],[-0.195157646658125,50.854861032776071],[-0.195164349953188,50.854895327765952],[-0.19536542501635,50.854951320856969],[-0.195488623954732,50.855021052737612],[-0.195625091681232,50.855059626683918]]}},
{"type":"Feature","properties":{"Desc_":"TrafficFree","Greenway":"Yes","RouteType":"RCN","RouteNo":82,"LinkNo":0,"RouteCat":"Main Route","OpenStatus":null,"Surface":"Asphalt","Quality":"Acceptable","Lighting":"NotLit","RoadClass":null,"GlobalID":"a25c8c91-56ec-42ad-ad46-9af296f6e1d5","SegmentID":57120},"geometry":{"type":"LineString","coordinates":[[-0.19712436255113,50.855528241632641],[-0.197113689679754,50.855444164211818],[-0.197116933066175,50.855335791498213],[-0.197118700224176,50.855229186541266],[-0.197118643788926,50.855127498814667],[-0.197123617107516,50.855025808733352],[-0.197140308919716,50.854924199813595],[-0.197162006335957,50.854829143343636],[-0.197205290250055,50.854694140291976],[-0.197247028841726,50.854595885907408],[-0.197286924835411,50.854494195485024],[-0.197320323613959,50.854402557203244],[-0.197360336949041,50.854315868408349],[-0.197395257746125,50.854227492054328],[-0.19742533568291,50.854115846352656],[-0.197458664576705,50.854010896850184],[-0.197480353489845,50.85390092113407],[-0.197500345529313,50.853795855612816],[-0.197515260534561,50.853697547483854],[-0.197538631356306,50.853595861612796],[-0.197556972606397,50.853487541983853],[-0.197568600015219,50.853377581748688],[-0.197578665728731,50.853274260516251],[-0.197585335874873,50.853177533791403],[-0.197591383069533,50.853108756640076]]}},
{"type":"Feature","properties":{"Desc_":"TrafficFree","Greenway":"Yes","RouteType":"RCN","RouteNo":82,"LinkNo":0,"RouteCat":"Main Route","OpenStatus":null,"Surface":"Asphalt","Quality":"Acceptable","Lighting":"NotLit","RoadClass":null,"GlobalID":"e05eb946-4211-4e10-8b3c-9aa27d9e83d6","SegmentID":3235},"geometry":{"type":"LineString","coordinates":[[-0.197124362360809,50.8555282419915],[-0.197113689488314,50.855444164568766],[-0.197116932873427,50.855335791852944],[-0.19711870003021,50.855229186893723],[-0.197118643593768,50.855127499164929],[-0.197123616911129,50.855025809081546],[-0.197140308722127,50.854924200159807],[-0.197162006137655,50.854829143688058],[-0.197205290050487,50.854694140634301],[-0.197247028641114,50.854595886248106],[-0.197286924634163,50.854494195824131],[-0.197320323411532,50.85440255754088],[-0.197360336746008,50.854315868744862],[-0.197395257542494,50.854227492389363],[-0.197425335478064,50.854115846685708],[-0.197458664370725,50.85401089718129],[-0.197480353282589,50.853900921462952],[-0.197500345320827,50.85379585594012],[-0.197515260324876,50.85369754780875],[-0.197538631145403,50.853595861935744],[-0.197556972394276,50.853487542304521],[-0.197568599801472,50.85337758206694],[-0.197578665513567,50.853274260832194],[-0.197585335658505,50.853177534105065],[-0.197591382851931,50.853108756952238]]}},
{"type":"Feature","properties":{"Desc_":"TrafficFree","Greenway":"Yes","RouteType":"RCN","RouteNo":82,"LinkNo":0,"RouteCat":"N/A","OpenStatus":"Open","Surface":"Asphalt","Quality":"Standard","Lighting":"NotLit","RoadClass":null,"GlobalID":"9487aca2-e034-46ad-8291-938c5a65d834","SegmentID":14586},"geometry":{"type":"LineString","coordinates":[[-0.195605080446751,50.855053970812996],[-0.196790449514764,50.855425003340642],[-0.19705038222841,50.855485634018912],[-0.197124362364228,50.855528242003366]]}},
{"type":"Feature","properties":{"Desc_":"TrafficFree","Greenway":"Yes","RouteType":"RCN","RouteNo":82,"LinkNo":20,"RouteCat":"N/A","OpenStatus":"Open","Surface":"Asphalt","Quality":"Standard","Lighting":"NotLit","RoadClass":null,"GlobalID":"1245165d-c321-4a0d-a0f8-dca552acf567","SegmentID":10798},"geometry":{"type":"LineString","coordinates":[[-0.197124362360809,50.8555282419915],[-0.197162798233085,50.855862172913774],[-0.197147884763797,50.856234082127649],[-0.197133421765766,50.856316938502346]]}},
{"type":"Feature","properties":{"Desc_":"TrafficFree","Greenway":"Yes","RouteType":"RCN","RouteNo":82,"LinkNo":20,"RouteCat":"N/A","OpenStatus":"Open","Surface":"Asphalt","Quality":"Acceptable","Lighting":"NotLit","RoadClass":null,"GlobalID":"c69c759d-74e8-41c5-b4e5-4154de81a428","SegmentID":11186},"geometry":{"type":"LineString","coordinates":[[-0.197133421765766,50.856316938502346],[-0.197088493476137,50.856422320007404],[-0.198211916307672,50.857657446204755],[-0.198401990324238,50.857814037857381],[-0.198625745758481,50.857963135257414],[-0.199808459298076,50.858560437866487],[-0.200056795029196,50.858692116752053],[-0.200358587841292,50.858945661727866],[-0.200591948532576,50.859107317574264],[-0.200790234540563,50.859264034501237],[-0.200986910269577,50.859432310397388],[-0.201191889937696,50.859585712380998],[-0.201376987802256,50.859750660605698],[-0.201528603470414,50.859939013548193],[-0.201658579977936,50.860120656643012],[-0.201775319911961,50.860317285135373],[-0.20187854155503,50.860508928919906],[-0.201971903766374,50.860725611547544],[-0.202026879159776,50.860943941988779],[-0.20205356226616,50.861572260026129],[-0.202045288878586,50.861787276846968],[-0.202021959910754,50.862000623696396],[-0.201985213146025,50.862215562452121],[-0.201916943714374,50.862433881694201],[-0.201831867787701,50.862647266378666],[-0.201655198399254,50.863063870841636],[-0.200209631189356,50.865603027304076],[-0.200050287204634,50.865782088567073],[-0.199861951159059,50.866002155683084],[-0.199658380240256,50.866453320317156],[-0.199390973925805,50.867716140339745],[-0.199326870905922,50.86786759855547]]}},
{"type":"Feature","properties":{"Desc_":"TrafficFree","Greenway":"No","RouteType":"RCN","RouteNo":82,"LinkNo":20,"RouteCat":"N/A","OpenStatus":"Open","Surface":"Asphalt","Quality":"Acceptable","Lighting":"NotLit","RoadClass":null,"GlobalID":"17674e00-90fe-4aa6-a5c7-e328ed1b7464","SegmentID":10527},"geometry":{"type":"LineString","coordinates":[[-0.199326870905922,50.86786759855547],[-0.198560912484928,50.868393143271859],[-0.198550776952175,50.868478765928501]]}},
{"type":"Feature","properties":{"Desc_":"TrafficFree","Greenway":"No","RouteType":"RCN","RouteNo":90,"LinkNo":0,"RouteCat":"N/A","OpenStatus":"Open","Surface":"Asphalt","Quality":"Standard","Lighting":"PartLit","RoadClass":null,"GlobalID":"046e7017-f707-4141-8723-975e6a1286d2","SegmentID":6132},"geometry":{"type":"LineString","coordinates":[[-0.096951682188523,50.859376971546141],[-0.096852605473126,50.859443149520303]]}},
{"type":"Feature","properties":{"Desc_":"TrafficFree","Greenway":"No","RouteType":"RCN","RouteNo":90,"LinkNo":0,"RouteCat":"N/A","OpenStatus":"Open","Surface":"Asphalt","Quality":"Standard","Lighting":"PartLit","RoadClass":null,"GlobalID":"2470371a-186e-48c0-b1aa-f890558c87bb","SegmentID":27584},"geometry":{"type":"LineString","coordinates":[[-0.096852605476486,50.85944314953101],[-0.096835226313556,50.859502520308354],[-0.096688784789759,50.85968643372405],[-0.096557774801402,50.859891265738788],[-0.09648739857238,50.860014372827195],[-0.096185778148315,50.860354410872695],[-0.095908788100186,50.860630023609723],[-0.095622054629481,50.860778452034708],[-0.095497056940707,50.860850141715893],[-0.09535529858141,50.860910135996257],[-0.095208684707583,50.860971759645864],[-0.095053653615941,50.861018496350709],[-0.094883725331499,50.861045122997083],[-0.094712060727322,50.861071810991739],[-0.094548688688368,50.861101781836993],[-0.094380385176184,50.861131761883627],[-0.094213695382265,50.861168513187316],[-0.094065385049943,50.861205114673119],[-0.093347242826956,50.861373617351319],[-0.093190360525335,50.861430475060516],[-0.092977568097073,50.861521646858684],[-0.092851965479384,50.861597218048708],[-0.092732586661416,50.861648401392358],[-0.092594522748731,50.861696410358462],[-0.092476110453446,50.861746530010358],[-0.092369263055946,50.861788339645486],[-0.092161159677287,50.861866554958667],[-0.092006970345832,50.861915846568927],[-0.09186550335042,50.861980697912834],[-0.091584014243856,50.862150867655487],[-0.091243945972392,50.862234758065505],[-0.091038875639432,50.862289754702289],[-0.090757209914277,50.862353121303684],[-0.090413885692931,50.86240810387892],[-0.090060538581844,50.862508051036599],[-0.089790551625756,50.862594710805304],[-0.089477204289783,50.862696398982656],[-0.089227241977103,50.862826455258975],[-0.089008972618613,50.862958100080903],[-0.088762245082591,50.863126421878412],[-0.0885140016259,50.863283116669216],[-0.088203929953618,50.863293049033665],[-0.088037664163718,50.863161709234198],[-0.087746286353624,50.863145433606974]]}},
{"type":"Feature","properties":{"Desc_":"TrafficFree","Greenway":"No","RouteType":"RCN","RouteNo":90,"LinkNo":0,"RouteCat":"N/A","OpenStatus":"Open","Surface":"Asphalt","Quality":"Acceptable","Lighting":"PartLit","RoadClass":null,"GlobalID":"6cde055d-0078-4875-bf17-15c8e2247a35","SegmentID":15854},"geometry":{"type":"LineString","coordinates":[[-0.087746286350173,50.863145433596166],[-0.087565595542516,50.862946423228877],[-0.087245610257375,50.862894791705592],[-0.086880651796799,50.86294311393911],[-0.086532326377279,50.863011394550774],[-0.086188920091791,50.863059807098175],[-0.085847294613476,50.863116422970165],[-0.085508995093005,50.863183066233866],[-0.08518727782402,50.863208088603677],[-0.084850680215463,50.863233144754233],[-0.084504843424192,50.863286341117217],[-0.084231195666446,50.863332618048304],[-0.083612368077253,50.863418078812352],[-0.083311369168955,50.863470822529422]]}},
{"type":"Feature","properties":{"Desc_":"OnRoad","Greenway":"No","RouteType":"NCN","RouteNo":20,"LinkNo":0,"RouteCat":"Main Route","OpenStatus":"Open","Surface":"Asphalt","Quality":"Standard","Lighting":"PartLit","RoadClass":"A Road","GlobalID":"95e49a3b-c80f-49cb-b2bc-b66b7f85f677","SegmentID":33324},"geometry":{"type":"LineString","coordinates":[[-0.153119855741369,50.86559808977718],[-0.153182423845213,50.865645646995297],[-0.153298357017521,50.865736309628197]]}},
{"type":"Feature","properties":{"Desc_":"TrafficFree","Greenway":"No","RouteType":"NCN","RouteNo":20,"LinkNo":0,"RouteCat":"Main Route","OpenStatus":"Open","Surface":"Asphalt","Quality":"Standard","Lighting":"PartLit","RoadClass":null,"GlobalID":"61cd06d0-09dd-4915-94d5-32edd280d75e","SegmentID":29214},"geometry":{"type":"LineString","coordinates":[[-0.153298357017521,50.865736309628197],[-0.153396535200789,50.865706602059788],[-0.153567854421023,50.865809733287044],[-0.155457707930218,50.867276343474188],[-0.155596145092505,50.867334632024559],[-0.155742819428676,50.867359569057143],[-0.157119833937836,50.867304408336793],[-0.157255532890118,50.867304950080786],[-0.15724525420201,50.86735119360803]]}},
{"type":"Feature","properties":{"Desc_":"TrafficFree","Greenway":"No","RouteType":"NCN","RouteNo":20,"LinkNo":0,"RouteCat":"Main Route","OpenStatus":"Open","Surface":"Asphalt","Quality":"Standard","Lighting":"PartLit","RoadClass":null,"GlobalID":"8d6400a5-ec53-4fd6-aede-e99745ff961a","SegmentID":16464},"geometry":{"type":"LineString","coordinates":[[-0.159242889672411,50.866835290804723],[-0.159193773368966,50.866776176233522],[-0.159266792143796,50.866755150290579],[-0.159313616973609,50.866801575937764],[-0.159407151155071,50.866897403936932],[-0.159533901598944,50.867026531012257],[-0.159652023491914,50.867135658240315]]}},
{"type":"Feature","properties":{"Desc_":"OnRoad","Greenway":"No","RouteType":"NCN","RouteNo":20,"LinkNo":0,"RouteCat":"Main Route","OpenStatus":"Open","Surface":"Asphalt","Quality":"Standard","Lighting":"PartLit","RoadClass":"Minor Road","GlobalID":"7eaaac7a-19f9-4a44-b615-3d04a8bb8a76","SegmentID":18102},"geometry":{"type":"LineString","coordinates":[[-0.159242889672411,50.866835290804723],[-0.158091891202868,50.867279120733329],[-0.15724525420201,50.86735119360803]]}},
{"type":"Feature","properties":{"Desc_":"TrafficFree","Greenway":"No","RouteType":"NCN","RouteNo":20,"LinkNo":0,"RouteCat":"Main Route","OpenStatus":"Open","Surface":"Asphalt","Quality":"Standard","Lighting":"NotLit","RoadClass":null,"GlobalID":"3377d0f9-b7b4-44d9-aa3c-8b568d272f87","SegmentID":29125},"geometry":{"type":"LineString","coordinates":[[-0.159652023491914,50.867135658240315],[-0.160191560605546,50.86763878672614],[-0.160153674778957,50.867670179747577]]}},
{"type":"Feature","properties":{"Desc_":"OnRoad","Greenway":"No","RouteType":"NCN","RouteNo":20,"LinkNo":0,"RouteCat":"Main Route","OpenStatus":"Open","Surface":"Asphalt","Quality":"Standard","Lighting":"NotLit","RoadClass":null,"GlobalID":"392a5e59-9ade-427d-acd1-41c083a8c448","SegmentID":39294},"geometry":{"type":"LineString","coordinates":[[-0.160153674778957,50.867670179747577],[-0.159499007453197,50.868007209252127],[-0.159232336187944,50.868184112067482],[-0.159027241228527,50.868412304295951],[-0.158951785023282,50.868578804254348],[-0.158967317813152,50.868857430409527],[-0.159172776676464,50.869427487441861],[-0.159451321274193,50.869891369507648],[-0.159635817811962,50.87005191359286],[-0.159977509784143,50.870258535712978],[-0.160297527223846,50.870590928645385],[-0.161427845269663,50.871980366354926]]}},
{"type":"Feature","properties":{"Desc_":"TrafficFree","Greenway":"Yes","RouteType":"NCN","RouteNo":20,"LinkNo":0,"RouteCat":"Main Route","OpenStatus":"Open","Surface":"Concrete","Quality":"Acceptable","Lighting":"NotLit","RoadClass":null,"GlobalID":"a4be153a-e448-437c-a8c8-2700889805a2","SegmentID":52268},"geometry":{"type":"LineString","coordinates":[[-0.161427845269663,50.871980366354926],[-0.161348016543909,50.872031891042504],[-0.161251698789368,50.872060404697827],[-0.160675841891564,50.872230875261529]]}},
{"type":"Feature","properties":{"Desc_":"TrafficFree","Greenway":"Yes","RouteType":"NCN","RouteNo":20,"LinkNo":0,"RouteCat":"Main Route","OpenStatus":"Open","Surface":"Asphalt","Quality":"Standard","Lighting":"PartLit","RoadClass":null,"GlobalID":"cee48636-b258-4a6f-840c-d7eb3f4579b9","SegmentID":38985},"geometry":{"type":"LineString","coordinates":[[-0.160675841891564,50.872230875261529],[-0.161726527859836,50.873491364414825],[-0.161906580364531,50.873707997753698],[-0.162078287345524,50.873897977189756],[-0.162244857973225,50.874102985110135],[-0.162431601329913,50.874312978046731],[-0.162614870974634,50.874516364556648],[-0.162806594499633,50.874704684746064],[-0.162976569092246,50.87489131347882],[-0.163174922473375,50.875119656124753],[-0.163348295213739,50.875336271905937],[-0.163516586962695,50.875551287644534],[-0.163673220364091,50.875764675470784],[-0.163831556750884,50.875979619695727],[-0.163974899884633,50.876191270184172],[-0.164074967458447,50.876386834179456],[-0.164195034383438,50.876603434547938],[-0.164329977042263,50.87683508912869],[-0.164444961654995,50.877061762191317],[-0.164583349968751,50.877317969095344],[-0.164675036901752,50.877552990493008],[-0.164766708465102,50.877794585870475],[-0.164858373923931,50.878047953639673],[-0.164926645096076,50.878234599341816],[-0.164999993421911,50.878426271253858],[-0.16506838096769,50.878642948150436],[-0.165666720312596,50.880462758830674],[-0.165764072482907,50.880859746491659]]}},
{"type":"Feature","properties":{"Desc_":"TrafficFree","Greenway":"Yes","RouteType":"RCN","RouteNo":82,"LinkNo":20,"RouteCat":"N/A","OpenStatus":"Open","Surface":"Asphalt","Quality":"Rough","Lighting":"NotLit","RoadClass":null,"GlobalID":"c5726608-6fd5-4dcc-928f-185a1561588f","SegmentID":18690},"geometry":{"type":"LineString","coordinates":[[-0.198550776954057,50.868478765937894],[-0.198604585500791,50.86861671893115],[-0.198644608513132,50.868876715470428],[-0.198661206141794,50.869111726489557],[-0.198694585937907,50.869325052609902],[-0.198752937946387,50.869538404390418],[-0.198822912908257,50.869775048558395],[-0.198897920381857,50.870014998969893],[-0.198918263861174,50.870103233760084]]}}
]
}
