{
"type": "FeatureCollection",
"name": "Medway_15_min",
"crs": { "type": "name", "properties": { "name": "urn:ogc:def:crs:EPSG::27700" } },
"features": [
{ "type": "Feature", "properties": { "park_offical_id": "MEDWA_19", "Local Authority_x": "Medway", "total_Age 0 - 4": 1060, "total_Aged 5-9": 1223, "total_Aged 10-14": 1334, "total_Aged 15-19": 1088, "total_Aged 20-24": 864, "total_Aged 25-29": 957, "total_Aged 30-34": 1117, "total_Aged 35-39": 1313, "total_Aged 40-44": 1181, "total_Aged 45-49": 1003, "total_Aged 50-54": 972, "total_Aged 55-59": 1072, "total_Aged 60-64": 924, "total_Aged 65-69": 821, "total_Aged 70-74": 645, "total_Aged 75-79": 653, "total_Aged 80-84": 386, "total_Aged 85+": 290, "total_All Ages": 16903, "female_Age 0 - 4": 509, "female_Aged 5-9": 630, "female_Aged 10-14": 632, "female_Aged 15-19": 571, "female_Aged 20-24": 401, "female_Aged 25-29": 519, "female_Aged 30-34": 535, "female_Aged 35-39": 729, "female_Aged 40-44": 615, "female_Aged 45-49": 504, "female_Aged 50-54": 466, "female_Aged 55-59": 539, "female_Aged 60-64": 493, "female_Aged 65-69": 440, "female_Aged 70-74": 335, "female_Aged 75-79": 335, "female_Aged 80-84": 191, "female_Aged 85+": 176, "female_All Ages": 8620, "male_Age 0 - 4": 551, "male_Aged 5-9": 593, "male_Aged 10-14": 702, "male_Aged 15-19": 517, "male_Aged 20-24": 463, "male_Aged 25-29": 438, "male_Aged 30-34": 582, "male_Aged 35-39": 584, "male_Aged 40-44": 566, "male_Aged 45-49": 499, "male_Aged 50-54": 506, "male_Aged 55-59": 533, "male_Aged 60-64": 431, "male_Aged 65-69": 381, "male_Aged 70-74": 310, "male_Aged 75-79": 318, "male_Aged 80-84": 195, "male_Aged 85+": 114, "male_All Ages": 8283, "Total Econ. Act. Potential": 12668, "Economically active (excluding full-time students): In employment": 7246, "Economically active (excluding full-time students): Unemployed": 379, "Economically active and a full-time student: In employment": 185, "Economically active and a full-time student: Unemployed": 68, "Economically inactive (excluding full-time students)": 4257, "Economically inactive and a full-time student": 533, "1. Managers, directors and senior officials": 797, "2. Professional occupations": 1009, "3. Associate professional and technical occupations": 899, "4. Administrative and secretarial occupations": 754, "5. Skilled trades occupations": 973, "6. Caring, leisure and other service occupations": 757, "7. Sales and customer service occupations": 641, "8. Process, plant and machine operatives": 708, "9. Elementary occupations": 900, "Occupation Total": 7438, "Very good health": 4845, "Good health": 5045, "Fair health": 2011, "Bad health": 628, "Very bad health": 187, "Health Total": 12716, "Bad or Very bad health": 815, "Good or Very good health": 9890, "All usual residents Country of Birth": 16239, "Europe": 15150, "Europe: United Kingdom": 14262, "Europe: Ireland": 76, "Europe: Other": 812, "Africa": 503, "Middle East and Asia": 448, "The Americas and the Caribbean": 122, "Antarctica and Oceania (including Australasia) and Other": 16, "No religion": 7218, "Christian": 7260, "Buddhist": 61, "Hindu": 135, "Jewish": 12, "Muslim": 315, "Sikh": 393, "Other religion": 100, "Not answered": 727, "Total Religion": 16221, "Total: All usual residents Ethnicity": 16252, "Asian, Asian British or Asian Welsh": 875, "Black, Black British, Black Welsh, Caribbean or African": 925, "Mixed or Multiple ethnic groups": 436, "White": 13840, "Other ethnic group": 176, "Total: All households deprivation": 6149, "Household is not deprived in any dimension": 2730, "Household is deprived in one dimension": 2169, "Household is deprived in two dimensions": 968, "Household is deprived in three dimensions": 260, "Household is deprived in four dimensions": 22, "Local Authority_y": "Medway", "number_of_OAs_outside_of_park_LA": 1, "LQ: Economically active (excluding full-time students): In employment": 0.98298373080034751, "Percentage: Economically active (excluding full-time students): In employment": 57.19924218503315, "LQ: Economically active (excluding full-time students): Unemployed": 1.0889528249252853, "Percentage: Economically active (excluding full-time students): Unemployed": 2.9917903378591726, "LQ: Economically active and a full-time student: In employment": 1.1712541046347278, "Percentage: Economically active and a full-time student: In employment": 1.4603725923586992, "LQ: Economically active and a full-time student: Unemployed": 1.2120167831967565, "Percentage: Economically active and a full-time student: Unemployed": 0.53678560151562993, "LQ: Economically inactive (excluding full-time students)": 1.0079446590362318, "Percentage: Economically inactive (excluding full-time students)": 33.60435743605936, "LQ: Economically inactive and a full-time student": 1.0430047630919661, "Percentage: Economically inactive and a full-time student": 4.2074518471739815, "LQ: 1. Managers, directors and senior officials": 0.8173735034934746, "Percentage: 1. Managers, directors and senior officials": 10.715246033880076, "LQ: 2. Professional occupations": 0.79228786843851973, "Percentage: 2. Professional occupations": 13.565474589943532, "LQ: 3. Associate professional and technical occupations": 0.89792508500949486, "Percentage: 3. Associate professional and technical occupations": 12.086582414627587, "LQ: 4. Administrative and secretarial occupations": 0.98723828292160076, "Percentage: 4. Administrative and secretarial occupations": 10.137133638074751, "LQ: 5. Skilled trades occupations": 1.1414514848068584, "Percentage: 5. Skilled trades occupations": 13.081473514385589, "LQ: 6. Caring, leisure and other service occupations": 1.1324601458822259, "Percentage: 6. Caring, leisure and other service occupations": 10.177467061037913, "LQ: 7. Sales and customer service occupations": 1.1989225326973889, "Percentage: 7. Sales and customer service occupations": 8.617908039795644, "LQ: 8. Process, plant and machine operatives": 1.2328210316523043, "Percentage: 8. Process, plant and machine operatives": 9.5186878193062654, "LQ: 9. Elementary occupations": 1.1325943612024922, "Percentage: 9. Elementary occupations": 12.100026888948642, "LQ: Very good health": 0.94726363041835215, "Percentage: Very good health": 38.101604278074866, "LQ: Good health": 1.024057314228058, "Percentage: Good health": 39.67442592010066, "LQ: Fair health": 1.0438826609105434, "Percentage: Fair health": 15.814721610569363, "LQ: Bad health": 1.0739491138235377, "Percentage: Bad health": 4.9386599559609934, "LQ: Very bad health": 1.1432687695498551, "Percentage: Very bad health": 1.4705882352941175, "LQ: Bad or Very bad health": 1.0891007704674198, "Percentage: Bad or Very bad health": 6.4092481912551111, "LQ: Good or Very good health": 0.98494061729010329, "Percentage: Good or Very good health": 77.776030198175533, "LQ: Europe": 0.99996648149097822, "Percentage: Europe": 93.293922039534451, "LQ: Europe: United Kingdom": 1.0063488565383722, "Percentage: Europe: United Kingdom": 87.825605024939961, "LQ: Europe: Ireland": 1.0173866553180768, "Percentage: Europe: Ireland": 0.46800911386169097, "LQ: Europe: Other": 0.89844598120249686, "Percentage: Europe: Other": 5.0003079007328042, "LQ: Africa": 1.2726230339967193, "Percentage: Africa": 3.0974813720056655, "LQ: Middle East and Asia": 0.82806182489460911, "Percentage: Middle East and Asia": 2.7587905659215468, "LQ: The Americas and the Caribbean": 1.0395591425353243, "Percentage: The Americas and the Caribbean": 0.75127778804113554, "LQ: Antarctica and Oceania (including Australasia) and Other": 0.45890406385925592, "Percentage: Antarctica and Oceania (including Australasia) and Other": 0.098528234497198094, "LQ: No religion": 1.0745140651848484, "Percentage: No religion": 44.497873127427404, "LQ: Christian": 0.94419378558370515, "Percentage: Christian": 44.756796744960234, "LQ: Buddhist": 0.89913969023205942, "Percentage: Buddhist": 0.37605573022624994, "LQ: Hindu": 0.79202198933504853, "Percentage: Hindu": 0.83225448492694654, "LQ: Jewish": 0.84730038468151214, "Percentage: Jewish": 0.073978176437950807, "LQ: Muslim": 0.95533672405350101, "Percentage: Muslim": 1.9419271314962085, "LQ: Sikh": 1.5026434919878455, "Percentage: Sikh": 2.4227852783428889, "LQ: Other religion": 1.124317647560938, "Percentage: Other religion": 0.61648480364959002, "LQ: Not answered": 0.8244671085379881, "Percentage: Not answered": 4.4818445225325192, "LQ: Asian, Asian British or Asian Welsh": 1.0604849564760068, "Percentage: Asian, Asian British or Asian Welsh": 5.3839527442776269, "LQ: Black, Black British, Black Welsh, Caribbean or African": 1.5495546568101977, "Percentage: Black, Black British, Black Welsh, Caribbean or African": 5.6916071868077776, "LQ: Mixed or Multiple ethnic groups": 1.1112327181432904, "Percentage: Mixed or Multiple ethnic groups": 2.6827467388629089, "LQ: White": 0.97266268795500732, "Percentage: White": 85.158749692345566, "LQ: Other ethnic group": 0.84363552012544252, "Percentage: Other ethnic group": 1.0829436377061286, "LQ: Household is not deprived in any dimension": 0.92166674971467077, "Percentage: Household is not deprived in any dimension": 44.397463002114165, "LQ: Household is deprived in one dimension": 1.0346956596316479, "Percentage: Household is deprived in one dimension": 35.274028297284111, "LQ: Household is deprived in two dimensions": 1.1272987084047679, "Percentage: Household is deprived in two dimensions": 15.742397137745975, "LQ: Household is deprived in three dimensions": 1.2053588756645268, "Percentage: Household is deprived in three dimensions": 4.2283298097251585, "LQ: Household is deprived in four dimensions": 1.3486101095258396, "Percentage: Household is deprived in four dimensions": 0.35778175313059035, "LQ: total_Age 0 - 4": 1.0818692697131136, "Percentage: total_Age 0 - 4": 6.271076140330119, "LQ: total_Aged 5-9": 1.102046309108863, "Percentage: total_Aged 5-9": 7.2354019996450329, "LQ: total_Aged 10-14": 1.1753661909835103, "Percentage: total_Aged 10-14": 7.89209016150979, "LQ: total_Aged 15-19": 1.102485601638189, "Percentage: total_Aged 15-19": 6.4367272081878948, "LQ: total_Aged 20-24": 1.0800197342053937, "Percentage: total_Aged 20-24": 5.1115186653256819, "LQ: total_Aged 25-29": 0.94387683466650374, "Percentage: total_Aged 25-29": 5.6617168549961541, "LQ: total_Aged 30-34": 0.94176137528782589, "Percentage: total_Aged 30-34": 6.6082943856120222, "LQ: total_Aged 35-39": 1.0702546752414748, "Percentage: total_Aged 35-39": 7.7678518606164593, "LQ: total_Aged 40-44": 1.0134003163672216, "Percentage: total_Aged 40-44": 6.9869253978583679, "LQ: total_Aged 45-49": 0.96352898263751474, "Percentage: total_Aged 45-49": 5.9338578950482157, "LQ: total_Aged 50-54": 0.89098229646097882, "Percentage: total_Aged 50-54": 5.7504584984913922, "LQ: total_Aged 55-59": 0.95677260128590591, "Percentage: total_Aged 55-59": 6.3420694551263086, "LQ: total_Aged 60-64": 0.91710818279925244, "Percentage: total_Aged 60-64": 5.4664852393066319, "LQ: total_Aged 65-69": 1.003494676259866, "Percentage: total_Aged 65-69": 4.8571259539726679, "LQ: total_Aged 70-74": 0.92180956618953536, "Percentage: total_Aged 70-74": 3.815890670295214, "LQ: total_Aged 75-79": 0.93410848560687498, "Percentage: total_Aged 75-79": 3.8632195468260071, "LQ: total_Aged 80-84": 0.90012807222193758, "Percentage: total_Aged 80-84": 2.2836182926107793, "LQ: total_Aged 85+": 0.7362461437515172, "Percentage: total_Aged 85+": 1.7156717742412588, "LQ: female_Age 0 - 4": 1.0611889846579561, "Percentage: female_Age 0 - 4": 5.9048723897911835, "LQ: female_Aged 5-9": 1.1615587095068873, "Percentage: female_Aged 5-9": 7.3085846867749424, "LQ: female_Aged 10-14": 1.1420360416344506, "Percentage: female_Aged 10-14": 7.3317865429234335, "LQ: female_Aged 15-19": 1.2015330087115665, "Percentage: female_Aged 15-19": 6.6241299303944317, "LQ: female_Aged 20-24": 1.0444500115940132, "Percentage: female_Aged 20-24": 4.6519721577726223, "LQ: female_Aged 25-29": 1.0039593072636352, "Percentage: female_Aged 25-29": 6.020881670533643, "LQ: female_Aged 30-34": 0.86270072588032265, "Percentage: female_Aged 30-34": 6.2064965197215782, "LQ: female_Aged 35-39": 1.1375063683416351, "Percentage: female_Aged 35-39": 8.4570765661252914, "LQ: female_Aged 40-44": 1.0166836443482206, "Percentage: female_Aged 40-44": 7.1345707656612518, "LQ: female_Aged 45-49": 0.95386500247963246, "Percentage: female_Aged 45-49": 5.8468677494199541, "LQ: female_Aged 50-54": 0.84729750549675364, "Percentage: female_Aged 50-54": 5.4060324825986079, "LQ: female_Aged 55-59": 0.95309390030760022, "Percentage: female_Aged 55-59": 6.2529002320185612, "LQ: female_Aged 60-64": 0.95840236128540668, "Percentage: female_Aged 60-64": 5.7192575406032482, "LQ: female_Aged 65-69": 1.0509189537203607, "Percentage: female_Aged 65-69": 5.1044083526682131, "LQ: female_Aged 70-74": 0.9120975350181294, "Percentage: female_Aged 70-74": 3.8863109048723898, "LQ: female_Aged 75-79": 0.89059452580177212, "Percentage: female_Aged 75-79": 3.8863109048723898, "LQ: female_Aged 80-84": 0.7993687498831018, "Percentage: female_Aged 80-84": 2.2157772621809744, "LQ: female_Aged 85+": 0.72370999717618567, "Percentage: female_Aged 85+": 2.0417633410672855, "LQ: male_Age 0 - 4": 1.1017023324214767, "Percentage: male_Age 0 - 4": 6.6521791621393209, "LQ: male_Aged 5-9": 1.0451564192707317, "Percentage: male_Aged 5-9": 7.159241820596403, "LQ: male_Aged 10-14": 1.207081631885907, "Percentage: male_Aged 10-14": 8.475190148496921, "LQ: male_Aged 15-19": 1.0104862593262951, "Percentage: male_Aged 15-19": 6.241699867197875, "LQ: male_Aged 20-24": 1.1128433449808017, "Percentage: male_Aged 20-24": 5.5897621634673422, "LQ: male_Aged 25-29": 0.8813759537725292, "Percentage: male_Aged 25-29": 5.2879391524809849, "LQ: male_Aged 30-34": 1.0283961069255945, "Percentage: male_Aged 30-34": 7.026439695762404, "LQ: male_Aged 35-39": 0.99669724443017693, "Percentage: male_Aged 35-39": 7.0505855366413144, "LQ: male_Aged 40-44": 1.0098567883960392, "Percentage: male_Aged 40-44": 6.8332729687311353, "LQ: male_Aged 45-49": 0.97349060129117826, "Percentage: male_Aged 45-49": 6.0243872992876977, "LQ: male_Aged 50-54": 0.93539683442620603, "Percentage: male_Aged 50-54": 6.1088977423638777, "LQ: male_Aged 55-59": 0.96052165804212364, "Percentage: male_Aged 55-59": 6.4348665942291436, "LQ: male_Aged 60-64": 0.87403193628067888, "Percentage: male_Aged 60-64": 5.2034287094048048, "LQ: male_Aged 65-69": 0.95378841568873762, "Percentage: male_Aged 65-69": 4.5997826874320902, "LQ: male_Aged 70-74": 0.93254019004290833, "Percentage: male_Aged 70-74": 3.7426053362308345, "LQ: male_Aged 75-79": 0.98479770328731675, "Percentage: male_Aged 75-79": 3.8391886997464688, "LQ: male_Aged 80-84": 1.0269144645408796, "Percentage: male_Aged 80-84": 2.3542194856935894, "LQ: male_Aged 85+": 0.75647746099424584, "Percentage: male_Aged 85+": 1.3763129300977905, "Local Authority": "Medway" }, "geometry": { "type": "Polygon", "coordinates": [ [ [ 572853.088980470551178, 168766.781910636113025 ], [ 572816.314500878099352, 168713.581784890266135 ], [ 572673.606698932126164, 168596.981051224400289 ], [ 572399.760562866344117, 168453.876675865671132 ], [ 572358.201123245991766, 168446.661041395913344 ], [ 572296.330049838870764, 168436.82252964284271 ], [ 571978.416280179750174, 168415.005747428920586 ], [ 571726.117252910975367, 168341.882559049408883 ], [ 571529.64476029179059, 168459.334769155306276 ], [ 571286.277163889491931, 168811.334753641742282 ], [ 571275.334743730956689, 168850.596601049706805 ], [ 571251.529683859203942, 169010.606173007923644 ], [ 571126.743396749370731, 169061.243242766533513 ], [ 570936.739892217097804, 169475.250206839933526 ], [ 570902.949374469229952, 169535.653617716394365 ], [ 571649.191786449984647, 170085.619250177638605 ], [ 572479.223116041859612, 170094.79767329164315 ], [ 572600.8551205098629, 170009.414347388665192 ], [ 572675.698561676661484, 169775.561781310418155 ], [ 572694.420410956256092, 169772.978565749595873 ], [ 572919.023019116837531, 169349.290890659554861 ], [ 572912.566631623893045, 169322.399253225477878 ], [ 572780.698373698396608, 169189.100389516795985 ], [ 572935.590035158442333, 168941.259522641368676 ], [ 572853.088980470551178, 168766.781910636113025 ] ] ] } },
{ "type": "Feature", "properties": { "park_offical_id": "MEDWA_284", "Local Authority_x": "Medway", "total_Age 0 - 4": 236, "total_Aged 5-9": 225, "total_Aged 10-14": 172, "total_Aged 15-19": 144, "total_Aged 20-24": 138, "total_Aged 25-29": 203, "total_Aged 30-34": 259, "total_Aged 35-39": 270, "total_Aged 40-44": 234, "total_Aged 45-49": 132, "total_Aged 50-54": 146, "total_Aged 55-59": 148, "total_Aged 60-64": 129, "total_Aged 65-69": 82, "total_Aged 70-74": 64, "total_Aged 75-79": 54, "total_Aged 80-84": 28, "total_Aged 85+": 29, "total_All Ages": 2693, "female_Age 0 - 4": 121, "female_Aged 5-9": 93, "female_Aged 10-14": 81, "female_Aged 15-19": 55, "female_Aged 20-24": 74, "female_Aged 25-29": 103, "female_Aged 30-34": 143, "female_Aged 35-39": 134, "female_Aged 40-44": 123, "female_Aged 45-49": 61, "female_Aged 50-54": 75, "female_Aged 55-59": 71, "female_Aged 60-64": 61, "female_Aged 65-69": 43, "female_Aged 70-74": 29, "female_Aged 75-79": 24, "female_Aged 80-84": 16, "female_Aged 85+": 19, "female_All Ages": 1326, "male_Age 0 - 4": 115, "male_Aged 5-9": 132, "male_Aged 10-14": 91, "male_Aged 15-19": 89, "male_Aged 20-24": 64, "male_Aged 25-29": 100, "male_Aged 30-34": 116, "male_Aged 35-39": 136, "male_Aged 40-44": 111, "male_Aged 45-49": 71, "male_Aged 50-54": 71, "male_Aged 55-59": 77, "male_Aged 60-64": 68, "male_Aged 65-69": 39, "male_Aged 70-74": 35, "male_Aged 75-79": 30, "male_Aged 80-84": 12, "male_Aged 85+": 10, "male_All Ages": 1367, "Total Econ. Act. Potential": 1828, "Economically active (excluding full-time students): In employment": 1166, "Economically active (excluding full-time students): Unemployed": 56, "Economically active and a full-time student: In employment": 22, "Economically active and a full-time student: Unemployed": 9, "Economically inactive (excluding full-time students)": 501, "Economically inactive and a full-time student": 74, "1. Managers, directors and senior officials": 132, "2. Professional occupations": 185, "3. Associate professional and technical occupations": 185, "4. Administrative and secretarial occupations": 102, "5. Skilled trades occupations": 143, "6. Caring, leisure and other service occupations": 124, "7. Sales and customer service occupations": 99, "8. Process, plant and machine operatives": 96, "9. Elementary occupations": 128, "Occupation Total": 1194, "Very good health": 803, "Good health": 670, "Fair health": 245, "Bad health": 90, "Very bad health": 27, "Health Total": 1835, "Bad or Very bad health": 117, "Good or Very good health": 1473, "All usual residents Country of Birth": 2327, "Europe": 2095, "Europe: United Kingdom": 1921, "Europe: Ireland": 21, "Europe: Other": 153, "Africa": 117, "Middle East and Asia": 84, "The Americas and the Caribbean": 31, "Antarctica and Oceania (including Australasia) and Other": 0, "No religion": 1015, "Christian": 1033, "Buddhist": 8, "Hindu": 19, "Jewish": 1, "Muslim": 79, "Sikh": 37, "Other religion": 19, "Not answered": 121, "Total Religion": 2332, "Total: All usual residents Ethnicity": 2328, "Asian, Asian British or Asian Welsh": 142, "Black, Black British, Black Welsh, Caribbean or African": 249, "Mixed or Multiple ethnic groups": 56, "White": 1863, "Other ethnic group": 18, "Total: All households deprivation": 983, "Household is not deprived in any dimension": 466, "Household is deprived in one dimension": 322, "Household is deprived in two dimensions": 140, "Household is deprived in three dimensions": 51, "Household is deprived in four dimensions": 4, "Local Authority_y": "Medway", "number_of_OAs_outside_of_park_LA": 0, "LQ: Economically active (excluding full-time students): In employment": 1.0961712667151819, "Percentage: Economically active (excluding full-time students): In employment": 63.785557986870899, "LQ: Economically active (excluding full-time students): Unemployed": 1.1150382002976231, "Percentage: Economically active (excluding full-time students): Unemployed": 3.0634573304157549, "LQ: Economically active and a full-time student: In employment": 0.96523695648849761, "Percentage: Economically active and a full-time student: In employment": 1.2035010940919038, "LQ: Economically active and a full-time student: Unemployed": 1.1116654129056878, "Percentage: Economically active and a full-time student: Unemployed": 0.49234135667396062, "LQ: Economically inactive (excluding full-time students)": 0.82205831575078092, "Percentage: Economically inactive (excluding full-time students)": 27.40700218818381, "LQ: Economically inactive and a full-time student": 1.0035122208575666, "Percentage: Economically inactive and a full-time student": 4.0481400437636763, "LQ: 1. Managers, directors and senior officials": 0.84331147971764864, "Percentage: 1. Managers, directors and senior officials": 11.055276381909549, "LQ: 2. Professional occupations": 0.90493089465120136, "Percentage: 2. Professional occupations": 15.494137353433835, "LQ: 3. Associate professional and technical occupations": 1.1510759719301134, "Percentage: 3. Associate professional and technical occupations": 15.494137353433835, "LQ: 4. Administrative and secretarial occupations": 0.83196041162246726, "Percentage: 4. Administrative and secretarial occupations": 8.5427135678391952, "LQ: 5. Skilled trades occupations": 1.0450390084983481, "Percentage: 5. Skilled trades occupations": 11.976549413735343, "LQ: 6. Caring, leisure and other service occupations": 1.1555814984974713, "Percentage: 6. Caring, leisure and other service occupations": 10.385259631490786, "LQ: 7. Sales and customer service occupations": 1.1535067354741919, "Percentage: 7. Sales and customer service occupations": 8.291457286432161, "LQ: 8. Process, plant and machine operatives": 1.0413335415415881, "Percentage: 8. Process, plant and machine operatives": 8.0402010050251249, "LQ: 9. Elementary occupations": 1.0034452986263629, "Percentage: 9. Elementary occupations": 10.720268006700168, "LQ: Very good health": 1.0879453435231143, "Percentage: Very good health": 43.760217983651231, "LQ: Good health": 0.94243704006449536, "Percentage: Good health": 36.51226158038147, "LQ: Fair health": 0.88129265049148608, "Percentage: Fair health": 13.35149863760218, "LQ: Bad health": 1.0665495095577933, "Percentage: Bad health": 4.9046321525885563, "LQ: Very bad health": 1.1438918043016535, "Percentage: Very bad health": 1.4713896457765667, "LQ: Bad or Very bad health": 1.083454727590548, "Percentage: Bad or Very bad health": 6.3760217983651222, "LQ: Good or Very good health": 1.0165551696550879, "Percentage: Good or Very good health": 80.272479564032693, "LQ: Europe": 0.96498316297538955, "Percentage: Europe": 90.030081650193381, "LQ: Europe: United Kingdom": 0.94592867024150151, "Percentage: Europe: United Kingdom": 82.552642887838417, "LQ: Europe: Ireland": 1.9617995827579855, "Percentage: Europe: Ireland": 0.9024495058014611, "LQ: Europe: Other": 1.1813817851365445, "Percentage: Europe: Other": 6.5749892565535024, "LQ: Africa": 2.0657632866671984, "Percentage: Africa": 5.027932960893855, "LQ: Middle East and Asia": 1.0834950559569905, "Percentage: Middle East and Asia": 3.6097980232058444, "LQ: The Americas and the Caribbean": 1.8433761487899183, "Percentage: The Americas and the Caribbean": 1.3321873657069188, "LQ: Antarctica and Oceania (including Australasia) and Other": 0.0, "Percentage: Antarctica and Oceania (including Australasia) and Other": 0.0, "LQ: No religion": 1.0510184682859911, "Percentage: No religion": 43.524871355060036, "LQ: Christian": 0.93448840423688029, "Percentage: Christian": 44.296740994854197, "LQ: Buddhist": 0.82023141553042411, "Percentage: Buddhist": 0.34305317324185247, "LQ: Hindu": 0.77536492310232075, "Percentage: Hindu": 0.81475128644939965, "LQ: Jewish": 0.49113992066605233, "Percentage: Jewish": 0.042881646655231559, "LQ: Muslim": 1.6665643538741532, "Percentage: Muslim": 3.3876500857632932, "LQ: Sikh": 0.98404329528628043, "Percentage: Sikh": 1.5866209262435675, "LQ: Other religion": 1.4859072669838485, "Percentage: Other religion": 0.81475128644939965, "LQ: Not answered": 0.95449437234656354, "Percentage: Not answered": 5.1886792452830193, "LQ: Asian, Asian British or Asian Welsh": 1.2014581319568114, "Percentage: Asian, Asian British or Asian Welsh": 6.0996563573883158, "LQ: Black, Black British, Black Welsh, Caribbean or African": 2.911979756820541, "Percentage: Black, Black British, Black Welsh, Caribbean or African": 10.695876288659793, "LQ: Mixed or Multiple ethnic groups": 0.99639237481362342, "Percentage: Mixed or Multiple ethnic groups": 2.4054982817869419, "LQ: White": 0.9140350691336564, "Percentage: White": 80.025773195876297, "LQ: Other ethnic group": 0.60233559950849458, "Percentage: Other ethnic group": 0.77319587628865982, "LQ: Household is not deprived in any dimension": 0.98412024239988516, "Percentage: Household is not deprived in any dimension": 47.405900305188197, "LQ: Household is deprived in one dimension": 0.96085957485935458, "Percentage: Household is deprived in one dimension": 32.756866734486266, "LQ: Household is deprived in two dimensions": 1.0198649417339907, "Percentage: Household is deprived in two dimensions": 14.242115971515767, "LQ: Household is deprived in three dimensions": 1.4789863762795208, "Percentage: Household is deprived in three dimensions": 5.1881993896236009, "LQ: Household is deprived in four dimensions": 1.5338210604780149, "Percentage: Household is deprived in four dimensions": 0.40691759918616477, "LQ: total_Age 0 - 4": 1.5118488039454978, "Percentage: total_Age 0 - 4": 8.7634608243594503, "LQ: total_Aged 5-9": 1.27257487208899, "Percentage: total_Aged 5-9": 8.354994430003714, "LQ: total_Aged 10-14": 0.95120308381979146, "Percentage: total_Aged 10-14": 6.3869290753806167, "LQ: total_Aged 15-19": 0.91587026889109457, "Percentage: total_Aged 15-19": 5.3471964352023766, "LQ: total_Aged 20-24": 1.0827407271096274, "Percentage: total_Aged 20-24": 5.1243965837356109, "LQ: total_Aged 25-29": 1.2566862567889296, "Percentage: total_Aged 25-29": 7.5380616412922388, "LQ: total_Aged 30-34": 1.3706131797517889, "Percentage: total_Aged 30-34": 9.617526921648718, "LQ: total_Aged 35-39": 1.3813814183039761, "Percentage: total_Aged 35-39": 10.025993316004456, "LQ: total_Aged 40-44": 1.2603014426425285, "Percentage: total_Aged 40-44": 8.6891942072038617, "LQ: total_Aged 45-49": 0.79591230465487772, "Percentage: total_Aged 45-49": 4.9015967322688452, "LQ: total_Aged 50-54": 0.84000738407824171, "Percentage: total_Aged 50-54": 5.4214630523579652, "LQ: total_Aged 55-59": 0.82909271320174982, "Percentage: total_Aged 55-59": 5.4957296695135538, "LQ: total_Aged 60-64": 0.80364777296092049, "Percentage: total_Aged 60-64": 4.7901968065354623, "LQ: total_Aged 65-69": 0.62909061479429107, "Percentage: total_Aged 65-69": 3.0449313033791312, "LQ: total_Aged 70-74": 0.57410179951312756, "Percentage: total_Aged 70-74": 2.376531748978834, "LQ: total_Aged 75-79": 0.48484769346397039, "Percentage: total_Aged 75-79": 2.0051986632008911, "LQ: total_Aged 80-84": 0.40982879672061662, "Percentage: total_Aged 80-84": 1.0397326401782399, "LQ: total_Aged 85+": 0.46211543140853684, "Percentage: total_Aged 85+": 1.0768659487560341, "LQ: female_Age 0 - 4": 1.6399252886622118, "Percentage: female_Age 0 - 4": 9.1251885369532424, "LQ: female_Aged 5-9": 1.1146725502924313, "Percentage: female_Aged 5-9": 7.0135746606334841, "LQ: female_Aged 10-14": 0.9515059150366646, "Percentage: female_Aged 10-14": 6.1085972850678729, "LQ: female_Aged 15-19": 0.75236057435442261, "Percentage: female_Aged 15-19": 4.1478129713423826, "LQ: female_Aged 20-24": 1.2529644467180261, "Percentage: female_Aged 20-24": 5.5806938159879342, "LQ: female_Aged 25-29": 1.2952384219378419, "Percentage: female_Aged 25-29": 7.7677224736048265, "LQ: female_Aged 30-34": 1.4990156281468243, "Percentage: female_Aged 30-34": 10.784313725490197, "LQ: female_Aged 35-39": 1.3592359375164804, "Percentage: female_Aged 35-39": 10.105580693815988, "LQ: female_Aged 40-44": 1.3218420836020606, "Percentage: female_Aged 40-44": 9.2760180995475121, "LQ: female_Aged 45-49": 0.75049871855299433, "Percentage: female_Aged 45-49": 4.6003016591251891, "LQ: female_Aged 50-54": 0.8864923991345931, "Percentage: female_Aged 50-54": 5.6561085972850682, "LQ: female_Aged 55-59": 0.81614817796525252, "Percentage: female_Aged 55-59": 5.3544494720965305, "LQ: female_Aged 60-64": 0.7708937639947081, "Percentage: female_Aged 60-64": 4.6003016591251891, "LQ: female_Aged 65-69": 0.66764983440626102, "Percentage: female_Aged 65-69": 3.2428355957767727, "LQ: female_Aged 70-74": 0.51328457667281679, "Percentage: female_Aged 70-74": 2.1870286576168927, "LQ: female_Aged 75-79": 0.41477273248659557, "Percentage: female_Aged 75-79": 1.809954751131222, "LQ: female_Aged 80-84": 0.43530887676939423, "Percentage: female_Aged 80-84": 1.206636500754148, "LQ: female_Aged 85+": 0.50788951450670028, "Percentage: female_Aged 85+": 1.4328808446455505, "LQ: male_Age 0 - 4": 1.3932519423173078, "Percentage: male_Age 0 - 4": 8.412582297000732, "LQ: male_Aged 5-9": 1.4096772044841239, "Percentage: male_Aged 5-9": 9.6561814191660567, "LQ: male_Aged 10-14": 0.94811292771921185, "Percentage: male_Aged 10-14": 6.6569129480614482, "LQ: male_Aged 15-19": 1.0540204149678642, "Percentage: male_Aged 15-19": 6.5106071689831753, "LQ: male_Aged 20-24": 0.93207779690429415, "Percentage: male_Aged 20-24": 4.6817849305047554, "LQ: male_Aged 25-29": 1.2192878157178266, "Percentage: male_Aged 25-29": 7.3152889539136794, "LQ: male_Aged 30-34": 1.2419799227056831, "Percentage: male_Aged 30-34": 8.485735186539868, "LQ: male_Aged 35-39": 1.4063987302006957, "Percentage: male_Aged 35-39": 9.9487929773226043, "LQ: male_Aged 40-44": 1.2000117088431861, "Percentage: male_Aged 40-44": 8.1199707388441844, "LQ: male_Aged 45-49": 0.8392835534787686, "Percentage: male_Aged 45-49": 5.1938551572787119, "LQ: male_Aged 50-54": 0.7952851524908281, "Percentage: male_Aged 50-54": 5.1938551572787119, "LQ: male_Aged 55-59": 0.84079442775959201, "Percentage: male_Aged 55-59": 5.6327724945135333, "LQ: male_Aged 60-64": 0.83556086527219275, "Percentage: male_Aged 60-64": 4.9743964886613021, "LQ: male_Aged 65-69": 0.59157637457129286, "Percentage: male_Aged 65-69": 2.8529626920263351, "LQ: male_Aged 70-74": 0.63795942089904745, "Percentage: male_Aged 70-74": 2.560351133869788, "LQ: male_Aged 75-79": 0.56293766658354227, "Percentage: male_Aged 75-79": 2.1945866861741039, "LQ: male_Aged 80-84": 0.38291294850226126, "Percentage: male_Aged 80-84": 0.87783467446964147, "LQ: male_Aged 85+": 0.40207797901765541, "Percentage: male_Aged 85+": 0.73152889539136789, "Local Authority": "Medway" }, "geometry": { "type": "Polygon", "coordinates": [ [ [ 572398.948430328629911, 167416.649101750284899 ], [ 572369.193315868033096, 167428.890824513859116 ], [ 572585.167029536794871, 168003.116229367966298 ], [ 572600.915711752837524, 168019.400738935335539 ], [ 572943.674203611328267, 168256.998390888911672 ], [ 572922.482480160542764, 168292.411315940844361 ], [ 572918.654334763297811, 168593.689571645634715 ], [ 572931.852184024639428, 168638.108608324488159 ], [ 572955.86295633087866, 168717.147588733932935 ], [ 573163.148941068560816, 168981.859946505283006 ], [ 573393.130254073534161, 169082.499237172596622 ], [ 573553.121285585337318, 169138.985960263526067 ], [ 573616.846664709504694, 169053.402323435584549 ], [ 573618.75085566949565, 169025.458870388043579 ], [ 573459.26029589259997, 167901.777710908849258 ], [ 573271.35018960153684, 167709.509870772133581 ], [ 572398.948430328629911, 167416.649101750284899 ] ] ] } },
{ "type": "Feature", "properties": { "park_offical_id": "MEDWA_40", "Local Authority_x": "Medway", "total_Age 0 - 4": 3169, "total_Aged 5-9": 3176, "total_Aged 10-14": 2975, "total_Aged 15-19": 2559, "total_Aged 20-24": 2566, "total_Aged 25-29": 3311, "total_Aged 30-34": 3640, "total_Aged 35-39": 3768, "total_Aged 40-44": 3233, "total_Aged 45-49": 2628, "total_Aged 50-54": 2298, "total_Aged 55-59": 2090, "total_Aged 60-64": 1886, "total_Aged 65-69": 1268, "total_Aged 70-74": 964, "total_Aged 75-79": 662, "total_Aged 80-84": 312, "total_Aged 85+": 214, "total_All Ages": 40719, "female_Age 0 - 4": 1581, "female_Aged 5-9": 1595, "female_Aged 10-14": 1464, "female_Aged 15-19": 1263, "female_Aged 20-24": 1332, "female_Aged 25-29": 1807, "female_Aged 30-34": 2021, "female_Aged 35-39": 1894, "female_Aged 40-44": 1557, "female_Aged 45-49": 1331, "female_Aged 50-54": 1068, "female_Aged 55-59": 983, "female_Aged 60-64": 901, "female_Aged 65-69": 612, "female_Aged 70-74": 489, "female_Aged 75-79": 347, "female_Aged 80-84": 184, "female_Aged 85+": 150, "female_All Ages": 20579, "male_Age 0 - 4": 1588, "male_Aged 5-9": 1581, "male_Aged 10-14": 1511, "male_Aged 15-19": 1296, "male_Aged 20-24": 1234, "male_Aged 25-29": 1504, "male_Aged 30-34": 1619, "male_Aged 35-39": 1874, "male_Aged 40-44": 1676, "male_Aged 45-49": 1297, "male_Aged 50-54": 1230, "male_Aged 55-59": 1107, "male_Aged 60-64": 985, "male_Aged 65-69": 656, "male_Aged 70-74": 475, "male_Aged 75-79": 315, "male_Aged 80-84": 128, "male_Aged 85+": 64, "male_All Ages": 20140, "Total Econ. Act. Potential": 28715, "Economically active (excluding full-time students): In employment": 16563, "Economically active (excluding full-time students): Unemployed": 1378, "Economically active and a full-time student: In employment": 529, "Economically active and a full-time student: Unemployed": 152, "Economically inactive (excluding full-time students)": 8374, "Economically inactive and a full-time student": 1719, "1. Managers, directors and senior officials": 1339, "2. Professional occupations": 2546, "3. Associate professional and technical occupations": 1923, "4. Administrative and secretarial occupations": 1627, "5. Skilled trades occupations": 1722, "6. Caring, leisure and other service occupations": 2043, "7. Sales and customer service occupations": 1316, "8. Process, plant and machine operatives": 1721, "9. Elementary occupations": 2928, "Occupation Total": 17165, "Very good health": 11332, "Good health": 10889, "Fair health": 4573, "Bad health": 1549, "Very bad health": 449, "Health Total": 28792, "Bad or Very bad health": 1998, "Good or Very good health": 22221, "All usual residents Country of Birth": 37886, "Europe": 32428, "Europe: United Kingdom": 27375, "Europe: Ireland": 163, "Europe: Other": 4890, "Africa": 2176, "Middle East and Asia": 2598, "The Americas and the Caribbean": 579, "Antarctica and Oceania (including Australasia) and Other": 105, "No religion": 15316, "Christian": 16112, "Buddhist": 270, "Hindu": 720, "Jewish": 36, "Muslim": 2050, "Sikh": 571, "Other religion": 377, "Not answered": 2435, "Total Religion": 37887, "Total: All usual residents Ethnicity": 37897, "Asian, Asian British or Asian Welsh": 3903, "Black, Black British, Black Welsh, Caribbean or African": 4030, "Mixed or Multiple ethnic groups": 1554, "White": 27287, "Other ethnic group": 1123, "Total: All households deprivation": 15053, "Household is not deprived in any dimension": 5902, "Household is deprived in one dimension": 5402, "Household is deprived in two dimensions": 2761, "Household is deprived in three dimensions": 901, "Household is deprived in four dimensions": 87, "Local Authority_y": "Medway", "number_of_OAs_outside_of_park_LA": 0, "LQ: Economically active (excluding full-time students): In employment": 0.99125692921782926, "Percentage: Economically active (excluding full-time students): In employment": 57.680654710081839, "LQ: Economically active (excluding full-time students): Unemployed": 1.7466999489680033, "Percentage: Economically active (excluding full-time students): Unemployed": 4.7988855998607001, "LQ: Economically active and a full-time student: In employment": 1.477523182004741, "Percentage: Economically active and a full-time student: In employment": 1.8422427302803412, "LQ: Economically active and a full-time student: Unemployed": 1.1952053900142117, "Percentage: Economically active and a full-time student: Unemployed": 0.52934006616750828, "LQ: Economically inactive (excluding full-time students)": 0.87471228967350945, "Percentage: Economically inactive (excluding full-time students)": 29.162458645307332, "LQ: Economically inactive and a full-time student": 1.4840009995678873, "Percentage: Economically inactive and a full-time student": 5.9864182483022814, "LQ: 1. Managers, directors and senior officials": 0.59505235335392948, "Percentage: 1. Managers, directors and senior officials": 7.800757355083018, "LQ: 2. Professional occupations": 0.86628861211662922, "Percentage: 2. Professional occupations": 14.832508010486457, "LQ: 3. Associate professional and technical occupations": 0.83228499169800274, "Percentage: 3. Associate professional and technical occupations": 11.20302942033207, "LQ: 4. Administrative and secretarial occupations": 0.92310384795408262, "Percentage: 4. Administrative and secretarial occupations": 9.4785901543839195, "LQ: 5. Skilled trades occupations": 0.87536691964465885, "Percentage: 5. Skilled trades occupations": 10.032041945819982, "LQ: 6. Caring, leisure and other service occupations": 1.3243652611314372, "Percentage: 6. Caring, leisure and other service occupations": 11.90212642004078, "LQ: 7. Sales and customer service occupations": 1.0665994330002853, "Percentage: 7. Sales and customer service occupations": 7.666763763472181, "LQ: 8. Process, plant and machine operatives": 1.2985539978649197, "Percentage: 8. Process, plant and machine operatives": 10.026216137489076, "LQ: 9. Elementary occupations": 1.5966705843319076, "Percentage: 9. Elementary occupations": 17.057966792892515, "LQ: Very good health": 0.97850338690642291, "Percentage: Very good health": 39.358155043067519, "LQ: Good health": 0.97617971022196792, "Percentage: Good health": 37.819533203667689, "LQ: Fair health": 1.0483818660554851, "Percentage: Fair health": 15.882884134481801, "LQ: Bad health": 1.1699146075336184, "Percentage: Bad health": 5.379966657404835, "LQ: Very bad health": 1.2123604498435738, "Percentage: Very bad health": 1.5594609613781607, "LQ: Bad or Very bad health": 1.1791922766435161, "Percentage: Bad or Very bad health": 6.9394276187829949, "LQ: Good or Very good health": 0.97736333043835, "Percentage: Good or Very good health": 77.177688246735201, "LQ: Europe": 0.91743119093322822, "Percentage: Europe": 85.593622974185706, "LQ: Europe: United Kingdom": 0.82794746370227679, "Percentage: Europe: United Kingdom": 72.256242411444859, "LQ: Europe: Ireland": 0.93527769214873535, "Percentage: Europe: Ireland": 0.43023808266905983, "LQ: Europe: Other": 2.3191312455637112, "Percentage: Europe: Other": 12.907142480071796, "LQ: Africa": 2.3597783502848322, "Percentage: Africa": 5.7435464287599647, "LQ: Middle East and Asia": 2.0582798525779595, "Percentage: Middle East and Asia": 6.8574143483080814, "LQ: The Americas and the Caribbean": 2.1146985239909601, "Percentage: The Americas and the Caribbean": 1.528269017579053, "LQ: Antarctica and Oceania (including Australasia) and Other": 1.2908380153059476, "Percentage: Antarctica and Oceania (including Australasia) and Other": 0.27714723116718576, "LQ: No religion": 0.97617569649091407, "Percentage: No religion": 40.42547575685591, "LQ: Christian": 0.89714238783431477, "Percentage: Christian": 42.52646026341489, "LQ: Buddhist": 1.7039172687022468, "Percentage: Buddhist": 0.71264549845593472, "LQ: Hindu": 1.8085202402236578, "Percentage: Hindu": 1.9003879958824927, "LQ: Jewish": 1.0882935735148316, "Percentage: Jewish": 0.095019399794124632, "LQ: Muslim": 2.6618721127519365, "Percentage: Muslim": 5.4108269327209868, "LQ: Sikh": 0.93473158716706151, "Percentage: Sikh": 1.5071132578456989, "LQ: Other religion": 1.8147540907248956, "Percentage: Other religion": 0.99506427006624953, "LQ: Not answered": 1.1822934825155738, "Percentage: Not answered": 6.4270066249637079, "LQ: Asian, Asian British or Asian Welsh": 2.0286026682508722, "Percentage: Asian, Asian British or Asian Welsh": 10.298968256062485, "LQ: Black, Black British, Black Welsh, Caribbean or African": 2.8951575001199328, "Percentage: Black, Black British, Black Welsh, Caribbean or African": 10.63408713090746, "LQ: Mixed or Multiple ethnic groups": 1.6985233711826713, "Percentage: Mixed or Multiple ethnic groups": 4.1005884370794519, "LQ: White": 0.82240158570351796, "Percentage: White": 72.003060928305672, "LQ: Other ethnic group": 2.3084683639007419, "Percentage: Other ethnic group": 2.9632952476449321, "LQ: Household is not deprived in any dimension": 0.81393909620103, "Percentage: Household is not deprived in any dimension": 39.208131269514382, "LQ: Household is deprived in one dimension": 1.052662341546948, "Percentage: Household is deprived in one dimension": 35.886534245665317, "LQ: Household is deprived in two dimensions": 1.3134437859360641, "Percentage: Household is deprived in two dimensions": 18.341858765694546, "LQ: Household is deprived in three dimensions": 1.7062758523835062, "Percentage: Household is deprived in three dimensions": 5.985517836976018, "LQ: Household is deprived in four dimensions": 2.1785343604786473, "Percentage: Household is deprived in four dimensions": 0.57795788214973753, "LQ: total_Age 0 - 4": 1.3426346359756407, "Percentage: total_Age 0 - 4": 7.7826076278887006, "LQ: total_Aged 5-9": 1.1880112924167232, "Percentage: total_Aged 5-9": 7.799798619808934, "LQ: total_Aged 10-14": 1.0881055422047314, "Percentage: total_Aged 10-14": 7.3061715660993638, "LQ: total_Aged 15-19": 1.076418131435126, "Percentage: total_Aged 15-19": 6.2845354748397559, "LQ: total_Aged 20-24": 1.3315003601246895, "Percentage: total_Aged 20-24": 6.3017264667599893, "LQ: total_Aged 25-29": 1.3555928142914846, "Percentage: total_Aged 25-29": 8.1313391782705864, "LQ: total_Aged 30-34": 1.2739599432612407, "Percentage: total_Aged 30-34": 8.9393157985215748, "LQ: total_Aged 35-39": 1.274970068661017, "Percentage: total_Aged 35-39": 9.253665365062993, "LQ: total_Aged 40-44": 1.1516049691645716, "Percentage: total_Aged 40-44": 7.9397824111594097, "LQ: total_Aged 45-49": 1.0479870066897365, "Percentage: total_Aged 45-49": 6.453989538053488, "LQ: total_Aged 50-54": 0.8744188715495772, "Percentage: total_Aged 50-54": 5.6435570618138957, "LQ: total_Aged 55-59": 0.7743314851695059, "Percentage: total_Aged 55-59": 5.1327390161840913, "LQ: total_Aged 60-64": 0.77706432906737244, "Percentage: total_Aged 60-64": 4.631744394508706, "LQ: total_Aged 65-69": 0.64336563098811683, "Percentage: total_Aged 65-69": 3.1140253935509223, "LQ: total_Aged 70-74": 0.57190674379192363, "Percentage: total_Aged 70-74": 2.3674451730150543, "LQ: total_Aged 75-79": 0.39310522209851467, "Percentage: total_Aged 75-79": 1.625776664456396, "LQ: total_Aged 80-84": 0.30202179420050446, "Percentage: total_Aged 80-84": 0.76622706844470634, "LQ: total_Aged 85+": 0.22553061084895773, "Percentage: total_Aged 85+": 0.52555318156143316, "LQ: female_Age 0 - 4": 1.3806697811992379, "Percentage: female_Age 0 - 4": 7.6825890470868368, "LQ: female_Aged 5-9": 1.2318116357744289, "Percentage: female_Aged 5-9": 7.7506195636328297, "LQ: female_Aged 10-14": 1.1081200352557268, "Percentage: female_Aged 10-14": 7.114048301666748, "LQ: female_Aged 15-19": 1.1132326807762345, "Percentage: female_Aged 15-19": 6.1373244569706982, "LQ: female_Aged 20-24": 1.4532171346647478, "Percentage: female_Aged 20-24": 6.4726177170902375, "LQ: female_Aged 25-29": 1.4641646038985299, "Percentage: female_Aged 25-29": 8.7807959570435887, "LQ: female_Aged 30-34": 1.365072424304753, "Percentage: female_Aged 30-34": 9.8206909956752035, "LQ: female_Aged 35-39": 1.2379106000176023, "Percentage: female_Aged 35-39": 9.2035570241508342, "LQ: female_Aged 40-44": 1.0781578081402383, "Percentage: female_Aged 40-44": 7.5659653044365616, "LQ: female_Aged 45-49": 1.055157845429322, "Percentage: female_Aged 45-49": 6.4677583944798096, "LQ: female_Aged 50-54": 0.81340017681302201, "Percentage: female_Aged 50-54": 5.1897565479372174, "LQ: female_Aged 55-59": 0.72808727600352352, "Percentage: female_Aged 55-59": 4.7767141260508286, "LQ: female_Aged 60-64": 0.733683488485669, "Percentage: female_Aged 60-64": 4.3782496719957233, "LQ: female_Aged 65-69": 0.6122812625861469, "Percentage: female_Aged 65-69": 2.9739054375820011, "LQ: female_Aged 70-74": 0.55768419010797388, "Percentage: female_Aged 70-74": 2.3762087564993437, "LQ: female_Aged 75-79": 0.38640940444384514, "Percentage: female_Aged 75-79": 1.6861849458185529, "LQ: female_Aged 80-84": 0.32256305271667685, "Percentage: female_Aged 80-84": 0.89411536031877148, "LQ: female_Aged 85+": 0.25836052704566659, "Percentage: female_Aged 85+": 0.72889839156421588, "LQ: male_Age 0 - 4": 1.3058441964399821, "Percentage: male_Age 0 - 4": 7.8848063555114205, "LQ: male_Aged 5-9": 1.1460053999336499, "Percentage: male_Aged 5-9": 7.8500496524329693, "LQ: male_Aged 10-14": 1.0685434553632036, "Percentage: male_Aged 10-14": 7.5024826216484612, "LQ: male_Aged 15-19": 1.0417729242551284, "Percentage: male_Aged 15-19": 6.4349553128103283, "LQ: male_Aged 20-24": 1.2198218175011808, "Percentage: male_Aged 20-24": 6.1271102284011922, "LQ: male_Aged 25-29": 1.2446954974705804, "Percentage: male_Aged 25-29": 7.46772591857001, "LQ: male_Aged 30-34": 1.1765556755617166, "Percentage: male_Aged 30-34": 8.0387288977159876, "LQ: male_Aged 35-39": 1.3153707862176067, "Percentage: male_Aged 35-39": 9.3048659384309822, "LQ: male_Aged 40-44": 1.2298313723024203, "Percentage: male_Aged 40-44": 8.3217477656405165, "LQ: male_Aged 45-49": 1.0406373001904299, "Percentage: male_Aged 45-49": 6.4399205561072499, "LQ: male_Aged 50-54": 0.93514441742283116, "Percentage: male_Aged 50-54": 6.1072492552135049, "LQ: male_Aged 55-59": 0.82045689453135195, "Percentage: male_Aged 55-59": 5.4965243296921544, "LQ: male_Aged 60-64": 0.82151303178097523, "Percentage: male_Aged 60-64": 4.8907646474677264, "LQ: male_Aged 65-69": 0.67539696107956604, "Percentage: male_Aged 65-69": 3.2571996027805361, "LQ: male_Aged 70-74": 0.58766208111118456, "Percentage: male_Aged 70-74": 2.358490566037736, "LQ: male_Aged 75-79": 0.40119790453360848, "Percentage: male_Aged 75-79": 1.5640516385302881, "LQ: male_Aged 80-84": 0.27722846771405024, "Percentage: male_Aged 80-84": 0.6355511420059583, "LQ: male_Aged 85+": 0.17466235465887109, "Percentage: male_Aged 85+": 0.31777557100297915, "Local Authority": "Medway" }, "geometry": { "type": "Polygon", "coordinates": [ [ [ 575853.001178958453238, 167031.171762420563027 ], [ 575780.263395739486441, 167149.120742707105819 ], [ 575629.706763424212113, 167481.00755967857549 ], [ 575430.201509778853506, 167607.144659499404952 ], [ 575179.629549593199044, 167912.625354927091394 ], [ 575180.099470775341615, 167916.593488302198239 ], [ 575854.931402048794553, 168860.458070162974764 ], [ 575872.40147805493325, 168975.293003336642869 ], [ 575957.002457809983753, 169072.228903391340282 ], [ 576353.572750911582261, 169298.343043161788955 ], [ 576418.644891985226423, 169318.505407034361269 ], [ 576766.377253266400658, 169210.102752545266412 ], [ 576977.514521955396049, 169141.374332434788812 ], [ 577049.916058512288146, 169163.005188420647755 ], [ 577072.72887159360107, 169151.651523848238867 ], [ 577121.668298687669449, 169113.752356170269195 ], [ 577333.534823178779334, 168884.716062066901941 ], [ 577424.555463545024395, 168759.335007465386298 ], [ 577652.198972624493763, 168442.588040606176946 ], [ 577652.685478353989311, 168341.886379346251488 ], [ 577752.59225517034065, 168127.472852206497919 ], [ 577755.945425939979032, 167856.38450461323373 ], [ 577530.665807934128679, 167544.876154569035862 ], [ 577530.740417048684321, 167458.076541680726223 ], [ 577515.528732300503179, 167389.325933569285553 ], [ 577516.12511795212049, 167138.612874002137687 ], [ 577465.731193572166376, 167001.875870991731063 ], [ 577326.554924421943724, 166802.920524485176429 ], [ 577295.785581249278039, 166782.258939721854404 ], [ 577256.921162717160769, 166767.17252847464988 ], [ 576645.477432771003805, 166777.656560155039188 ], [ 576598.076684824191034, 166808.834054144506808 ], [ 576390.207749494235031, 166760.698908151709475 ], [ 575952.798117468715645, 166969.017152142943814 ], [ 575920.678060723119415, 167024.514239252137486 ], [ 575920.678060723003, 167024.514239252137486 ], [ 575853.001178958453238, 167031.171762420563027 ] ] ] } },
{ "type": "Feature", "properties": { "park_offical_id": "MEDWA_52", "Local Authority_x": "Medway", "total_Age 0 - 4": 563, "total_Aged 5-9": 588, "total_Aged 10-14": 638, "total_Aged 15-19": 533, "total_Aged 20-24": 409, "total_Aged 25-29": 563, "total_Aged 30-34": 605, "total_Aged 35-39": 655, "total_Aged 40-44": 660, "total_Aged 45-49": 599, "total_Aged 50-54": 573, "total_Aged 55-59": 607, "total_Aged 60-64": 667, "total_Aged 65-69": 562, "total_Aged 70-74": 487, "total_Aged 75-79": 454, "total_Aged 80-84": 221, "total_Aged 85+": 178, "total_All Ages": 9562, "female_Age 0 - 4": 261, "female_Aged 5-9": 305, "female_Aged 10-14": 311, "female_Aged 15-19": 263, "female_Aged 20-24": 204, "female_Aged 25-29": 298, "female_Aged 30-34": 330, "female_Aged 35-39": 320, "female_Aged 40-44": 361, "female_Aged 45-49": 317, "female_Aged 50-54": 292, "female_Aged 55-59": 332, "female_Aged 60-64": 344, "female_Aged 65-69": 292, "female_Aged 70-74": 250, "female_Aged 75-79": 234, "female_Aged 80-84": 102, "female_Aged 85+": 109, "female_All Ages": 4925, "male_Age 0 - 4": 302, "male_Aged 5-9": 283, "male_Aged 10-14": 327, "male_Aged 15-19": 270, "male_Aged 20-24": 205, "male_Aged 25-29": 265, "male_Aged 30-34": 275, "male_Aged 35-39": 335, "male_Aged 40-44": 299, "male_Aged 45-49": 282, "male_Aged 50-54": 281, "male_Aged 55-59": 275, "male_Aged 60-64": 323, "male_Aged 65-69": 270, "male_Aged 70-74": 237, "male_Aged 75-79": 220, "male_Aged 80-84": 119, "male_Aged 85+": 69, "male_All Ages": 4637, "Total Econ. Act. Potential": 7631, "Economically active (excluding full-time students): In employment": 4571, "Economically active (excluding full-time students): Unemployed": 188, "Economically active and a full-time student: In employment": 84, "Economically active and a full-time student: Unemployed": 33, "Economically inactive (excluding full-time students)": 2485, "Economically inactive and a full-time student": 270, "1. Managers, directors and senior officials": 565, "2. Professional occupations": 788, "3. Associate professional and technical occupations": 609, "4. Administrative and secretarial occupations": 532, "5. Skilled trades occupations": 581, "6. Caring, leisure and other service occupations": 450, "7. Sales and customer service occupations": 334, "8. Process, plant and machine operatives": 366, "9. Elementary occupations": 419, "Occupation Total": 4644, "Very good health": 3045, "Good health": 3013, "Fair health": 1151, "Bad health": 340, "Very bad health": 96, "Health Total": 7645, "Bad or Very bad health": 436, "Good or Very good health": 6058, "All usual residents Country of Birth": 9461, "Europe": 8881, "Europe: United Kingdom": 8509, "Europe: Ireland": 60, "Europe: Other": 312, "Africa": 246, "Middle East and Asia": 262, "The Americas and the Caribbean": 61, "Antarctica and Oceania (including Australasia) and Other": 11, "No religion": 4076, "Christian": 4449, "Buddhist": 14, "Hindu": 122, "Jewish": 2, "Muslim": 171, "Sikh": 138, "Other religion": 50, "Not answered": 454, "Total Religion": 9476, "Total: All usual residents Ethnicity": 9459, "Asian, Asian British or Asian Welsh": 449, "Black, Black British, Black Welsh, Caribbean or African": 410, "Mixed or Multiple ethnic groups": 217, "White": 8284, "Other ethnic group": 99, "Total: All households deprivation": 3747, "Household is not deprived in any dimension": 1871, "Household is deprived in one dimension": 1245, "Household is deprived in two dimensions": 496, "Household is deprived in three dimensions": 124, "Household is deprived in four dimensions": 11, "Local Authority_y": "Medway", "number_of_OAs_outside_of_park_LA": 0, "LQ: Economically active (excluding full-time students): In employment": 1.0294039317781736, "Percentage: Economically active (excluding full-time students): In employment": 59.900406237714584, "LQ: Economically active (excluding full-time students): Unemployed": 0.89671473516643185, "Percentage: Economically active (excluding full-time students): Unemployed": 2.4636351723234173, "LQ: Economically active and a full-time student: In employment": 0.88284667291741681, "Percentage: Economically active and a full-time student: In employment": 1.1007731621019525, "LQ: Economically active and a full-time student: Unemployed": 0.97642808381197599, "Percentage: Economically active and a full-time student: Unemployed": 0.43244659939719565, "LQ: Economically inactive (excluding full-time students)": 0.97675587469097491, "Percentage: Economically inactive (excluding full-time students)": 32.564539378849425, "LQ: Economically inactive and a full-time student": 0.87710068059242818, "Percentage: Economically inactive and a full-time student": 3.538199449613419, "LQ: 1. Managers, directors and senior officials": 0.92805698674784487, "Percentage: 1. Managers, directors and senior officials": 12.166236003445306, "LQ: 2. Professional occupations": 0.99101908968534247, "Percentage: 2. Professional occupations": 16.968130921619291, "LQ: 3. Associate professional and technical occupations": 0.97423038001384432, "Percentage: 3. Associate professional and technical occupations": 13.113695090439276, "LQ: 4. Administrative and secretarial occupations": 1.1156455496991358, "Percentage: 4. Administrative and secretarial occupations": 11.455641688199828, "LQ: 5. Skilled trades occupations": 1.0916532509673704, "Percentage: 5. Skilled trades occupations": 12.510766580534021, "LQ: 6. Caring, leisure and other service occupations": 1.0782104191719655, "Percentage: 6. Caring, leisure and other service occupations": 9.6899224806201563, "LQ: 7. Sales and customer service occupations": 1.0005608889936528, "Percentage: 7. Sales and customer service occupations": 7.19207579672696, "LQ: 8. Process, plant and machine operatives": 1.0207322238996559, "Percentage: 8. Process, plant and machine operatives": 7.8811369509043923, "LQ: 9. Elementary occupations": 0.84451986883039365, "Percentage: 9. Elementary occupations": 9.0223944875107662, "LQ: Very good health": 0.99023302948087333, "Percentage: Very good health": 39.829954218443426, "LQ: Good health": 1.0172676983582647, "Percentage: Good health": 39.411379986919556, "LQ: Fair health": 0.99377476953767863, "Percentage: Fair health": 15.055591890124266, "LQ: Bad health": 0.96711029578243901, "Percentage: Bad health": 4.4473512099411385, "LQ: Very bad health": 0.97622740714472911, "Percentage: Very bad health": 1.2557226945716153, "LQ: Bad or Very bad health": 0.96910308324651484, "Percentage: Bad or Very bad health": 5.7030739045127534, "LQ: Good or Very good health": 1.0034969440874399, "Percentage: Good or Very good health": 79.241334205362975, "LQ: Europe": 1.0061365348657598, "Percentage: Europe": 93.869569812916183, "LQ: Europe: United Kingdom": 1.0305495745504474, "Percentage: Europe: United Kingdom": 89.937638727407261, "LQ: Europe: Ireland": 1.3786243160879497, "Percentage: Europe: Ireland": 0.63418243314660183, "LQ: Europe: Other": 0.59253331645770746, "Percentage: Europe: Other": 3.2977486523623298, "LQ: Africa": 1.068289945449781, "Percentage: Africa": 2.6001479759010673, "LQ: Middle East and Asia": 0.83120525458589678, "Percentage: Middle East and Asia": 2.769263291406828, "LQ: The Americas and the Caribbean": 0.89215732563318528, "Percentage: The Americas and the Caribbean": 0.64475214036571182, "LQ: Antarctica and Oceania (including Australasia) and Other": 0.54152292320523088, "Percentage: Antarctica and Oceania (including Australasia) and Other": 0.11626677941021034, "LQ: No religion": 1.0386804909621805, "Percentage: No religion": 43.013929928239762, "LQ: Christian": 0.99046582441412301, "Percentage: Christian": 46.950189953566905, "LQ: Buddhist": 0.35324656044529978, "Percentage: Buddhist": 0.14774166314900802, "LQ: Hindu": 1.2252250676629195, "Percentage: Hindu": 1.2874630645842129, "LQ: Jewish": 0.24173454938649938, "Percentage: Jewish": 0.021105951878429716, "LQ: Muslim": 0.88775801428138745, "Percentage: Muslim": 1.8045588856057406, "LQ: Sikh": 0.90322315584135637, "Percentage: Sikh": 1.4563106796116505, "LQ: Other religion": 0.96230247789605172, "Percentage: Other religion": 0.52764879696074285, "LQ: Not answered": 0.88134784862822868, "Percentage: Not answered": 4.7910510764035452, "LQ: Asian, Asian British or Asian Welsh": 0.93498445068841241, "Percentage: Asian, Asian British or Asian Welsh": 4.7468019875251084, "LQ: Black, Black British, Black Welsh, Caribbean or African": 1.1800777221541077, "Percentage: Black, Black British, Black Welsh, Caribbean or African": 4.3344962469605663, "LQ: Mixed or Multiple ethnic groups": 0.9502543200331639, "Percentage: Mixed or Multiple ethnic groups": 2.2941114282693733, "LQ: White": 1.0002944164752208, "Percentage: White": 87.577968072734961, "LQ: Other ethnic group": 0.81534041823731518, "Percentage: Other ethnic group": 1.0466222645099905, "LQ: Household is not deprived in any dimension": 1.0365872446055111, "Percentage: Household is not deprived in any dimension": 49.93327995729917, "LQ: Household is deprived in one dimension": 0.97463774563998884, "Percentage: Household is deprived in one dimension": 33.226581265012015, "LQ: Household is deprived in two dimensions": 0.94790786898348844, "Percentage: Household is deprived in two dimensions": 13.237256471844141, "LQ: Household is deprived in three dimensions": 0.94337748566154023, "Percentage: Household is deprived in three dimensions": 3.3093141179610353, "LQ: Household is deprived in four dimensions": 1.1065657277120879, "Percentage: Household is deprived in four dimensions": 0.29356818788364025, "LQ: total_Age 0 - 4": 1.0157629470561447, "Percentage: total_Age 0 - 4": 5.8878895628529593, "LQ: total_Aged 5-9": 0.93662504299656624, "Percentage: total_Aged 5-9": 6.1493411420204982, "LQ: total_Aged 10-14": 0.99369497916634253, "Percentage: total_Aged 10-14": 6.6722443003555743, "LQ: total_Aged 15-19": 0.95474258057642902, "Percentage: total_Aged 15-19": 5.5741476678519133, "LQ: total_Aged 20-24": 0.90376664442088606, "Percentage: total_Aged 20-24": 4.2773478351809242, "LQ: total_Aged 25-29": 0.98158256687588641, "Percentage: total_Aged 25-29": 5.8878895628529593, "LQ: total_Aged 30-34": 0.9016918167506266, "Percentage: total_Aged 30-34": 6.3271282158544233, "LQ: total_Aged 35-39": 0.94379736319987995, "Percentage: total_Aged 35-39": 6.8500313741894994, "LQ: total_Aged 40-44": 1.0011291928895796, "Percentage: total_Aged 40-44": 6.9023216900230082, "LQ: total_Aged 45-49": 1.0171985305034097, "Percentage: total_Aged 45-49": 6.2643798368542143, "LQ: total_Aged 50-54": 0.92847985196103722, "Percentage: total_Aged 50-54": 5.9924701945199752, "LQ: total_Aged 55-59": 0.95767398028793127, "Percentage: total_Aged 55-59": 6.3480443421878263, "LQ: total_Aged 60-64": 1.1702791920808688, "Percentage: total_Aged 60-64": 6.9755281321899192, "LQ: total_Aged 65-69": 1.2142924181723596, "Percentage: total_Aged 65-69": 5.8774314996862582, "LQ: total_Aged 70-74": 1.2303410360431775, "Percentage: total_Aged 70-74": 5.0930767621836441, "LQ: total_Aged 75-79": 1.1480347685636556, "Percentage: total_Aged 75-79": 4.7479606776824932, "LQ: total_Aged 80-84": 0.91101248190256501, "Percentage: total_Aged 80-84": 2.3112319598410376, "LQ: total_Aged 85+": 0.79884052718522225, "Percentage: total_Aged 85+": 1.8615352436728718, "LQ: female_Age 0 - 4": 0.95239364593187104, "Percentage: female_Age 0 - 4": 5.2994923857868015, "LQ: female_Aged 5-9": 0.98424107748434686, "Percentage: female_Aged 5-9": 6.1928934010152288, "LQ: female_Aged 10-14": 0.98361275497476952, "Percentage: female_Aged 10-14": 6.3147208121827409, "LQ: female_Aged 15-19": 0.96862656937411229, "Percentage: female_Aged 15-19": 5.3401015228426401, "LQ: female_Aged 20-24": 0.92998187596381643, "Percentage: female_Aged 20-24": 4.1421319796954315, "LQ: female_Aged 25-29": 1.0089416429981655, "Percentage: female_Aged 25-29": 6.0507614213197964, "LQ: female_Aged 30-34": 0.9313680857115294, "Percentage: female_Aged 30-34": 6.7005076142131985, "LQ: female_Aged 35-39": 0.87393134783997728, "Percentage: female_Aged 35-39": 6.4974619289340101, "LQ: female_Aged 40-44": 1.0445252769281266, "Percentage: female_Aged 40-44": 7.3299492385786795, "LQ: female_Aged 45-49": 1.0500661807572698, "Percentage: female_Aged 45-49": 6.436548223350254, "LQ: female_Aged 50-54": 0.929252832502799, "Percentage: female_Aged 50-54": 5.9289340101522843, "LQ: female_Aged 55-59": 1.0275099583384544, "Percentage: female_Aged 55-59": 6.7411167512690353, "LQ: female_Aged 60-64": 1.1704703839014798, "Percentage: female_Aged 60-64": 6.9847715736040605, "LQ: female_Aged 65-69": 1.2206760698072434, "Percentage: female_Aged 65-69": 5.9289340101522843, "LQ: female_Aged 70-74": 1.1913449127746458, "Percentage: female_Aged 70-74": 5.0761421319796955, "LQ: female_Aged 75-79": 1.088810004457452, "Percentage: female_Aged 75-79": 4.751269035532995, "LQ: female_Aged 80-84": 0.74716238833520443, "Percentage: female_Aged 80-84": 2.0710659898477157, "LQ: female_Aged 85+": 0.7844755873867103, "Percentage: female_Aged 85+": 2.2131979695431472, "LQ: male_Age 0 - 4": 1.0786242461010651, "Percentage: male_Age 0 - 4": 6.5128315721371584, "LQ: male_Aged 5-9": 0.89097106443549035, "Percentage: male_Aged 5-9": 6.1030838904464089, "LQ: male_Aged 10-14": 1.0043795171348402, "Percentage: male_Aged 10-14": 7.0519732585723531, "LQ: male_Aged 15-19": 0.94265808957382136, "Percentage: male_Aged 15-19": 5.8227302135001082, "LQ: male_Aged 20-24": 0.88015157097623353, "Percentage: male_Aged 20-24": 4.4209618287686006, "LQ: male_Aged 25-29": 0.9525406678517605, "Percentage: male_Aged 25-29": 5.7149018762130686, "LQ: male_Aged 30-34": 0.86800194545212406, "Percentage: male_Aged 30-34": 5.930558550787147, "LQ: male_Aged 35-39": 1.0212822478113348, "Percentage: male_Aged 35-39": 7.2244985982316159, "LQ: male_Aged 40-44": 0.95293902315414769, "Percentage: male_Aged 40-44": 6.4481345697649335, "LQ: male_Aged 45-49": 0.98272248073440027, "Percentage: male_Aged 45-49": 6.0815182229890015, "LQ: male_Aged 50-54": 0.92790232809230211, "Percentage: male_Aged 50-54": 6.0599525555315941, "LQ: male_Aged 55-59": 0.88524444895665477, "Percentage: male_Aged 55-59": 5.930558550787147, "LQ: male_Aged 60-64": 1.1700464930836025, "Percentage: male_Aged 60-64": 6.9657105887427209, "LQ: male_Aged 65-69": 1.2073728266536083, "Percentage: male_Aged 65-69": 5.8227302135001082, "LQ: male_Aged 70-74": 1.2735170844662651, "Percentage: male_Aged 70-74": 5.1110631874056507, "LQ: male_Aged 75-79": 1.2170072162197865, "Percentage: male_Aged 75-79": 4.7444468406297169, "LQ: male_Aged 80-84": 1.119430631725044, "Percentage: male_Aged 80-84": 2.566314427431529, "LQ: male_Aged 85+": 0.81788227765543042, "Percentage: male_Aged 85+": 1.4880310545611386, "Local Authority": "Medway" }, "geometry": { "type": "Polygon", "coordinates": [ [ [ 576891.117059628944844, 164283.651538490899839 ], [ 576709.397654086351395, 164535.848462667083368 ], [ 577072.480033773346804, 164878.807787759695202 ], [ 577085.507924764184281, 164889.507293926086277 ], [ 577022.270387093536556, 164954.093928443617187 ], [ 576983.089983515325002, 165167.327004814927932 ], [ 577145.669996933080256, 165666.049097582232207 ], [ 577444.994217362720519, 165740.136612761067227 ], [ 577479.72432918229606, 166228.020095516461879 ], [ 577822.602318395162001, 166310.774824934953358 ], [ 577881.136279822327197, 166282.598945992707741 ], [ 578425.775757873314433, 165755.968993405927904 ], [ 578507.596303220139816, 165427.943240737658925 ], [ 578734.547083577141166, 165282.355443290609401 ], [ 579193.537691515986808, 165010.484146780625451 ], [ 579202.682686230633408, 164861.127612989745103 ], [ 578820.368723004939966, 164133.968152587593067 ], [ 578453.188112082425505, 164162.920895989867859 ], [ 578649.707619307795539, 163651.498395406873897 ], [ 577897.562531744712032, 163310.774995317216963 ], [ 577378.369205525028519, 163395.164902666583657 ], [ 577055.558287531137466, 164070.909628300520126 ], [ 577064.976924572372809, 164097.685779853723943 ], [ 576891.117059628944844, 164283.651538490899839 ] ] ] } },
{ "type": "Feature", "properties": { "park_offical_id": "MEDWA_55", "Local Authority_x": "Medway", "total_Age 0 - 4": 72, "total_Aged 5-9": 88, "total_Aged 10-14": 106, "total_Aged 15-19": 95, "total_Aged 20-24": 74, "total_Aged 25-29": 82, "total_Aged 30-34": 84, "total_Aged 35-39": 92, "total_Aged 40-44": 114, "total_Aged 45-49": 106, "total_Aged 50-54": 114, "total_Aged 55-59": 135, "total_Aged 60-64": 123, "total_Aged 65-69": 85, "total_Aged 70-74": 87, "total_Aged 75-79": 94, "total_Aged 80-84": 62, "total_Aged 85+": 27, "total_All Ages": 1640, "female_Age 0 - 4": 31, "female_Aged 5-9": 45, "female_Aged 10-14": 41, "female_Aged 15-19": 57, "female_Aged 20-24": 43, "female_Aged 25-29": 33, "female_Aged 30-34": 51, "female_Aged 35-39": 50, "female_Aged 40-44": 57, "female_Aged 45-49": 55, "female_Aged 50-54": 56, "female_Aged 55-59": 74, "female_Aged 60-64": 65, "female_Aged 65-69": 42, "female_Aged 70-74": 48, "female_Aged 75-79": 41, "female_Aged 80-84": 40, "female_Aged 85+": 22, "female_All Ages": 851, "male_Age 0 - 4": 41, "male_Aged 5-9": 43, "male_Aged 10-14": 65, "male_Aged 15-19": 38, "male_Aged 20-24": 31, "male_Aged 25-29": 49, "male_Aged 30-34": 33, "male_Aged 35-39": 42, "male_Aged 40-44": 57, "male_Aged 45-49": 51, "male_Aged 50-54": 58, "male_Aged 55-59": 61, "male_Aged 60-64": 58, "male_Aged 65-69": 43, "male_Aged 70-74": 39, "male_Aged 75-79": 53, "male_Aged 80-84": 22, "male_Aged 85+": 5, "male_All Ages": 789, "Total Econ. Act. Potential": 1287, "Economically active (excluding full-time students): In employment": 790, "Economically active (excluding full-time students): Unemployed": 25, "Economically active and a full-time student: In employment": 12, "Economically active and a full-time student: Unemployed": 8, "Economically inactive (excluding full-time students)": 407, "Economically inactive and a full-time student": 45, "1. Managers, directors and senior officials": 161, "2. Professional occupations": 135, "3. Associate professional and technical occupations": 89, "4. Administrative and secretarial occupations": 87, "5. Skilled trades occupations": 102, "6. Caring, leisure and other service occupations": 76, "7. Sales and customer service occupations": 48, "8. Process, plant and machine operatives": 48, "9. Elementary occupations": 54, "Occupation Total": 800, "Very good health": 563, "Good health": 515, "Fair health": 155, "Bad health": 51, "Very bad health": 4, "Health Total": 1288, "Bad or Very bad health": 55, "Good or Very good health": 1078, "All usual residents Country of Birth": 1550, "Europe": 1505, "Europe: United Kingdom": 1458, "Europe: Ireland": 4, "Europe: Other": 43, "Africa": 15, "Middle East and Asia": 25, "The Americas and the Caribbean": 2, "Antarctica and Oceania (including Australasia) and Other": 3, "No religion": 593, "Christian": 831, "Buddhist": 2, "Hindu": 4, "Jewish": 0, "Muslim": 16, "Sikh": 29, "Other religion": 6, "Not answered": 67, "Total Religion": 1548, "Total: All usual residents Ethnicity": 1551, "Asian, Asian British or Asian Welsh": 49, "Black, Black British, Black Welsh, Caribbean or African": 9, "Mixed or Multiple ethnic groups": 22, "White": 1461, "Other ethnic group": 10, "Total: All households deprivation": 562, "Household is not deprived in any dimension": 320, "Household is deprived in one dimension": 187, "Household is deprived in two dimensions": 52, "Household is deprived in three dimensions": 3, "Household is deprived in four dimensions": 0, "Local Authority_y": "Medway", "number_of_OAs_outside_of_park_LA": 0, "LQ: Economically active (excluding full-time students): In employment": 1.0548837428838647, "Percentage: Economically active (excluding full-time students): In employment": 61.383061383061388, "LQ: Economically active (excluding full-time students): Unemployed": 0.70703249186371098, "Percentage: Economically active (excluding full-time students): Unemployed": 1.9425019425019423, "LQ: Economically active and a full-time student: In employment": 0.74780807648271819, "Percentage: Economically active and a full-time student: In employment": 0.93240093240093236, "LQ: Economically active and a full-time student: Unemployed": 1.4035219717113681, "Percentage: Economically active and a full-time student: Unemployed": 0.62160062160062157, "LQ: Economically inactive (excluding full-time students)": 0.94854285009672634, "Percentage: Economically inactive (excluding full-time students)": 31.623931623931622, "LQ: Economically inactive and a full-time student": 0.86676447728578343, "Percentage: Economically inactive and a full-time student": 3.4965034965034967, "LQ: 1. Managers, directors and senior officials": 1.5351623010610083, "Percentage: 1. Managers, directors and senior officials": 20.125, "LQ: 2. Professional occupations": 0.98557980343802132, "Percentage: 2. Professional occupations": 16.875, "LQ: 3. Associate professional and technical occupations": 0.82648810292652319, "Percentage: 3. Associate professional and technical occupations": 11.125, "LQ: 4. Administrative and secretarial occupations": 1.0590978387073364, "Percentage: 4. Administrative and secretarial occupations": 10.875, "LQ: 5. Skilled trades occupations": 1.1125280661450772, "Percentage: 5. Skilled trades occupations": 12.75, "LQ: 6. Caring, leisure and other service occupations": 1.057077494956195, "Percentage: 6. Caring, leisure and other service occupations": 9.5, "LQ: 7. Sales and customer service occupations": 0.83471941948859707, "Percentage: 7. Sales and customer service occupations": 6.0, "LQ: 8. Process, plant and machine operatives": 0.77709515537541007, "Percentage: 8. Process, plant and machine operatives": 6.0, "LQ: 9. Elementary occupations": 0.63181776439681026, "Percentage: 9. Elementary occupations": 6.75, "LQ: Very good health": 1.0867261880143242, "Percentage: Very good health": 43.711180124223603, "LQ: Good health": 1.0320600766975869, "Percentage: Good health": 39.984472049689437, "LQ: Fair health": 0.79433914981632947, "Percentage: Fair health": 12.03416149068323, "LQ: Bad health": 0.8610510339196521, "Percentage: Bad health": 3.9596273291925463, "LQ: Very bad health": 0.24143564077450355, "Percentage: Very bad health": 0.3105590062111801, "LQ: Bad or Very bad health": 0.72561759026169281, "Percentage: Bad or Very bad health": 4.2701863354037268, "LQ: Good or Very good health": 1.0599055661059629, "Percentage: Good or Very good health": 83.695652173913047, "LQ: Europe": 1.0407271720584543, "Percentage: Europe": 97.096774193548384, "LQ: Europe: United Kingdom": 1.0778373598497348, "Percentage: Europe: United Kingdom": 94.064516129032256, "LQ: Europe: Ireland": 0.5609963292261545, "Percentage: Europe: Ireland": 0.25806451612903225, "LQ: Europe: Other": 0.49846191356756386, "Percentage: Europe: Other": 2.7741935483870965, "LQ: Africa": 0.39760390141228868, "Percentage: Africa": 0.967741935483871, "LQ: Middle East and Asia": 0.4841192387119656, "Percentage: Middle East and Asia": 1.6129032258064515, "LQ: The Americas and the Caribbean": 0.17854469503576026, "Percentage: The Americas and the Caribbean": 0.12903225806451613, "LQ: Antarctica and Oceania (including Australasia) and Other": 0.90146892254158761, "Percentage: Antarctica and Oceania (including Australasia) and Other": 0.19354838709677419, "LQ: No religion": 0.92503164124021986, "Percentage: No religion": 38.307493540051681, "LQ: Christian": 1.1324843489544116, "Percentage: Christian": 53.682170542635653, "LQ: Buddhist": 0.30891144396268561, "Percentage: Buddhist": 0.12919896640826875, "LQ: Hindu": 0.24590656883919654, "Percentage: Hindu": 0.2583979328165375, "LQ: Jewish": 0.0, "Percentage: Jewish": 0.0, "LQ: Muslim": 0.50847847096909371, "Percentage: Muslim": 1.03359173126615, "LQ: Sikh": 1.1618981767864478, "Percentage: Sikh": 1.8733850129198968, "LQ: Other religion": 0.70688203725139431, "Percentage: Other religion": 0.38759689922480622, "LQ: Not answered": 0.7961967385958767, "Percentage: Not answered": 4.3281653746770026, "LQ: Asian, Asian British or Asian Welsh": 0.62228245306788621, "Percentage: Asian, Asian British or Asian Welsh": 3.1592520954223082, "LQ: Black, Black British, Black Welsh, Caribbean or African": 0.15798021192417377, "Percentage: Black, Black British, Black Welsh, Caribbean or African": 0.58027079303675055, "LQ: Mixed or Multiple ethnic groups": 0.58753836083234934, "Percentage: Mixed or Multiple ethnic groups": 1.4184397163120568, "LQ: White": 1.0758987377519829, "Percentage: White": 94.197292069632496, "LQ: Other ethnic group": 0.50226996047559824, "Percentage: Other ethnic group": 0.64474532559638942, "LQ: Household is not deprived in any dimension": 1.1820325303915657, "Percentage: Household is not deprived in any dimension": 56.939501779359439, "LQ: Household is deprived in one dimension": 0.9760293092008433, "Percentage: Household is deprived in one dimension": 33.274021352313163, "LQ: Household is deprived in two dimensions": 0.66257519524243347, "Percentage: Household is deprived in two dimensions": 9.252669039145907, "LQ: Household is deprived in three dimensions": 0.15217119613593982, "Percentage: Household is deprived in three dimensions": 0.53380782918149472, "LQ: Household is deprived in four dimensions": 0.0, "Percentage: Household is deprived in four dimensions": 0.0, "LQ: total_Age 0 - 4": 0.75739312652391544, "Percentage: total_Age 0 - 4": 4.3902439024390238, "LQ: total_Aged 5-9": 0.81728965714671331, "Percentage: total_Aged 5-9": 5.3658536585365857, "LQ: total_Aged 10-14": 0.96259405098209738, "Percentage: total_Aged 10-14": 6.4634146341463419, "LQ: total_Aged 15-19": 0.99217340041392776, "Percentage: total_Aged 15-19": 5.7926829268292686, "LQ: total_Aged 20-24": 0.95338784720687864, "Percentage: total_Aged 20-24": 4.5121951219512191, "LQ: total_Aged 25-29": 0.83356061318536645, "Percentage: total_Aged 25-29": 5.0, "LQ: total_Aged 30-34": 0.72993960970433103, "Percentage: total_Aged 30-34": 5.1219512195121952, "LQ: total_Aged 35-39": 0.7729122282595301, "Percentage: total_Aged 35-39": 5.6097560975609762, "LQ: total_Aged 40-44": 1.0082214495886532, "Percentage: total_Aged 40-44": 6.9512195121951228, "LQ: total_Aged 45-49": 1.0495174365399671, "Percentage: total_Aged 45-49": 6.4634146341463419, "LQ: total_Aged 50-54": 1.0770295143952071, "Percentage: total_Aged 50-54": 6.9512195121951228, "LQ: total_Aged 55-59": 1.2418457537411922, "Percentage: total_Aged 55-59": 8.2317073170731714, "LQ: total_Aged 60-64": 1.2582694491766042, "Percentage: total_Aged 60-64": 7.5, "LQ: total_Aged 65-69": 1.0708059724828016, "Percentage: total_Aged 65-69": 5.1829268292682924, "LQ: total_Aged 70-74": 1.2815061424326426, "Percentage: total_Aged 70-74": 5.3048780487804876, "LQ: total_Aged 75-79": 1.3859001221641418, "Percentage: total_Aged 75-79": 5.7317073170731714, "LQ: total_Aged 80-84": 1.4901453587381199, "Percentage: total_Aged 80-84": 3.7804878048780486, "LQ: total_Aged 85+": 0.70649443089037267, "Percentage: total_Aged 85+": 1.6463414634146343, "LQ: female_Age 0 - 4": 0.65465780574869514, "Percentage: female_Age 0 - 4": 3.6427732079905994, "LQ: female_Aged 5-9": 0.84040927278406641, "Percentage: female_Aged 5-9": 5.2878965922444188, "LQ: female_Aged 10-14": 0.75045437577988583, "Percentage: female_Aged 10-14": 4.8178613396004701, "LQ: female_Aged 15-19": 1.2149325270987281, "Percentage: female_Aged 15-19": 6.6980023501762629, "LQ: female_Aged 20-24": 1.1344606793751137, "Percentage: female_Aged 20-24": 5.052878965922444, "LQ: female_Aged 25-29": 0.64660699425183499, "Percentage: female_Aged 25-29": 3.8777908343125738, "LQ: female_Aged 30-34": 0.83301776494175617, "Percentage: female_Aged 30-34": 5.9929494712103413, "LQ: female_Aged 35-39": 0.7902673120064424, "Percentage: female_Aged 35-39": 5.8754406580493539, "LQ: female_Aged 40-44": 0.9544721978238031, "Percentage: female_Aged 40-44": 6.6980023501762629, "LQ: female_Aged 45-49": 1.054379063090094, "Percentage: female_Aged 45-49": 6.4629847238542881, "LQ: female_Aged 50-54": 1.0313729665513256, "Percentage: female_Aged 50-54": 6.5804935370152764, "LQ: female_Aged 55-59": 1.3254286392920083, "Percentage: female_Aged 55-59": 8.695652173913043, "LQ: female_Aged 60-64": 1.2799470924987746, "Percentage: female_Aged 60-64": 7.6380728554641593, "LQ: female_Aged 65-69": 1.0161165954623421, "Percentage: female_Aged 65-69": 4.9353701527614566, "LQ: female_Aged 70-74": 1.3237787890948356, "Percentage: female_Aged 70-74": 5.64042303172738, "LQ: female_Aged 75-79": 1.1040704256936082, "Percentage: female_Aged 75-79": 4.8178613396004701, "LQ: female_Aged 80-84": 1.6957096668514005, "Percentage: female_Aged 80-84": 4.7003525264394828, "LQ: female_Aged 85+": 0.91633081311085773, "Percentage: female_Aged 85+": 2.5851938895417157, "LQ: male_Age 0 - 4": 0.86061157889522399, "Percentage: male_Age 0 - 4": 5.1964512040557667, "LQ: male_Aged 5-9": 0.79562003837597739, "Percentage: male_Aged 5-9": 5.4499366286438535, "LQ: male_Aged 10-14": 1.1733391021113186, "Percentage: male_Aged 10-14": 8.2382762991128011, "LQ: male_Aged 15-19": 0.77971183087567364, "Percentage: male_Aged 15-19": 4.8162230671736372, "LQ: male_Aged 20-24": 0.78221365651563035, "Percentage: male_Aged 20-24": 3.9290240811153359, "LQ: male_Aged 25-29": 1.0351274494325373, "Percentage: male_Aged 25-29": 6.2103929024081115, "LQ: male_Aged 30-34": 0.61215589673939153, "Percentage: male_Aged 30-34": 4.1825095057034218, "LQ: male_Aged 35-39": 0.75250667911487679, "Percentage: male_Aged 35-39": 5.3231939163498092, "LQ: male_Aged 40-44": 1.0676499199734206, "Percentage: male_Aged 40-44": 7.2243346007604554, "LQ: male_Aged 45-49": 1.0445086755900552, "Percentage: male_Aged 45-49": 6.4638783269961975, "LQ: male_Aged 50-54": 1.1255998607684499, "Percentage: male_Aged 50-54": 7.3510773130544997, "LQ: male_Aged 55-59": 1.1540388943359028, "Percentage: male_Aged 55-59": 7.7313054499366292, "LQ: male_Aged 60-64": 1.234777431670228, "Percentage: male_Aged 60-64": 7.3510773130544997, "LQ: male_Aged 65-69": 1.1300721742444237, "Percentage: male_Aged 65-69": 5.4499366286438535, "LQ: male_Aged 70-74": 1.2316324680930986, "Percentage: male_Aged 70-74": 4.9429657794676807, "LQ: male_Aged 75-79": 1.7230839409228653, "Percentage: male_Aged 75-79": 6.7173637515842834, "LQ: male_Aged 80-84": 1.21627841289153, "Percentage: male_Aged 80-84": 2.788339670468948, "LQ: male_Aged 85+": 0.34831470045445811, "Percentage: male_Aged 85+": 0.6337135614702154, "Local Authority": "Medway" }, "geometry": { "type": "MultiPolygon", "coordinates": [ [ [ [ 583097.831261321436614, 168457.971276494150516 ], [ 583132.134500756277703, 168422.996062885620631 ], [ 582743.90844005253166, 167941.510951332747936 ], [ 582559.088734895689413, 168076.712828230927698 ], [ 582858.136678877985105, 168575.422020021651406 ], [ 583097.831261321436614, 168457.971276494150516 ] ] ], [ [ [ 579110.623350208392367, 175373.279394220211543 ], [ 579378.561100006569177, 174828.14576012379257 ], [ 579000.671786266728304, 174464.432922064559534 ], [ 578941.709472714457661, 174434.854601452942006 ], [ 578487.74707753979601, 175087.732839447038714 ], [ 579050.328260926296934, 175453.541381239017937 ], [ 579110.623350208392367, 175373.279394220211543 ] ] ], [ [ [ 578271.716538554988801, 176063.242430785263423 ], [ 578811.354249441763386, 177017.249602953786962 ], [ 579208.380833953153342, 176259.716470836661756 ], [ 579053.756869465345517, 175764.303852121869568 ], [ 578488.409034865326248, 175945.923312586150132 ], [ 578270.682954371673986, 176060.979748583689798 ], [ 578271.716538554988801, 176063.242430785263423 ] ] ] ] } },
{ "type": "Feature", "properties": { "park_offical_id": "MEDWA_59", "Local Authority_x": "Medway", "total_Age 0 - 4": 225, "total_Aged 5-9": 233, "total_Aged 10-14": 230, "total_Aged 15-19": 210, "total_Aged 20-24": 147, "total_Aged 25-29": 191, "total_Aged 30-34": 232, "total_Aged 35-39": 254, "total_Aged 40-44": 223, "total_Aged 45-49": 205, "total_Aged 50-54": 225, "total_Aged 55-59": 226, "total_Aged 60-64": 172, "total_Aged 65-69": 136, "total_Aged 70-74": 127, "total_Aged 75-79": 115, "total_Aged 80-84": 78, "total_Aged 85+": 64, "total_All Ages": 3293, "female_Age 0 - 4": 110, "female_Aged 5-9": 125, "female_Aged 10-14": 118, "female_Aged 15-19": 102, "female_Aged 20-24": 71, "female_Aged 25-29": 98, "female_Aged 30-34": 124, "female_Aged 35-39": 137, "female_Aged 40-44": 127, "female_Aged 45-49": 116, "female_Aged 50-54": 121, "female_Aged 55-59": 118, "female_Aged 60-64": 92, "female_Aged 65-69": 58, "female_Aged 70-74": 68, "female_Aged 75-79": 57, "female_Aged 80-84": 49, "female_Aged 85+": 41, "female_All Ages": 1732, "male_Age 0 - 4": 115, "male_Aged 5-9": 108, "male_Aged 10-14": 112, "male_Aged 15-19": 108, "male_Aged 20-24": 76, "male_Aged 25-29": 93, "male_Aged 30-34": 108, "male_Aged 35-39": 117, "male_Aged 40-44": 96, "male_Aged 45-49": 89, "male_Aged 50-54": 104, "male_Aged 55-59": 108, "male_Aged 60-64": 80, "male_Aged 65-69": 78, "male_Aged 70-74": 59, "male_Aged 75-79": 58, "male_Aged 80-84": 29, "male_Aged 85+": 23, "male_All Ages": 1561, "Total Econ. Act. Potential": 2484, "Economically active (excluding full-time students): In employment": 1472, "Economically active (excluding full-time students): Unemployed": 58, "Economically active and a full-time student: In employment": 35, "Economically active and a full-time student: Unemployed": 9, "Economically inactive (excluding full-time students)": 814, "Economically inactive and a full-time student": 96, "1. Managers, directors and senior officials": 187, "2. Professional occupations": 222, "3. Associate professional and technical occupations": 203, "4. Administrative and secretarial occupations": 146, "5. Skilled trades occupations": 172, "6. Caring, leisure and other service occupations": 156, "7. Sales and customer service occupations": 133, "8. Process, plant and machine operatives": 119, "9. Elementary occupations": 157, "Occupation Total": 1495, "Very good health": 941, "Good health": 935, "Fair health": 413, "Bad health": 153, "Very bad health": 41, "Health Total": 2483, "Bad or Very bad health": 194, "Good or Very good health": 1876, "All usual residents Country of Birth": 3224, "Europe": 3075, "Europe: United Kingdom": 2957, "Europe: Ireland": 13, "Europe: Other": 105, "Africa": 57, "Middle East and Asia": 72, "The Americas and the Caribbean": 17, "Antarctica and Oceania (including Australasia) and Other": 3, "No religion": 1544, "Christian": 1326, "Buddhist": 11, "Hindu": 15, "Jewish": 1, "Muslim": 89, "Sikh": 9, "Other religion": 28, "Not answered": 202, "Total Religion": 3225, "Total: All usual residents Ethnicity": 3231, "Asian, Asian British or Asian Welsh": 129, "Black, Black British, Black Welsh, Caribbean or African": 106, "Mixed or Multiple ethnic groups": 80, "White": 2880, "Other ethnic group": 36, "Total: All households deprivation": 1279, "Household is not deprived in any dimension": 577, "Household is deprived in one dimension": 406, "Household is deprived in two dimensions": 214, "Household is deprived in three dimensions": 69, "Household is deprived in four dimensions": 13, "Local Authority_y": "Medway", "number_of_OAs_outside_of_park_LA": 0, "LQ: Economically active (excluding full-time students): In employment": 1.0183856555773343, "Percentage: Economically active (excluding full-time students): In employment": 59.259259259259252, "LQ: Economically active (excluding full-time students): Unemployed": 0.84987354891559685, "Percentage: Economically active (excluding full-time students): Unemployed": 2.3349436392914655, "LQ: Economically active and a full-time student: In employment": 1.1300662508442043, "Percentage: Economically active and a full-time student: In employment": 1.4090177133655395, "LQ: Economically active and a full-time student: Unemployed": 0.81808549709806644, "Percentage: Economically active and a full-time student: Unemployed": 0.36231884057971014, "LQ: Economically inactive (excluding full-time students)": 0.98291034466544835, "Percentage: Economically inactive (excluding full-time students)": 32.769726247987116, "LQ: Economically inactive and a full-time student": 0.95804691982119439, "Percentage: Economically inactive and a full-time student": 3.8647342995169081, "LQ: 1. Managers, directors and senior officials": 0.95415476116548659, "Percentage: 1. Managers, directors and senior officials": 12.508361204013378, "LQ: 2. Professional occupations": 0.86728092699414139, "Percentage: 2. Professional occupations": 14.849498327759198, "LQ: 3. Associate professional and technical occupations": 1.0087683132183485, "Percentage: 3. Associate professional and technical occupations": 13.578595317725753, "LQ: 4. Administrative and secretarial occupations": 0.95108313198029371, "Percentage: 4. Administrative and secretarial occupations": 9.7658862876254187, "LQ: 5. Skilled trades occupations": 1.0038944317762646, "Percentage: 5. Skilled trades occupations": 11.505016722408026, "LQ: 6. Caring, leisure and other service occupations": 1.1610919853065758, "Percentage: 6. Caring, leisure and other service occupations": 10.434782608695652, "LQ: 7. Sales and customer service occupations": 1.237655326554999, "Percentage: 7. Sales and customer service occupations": 8.8963210702341122, "LQ: 8. Process, plant and machine operatives": 1.030928912928359, "Percentage: 8. Process, plant and machine operatives": 7.9598662207357851, "LQ: 9. Elementary occupations": 0.98298415964622032, "Percentage: 9. Elementary occupations": 10.501672240802677, "LQ: Very good health": 0.94219437015961838, "Percentage: Very good health": 37.897704389850986, "LQ: Good health": 0.97196024943625992, "Percentage: Good health": 37.656061216270643, "LQ: Fair health": 1.0979017180307318, "Percentage: Fair health": 16.633105114780509, "LQ: Bad health": 1.3399521526643317, "Percentage: Bad health": 6.1619009262988325, "LQ: Very bad health": 1.2837025088622618, "Percentage: Very bad health": 1.6512283527990335, "LQ: Bad or Very bad health": 1.3276572951625212, "Percentage: Bad or Very bad health": 7.8131292790978648, "LQ: Good or Very good health": 0.9567982879181568, "Percentage: Good or Very good health": 75.55376560612163, "LQ: Europe": 1.0223089873753346, "Percentage: Europe": 95.378411910669982, "LQ: Europe: United Kingdom": 1.0509539784068223, "Percentage: Europe: United Kingdom": 91.718362282878402, "LQ: Europe: Ireland": 0.87655676441586639, "Percentage: Europe: Ireland": 0.40322580645161288, "LQ: Europe: Other": 0.58518001928213559, "Percentage: Europe: Other": 3.2568238213399505, "LQ: Africa": 0.72639174296475817, "Percentage: Africa": 1.7679900744416874, "LQ: Middle East and Asia": 0.67031894590887542, "Percentage: Middle East and Asia": 2.2332506203473943, "LQ: The Americas and the Caribbean": 0.72962976336728957, "Percentage: The Americas and the Caribbean": 0.52729528535980152, "LQ: Antarctica and Oceania (including Australasia) and Other": 0.43339852045268634, "Percentage: Antarctica and Oceania (including Australasia) and Other": 0.093052109181141443, "LQ: No religion": 1.1560867621516893, "Percentage: No religion": 47.875968992248062, "LQ: Christian": 0.86739306669374727, "Percentage: Christian": 41.116279069767444, "LQ: Buddhist": 0.8155262120614899, "Percentage: Buddhist": 0.34108527131782945, "LQ: Hindu": 0.44263182391055372, "Percentage: Hindu": 0.46511627906976744, "LQ: Jewish": 0.35514365736224313, "Percentage: Jewish": 0.031007751937984499, "LQ: Muslim": 1.3576375174874802, "Percentage: Muslim": 2.7596899224806202, "LQ: Sikh": 0.17308276288680877, "Percentage: Sikh": 0.27906976744186046, "LQ: Other religion": 1.5834157634431232, "Percentage: Other religion": 0.86821705426356577, "LQ: Not answered": 1.1522273996157641, "Percentage: Not answered": 6.2635658914728678, "LQ: Asian, Asian British or Asian Welsh": 0.78642267148838496, "Percentage: Asian, Asian British or Asian Welsh": 3.9925719591457756, "LQ: Black, Black British, Black Welsh, Caribbean or African": 0.89318390321557528, "Percentage: Black, Black British, Black Welsh, Caribbean or African": 3.2807180439492418, "LQ: Mixed or Multiple ethnic groups": 1.0256008527064222, "Percentage: Mixed or Multiple ethnic groups": 2.4760136180748993, "LQ: White": 1.0180954806797802, "Percentage: White": 89.136490250696383, "LQ: Other ethnic group": 0.86798964757398667, "Percentage: Other ethnic group": 1.1142061281337048, "LQ: Household is not deprived in any dimension": 0.93652857887068652, "Percentage: Household is not deprived in any dimension": 45.113369820172011, "LQ: Household is deprived in one dimension": 0.93113587043259416, "Percentage: Household is deprived in one dimension": 31.743549648162627, "LQ: Household is deprived in two dimensions": 1.1981505019158145, "Percentage: Household is deprived in two dimensions": 16.731821735731039, "LQ: Household is deprived in three dimensions": 1.5378927922229539, "Percentage: Household is deprived in three dimensions": 5.3948397185301022, "LQ: Household is deprived in four dimensions": 3.8312547560298191, "Percentage: Household is deprived in four dimensions": 1.0164190774042221, "LQ: total_Age 0 - 4": 1.1787548659080069, "Percentage: total_Age 0 - 4": 6.8326753720012148, "LQ: total_Aged 5-9": 1.0777086512329945, "Percentage: total_Aged 5-9": 7.0756149407834794, "LQ: total_Aged 10-14": 1.0402009867427395, "Percentage: total_Aged 10-14": 6.9845126024901312, "LQ: total_Aged 15-19": 1.0922835331806118, "Percentage: total_Aged 15-19": 6.3771636805344674, "LQ: total_Aged 20-24": 0.94320771417106852, "Percentage: total_Aged 20-24": 4.4640145763741268, "LQ: total_Aged 25-29": 0.9669606870234132, "Percentage: total_Aged 25-29": 5.8001822046765872, "LQ: total_Aged 30-34": 1.0040324450866336, "Percentage: total_Aged 30-34": 7.0452474946856967, "LQ: total_Aged 35-39": 1.0627428332952304, "Percentage: total_Aged 35-39": 7.7133313088369269, "LQ: total_Aged 40-44": 0.98221839133398914, "Percentage: total_Aged 40-44": 6.7719404798056475, "LQ: total_Aged 45-49": 1.0108571130434969, "Percentage: total_Aged 45-49": 6.225326450045551, "LQ: total_Aged 50-54": 1.0586621563332945, "Percentage: total_Aged 50-54": 6.8326753720012148, "LQ: total_Aged 55-59": 1.0353673002589903, "Percentage: total_Aged 55-59": 6.8630428180989984, "LQ: total_Aged 60-64": 0.87629252053194007, "Percentage: total_Aged 60-64": 5.2232007288187061, "LQ: total_Aged 65-69": 0.8532629431505836, "Percentage: total_Aged 65-69": 4.1299726692985121, "LQ: total_Aged 70-74": 0.93165963100366422, "Percentage: total_Aged 70-74": 3.8566656544184634, "LQ: total_Aged 75-79": 0.84441130134249043, "Percentage: total_Aged 75-79": 3.4922563012450656, "LQ: total_Aged 80-84": 0.93364906149790028, "Percentage: total_Aged 80-84": 2.3686607956270875, "LQ: total_Aged 85+": 0.83402116123149572, "Percentage: total_Aged 85+": 1.9435165502581235, "LQ: female_Age 0 - 4": 1.1413714742631182, "Percentage: female_Age 0 - 4": 6.3510392609699773, "LQ: female_Aged 5-9": 1.1470174030331675, "Percentage: female_Aged 5-9": 7.2170900692840645, "LQ: female_Aged 10-14": 1.0612168014851655, "Percentage: female_Aged 10-14": 6.8129330254041571, "LQ: female_Aged 15-19": 1.0682161705079192, "Percentage: female_Aged 15-19": 5.8891454965357966, "LQ: female_Aged 20-24": 0.92036694651328943, "Percentage: female_Aged 20-24": 4.0993071593533488, "LQ: female_Aged 25-29": 0.94348327571234047, "Percentage: female_Aged 25-29": 5.6581986143187066, "LQ: female_Aged 30-34": 0.99514747348315313, "Percentage: female_Aged 30-34": 7.1593533487297929, "LQ: female_Aged 35-39": 1.0639133383937078, "Percentage: female_Aged 35-39": 7.9099307159353343, "LQ: female_Aged 40-44": 1.0448978133402531, "Percentage: female_Aged 40-44": 7.3325635103926086, "LQ: female_Aged 45-49": 1.0926315724543536, "Percentage: female_Aged 45-49": 6.6974595842956122, "LQ: female_Aged 50-54": 1.0949511891574206, "Percentage: female_Aged 50-54": 6.9861431870669746, "LQ: female_Aged 55-59": 1.0384565031866371, "Percentage: female_Aged 55-59": 6.8129330254041571, "LQ: female_Aged 60-64": 0.89011918427708348, "Percentage: female_Aged 60-64": 5.3117782909930717, "LQ: female_Aged 65-69": 0.68945181621618667, "Percentage: female_Aged 65-69": 3.3487297921478061, "LQ: female_Aged 70-74": 0.92143512999590971, "Percentage: female_Aged 70-74": 3.9260969976905313, "LQ: female_Aged 75-79": 0.75417033936686551, "Percentage: female_Aged 75-79": 3.2909930715935336, "LQ: female_Aged 80-84": 1.0206321795328601, "Percentage: female_Aged 80-84": 2.8290993071593533, "LQ: female_Aged 85+": 0.83906409826398642, "Percentage: female_Aged 85+": 2.367205542725173, "LQ: male_Age 0 - 4": 1.2200995548672389, "Percentage: male_Age 0 - 4": 7.3670723894939147, "LQ: male_Aged 5-9": 1.0100319519403749, "Percentage: male_Aged 5-9": 6.9186418962203717, "LQ: male_Aged 10-14": 1.0218856726494161, "Percentage: male_Aged 10-14": 7.1748878923766819, "LQ: male_Aged 15-19": 1.1200782988734939, "Percentage: male_Aged 15-19": 6.9186418962203717, "LQ: male_Aged 20-24": 0.96928477814683012, "Percentage: male_Aged 20-24": 4.8686739269698904, "LQ: male_Aged 25-29": 0.99301267969265228, "Percentage: male_Aged 25-29": 5.9577194106342084, "LQ: male_Aged 30-34": 1.0126187229040637, "Percentage: male_Aged 30-34": 6.9186418962203717, "LQ: male_Aged 35-39": 1.0595489623429979, "Percentage: male_Aged 35-39": 7.4951953875720694, "LQ: male_Aged 40-44": 0.90886493743851537, "Percentage: male_Aged 40-44": 6.1499039077514421, "LQ: male_Aged 45-49": 0.92131041826643645, "Percentage: male_Aged 45-49": 5.7014734144778982, "LQ: male_Aged 50-54": 1.0201486908835617, "Percentage: male_Aged 50-54": 6.6623959000640607, "LQ: male_Aged 55-59": 1.0327339795229094, "Percentage: male_Aged 55-59": 6.9186418962203717, "LQ: male_Aged 60-64": 0.8608446341538889, "Percentage: male_Aged 60-64": 5.1249199231262015, "LQ: male_Aged 65-69": 1.0361113440601633, "Percentage: male_Aged 65-69": 4.996796925048046, "LQ: male_Aged 70-74": 0.94176519033167161, "Percentage: male_Aged 70-74": 3.7796284433055738, "LQ: male_Aged 75-79": 0.95308724819010737, "Percentage: male_Aged 75-79": 3.7155669442664956, "LQ: male_Aged 80-84": 0.81036824778321281, "Percentage: male_Aged 80-84": 1.8577834721332478, "LQ: male_Aged 85+": 0.80984841372800154, "Percentage: male_Aged 85+": 1.4734144778987828, "Local Authority": "Medway" }, "geometry": { "type": "Polygon", "coordinates": [ [ [ 580007.249732398544438, 167560.961926483316347 ], [ 579946.384041203651577, 167738.395757106598467 ], [ 579737.598254421376623, 167698.282306442968547 ], [ 579278.498572794720531, 168685.588018097972963 ], [ 579278.261370994383469, 168716.706528400303796 ], [ 579278.274398936307989, 168785.4843914162484 ], [ 580139.071744840126485, 168932.742200199747458 ], [ 580255.166798307094723, 168926.430479642469436 ], [ 580819.47051863418892, 168432.964755086228251 ], [ 581393.964021416613832, 167631.931314412271604 ], [ 581440.292540819500573, 167560.891431143856607 ], [ 580734.807733690249734, 167642.066759785928298 ], [ 580101.193154488690197, 167541.608283046458382 ], [ 580007.249732398544438, 167560.961926483316347 ] ] ] } },
{ "type": "Feature", "properties": { "park_offical_id": "MEDWA_68", "Local Authority_x": "Medway", "total_Age 0 - 4": 1106, "total_Aged 5-9": 1176, "total_Aged 10-14": 1202, "total_Aged 15-19": 962, "total_Aged 20-24": 852, "total_Aged 25-29": 1052, "total_Aged 30-34": 1270, "total_Aged 35-39": 1334, "total_Aged 40-44": 1152, "total_Aged 45-49": 1112, "total_Aged 50-54": 1091, "total_Aged 55-59": 1244, "total_Aged 60-64": 1004, "total_Aged 65-69": 868, "total_Aged 70-74": 721, "total_Aged 75-79": 606, "total_Aged 80-84": 389, "total_Aged 85+": 431, "total_All Ages": 17572, "female_Age 0 - 4": 551, "female_Aged 5-9": 590, "female_Aged 10-14": 549, "female_Aged 15-19": 478, "female_Aged 20-24": 445, "female_Aged 25-29": 549, "female_Aged 30-34": 642, "female_Aged 35-39": 706, "female_Aged 40-44": 627, "female_Aged 45-49": 550, "female_Aged 50-54": 541, "female_Aged 55-59": 610, "female_Aged 60-64": 535, "female_Aged 65-69": 480, "female_Aged 70-74": 361, "female_Aged 75-79": 320, "female_Aged 80-84": 199, "female_Aged 85+": 284, "female_All Ages": 9017, "male_Age 0 - 4": 555, "male_Aged 5-9": 586, "male_Aged 10-14": 653, "male_Aged 15-19": 484, "male_Aged 20-24": 407, "male_Aged 25-29": 503, "male_Aged 30-34": 628, "male_Aged 35-39": 628, "male_Aged 40-44": 525, "male_Aged 45-49": 562, "male_Aged 50-54": 550, "male_Aged 55-59": 634, "male_Aged 60-64": 469, "male_Aged 65-69": 388, "male_Aged 70-74": 360, "male_Aged 75-79": 286, "male_Aged 80-84": 190, "male_Aged 85+": 147, "male_All Ages": 8555, "Total Econ. Act. Potential": 13516, "Economically active (excluding full-time students): In employment": 8148, "Economically active (excluding full-time students): Unemployed": 400, "Economically active and a full-time student: In employment": 162, "Economically active and a full-time student: Unemployed": 69, "Economically inactive (excluding full-time students)": 4227, "Economically inactive and a full-time student": 510, "1. Managers, directors and senior officials": 1010, "2. Professional occupations": 1358, "3. Associate professional and technical occupations": 1130, "4. Administrative and secretarial occupations": 837, "5. Skilled trades occupations": 986, "6. Caring, leisure and other service occupations": 763, "7. Sales and customer service occupations": 603, "8. Process, plant and machine operatives": 711, "9. Elementary occupations": 903, "Occupation Total": 8301, "Very good health": 5428, "Good health": 5306, "Fair health": 1990, "Bad health": 632, "Very bad health": 144, "Health Total": 13500, "Bad or Very bad health": 776, "Good or Very good health": 10734, "All usual residents Country of Birth": 16967, "Europe": 15648, "Europe: United Kingdom": 14651, "Europe: Ireland": 80, "Europe: Other": 917, "Africa": 449, "Middle East and Asia": 749, "The Americas and the Caribbean": 108, "Antarctica and Oceania (including Australasia) and Other": 13, "No religion": 7187, "Christian": 7408, "Buddhist": 81, "Hindu": 282, "Jewish": 15, "Muslim": 291, "Sikh": 639, "Other religion": 178, "Not answered": 867, "Total Religion": 16948, "Total: All usual residents Ethnicity": 16961, "Asian, Asian British or Asian Welsh": 1384, "Black, Black British, Black Welsh, Caribbean or African": 801, "Mixed or Multiple ethnic groups": 509, "White": 14006, "Other ethnic group": 261, "Total: All households deprivation": 6647, "Household is not deprived in any dimension": 3223, "Household is deprived in one dimension": 2284, "Household is deprived in two dimensions": 914, "Household is deprived in three dimensions": 200, "Household is deprived in four dimensions": 26, "Local Authority_y": "Medway", "number_of_OAs_outside_of_park_LA": 1, "LQ: Economically active (excluding full-time students): In employment": 1.0359979407942033, "Percentage: Economically active (excluding full-time students): In employment": 60.284107724178746, "LQ: Economically active (excluding full-time students): Unemployed": 1.0771835655857898, "Percentage: Economically active (excluding full-time students): Unemployed": 2.9594554601953238, "LQ: Economically active and a full-time student: In employment": 0.96128968813620796, "Percentage: Economically active and a full-time student: In employment": 1.1985794613791063, "LQ: Economically active and a full-time student: Unemployed": 1.1526798022148252, "Percentage: Economically active and a full-time student: Unemployed": 0.51050606688369349, "LQ: Economically inactive (excluding full-time students)": 0.93804820593208227, "Percentage: Economically inactive (excluding full-time students)": 31.274045575614085, "LQ: Economically inactive and a full-time student": 0.93538226292471416, "Percentage: Economically inactive and a full-time student": 3.7733057117490381, "LQ: 1. Managers, directors and senior officials": 0.9281311907023807, "Percentage: 1. Managers, directors and senior officials": 12.167208770027708, "LQ: 2. Professional occupations": 0.95547069157670994, "Percentage: 2. Professional occupations": 16.359474762076857, "LQ: 3. Associate professional and technical occupations": 1.0113107328961002, "Percentage: 3. Associate professional and technical occupations": 13.612817732803276, "LQ: 4. Administrative and secretarial occupations": 0.98197823112079352, "Percentage: 4. Administrative and secretarial occupations": 10.083122515359594, "LQ: 5. Skilled trades occupations": 1.036447461533381, "Percentage: 5. Skilled trades occupations": 11.878086977472593, "LQ: 6. Caring, leisure and other service occupations": 1.0227685043039543, "Percentage: 6. Caring, leisure and other service occupations": 9.191663654981328, "LQ: 7. Sales and customer service occupations": 1.0105927196555113, "Percentage: 7. Sales and customer service occupations": 7.264185037947235, "LQ: 8. Process, plant and machine operatives": 1.1093335250209144, "Percentage: 8. Process, plant and machine operatives": 8.5652331044452481, "LQ: 9. Elementary occupations": 1.0182288456996607, "Percentage: 9. Elementary occupations": 10.878207444886158, "LQ: Very good health": 0.99961708783919168, "Percentage: Very good health": 40.207407407407409, "LQ: Good health": 1.0144884096139701, "Percentage: Good health": 39.303703703703704, "LQ: Fair health": 0.97299238311934544, "Percentage: Fair health": 14.74074074074074, "LQ: Bad health": 1.0180237014192295, "Percentage: Bad health": 4.681481481481482, "LQ: Very bad health": 0.82925094751349493, "Percentage: Very bad health": 1.0666666666666667, "LQ: Bad or Very bad health": 0.97676238930030812, "Percentage: Bad or Very bad health": 5.7481481481481485, "LQ: Good or Very good health": 1.0069133466911873, "Percentage: Good or Very good health": 79.511111111111106, "LQ: Europe": 0.98852093077982228, "Percentage: Europe": 92.226085931514106, "LQ: Europe: United Kingdom": 0.98944034654762414, "Percentage: Europe: United Kingdom": 86.349973477927747, "LQ: Europe: Ireland": 1.0249829790776679, "Percentage: Europe: Ireland": 0.47150350680733188, "LQ: Europe: Other": 0.97109003777408798, "Percentage: Europe: Other": 5.4046089467790415, "LQ: Africa": 1.0872573630690254, "Percentage: Africa": 2.6463134319561501, "LQ: Middle East and Asia": 1.3250149824545445, "Percentage: Middle East and Asia": 4.4144515824836441, "LQ: The Americas and the Caribbean": 0.88077980635899877, "Percentage: The Americas and the Caribbean": 0.636529734189898, "LQ: Antarctica and Oceania (including Australasia) and Other": 0.35686133453592245, "Percentage: Antarctica and Oceania (including Australasia) and Other": 0.076619319856191428, "LQ: No religion": 1.0240049141346028, "Percentage: No religion": 42.406183620486196, "LQ: Christian": 0.92211409319140769, "Percentage: Christian": 43.710172291715836, "LQ: Buddhist": 1.1427244552629576, "Percentage: Buddhist": 0.47793249940995985, "LQ: Hindu": 1.5834769579712575, "Percentage: Hindu": 1.6639131460939343, "LQ: Jewish": 1.0136933222149227, "Percentage: Jewish": 0.088506018409251833, "LQ: Muslim": 0.84469140850139279, "Percentage: Muslim": 1.7170167571394854, "LQ: Sikh": 2.3384249251833276, "Percentage: Sikh": 3.7703563842341281, "LQ: Other religion": 1.9154384398591595, "Percentage: Other religion": 1.050271418456455, "LQ: Not answered": 0.94105973145014565, "Percentage: Not answered": 5.1156478640547558, "LQ: Asian, Asian British or Asian Welsh": 1.607266558980176, "Percentage: Asian, Asian British or Asian Welsh": 8.159896232533459, "LQ: Black, Black British, Black Welsh, Caribbean or African": 1.2857396659277767, "Percentage: Black, Black British, Black Welsh, Caribbean or African": 4.7225989033665465, "LQ: Mixed or Multiple ethnic groups": 1.2430588001467153, "Percentage: Mixed or Multiple ethnic groups": 3.0010022993927246, "LQ: White": 0.94318231228295057, "Percentage: White": 82.577678202936141, "LQ: Other ethnic group": 1.198776044868153, "Percentage: Other ethnic group": 1.5388243617711219, "LQ: Household is not deprived in any dimension": 1.0065848574281786, "Percentage: Household is not deprived in any dimension": 48.488039717165634, "LQ: Household is deprived in one dimension": 1.0079244703892603, "Percentage: Household is deprived in one dimension": 34.361366029787874, "LQ: Household is deprived in two dimensions": 0.9846653649124254, "Percentage: Household is deprived in two dimensions": 13.75056416428464, "LQ: Household is deprived in three dimensions": 0.85773243296121737, "Percentage: Household is deprived in three dimensions": 3.0088761847449979, "LQ: Household is deprived in four dimensions": 1.4744019355986577, "Percentage: Household is deprived in four dimensions": 0.39115390401684974, "LQ: total_Age 0 - 4": 1.0858420187214972, "Percentage: total_Age 0 - 4": 6.2941042567721368, "LQ: total_Aged 5-9": 1.0193499500493017, "Percentage: total_Aged 5-9": 6.6924652856817657, "LQ: total_Aged 10-14": 1.0187425110381381, "Percentage: total_Aged 10-14": 6.8404279535624859, "LQ: total_Aged 15-19": 0.93769521509401643, "Percentage: total_Aged 15-19": 5.4746187115866149, "LQ: total_Aged 20-24": 1.0244721109944779, "Percentage: total_Aged 20-24": 4.8486228090143415, "LQ: total_Aged 25-29": 0.99807166522991742, "Percentage: total_Aged 25-29": 5.9867971773275661, "LQ: total_Aged 30-34": 1.0299923980061494, "Percentage: total_Aged 30-34": 7.2274072387889827, "LQ: total_Aged 35-39": 1.0459738668342604, "Percentage: total_Aged 35-39": 7.5916230366492146, "LQ: total_Aged 40-44": 0.95088109686006173, "Percentage: total_Aged 40-44": 6.5558843614841793, "LQ: total_Aged 45-49": 1.0275695675094207, "Percentage: total_Aged 45-49": 6.3282494878215338, "LQ: total_Aged 50-54": 0.96198911362997763, "Percentage: total_Aged 50-54": 6.2087411791486451, "LQ: total_Aged 55-59": 1.0680139417729513, "Percentage: total_Aged 55-59": 7.0794445709082634, "LQ: total_Aged 60-64": 0.95857237041756627, "Percentage: total_Aged 60-64": 5.7136353289323925, "LQ: total_Aged 65-69": 1.0205498841396861, "Percentage: total_Aged 65-69": 4.9396767584793988, "LQ: total_Aged 70-74": 0.99119558222070492, "Percentage: total_Aged 70-74": 4.1031185977691775, "LQ: total_Aged 75-79": 0.83387193444334229, "Percentage: total_Aged 75-79": 3.4486683359890731, "LQ: total_Aged 80-84": 0.87258792677919683, "Percentage: total_Aged 80-84": 2.2137491463692238, "LQ: total_Aged 85+": 1.0525552510529188, "Percentage: total_Aged 85+": 2.4527657637150013, "LQ: female_Age 0 - 4": 1.0981754884979584, "Percentage: female_Age 0 - 4": 6.1106798269934561, "LQ: female_Aged 5-9": 1.0399149551394329, "Percentage: female_Aged 5-9": 6.5431961849839197, "LQ: female_Aged 10-14": 0.94837538284050682, "Percentage: female_Aged 10-14": 6.0884995009426639, "LQ: female_Aged 15-19": 0.96155181247928656, "Percentage: female_Aged 15-19": 5.3010979261395139, "LQ: female_Aged 20-24": 1.1080222808492453, "Percentage: female_Aged 20-24": 4.9351225463014305, "LQ: female_Aged 25-29": 1.0152343254239065, "Percentage: female_Aged 25-29": 6.0884995009426639, "LQ: female_Aged 30-34": 0.9896613406350292, "Percentage: female_Aged 30-34": 7.1198846623045364, "LQ: female_Aged 35-39": 1.0531159868189923, "Percentage: female_Aged 35-39": 7.82965509592991, "LQ: female_Aged 40-44": 0.99088546565693914, "Percentage: female_Aged 40-44": 6.9535322169235885, "LQ: female_Aged 45-49": 0.99509435808990798, "Percentage: female_Aged 45-49": 6.09958966396806, "LQ: female_Aged 50-54": 0.94035637336525313, "Percentage: female_Aged 50-54": 5.9997781967394923, "LQ: female_Aged 55-59": 1.031150261132687, "Percentage: female_Aged 55-59": 6.7649994454918483, "LQ: female_Aged 60-64": 0.99425992272426367, "Percentage: female_Aged 60-64": 5.9332372185871129, "LQ: female_Aged 65-69": 1.095980890367025, "Percentage: female_Aged 65-69": 5.323278252190307, "LQ: female_Aged 70-74": 0.93961268894082828, "Percentage: female_Aged 70-74": 4.0035488521681266, "LQ: female_Aged 75-79": 0.81326182880814135, "Percentage: female_Aged 75-79": 3.5488521681268717, "LQ: female_Aged 80-84": 0.79618148045807324, "Percentage: female_Aged 80-84": 2.2069424420538981, "LQ: female_Aged 85+": 1.1163887214850967, "Percentage: female_Aged 85+": 3.1496062992125982, "LQ: male_Age 0 - 4": 1.0744180620100185, "Percentage: male_Age 0 - 4": 6.4874342489772054, "LQ: male_Aged 5-9": 0.99998126275477872, "Percentage: male_Aged 5-9": 6.8497954412624198, "LQ: male_Aged 10-14": 1.0871271899878383, "Percentage: male_Aged 10-14": 7.632963179427235, "LQ: male_Aged 15-19": 0.91591016373151657, "Percentage: male_Aged 15-19": 5.6575102279368785, "LQ: male_Aged 20-24": 0.94714200720675989, "Percentage: male_Aged 20-24": 4.7574517825832841, "LQ: male_Aged 25-29": 0.97999242708988121, "Percentage: male_Aged 25-29": 5.8796025715955578, "LQ: male_Aged 30-34": 1.0743968601994036, "Percentage: male_Aged 30-34": 7.34073641145529, "LQ: male_Aged 35-39": 1.0377140615290099, "Percentage: male_Aged 35-39": 7.34073641145529, "LQ: male_Aged 40-44": 0.90692277646393338, "Percentage: male_Aged 40-44": 6.1367621274108703, "LQ: male_Aged 45-49": 1.0615371080157028, "Percentage: male_Aged 45-49": 6.5692577440093523, "LQ: male_Aged 50-54": 0.98440931816535771, "Percentage: male_Aged 50-54": 6.4289888953828171, "LQ: male_Aged 55-59": 1.1062081611905055, "Percentage: male_Aged 55-59": 7.4108708357685558, "LQ: male_Aged 60-64": 0.92085345450872214, "Percentage: male_Aged 60-64": 5.482174167153711, "LQ: male_Aged 65-69": 0.94042992632023692, "Percentage: male_Aged 65-69": 4.5353594389246057, "LQ: male_Aged 70-74": 1.0485182941065017, "Percentage: male_Aged 70-74": 4.2080654587960256, "LQ: male_Aged 75-79": 0.85753842198649866, "Percentage: male_Aged 75-79": 3.3430742255990653, "LQ: male_Aged 80-84": 0.96877050569347667, "Percentage: male_Aged 80-84": 2.2209234365867916, "LQ: male_Aged 85+": 0.94444380836491904, "Percentage: male_Aged 85+": 1.7182933956750437, "Local Authority": "Medway" }, "geometry": { "type": "Polygon", "coordinates": [ [ [ 572179.056237643701024, 170430.897450938646216 ], [ 572191.23500618734397, 170443.420582778519019 ], [ 572884.254058860708028, 170546.724904248025268 ], [ 573303.016747914836742, 170850.558573106711265 ], [ 573679.033455515280366, 170714.310974910622463 ], [ 574017.412512554321438, 170454.330693896918092 ], [ 573963.808197282371111, 170208.579506578971632 ], [ 574008.048394386772998, 170173.942553583357949 ], [ 574010.606570157804526, 170133.420517358637881 ], [ 574010.416897956980392, 170128.159771454695147 ], [ 573979.164261867525056, 169801.418107058736496 ], [ 573840.396542641450651, 169509.979801061097533 ], [ 573783.030990357045084, 169409.960891262220684 ], [ 573730.164836971904151, 169338.505030996049754 ], [ 573685.663795082014985, 169317.317825729318429 ], [ 573539.111369433114305, 169279.084912778052967 ], [ 573188.868694408331066, 169264.342621597810648 ], [ 573095.540500699775293, 169190.783843525568955 ], [ 572930.460041165468283, 169109.336360784480348 ], [ 572823.985958324396051, 169154.505470898293424 ], [ 572071.868113428121433, 169683.068814272875898 ], [ 572179.056237643701024, 170430.897450938646216 ] ] ] } },
{ "type": "Feature", "properties": { "park_offical_id": "MEDWA_75", "Local Authority_x": "Medway", "total_Age 0 - 4": 1168, "total_Aged 5-9": 1353, "total_Aged 10-14": 1481, "total_Aged 15-19": 1283, "total_Aged 20-24": 937, "total_Aged 25-29": 1308, "total_Aged 30-34": 1390, "total_Aged 35-39": 1528, "total_Aged 40-44": 1358, "total_Aged 45-49": 1264, "total_Aged 50-54": 1238, "total_Aged 55-59": 1281, "total_Aged 60-64": 1202, "total_Aged 65-69": 997, "total_Aged 70-74": 789, "total_Aged 75-79": 725, "total_Aged 80-84": 402, "total_Aged 85+": 394, "total_All Ages": 20098, "female_Age 0 - 4": 559, "female_Aged 5-9": 671, "female_Aged 10-14": 709, "female_Aged 15-19": 635, "female_Aged 20-24": 471, "female_Aged 25-29": 687, "female_Aged 30-34": 776, "female_Aged 35-39": 744, "female_Aged 40-44": 694, "female_Aged 45-49": 643, "female_Aged 50-54": 604, "female_Aged 55-59": 647, "female_Aged 60-64": 588, "female_Aged 65-69": 493, "female_Aged 70-74": 405, "female_Aged 75-79": 387, "female_Aged 80-84": 209, "female_Aged 85+": 240, "female_All Ages": 10162, "male_Age 0 - 4": 609, "male_Aged 5-9": 682, "male_Aged 10-14": 772, "male_Aged 15-19": 648, "male_Aged 20-24": 466, "male_Aged 25-29": 621, "male_Aged 30-34": 614, "male_Aged 35-39": 784, "male_Aged 40-44": 664, "male_Aged 45-49": 621, "male_Aged 50-54": 634, "male_Aged 55-59": 634, "male_Aged 60-64": 614, "male_Aged 65-69": 504, "male_Aged 70-74": 384, "male_Aged 75-79": 338, "male_Aged 80-84": 193, "male_Aged 85+": 154, "male_All Ages": 9936, "Total Econ. Act. Potential": 15231, "Economically active (excluding full-time students): In employment": 8733, "Economically active (excluding full-time students): Unemployed": 516, "Economically active and a full-time student: In employment": 239, "Economically active and a full-time student: Unemployed": 49, "Economically inactive (excluding full-time students)": 5026, "Economically inactive and a full-time student": 668, "1. Managers, directors and senior officials": 825, "2. Professional occupations": 1493, "3. Associate professional and technical occupations": 1064, "4. Administrative and secretarial occupations": 882, "5. Skilled trades occupations": 1044, "6. Caring, leisure and other service occupations": 986, "7. Sales and customer service occupations": 682, "8. Process, plant and machine operatives": 864, "9. Elementary occupations": 1130, "Occupation Total": 8970, "Very good health": 5768, "Good health": 5867, "Fair health": 2560, "Bad health": 792, "Very bad health": 239, "Health Total": 15226, "Bad or Very bad health": 1031, "Good or Very good health": 11635, "All usual residents Country of Birth": 19163, "Europe": 17287, "Europe: United Kingdom": 15821, "Europe: Ireland": 102, "Europe: Other": 1364, "Africa": 786, "Middle East and Asia": 912, "The Americas and the Caribbean": 158, "Antarctica and Oceania (including Australasia) and Other": 20, "No religion": 7700, "Christian": 8800, "Buddhist": 55, "Hindu": 290, "Jewish": 13, "Muslim": 737, "Sikh": 344, "Other religion": 152, "Not answered": 1082, "Total Religion": 19173, "Total: All usual residents Ethnicity": 19187, "Asian, Asian British or Asian Welsh": 1482, "Black, Black British, Black Welsh, Caribbean or African": 1421, "Mixed or Multiple ethnic groups": 609, "White": 15316, "Other ethnic group": 359, "Total: All households deprivation": 7535, "Household is not deprived in any dimension": 3259, "Household is deprived in one dimension": 2725, "Household is deprived in two dimensions": 1179, "Household is deprived in three dimensions": 338, "Household is deprived in four dimensions": 34, "Local Authority_y": "Medway", "number_of_OAs_outside_of_park_LA": 0, "LQ: Economically active (excluding full-time students): In employment": 0.98535130701462159, "Percentage: Economically active (excluding full-time students): In employment": 57.337010045302335, "LQ: Economically active (excluding full-time students): Unemployed": 1.2331025450377666, "Percentage: Economically active (excluding full-time students): Unemployed": 3.38782745715974, "LQ: Economically active and a full-time student: In employment": 1.2585107657056263, "Percentage: Economically active and a full-time student: In employment": 1.5691681439170113, "LQ: Economically active and a full-time student: Unemployed": 0.72639933443334315, "Percentage: Economically active and a full-time student: Unemployed": 0.32171229728842493, "LQ: Economically inactive (excluding full-time students)": 0.98977198823980828, "Percentage: Economically inactive (excluding full-time students)": 32.998489921869876, "LQ: Economically inactive and a full-time student": 1.0872143644967129, "Percentage: Economically inactive and a full-time student": 4.3857921344626094, "LQ: 1. Managers, directors and senior officials": 0.70158438320991656, "Percentage: 1. Managers, directors and senior officials": 9.1973244147157178, "LQ: 2. Professional occupations": 0.97210992792961937, "Percentage: 2. Professional occupations": 16.644370122630992, "LQ: 3. Associate professional and technical occupations": 0.88122289430568379, "Percentage: 3. Associate professional and technical occupations": 11.861761426978818, "LQ: 4. Administrative and secretarial occupations": 0.95759740000755611, "Percentage: 4. Administrative and secretarial occupations": 9.8327759197324429, "LQ: 5. Skilled trades occupations": 1.0155676228434305, "Percentage: 5. Skilled trades occupations": 11.638795986622073, "LQ: 6. Caring, leisure and other service occupations": 1.223116129820816, "Percentage: 6. Caring, leisure and other service occupations": 10.992196209587513, "LQ: 7. Sales and customer service occupations": 1.0577455297124176, "Percentage: 7. Sales and customer service occupations": 7.6031215161649941, "LQ: 8. Process, plant and machine operatives": 1.247510617325073, "Percentage: 8. Process, plant and machine operatives": 9.6321070234113702, "LQ: 9. Elementary occupations": 1.1791635885352749, "Percentage: 9. Elementary occupations": 12.597547380156076, "LQ: Very good health": 0.94181808862248217, "Percentage: Very good health": 37.882569289373443, "LQ: Good health": 0.9945895119794258, "Percentage: Good health": 38.532772888480231, "LQ: Fair health": 1.1097988550596334, "Percentage: Fair health": 16.813345593064493, "LQ: Bad health": 1.131133684509342, "Percentage: Bad health": 5.2016287928543274, "LQ: Very bad health": 1.2203076344886541, "Percentage: Very bad health": 1.5696834362275056, "LQ: Bad or Very bad health": 1.1506250258541362, "Percentage: Bad or Very bad health": 6.7713122290818344, "LQ: Good or Very good health": 0.96770912713484336, "Percentage: Good or Very good health": 76.415342177853674, "LQ: Europe": 0.96691483661778566, "Percentage: Europe": 90.210301101080205, "LQ: Europe: United Kingdom": 0.94601459806134724, "Percentage: Europe: United Kingdom": 82.560141940197255, "LQ: Europe: Ireland": 1.1570933524324876, "Percentage: Europe: Ireland": 0.53227573970672659, "LQ: Europe: Other": 1.2789279943114016, "Percentage: Europe: Other": 7.1178834211762254, "LQ: Africa": 1.6851948480251571, "Percentage: Africa": 4.1016542295047742, "LQ: Middle East and Asia": 1.4284839656488746, "Percentage: Middle East and Asia": 4.759171319730731, "LQ: The Americas and the Caribbean": 1.1408859733407526, "Percentage: The Americas and the Caribbean": 0.82450555758492927, "LQ: Antarctica and Oceania (including Australasia) and Other": 0.48610232564123945, "Percentage: Antarctica and Oceania (including Australasia) and Other": 0.10436779209935813, "LQ: No religion": 0.96978062715608493, "Percentage: No religion": 40.160642570281126, "LQ: Christian": 0.96826613156780017, "Percentage: Christian": 45.897877223178426, "LQ: Buddhist": 0.68587910965897492, "Percentage: Buddhist": 0.2868617326448652, "LQ: Hindu": 1.4394249319784607, "Percentage: Hindu": 1.5125436812183801, "LQ: Jewish": 0.77658153835664967, "Percentage: Jewish": 0.067803682261513593, "LQ: Muslim": 1.8910410604930621, "Percentage: Muslim": 3.8439472174411931, "LQ: Sikh": 1.1127802241962113, "Percentage: Sikh": 1.7941897459969749, "LQ: Other religion": 1.4458397732671298, "Percentage: Other religion": 0.79278151567308186, "LQ: Not answered": 1.0381347686203806, "Percentage: Not answered": 5.6433526313044391, "LQ: Asian, Asian British or Asian Welsh": 1.5214034646520742, "Percentage: Asian, Asian British or Asian Welsh": 7.7239797779746695, "LQ: Black, Black British, Black Welsh, Caribbean or African": 2.0163177941935984, "Percentage: Black, Black British, Black Welsh, Caribbean or African": 7.4060561838744992, "LQ: Mixed or Multiple ethnic groups": 1.3147269376742849, "Percentage: Mixed or Multiple ethnic groups": 3.1740240788033565, "LQ: White": 0.91174053186579029, "Percentage: White": 79.82488143013498, "LQ: Other ethnic group": 1.4575933414419002, "Percentage: Other ethnic group": 1.8710585292124875, "LQ: Household is not deprived in any dimension": 0.89787704765217125, "Percentage: Household is not deprived in any dimension": 43.251493032514929, "LQ: Household is deprived in one dimension": 1.0608178486674533, "Percentage: Household is deprived in one dimension": 36.164565361645657, "LQ: Household is deprived in two dimensions": 1.120466028322306, "Percentage: Household is deprived in two dimensions": 15.646980756469809, "LQ: Household is deprived in three dimensions": 1.2787361970006008, "Percentage: Household is deprived in three dimensions": 4.4857332448573324, "LQ: Household is deprived in four dimensions": 1.7008416550529601, "Percentage: Household is deprived in four dimensions": 0.45122760451227606, "LQ: total_Age 0 - 4": 1.002588484287471, "Percentage: total_Age 0 - 4": 5.8115235346800675, "LQ: total_Aged 5-9": 1.0253736045852511, "Percentage: total_Aged 5-9": 6.7320131356353867, "LQ: total_Aged 10-14": 1.0974465378078346, "Percentage: total_Aged 10-14": 7.3688924271071752, "LQ: total_Aged 15-19": 1.093406463737661, "Percentage: total_Aged 15-19": 6.3837197731117525, "LQ: total_Aged 20-24": 0.98507316651506693, "Percentage: total_Aged 20-24": 4.6621554383520749, "LQ: total_Aged 25-29": 1.0849808757552584, "Percentage: total_Aged 25-29": 6.5081102597273359, "LQ: total_Aged 30-34": 0.98562895045348808, "Percentage: total_Aged 30-34": 6.91611105582645, "LQ: total_Aged 35-39": 1.047506463459549, "Percentage: total_Aged 35-39": 7.6027465419444713, "LQ: total_Aged 40-44": 0.98003561269423733, "Percentage: total_Aged 40-44": 6.7568912329585036, "LQ: total_Aged 45-49": 1.0212260232642552, "Percentage: total_Aged 45-49": 6.2891830032839087, "LQ: total_Aged 50-54": 0.95440873215405775, "Percentage: total_Aged 50-54": 6.1598168972037026, "LQ: total_Aged 55-59": 0.96155476435453169, "Percentage: total_Aged 55-59": 6.3737685341825054, "LQ: total_Aged 60-64": 1.0033767060803915, "Percentage: total_Aged 60-64": 5.980694596477262, "LQ: total_Aged 65-69": 1.024891812171641, "Percentage: total_Aged 65-69": 4.9606926062294754, "LQ: total_Aged 70-74": 0.94835174773617448, "Percentage: total_Aged 70-74": 3.9257637575878199, "LQ: total_Aged 75-79": 0.87223416178447133, "Percentage: total_Aged 75-79": 3.6073241118519257, "LQ: total_Aged 80-84": 0.78841341307341417, "Percentage: total_Aged 80-84": 2.0001990247785848, "LQ: total_Aged 85+": 0.8412638100421328, "Percentage: total_Aged 85+": 1.9603940690615982, "LQ: female_Age 0 - 4": 0.98858686096496751, "Percentage: female_Age 0 - 4": 5.5008856524306236, "LQ: female_Aged 5-9": 1.0494245300672012, "Percentage: female_Aged 5-9": 6.6030308994292461, "LQ: female_Aged 10-14": 1.0867685008140708, "Percentage: female_Aged 10-14": 6.9769730368037779, "LQ: female_Aged 15-19": 1.1334474731390876, "Percentage: female_Aged 15-19": 6.2487699271796888, "LQ: female_Aged 20-24": 1.0406202404027143, "Percentage: female_Aged 20-24": 4.6349143869317064, "LQ: female_Aged 25-29": 1.1272845756275907, "Percentage: female_Aged 25-29": 6.7604802204290495, "LQ: female_Aged 30-34": 1.0614417795269133, "Percentage: female_Aged 30-34": 7.6362920684904552, "LQ: female_Aged 35-39": 0.98475301514073399, "Percentage: female_Aged 35-39": 7.3213934264908476, "LQ: female_Aged 40-44": 0.97319141003730991, "Percentage: female_Aged 40-44": 6.829364298366464, "LQ: female_Aged 45-49": 1.0322750401128231, "Percentage: female_Aged 45-49": 6.3274945876795909, "LQ: female_Aged 50-54": 0.93156899355309608, "Percentage: female_Aged 50-54": 5.9437118677425707, "LQ: female_Aged 55-59": 0.97046366764930025, "Percentage: female_Aged 55-59": 6.3668569179295424, "LQ: female_Aged 60-64": 0.96963069916775446, "Percentage: female_Aged 60-64": 5.7862625467427673, "LQ: female_Aged 65-69": 0.99882991914334773, "Percentage: female_Aged 65-69": 4.8514072033064357, "LQ: female_Aged 70-74": 0.93536167945015858, "Percentage: female_Aged 70-74": 3.9854359378075181, "LQ: female_Aged 75-79": 0.87271864523177178, "Percentage: female_Aged 75-79": 3.8083054516827399, "LQ: female_Aged 80-84": 0.74197309987335969, "Percentage: female_Aged 80-84": 2.056681755559929, "LQ: female_Aged 85+": 0.83712675238303846, "Percentage: female_Aged 85+": 2.3617398149970477, "LQ: male_Age 0 - 4": 1.0150934867806007, "Percentage: male_Age 0 - 4": 6.129227053140097, "LQ: male_Aged 5-9": 1.0020446003492975, "Percentage: male_Aged 5-9": 6.863929146537842, "LQ: male_Aged 10-14": 1.1066057131933933, "Percentage: male_Aged 10-14": 7.7697262479871174, "LQ: male_Aged 15-19": 1.0558225993608235, "Percentage: male_Aged 15-19": 6.5217391304347823, "LQ: male_Aged 20-24": 0.93371650805713957, "Percentage: male_Aged 20-24": 4.6900161030595813, "LQ: male_Aged 25-29": 1.0417290275539182, "Percentage: male_Aged 25-29": 6.25, "LQ: male_Aged 30-34": 0.90444443087826099, "Percentage: male_Aged 30-34": 6.1795491143317225, "LQ: male_Aged 35-39": 1.115430592794274, "Percentage: male_Aged 35-39": 7.8904991948470213, "LQ: male_Aged 40-44": 0.9876146327273414, "Percentage: male_Aged 40-44": 6.6827697262479875, "LQ: male_Aged 45-49": 1.0099477267653845, "Percentage: male_Aged 45-49": 6.25, "LQ: male_Aged 50-54": 0.97703633591669214, "Percentage: male_Aged 50-54": 6.380837359098229, "LQ: male_Aged 55-59": 0.95245680545337918, "Percentage: male_Aged 55-59": 6.380837359098229, "LQ: male_Aged 60-64": 1.0379931347918319, "Percentage: male_Aged 60-64": 6.1795491143317225, "LQ: male_Aged 65-69": 1.0518012501435714, "Percentage: male_Aged 65-69": 5.0724637681159424, "LQ: male_Aged 70-74": 0.96297090779185401, "Percentage: male_Aged 70-74": 3.8647342995169081, "LQ: male_Aged 75-79": 0.87259493120725773, "Percentage: male_Aged 75-79": 3.4017713365539453, "LQ: male_Aged 80-84": 0.84729188570434188, "Percentage: male_Aged 80-84": 1.9424315619967794, "LQ: male_Aged 85+": 0.85189867136512454, "Percentage: male_Aged 85+": 1.5499194847020934, "Local Authority": "Medway" }, "geometry": { "type": "Polygon", "coordinates": [ [ [ 577814.647924883407541, 165358.672844464133959 ], [ 577310.133193691726774, 165239.961317256558686 ], [ 577300.438343784888275, 165247.785039539390709 ], [ 577108.502250509802252, 165468.72487710166024 ], [ 576842.277076743543148, 166042.145334980741609 ], [ 576909.764372774516232, 166663.405481941998005 ], [ 576893.661396561656147, 166964.144983961887192 ], [ 577007.927404415793717, 167094.548711444833316 ], [ 577669.436050075106323, 167278.885957928316202 ], [ 577686.259327700128779, 167281.352792829100508 ], [ 577951.177413239842281, 167253.338934754137881 ], [ 577975.832350997836329, 167247.195661582692992 ], [ 578059.493613662431017, 167205.258136807999108 ], [ 578345.110966142150573, 166800.093333995784633 ], [ 578506.775492369313724, 166406.340258931275457 ], [ 578516.792929007555358, 166363.773338885570411 ], [ 578536.731484481133521, 166279.014705758891068 ], [ 578477.647498842328787, 166006.61099089338677 ], [ 578457.466493778629228, 165976.470587018120568 ], [ 578447.222783693345264, 165961.294871814257931 ], [ 578429.551200435031205, 165935.116500339994673 ], [ 578408.661829750635661, 165912.222168202395551 ], [ 578426.883443614467978, 165872.056109042838216 ], [ 578425.775757873314433, 165755.968993405927904 ], [ 578283.34548134135548, 165154.258904362854082 ], [ 578186.565057646716014, 165136.298357527062763 ], [ 577983.47734525159467, 165184.480051814869512 ], [ 577814.647924883407541, 165358.672844464133959 ] ] ] } },
{ "type": "Feature", "properties": { "park_offical_id": "MEDWA_77", "Local Authority_x": "Medway", "total_Age 0 - 4": 550, "total_Aged 5-9": 714, "total_Aged 10-14": 707, "total_Aged 15-19": 656, "total_Aged 20-24": 543, "total_Aged 25-29": 660, "total_Aged 30-34": 693, "total_Aged 35-39": 700, "total_Aged 40-44": 698, "total_Aged 45-49": 617, "total_Aged 50-54": 607, "total_Aged 55-59": 641, "total_Aged 60-64": 549, "total_Aged 65-69": 346, "total_Aged 70-74": 296, "total_Aged 75-79": 261, "total_Aged 80-84": 118, "total_Aged 85+": 113, "total_All Ages": 9469, "female_Age 0 - 4": 271, "female_Aged 5-9": 331, "female_Aged 10-14": 365, "female_Aged 15-19": 319, "female_Aged 20-24": 256, "female_Aged 25-29": 347, "female_Aged 30-34": 363, "female_Aged 35-39": 395, "female_Aged 40-44": 399, "female_Aged 45-49": 325, "female_Aged 50-54": 332, "female_Aged 55-59": 336, "female_Aged 60-64": 295, "female_Aged 65-69": 173, "female_Aged 70-74": 145, "female_Aged 75-79": 138, "female_Aged 80-84": 83, "female_Aged 85+": 72, "female_All Ages": 4945, "male_Age 0 - 4": 279, "male_Aged 5-9": 383, "male_Aged 10-14": 342, "male_Aged 15-19": 337, "male_Aged 20-24": 287, "male_Aged 25-29": 313, "male_Aged 30-34": 330, "male_Aged 35-39": 305, "male_Aged 40-44": 299, "male_Aged 45-49": 292, "male_Aged 50-54": 275, "male_Aged 55-59": 305, "male_Aged 60-64": 254, "male_Aged 65-69": 173, "male_Aged 70-74": 151, "male_Aged 75-79": 123, "male_Aged 80-84": 35, "male_Aged 85+": 41, "male_All Ages": 4524, "Total Econ. Act. Potential": 7092, "Economically active (excluding full-time students): In employment": 4069, "Economically active (excluding full-time students): Unemployed": 276, "Economically active and a full-time student: In employment": 116, "Economically active and a full-time student: Unemployed": 38, "Economically inactive (excluding full-time students)": 2206, "Economically inactive and a full-time student": 387, "1. Managers, directors and senior officials": 397, "2. Professional occupations": 636, "3. Associate professional and technical occupations": 493, "4. Administrative and secretarial occupations": 418, "5. Skilled trades occupations": 495, "6. Caring, leisure and other service occupations": 471, "7. Sales and customer service occupations": 368, "8. Process, plant and machine operatives": 396, "9. Elementary occupations": 544, "Occupation Total": 4218, "Very good health": 2604, "Good health": 2757, "Fair health": 1191, "Bad health": 467, "Very bad health": 107, "Health Total": 7126, "Bad or Very bad health": 574, "Good or Very good health": 5361, "All usual residents Country of Birth": 9258, "Europe": 8439, "Europe: United Kingdom": 7904, "Europe: Ireland": 48, "Europe: Other": 487, "Africa": 395, "Middle East and Asia": 305, "The Americas and the Caribbean": 101, "Antarctica and Oceania (including Australasia) and Other": 18, "No religion": 4237, "Christian": 3933, "Buddhist": 23, "Hindu": 91, "Jewish": 2, "Muslim": 325, "Sikh": 88, "Other religion": 42, "Not answered": 527, "Total Religion": 9268, "Total: All usual residents Ethnicity": 9257, "Asian, Asian British or Asian Welsh": 498, "Black, Black British, Black Welsh, Caribbean or African": 750, "Mixed or Multiple ethnic groups": 354, "White": 7506, "Other ethnic group": 149, "Total: All households deprivation": 3558, "Household is not deprived in any dimension": 1515, "Household is deprived in one dimension": 1194, "Household is deprived in two dimensions": 634, "Household is deprived in three dimensions": 197, "Household is deprived in four dimensions": 18, "Local Authority_y": "Medway", "number_of_OAs_outside_of_park_LA": 0, "LQ: Economically active (excluding full-time students): In employment": 0.98599569302288381, "Percentage: Economically active (excluding full-time students): In employment": 57.374506486181609, "LQ: Economically active (excluding full-time students): Unemployed": 1.4165055019734489, "Percentage: Economically active (excluding full-time students): Unemployed": 3.8917089678511001, "LQ: Economically active and a full-time student: In employment": 1.3118274505811474, "Percentage: Economically active and a full-time student: In employment": 1.6356457980823462, "LQ: Economically active and a full-time student: Unemployed": 1.2098252528996787, "Percentage: Economically active and a full-time student: Unemployed": 0.53581500282007899, "LQ: Economically inactive (excluding full-time students)": 0.93299190064048287, "Percentage: Economically inactive (excluding full-time students)": 31.105470953186686, "LQ: Economically inactive and a full-time student": 1.352724561124437, "Percentage: Economically inactive and a full-time student": 5.4568527918781724, "LQ: 1. Managers, directors and senior officials": 0.71796345566762987, "Percentage: 1. Managers, directors and senior officials": 9.4120436225699375, "LQ: 2. Professional occupations": 0.88064029641793584, "Percentage: 2. Professional occupations": 15.078236130867708, "LQ: 3. Associate professional and technical occupations": 0.86831425457035594, "Percentage: 3. Associate professional and technical occupations": 11.688003793266951, "LQ: 4. Administrative and secretarial occupations": 0.96510934872367837, "Percentage: 4. Administrative and secretarial occupations": 9.9099099099099099, "LQ: 5. Skilled trades occupations": 1.0239987220814868, "Percentage: 5. Skilled trades occupations": 11.735419630156473, "LQ: 6. Caring, leisure and other service occupations": 1.2425033069410991, "Percentage: 6. Caring, leisure and other service occupations": 11.16642958748222, "LQ: 7. Sales and customer service occupations": 1.213753541851603, "Percentage: 7. Sales and customer service occupations": 8.724513987671882, "LQ: 8. Process, plant and machine operatives": 1.2159383654522775, "Percentage: 8. Process, plant and machine operatives": 9.3883357041251774, "LQ: 9. Elementary occupations": 1.2072032166618014, "Percentage: 9. Elementary occupations": 12.897107633949739, "LQ: Very good health": 0.90849546322575736, "Percentage: Very good health": 36.542239685658153, "LQ: Good health": 0.99862988953738641, "Percentage: Good health": 38.689306763962954, "LQ: Fair health": 1.1032046305047831, "Percentage: Fair health": 16.713443727196182, "LQ: Bad health": 1.4251009908441747, "Percentage: Bad health": 6.5534661801852367, "LQ: Very bad health": 1.1673342081454878, "Percentage: Very bad health": 1.501543642997474, "LQ: Bad or Very bad health": 1.3687591965186452, "Percentage: Bad or Very bad health": 8.0550098231827114, "LQ: Good or Very good health": 0.95271776678461906, "Percentage: Good or Very good health": 75.231546449621106, "LQ: Europe": 0.97702550781272823, "Percentage: Europe": 91.153596889176924, "LQ: Europe: United Kingdom": 0.97826645631147102, "Percentage: Europe: United Kingdom": 85.374810974292501, "LQ: Europe: Ireland": 1.1270827093979774, "Percentage: Europe: Ireland": 0.51847051198963057, "LQ: Europe: Other": 0.94516364340199943, "Percentage: Europe: Other": 5.2603154028947934, "LQ: Africa": 1.7529559202107996, "Percentage: Africa": 4.2665802549146683, "LQ: Middle East and Asia": 0.98884152128356773, "Percentage: Middle East and Asia": 3.2944480449341111, "LQ: The Americas and the Caribbean": 1.5095685897520128, "Percentage: The Americas and the Caribbean": 1.0909483689781811, "LQ: Antarctica and Oceania (including Australasia) and Other": 0.90555854176245032, "Percentage: Antarctica and Oceania (including Australasia) and Other": 0.19442644199611148, "LQ: No religion": 1.1039395433727046, "Percentage: No religion": 45.716443677168755, "LQ: Christian": 0.89524120389783168, "Percentage: Christian": 42.436340094950367, "LQ: Buddhist": 0.59335795483639719, "Percentage: Buddhist": 0.24816573154941737, "LQ: Hindu": 0.93440781558156927, "Percentage: Hindu": 0.98187311178247727, "LQ: Jewish": 0.24715975291178982, "Percentage: Jewish": 0.021579628830384119, "LQ: Muslim": 1.7251262323623693, "Percentage: Muslim": 3.5066896849374189, "LQ: Sikh": 0.58889474065214031, "Percentage: Sikh": 0.94950366853690116, "LQ: Other religion": 0.82647537285888106, "Percentage: Other religion": 0.45317220543806652, "LQ: Not answered": 1.0460227690199657, "Percentage: Not answered": 5.6862321968062153, "LQ: Asian, Asian British or Asian Welsh": 1.0596497789532229, "Percentage: Asian, Asian British or Asian Welsh": 5.3797126498865717, "LQ: Black, Black British, Black Welsh, Caribbean or African": 2.20578398954299, "Percentage: Black, Black British, Black Welsh, Caribbean or African": 8.1019768823592955, "LQ: Mixed or Multiple ethnic groups": 1.5840115449165977, "Percentage: Mixed or Multiple ethnic groups": 3.8241330884735878, "LQ: White": 0.92612855791417736, "Percentage: White": 81.084584638651833, "LQ: Other ethnic group": 1.2539060775191779, "Percentage: Other ethnic group": 1.6095927406287136, "LQ: Household is not deprived in any dimension": 0.88393932454265978, "Percentage: Household is not deprived in any dimension": 42.580101180438454, "LQ: Household is deprived in one dimension": 0.984364519053881, "Percentage: Household is deprived in one dimension": 33.558178752107928, "LQ: Household is deprived in two dimensions": 1.2760023061056396, "Percentage: Household is deprived in two dimensions": 17.818999437886454, "LQ: Household is deprived in three dimensions": 1.5783662927669515, "Percentage: Household is deprived in three dimensions": 5.5368184373243396, "LQ: Household is deprived in four dimensions": 1.9069301464374646, "Percentage: Household is deprived in four dimensions": 0.50590219224283306, "LQ: total_Age 0 - 4": 1.0020543647172817, "Percentage: total_Age 0 - 4": 5.8084275002640195, "LQ: total_Aged 5-9": 1.14850072597245, "Percentage: total_Aged 5-9": 7.5403949730700175, "LQ: total_Aged 10-14": 1.1119786614839708, "Percentage: total_Aged 10-14": 7.4664695321575669, "LQ: total_Aged 15-19": 1.186608746659537, "Percentage: total_Aged 15-19": 6.9278698912239935, "LQ: total_Aged 20-24": 1.2116507432427717, "Percentage: total_Aged 20-24": 5.7345020593515681, "LQ: total_Aged 25-29": 1.1620023333030769, "Percentage: total_Aged 25-29": 6.9701130003168226, "LQ: total_Aged 30-34": 1.042991120424501, "Percentage: total_Aged 30-34": 7.3186186503326649, "LQ: total_Aged 35-39": 1.0185447685604978, "Percentage: total_Aged 35-39": 7.3925440912451155, "LQ: total_Aged 40-44": 1.0691686980165405, "Percentage: total_Aged 40-44": 7.3714225366987005, "LQ: total_Aged 45-49": 1.0580560833923427, "Percentage: total_Aged 45-49": 6.515999577568909, "LQ: total_Aged 50-54": 0.99323308097720597, "Percentage: total_Aged 50-54": 6.410391804836836, "LQ: total_Aged 55-59": 1.0212490115213313, "Percentage: total_Aged 55-59": 6.769458232125884, "LQ: total_Aged 60-64": 0.97270380905826825, "Percentage: total_Aged 60-64": 5.7978667229908121, "LQ: total_Aged 65-69": 0.75493174759200743, "Percentage: total_Aged 65-69": 3.6540289365297287, "LQ: total_Aged 70-74": 0.75514940074569048, "Percentage: total_Aged 70-74": 3.1259900728693633, "LQ: total_Aged 75-79": 0.66647569818100649, "Percentage: total_Aged 75-79": 2.7563628683071073, "LQ: total_Aged 80-84": 0.49120036830370239, "Percentage: total_Aged 80-84": 1.2461717182384624, "LQ: total_Aged 85+": 0.51210987875681602, "Percentage: total_Aged 85+": 1.1933678318724259, "LQ: female_Age 0 - 4": 0.98488429380977727, "Percentage: female_Age 0 - 4": 5.4802831142568253, "LQ: female_Aged 5-9": 1.0638235001329677, "Percentage: female_Aged 5-9": 6.6936299292214354, "LQ: female_Aged 10-14": 1.1497318598873918, "Percentage: female_Aged 10-14": 7.3811931243680489, "LQ: female_Aged 15-19": 1.1701222861971676, "Percentage: female_Aged 15-19": 6.4509605662285141, "LQ: female_Aged 20-24": 1.1623160146069311, "Percentage: female_Aged 20-24": 5.1769464105156722, "LQ: female_Aged 25-29": 1.1700898096123056, "Percentage: female_Aged 25-29": 7.0171890798786647, "LQ: female_Aged 30-34": 1.0203612951147036, "Percentage: female_Aged 30-34": 7.340748230535894, "LQ: female_Aged 35-39": 1.0743959781371308, "Percentage: female_Aged 35-39": 7.9878665318503543, "LQ: female_Aged 40-44": 1.1498060429598371, "Percentage: female_Aged 40-44": 8.0687563195146605, "LQ: female_Aged 45-49": 1.0722121127829498, "Percentage: female_Aged 45-49": 6.5722952477249743, "LQ: female_Aged 50-54": 1.0522745449432294, "Percentage: female_Aged 50-54": 6.7138523761375124, "LQ: female_Aged 55-59": 1.0356837739584066, "Percentage: female_Aged 55-59": 6.7947421638018204, "LQ: female_Aged 60-64": 0.99968676312158311, "Percentage: female_Aged 60-64": 5.9656218402426697, "LQ: female_Aged 65-69": 0.72028375720425819, "Percentage: female_Aged 65-69": 3.4984833164812943, "LQ: female_Aged 70-74": 0.68818538793544504, "Percentage: female_Aged 70-74": 2.9322548028311428, "LQ: female_Aged 75-79": 0.63952167822933226, "Percentage: female_Aged 75-79": 2.7906976744186047, "LQ: female_Aged 80-84": 0.60552609150007564, "Percentage: female_Aged 80-84": 1.6784630940343781, "LQ: female_Aged 85+": 0.51608991250049152, "Percentage: female_Aged 85+": 1.4560161779575329, "LQ: male_Age 0 - 4": 1.0213672741249087, "Percentage: male_Age 0 - 4": 6.1671087533156497, "LQ: male_Aged 5-9": 1.2359202215405254, "Percentage: male_Aged 5-9": 8.4659593280282941, "LQ: male_Aged 10-14": 1.0766900518109024, "Percentage: male_Aged 10-14": 7.5596816976127315, "LQ: male_Aged 15-19": 1.205965365111368, "Percentage: male_Aged 15-19": 7.4491600353669325, "LQ: male_Aged 20-24": 1.2629902671227924, "Percentage: male_Aged 20-24": 6.3439434129089296, "LQ: male_Aged 25-29": 1.1531783753293596, "Percentage: male_Aged 25-29": 6.9186560565870909, "LQ: male_Aged 30-34": 1.0676193689818301, "Percentage: male_Aged 30-34": 7.294429708222812, "LQ: male_Aged 35-39": 0.95304918632688906, "Percentage: male_Aged 35-39": 6.741821396993811, "LQ: male_Aged 40-44": 0.97674143465203001, "Percentage: male_Aged 40-44": 6.6091954022988508, "LQ: male_Aged 45-49": 1.0429875728222537, "Percentage: male_Aged 45-49": 6.4544650751547303, "LQ: male_Aged 50-54": 0.93077163095762983, "Percentage: male_Aged 50-54": 6.0786914235190093, "LQ: male_Aged 55-59": 1.0063402825276606, "Percentage: male_Aged 55-59": 6.741821396993811, "LQ: male_Aged 60-64": 0.94308060448223929, "Percentage: male_Aged 60-64": 5.6145004420866496, "LQ: male_Aged 65-69": 0.79293618308474234, "Percentage: male_Aged 65-69": 3.8240495137046859, "LQ: male_Aged 70-74": 0.83166394962560741, "Percentage: male_Aged 70-74": 3.3377541998231655, "LQ: male_Aged 75-79": 0.6974130724802784, "Percentage: male_Aged 75-79": 2.7188328912466844, "LQ: male_Aged 80-84": 0.33746813330921549, "Percentage: male_Aged 80-84": 0.77365163572060125, "LQ: male_Aged 85+": 0.49812697811676682, "Percentage: male_Aged 85+": 0.90627763041556142, "Local Authority": "Medway" }, "geometry": { "type": "Polygon", "coordinates": [ [ [ 578757.481793611077592, 168037.300948850461282 ], [ 578727.341956185759045, 168045.57513631467009 ], [ 578426.638771383906715, 168264.816612295573577 ], [ 578073.893082784838043, 168417.849250359868165 ], [ 577936.748870241339318, 168854.748136606183834 ], [ 577940.541460069478489, 168876.199069685011636 ], [ 578208.088601730298251, 169115.744551548443269 ], [ 578282.291837929747999, 169176.069932564976625 ], [ 578288.635644434252754, 169179.085843751730863 ], [ 578773.2988715962274, 169168.117574489326216 ], [ 579086.453575609717518, 169020.875976841431111 ], [ 579499.817312579369172, 168724.34636813250836 ], [ 579500.808160385699011, 168696.39375775231747 ], [ 579488.306738660205156, 168498.43905784888193 ], [ 579440.21881481690798, 168372.241406227112748 ], [ 578811.928788692923263, 168132.002830679994076 ], [ 578775.091932652750984, 168036.715183362248354 ], [ 578757.481793611077592, 168037.300948850461282 ] ] ] } },
{ "type": "Feature", "properties": { "park_offical_id": "MEDWA_78", "Local Authority_x": "Medway", "total_Age 0 - 4": 1091, "total_Aged 5-9": 1271, "total_Aged 10-14": 1356, "total_Aged 15-19": 1193, "total_Aged 20-24": 896, "total_Aged 25-29": 1142, "total_Aged 30-34": 1374, "total_Aged 35-39": 1344, "total_Aged 40-44": 1265, "total_Aged 45-49": 1167, "total_Aged 50-54": 1116, "total_Aged 55-59": 1166, "total_Aged 60-64": 1105, "total_Aged 65-69": 919, "total_Aged 70-74": 715, "total_Aged 75-79": 596, "total_Aged 80-84": 299, "total_Aged 85+": 210, "total_All Ages": 18225, "female_Age 0 - 4": 508, "female_Aged 5-9": 642, "female_Aged 10-14": 647, "female_Aged 15-19": 549, "female_Aged 20-24": 434, "female_Aged 25-29": 596, "female_Aged 30-34": 746, "female_Aged 35-39": 692, "female_Aged 40-44": 664, "female_Aged 45-49": 618, "female_Aged 50-54": 563, "female_Aged 55-59": 649, "female_Aged 60-64": 547, "female_Aged 65-69": 484, "female_Aged 70-74": 357, "female_Aged 75-79": 329, "female_Aged 80-84": 177, "female_Aged 85+": 132, "female_All Ages": 9334, "male_Age 0 - 4": 583, "male_Aged 5-9": 629, "male_Aged 10-14": 709, "male_Aged 15-19": 644, "male_Aged 20-24": 462, "male_Aged 25-29": 546, "male_Aged 30-34": 628, "male_Aged 35-39": 652, "male_Aged 40-44": 601, "male_Aged 45-49": 549, "male_Aged 50-54": 553, "male_Aged 55-59": 517, "male_Aged 60-64": 558, "male_Aged 65-69": 435, "male_Aged 70-74": 358, "male_Aged 75-79": 267, "male_Aged 80-84": 122, "male_Aged 85+": 78, "male_All Ages": 8891, "Total Econ. Act. Potential": 14189, "Economically active (excluding full-time students): In employment": 8675, "Economically active (excluding full-time students): Unemployed": 393, "Economically active and a full-time student: In employment": 163, "Economically active and a full-time student: Unemployed": 64, "Economically inactive (excluding full-time students)": 4279, "Economically inactive and a full-time student": 615, "1. Managers, directors and senior officials": 855, "2. Professional occupations": 1348, "3. Associate professional and technical occupations": 1124, "4. Administrative and secretarial occupations": 918, "5. Skilled trades occupations": 1252, "6. Caring, leisure and other service occupations": 941, "7. Sales and customer service occupations": 699, "8. Process, plant and machine operatives": 745, "9. Elementary occupations": 932, "Occupation Total": 8814, "Very good health": 5443, "Good health": 5569, "Fair health": 2224, "Bad health": 706, "Very bad health": 199, "Health Total": 14141, "Bad or Very bad health": 905, "Good or Very good health": 11012, "All usual residents Country of Birth": 17963, "Europe": 16951, "Europe: United Kingdom": 16150, "Europe: Ireland": 85, "Europe: Other": 716, "Africa": 587, "Middle East and Asia": 296, "The Americas and the Caribbean": 102, "Antarctica and Oceania (including Australasia) and Other": 27, "No religion": 8288, "Christian": 8130, "Buddhist": 45, "Hindu": 118, "Jewish": 8, "Muslim": 266, "Sikh": 166, "Other religion": 84, "Not answered": 883, "Total Religion": 17988, "Total: All usual residents Ethnicity": 17975, "Asian, Asian British or Asian Welsh": 538, "Black, Black British, Black Welsh, Caribbean or African": 1146, "Mixed or Multiple ethnic groups": 432, "White": 15718, "Other ethnic group": 141, "Total: All households deprivation": 7051, "Household is not deprived in any dimension": 3292, "Household is deprived in one dimension": 2379, "Household is deprived in two dimensions": 1085, "Household is deprived in three dimensions": 278, "Household is deprived in four dimensions": 17, "Local Authority_y": "Medway", "number_of_OAs_outside_of_park_LA": 0, "LQ: Economically active (excluding full-time students): In employment": 1.0506879456691853, "Percentage: Economically active (excluding full-time students): In employment": 61.138910423567552, "LQ: Economically active (excluding full-time students): Unemployed": 1.0081349526879646, "Percentage: Economically active (excluding full-time students): Unemployed": 2.7697512157304955, "LQ: Economically active and a full-time student: In employment": 0.9213470886638776, "Percentage: Economically active and a full-time student: In employment": 1.1487772217915286, "LQ: Economically active and a full-time student: Unemployed": 1.0184412023920111, "Percentage: Economically active and a full-time student: Unemployed": 0.45105363309606034, "LQ: Economically inactive (excluding full-time students)": 0.90454794273633254, "Percentage: Economically inactive (excluding full-time students)": 30.157164000281909, "LQ: Economically inactive and a full-time student": 1.0744605251236623, "Percentage: Economically inactive and a full-time student": 4.3343435055324546, "LQ: 1. Managers, directors and senior officials": 0.73996550795510918, "Percentage: 1. Managers, directors and senior officials": 9.7004765146358078, "LQ: 2. Professional occupations": 0.89323320645401016, "Percentage: 2. Professional occupations": 15.293850692080779, "LQ: 3. Associate professional and technical occupations": 0.94739230253137841, "Percentage: 3. Associate professional and technical occupations": 12.752439301111867, "LQ: 4. Administrative and secretarial occupations": 1.0143234153953975, "Percentage: 4. Administrative and secretarial occupations": 10.415248468345814, "LQ: 5. Skilled trades occupations": 1.2394587388278333, "Percentage: 5. Skilled trades occupations": 14.204674381665534, "LQ: 6. Caring, leisure and other service occupations": 1.1879544776298228, "Percentage: 6. Caring, leisure and other service occupations": 10.6761969593828, "LQ: 7. Sales and customer service occupations": 1.1032994369233216, "Percentage: 7. Sales and customer service occupations": 7.9305650102110281, "LQ: 8. Process, plant and machine operatives": 1.0947278775332436, "Percentage: 8. Process, plant and machine operatives": 8.4524619922850022, "LQ: 9. Elementary occupations": 0.98976234175903177, "Percentage: 9. Elementary occupations": 10.57408668028137, "LQ: Very good health": 0.95694243400602808, "Percentage: Very good health": 38.490912948164912, "LQ: Good health": 1.0165077827761009, "Percentage: Good health": 39.381939042500527, "LQ: Fair health": 1.0381133910403169, "Percentage: Fair health": 15.727317728590624, "LQ: Bad health": 1.0856733023180951, "Percentage: Bad health": 4.9925747825472033, "LQ: Very bad health": 1.0940324580686402, "Percentage: Very bad health": 1.4072554981967329, "LQ: Bad or Very bad health": 1.0875004183999326, "Percentage: Bad or Very bad health": 6.3998302807439362, "LQ: Good or Very good health": 0.98616674976072638, "Percentage: Good or Very good health": 77.872851990665438, "LQ: Europe": 1.0114596117942116, "Percentage: Europe": 94.366197183098592, "LQ: Europe: United Kingdom": 1.0301988575677807, "Percentage: Europe: United Kingdom": 89.907031119523467, "LQ: Europe: Ireland": 1.0286598337630943, "Percentage: Europe: Ireland": 0.47319490062907082, "LQ: Europe: Other": 0.71619185130841612, "Percentage: Europe: Other": 3.9859711629460559, "LQ: Africa": 1.3426113295847792, "Percentage: Africa": 3.2678283137560542, "LQ: Middle East and Asia": 0.49460314361977359, "Percentage: Middle East and Asia": 1.6478316539553526, "LQ: The Americas and the Caribbean": 0.78572388479523736, "Percentage: The Americas and the Caribbean": 0.56783388075488506, "LQ: Antarctica and Oceania (including Australasia) and Other": 0.70007746308830077, "Percentage: Antarctica and Oceania (including Australasia) and Other": 0.15030896843511662, "LQ: No religion": 1.1126016886977643, "Percentage: No religion": 46.075161218590175, "LQ: Christian": 0.95347609248758558, "Percentage: Christian": 45.196797865243497, "LQ: Buddhist": 0.59814240567157761, "Percentage: Buddhist": 0.25016677785190128, "LQ: Hindu": 0.62428115258009498, "Percentage: Hindu": 0.65599288414498558, "LQ: Jewish": 0.50937882810461821, "Percentage: Jewish": 0.044474093840338, "LQ: Muslim": 0.72748208192267672, "Percentage: Muslim": 1.4787636201912386, "LQ: Sikh": 0.57235599727876041, "Percentage: Sikh": 0.92283744718701355, "LQ: Other religion": 0.85165374201202015, "Percentage: Other religion": 0.46697798532354906, "LQ: Not answered": 0.9030137694108562, "Percentage: Not answered": 4.9088281076273068, "LQ: Asian, Asian British or Asian Welsh": 0.58954457786955905, "Percentage: Asian, Asian British or Asian Welsh": 2.993045897079277, "LQ: Black, Black British, Black Welsh, Caribbean or African": 1.7357520986788748, "Percentage: Black, Black British, Black Welsh, Caribbean or African": 6.3755215577190549, "LQ: Mixed or Multiple ethnic groups": 0.99549754200333973, "Percentage: Mixed or Multiple ethnic groups": 2.4033379694019472, "LQ: White": 0.99876051647280928, "Percentage: White": 87.443671766342149, "LQ: Other ethnic group": 0.61108161294224805, "Percentage: Other ethnic group": 0.78442280945758003, "LQ: Household is not deprived in any dimension": 0.96922560302065186, "Percentage: Household is not deprived in any dimension": 46.6884129910651, "LQ: Household is deprived in one dimension": 0.98969481656025515, "Percentage: Household is deprived in one dimension": 33.739895050347471, "LQ: Household is deprived in two dimensions": 1.1019126496050169, "Percentage: Household is deprived in two dimensions": 15.38788824280244, "LQ: Household is deprived in three dimensions": 1.1239360374176095, "Percentage: Household is deprived in three dimensions": 3.9427031626719615, "LQ: Household is deprived in four dimensions": 0.9087960481367221, "Percentage: Household is deprived in four dimensions": 0.24110055311303363, "LQ: total_Age 0 - 4": 1.0327374468081469, "Percentage: total_Age 0 - 4": 5.986282578875171, "LQ: total_Aged 5-9": 1.0622217564178171, "Percentage: total_Aged 5-9": 6.9739368998628262, "LQ: total_Aged 10-14": 1.1080855937759284, "Percentage: total_Aged 10-14": 7.4403292181069958, "LQ: total_Aged 15-19": 1.1211939073729595, "Percentage: total_Aged 15-19": 6.5459533607681752, "LQ: total_Aged 20-24": 1.038776730952935, "Percentage: total_Aged 20-24": 4.9163237311385455, "LQ: total_Aged 25-29": 1.0446378274432793, "Percentage: total_Aged 25-29": 6.2661179698216731, "LQ: total_Aged 30-34": 1.0744116003157305, "Percentage: total_Aged 30-34": 7.5390946502057616, "LQ: total_Aged 35-39": 1.0160566690764752, "Percentage: total_Aged 35-39": 7.3744855967078191, "LQ: total_Aged 40-44": 1.0067413757450099, "Percentage: total_Aged 40-44": 6.941015089163237, "LQ: total_Aged 45-49": 1.0397548626679669, "Percentage: total_Aged 45-49": 6.4032921810699586, "LQ: total_Aged 50-54": 0.94877505760194625, "Percentage: total_Aged 50-54": 6.1234567901234573, "LQ: total_Aged 55-59": 0.96518096799636532, "Percentage: total_Aged 55-59": 6.3978052126200282, "LQ: total_Aged 60-64": 1.0172018226539716, "Percentage: total_Aged 60-64": 6.063100137174211, "LQ: total_Aged 65-69": 1.0417983890823397, "Percentage: total_Aged 65-69": 5.0425240054869684, "LQ: total_Aged 70-74": 0.9477281759718188, "Percentage: total_Aged 70-74": 3.92318244170096, "LQ: total_Aged 75-79": 0.79072714905765329, "Percentage: total_Aged 75-79": 3.2702331961591216, "LQ: total_Aged 80-84": 0.6466725767607634, "Percentage: total_Aged 80-84": 1.6406035665294927, "LQ: total_Aged 85+": 0.49447072498835409, "Percentage: total_Aged 85+": 1.1522633744855968, "LQ: female_Age 0 - 4": 0.97808845458368243, "Percentage: female_Age 0 - 4": 5.4424683951146342, "LQ: female_Aged 5-9": 1.0931383065766551, "Percentage: female_Aged 5-9": 6.878080137133062, "LQ: female_Aged 10-14": 1.0797084039500953, "Percentage: female_Aged 10-14": 6.9316477394471816, "LQ: female_Aged 15-19": 1.0668697757077479, "Percentage: female_Aged 15-19": 5.8817227340904221, "LQ: female_Aged 20-24": 1.0439326606812012, "Percentage: female_Aged 20-24": 4.6496678808656524, "LQ: female_Aged 25-29": 1.0647177183985352, "Percentage: female_Aged 25-29": 6.3852581958431536, "LQ: female_Aged 30-34": 1.110924841507569, "Percentage: female_Aged 30-34": 7.9922862652667668, "LQ: female_Aged 35-39": 0.9971761257812255, "Percentage: female_Aged 35-39": 7.413756160274267, "LQ: female_Aged 40-44": 1.0137205951287491, "Percentage: female_Aged 40-44": 7.1137775873151909, "LQ: female_Aged 45-49": 1.0801506284009899, "Percentage: female_Aged 45-49": 6.6209556460252834, "LQ: female_Aged 50-54": 0.94536142084871211, "Percentage: female_Aged 50-54": 6.0317120205699588, "LQ: female_Aged 55-59": 1.0598175111801913, "Percentage: female_Aged 55-59": 6.9530747803728312, "LQ: female_Aged 60-64": 0.98203677492855257, "Percentage: female_Aged 60-64": 5.8602956931647743, "LQ: female_Aged 65-69": 1.0675823354592306, "Percentage: female_Aged 65-69": 5.1853439040068565, "LQ: female_Aged 70-74": 0.89764405796580304, "Percentage: female_Aged 70-74": 3.824726805228198, "LQ: female_Aged 75-79": 0.80773812423312297, "Percentage: female_Aged 75-79": 3.5247482322691237, "LQ: female_Aged 80-84": 0.68411093847446414, "Percentage: female_Aged 80-84": 1.8962931219198631, "LQ: female_Aged 85+": 0.50126260250096855, "Percentage: female_Aged 85+": 1.4141847010927791, "LQ: male_Age 0 - 4": 1.085971119990556, "Percentage: male_Age 0 - 4": 6.5571926667416482, "LQ: male_Aged 5-9": 1.032795401321086, "Percentage: male_Aged 5-9": 7.0745697896749515, "LQ: male_Aged 10-14": 1.1357501830895094, "Percentage: male_Aged 10-14": 7.9743560904285236, "LQ: male_Aged 15-19": 1.1726348248590348, "Percentage: male_Aged 15-19": 7.243279721066247, "LQ: male_Aged 20-24": 1.0345037484290549, "Percentage: male_Aged 20-24": 5.1962658868518723, "LQ: male_Aged 25-29": 1.0235681908346677, "Percentage: male_Aged 25-29": 6.1410415026431222, "LQ: male_Aged 30-34": 1.0337943019914404, "Percentage: male_Aged 30-34": 7.0633224609155327, "LQ: male_Aged 35-39": 1.0366569348450489, "Percentage: male_Aged 35-39": 7.3332583511416045, "LQ: male_Aged 40-44": 0.99897560099662452, "Percentage: male_Aged 40-44": 6.7596445844112019, "LQ: male_Aged 45-49": 0.99779336766473248, "Percentage: male_Aged 45-49": 6.1747834889213813, "LQ: male_Aged 50-54": 0.95237406763699006, "Percentage: male_Aged 50-54": 6.2197728039590592, "LQ: male_Aged 55-59": 0.86797566060584574, "Percentage: male_Aged 55-59": 5.8148689686199528, "LQ: male_Aged 60-64": 1.054195799747125, "Percentage: male_Aged 60-64": 6.2760094477561577, "LQ: male_Aged 65-69": 1.0145030937564246, "Percentage: male_Aged 65-69": 4.8925880103475432, "LQ: male_Aged 70-74": 1.0032887483525916, "Percentage: male_Aged 70-74": 4.0265436958722303, "LQ: male_Aged 75-79": 0.77031476020192902, "Percentage: male_Aged 75-79": 3.0030367787650434, "LQ: male_Aged 80-84": 0.59854463383867695, "Percentage: male_Aged 80-84": 1.3721741086491959, "LQ: male_Aged 85+": 0.48219510280886879, "Percentage: male_Aged 85+": 0.87729164323473185, "Local Authority": "Medway" }, "geometry": { "type": "Polygon", "coordinates": [ [ [ 575807.200485433451831, 164395.432032930315472 ], [ 575773.028661186923273, 164544.766049673664384 ], [ 576014.175538073759526, 164891.345998212811537 ], [ 575973.139383501722477, 164984.638181213289499 ], [ 575956.056078422232531, 165063.334834686247632 ], [ 575987.067432643962093, 165165.250041658408009 ], [ 576069.775909180985764, 165354.845472437737044 ], [ 576603.414232717594132, 165893.433696841995697 ], [ 576955.457885307143442, 165840.113024546939414 ], [ 577147.163910602801479, 165996.052006818645168 ], [ 577224.605629032244906, 166032.436135841533542 ], [ 577418.493029116652906, 166115.913524090137798 ], [ 577463.416654667817056, 166029.580896261380985 ], [ 577474.789591548265889, 165209.252263400587253 ], [ 577238.012611771933734, 164742.580355523095932 ], [ 577259.405140007380396, 164596.166134619852528 ], [ 577140.008380074752495, 164271.589224944880698 ], [ 576664.488036954426207, 163804.82067853352055 ], [ 576450.999865362653509, 163795.698307790735271 ], [ 576040.01030767231714, 164121.682054411096033 ], [ 575807.200485433451831, 164395.432032930315472 ] ] ] } },
{ "type": "Feature", "properties": { "park_offical_id": "MEDWA_87", "Local Authority_x": "Medway", "total_Age 0 - 4": 203, "total_Aged 5-9": 205, "total_Aged 10-14": 207, "total_Aged 15-19": 166, "total_Aged 20-24": 91, "total_Aged 25-29": 170, "total_Aged 30-34": 212, "total_Aged 35-39": 192, "total_Aged 40-44": 211, "total_Aged 45-49": 174, "total_Aged 50-54": 167, "total_Aged 55-59": 180, "total_Aged 60-64": 157, "total_Aged 65-69": 144, "total_Aged 70-74": 149, "total_Aged 75-79": 163, "total_Aged 80-84": 97, "total_Aged 85+": 100, "total_All Ages": 2988, "female_Age 0 - 4": 96, "female_Aged 5-9": 103, "female_Aged 10-14": 109, "female_Aged 15-19": 91, "female_Aged 20-24": 40, "female_Aged 25-29": 77, "female_Aged 30-34": 121, "female_Aged 35-39": 103, "female_Aged 40-44": 122, "female_Aged 45-49": 84, "female_Aged 50-54": 81, "female_Aged 55-59": 96, "female_Aged 60-64": 74, "female_Aged 65-69": 68, "female_Aged 70-74": 80, "female_Aged 75-79": 86, "female_Aged 80-84": 54, "female_Aged 85+": 67, "female_All Ages": 1552, "male_Age 0 - 4": 107, "male_Aged 5-9": 102, "male_Aged 10-14": 98, "male_Aged 15-19": 75, "male_Aged 20-24": 51, "male_Aged 25-29": 93, "male_Aged 30-34": 91, "male_Aged 35-39": 89, "male_Aged 40-44": 89, "male_Aged 45-49": 90, "male_Aged 50-54": 86, "male_Aged 55-59": 84, "male_Aged 60-64": 83, "male_Aged 65-69": 76, "male_Aged 70-74": 69, "male_Aged 75-79": 77, "male_Aged 80-84": 43, "male_Aged 85+": 33, "male_All Ages": 1436, "Total Econ. Act. Potential": 2005, "Economically active (excluding full-time students): In employment": 1151, "Economically active (excluding full-time students): Unemployed": 32, "Economically active and a full-time student: In employment": 32, "Economically active and a full-time student: Unemployed": 6, "Economically inactive (excluding full-time students)": 733, "Economically inactive and a full-time student": 51, "1. Managers, directors and senior officials": 176, "2. Professional occupations": 226, "3. Associate professional and technical occupations": 172, "4. Administrative and secretarial occupations": 147, "5. Skilled trades occupations": 129, "6. Caring, leisure and other service occupations": 84, "7. Sales and customer service occupations": 82, "8. Process, plant and machine operatives": 76, "9. Elementary occupations": 86, "Occupation Total": 1178, "Very good health": 816, "Good health": 807, "Fair health": 290, "Bad health": 76, "Very bad health": 16, "Health Total": 2005, "Bad or Very bad health": 92, "Good or Very good health": 1623, "All usual residents Country of Birth": 2427, "Europe": 2354, "Europe: United Kingdom": 2291, "Europe: Ireland": 12, "Europe: Other": 51, "Africa": 31, "Middle East and Asia": 34, "The Americas and the Caribbean": 6, "Antarctica and Oceania (including Australasia) and Other": 2, "No religion": 977, "Christian": 1259, "Buddhist": 1, "Hindu": 11, "Jewish": 0, "Muslim": 14, "Sikh": 18, "Other religion": 14, "Not answered": 131, "Total Religion": 2425, "Total: All usual residents Ethnicity": 2427, "Asian, Asian British or Asian Welsh": 56, "Black, Black British, Black Welsh, Caribbean or African": 55, "Mixed or Multiple ethnic groups": 47, "White": 2264, "Other ethnic group": 5, "Total: All households deprivation": 1010, "Household is not deprived in any dimension": 525, "Household is deprived in one dimension": 330, "Household is deprived in two dimensions": 138, "Household is deprived in three dimensions": 14, "Household is deprived in four dimensions": 3, "Local Authority_y": "Medway", "number_of_OAs_outside_of_park_LA": 0, "LQ: Economically active (excluding full-time students): In employment": 0.98654523124616011, "Percentage: Economically active (excluding full-time students): In employment": 57.406483790523687, "LQ: Economically active (excluding full-time students): Unemployed": 0.58091623231750766, "Percentage: Economically active (excluding full-time students): Unemployed": 1.596009975062344, "LQ: Economically active and a full-time student: In employment": 1.2800385628372513, "Percentage: Economically active and a full-time student: In employment": 1.596009975062344, "LQ: Economically active and a full-time student: Unemployed": 0.67568557765306636, "Percentage: Economically active and a full-time student: Unemployed": 0.29925187032418954, "LQ: Economically inactive (excluding full-time students)": 1.0965556833206895, "Percentage: Economically inactive (excluding full-time students)": 36.558603491271818, "LQ: Economically inactive and a full-time student": 0.6305549459197225, "Percentage: Economically inactive and a full-time student": 2.5436408977556111, "LQ: 1. Managers, directors and senior officials": 1.1396875006031379, "Percentage: 1. Managers, directors and senior officials": 14.940577249575551, "LQ: 2. Professional occupations": 1.120498198211622, "Percentage: 2. Professional occupations": 19.185059422750424, "LQ: 3. Associate professional and technical occupations": 1.0847252338060089, "Percentage: 3. Associate professional and technical occupations": 14.60101867572156, "LQ: 4. Administrative and secretarial occupations": 1.2152870229297932, "Percentage: 4. Administrative and secretarial occupations": 12.478777589134125, "LQ: 5. Skilled trades occupations": 0.95553194535580377, "Percentage: 5. Skilled trades occupations": 10.950764006791172, "LQ: 6. Caring, leisure and other service occupations": 0.79344571152104715, "Percentage: 6. Caring, leisure and other service occupations": 7.1307300509337868, "LQ: 7. Sales and customer service occupations": 0.96840679680340924, "Percentage: 7. Sales and customer service occupations": 6.9609507640067916, "LQ: 8. Process, plant and machine operatives": 0.83558618857570977, "Percentage: 8. Process, plant and machine operatives": 6.4516129032258061, "LQ: 9. Elementary occupations": 0.68334688723040526, "Percentage: 9. Elementary occupations": 7.3005093378607802, "LQ: Very good health": 1.0118202871263748, "Percentage: Very good health": 40.698254364089777, "LQ: Good health": 1.0388976652356479, "Percentage: Good health": 40.249376558603487, "LQ: Fair health": 0.95471501645690748, "Percentage: Fair health": 14.463840399002494, "LQ: Bad health": 0.82427816349642458, "Percentage: Bad health": 3.7905236907730671, "LQ: Very bad health": 0.62038724252879918, "Percentage: Very bad health": 0.79800498753117199, "LQ: Bad or Very bad health": 0.77971237339061028, "Percentage: Bad or Very bad health": 4.5885286783042396, "LQ: Good or Very good health": 1.0251051559975253, "Percentage: Good or Very good health": 80.947630922693264, "LQ: Europe": 1.0396059920275862, "Percentage: Europe": 96.992171405026781, "LQ: Europe: United Kingdom": 1.0816399515211532, "Percentage: Europe: United Kingdom": 94.396374124433464, "LQ: Europe: Ireland": 1.074838455254066, "Percentage: Europe: Ireland": 0.4944375772558714, "LQ: Europe: Other": 0.37756838538837234, "Percentage: Europe: Other": 2.1013597033374536, "LQ: Africa": 0.52478691011840328, "Percentage: Africa": 1.2772970745776679, "LQ: Middle East and Asia": 0.42048757940042175, "Percentage: Middle East and Asia": 1.4009064688916357, "LQ: The Americas and the Caribbean": 0.34208192497580764, "Percentage: The Americas and the Caribbean": 0.2472187886279357, "LQ: Antarctica and Oceania (including Australasia) and Other": 0.3838145391950174, "Percentage: Antarctica and Oceania (including Australasia) and Other": 0.082406262875978575, "LQ: No religion": 0.97287192787687526, "Percentage: No religion": 40.288659793814432, "LQ: Christian": 1.0952572293604372, "Percentage: Christian": 51.917525773195869, "LQ: Buddhist": 0.098596889743141708, "Percentage: Buddhist": 0.041237113402061855, "LQ: Hindu": 0.43168010867977713, "Percentage: Hindu": 0.45360824742268041, "LQ: Jewish": 0.0, "Percentage: Jewish": 0.0, "LQ: Muslim": 0.28401405728974738, "Percentage: Muslim": 0.57731958762886593, "LQ: Sikh": 0.46036446211130577, "Percentage: Sikh": 0.74226804123711343, "LQ: Other religion": 1.0528898633204273, "Percentage: Other religion": 0.57731958762886593, "LQ: Not answered": 0.99374761794971933, "Percentage: Not answered": 5.4020618556701034, "LQ: Asian, Asian British or Asian Welsh": 0.4544870609021327, "Percentage: Asian, Asian British or Asian Welsh": 2.3073753605273999, "LQ: Black, Black British, Black Welsh, Caribbean or African": 0.6169712025908366, "Percentage: Black, Black British, Black Welsh, Caribbean or African": 2.2661722290894111, "LQ: Mixed or Multiple ethnic groups": 0.80214600684713211, "Percentage: Mixed or Multiple ethnic groups": 1.9365471775854965, "LQ: White": 1.0654660748931153, "Percentage: White": 93.283889575607745, "LQ: Other ethnic group": 0.16049046326692482, "Percentage: Other ethnic group": 0.20601565718994644, "LQ: Household is not deprived in any dimension": 1.0790801302352457, "Percentage: Household is not deprived in any dimension": 51.980198019801982, "LQ: Household is deprived in one dimension": 0.95840734729913923, "Percentage: Household is deprived in one dimension": 32.673267326732677, "LQ: Household is deprived in two dimensions": 0.97842120796310317, "Percentage: Household is deprived in two dimensions": 13.663366336633665, "LQ: Household is deprived in three dimensions": 0.39514289478467807, "Percentage: Household is deprived in three dimensions": 1.3861386138613863, "LQ: Household is deprived in four dimensions": 1.1196134424132838, "Percentage: Household is deprived in four dimensions": 0.29702970297029702, "LQ: total_Age 0 - 4": 1.1720554425216696, "Percentage: total_Age 0 - 4": 6.7938420348058903, "LQ: total_Aged 5-9": 1.0449859389555383, "Percentage: total_Aged 5-9": 6.860776439089693, "LQ: total_Aged 10-14": 1.0317415208866991, "Percentage: total_Aged 10-14": 6.927710843373494, "LQ: total_Aged 15-19": 0.95155811501686627, "Percentage: total_Aged 15-19": 5.5555555555555554, "LQ: total_Aged 20-24": 0.64349109192244014, "Percentage: total_Aged 20-24": 3.0455153949129854, "LQ: total_Aged 25-29": 0.94849601232605274, "Percentage: total_Aged 25-29": 5.689424364123159, "LQ: total_Aged 30-34": 1.0111294523411176, "Percentage: total_Aged 30-34": 7.0950468540829981, "LQ: total_Aged 35-39": 0.88533337129081846, "Percentage: total_Aged 35-39": 6.425702811244979, "LQ: total_Aged 40-44": 1.0242283473533242, "Percentage: total_Aged 40-44": 7.0615796519410985, "LQ: total_Aged 45-49": 0.94557568541791381, "Percentage: total_Aged 45-49": 5.8232931726907635, "LQ: total_Aged 50-54": 0.86596926713450084, "Percentage: total_Aged 50-54": 5.5890227576974567, "LQ: total_Aged 55-59": 0.90880278274678938, "Percentage: total_Aged 55-59": 6.024096385542169, "LQ: total_Aged 60-64": 0.88151853422903548, "Percentage: total_Aged 60-64": 5.2543507362784476, "LQ: total_Aged 65-69": 0.9956750077232005, "Percentage: total_Aged 65-69": 4.8192771084337354, "LQ: total_Aged 70-74": 1.2046224782841732, "Percentage: total_Aged 70-74": 4.9866131191432395, "LQ: total_Aged 75-79": 1.3190308064061864, "Percentage: total_Aged 75-79": 5.4551539491298522, "LQ: total_Aged 80-84": 1.2795932313558542, "Percentage: total_Aged 80-84": 3.2463186077643909, "LQ: total_Aged 85+": 1.4361778802372591, "Percentage: total_Aged 85+": 3.3467202141900936, "LQ: female_Age 0 - 4": 1.1116337732467034, "Percentage: female_Age 0 - 4": 6.1855670103092786, "LQ: female_Aged 5-9": 1.0547593640799224, "Percentage: female_Aged 5-9": 6.6365979381443303, "LQ: female_Aged 10-14": 1.0939684033657031, "Percentage: female_Aged 10-14": 7.0231958762886597, "LQ: female_Aged 15-19": 1.0635466385315226, "Percentage: female_Aged 15-19": 5.8634020618556697, "LQ: female_Aged 20-24": 0.57865382291310341, "Percentage: female_Aged 20-24": 2.5773195876288657, "LQ: female_Aged 25-29": 0.82728476476765045, "Percentage: female_Aged 25-29": 4.9613402061855671, "LQ: female_Aged 30-34": 1.08369557653398, "Percentage: female_Aged 30-34": 7.7963917525773194, "LQ: female_Aged 35-39": 0.89264562756830801, "Percentage: female_Aged 35-39": 6.6365979381443303, "LQ: female_Aged 40-44": 1.1201755801508284, "Percentage: female_Aged 40-44": 7.8608247422680408, "LQ: female_Aged 45-49": 0.88298070461495182, "Percentage: female_Aged 45-49": 5.4123711340206189, "LQ: female_Aged 50-54": 0.81799486788187381, "Percentage: female_Aged 50-54": 5.2190721649484537, "LQ: female_Aged 55-59": 0.9428306815582328, "Percentage: female_Aged 55-59": 6.1855670103092786, "LQ: female_Aged 60-64": 0.79900265863419728, "Percentage: female_Aged 60-64": 4.768041237113402, "LQ: female_Aged 65-69": 0.90207159956760563, "Percentage: female_Aged 65-69": 4.3814432989690717, "LQ: female_Aged 70-74": 1.2097677722505422, "Percentage: female_Aged 70-74": 5.1546391752577314, "LQ: female_Aged 75-79": 1.2698406175322543, "Percentage: female_Aged 75-79": 5.5412371134020617, "LQ: female_Aged 80-84": 1.2552294141509224, "Percentage: female_Aged 80-84": 3.4793814432989691, "LQ: female_Aged 85+": 1.5301790642907034, "Percentage: female_Aged 85+": 4.3170103092783503, "LQ: male_Age 0 - 4": 1.2340412277510615, "Percentage: male_Age 0 - 4": 7.4512534818941507, "LQ: male_Aged 5-9": 1.0369551960941554, "Percentage: male_Aged 5-9": 7.103064066852367, "LQ: male_Aged 10-14": 0.97198335176185313, "Percentage: male_Aged 10-14": 6.8245125348189415, "LQ: male_Aged 15-19": 0.84554038249648122, "Percentage: male_Aged 15-19": 5.2228412256267411, "LQ: male_Aged 20-24": 0.70706027775479485, "Percentage: male_Aged 20-24": 3.5515320334261835, "LQ: male_Aged 25-29": 1.0794518057104667, "Percentage: male_Aged 25-29": 6.4763231197771578, "LQ: male_Aged 30-34": 0.92749601650189017, "Percentage: male_Aged 30-34": 6.3370473537604459, "LQ: male_Aged 35-39": 0.87614026253690425, "Percentage: male_Aged 35-39": 6.1977715877437323, "LQ: male_Aged 40-44": 0.9159390733330105, "Percentage: male_Aged 40-44": 6.1977715877437323, "LQ: male_Aged 45-49": 1.0127609516310261, "Percentage: male_Aged 45-49": 6.2674094707520887, "LQ: male_Aged 50-54": 0.91701629229399673, "Percentage: male_Aged 50-54": 5.9888579387186631, "LQ: male_Aged 55-59": 0.8731572418946788, "Percentage: male_Aged 55-59": 5.8495821727019495, "LQ: male_Aged 60-64": 0.9708705896142088, "Percentage: male_Aged 60-64": 5.7799442896935931, "LQ: male_Aged 65-69": 1.0974225538704512, "Percentage: male_Aged 65-69": 5.2924791086350975, "LQ: male_Aged 70-74": 1.1972591814059064, "Percentage: male_Aged 70-74": 4.805013927576602, "LQ: male_Aged 75-79": 1.3754469788049462, "Percentage: male_Aged 75-79": 5.3621169916434539, "LQ: male_Aged 80-84": 1.3061749086531695, "Percentage: male_Aged 80-84": 2.9944289693593316, "LQ: male_Aged 85+": 1.2631016512162572, "Percentage: male_Aged 85+": 2.298050139275766, "Local Authority": "Medway" }, "geometry": { "type": "Polygon", "coordinates": [ [ [ 581154.417486726073548, 166907.430398874043021 ], [ 580859.80475225194823, 167485.995931912388187 ], [ 580670.111532177543268, 168180.754409339046106 ], [ 580855.336518520722166, 168186.053015852521639 ], [ 581757.835070337867364, 167785.21027018566383 ], [ 582386.249325396143831, 168026.454025570827071 ], [ 582887.587075512390584, 168247.694779054902028 ], [ 582698.866261297720484, 167500.08073361456627 ], [ 582706.455101503175683, 167038.681797954137437 ], [ 582702.886814953992143, 167033.444232611567713 ], [ 582411.009429924888536, 166913.178501260175835 ], [ 581993.034718937473372, 166830.081979283189867 ], [ 581549.427514538983814, 166662.026248740497977 ], [ 581317.180933957919478, 166794.139386282244232 ], [ 581157.881923510925844, 166902.877435206901282 ], [ 581154.417486726073548, 166907.430398874043021 ] ] ] } }
]
}
