{
"type": "FeatureCollection",
"name": "GUILD_2_NACH",
"crs": { "type": "name", "properties": { "name": "urn:ogc:def:crs:OGC:1.3:CRS84" } },
"features": [
{"type":"Feature","properties":{"id":92154,"nach":0.62077953261441909},"geometry":{"type":"LineString","coordinates":[[-0.7119745,51.24808920000001],[-0.7119959,51.2479317],[-0.7120388,51.247705]]}},
{"type":"Feature","properties":{"id":92155,"nach":0.64518386398903493},"geometry":{"type":"LineString","coordinates":[[-0.7119745,51.24808920000001],[-0.712097,51.2480958],[-0.7121298,51.2480975],[-0.7123443,51.24798]]}},
{"type":"Feature","properties":{"id":92106,"nach":0.55483757084498431},"geometry":{"type":"LineString","coordinates":[[-0.7128562,51.2481163],[-0.7123324,51.2483885]]}},
{"type":"Feature","properties":{"id":92203,"nach":0.59122786138750782},"geometry":{"type":"LineString","coordinates":[[-0.7123148,51.247490299999988],[-0.7121361,51.2474535]]}},
{"type":"Feature","properties":{"id":2842,"nach":0.61407600700097331},"geometry":{"type":"LineString","coordinates":[[-0.7121361,51.2474535],[-0.7121217,51.2474835],[-0.7120949,51.24751]]}},
{"type":"Feature","properties":{"id":99886,"nach":0.6206118699804487},"geometry":{"type":"LineString","coordinates":[[-0.7121272,51.247396],[-0.7121375,51.2474244],[-0.7121361,51.2474535]]}},
{"type":"Feature","properties":{"id":92205,"nach":0.58629163875759494},"geometry":{"type":"LineString","coordinates":[[-0.7123148,51.247490299999988],[-0.712533,51.2475352],[-0.7126491,51.24757910000001],[-0.7127775,51.2476614]]}},
{"type":"Feature","properties":{"id":92204,"nach":0.45246113351905737},"geometry":{"type":"LineString","coordinates":[[-0.7123148,51.247490299999988],[-0.7124132,51.2472504],[-0.7125236,51.2472697]]}},
{"type":"Feature","properties":{"id":99884,"nach":0.60711980735962656},"geometry":{"type":"LineString","coordinates":[[-0.7120949,51.24751],[-0.7120388,51.247705]]}},
{"type":"Feature","properties":{"id":99885,"nach":0.46859480651588559},"geometry":{"type":"LineString","coordinates":[[-0.7120949,51.24751],[-0.7120579,51.247531],[-0.7120221,51.2475422],[-0.7120132,51.247545],[-0.7119641,51.2475511]]}},
{"type":"Feature","properties":{"id":92196,"nach":0.60112574006730046},"geometry":{"type":"LineString","coordinates":[[-0.7134199,51.245291],[-0.7132753,51.2452268]]}},
{"type":"Feature","properties":{"id":90236,"nach":0.58237629114202638},"geometry":{"type":"LineString","coordinates":[[-0.7130379,51.2455236],[-0.7130768,51.245454300000013],[-0.7131465,51.2453528],[-0.7132753,51.2452268]]}},
{"type":"Feature","properties":{"id":2961,"nach":0.61185226762393674},"geometry":{"type":"LineString","coordinates":[[-0.7135596,51.244910300000015],[-0.7134966,51.2450052],[-0.7134308,51.24508920000001],[-0.7133672,51.2451455],[-0.7132753,51.2452268]]}},
{"type":"Feature","properties":{"id":92197,"nach":0.59087274358527098},"geometry":{"type":"LineString","coordinates":[[-0.7134199,51.245291],[-0.7134785,51.245317],[-0.7136043,51.2453955]]}},
{"type":"Feature","properties":{"id":92198,"nach":0.53357145895842883},"geometry":{"type":"LineString","coordinates":[[-0.7134199,51.245291],[-0.7133674,51.245335],[-0.7133351,51.2453764],[-0.7133283,51.245421499999985],[-0.7133546,51.2454747],[-0.7133614,51.2455386],[-0.7133554,51.24559880000001],[-0.7133286,51.2456342]]}},
{"type":"Feature","properties":{"id":90235,"nach":0.59140235060024737},"geometry":{"type":"LineString","coordinates":[[-0.7130379,51.2455236],[-0.7130164,51.2455618],[-0.7128877,51.2457868],[-0.7128247,51.245899900000012],[-0.7127361,51.2460588],[-0.7125886,51.2463375],[-0.7124009,51.2467396],[-0.7123293,51.24692670000001]]}},
{"type":"Feature","properties":{"id":92194,"nach":0.45748608568850807},"geometry":{"type":"LineString","coordinates":[[-0.7133286,51.2456342],[-0.713265,51.2455832],[-0.7131905,51.245552600000011],[-0.7130379,51.2455236]]}},
{"type":"Feature","properties":{"id":72608,"nach":0.60563648297873973},"geometry":{"type":"LineString","coordinates":[[-0.7135925,51.2448405],[-0.7135596,51.244910300000015]]}},
{"type":"Feature","properties":{"id":75980,"nach":0.43508268126434979},"geometry":{"type":"LineString","coordinates":[[-0.714388,51.2448364],[-0.7140326,51.244869700000017],[-0.7138479,51.2448875],[-0.7137036,51.2449003],[-0.7135596,51.244910300000015]]}},
{"type":"Feature","properties":{"id":87265,"nach":0.66231402684663698},"geometry":{"type":"LineString","coordinates":[[-0.7144204,51.246115500000016],[-0.7144565,51.2461439]]}},
{"type":"Feature","properties":{"id":17585,"nach":0.62095223952847522},"geometry":{"type":"LineString","coordinates":[[-0.7154453,51.245669700000015],[-0.7155426,51.2456891],[-0.7155716,51.2456996],[-0.7155937,51.2457096],[-0.7156184,51.2457298],[-0.7156269,51.2457564],[-0.7156454,51.2458914],[-0.7155429,51.2459359],[-0.7150763,51.2459918],[-0.7147946,51.2460399],[-0.7145283,51.2460935],[-0.714521,51.246095],[-0.7144565,51.2461439]]}},
{"type":"Feature","properties":{"id":72869,"nach":0.6196060678444939},"geometry":{"type":"LineString","coordinates":[[-0.7157397,51.2465752],[-0.7154518,51.2465659],[-0.7152085,51.2465377],[-0.7149988,51.2464783],[-0.7148246,51.246405],[-0.7144565,51.2461439]]}},
{"type":"Feature","properties":{"id":87266,"nach":0.58841042995784365},"geometry":{"type":"LineString","coordinates":[[-0.7144204,51.246115500000016],[-0.7139682,51.2456225],[-0.7136043,51.2453955]]}},
{"type":"Feature","properties":{"id":92171,"nach":0.641000869706016},"geometry":{"type":"LineString","coordinates":[[-0.7142123,51.24617520000001],[-0.7143012,51.246152500000015],[-0.7144204,51.246115500000016]]}},
{"type":"Feature","properties":{"id":17584,"nach":0.61957813448714982},"geometry":{"type":"LineString","coordinates":[[-0.7154453,51.245669700000015],[-0.7154453,51.2455902],[-0.715543,51.2454387]]}},
{"type":"Feature","properties":{"id":75834,"nach":0.44238727149591123},"geometry":{"type":"LineString","coordinates":[[-0.7150026,51.2456866],[-0.7152874,51.245676500000016],[-0.7154453,51.245669700000015]]}},
{"type":"Feature","properties":{"id":72868,"nach":0.62815015964473242},"geometry":{"type":"LineString","coordinates":[[-0.7157397,51.2465752],[-0.7162052,51.2465879]]}},
{"type":"Feature","properties":{"id":77544,"nach":0.52321685839111332},"geometry":{"type":"LineString","coordinates":[[-0.7157569,51.2461863],[-0.7157548,51.2462257],[-0.7157397,51.2465752]]}},
{"type":"Feature","properties":{"id":2852,"nach":0.59785322781662198},"geometry":{"type":"LineString","coordinates":[[-0.7185589,51.2467258],[-0.7184505,51.2467059],[-0.7183085,51.2466901],[-0.7182038,51.246674400000011],[-0.7181409,51.2466611],[-0.7180713,51.246627]]}},
{"type":"Feature","properties":{"id":91794,"nach":0.57406415275861078},"geometry":{"type":"LineString","coordinates":[[-0.7179931,51.2464942],[-0.7180036,51.2465552],[-0.7180326,51.24659110000001],[-0.7180713,51.246627]]}},
{"type":"Feature","properties":{"id":17663,"nach":0.63169723516968945},"geometry":{"type":"LineString","coordinates":[[-0.7169719,51.2466907],[-0.7173585,51.246706300000014],[-0.7175225,51.246707],[-0.7176717,51.2467016],[-0.7178469,51.2466906],[-0.717945,51.2466707],[-0.7179864,51.2466599],[-0.7180254,51.2466448],[-0.7180713,51.246627]]}},
{"type":"Feature","properties":{"id":69018,"nach":0.65549078580000353},"geometry":{"type":"LineString","coordinates":[[-0.7189567,51.246876199999988],[-0.7188662,51.246835],[-0.7187233,51.2467732],[-0.7185589,51.2467258]]}},
{"type":"Feature","properties":{"id":90284,"nach":0.456502084723725},"geometry":{"type":"LineString","coordinates":[[-0.7182116,51.2472647],[-0.7183193,51.247057],[-0.7183879,51.2469287],[-0.7185589,51.2467258]]}},
{"type":"Feature","properties":{"id":91791,"nach":0.62236950903857569},"geometry":{"type":"LineString","coordinates":[[-0.7180981,51.2464885],[-0.7181322,51.2465606],[-0.7182793,51.2466364],[-0.7185589,51.2467258]]}},
{"type":"Feature","properties":{"id":91792,"nach":0.57637600373084152},"geometry":{"type":"LineString","coordinates":[[-0.7179931,51.2464942],[-0.7178427,51.2456223]]}},
{"type":"Feature","properties":{"id":91793,"nach":0.57110095084292001},"geometry":{"type":"LineString","coordinates":[[-0.7179931,51.2464942],[-0.7180981,51.2464885]]}},
{"type":"Feature","properties":{"id":17665,"nach":0.51807863465167758},"geometry":{"type":"LineString","coordinates":[[-0.7167021,51.2473042],[-0.7165615,51.247264],[-0.7165661,51.2471739],[-0.7168576,51.2468711],[-0.7169719,51.2466907]]}},
{"type":"Feature","properties":{"id":72865,"nach":0.63192301724132094},"geometry":{"type":"LineString","coordinates":[[-0.7163808,51.2465911],[-0.7164752,51.2466006],[-0.7167127,51.2466268],[-0.7169719,51.2466907]]}},
{"type":"Feature","properties":{"id":69019,"nach":0.65617967985536252},"geometry":{"type":"LineString","coordinates":[[-0.7189567,51.246876199999988],[-0.71903,51.2469146],[-0.7191032,51.2469577],[-0.7191998,51.2470247]]}},
{"type":"Feature","properties":{"id":69021,"nach":0.53049932789488297},"geometry":{"type":"LineString","coordinates":[[-0.7190016,51.2467371],[-0.7189567,51.246876199999988]]}},
{"type":"Feature","properties":{"id":91790,"nach":0.61613824071366463},"geometry":{"type":"LineString","coordinates":[[-0.7180981,51.2464885],[-0.7180578,51.2464035],[-0.7179435,51.245824900000017],[-0.7179816,51.2456808],[-0.7179754,51.2456142]]}},
{"type":"Feature","properties":{"id":77674,"nach":0.55881724361276697},"geometry":{"type":"LineString","coordinates":[[-0.7133543,51.2438856],[-0.7132619,51.2438441],[-0.7130392,51.2437761],[-0.7127965,51.2437148],[-0.7124398,51.2436603],[-0.7120401,51.24362],[-0.7111577,51.24355280000001],[-0.710876,51.2435016],[-0.7106092,51.2434227],[-0.7103892,51.243348],[-0.7102668,51.2432924],[-0.7102025,51.2432497]]}},
{"type":"Feature","properties":{"id":77673,"nach":0.56641578120971237},"geometry":{"type":"LineString","coordinates":[[-0.7133543,51.2438856],[-0.7134657,51.2439356],[-0.7136277,51.244042700000016],[-0.7137178,51.24413710000001],[-0.7137618,51.2442341],[-0.7137674,51.2442841]]}},
{"type":"Feature","properties":{"id":77676,"nach":0.41827637898314773},"geometry":{"type":"LineString","coordinates":[[-0.7137964,51.2430934],[-0.7136748,51.2432156],[-0.7134296,51.2437023],[-0.7133776,51.2438103],[-0.7133543,51.2438856]]}},
{"type":"Feature","properties":{"id":92692,"nach":0.0},"geometry":{"type":"LineString","coordinates":[[-0.7100904,51.2430495],[-0.7099616,51.2429454],[-0.7098824,51.242834],[-0.709732,51.2427103],[-0.7097021,51.2426859],[-0.7096975,51.2426658],[-0.7097078,51.2426471],[-0.7097767,51.242616199999986],[-0.709833,51.2425982],[-0.709883,51.2425914],[-0.7099306,51.2425917],[-0.710005,51.2425982]]}},
{"type":"Feature","properties":{"id":92923,"nach":0.55019596286954442},"geometry":{"type":"LineString","coordinates":[[-0.710019,51.2426254],[-0.7100389,51.2427663],[-0.710061,51.2429224],[-0.7100904,51.2430495]]}},
{"type":"Feature","properties":{"id":72609,"nach":0.59948281688581095},"geometry":{"type":"LineString","coordinates":[[-0.7135925,51.2448405],[-0.713636,51.2447483],[-0.713689,51.2446023]]}},
{"type":"Feature","properties":{"id":72611,"nach":0.42006007811780643},"geometry":{"type":"LineString","coordinates":[[-0.7126336,51.2450516],[-0.7127098,51.2447835],[-0.7127644,51.2446611],[-0.7128391,51.2446035],[-0.7129498,51.2445837],[-0.7130547,51.2445783],[-0.7131438,51.244599],[-0.7132703,51.244653],[-0.7134155,51.2447349],[-0.7135925,51.2448405]]}},
{"type":"Feature","properties":{"id":73287,"nach":0.35967462618176677},"geometry":{"type":"LineString","coordinates":[[-0.7175074,51.2376766],[-0.7175424,51.2375374],[-0.7163857,51.2374107],[-0.716964,51.234431099999988]]}},
{"type":"Feature","properties":{"id":73341,"nach":0.48889184467006025},"geometry":{"type":"LineString","coordinates":[[-0.7113509,51.2394495],[-0.711509,51.2394424],[-0.7116549,51.2394434],[-0.7119052,51.2394452],[-0.7127526,51.23948870000001]]}},
{"type":"Feature","properties":{"id":73345,"nach":0.3580467812722381},"geometry":{"type":"LineString","coordinates":[[-0.7115656,51.240357699999983],[-0.7116244,51.2402704],[-0.7116179,51.2401149],[-0.7115373,51.2399376],[-0.7114567,51.2397629],[-0.7113846,51.239604],[-0.7113509,51.2394495]]}},
{"type":"Feature","properties":{"id":73103,"nach":0.5523436225303574},"geometry":{"type":"LineString","coordinates":[[-0.7186865,51.2406364],[-0.7187,51.2407802],[-0.7187478,51.2408153]]}},
{"type":"Feature","properties":{"id":91767,"nach":0.60350009205717914},"geometry":{"type":"LineString","coordinates":[[-0.7184436,51.2414105],[-0.7187159,51.2408604],[-0.7187478,51.2408153]]}},
{"type":"Feature","properties":{"id":85521,"nach":0.56555768701709908},"geometry":{"type":"LineString","coordinates":[[-0.719054,51.2403761],[-0.7189899,51.240436],[-0.7187478,51.2408153]]}},
{"type":"Feature","properties":{"id":73104,"nach":0.55988684281787682},"geometry":{"type":"LineString","coordinates":[[-0.7186865,51.2406364],[-0.7186737,51.2405144],[-0.7186672,51.2404314],[-0.7186755,51.2403161]]}},
{"type":"Feature","properties":{"id":73102,"nach":0.42219042875733903},"geometry":{"type":"LineString","coordinates":[[-0.7186865,51.2406364],[-0.7182347,51.2406427]]}},
{"type":"Feature","properties":{"id":91765,"nach":0.60218716797541416},"geometry":{"type":"LineString","coordinates":[[-0.7184436,51.2414105],[-0.7184267,51.2414446]]}},
{"type":"Feature","properties":{"id":91768,"nach":0.42455333919024124},"geometry":{"type":"LineString","coordinates":[[-0.7181389,51.2413569],[-0.7184436,51.2414105]]}},
{"type":"Feature","properties":{"id":85523,"nach":0.53657022131997534},"geometry":{"type":"LineString","coordinates":[[-0.719054,51.2403761],[-0.71890780000001,51.240386699999988],[-0.7188519,51.2403799],[-0.7187413,51.240347],[-0.7186755,51.2403161]]}},
{"type":"Feature","properties":{"id":85522,"nach":0.59804354257483361},"geometry":{"type":"LineString","coordinates":[[-0.719054,51.2403761],[-0.7197022,51.2401935],[-0.7199219,51.2401129]]}},
{"type":"Feature","properties":{"id":91359,"nach":0.6132083684848102},"geometry":{"type":"LineString","coordinates":[[-0.7221721,51.2465271],[-0.7218656,51.2465672]]}},
{"type":"Feature","properties":{"id":91202,"nach":0.48669221165554277},"geometry":{"type":"LineString","coordinates":[[-0.7220065,51.2469894],[-0.7219552,51.2468904],[-0.7218765,51.2467093],[-0.7218656,51.2465672]]}},
{"type":"Feature","properties":{"id":65943,"nach":0.61212199923461763},"geometry":{"type":"LineString","coordinates":[[-0.7207729,51.2467413],[-0.7211462,51.2466736],[-0.7214518,51.2466243],[-0.7218656,51.2465672]]}},
{"type":"Feature","properties":{"id":91361,"nach":0.6141329995888225},"geometry":{"type":"LineString","coordinates":[[-0.7221721,51.2465271],[-0.7221555,51.2464618],[-0.7221567,51.2464212],[-0.7221824,51.2463707],[-0.7222216,51.2463363],[-0.7222899,51.246318099999989],[-0.7223717,51.2463146],[-0.722449,51.2463335],[-0.7225083,51.246363],[-0.7225861,51.246446700000014]]}},
{"type":"Feature","properties":{"id":91203,"nach":0.0},"geometry":{"type":"LineString","coordinates":[[-0.7220065,51.2469894],[-0.721733,51.247077],[-0.7214463,51.2472367],[-0.72106040000001,51.2472883],[-0.7210141,51.2472951],[-0.7208778,51.2470037],[-0.7208459,51.2469144],[-0.7207729,51.2467413]]}},
{"type":"Feature","properties":{"id":91201,"nach":0.43263014914512754},"geometry":{"type":"LineString","coordinates":[[-0.7220065,51.2469894],[-0.7220831,51.2471545],[-0.722231,51.2471307],[-0.7223771,51.247176300000014],[-0.7225315,51.2472061],[-0.7226984,51.247178300000016],[-0.7228036,51.2470502]]}},
{"type":"Feature","properties":{"id":91197,"nach":0.6137920287525821},"geometry":{"type":"LineString","coordinates":[[-0.720299,51.2468458],[-0.7204648,51.2468087],[-0.7207729,51.2467413]]}},
{"type":"Feature","properties":{"id":17678,"nach":0.63008799787194314},"geometry":{"type":"LineString","coordinates":[[-0.7154809,51.2487969],[-0.715269,51.2487767],[-0.7150705,51.2487515],[-0.7148479,51.2487096],[-0.7146253,51.2486777],[-0.7144241,51.2486743],[-0.7142202,51.2486844],[-0.7140298,51.2487096],[-0.7138394,51.2487465],[-0.7136436,51.248801899999989],[-0.7134554,51.248862]]}},
{"type":"Feature","properties":{"id":52522,"nach":0.59287512776349027},"geometry":{"type":"LineString","coordinates":[[-0.7135275,51.2489528],[-0.7135768,51.248938800000012],[-0.7135732,51.2488929],[-0.7136056,51.2488646],[-0.7139516,51.2487597],[-0.7142493,51.2487253],[-0.7145041,51.248716],[-0.7146248,51.2487253],[-0.7148219,51.2487479],[-0.7150593,51.248792399999985],[-0.7152685,51.2488218],[-0.7154791,51.2488361]]}},
{"type":"Feature","properties":{"id":90275,"nach":0.65691640369104665},"geometry":{"type":"LineString","coordinates":[[-0.7154865,51.248763800000013],[-0.7154809,51.2487969]]}},
{"type":"Feature","properties":{"id":18975,"nach":0.66434759433434243},"geometry":{"type":"LineString","coordinates":[[-0.7166768,51.2488618],[-0.7160558,51.2488335],[-0.7157607,51.2488168],[-0.7154809,51.2487969]]}},
{"type":"Feature","properties":{"id":92105,"nach":0.55175969728887286},"geometry":{"type":"LineString","coordinates":[[-0.7128562,51.2481163],[-0.7131497,51.2479638]]}},
{"type":"Feature","properties":{"id":92109,"nach":0.24074502118238103},"geometry":{"type":"LineString","coordinates":[[-0.7129596,51.2483378],[-0.7128974,51.2482909],[-0.7129564,51.2482603],[-0.7129104,51.2482256],[-0.7129686,51.2481954],[-0.7128562,51.2481163]]}},
{"type":"Feature","properties":{"id":92147,"nach":0.52306552649955884},"geometry":{"type":"LineString","coordinates":[[-0.7140536,51.2474955],[-0.7139283,51.2475592]]}},
{"type":"Feature","properties":{"id":90251,"nach":0.51634047626762902},"geometry":{"type":"LineString","coordinates":[[-0.7131952,51.2479402],[-0.7132809,51.2478957],[-0.7139283,51.2475592]]}},
{"type":"Feature","properties":{"id":92116,"nach":0.46899332817136952},"geometry":{"type":"LineString","coordinates":[[-0.7140735,51.2478214],[-0.7140785,51.2477657],[-0.713998,51.2476196],[-0.7139283,51.2475592]]}},
{"type":"Feature","properties":{"id":92146,"nach":0.44930948664187442},"geometry":{"type":"LineString","coordinates":[[-0.7140536,51.2474955],[-0.7142073,51.2474173]]}},
{"type":"Feature","properties":{"id":92149,"nach":0.44976996301023037},"geometry":{"type":"LineString","coordinates":[[-0.7139694,51.2474368],[-0.7140536,51.2474955]]}},
{"type":"Feature","properties":{"id":90253,"nach":0.61640373181024255},"geometry":{"type":"LineString","coordinates":[[-0.7131952,51.2479402],[-0.7130607,51.2478334],[-0.7130263,51.247806800000014]]}},
{"type":"Feature","properties":{"id":90255,"nach":0.62303977416708356},"geometry":{"type":"LineString","coordinates":[[-0.7131497,51.2479638],[-0.713163,51.2479569],[-0.7131952,51.2479402]]}},
{"type":"Feature","properties":{"id":92127,"nach":0.49819551173173221},"geometry":{"type":"LineString","coordinates":[[-0.7140476,51.2481112],[-0.7140735,51.2478214]]}},
{"type":"Feature","properties":{"id":92133,"nach":0.37432560633435003},"geometry":{"type":"LineString","coordinates":[[-0.7137166,51.2479975],[-0.7140735,51.2478214]]}},
{"type":"Feature","properties":{"id":92124,"nach":0.6062260701230876},"geometry":{"type":"LineString","coordinates":[[-0.7138999,51.2483466],[-0.7140302,51.24830570000001]]}},
{"type":"Feature","properties":{"id":50003,"nach":0.62519776127450932},"geometry":{"type":"LineString","coordinates":[[-0.7140293,51.2485269],[-0.7140302,51.24830570000001]]}},
{"type":"Feature","properties":{"id":92126,"nach":0.52133036214933159},"geometry":{"type":"LineString","coordinates":[[-0.7140476,51.2481112],[-0.7140302,51.24830570000001]]}},
{"type":"Feature","properties":{"id":92123,"nach":0.53940282745439183},"geometry":{"type":"LineString","coordinates":[[-0.7138999,51.2483466],[-0.7136459,51.2484263]]}},
{"type":"Feature","properties":{"id":92131,"nach":0.58999925733305025},"geometry":{"type":"LineString","coordinates":[[-0.7138443,51.2482105],[-0.7138785,51.2482355],[-0.7138999,51.2483466]]}},
{"type":"Feature","properties":{"id":50006,"nach":0.46409343488566102},"geometry":{"type":"LineString","coordinates":[[-0.7142943,51.2485269],[-0.7140293,51.2485269]]}},
{"type":"Feature","properties":{"id":90272,"nach":0.63190343589434317},"geometry":{"type":"LineString","coordinates":[[-0.7140077,51.2486604],[-0.7140293,51.2485269]]}},
{"type":"Feature","properties":{"id":92130,"nach":0.36282154637090247},"geometry":{"type":"LineString","coordinates":[[-0.7138443,51.2482105],[-0.7140476,51.2481112]]}},
{"type":"Feature","properties":{"id":92112,"nach":0.55107101959032112},"geometry":{"type":"LineString","coordinates":[[-0.7131191,51.2485572],[-0.7134137,51.248484]]}},
{"type":"Feature","properties":{"id":92113,"nach":0.54336795475710142},"geometry":{"type":"LineString","coordinates":[[-0.7131191,51.2485572],[-0.7128822,51.2483779],[-0.7129596,51.2483378]]}},
{"type":"Feature","properties":{"id":90274,"nach":0.55329631725032946},"geometry":{"type":"LineString","coordinates":[[-0.7140077,51.2486604],[-0.7138147,51.2486937],[-0.713335,51.2488497],[-0.7127434,51.2490082]]}},
{"type":"Feature","properties":{"id":15838,"nach":0.42785767650225176},"geometry":{"type":"LineString","coordinates":[[-0.7147381,51.2445095],[-0.713689,51.2446023]]}},
{"type":"Feature","properties":{"id":65030,"nach":0.59319122104589028},"geometry":{"type":"LineString","coordinates":[[-0.7137674,51.2442841],[-0.7137728,51.2443327],[-0.7137473,51.24443260000001],[-0.713689,51.2446023]]}},
{"type":"Feature","properties":{"id":90387,"nach":0.54842929452955258},"geometry":{"type":"LineString","coordinates":[[-0.7145546,51.244022],[-0.7143362,51.2441399],[-0.7138705,51.2442839],[-0.7137674,51.2442841]]}},
{"type":"Feature","properties":{"id":92927,"nach":0.39912048254024318},"geometry":{"type":"LineString","coordinates":[[-0.7098358,51.242218],[-0.7098898,51.2422067],[-0.7099578,51.242341]]}},
{"type":"Feature","properties":{"id":92924,"nach":0.40034783485631298},"geometry":{"type":"LineString","coordinates":[[-0.710019,51.2426254],[-0.7100495,51.2425342],[-0.7099578,51.242341]]}},
{"type":"Feature","properties":{"id":73307,"nach":0.43236586880018807},"geometry":{"type":"LineString","coordinates":[[-0.7147552,51.2411706],[-0.7145917,51.24121],[-0.7099578,51.242341]]}},
{"type":"Feature","properties":{"id":15848,"nach":0.42585731153892498},"geometry":{"type":"LineString","coordinates":[[-0.709890483181469,51.242357820278137],[-0.7099578,51.242341]]}},
{"type":"Feature","properties":{"id":92922,"nach":0.5417176797677018},"geometry":{"type":"LineString","coordinates":[[-0.710019,51.2426254],[-0.710005,51.2425982]]}},
{"type":"Feature","properties":{"id":92925,"nach":0.58780439351945657},"geometry":{"type":"LineString","coordinates":[[-0.710005,51.2425982],[-0.709890483181469,51.242357820278137]]}},
{"type":"Feature","properties":{"id":92926,"nach":0.54559304754095272},"geometry":{"type":"LineString","coordinates":[[-0.7098358,51.242218],[-0.7098319,51.2422053],[-0.7097271,51.2417786]]}},
{"type":"Feature","properties":{"id":92925,"nach":0.58780439351945657},"geometry":{"type":"LineString","coordinates":[[-0.709890483181469,51.242357820278137],[-0.7098358,51.242218]]}},
{"type":"Feature","properties":{"id":93025,"nach":0.45316333506787132},"geometry":{"type":"LineString","coordinates":[[-0.7162173,51.2408178],[-0.7147552,51.2411706]]}},
{"type":"Feature","properties":{"id":73316,"nach":0.38890531160005082},"geometry":{"type":"LineString","coordinates":[[-0.7135303,51.2408887],[-0.7138259,51.2410021],[-0.7139308,51.2411498],[-0.714679,51.2411476],[-0.7147552,51.2411706]]}},
{"type":"Feature","properties":{"id":15936,"nach":0.49210647634740917},"geometry":{"type":"LineString","coordinates":[[-0.7195582,51.2400626],[-0.7194795,51.239942700000014]]}},
{"type":"Feature","properties":{"id":53172,"nach":0.52430138538219206},"geometry":{"type":"LineString","coordinates":[[-0.7187193,51.2401939],[-0.7194795,51.239942700000014]]}},
{"type":"Feature","properties":{"id":73107,"nach":0.49025996926872323},"geometry":{"type":"LineString","coordinates":[[-0.7212978,51.2392639],[-0.7208624,51.2394513],[-0.7205809,51.2395626],[-0.7195657,51.2399139],[-0.7194795,51.239942700000014]]}},
{"type":"Feature","properties":{"id":93017,"nach":0.54601409006974311},"geometry":{"type":"LineString","coordinates":[[-0.7190053,51.2395877],[-0.7190678,51.239613200000015],[-0.7192253,51.2397333],[-0.7193738,51.23984320000001],[-0.7194795,51.239942700000014]]}},
{"type":"Feature","properties":{"id":53176,"nach":0.49582030600364335},"geometry":{"type":"LineString","coordinates":[[-0.7187755,51.2402874],[-0.7195582,51.2400626]]}},
{"type":"Feature","properties":{"id":15961,"nach":0.53842092328863389},"geometry":{"type":"LineString","coordinates":[[-0.7208423,51.2395785],[-0.719621,51.2400404],[-0.7195582,51.2400626]]}},
{"type":"Feature","properties":{"id":53177,"nach":0.56339086635053992},"geometry":{"type":"LineString","coordinates":[[-0.7187755,51.2402874],[-0.7187193,51.2401939]]}},
{"type":"Feature","properties":{"id":93026,"nach":0.50889936943648917},"geometry":{"type":"LineString","coordinates":[[-0.7162173,51.2408178],[-0.7185249,51.2402611],[-0.7187193,51.2401939]]}},
{"type":"Feature","properties":{"id":73105,"nach":0.5277448213677316},"geometry":{"type":"LineString","coordinates":[[-0.7212978,51.2392639],[-0.7214113,51.2393475]]}},
{"type":"Feature","properties":{"id":73106,"nach":0.52446514302641445},"geometry":{"type":"LineString","coordinates":[[-0.7212978,51.2392639],[-0.7219569,51.2389802],[-0.7231196,51.2384535]]}},
{"type":"Feature","properties":{"id":93019,"nach":0.44092613975042799},"geometry":{"type":"LineString","coordinates":[[-0.718458,51.239704],[-0.7190053,51.2395877]]}},
{"type":"Feature","properties":{"id":93023,"nach":0.51786111608784702},"geometry":{"type":"LineString","coordinates":[[-0.7182996,51.239532300000015],[-0.7184138,51.2395288],[-0.7188624,51.2395294],[-0.7190053,51.2395877]]}},
{"type":"Feature","properties":{"id":53175,"nach":0.58466691058559961},"geometry":{"type":"LineString","coordinates":[[-0.7187755,51.2402874],[-0.7186755,51.2403161]]}},
{"type":"Feature","properties":{"id":15960,"nach":0.53759897486832564},"geometry":{"type":"LineString","coordinates":[[-0.7208423,51.2395785],[-0.7214113,51.2393475]]}},
{"type":"Feature","properties":{"id":90286,"nach":0.55878888577966601},"geometry":{"type":"LineString","coordinates":[[-0.7209905,51.2397838],[-0.7209698,51.2397551],[-0.7209347,51.2397065],[-0.7208423,51.2395785]]}},
{"type":"Feature","properties":{"id":75620,"nach":0.66805933242463555},"geometry":{"type":"LineString","coordinates":[[-0.7288529,51.2390057],[-0.7291362,51.2390039],[-0.7297359,51.2389986],[-0.7298555,51.238987900000012]]}},
{"type":"Feature","properties":{"id":15958,"nach":0.50764291078280999},"geometry":{"type":"LineString","coordinates":[[-0.7214113,51.2393475],[-0.7229928,51.2391989]]}},
{"type":"Feature","properties":{"id":80375,"nach":0.590057947149777},"geometry":{"type":"LineString","coordinates":[[-0.7230689,51.2391965],[-0.7229928,51.2391989]]}},
{"type":"Feature","properties":{"id":28932,"nach":0.56339825258149578},"geometry":{"type":"LineString","coordinates":[[-0.7231196,51.2384535],[-0.72308930000001,51.23864540000001],[-0.7229928,51.2391989]]}},
{"type":"Feature","properties":{"id":80376,"nach":0.5883831166580612},"geometry":{"type":"LineString","coordinates":[[-0.7230689,51.2391965],[-0.7242947,51.2391571],[-0.7248218,51.2391429]]}},
{"type":"Feature","properties":{"id":80380,"nach":0.5740681163988679},"geometry":{"type":"LineString","coordinates":[[-0.7231021,51.239499600000023],[-0.7230896,51.239385599999984],[-0.7230843,51.2393368],[-0.7230689,51.2391965]]}},
{"type":"Feature","properties":{"id":63304,"nach":0.43389605303367973},"geometry":{"type":"LineString","coordinates":[[-0.728337,51.2358352],[-0.7282182,51.2358646],[-0.72698950000001,51.2365408],[-0.7258419,51.237111],[-0.7237551,51.2381472],[-0.7231196,51.2384535]]}},
{"type":"Feature","properties":{"id":73274,"nach":0.58780001781405855},"geometry":{"type":"LineString","coordinates":[[-0.7230028,51.2382234],[-0.7230675,51.2383508],[-0.7231196,51.2384535]]}},
{"type":"Feature","properties":{"id":90288,"nach":0.42736821337327902},"geometry":{"type":"LineString","coordinates":[[-0.7209905,51.2397838],[-0.7211913,51.2397367],[-0.7214693,51.2396147],[-0.7216038,51.2395826],[-0.7216875,51.2395822],[-0.7218434,51.239581400000013],[-0.7219677,51.2396067]]}},
{"type":"Feature","properties":{"id":90287,"nach":0.55212649611310427},"geometry":{"type":"LineString","coordinates":[[-0.7209905,51.2397838],[-0.7213488,51.24028],[-0.7213638,51.2403008]]}},
{"type":"Feature","properties":{"id":75619,"nach":0.66325233612703938},"geometry":{"type":"LineString","coordinates":[[-0.7288529,51.2390057],[-0.7283513,51.23899830000002]]}},
{"type":"Feature","properties":{"id":75621,"nach":0.5291152201803313},"geometry":{"type":"LineString","coordinates":[[-0.7288529,51.2390057],[-0.7288506,51.238913599999989],[-0.7288848,51.2387361],[-0.7289392,51.2386464]]}},
{"type":"Feature","properties":{"id":73091,"nach":0.60018199137742079},"geometry":{"type":"LineString","coordinates":[[-0.7180289,51.2422576],[-0.7179845,51.2423496]]}},
{"type":"Feature","properties":{"id":73095,"nach":0.58525809291309494},"geometry":{"type":"LineString","coordinates":[[-0.717783,51.2427553],[-0.7179845,51.2423496]]}},
{"type":"Feature","properties":{"id":102114,"nach":0.55123915918356381},"geometry":{"type":"LineString","coordinates":[[-0.7177624,51.242300900000011],[-0.7178711,51.2423247],[-0.7179845,51.2423496]]}},
{"type":"Feature","properties":{"id":91769,"nach":0.42516039565299385},"geometry":{"type":"LineString","coordinates":[[-0.7182495,51.24237560000001],[-0.7181383,51.2423803],[-0.7179845,51.2423496]]}},
{"type":"Feature","properties":{"id":73099,"nach":0.59943318310811355},"geometry":{"type":"LineString","coordinates":[[-0.7183304,51.2416392],[-0.7180289,51.2422576]]}},
{"type":"Feature","properties":{"id":73094,"nach":0.41184028520838351},"geometry":{"type":"LineString","coordinates":[[-0.7192928,51.24206430000001],[-0.7185247,51.2422015],[-0.7183118,51.2422529],[-0.7181171,51.2422658],[-0.7180289,51.2422576]]}},
{"type":"Feature","properties":{"id":73097,"nach":0.42162162645454815},"geometry":{"type":"LineString","coordinates":[[-0.717783,51.2427553],[-0.718523,51.242877],[-0.718508,51.242914]]}},
{"type":"Feature","properties":{"id":91774,"nach":0.58856582780905364},"geometry":{"type":"LineString","coordinates":[[-0.7176179,51.243106400000016],[-0.717783,51.2427553]]}},
{"type":"Feature","properties":{"id":102113,"nach":0.54135663973063841},"geometry":{"type":"LineString","coordinates":[[-0.7177624,51.242300900000011],[-0.7176605,51.2422785]]}},
{"type":"Feature","properties":{"id":102117,"nach":0.0},"geometry":{"type":"LineString","coordinates":[[-0.7158829,51.2422773],[-0.7161499,51.24158820000001],[-0.7162981,51.2415107],[-0.7171921,51.2416289],[-0.7173174,51.2416993],[-0.7174428,51.2419562],[-0.7175552,51.2420224],[-0.7177624,51.242300900000011]]}},
{"type":"Feature","properties":{"id":92298,"nach":0.55564836322883437},"geometry":{"type":"LineString","coordinates":[[-0.7284235,51.2362461],[-0.727626,51.2366981],[-0.7269628,51.2370562],[-0.726809,51.2371386],[-0.7267425,51.2372121],[-0.7266791,51.2372738],[-0.7265962,51.2373149]]}},
{"type":"Feature","properties":{"id":17502,"nach":0.63048489072979097},"geometry":{"type":"LineString","coordinates":[[-0.7232964,51.2433517],[-0.7237851,51.2432076]]}},
{"type":"Feature","properties":{"id":90768,"nach":0.63648113644830739},"geometry":{"type":"LineString","coordinates":[[-0.7235967,51.24274590000001],[-0.7236571,51.2428362],[-0.723551,51.2428598],[-0.7237508,51.2431677],[-0.7237851,51.2432076]]}},
{"type":"Feature","properties":{"id":17507,"nach":0.57630180743257187},"geometry":{"type":"LineString","coordinates":[[-0.7245524,51.2443242],[-0.7241165,51.2436211],[-0.723995,51.2435208],[-0.7239033,51.2433914],[-0.7238139,51.2432411],[-0.7237851,51.2432076]]}},
{"type":"Feature","properties":{"id":75532,"nach":0.54173240522615396},"geometry":{"type":"LineString","coordinates":[[-0.7262448,51.2425243],[-0.7260165,51.2426417],[-0.7258333,51.242748399999989],[-0.7256532,51.242832800000016],[-0.7254523,51.242897],[-0.7252697,51.2429473],[-0.7250888,51.2429948],[-0.7249053,51.2430252],[-0.7247146,51.2430484],[-0.724541,51.2430667],[-0.7242502,51.2431031],[-0.724067,51.2431366],[-0.7237851,51.2432076]]}},
{"type":"Feature","properties":{"id":17510,"nach":0.51955349156037689},"geometry":{"type":"LineString","coordinates":[[-0.72361010000001,51.24383],[-0.7232964,51.2433517]]}},
{"type":"Feature","properties":{"id":75594,"nach":0.62248273953155553},"geometry":{"type":"LineString","coordinates":[[-0.7225222,51.2436915],[-0.7225281,51.2436736],[-0.7225733,51.2436158],[-0.7226444,51.243561],[-0.722718,51.2435166],[-0.7228522,51.2434706],[-0.7232964,51.2433517]]}},
{"type":"Feature","properties":{"id":90769,"nach":0.58555211256469608},"geometry":{"type":"LineString","coordinates":[[-0.7235967,51.24274590000001],[-0.7236745,51.2427077],[-0.7239057,51.2426109]]}},
{"type":"Feature","properties":{"id":90767,"nach":0.60956125378999337},"geometry":{"type":"LineString","coordinates":[[-0.7235967,51.24274590000001],[-0.723579,51.242725500000013],[-0.7232422,51.2423365]]}},
{"type":"Feature","properties":{"id":75526,"nach":0.56451478696732071},"geometry":{"type":"LineString","coordinates":[[-0.7242943,51.244346],[-0.7245162,51.2443273],[-0.7245524,51.2443242]]}},
{"type":"Feature","properties":{"id":91170,"nach":0.60685199010565904},"geometry":{"type":"LineString","coordinates":[[-0.72504540000001,51.2453852],[-0.724987,51.245166500000011],[-0.7248254,51.2448165],[-0.7245524,51.2443242]]}},
{"type":"Feature","properties":{"id":75531,"nach":0.52368298758225307},"geometry":{"type":"LineString","coordinates":[[-0.7262448,51.2425243],[-0.7262869,51.2425529],[-0.7263311,51.242612199999989],[-0.7264583,51.2427226],[-0.7265466,51.2429062],[-0.7265952,51.2430055]]}},
{"type":"Feature","properties":{"id":75534,"nach":0.57327072906029197},"geometry":{"type":"LineString","coordinates":[[-0.726826,51.2423432],[-0.7267294,51.2423726],[-0.7266475,51.2423887],[-0.7265639,51.2424009],[-0.7264764,51.2424208],[-0.7263801,51.2424597],[-0.7262448,51.2425243]]}},
{"type":"Feature","properties":{"id":75538,"nach":0.65175280960598059},"geometry":{"type":"LineString","coordinates":[[-0.7273745,51.2422626],[-0.7274514,51.2422681],[-0.7275318,51.24227530000001],[-0.727693,51.242275],[-0.7286134,51.242224700000016],[-0.7288101,51.2422184],[-0.7289378,51.2422384],[-0.7291785,51.2422651],[-0.7292848,51.2422732]]}},
{"type":"Feature","properties":{"id":90413,"nach":0.53243028861582742},"geometry":{"type":"LineString","coordinates":[[-0.7267176,51.2359127],[-0.7265556,51.2359999],[-0.7255796,51.2365249],[-0.72553180000001,51.2365506],[-0.7254396,51.2366009],[-0.725395,51.2366161],[-0.7253505,51.236625600000011]]}},
{"type":"Feature","properties":{"id":90415,"nach":0.0},"geometry":{"type":"LineString","coordinates":[[-0.725438,51.236686499999983],[-0.7255242,51.2367464],[-0.7268932,51.236037599999989],[-0.7267176,51.2359127]]}},
{"type":"Feature","properties":{"id":17321,"nach":0.4024429354832682},"geometry":{"type":"LineString","coordinates":[[-0.7245946,51.2363427],[-0.7249071,51.2365765]]}},
{"type":"Feature","properties":{"id":90418,"nach":0.478903896338919},"geometry":{"type":"LineString","coordinates":[[-0.7247517,51.2366218],[-0.7247963,51.2366205],[-0.7248551,51.2366011],[-0.7249071,51.2365765]]}},
{"type":"Feature","properties":{"id":78573,"nach":0.50454852657189253},"geometry":{"type":"LineString","coordinates":[[-0.7253505,51.236625600000011],[-0.725273,51.2366385],[-0.7251954,51.2366427],[-0.7251237,51.2366393],[-0.7250588,51.2366323],[-0.7250074,51.2366197],[-0.7249674,51.2366042],[-0.7249071,51.2365765]]}},
{"type":"Feature","properties":{"id":17436,"nach":0.4320624692886435},"geometry":{"type":"LineString","coordinates":[[-0.7245353,51.236575499999987],[-0.7245089,51.2365319],[-0.7244962,51.2364969],[-0.7244949,51.23643],[-0.724528,51.2363864],[-0.7245946,51.2363427]]}},
{"type":"Feature","properties":{"id":78557,"nach":0.4561300044248629},"geometry":{"type":"LineString","coordinates":[[-0.7255608,51.2355024],[-0.7251841,51.2357034],[-0.7246107,51.2360095],[-0.7245691,51.2360451],[-0.7245345,51.2360867],[-0.724522,51.236127],[-0.7245125,51.2361688],[-0.7245182,51.2362174],[-0.72453,51.2362636],[-0.7245577,51.2363079],[-0.7245946,51.2363427]]}},
{"type":"Feature","properties":{"id":90419,"nach":0.0},"geometry":{"type":"LineString","coordinates":[[-0.7247517,51.2366218],[-0.7250883,51.2368603],[-0.725438,51.236686499999983]]}},
{"type":"Feature","properties":{"id":90421,"nach":0.46947263225603386},"geometry":{"type":"LineString","coordinates":[[-0.7246595,51.2366222],[-0.7247096,51.236623],[-0.7247517,51.2366218]]}},
{"type":"Feature","properties":{"id":90414,"nach":0.41752294636093074},"geometry":{"type":"LineString","coordinates":[[-0.725438,51.236686499999983],[-0.7253505,51.236625600000011]]}},
{"type":"Feature","properties":{"id":90420,"nach":0.45905267196728611},"geometry":{"type":"LineString","coordinates":[[-0.7246595,51.2366222],[-0.7245917,51.2366031],[-0.7245353,51.236575499999987]]}},
{"type":"Feature","properties":{"id":17439,"nach":0.43414184683378054},"geometry":{"type":"LineString","coordinates":[[-0.723837,51.236944800000011],[-0.7240146,51.2368509],[-0.7244151,51.2366391],[-0.7245353,51.236575499999987]]}},
{"type":"Feature","properties":{"id":78559,"nach":0.46543458573612523},"geometry":{"type":"LineString","coordinates":[[-0.7252093,51.2348905],[-0.7251812,51.2349004],[-0.7251148,51.234936200000014],[-0.7247788,51.2351244],[-0.72444,51.2353086],[-0.7242035,51.2354394],[-0.7241276,51.235386],[-0.7236903,51.2356306],[-0.7236094,51.2355814]]}},
{"type":"Feature","properties":{"id":93774,"nach":0.49509146256221565},"geometry":{"type":"LineString","coordinates":[[-0.7236702,51.2350798],[-0.7236212,51.2354157],[-0.7236094,51.2355814]]}},
{"type":"Feature","properties":{"id":90727,"nach":0.52431606866778568},"geometry":{"type":"LineString","coordinates":[[-0.7233406,51.2369512],[-0.7235539,51.2356295],[-0.7235647,51.2356205],[-0.7236094,51.2355814]]}},
{"type":"Feature","properties":{"id":90728,"nach":0.57399532986968771},"geometry":{"type":"LineString","coordinates":[[-0.7233406,51.2369512],[-0.7233442,51.237074100000015],[-0.7233363,51.237095600000011]]}},
{"type":"Feature","properties":{"id":91145,"nach":0.54463308368003804},"geometry":{"type":"LineString","coordinates":[[-0.7229171,51.2367254],[-0.723203,51.2368886],[-0.7233406,51.2369512]]}},
{"type":"Feature","properties":{"id":90422,"nach":0.0},"geometry":{"type":"LineString","coordinates":[[-0.7246595,51.2366222],[-0.7239577,51.2369996],[-0.7238282,51.2370405],[-0.723837,51.236944800000011]]}},
{"type":"Feature","properties":{"id":17442,"nach":0.38592013313884921},"geometry":{"type":"LineString","coordinates":[[-0.7234644,51.2368303],[-0.7236209,51.2368375],[-0.7236827,51.2368403],[-0.7237171,51.2368636],[-0.723837,51.236944800000011]]}},
{"type":"Feature","properties":{"id":80349,"nach":0.54224393288913364},"geometry":{"type":"LineString","coordinates":[[-0.7252723,51.240973899999986],[-0.725325,51.2409782],[-0.7254178,51.240981],[-0.7254897,51.2409905],[-0.7263434,51.2414166],[-0.7267439,51.2416429],[-0.7270387,51.2417195],[-0.7273662,51.2417358],[-0.7283141,51.2418127],[-0.7289826,51.241844],[-0.7292069,51.2418439],[-0.7292878,51.2418432]]}},
{"type":"Feature","properties":{"id":75539,"nach":0.46252971046008257},"geometry":{"type":"LineString","coordinates":[[-0.7273745,51.2422626],[-0.7273691,51.2423104],[-0.7273717,51.24235920000001],[-0.7273694,51.2425748],[-0.727401,51.2427172],[-0.7274849,51.242853500000024]]}},
{"type":"Feature","properties":{"id":75543,"nach":0.64936505499955166},"geometry":{"type":"LineString","coordinates":[[-0.7269219,51.2422035],[-0.7271894,51.242246800000011],[-0.7273105,51.242258100000015],[-0.7273745,51.2422626]]}},
{"type":"Feature","properties":{"id":66501,"nach":0.44515767173072268},"geometry":{"type":"LineString","coordinates":[[-0.7279129,51.239292],[-0.7279545,51.2392778],[-0.7280311,51.2392728],[-0.7281142,51.2392749],[-0.7281962,51.2392782],[-0.7282665,51.2392879],[-0.7283676,51.239297],[-0.7284347,51.2393015],[-0.7284991,51.2393102],[-0.728565,51.2393164],[-0.7286606,51.2393254],[-0.72885,51.2393375]]}},
{"type":"Feature","properties":{"id":17513,"nach":0.44524466577252059},"geometry":{"type":"LineString","coordinates":[[-0.7240631,51.2437173],[-0.72361010000001,51.24383]]}},
{"type":"Feature","properties":{"id":91192,"nach":0.44162602900133024},"geometry":{"type":"LineString","coordinates":[[-0.7232952,51.2441728],[-0.7235226,51.2441172],[-0.7235204,51.2440273],[-0.7235388,51.2438459],[-0.72361010000001,51.24383]]}},
{"type":"Feature","properties":{"id":75593,"nach":0.61862375425676386},"geometry":{"type":"LineString","coordinates":[[-0.7225222,51.2436915],[-0.7225018,51.243753399999989],[-0.722502,51.2438488],[-0.7225165,51.2439022],[-0.7225787,51.243993],[-0.7226028,51.2440221],[-0.7226259,51.2440506],[-0.7226421,51.24409],[-0.7226416,51.2441219]]}},
{"type":"Feature","properties":{"id":75592,"nach":0.5241271178531336},"geometry":{"type":"LineString","coordinates":[[-0.7225222,51.2436915],[-0.7224322,51.2436785],[-0.7223678,51.2436718],[-0.7223061,51.243668400000011],[-0.7222391,51.2436768],[-0.7221479,51.243695300000013],[-0.7218531,51.2437992]]}},
{"type":"Feature","properties":{"id":18990,"nach":0.49100081694515674},"geometry":{"type":"LineString","coordinates":[[-0.7214697,51.2456887],[-0.7210498,51.245004499999986]]}},
{"type":"Feature","properties":{"id":19004,"nach":0.59613983345288346},"geometry":{"type":"LineString","coordinates":[[-0.7201681,51.2451625],[-0.7202836,51.2451596],[-0.7203894,51.2451546],[-0.7205159,51.2451319],[-0.7206552,51.2451044],[-0.7209829,51.2450202],[-0.7210498,51.245004499999986]]}},
{"type":"Feature","properties":{"id":75596,"nach":0.60830958489879305},"geometry":{"type":"LineString","coordinates":[[-0.7208953,51.244696],[-0.7208953,51.2447481],[-0.7210498,51.245004499999986]]}},
{"type":"Feature","properties":{"id":85155,"nach":0.49167049386650502},"geometry":{"type":"LineString","coordinates":[[-0.7216632,51.245956199999981],[-0.7214697,51.2456887]]}},
{"type":"Feature","properties":{"id":18995,"nach":0.49241694019709792},"geometry":{"type":"LineString","coordinates":[[-0.7207206,51.2457707],[-0.721165,51.2457502],[-0.7214697,51.2456887]]}},
{"type":"Feature","properties":{"id":82137,"nach":0.60326740615432328},"geometry":{"type":"LineString","coordinates":[[-0.7200688,51.2451653],[-0.7201681,51.2451625]]}},
{"type":"Feature","properties":{"id":77903,"nach":0.44266492406281738},"geometry":{"type":"LineString","coordinates":[[-0.719972,51.244828],[-0.7201454,51.2450947],[-0.7201681,51.2451625]]}},
{"type":"Feature","properties":{"id":75598,"nach":0.61334539444193981},"geometry":{"type":"LineString","coordinates":[[-0.7209027,51.244666900000013],[-0.7208953,51.244696]]}},
{"type":"Feature","properties":{"id":77904,"nach":0.42685710250780484},"geometry":{"type":"LineString","coordinates":[[-0.719972,51.244828],[-0.7203608,51.2447488],[-0.7205754,51.2447057],[-0.7207708,51.2446585],[-0.7208953,51.244696]]}},
{"type":"Feature","properties":{"id":75527,"nach":0.55100490086171383},"geometry":{"type":"LineString","coordinates":[[-0.7242943,51.244346],[-0.7240717,51.2443964],[-0.7237699,51.2444921],[-0.7236198,51.2445374],[-0.7233515,51.2445953],[-0.722968,51.2446659],[-0.722922,51.2446739]]}},
{"type":"Feature","properties":{"id":91886,"nach":0.46046599855022413},"geometry":{"type":"LineString","coordinates":[[-0.72426720000001,51.2442865],[-0.7242943,51.244346]]}},
{"type":"Feature","properties":{"id":91171,"nach":0.61400163469646507},"geometry":{"type":"LineString","coordinates":[[-0.72504540000001,51.2453852],[-0.7250639,51.2454511],[-0.7251036,51.2455926],[-0.7251896,51.245747700000024],[-0.7252352,51.2457825]]}},
{"type":"Feature","properties":{"id":91172,"nach":0.4679498467047733},"geometry":{"type":"LineString","coordinates":[[-0.72504540000001,51.2453852],[-0.7252587,51.245364],[-0.7254162,51.2452476]]}},
{"type":"Feature","properties":{"id":61212,"nach":0.6211250120766455},"geometry":{"type":"LineString","coordinates":[[-0.7226416,51.2441219],[-0.7226193,51.2441523]]}},
{"type":"Feature","properties":{"id":75541,"nach":0.61879868286415218},"geometry":{"type":"LineString","coordinates":[[-0.7217497,51.244457],[-0.7218997,51.2444182],[-0.7220407,51.2443769],[-0.7221476,51.2443426],[-0.7222953,51.2442846],[-0.7224385,51.2442326],[-0.7225226,51.2442066],[-0.7225608,51.2441934],[-0.7225942,51.2441721],[-0.7226193,51.2441523]]}},
{"type":"Feature","properties":{"id":75520,"nach":0.62530434878889396},"geometry":{"type":"LineString","coordinates":[[-0.722922,51.2446739],[-0.7228053,51.24447330000001],[-0.7227497,51.2443069],[-0.722696,51.2442129],[-0.7226746,51.2441894],[-0.7226193,51.2441523]]}},
{"type":"Feature","properties":{"id":73866,"nach":0.45395071352720434},"geometry":{"type":"LineString","coordinates":[[-0.7231141,51.2439953],[-0.7227334,51.2441043],[-0.7226416,51.2441219]]}},
{"type":"Feature","properties":{"id":75542,"nach":0.50103872044699527},"geometry":{"type":"LineString","coordinates":[[-0.7217497,51.244457],[-0.7217796,51.2444942],[-0.7222743,51.2453472]]}},
{"type":"Feature","properties":{"id":105458,"nach":0.61308432363591514},"geometry":{"type":"LineString","coordinates":[[-0.721683,51.2444657],[-0.7217497,51.244457]]}},
{"type":"Feature","properties":{"id":75524,"nach":0.60547439554023563},"geometry":{"type":"LineString","coordinates":[[-0.7232279,51.245293899999986],[-0.7231328,51.2450466],[-0.7230367,51.2448613],[-0.722922,51.2446739]]}},
{"type":"Feature","properties":{"id":102183,"nach":0.65106256915600291},"geometry":{"type":"LineString","coordinates":[[-0.7235984,51.246169400000014],[-0.723521,51.2461817]]}},
{"type":"Feature","properties":{"id":75529,"nach":0.61683613660202485},"geometry":{"type":"LineString","coordinates":[[-0.7233599,51.2455353],[-0.7234333,51.2457312],[-0.7234545,51.2458849],[-0.7234982,51.2460982],[-0.7235154,51.2461426],[-0.723521,51.2461817]]}},
{"type":"Feature","properties":{"id":42561,"nach":0.63274618238392299},"geometry":{"type":"LineString","coordinates":[[-0.7230829,51.246297],[-0.7232835,51.2462337],[-0.723521,51.2461817]]}},
{"type":"Feature","properties":{"id":102184,"nach":0.62811001835811153},"geometry":{"type":"LineString","coordinates":[[-0.7235984,51.246169400000014],[-0.723647,51.2461617]]}},
{"type":"Feature","properties":{"id":102185,"nach":0.57021944511089606},"geometry":{"type":"LineString","coordinates":[[-0.7235984,51.246169400000014],[-0.7236451,51.2462561],[-0.7236449,51.2462752],[-0.7236446,51.2462953],[-0.7236444,51.246314900000016],[-0.7238448,51.2465521],[-0.7239067,51.2465827],[-0.7240544,51.2467824]]}},
{"type":"Feature","properties":{"id":75528,"nach":0.45659980836218256},"geometry":{"type":"LineString","coordinates":[[-0.7233599,51.2455353],[-0.7235013,51.2455007]]}},
{"type":"Feature","properties":{"id":75530,"nach":0.61337152870170675},"geometry":{"type":"LineString","coordinates":[[-0.7233599,51.2455353],[-0.7232536,51.2453748],[-0.723231,51.245300200000017],[-0.7232279,51.245293899999986]]}},
{"type":"Feature","properties":{"id":42560,"nach":0.51888547906259985},"geometry":{"type":"LineString","coordinates":[[-0.7230829,51.246297],[-0.7228138,51.2461219],[-0.7226909,51.2459547],[-0.7225991,51.24581340000001]]}},
{"type":"Feature","properties":{"id":42564,"nach":0.62325390773488509},"geometry":{"type":"LineString","coordinates":[[-0.722824,51.2463812],[-0.7230829,51.246297]]}},
{"type":"Feature","properties":{"id":17524,"nach":0.42767505731056332},"geometry":{"type":"LineString","coordinates":[[-0.7222029,51.2453995],[-0.7222743,51.2453472]]}},
{"type":"Feature","properties":{"id":17523,"nach":0.42703183821715468},"geometry":{"type":"LineString","coordinates":[[-0.7224026,51.2453653],[-0.7222743,51.2453472]]}},
{"type":"Feature","properties":{"id":17688,"nach":0.66129564672589269},"geometry":{"type":"LineString","coordinates":[[-0.7242713,51.2460412],[-0.7244783,51.2459968]]}},
{"type":"Feature","properties":{"id":17528,"nach":0.66057776003644597},"geometry":{"type":"LineString","coordinates":[[-0.7250734,51.2458309],[-0.7244783,51.2459968]]}},
{"type":"Feature","properties":{"id":17527,"nach":0.44301590231156684},"geometry":{"type":"LineString","coordinates":[[-0.7244783,51.2459968],[-0.7244812,51.2459234],[-0.7244864,51.2458243],[-0.7245327,51.2458099]]}},
{"type":"Feature","properties":{"id":17687,"nach":0.65715851561194782},"geometry":{"type":"LineString","coordinates":[[-0.7242713,51.2460412],[-0.723647,51.2461617]]}},
{"type":"Feature","properties":{"id":17689,"nach":0.53734182559899735},"geometry":{"type":"LineString","coordinates":[[-0.7241945,51.2458967],[-0.7242713,51.2460412]]}},
{"type":"Feature","properties":{"id":75311,"nach":0.48714734771832019},"geometry":{"type":"LineString","coordinates":[[-0.7245327,51.2458099],[-0.7246715,51.2457737],[-0.7247898,51.2457413],[-0.7249102,51.2457084],[-0.7250162,51.2457842],[-0.7250734,51.2458309]]}},
{"type":"Feature","properties":{"id":75312,"nach":0.46522257357167301},"geometry":{"type":"LineString","coordinates":[[-0.7243934,51.245596],[-0.7245327,51.2458099]]}},
{"type":"Feature","properties":{"id":85158,"nach":0.44473742631181706},"geometry":{"type":"LineString","coordinates":[[-0.7223707,51.24586],[-0.7225991,51.24581340000001]]}},
{"type":"Feature","properties":{"id":85157,"nach":0.4449005012779696},"geometry":{"type":"LineString","coordinates":[[-0.7227986,51.2457638],[-0.7225991,51.24581340000001]]}},
{"type":"Feature","properties":{"id":42562,"nach":0.44916694283782432},"geometry":{"type":"LineString","coordinates":[[-0.722824,51.2463812],[-0.7231456,51.2468304]]}},
{"type":"Feature","properties":{"id":91207,"nach":0.61853172563783276},"geometry":{"type":"LineString","coordinates":[[-0.7225861,51.246446700000014],[-0.722824,51.2463812]]}},
{"type":"Feature","properties":{"id":104066,"nach":0.59889173092340886},"geometry":{"type":"LineString","coordinates":[[-0.7240709,51.246725900000015],[-0.7237164,51.2463007],[-0.723647,51.2461617]]}},
{"type":"Feature","properties":{"id":104067,"nach":0.59106914548653966},"geometry":{"type":"LineString","coordinates":[[-0.7240709,51.246725900000015],[-0.7240555,51.2467638],[-0.7240544,51.2467824]]}},
{"type":"Feature","properties":{"id":104068,"nach":0.44876114283087964},"geometry":{"type":"LineString","coordinates":[[-0.7240709,51.246725900000015],[-0.7241309,51.246757199999983],[-0.7244167,51.246894400000016]]}},
{"type":"Feature","properties":{"id":75428,"nach":0.45273235577140492},"geometry":{"type":"LineString","coordinates":[[-0.7265952,51.2430055],[-0.7266239,51.2430611]]}},
{"type":"Feature","properties":{"id":75429,"nach":0.44392545806024292},"geometry":{"type":"LineString","coordinates":[[-0.7265952,51.2430055],[-0.7259386,51.2431122]]}},
{"type":"Feature","properties":{"id":17618,"nach":0.43794458634571137},"geometry":{"type":"LineString","coordinates":[[-0.717148,51.2434484],[-0.7175669,51.2434283]]}},
{"type":"Feature","properties":{"id":91773,"nach":0.60344526638574214},"geometry":{"type":"LineString","coordinates":[[-0.7176006,51.243184199999988],[-0.7175771,51.2433178],[-0.7175669,51.2434283]]}},
{"type":"Feature","properties":{"id":73127,"nach":0.60897296679113377},"geometry":{"type":"LineString","coordinates":[[-0.7177073,51.2436319],[-0.7176353,51.2435597],[-0.7175953,51.2435146],[-0.7175732,51.2434717],[-0.7175669,51.2434283]]}},
{"type":"Feature","properties":{"id":91771,"nach":0.4271472895116315},"geometry":{"type":"LineString","coordinates":[[-0.7176006,51.243184199999988],[-0.7185363,51.2433174]]}},
{"type":"Feature","properties":{"id":91776,"nach":0.59908408323165574},"geometry":{"type":"LineString","coordinates":[[-0.7176179,51.243106400000016],[-0.7176121,51.24311860000001],[-0.7176006,51.243184199999988]]}},
{"type":"Feature","properties":{"id":79055,"nach":0.59123493110680625},"geometry":{"type":"LineString","coordinates":[[-0.7175993,51.2439111],[-0.717594100000011,51.2437769],[-0.7176131,51.2437025],[-0.7176616,51.2436561],[-0.7177073,51.2436319]]}},
{"type":"Feature","properties":{"id":91751,"nach":0.52655636420160523},"geometry":{"type":"LineString","coordinates":[[-0.7178865,51.2436139],[-0.7178162,51.2436098],[-0.7177073,51.2436319]]}},
{"type":"Feature","properties":{"id":79053,"nach":0.63337557834702052},"geometry":{"type":"LineString","coordinates":[[-0.7175993,51.2439111],[-0.7176517,51.2443424]]}},
{"type":"Feature","properties":{"id":65235,"nach":0.65303154267535479},"geometry":{"type":"LineString","coordinates":[[-0.7177032,51.2447683],[-0.7176517,51.2443424]]}},
{"type":"Feature","properties":{"id":17589,"nach":0.60469692123152774},"geometry":{"type":"LineString","coordinates":[[-0.7173802,51.2443415],[-0.7174728,51.24434680000001],[-0.7176517,51.2443424]]}},
{"type":"Feature","properties":{"id":91749,"nach":0.58165994470628302},"geometry":{"type":"LineString","coordinates":[[-0.7178865,51.2436139],[-0.7175993,51.2439111]]}},
{"type":"Feature","properties":{"id":91786,"nach":0.65471256658856092},"geometry":{"type":"LineString","coordinates":[[-0.7177506,51.2451283],[-0.7177032,51.2447683]]}},
{"type":"Feature","properties":{"id":65238,"nach":0.43600914929209239},"geometry":{"type":"LineString","coordinates":[[-0.7190838,51.2446444],[-0.7186031,51.24466],[-0.7185386,51.2446838],[-0.7184683,51.2447036],[-0.7184183,51.2447185],[-0.7183567,51.2447356],[-0.7180604,51.2447577],[-0.7177032,51.2447683]]}},
{"type":"Feature","properties":{"id":91811,"nach":0.44143672759722713},"geometry":{"type":"LineString","coordinates":[[-0.7174166,51.24461560000001],[-0.7173802,51.2443415]]}},
{"type":"Feature","properties":{"id":17591,"nach":0.59226563111884956},"geometry":{"type":"LineString","coordinates":[[-0.7167703,51.2441642],[-0.716903,51.2442144],[-0.7173802,51.2443415]]}},
{"type":"Feature","properties":{"id":91787,"nach":0.60678208769295106},"geometry":{"type":"LineString","coordinates":[[-0.7177506,51.2451283],[-0.7177883,51.2454141]]}},
{"type":"Feature","properties":{"id":17729,"nach":0.61133738528562576},"geometry":{"type":"LineString","coordinates":[[-0.7178427,51.2456223],[-0.7177883,51.2454141]]}},
{"type":"Feature","properties":{"id":91806,"nach":0.6284276893088343},"geometry":{"type":"LineString","coordinates":[[-0.7173637,51.245433],[-0.7177883,51.2454141]]}},
{"type":"Feature","properties":{"id":91788,"nach":0.61268359275949758},"geometry":{"type":"LineString","coordinates":[[-0.7177506,51.2451283],[-0.7178258,51.2451228],[-0.7178881,51.2454035],[-0.717966,51.2455389],[-0.7179754,51.2456142]]}},
{"type":"Feature","properties":{"id":91783,"nach":0.55335840656558044},"geometry":{"type":"LineString","coordinates":[[-0.7179754,51.2456142],[-0.7179098,51.2456185],[-0.7178427,51.2456223]]}},
{"type":"Feature","properties":{"id":91807,"nach":0.62409291499526132},"geometry":{"type":"LineString","coordinates":[[-0.7173637,51.245433],[-0.7170834,51.2454669],[-0.7168504,51.2455532],[-0.7166249,51.2456029],[-0.7164683,51.2456157]]}},
{"type":"Feature","properties":{"id":91810,"nach":0.45413222393292407},"geometry":{"type":"LineString","coordinates":[[-0.7174403,51.2456254],[-0.7173754,51.2454694],[-0.7173637,51.245433]]}},
{"type":"Feature","properties":{"id":17576,"nach":0.62123088854497399},"geometry":{"type":"LineString","coordinates":[[-0.7163905,51.2453895],[-0.7164683,51.2456157]]}},
{"type":"Feature","properties":{"id":91809,"nach":0.45178322026883005},"geometry":{"type":"LineString","coordinates":[[-0.7164863,51.2457208],[-0.7164683,51.2456157]]}},
{"type":"Feature","properties":{"id":17580,"nach":0.61836945258803333},"geometry":{"type":"LineString","coordinates":[[-0.715543,51.2454387],[-0.7163905,51.2453895]]}},
{"type":"Feature","properties":{"id":91800,"nach":0.51634915629423406},"geometry":{"type":"LineString","coordinates":[[-0.716335,51.2451013],[-0.716348,51.2451666],[-0.7163823,51.2453385],[-0.7163905,51.2453895]]}},
{"type":"Feature","properties":{"id":91805,"nach":0.51353990081623246},"geometry":{"type":"LineString","coordinates":[[-0.7153867,51.2451821],[-0.7153986,51.2452792],[-0.7154453,51.2453453],[-0.715543,51.2454387]]}},
{"type":"Feature","properties":{"id":91799,"nach":0.4425951792138999},"geometry":{"type":"LineString","coordinates":[[-0.716335,51.2451013],[-0.7163042,51.2449631]]}},
{"type":"Feature","properties":{"id":91801,"nach":0.4425951792138999},"geometry":{"type":"LineString","coordinates":[[-0.7165789,51.2450745],[-0.716335,51.2451013]]}},
{"type":"Feature","properties":{"id":91803,"nach":0.44065050860607946},"geometry":{"type":"LineString","coordinates":[[-0.7153867,51.2451821],[-0.7153784,51.2451149]]}},
{"type":"Feature","properties":{"id":91804,"nach":0.43906551556387385},"geometry":{"type":"LineString","coordinates":[[-0.7153867,51.2451821],[-0.7156173,51.2451673]]}},
{"type":"Feature","properties":{"id":17593,"nach":0.5740508744858186},"geometry":{"type":"LineString","coordinates":[[-0.7167127,51.2439288],[-0.7167703,51.2441642]]}},
{"type":"Feature","properties":{"id":17615,"nach":0.50356808419920762},"geometry":{"type":"LineString","coordinates":[[-0.7165963,51.2443767],[-0.7166774,51.2442776],[-0.7167703,51.2441642]]}},
{"type":"Feature","properties":{"id":17596,"nach":0.56865900058046548},"geometry":{"type":"LineString","coordinates":[[-0.7166959,51.2438219],[-0.7167307,51.243824100000012],[-0.716756,51.243832800000014],[-0.7167753,51.2438462],[-0.7167864,51.2438629],[-0.7167881,51.2438809],[-0.7167803,51.2438983],[-0.7167637,51.2439131],[-0.7167403,51.2439237],[-0.7167127,51.2439288]]}},
{"type":"Feature","properties":{"id":17617,"nach":0.42995924844707989},"geometry":{"type":"LineString","coordinates":[[-0.716332,51.2443174],[-0.7165963,51.2443767]]}},
{"type":"Feature","properties":{"id":17616,"nach":0.42935123364281713},"geometry":{"type":"LineString","coordinates":[[-0.7165966,51.2445769],[-0.7165963,51.2443767]]}},
{"type":"Feature","properties":{"id":17604,"nach":0.56370152127019157},"geometry":{"type":"LineString","coordinates":[[-0.7166443,51.2436237],[-0.7166959,51.2438219]]}},
{"type":"Feature","properties":{"id":17605,"nach":0.54712271162958015},"geometry":{"type":"LineString","coordinates":[[-0.7166443,51.2436237],[-0.7166619,51.2434441],[-0.7166373,51.2433495],[-0.7165576,51.2432543],[-0.7165126,51.2431267]]}},
{"type":"Feature","properties":{"id":17608,"nach":0.48968690384150038},"geometry":{"type":"LineString","coordinates":[[-0.7160747,51.2437323],[-0.7161449,51.2436856],[-0.7162947,51.2436495],[-0.7163822,51.2436364],[-0.7164747,51.2436225],[-0.7166443,51.2436237]]}},
{"type":"Feature","properties":{"id":17599,"nach":0.40879294525138082},"geometry":{"type":"LineString","coordinates":[[-0.7163787,51.2430147],[-0.7162864,51.2430308],[-0.715663,51.2432356]]}},
{"type":"Feature","properties":{"id":17603,"nach":0.53478785697078435},"geometry":{"type":"LineString","coordinates":[[-0.7165126,51.2431267],[-0.716456,51.2430479],[-0.7163787,51.2430147]]}},
{"type":"Feature","properties":{"id":102090,"nach":0.52907988949823082},"geometry":{"type":"LineString","coordinates":[[-0.7163637,51.242886],[-0.7164211,51.24296],[-0.7163787,51.2430147]]}},
{"type":"Feature","properties":{"id":17610,"nach":0.48982044006387898},"geometry":{"type":"LineString","coordinates":[[-0.7166715,51.2430742],[-0.7165126,51.2431267]]}},
{"type":"Feature","properties":{"id":102089,"nach":0.40460705988758283},"geometry":{"type":"LineString","coordinates":[[-0.7163637,51.242886],[-0.7161109,51.2425604],[-0.7160133,51.2424967],[-0.7159532,51.2424129],[-0.7159339,51.24231480000001]]}},
{"type":"Feature","properties":{"id":102091,"nach":0.51813560529833425},"geometry":{"type":"LineString","coordinates":[[-0.7163637,51.242886],[-0.7164629,51.2428466],[-0.7166246,51.2427607],[-0.7167795,51.24265470000001],[-0.7168234,51.242617],[-0.7168819,51.2426224],[-0.7169759,51.2426137],[-0.7171607,51.2425587],[-0.7174357,51.2424227],[-0.7176605,51.2422785]]}},
{"type":"Feature","properties":{"id":102118,"nach":0.0},"geometry":{"type":"LineString","coordinates":[[-0.7158829,51.2422773],[-0.7158731,51.2423344],[-0.7157347,51.242471],[-0.715523,51.2425902],[-0.7154155,51.2427493],[-0.7154872,51.2428043],[-0.715466,51.2428451],[-0.7154188,51.2428787],[-0.7154172,51.2429307],[-0.7154432,51.243013300000015],[-0.7155376,51.2430765],[-0.71565,51.243089700000013],[-0.7160245,51.2429858],[-0.7163637,51.242886]]}},
{"type":"Feature","properties":{"id":91795,"nach":0.41612412245636604},"geometry":{"type":"LineString","coordinates":[[-0.7168507,51.2430688],[-0.7167389,51.2430829],[-0.7166715,51.2430742]]}},
{"type":"Feature","properties":{"id":91796,"nach":0.41512179851515651},"geometry":{"type":"LineString","coordinates":[[-0.716595,51.2429324],[-0.7166929,51.2430377],[-0.7166715,51.2430742]]}},
{"type":"Feature","properties":{"id":77672,"nach":0.41229982935000248},"geometry":{"type":"LineString","coordinates":[[-0.7161457,51.2440093],[-0.7161103,51.2439183],[-0.716165,51.2439066],[-0.7160747,51.2437323]]}},
{"type":"Feature","properties":{"id":91797,"nach":0.41734894730725547},"geometry":{"type":"LineString","coordinates":[[-0.715815,51.2437147],[-0.7159845,51.2437343],[-0.7160747,51.2437323]]}},
{"type":"Feature","properties":{"id":45668,"nach":0.45918542959599556},"geometry":{"type":"LineString","coordinates":[[-0.7189745,51.24752],[-0.7195752,51.247567],[-0.7196936,51.2475004]]}},
{"type":"Feature","properties":{"id":45669,"nach":0.64464520937861935},"geometry":{"type":"LineString","coordinates":[[-0.7189745,51.24752],[-0.7189905,51.2474176],[-0.7190308,51.2472262],[-0.7190415,51.2471826],[-0.719063,51.2471288],[-0.7190952,51.2470885],[-0.7191998,51.2470247]]}},
{"type":"Feature","properties":{"id":45667,"nach":0.64449985043987501},"geometry":{"type":"LineString","coordinates":[[-0.7189745,51.24752],[-0.7189137,51.2477841]]}},
{"type":"Feature","properties":{"id":92545,"nach":0.47858233232412101},"geometry":{"type":"LineString","coordinates":[[-0.7225674,51.2480471],[-0.7223661,51.2475733]]}},
{"type":"Feature","properties":{"id":17625,"nach":0.5090650454781549},"geometry":{"type":"LineString","coordinates":[[-0.7233476,51.2475386],[-0.7232317,51.2474861],[-0.7231412,51.2474605],[-0.7230194,51.2474581],[-0.7223661,51.2475733]]}},
{"type":"Feature","properties":{"id":75255,"nach":0.53602611177923609},"geometry":{"type":"LineString","coordinates":[[-0.7202111,51.247953199999984],[-0.721063,51.2478017],[-0.7215583,51.2477175],[-0.7216132,51.247706],[-0.7221079,51.2476188],[-0.7223661,51.2475733]]}},
{"type":"Feature","properties":{"id":92547,"nach":0.54004885132555669},"geometry":{"type":"LineString","coordinates":[[-0.7224745,51.2480616],[-0.7225674,51.2480471]]}},
{"type":"Feature","properties":{"id":92553,"nach":0.55170138349508679},"geometry":{"type":"LineString","coordinates":[[-0.7233538,51.2480954],[-0.7230811,51.2480423],[-0.7228255,51.24805880000001],[-0.7225865,51.2480919],[-0.7225674,51.2480471]]}},
{"type":"Feature","properties":{"id":63329,"nach":0.58805553489231077},"geometry":{"type":"LineString","coordinates":[[-0.7234312,51.2476046],[-0.7233476,51.2475386]]}},
{"type":"Feature","properties":{"id":63332,"nach":0.5980901652082995},"geometry":{"type":"LineString","coordinates":[[-0.7234105,51.2475025],[-0.7233476,51.2475386]]}},
{"type":"Feature","properties":{"id":75256,"nach":0.58588591469567985},"geometry":{"type":"LineString","coordinates":[[-0.7202111,51.247953199999984],[-0.7199292,51.248001],[-0.7195753,51.2479952],[-0.7194224,51.2479633],[-0.7192883,51.247919599999989],[-0.7190898,51.2478139],[-0.7189137,51.2477841]]}},
{"type":"Feature","properties":{"id":89424,"nach":0.54079082607480822},"geometry":{"type":"LineString","coordinates":[[-0.7202097,51.2479012],[-0.7202111,51.247953199999984]]}},
{"type":"Feature","properties":{"id":89436,"nach":0.50561343547025039},"geometry":{"type":"LineString","coordinates":[[-0.7234915,51.2475914],[-0.7234312,51.2476046]]}},
{"type":"Feature","properties":{"id":92552,"nach":0.59058811986766735},"geometry":{"type":"LineString","coordinates":[[-0.7233538,51.2480954],[-0.7233891,51.2480017],[-0.7234789,51.2477632],[-0.7234634,51.2476796],[-0.7234312,51.2476046]]}},
{"type":"Feature","properties":{"id":63334,"nach":0.59004589059412105},"geometry":{"type":"LineString","coordinates":[[-0.7234105,51.2475025],[-0.7234809,51.24747390000001],[-0.7235734,51.2474536],[-0.7237354,51.2474186],[-0.7243102,51.2472973],[-0.7243527,51.2472863]]}},
{"type":"Feature","properties":{"id":89413,"nach":0.4537254989994754},"geometry":{"type":"LineString","coordinates":[[-0.7233611,51.2474022],[-0.7234105,51.2475025]]}},
{"type":"Feature","properties":{"id":99159,"nach":0.50168643805138358},"geometry":{"type":"LineString","coordinates":[[-0.7217515,51.2485468],[-0.7217712,51.2485524],[-0.7218124,51.248575],[-0.721837,51.2486005],[-0.7218548,51.2486347],[-0.7218585,51.2486703],[-0.7217202,51.2489803]]}},
{"type":"Feature","properties":{"id":18535,"nach":0.5495549865147078},"geometry":{"type":"LineString","coordinates":[[-0.7216028,51.2493043],[-0.7209263,51.2492245]]}},
{"type":"Feature","properties":{"id":18539,"nach":0.50487196072372009},"geometry":{"type":"LineString","coordinates":[[-0.7191459,51.2498924],[-0.7192539,51.2498884],[-0.7211431,51.2499677],[-0.7212143,51.2499684],[-0.7212651,51.24996440000001],[-0.7213162,51.2499486],[-0.7213532,51.2499246],[-0.7213732,51.24989870000001],[-0.7215144,51.24953210000001],[-0.7216028,51.2493043]]}},
{"type":"Feature","properties":{"id":99158,"nach":0.49027113822678586},"geometry":{"type":"LineString","coordinates":[[-0.7217515,51.2485468],[-0.7217288,51.2485403],[-0.7216794,51.248537],[-0.7207275,51.2485959]]}},
{"type":"Feature","properties":{"id":99160,"nach":0.52565668984299385},"geometry":{"type":"LineString","coordinates":[[-0.7217515,51.2485468],[-0.721994,51.2481533],[-0.7220036,51.2481405],[-0.7220346,51.2481302],[-0.7224209,51.24807],[-0.7224745,51.2480616]]}},
{"type":"Feature","properties":{"id":17639,"nach":0.58338409198010976},"geometry":{"type":"LineString","coordinates":[[-0.7185407,51.248841],[-0.7186806,51.2488504],[-0.7199018,51.248943]]}},
{"type":"Feature","properties":{"id":88353,"nach":0.55705955432035903},"geometry":{"type":"LineString","coordinates":[[-0.7206832,51.2491976],[-0.72002150000001,51.2491252],[-0.7199668,51.2491167],[-0.719929,51.2491005],[-0.7198931,51.249068200000011],[-0.7198838,51.2490272],[-0.7199018,51.248943]]}},
{"type":"Feature","properties":{"id":88355,"nach":0.49275376285098332},"geometry":{"type":"LineString","coordinates":[[-0.7207275,51.2485959],[-0.720076,51.2486386],[-0.7200364,51.248643600000015],[-0.7200038,51.2486545],[-0.7199782,51.2486698],[-0.7199691,51.2486865],[-0.7199018,51.248943]]}},
{"type":"Feature","properties":{"id":63369,"nach":0.59143394780704139},"geometry":{"type":"LineString","coordinates":[[-0.7183477,51.2488448],[-0.7184512,51.2488302],[-0.7185407,51.248841]]}},
{"type":"Feature","properties":{"id":17644,"nach":0.50990884740937159},"geometry":{"type":"LineString","coordinates":[[-0.7185181,51.2489663],[-0.7185259,51.2489064],[-0.7185407,51.248841]]}},
{"type":"Feature","properties":{"id":88352,"nach":0.55337705135006798},"geometry":{"type":"LineString","coordinates":[[-0.7206832,51.2491976],[-0.7209263,51.2492245]]}},
{"type":"Feature","properties":{"id":88357,"nach":0.32539773369102171},"geometry":{"type":"LineString","coordinates":[[-0.7207275,51.2485959],[-0.7207716,51.2488901],[-0.7206832,51.2491976]]}},
{"type":"Feature","properties":{"id":63367,"nach":0.57160132251288054},"geometry":{"type":"LineString","coordinates":[[-0.7183477,51.2488448],[-0.7182565,51.2488957]]}},
{"type":"Feature","properties":{"id":63368,"nach":0.61575741727768829},"geometry":{"type":"LineString","coordinates":[[-0.7183477,51.2488448],[-0.718286,51.2488216]]}},
{"type":"Feature","properties":{"id":50050,"nach":0.52208077077217907},"geometry":{"type":"LineString","coordinates":[[-0.7183838,51.2489838],[-0.7185181,51.2489663]]}},
{"type":"Feature","properties":{"id":17646,"nach":0.46666365765928608},"geometry":{"type":"LineString","coordinates":[[-0.7185375,51.2490338],[-0.7185181,51.2489663]]}},
{"type":"Feature","properties":{"id":101418,"nach":0.45610532294630973},"geometry":{"type":"LineString","coordinates":[[-0.718377,51.2494341],[-0.7184761,51.2490004],[-0.7185181,51.2489663]]}},
{"type":"Feature","properties":{"id":50049,"nach":0.61210011423517663},"geometry":{"type":"LineString","coordinates":[[-0.7183838,51.2489838],[-0.7182649,51.2494309]]}},
{"type":"Feature","properties":{"id":50051,"nach":0.61730564636576135},"geometry":{"type":"LineString","coordinates":[[-0.7183838,51.2489838],[-0.718374,51.248908],[-0.7182565,51.2488957]]}},
{"type":"Feature","properties":{"id":56258,"nach":0.53744563956980207},"geometry":{"type":"LineString","coordinates":[[-0.7182514,51.2512002],[-0.7181925,51.2503886],[-0.718221,51.2496295],[-0.7182649,51.2494309]]}},
{"type":"Feature","properties":{"id":92095,"nach":0.43862668977167574},"geometry":{"type":"LineString","coordinates":[[-0.71776280000001,51.24713],[-0.7176295,51.2471912],[-0.7175864,51.2472608],[-0.7175508,51.2473643],[-0.7167021,51.2473042]]}},
{"type":"Feature","properties":{"id":17667,"nach":0.44603173619777475},"geometry":{"type":"LineString","coordinates":[[-0.7162106,51.2473958],[-0.7166324,51.2474227],[-0.7167021,51.2473042]]}},
{"type":"Feature","properties":{"id":72864,"nach":0.63336149168060363},"geometry":{"type":"LineString","coordinates":[[-0.7163808,51.2465911],[-0.7162052,51.2465879]]}},
{"type":"Feature","properties":{"id":77547,"nach":0.52434082185948483},"geometry":{"type":"LineString","coordinates":[[-0.7163468,51.2461565],[-0.7163258,51.2461995],[-0.716323,51.2463187],[-0.7163162,51.2464358],[-0.7163808,51.2465911]]}},
{"type":"Feature","properties":{"id":17672,"nach":0.61169121663411707},"geometry":{"type":"LineString","coordinates":[[-0.7160801,51.2470754],[-0.7162052,51.2465879]]}},
{"type":"Feature","properties":{"id":77551,"nach":0.60999239438473007},"geometry":{"type":"LineString","coordinates":[[-0.7159078,51.2475435],[-0.7160801,51.2470754]]}},
{"type":"Feature","properties":{"id":17685,"nach":0.45498579443222209},"geometry":{"type":"LineString","coordinates":[[-0.7153886,51.2470461],[-0.7155032,51.2470792],[-0.7156175,51.247106300000013],[-0.7157613,51.2470972],[-0.7160801,51.2470754]]}},
{"type":"Feature","properties":{"id":77550,"nach":0.61189880643040284},"geometry":{"type":"LineString","coordinates":[[-0.7159078,51.2475435],[-0.7157668,51.2479264]]}},
{"type":"Feature","properties":{"id":77553,"nach":0.45776613343848566},"geometry":{"type":"LineString","coordinates":[[-0.715285,51.2474438],[-0.7155421,51.2474977],[-0.7157274,51.2475285],[-0.7159078,51.2475435]]}},
{"type":"Feature","properties":{"id":17684,"nach":0.45810441467337748},"geometry":{"type":"LineString","coordinates":[[-0.7150871,51.2478125],[-0.7157668,51.2479264]]}},
{"type":"Feature","properties":{"id":17682,"nach":0.61565135171063312},"geometry":{"type":"LineString","coordinates":[[-0.7155093,51.2486749],[-0.7156161,51.2483641],[-0.7157668,51.2479264]]}},
{"type":"Feature","properties":{"id":17683,"nach":0.46291365579521865},"geometry":{"type":"LineString","coordinates":[[-0.7148343,51.248584],[-0.7155093,51.2486749]]}},
{"type":"Feature","properties":{"id":90276,"nach":0.62326561750726961},"geometry":{"type":"LineString","coordinates":[[-0.7154865,51.248763800000013],[-0.7155093,51.2486749]]}},
{"type":"Feature","properties":{"id":90277,"nach":0.62376569595437992},"geometry":{"type":"LineString","coordinates":[[-0.7154865,51.248763800000013],[-0.7147461,51.248661599999984],[-0.7144946,51.2486369],[-0.7142571,51.2486325],[-0.7140077,51.2486604]]}},
{"type":"Feature","properties":{"id":18978,"nach":0.53333647494750258},"geometry":{"type":"LineString","coordinates":[[-0.7167776,51.2487524],[-0.7167306,51.248773300000011],[-0.7166768,51.2488618]]}},
{"type":"Feature","properties":{"id":63342,"nach":0.65331196371209588},"geometry":{"type":"LineString","coordinates":[[-0.7169013,51.248875],[-0.7168563,51.2488725],[-0.7166768,51.2488618]]}},
{"type":"Feature","properties":{"id":91891,"nach":0.46335381287262495},"geometry":{"type":"LineString","coordinates":[[-0.7240878,51.2459206],[-0.7241945,51.2458967]]}},
{"type":"Feature","properties":{"id":91892,"nach":0.46372645007516761},"geometry":{"type":"LineString","coordinates":[[-0.7242947,51.2458743],[-0.7241945,51.2458967]]}},
{"type":"Feature","properties":{"id":75852,"nach":0.55456915273164287},"geometry":{"type":"LineString","coordinates":[[-0.7278536,51.2411916],[-0.7278613,51.2411483],[-0.7278679,51.2411411],[-0.7278805,51.2411376],[-0.7280805,51.2411422],[-0.7284318,51.2410331],[-0.7288779,51.241061]]}},
{"type":"Feature","properties":{"id":91782,"nach":0.63477065106625929},"geometry":{"type":"LineString","coordinates":[[-0.7179754,51.2456142],[-0.7180767,51.2456076],[-0.7183232,51.2455813],[-0.7184466,51.2455379],[-0.7186542,51.2454543],[-0.7188469,51.2453757],[-0.718975,51.2453284],[-0.7192436,51.2452817]]}},
{"type":"Feature","properties":{"id":18906,"nach":0.51789760271328134},"geometry":{"type":"LineString","coordinates":[[-0.72096,51.2491062],[-0.7209263,51.2492245]]}},
{"type":"Feature","properties":{"id":92556,"nach":0.44478114583281958},"geometry":{"type":"LineString","coordinates":[[-0.7208188,51.2490925],[-0.72096,51.2491062]]}},
{"type":"Feature","properties":{"id":92555,"nach":0.44478114583281958},"geometry":{"type":"LineString","coordinates":[[-0.7210901,51.2491195],[-0.72096,51.2491062]]}},
{"type":"Feature","properties":{"id":92557,"nach":0.59413394101080563},"geometry":{"type":"LineString","coordinates":[[-0.7191125,51.2498986],[-0.7191459,51.2498924]]}},
{"type":"Feature","properties":{"id":18545,"nach":0.58055444040765503},"geometry":{"type":"LineString","coordinates":[[-0.7182649,51.2494309],[-0.71836,51.249469],[-0.7191459,51.2498924]]}},
{"type":"Feature","properties":{"id":92559,"nach":0.58657450462891902},"geometry":{"type":"LineString","coordinates":[[-0.7191125,51.2498986],[-0.7190717,51.249913],[-0.7190418,51.2499349],[-0.7190289,51.2499558],[-0.7190222,51.2499767],[-0.719001,51.25010060000001],[-0.7189542,51.250295500000014],[-0.7189091,51.2504319],[-0.7188783,51.250487200000016],[-0.7188428,51.2505387],[-0.7188147,51.2506388]]}},
{"type":"Feature","properties":{"id":92558,"nach":0.44463300994647814},"geometry":{"type":"LineString","coordinates":[[-0.7191125,51.2498986],[-0.7186819,51.2496717]]}},
{"type":"Feature","properties":{"id":18981,"nach":0.52686299029414707},"geometry":{"type":"LineString","coordinates":[[-0.716911,51.2487407],[-0.7168524,51.2487415],[-0.7167776,51.2487524]]}},
{"type":"Feature","properties":{"id":92096,"nach":0.46334626533932222},"geometry":{"type":"LineString","coordinates":[[-0.7164447,51.2486414],[-0.7167113,51.24869060000001],[-0.7167776,51.2487524]]}},
{"type":"Feature","properties":{"id":63344,"nach":0.34609697463088623},"geometry":{"type":"LineString","coordinates":[[-0.7169013,51.248875],[-0.7169065,51.2488035],[-0.716911,51.2487407]]}},
{"type":"Feature","properties":{"id":63343,"nach":0.61857172476257605},"geometry":{"type":"LineString","coordinates":[[-0.7169013,51.248875],[-0.7169548,51.2488773],[-0.7171412,51.2488872]]}},
{"type":"Feature","properties":{"id":63346,"nach":0.62962982017928348},"geometry":{"type":"LineString","coordinates":[[-0.7168956,51.2489081],[-0.7169013,51.248875]]}},
{"type":"Feature","properties":{"id":18984,"nach":0.52262525834690066},"geometry":{"type":"LineString","coordinates":[[-0.7170709,51.2487682],[-0.7170433,51.2487573],[-0.716977,51.2487444],[-0.716911,51.2487407]]}},
{"type":"Feature","properties":{"id":18987,"nach":0.51303441274328432},"geometry":{"type":"LineString","coordinates":[[-0.7171412,51.2488872],[-0.7171196,51.2488259],[-0.7170709,51.2487682]]}},
{"type":"Feature","properties":{"id":91219,"nach":0.46301529698655414},"geometry":{"type":"LineString","coordinates":[[-0.7171601,51.24851],[-0.7171565,51.2485329],[-0.7171361,51.2487007],[-0.7170709,51.2487682]]}},
{"type":"Feature","properties":{"id":63353,"nach":0.62984881718829167},"geometry":{"type":"LineString","coordinates":[[-0.7172234,51.24889180000001],[-0.7171412,51.2488872]]}},
{"type":"Feature","properties":{"id":91218,"nach":0.0},"geometry":{"type":"LineString","coordinates":[[-0.7171601,51.24851],[-0.7171756,51.2483735],[-0.7168495,51.248359],[-0.716834,51.2484955],[-0.7171601,51.24851]]}},
{"type":"Feature","properties":{"id":63354,"nach":0.50188260525289796},"geometry":{"type":"LineString","coordinates":[[-0.7172234,51.24889180000001],[-0.7172177,51.2489556]]}},
{"type":"Feature","properties":{"id":63365,"nach":0.62798293268164607},"geometry":{"type":"LineString","coordinates":[[-0.718286,51.2488216],[-0.7181495,51.2488729],[-0.7179514,51.2489114],[-0.7177587,51.248920600000012],[-0.7175634,51.24891310000001],[-0.7172234,51.24889180000001]]}},
{"type":"Feature","properties":{"id":85154,"nach":0.41793560050159578},"geometry":{"type":"LineString","coordinates":[[-0.7216632,51.245956199999981],[-0.7217513,51.246078]]}},
{"type":"Feature","properties":{"id":85156,"nach":0.41865575777810443},"geometry":{"type":"LineString","coordinates":[[-0.7216632,51.245956199999981],[-0.7215226,51.2459947]]}},
{"type":"Feature","properties":{"id":18996,"nach":0.43323193573137997},"geometry":{"type":"LineString","coordinates":[[-0.7206791,51.2456963],[-0.7207206,51.2457707]]}},
{"type":"Feature","properties":{"id":82139,"nach":0.50463824596740148},"geometry":{"type":"LineString","coordinates":[[-0.7200688,51.2451653],[-0.7201325,51.2453717],[-0.7202135,51.24553370000001],[-0.7202185,51.2455449],[-0.7203032,51.2456486],[-0.7204215,51.2457385],[-0.7205437,51.2457978],[-0.720641,51.2457807],[-0.7207206,51.2457707]]}},
{"type":"Feature","properties":{"id":82138,"nach":0.61757192795813265},"geometry":{"type":"LineString","coordinates":[[-0.7200688,51.2451653],[-0.7200432,51.2451675],[-0.7198495,51.2451813],[-0.7197501,51.2451944]]}},
{"type":"Feature","properties":{"id":19000,"nach":0.62541338577380201},"geometry":{"type":"LineString","coordinates":[[-0.7197501,51.2451944],[-0.7192436,51.2452817]]}},
{"type":"Feature","properties":{"id":91943,"nach":0.53590128153373096},"geometry":{"type":"LineString","coordinates":[[-0.7195284,51.2459722],[-0.7192436,51.2452817]]}},
{"type":"Feature","properties":{"id":91950,"nach":0.54030320276920696},"geometry":{"type":"LineString","coordinates":[[-0.719905,51.245560399999988],[-0.7197501,51.2451944]]}},
{"type":"Feature","properties":{"id":91945,"nach":0.49904460828981767},"geometry":{"type":"LineString","coordinates":[[-0.7195284,51.2459722],[-0.7194381,51.246015],[-0.7190565,51.2460687]]}},
{"type":"Feature","properties":{"id":91947,"nach":0.43319669588541981},"geometry":{"type":"LineString","coordinates":[[-0.7196097,51.246015],[-0.7195284,51.2459722]]}},
{"type":"Feature","properties":{"id":91951,"nach":0.43680415971836306},"geometry":{"type":"LineString","coordinates":[[-0.719905,51.245560399999988],[-0.7200133,51.245542800000017],[-0.7201336,51.2455569]]}},
{"type":"Feature","properties":{"id":91954,"nach":0.50315542527476964},"geometry":{"type":"LineString","coordinates":[[-0.7200515,51.2459063],[-0.719905,51.245560399999988]]}},
{"type":"Feature","properties":{"id":78993,"nach":0.42164323737192577},"geometry":{"type":"LineString","coordinates":[[-0.7188989,51.2443448],[-0.7189402,51.2443236],[-0.7189984,51.2443119],[-0.7190659,51.2443025],[-0.7194637,51.2443001],[-0.7195407,51.2443072],[-0.719612,51.2443295],[-0.7196759,51.244371],[-0.7198142,51.24458030000001],[-0.719972,51.244828]]}},
{"type":"Feature","properties":{"id":91953,"nach":0.43083874255175086},"geometry":{"type":"LineString","coordinates":[[-0.7200515,51.2459063],[-0.7200782,51.24597820000001]]}},
{"type":"Feature","properties":{"id":91955,"nach":0.42844451939824568},"geometry":{"type":"LineString","coordinates":[[-0.7200515,51.2459063],[-0.7202668,51.2458776]]}},
{"type":"Feature","properties":{"id":19010,"nach":0.42602766919610113},"geometry":{"type":"LineString","coordinates":[[-0.7190226,51.2459999],[-0.7190565,51.2460687]]}},
{"type":"Feature","properties":{"id":91946,"nach":0.42602766919610113},"geometry":{"type":"LineString","coordinates":[[-0.7190087,51.2461222],[-0.7190565,51.2460687]]}},
{"type":"Feature","properties":{"id":73273,"nach":0.43387333994670779},"geometry":{"type":"LineString","coordinates":[[-0.7230028,51.2382234],[-0.7229427,51.2383357],[-0.7228324,51.2384503],[-0.7225882,51.2384916],[-0.7220502,51.238563],[-0.7214713,51.2386896],[-0.7207994,51.238925900000012],[-0.7206041,51.2389264],[-0.7204015,51.2388786],[-0.720219,51.2387994],[-0.7198556,51.2386305]]}},
{"type":"Feature","properties":{"id":78617,"nach":0.57755385105875723},"geometry":{"type":"LineString","coordinates":[[-0.72329810000001,51.237377],[-0.7232507,51.2377542],[-0.7232057,51.2379652],[-0.7231307,51.2380824],[-0.7230028,51.2382234]]}},
{"type":"Feature","properties":{"id":91208,"nach":0.44885530787415262},"geometry":{"type":"LineString","coordinates":[[-0.7225861,51.246446700000014],[-0.7228786,51.2468659]]}},
{"type":"Feature","properties":{"id":92311,"nach":0.63373950675388802},"geometry":{"type":"LineString","coordinates":[[-0.7196892,51.2469404],[-0.7194688,51.2469637],[-0.7193513,51.2469806],[-0.7191998,51.2470247]]}},
{"type":"Feature","properties":{"id":92312,"nach":0.62774203880414803},"geometry":{"type":"LineString","coordinates":[[-0.7196892,51.2469404],[-0.7197272,51.2469364],[-0.719918,51.2469163]]}},
{"type":"Feature","properties":{"id":92313,"nach":0.46017474317831142},"geometry":{"type":"LineString","coordinates":[[-0.719769,51.2472594],[-0.7196892,51.2469404]]}},
{"type":"Feature","properties":{"id":63366,"nach":0.64233648025221268},"geometry":{"type":"LineString","coordinates":[[-0.718286,51.2488216],[-0.7183526,51.2487645],[-0.71843060000001,51.2486791],[-0.7184907,51.2485571],[-0.7185989,51.2483326],[-0.7188605,51.2478952],[-0.7189137,51.2477841]]}},
{"type":"Feature","properties":{"id":63345,"nach":0.59769014952208899},"geometry":{"type":"LineString","coordinates":[[-0.7168956,51.2489081],[-0.7166137,51.2488957]]}},
{"type":"Feature","properties":{"id":50019,"nach":0.58060058217442134},"geometry":{"type":"LineString","coordinates":[[-0.7166151,51.2492849],[-0.7166124,51.2490817],[-0.7166137,51.2488957]]}},
{"type":"Feature","properties":{"id":50044,"nach":0.54353017213603394},"geometry":{"type":"LineString","coordinates":[[-0.7154791,51.2488361],[-0.716045,51.2488688],[-0.7166137,51.2488957]]}},
{"type":"Feature","properties":{"id":63351,"nach":0.60855734690786212},"geometry":{"type":"LineString","coordinates":[[-0.7172177,51.2489556],[-0.7171726,51.2489532],[-0.7169583,51.248910799999983],[-0.7168956,51.2489081]]}},
{"type":"Feature","properties":{"id":50021,"nach":0.55032483536710142},"geometry":{"type":"LineString","coordinates":[[-0.7166151,51.2492849],[-0.716662,51.2492849],[-0.7166932,51.249300200000022],[-0.7166925,51.2493533],[-0.7166607,51.2493688],[-0.7166164,51.2493688]]}},
{"type":"Feature","properties":{"id":50037,"nach":0.48057754431539279},"geometry":{"type":"LineString","coordinates":[[-0.7165477,51.24929430000001],[-0.7165641,51.249284900000013],[-0.7166151,51.2492849]]}},
{"type":"Feature","properties":{"id":50043,"nach":0.54772984050137163},"geometry":{"type":"LineString","coordinates":[[-0.7154791,51.2488361],[-0.7154543,51.2489575],[-0.7156447,51.249012899999983],[-0.7157493,51.2492681],[-0.7160998,51.2494873]]}},
{"type":"Feature","properties":{"id":50017,"nach":0.5367822438938975},"geometry":{"type":"LineString","coordinates":[[-0.7166164,51.2493688],[-0.7166204,51.2496156],[-0.7162235,51.2496173]]}},
{"type":"Feature","properties":{"id":50039,"nach":0.40512909807949882},"geometry":{"type":"LineString","coordinates":[[-0.7165477,51.24929430000001],[-0.7165169,51.249272],[-0.7160918,51.24926820000001],[-0.7160998,51.2494873]]}},
{"type":"Feature","properties":{"id":50038,"nach":0.30159051660711883},"geometry":{"type":"LineString","coordinates":[[-0.7165477,51.24929430000001],[-0.7165319,51.2493034],[-0.7165323,51.2493504],[-0.7165665,51.2493682],[-0.7166164,51.2493688]]}},
{"type":"Feature","properties":{"id":63350,"nach":0.6043474948132439},"geometry":{"type":"LineString","coordinates":[[-0.7172177,51.2489556],[-0.7172835,51.248959],[-0.7174934,51.2489545],[-0.7177389,51.248963700000012],[-0.7179226,51.2489612],[-0.7180607,51.2489511],[-0.7181774,51.2489251],[-0.7182565,51.2488957]]}},
{"type":"Feature","properties":{"id":91210,"nach":0.52982112019178385},"geometry":{"type":"LineString","coordinates":[[-0.7172126,51.2491292],[-0.7172191,51.24897510000001],[-0.7172177,51.2489556]]}},
{"type":"Feature","properties":{"id":78486,"nach":0.60754726859425767},"geometry":{"type":"LineString","coordinates":[[-0.7123293,51.24692670000001],[-0.71223,51.24717290000001]]}},
{"type":"Feature","properties":{"id":50059,"nach":0.60795653823875051},"geometry":{"type":"LineString","coordinates":[[-0.71223,51.24717290000001],[-0.7121272,51.247396]]}},
{"type":"Feature","properties":{"id":99887,"nach":0.43942178019428318},"geometry":{"type":"LineString","coordinates":[[-0.7119926,51.2473224],[-0.7121193,51.247272800000012],[-0.71223,51.24717290000001]]}},
{"type":"Feature","properties":{"id":78489,"nach":0.51930146643604369},"geometry":{"type":"LineString","coordinates":[[-0.7129108,51.2470174],[-0.7123293,51.24692670000001]]}},
{"type":"Feature","properties":{"id":99888,"nach":0.4700793359901016},"geometry":{"type":"LineString","coordinates":[[-0.7119926,51.2473224],[-0.7120365,51.247332100000015],[-0.7120751,51.2473483],[-0.712106,51.2473701],[-0.7121272,51.247396]]}},
{"type":"Feature","properties":{"id":50060,"nach":0.50347446812591157},"geometry":{"type":"LineString","coordinates":[[-0.7120388,51.247705],[-0.7119641,51.2475511]]}},
{"type":"Feature","properties":{"id":99883,"nach":0.50905705230428389},"geometry":{"type":"LineString","coordinates":[[-0.7119641,51.2475511],[-0.7119142,51.2475486],[-0.7118672,51.2475379],[-0.7118265,51.2475197],[-0.7117951,51.2474953],[-0.7117753,51.2474666]]}},
{"type":"Feature","properties":{"id":73286,"nach":0.37509204365356513},"geometry":{"type":"LineString","coordinates":[[-0.7175074,51.2376766],[-0.7170993,51.2392979]]}},
{"type":"Feature","properties":{"id":73289,"nach":0.34962370036747292},"geometry":{"type":"LineString","coordinates":[[-0.7175074,51.2376766],[-0.7182302,51.2377113],[-0.7189118,51.2377523],[-0.7191272,51.2377785],[-0.7193339,51.2378707],[-0.7196288,51.2380556]]}},
{"type":"Feature","properties":{"id":73292,"nach":0.25655194316766666},"geometry":{"type":"LineString","coordinates":[[-0.7135461,51.2371947],[-0.7140881,51.2373584],[-0.7147566,51.2374323],[-0.7153465,51.237456900000012],[-0.7164737,51.23758],[-0.7175074,51.2376766]]}},
{"type":"Feature","properties":{"id":75854,"nach":0.52049313887748239},"geometry":{"type":"LineString","coordinates":[[-0.7278296,51.241327800000015],[-0.7278536,51.2411916]]}},
{"type":"Feature","properties":{"id":90464,"nach":0.44087218290502339},"geometry":{"type":"LineString","coordinates":[[-0.7275807,51.24072],[-0.7275445,51.2409677],[-0.7276549,51.2410874],[-0.7276395,51.2411716],[-0.7278536,51.2411916]]}},
{"type":"Feature","properties":{"id":73277,"nach":0.46879447908883731},"geometry":{"type":"LineString","coordinates":[[-0.7170993,51.2392979],[-0.7170349,51.2395537]]}},
{"type":"Feature","properties":{"id":93024,"nach":0.5066148038524203},"geometry":{"type":"LineString","coordinates":[[-0.7182996,51.239532300000015],[-0.7177882,51.2395479],[-0.7170349,51.2395537]]}},
{"type":"Feature","properties":{"id":73310,"nach":0.45688597319068147},"geometry":{"type":"LineString","coordinates":[[-0.7156217,51.2395427],[-0.7158443,51.2395426],[-0.7167474,51.2395467],[-0.7170349,51.2395537]]}},
{"type":"Feature","properties":{"id":73282,"nach":0.42874867809324391},"geometry":{"type":"LineString","coordinates":[[-0.7192434,51.238540200000017],[-0.7188607,51.2385856],[-0.7186104,51.2386961],[-0.7182065,51.238891],[-0.7178322,51.2391171],[-0.7172936,51.2393037],[-0.7170993,51.2392979]]}},
{"type":"Feature","properties":{"id":73298,"nach":0.32738265232361741},"geometry":{"type":"LineString","coordinates":[[-0.7127511,51.239328],[-0.7130788,51.239287],[-0.7135638,51.239254200000012],[-0.7144027,51.239246],[-0.7155955,51.2392131],[-0.7170993,51.2392979]]}},
{"type":"Feature","properties":{"id":93022,"nach":0.28856502924626065},"geometry":{"type":"LineString","coordinates":[[-0.7182996,51.239532300000015],[-0.718458,51.239704]]}},
{"type":"Feature","properties":{"id":73311,"nach":0.39437672200043272},"geometry":{"type":"LineString","coordinates":[[-0.7156217,51.2395427],[-0.7145616,51.239543],[-0.7144082,51.2395428],[-0.7140677,51.2395422],[-0.7138719,51.2395346],[-0.7129339,51.239498],[-0.7127526,51.23948870000001]]}},
{"type":"Feature","properties":{"id":73320,"nach":0.39605696004030305},"geometry":{"type":"LineString","coordinates":[[-0.7156148,51.23974650000001],[-0.7156217,51.2395427]]}},
{"type":"Feature","properties":{"id":93027,"nach":0.48130676708049486},"geometry":{"type":"LineString","coordinates":[[-0.7162173,51.2408178],[-0.716157,51.2406709],[-0.7160045,51.2405283],[-0.7159376,51.2405126],[-0.7159125,51.2402888]]}},
{"type":"Feature","properties":{"id":89412,"nach":0.49443346576710395},"geometry":{"type":"LineString","coordinates":[[-0.7233611,51.2474022],[-0.7243094,51.247202]]}},
{"type":"Feature","properties":{"id":102180,"nach":0.62483692434135563},"geometry":{"type":"LineString","coordinates":[[-0.7240544,51.2467824],[-0.7243003,51.24717720000001],[-0.7243094,51.247202]]}},
{"type":"Feature","properties":{"id":89440,"nach":0.47172652464688419},"geometry":{"type":"LineString","coordinates":[[-0.7237091,51.247544],[-0.72360750000001,51.2476813],[-0.7235246,51.2476558],[-0.7234915,51.2475914]]}},
{"type":"Feature","properties":{"id":89417,"nach":0.49777333405068686},"geometry":{"type":"LineString","coordinates":[[-0.7222053,51.2475578],[-0.7231533,51.247397100000015],[-0.7233611,51.2474022]]}},
{"type":"Feature","properties":{"id":91209,"nach":0.44174233010758901},"geometry":{"type":"LineString","coordinates":[[-0.7172126,51.2491292],[-0.7171802,51.2499017],[-0.7171672,51.2502103]]}},
{"type":"Feature","properties":{"id":91212,"nach":0.46053496112798131},"geometry":{"type":"LineString","coordinates":[[-0.7175029,51.2492748],[-0.7174247,51.2492726],[-0.7172126,51.2491292]]}},
{"type":"Feature","properties":{"id":90386,"nach":0.46060724806088477},"geometry":{"type":"LineString","coordinates":[[-0.7145546,51.244022],[-0.7146222,51.243980399999984],[-0.7148156,51.2438335],[-0.7148618,51.243803],[-0.7149181,51.243794],[-0.7149795,51.2437884]]}},
{"type":"Feature","properties":{"id":90388,"nach":0.49260266670565034},"geometry":{"type":"LineString","coordinates":[[-0.7145546,51.244022],[-0.7148448,51.2440797],[-0.7150146,51.2440734],[-0.7152554,51.2440202]]}},
{"type":"Feature","properties":{"id":90390,"nach":0.42056440740494677},"geometry":{"type":"LineString","coordinates":[[-0.7142424,51.243838],[-0.7143637,51.243857],[-0.714487,51.2439912],[-0.7145546,51.244022]]}},
{"type":"Feature","properties":{"id":75610,"nach":0.55230854847204536},"geometry":{"type":"LineString","coordinates":[[-0.72825,51.2383191],[-0.7282192,51.2385667],[-0.7281511,51.2386216]]}},
{"type":"Feature","properties":{"id":75612,"nach":0.36983841211628893},"geometry":{"type":"LineString","coordinates":[[-0.72825,51.2383191],[-0.727869,51.2383018],[-0.7278203,51.2383147]]}},
{"type":"Feature","properties":{"id":75614,"nach":0.58300118383312094},"geometry":{"type":"LineString","coordinates":[[-0.7280072,51.23869950000001],[-0.7281511,51.2386216]]}},
{"type":"Feature","properties":{"id":75618,"nach":0.48571478319671096},"geometry":{"type":"LineString","coordinates":[[-0.7278362,51.2384577],[-0.7280246,51.2385704],[-0.7281511,51.2386216]]}},
{"type":"Feature","properties":{"id":75615,"nach":0.59845068238527976},"geometry":{"type":"LineString","coordinates":[[-0.7280072,51.23869950000001],[-0.7278068,51.2386245],[-0.7275216,51.2386242]]}},
{"type":"Feature","properties":{"id":75613,"nach":0.6416420481749564},"geometry":{"type":"LineString","coordinates":[[-0.7280072,51.23869950000001],[-0.7283513,51.23899830000002]]}},
{"type":"Feature","properties":{"id":75617,"nach":0.33011380285848907},"geometry":{"type":"LineString","coordinates":[[-0.7278362,51.2384577],[-0.7276508,51.2385578],[-0.7275216,51.2386242]]}},
{"type":"Feature","properties":{"id":75616,"nach":0.45041782631136451},"geometry":{"type":"LineString","coordinates":[[-0.7278362,51.2384577],[-0.7278203,51.2383147]]}},
{"type":"Feature","properties":{"id":79841,"nach":0.42416609159532337},"geometry":{"type":"LineString","coordinates":[[-0.7264281,51.2386614],[-0.7264853,51.2386275]]}},
{"type":"Feature","properties":{"id":65228,"nach":0.494665408077679},"geometry":{"type":"LineString","coordinates":[[-0.7272542,51.2386167],[-0.7269029,51.2386106],[-0.7264853,51.2386275]]}},
{"type":"Feature","properties":{"id":79842,"nach":0.41571727186965102},"geometry":{"type":"LineString","coordinates":[[-0.7266478,51.2382957],[-0.726561,51.2384307],[-0.7264701,51.2385767],[-0.7264853,51.2386275]]}},
{"type":"Feature","properties":{"id":65227,"nach":0.43079842221181824},"geometry":{"type":"LineString","coordinates":[[-0.7272542,51.2386167],[-0.7272453,51.2389121]]}},
{"type":"Feature","properties":{"id":79843,"nach":0.53478062425096029},"geometry":{"type":"LineString","coordinates":[[-0.7274612,51.2386236],[-0.7272542,51.2386167]]}},
{"type":"Feature","properties":{"id":79844,"nach":0.59241020072519279},"geometry":{"type":"LineString","coordinates":[[-0.7274612,51.2386236],[-0.7275216,51.2386242]]}},
{"type":"Feature","properties":{"id":79849,"nach":0.5443996832420871},"geometry":{"type":"LineString","coordinates":[[-0.7275424,51.2383003],[-0.7274618,51.2384482],[-0.7274612,51.2386236]]}},
{"type":"Feature","properties":{"id":79847,"nach":0.33599348398377515},"geometry":{"type":"LineString","coordinates":[[-0.7275424,51.2383003],[-0.7276399,51.2383043],[-0.7278203,51.2383147]]}},
{"type":"Feature","properties":{"id":79846,"nach":0.42675507730093082},"geometry":{"type":"LineString","coordinates":[[-0.7275424,51.2383003],[-0.7274402,51.2382841],[-0.7271968,51.238236500000014]]}},
{"type":"Feature","properties":{"id":79848,"nach":0.51948100447185885},"geometry":{"type":"LineString","coordinates":[[-0.7275424,51.2383003],[-0.7276139,51.23819060000001],[-0.727633,51.2381417],[-0.7276121,51.2381071],[-0.7275505,51.2380403]]}},
{"type":"Feature","properties":{"id":90384,"nach":0.18935848533344601},"geometry":{"type":"LineString","coordinates":[[-0.7152554,51.2440202],[-0.7151404,51.24391150000001],[-0.7150922,51.2438426],[-0.715046,51.2438066],[-0.7149795,51.2437884]]}},
{"type":"Feature","properties":{"id":65859,"nach":0.41202268158220395},"geometry":{"type":"LineString","coordinates":[[-0.7153308,51.243551600000011],[-0.7151159,51.2436699],[-0.7149795,51.2437884]]}},
{"type":"Feature","properties":{"id":90383,"nach":0.46778104618643895},"geometry":{"type":"LineString","coordinates":[[-0.7152554,51.2440202],[-0.7152877,51.2440507],[-0.7152973,51.2441448],[-0.71528,51.2442687],[-0.7153131,51.2443932],[-0.7153601,51.2445093],[-0.7153599,51.244597],[-0.7153885,51.2446887]]}},
{"type":"Feature","properties":{"id":90382,"nach":0.39630714779755299},"geometry":{"type":"LineString","coordinates":[[-0.7152086,51.2447089],[-0.7153885,51.2446887]]}},
{"type":"Feature","properties":{"id":65860,"nach":0.38480379125886494},"geometry":{"type":"LineString","coordinates":[[-0.7159004,51.2448013],[-0.7158726,51.2446862],[-0.7158441,51.244656],[-0.7157834,51.244643600000011],[-0.7157236,51.244649],[-0.7153885,51.2446887]]}},
{"type":"Feature","properties":{"id":90245,"nach":0.67030026623777794},"geometry":{"type":"LineString","coordinates":[[-0.7127264,51.2477154],[-0.7127775,51.2476614]]}},
{"type":"Feature","properties":{"id":92143,"nach":0.66368765991948198},"geometry":{"type":"LineString","coordinates":[[-0.713208,51.2474084],[-0.7131586,51.2474409],[-0.7131245,51.2474634],[-0.7130994,51.247479900000023],[-0.7129175,51.2475997],[-0.7128834,51.247614700000014],[-0.7127775,51.2476614]]}},
{"type":"Feature","properties":{"id":90246,"nach":0.64206635170234572},"geometry":{"type":"LineString","coordinates":[[-0.7127264,51.2477154],[-0.7127166,51.2477258],[-0.7126535,51.2477753],[-0.7126059,51.2478043]]}},
{"type":"Feature","properties":{"id":90280,"nach":0.61831378186693298},"geometry":{"type":"LineString","coordinates":[[-0.7128479,51.2477328],[-0.7128242,51.2477258],[-0.7127264,51.2477154]]}},
{"type":"Feature","properties":{"id":92141,"nach":0.4555367863837505},"geometry":{"type":"LineString","coordinates":[[-0.713208,51.2474084],[-0.7133385,51.2474758]]}},
{"type":"Feature","properties":{"id":92185,"nach":0.66102904268359375},"geometry":{"type":"LineString","coordinates":[[-0.7134853,51.2471988],[-0.7132603,51.2473329],[-0.7132474,51.2473824],[-0.713208,51.2474084]]}},
{"type":"Feature","properties":{"id":91196,"nach":0.60940075407898353},"geometry":{"type":"LineString","coordinates":[[-0.720299,51.2468458],[-0.7202131,51.2468651],[-0.7200587,51.2468974],[-0.719918,51.2469163]]}},
{"type":"Feature","properties":{"id":91278,"nach":0.46463654693685619},"geometry":{"type":"LineString","coordinates":[[-0.7201805,51.2466982],[-0.7202172,51.246707],[-0.720299,51.2468458]]}},
{"type":"Feature","properties":{"id":66329,"nach":0.43651531814172306},"geometry":{"type":"LineString","coordinates":[[-0.7141266,51.2451135],[-0.7139842,51.2451221],[-0.7138246,51.2451004],[-0.7136819,51.2451307],[-0.7136561,51.2451977],[-0.713686,51.245337]]}},
{"type":"Feature","properties":{"id":77540,"nach":0.42889683578183058},"geometry":{"type":"LineString","coordinates":[[-0.7147982,51.2451197],[-0.7146398,51.2451492],[-0.7144006,51.2451606],[-0.7139277,51.2451916],[-0.7138157,51.245200499999989],[-0.7137815,51.2452145],[-0.7137496,51.2452418],[-0.7137272,51.2452883],[-0.713686,51.245337]]}},
{"type":"Feature","properties":{"id":77537,"nach":0.51203735190555133},"geometry":{"type":"LineString","coordinates":[[-0.7136043,51.2453955],[-0.7136581,51.2453621],[-0.713686,51.245337]]}},
{"type":"Feature","properties":{"id":66511,"nach":0.42820505319796787},"geometry":{"type":"LineString","coordinates":[[-0.7280532,51.2399431],[-0.7280458,51.2399142],[-0.728034,51.2399055]]}},
{"type":"Feature","properties":{"id":66512,"nach":0.5288489376810932},"geometry":{"type":"LineString","coordinates":[[-0.7280532,51.2399431],[-0.7281525,51.2399517],[-0.7283382,51.239842]]}},
{"type":"Feature","properties":{"id":90460,"nach":0.49088108372001255},"geometry":{"type":"LineString","coordinates":[[-0.7280254,51.2400922],[-0.7280532,51.2399431]]}},
{"type":"Feature","properties":{"id":94823,"nach":0.55314213033891757},"geometry":{"type":"LineString","coordinates":[[-0.7286235,51.2398634],[-0.7283382,51.239842]]}},
{"type":"Feature","properties":{"id":94825,"nach":0.4182892496634133},"geometry":{"type":"LineString","coordinates":[[-0.7286235,51.2398634],[-0.7286484,51.239722100000016],[-0.7285553,51.2396619],[-0.7285677,51.239583],[-0.728081,51.239542899999989],[-0.7279932,51.239472400000011],[-0.7279477,51.2393663],[-0.7279124,51.2393669]]}},
{"type":"Feature","properties":{"id":94826,"nach":0.42402046037989277},"geometry":{"type":"LineString","coordinates":[[-0.7277524,51.2397137],[-0.7280832,51.2397398],[-0.7280917,51.239697500000013],[-0.7281722,51.2397039],[-0.7281637,51.239746],[-0.7283382,51.239842]]}},
{"type":"Feature","properties":{"id":90462,"nach":0.40842091687328208},"geometry":{"type":"LineString","coordinates":[[-0.7280254,51.2400922],[-0.7279553,51.2404674],[-0.7276602,51.24044580000001]]}},
{"type":"Feature","properties":{"id":90463,"nach":0.41921139034015731},"geometry":{"type":"LineString","coordinates":[[-0.7277326,51.2400269],[-0.7280254,51.2400922]]}},
{"type":"Feature","properties":{"id":67803,"nach":0.5982016697290492},"geometry":{"type":"LineString","coordinates":[[-0.7237497,51.2418091],[-0.7244844,51.2417143]]}},
{"type":"Feature","properties":{"id":75646,"nach":0.63142592320024815},"geometry":{"type":"LineString","coordinates":[[-0.7246094,51.241709200000017],[-0.7244844,51.2417143]]}},
{"type":"Feature","properties":{"id":90774,"nach":0.59106780625256261},"geometry":{"type":"LineString","coordinates":[[-0.7244328,51.2415047],[-0.7244844,51.2417143]]}},
{"type":"Feature","properties":{"id":78195,"nach":0.51309898901236872},"geometry":{"type":"LineString","coordinates":[[-0.7238291,51.2420715],[-0.7237497,51.2418091]]}},
{"type":"Feature","properties":{"id":90755,"nach":0.59662983651675472},"geometry":{"type":"LineString","coordinates":[[-0.7234441,51.2417802],[-0.7237497,51.2418091]]}},
{"type":"Feature","properties":{"id":90783,"nach":0.62483765561045734},"geometry":{"type":"LineString","coordinates":[[-0.7250179,51.2417514],[-0.724754,51.2417079],[-0.7246094,51.241709200000017]]}},
{"type":"Feature","properties":{"id":78199,"nach":0.57401875583971396},"geometry":{"type":"LineString","coordinates":[[-0.7247351,51.2424182],[-0.7246301,51.242018],[-0.7246873,51.2419876],[-0.7246094,51.241709200000017]]}},
{"type":"Feature","properties":{"id":90775,"nach":0.58360063993558953},"geometry":{"type":"LineString","coordinates":[[-0.7244328,51.2415047],[-0.724422,51.241461],[-0.7243771,51.241223299999987]]}},
{"type":"Feature","properties":{"id":90777,"nach":0.45401654090668486},"geometry":{"type":"LineString","coordinates":[[-0.7248612,51.2414995],[-0.7246966,51.241479600000012],[-0.7244328,51.2415047]]}},
{"type":"Feature","properties":{"id":90766,"nach":0.48377550793361013},"geometry":{"type":"LineString","coordinates":[[-0.7232422,51.2423365],[-0.723311,51.2423125],[-0.7237486,51.2421642],[-0.7238291,51.2420715]]}},
{"type":"Feature","properties":{"id":90763,"nach":0.45685196608537632},"geometry":{"type":"LineString","coordinates":[[-0.7240631,51.2420615],[-0.7238904,51.2420806],[-0.7238291,51.2420715]]}},
{"type":"Feature","properties":{"id":90761,"nach":0.58969376130414752},"geometry":{"type":"LineString","coordinates":[[-0.7230699,51.241730700000012],[-0.7230999,51.241733899999986],[-0.7233899,51.2417751],[-0.7234441,51.2417802]]}},
{"type":"Feature","properties":{"id":90758,"nach":0.45136983888765619},"geometry":{"type":"LineString","coordinates":[[-0.7236121,51.2420573],[-0.7233856,51.24202660000001],[-0.7234014,51.2419529],[-0.7234218,51.2418687],[-0.7234441,51.2417802]]}},
{"type":"Feature","properties":{"id":90759,"nach":0.59683486201711067},"geometry":{"type":"LineString","coordinates":[[-0.7230699,51.241730700000012],[-0.7228661,51.241708800000012]]}},
{"type":"Feature","properties":{"id":67811,"nach":0.61249339230188149},"geometry":{"type":"LineString","coordinates":[[-0.7225645,51.2417122],[-0.7227296,51.241695099999987],[-0.7228661,51.241708800000012]]}},
{"type":"Feature","properties":{"id":75639,"nach":0.51360056624748307},"geometry":{"type":"LineString","coordinates":[[-0.7243771,51.241223299999987],[-0.7243001,51.2412011],[-0.7239192,51.2413788],[-0.7237921,51.2414565],[-0.7235226,51.2414748],[-0.7229161,51.2416376],[-0.7228661,51.241708800000012]]}},
{"type":"Feature","properties":{"id":90762,"nach":0.45504361257660114},"geometry":{"type":"LineString","coordinates":[[-0.723026,51.241881100000015],[-0.7230699,51.241730700000012]]}},
{"type":"Feature","properties":{"id":90363,"nach":0.62115098069274111},"geometry":{"type":"LineString","coordinates":[[-0.7219266,51.2419472],[-0.7225645,51.2417122]]}},
{"type":"Feature","properties":{"id":82158,"nach":0.56402337842285855},"geometry":{"type":"LineString","coordinates":[[-0.7213638,51.2403008],[-0.72138,51.240321],[-0.7213915,51.2403354],[-0.7214388,51.2404063],[-0.7215415,51.2405142],[-0.7216522,51.2406274],[-0.721836,51.2408487],[-0.7224895,51.2415794],[-0.7225263,51.2416557],[-0.7225645,51.2417122]]}},
{"type":"Feature","properties":{"id":90764,"nach":0.59760204601673184},"geometry":{"type":"LineString","coordinates":[[-0.7232422,51.2423365],[-0.7229547,51.2420045],[-0.7225645,51.2417122]]}},
{"type":"Feature","properties":{"id":80350,"nach":0.53579294169797254},"geometry":{"type":"LineString","coordinates":[[-0.7252659,51.2411555],[-0.7251927,51.2411588],[-0.7245709,51.241207],[-0.7243771,51.241223299999987]]}},
{"type":"Feature","properties":{"id":75650,"nach":0.57432287626172995},"geometry":{"type":"LineString","coordinates":[[-0.7242812,51.24093950000001],[-0.7243582,51.2411357],[-0.7243771,51.241223299999987]]}},
{"type":"Feature","properties":{"id":90364,"nach":0.61323891047352119},"geometry":{"type":"LineString","coordinates":[[-0.7219266,51.2419472],[-0.7214624,51.2421182],[-0.7212201,51.2422046]]}},
{"type":"Feature","properties":{"id":90365,"nach":0.5603267546649211},"geometry":{"type":"LineString","coordinates":[[-0.7219266,51.2419472],[-0.7218363,51.241816],[-0.7217705,51.2416772],[-0.7217287,51.2416549],[-0.7216675,51.2415364]]}},
{"type":"Feature","properties":{"id":93781,"nach":0.0},"geometry":{"type":"LineString","coordinates":[[-0.7219172,51.243249899999988],[-0.72236,51.2430575],[-0.722525,51.24298670000001],[-0.7226928,51.2429998],[-0.7227819,51.2430294],[-0.7230075,51.2429637],[-0.7232068,51.2428881],[-0.7232187,51.2428348],[-0.7231585,51.242724],[-0.7230589,51.2426964],[-0.7228522,51.2426251],[-0.7225324,51.2425319],[-0.722307,51.2423172],[-0.7219266,51.2419472]]}},
{"type":"Feature","properties":{"id":82156,"nach":0.59979384742729991},"geometry":{"type":"LineString","coordinates":[[-0.7213638,51.2403008],[-0.72143,51.2402933]]}},
{"type":"Feature","properties":{"id":87550,"nach":0.61470842765122813},"geometry":{"type":"LineString","coordinates":[[-0.7209697,51.2403612],[-0.7210531,51.2403435],[-0.7213638,51.2403008]]}},
{"type":"Feature","properties":{"id":69022,"nach":0.45453306204092475},"geometry":{"type":"LineString","coordinates":[[-0.7190016,51.2467371],[-0.7190104,51.2466862],[-0.7190297,51.246548100000012],[-0.7190379,51.2465062],[-0.719044,51.2464655],[-0.7190474,51.2464524],[-0.7190549,51.24643540000001],[-0.7190645,51.2464236],[-0.7190804,51.246416299999986],[-0.719111,51.2464121],[-0.7195177,51.2463747]]}},
{"type":"Feature","properties":{"id":69024,"nach":0.45576704337034352},"geometry":{"type":"LineString","coordinates":[[-0.7197607,51.2467732],[-0.7196289,51.2467905],[-0.7194863,51.2467935],[-0.7193691,51.2467801],[-0.7192367,51.2467646],[-0.7190016,51.2467371]]}},
{"type":"Feature","properties":{"id":77546,"nach":0.44771364712663675},"geometry":{"type":"LineString","coordinates":[[-0.7163468,51.2461565],[-0.7164268,51.2460907],[-0.716499,51.2460585],[-0.7165832,51.2460413],[-0.7169706,51.2460429]]}},
{"type":"Feature","properties":{"id":77549,"nach":0.45208917117318365},"geometry":{"type":"LineString","coordinates":[[-0.7161505,51.2461327],[-0.716233,51.2461352],[-0.7163047,51.2461434],[-0.7163468,51.2461565]]}},
{"type":"Feature","properties":{"id":77543,"nach":0.44906727082128095},"geometry":{"type":"LineString","coordinates":[[-0.7157569,51.2461863],[-0.7158104,51.2461716],[-0.71587030000001,51.2461566],[-0.7159271,51.24614050000001],[-0.7160121,51.246139]]}},
{"type":"Feature","properties":{"id":77545,"nach":0.44922144444057371},"geometry":{"type":"LineString","coordinates":[[-0.715545,51.2461856],[-0.7157569,51.2461863]]}},
{"type":"Feature","properties":{"id":87276,"nach":0.5442640451431825},"geometry":{"type":"LineString","coordinates":[[-0.7097271,51.2417786],[-0.7096206,51.2412646]]}},
{"type":"Feature","properties":{"id":79535,"nach":0.37600348156516028},"geometry":{"type":"LineString","coordinates":[[-0.710947,51.2412336],[-0.710914,51.2412321],[-0.7108088,51.2412306],[-0.7096206,51.2412646]]}},
{"type":"Feature","properties":{"id":80301,"nach":0.63744059587562407},"geometry":{"type":"LineString","coordinates":[[-0.7248218,51.2391429],[-0.725093,51.239123],[-0.7252439,51.2390898],[-0.7253571,51.2390612],[-0.7254958,51.239035],[-0.7255547,51.2389867]]}},
{"type":"Feature","properties":{"id":73086,"nach":0.62963747203536868},"geometry":{"type":"LineString","coordinates":[[-0.7259785,51.2390311],[-0.725916,51.2390323],[-0.7257453,51.2390349],[-0.725682,51.2390305],[-0.7256152,51.2390158],[-0.7255547,51.2389867]]}},
{"type":"Feature","properties":{"id":75591,"nach":0.60925492798618397},"geometry":{"type":"LineString","coordinates":[[-0.7254935,51.2389201],[-0.7255233,51.238961],[-0.7255547,51.2389867]]}},
{"type":"Feature","properties":{"id":80302,"nach":0.59629800904552577},"geometry":{"type":"LineString","coordinates":[[-0.7248218,51.2391429],[-0.7248513,51.2392447],[-0.7250208,51.2392241],[-0.7250241,51.2392507],[-0.72503080000001,51.2393044],[-0.7250392,51.2393854]]}},
{"type":"Feature","properties":{"id":78829,"nach":0.50732648195609809},"geometry":{"type":"LineString","coordinates":[[-0.7262587,51.2380367],[-0.7261194,51.2383665],[-0.7259785,51.2390311]]}},
{"type":"Feature","properties":{"id":73089,"nach":0.6356209352920027},"geometry":{"type":"LineString","coordinates":[[-0.7283513,51.23899830000002],[-0.7282518,51.239043600000016],[-0.7281244,51.2390451],[-0.7273606,51.2390397],[-0.7271127,51.2390375],[-0.726101,51.2390286],[-0.7259785,51.2390311]]}},
{"type":"Feature","properties":{"id":90481,"nach":0.52460084706936294},"geometry":{"type":"LineString","coordinates":[[-0.7257044,51.2388844],[-0.7256341,51.238907],[-0.7255599,51.238907800000014],[-0.7254935,51.2389201]]}},
{"type":"Feature","properties":{"id":75606,"nach":0.58843838974925655},"geometry":{"type":"LineString","coordinates":[[-0.7254545,51.2387958],[-0.7254735,51.2388875],[-0.7254935,51.2389201]]}},
{"type":"Feature","properties":{"id":78830,"nach":0.4690508912484026},"geometry":{"type":"LineString","coordinates":[[-0.7262587,51.2380367],[-0.7263819,51.2377452],[-0.7266057,51.2373513],[-0.7265962,51.2373149]]}},
{"type":"Feature","properties":{"id":78834,"nach":0.4267916722021729},"geometry":{"type":"LineString","coordinates":[[-0.7258154,51.2379752],[-0.726215,51.2380306],[-0.7262587,51.2380367]]}},
{"type":"Feature","properties":{"id":91762,"nach":0.60081019290944759},"geometry":{"type":"LineString","coordinates":[[-0.7184267,51.2414446],[-0.7183304,51.2416392]]}},
{"type":"Feature","properties":{"id":73125,"nach":0.46629049007270662},"geometry":{"type":"LineString","coordinates":[[-0.7168522,51.2411145],[-0.7168257,51.2412113],[-0.7168441,51.2413589],[-0.7168503,51.2414011],[-0.7168625,51.241427],[-0.7168885,51.2414429],[-0.7169679,51.24145870000001],[-0.7170859,51.2414755],[-0.7172441,51.2414984],[-0.7173367,51.2415141],[-0.7174359,51.2415351],[-0.7175218,51.2415494],[-0.7176031,51.2415589],[-0.7176875,51.241558499999989],[-0.7178207,51.2415549],[-0.7179549,51.2415763],[-0.7181105,51.2416031],[-0.7183304,51.2416392]]}},
{"type":"Feature","properties":{"id":91777,"nach":0.50828485999285733},"geometry":{"type":"LineString","coordinates":[[-0.7174651,51.2430772],[-0.7176179,51.243106400000016]]}},
{"type":"Feature","properties":{"id":91764,"nach":0.42324679179266839},"geometry":{"type":"LineString","coordinates":[[-0.7180841,51.2414742],[-0.7181249,51.24139],[-0.7183085,51.24142350000001],[-0.7184267,51.2414446]]}},
{"type":"Feature","properties":{"id":91760,"nach":0.38784663559717358},"geometry":{"type":"LineString","coordinates":[[-0.7160309,51.241262],[-0.7160618,51.241180900000025],[-0.716185,51.2411842],[-0.7162757,51.241165600000016],[-0.7164948,51.2411088],[-0.7166254,51.2410869],[-0.7167388,51.2410905],[-0.7168522,51.2411145]]}},
{"type":"Feature","properties":{"id":90285,"nach":0.3905590772377332},"geometry":{"type":"LineString","coordinates":[[-0.7172223,51.2409067],[-0.7171699,51.2410321],[-0.7171504,51.2410792],[-0.7171153,51.241155],[-0.7168522,51.2411145]]}},
{"type":"Feature","properties":{"id":90294,"nach":0.47927385701668562},"geometry":{"type":"LineString","coordinates":[[-0.7210427,51.2429527],[-0.7198633,51.2431505]]}},
{"type":"Feature","properties":{"id":90300,"nach":0.58887940944919925},"geometry":{"type":"LineString","coordinates":[[-0.7197457,51.2426547],[-0.7197196,51.2427007],[-0.7197159,51.242780400000015],[-0.7197432,51.242862],[-0.7198633,51.2431505]]}},
{"type":"Feature","properties":{"id":91753,"nach":0.59988343263986021},"geometry":{"type":"LineString","coordinates":[[-0.7192161,51.243511800000014],[-0.7197011,51.2434074],[-0.719815,51.2433637],[-0.7198593,51.243321700000017],[-0.7198808,51.2432672],[-0.7198794,51.243195],[-0.7198633,51.2431505]]}},
{"type":"Feature","properties":{"id":90293,"nach":0.49554611740450305},"geometry":{"type":"LineString","coordinates":[[-0.7210427,51.2429527],[-0.7211792,51.242946799999984]]}},
{"type":"Feature","properties":{"id":90296,"nach":0.46801733283357433},"geometry":{"type":"LineString","coordinates":[[-0.7211035,51.2434112],[-0.7210427,51.2429527]]}},
{"type":"Feature","properties":{"id":90299,"nach":0.59195829233067188},"geometry":{"type":"LineString","coordinates":[[-0.7197457,51.2426547],[-0.7198516,51.2426098],[-0.7200951,51.242551]]}},
{"type":"Feature","properties":{"id":90303,"nach":0.47059649604269949},"geometry":{"type":"LineString","coordinates":[[-0.7194867,51.242551800000015],[-0.7195404,51.2425598],[-0.7195986,51.2425824],[-0.7197457,51.2426547]]}},
{"type":"Feature","properties":{"id":91754,"nach":0.60305385526135502},"geometry":{"type":"LineString","coordinates":[[-0.7192161,51.243511800000014],[-0.7190045,51.2435574],[-0.7182704,51.2436683],[-0.7179393,51.2436169],[-0.7178865,51.2436139]]}},
{"type":"Feature","properties":{"id":91755,"nach":0.50357835861187872},"geometry":{"type":"LineString","coordinates":[[-0.7191604,51.24340930000001],[-0.7192161,51.243511800000014]]}},
{"type":"Feature","properties":{"id":75536,"nach":0.4674148062986947},"geometry":{"type":"LineString","coordinates":[[-0.726826,51.2423432],[-0.7269559,51.2423609],[-0.7270878,51.242348699999987]]}},
{"type":"Feature","properties":{"id":75544,"nach":0.58919367245083587},"geometry":{"type":"LineString","coordinates":[[-0.7269219,51.2422035],[-0.7268956,51.2422389],[-0.7268669,51.2422797],[-0.7268333,51.2423271],[-0.726826,51.2423432]]}},
{"type":"Feature","properties":{"id":78213,"nach":0.62794034404068255},"geometry":{"type":"LineString","coordinates":[[-0.7258335,51.2419096],[-0.7256309,51.2418627]]}},
{"type":"Feature","properties":{"id":90779,"nach":0.62597741796734341},"geometry":{"type":"LineString","coordinates":[[-0.7252843,51.2417953],[-0.7254385,51.2418244],[-0.7256309,51.2418627]]}},
{"type":"Feature","properties":{"id":80351,"nach":0.48406893956225228},"geometry":{"type":"LineString","coordinates":[[-0.7252659,51.2411555],[-0.7253458,51.2411752],[-0.7253976,51.241221499999988],[-0.7254735,51.241278],[-0.7255638,51.2412961],[-0.7256721,51.2413142],[-0.7257625,51.2413345],[-0.7258207,51.2413824],[-0.7258547,51.241451500000011],[-0.7258725,51.2415145],[-0.7258492,51.2415675],[-0.7257764,51.241609200000013],[-0.7257372,51.241667],[-0.7256613,51.2417914],[-0.7256309,51.2418627]]}},
{"type":"Feature","properties":{"id":85515,"nach":0.62779849142101529},"geometry":{"type":"LineString","coordinates":[[-0.726636,51.242114400000013],[-0.7265969,51.2421016],[-0.7264021,51.2420353],[-0.7258335,51.2419096]]}},
{"type":"Feature","properties":{"id":78216,"nach":0.4557847632204618},"geometry":{"type":"LineString","coordinates":[[-0.7257296,51.2422602],[-0.7256919,51.2421514],[-0.7258335,51.2419096]]}},
{"type":"Feature","properties":{"id":90778,"nach":0.62498089251074362},"geometry":{"type":"LineString","coordinates":[[-0.7252843,51.2417953],[-0.7250773,51.2417612]]}},
{"type":"Feature","properties":{"id":90781,"nach":0.45711803506342663},"geometry":{"type":"LineString","coordinates":[[-0.7251784,51.2420404],[-0.7252132,51.2419611],[-0.7252425,51.2418945],[-0.7252843,51.2417953]]}},
{"type":"Feature","properties":{"id":80352,"nach":0.55644917155634877},"geometry":{"type":"LineString","coordinates":[[-0.7252659,51.2411555],[-0.7252683,51.2410691],[-0.7252701,51.2410094],[-0.7252723,51.240973899999986]]}},
{"type":"Feature","properties":{"id":78615,"nach":0.57230301541212392},"geometry":{"type":"LineString","coordinates":[[-0.72329810000001,51.237377],[-0.7233363,51.237095600000011]]}},
{"type":"Feature","properties":{"id":73269,"nach":0.39164521690217036},"geometry":{"type":"LineString","coordinates":[[-0.7198529,51.2380675],[-0.7199655,51.2378735],[-0.7201295,51.2377065],[-0.7201659,51.23758320000001],[-0.7202564,51.23747],[-0.7202894,51.2373696],[-0.7202905,51.2372675],[-0.7203207,51.2371532],[-0.7204377,51.2369687],[-0.7205687,51.23694050000001],[-0.7207137,51.2369352],[-0.7208629,51.2369457],[-0.7210021,51.2369688],[-0.72130190000001,51.2370273],[-0.7216085,51.2370249],[-0.7221142,51.2370504],[-0.7226973,51.2370921],[-0.7233363,51.237095600000011]]}},
{"type":"Feature","properties":{"id":79224,"nach":0.42260298779985561},"geometry":{"type":"LineString","coordinates":[[-0.7237747,51.23705],[-0.7237736,51.237106899999986],[-0.7237358,51.2371395],[-0.7236565,51.237167],[-0.72329810000001,51.237377]]}},
{"type":"Feature","properties":{"id":73283,"nach":0.42232777830844037},"geometry":{"type":"LineString","coordinates":[[-0.7196288,51.2380556],[-0.7198529,51.2380675]]}},
{"type":"Feature","properties":{"id":73271,"nach":0.3750243271659256},"geometry":{"type":"LineString","coordinates":[[-0.7198556,51.2386305],[-0.7198699,51.2384319],[-0.7199097,51.2383024],[-0.7199064,51.2381734],[-0.7198529,51.2380675]]}},
{"type":"Feature","properties":{"id":73284,"nach":0.39920291822295956},"geometry":{"type":"LineString","coordinates":[[-0.7196288,51.2380556],[-0.7192434,51.238540200000017]]}},
{"type":"Feature","properties":{"id":73280,"nach":0.37029547062037504},"geometry":{"type":"LineString","coordinates":[[-0.7192434,51.238540200000017],[-0.7198556,51.2386305]]}},
{"type":"Feature","properties":{"id":73297,"nach":0.36347011110874816},"geometry":{"type":"LineString","coordinates":[[-0.7127511,51.239328],[-0.7126986,51.2391721],[-0.7126986,51.2389998],[-0.7127642,51.2385484],[-0.7126395,51.2382539]]}},
{"type":"Feature","properties":{"id":73302,"nach":0.42705881738180279},"geometry":{"type":"LineString","coordinates":[[-0.7127526,51.23948870000001],[-0.7127515,51.2393742],[-0.7127515,51.2393661],[-0.7127511,51.239328]]}},
{"type":"Feature","properties":{"id":73295,"nach":0.26478620321577817},"geometry":{"type":"LineString","coordinates":[[-0.7126395,51.2382539],[-0.712297,51.238145099999983],[-0.7120739,51.2379946],[-0.7121125,51.2373874],[-0.7124558,51.2369763],[-0.7132326,51.2370381],[-0.7135461,51.2371947]]}},
{"type":"Feature","properties":{"id":73304,"nach":0.46709630978806188},"geometry":{"type":"LineString","coordinates":[[-0.7127511,51.2396481],[-0.7127526,51.23948870000001]]}},
{"type":"Feature","properties":{"id":73323,"nach":0.46044699593825761},"geometry":{"type":"LineString","coordinates":[[-0.71281640000001,51.23972280000001],[-0.7127511,51.2396481]]}},
{"type":"Feature","properties":{"id":73318,"nach":0.0},"geometry":{"type":"LineString","coordinates":[[-0.7135303,51.2408887],[-0.7133501,51.2409168],[-0.7131699,51.2410296],[-0.7121528,51.2413198],[-0.7118652,51.2412365],[-0.7117451,51.2410592],[-0.7118309,51.2399765],[-0.7120433,51.2397754],[-0.712365,51.2396664],[-0.7127511,51.2396481]]}},
{"type":"Feature","properties":{"id":73325,"nach":0.34543564449851072},"geometry":{"type":"LineString","coordinates":[[-0.71281640000001,51.23972280000001],[-0.713389,51.2406489],[-0.7135303,51.2408887]]}},
{"type":"Feature","properties":{"id":90492,"nach":0.45302205527307959},"geometry":{"type":"LineString","coordinates":[[-0.7129302,51.2397238],[-0.71281640000001,51.23972280000001]]}},
{"type":"Feature","properties":{"id":73319,"nach":0.22622567697678131},"geometry":{"type":"LineString","coordinates":[[-0.7135303,51.2408887],[-0.7142125,51.2408862],[-0.7149461,51.2409063],[-0.7153885,51.240815400000017],[-0.7156554,51.2406034],[-0.7157159,51.2402905]]}},
{"type":"Feature","properties":{"id":73322,"nach":0.38572065300966824},"geometry":{"type":"LineString","coordinates":[[-0.7156148,51.23974650000001],[-0.7156569,51.239908600000014],[-0.7157159,51.2402905]]}},
{"type":"Feature","properties":{"id":90493,"nach":0.34857299854155743},"geometry":{"type":"LineString","coordinates":[[-0.7129302,51.2397238],[-0.7156148,51.23974650000001]]}},
{"type":"Feature","properties":{"id":90494,"nach":0.43781190074055765},"geometry":{"type":"LineString","coordinates":[[-0.7129302,51.2397238],[-0.7134463,51.2398702],[-0.7138271,51.2399259],[-0.7141688,51.2400128],[-0.7146777,51.2401932],[-0.7149375,51.2402623],[-0.7153325,51.240262299999983],[-0.7157159,51.2402905]]}},
{"type":"Feature","properties":{"id":93014,"nach":0.47845206506092025},"geometry":{"type":"LineString","coordinates":[[-0.7159125,51.2402888],[-0.7158753,51.2402873],[-0.7157734,51.2402831],[-0.7157159,51.2402905]]}},
{"type":"Feature","properties":{"id":93021,"nach":0.37892536354100642},"geometry":{"type":"LineString","coordinates":[[-0.718458,51.239704],[-0.7177746,51.2398479],[-0.7173817,51.2398701],[-0.7167882,51.240163200000019],[-0.7163723,51.2402326],[-0.7162093,51.2402012],[-0.71612780000001,51.2402993],[-0.7159125,51.2402888]]}},
{"type":"Feature","properties":{"id":74505,"nach":0.43910088122385249},"geometry":{"type":"LineString","coordinates":[[-0.7221411,51.244244199999983],[-0.7218531,51.2437992]]}},
{"type":"Feature","properties":{"id":75602,"nach":0.50030814541612856},"geometry":{"type":"LineString","coordinates":[[-0.7214747,51.2438903],[-0.7217244,51.2438402],[-0.7218531,51.2437992]]}},
{"type":"Feature","properties":{"id":105464,"nach":0.41986774276868949},"geometry":{"type":"LineString","coordinates":[[-0.7213122,51.2439155],[-0.7214747,51.2438903]]}},
{"type":"Feature","properties":{"id":105461,"nach":0.45809355053210632},"geometry":{"type":"LineString","coordinates":[[-0.7215752,51.244170700000012],[-0.7215837,51.244108],[-0.7214747,51.2438903]]}},
{"type":"Feature","properties":{"id":91889,"nach":0.51113953363302989},"geometry":{"type":"LineString","coordinates":[[-0.7238927,51.2455549],[-0.7236522,51.2451898]]}},
{"type":"Feature","properties":{"id":87248,"nach":0.42972031110457715},"geometry":{"type":"LineString","coordinates":[[-0.7246631,51.2448119],[-0.7241187,51.2449177],[-0.7240773,51.2449288],[-0.7240394,51.2449441],[-0.724006,51.244963],[-0.7239763,51.2449867],[-0.7239538,51.2450133],[-0.7239389,51.2450419],[-0.7239349,51.2450814],[-0.7239279,51.2450995],[-0.7239135,51.2451158],[-0.7238866,51.245132],[-0.7238528,51.2451419],[-0.7236522,51.2451898]]}},
{"type":"Feature","properties":{"id":75522,"nach":0.54618827313291463},"geometry":{"type":"LineString","coordinates":[[-0.7232279,51.245293899999986],[-0.7232744,51.2452821],[-0.7235912,51.2452019],[-0.7236522,51.2451898]]}},
{"type":"Feature","properties":{"id":91888,"nach":0.43738905348573354},"geometry":{"type":"LineString","coordinates":[[-0.7238927,51.2455549],[-0.7239544,51.2456485]]}},
{"type":"Feature","properties":{"id":91890,"nach":0.43683362369810291},"geometry":{"type":"LineString","coordinates":[[-0.7238927,51.2455549],[-0.7241006,51.2455054]]}},
{"type":"Feature","properties":{"id":89425,"nach":0.5103225950316459},"geometry":{"type":"LineString","coordinates":[[-0.7202097,51.2479012],[-0.7209491,51.2477756]]}},
{"type":"Feature","properties":{"id":91199,"nach":0.44142871661894401},"geometry":{"type":"LineString","coordinates":[[-0.720451,51.2474009],[-0.7201557,51.2474556],[-0.7202097,51.2479012]]}},
{"type":"Feature","properties":{"id":75314,"nach":0.0},"geometry":{"type":"LineString","coordinates":[[-0.7243934,51.245596],[-0.724304,51.245581500000014],[-0.7241154,51.245279],[-0.7243366,51.2452249],[-0.7245323,51.2455387],[-0.7244031,51.2455725],[-0.7243934,51.245596]]}},
{"type":"Feature","properties":{"id":85516,"nach":0.63407063661965457},"geometry":{"type":"LineString","coordinates":[[-0.726636,51.242114400000013],[-0.7267428,51.242150600000016],[-0.7269219,51.2422035]]}},
{"type":"Feature","properties":{"id":105459,"nach":0.61464174426068785},"geometry":{"type":"LineString","coordinates":[[-0.721683,51.2444657],[-0.7215554,51.2444823],[-0.7213581,51.2445297]]}},
{"type":"Feature","properties":{"id":105462,"nach":0.47381600643423982},"geometry":{"type":"LineString","coordinates":[[-0.7215752,51.244170700000012],[-0.721576,51.2442334],[-0.721683,51.2444657]]}},
{"type":"Feature","properties":{"id":85517,"nach":0.4352580119411964},"geometry":{"type":"LineString","coordinates":[[-0.726636,51.242114400000013],[-0.7265482,51.2422159],[-0.7265174,51.242244],[-0.7264662,51.2422673],[-0.7264149,51.2422769],[-0.726356,51.24227530000001],[-0.7262727,51.2422817],[-0.7258321,51.242384300000012],[-0.7253696,51.2424381],[-0.7250955,51.2425006],[-0.7248905,51.2425383],[-0.7244934,51.2425816],[-0.7243396,51.2426297],[-0.7241424,51.2426811],[-0.7240296,51.2426803],[-0.7239848,51.2426698],[-0.7239057,51.2426109]]}},
{"type":"Feature","properties":{"id":75607,"nach":0.53428688502545862},"geometry":{"type":"LineString","coordinates":[[-0.7256884,51.2378419],[-0.7259955,51.2377289],[-0.7260552,51.2376694],[-0.7261544,51.2376129],[-0.7262812,51.2375964],[-0.7263691,51.2375764],[-0.7264308,51.2375193],[-0.7264974,51.237391],[-0.7265962,51.2373149]]}},
{"type":"Feature","properties":{"id":75609,"nach":0.36548112941717747},"geometry":{"type":"LineString","coordinates":[[-0.7256884,51.2378419],[-0.7253519,51.23796080000001],[-0.7249878,51.2380967],[-0.7248418,51.2381672],[-0.7248225,51.2382154],[-0.7248506,51.2382849],[-0.7249134,51.2384295],[-0.724932,51.2385149],[-0.724918,51.2385686],[-0.7248935,51.2386643],[-0.7248949,51.238751700000016]]}},
{"type":"Feature","properties":{"id":78832,"nach":0.53534151828391729},"geometry":{"type":"LineString","coordinates":[[-0.7258154,51.2379752],[-0.7257878,51.2379426],[-0.7256884,51.2378419]]}},
{"type":"Feature","properties":{"id":75605,"nach":0.48234944007127195},"geometry":{"type":"LineString","coordinates":[[-0.7254545,51.2387958],[-0.7251881,51.2387644],[-0.7250086,51.2387616],[-0.7248949,51.238751700000016]]}},
{"type":"Feature","properties":{"id":90478,"nach":0.44564743508459315},"geometry":{"type":"LineString","coordinates":[[-0.7248968,51.2389744],[-0.724887,51.23880960000001],[-0.7248949,51.238751700000016]]}},
{"type":"Feature","properties":{"id":90471,"nach":0.56566373002876646},"geometry":{"type":"LineString","coordinates":[[-0.7255927,51.2385478],[-0.7255614,51.238621800000018],[-0.7255156,51.2386638],[-0.7254545,51.2387958]]}},
{"type":"Feature","properties":{"id":90482,"nach":0.45009883758226504},"geometry":{"type":"LineString","coordinates":[[-0.7257359,51.2387914],[-0.7257044,51.2388844]]}},
{"type":"Feature","properties":{"id":90483,"nach":0.45119926753305817},"geometry":{"type":"LineString","coordinates":[[-0.7257504,51.2389197],[-0.7257044,51.2388844]]}},
{"type":"Feature","properties":{"id":91189,"nach":0.61223086044381758},"geometry":{"type":"LineString","coordinates":[[-0.7213581,51.2445297],[-0.7209951,51.2446237],[-0.7209412,51.244649],[-0.7209027,51.244666900000013]]}},
{"type":"Feature","properties":{"id":105465,"nach":0.36694465720264274},"geometry":{"type":"LineString","coordinates":[[-0.7213122,51.2439155],[-0.7211372,51.2439304],[-0.7209593,51.2439458],[-0.7207859,51.2439892],[-0.720676,51.2440361],[-0.7206092,51.2441056],[-0.720592,51.2441874],[-0.7205843,51.244252],[-0.720612,51.2443135],[-0.7206517,51.244394],[-0.720744,51.2445356],[-0.7208089,51.2446135],[-0.7208661,51.2446523],[-0.7209027,51.244666900000013]]}},
{"type":"Feature","properties":{"id":91191,"nach":0.43867909324181392},"geometry":{"type":"LineString","coordinates":[[-0.7214177,51.2443493],[-0.7213542,51.2442473],[-0.7212049,51.2442838],[-0.7213581,51.2445297]]}},
{"type":"Feature","properties":{"id":105466,"nach":0.18850126576290852},"geometry":{"type":"LineString","coordinates":[[-0.7213122,51.2439155],[-0.7214535,51.244140300000012],[-0.7215752,51.244170700000012]]}},
{"type":"Feature","properties":{"id":90475,"nach":0.5494090228589037},"geometry":{"type":"LineString","coordinates":[[-0.7256661,51.2383742],[-0.7255927,51.2385478]]}},
{"type":"Feature","properties":{"id":90473,"nach":0.44897834151285787},"geometry":{"type":"LineString","coordinates":[[-0.725388,51.2384148],[-0.7253521,51.2385125],[-0.7255927,51.2385478]]}},
{"type":"Feature","properties":{"id":90477,"nach":0.53028080306471992},"geometry":{"type":"LineString","coordinates":[[-0.7256661,51.2383742],[-0.7258064,51.2380426],[-0.7258154,51.2379752]]}},
{"type":"Feature","properties":{"id":75649,"nach":0.54007270822803688},"geometry":{"type":"LineString","coordinates":[[-0.7242812,51.24093950000001],[-0.7244326,51.2408822]]}},
{"type":"Feature","properties":{"id":75644,"nach":0.48887069061738492},"geometry":{"type":"LineString","coordinates":[[-0.7252641,51.2408495],[-0.7246552,51.2408734],[-0.7244326,51.2408822]]}},
{"type":"Feature","properties":{"id":78191,"nach":0.50093721467425223},"geometry":{"type":"LineString","coordinates":[[-0.7243332,51.2401609],[-0.7243445,51.2402448],[-0.724373,51.2404573],[-0.7244014,51.2406682],[-0.7244326,51.2408822]]}},
{"type":"Feature","properties":{"id":80305,"nach":0.56325766802645472},"geometry":{"type":"LineString","coordinates":[[-0.7236138,51.2404122],[-0.7238732,51.2407882],[-0.7242812,51.24093950000001]]}},
{"type":"Feature","properties":{"id":80347,"nach":0.58963608864021955},"geometry":{"type":"LineString","coordinates":[[-0.7252723,51.240973899999986],[-0.7252641,51.2408495]]}},
{"type":"Feature","properties":{"id":78193,"nach":0.56999608960859882},"geometry":{"type":"LineString","coordinates":[[-0.7251623,51.2401287],[-0.7252091,51.2405673],[-0.7252641,51.2408495]]}},
{"type":"Feature","properties":{"id":80312,"nach":0.52080422600840948},"geometry":{"type":"LineString","coordinates":[[-0.7242614,51.239939],[-0.7242674,51.2399883],[-0.7243332,51.2401609]]}},
{"type":"Feature","properties":{"id":78194,"nach":0.49382034101797223},"geometry":{"type":"LineString","coordinates":[[-0.7251623,51.2401287],[-0.7248723,51.240138],[-0.7243332,51.2401609]]}},
{"type":"Feature","properties":{"id":80294,"nach":0.56403595779589144},"geometry":{"type":"LineString","coordinates":[[-0.7250392,51.2393854],[-0.725126,51.2399036],[-0.7251623,51.2401287]]}},
{"type":"Feature","properties":{"id":90782,"nach":0.62461733554819421},"geometry":{"type":"LineString","coordinates":[[-0.7250179,51.2417514],[-0.7250773,51.2417612]]}},
{"type":"Feature","properties":{"id":90785,"nach":0.45824323858103733},"geometry":{"type":"LineString","coordinates":[[-0.7249478,51.2419004],[-0.7249526,51.2418895],[-0.7249751,51.2418407],[-0.7250179,51.2417514]]}},
{"type":"Feature","properties":{"id":85514,"nach":0.57527739616244677},"geometry":{"type":"LineString","coordinates":[[-0.7239057,51.2426109],[-0.7241972,51.2425473],[-0.7243337,51.2425414],[-0.7244807,51.242507],[-0.724548,51.2424913],[-0.7247351,51.2424182]]}},
{"type":"Feature","properties":{"id":78212,"nach":0.44785994508301524},"geometry":{"type":"LineString","coordinates":[[-0.7253797,51.2423746],[-0.7251563,51.2424009],[-0.7250529,51.2423836],[-0.7247351,51.2424182]]}},
{"type":"Feature","properties":{"id":83951,"nach":0.52421975577960866},"geometry":{"type":"LineString","coordinates":[[-0.7233244,51.2404842],[-0.7236138,51.2404122]]}},
{"type":"Feature","properties":{"id":80306,"nach":0.54766844097448864},"geometry":{"type":"LineString","coordinates":[[-0.7233186,51.2400113],[-0.7235057,51.240326],[-0.7236138,51.2404122]]}},
{"type":"Feature","properties":{"id":75857,"nach":0.44675354385627364},"geometry":{"type":"LineString","coordinates":[[-0.7276009,51.2413076],[-0.7278296,51.241327800000015]]}},
{"type":"Feature","properties":{"id":75858,"nach":0.44495541045415021},"geometry":{"type":"LineString","coordinates":[[-0.7275691,51.241453300000011],[-0.7277957,51.2414756],[-0.7278019,51.2414745],[-0.7278045,51.2414701],[-0.7278296,51.241327800000015]]}},
{"type":"Feature","properties":{"id":80313,"nach":0.56121974367363803},"geometry":{"type":"LineString","coordinates":[[-0.7242614,51.239939],[-0.724246,51.2396741],[-0.724175,51.2396107],[-0.7241518,51.2394528]]}},
{"type":"Feature","properties":{"id":80314,"nach":0.54010045197903178},"geometry":{"type":"LineString","coordinates":[[-0.7242614,51.239939],[-0.7238338,51.2399644],[-0.7237029,51.2399495]]}},
{"type":"Feature","properties":{"id":80297,"nach":0.53117941195532548},"geometry":{"type":"LineString","coordinates":[[-0.7241518,51.2394528],[-0.724398,51.2394341],[-0.7246195,51.2394355],[-0.7250392,51.2393854]]}},
{"type":"Feature","properties":{"id":78493,"nach":0.44479167256021984},"geometry":{"type":"LineString","coordinates":[[-0.7129804,51.2468428],[-0.7129238,51.2469832],[-0.7129108,51.2470174]]}},
{"type":"Feature","properties":{"id":78492,"nach":0.44580993527845542},"geometry":{"type":"LineString","coordinates":[[-0.7128654,51.2471378],[-0.7129015,51.2470421],[-0.7129108,51.2470174]]}},
{"type":"Feature","properties":{"id":90485,"nach":0.39848047670846798},"geometry":{"type":"LineString","coordinates":[[-0.7276203,51.237642],[-0.7275848,51.2376065],[-0.726881,51.23752850000001],[-0.726757,51.2375521],[-0.7267006,51.23758260000001],[-0.7266802,51.2376091],[-0.7266582,51.23767],[-0.7266456,51.2377368],[-0.7265978,51.237856400000013]]}},
{"type":"Feature","properties":{"id":90486,"nach":0.48099370335222424},"geometry":{"type":"LineString","coordinates":[[-0.7276203,51.237642],[-0.7276512,51.2376728],[-0.7276207,51.2377779],[-0.7275692,51.2379613],[-0.7275505,51.2380403]]}},
{"type":"Feature","properties":{"id":90476,"nach":0.4501356333206421},"geometry":{"type":"LineString","coordinates":[[-0.7256661,51.2383742],[-0.72601,51.2384249]]}},
{"type":"Feature","properties":{"id":78838,"nach":0.41389091876000317},"geometry":{"type":"LineString","coordinates":[[-0.7269039,51.2380436],[-0.7269648,51.2380051],[-0.7272894,51.2380202],[-0.7275505,51.2380403]]}},
{"type":"Feature","properties":{"id":87278,"nach":0.52651408866169647},"geometry":{"type":"LineString","coordinates":[[-0.7097271,51.2417786],[-0.7094912,51.2418147],[-0.7094593,51.2418129],[-0.7094295,51.2418055]]}},
{"type":"Feature","properties":{"id":79534,"nach":0.0},"geometry":{"type":"LineString","coordinates":[[-0.710947,51.2412336],[-0.7111188,51.2412396],[-0.71123170000001,51.241242600000014],[-0.7113159,51.24123860000001],[-0.711397,51.2412187],[-0.7114479,51.2411918],[-0.7114828,51.2411524],[-0.7114863,51.241116],[-0.7114762,51.2410819],[-0.7114479,51.2410525],[-0.7114193,51.2410318],[-0.7113744,51.2410138],[-0.7113082,51.2410081],[-0.7112222,51.2410154],[-0.7111582,51.2410267],[-0.7111095,51.241044899999984],[-0.7110806,51.2410613],[-0.7110536,51.241088500000011],[-0.7110274,51.2411251],[-0.7109991,51.2411779],[-0.7109788,51.2412099],[-0.710947,51.2412336]]}},
{"type":"Feature","properties":{"id":80378,"nach":0.50573711573014346},"geometry":{"type":"LineString","coordinates":[[-0.7231021,51.239499600000023],[-0.7238449,51.239486],[-0.7241518,51.2394528]]}},
{"type":"Feature","properties":{"id":82155,"nach":0.54976764581828197},"geometry":{"type":"LineString","coordinates":[[-0.7219677,51.2396067],[-0.7222735,51.2395671],[-0.7225247,51.2395345],[-0.722964,51.2395056],[-0.7231021,51.239499600000023]]}},
{"type":"Feature","properties":{"id":83963,"nach":0.50996419921730152},"geometry":{"type":"LineString","coordinates":[[-0.723236,51.24050470000001],[-0.7233244,51.2404842]]}},
{"type":"Feature","properties":{"id":83954,"nach":0.42017687150074989},"geometry":{"type":"LineString","coordinates":[[-0.7238745,51.2411581],[-0.7237835,51.2410897],[-0.72369550000001,51.2410441],[-0.7236196,51.2409871],[-0.7235801,51.2409301],[-0.7233244,51.2404842]]}},
{"type":"Feature","properties":{"id":83961,"nach":0.54651035314851237},"geometry":{"type":"LineString","coordinates":[[-0.7229486,51.2400252],[-0.7231935,51.2400023],[-0.7233186,51.2400113]]}},
{"type":"Feature","properties":{"id":80310,"nach":0.5391646867439801},"geometry":{"type":"LineString","coordinates":[[-0.7237029,51.2399495],[-0.723643,51.239948899999987],[-0.7235815,51.2399473],[-0.723518,51.239951900000015],[-0.7234592,51.2399608],[-0.7233186,51.2400113]]}},
{"type":"Feature","properties":{"id":91589,"nach":0.55610193756996229},"geometry":{"type":"LineString","coordinates":[[-0.7229202,51.2400284],[-0.7229486,51.2400252]]}},
{"type":"Feature","properties":{"id":83965,"nach":0.43504848619759162},"geometry":{"type":"LineString","coordinates":[[-0.723236,51.24050470000001],[-0.7231429,51.2403496],[-0.7231222,51.240354],[-0.7230815,51.2402781],[-0.7231046,51.2402727],[-0.7229486,51.2400252]]}},
{"type":"Feature","properties":{"id":91281,"nach":0.44140481147123661},"geometry":{"type":"LineString","coordinates":[[-0.72381,51.2402196],[-0.7237172,51.240083],[-0.7237102,51.2400229],[-0.7237029,51.2399495]]}},
{"type":"Feature","properties":{"id":82153,"nach":0.5404292021791236},"geometry":{"type":"LineString","coordinates":[[-0.7219677,51.2396067],[-0.7221496,51.24013630000001]]}},
{"type":"Feature","properties":{"id":83945,"nach":0.59333602837990607},"geometry":{"type":"LineString","coordinates":[[-0.7215212,51.2402752],[-0.72143,51.2402933]]}},
{"type":"Feature","properties":{"id":85511,"nach":0.43355139628328726},"geometry":{"type":"LineString","coordinates":[[-0.7214064,51.2400164],[-0.7212897,51.2400501],[-0.72143,51.2402933]]}},
{"type":"Feature","properties":{"id":83946,"nach":0.58386454526015796},"geometry":{"type":"LineString","coordinates":[[-0.7215212,51.2402752],[-0.7221323,51.2401389],[-0.7221496,51.24013630000001]]}},
{"type":"Feature","properties":{"id":83949,"nach":0.46357099936204854},"geometry":{"type":"LineString","coordinates":[[-0.7225969,51.2406596],[-0.7223903,51.2407276],[-0.7222025,51.2407754],[-0.7220762,51.2408076],[-0.7220202,51.240821800000013],[-0.7219743,51.240817],[-0.7219437,51.2408074],[-0.7219182,51.2407867],[-0.7217376,51.2405275],[-0.7216339,51.24047130000001],[-0.7215212,51.2402752]]}},
{"type":"Feature","properties":{"id":91746,"nach":0.55092807575053293},"geometry":{"type":"LineString","coordinates":[[-0.7198979,51.242255],[-0.7200951,51.242551]]}},
{"type":"Feature","properties":{"id":90291,"nach":0.60305480513323984},"geometry":{"type":"LineString","coordinates":[[-0.7207681,51.2423643],[-0.7204503,51.242452500000013],[-0.7200951,51.242551]]}},
{"type":"Feature","properties":{"id":91747,"nach":0.54014239242754059},"geometry":{"type":"LineString","coordinates":[[-0.7198979,51.242255],[-0.7197581,51.242045],[-0.7197504,51.2420003]]}},
{"type":"Feature","properties":{"id":91748,"nach":0.23293413134248656},"geometry":{"type":"LineString","coordinates":[[-0.7198979,51.242255],[-0.7198093,51.2422775],[-0.7197032,51.2423019],[-0.7194268,51.242366300000015],[-0.7194867,51.242551800000015]]}},
{"type":"Feature","properties":{"id":90290,"nach":0.61440804048967235},"geometry":{"type":"LineString","coordinates":[[-0.7207681,51.2423643],[-0.7208357,51.24234040000001],[-0.7211613,51.2422254]]}},
{"type":"Feature","properties":{"id":90292,"nach":0.48730166728815749},"geometry":{"type":"LineString","coordinates":[[-0.7207681,51.2423643],[-0.7208683,51.2425334],[-0.7209438,51.2426333],[-0.7211792,51.242946799999984]]}},
{"type":"Feature","properties":{"id":90289,"nach":0.40404760804399487},"geometry":{"type":"LineString","coordinates":[[-0.7198474,51.240996],[-0.7199464,51.241187700000012],[-0.7199239,51.241265700000014],[-0.719871,51.2414382]]}},
{"type":"Feature","properties":{"id":80390,"nach":0.48050357096515395},"geometry":{"type":"LineString","coordinates":[[-0.7197504,51.2420003],[-0.7197427,51.2419558],[-0.719871,51.2414382]]}},
{"type":"Feature","properties":{"id":91745,"nach":0.40848299167571961},"geometry":{"type":"LineString","coordinates":[[-0.7200887,51.2414294],[-0.7199848,51.2414497],[-0.719871,51.2414382]]}},
{"type":"Feature","properties":{"id":90308,"nach":0.48420239987413821},"geometry":{"type":"LineString","coordinates":[[-0.7203599,51.2418622],[-0.7199001,51.2419763],[-0.7197504,51.2420003]]}},
{"type":"Feature","properties":{"id":90309,"nach":0.41155735065644217},"geometry":{"type":"LineString","coordinates":[[-0.7203054,51.2417799],[-0.7203599,51.2418622]]}},
{"type":"Feature","properties":{"id":90310,"nach":0.40848299167571961},"geometry":{"type":"LineString","coordinates":[[-0.7205825,51.2420976],[-0.7204777,51.241937300000011],[-0.720501,51.2418907],[-0.7203599,51.2418622]]}},
{"type":"Feature","properties":{"id":83966,"nach":0.62167722002674008},"geometry":{"type":"LineString","coordinates":[[-0.7211613,51.2422254],[-0.7212201,51.2422046]]}},
{"type":"Feature","properties":{"id":90802,"nach":0.53976393992027116},"geometry":{"type":"LineString","coordinates":[[-0.7206818,51.2414932],[-0.7207047,51.2415397],[-0.7209595,51.2418821],[-0.7212201,51.2422046]]}},
{"type":"Feature","properties":{"id":83968,"nach":0.0},"geometry":{"type":"LineString","coordinates":[[-0.7211613,51.2422254],[-0.7208988,51.2419672],[-0.7205724,51.2414979],[-0.720472,51.2411844],[-0.7201633,51.2406157],[-0.7202578,51.2405121]]}},
{"type":"Feature","properties":{"id":93786,"nach":0.44333505789352279},"geometry":{"type":"LineString","coordinates":[[-0.7216295,51.24286140000001],[-0.7216476,51.2427985],[-0.7216361,51.2427464],[-0.7216214,51.2426818],[-0.7215329,51.2425854],[-0.7214358,51.242543],[-0.7213703,51.2425024],[-0.7211613,51.2422254]]}},
{"type":"Feature","properties":{"id":90803,"nach":0.42678008946799023},"geometry":{"type":"LineString","coordinates":[[-0.7208607,51.241470799999988],[-0.7206818,51.2414932]]}},
{"type":"Feature","properties":{"id":90806,"nach":0.53654817536138943},"geometry":{"type":"LineString","coordinates":[[-0.7206536,51.2413143],[-0.720656,51.2413637],[-0.7206597,51.2414482],[-0.7206818,51.2414932]]}},
{"type":"Feature","properties":{"id":90804,"nach":0.53442891840610096},"geometry":{"type":"LineString","coordinates":[[-0.7206536,51.2413143],[-0.7206485,51.2412113]]}},
{"type":"Feature","properties":{"id":90796,"nach":0.5187041886348589},"geometry":{"type":"LineString","coordinates":[[-0.7209976,51.2411375],[-0.7206485,51.2412113]]}},
{"type":"Feature","properties":{"id":85510,"nach":0.54602912073022813},"geometry":{"type":"LineString","coordinates":[[-0.7205081,51.2409702],[-0.7205249,51.2410002],[-0.7206485,51.2412113]]}},
{"type":"Feature","properties":{"id":90807,"nach":0.42483140863181978},"geometry":{"type":"LineString","coordinates":[[-0.7208424,51.24132190000001],[-0.7206536,51.2413143]]}},
{"type":"Feature","properties":{"id":90798,"nach":0.52462173258636235},"geometry":{"type":"LineString","coordinates":[[-0.7209976,51.2411375],[-0.7211852,51.2410979],[-0.7213052,51.2410575]]}},
{"type":"Feature","properties":{"id":90799,"nach":0.42824297487328844},"geometry":{"type":"LineString","coordinates":[[-0.721066,51.2412583],[-0.7209976,51.2411375]]}},
{"type":"Feature","properties":{"id":85535,"nach":0.54700717839178103},"geometry":{"type":"LineString","coordinates":[[-0.7203887,51.2407602],[-0.7205081,51.2409702]]}},
{"type":"Feature","properties":{"id":85533,"nach":0.42417416818293535},"geometry":{"type":"LineString","coordinates":[[-0.7207269,51.240924400000011],[-0.7205081,51.2409702]]}},
{"type":"Feature","properties":{"id":90809,"nach":0.58761038696989953},"geometry":{"type":"LineString","coordinates":[[-0.7204635,51.2404685],[-0.7202578,51.2405121]]}},
{"type":"Feature","properties":{"id":85534,"nach":0.5496449172978991},"geometry":{"type":"LineString","coordinates":[[-0.7203887,51.2407602],[-0.7202578,51.2405121]]}},
{"type":"Feature","properties":{"id":85518,"nach":0.60549241400150411},"geometry":{"type":"LineString","coordinates":[[-0.7199219,51.2401129],[-0.7202578,51.2405121]]}},
{"type":"Feature","properties":{"id":90808,"nach":0.58978360320591561},"geometry":{"type":"LineString","coordinates":[[-0.7204635,51.2404685],[-0.7209697,51.2403612]]}},
{"type":"Feature","properties":{"id":90811,"nach":0.42983783043337886},"geometry":{"type":"LineString","coordinates":[[-0.7203842,51.240345],[-0.7204635,51.2404685]]}},
{"type":"Feature","properties":{"id":85537,"nach":0.4240831855692177},"geometry":{"type":"LineString","coordinates":[[-0.7205924,51.2407182],[-0.7203887,51.2407602]]}},
{"type":"Feature","properties":{"id":85530,"nach":0.5264553549078157},"geometry":{"type":"LineString","coordinates":[[-0.7202044,51.2400054],[-0.7199219,51.2401129]]}},
{"type":"Feature","properties":{"id":91591,"nach":0.55335275036252074},"geometry":{"type":"LineString","coordinates":[[-0.7229202,51.2400284],[-0.722668,51.2400568],[-0.7221496,51.24013630000001]]}},
{"type":"Feature","properties":{"id":91592,"nach":0.43936267704731813},"geometry":{"type":"LineString","coordinates":[[-0.7228485,51.2398291],[-0.7229202,51.2400284]]}},
{"type":"Feature","properties":{"id":90792,"nach":0.5427481232525464},"geometry":{"type":"LineString","coordinates":[[-0.721137,51.2406496],[-0.7209697,51.2403612]]}},
{"type":"Feature","properties":{"id":83964,"nach":0.46963565859495177},"geometry":{"type":"LineString","coordinates":[[-0.723236,51.24050470000001],[-0.7225969,51.2406596]]}},
{"type":"Feature","properties":{"id":83957,"nach":0.48828706932092214},"geometry":{"type":"LineString","coordinates":[[-0.7230703,51.2412816],[-0.7229034,51.2411258],[-0.722782,51.240892100000018],[-0.7227305,51.240856],[-0.722694,51.2408275],[-0.7225969,51.2406596]]}},
{"type":"Feature","properties":{"id":83958,"nach":0.41230013337777977},"geometry":{"type":"LineString","coordinates":[[-0.7233647,51.2411581],[-0.7230703,51.2412816]]}},
{"type":"Feature","properties":{"id":83959,"nach":0.41579809448816402},"geometry":{"type":"LineString","coordinates":[[-0.7230005,51.241312],[-0.7230703,51.2412816]]}},
{"type":"Feature","properties":{"id":93784,"nach":0.40905852919887065},"geometry":{"type":"LineString","coordinates":[[-0.7216295,51.24286140000001],[-0.7215659,51.2428624],[-0.7211792,51.242946799999984]]}},
{"type":"Feature","properties":{"id":93785,"nach":0.42420957911948276},"geometry":{"type":"LineString","coordinates":[[-0.7216295,51.24286140000001],[-0.7216711,51.2428898],[-0.7219172,51.243249899999988]]}},
{"type":"Feature","properties":{"id":85529,"nach":0.49152167938746394},"geometry":{"type":"LineString","coordinates":[[-0.7202044,51.2400054],[-0.7204033,51.2399297]]}},
{"type":"Feature","properties":{"id":85532,"nach":0.41904255411593294},"geometry":{"type":"LineString","coordinates":[[-0.7203251,51.2401815],[-0.7202044,51.2400054]]}},
{"type":"Feature","properties":{"id":85525,"nach":0.41816280312032927},"geometry":{"type":"LineString","coordinates":[[-0.7204033,51.2399297],[-0.7205705,51.2398661]]}},
{"type":"Feature","properties":{"id":85528,"nach":0.41790798247761152},"geometry":{"type":"LineString","coordinates":[[-0.7205032,51.2400745],[-0.7204033,51.2399297]]}},
{"type":"Feature","properties":{"id":92145,"nach":0.46118107978536255},"geometry":{"type":"LineString","coordinates":[[-0.7124073,51.24803210000001],[-0.7123443,51.24798]]}},
{"type":"Feature","properties":{"id":87246,"nach":0.6432957103551129},"geometry":{"type":"LineString","coordinates":[[-0.7126059,51.2478043],[-0.7125516,51.2478343],[-0.7125315,51.2478454],[-0.7124181,51.2479047],[-0.7123443,51.24798]]}},
{"type":"Feature","properties":{"id":92144,"nach":0.45889504856287316},"geometry":{"type":"LineString","coordinates":[[-0.712738,51.2479013],[-0.7126059,51.2478043]]}},
{"type":"Feature","properties":{"id":92184,"nach":0.65875041854603922},"geometry":{"type":"LineString","coordinates":[[-0.7134853,51.2471988],[-0.7135158,51.2471806]]}},
{"type":"Feature","properties":{"id":90232,"nach":0.65642053288702362},"geometry":{"type":"LineString","coordinates":[[-0.7135976,51.2471174],[-0.7135158,51.2471806]]}},
{"type":"Feature","properties":{"id":92101,"nach":0.45375816735012092},"geometry":{"type":"LineString","coordinates":[[-0.7135472,51.2473127],[-0.7135248,51.247272800000012],[-0.7135816,51.2472086],[-0.7135158,51.2471806]]}},
{"type":"Feature","properties":{"id":92187,"nach":0.45500548741291691},"geometry":{"type":"LineString","coordinates":[[-0.7133335,51.2471689],[-0.7133314,51.2471905],[-0.7134853,51.2471988]]}},
{"type":"Feature","properties":{"id":92098,"nach":0.65332685901638687},"geometry":{"type":"LineString","coordinates":[[-0.7136347,51.2470337],[-0.7135976,51.2471174]]}},
{"type":"Feature","properties":{"id":92182,"nach":0.49658361637156878},"geometry":{"type":"LineString","coordinates":[[-0.7139432,51.2471775],[-0.7137851,51.2471506],[-0.7135976,51.2471174]]}},
{"type":"Feature","properties":{"id":92179,"nach":0.44995413143397262},"geometry":{"type":"LineString","coordinates":[[-0.7142946,51.2466437],[-0.7139401,51.2467239],[-0.7137573,51.2467293]]}},
{"type":"Feature","properties":{"id":92190,"nach":0.64891460799302236},"geometry":{"type":"LineString","coordinates":[[-0.7137323,51.2468257],[-0.7137392,51.246807099999984],[-0.7137462,51.2467884],[-0.7137573,51.2467293]]}},
{"type":"Feature","properties":{"id":87260,"nach":0.64799568190454149},"geometry":{"type":"LineString","coordinates":[[-0.7135036,51.2464456],[-0.7136298,51.2464904],[-0.7137112,51.2465534],[-0.7137365,51.2466013],[-0.7137546,51.246643700000014],[-0.7137587,51.24668650000001],[-0.7137573,51.2467293]]}},
{"type":"Feature","properties":{"id":92191,"nach":0.45213118886634079},"geometry":{"type":"LineString","coordinates":[[-0.7134949,51.246782400000015],[-0.7137323,51.2468257]]}},
{"type":"Feature","properties":{"id":92201,"nach":0.65015059218528626},"geometry":{"type":"LineString","coordinates":[[-0.7136719,51.2469497],[-0.7136929,51.2469023],[-0.7137246,51.2468463],[-0.7137323,51.2468257]]}},
{"type":"Feature","properties":{"id":92151,"nach":0.63829521207705631},"geometry":{"type":"LineString","coordinates":[[-0.7135331,51.2463924],[-0.7135207,51.246412200000016],[-0.7135036,51.2464456]]}},
{"type":"Feature","properties":{"id":90243,"nach":0.6023070779284575},"geometry":{"type":"LineString","coordinates":[[-0.7132904,51.2464132],[-0.7133087,51.24638980000001],[-0.7135036,51.2464456]]}},
{"type":"Feature","properties":{"id":92150,"nach":0.63549877970263735},"geometry":{"type":"LineString","coordinates":[[-0.7135331,51.2463924],[-0.71414180000001,51.246184]]}},
{"type":"Feature","properties":{"id":92173,"nach":0.40864517377995141},"geometry":{"type":"LineString","coordinates":[[-0.7136474,51.2462659],[-0.7136205,51.246281],[-0.7135965,51.2462992],[-0.7135776,51.2463195],[-0.7135642,51.2463415],[-0.713548,51.2463688],[-0.7135331,51.2463924]]}},
{"type":"Feature","properties":{"id":92164,"nach":0.58497462587866611},"geometry":{"type":"LineString","coordinates":[[-0.7132425,51.24647370000001],[-0.7132904,51.2464132]]}},
{"type":"Feature","properties":{"id":92177,"nach":0.52099482440300982},"geometry":{"type":"LineString","coordinates":[[-0.7129614,51.2462854],[-0.712967,51.2463032],[-0.7130182,51.2463295],[-0.7132113,51.2463889],[-0.7132904,51.2464132]]}},
{"type":"Feature","properties":{"id":92170,"nach":0.64004610794546379},"geometry":{"type":"LineString","coordinates":[[-0.7142123,51.24617520000001],[-0.71414180000001,51.246184]]}},
{"type":"Feature","properties":{"id":92192,"nach":0.44399558572937214},"geometry":{"type":"LineString","coordinates":[[-0.7135915,51.2456724],[-0.7136198,51.2456595],[-0.7137498,51.245770899999989],[-0.7137747,51.2457603],[-0.7140014,51.2459452],[-0.7140454,51.245987500000012],[-0.714055,51.2459984],[-0.7140845,51.24603170000001],[-0.7141249,51.2460874],[-0.71413330000001,51.2461419],[-0.71414180000001,51.246184]]}},
{"type":"Feature","properties":{"id":92174,"nach":0.44745387922608615},"geometry":{"type":"LineString","coordinates":[[-0.7136474,51.2462659],[-0.7136717,51.2462523],[-0.7137278,51.2462273],[-0.7138044,51.2462019],[-0.7138826,51.2461895],[-0.7139625,51.2461882],[-0.7140524,51.2461862],[-0.71414180000001,51.246184]]}},
{"type":"Feature","properties":{"id":92172,"nach":0.44984568469896263},"geometry":{"type":"LineString","coordinates":[[-0.7142123,51.24617520000001],[-0.7143319,51.2462738],[-0.7146121,51.246442]]}},
{"type":"Feature","properties":{"id":92178,"nach":0.39491216511289445},"geometry":{"type":"LineString","coordinates":[[-0.7129614,51.2462854],[-0.7129835,51.2462829],[-0.7135454,51.2462192],[-0.7136474,51.2462659]]}},
{"type":"Feature","properties":{"id":90794,"nach":0.5393973692317322},"geometry":{"type":"LineString","coordinates":[[-0.721137,51.2406496],[-0.7212934,51.2409149],[-0.7213367,51.2409939],[-0.7213052,51.2410575]]}},
{"type":"Feature","properties":{"id":90360,"nach":0.55307289878163934},"geometry":{"type":"LineString","coordinates":[[-0.7216675,51.2415364],[-0.7216058,51.2414073],[-0.7214637,51.2412822],[-0.721456,51.2412029],[-0.7214061,51.241114],[-0.7213052,51.2410575]]}},
{"type":"Feature","properties":{"id":90795,"nach":0.42980442273984676},"geometry":{"type":"LineString","coordinates":[[-0.7208607,51.2407047],[-0.721137,51.2406496]]}},
{"type":"Feature","properties":{"id":90362,"nach":0.43840166201312541},"geometry":{"type":"LineString","coordinates":[[-0.7214147,51.2415961],[-0.7216675,51.2415364]]}},
{"type":"Feature","properties":{"id":101792,"nach":0.48946679610060412},"geometry":{"type":"LineString","coordinates":[[-0.7219705,51.2475158],[-0.7221726,51.2474818],[-0.7222053,51.2475578]]}},
{"type":"Feature","properties":{"id":101790,"nach":0.48510646056959428},"geometry":{"type":"LineString","coordinates":[[-0.7219705,51.2475158],[-0.7210647,51.247668199999985]]}},
{"type":"Feature","properties":{"id":89422,"nach":0.49706495352264451},"geometry":{"type":"LineString","coordinates":[[-0.7209491,51.2477756],[-0.7209112,51.2476939],[-0.7210647,51.247668199999985]]}},
{"type":"Feature","properties":{"id":90221,"nach":0.47415413277608753},"geometry":{"type":"LineString","coordinates":[[-0.7217908,51.236048500000017],[-0.7218659,51.235954400000011],[-0.7221387,51.2358411],[-0.7224399,51.23571590000001]]}},
{"type":"Feature","properties":{"id":91154,"nach":0.52099079735124931},"geometry":{"type":"LineString","coordinates":[[-0.7225483,51.23544290000001],[-0.7225419,51.2355681],[-0.7224399,51.23571590000001]]}},
{"type":"Feature","properties":{"id":90227,"nach":0.47163804316336672},"geometry":{"type":"LineString","coordinates":[[-0.7229632,51.236607300000017],[-0.7230407,51.2363104],[-0.7230393,51.2362367],[-0.7230139,51.236166],[-0.7228905,51.2359477],[-0.7224399,51.23571590000001]]}},
{"type":"Feature","properties":{"id":91150,"nach":0.46927398797608538},"geometry":{"type":"LineString","coordinates":[[-0.7217826,51.2361438],[-0.7217908,51.236048500000017]]}},
{"type":"Feature","properties":{"id":90230,"nach":0.39169421412975464},"geometry":{"type":"LineString","coordinates":[[-0.7210291,51.2360115],[-0.7216025,51.2360393],[-0.7217908,51.236048500000017]]}},
{"type":"Feature","properties":{"id":91156,"nach":0.41728528207145288},"geometry":{"type":"LineString","coordinates":[[-0.7228292,51.23658970000001],[-0.7229632,51.236607300000017]]}},
{"type":"Feature","properties":{"id":91147,"nach":0.50577910584306807},"geometry":{"type":"LineString","coordinates":[[-0.7229171,51.2367254],[-0.7229354,51.2366907],[-0.7229632,51.236607300000017]]}},
{"type":"Feature","properties":{"id":91149,"nach":0.46577944371730146},"geometry":{"type":"LineString","coordinates":[[-0.7217826,51.2361438],[-0.7217479,51.2365463]]}},
{"type":"Feature","properties":{"id":91151,"nach":0.39767089144045153},"geometry":{"type":"LineString","coordinates":[[-0.722178,51.2361867],[-0.7217826,51.2361438]]}},
{"type":"Feature","properties":{"id":90229,"nach":0.39251522025813829},"geometry":{"type":"LineString","coordinates":[[-0.720836,51.2365187],[-0.7216673,51.2365438],[-0.7217479,51.2365463]]}},
{"type":"Feature","properties":{"id":91146,"nach":0.46937058301535095},"geometry":{"type":"LineString","coordinates":[[-0.7229171,51.2367254],[-0.722634,51.2366772],[-0.7220591,51.2366228],[-0.7217479,51.2365463]]}},
{"type":"Feature","properties":{"id":92102,"nach":0.44641528902896221},"geometry":{"type":"LineString","coordinates":[[-0.7130785,51.2466809],[-0.7130191,51.24675580000001]]}},
{"type":"Feature","properties":{"id":92157,"nach":0.51925746983519128},"geometry":{"type":"LineString","coordinates":[[-0.7131052,51.2466471],[-0.7130785,51.2466809]]}},
{"type":"Feature","properties":{"id":92156,"nach":0.44463358835048733},"geometry":{"type":"LineString","coordinates":[[-0.7133022,51.2467457],[-0.7132479,51.2467299],[-0.7131227,51.2466937],[-0.7130785,51.2466809]]}},
{"type":"Feature","properties":{"id":92100,"nach":0.4526551513076138},"geometry":{"type":"LineString","coordinates":[[-0.7133636,51.2469914],[-0.7136347,51.2470337]]}},
{"type":"Feature","properties":{"id":92199,"nach":0.65115633570213938},"geometry":{"type":"LineString","coordinates":[[-0.7136719,51.2469497],[-0.7136347,51.2470337]]}},
{"type":"Feature","properties":{"id":92183,"nach":0.44889587378563128},"geometry":{"type":"LineString","coordinates":[[-0.7138757,51.2473546],[-0.7139432,51.2471775]]}},
{"type":"Feature","properties":{"id":92200,"nach":0.0},"geometry":{"type":"LineString","coordinates":[[-0.7136719,51.2469497],[-0.7141559,51.2470324],[-0.7142416,51.2470474],[-0.7141895,51.247176300000014],[-0.7141327,51.247207],[-0.7140261,51.2471915],[-0.7139584,51.24718],[-0.7139432,51.2471775]]}},
{"type":"Feature","properties":{"id":92193,"nach":0.5409187349776251},"geometry":{"type":"LineString","coordinates":[[-0.7133286,51.2456342],[-0.7133721,51.2456692]]}},
{"type":"Feature","properties":{"id":90241,"nach":0.44729935698806156},"geometry":{"type":"LineString","coordinates":[[-0.7135072,51.2456094],[-0.7133721,51.2456692]]}},
{"type":"Feature","properties":{"id":92176,"nach":0.51280567598836602},"geometry":{"type":"LineString","coordinates":[[-0.7129614,51.2462854],[-0.7129041,51.2461021],[-0.7129879,51.2460072],[-0.7130019,51.2459913],[-0.7130384,51.245953800000017],[-0.7132627,51.2457231],[-0.7133721,51.2456692]]}},
{"type":"Feature","properties":{"id":92165,"nach":0.5646109561231506},"geometry":{"type":"LineString","coordinates":[[-0.7132425,51.24647370000001],[-0.7131762,51.2465576],[-0.7131052,51.2466471]]}},
{"type":"Feature","properties":{"id":92166,"nach":0.0},"geometry":{"type":"LineString","coordinates":[[-0.7132425,51.24647370000001],[-0.7128806,51.2463644],[-0.7127485,51.2465419],[-0.7127611,51.246545500000025]]}},
{"type":"Feature","properties":{"id":92168,"nach":0.44857512643260711},"geometry":{"type":"LineString","coordinates":[[-0.7135293,51.2465779],[-0.7132864,51.2464977],[-0.7132926,51.246490300000012],[-0.7132425,51.24647370000001]]}},
{"type":"Feature","properties":{"id":90279,"nach":0.61421192556725512},"geometry":{"type":"LineString","coordinates":[[-0.7128479,51.2477328],[-0.7128298,51.2477555],[-0.7128405,51.2478032],[-0.7128633,51.24783750000001],[-0.7129075,51.2478585],[-0.7129517,51.247848],[-0.7129806,51.2478204],[-0.7130263,51.247806800000014]]}},
{"type":"Feature","properties":{"id":90259,"nach":0.60225722612240618},"geometry":{"type":"LineString","coordinates":[[-0.7133278,51.2481487],[-0.7133222,51.2481157],[-0.7133039,51.2480766],[-0.7131497,51.2479638]]}},
{"type":"Feature","properties":{"id":90261,"nach":0.54812941966872175},"geometry":{"type":"LineString","coordinates":[[-0.7132254,51.2482006],[-0.7133278,51.2481487]]}},
{"type":"Feature","properties":{"id":92117,"nach":0.60415982752901598},"geometry":{"type":"LineString","coordinates":[[-0.7133676,51.2481697],[-0.7133278,51.2481487]]}},
{"type":"Feature","properties":{"id":92137,"nach":0.47700531069662588},"geometry":{"type":"LineString","coordinates":[[-0.7132638,51.2482292],[-0.7132254,51.2482006]]}},
{"type":"Feature","properties":{"id":92108,"nach":0.54128471191037864},"geometry":{"type":"LineString","coordinates":[[-0.7129596,51.2483378],[-0.7132254,51.2482006]]}},
{"type":"Feature","properties":{"id":92120,"nach":0.60051049184923777},"geometry":{"type":"LineString","coordinates":[[-0.7136172,51.2480466],[-0.7133676,51.2481697]]}},
{"type":"Feature","properties":{"id":92138,"nach":0.26161104550113784},"geometry":{"type":"LineString","coordinates":[[-0.7132638,51.2482292],[-0.7133676,51.2481697]]}},
{"type":"Feature","properties":{"id":92136,"nach":0.49959543294124553},"geometry":{"type":"LineString","coordinates":[[-0.7132638,51.2482292],[-0.7134578,51.2483731]]}},
{"type":"Feature","properties":{"id":90268,"nach":0.46880621508068943},"geometry":{"type":"LineString","coordinates":[[-0.7136459,51.2484263],[-0.7135705,51.2483445],[-0.7134578,51.2483731]]}},
{"type":"Feature","properties":{"id":90271,"nach":0.47421020438316369},"geometry":{"type":"LineString","coordinates":[[-0.7134137,51.248484],[-0.7133694,51.2483941],[-0.7134578,51.2483731]]}},
{"type":"Feature","properties":{"id":90270,"nach":0.52400240602052883},"geometry":{"type":"LineString","coordinates":[[-0.7134137,51.248484],[-0.713436,51.2484785],[-0.7136239,51.2484318],[-0.7136459,51.2484263]]}},
{"type":"Feature","properties":{"id":102116,"nach":0.40771532955143208},"geometry":{"type":"LineString","coordinates":[[-0.7158829,51.2422773],[-0.7159339,51.24231480000001]]}},
{"type":"Feature","properties":{"id":102087,"nach":0.41081428417227439},"geometry":{"type":"LineString","coordinates":[[-0.7176605,51.2422785],[-0.7176301,51.2422718],[-0.7173472,51.2421304],[-0.7171428,51.241958600000011],[-0.7169633,51.2419132],[-0.7167271,51.2418772],[-0.7165017,51.2419318],[-0.7161645,51.2420176],[-0.7160697,51.2420834],[-0.7160125,51.2421693],[-0.7159339,51.24231480000001]]}},
{"type":"Feature","properties":{"id":105467,"nach":0.4216876169693885},"geometry":{"type":"LineString","coordinates":[[-0.7209724,51.243415100000014],[-0.7211035,51.2434112]]}},
{"type":"Feature","properties":{"id":93783,"nach":0.10749750465794335},"geometry":{"type":"LineString","coordinates":[[-0.7219172,51.243249899999988],[-0.721747,51.2433627],[-0.7216309,51.2434582],[-0.7212281,51.2435886],[-0.7211615,51.243637],[-0.7210798,51.243685499999984],[-0.7209681,51.243703600000011],[-0.7208488,51.2436639],[-0.720808,51.243627],[-0.7208338,51.2436041],[-0.72088,51.243595400000011],[-0.7209584,51.2436142],[-0.72101,51.2436162],[-0.7210465,51.2435987],[-0.7211013,51.243553],[-0.7211056,51.2435342],[-0.7211044,51.2434635],[-0.7211035,51.2434112]]}},
{"type":"Feature","properties":{"id":90305,"nach":0.42342981932443086},"geometry":{"type":"LineString","coordinates":[[-0.7190579,51.2426365],[-0.7194867,51.242551800000015]]}},
{"type":"Feature","properties":{"id":99889,"nach":0.46447124897340675},"geometry":{"type":"LineString","coordinates":[[-0.7117932,51.2473777],[-0.7118213,51.2473545],[-0.7118578,51.2473364],[-0.7119004,51.2473246],[-0.7119462,51.2473198],[-0.7119926,51.2473224]]}},
{"type":"Feature","properties":{"id":90773,"nach":0.45503656872257703},"geometry":{"type":"LineString","coordinates":[[-0.7251915,51.241481],[-0.7251452,51.2415956],[-0.7251184,51.241660899999985],[-0.7250773,51.2417612]]}},
{"type":"Feature","properties":{"id":91279,"nach":0.51947805133994551},"geometry":{"type":"LineString","coordinates":[[-0.7201805,51.2466982],[-0.7201407,51.2466886],[-0.7199052,51.2467245],[-0.7198655,51.2467623],[-0.719918,51.2469163]]}},
{"type":"Feature","properties":{"id":91280,"nach":0.5202757865546479},"geometry":{"type":"LineString","coordinates":[[-0.7201805,51.2466982],[-0.7201985,51.246661199999984],[-0.7201318,51.2464961],[-0.7200807,51.2463761],[-0.7199203,51.2463995]]}},
{"type":"Feature","properties":{"id":91276,"nach":0.44625915959990997},"geometry":{"type":"LineString","coordinates":[[-0.7199623,51.2464951],[-0.7199203,51.2463995]]}},
{"type":"Feature","properties":{"id":91277,"nach":0.4467226518236832},"geometry":{"type":"LineString","coordinates":[[-0.719886,51.2463147],[-0.7199203,51.2463995]]}},
{"type":"Feature","properties":{"id":91758,"nach":0.42776852516439057},"geometry":{"type":"LineString","coordinates":[[-0.7192656,51.2431366],[-0.7192869,51.2433168],[-0.7191918,51.2433793],[-0.7191604,51.24340930000001]]}},
{"type":"Feature","properties":{"id":91759,"nach":0.42987688608464691},"geometry":{"type":"LineString","coordinates":[[-0.7189747,51.2432566],[-0.7189944,51.243346400000014],[-0.7190873,51.2433871],[-0.7191604,51.24340930000001]]}},
{"type":"Feature","properties":{"id":91781,"nach":0.43456048750220871},"geometry":{"type":"LineString","coordinates":[[-0.7174846,51.2429728],[-0.7174651,51.2430772]]}},
{"type":"Feature","properties":{"id":91780,"nach":0.43456048750220871},"geometry":{"type":"LineString","coordinates":[[-0.717444,51.2431769],[-0.7174651,51.2430772]]}},
{"type":"Feature","properties":{"id":92161,"nach":0.4896430867842797},"geometry":{"type":"LineString","coordinates":[[-0.7127611,51.246545500000025],[-0.7129887,51.2466128],[-0.7131052,51.2466471]]}},
{"type":"Feature","properties":{"id":92132,"nach":0.50869209153580353},"geometry":{"type":"LineString","coordinates":[[-0.7137166,51.2479975],[-0.7136172,51.2480466]]}},
{"type":"Feature","properties":{"id":92135,"nach":0.45405702378971263},"geometry":{"type":"LineString","coordinates":[[-0.7136513,51.2479531],[-0.7137166,51.2479975]]}},
{"type":"Feature","properties":{"id":92129,"nach":0.58693815867784371},"geometry":{"type":"LineString","coordinates":[[-0.7138443,51.2482105],[-0.7136172,51.2480466]]}},
{"type":"Feature","properties":{"id":92163,"nach":0.44248545224437452},"geometry":{"type":"LineString","coordinates":[[-0.7126888,51.2466418],[-0.7127611,51.246545500000025]]}},
{"type":"Feature","properties":{"id":92550,"nach":0.44343022625689105},"geometry":{"type":"LineString","coordinates":[[-0.722396,51.2482277],[-0.7224745,51.2480616]]}}
]
}
