{
"type": "FeatureCollection",
"name": "Vale of White Horse_calc_entrances",
"crs": { "type": "name", "properties": { "name": "urn:ogc:def:crs:OGC:1.3:CRS84" } },
"features": [
{ "type": "Feature", "properties": { "longitude": -1.3078555670995873, "latitude": 51.640000333491393, "source": "OSMnx_edge_intersection", "entrance_type": "edge_crossing", "osm_entrance_type": "footway", "osm_barrier_type": null, "osmid": "714993648", "Primary Name_park": null, "Other Names_park": null, "flag_park": "OS", "OS ID_park": "3D6C4ACC-B9A6-80C3-E063-8ECAA00A8EB3; 3D6C4AE3-8800-80C3-E063-8ECAA00A8EB3", "OSM ID_park": null, "id_park": "VALWH_c6976699d6e3;VALWH_575cc312bc78", "Merged Count_park": 2, "Total Area (m²)_park": 34467.751126231851, "Other name(s) (OS)_park": null, "Type (OS)_park": "Public Park Or Garden", "Other name(s) (OSM)_park": null, "Type (OSM)_park": null, "Name (OS)_park": null, "Name (OSM)_park": null, "park_offical_id_park": "VALWH_2" }, "geometry": { "type": "Point", "coordinates": [ -1.307855567099587, 51.640000333491393 ] } },
{ "type": "Feature", "properties": { "longitude": -1.3078555670995873, "latitude": 51.640000333491393, "source": "OSMnx_edge_intersection", "entrance_type": "edge_crossing", "osm_entrance_type": "footway", "osm_barrier_type": null, "osmid": "714993648", "Primary Name_park": null, "Other Names_park": null, "flag_park": "OS", "OS ID_park": "3D6C4ACC-B9A6-80C3-E063-8ECAA00A8EB3; 3D6C4AE3-8800-80C3-E063-8ECAA00A8EB3", "OSM ID_park": null, "id_park": "VALWH_c6976699d6e3;VALWH_575cc312bc78", "Merged Count_park": 2, "Total Area (m²)_park": 34467.751126231851, "Other name(s) (OS)_park": null, "Type (OS)_park": "Public Park Or Garden", "Other name(s) (OSM)_park": null, "Type (OSM)_park": null, "Name (OS)_park": null, "Name (OSM)_park": null, "park_offical_id_park": "VALWH_2" }, "geometry": { "type": "Point", "coordinates": [ -1.307855567099587, 51.640000333491393 ] } },
{ "type": "Feature", "properties": { "longitude": -1.3119686706378626, "latitude": 51.640761210336386, "source": "OSMnx_edge_intersection", "entrance_type": "edge_crossing", "osm_entrance_type": "footway", "osm_barrier_type": null, "osmid": "714993647", "Primary Name_park": null, "Other Names_park": null, "flag_park": "OS", "OS ID_park": "3D6C4ACC-B9A6-80C3-E063-8ECAA00A8EB3; 3D6C4AE3-8800-80C3-E063-8ECAA00A8EB3", "OSM ID_park": null, "id_park": "VALWH_c6976699d6e3;VALWH_575cc312bc78", "Merged Count_park": 2, "Total Area (m²)_park": 34467.751126231851, "Other name(s) (OS)_park": null, "Type (OS)_park": "Public Park Or Garden", "Other name(s) (OSM)_park": null, "Type (OSM)_park": null, "Name (OS)_park": null, "Name (OSM)_park": null, "park_offical_id_park": "VALWH_2" }, "geometry": { "type": "Point", "coordinates": [ -1.311968670637863, 51.640761210336386 ] } },
{ "type": "Feature", "properties": { "longitude": -1.3119686706378626, "latitude": 51.640761210336386, "source": "OSMnx_edge_intersection", "entrance_type": "edge_crossing", "osm_entrance_type": "footway", "osm_barrier_type": null, "osmid": "714993647", "Primary Name_park": null, "Other Names_park": null, "flag_park": "OS", "OS ID_park": "3D6C4ACC-B9A6-80C3-E063-8ECAA00A8EB3; 3D6C4AE3-8800-80C3-E063-8ECAA00A8EB3", "OSM ID_park": null, "id_park": "VALWH_c6976699d6e3;VALWH_575cc312bc78", "Merged Count_park": 2, "Total Area (m²)_park": 34467.751126231851, "Other name(s) (OS)_park": null, "Type (OS)_park": "Public Park Or Garden", "Other name(s) (OSM)_park": null, "Type (OSM)_park": null, "Name (OS)_park": null, "Name (OSM)_park": null, "park_offical_id_park": "VALWH_2" }, "geometry": { "type": "Point", "coordinates": [ -1.311968670637863, 51.640761210336386 ] } },
{ "type": "Feature", "properties": { "longitude": -1.3093870462872987, "latitude": 51.640400666772535, "source": "OSMnx_edge_intersection", "entrance_type": "edge_crossing", "osm_entrance_type": "footway", "osm_barrier_type": null, "osmid": "707912216", "Primary Name_park": null, "Other Names_park": null, "flag_park": "OS", "OS ID_park": "3D6C4ACC-B9A6-80C3-E063-8ECAA00A8EB3; 3D6C4AE3-8800-80C3-E063-8ECAA00A8EB3", "OSM ID_park": null, "id_park": "VALWH_c6976699d6e3;VALWH_575cc312bc78", "Merged Count_park": 2, "Total Area (m²)_park": 34467.751126231851, "Other name(s) (OS)_park": null, "Type (OS)_park": "Public Park Or Garden", "Other name(s) (OSM)_park": null, "Type (OSM)_park": null, "Name (OS)_park": null, "Name (OSM)_park": null, "park_offical_id_park": "VALWH_2" }, "geometry": { "type": "Point", "coordinates": [ -1.309387046287299, 51.640400666772535 ] } },
{ "type": "Feature", "properties": { "longitude": -1.3093870462872987, "latitude": 51.640400666772535, "source": "OSMnx_edge_intersection", "entrance_type": "edge_crossing", "osm_entrance_type": "footway", "osm_barrier_type": null, "osmid": "707912216", "Primary Name_park": null, "Other Names_park": null, "flag_park": "OS", "OS ID_park": "3D6C4ACC-B9A6-80C3-E063-8ECAA00A8EB3; 3D6C4AE3-8800-80C3-E063-8ECAA00A8EB3", "OSM ID_park": null, "id_park": "VALWH_c6976699d6e3;VALWH_575cc312bc78", "Merged Count_park": 2, "Total Area (m²)_park": 34467.751126231851, "Other name(s) (OS)_park": null, "Type (OS)_park": "Public Park Or Garden", "Other name(s) (OSM)_park": null, "Type (OSM)_park": null, "Name (OS)_park": null, "Name (OSM)_park": null, "park_offical_id_park": "VALWH_2" }, "geometry": { "type": "Point", "coordinates": [ -1.309387046287299, 51.640400666772535 ] } },
{ "type": "Feature", "properties": { "longitude": -1.3112281560595043, "latitude": 51.64031333199366, "source": "OSMnx_edge_intersection", "entrance_type": "edge_crossing", "osm_entrance_type": "footway", "osm_barrier_type": null, "osmid": "697245270,707912214,697245271", "Primary Name_park": null, "Other Names_park": null, "flag_park": "OS", "OS ID_park": "3D6C4ACC-B9A6-80C3-E063-8ECAA00A8EB3; 3D6C4AE3-8800-80C3-E063-8ECAA00A8EB3", "OSM ID_park": null, "id_park": "VALWH_c6976699d6e3;VALWH_575cc312bc78", "Merged Count_park": 2, "Total Area (m²)_park": 34467.751126231851, "Other name(s) (OS)_park": null, "Type (OS)_park": "Public Park Or Garden", "Other name(s) (OSM)_park": null, "Type (OSM)_park": null, "Name (OS)_park": null, "Name (OSM)_park": null, "park_offical_id_park": "VALWH_2" }, "geometry": { "type": "Point", "coordinates": [ -1.311228156059504, 51.64031333199366 ] } },
{ "type": "Feature", "properties": { "longitude": -1.3112281560595043, "latitude": 51.64031333199366, "source": "OSMnx_edge_intersection", "entrance_type": "edge_crossing", "osm_entrance_type": "footway", "osm_barrier_type": null, "osmid": "707912214,697245270,697245271", "Primary Name_park": null, "Other Names_park": null, "flag_park": "OS", "OS ID_park": "3D6C4ACC-B9A6-80C3-E063-8ECAA00A8EB3; 3D6C4AE3-8800-80C3-E063-8ECAA00A8EB3", "OSM ID_park": null, "id_park": "VALWH_c6976699d6e3;VALWH_575cc312bc78", "Merged Count_park": 2, "Total Area (m²)_park": 34467.751126231851, "Other name(s) (OS)_park": null, "Type (OS)_park": "Public Park Or Garden", "Other name(s) (OSM)_park": null, "Type (OSM)_park": null, "Name (OS)_park": null, "Name (OSM)_park": null, "park_offical_id_park": "VALWH_2" }, "geometry": { "type": "Point", "coordinates": [ -1.311228156059504, 51.64031333199366 ] } },
{ "type": "Feature", "properties": { "longitude": -1.3112292702123187, "latitude": 51.64041137186252, "source": "OSMnx_edge_intersection", "entrance_type": "edge_crossing", "osm_entrance_type": "footway", "osm_barrier_type": null, "osmid": "707912214", "Primary Name_park": null, "Other Names_park": null, "flag_park": "OS", "OS ID_park": "3D6C4ACC-B9A6-80C3-E063-8ECAA00A8EB3; 3D6C4AE3-8800-80C3-E063-8ECAA00A8EB3", "OSM ID_park": null, "id_park": "VALWH_c6976699d6e3;VALWH_575cc312bc78", "Merged Count_park": 2, "Total Area (m²)_park": 34467.751126231851, "Other name(s) (OS)_park": null, "Type (OS)_park": "Public Park Or Garden", "Other name(s) (OSM)_park": null, "Type (OSM)_park": null, "Name (OS)_park": null, "Name (OSM)_park": null, "park_offical_id_park": "VALWH_2" }, "geometry": { "type": "Point", "coordinates": [ -1.311229270212319, 51.64041137186252 ] } },
{ "type": "Feature", "properties": { "longitude": -1.3112292702123187, "latitude": 51.64041137186252, "source": "OSMnx_edge_intersection", "entrance_type": "edge_crossing", "osm_entrance_type": "footway", "osm_barrier_type": null, "osmid": "707912214", "Primary Name_park": null, "Other Names_park": null, "flag_park": "OS", "OS ID_park": "3D6C4ACC-B9A6-80C3-E063-8ECAA00A8EB3; 3D6C4AE3-8800-80C3-E063-8ECAA00A8EB3", "OSM ID_park": null, "id_park": "VALWH_c6976699d6e3;VALWH_575cc312bc78", "Merged Count_park": 2, "Total Area (m²)_park": 34467.751126231851, "Other name(s) (OS)_park": null, "Type (OS)_park": "Public Park Or Garden", "Other name(s) (OSM)_park": null, "Type (OSM)_park": null, "Name (OS)_park": null, "Name (OSM)_park": null, "park_offical_id_park": "VALWH_2" }, "geometry": { "type": "Point", "coordinates": [ -1.311229270212319, 51.64041137186252 ] } },
{ "type": "Feature", "properties": { "longitude": -1.3092732502704569, "latitude": 51.642253122189125, "source": "OSMnx_edge_intersection", "entrance_type": "edge_crossing", "osm_entrance_type": "footway", "osm_barrier_type": null, "osmid": "615494248", "Primary Name_park": null, "Other Names_park": null, "flag_park": "OS", "OS ID_park": "3D6C4ACC-B9A6-80C3-E063-8ECAA00A8EB3; 3D6C4AE3-8800-80C3-E063-8ECAA00A8EB3", "OSM ID_park": null, "id_park": "VALWH_c6976699d6e3;VALWH_575cc312bc78", "Merged Count_park": 2, "Total Area (m²)_park": 34467.751126231851, "Other name(s) (OS)_park": null, "Type (OS)_park": "Public Park Or Garden", "Other name(s) (OSM)_park": null, "Type (OSM)_park": null, "Name (OS)_park": null, "Name (OSM)_park": null, "park_offical_id_park": "VALWH_2" }, "geometry": { "type": "Point", "coordinates": [ -1.309273250270457, 51.642253122189125 ] } },
{ "type": "Feature", "properties": { "longitude": -1.3092732502704569, "latitude": 51.642253122189125, "source": "OSMnx_edge_intersection", "entrance_type": "edge_crossing", "osm_entrance_type": "footway", "osm_barrier_type": null, "osmid": "615494248", "Primary Name_park": null, "Other Names_park": null, "flag_park": "OS", "OS ID_park": "3D6C4ACC-B9A6-80C3-E063-8ECAA00A8EB3; 3D6C4AE3-8800-80C3-E063-8ECAA00A8EB3", "OSM ID_park": null, "id_park": "VALWH_c6976699d6e3;VALWH_575cc312bc78", "Merged Count_park": 2, "Total Area (m²)_park": 34467.751126231851, "Other name(s) (OS)_park": null, "Type (OS)_park": "Public Park Or Garden", "Other name(s) (OSM)_park": null, "Type (OSM)_park": null, "Name (OS)_park": null, "Name (OSM)_park": null, "park_offical_id_park": "VALWH_2" }, "geometry": { "type": "Point", "coordinates": [ -1.309273250270457, 51.642253122189125 ] } },
{ "type": "Feature", "properties": { "longitude": -1.3099350114286978, "latitude": 51.643190853415973, "source": "OSMnx_edge_intersection", "entrance_type": "edge_crossing", "osm_entrance_type": "footway", "osm_barrier_type": null, "osmid": "615494250", "Primary Name_park": null, "Other Names_park": null, "flag_park": "OS", "OS ID_park": "3D6C4ACC-B9A6-80C3-E063-8ECAA00A8EB3; 3D6C4AE3-8800-80C3-E063-8ECAA00A8EB3", "OSM ID_park": null, "id_park": "VALWH_c6976699d6e3;VALWH_575cc312bc78", "Merged Count_park": 2, "Total Area (m²)_park": 34467.751126231851, "Other name(s) (OS)_park": null, "Type (OS)_park": "Public Park Or Garden", "Other name(s) (OSM)_park": null, "Type (OSM)_park": null, "Name (OS)_park": null, "Name (OSM)_park": null, "park_offical_id_park": "VALWH_2" }, "geometry": { "type": "Point", "coordinates": [ -1.309935011428698, 51.643190853415973 ] } },
{ "type": "Feature", "properties": { "longitude": -1.3099350114286978, "latitude": 51.643190853415973, "source": "OSMnx_edge_intersection", "entrance_type": "edge_crossing", "osm_entrance_type": "footway", "osm_barrier_type": null, "osmid": "615494250", "Primary Name_park": null, "Other Names_park": null, "flag_park": "OS", "OS ID_park": "3D6C4ACC-B9A6-80C3-E063-8ECAA00A8EB3; 3D6C4AE3-8800-80C3-E063-8ECAA00A8EB3", "OSM ID_park": null, "id_park": "VALWH_c6976699d6e3;VALWH_575cc312bc78", "Merged Count_park": 2, "Total Area (m²)_park": 34467.751126231851, "Other name(s) (OS)_park": null, "Type (OS)_park": "Public Park Or Garden", "Other name(s) (OSM)_park": null, "Type (OSM)_park": null, "Name (OS)_park": null, "Name (OSM)_park": null, "park_offical_id_park": "VALWH_2" }, "geometry": { "type": "Point", "coordinates": [ -1.309935011428698, 51.643190853415973 ] } },
{ "type": "Feature", "properties": { "longitude": -1.3103409607964058, "latitude": 51.642898026455192, "source": "OSMnx_edge_intersection", "entrance_type": "edge_crossing", "osm_entrance_type": "footway", "osm_barrier_type": null, "osmid": "615494246", "Primary Name_park": null, "Other Names_park": null, "flag_park": "OS", "OS ID_park": "3D6C4ACC-B9A6-80C3-E063-8ECAA00A8EB3; 3D6C4AE3-8800-80C3-E063-8ECAA00A8EB3", "OSM ID_park": null, "id_park": "VALWH_c6976699d6e3;VALWH_575cc312bc78", "Merged Count_park": 2, "Total Area (m²)_park": 34467.751126231851, "Other name(s) (OS)_park": null, "Type (OS)_park": "Public Park Or Garden", "Other name(s) (OSM)_park": null, "Type (OSM)_park": null, "Name (OS)_park": null, "Name (OSM)_park": null, "park_offical_id_park": "VALWH_2" }, "geometry": { "type": "Point", "coordinates": [ -1.310340960796406, 51.642898026455192 ] } },
{ "type": "Feature", "properties": { "longitude": -1.3103409607964058, "latitude": 51.642898026455192, "source": "OSMnx_edge_intersection", "entrance_type": "edge_crossing", "osm_entrance_type": "footway", "osm_barrier_type": null, "osmid": "615494246", "Primary Name_park": null, "Other Names_park": null, "flag_park": "OS", "OS ID_park": "3D6C4ACC-B9A6-80C3-E063-8ECAA00A8EB3; 3D6C4AE3-8800-80C3-E063-8ECAA00A8EB3", "OSM ID_park": null, "id_park": "VALWH_c6976699d6e3;VALWH_575cc312bc78", "Merged Count_park": 2, "Total Area (m²)_park": 34467.751126231851, "Other name(s) (OS)_park": null, "Type (OS)_park": "Public Park Or Garden", "Other name(s) (OSM)_park": null, "Type (OSM)_park": null, "Name (OS)_park": null, "Name (OSM)_park": null, "park_offical_id_park": "VALWH_2" }, "geometry": { "type": "Point", "coordinates": [ -1.310340960796406, 51.642898026455192 ] } },
{ "type": "Feature", "properties": { "longitude": -1.3088802532561572, "latitude": 51.641386172377061, "source": "OSMnx_edge_intersection", "entrance_type": "edge_crossing", "osm_entrance_type": "footway", "osm_barrier_type": null, "osmid": "1298897843", "Primary Name_park": null, "Other Names_park": null, "flag_park": "OS", "OS ID_park": "3D6C4ACC-B9A6-80C3-E063-8ECAA00A8EB3; 3D6C4AE3-8800-80C3-E063-8ECAA00A8EB3", "OSM ID_park": null, "id_park": "VALWH_c6976699d6e3;VALWH_575cc312bc78", "Merged Count_park": 2, "Total Area (m²)_park": 34467.751126231851, "Other name(s) (OS)_park": null, "Type (OS)_park": "Public Park Or Garden", "Other name(s) (OSM)_park": null, "Type (OSM)_park": null, "Name (OS)_park": null, "Name (OSM)_park": null, "park_offical_id_park": "VALWH_2" }, "geometry": { "type": "Point", "coordinates": [ -1.308880253256157, 51.641386172377061 ] } },
{ "type": "Feature", "properties": { "longitude": -1.3088802532561572, "latitude": 51.641386172377061, "source": "OSMnx_edge_intersection", "entrance_type": "edge_crossing", "osm_entrance_type": "footway", "osm_barrier_type": null, "osmid": "1298897843", "Primary Name_park": null, "Other Names_park": null, "flag_park": "OS", "OS ID_park": "3D6C4ACC-B9A6-80C3-E063-8ECAA00A8EB3; 3D6C4AE3-8800-80C3-E063-8ECAA00A8EB3", "OSM ID_park": null, "id_park": "VALWH_c6976699d6e3;VALWH_575cc312bc78", "Merged Count_park": 2, "Total Area (m²)_park": 34467.751126231851, "Other name(s) (OS)_park": null, "Type (OS)_park": "Public Park Or Garden", "Other name(s) (OSM)_park": null, "Type (OSM)_park": null, "Name (OS)_park": null, "Name (OSM)_park": null, "park_offical_id_park": "VALWH_2" }, "geometry": { "type": "Point", "coordinates": [ -1.308880253256157, 51.641386172377061 ] } },
{ "type": "Feature", "properties": { "longitude": -1.3083712385014876, "latitude": 51.641816677125917, "source": "OSMnx_edge_intersection", "entrance_type": "edge_crossing", "osm_entrance_type": "service,residential", "osm_barrier_type": null, "osmid": "615494258,615494255", "Primary Name_park": null, "Other Names_park": null, "flag_park": "OS", "OS ID_park": "3D6C4ACC-B9A6-80C3-E063-8ECAA00A8EB3; 3D6C4AE3-8800-80C3-E063-8ECAA00A8EB3", "OSM ID_park": null, "id_park": "VALWH_c6976699d6e3;VALWH_575cc312bc78", "Merged Count_park": 2, "Total Area (m²)_park": 34467.751126231851, "Other name(s) (OS)_park": null, "Type (OS)_park": "Public Park Or Garden", "Other name(s) (OSM)_park": null, "Type (OSM)_park": null, "Name (OS)_park": null, "Name (OSM)_park": null, "park_offical_id_park": "VALWH_2" }, "geometry": { "type": "Point", "coordinates": [ -1.308371238501488, 51.641816677125917 ] } },
{ "type": "Feature", "properties": { "longitude": -1.3083712385014876, "latitude": 51.641816677125917, "source": "OSMnx_edge_intersection", "entrance_type": "edge_crossing", "osm_entrance_type": "service,residential", "osm_barrier_type": null, "osmid": "615494258,615494255", "Primary Name_park": null, "Other Names_park": null, "flag_park": "OS", "OS ID_park": "3D6C4ACC-B9A6-80C3-E063-8ECAA00A8EB3; 3D6C4AE3-8800-80C3-E063-8ECAA00A8EB3", "OSM ID_park": null, "id_park": "VALWH_c6976699d6e3;VALWH_575cc312bc78", "Merged Count_park": 2, "Total Area (m²)_park": 34467.751126231851, "Other name(s) (OS)_park": null, "Type (OS)_park": "Public Park Or Garden", "Other name(s) (OSM)_park": null, "Type (OSM)_park": null, "Name (OS)_park": null, "Name (OSM)_park": null, "park_offical_id_park": "VALWH_2" }, "geometry": { "type": "Point", "coordinates": [ -1.308371238501488, 51.641816677125917 ] } },
{ "type": "Feature", "properties": { "longitude": -1.3079227361823229, "latitude": 51.641828804653855, "source": "OSMnx_edge_intersection", "entrance_type": "edge_crossing", "osm_entrance_type": "residential", "osm_barrier_type": null, "osmid": "1371669738", "Primary Name_park": null, "Other Names_park": null, "flag_park": "OS", "OS ID_park": "3D6C4ACC-B9A6-80C3-E063-8ECAA00A8EB3; 3D6C4AE3-8800-80C3-E063-8ECAA00A8EB3", "OSM ID_park": null, "id_park": "VALWH_c6976699d6e3;VALWH_575cc312bc78", "Merged Count_park": 2, "Total Area (m²)_park": 34467.751126231851, "Other name(s) (OS)_park": null, "Type (OS)_park": "Public Park Or Garden", "Other name(s) (OSM)_park": null, "Type (OSM)_park": null, "Name (OS)_park": null, "Name (OSM)_park": null, "park_offical_id_park": "VALWH_2" }, "geometry": { "type": "Point", "coordinates": [ -1.307922736182323, 51.641828804653855 ] } },
{ "type": "Feature", "properties": { "longitude": -1.3079227361823229, "latitude": 51.641828804653855, "source": "OSMnx_edge_intersection", "entrance_type": "edge_crossing", "osm_entrance_type": "residential", "osm_barrier_type": null, "osmid": "1371669738", "Primary Name_park": null, "Other Names_park": null, "flag_park": "OS", "OS ID_park": "3D6C4ACC-B9A6-80C3-E063-8ECAA00A8EB3; 3D6C4AE3-8800-80C3-E063-8ECAA00A8EB3", "OSM ID_park": null, "id_park": "VALWH_c6976699d6e3;VALWH_575cc312bc78", "Merged Count_park": 2, "Total Area (m²)_park": 34467.751126231851, "Other name(s) (OS)_park": null, "Type (OS)_park": "Public Park Or Garden", "Other name(s) (OSM)_park": null, "Type (OSM)_park": null, "Name (OS)_park": null, "Name (OSM)_park": null, "park_offical_id_park": "VALWH_2" }, "geometry": { "type": "Point", "coordinates": [ -1.307922736182323, 51.641828804653855 ] } },
{ "type": "Feature", "properties": { "longitude": -1.294491195384414, "latitude": 51.716913979114693, "source": "OSMnx_edge_intersection", "entrance_type": "edge_crossing", "osm_entrance_type": "path", "osm_barrier_type": null, "osmid": "164647806", "Primary Name_park": "Jarn Field", "Other Names_park": null, "flag_park": "OS", "OS ID_park": "3D6C4ACC-C555-80C3-E063-8ECAA00A8EB3", "OSM ID_park": null, "id_park": "VALWH_397923e6abcc", "Merged Count_park": 1, "Total Area (m²)_park": 22459.579512187804, "Other name(s) (OS)_park": null, "Type (OS)_park": "Public Park Or Garden", "Other name(s) (OSM)_park": null, "Type (OSM)_park": null, "Name (OS)_park": "Jarn Field", "Name (OSM)_park": null, "park_offical_id_park": "VALWH_3" }, "geometry": { "type": "Point", "coordinates": [ -1.294491195384414, 51.716913979114693 ] } },
{ "type": "Feature", "properties": { "longitude": -1.294491195384414, "latitude": 51.716913979114693, "source": "OSMnx_edge_intersection", "entrance_type": "edge_crossing", "osm_entrance_type": "path", "osm_barrier_type": null, "osmid": "164647806", "Primary Name_park": "Jarn Field", "Other Names_park": null, "flag_park": "OS", "OS ID_park": "3D6C4ACC-C555-80C3-E063-8ECAA00A8EB3", "OSM ID_park": null, "id_park": "VALWH_397923e6abcc", "Merged Count_park": 1, "Total Area (m²)_park": 22459.579512187804, "Other name(s) (OS)_park": null, "Type (OS)_park": "Public Park Or Garden", "Other name(s) (OSM)_park": null, "Type (OSM)_park": null, "Name (OS)_park": "Jarn Field", "Name (OSM)_park": null, "park_offical_id_park": "VALWH_3" }, "geometry": { "type": "Point", "coordinates": [ -1.294491195384414, 51.716913979114693 ] } },
{ "type": "Feature", "properties": { "longitude": -1.2971740814965016, "latitude": 51.716582472580178, "source": "OSMnx_edge_intersection", "entrance_type": "edge_crossing", "osm_entrance_type": "footway", "osm_barrier_type": null, "osmid": "55798229", "Primary Name_park": "Jarn Field", "Other Names_park": null, "flag_park": "OS", "OS ID_park": "3D6C4ACC-C555-80C3-E063-8ECAA00A8EB3", "OSM ID_park": null, "id_park": "VALWH_397923e6abcc", "Merged Count_park": 1, "Total Area (m²)_park": 22459.579512187804, "Other name(s) (OS)_park": null, "Type (OS)_park": "Public Park Or Garden", "Other name(s) (OSM)_park": null, "Type (OSM)_park": null, "Name (OS)_park": "Jarn Field", "Name (OSM)_park": null, "park_offical_id_park": "VALWH_3" }, "geometry": { "type": "Point", "coordinates": [ -1.297174081496502, 51.716582472580178 ] } },
{ "type": "Feature", "properties": { "longitude": -1.2971740814965016, "latitude": 51.716582472580178, "source": "OSMnx_edge_intersection", "entrance_type": "edge_crossing", "osm_entrance_type": "footway", "osm_barrier_type": null, "osmid": "55798229", "Primary Name_park": "Jarn Field", "Other Names_park": null, "flag_park": "OS", "OS ID_park": "3D6C4ACC-C555-80C3-E063-8ECAA00A8EB3", "OSM ID_park": null, "id_park": "VALWH_397923e6abcc", "Merged Count_park": 1, "Total Area (m²)_park": 22459.579512187804, "Other name(s) (OS)_park": null, "Type (OS)_park": "Public Park Or Garden", "Other name(s) (OSM)_park": null, "Type (OSM)_park": null, "Name (OS)_park": "Jarn Field", "Name (OSM)_park": null, "park_offical_id_park": "VALWH_3" }, "geometry": { "type": "Point", "coordinates": [ -1.297174081496502, 51.716582472580178 ] } },
{ "type": "Feature", "properties": { "longitude": -1.2971956646179583, "latitude": 51.717768366380383, "source": "OSMnx_edge_intersection", "entrance_type": "edge_crossing", "osm_entrance_type": "path", "osm_barrier_type": null, "osmid": "1036009288", "Primary Name_park": "Jarn Field", "Other Names_park": null, "flag_park": "OS", "OS ID_park": "3D6C4ACC-C555-80C3-E063-8ECAA00A8EB3", "OSM ID_park": null, "id_park": "VALWH_397923e6abcc", "Merged Count_park": 1, "Total Area (m²)_park": 22459.579512187804, "Other name(s) (OS)_park": null, "Type (OS)_park": "Public Park Or Garden", "Other name(s) (OSM)_park": null, "Type (OSM)_park": null, "Name (OS)_park": "Jarn Field", "Name (OSM)_park": null, "park_offical_id_park": "VALWH_3" }, "geometry": { "type": "Point", "coordinates": [ -1.297195664617958, 51.717768366380383 ] } },
{ "type": "Feature", "properties": { "longitude": -1.2971956646179583, "latitude": 51.717768366380383, "source": "OSMnx_edge_intersection", "entrance_type": "edge_crossing", "osm_entrance_type": "path", "osm_barrier_type": null, "osmid": "1036009288", "Primary Name_park": "Jarn Field", "Other Names_park": null, "flag_park": "OS", "OS ID_park": "3D6C4ACC-C555-80C3-E063-8ECAA00A8EB3", "OSM ID_park": null, "id_park": "VALWH_397923e6abcc", "Merged Count_park": 1, "Total Area (m²)_park": 22459.579512187804, "Other name(s) (OS)_park": null, "Type (OS)_park": "Public Park Or Garden", "Other name(s) (OSM)_park": null, "Type (OSM)_park": null, "Name (OS)_park": "Jarn Field", "Name (OSM)_park": null, "park_offical_id_park": "VALWH_3" }, "geometry": { "type": "Point", "coordinates": [ -1.297195664617958, 51.717768366380383 ] } },
{ "type": "Feature", "properties": { "longitude": -1.2893335834705775, "latitude": 51.686050584122597, "source": "OSMnx_edge_intersection", "entrance_type": "edge_crossing", "osm_entrance_type": "footway", "osm_barrier_type": null, "osmid": "1429450497", "Primary Name_park": null, "Other Names_park": null, "flag_park": "OS; OSM", "OS ID_park": "3D6C4ACD-3551-80C3-E063-8ECAA00A8EB3", "OSM ID_park": "1429450499.0", "id_park": "VALWH_5ff2e65e2ec8;VALWH_b80ba7038639", "Merged Count_park": 2, "Total Area (m²)_park": 1801.5326507014825, "Other name(s) (OS)_park": null, "Type (OS)_park": "Public Park Or Garden", "Other name(s) (OSM)_park": null, "Type (OSM)_park": null, "Name (OS)_park": null, "Name (OSM)_park": null, "park_offical_id_park": "VALWH_5" }, "geometry": { "type": "Point", "coordinates": [ -1.289333583470577, 51.686050584122597 ] } },
{ "type": "Feature", "properties": { "longitude": -1.2893335834705775, "latitude": 51.686050584122597, "source": "OSMnx_edge_intersection", "entrance_type": "edge_crossing", "osm_entrance_type": "footway", "osm_barrier_type": null, "osmid": "1429450497", "Primary Name_park": null, "Other Names_park": null, "flag_park": "OS; OSM", "OS ID_park": "3D6C4ACD-3551-80C3-E063-8ECAA00A8EB3", "OSM ID_park": "1429450499.0", "id_park": "VALWH_5ff2e65e2ec8;VALWH_b80ba7038639", "Merged Count_park": 2, "Total Area (m²)_park": 1801.5326507014825, "Other name(s) (OS)_park": null, "Type (OS)_park": "Public Park Or Garden", "Other name(s) (OSM)_park": null, "Type (OSM)_park": null, "Name (OS)_park": null, "Name (OSM)_park": null, "park_offical_id_park": "VALWH_5" }, "geometry": { "type": "Point", "coordinates": [ -1.289333583470577, 51.686050584122597 ] } },
{ "type": "Feature", "properties": { "longitude": -1.2889924873123828, "latitude": 51.685877930049806, "source": "OSMnx_edge_intersection", "entrance_type": "edge_crossing", "osm_entrance_type": "footway", "osm_barrier_type": null, "osmid": "1429450498", "Primary Name_park": null, "Other Names_park": null, "flag_park": "OS; OSM", "OS ID_park": "3D6C4ACD-3551-80C3-E063-8ECAA00A8EB3", "OSM ID_park": "1429450499.0", "id_park": "VALWH_5ff2e65e2ec8;VALWH_b80ba7038639", "Merged Count_park": 2, "Total Area (m²)_park": 1801.5326507014825, "Other name(s) (OS)_park": null, "Type (OS)_park": "Public Park Or Garden", "Other name(s) (OSM)_park": null, "Type (OSM)_park": null, "Name (OS)_park": null, "Name (OSM)_park": null, "park_offical_id_park": "VALWH_5" }, "geometry": { "type": "Point", "coordinates": [ -1.288992487312383, 51.685877930049806 ] } },
{ "type": "Feature", "properties": { "longitude": -1.2889924873123828, "latitude": 51.685877930049806, "source": "OSMnx_edge_intersection", "entrance_type": "edge_crossing", "osm_entrance_type": "footway", "osm_barrier_type": null, "osmid": "1429450498", "Primary Name_park": null, "Other Names_park": null, "flag_park": "OS; OSM", "OS ID_park": "3D6C4ACD-3551-80C3-E063-8ECAA00A8EB3", "OSM ID_park": "1429450499.0", "id_park": "VALWH_5ff2e65e2ec8;VALWH_b80ba7038639", "Merged Count_park": 2, "Total Area (m²)_park": 1801.5326507014825, "Other name(s) (OS)_park": null, "Type (OS)_park": "Public Park Or Garden", "Other name(s) (OSM)_park": null, "Type (OSM)_park": null, "Name (OS)_park": null, "Name (OSM)_park": null, "park_offical_id_park": "VALWH_5" }, "geometry": { "type": "Point", "coordinates": [ -1.288992487312383, 51.685877930049806 ] } },
{ "type": "Feature", "properties": { "longitude": -1.2889379168282824, "latitude": 51.686155067750924, "source": "OSMnx_edge_intersection", "entrance_type": "edge_crossing", "osm_entrance_type": "footway", "osm_barrier_type": null, "osmid": "1429450496", "Primary Name_park": null, "Other Names_park": null, "flag_park": "OS; OSM", "OS ID_park": "3D6C4ACD-3551-80C3-E063-8ECAA00A8EB3", "OSM ID_park": "1429450499.0", "id_park": "VALWH_5ff2e65e2ec8;VALWH_b80ba7038639", "Merged Count_park": 2, "Total Area (m²)_park": 1801.5326507014825, "Other name(s) (OS)_park": null, "Type (OS)_park": "Public Park Or Garden", "Other name(s) (OSM)_park": null, "Type (OSM)_park": null, "Name (OS)_park": null, "Name (OSM)_park": null, "park_offical_id_park": "VALWH_5" }, "geometry": { "type": "Point", "coordinates": [ -1.288937916828282, 51.686155067750924 ] } },
{ "type": "Feature", "properties": { "longitude": -1.2889379168282824, "latitude": 51.686155067750924, "source": "OSMnx_edge_intersection", "entrance_type": "edge_crossing", "osm_entrance_type": "footway", "osm_barrier_type": null, "osmid": "1429450496", "Primary Name_park": null, "Other Names_park": null, "flag_park": "OS; OSM", "OS ID_park": "3D6C4ACD-3551-80C3-E063-8ECAA00A8EB3", "OSM ID_park": "1429450499.0", "id_park": "VALWH_5ff2e65e2ec8;VALWH_b80ba7038639", "Merged Count_park": 2, "Total Area (m²)_park": 1801.5326507014825, "Other name(s) (OS)_park": null, "Type (OS)_park": "Public Park Or Garden", "Other name(s) (OSM)_park": null, "Type (OSM)_park": null, "Name (OS)_park": null, "Name (OSM)_park": null, "park_offical_id_park": "VALWH_5" }, "geometry": { "type": "Point", "coordinates": [ -1.288937916828282, 51.686155067750924 ] } },
{ "type": "Feature", "properties": { "longitude": -1.2894635012474291, "latitude": 51.686373126039996, "source": "OSMnx_edge_intersection", "entrance_type": "edge_crossing", "osm_entrance_type": "footway", "osm_barrier_type": null, "osmid": "1429450495", "Primary Name_park": null, "Other Names_park": null, "flag_park": "OS; OSM", "OS ID_park": "3D6C4ACD-3551-80C3-E063-8ECAA00A8EB3", "OSM ID_park": "1429450499.0", "id_park": "VALWH_5ff2e65e2ec8;VALWH_b80ba7038639", "Merged Count_park": 2, "Total Area (m²)_park": 1801.5326507014825, "Other name(s) (OS)_park": null, "Type (OS)_park": "Public Park Or Garden", "Other name(s) (OSM)_park": null, "Type (OSM)_park": null, "Name (OS)_park": null, "Name (OSM)_park": null, "park_offical_id_park": "VALWH_5" }, "geometry": { "type": "Point", "coordinates": [ -1.289463501247429, 51.686373126039996 ] } },
{ "type": "Feature", "properties": { "longitude": -1.2894635012474291, "latitude": 51.686373126039996, "source": "OSMnx_edge_intersection", "entrance_type": "edge_crossing", "osm_entrance_type": "footway", "osm_barrier_type": null, "osmid": "1429450495", "Primary Name_park": null, "Other Names_park": null, "flag_park": "OS; OSM", "OS ID_park": "3D6C4ACD-3551-80C3-E063-8ECAA00A8EB3", "OSM ID_park": "1429450499.0", "id_park": "VALWH_5ff2e65e2ec8;VALWH_b80ba7038639", "Merged Count_park": 2, "Total Area (m²)_park": 1801.5326507014825, "Other name(s) (OS)_park": null, "Type (OS)_park": "Public Park Or Garden", "Other name(s) (OSM)_park": null, "Type (OSM)_park": null, "Name (OS)_park": null, "Name (OSM)_park": null, "park_offical_id_park": "VALWH_5" }, "geometry": { "type": "Point", "coordinates": [ -1.289463501247429, 51.686373126039996 ] } },
{ "type": "Feature", "properties": { "longitude": -1.3092013073821989, "latitude": 51.568750554311499, "source": "OSMnx_edge_intersection", "entrance_type": "edge_crossing", "osm_entrance_type": "footway", "osm_barrier_type": null, "osmid": "1022519978", "Primary Name_park": "Chilton Fields", "Other Names_park": null, "flag_park": "OS; OSM", "OS ID_park": "3D6C4AD0-041E-80C3-E063-8ECAA00A8EB3", "OSM ID_park": "782367277.0", "id_park": "VALWH_e48f444853bc;VALWH_0e1e0d377c80", "Merged Count_park": 2, "Total Area (m²)_park": 48082.971151397171, "Other name(s) (OS)_park": null, "Type (OS)_park": "Public Park Or Garden", "Other name(s) (OSM)_park": null, "Type (OSM)_park": null, "Name (OS)_park": null, "Name (OSM)_park": null, "park_offical_id_park": "VALWH_10" }, "geometry": { "type": "Point", "coordinates": [ -1.309201307382199, 51.568750554311499 ] } },
{ "type": "Feature", "properties": { "longitude": -1.3092013073821989, "latitude": 51.568750554311499, "source": "OSMnx_edge_intersection", "entrance_type": "edge_crossing", "osm_entrance_type": "footway", "osm_barrier_type": null, "osmid": "1022519978", "Primary Name_park": "Chilton Fields", "Other Names_park": null, "flag_park": "OS; OSM", "OS ID_park": "3D6C4AD0-041E-80C3-E063-8ECAA00A8EB3", "OSM ID_park": "782367277.0", "id_park": "VALWH_e48f444853bc;VALWH_0e1e0d377c80", "Merged Count_park": 2, "Total Area (m²)_park": 48082.971151397171, "Other name(s) (OS)_park": null, "Type (OS)_park": "Public Park Or Garden", "Other name(s) (OSM)_park": null, "Type (OSM)_park": null, "Name (OS)_park": null, "Name (OSM)_park": null, "park_offical_id_park": "VALWH_10" }, "geometry": { "type": "Point", "coordinates": [ -1.309201307382199, 51.568750554311499 ] } },
{ "type": "Feature", "properties": { "longitude": -1.3046728009902453, "latitude": 51.570242277810237, "source": "OSMnx_edge_intersection", "entrance_type": "edge_crossing", "osm_entrance_type": "footway", "osm_barrier_type": null, "osmid": "1022519978", "Primary Name_park": "Chilton Fields", "Other Names_park": null, "flag_park": "OS; OSM", "OS ID_park": "3D6C4AD0-041E-80C3-E063-8ECAA00A8EB3", "OSM ID_park": "782367277.0", "id_park": "VALWH_e48f444853bc;VALWH_0e1e0d377c80", "Merged Count_park": 2, "Total Area (m²)_park": 48082.971151397171, "Other name(s) (OS)_park": null, "Type (OS)_park": "Public Park Or Garden", "Other name(s) (OSM)_park": null, "Type (OSM)_park": null, "Name (OS)_park": null, "Name (OSM)_park": null, "park_offical_id_park": "VALWH_10" }, "geometry": { "type": "Point", "coordinates": [ -1.304672800990245, 51.570242277810237 ] } },
{ "type": "Feature", "properties": { "longitude": -1.3046728009902453, "latitude": 51.570242277810237, "source": "OSMnx_edge_intersection", "entrance_type": "edge_crossing", "osm_entrance_type": "footway", "osm_barrier_type": null, "osmid": "1022519978", "Primary Name_park": "Chilton Fields", "Other Names_park": null, "flag_park": "OS; OSM", "OS ID_park": "3D6C4AD0-041E-80C3-E063-8ECAA00A8EB3", "OSM ID_park": "782367277.0", "id_park": "VALWH_e48f444853bc;VALWH_0e1e0d377c80", "Merged Count_park": 2, "Total Area (m²)_park": 48082.971151397171, "Other name(s) (OS)_park": null, "Type (OS)_park": "Public Park Or Garden", "Other name(s) (OSM)_park": null, "Type (OSM)_park": null, "Name (OS)_park": null, "Name (OSM)_park": null, "park_offical_id_park": "VALWH_10" }, "geometry": { "type": "Point", "coordinates": [ -1.304672800990245, 51.570242277810237 ] } },
{ "type": "Feature", "properties": { "longitude": -1.3084914123070752, "latitude": 51.569045539511443, "source": "OSMnx_edge_intersection", "entrance_type": "edge_crossing", "osm_entrance_type": "footway", "osm_barrier_type": null, "osmid": "1059077867", "Primary Name_park": "Chilton Fields", "Other Names_park": null, "flag_park": "OS; OSM", "OS ID_park": "3D6C4AD0-041E-80C3-E063-8ECAA00A8EB3", "OSM ID_park": "782367277.0", "id_park": "VALWH_e48f444853bc;VALWH_0e1e0d377c80", "Merged Count_park": 2, "Total Area (m²)_park": 48082.971151397171, "Other name(s) (OS)_park": null, "Type (OS)_park": "Public Park Or Garden", "Other name(s) (OSM)_park": null, "Type (OSM)_park": null, "Name (OS)_park": null, "Name (OSM)_park": null, "park_offical_id_park": "VALWH_10" }, "geometry": { "type": "Point", "coordinates": [ -1.308491412307075, 51.569045539511443 ] } },
{ "type": "Feature", "properties": { "longitude": -1.3084914123070752, "latitude": 51.569045539511443, "source": "OSMnx_edge_intersection", "entrance_type": "edge_crossing", "osm_entrance_type": "footway", "osm_barrier_type": null, "osmid": "1059077867", "Primary Name_park": "Chilton Fields", "Other Names_park": null, "flag_park": "OS; OSM", "OS ID_park": "3D6C4AD0-041E-80C3-E063-8ECAA00A8EB3", "OSM ID_park": "782367277.0", "id_park": "VALWH_e48f444853bc;VALWH_0e1e0d377c80", "Merged Count_park": 2, "Total Area (m²)_park": 48082.971151397171, "Other name(s) (OS)_park": null, "Type (OS)_park": "Public Park Or Garden", "Other name(s) (OSM)_park": null, "Type (OSM)_park": null, "Name (OS)_park": null, "Name (OSM)_park": null, "park_offical_id_park": "VALWH_10" }, "geometry": { "type": "Point", "coordinates": [ -1.308491412307075, 51.569045539511443 ] } },
{ "type": "Feature", "properties": { "longitude": -1.3076078542500236, "latitude": 51.569714849418553, "source": "OSMnx_edge_intersection", "entrance_type": "edge_crossing", "osm_entrance_type": "service", "osm_barrier_type": null, "osmid": "256326525", "Primary Name_park": "Chilton Fields", "Other Names_park": null, "flag_park": "OS; OSM", "OS ID_park": "3D6C4AD0-041E-80C3-E063-8ECAA00A8EB3", "OSM ID_park": "782367277.0", "id_park": "VALWH_e48f444853bc;VALWH_0e1e0d377c80", "Merged Count_park": 2, "Total Area (m²)_park": 48082.971151397171, "Other name(s) (OS)_park": null, "Type (OS)_park": "Public Park Or Garden", "Other name(s) (OSM)_park": null, "Type (OSM)_park": null, "Name (OS)_park": null, "Name (OSM)_park": null, "park_offical_id_park": "VALWH_10" }, "geometry": { "type": "Point", "coordinates": [ -1.307607854250024, 51.569714849418553 ] } },
{ "type": "Feature", "properties": { "longitude": -1.3076078542500236, "latitude": 51.569714849418553, "source": "OSMnx_edge_intersection", "entrance_type": "edge_crossing", "osm_entrance_type": "service", "osm_barrier_type": null, "osmid": "256326525", "Primary Name_park": "Chilton Fields", "Other Names_park": null, "flag_park": "OS; OSM", "OS ID_park": "3D6C4AD0-041E-80C3-E063-8ECAA00A8EB3", "OSM ID_park": "782367277.0", "id_park": "VALWH_e48f444853bc;VALWH_0e1e0d377c80", "Merged Count_park": 2, "Total Area (m²)_park": 48082.971151397171, "Other name(s) (OS)_park": null, "Type (OS)_park": "Public Park Or Garden", "Other name(s) (OSM)_park": null, "Type (OSM)_park": null, "Name (OS)_park": null, "Name (OSM)_park": null, "park_offical_id_park": "VALWH_10" }, "geometry": { "type": "Point", "coordinates": [ -1.307607854250024, 51.569714849418553 ] } },
{ "type": "Feature", "properties": { "longitude": -1.3065831923417637, "latitude": 51.570218235432698, "source": "OSMnx_edge_intersection", "entrance_type": "edge_crossing", "osm_entrance_type": "footway", "osm_barrier_type": null, "osmid": "1059077886", "Primary Name_park": "Chilton Fields", "Other Names_park": null, "flag_park": "OS; OSM", "OS ID_park": "3D6C4AD0-041E-80C3-E063-8ECAA00A8EB3", "OSM ID_park": "782367277.0", "id_park": "VALWH_e48f444853bc;VALWH_0e1e0d377c80", "Merged Count_park": 2, "Total Area (m²)_park": 48082.971151397171, "Other name(s) (OS)_park": null, "Type (OS)_park": "Public Park Or Garden", "Other name(s) (OSM)_park": null, "Type (OSM)_park": null, "Name (OS)_park": null, "Name (OSM)_park": null, "park_offical_id_park": "VALWH_10" }, "geometry": { "type": "Point", "coordinates": [ -1.306583192341764, 51.570218235432698 ] } },
{ "type": "Feature", "properties": { "longitude": -1.3065831923417637, "latitude": 51.570218235432698, "source": "OSMnx_edge_intersection", "entrance_type": "edge_crossing", "osm_entrance_type": "footway", "osm_barrier_type": null, "osmid": "1059077886", "Primary Name_park": "Chilton Fields", "Other Names_park": null, "flag_park": "OS; OSM", "OS ID_park": "3D6C4AD0-041E-80C3-E063-8ECAA00A8EB3", "OSM ID_park": "782367277.0", "id_park": "VALWH_e48f444853bc;VALWH_0e1e0d377c80", "Merged Count_park": 2, "Total Area (m²)_park": 48082.971151397171, "Other name(s) (OS)_park": null, "Type (OS)_park": "Public Park Or Garden", "Other name(s) (OSM)_park": null, "Type (OSM)_park": null, "Name (OS)_park": null, "Name (OSM)_park": null, "park_offical_id_park": "VALWH_10" }, "geometry": { "type": "Point", "coordinates": [ -1.306583192341764, 51.570218235432698 ] } },
{ "type": "Feature", "properties": { "longitude": -1.2876676632744843, "latitude": 51.708892676165284, "source": "OSMnx_edge_intersection", "entrance_type": "edge_crossing", "osm_entrance_type": "footway", "osm_barrier_type": null, "osmid": "51874148", "Primary Name_park": "Lincombe Lane Field and Reserve", "Other Names_park": null, "flag_park": "OS", "OS ID_park": "3D6C4AD2-205A-80C3-E063-8ECAA00A8EB3", "OSM ID_park": null, "id_park": "VALWH_6005c20a7ebc", "Merged Count_park": 1, "Total Area (m²)_park": 17156.404422811589, "Other name(s) (OS)_park": null, "Type (OS)_park": "Public Park Or Garden", "Other name(s) (OSM)_park": null, "Type (OSM)_park": null, "Name (OS)_park": "Lincombe Lane Field and Reserve", "Name (OSM)_park": null, "park_offical_id_park": "VALWH_13" }, "geometry": { "type": "Point", "coordinates": [ -1.287667663274484, 51.708892676165284 ] } },
{ "type": "Feature", "properties": { "longitude": -1.2876676632744843, "latitude": 51.708892676165284, "source": "OSMnx_edge_intersection", "entrance_type": "edge_crossing", "osm_entrance_type": "footway", "osm_barrier_type": null, "osmid": "51874148", "Primary Name_park": "Lincombe Lane Field and Reserve", "Other Names_park": null, "flag_park": "OS", "OS ID_park": "3D6C4AD2-205A-80C3-E063-8ECAA00A8EB3", "OSM ID_park": null, "id_park": "VALWH_6005c20a7ebc", "Merged Count_park": 1, "Total Area (m²)_park": 17156.404422811589, "Other name(s) (OS)_park": null, "Type (OS)_park": "Public Park Or Garden", "Other name(s) (OSM)_park": null, "Type (OSM)_park": null, "Name (OS)_park": "Lincombe Lane Field and Reserve", "Name (OSM)_park": null, "park_offical_id_park": "VALWH_13" }, "geometry": { "type": "Point", "coordinates": [ -1.287667663274484, 51.708892676165284 ] } },
{ "type": "Feature", "properties": { "longitude": -1.2850912666401892, "latitude": 51.708851331135591, "source": "OSMnx_edge_intersection", "entrance_type": "edge_crossing", "osm_entrance_type": "path", "osm_barrier_type": null, "osmid": "51874146", "Primary Name_park": "Lincombe Lane Field and Reserve", "Other Names_park": null, "flag_park": "OS", "OS ID_park": "3D6C4AD2-205A-80C3-E063-8ECAA00A8EB3", "OSM ID_park": null, "id_park": "VALWH_6005c20a7ebc", "Merged Count_park": 1, "Total Area (m²)_park": 17156.404422811589, "Other name(s) (OS)_park": null, "Type (OS)_park": "Public Park Or Garden", "Other name(s) (OSM)_park": null, "Type (OSM)_park": null, "Name (OS)_park": "Lincombe Lane Field and Reserve", "Name (OSM)_park": null, "park_offical_id_park": "VALWH_13" }, "geometry": { "type": "Point", "coordinates": [ -1.285091266640189, 51.708851331135591 ] } },
{ "type": "Feature", "properties": { "longitude": -1.2852653190558487, "latitude": 51.708832236064744, "source": "OSMnx_edge_intersection", "entrance_type": "edge_crossing", "osm_entrance_type": "path", "osm_barrier_type": null, "osmid": "51874146", "Primary Name_park": "Lincombe Lane Field and Reserve", "Other Names_park": null, "flag_park": "OS", "OS ID_park": "3D6C4AD2-205A-80C3-E063-8ECAA00A8EB3", "OSM ID_park": null, "id_park": "VALWH_6005c20a7ebc", "Merged Count_park": 1, "Total Area (m²)_park": 17156.404422811589, "Other name(s) (OS)_park": null, "Type (OS)_park": "Public Park Or Garden", "Other name(s) (OSM)_park": null, "Type (OSM)_park": null, "Name (OS)_park": "Lincombe Lane Field and Reserve", "Name (OSM)_park": null, "park_offical_id_park": "VALWH_13" }, "geometry": { "type": "Point", "coordinates": [ -1.285265319055849, 51.708832236064744 ] } },
{ "type": "Feature", "properties": { "longitude": -1.2850413351891985, "latitude": 51.708856809052058, "source": "OSMnx_edge_intersection", "entrance_type": "edge_crossing", "osm_entrance_type": "path", "osm_barrier_type": null, "osmid": "51874146", "Primary Name_park": "Lincombe Lane Field and Reserve", "Other Names_park": null, "flag_park": "OS", "OS ID_park": "3D6C4AD2-205A-80C3-E063-8ECAA00A8EB3", "OSM ID_park": null, "id_park": "VALWH_6005c20a7ebc", "Merged Count_park": 1, "Total Area (m²)_park": 17156.404422811589, "Other name(s) (OS)_park": null, "Type (OS)_park": "Public Park Or Garden", "Other name(s) (OSM)_park": null, "Type (OSM)_park": null, "Name (OS)_park": "Lincombe Lane Field and Reserve", "Name (OSM)_park": null, "park_offical_id_park": "VALWH_13" }, "geometry": { "type": "Point", "coordinates": [ -1.285041335189198, 51.708856809052058 ] } },
{ "type": "Feature", "properties": { "longitude": -1.2850912666401892, "latitude": 51.708851331135591, "source": "OSMnx_edge_intersection", "entrance_type": "edge_crossing", "osm_entrance_type": "path", "osm_barrier_type": null, "osmid": "51874146", "Primary Name_park": "Lincombe Lane Field and Reserve", "Other Names_park": null, "flag_park": "OS", "OS ID_park": "3D6C4AD2-205A-80C3-E063-8ECAA00A8EB3", "OSM ID_park": null, "id_park": "VALWH_6005c20a7ebc", "Merged Count_park": 1, "Total Area (m²)_park": 17156.404422811589, "Other name(s) (OS)_park": null, "Type (OS)_park": "Public Park Or Garden", "Other name(s) (OSM)_park": null, "Type (OSM)_park": null, "Name (OS)_park": "Lincombe Lane Field and Reserve", "Name (OSM)_park": null, "park_offical_id_park": "VALWH_13" }, "geometry": { "type": "Point", "coordinates": [ -1.285091266640189, 51.708851331135591 ] } },
{ "type": "Feature", "properties": { "longitude": -1.2850413351891985, "latitude": 51.708856809052058, "source": "OSMnx_edge_intersection", "entrance_type": "edge_crossing", "osm_entrance_type": "path", "osm_barrier_type": null, "osmid": "51874146", "Primary Name_park": "Lincombe Lane Field and Reserve", "Other Names_park": null, "flag_park": "OS", "OS ID_park": "3D6C4AD2-205A-80C3-E063-8ECAA00A8EB3", "OSM ID_park": null, "id_park": "VALWH_6005c20a7ebc", "Merged Count_park": 1, "Total Area (m²)_park": 17156.404422811589, "Other name(s) (OS)_park": null, "Type (OS)_park": "Public Park Or Garden", "Other name(s) (OSM)_park": null, "Type (OSM)_park": null, "Name (OS)_park": "Lincombe Lane Field and Reserve", "Name (OSM)_park": null, "park_offical_id_park": "VALWH_13" }, "geometry": { "type": "Point", "coordinates": [ -1.285041335189198, 51.708856809052058 ] } },
{ "type": "Feature", "properties": { "longitude": -1.2852653190558487, "latitude": 51.708832236064744, "source": "OSMnx_edge_intersection", "entrance_type": "edge_crossing", "osm_entrance_type": "path", "osm_barrier_type": null, "osmid": "51874146", "Primary Name_park": "Lincombe Lane Field and Reserve", "Other Names_park": null, "flag_park": "OS", "OS ID_park": "3D6C4AD2-205A-80C3-E063-8ECAA00A8EB3", "OSM ID_park": null, "id_park": "VALWH_6005c20a7ebc", "Merged Count_park": 1, "Total Area (m²)_park": 17156.404422811589, "Other name(s) (OS)_park": null, "Type (OS)_park": "Public Park Or Garden", "Other name(s) (OSM)_park": null, "Type (OSM)_park": null, "Name (OS)_park": "Lincombe Lane Field and Reserve", "Name (OSM)_park": null, "park_offical_id_park": "VALWH_13" }, "geometry": { "type": "Point", "coordinates": [ -1.285265319055849, 51.708832236064744 ] } },
{ "type": "Feature", "properties": { "longitude": -1.2851934511314027, "latitude": 51.708868090130899, "source": "OSMnx_edge_intersection", "entrance_type": "edge_crossing", "osm_entrance_type": "footway", "osm_barrier_type": null, "osmid": "51874148", "Primary Name_park": "Lincombe Lane Field and Reserve", "Other Names_park": null, "flag_park": "OS", "OS ID_park": "3D6C4AD2-205A-80C3-E063-8ECAA00A8EB3", "OSM ID_park": null, "id_park": "VALWH_6005c20a7ebc", "Merged Count_park": 1, "Total Area (m²)_park": 17156.404422811589, "Other name(s) (OS)_park": null, "Type (OS)_park": "Public Park Or Garden", "Other name(s) (OSM)_park": null, "Type (OSM)_park": null, "Name (OS)_park": "Lincombe Lane Field and Reserve", "Name (OSM)_park": null, "park_offical_id_park": "VALWH_13" }, "geometry": { "type": "Point", "coordinates": [ -1.285193451131403, 51.708868090130899 ] } },
{ "type": "Feature", "properties": { "longitude": -1.2851934511314027, "latitude": 51.708868090130899, "source": "OSMnx_edge_intersection", "entrance_type": "edge_crossing", "osm_entrance_type": "footway", "osm_barrier_type": null, "osmid": "51874148", "Primary Name_park": "Lincombe Lane Field and Reserve", "Other Names_park": null, "flag_park": "OS", "OS ID_park": "3D6C4AD2-205A-80C3-E063-8ECAA00A8EB3", "OSM ID_park": null, "id_park": "VALWH_6005c20a7ebc", "Merged Count_park": 1, "Total Area (m²)_park": 17156.404422811589, "Other name(s) (OS)_park": null, "Type (OS)_park": "Public Park Or Garden", "Other name(s) (OSM)_park": null, "Type (OSM)_park": null, "Name (OS)_park": "Lincombe Lane Field and Reserve", "Name (OSM)_park": null, "park_offical_id_park": "VALWH_13" }, "geometry": { "type": "Point", "coordinates": [ -1.285193451131403, 51.708868090130899 ] } },
{ "type": "Feature", "properties": { "longitude": -1.3073958444902543, "latitude": 51.753089673835355, "source": "OSMnx_edge_intersection", "entrance_type": "edge_crossing", "osm_entrance_type": "footway,residential", "osm_barrier_type": null, "osmid": "1213721289,22994556", "Primary Name_park": "Fogwell Road Open Area", "Other Names_park": null, "flag_park": "OS; OSM", "OS ID_park": "3D6C4AD2-D981-80C3-E063-8ECAA00A8EB3", "OSM ID_park": "12671870.0; 939490793.0; 1248835950.0", "id_park": "VALWH_8d508557bb97;VALWH_138adf649fd5;VALWH_e48075cfd033;VALWH_230294cecffd", "Merged Count_park": 4, "Total Area (m²)_park": 69073.711226217158, "Other name(s) (OS)_park": null, "Type (OS)_park": "Public Park Or Garden", "Other name(s) (OSM)_park": null, "Type (OSM)_park": null, "Name (OS)_park": null, "Name (OSM)_park": null, "park_offical_id_park": "VALWH_14" }, "geometry": { "type": "Point", "coordinates": [ -1.307395844490254, 51.753089673835355 ] } },
{ "type": "Feature", "properties": { "longitude": -1.3073958444902543, "latitude": 51.753089673835355, "source": "OSMnx_edge_intersection", "entrance_type": "edge_crossing", "osm_entrance_type": "residential,footway", "osm_barrier_type": null, "osmid": "1213721289,22994556", "Primary Name_park": "Fogwell Road Open Area", "Other Names_park": null, "flag_park": "OS; OSM", "OS ID_park": "3D6C4AD2-D981-80C3-E063-8ECAA00A8EB3", "OSM ID_park": "12671870.0; 939490793.0; 1248835950.0", "id_park": "VALWH_8d508557bb97;VALWH_138adf649fd5;VALWH_e48075cfd033;VALWH_230294cecffd", "Merged Count_park": 4, "Total Area (m²)_park": 69073.711226217158, "Other name(s) (OS)_park": null, "Type (OS)_park": "Public Park Or Garden", "Other name(s) (OSM)_park": null, "Type (OSM)_park": null, "Name (OS)_park": null, "Name (OSM)_park": null, "park_offical_id_park": "VALWH_14" }, "geometry": { "type": "Point", "coordinates": [ -1.307395844490254, 51.753089673835355 ] } },
{ "type": "Feature", "properties": { "longitude": -1.306615847427536, "latitude": 51.753129285325926, "source": "OSMnx_edge_intersection", "entrance_type": "edge_crossing", "osm_entrance_type": "residential,footway", "osm_barrier_type": null, "osmid": "364343321,254699837", "Primary Name_park": "Fogwell Road Open Area", "Other Names_park": null, "flag_park": "OS; OSM", "OS ID_park": "3D6C4AD2-D981-80C3-E063-8ECAA00A8EB3", "OSM ID_park": "12671870.0; 939490793.0; 1248835950.0", "id_park": "VALWH_8d508557bb97;VALWH_138adf649fd5;VALWH_e48075cfd033;VALWH_230294cecffd", "Merged Count_park": 4, "Total Area (m²)_park": 69073.711226217158, "Other name(s) (OS)_park": null, "Type (OS)_park": "Public Park Or Garden", "Other name(s) (OSM)_park": null, "Type (OSM)_park": null, "Name (OS)_park": null, "Name (OSM)_park": null, "park_offical_id_park": "VALWH_14" }, "geometry": { "type": "Point", "coordinates": [ -1.306615847427536, 51.753129285325926 ] } },
{ "type": "Feature", "properties": { "longitude": -1.306615847427536, "latitude": 51.753129285325926, "source": "OSMnx_edge_intersection", "entrance_type": "edge_crossing", "osm_entrance_type": "footway,residential", "osm_barrier_type": null, "osmid": "364343321,254699837", "Primary Name_park": "Fogwell Road Open Area", "Other Names_park": null, "flag_park": "OS; OSM", "OS ID_park": "3D6C4AD2-D981-80C3-E063-8ECAA00A8EB3", "OSM ID_park": "12671870.0; 939490793.0; 1248835950.0", "id_park": "VALWH_8d508557bb97;VALWH_138adf649fd5;VALWH_e48075cfd033;VALWH_230294cecffd", "Merged Count_park": 4, "Total Area (m²)_park": 69073.711226217158, "Other name(s) (OS)_park": null, "Type (OS)_park": "Public Park Or Garden", "Other name(s) (OSM)_park": null, "Type (OSM)_park": null, "Name (OS)_park": null, "Name (OSM)_park": null, "park_offical_id_park": "VALWH_14" }, "geometry": { "type": "Point", "coordinates": [ -1.306615847427536, 51.753129285325926 ] } },
{ "type": "Feature", "properties": { "longitude": -1.3061653999006266, "latitude": 51.7532145281995, "source": "OSMnx_edge_intersection", "entrance_type": "edge_crossing", "osm_entrance_type": "residential", "osm_barrier_type": null, "osmid": "254700502", "Primary Name_park": "Fogwell Road Open Area", "Other Names_park": null, "flag_park": "OS; OSM", "OS ID_park": "3D6C4AD2-D981-80C3-E063-8ECAA00A8EB3", "OSM ID_park": "12671870.0; 939490793.0; 1248835950.0", "id_park": "VALWH_8d508557bb97;VALWH_138adf649fd5;VALWH_e48075cfd033;VALWH_230294cecffd", "Merged Count_park": 4, "Total Area (m²)_park": 69073.711226217158, "Other name(s) (OS)_park": null, "Type (OS)_park": "Public Park Or Garden", "Other name(s) (OSM)_park": null, "Type (OSM)_park": null, "Name (OS)_park": null, "Name (OSM)_park": null, "park_offical_id_park": "VALWH_14" }, "geometry": { "type": "Point", "coordinates": [ -1.306165399900627, 51.7532145281995 ] } },
{ "type": "Feature", "properties": { "longitude": -1.3061653999006266, "latitude": 51.7532145281995, "source": "OSMnx_edge_intersection", "entrance_type": "edge_crossing", "osm_entrance_type": "residential", "osm_barrier_type": null, "osmid": "254700502", "Primary Name_park": "Fogwell Road Open Area", "Other Names_park": null, "flag_park": "OS; OSM", "OS ID_park": "3D6C4AD2-D981-80C3-E063-8ECAA00A8EB3", "OSM ID_park": "12671870.0; 939490793.0; 1248835950.0", "id_park": "VALWH_8d508557bb97;VALWH_138adf649fd5;VALWH_e48075cfd033;VALWH_230294cecffd", "Merged Count_park": 4, "Total Area (m²)_park": 69073.711226217158, "Other name(s) (OS)_park": null, "Type (OS)_park": "Public Park Or Garden", "Other name(s) (OSM)_park": null, "Type (OSM)_park": null, "Name (OS)_park": null, "Name (OSM)_park": null, "park_offical_id_park": "VALWH_14" }, "geometry": { "type": "Point", "coordinates": [ -1.306165399900627, 51.7532145281995 ] } },
{ "type": "Feature", "properties": { "longitude": -1.3054726014356408, "latitude": 51.753341890308555, "source": "OSMnx_edge_intersection", "entrance_type": "edge_crossing", "osm_entrance_type": "residential,footway", "osm_barrier_type": null, "osmid": "254700501,1213721287", "Primary Name_park": "Fogwell Road Open Area", "Other Names_park": null, "flag_park": "OS; OSM", "OS ID_park": "3D6C4AD2-D981-80C3-E063-8ECAA00A8EB3", "OSM ID_park": "12671870.0; 939490793.0; 1248835950.0", "id_park": "VALWH_8d508557bb97;VALWH_138adf649fd5;VALWH_e48075cfd033;VALWH_230294cecffd", "Merged Count_park": 4, "Total Area (m²)_park": 69073.711226217158, "Other name(s) (OS)_park": null, "Type (OS)_park": "Public Park Or Garden", "Other name(s) (OSM)_park": null, "Type (OSM)_park": null, "Name (OS)_park": null, "Name (OSM)_park": null, "park_offical_id_park": "VALWH_14" }, "geometry": { "type": "Point", "coordinates": [ -1.305472601435641, 51.753341890308555 ] } },
{ "type": "Feature", "properties": { "longitude": -1.3054726014356408, "latitude": 51.753341890308555, "source": "OSMnx_edge_intersection", "entrance_type": "edge_crossing", "osm_entrance_type": "footway,residential", "osm_barrier_type": null, "osmid": "254700501,1213721287", "Primary Name_park": "Fogwell Road Open Area", "Other Names_park": null, "flag_park": "OS; OSM", "OS ID_park": "3D6C4AD2-D981-80C3-E063-8ECAA00A8EB3", "OSM ID_park": "12671870.0; 939490793.0; 1248835950.0", "id_park": "VALWH_8d508557bb97;VALWH_138adf649fd5;VALWH_e48075cfd033;VALWH_230294cecffd", "Merged Count_park": 4, "Total Area (m²)_park": 69073.711226217158, "Other name(s) (OS)_park": null, "Type (OS)_park": "Public Park Or Garden", "Other name(s) (OSM)_park": null, "Type (OSM)_park": null, "Name (OS)_park": null, "Name (OSM)_park": null, "park_offical_id_park": "VALWH_14" }, "geometry": { "type": "Point", "coordinates": [ -1.305472601435641, 51.753341890308555 ] } },
{ "type": "Feature", "properties": { "longitude": -1.3028342275288529, "latitude": 51.753332425051198, "source": "OSMnx_edge_intersection", "entrance_type": "edge_crossing", "osm_entrance_type": "residential,footway", "osm_barrier_type": null, "osmid": "425760160,696365213", "Primary Name_park": "Fogwell Road Open Area", "Other Names_park": null, "flag_park": "OS; OSM", "OS ID_park": "3D6C4AD2-D981-80C3-E063-8ECAA00A8EB3", "OSM ID_park": "12671870.0; 939490793.0; 1248835950.0", "id_park": "VALWH_8d508557bb97;VALWH_138adf649fd5;VALWH_e48075cfd033;VALWH_230294cecffd", "Merged Count_park": 4, "Total Area (m²)_park": 69073.711226217158, "Other name(s) (OS)_park": null, "Type (OS)_park": "Public Park Or Garden", "Other name(s) (OSM)_park": null, "Type (OSM)_park": null, "Name (OS)_park": null, "Name (OSM)_park": null, "park_offical_id_park": "VALWH_14" }, "geometry": { "type": "Point", "coordinates": [ -1.302834227528853, 51.753332425051198 ] } },
{ "type": "Feature", "properties": { "longitude": -1.3028342275288529, "latitude": 51.753332425051198, "source": "OSMnx_edge_intersection", "entrance_type": "edge_crossing", "osm_entrance_type": "footway,residential", "osm_barrier_type": null, "osmid": "425760160,696365213", "Primary Name_park": "Fogwell Road Open Area", "Other Names_park": null, "flag_park": "OS; OSM", "OS ID_park": "3D6C4AD2-D981-80C3-E063-8ECAA00A8EB3", "OSM ID_park": "12671870.0; 939490793.0; 1248835950.0", "id_park": "VALWH_8d508557bb97;VALWH_138adf649fd5;VALWH_e48075cfd033;VALWH_230294cecffd", "Merged Count_park": 4, "Total Area (m²)_park": 69073.711226217158, "Other name(s) (OS)_park": null, "Type (OS)_park": "Public Park Or Garden", "Other name(s) (OSM)_park": null, "Type (OSM)_park": null, "Name (OS)_park": null, "Name (OSM)_park": null, "park_offical_id_park": "VALWH_14" }, "geometry": { "type": "Point", "coordinates": [ -1.302834227528853, 51.753332425051198 ] } },
{ "type": "Feature", "properties": { "longitude": -1.3034381111719793, "latitude": 51.753378558600275, "source": "OSMnx_edge_intersection", "entrance_type": "edge_crossing", "osm_entrance_type": "residential,footway", "osm_barrier_type": null, "osmid": "425760160,632930580", "Primary Name_park": "Fogwell Road Open Area", "Other Names_park": null, "flag_park": "OS; OSM", "OS ID_park": "3D6C4AD2-D981-80C3-E063-8ECAA00A8EB3", "OSM ID_park": "12671870.0; 939490793.0; 1248835950.0", "id_park": "VALWH_8d508557bb97;VALWH_138adf649fd5;VALWH_e48075cfd033;VALWH_230294cecffd", "Merged Count_park": 4, "Total Area (m²)_park": 69073.711226217158, "Other name(s) (OS)_park": null, "Type (OS)_park": "Public Park Or Garden", "Other name(s) (OSM)_park": null, "Type (OSM)_park": null, "Name (OS)_park": null, "Name (OSM)_park": null, "park_offical_id_park": "VALWH_14" }, "geometry": { "type": "Point", "coordinates": [ -1.303438111171979, 51.753378558600275 ] } },
{ "type": "Feature", "properties": { "longitude": -1.3034381111719793, "latitude": 51.753378558600275, "source": "OSMnx_edge_intersection", "entrance_type": "edge_crossing", "osm_entrance_type": "footway,residential", "osm_barrier_type": null, "osmid": "425760160,632930580", "Primary Name_park": "Fogwell Road Open Area", "Other Names_park": null, "flag_park": "OS; OSM", "OS ID_park": "3D6C4AD2-D981-80C3-E063-8ECAA00A8EB3", "OSM ID_park": "12671870.0; 939490793.0; 1248835950.0", "id_park": "VALWH_8d508557bb97;VALWH_138adf649fd5;VALWH_e48075cfd033;VALWH_230294cecffd", "Merged Count_park": 4, "Total Area (m²)_park": 69073.711226217158, "Other name(s) (OS)_park": null, "Type (OS)_park": "Public Park Or Garden", "Other name(s) (OSM)_park": null, "Type (OSM)_park": null, "Name (OS)_park": null, "Name (OSM)_park": null, "park_offical_id_park": "VALWH_14" }, "geometry": { "type": "Point", "coordinates": [ -1.303438111171979, 51.753378558600275 ] } },
{ "type": "Feature", "properties": { "longitude": -1.3034381111719793, "latitude": 51.753378558600275, "source": "OSMnx_edge_intersection", "entrance_type": "edge_crossing", "osm_entrance_type": "footway", "osm_barrier_type": null, "osmid": "893319433,632930578", "Primary Name_park": "Fogwell Road Open Area", "Other Names_park": null, "flag_park": "OS; OSM", "OS ID_park": "3D6C4AD2-D981-80C3-E063-8ECAA00A8EB3", "OSM ID_park": "12671870.0; 939490793.0; 1248835950.0", "id_park": "VALWH_8d508557bb97;VALWH_138adf649fd5;VALWH_e48075cfd033;VALWH_230294cecffd", "Merged Count_park": 4, "Total Area (m²)_park": 69073.711226217158, "Other name(s) (OS)_park": null, "Type (OS)_park": "Public Park Or Garden", "Other name(s) (OSM)_park": null, "Type (OSM)_park": null, "Name (OS)_park": null, "Name (OSM)_park": null, "park_offical_id_park": "VALWH_14" }, "geometry": { "type": "Point", "coordinates": [ -1.303438111171979, 51.753378558600275 ] } },
{ "type": "Feature", "properties": { "longitude": -1.3034381111719793, "latitude": 51.753378558600275, "source": "OSMnx_edge_intersection", "entrance_type": "edge_crossing", "osm_entrance_type": "footway", "osm_barrier_type": null, "osmid": "893319433,632930578", "Primary Name_park": "Fogwell Road Open Area", "Other Names_park": null, "flag_park": "OS; OSM", "OS ID_park": "3D6C4AD2-D981-80C3-E063-8ECAA00A8EB3", "OSM ID_park": "12671870.0; 939490793.0; 1248835950.0", "id_park": "VALWH_8d508557bb97;VALWH_138adf649fd5;VALWH_e48075cfd033;VALWH_230294cecffd", "Merged Count_park": 4, "Total Area (m²)_park": 69073.711226217158, "Other name(s) (OS)_park": null, "Type (OS)_park": "Public Park Or Garden", "Other name(s) (OSM)_park": null, "Type (OSM)_park": null, "Name (OS)_park": null, "Name (OSM)_park": null, "park_offical_id_park": "VALWH_14" }, "geometry": { "type": "Point", "coordinates": [ -1.303438111171979, 51.753378558600275 ] } },
{ "type": "Feature", "properties": { "longitude": -1.3046394298758066, "latitude": 51.753629027023088, "source": "OSMnx_edge_intersection", "entrance_type": "edge_crossing", "osm_entrance_type": "footway", "osm_barrier_type": null, "osmid": "364343320", "Primary Name_park": "Fogwell Road Open Area", "Other Names_park": null, "flag_park": "OS; OSM", "OS ID_park": "3D6C4AD2-D981-80C3-E063-8ECAA00A8EB3", "OSM ID_park": "12671870.0; 939490793.0; 1248835950.0", "id_park": "VALWH_8d508557bb97;VALWH_138adf649fd5;VALWH_e48075cfd033;VALWH_230294cecffd", "Merged Count_park": 4, "Total Area (m²)_park": 69073.711226217158, "Other name(s) (OS)_park": null, "Type (OS)_park": "Public Park Or Garden", "Other name(s) (OSM)_park": null, "Type (OSM)_park": null, "Name (OS)_park": null, "Name (OSM)_park": null, "park_offical_id_park": "VALWH_14" }, "geometry": { "type": "Point", "coordinates": [ -1.304639429875807, 51.753629027023088 ] } },
{ "type": "Feature", "properties": { "longitude": -1.3046394298758066, "latitude": 51.753629027023088, "source": "OSMnx_edge_intersection", "entrance_type": "edge_crossing", "osm_entrance_type": "footway", "osm_barrier_type": null, "osmid": "364343320", "Primary Name_park": "Fogwell Road Open Area", "Other Names_park": null, "flag_park": "OS; OSM", "OS ID_park": "3D6C4AD2-D981-80C3-E063-8ECAA00A8EB3", "OSM ID_park": "12671870.0; 939490793.0; 1248835950.0", "id_park": "VALWH_8d508557bb97;VALWH_138adf649fd5;VALWH_e48075cfd033;VALWH_230294cecffd", "Merged Count_park": 4, "Total Area (m²)_park": 69073.711226217158, "Other name(s) (OS)_park": null, "Type (OS)_park": "Public Park Or Garden", "Other name(s) (OSM)_park": null, "Type (OSM)_park": null, "Name (OS)_park": null, "Name (OSM)_park": null, "park_offical_id_park": "VALWH_14" }, "geometry": { "type": "Point", "coordinates": [ -1.304639429875807, 51.753629027023088 ] } },
{ "type": "Feature", "properties": { "longitude": -1.3045434286605917, "latitude": 51.753646812553505, "source": "OSMnx_edge_intersection", "entrance_type": "edge_crossing", "osm_entrance_type": "footway", "osm_barrier_type": null, "osmid": "632930578", "Primary Name_park": "Fogwell Road Open Area", "Other Names_park": null, "flag_park": "OS; OSM", "OS ID_park": "3D6C4AD2-D981-80C3-E063-8ECAA00A8EB3", "OSM ID_park": "12671870.0; 939490793.0; 1248835950.0", "id_park": "VALWH_8d508557bb97;VALWH_138adf649fd5;VALWH_e48075cfd033;VALWH_230294cecffd", "Merged Count_park": 4, "Total Area (m²)_park": 69073.711226217158, "Other name(s) (OS)_park": null, "Type (OS)_park": "Public Park Or Garden", "Other name(s) (OSM)_park": null, "Type (OSM)_park": null, "Name (OS)_park": null, "Name (OSM)_park": null, "park_offical_id_park": "VALWH_14" }, "geometry": { "type": "Point", "coordinates": [ -1.304543428660592, 51.753646812553505 ] } },
{ "type": "Feature", "properties": { "longitude": -1.3045434286605917, "latitude": 51.753646812553505, "source": "OSMnx_edge_intersection", "entrance_type": "edge_crossing", "osm_entrance_type": "footway", "osm_barrier_type": null, "osmid": "632930578", "Primary Name_park": "Fogwell Road Open Area", "Other Names_park": null, "flag_park": "OS; OSM", "OS ID_park": "3D6C4AD2-D981-80C3-E063-8ECAA00A8EB3", "OSM ID_park": "12671870.0; 939490793.0; 1248835950.0", "id_park": "VALWH_8d508557bb97;VALWH_138adf649fd5;VALWH_e48075cfd033;VALWH_230294cecffd", "Merged Count_park": 4, "Total Area (m²)_park": 69073.711226217158, "Other name(s) (OS)_park": null, "Type (OS)_park": "Public Park Or Garden", "Other name(s) (OSM)_park": null, "Type (OSM)_park": null, "Name (OS)_park": null, "Name (OSM)_park": null, "park_offical_id_park": "VALWH_14" }, "geometry": { "type": "Point", "coordinates": [ -1.304543428660592, 51.753646812553505 ] } },
{ "type": "Feature", "properties": { "longitude": -1.312583093793618, "latitude": 51.751898458848622, "source": "OSMnx_edge_intersection", "entrance_type": "edge_crossing", "osm_entrance_type": "footway,residential", "osm_barrier_type": null, "osmid": "40851531,22994607", "Primary Name_park": "Fogwell Road Open Area", "Other Names_park": null, "flag_park": "OS; OSM", "OS ID_park": "3D6C4AD2-D981-80C3-E063-8ECAA00A8EB3", "OSM ID_park": "12671870.0; 939490793.0; 1248835950.0", "id_park": "VALWH_8d508557bb97;VALWH_138adf649fd5;VALWH_e48075cfd033;VALWH_230294cecffd", "Merged Count_park": 4, "Total Area (m²)_park": 69073.711226217158, "Other name(s) (OS)_park": null, "Type (OS)_park": "Public Park Or Garden", "Other name(s) (OSM)_park": null, "Type (OSM)_park": null, "Name (OS)_park": null, "Name (OSM)_park": null, "park_offical_id_park": "VALWH_14" }, "geometry": { "type": "Point", "coordinates": [ -1.312583093793618, 51.751898458848622 ] } },
{ "type": "Feature", "properties": { "longitude": -1.312583093793618, "latitude": 51.751898458848622, "source": "OSMnx_edge_intersection", "entrance_type": "edge_crossing", "osm_entrance_type": "residential,footway", "osm_barrier_type": null, "osmid": "40851531,22994607", "Primary Name_park": "Fogwell Road Open Area", "Other Names_park": null, "flag_park": "OS; OSM", "OS ID_park": "3D6C4AD2-D981-80C3-E063-8ECAA00A8EB3", "OSM ID_park": "12671870.0; 939490793.0; 1248835950.0", "id_park": "VALWH_8d508557bb97;VALWH_138adf649fd5;VALWH_e48075cfd033;VALWH_230294cecffd", "Merged Count_park": 4, "Total Area (m²)_park": 69073.711226217158, "Other name(s) (OS)_park": null, "Type (OS)_park": "Public Park Or Garden", "Other name(s) (OSM)_park": null, "Type (OSM)_park": null, "Name (OS)_park": null, "Name (OSM)_park": null, "park_offical_id_park": "VALWH_14" }, "geometry": { "type": "Point", "coordinates": [ -1.312583093793618, 51.751898458848622 ] } },
{ "type": "Feature", "properties": { "longitude": -1.3117768737285302, "latitude": 51.752205776929721, "source": "OSMnx_edge_intersection", "entrance_type": "edge_crossing", "osm_entrance_type": "footway", "osm_barrier_type": null, "osmid": "40851534", "Primary Name_park": "Fogwell Road Open Area", "Other Names_park": null, "flag_park": "OS; OSM", "OS ID_park": "3D6C4AD2-D981-80C3-E063-8ECAA00A8EB3", "OSM ID_park": "12671870.0; 939490793.0; 1248835950.0", "id_park": "VALWH_8d508557bb97;VALWH_138adf649fd5;VALWH_e48075cfd033;VALWH_230294cecffd", "Merged Count_park": 4, "Total Area (m²)_park": 69073.711226217158, "Other name(s) (OS)_park": null, "Type (OS)_park": "Public Park Or Garden", "Other name(s) (OSM)_park": null, "Type (OSM)_park": null, "Name (OS)_park": null, "Name (OSM)_park": null, "park_offical_id_park": "VALWH_14" }, "geometry": { "type": "Point", "coordinates": [ -1.31177687372853, 51.752205776929721 ] } },
{ "type": "Feature", "properties": { "longitude": -1.3117544169379067, "latitude": 51.752172931663125, "source": "OSMnx_edge_intersection", "entrance_type": "edge_crossing", "osm_entrance_type": "footway", "osm_barrier_type": null, "osmid": "40851534", "Primary Name_park": "Fogwell Road Open Area", "Other Names_park": null, "flag_park": "OS; OSM", "OS ID_park": "3D6C4AD2-D981-80C3-E063-8ECAA00A8EB3", "OSM ID_park": "12671870.0; 939490793.0; 1248835950.0", "id_park": "VALWH_8d508557bb97;VALWH_138adf649fd5;VALWH_e48075cfd033;VALWH_230294cecffd", "Merged Count_park": 4, "Total Area (m²)_park": 69073.711226217158, "Other name(s) (OS)_park": null, "Type (OS)_park": "Public Park Or Garden", "Other name(s) (OSM)_park": null, "Type (OSM)_park": null, "Name (OS)_park": null, "Name (OSM)_park": null, "park_offical_id_park": "VALWH_14" }, "geometry": { "type": "Point", "coordinates": [ -1.311754416937907, 51.752172931663125 ] } },
{ "type": "Feature", "properties": { "longitude": -1.311746050132371, "latitude": 51.752160694386525, "source": "OSMnx_edge_intersection", "entrance_type": "edge_crossing", "osm_entrance_type": "footway", "osm_barrier_type": null, "osmid": "40851534", "Primary Name_park": "Fogwell Road Open Area", "Other Names_park": null, "flag_park": "OS; OSM", "OS ID_park": "3D6C4AD2-D981-80C3-E063-8ECAA00A8EB3", "OSM ID_park": "12671870.0; 939490793.0; 1248835950.0", "id_park": "VALWH_8d508557bb97;VALWH_138adf649fd5;VALWH_e48075cfd033;VALWH_230294cecffd", "Merged Count_park": 4, "Total Area (m²)_park": 69073.711226217158, "Other name(s) (OS)_park": null, "Type (OS)_park": "Public Park Or Garden", "Other name(s) (OSM)_park": null, "Type (OSM)_park": null, "Name (OS)_park": null, "Name (OSM)_park": null, "park_offical_id_park": "VALWH_14" }, "geometry": { "type": "Point", "coordinates": [ -1.311746050132371, 51.752160694386525 ] } },
{ "type": "Feature", "properties": { "longitude": -1.311746050132371, "latitude": 51.752160694386525, "source": "OSMnx_edge_intersection", "entrance_type": "edge_crossing", "osm_entrance_type": "footway", "osm_barrier_type": null, "osmid": "40851534", "Primary Name_park": "Fogwell Road Open Area", "Other Names_park": null, "flag_park": "OS; OSM", "OS ID_park": "3D6C4AD2-D981-80C3-E063-8ECAA00A8EB3", "OSM ID_park": "12671870.0; 939490793.0; 1248835950.0", "id_park": "VALWH_8d508557bb97;VALWH_138adf649fd5;VALWH_e48075cfd033;VALWH_230294cecffd", "Merged Count_park": 4, "Total Area (m²)_park": 69073.711226217158, "Other name(s) (OS)_park": null, "Type (OS)_park": "Public Park Or Garden", "Other name(s) (OSM)_park": null, "Type (OSM)_park": null, "Name (OS)_park": null, "Name (OSM)_park": null, "park_offical_id_park": "VALWH_14" }, "geometry": { "type": "Point", "coordinates": [ -1.311746050132371, 51.752160694386525 ] } },
{ "type": "Feature", "properties": { "longitude": -1.3117544169379067, "latitude": 51.752172931663125, "source": "OSMnx_edge_intersection", "entrance_type": "edge_crossing", "osm_entrance_type": "footway", "osm_barrier_type": null, "osmid": "40851534", "Primary Name_park": "Fogwell Road Open Area", "Other Names_park": null, "flag_park": "OS; OSM", "OS ID_park": "3D6C4AD2-D981-80C3-E063-8ECAA00A8EB3", "OSM ID_park": "12671870.0; 939490793.0; 1248835950.0", "id_park": "VALWH_8d508557bb97;VALWH_138adf649fd5;VALWH_e48075cfd033;VALWH_230294cecffd", "Merged Count_park": 4, "Total Area (m²)_park": 69073.711226217158, "Other name(s) (OS)_park": null, "Type (OS)_park": "Public Park Or Garden", "Other name(s) (OSM)_park": null, "Type (OSM)_park": null, "Name (OS)_park": null, "Name (OSM)_park": null, "park_offical_id_park": "VALWH_14" }, "geometry": { "type": "Point", "coordinates": [ -1.311754416937907, 51.752172931663125 ] } },
{ "type": "Feature", "properties": { "longitude": -1.3117768737285302, "latitude": 51.752205776929721, "source": "OSMnx_edge_intersection", "entrance_type": "edge_crossing", "osm_entrance_type": "footway", "osm_barrier_type": null, "osmid": "40851534", "Primary Name_park": "Fogwell Road Open Area", "Other Names_park": null, "flag_park": "OS; OSM", "OS ID_park": "3D6C4AD2-D981-80C3-E063-8ECAA00A8EB3", "OSM ID_park": "12671870.0; 939490793.0; 1248835950.0", "id_park": "VALWH_8d508557bb97;VALWH_138adf649fd5;VALWH_e48075cfd033;VALWH_230294cecffd", "Merged Count_park": 4, "Total Area (m²)_park": 69073.711226217158, "Other name(s) (OS)_park": null, "Type (OS)_park": "Public Park Or Garden", "Other name(s) (OSM)_park": null, "Type (OSM)_park": null, "Name (OS)_park": null, "Name (OSM)_park": null, "park_offical_id_park": "VALWH_14" }, "geometry": { "type": "Point", "coordinates": [ -1.31177687372853, 51.752205776929721 ] } },
{ "type": "Feature", "properties": { "longitude": -1.3095469201399585, "latitude": 51.75285001969057, "source": "OSMnx_edge_intersection", "entrance_type": "edge_crossing", "osm_entrance_type": "footway,residential", "osm_barrier_type": null, "osmid": "40851537,22994562", "Primary Name_park": "Fogwell Road Open Area", "Other Names_park": null, "flag_park": "OS; OSM", "OS ID_park": "3D6C4AD2-D981-80C3-E063-8ECAA00A8EB3", "OSM ID_park": "12671870.0; 939490793.0; 1248835950.0", "id_park": "VALWH_8d508557bb97;VALWH_138adf649fd5;VALWH_e48075cfd033;VALWH_230294cecffd", "Merged Count_park": 4, "Total Area (m²)_park": 69073.711226217158, "Other name(s) (OS)_park": null, "Type (OS)_park": "Public Park Or Garden", "Other name(s) (OSM)_park": null, "Type (OSM)_park": null, "Name (OS)_park": null, "Name (OSM)_park": null, "park_offical_id_park": "VALWH_14" }, "geometry": { "type": "Point", "coordinates": [ -1.309546920139959, 51.75285001969057 ] } },
{ "type": "Feature", "properties": { "longitude": -1.3095469201399585, "latitude": 51.75285001969057, "source": "OSMnx_edge_intersection", "entrance_type": "edge_crossing", "osm_entrance_type": "residential,footway", "osm_barrier_type": null, "osmid": "40851537,22994562", "Primary Name_park": "Fogwell Road Open Area", "Other Names_park": null, "flag_park": "OS; OSM", "OS ID_park": "3D6C4AD2-D981-80C3-E063-8ECAA00A8EB3", "OSM ID_park": "12671870.0; 939490793.0; 1248835950.0", "id_park": "VALWH_8d508557bb97;VALWH_138adf649fd5;VALWH_e48075cfd033;VALWH_230294cecffd", "Merged Count_park": 4, "Total Area (m²)_park": 69073.711226217158, "Other name(s) (OS)_park": null, "Type (OS)_park": "Public Park Or Garden", "Other name(s) (OSM)_park": null, "Type (OSM)_park": null, "Name (OS)_park": null, "Name (OSM)_park": null, "park_offical_id_park": "VALWH_14" }, "geometry": { "type": "Point", "coordinates": [ -1.309546920139959, 51.75285001969057 ] } },
{ "type": "Feature", "properties": { "longitude": -1.3099124516835212, "latitude": 51.752856545266489, "source": "OSMnx_edge_intersection", "entrance_type": "edge_crossing", "osm_entrance_type": "service,footway", "osm_barrier_type": null, "osmid": "40851538,331732157", "Primary Name_park": "Fogwell Road Open Area", "Other Names_park": null, "flag_park": "OS; OSM", "OS ID_park": "3D6C4AD2-D981-80C3-E063-8ECAA00A8EB3", "OSM ID_park": "12671870.0; 939490793.0; 1248835950.0", "id_park": "VALWH_8d508557bb97;VALWH_138adf649fd5;VALWH_e48075cfd033;VALWH_230294cecffd", "Merged Count_park": 4, "Total Area (m²)_park": 69073.711226217158, "Other name(s) (OS)_park": null, "Type (OS)_park": "Public Park Or Garden", "Other name(s) (OSM)_park": null, "Type (OSM)_park": null, "Name (OS)_park": null, "Name (OSM)_park": null, "park_offical_id_park": "VALWH_14" }, "geometry": { "type": "Point", "coordinates": [ -1.309912451683521, 51.752856545266489 ] } },
{ "type": "Feature", "properties": { "longitude": -1.3099124516835212, "latitude": 51.752856545266489, "source": "OSMnx_edge_intersection", "entrance_type": "edge_crossing", "osm_entrance_type": "service,footway", "osm_barrier_type": null, "osmid": "40851538,331732157", "Primary Name_park": "Fogwell Road Open Area", "Other Names_park": null, "flag_park": "OS; OSM", "OS ID_park": "3D6C4AD2-D981-80C3-E063-8ECAA00A8EB3", "OSM ID_park": "12671870.0; 939490793.0; 1248835950.0", "id_park": "VALWH_8d508557bb97;VALWH_138adf649fd5;VALWH_e48075cfd033;VALWH_230294cecffd", "Merged Count_park": 4, "Total Area (m²)_park": 69073.711226217158, "Other name(s) (OS)_park": null, "Type (OS)_park": "Public Park Or Garden", "Other name(s) (OSM)_park": null, "Type (OSM)_park": null, "Name (OS)_park": null, "Name (OSM)_park": null, "park_offical_id_park": "VALWH_14" }, "geometry": { "type": "Point", "coordinates": [ -1.309912451683521, 51.752856545266489 ] } },
{ "type": "Feature", "properties": { "longitude": -1.2947613282185106, "latitude": 51.603035669010396, "source": "OSMnx_edge_intersection", "entrance_type": "edge_crossing", "osm_entrance_type": "residential", "osm_barrier_type": null, "osmid": "914174258,1286826789", "Primary Name_park": null, "Other Names_park": null, "flag_park": "OS", "OS ID_park": "3D6C4AD5-B61C-80C3-E063-8ECAA00A8EB3", "OSM ID_park": null, "id_park": "VALWH_b3bbb47a5d81", "Merged Count_park": 1, "Total Area (m²)_park": 2768.8563143280867, "Other name(s) (OS)_park": null, "Type (OS)_park": "Public Park Or Garden", "Other name(s) (OSM)_park": null, "Type (OSM)_park": null, "Name (OS)_park": null, "Name (OSM)_park": null, "park_offical_id_park": "VALWH_17" }, "geometry": { "type": "Point", "coordinates": [ -1.294761328218511, 51.603035669010396 ] } },
{ "type": "Feature", "properties": { "longitude": -1.2947613282185106, "latitude": 51.603035669010396, "source": "OSMnx_edge_intersection", "entrance_type": "edge_crossing", "osm_entrance_type": "residential", "osm_barrier_type": null, "osmid": "914174258,1286826789", "Primary Name_park": null, "Other Names_park": null, "flag_park": "OS", "OS ID_park": "3D6C4AD5-B61C-80C3-E063-8ECAA00A8EB3", "OSM ID_park": null, "id_park": "VALWH_b3bbb47a5d81", "Merged Count_park": 1, "Total Area (m²)_park": 2768.8563143280867, "Other name(s) (OS)_park": null, "Type (OS)_park": "Public Park Or Garden", "Other name(s) (OSM)_park": null, "Type (OSM)_park": null, "Name (OS)_park": null, "Name (OSM)_park": null, "park_offical_id_park": "VALWH_17" }, "geometry": { "type": "Point", "coordinates": [ -1.294761328218511, 51.603035669010396 ] } },
{ "type": "Feature", "properties": { "longitude": -1.2947805595113422, "latitude": 51.603505877140435, "source": "OSMnx_edge_intersection", "entrance_type": "edge_crossing", "osm_entrance_type": "footway", "osm_barrier_type": null, "osmid": "893979428", "Primary Name_park": null, "Other Names_park": null, "flag_park": "OS", "OS ID_park": "3D6C4AD5-B61C-80C3-E063-8ECAA00A8EB3", "OSM ID_park": null, "id_park": "VALWH_b3bbb47a5d81", "Merged Count_park": 1, "Total Area (m²)_park": 2768.8563143280867, "Other name(s) (OS)_park": null, "Type (OS)_park": "Public Park Or Garden", "Other name(s) (OSM)_park": null, "Type (OSM)_park": null, "Name (OS)_park": null, "Name (OSM)_park": null, "park_offical_id_park": "VALWH_17" }, "geometry": { "type": "Point", "coordinates": [ -1.294780559511342, 51.603505877140435 ] } },
{ "type": "Feature", "properties": { "longitude": -1.2947805595113422, "latitude": 51.603505877140435, "source": "OSMnx_edge_intersection", "entrance_type": "edge_crossing", "osm_entrance_type": "footway", "osm_barrier_type": null, "osmid": "893979428", "Primary Name_park": null, "Other Names_park": null, "flag_park": "OS", "OS ID_park": "3D6C4AD5-B61C-80C3-E063-8ECAA00A8EB3", "OSM ID_park": null, "id_park": "VALWH_b3bbb47a5d81", "Merged Count_park": 1, "Total Area (m²)_park": 2768.8563143280867, "Other name(s) (OS)_park": null, "Type (OS)_park": "Public Park Or Garden", "Other name(s) (OSM)_park": null, "Type (OSM)_park": null, "Name (OS)_park": null, "Name (OSM)_park": null, "park_offical_id_park": "VALWH_17" }, "geometry": { "type": "Point", "coordinates": [ -1.294780559511342, 51.603505877140435 ] } },
{ "type": "Feature", "properties": { "longitude": -1.2943960513876087, "latitude": 51.603663966089464, "source": "OSMnx_edge_intersection", "entrance_type": "edge_crossing", "osm_entrance_type": "footway", "osm_barrier_type": null, "osmid": "893979429", "Primary Name_park": null, "Other Names_park": null, "flag_park": "OS", "OS ID_park": "3D6C4AD5-B61C-80C3-E063-8ECAA00A8EB3", "OSM ID_park": null, "id_park": "VALWH_b3bbb47a5d81", "Merged Count_park": 1, "Total Area (m²)_park": 2768.8563143280867, "Other name(s) (OS)_park": null, "Type (OS)_park": "Public Park Or Garden", "Other name(s) (OSM)_park": null, "Type (OSM)_park": null, "Name (OS)_park": null, "Name (OSM)_park": null, "park_offical_id_park": "VALWH_17" }, "geometry": { "type": "Point", "coordinates": [ -1.294396051387609, 51.603663966089464 ] } },
{ "type": "Feature", "properties": { "longitude": -1.2943960513876087, "latitude": 51.603663966089464, "source": "OSMnx_edge_intersection", "entrance_type": "edge_crossing", "osm_entrance_type": "footway", "osm_barrier_type": null, "osmid": "893979429", "Primary Name_park": null, "Other Names_park": null, "flag_park": "OS", "OS ID_park": "3D6C4AD5-B61C-80C3-E063-8ECAA00A8EB3", "OSM ID_park": null, "id_park": "VALWH_b3bbb47a5d81", "Merged Count_park": 1, "Total Area (m²)_park": 2768.8563143280867, "Other name(s) (OS)_park": null, "Type (OS)_park": "Public Park Or Garden", "Other name(s) (OSM)_park": null, "Type (OSM)_park": null, "Name (OS)_park": null, "Name (OSM)_park": null, "park_offical_id_park": "VALWH_17" }, "geometry": { "type": "Point", "coordinates": [ -1.294396051387609, 51.603663966089464 ] } },
{ "type": "Feature", "properties": { "longitude": -1.2949328534524422, "latitude": 51.603225001571829, "source": "OSMnx_edge_intersection", "entrance_type": "edge_crossing", "osm_entrance_type": "residential", "osm_barrier_type": null, "osmid": "512049536", "Primary Name_park": null, "Other Names_park": null, "flag_park": "OS", "OS ID_park": "3D6C4AD5-B61C-80C3-E063-8ECAA00A8EB3", "OSM ID_park": null, "id_park": "VALWH_b3bbb47a5d81", "Merged Count_park": 1, "Total Area (m²)_park": 2768.8563143280867, "Other name(s) (OS)_park": null, "Type (OS)_park": "Public Park Or Garden", "Other name(s) (OSM)_park": null, "Type (OSM)_park": null, "Name (OS)_park": null, "Name (OSM)_park": null, "park_offical_id_park": "VALWH_17" }, "geometry": { "type": "Point", "coordinates": [ -1.294932853452442, 51.603225001571829 ] } },
{ "type": "Feature", "properties": { "longitude": -1.2949328534524422, "latitude": 51.603225001571829, "source": "OSMnx_edge_intersection", "entrance_type": "edge_crossing", "osm_entrance_type": "residential", "osm_barrier_type": null, "osmid": "512049536", "Primary Name_park": null, "Other Names_park": null, "flag_park": "OS", "OS ID_park": "3D6C4AD5-B61C-80C3-E063-8ECAA00A8EB3", "OSM ID_park": null, "id_park": "VALWH_b3bbb47a5d81", "Merged Count_park": 1, "Total Area (m²)_park": 2768.8563143280867, "Other name(s) (OS)_park": null, "Type (OS)_park": "Public Park Or Garden", "Other name(s) (OSM)_park": null, "Type (OSM)_park": null, "Name (OS)_park": null, "Name (OSM)_park": null, "park_offical_id_park": "VALWH_17" }, "geometry": { "type": "Point", "coordinates": [ -1.294932853452442, 51.603225001571829 ] } },
{ "type": "Feature", "properties": { "longitude": -1.2944063433242836, "latitude": 51.603120738885494, "source": "OSMnx_edge_intersection", "entrance_type": "edge_crossing", "osm_entrance_type": "residential", "osm_barrier_type": null, "osmid": "512049536", "Primary Name_park": null, "Other Names_park": null, "flag_park": "OS", "OS ID_park": "3D6C4AD5-B61C-80C3-E063-8ECAA00A8EB3", "OSM ID_park": null, "id_park": "VALWH_b3bbb47a5d81", "Merged Count_park": 1, "Total Area (m²)_park": 2768.8563143280867, "Other name(s) (OS)_park": null, "Type (OS)_park": "Public Park Or Garden", "Other name(s) (OSM)_park": null, "Type (OSM)_park": null, "Name (OS)_park": null, "Name (OSM)_park": null, "park_offical_id_park": "VALWH_17" }, "geometry": { "type": "Point", "coordinates": [ -1.294406343324284, 51.603120738885494 ] } },
{ "type": "Feature", "properties": { "longitude": -1.2944063433242836, "latitude": 51.603120738885494, "source": "OSMnx_edge_intersection", "entrance_type": "edge_crossing", "osm_entrance_type": "residential", "osm_barrier_type": null, "osmid": "512049536", "Primary Name_park": null, "Other Names_park": null, "flag_park": "OS", "OS ID_park": "3D6C4AD5-B61C-80C3-E063-8ECAA00A8EB3", "OSM ID_park": null, "id_park": "VALWH_b3bbb47a5d81", "Merged Count_park": 1, "Total Area (m²)_park": 2768.8563143280867, "Other name(s) (OS)_park": null, "Type (OS)_park": "Public Park Or Garden", "Other name(s) (OSM)_park": null, "Type (OSM)_park": null, "Name (OS)_park": null, "Name (OSM)_park": null, "park_offical_id_park": "VALWH_17" }, "geometry": { "type": "Point", "coordinates": [ -1.294406343324284, 51.603120738885494 ] } },
{ "type": "Feature", "properties": { "longitude": -1.2942648711858522, "latitude": 51.603392145685696, "source": "OSMnx_edge_intersection", "entrance_type": "edge_crossing", "osm_entrance_type": "footway", "osm_barrier_type": null, "osmid": "893979428", "Primary Name_park": null, "Other Names_park": null, "flag_park": "OS", "OS ID_park": "3D6C4AD5-B61C-80C3-E063-8ECAA00A8EB3", "OSM ID_park": null, "id_park": "VALWH_b3bbb47a5d81", "Merged Count_park": 1, "Total Area (m²)_park": 2768.8563143280867, "Other name(s) (OS)_park": null, "Type (OS)_park": "Public Park Or Garden", "Other name(s) (OSM)_park": null, "Type (OSM)_park": null, "Name (OS)_park": null, "Name (OSM)_park": null, "park_offical_id_park": "VALWH_17" }, "geometry": { "type": "Point", "coordinates": [ -1.294264871185852, 51.603392145685696 ] } },
{ "type": "Feature", "properties": { "longitude": -1.2942648711858522, "latitude": 51.603392145685696, "source": "OSMnx_edge_intersection", "entrance_type": "edge_crossing", "osm_entrance_type": "footway", "osm_barrier_type": null, "osmid": "893979428", "Primary Name_park": null, "Other Names_park": null, "flag_park": "OS", "OS ID_park": "3D6C4AD5-B61C-80C3-E063-8ECAA00A8EB3", "OSM ID_park": null, "id_park": "VALWH_b3bbb47a5d81", "Merged Count_park": 1, "Total Area (m²)_park": 2768.8563143280867, "Other name(s) (OS)_park": null, "Type (OS)_park": "Public Park Or Garden", "Other name(s) (OSM)_park": null, "Type (OSM)_park": null, "Name (OS)_park": null, "Name (OSM)_park": null, "park_offical_id_park": "VALWH_17" }, "geometry": { "type": "Point", "coordinates": [ -1.294264871185852, 51.603392145685696 ] } },
{ "type": "Feature", "properties": { "longitude": -1.2851185853801956, "latitude": 51.667869796207114, "source": "OSMnx_edge_intersection", "entrance_type": "edge_crossing", "osm_entrance_type": "footway", "osm_barrier_type": null, "osmid": "81512601,45268391,45268455", "Primary Name_park": null, "Other Names_park": null, "flag_park": "OS; OSM", "OS ID_park": "3D6C4ADC-D436-80C3-E063-8ECAA00A8EB3", "OSM ID_park": "368835625.0", "id_park": "VALWH_bf8533b0758e;VALWH_c580f2ca9ce6", "Merged Count_park": 2, "Total Area (m²)_park": 43308.917658580096, "Other name(s) (OS)_park": null, "Type (OS)_park": "Public Park Or Garden", "Other name(s) (OSM)_park": null, "Type (OSM)_park": null, "Name (OS)_park": null, "Name (OSM)_park": null, "park_offical_id_park": "VALWH_27" }, "geometry": { "type": "Point", "coordinates": [ -1.285118585380196, 51.667869796207114 ] } },
{ "type": "Feature", "properties": { "longitude": -1.2851185853801956, "latitude": 51.667869796207114, "source": "OSMnx_edge_intersection", "entrance_type": "edge_crossing", "osm_entrance_type": "footway", "osm_barrier_type": null, "osmid": "81512601,45268455,45268391", "Primary Name_park": null, "Other Names_park": null, "flag_park": "OS; OSM", "OS ID_park": "3D6C4ADC-D436-80C3-E063-8ECAA00A8EB3", "OSM ID_park": "368835625.0", "id_park": "VALWH_bf8533b0758e;VALWH_c580f2ca9ce6", "Merged Count_park": 2, "Total Area (m²)_park": 43308.917658580096, "Other name(s) (OS)_park": null, "Type (OS)_park": "Public Park Or Garden", "Other name(s) (OSM)_park": null, "Type (OSM)_park": null, "Name (OS)_park": null, "Name (OSM)_park": null, "park_offical_id_park": "VALWH_27" }, "geometry": { "type": "Point", "coordinates": [ -1.285118585380196, 51.667869796207114 ] } },
{ "type": "Feature", "properties": { "longitude": -1.2933791544872717, "latitude": 51.667500728610825, "source": "OSMnx_edge_intersection", "entrance_type": "edge_crossing", "osm_entrance_type": "track,residential", "osm_barrier_type": null, "osmid": "25023321,25023322", "Primary Name_park": null, "Other Names_park": null, "flag_park": "OS; OSM", "OS ID_park": "3D6C4ADC-D436-80C3-E063-8ECAA00A8EB3", "OSM ID_park": "368835625.0", "id_park": "VALWH_bf8533b0758e;VALWH_c580f2ca9ce6", "Merged Count_park": 2, "Total Area (m²)_park": 43308.917658580096, "Other name(s) (OS)_park": null, "Type (OS)_park": "Public Park Or Garden", "Other name(s) (OSM)_park": null, "Type (OSM)_park": null, "Name (OS)_park": null, "Name (OSM)_park": null, "park_offical_id_park": "VALWH_27" }, "geometry": { "type": "Point", "coordinates": [ -1.293379154487272, 51.667500728610825 ] } },
{ "type": "Feature", "properties": { "longitude": -1.2933791544872717, "latitude": 51.667500728610825, "source": "OSMnx_edge_intersection", "entrance_type": "edge_crossing", "osm_entrance_type": "track,residential", "osm_barrier_type": null, "osmid": "25023321,25023322", "Primary Name_park": null, "Other Names_park": null, "flag_park": "OS; OSM", "OS ID_park": "3D6C4ADC-D436-80C3-E063-8ECAA00A8EB3", "OSM ID_park": "368835625.0", "id_park": "VALWH_bf8533b0758e;VALWH_c580f2ca9ce6", "Merged Count_park": 2, "Total Area (m²)_park": 43308.917658580096, "Other name(s) (OS)_park": null, "Type (OS)_park": "Public Park Or Garden", "Other name(s) (OSM)_park": null, "Type (OSM)_park": null, "Name (OS)_park": null, "Name (OSM)_park": null, "park_offical_id_park": "VALWH_27" }, "geometry": { "type": "Point", "coordinates": [ -1.293379154487272, 51.667500728610825 ] } },
{ "type": "Feature", "properties": { "longitude": -1.2930863737724159, "latitude": 51.667525687020365, "source": "OSMnx_edge_intersection", "entrance_type": "edge_crossing", "osm_entrance_type": "residential,footway", "osm_barrier_type": null, "osmid": "25023326,25023327", "Primary Name_park": null, "Other Names_park": null, "flag_park": "OS; OSM", "OS ID_park": "3D6C4ADC-D436-80C3-E063-8ECAA00A8EB3", "OSM ID_park": "368835625.0", "id_park": "VALWH_bf8533b0758e;VALWH_c580f2ca9ce6", "Merged Count_park": 2, "Total Area (m²)_park": 43308.917658580096, "Other name(s) (OS)_park": null, "Type (OS)_park": "Public Park Or Garden", "Other name(s) (OSM)_park": null, "Type (OSM)_park": null, "Name (OS)_park": null, "Name (OSM)_park": null, "park_offical_id_park": "VALWH_27" }, "geometry": { "type": "Point", "coordinates": [ -1.293086373772416, 51.667525687020365 ] } },
{ "type": "Feature", "properties": { "longitude": -1.2930863737724159, "latitude": 51.667525687020365, "source": "OSMnx_edge_intersection", "entrance_type": "edge_crossing", "osm_entrance_type": "footway,residential", "osm_barrier_type": null, "osmid": "25023326,25023327", "Primary Name_park": null, "Other Names_park": null, "flag_park": "OS; OSM", "OS ID_park": "3D6C4ADC-D436-80C3-E063-8ECAA00A8EB3", "OSM ID_park": "368835625.0", "id_park": "VALWH_bf8533b0758e;VALWH_c580f2ca9ce6", "Merged Count_park": 2, "Total Area (m²)_park": 43308.917658580096, "Other name(s) (OS)_park": null, "Type (OS)_park": "Public Park Or Garden", "Other name(s) (OSM)_park": null, "Type (OSM)_park": null, "Name (OS)_park": null, "Name (OSM)_park": null, "park_offical_id_park": "VALWH_27" }, "geometry": { "type": "Point", "coordinates": [ -1.293086373772416, 51.667525687020365 ] } },
{ "type": "Feature", "properties": { "longitude": -1.2782104074152993, "latitude": 51.688264671379244, "source": "OSMnx_edge_intersection", "entrance_type": "edge_crossing", "osm_entrance_type": "footway", "osm_barrier_type": null, "osmid": "973275763", "Primary Name_park": null, "Other Names_park": null, "flag_park": "OS; OSM", "OS ID_park": "3D6C4AE0-A11F-80C3-E063-8ECAA00A8EB3", "OSM ID_park": "109375033.0", "id_park": "VALWH_52863ddfee67;VALWH_d65e13a080c5", "Merged Count_park": 2, "Total Area (m²)_park": 70291.872133941331, "Other name(s) (OS)_park": null, "Type (OS)_park": "Public Park Or Garden", "Other name(s) (OSM)_park": null, "Type (OSM)_park": null, "Name (OS)_park": null, "Name (OSM)_park": null, "park_offical_id_park": "VALWH_31" }, "geometry": { "type": "Point", "coordinates": [ -1.278210407415299, 51.688264671379244 ] } },
{ "type": "Feature", "properties": { "longitude": -1.2780031312983173, "latitude": 51.687928814082511, "source": "OSMnx_edge_intersection", "entrance_type": "edge_crossing", "osm_entrance_type": "footway", "osm_barrier_type": null, "osmid": "973275763", "Primary Name_park": null, "Other Names_park": null, "flag_park": "OS; OSM", "OS ID_park": "3D6C4AE0-A11F-80C3-E063-8ECAA00A8EB3", "OSM ID_park": "109375033.0", "id_park": "VALWH_52863ddfee67;VALWH_d65e13a080c5", "Merged Count_park": 2, "Total Area (m²)_park": 70291.872133941331, "Other name(s) (OS)_park": null, "Type (OS)_park": "Public Park Or Garden", "Other name(s) (OSM)_park": null, "Type (OSM)_park": null, "Name (OS)_park": null, "Name (OSM)_park": null, "park_offical_id_park": "VALWH_31" }, "geometry": { "type": "Point", "coordinates": [ -1.278003131298317, 51.687928814082511 ] } },
{ "type": "Feature", "properties": { "longitude": -1.2782124743596659, "latitude": 51.688268020527026, "source": "OSMnx_edge_intersection", "entrance_type": "edge_crossing", "osm_entrance_type": "footway", "osm_barrier_type": null, "osmid": "973275763", "Primary Name_park": null, "Other Names_park": null, "flag_park": "OS; OSM", "OS ID_park": "3D6C4AE0-A11F-80C3-E063-8ECAA00A8EB3", "OSM ID_park": "109375033.0", "id_park": "VALWH_52863ddfee67;VALWH_d65e13a080c5", "Merged Count_park": 2, "Total Area (m²)_park": 70291.872133941331, "Other name(s) (OS)_park": null, "Type (OS)_park": "Public Park Or Garden", "Other name(s) (OSM)_park": null, "Type (OSM)_park": null, "Name (OS)_park": null, "Name (OSM)_park": null, "park_offical_id_park": "VALWH_31" }, "geometry": { "type": "Point", "coordinates": [ -1.278212474359666, 51.688268020527026 ] } },
{ "type": "Feature", "properties": { "longitude": -1.2782124743596659, "latitude": 51.688268020527026, "source": "OSMnx_edge_intersection", "entrance_type": "edge_crossing", "osm_entrance_type": "footway", "osm_barrier_type": null, "osmid": "973275763", "Primary Name_park": null, "Other Names_park": null, "flag_park": "OS; OSM", "OS ID_park": "3D6C4AE0-A11F-80C3-E063-8ECAA00A8EB3", "OSM ID_park": "109375033.0", "id_park": "VALWH_52863ddfee67;VALWH_d65e13a080c5", "Merged Count_park": 2, "Total Area (m²)_park": 70291.872133941331, "Other name(s) (OS)_park": null, "Type (OS)_park": "Public Park Or Garden", "Other name(s) (OSM)_park": null, "Type (OSM)_park": null, "Name (OS)_park": null, "Name (OSM)_park": null, "park_offical_id_park": "VALWH_31" }, "geometry": { "type": "Point", "coordinates": [ -1.278212474359666, 51.688268020527026 ] } },
{ "type": "Feature", "properties": { "longitude": -1.2782104074152993, "latitude": 51.688264671379244, "source": "OSMnx_edge_intersection", "entrance_type": "edge_crossing", "osm_entrance_type": "footway", "osm_barrier_type": null, "osmid": "973275763", "Primary Name_park": null, "Other Names_park": null, "flag_park": "OS; OSM", "OS ID_park": "3D6C4AE0-A11F-80C3-E063-8ECAA00A8EB3", "OSM ID_park": "109375033.0", "id_park": "VALWH_52863ddfee67;VALWH_d65e13a080c5", "Merged Count_park": 2, "Total Area (m²)_park": 70291.872133941331, "Other name(s) (OS)_park": null, "Type (OS)_park": "Public Park Or Garden", "Other name(s) (OSM)_park": null, "Type (OSM)_park": null, "Name (OS)_park": null, "Name (OSM)_park": null, "park_offical_id_park": "VALWH_31" }, "geometry": { "type": "Point", "coordinates": [ -1.278210407415299, 51.688264671379244 ] } },
{ "type": "Feature", "properties": { "longitude": -1.2780031312983173, "latitude": 51.687928814082511, "source": "OSMnx_edge_intersection", "entrance_type": "edge_crossing", "osm_entrance_type": "footway", "osm_barrier_type": null, "osmid": "973275763", "Primary Name_park": null, "Other Names_park": null, "flag_park": "OS; OSM", "OS ID_park": "3D6C4AE0-A11F-80C3-E063-8ECAA00A8EB3", "OSM ID_park": "109375033.0", "id_park": "VALWH_52863ddfee67;VALWH_d65e13a080c5", "Merged Count_park": 2, "Total Area (m²)_park": 70291.872133941331, "Other name(s) (OS)_park": null, "Type (OS)_park": "Public Park Or Garden", "Other name(s) (OSM)_park": null, "Type (OSM)_park": null, "Name (OS)_park": null, "Name (OSM)_park": null, "park_offical_id_park": "VALWH_31" }, "geometry": { "type": "Point", "coordinates": [ -1.278003131298317, 51.687928814082511 ] } },
{ "type": "Feature", "properties": { "longitude": -1.2823864934685614, "latitude": 51.685407874651446, "source": "OSMnx_edge_intersection", "entrance_type": "edge_crossing", "osm_entrance_type": "footway,residential", "osm_barrier_type": null, "osmid": "28024217,25201171", "Primary Name_park": null, "Other Names_park": null, "flag_park": "OS; OSM", "OS ID_park": "3D6C4AE0-A11F-80C3-E063-8ECAA00A8EB3", "OSM ID_park": "109375033.0", "id_park": "VALWH_52863ddfee67;VALWH_d65e13a080c5", "Merged Count_park": 2, "Total Area (m²)_park": 70291.872133941331, "Other name(s) (OS)_park": null, "Type (OS)_park": "Public Park Or Garden", "Other name(s) (OSM)_park": null, "Type (OSM)_park": null, "Name (OS)_park": null, "Name (OSM)_park": null, "park_offical_id_park": "VALWH_31" }, "geometry": { "type": "Point", "coordinates": [ -1.282386493468561, 51.685407874651446 ] } },
{ "type": "Feature", "properties": { "longitude": -1.2823864934685614, "latitude": 51.685407874651446, "source": "OSMnx_edge_intersection", "entrance_type": "edge_crossing", "osm_entrance_type": "residential,footway", "osm_barrier_type": null, "osmid": "28024217,25201171", "Primary Name_park": null, "Other Names_park": null, "flag_park": "OS; OSM", "OS ID_park": "3D6C4AE0-A11F-80C3-E063-8ECAA00A8EB3", "OSM ID_park": "109375033.0", "id_park": "VALWH_52863ddfee67;VALWH_d65e13a080c5", "Merged Count_park": 2, "Total Area (m²)_park": 70291.872133941331, "Other name(s) (OS)_park": null, "Type (OS)_park": "Public Park Or Garden", "Other name(s) (OSM)_park": null, "Type (OSM)_park": null, "Name (OS)_park": null, "Name (OSM)_park": null, "park_offical_id_park": "VALWH_31" }, "geometry": { "type": "Point", "coordinates": [ -1.282386493468561, 51.685407874651446 ] } },
{ "type": "Feature", "properties": { "longitude": -1.2830704712695495, "latitude": 51.686008490866499, "source": "OSMnx_edge_intersection", "entrance_type": "edge_crossing", "osm_entrance_type": "footway", "osm_barrier_type": null, "osmid": "25021416", "Primary Name_park": null, "Other Names_park": null, "flag_park": "OS; OSM", "OS ID_park": "3D6C4AE0-A11F-80C3-E063-8ECAA00A8EB3", "OSM ID_park": "109375033.0", "id_park": "VALWH_52863ddfee67;VALWH_d65e13a080c5", "Merged Count_park": 2, "Total Area (m²)_park": 70291.872133941331, "Other name(s) (OS)_park": null, "Type (OS)_park": "Public Park Or Garden", "Other name(s) (OSM)_park": null, "Type (OSM)_park": null, "Name (OS)_park": null, "Name (OSM)_park": null, "park_offical_id_park": "VALWH_31" }, "geometry": { "type": "Point", "coordinates": [ -1.28307047126955, 51.686008490866499 ] } },
{ "type": "Feature", "properties": { "longitude": -1.2830704712695495, "latitude": 51.686008490866499, "source": "OSMnx_edge_intersection", "entrance_type": "edge_crossing", "osm_entrance_type": "footway", "osm_barrier_type": null, "osmid": "25021416", "Primary Name_park": null, "Other Names_park": null, "flag_park": "OS; OSM", "OS ID_park": "3D6C4AE0-A11F-80C3-E063-8ECAA00A8EB3", "OSM ID_park": "109375033.0", "id_park": "VALWH_52863ddfee67;VALWH_d65e13a080c5", "Merged Count_park": 2, "Total Area (m²)_park": 70291.872133941331, "Other name(s) (OS)_park": null, "Type (OS)_park": "Public Park Or Garden", "Other name(s) (OSM)_park": null, "Type (OSM)_park": null, "Name (OS)_park": null, "Name (OSM)_park": null, "park_offical_id_park": "VALWH_31" }, "geometry": { "type": "Point", "coordinates": [ -1.28307047126955, 51.686008490866499 ] } },
{ "type": "Feature", "properties": { "longitude": -1.2820858865400926, "latitude": 51.686196949775187, "source": "OSMnx_edge_intersection", "entrance_type": "edge_crossing", "osm_entrance_type": "footway,residential", "osm_barrier_type": null, "osmid": "506297323,109378291", "Primary Name_park": null, "Other Names_park": null, "flag_park": "OS; OSM", "OS ID_park": "3D6C4AE0-A11F-80C3-E063-8ECAA00A8EB3", "OSM ID_park": "109375033.0", "id_park": "VALWH_52863ddfee67;VALWH_d65e13a080c5", "Merged Count_park": 2, "Total Area (m²)_park": 70291.872133941331, "Other name(s) (OS)_park": null, "Type (OS)_park": "Public Park Or Garden", "Other name(s) (OSM)_park": null, "Type (OSM)_park": null, "Name (OS)_park": null, "Name (OSM)_park": null, "park_offical_id_park": "VALWH_31" }, "geometry": { "type": "Point", "coordinates": [ -1.282085886540093, 51.686196949775187 ] } },
{ "type": "Feature", "properties": { "longitude": -1.2820858865400926, "latitude": 51.686196949775187, "source": "OSMnx_edge_intersection", "entrance_type": "edge_crossing", "osm_entrance_type": "residential,footway", "osm_barrier_type": null, "osmid": "109378291,506297323", "Primary Name_park": null, "Other Names_park": null, "flag_park": "OS; OSM", "OS ID_park": "3D6C4AE0-A11F-80C3-E063-8ECAA00A8EB3", "OSM ID_park": "109375033.0", "id_park": "VALWH_52863ddfee67;VALWH_d65e13a080c5", "Merged Count_park": 2, "Total Area (m²)_park": 70291.872133941331, "Other name(s) (OS)_park": null, "Type (OS)_park": "Public Park Or Garden", "Other name(s) (OSM)_park": null, "Type (OSM)_park": null, "Name (OS)_park": null, "Name (OSM)_park": null, "park_offical_id_park": "VALWH_31" }, "geometry": { "type": "Point", "coordinates": [ -1.282085886540093, 51.686196949775187 ] } },
{ "type": "Feature", "properties": { "longitude": -1.2856596650738408, "latitude": 51.685861677549745, "source": "OSMnx_edge_intersection", "entrance_type": "edge_crossing", "osm_entrance_type": "footway", "osm_barrier_type": null, "osmid": "718815317", "Primary Name_park": null, "Other Names_park": null, "flag_park": "OS; OSM", "OS ID_park": "3D6C4AE0-A11F-80C3-E063-8ECAA00A8EB3", "OSM ID_park": "109375033.0", "id_park": "VALWH_52863ddfee67;VALWH_d65e13a080c5", "Merged Count_park": 2, "Total Area (m²)_park": 70291.872133941331, "Other name(s) (OS)_park": null, "Type (OS)_park": "Public Park Or Garden", "Other name(s) (OSM)_park": null, "Type (OSM)_park": null, "Name (OS)_park": null, "Name (OSM)_park": null, "park_offical_id_park": "VALWH_31" }, "geometry": { "type": "Point", "coordinates": [ -1.285659665073841, 51.685861677549745 ] } },
{ "type": "Feature", "properties": { "longitude": -1.2856596650738408, "latitude": 51.685861677549745, "source": "OSMnx_edge_intersection", "entrance_type": "edge_crossing", "osm_entrance_type": "footway", "osm_barrier_type": null, "osmid": "718815317", "Primary Name_park": null, "Other Names_park": null, "flag_park": "OS; OSM", "OS ID_park": "3D6C4AE0-A11F-80C3-E063-8ECAA00A8EB3", "OSM ID_park": "109375033.0", "id_park": "VALWH_52863ddfee67;VALWH_d65e13a080c5", "Merged Count_park": 2, "Total Area (m²)_park": 70291.872133941331, "Other name(s) (OS)_park": null, "Type (OS)_park": "Public Park Or Garden", "Other name(s) (OSM)_park": null, "Type (OSM)_park": null, "Name (OS)_park": null, "Name (OSM)_park": null, "park_offical_id_park": "VALWH_31" }, "geometry": { "type": "Point", "coordinates": [ -1.285659665073841, 51.685861677549745 ] } },
{ "type": "Feature", "properties": { "longitude": -1.2792307304783714, "latitude": 51.688262581146205, "source": "OSMnx_edge_intersection", "entrance_type": "edge_crossing", "osm_entrance_type": "footway", "osm_barrier_type": null, "osmid": "23219858", "Primary Name_park": null, "Other Names_park": null, "flag_park": "OS; OSM", "OS ID_park": "3D6C4AE0-A11F-80C3-E063-8ECAA00A8EB3", "OSM ID_park": "109375033.0", "id_park": "VALWH_52863ddfee67;VALWH_d65e13a080c5", "Merged Count_park": 2, "Total Area (m²)_park": 70291.872133941331, "Other name(s) (OS)_park": null, "Type (OS)_park": "Public Park Or Garden", "Other name(s) (OSM)_park": null, "Type (OSM)_park": null, "Name (OS)_park": null, "Name (OSM)_park": null, "park_offical_id_park": "VALWH_31" }, "geometry": { "type": "Point", "coordinates": [ -1.279230730478371, 51.688262581146205 ] } },
{ "type": "Feature", "properties": { "longitude": -1.2792307304783714, "latitude": 51.688262581146205, "source": "OSMnx_edge_intersection", "entrance_type": "edge_crossing", "osm_entrance_type": "footway", "osm_barrier_type": null, "osmid": "23219858", "Primary Name_park": null, "Other Names_park": null, "flag_park": "OS; OSM", "OS ID_park": "3D6C4AE0-A11F-80C3-E063-8ECAA00A8EB3", "OSM ID_park": "109375033.0", "id_park": "VALWH_52863ddfee67;VALWH_d65e13a080c5", "Merged Count_park": 2, "Total Area (m²)_park": 70291.872133941331, "Other name(s) (OS)_park": null, "Type (OS)_park": "Public Park Or Garden", "Other name(s) (OSM)_park": null, "Type (OSM)_park": null, "Name (OS)_park": null, "Name (OSM)_park": null, "park_offical_id_park": "VALWH_31" }, "geometry": { "type": "Point", "coordinates": [ -1.279230730478371, 51.688262581146205 ] } },
{ "type": "Feature", "properties": { "longitude": -1.2782495872930775, "latitude": 51.688354491322869, "source": "OSMnx_edge_intersection", "entrance_type": "edge_crossing", "osm_entrance_type": "footway", "osm_barrier_type": null, "osmid": "973275767", "Primary Name_park": null, "Other Names_park": null, "flag_park": "OS; OSM", "OS ID_park": "3D6C4AE0-A11F-80C3-E063-8ECAA00A8EB3", "OSM ID_park": "109375033.0", "id_park": "VALWH_52863ddfee67;VALWH_d65e13a080c5", "Merged Count_park": 2, "Total Area (m²)_park": 70291.872133941331, "Other name(s) (OS)_park": null, "Type (OS)_park": "Public Park Or Garden", "Other name(s) (OSM)_park": null, "Type (OSM)_park": null, "Name (OS)_park": null, "Name (OSM)_park": null, "park_offical_id_park": "VALWH_31" }, "geometry": { "type": "Point", "coordinates": [ -1.278249587293077, 51.688354491322869 ] } },
{ "type": "Feature", "properties": { "longitude": -1.2782495872930775, "latitude": 51.688354491322869, "source": "OSMnx_edge_intersection", "entrance_type": "edge_crossing", "osm_entrance_type": "footway", "osm_barrier_type": null, "osmid": "973275767", "Primary Name_park": null, "Other Names_park": null, "flag_park": "OS; OSM", "OS ID_park": "3D6C4AE0-A11F-80C3-E063-8ECAA00A8EB3", "OSM ID_park": "109375033.0", "id_park": "VALWH_52863ddfee67;VALWH_d65e13a080c5", "Merged Count_park": 2, "Total Area (m²)_park": 70291.872133941331, "Other name(s) (OS)_park": null, "Type (OS)_park": "Public Park Or Garden", "Other name(s) (OSM)_park": null, "Type (OSM)_park": null, "Name (OS)_park": null, "Name (OSM)_park": null, "park_offical_id_park": "VALWH_31" }, "geometry": { "type": "Point", "coordinates": [ -1.278249587293077, 51.688354491322869 ] } },
{ "type": "Feature", "properties": { "longitude": -1.2789954169838469, "latitude": 51.690256040603877, "source": "OSMnx_edge_intersection", "entrance_type": "edge_crossing", "osm_entrance_type": "footway", "osm_barrier_type": null, "osmid": "109378293", "Primary Name_park": null, "Other Names_park": null, "flag_park": "OS; OSM", "OS ID_park": "3D6C4AE0-A11F-80C3-E063-8ECAA00A8EB3", "OSM ID_park": "109375033.0", "id_park": "VALWH_52863ddfee67;VALWH_d65e13a080c5", "Merged Count_park": 2, "Total Area (m²)_park": 70291.872133941331, "Other name(s) (OS)_park": null, "Type (OS)_park": "Public Park Or Garden", "Other name(s) (OSM)_park": null, "Type (OSM)_park": null, "Name (OS)_park": null, "Name (OSM)_park": null, "park_offical_id_park": "VALWH_31" }, "geometry": { "type": "Point", "coordinates": [ -1.278995416983847, 51.690256040603877 ] } },
{ "type": "Feature", "properties": { "longitude": -1.2789954169838469, "latitude": 51.690256040603877, "source": "OSMnx_edge_intersection", "entrance_type": "edge_crossing", "osm_entrance_type": "footway", "osm_barrier_type": null, "osmid": "109378293", "Primary Name_park": null, "Other Names_park": null, "flag_park": "OS; OSM", "OS ID_park": "3D6C4AE0-A11F-80C3-E063-8ECAA00A8EB3", "OSM ID_park": "109375033.0", "id_park": "VALWH_52863ddfee67;VALWH_d65e13a080c5", "Merged Count_park": 2, "Total Area (m²)_park": 70291.872133941331, "Other name(s) (OS)_park": null, "Type (OS)_park": "Public Park Or Garden", "Other name(s) (OSM)_park": null, "Type (OSM)_park": null, "Name (OS)_park": null, "Name (OSM)_park": null, "park_offical_id_park": "VALWH_31" }, "geometry": { "type": "Point", "coordinates": [ -1.278995416983847, 51.690256040603877 ] } },
{ "type": "Feature", "properties": { "longitude": -1.2785445946982104, "latitude": 51.690331761561389, "source": "OSMnx_edge_intersection", "entrance_type": "edge_crossing", "osm_entrance_type": "footway", "osm_barrier_type": null, "osmid": "109378293", "Primary Name_park": null, "Other Names_park": null, "flag_park": "OS; OSM", "OS ID_park": "3D6C4AE0-A11F-80C3-E063-8ECAA00A8EB3", "OSM ID_park": "109375033.0", "id_park": "VALWH_52863ddfee67;VALWH_d65e13a080c5", "Merged Count_park": 2, "Total Area (m²)_park": 70291.872133941331, "Other name(s) (OS)_park": null, "Type (OS)_park": "Public Park Or Garden", "Other name(s) (OSM)_park": null, "Type (OSM)_park": null, "Name (OS)_park": null, "Name (OSM)_park": null, "park_offical_id_park": "VALWH_31" }, "geometry": { "type": "Point", "coordinates": [ -1.27854459469821, 51.690331761561389 ] } },
{ "type": "Feature", "properties": { "longitude": -1.2785445946982104, "latitude": 51.690331761561389, "source": "OSMnx_edge_intersection", "entrance_type": "edge_crossing", "osm_entrance_type": "footway", "osm_barrier_type": null, "osmid": "109378293", "Primary Name_park": null, "Other Names_park": null, "flag_park": "OS; OSM", "OS ID_park": "3D6C4AE0-A11F-80C3-E063-8ECAA00A8EB3", "OSM ID_park": "109375033.0", "id_park": "VALWH_52863ddfee67;VALWH_d65e13a080c5", "Merged Count_park": 2, "Total Area (m²)_park": 70291.872133941331, "Other name(s) (OS)_park": null, "Type (OS)_park": "Public Park Or Garden", "Other name(s) (OSM)_park": null, "Type (OSM)_park": null, "Name (OS)_park": null, "Name (OSM)_park": null, "park_offical_id_park": "VALWH_31" }, "geometry": { "type": "Point", "coordinates": [ -1.27854459469821, 51.690331761561389 ] } },
{ "type": "Feature", "properties": { "longitude": -1.3107422114676655, "latitude": 51.650638162575056, "source": "OSMnx_edge_intersection", "entrance_type": "edge_crossing", "osm_entrance_type": "footway", "osm_barrier_type": null, "osmid": "795411418", "Primary Name_park": null, "Other Names_park": null, "flag_park": "OS; OSM", "OS ID_park": "3D6C4AE1-DB8B-80C3-E063-8ECAA00A8EB3", "OSM ID_park": "795411417.0", "id_park": "VALWH_096eddbea1eb;VALWH_b855ead7b9dc", "Merged Count_park": 2, "Total Area (m²)_park": 4879.3038832401153, "Other name(s) (OS)_park": null, "Type (OS)_park": "Public Park Or Garden", "Other name(s) (OSM)_park": null, "Type (OSM)_park": null, "Name (OS)_park": null, "Name (OSM)_park": null, "park_offical_id_park": "VALWH_32" }, "geometry": { "type": "Point", "coordinates": [ -1.310742211467665, 51.650638162575056 ] } },
{ "type": "Feature", "properties": { "longitude": -1.3107422114676655, "latitude": 51.650638162575056, "source": "OSMnx_edge_intersection", "entrance_type": "edge_crossing", "osm_entrance_type": "footway", "osm_barrier_type": null, "osmid": "795411418", "Primary Name_park": null, "Other Names_park": null, "flag_park": "OS; OSM", "OS ID_park": "3D6C4AE1-DB8B-80C3-E063-8ECAA00A8EB3", "OSM ID_park": "795411417.0", "id_park": "VALWH_096eddbea1eb;VALWH_b855ead7b9dc", "Merged Count_park": 2, "Total Area (m²)_park": 4879.3038832401153, "Other name(s) (OS)_park": null, "Type (OS)_park": "Public Park Or Garden", "Other name(s) (OSM)_park": null, "Type (OSM)_park": null, "Name (OS)_park": null, "Name (OSM)_park": null, "park_offical_id_park": "VALWH_32" }, "geometry": { "type": "Point", "coordinates": [ -1.310742211467665, 51.650638162575056 ] } },
{ "type": "Feature", "properties": { "longitude": -1.3115630256517621, "latitude": 51.650574230153367, "source": "OSMnx_edge_intersection", "entrance_type": "edge_crossing", "osm_entrance_type": "footway", "osm_barrier_type": null, "osmid": "795411419", "Primary Name_park": null, "Other Names_park": null, "flag_park": "OS; OSM", "OS ID_park": "3D6C4AE1-DB8B-80C3-E063-8ECAA00A8EB3", "OSM ID_park": "795411417.0", "id_park": "VALWH_096eddbea1eb;VALWH_b855ead7b9dc", "Merged Count_park": 2, "Total Area (m²)_park": 4879.3038832401153, "Other name(s) (OS)_park": null, "Type (OS)_park": "Public Park Or Garden", "Other name(s) (OSM)_park": null, "Type (OSM)_park": null, "Name (OS)_park": null, "Name (OSM)_park": null, "park_offical_id_park": "VALWH_32" }, "geometry": { "type": "Point", "coordinates": [ -1.311563025651762, 51.650574230153367 ] } },
{ "type": "Feature", "properties": { "longitude": -1.3115630256517621, "latitude": 51.650574230153367, "source": "OSMnx_edge_intersection", "entrance_type": "edge_crossing", "osm_entrance_type": "footway", "osm_barrier_type": null, "osmid": "795411419", "Primary Name_park": null, "Other Names_park": null, "flag_park": "OS; OSM", "OS ID_park": "3D6C4AE1-DB8B-80C3-E063-8ECAA00A8EB3", "OSM ID_park": "795411417.0", "id_park": "VALWH_096eddbea1eb;VALWH_b855ead7b9dc", "Merged Count_park": 2, "Total Area (m²)_park": 4879.3038832401153, "Other name(s) (OS)_park": null, "Type (OS)_park": "Public Park Or Garden", "Other name(s) (OSM)_park": null, "Type (OSM)_park": null, "Name (OS)_park": null, "Name (OSM)_park": null, "park_offical_id_park": "VALWH_32" }, "geometry": { "type": "Point", "coordinates": [ -1.311563025651762, 51.650574230153367 ] } },
{ "type": "Feature", "properties": { "longitude": -1.2668257365402273, "latitude": 51.683890554289135, "source": "OSMnx_edge_intersection", "entrance_type": "edge_crossing", "osm_entrance_type": "footway", "osm_barrier_type": null, "osmid": "22777500", "Primary Name_park": "Appleford Drive Playground", "Other Names_park": null, "flag_park": "OSM; OS", "OS ID_park": "3D6C4AE2-C40B-80C3-E063-8ECAA00A8EB3", "OSM ID_park": "22542689.0", "id_park": "VALWH_3f5d523c6175;VALWH_12e2dca79385", "Merged Count_park": 2, "Total Area (m²)_park": 5939.6287578862748, "Other name(s) (OS)_park": null, "Type (OS)_park": null, "Other name(s) (OSM)_park": null, "Type (OSM)_park": "park", "Name (OS)_park": null, "Name (OSM)_park": null, "park_offical_id_park": "VALWH_35" }, "geometry": { "type": "Point", "coordinates": [ -1.266825736540227, 51.683890554289135 ] } },
{ "type": "Feature", "properties": { "longitude": -1.2668257365402273, "latitude": 51.683890554289135, "source": "OSMnx_edge_intersection", "entrance_type": "edge_crossing", "osm_entrance_type": "footway", "osm_barrier_type": null, "osmid": "22777500", "Primary Name_park": "Appleford Drive Playground", "Other Names_park": null, "flag_park": "OSM; OS", "OS ID_park": "3D6C4AE2-C40B-80C3-E063-8ECAA00A8EB3", "OSM ID_park": "22542689.0", "id_park": "VALWH_3f5d523c6175;VALWH_12e2dca79385", "Merged Count_park": 2, "Total Area (m²)_park": 5939.6287578862748, "Other name(s) (OS)_park": null, "Type (OS)_park": null, "Other name(s) (OSM)_park": null, "Type (OSM)_park": "park", "Name (OS)_park": null, "Name (OSM)_park": null, "park_offical_id_park": "VALWH_35" }, "geometry": { "type": "Point", "coordinates": [ -1.266825736540227, 51.683890554289135 ] } },
{ "type": "Feature", "properties": { "longitude": -1.2670547531630763, "latitude": 51.683123964271658, "source": "OSMnx_edge_intersection", "entrance_type": "edge_crossing", "osm_entrance_type": "footway", "osm_barrier_type": null, "osmid": "319459088", "Primary Name_park": "Appleford Drive Playground", "Other Names_park": null, "flag_park": "OSM; OS", "OS ID_park": "3D6C4AE2-C40B-80C3-E063-8ECAA00A8EB3", "OSM ID_park": "22542689.0", "id_park": "VALWH_3f5d523c6175;VALWH_12e2dca79385", "Merged Count_park": 2, "Total Area (m²)_park": 5939.6287578862748, "Other name(s) (OS)_park": null, "Type (OS)_park": null, "Other name(s) (OSM)_park": null, "Type (OSM)_park": "park", "Name (OS)_park": null, "Name (OSM)_park": null, "park_offical_id_park": "VALWH_35" }, "geometry": { "type": "Point", "coordinates": [ -1.267054753163076, 51.683123964271658 ] } },
{ "type": "Feature", "properties": { "longitude": -1.2670547531630763, "latitude": 51.683123964271658, "source": "OSMnx_edge_intersection", "entrance_type": "edge_crossing", "osm_entrance_type": "footway", "osm_barrier_type": null, "osmid": "319459088", "Primary Name_park": "Appleford Drive Playground", "Other Names_park": null, "flag_park": "OSM; OS", "OS ID_park": "3D6C4AE2-C40B-80C3-E063-8ECAA00A8EB3", "OSM ID_park": "22542689.0", "id_park": "VALWH_3f5d523c6175;VALWH_12e2dca79385", "Merged Count_park": 2, "Total Area (m²)_park": 5939.6287578862748, "Other name(s) (OS)_park": null, "Type (OS)_park": null, "Other name(s) (OSM)_park": null, "Type (OSM)_park": "park", "Name (OS)_park": null, "Name (OSM)_park": null, "park_offical_id_park": "VALWH_35" }, "geometry": { "type": "Point", "coordinates": [ -1.267054753163076, 51.683123964271658 ] } },
{ "type": "Feature", "properties": { "longitude": -1.2680884712735798, "latitude": 51.683616185005391, "source": "OSMnx_edge_intersection", "entrance_type": "edge_crossing", "osm_entrance_type": "footway", "osm_barrier_type": null, "osmid": "22542657,22777500", "Primary Name_park": "Appleford Drive Playground", "Other Names_park": null, "flag_park": "OSM; OS", "OS ID_park": "3D6C4AE2-C40B-80C3-E063-8ECAA00A8EB3", "OSM ID_park": "22542689.0", "id_park": "VALWH_3f5d523c6175;VALWH_12e2dca79385", "Merged Count_park": 2, "Total Area (m²)_park": 5939.6287578862748, "Other name(s) (OS)_park": null, "Type (OS)_park": null, "Other name(s) (OSM)_park": null, "Type (OSM)_park": "park", "Name (OS)_park": null, "Name (OSM)_park": null, "park_offical_id_park": "VALWH_35" }, "geometry": { "type": "Point", "coordinates": [ -1.26808847127358, 51.683616185005391 ] } },
{ "type": "Feature", "properties": { "longitude": -1.2680884712735798, "latitude": 51.683616185005391, "source": "OSMnx_edge_intersection", "entrance_type": "edge_crossing", "osm_entrance_type": "footway", "osm_barrier_type": null, "osmid": "22542657,22777500", "Primary Name_park": "Appleford Drive Playground", "Other Names_park": null, "flag_park": "OSM; OS", "OS ID_park": "3D6C4AE2-C40B-80C3-E063-8ECAA00A8EB3", "OSM ID_park": "22542689.0", "id_park": "VALWH_3f5d523c6175;VALWH_12e2dca79385", "Merged Count_park": 2, "Total Area (m²)_park": 5939.6287578862748, "Other name(s) (OS)_park": null, "Type (OS)_park": null, "Other name(s) (OSM)_park": null, "Type (OSM)_park": "park", "Name (OS)_park": null, "Name (OSM)_park": null, "park_offical_id_park": "VALWH_35" }, "geometry": { "type": "Point", "coordinates": [ -1.26808847127358, 51.683616185005391 ] } },
{ "type": "Feature", "properties": { "longitude": -1.2861044990699746, "latitude": 51.657454941121998, "source": "OSMnx_edge_intersection", "entrance_type": "edge_crossing", "osm_entrance_type": "footway", "osm_barrier_type": null, "osmid": "111827507", "Primary Name_park": "Southern Town Park", "Other Names_park": null, "flag_park": "OSM; OS", "OS ID_park": "3D6C4AE5-91F2-80C3-E063-8ECAA00A8EB3", "OSM ID_park": "28153221.0", "id_park": "VALWH_3de75372c8e7;VALWH_4f2a9172f898", "Merged Count_park": 2, "Total Area (m²)_park": 53436.029868888421, "Other name(s) (OS)_park": null, "Type (OS)_park": null, "Other name(s) (OSM)_park": null, "Type (OSM)_park": "park", "Name (OS)_park": null, "Name (OSM)_park": null, "park_offical_id_park": "VALWH_36" }, "geometry": { "type": "Point", "coordinates": [ -1.286104499069975, 51.657454941121998 ] } },
{ "type": "Feature", "properties": { "longitude": -1.2861044990699746, "latitude": 51.657454941121998, "source": "OSMnx_edge_intersection", "entrance_type": "edge_crossing", "osm_entrance_type": "footway", "osm_barrier_type": null, "osmid": "111827507", "Primary Name_park": "Southern Town Park", "Other Names_park": null, "flag_park": "OSM; OS", "OS ID_park": "3D6C4AE5-91F2-80C3-E063-8ECAA00A8EB3", "OSM ID_park": "28153221.0", "id_park": "VALWH_3de75372c8e7;VALWH_4f2a9172f898", "Merged Count_park": 2, "Total Area (m²)_park": 53436.029868888421, "Other name(s) (OS)_park": null, "Type (OS)_park": null, "Other name(s) (OSM)_park": null, "Type (OSM)_park": "park", "Name (OS)_park": null, "Name (OSM)_park": null, "park_offical_id_park": "VALWH_36" }, "geometry": { "type": "Point", "coordinates": [ -1.286104499069975, 51.657454941121998 ] } },
{ "type": "Feature", "properties": { "longitude": -1.2886516399389054, "latitude": 51.659393903985546, "source": "OSMnx_edge_intersection", "entrance_type": "edge_crossing", "osm_entrance_type": "footway,residential", "osm_barrier_type": null, "osmid": "28153219,111827509", "Primary Name_park": "Southern Town Park", "Other Names_park": null, "flag_park": "OSM; OS", "OS ID_park": "3D6C4AE5-91F2-80C3-E063-8ECAA00A8EB3", "OSM ID_park": "28153221.0", "id_park": "VALWH_3de75372c8e7;VALWH_4f2a9172f898", "Merged Count_park": 2, "Total Area (m²)_park": 53436.029868888421, "Other name(s) (OS)_park": null, "Type (OS)_park": null, "Other name(s) (OSM)_park": null, "Type (OSM)_park": "park", "Name (OS)_park": null, "Name (OSM)_park": null, "park_offical_id_park": "VALWH_36" }, "geometry": { "type": "Point", "coordinates": [ -1.288651639938905, 51.659393903985546 ] } },
{ "type": "Feature", "properties": { "longitude": -1.2886516399389054, "latitude": 51.659393903985546, "source": "OSMnx_edge_intersection", "entrance_type": "edge_crossing", "osm_entrance_type": "residential,footway", "osm_barrier_type": null, "osmid": "28153219,111827509", "Primary Name_park": "Southern Town Park", "Other Names_park": null, "flag_park": "OSM; OS", "OS ID_park": "3D6C4AE5-91F2-80C3-E063-8ECAA00A8EB3", "OSM ID_park": "28153221.0", "id_park": "VALWH_3de75372c8e7;VALWH_4f2a9172f898", "Merged Count_park": 2, "Total Area (m²)_park": 53436.029868888421, "Other name(s) (OS)_park": null, "Type (OS)_park": null, "Other name(s) (OSM)_park": null, "Type (OSM)_park": "park", "Name (OS)_park": null, "Name (OSM)_park": null, "park_offical_id_park": "VALWH_36" }, "geometry": { "type": "Point", "coordinates": [ -1.288651639938905, 51.659393903985546 ] } },
{ "type": "Feature", "properties": { "longitude": -1.2895641775083284, "latitude": 51.658283004101811, "source": "OSMnx_edge_intersection", "entrance_type": "edge_crossing", "osm_entrance_type": "footway", "osm_barrier_type": null, "osmid": "111827534", "Primary Name_park": "Southern Town Park", "Other Names_park": null, "flag_park": "OSM; OS", "OS ID_park": "3D6C4AE5-91F2-80C3-E063-8ECAA00A8EB3", "OSM ID_park": "28153221.0", "id_park": "VALWH_3de75372c8e7;VALWH_4f2a9172f898", "Merged Count_park": 2, "Total Area (m²)_park": 53436.029868888421, "Other name(s) (OS)_park": null, "Type (OS)_park": null, "Other name(s) (OSM)_park": null, "Type (OSM)_park": "park", "Name (OS)_park": null, "Name (OSM)_park": null, "park_offical_id_park": "VALWH_36" }, "geometry": { "type": "Point", "coordinates": [ -1.289564177508328, 51.658283004101811 ] } },
{ "type": "Feature", "properties": { "longitude": -1.2895641775083284, "latitude": 51.658283004101811, "source": "OSMnx_edge_intersection", "entrance_type": "edge_crossing", "osm_entrance_type": "footway", "osm_barrier_type": null, "osmid": "111827534", "Primary Name_park": "Southern Town Park", "Other Names_park": null, "flag_park": "OSM; OS", "OS ID_park": "3D6C4AE5-91F2-80C3-E063-8ECAA00A8EB3", "OSM ID_park": "28153221.0", "id_park": "VALWH_3de75372c8e7;VALWH_4f2a9172f898", "Merged Count_park": 2, "Total Area (m²)_park": 53436.029868888421, "Other name(s) (OS)_park": null, "Type (OS)_park": null, "Other name(s) (OSM)_park": null, "Type (OSM)_park": "park", "Name (OS)_park": null, "Name (OSM)_park": null, "park_offical_id_park": "VALWH_36" }, "geometry": { "type": "Point", "coordinates": [ -1.289564177508328, 51.658283004101811 ] } },
{ "type": "Feature", "properties": { "longitude": -1.2894938881120899, "latitude": 51.658730191039041, "source": "OSMnx_edge_intersection", "entrance_type": "edge_crossing", "osm_entrance_type": "footway", "osm_barrier_type": null, "osmid": "111827514", "Primary Name_park": "Southern Town Park", "Other Names_park": null, "flag_park": "OSM; OS", "OS ID_park": "3D6C4AE5-91F2-80C3-E063-8ECAA00A8EB3", "OSM ID_park": "28153221.0", "id_park": "VALWH_3de75372c8e7;VALWH_4f2a9172f898", "Merged Count_park": 2, "Total Area (m²)_park": 53436.029868888421, "Other name(s) (OS)_park": null, "Type (OS)_park": null, "Other name(s) (OSM)_park": null, "Type (OSM)_park": "park", "Name (OS)_park": null, "Name (OSM)_park": null, "park_offical_id_park": "VALWH_36" }, "geometry": { "type": "Point", "coordinates": [ -1.28949388811209, 51.658730191039041 ] } },
{ "type": "Feature", "properties": { "longitude": -1.2894938881120899, "latitude": 51.658730191039041, "source": "OSMnx_edge_intersection", "entrance_type": "edge_crossing", "osm_entrance_type": "footway", "osm_barrier_type": null, "osmid": "111827514", "Primary Name_park": "Southern Town Park", "Other Names_park": null, "flag_park": "OSM; OS", "OS ID_park": "3D6C4AE5-91F2-80C3-E063-8ECAA00A8EB3", "OSM ID_park": "28153221.0", "id_park": "VALWH_3de75372c8e7;VALWH_4f2a9172f898", "Merged Count_park": 2, "Total Area (m²)_park": 53436.029868888421, "Other name(s) (OS)_park": null, "Type (OS)_park": null, "Other name(s) (OSM)_park": null, "Type (OSM)_park": "park", "Name (OS)_park": null, "Name (OSM)_park": null, "park_offical_id_park": "VALWH_36" }, "geometry": { "type": "Point", "coordinates": [ -1.28949388811209, 51.658730191039041 ] } },
{ "type": "Feature", "properties": { "longitude": -1.2893025298162133, "latitude": 51.659370440691831, "source": "OSMnx_edge_intersection", "entrance_type": "edge_crossing", "osm_entrance_type": "footway", "osm_barrier_type": null, "osmid": "28153951", "Primary Name_park": "Southern Town Park", "Other Names_park": null, "flag_park": "OSM; OS", "OS ID_park": "3D6C4AE5-91F2-80C3-E063-8ECAA00A8EB3", "OSM ID_park": "28153221.0", "id_park": "VALWH_3de75372c8e7;VALWH_4f2a9172f898", "Merged Count_park": 2, "Total Area (m²)_park": 53436.029868888421, "Other name(s) (OS)_park": null, "Type (OS)_park": null, "Other name(s) (OSM)_park": null, "Type (OSM)_park": "park", "Name (OS)_park": null, "Name (OSM)_park": null, "park_offical_id_park": "VALWH_36" }, "geometry": { "type": "Point", "coordinates": [ -1.289302529816213, 51.659370440691831 ] } },
{ "type": "Feature", "properties": { "longitude": -1.2893025298162133, "latitude": 51.659370440691831, "source": "OSMnx_edge_intersection", "entrance_type": "edge_crossing", "osm_entrance_type": "footway", "osm_barrier_type": null, "osmid": "28153951", "Primary Name_park": "Southern Town Park", "Other Names_park": null, "flag_park": "OSM; OS", "OS ID_park": "3D6C4AE5-91F2-80C3-E063-8ECAA00A8EB3", "OSM ID_park": "28153221.0", "id_park": "VALWH_3de75372c8e7;VALWH_4f2a9172f898", "Merged Count_park": 2, "Total Area (m²)_park": 53436.029868888421, "Other name(s) (OS)_park": null, "Type (OS)_park": null, "Other name(s) (OSM)_park": null, "Type (OSM)_park": "park", "Name (OS)_park": null, "Name (OSM)_park": null, "park_offical_id_park": "VALWH_36" }, "geometry": { "type": "Point", "coordinates": [ -1.289302529816213, 51.659370440691831 ] } },
{ "type": "Feature", "properties": { "longitude": -1.2971231946147763, "latitude": 51.715922608667846, "source": "OSMnx_edge_intersection", "entrance_type": "edge_crossing", "osm_entrance_type": "footway", "osm_barrier_type": null, "osmid": "198180371", "Primary Name_park": "Jarn Wild Gardens", "Other Names_park": null, "flag_park": "OS; OSM", "OS ID_park": "3D6C4B26-4A59-80C3-E063-8ECAA00A8EB3", "OSM ID_park": "865707191.0", "id_park": "VALWH_e4452a3f1472;VALWH_e20ad8421f95", "Merged Count_park": 2, "Total Area (m²)_park": 16386.589657060224, "Other name(s) (OS)_park": null, "Type (OS)_park": "Public Park Or Garden", "Other name(s) (OSM)_park": null, "Type (OSM)_park": null, "Name (OS)_park": null, "Name (OSM)_park": null, "park_offical_id_park": "VALWH_37" }, "geometry": { "type": "Point", "coordinates": [ -1.297123194614776, 51.715922608667846 ] } },
{ "type": "Feature", "properties": { "longitude": -1.2971231946147763, "latitude": 51.715922608667846, "source": "OSMnx_edge_intersection", "entrance_type": "edge_crossing", "osm_entrance_type": "footway", "osm_barrier_type": null, "osmid": "198180371", "Primary Name_park": "Jarn Wild Gardens", "Other Names_park": null, "flag_park": "OS; OSM", "OS ID_park": "3D6C4B26-4A59-80C3-E063-8ECAA00A8EB3", "OSM ID_park": "865707191.0", "id_park": "VALWH_e4452a3f1472;VALWH_e20ad8421f95", "Merged Count_park": 2, "Total Area (m²)_park": 16386.589657060224, "Other name(s) (OS)_park": null, "Type (OS)_park": "Public Park Or Garden", "Other name(s) (OSM)_park": null, "Type (OSM)_park": null, "Name (OS)_park": null, "Name (OSM)_park": null, "park_offical_id_park": "VALWH_37" }, "geometry": { "type": "Point", "coordinates": [ -1.297123194614776, 51.715922608667846 ] } },
{ "type": "Feature", "properties": { "longitude": -1.2981301192475736, "latitude": 51.716547141656541, "source": "OSMnx_edge_intersection", "entrance_type": "edge_crossing", "osm_entrance_type": "footway", "osm_barrier_type": null, "osmid": "55798232", "Primary Name_park": "Jarn Wild Gardens", "Other Names_park": null, "flag_park": "OS; OSM", "OS ID_park": "3D6C4B26-4A59-80C3-E063-8ECAA00A8EB3", "OSM ID_park": "865707191.0", "id_park": "VALWH_e4452a3f1472;VALWH_e20ad8421f95", "Merged Count_park": 2, "Total Area (m²)_park": 16386.589657060224, "Other name(s) (OS)_park": null, "Type (OS)_park": "Public Park Or Garden", "Other name(s) (OSM)_park": null, "Type (OSM)_park": null, "Name (OS)_park": null, "Name (OSM)_park": null, "park_offical_id_park": "VALWH_37" }, "geometry": { "type": "Point", "coordinates": [ -1.298130119247574, 51.716547141656541 ] } },
{ "type": "Feature", "properties": { "longitude": -1.2981301192475736, "latitude": 51.716547141656541, "source": "OSMnx_edge_intersection", "entrance_type": "edge_crossing", "osm_entrance_type": "footway", "osm_barrier_type": null, "osmid": "55798232", "Primary Name_park": "Jarn Wild Gardens", "Other Names_park": null, "flag_park": "OS; OSM", "OS ID_park": "3D6C4B26-4A59-80C3-E063-8ECAA00A8EB3", "OSM ID_park": "865707191.0", "id_park": "VALWH_e4452a3f1472;VALWH_e20ad8421f95", "Merged Count_park": 2, "Total Area (m²)_park": 16386.589657060224, "Other name(s) (OS)_park": null, "Type (OS)_park": "Public Park Or Garden", "Other name(s) (OSM)_park": null, "Type (OSM)_park": null, "Name (OS)_park": null, "Name (OSM)_park": null, "park_offical_id_park": "VALWH_37" }, "geometry": { "type": "Point", "coordinates": [ -1.298130119247574, 51.716547141656541 ] } },
{ "type": "Feature", "properties": { "longitude": -1.2980632454242915, "latitude": 51.716718607139924, "source": "OSMnx_edge_intersection", "entrance_type": "edge_crossing", "osm_entrance_type": "footway", "osm_barrier_type": null, "osmid": "35035531", "Primary Name_park": "Jarn Wild Gardens", "Other Names_park": null, "flag_park": "OS; OSM", "OS ID_park": "3D6C4B26-4A59-80C3-E063-8ECAA00A8EB3", "OSM ID_park": "865707191.0", "id_park": "VALWH_e4452a3f1472;VALWH_e20ad8421f95", "Merged Count_park": 2, "Total Area (m²)_park": 16386.589657060224, "Other name(s) (OS)_park": null, "Type (OS)_park": "Public Park Or Garden", "Other name(s) (OSM)_park": null, "Type (OSM)_park": null, "Name (OS)_park": null, "Name (OSM)_park": null, "park_offical_id_park": "VALWH_37" }, "geometry": { "type": "Point", "coordinates": [ -1.298063245424292, 51.716718607139924 ] } },
{ "type": "Feature", "properties": { "longitude": -1.2980632454242915, "latitude": 51.716718607139924, "source": "OSMnx_edge_intersection", "entrance_type": "edge_crossing", "osm_entrance_type": "footway", "osm_barrier_type": null, "osmid": "35035531", "Primary Name_park": "Jarn Wild Gardens", "Other Names_park": null, "flag_park": "OS; OSM", "OS ID_park": "3D6C4B26-4A59-80C3-E063-8ECAA00A8EB3", "OSM ID_park": "865707191.0", "id_park": "VALWH_e4452a3f1472;VALWH_e20ad8421f95", "Merged Count_park": 2, "Total Area (m²)_park": 16386.589657060224, "Other name(s) (OS)_park": null, "Type (OS)_park": "Public Park Or Garden", "Other name(s) (OSM)_park": null, "Type (OSM)_park": null, "Name (OS)_park": null, "Name (OSM)_park": null, "park_offical_id_park": "VALWH_37" }, "geometry": { "type": "Point", "coordinates": [ -1.298063245424292, 51.716718607139924 ] } },
{ "type": "Feature", "properties": { "longitude": -1.2939980078751117, "latitude": 51.716722101419094, "source": "OSMnx_edge_intersection", "entrance_type": "edge_crossing", "osm_entrance_type": "footway", "osm_barrier_type": null, "osmid": "55798231", "Primary Name_park": "Jarn Wild Gardens", "Other Names_park": null, "flag_park": "OS; OSM", "OS ID_park": "3D6C4B26-4A59-80C3-E063-8ECAA00A8EB3", "OSM ID_park": "865707191.0", "id_park": "VALWH_e4452a3f1472;VALWH_e20ad8421f95", "Merged Count_park": 2, "Total Area (m²)_park": 16386.589657060224, "Other name(s) (OS)_park": null, "Type (OS)_park": "Public Park Or Garden", "Other name(s) (OSM)_park": null, "Type (OSM)_park": null, "Name (OS)_park": null, "Name (OSM)_park": null, "park_offical_id_park": "VALWH_37" }, "geometry": { "type": "Point", "coordinates": [ -1.293998007875112, 51.716722101419094 ] } },
{ "type": "Feature", "properties": { "longitude": -1.2939980078751117, "latitude": 51.716722101419094, "source": "OSMnx_edge_intersection", "entrance_type": "edge_crossing", "osm_entrance_type": "footway", "osm_barrier_type": null, "osmid": "55798231", "Primary Name_park": "Jarn Wild Gardens", "Other Names_park": null, "flag_park": "OS; OSM", "OS ID_park": "3D6C4B26-4A59-80C3-E063-8ECAA00A8EB3", "OSM ID_park": "865707191.0", "id_park": "VALWH_e4452a3f1472;VALWH_e20ad8421f95", "Merged Count_park": 2, "Total Area (m²)_park": 16386.589657060224, "Other name(s) (OS)_park": null, "Type (OS)_park": "Public Park Or Garden", "Other name(s) (OSM)_park": null, "Type (OSM)_park": null, "Name (OS)_park": null, "Name (OSM)_park": null, "park_offical_id_park": "VALWH_37" }, "geometry": { "type": "Point", "coordinates": [ -1.293998007875112, 51.716722101419094 ] } },
{ "type": "Feature", "properties": { "longitude": -1.2942309771493496, "latitude": 51.716812457701039, "source": "OSMnx_edge_intersection", "entrance_type": "edge_crossing", "osm_entrance_type": "footway", "osm_barrier_type": null, "osmid": "55798227", "Primary Name_park": "Jarn Wild Gardens", "Other Names_park": null, "flag_park": "OS; OSM", "OS ID_park": "3D6C4B26-4A59-80C3-E063-8ECAA00A8EB3", "OSM ID_park": "865707191.0", "id_park": "VALWH_e4452a3f1472;VALWH_e20ad8421f95", "Merged Count_park": 2, "Total Area (m²)_park": 16386.589657060224, "Other name(s) (OS)_park": null, "Type (OS)_park": "Public Park Or Garden", "Other name(s) (OSM)_park": null, "Type (OSM)_park": null, "Name (OS)_park": null, "Name (OSM)_park": null, "park_offical_id_park": "VALWH_37" }, "geometry": { "type": "Point", "coordinates": [ -1.29423097714935, 51.716812457701039 ] } },
{ "type": "Feature", "properties": { "longitude": -1.2942309771493496, "latitude": 51.716812457701039, "source": "OSMnx_edge_intersection", "entrance_type": "edge_crossing", "osm_entrance_type": "footway", "osm_barrier_type": null, "osmid": "55798227", "Primary Name_park": "Jarn Wild Gardens", "Other Names_park": null, "flag_park": "OS; OSM", "OS ID_park": "3D6C4B26-4A59-80C3-E063-8ECAA00A8EB3", "OSM ID_park": "865707191.0", "id_park": "VALWH_e4452a3f1472;VALWH_e20ad8421f95", "Merged Count_park": 2, "Total Area (m²)_park": 16386.589657060224, "Other name(s) (OS)_park": null, "Type (OS)_park": "Public Park Or Garden", "Other name(s) (OSM)_park": null, "Type (OSM)_park": null, "Name (OS)_park": null, "Name (OSM)_park": null, "park_offical_id_park": "VALWH_37" }, "geometry": { "type": "Point", "coordinates": [ -1.29423097714935, 51.716812457701039 ] } },
{ "type": "Feature", "properties": { "longitude": -1.2971740814965016, "latitude": 51.716582472580178, "source": "OSMnx_edge_intersection", "entrance_type": "edge_crossing", "osm_entrance_type": "footway", "osm_barrier_type": null, "osmid": "55798229", "Primary Name_park": "Jarn Wild Gardens", "Other Names_park": null, "flag_park": "OS; OSM", "OS ID_park": "3D6C4B26-4A59-80C3-E063-8ECAA00A8EB3", "OSM ID_park": "865707191.0", "id_park": "VALWH_e4452a3f1472;VALWH_e20ad8421f95", "Merged Count_park": 2, "Total Area (m²)_park": 16386.589657060224, "Other name(s) (OS)_park": null, "Type (OS)_park": "Public Park Or Garden", "Other name(s) (OSM)_park": null, "Type (OSM)_park": null, "Name (OS)_park": null, "Name (OSM)_park": null, "park_offical_id_park": "VALWH_37" }, "geometry": { "type": "Point", "coordinates": [ -1.297174081496502, 51.716582472580178 ] } },
{ "type": "Feature", "properties": { "longitude": -1.2971740814965016, "latitude": 51.716582472580178, "source": "OSMnx_edge_intersection", "entrance_type": "edge_crossing", "osm_entrance_type": "footway", "osm_barrier_type": null, "osmid": "55798229", "Primary Name_park": "Jarn Wild Gardens", "Other Names_park": null, "flag_park": "OS; OSM", "OS ID_park": "3D6C4B26-4A59-80C3-E063-8ECAA00A8EB3", "OSM ID_park": "865707191.0", "id_park": "VALWH_e4452a3f1472;VALWH_e20ad8421f95", "Merged Count_park": 2, "Total Area (m²)_park": 16386.589657060224, "Other name(s) (OS)_park": null, "Type (OS)_park": "Public Park Or Garden", "Other name(s) (OSM)_park": null, "Type (OSM)_park": null, "Name (OS)_park": null, "Name (OSM)_park": null, "park_offical_id_park": "VALWH_37" }, "geometry": { "type": "Point", "coordinates": [ -1.297174081496502, 51.716582472580178 ] } },
{ "type": "Feature", "properties": { "longitude": -1.2912687894885775, "latitude": 51.671596537654814, "source": "OSMnx_edge_intersection", "entrance_type": "edge_crossing", "osm_entrance_type": "footway", "osm_barrier_type": null, "osmid": "23101194", "Primary Name_park": "Albert Park", "Other Names_park": null, "flag_park": "OSM; OS", "OS ID_park": "3D6C4B2F-A615-80C3-E063-8ECAA00A8EB3", "OSM ID_park": "22938221.0", "id_park": "VALWH_2839f1990cc7;VALWH_e227b9999752", "Merged Count_park": 2, "Total Area (m²)_park": 58051.197009811884, "Other name(s) (OS)_park": null, "Type (OS)_park": null, "Other name(s) (OSM)_park": null, "Type (OSM)_park": "park", "Name (OS)_park": null, "Name (OSM)_park": null, "park_offical_id_park": "VALWH_39" }, "geometry": { "type": "Point", "coordinates": [ -1.291268789488577, 51.671596537654814 ] } },
{ "type": "Feature", "properties": { "longitude": -1.2912687894885775, "latitude": 51.671596537654814, "source": "OSMnx_edge_intersection", "entrance_type": "edge_crossing", "osm_entrance_type": "footway", "osm_barrier_type": null, "osmid": "23101194", "Primary Name_park": "Albert Park", "Other Names_park": null, "flag_park": "OSM; OS", "OS ID_park": "3D6C4B2F-A615-80C3-E063-8ECAA00A8EB3", "OSM ID_park": "22938221.0", "id_park": "VALWH_2839f1990cc7;VALWH_e227b9999752", "Merged Count_park": 2, "Total Area (m²)_park": 58051.197009811884, "Other name(s) (OS)_park": null, "Type (OS)_park": null, "Other name(s) (OSM)_park": null, "Type (OSM)_park": "park", "Name (OS)_park": null, "Name (OSM)_park": null, "park_offical_id_park": "VALWH_39" }, "geometry": { "type": "Point", "coordinates": [ -1.291268789488577, 51.671596537654814 ] } },
{ "type": "Feature", "properties": { "longitude": -1.2891961410692978, "latitude": 51.671799224196342, "source": "OSMnx_edge_intersection", "entrance_type": "edge_crossing", "osm_entrance_type": "footway", "osm_barrier_type": null, "osmid": "23101193", "Primary Name_park": "Albert Park", "Other Names_park": null, "flag_park": "OSM; OS", "OS ID_park": "3D6C4B2F-A615-80C3-E063-8ECAA00A8EB3", "OSM ID_park": "22938221.0", "id_park": "VALWH_2839f1990cc7;VALWH_e227b9999752", "Merged Count_park": 2, "Total Area (m²)_park": 58051.197009811884, "Other name(s) (OS)_park": null, "Type (OS)_park": null, "Other name(s) (OSM)_park": null, "Type (OSM)_park": "park", "Name (OS)_park": null, "Name (OSM)_park": null, "park_offical_id_park": "VALWH_39" }, "geometry": { "type": "Point", "coordinates": [ -1.289196141069298, 51.671799224196342 ] } },
{ "type": "Feature", "properties": { "longitude": -1.2891961410692978, "latitude": 51.671799224196342, "source": "OSMnx_edge_intersection", "entrance_type": "edge_crossing", "osm_entrance_type": "footway", "osm_barrier_type": null, "osmid": "23101193", "Primary Name_park": "Albert Park", "Other Names_park": null, "flag_park": "OSM; OS", "OS ID_park": "3D6C4B2F-A615-80C3-E063-8ECAA00A8EB3", "OSM ID_park": "22938221.0", "id_park": "VALWH_2839f1990cc7;VALWH_e227b9999752", "Merged Count_park": 2, "Total Area (m²)_park": 58051.197009811884, "Other name(s) (OS)_park": null, "Type (OS)_park": null, "Other name(s) (OSM)_park": null, "Type (OSM)_park": "park", "Name (OS)_park": null, "Name (OSM)_park": null, "park_offical_id_park": "VALWH_39" }, "geometry": { "type": "Point", "coordinates": [ -1.289196141069298, 51.671799224196342 ] } },
{ "type": "Feature", "properties": { "longitude": -1.2895611036558066, "latitude": 51.673058415886253, "source": "OSMnx_edge_intersection", "entrance_type": "edge_crossing", "osm_entrance_type": "track,footway", "osm_barrier_type": null, "osmid": "1286981832,808131756", "Primary Name_park": "Albert Park", "Other Names_park": null, "flag_park": "OSM; OS", "OS ID_park": "3D6C4B2F-A615-80C3-E063-8ECAA00A8EB3", "OSM ID_park": "22938221.0", "id_park": "VALWH_2839f1990cc7;VALWH_e227b9999752", "Merged Count_park": 2, "Total Area (m²)_park": 58051.197009811884, "Other name(s) (OS)_park": null, "Type (OS)_park": null, "Other name(s) (OSM)_park": null, "Type (OSM)_park": "park", "Name (OS)_park": null, "Name (OSM)_park": null, "park_offical_id_park": "VALWH_39" }, "geometry": { "type": "Point", "coordinates": [ -1.289561103655807, 51.673058415886253 ] } },
{ "type": "Feature", "properties": { "longitude": -1.2895611036558066, "latitude": 51.673058415886253, "source": "OSMnx_edge_intersection", "entrance_type": "edge_crossing", "osm_entrance_type": "track,footway", "osm_barrier_type": null, "osmid": "1286981832,808131756", "Primary Name_park": "Albert Park", "Other Names_park": null, "flag_park": "OSM; OS", "OS ID_park": "3D6C4B2F-A615-80C3-E063-8ECAA00A8EB3", "OSM ID_park": "22938221.0", "id_park": "VALWH_2839f1990cc7;VALWH_e227b9999752", "Merged Count_park": 2, "Total Area (m²)_park": 58051.197009811884, "Other name(s) (OS)_park": null, "Type (OS)_park": null, "Other name(s) (OSM)_park": null, "Type (OSM)_park": "park", "Name (OS)_park": null, "Name (OSM)_park": null, "park_offical_id_park": "VALWH_39" }, "geometry": { "type": "Point", "coordinates": [ -1.289561103655807, 51.673058415886253 ] } },
{ "type": "Feature", "properties": { "longitude": -1.2933891922183069, "latitude": 51.671404519286646, "source": "OSMnx_edge_intersection", "entrance_type": "edge_crossing", "osm_entrance_type": "footway", "osm_barrier_type": null, "osmid": "23101195", "Primary Name_park": "Albert Park", "Other Names_park": null, "flag_park": "OSM; OS", "OS ID_park": "3D6C4B2F-A615-80C3-E063-8ECAA00A8EB3", "OSM ID_park": "22938221.0", "id_park": "VALWH_2839f1990cc7;VALWH_e227b9999752", "Merged Count_park": 2, "Total Area (m²)_park": 58051.197009811884, "Other name(s) (OS)_park": null, "Type (OS)_park": null, "Other name(s) (OSM)_park": null, "Type (OSM)_park": "park", "Name (OS)_park": null, "Name (OSM)_park": null, "park_offical_id_park": "VALWH_39" }, "geometry": { "type": "Point", "coordinates": [ -1.293389192218307, 51.671404519286646 ] } },
{ "type": "Feature", "properties": { "longitude": -1.2933891922183069, "latitude": 51.671404519286646, "source": "OSMnx_edge_intersection", "entrance_type": "edge_crossing", "osm_entrance_type": "footway", "osm_barrier_type": null, "osmid": "23101195", "Primary Name_park": "Albert Park", "Other Names_park": null, "flag_park": "OSM; OS", "OS ID_park": "3D6C4B2F-A615-80C3-E063-8ECAA00A8EB3", "OSM ID_park": "22938221.0", "id_park": "VALWH_2839f1990cc7;VALWH_e227b9999752", "Merged Count_park": 2, "Total Area (m²)_park": 58051.197009811884, "Other name(s) (OS)_park": null, "Type (OS)_park": null, "Other name(s) (OSM)_park": null, "Type (OSM)_park": "park", "Name (OS)_park": null, "Name (OSM)_park": null, "park_offical_id_park": "VALWH_39" }, "geometry": { "type": "Point", "coordinates": [ -1.293389192218307, 51.671404519286646 ] } },
{ "type": "Feature", "properties": { "longitude": -1.2936555821237781, "latitude": 51.672702057355117, "source": "OSMnx_edge_intersection", "entrance_type": "edge_crossing", "osm_entrance_type": "footway", "osm_barrier_type": null, "osmid": "808131763", "Primary Name_park": "Albert Park", "Other Names_park": null, "flag_park": "OSM; OS", "OS ID_park": "3D6C4B2F-A615-80C3-E063-8ECAA00A8EB3", "OSM ID_park": "22938221.0", "id_park": "VALWH_2839f1990cc7;VALWH_e227b9999752", "Merged Count_park": 2, "Total Area (m²)_park": 58051.197009811884, "Other name(s) (OS)_park": null, "Type (OS)_park": null, "Other name(s) (OSM)_park": null, "Type (OSM)_park": "park", "Name (OS)_park": null, "Name (OSM)_park": null, "park_offical_id_park": "VALWH_39" }, "geometry": { "type": "Point", "coordinates": [ -1.293655582123778, 51.672702057355117 ] } },
{ "type": "Feature", "properties": { "longitude": -1.2936555821237781, "latitude": 51.672702057355117, "source": "OSMnx_edge_intersection", "entrance_type": "edge_crossing", "osm_entrance_type": "footway", "osm_barrier_type": null, "osmid": "808131763", "Primary Name_park": "Albert Park", "Other Names_park": null, "flag_park": "OSM; OS", "OS ID_park": "3D6C4B2F-A615-80C3-E063-8ECAA00A8EB3", "OSM ID_park": "22938221.0", "id_park": "VALWH_2839f1990cc7;VALWH_e227b9999752", "Merged Count_park": 2, "Total Area (m²)_park": 58051.197009811884, "Other name(s) (OS)_park": null, "Type (OS)_park": null, "Other name(s) (OSM)_park": null, "Type (OSM)_park": "park", "Name (OS)_park": null, "Name (OSM)_park": null, "park_offical_id_park": "VALWH_39" }, "geometry": { "type": "Point", "coordinates": [ -1.293655582123778, 51.672702057355117 ] } },
{ "type": "Feature", "properties": { "longitude": -1.2917529617956642, "latitude": 51.673504176975925, "source": "OSMnx_edge_intersection", "entrance_type": "edge_crossing", "osm_entrance_type": "residential,footway", "osm_barrier_type": null, "osmid": "22996544,23101199", "Primary Name_park": "Albert Park", "Other Names_park": null, "flag_park": "OSM; OS", "OS ID_park": "3D6C4B2F-A615-80C3-E063-8ECAA00A8EB3", "OSM ID_park": "22938221.0", "id_park": "VALWH_2839f1990cc7;VALWH_e227b9999752", "Merged Count_park": 2, "Total Area (m²)_park": 58051.197009811884, "Other name(s) (OS)_park": null, "Type (OS)_park": null, "Other name(s) (OSM)_park": null, "Type (OSM)_park": "park", "Name (OS)_park": null, "Name (OSM)_park": null, "park_offical_id_park": "VALWH_39" }, "geometry": { "type": "Point", "coordinates": [ -1.291752961795664, 51.673504176975925 ] } },
{ "type": "Feature", "properties": { "longitude": -1.2917529617956642, "latitude": 51.673504176975925, "source": "OSMnx_edge_intersection", "entrance_type": "edge_crossing", "osm_entrance_type": "footway,residential", "osm_barrier_type": null, "osmid": "22996544,23101199", "Primary Name_park": "Albert Park", "Other Names_park": null, "flag_park": "OSM; OS", "OS ID_park": "3D6C4B2F-A615-80C3-E063-8ECAA00A8EB3", "OSM ID_park": "22938221.0", "id_park": "VALWH_2839f1990cc7;VALWH_e227b9999752", "Merged Count_park": 2, "Total Area (m²)_park": 58051.197009811884, "Other name(s) (OS)_park": null, "Type (OS)_park": null, "Other name(s) (OSM)_park": null, "Type (OSM)_park": "park", "Name (OS)_park": null, "Name (OSM)_park": null, "park_offical_id_park": "VALWH_39" }, "geometry": { "type": "Point", "coordinates": [ -1.291752961795664, 51.673504176975925 ] } },
{ "type": "Feature", "properties": { "longitude": -1.2704593620409914, "latitude": 51.671125328664196, "source": "OSMnx_edge_intersection", "entrance_type": "edge_crossing", "osm_entrance_type": "path,footway", "osm_barrier_type": null, "osmid": "34035201,34034728,978354828,110367983,34035921,110367988,34035199", "Primary Name_park": "Abbey Gardens", "Other Names_park": "Abbey Meadows", "flag_park": "OS; OSM", "OS ID_park": "3D6C4B3C-D489-80C3-E063-8ECAA00A8EB3", "OSM ID_park": "19462749.0; 22999132.0", "id_park": "VALWH_2f76e62a7b4c;VALWH_5cfc1b86a214;VALWH_629f64f6145c", "Merged Count_park": 3, "Total Area (m²)_park": 98839.617247769856, "Other name(s) (OS)_park": null, "Type (OS)_park": "Public Park Or Garden", "Other name(s) (OSM)_park": null, "Type (OSM)_park": null, "Name (OS)_park": null, "Name (OSM)_park": null, "park_offical_id_park": "VALWH_41" }, "geometry": { "type": "Point", "coordinates": [ -1.270459362040991, 51.671125328664196 ] } },
{ "type": "Feature", "properties": { "longitude": -1.2704593620409914, "latitude": 51.671125328664196, "source": "OSMnx_edge_intersection", "entrance_type": "edge_crossing", "osm_entrance_type": "path,footway", "osm_barrier_type": null, "osmid": "34035201,34034728,978354828,110367983,34035921,110367988,34035199", "Primary Name_park": "Abbey Gardens", "Other Names_park": "Abbey Meadows", "flag_park": "OS; OSM", "OS ID_park": "3D6C4B3C-D489-80C3-E063-8ECAA00A8EB3", "OSM ID_park": "19462749.0; 22999132.0", "id_park": "VALWH_2f76e62a7b4c;VALWH_5cfc1b86a214;VALWH_629f64f6145c", "Merged Count_park": 3, "Total Area (m²)_park": 98839.617247769856, "Other name(s) (OS)_park": null, "Type (OS)_park": "Public Park Or Garden", "Other name(s) (OSM)_park": null, "Type (OSM)_park": null, "Name (OS)_park": null, "Name (OSM)_park": null, "park_offical_id_park": "VALWH_41" }, "geometry": { "type": "Point", "coordinates": [ -1.270459362040991, 51.671125328664196 ] } },
{ "type": "Feature", "properties": { "longitude": -1.2710014301005255, "latitude": 51.671499838956059, "source": "OSMnx_edge_intersection", "entrance_type": "edge_crossing", "osm_entrance_type": "footway", "osm_barrier_type": null, "osmid": "34035620,34035590", "Primary Name_park": "Abbey Gardens", "Other Names_park": "Abbey Meadows", "flag_park": "OS; OSM", "OS ID_park": "3D6C4B3C-D489-80C3-E063-8ECAA00A8EB3", "OSM ID_park": "19462749.0; 22999132.0", "id_park": "VALWH_2f76e62a7b4c;VALWH_5cfc1b86a214;VALWH_629f64f6145c", "Merged Count_park": 3, "Total Area (m²)_park": 98839.617247769856, "Other name(s) (OS)_park": null, "Type (OS)_park": "Public Park Or Garden", "Other name(s) (OSM)_park": null, "Type (OSM)_park": null, "Name (OS)_park": null, "Name (OSM)_park": null, "park_offical_id_park": "VALWH_41" }, "geometry": { "type": "Point", "coordinates": [ -1.271001430100525, 51.671499838956059 ] } },
{ "type": "Feature", "properties": { "longitude": -1.2710014301005255, "latitude": 51.671499838956059, "source": "OSMnx_edge_intersection", "entrance_type": "edge_crossing", "osm_entrance_type": "footway", "osm_barrier_type": null, "osmid": "34035620,34035590", "Primary Name_park": "Abbey Gardens", "Other Names_park": "Abbey Meadows", "flag_park": "OS; OSM", "OS ID_park": "3D6C4B3C-D489-80C3-E063-8ECAA00A8EB3", "OSM ID_park": "19462749.0; 22999132.0", "id_park": "VALWH_2f76e62a7b4c;VALWH_5cfc1b86a214;VALWH_629f64f6145c", "Merged Count_park": 3, "Total Area (m²)_park": 98839.617247769856, "Other name(s) (OS)_park": null, "Type (OS)_park": "Public Park Or Garden", "Other name(s) (OSM)_park": null, "Type (OSM)_park": null, "Name (OS)_park": null, "Name (OSM)_park": null, "park_offical_id_park": "VALWH_41" }, "geometry": { "type": "Point", "coordinates": [ -1.271001430100525, 51.671499838956059 ] } },
{ "type": "Feature", "properties": { "longitude": -1.2772837555824874, "latitude": 51.670022002497738, "source": "OSMnx_edge_intersection", "entrance_type": "edge_crossing", "osm_entrance_type": "service", "osm_barrier_type": null, "osmid": "1102809079", "Primary Name_park": "Abbey Gardens", "Other Names_park": "Abbey Meadows", "flag_park": "OS; OSM", "OS ID_park": "3D6C4B3C-D489-80C3-E063-8ECAA00A8EB3", "OSM ID_park": "19462749.0; 22999132.0", "id_park": "VALWH_2f76e62a7b4c;VALWH_5cfc1b86a214;VALWH_629f64f6145c", "Merged Count_park": 3, "Total Area (m²)_park": 98839.617247769856, "Other name(s) (OS)_park": null, "Type (OS)_park": "Public Park Or Garden", "Other name(s) (OSM)_park": null, "Type (OSM)_park": null, "Name (OS)_park": null, "Name (OSM)_park": null, "park_offical_id_park": "VALWH_41" }, "geometry": { "type": "Point", "coordinates": [ -1.277283755582487, 51.670022002497738 ] } },
{ "type": "Feature", "properties": { "longitude": -1.2772837555824874, "latitude": 51.670022002497738, "source": "OSMnx_edge_intersection", "entrance_type": "edge_crossing", "osm_entrance_type": "service", "osm_barrier_type": null, "osmid": "1102809079", "Primary Name_park": "Abbey Gardens", "Other Names_park": "Abbey Meadows", "flag_park": "OS; OSM", "OS ID_park": "3D6C4B3C-D489-80C3-E063-8ECAA00A8EB3", "OSM ID_park": "19462749.0; 22999132.0", "id_park": "VALWH_2f76e62a7b4c;VALWH_5cfc1b86a214;VALWH_629f64f6145c", "Merged Count_park": 3, "Total Area (m²)_park": 98839.617247769856, "Other name(s) (OS)_park": null, "Type (OS)_park": "Public Park Or Garden", "Other name(s) (OSM)_park": null, "Type (OSM)_park": null, "Name (OS)_park": null, "Name (OSM)_park": null, "park_offical_id_park": "VALWH_41" }, "geometry": { "type": "Point", "coordinates": [ -1.277283755582487, 51.670022002497738 ] } },
{ "type": "Feature", "properties": { "longitude": -1.2796499296553436, "latitude": 51.6702718865196, "source": "OSMnx_edge_intersection", "entrance_type": "edge_crossing", "osm_entrance_type": "footway", "osm_barrier_type": null, "osmid": "54753947", "Primary Name_park": "Abbey Gardens", "Other Names_park": "Abbey Meadows", "flag_park": "OS; OSM", "OS ID_park": "3D6C4B3C-D489-80C3-E063-8ECAA00A8EB3", "OSM ID_park": "19462749.0; 22999132.0", "id_park": "VALWH_2f76e62a7b4c;VALWH_5cfc1b86a214;VALWH_629f64f6145c", "Merged Count_park": 3, "Total Area (m²)_park": 98839.617247769856, "Other name(s) (OS)_park": null, "Type (OS)_park": "Public Park Or Garden", "Other name(s) (OSM)_park": null, "Type (OSM)_park": null, "Name (OS)_park": null, "Name (OSM)_park": null, "park_offical_id_park": "VALWH_41" }, "geometry": { "type": "Point", "coordinates": [ -1.279649929655344, 51.6702718865196 ] } },
{ "type": "Feature", "properties": { "longitude": -1.2796499296553436, "latitude": 51.6702718865196, "source": "OSMnx_edge_intersection", "entrance_type": "edge_crossing", "osm_entrance_type": "footway", "osm_barrier_type": null, "osmid": "54753947", "Primary Name_park": "Abbey Gardens", "Other Names_park": "Abbey Meadows", "flag_park": "OS; OSM", "OS ID_park": "3D6C4B3C-D489-80C3-E063-8ECAA00A8EB3", "OSM ID_park": "19462749.0; 22999132.0", "id_park": "VALWH_2f76e62a7b4c;VALWH_5cfc1b86a214;VALWH_629f64f6145c", "Merged Count_park": 3, "Total Area (m²)_park": 98839.617247769856, "Other name(s) (OS)_park": null, "Type (OS)_park": "Public Park Or Garden", "Other name(s) (OSM)_park": null, "Type (OSM)_park": null, "Name (OS)_park": null, "Name (OSM)_park": null, "park_offical_id_park": "VALWH_41" }, "geometry": { "type": "Point", "coordinates": [ -1.279649929655344, 51.6702718865196 ] } },
{ "type": "Feature", "properties": { "longitude": -1.2771176362278429, "latitude": 51.670580375364111, "source": "OSMnx_edge_intersection", "entrance_type": "edge_crossing", "osm_entrance_type": "unclassified,footway", "osm_barrier_type": null, "osmid": "22996210,34426635", "Primary Name_park": "Abbey Gardens", "Other Names_park": "Abbey Meadows", "flag_park": "OS; OSM", "OS ID_park": "3D6C4B3C-D489-80C3-E063-8ECAA00A8EB3", "OSM ID_park": "19462749.0; 22999132.0", "id_park": "VALWH_2f76e62a7b4c;VALWH_5cfc1b86a214;VALWH_629f64f6145c", "Merged Count_park": 3, "Total Area (m²)_park": 98839.617247769856, "Other name(s) (OS)_park": null, "Type (OS)_park": "Public Park Or Garden", "Other name(s) (OSM)_park": null, "Type (OSM)_park": null, "Name (OS)_park": null, "Name (OSM)_park": null, "park_offical_id_park": "VALWH_41" }, "geometry": { "type": "Point", "coordinates": [ -1.277117636227843, 51.670580375364111 ] } },
{ "type": "Feature", "properties": { "longitude": -1.2771176362278429, "latitude": 51.670580375364111, "source": "OSMnx_edge_intersection", "entrance_type": "edge_crossing", "osm_entrance_type": "unclassified,footway", "osm_barrier_type": null, "osmid": "22996210,34426635", "Primary Name_park": "Abbey Gardens", "Other Names_park": "Abbey Meadows", "flag_park": "OS; OSM", "OS ID_park": "3D6C4B3C-D489-80C3-E063-8ECAA00A8EB3", "OSM ID_park": "19462749.0; 22999132.0", "id_park": "VALWH_2f76e62a7b4c;VALWH_5cfc1b86a214;VALWH_629f64f6145c", "Merged Count_park": 3, "Total Area (m²)_park": 98839.617247769856, "Other name(s) (OS)_park": null, "Type (OS)_park": "Public Park Or Garden", "Other name(s) (OSM)_park": null, "Type (OSM)_park": null, "Name (OS)_park": null, "Name (OSM)_park": null, "park_offical_id_park": "VALWH_41" }, "geometry": { "type": "Point", "coordinates": [ -1.277117636227843, 51.670580375364111 ] } },
{ "type": "Feature", "properties": { "longitude": -1.2790564, "latitude": 51.6709389, "source": "OSMnx_edge_intersection", "entrance_type": "edge_crossing", "osm_entrance_type": "footway", "osm_barrier_type": null, "osmid": "54860626", "Primary Name_park": "Abbey Gardens", "Other Names_park": "Abbey Meadows", "flag_park": "OS; OSM", "OS ID_park": "3D6C4B3C-D489-80C3-E063-8ECAA00A8EB3", "OSM ID_park": "19462749.0; 22999132.0", "id_park": "VALWH_2f76e62a7b4c;VALWH_5cfc1b86a214;VALWH_629f64f6145c", "Merged Count_park": 3, "Total Area (m²)_park": 98839.617247769856, "Other name(s) (OS)_park": null, "Type (OS)_park": "Public Park Or Garden", "Other name(s) (OSM)_park": null, "Type (OSM)_park": null, "Name (OS)_park": null, "Name (OSM)_park": null, "park_offical_id_park": "VALWH_41" }, "geometry": { "type": "Point", "coordinates": [ -1.279056399999988, 51.670938899999989 ] } },
{ "type": "Feature", "properties": { "longitude": -1.2790564, "latitude": 51.6709389, "source": "OSMnx_edge_intersection", "entrance_type": "edge_crossing", "osm_entrance_type": "footway", "osm_barrier_type": null, "osmid": "54860626", "Primary Name_park": "Abbey Gardens", "Other Names_park": "Abbey Meadows", "flag_park": "OS; OSM", "OS ID_park": "3D6C4B3C-D489-80C3-E063-8ECAA00A8EB3", "OSM ID_park": "19462749.0; 22999132.0", "id_park": "VALWH_2f76e62a7b4c;VALWH_5cfc1b86a214;VALWH_629f64f6145c", "Merged Count_park": 3, "Total Area (m²)_park": 98839.617247769856, "Other name(s) (OS)_park": null, "Type (OS)_park": "Public Park Or Garden", "Other name(s) (OSM)_park": null, "Type (OSM)_park": null, "Name (OS)_park": null, "Name (OSM)_park": null, "park_offical_id_park": "VALWH_41" }, "geometry": { "type": "Point", "coordinates": [ -1.279056399999988, 51.670938899999989 ] } },
{ "type": "Feature", "properties": { "longitude": -1.3076654695767103, "latitude": 51.741916674071753, "source": "OSMnx_edge_intersection", "entrance_type": "edge_crossing", "osm_entrance_type": "footway,residential", "osm_barrier_type": null, "osmid": "24230331,20179070", "Primary Name_park": null, "Other Names_park": null, "flag_park": "OS; OSM", "OS ID_park": "3D6C4C50-C50F-80C3-E063-8ECAA00A8EB3", "OSM ID_park": "24230329.0", "id_park": "VALWH_06d0566be02f;VALWH_a7f0b649dac3", "Merged Count_park": 2, "Total Area (m²)_park": 2919.1684969344178, "Other name(s) (OS)_park": null, "Type (OS)_park": "Public Park Or Garden", "Other name(s) (OSM)_park": null, "Type (OSM)_park": null, "Name (OS)_park": null, "Name (OSM)_park": null, "park_offical_id_park": "VALWH_43" }, "geometry": { "type": "Point", "coordinates": [ -1.30766546957671, 51.741916674071753 ] } },
{ "type": "Feature", "properties": { "longitude": -1.3076654695767103, "latitude": 51.741916674071753, "source": "OSMnx_edge_intersection", "entrance_type": "edge_crossing", "osm_entrance_type": "residential,footway", "osm_barrier_type": null, "osmid": "24230331,20179070", "Primary Name_park": null, "Other Names_park": null, "flag_park": "OS; OSM", "OS ID_park": "3D6C4C50-C50F-80C3-E063-8ECAA00A8EB3", "OSM ID_park": "24230329.0", "id_park": "VALWH_06d0566be02f;VALWH_a7f0b649dac3", "Merged Count_park": 2, "Total Area (m²)_park": 2919.1684969344178, "Other name(s) (OS)_park": null, "Type (OS)_park": "Public Park Or Garden", "Other name(s) (OSM)_park": null, "Type (OSM)_park": null, "Name (OS)_park": null, "Name (OSM)_park": null, "park_offical_id_park": "VALWH_43" }, "geometry": { "type": "Point", "coordinates": [ -1.30766546957671, 51.741916674071753 ] } },
{ "type": "Feature", "properties": { "longitude": -1.3071169414286774, "latitude": 51.741820067559111, "source": "OSMnx_edge_intersection", "entrance_type": "edge_crossing", "osm_entrance_type": "footway", "osm_barrier_type": null, "osmid": "24230330", "Primary Name_park": null, "Other Names_park": null, "flag_park": "OS; OSM", "OS ID_park": "3D6C4C50-C50F-80C3-E063-8ECAA00A8EB3", "OSM ID_park": "24230329.0", "id_park": "VALWH_06d0566be02f;VALWH_a7f0b649dac3", "Merged Count_park": 2, "Total Area (m²)_park": 2919.1684969344178, "Other name(s) (OS)_park": null, "Type (OS)_park": "Public Park Or Garden", "Other name(s) (OSM)_park": null, "Type (OSM)_park": null, "Name (OS)_park": null, "Name (OSM)_park": null, "park_offical_id_park": "VALWH_43" }, "geometry": { "type": "Point", "coordinates": [ -1.307116941428677, 51.741820067559111 ] } },
{ "type": "Feature", "properties": { "longitude": -1.3071169414286774, "latitude": 51.741820067559111, "source": "OSMnx_edge_intersection", "entrance_type": "edge_crossing", "osm_entrance_type": "footway", "osm_barrier_type": null, "osmid": "24230330", "Primary Name_park": null, "Other Names_park": null, "flag_park": "OS; OSM", "OS ID_park": "3D6C4C50-C50F-80C3-E063-8ECAA00A8EB3", "OSM ID_park": "24230329.0", "id_park": "VALWH_06d0566be02f;VALWH_a7f0b649dac3", "Merged Count_park": 2, "Total Area (m²)_park": 2919.1684969344178, "Other name(s) (OS)_park": null, "Type (OS)_park": "Public Park Or Garden", "Other name(s) (OSM)_park": null, "Type (OSM)_park": null, "Name (OS)_park": null, "Name (OSM)_park": null, "park_offical_id_park": "VALWH_43" }, "geometry": { "type": "Point", "coordinates": [ -1.307116941428677, 51.741820067559111 ] } },
{ "type": "Feature", "properties": { "longitude": -1.3075121828142471, "latitude": 51.742203191336237, "source": "OSMnx_edge_intersection", "entrance_type": "edge_crossing", "osm_entrance_type": "footway", "osm_barrier_type": null, "osmid": "24230330", "Primary Name_park": null, "Other Names_park": null, "flag_park": "OS; OSM", "OS ID_park": "3D6C4C50-C50F-80C3-E063-8ECAA00A8EB3", "OSM ID_park": "24230329.0", "id_park": "VALWH_06d0566be02f;VALWH_a7f0b649dac3", "Merged Count_park": 2, "Total Area (m²)_park": 2919.1684969344178, "Other name(s) (OS)_park": null, "Type (OS)_park": "Public Park Or Garden", "Other name(s) (OSM)_park": null, "Type (OSM)_park": null, "Name (OS)_park": null, "Name (OSM)_park": null, "park_offical_id_park": "VALWH_43" }, "geometry": { "type": "Point", "coordinates": [ -1.307512182814247, 51.742203191336237 ] } },
{ "type": "Feature", "properties": { "longitude": -1.3075121828142471, "latitude": 51.742203191336237, "source": "OSMnx_edge_intersection", "entrance_type": "edge_crossing", "osm_entrance_type": "footway", "osm_barrier_type": null, "osmid": "24230330", "Primary Name_park": null, "Other Names_park": null, "flag_park": "OS; OSM", "OS ID_park": "3D6C4C50-C50F-80C3-E063-8ECAA00A8EB3", "OSM ID_park": "24230329.0", "id_park": "VALWH_06d0566be02f;VALWH_a7f0b649dac3", "Merged Count_park": 2, "Total Area (m²)_park": 2919.1684969344178, "Other name(s) (OS)_park": null, "Type (OS)_park": "Public Park Or Garden", "Other name(s) (OSM)_park": null, "Type (OSM)_park": null, "Name (OS)_park": null, "Name (OSM)_park": null, "park_offical_id_park": "VALWH_43" }, "geometry": { "type": "Point", "coordinates": [ -1.307512182814247, 51.742203191336237 ] } },
{ "type": "Feature", "properties": { "longitude": -1.2863565772625658, "latitude": 51.714470908638866, "source": "OSMnx_edge_intersection", "entrance_type": "edge_crossing", "osm_entrance_type": "footway", "osm_barrier_type": null, "osmid": "820264824", "Primary Name_park": "Old Berkeley Golf Course", "Other Names_park": null, "flag_park": "OS", "OS ID_park": "3D6C4C57-AFCE-80C3-E063-8ECAA00A8EB3", "OSM ID_park": null, "id_park": "VALWH_9fcd8380affd", "Merged Count_park": 1, "Total Area (m²)_park": 181078.70563410516, "Other name(s) (OS)_park": null, "Type (OS)_park": "Public Park Or Garden", "Other name(s) (OSM)_park": null, "Type (OSM)_park": null, "Name (OS)_park": "Old Berkeley Golf Course", "Name (OSM)_park": null, "park_offical_id_park": "VALWH_49" }, "geometry": { "type": "Point", "coordinates": [ -1.286356577262566, 51.714470908638866 ] } },
{ "type": "Feature", "properties": { "longitude": -1.2863565772625658, "latitude": 51.714470908638866, "source": "OSMnx_edge_intersection", "entrance_type": "edge_crossing", "osm_entrance_type": "footway", "osm_barrier_type": null, "osmid": "820264824", "Primary Name_park": "Old Berkeley Golf Course", "Other Names_park": null, "flag_park": "OS", "OS ID_park": "3D6C4C57-AFCE-80C3-E063-8ECAA00A8EB3", "OSM ID_park": null, "id_park": "VALWH_9fcd8380affd", "Merged Count_park": 1, "Total Area (m²)_park": 181078.70563410516, "Other name(s) (OS)_park": null, "Type (OS)_park": "Public Park Or Garden", "Other name(s) (OSM)_park": null, "Type (OSM)_park": null, "Name (OS)_park": "Old Berkeley Golf Course", "Name (OSM)_park": null, "park_offical_id_park": "VALWH_49" }, "geometry": { "type": "Point", "coordinates": [ -1.286356577262566, 51.714470908638866 ] } },
{ "type": "Feature", "properties": { "longitude": -1.2886989428341844, "latitude": 51.714872016364659, "source": "OSMnx_edge_intersection", "entrance_type": "edge_crossing", "osm_entrance_type": "footway", "osm_barrier_type": null, "osmid": "800745996", "Primary Name_park": "Old Berkeley Golf Course", "Other Names_park": null, "flag_park": "OS", "OS ID_park": "3D6C4C57-AFCE-80C3-E063-8ECAA00A8EB3", "OSM ID_park": null, "id_park": "VALWH_9fcd8380affd", "Merged Count_park": 1, "Total Area (m²)_park": 181078.70563410516, "Other name(s) (OS)_park": null, "Type (OS)_park": "Public Park Or Garden", "Other name(s) (OSM)_park": null, "Type (OSM)_park": null, "Name (OS)_park": "Old Berkeley Golf Course", "Name (OSM)_park": null, "park_offical_id_park": "VALWH_49" }, "geometry": { "type": "Point", "coordinates": [ -1.288698942834184, 51.714872016364659 ] } },
{ "type": "Feature", "properties": { "longitude": -1.2886989428341844, "latitude": 51.714872016364659, "source": "OSMnx_edge_intersection", "entrance_type": "edge_crossing", "osm_entrance_type": "footway", "osm_barrier_type": null, "osmid": "800745996", "Primary Name_park": "Old Berkeley Golf Course", "Other Names_park": null, "flag_park": "OS", "OS ID_park": "3D6C4C57-AFCE-80C3-E063-8ECAA00A8EB3", "OSM ID_park": null, "id_park": "VALWH_9fcd8380affd", "Merged Count_park": 1, "Total Area (m²)_park": 181078.70563410516, "Other name(s) (OS)_park": null, "Type (OS)_park": "Public Park Or Garden", "Other name(s) (OSM)_park": null, "Type (OSM)_park": null, "Name (OS)_park": "Old Berkeley Golf Course", "Name (OSM)_park": null, "park_offical_id_park": "VALWH_49" }, "geometry": { "type": "Point", "coordinates": [ -1.288698942834184, 51.714872016364659 ] } },
{ "type": "Feature", "properties": { "longitude": -1.2900996339029269, "latitude": 51.715198601746387, "source": "OSMnx_edge_intersection", "entrance_type": "edge_crossing", "osm_entrance_type": "path", "osm_barrier_type": null, "osmid": "930963064", "Primary Name_park": "Old Berkeley Golf Course", "Other Names_park": null, "flag_park": "OS", "OS ID_park": "3D6C4C57-AFCE-80C3-E063-8ECAA00A8EB3", "OSM ID_park": null, "id_park": "VALWH_9fcd8380affd", "Merged Count_park": 1, "Total Area (m²)_park": 181078.70563410516, "Other name(s) (OS)_park": null, "Type (OS)_park": "Public Park Or Garden", "Other name(s) (OSM)_park": null, "Type (OSM)_park": null, "Name (OS)_park": "Old Berkeley Golf Course", "Name (OSM)_park": null, "park_offical_id_park": "VALWH_49" }, "geometry": { "type": "Point", "coordinates": [ -1.290099633902927, 51.715198601746387 ] } },
{ "type": "Feature", "properties": { "longitude": -1.2900996339029269, "latitude": 51.715198601746387, "source": "OSMnx_edge_intersection", "entrance_type": "edge_crossing", "osm_entrance_type": "path", "osm_barrier_type": null, "osmid": "930963064", "Primary Name_park": "Old Berkeley Golf Course", "Other Names_park": null, "flag_park": "OS", "OS ID_park": "3D6C4C57-AFCE-80C3-E063-8ECAA00A8EB3", "OSM ID_park": null, "id_park": "VALWH_9fcd8380affd", "Merged Count_park": 1, "Total Area (m²)_park": 181078.70563410516, "Other name(s) (OS)_park": null, "Type (OS)_park": "Public Park Or Garden", "Other name(s) (OSM)_park": null, "Type (OSM)_park": null, "Name (OS)_park": "Old Berkeley Golf Course", "Name (OSM)_park": null, "park_offical_id_park": "VALWH_49" }, "geometry": { "type": "Point", "coordinates": [ -1.290099633902927, 51.715198601746387 ] } },
{ "type": "Feature", "properties": { "longitude": -1.2826790469202907, "latitude": 51.715504571014286, "source": "OSMnx_edge_intersection", "entrance_type": "edge_crossing", "osm_entrance_type": "footway", "osm_barrier_type": null, "osmid": "792997373", "Primary Name_park": "Old Berkeley Golf Course", "Other Names_park": null, "flag_park": "OS", "OS ID_park": "3D6C4C57-AFCE-80C3-E063-8ECAA00A8EB3", "OSM ID_park": null, "id_park": "VALWH_9fcd8380affd", "Merged Count_park": 1, "Total Area (m²)_park": 181078.70563410516, "Other name(s) (OS)_park": null, "Type (OS)_park": "Public Park Or Garden", "Other name(s) (OSM)_park": null, "Type (OSM)_park": null, "Name (OS)_park": "Old Berkeley Golf Course", "Name (OSM)_park": null, "park_offical_id_park": "VALWH_49" }, "geometry": { "type": "Point", "coordinates": [ -1.282679046920291, 51.715504571014286 ] } },
{ "type": "Feature", "properties": { "longitude": -1.2826790469202907, "latitude": 51.715504571014286, "source": "OSMnx_edge_intersection", "entrance_type": "edge_crossing", "osm_entrance_type": "footway", "osm_barrier_type": null, "osmid": "792997373", "Primary Name_park": "Old Berkeley Golf Course", "Other Names_park": null, "flag_park": "OS", "OS ID_park": "3D6C4C57-AFCE-80C3-E063-8ECAA00A8EB3", "OSM ID_park": null, "id_park": "VALWH_9fcd8380affd", "Merged Count_park": 1, "Total Area (m²)_park": 181078.70563410516, "Other name(s) (OS)_park": null, "Type (OS)_park": "Public Park Or Garden", "Other name(s) (OSM)_park": null, "Type (OSM)_park": null, "Name (OS)_park": "Old Berkeley Golf Course", "Name (OSM)_park": null, "park_offical_id_park": "VALWH_49" }, "geometry": { "type": "Point", "coordinates": [ -1.282679046920291, 51.715504571014286 ] } },
{ "type": "Feature", "properties": { "longitude": -1.2832507998189049, "latitude": 51.716169259806748, "source": "OSMnx_edge_intersection", "entrance_type": "edge_crossing", "osm_entrance_type": "path", "osm_barrier_type": null, "osmid": "800745975", "Primary Name_park": "Old Berkeley Golf Course", "Other Names_park": null, "flag_park": "OS", "OS ID_park": "3D6C4C57-AFCE-80C3-E063-8ECAA00A8EB3", "OSM ID_park": null, "id_park": "VALWH_9fcd8380affd", "Merged Count_park": 1, "Total Area (m²)_park": 181078.70563410516, "Other name(s) (OS)_park": null, "Type (OS)_park": "Public Park Or Garden", "Other name(s) (OSM)_park": null, "Type (OSM)_park": null, "Name (OS)_park": "Old Berkeley Golf Course", "Name (OSM)_park": null, "park_offical_id_park": "VALWH_49" }, "geometry": { "type": "Point", "coordinates": [ -1.283250799818905, 51.716169259806748 ] } },
{ "type": "Feature", "properties": { "longitude": -1.2832556346813278, "latitude": 51.716150353451773, "source": "OSMnx_edge_intersection", "entrance_type": "edge_crossing", "osm_entrance_type": "path", "osm_barrier_type": null, "osmid": "800745975", "Primary Name_park": "Old Berkeley Golf Course", "Other Names_park": null, "flag_park": "OS", "OS ID_park": "3D6C4C57-AFCE-80C3-E063-8ECAA00A8EB3", "OSM ID_park": null, "id_park": "VALWH_9fcd8380affd", "Merged Count_park": 1, "Total Area (m²)_park": 181078.70563410516, "Other name(s) (OS)_park": null, "Type (OS)_park": "Public Park Or Garden", "Other name(s) (OSM)_park": null, "Type (OSM)_park": null, "Name (OS)_park": "Old Berkeley Golf Course", "Name (OSM)_park": null, "park_offical_id_park": "VALWH_49" }, "geometry": { "type": "Point", "coordinates": [ -1.283255634681328, 51.716150353451773 ] } },
{ "type": "Feature", "properties": { "longitude": -1.2827985411997362, "latitude": 51.717937782102887, "source": "OSMnx_edge_intersection", "entrance_type": "edge_crossing", "osm_entrance_type": "path", "osm_barrier_type": null, "osmid": "800745975", "Primary Name_park": "Old Berkeley Golf Course", "Other Names_park": null, "flag_park": "OS", "OS ID_park": "3D6C4C57-AFCE-80C3-E063-8ECAA00A8EB3", "OSM ID_park": null, "id_park": "VALWH_9fcd8380affd", "Merged Count_park": 1, "Total Area (m²)_park": 181078.70563410516, "Other name(s) (OS)_park": null, "Type (OS)_park": "Public Park Or Garden", "Other name(s) (OSM)_park": null, "Type (OSM)_park": null, "Name (OS)_park": "Old Berkeley Golf Course", "Name (OSM)_park": null, "park_offical_id_park": "VALWH_49" }, "geometry": { "type": "Point", "coordinates": [ -1.282798541199736, 51.717937782102887 ] } },
{ "type": "Feature", "properties": { "longitude": -1.2832507998189049, "latitude": 51.716169259806748, "source": "OSMnx_edge_intersection", "entrance_type": "edge_crossing", "osm_entrance_type": "path", "osm_barrier_type": null, "osmid": "800745975", "Primary Name_park": "Old Berkeley Golf Course", "Other Names_park": null, "flag_park": "OS", "OS ID_park": "3D6C4C57-AFCE-80C3-E063-8ECAA00A8EB3", "OSM ID_park": null, "id_park": "VALWH_9fcd8380affd", "Merged Count_park": 1, "Total Area (m²)_park": 181078.70563410516, "Other name(s) (OS)_park": null, "Type (OS)_park": "Public Park Or Garden", "Other name(s) (OSM)_park": null, "Type (OSM)_park": null, "Name (OS)_park": "Old Berkeley Golf Course", "Name (OSM)_park": null, "park_offical_id_park": "VALWH_49" }, "geometry": { "type": "Point", "coordinates": [ -1.283250799818905, 51.716169259806748 ] } },
{ "type": "Feature", "properties": { "longitude": -1.2827985411997362, "latitude": 51.717937782102887, "source": "OSMnx_edge_intersection", "entrance_type": "edge_crossing", "osm_entrance_type": "path", "osm_barrier_type": null, "osmid": "800745975", "Primary Name_park": "Old Berkeley Golf Course", "Other Names_park": null, "flag_park": "OS", "OS ID_park": "3D6C4C57-AFCE-80C3-E063-8ECAA00A8EB3", "OSM ID_park": null, "id_park": "VALWH_9fcd8380affd", "Merged Count_park": 1, "Total Area (m²)_park": 181078.70563410516, "Other name(s) (OS)_park": null, "Type (OS)_park": "Public Park Or Garden", "Other name(s) (OSM)_park": null, "Type (OSM)_park": null, "Name (OS)_park": "Old Berkeley Golf Course", "Name (OSM)_park": null, "park_offical_id_park": "VALWH_49" }, "geometry": { "type": "Point", "coordinates": [ -1.282798541199736, 51.717937782102887 ] } },
{ "type": "Feature", "properties": { "longitude": -1.2832556346813278, "latitude": 51.716150353451773, "source": "OSMnx_edge_intersection", "entrance_type": "edge_crossing", "osm_entrance_type": "path", "osm_barrier_type": null, "osmid": "800745975", "Primary Name_park": "Old Berkeley Golf Course", "Other Names_park": null, "flag_park": "OS", "OS ID_park": "3D6C4C57-AFCE-80C3-E063-8ECAA00A8EB3", "OSM ID_park": null, "id_park": "VALWH_9fcd8380affd", "Merged Count_park": 1, "Total Area (m²)_park": 181078.70563410516, "Other name(s) (OS)_park": null, "Type (OS)_park": "Public Park Or Garden", "Other name(s) (OSM)_park": null, "Type (OSM)_park": null, "Name (OS)_park": "Old Berkeley Golf Course", "Name (OSM)_park": null, "park_offical_id_park": "VALWH_49" }, "geometry": { "type": "Point", "coordinates": [ -1.283255634681328, 51.716150353451773 ] } },
{ "type": "Feature", "properties": { "longitude": -1.2840687073504236, "latitude": 51.717855425635385, "source": "OSMnx_edge_intersection", "entrance_type": "edge_crossing", "osm_entrance_type": "path,bridleway", "osm_barrier_type": null, "osmid": "1041081541,1041081542,625833510,1041081543,1041081545,1041081544,27231993", "Primary Name_park": "Old Berkeley Golf Course", "Other Names_park": null, "flag_park": "OS", "OS ID_park": "3D6C4C57-AFCE-80C3-E063-8ECAA00A8EB3", "OSM ID_park": null, "id_park": "VALWH_9fcd8380affd", "Merged Count_park": 1, "Total Area (m²)_park": 181078.70563410516, "Other name(s) (OS)_park": null, "Type (OS)_park": "Public Park Or Garden", "Other name(s) (OSM)_park": null, "Type (OSM)_park": null, "Name (OS)_park": "Old Berkeley Golf Course", "Name (OSM)_park": null, "park_offical_id_park": "VALWH_49" }, "geometry": { "type": "Point", "coordinates": [ -1.284068707350424, 51.717855425635385 ] } },
{ "type": "Feature", "properties": { "longitude": -1.2840687073504236, "latitude": 51.717855425635385, "source": "OSMnx_edge_intersection", "entrance_type": "edge_crossing", "osm_entrance_type": "path,bridleway", "osm_barrier_type": null, "osmid": "1041081541,1041081542,1041081543,1041081544,1041081545,625833510,27231993", "Primary Name_park": "Old Berkeley Golf Course", "Other Names_park": null, "flag_park": "OS", "OS ID_park": "3D6C4C57-AFCE-80C3-E063-8ECAA00A8EB3", "OSM ID_park": null, "id_park": "VALWH_9fcd8380affd", "Merged Count_park": 1, "Total Area (m²)_park": 181078.70563410516, "Other name(s) (OS)_park": null, "Type (OS)_park": "Public Park Or Garden", "Other name(s) (OSM)_park": null, "Type (OSM)_park": null, "Name (OS)_park": "Old Berkeley Golf Course", "Name (OSM)_park": null, "park_offical_id_park": "VALWH_49" }, "geometry": { "type": "Point", "coordinates": [ -1.284068707350424, 51.717855425635385 ] } },
{ "type": "Feature", "properties": { "longitude": -1.2629910830575604, "latitude": 51.685594433356812, "source": "OSMnx_edge_intersection", "entrance_type": "edge_crossing", "osm_entrance_type": "footway", "osm_barrier_type": null, "osmid": "22542684", "Primary Name_park": null, "Other Names_park": null, "flag_park": "OSM; OS", "OS ID_park": "3D6C4C5A-0595-80C3-E063-8ECAA00A8EB3", "OSM ID_park": "22542707.0", "id_park": "VALWH_336280350882;VALWH_1a693acbfb09", "Merged Count_park": 2, "Total Area (m²)_park": 5466.0617015009711, "Other name(s) (OS)_park": null, "Type (OS)_park": null, "Other name(s) (OSM)_park": null, "Type (OSM)_park": "park", "Name (OS)_park": null, "Name (OSM)_park": null, "park_offical_id_park": "VALWH_51" }, "geometry": { "type": "Point", "coordinates": [ -1.26299108305756, 51.685594433356812 ] } },
{ "type": "Feature", "properties": { "longitude": -1.2629910830575604, "latitude": 51.685594433356812, "source": "OSMnx_edge_intersection", "entrance_type": "edge_crossing", "osm_entrance_type": "footway", "osm_barrier_type": null, "osmid": "22542684", "Primary Name_park": null, "Other Names_park": null, "flag_park": "OSM; OS", "OS ID_park": "3D6C4C5A-0595-80C3-E063-8ECAA00A8EB3", "OSM ID_park": "22542707.0", "id_park": "VALWH_336280350882;VALWH_1a693acbfb09", "Merged Count_park": 2, "Total Area (m²)_park": 5466.0617015009711, "Other name(s) (OS)_park": null, "Type (OS)_park": null, "Other name(s) (OSM)_park": null, "Type (OSM)_park": "park", "Name (OS)_park": null, "Name (OSM)_park": null, "park_offical_id_park": "VALWH_51" }, "geometry": { "type": "Point", "coordinates": [ -1.26299108305756, 51.685594433356812 ] } },
{ "type": "Feature", "properties": { "longitude": -1.2621512821979712, "latitude": 51.68563212462135, "source": "OSMnx_edge_intersection", "entrance_type": "edge_crossing", "osm_entrance_type": "residential,footway", "osm_barrier_type": null, "osmid": "22542696,22468165", "Primary Name_park": null, "Other Names_park": null, "flag_park": "OSM; OS", "OS ID_park": "3D6C4C5A-0595-80C3-E063-8ECAA00A8EB3", "OSM ID_park": "22542707.0", "id_park": "VALWH_336280350882;VALWH_1a693acbfb09", "Merged Count_park": 2, "Total Area (m²)_park": 5466.0617015009711, "Other name(s) (OS)_park": null, "Type (OS)_park": null, "Other name(s) (OSM)_park": null, "Type (OSM)_park": "park", "Name (OS)_park": null, "Name (OSM)_park": null, "park_offical_id_park": "VALWH_51" }, "geometry": { "type": "Point", "coordinates": [ -1.262151282197971, 51.68563212462135 ] } },
{ "type": "Feature", "properties": { "longitude": -1.2621512821979712, "latitude": 51.68563212462135, "source": "OSMnx_edge_intersection", "entrance_type": "edge_crossing", "osm_entrance_type": "footway,residential", "osm_barrier_type": null, "osmid": "22542696,22468165", "Primary Name_park": null, "Other Names_park": null, "flag_park": "OSM; OS", "OS ID_park": "3D6C4C5A-0595-80C3-E063-8ECAA00A8EB3", "OSM ID_park": "22542707.0", "id_park": "VALWH_336280350882;VALWH_1a693acbfb09", "Merged Count_park": 2, "Total Area (m²)_park": 5466.0617015009711, "Other name(s) (OS)_park": null, "Type (OS)_park": null, "Other name(s) (OSM)_park": null, "Type (OSM)_park": "park", "Name (OS)_park": null, "Name (OSM)_park": null, "park_offical_id_park": "VALWH_51" }, "geometry": { "type": "Point", "coordinates": [ -1.262151282197971, 51.68563212462135 ] } },
{ "type": "Feature", "properties": { "longitude": -1.2629012636785788, "latitude": 51.685939347210166, "source": "OSMnx_edge_intersection", "entrance_type": "edge_crossing", "osm_entrance_type": "residential,footway", "osm_barrier_type": null, "osmid": "22468152,22542670", "Primary Name_park": null, "Other Names_park": null, "flag_park": "OSM; OS", "OS ID_park": "3D6C4C5A-0595-80C3-E063-8ECAA00A8EB3", "OSM ID_park": "22542707.0", "id_park": "VALWH_336280350882;VALWH_1a693acbfb09", "Merged Count_park": 2, "Total Area (m²)_park": 5466.0617015009711, "Other name(s) (OS)_park": null, "Type (OS)_park": null, "Other name(s) (OSM)_park": null, "Type (OSM)_park": "park", "Name (OS)_park": null, "Name (OSM)_park": null, "park_offical_id_park": "VALWH_51" }, "geometry": { "type": "Point", "coordinates": [ -1.262901263678579, 51.685939347210166 ] } },
{ "type": "Feature", "properties": { "longitude": -1.2629012636785788, "latitude": 51.685939347210166, "source": "OSMnx_edge_intersection", "entrance_type": "edge_crossing", "osm_entrance_type": "footway,residential", "osm_barrier_type": null, "osmid": "22468152,22542670", "Primary Name_park": null, "Other Names_park": null, "flag_park": "OSM; OS", "OS ID_park": "3D6C4C5A-0595-80C3-E063-8ECAA00A8EB3", "OSM ID_park": "22542707.0", "id_park": "VALWH_336280350882;VALWH_1a693acbfb09", "Merged Count_park": 2, "Total Area (m²)_park": 5466.0617015009711, "Other name(s) (OS)_park": null, "Type (OS)_park": null, "Other name(s) (OSM)_park": null, "Type (OSM)_park": "park", "Name (OS)_park": null, "Name (OSM)_park": null, "park_offical_id_park": "VALWH_51" }, "geometry": { "type": "Point", "coordinates": [ -1.262901263678579, 51.685939347210166 ] } },
{ "type": "Feature", "properties": { "longitude": -1.2620831196192381, "latitude": 51.686369061951304, "source": "OSMnx_edge_intersection", "entrance_type": "edge_crossing", "osm_entrance_type": "footway", "osm_barrier_type": null, "osmid": "22542682", "Primary Name_park": null, "Other Names_park": null, "flag_park": "OSM; OS", "OS ID_park": "3D6C4C5A-0595-80C3-E063-8ECAA00A8EB3", "OSM ID_park": "22542707.0", "id_park": "VALWH_336280350882;VALWH_1a693acbfb09", "Merged Count_park": 2, "Total Area (m²)_park": 5466.0617015009711, "Other name(s) (OS)_park": null, "Type (OS)_park": null, "Other name(s) (OSM)_park": null, "Type (OSM)_park": "park", "Name (OS)_park": null, "Name (OSM)_park": null, "park_offical_id_park": "VALWH_51" }, "geometry": { "type": "Point", "coordinates": [ -1.262083119619238, 51.686369061951304 ] } },
{ "type": "Feature", "properties": { "longitude": -1.2620831196192381, "latitude": 51.686369061951304, "source": "OSMnx_edge_intersection", "entrance_type": "edge_crossing", "osm_entrance_type": "footway", "osm_barrier_type": null, "osmid": "22542682", "Primary Name_park": null, "Other Names_park": null, "flag_park": "OSM; OS", "OS ID_park": "3D6C4C5A-0595-80C3-E063-8ECAA00A8EB3", "OSM ID_park": "22542707.0", "id_park": "VALWH_336280350882;VALWH_1a693acbfb09", "Merged Count_park": 2, "Total Area (m²)_park": 5466.0617015009711, "Other name(s) (OS)_park": null, "Type (OS)_park": null, "Other name(s) (OSM)_park": null, "Type (OSM)_park": "park", "Name (OS)_park": null, "Name (OSM)_park": null, "park_offical_id_park": "VALWH_51" }, "geometry": { "type": "Point", "coordinates": [ -1.262083119619238, 51.686369061951304 ] } },
{ "type": "Feature", "properties": { "longitude": -1.2612405384396987, "latitude": 51.68571098675519, "source": "OSMnx_edge_intersection", "entrance_type": "edge_crossing", "osm_entrance_type": "footway,residential", "osm_barrier_type": null, "osmid": "22468145,22542699", "Primary Name_park": null, "Other Names_park": null, "flag_park": "OSM; OS", "OS ID_park": "3D6C4C5A-0595-80C3-E063-8ECAA00A8EB3", "OSM ID_park": "22542707.0", "id_park": "VALWH_336280350882;VALWH_1a693acbfb09", "Merged Count_park": 2, "Total Area (m²)_park": 5466.0617015009711, "Other name(s) (OS)_park": null, "Type (OS)_park": null, "Other name(s) (OSM)_park": null, "Type (OSM)_park": "park", "Name (OS)_park": null, "Name (OSM)_park": null, "park_offical_id_park": "VALWH_51" }, "geometry": { "type": "Point", "coordinates": [ -1.261240538439699, 51.68571098675519 ] } },
{ "type": "Feature", "properties": { "longitude": -1.2612405384396987, "latitude": 51.68571098675519, "source": "OSMnx_edge_intersection", "entrance_type": "edge_crossing", "osm_entrance_type": "residential,footway", "osm_barrier_type": null, "osmid": "22468145,22542699", "Primary Name_park": null, "Other Names_park": null, "flag_park": "OSM; OS", "OS ID_park": "3D6C4C5A-0595-80C3-E063-8ECAA00A8EB3", "OSM ID_park": "22542707.0", "id_park": "VALWH_336280350882;VALWH_1a693acbfb09", "Merged Count_park": 2, "Total Area (m²)_park": 5466.0617015009711, "Other name(s) (OS)_park": null, "Type (OS)_park": null, "Other name(s) (OSM)_park": null, "Type (OSM)_park": "park", "Name (OS)_park": null, "Name (OSM)_park": null, "park_offical_id_park": "VALWH_51" }, "geometry": { "type": "Point", "coordinates": [ -1.261240538439699, 51.68571098675519 ] } },
{ "type": "Feature", "properties": { "longitude": -1.2608284561118208, "latitude": 51.685732418519528, "source": "OSMnx_edge_intersection", "entrance_type": "edge_crossing", "osm_entrance_type": "footway", "osm_barrier_type": null, "osmid": "22542684", "Primary Name_park": null, "Other Names_park": null, "flag_park": "OSM; OS", "OS ID_park": "3D6C4C5A-0595-80C3-E063-8ECAA00A8EB3", "OSM ID_park": "22542707.0", "id_park": "VALWH_336280350882;VALWH_1a693acbfb09", "Merged Count_park": 2, "Total Area (m²)_park": 5466.0617015009711, "Other name(s) (OS)_park": null, "Type (OS)_park": null, "Other name(s) (OSM)_park": null, "Type (OSM)_park": "park", "Name (OS)_park": null, "Name (OSM)_park": null, "park_offical_id_park": "VALWH_51" }, "geometry": { "type": "Point", "coordinates": [ -1.260828456111821, 51.685732418519528 ] } },
{ "type": "Feature", "properties": { "longitude": -1.2608284561118208, "latitude": 51.685732418519528, "source": "OSMnx_edge_intersection", "entrance_type": "edge_crossing", "osm_entrance_type": "footway", "osm_barrier_type": null, "osmid": "22542684", "Primary Name_park": null, "Other Names_park": null, "flag_park": "OSM; OS", "OS ID_park": "3D6C4C5A-0595-80C3-E063-8ECAA00A8EB3", "OSM ID_park": "22542707.0", "id_park": "VALWH_336280350882;VALWH_1a693acbfb09", "Merged Count_park": 2, "Total Area (m²)_park": 5466.0617015009711, "Other name(s) (OS)_park": null, "Type (OS)_park": null, "Other name(s) (OSM)_park": null, "Type (OSM)_park": "park", "Name (OS)_park": null, "Name (OSM)_park": null, "park_offical_id_park": "VALWH_51" }, "geometry": { "type": "Point", "coordinates": [ -1.260828456111821, 51.685732418519528 ] } },
{ "type": "Feature", "properties": { "longitude": -1.2608524431302159, "latitude": 51.685867897199429, "source": "OSMnx_edge_intersection", "entrance_type": "edge_crossing", "osm_entrance_type": "footway,residential", "osm_barrier_type": null, "osmid": "22468150,22542687", "Primary Name_park": null, "Other Names_park": null, "flag_park": "OSM; OS", "OS ID_park": "3D6C4C5A-0595-80C3-E063-8ECAA00A8EB3", "OSM ID_park": "22542707.0", "id_park": "VALWH_336280350882;VALWH_1a693acbfb09", "Merged Count_park": 2, "Total Area (m²)_park": 5466.0617015009711, "Other name(s) (OS)_park": null, "Type (OS)_park": null, "Other name(s) (OSM)_park": null, "Type (OSM)_park": "park", "Name (OS)_park": null, "Name (OSM)_park": null, "park_offical_id_park": "VALWH_51" }, "geometry": { "type": "Point", "coordinates": [ -1.260852443130216, 51.685867897199429 ] } },
{ "type": "Feature", "properties": { "longitude": -1.2608524431302159, "latitude": 51.685867897199429, "source": "OSMnx_edge_intersection", "entrance_type": "edge_crossing", "osm_entrance_type": "residential,footway", "osm_barrier_type": null, "osmid": "22468150,22542687", "Primary Name_park": null, "Other Names_park": null, "flag_park": "OSM; OS", "OS ID_park": "3D6C4C5A-0595-80C3-E063-8ECAA00A8EB3", "OSM ID_park": "22542707.0", "id_park": "VALWH_336280350882;VALWH_1a693acbfb09", "Merged Count_park": 2, "Total Area (m²)_park": 5466.0617015009711, "Other name(s) (OS)_park": null, "Type (OS)_park": null, "Other name(s) (OSM)_park": null, "Type (OSM)_park": "park", "Name (OS)_park": null, "Name (OSM)_park": null, "park_offical_id_park": "VALWH_51" }, "geometry": { "type": "Point", "coordinates": [ -1.260852443130216, 51.685867897199429 ] } },
{ "type": "Feature", "properties": { "longitude": -1.2915560328258648, "latitude": 51.661588963377113, "source": "OSMnx_edge_intersection", "entrance_type": "edge_crossing", "osm_entrance_type": "footway", "osm_barrier_type": null, "osmid": "1078075951", "Primary Name_park": null, "Other Names_park": null, "flag_park": "OSM; OS", "OS ID_park": "3D6C4C5B-BD2E-80C3-E063-8ECAA00A8EB3", "OSM ID_park": "1078075952.0", "id_park": "VALWH_6bff4bac6e33;VALWH_b8e267a26ea1", "Merged Count_park": 2, "Total Area (m²)_park": 4071.8554399829477, "Other name(s) (OS)_park": null, "Type (OS)_park": null, "Other name(s) (OSM)_park": null, "Type (OSM)_park": "park", "Name (OS)_park": null, "Name (OSM)_park": null, "park_offical_id_park": "VALWH_53" }, "geometry": { "type": "Point", "coordinates": [ -1.291556032825865, 51.661588963377113 ] } },
{ "type": "Feature", "properties": { "longitude": -1.2915560328258648, "latitude": 51.661588963377113, "source": "OSMnx_edge_intersection", "entrance_type": "edge_crossing", "osm_entrance_type": "footway", "osm_barrier_type": null, "osmid": "1078075951", "Primary Name_park": null, "Other Names_park": null, "flag_park": "OSM; OS", "OS ID_park": "3D6C4C5B-BD2E-80C3-E063-8ECAA00A8EB3", "OSM ID_park": "1078075952.0", "id_park": "VALWH_6bff4bac6e33;VALWH_b8e267a26ea1", "Merged Count_park": 2, "Total Area (m²)_park": 4071.8554399829477, "Other name(s) (OS)_park": null, "Type (OS)_park": null, "Other name(s) (OSM)_park": null, "Type (OSM)_park": "park", "Name (OS)_park": null, "Name (OSM)_park": null, "park_offical_id_park": "VALWH_53" }, "geometry": { "type": "Point", "coordinates": [ -1.291556032825865, 51.661588963377113 ] } },
{ "type": "Feature", "properties": { "longitude": -1.292297824841194, "latitude": 51.661598672178428, "source": "OSMnx_edge_intersection", "entrance_type": "edge_crossing", "osm_entrance_type": "footway", "osm_barrier_type": null, "osmid": "1078075949", "Primary Name_park": null, "Other Names_park": null, "flag_park": "OSM; OS", "OS ID_park": "3D6C4C5B-BD2E-80C3-E063-8ECAA00A8EB3", "OSM ID_park": "1078075952.0", "id_park": "VALWH_6bff4bac6e33;VALWH_b8e267a26ea1", "Merged Count_park": 2, "Total Area (m²)_park": 4071.8554399829477, "Other name(s) (OS)_park": null, "Type (OS)_park": null, "Other name(s) (OSM)_park": null, "Type (OSM)_park": "park", "Name (OS)_park": null, "Name (OSM)_park": null, "park_offical_id_park": "VALWH_53" }, "geometry": { "type": "Point", "coordinates": [ -1.292297824841194, 51.661598672178428 ] } },
{ "type": "Feature", "properties": { "longitude": -1.292297824841194, "latitude": 51.661598672178428, "source": "OSMnx_edge_intersection", "entrance_type": "edge_crossing", "osm_entrance_type": "footway", "osm_barrier_type": null, "osmid": "1078075949", "Primary Name_park": null, "Other Names_park": null, "flag_park": "OSM; OS", "OS ID_park": "3D6C4C5B-BD2E-80C3-E063-8ECAA00A8EB3", "OSM ID_park": "1078075952.0", "id_park": "VALWH_6bff4bac6e33;VALWH_b8e267a26ea1", "Merged Count_park": 2, "Total Area (m²)_park": 4071.8554399829477, "Other name(s) (OS)_park": null, "Type (OS)_park": null, "Other name(s) (OSM)_park": null, "Type (OSM)_park": "park", "Name (OS)_park": null, "Name (OSM)_park": null, "park_offical_id_park": "VALWH_53" }, "geometry": { "type": "Point", "coordinates": [ -1.292297824841194, 51.661598672178428 ] } },
{ "type": "Feature", "properties": { "longitude": -1.2909068584006496, "latitude": 51.661942300517808, "source": "OSMnx_edge_intersection", "entrance_type": "edge_crossing", "osm_entrance_type": "footway", "osm_barrier_type": null, "osmid": "1078075949", "Primary Name_park": null, "Other Names_park": null, "flag_park": "OSM; OS", "OS ID_park": "3D6C4C5B-BD2E-80C3-E063-8ECAA00A8EB3", "OSM ID_park": "1078075952.0", "id_park": "VALWH_6bff4bac6e33;VALWH_b8e267a26ea1", "Merged Count_park": 2, "Total Area (m²)_park": 4071.8554399829477, "Other name(s) (OS)_park": null, "Type (OS)_park": null, "Other name(s) (OSM)_park": null, "Type (OSM)_park": "park", "Name (OS)_park": null, "Name (OSM)_park": null, "park_offical_id_park": "VALWH_53" }, "geometry": { "type": "Point", "coordinates": [ -1.29090685840065, 51.661942300517808 ] } },
{ "type": "Feature", "properties": { "longitude": -1.2909068584006496, "latitude": 51.661942300517808, "source": "OSMnx_edge_intersection", "entrance_type": "edge_crossing", "osm_entrance_type": "footway", "osm_barrier_type": null, "osmid": "1078075949", "Primary Name_park": null, "Other Names_park": null, "flag_park": "OSM; OS", "OS ID_park": "3D6C4C5B-BD2E-80C3-E063-8ECAA00A8EB3", "OSM ID_park": "1078075952.0", "id_park": "VALWH_6bff4bac6e33;VALWH_b8e267a26ea1", "Merged Count_park": 2, "Total Area (m²)_park": 4071.8554399829477, "Other name(s) (OS)_park": null, "Type (OS)_park": null, "Other name(s) (OSM)_park": null, "Type (OSM)_park": "park", "Name (OS)_park": null, "Name (OSM)_park": null, "park_offical_id_park": "VALWH_53" }, "geometry": { "type": "Point", "coordinates": [ -1.29090685840065, 51.661942300517808 ] } },
{ "type": "Feature", "properties": { "longitude": -1.2920014402560189, "latitude": 51.751294455014481, "source": "OSMnx_edge_intersection", "entrance_type": "edge_crossing", "osm_entrance_type": "footway", "osm_barrier_type": null, "osmid": "209242164", "Primary Name_park": "North Hinksey Nature Reserve", "Other Names_park": null, "flag_park": "OS", "OS ID_park": "3D6C4C5D-02AD-80C3-E063-8ECAA00A8EB3", "OSM ID_park": null, "id_park": "VALWH_24930dac42aa", "Merged Count_park": 1, "Total Area (m²)_park": 3713.457919730462, "Other name(s) (OS)_park": null, "Type (OS)_park": "Public Park Or Garden", "Other name(s) (OSM)_park": null, "Type (OSM)_park": null, "Name (OS)_park": "North Hinksey Nature Reserve", "Name (OSM)_park": null, "park_offical_id_park": "VALWH_54" }, "geometry": { "type": "Point", "coordinates": [ -1.292001440256019, 51.751294455014481 ] } },
{ "type": "Feature", "properties": { "longitude": -1.2920014402560189, "latitude": 51.751294455014481, "source": "OSMnx_edge_intersection", "entrance_type": "edge_crossing", "osm_entrance_type": "footway", "osm_barrier_type": null, "osmid": "209242164", "Primary Name_park": "North Hinksey Nature Reserve", "Other Names_park": null, "flag_park": "OS", "OS ID_park": "3D6C4C5D-02AD-80C3-E063-8ECAA00A8EB3", "OSM ID_park": null, "id_park": "VALWH_24930dac42aa", "Merged Count_park": 1, "Total Area (m²)_park": 3713.457919730462, "Other name(s) (OS)_park": null, "Type (OS)_park": "Public Park Or Garden", "Other name(s) (OSM)_park": null, "Type (OSM)_park": null, "Name (OS)_park": "North Hinksey Nature Reserve", "Name (OSM)_park": null, "park_offical_id_park": "VALWH_54" }, "geometry": { "type": "Point", "coordinates": [ -1.292001440256019, 51.751294455014481 ] } },
{ "type": "Feature", "properties": { "longitude": -1.2916569114843435, "latitude": 51.751807503877131, "source": "OSMnx_edge_intersection", "entrance_type": "edge_crossing", "osm_entrance_type": "footway", "osm_barrier_type": null, "osmid": "209242162,209242164,1211336917", "Primary Name_park": "North Hinksey Nature Reserve", "Other Names_park": null, "flag_park": "OS", "OS ID_park": "3D6C4C5D-02AD-80C3-E063-8ECAA00A8EB3", "OSM ID_park": null, "id_park": "VALWH_24930dac42aa", "Merged Count_park": 1, "Total Area (m²)_park": 3713.457919730462, "Other name(s) (OS)_park": null, "Type (OS)_park": "Public Park Or Garden", "Other name(s) (OSM)_park": null, "Type (OSM)_park": null, "Name (OS)_park": "North Hinksey Nature Reserve", "Name (OSM)_park": null, "park_offical_id_park": "VALWH_54" }, "geometry": { "type": "Point", "coordinates": [ -1.291656911484343, 51.751807503877131 ] } },
{ "type": "Feature", "properties": { "longitude": -1.2916569114843435, "latitude": 51.751807503877131, "source": "OSMnx_edge_intersection", "entrance_type": "edge_crossing", "osm_entrance_type": "footway", "osm_barrier_type": null, "osmid": "209242162,209242164,1211336917", "Primary Name_park": "North Hinksey Nature Reserve", "Other Names_park": null, "flag_park": "OS", "OS ID_park": "3D6C4C5D-02AD-80C3-E063-8ECAA00A8EB3", "OSM ID_park": null, "id_park": "VALWH_24930dac42aa", "Merged Count_park": 1, "Total Area (m²)_park": 3713.457919730462, "Other name(s) (OS)_park": null, "Type (OS)_park": "Public Park Or Garden", "Other name(s) (OSM)_park": null, "Type (OSM)_park": null, "Name (OS)_park": "North Hinksey Nature Reserve", "Name (OSM)_park": null, "park_offical_id_park": "VALWH_54" }, "geometry": { "type": "Point", "coordinates": [ -1.291656911484343, 51.751807503877131 ] } },
{ "type": "Feature", "properties": { "longitude": -1.3206229105071845, "latitude": 51.706626991510809, "source": "OSMnx_edge_intersection", "entrance_type": "edge_crossing", "osm_entrance_type": "path", "osm_barrier_type": null, "osmid": "153521804", "Primary Name_park": null, "Other Names_park": null, "flag_park": "OSM", "OS ID_park": null, "OSM ID_park": "20175534.0", "id_park": "VALWH_5ac375918032", "Merged Count_park": 1, "Total Area (m²)_park": 19197.495394282785, "Other name(s) (OS)_park": null, "Type (OS)_park": null, "Other name(s) (OSM)_park": null, "Type (OSM)_park": "park", "Name (OS)_park": null, "Name (OSM)_park": null, "park_offical_id_park": "VALWH_65" }, "geometry": { "type": "Point", "coordinates": [ -1.320622910507184, 51.706626991510809 ] } },
{ "type": "Feature", "properties": { "longitude": -1.3206229105071845, "latitude": 51.706626991510809, "source": "OSMnx_edge_intersection", "entrance_type": "edge_crossing", "osm_entrance_type": "path", "osm_barrier_type": null, "osmid": "153521804", "Primary Name_park": null, "Other Names_park": null, "flag_park": "OSM", "OS ID_park": null, "OSM ID_park": "20175534.0", "id_park": "VALWH_5ac375918032", "Merged Count_park": 1, "Total Area (m²)_park": 19197.495394282785, "Other name(s) (OS)_park": null, "Type (OS)_park": null, "Other name(s) (OSM)_park": null, "Type (OSM)_park": "park", "Name (OS)_park": null, "Name (OSM)_park": null, "park_offical_id_park": "VALWH_65" }, "geometry": { "type": "Point", "coordinates": [ -1.320622910507184, 51.706626991510809 ] } },
{ "type": "Feature", "properties": { "longitude": -1.2606545072268294, "latitude": 51.683110339039807, "source": "OSMnx_edge_intersection", "entrance_type": "edge_crossing", "osm_entrance_type": "footway,residential", "osm_barrier_type": null, "osmid": "1219888533,22468191", "Primary Name_park": null, "Other Names_park": null, "flag_park": "OSM", "OS ID_park": null, "OSM ID_park": "22542703.0", "id_park": "VALWH_b905ee1002a1", "Merged Count_park": 1, "Total Area (m²)_park": 1472.7110794028606, "Other name(s) (OS)_park": null, "Type (OS)_park": null, "Other name(s) (OSM)_park": null, "Type (OSM)_park": "park", "Name (OS)_park": null, "Name (OSM)_park": null, "park_offical_id_park": "VALWH_66" }, "geometry": { "type": "Point", "coordinates": [ -1.260654507226829, 51.683110339039807 ] } },
{ "type": "Feature", "properties": { "longitude": -1.2606545072268294, "latitude": 51.683110339039807, "source": "OSMnx_edge_intersection", "entrance_type": "edge_crossing", "osm_entrance_type": "residential,footway", "osm_barrier_type": null, "osmid": "1219888533,22468191", "Primary Name_park": null, "Other Names_park": null, "flag_park": "OSM", "OS ID_park": null, "OSM ID_park": "22542703.0", "id_park": "VALWH_b905ee1002a1", "Merged Count_park": 1, "Total Area (m²)_park": 1472.7110794028606, "Other name(s) (OS)_park": null, "Type (OS)_park": null, "Other name(s) (OSM)_park": null, "Type (OSM)_park": "park", "Name (OS)_park": null, "Name (OSM)_park": null, "park_offical_id_park": "VALWH_66" }, "geometry": { "type": "Point", "coordinates": [ -1.260654507226829, 51.683110339039807 ] } },
{ "type": "Feature", "properties": { "longitude": -1.2600510352200749, "latitude": 51.683123459544504, "source": "OSMnx_edge_intersection", "entrance_type": "edge_crossing", "osm_entrance_type": "footway", "osm_barrier_type": null, "osmid": "107537349", "Primary Name_park": null, "Other Names_park": null, "flag_park": "OSM", "OS ID_park": null, "OSM ID_park": "22542703.0", "id_park": "VALWH_b905ee1002a1", "Merged Count_park": 1, "Total Area (m²)_park": 1472.7110794028606, "Other name(s) (OS)_park": null, "Type (OS)_park": null, "Other name(s) (OSM)_park": null, "Type (OSM)_park": "park", "Name (OS)_park": null, "Name (OSM)_park": null, "park_offical_id_park": "VALWH_66" }, "geometry": { "type": "Point", "coordinates": [ -1.260051035220075, 51.683123459544504 ] } },
{ "type": "Feature", "properties": { "longitude": -1.2600510352200749, "latitude": 51.683123459544504, "source": "OSMnx_edge_intersection", "entrance_type": "edge_crossing", "osm_entrance_type": "footway", "osm_barrier_type": null, "osmid": "107537349", "Primary Name_park": null, "Other Names_park": null, "flag_park": "OSM", "OS ID_park": null, "OSM ID_park": "22542703.0", "id_park": "VALWH_b905ee1002a1", "Merged Count_park": 1, "Total Area (m²)_park": 1472.7110794028606, "Other name(s) (OS)_park": null, "Type (OS)_park": null, "Other name(s) (OSM)_park": null, "Type (OSM)_park": "park", "Name (OS)_park": null, "Name (OSM)_park": null, "park_offical_id_park": "VALWH_66" }, "geometry": { "type": "Point", "coordinates": [ -1.260051035220075, 51.683123459544504 ] } },
{ "type": "Feature", "properties": { "longitude": -1.2936350861235082, "latitude": 51.565702021315218, "source": "OSMnx_edge_intersection", "entrance_type": "edge_crossing", "osm_entrance_type": "footway", "osm_barrier_type": null, "osmid": "134279378", "Primary Name_park": null, "Other Names_park": null, "flag_park": "OSM", "OS ID_park": null, "OSM ID_park": "24746197.0", "id_park": "VALWH_74d31786aaa0", "Merged Count_park": 1, "Total Area (m²)_park": 2747.0975138314407, "Other name(s) (OS)_park": null, "Type (OS)_park": null, "Other name(s) (OSM)_park": null, "Type (OSM)_park": "park", "Name (OS)_park": null, "Name (OSM)_park": null, "park_offical_id_park": "VALWH_71" }, "geometry": { "type": "Point", "coordinates": [ -1.293635086123508, 51.565702021315218 ] } },
{ "type": "Feature", "properties": { "longitude": -1.2936350861235082, "latitude": 51.565702021315218, "source": "OSMnx_edge_intersection", "entrance_type": "edge_crossing", "osm_entrance_type": "footway", "osm_barrier_type": null, "osmid": "134279378", "Primary Name_park": null, "Other Names_park": null, "flag_park": "OSM", "OS ID_park": null, "OSM ID_park": "24746197.0", "id_park": "VALWH_74d31786aaa0", "Merged Count_park": 1, "Total Area (m²)_park": 2747.0975138314407, "Other name(s) (OS)_park": null, "Type (OS)_park": null, "Other name(s) (OSM)_park": null, "Type (OSM)_park": "park", "Name (OS)_park": null, "Name (OSM)_park": null, "park_offical_id_park": "VALWH_71" }, "geometry": { "type": "Point", "coordinates": [ -1.293635086123508, 51.565702021315218 ] } },
{ "type": "Feature", "properties": { "longitude": -1.2938825195503416, "latitude": 51.565942566677826, "source": "OSMnx_edge_intersection", "entrance_type": "edge_crossing", "osm_entrance_type": "footway", "osm_barrier_type": null, "osmid": "24746205", "Primary Name_park": null, "Other Names_park": null, "flag_park": "OSM", "OS ID_park": null, "OSM ID_park": "24746197.0", "id_park": "VALWH_74d31786aaa0", "Merged Count_park": 1, "Total Area (m²)_park": 2747.0975138314407, "Other name(s) (OS)_park": null, "Type (OS)_park": null, "Other name(s) (OSM)_park": null, "Type (OSM)_park": "park", "Name (OS)_park": null, "Name (OSM)_park": null, "park_offical_id_park": "VALWH_71" }, "geometry": { "type": "Point", "coordinates": [ -1.293882519550342, 51.565942566677826 ] } },
{ "type": "Feature", "properties": { "longitude": -1.2938825195503416, "latitude": 51.565942566677826, "source": "OSMnx_edge_intersection", "entrance_type": "edge_crossing", "osm_entrance_type": "footway", "osm_barrier_type": null, "osmid": "24746205", "Primary Name_park": null, "Other Names_park": null, "flag_park": "OSM", "OS ID_park": null, "OSM ID_park": "24746197.0", "id_park": "VALWH_74d31786aaa0", "Merged Count_park": 1, "Total Area (m²)_park": 2747.0975138314407, "Other name(s) (OS)_park": null, "Type (OS)_park": null, "Other name(s) (OSM)_park": null, "Type (OSM)_park": "park", "Name (OS)_park": null, "Name (OSM)_park": null, "park_offical_id_park": "VALWH_71" }, "geometry": { "type": "Point", "coordinates": [ -1.293882519550342, 51.565942566677826 ] } },
{ "type": "Feature", "properties": { "longitude": -1.2937235856298412, "latitude": 51.566005151156247, "source": "OSMnx_edge_intersection", "entrance_type": "edge_crossing", "osm_entrance_type": "footway", "osm_barrier_type": null, "osmid": "134279374", "Primary Name_park": null, "Other Names_park": null, "flag_park": "OSM", "OS ID_park": null, "OSM ID_park": "24746197.0", "id_park": "VALWH_74d31786aaa0", "Merged Count_park": 1, "Total Area (m²)_park": 2747.0975138314407, "Other name(s) (OS)_park": null, "Type (OS)_park": null, "Other name(s) (OSM)_park": null, "Type (OSM)_park": "park", "Name (OS)_park": null, "Name (OSM)_park": null, "park_offical_id_park": "VALWH_71" }, "geometry": { "type": "Point", "coordinates": [ -1.293723585629841, 51.566005151156247 ] } },
{ "type": "Feature", "properties": { "longitude": -1.2937235856298412, "latitude": 51.566005151156247, "source": "OSMnx_edge_intersection", "entrance_type": "edge_crossing", "osm_entrance_type": "footway", "osm_barrier_type": null, "osmid": "134279374", "Primary Name_park": null, "Other Names_park": null, "flag_park": "OSM", "OS ID_park": null, "OSM ID_park": "24746197.0", "id_park": "VALWH_74d31786aaa0", "Merged Count_park": 1, "Total Area (m²)_park": 2747.0975138314407, "Other name(s) (OS)_park": null, "Type (OS)_park": null, "Other name(s) (OSM)_park": null, "Type (OSM)_park": "park", "Name (OS)_park": null, "Name (OSM)_park": null, "park_offical_id_park": "VALWH_71" }, "geometry": { "type": "Point", "coordinates": [ -1.293723585629841, 51.566005151156247 ] } },
{ "type": "Feature", "properties": { "longitude": -1.2936616870761801, "latitude": 51.566026001195375, "source": "OSMnx_edge_intersection", "entrance_type": "edge_crossing", "osm_entrance_type": "residential,footway", "osm_barrier_type": null, "osmid": "24746049,24746205", "Primary Name_park": null, "Other Names_park": null, "flag_park": "OSM", "OS ID_park": null, "OSM ID_park": "24746197.0", "id_park": "VALWH_74d31786aaa0", "Merged Count_park": 1, "Total Area (m²)_park": 2747.0975138314407, "Other name(s) (OS)_park": null, "Type (OS)_park": null, "Other name(s) (OSM)_park": null, "Type (OSM)_park": "park", "Name (OS)_park": null, "Name (OSM)_park": null, "park_offical_id_park": "VALWH_71" }, "geometry": { "type": "Point", "coordinates": [ -1.29366168707618, 51.566026001195375 ] } },
{ "type": "Feature", "properties": { "longitude": -1.2936616870761801, "latitude": 51.566026001195375, "source": "OSMnx_edge_intersection", "entrance_type": "edge_crossing", "osm_entrance_type": "footway,residential", "osm_barrier_type": null, "osmid": "24746049,24746205", "Primary Name_park": null, "Other Names_park": null, "flag_park": "OSM", "OS ID_park": null, "OSM ID_park": "24746197.0", "id_park": "VALWH_74d31786aaa0", "Merged Count_park": 1, "Total Area (m²)_park": 2747.0975138314407, "Other name(s) (OS)_park": null, "Type (OS)_park": null, "Other name(s) (OSM)_park": null, "Type (OSM)_park": "park", "Name (OS)_park": null, "Name (OSM)_park": null, "park_offical_id_park": "VALWH_71" }, "geometry": { "type": "Point", "coordinates": [ -1.29366168707618, 51.566026001195375 ] } },
{ "type": "Feature", "properties": { "longitude": -1.268219, "latitude": 51.6809799, "source": "OSMnx_edge_intersection", "entrance_type": "edge_crossing", "osm_entrance_type": "footway", "osm_barrier_type": null, "osmid": "4211501", "Primary Name_park": "Chilton Park", "Other Names_park": null, "flag_park": "OSM", "OS ID_park": null, "OSM ID_park": "25371105.0", "id_park": "VALWH_9459e3d85f82", "Merged Count_park": 1, "Total Area (m²)_park": 5438.5934398316076, "Other name(s) (OS)_park": null, "Type (OS)_park": null, "Other name(s) (OSM)_park": null, "Type (OSM)_park": "park", "Name (OS)_park": null, "Name (OSM)_park": "Chilton Park", "park_offical_id_park": "VALWH_73" }, "geometry": { "type": "Point", "coordinates": [ -1.268219, 51.6809799 ] } },
{ "type": "Feature", "properties": { "longitude": -1.268219, "latitude": 51.6809799, "source": "OSMnx_edge_intersection", "entrance_type": "edge_crossing", "osm_entrance_type": "footway", "osm_barrier_type": null, "osmid": "4211501", "Primary Name_park": "Chilton Park", "Other Names_park": null, "flag_park": "OSM", "OS ID_park": null, "OSM ID_park": "25371105.0", "id_park": "VALWH_9459e3d85f82", "Merged Count_park": 1, "Total Area (m²)_park": 5438.5934398316076, "Other name(s) (OS)_park": null, "Type (OS)_park": null, "Other name(s) (OSM)_park": null, "Type (OSM)_park": "park", "Name (OS)_park": null, "Name (OSM)_park": "Chilton Park", "park_offical_id_park": "VALWH_73" }, "geometry": { "type": "Point", "coordinates": [ -1.268219, 51.6809799 ] } },
{ "type": "Feature", "properties": { "longitude": -1.2672738, "latitude": 51.6810404, "source": "OSMnx_edge_intersection", "entrance_type": "edge_crossing", "osm_entrance_type": "footway", "osm_barrier_type": null, "osmid": "25371106", "Primary Name_park": "Chilton Park", "Other Names_park": null, "flag_park": "OSM", "OS ID_park": null, "OSM ID_park": "25371105.0", "id_park": "VALWH_9459e3d85f82", "Merged Count_park": 1, "Total Area (m²)_park": 5438.5934398316076, "Other name(s) (OS)_park": null, "Type (OS)_park": null, "Other name(s) (OSM)_park": null, "Type (OSM)_park": "park", "Name (OS)_park": null, "Name (OSM)_park": "Chilton Park", "park_offical_id_park": "VALWH_73" }, "geometry": { "type": "Point", "coordinates": [ -1.2672738, 51.681040399999979 ] } },
{ "type": "Feature", "properties": { "longitude": -1.2672738, "latitude": 51.6810404, "source": "OSMnx_edge_intersection", "entrance_type": "edge_crossing", "osm_entrance_type": "footway", "osm_barrier_type": null, "osmid": "25371106", "Primary Name_park": "Chilton Park", "Other Names_park": null, "flag_park": "OSM", "OS ID_park": null, "OSM ID_park": "25371105.0", "id_park": "VALWH_9459e3d85f82", "Merged Count_park": 1, "Total Area (m²)_park": 5438.5934398316076, "Other name(s) (OS)_park": null, "Type (OS)_park": null, "Other name(s) (OSM)_park": null, "Type (OSM)_park": "park", "Name (OS)_park": null, "Name (OSM)_park": "Chilton Park", "park_offical_id_park": "VALWH_73" }, "geometry": { "type": "Point", "coordinates": [ -1.2672738, 51.681040399999979 ] } },
{ "type": "Feature", "properties": { "longitude": -1.2672884, "latitude": 51.6807284, "source": "OSMnx_edge_intersection", "entrance_type": "edge_crossing", "osm_entrance_type": "residential,footway", "osm_barrier_type": null, "osmid": "4211501,4211502", "Primary Name_park": "Chilton Park", "Other Names_park": null, "flag_park": "OSM", "OS ID_park": null, "OSM ID_park": "25371105.0", "id_park": "VALWH_9459e3d85f82", "Merged Count_park": 1, "Total Area (m²)_park": 5438.5934398316076, "Other name(s) (OS)_park": null, "Type (OS)_park": null, "Other name(s) (OSM)_park": null, "Type (OSM)_park": "park", "Name (OS)_park": null, "Name (OSM)_park": "Chilton Park", "park_offical_id_park": "VALWH_73" }, "geometry": { "type": "Point", "coordinates": [ -1.267288399999984, 51.6807284 ] } },
{ "type": "Feature", "properties": { "longitude": -1.2672884, "latitude": 51.6807284, "source": "OSMnx_edge_intersection", "entrance_type": "edge_crossing", "osm_entrance_type": "footway,residential", "osm_barrier_type": null, "osmid": "4211501,4211502", "Primary Name_park": "Chilton Park", "Other Names_park": null, "flag_park": "OSM", "OS ID_park": null, "OSM ID_park": "25371105.0", "id_park": "VALWH_9459e3d85f82", "Merged Count_park": 1, "Total Area (m²)_park": 5438.5934398316076, "Other name(s) (OS)_park": null, "Type (OS)_park": null, "Other name(s) (OSM)_park": null, "Type (OSM)_park": "park", "Name (OS)_park": null, "Name (OSM)_park": "Chilton Park", "park_offical_id_park": "VALWH_73" }, "geometry": { "type": "Point", "coordinates": [ -1.267288399999984, 51.6807284 ] } },
{ "type": "Feature", "properties": { "longitude": -1.2881773257158304, "latitude": 51.741826196641036, "source": "OSMnx_edge_intersection", "entrance_type": "edge_crossing", "osm_entrance_type": "service,footway", "osm_barrier_type": null, "osmid": "27680344,27680345", "Primary Name_park": "Raleigh Park", "Other Names_park": null, "flag_park": "OSM", "OS ID_park": null, "OSM ID_park": "38742151.0", "id_park": "VALWH_0e46aba7eed2", "Merged Count_park": 1, "Total Area (m²)_park": 113947.55015436112, "Other name(s) (OS)_park": null, "Type (OS)_park": null, "Other name(s) (OSM)_park": null, "Type (OSM)_park": "park", "Name (OS)_park": null, "Name (OSM)_park": "Raleigh Park", "park_offical_id_park": "VALWH_74" }, "geometry": { "type": "Point", "coordinates": [ -1.28817732571583, 51.741826196641036 ] } },
{ "type": "Feature", "properties": { "longitude": -1.2881773257158304, "latitude": 51.741826196641036, "source": "OSMnx_edge_intersection", "entrance_type": "edge_crossing", "osm_entrance_type": "service,footway", "osm_barrier_type": null, "osmid": "27680344,27680345", "Primary Name_park": "Raleigh Park", "Other Names_park": null, "flag_park": "OSM", "OS ID_park": null, "OSM ID_park": "38742151.0", "id_park": "VALWH_0e46aba7eed2", "Merged Count_park": 1, "Total Area (m²)_park": 113947.55015436112, "Other name(s) (OS)_park": null, "Type (OS)_park": null, "Other name(s) (OSM)_park": null, "Type (OSM)_park": "park", "Name (OS)_park": null, "Name (OSM)_park": "Raleigh Park", "park_offical_id_park": "VALWH_74" }, "geometry": { "type": "Point", "coordinates": [ -1.28817732571583, 51.741826196641036 ] } },
{ "type": "Feature", "properties": { "longitude": -1.2877023140758532, "latitude": 51.74213588104773, "source": "OSMnx_edge_intersection", "entrance_type": "edge_crossing", "osm_entrance_type": "footway", "osm_barrier_type": null, "osmid": "1213677548", "Primary Name_park": "Raleigh Park", "Other Names_park": null, "flag_park": "OSM", "OS ID_park": null, "OSM ID_park": "38742151.0", "id_park": "VALWH_0e46aba7eed2", "Merged Count_park": 1, "Total Area (m²)_park": 113947.55015436112, "Other name(s) (OS)_park": null, "Type (OS)_park": null, "Other name(s) (OSM)_park": null, "Type (OSM)_park": "park", "Name (OS)_park": null, "Name (OSM)_park": "Raleigh Park", "park_offical_id_park": "VALWH_74" }, "geometry": { "type": "Point", "coordinates": [ -1.287702314075853, 51.74213588104773 ] } },
{ "type": "Feature", "properties": { "longitude": -1.2877023140758532, "latitude": 51.74213588104773, "source": "OSMnx_edge_intersection", "entrance_type": "edge_crossing", "osm_entrance_type": "footway", "osm_barrier_type": null, "osmid": "1213677548", "Primary Name_park": "Raleigh Park", "Other Names_park": null, "flag_park": "OSM", "OS ID_park": null, "OSM ID_park": "38742151.0", "id_park": "VALWH_0e46aba7eed2", "Merged Count_park": 1, "Total Area (m²)_park": 113947.55015436112, "Other name(s) (OS)_park": null, "Type (OS)_park": null, "Other name(s) (OSM)_park": null, "Type (OSM)_park": "park", "Name (OS)_park": null, "Name (OSM)_park": "Raleigh Park", "park_offical_id_park": "VALWH_74" }, "geometry": { "type": "Point", "coordinates": [ -1.287702314075853, 51.74213588104773 ] } },
{ "type": "Feature", "properties": { "longitude": -1.2914100026131072, "latitude": 51.743907811822105, "source": "OSMnx_edge_intersection", "entrance_type": "edge_crossing", "osm_entrance_type": "bridleway", "osm_barrier_type": null, "osmid": "30618369", "Primary Name_park": "Raleigh Park", "Other Names_park": null, "flag_park": "OSM", "OS ID_park": null, "OSM ID_park": "38742151.0", "id_park": "VALWH_0e46aba7eed2", "Merged Count_park": 1, "Total Area (m²)_park": 113947.55015436112, "Other name(s) (OS)_park": null, "Type (OS)_park": null, "Other name(s) (OSM)_park": null, "Type (OSM)_park": "park", "Name (OS)_park": null, "Name (OSM)_park": "Raleigh Park", "park_offical_id_park": "VALWH_74" }, "geometry": { "type": "Point", "coordinates": [ -1.291410002613107, 51.743907811822105 ] } },
{ "type": "Feature", "properties": { "longitude": -1.2913549813388197, "latitude": 51.743914137128165, "source": "OSMnx_edge_intersection", "entrance_type": "edge_crossing", "osm_entrance_type": "bridleway", "osm_barrier_type": null, "osmid": "30618369", "Primary Name_park": "Raleigh Park", "Other Names_park": null, "flag_park": "OSM", "OS ID_park": null, "OSM ID_park": "38742151.0", "id_park": "VALWH_0e46aba7eed2", "Merged Count_park": 1, "Total Area (m²)_park": 113947.55015436112, "Other name(s) (OS)_park": null, "Type (OS)_park": null, "Other name(s) (OSM)_park": null, "Type (OSM)_park": "park", "Name (OS)_park": null, "Name (OSM)_park": "Raleigh Park", "park_offical_id_park": "VALWH_74" }, "geometry": { "type": "Point", "coordinates": [ -1.29135498133882, 51.743914137128165 ] } },
{ "type": "Feature", "properties": { "longitude": -1.2921508570338018, "latitude": 51.743822642385048, "source": "OSMnx_edge_intersection", "entrance_type": "edge_crossing", "osm_entrance_type": "bridleway", "osm_barrier_type": null, "osmid": "30618369", "Primary Name_park": "Raleigh Park", "Other Names_park": null, "flag_park": "OSM", "OS ID_park": null, "OSM ID_park": "38742151.0", "id_park": "VALWH_0e46aba7eed2", "Merged Count_park": 1, "Total Area (m²)_park": 113947.55015436112, "Other name(s) (OS)_park": null, "Type (OS)_park": null, "Other name(s) (OSM)_park": null, "Type (OSM)_park": "park", "Name (OS)_park": null, "Name (OSM)_park": "Raleigh Park", "park_offical_id_park": "VALWH_74" }, "geometry": { "type": "Point", "coordinates": [ -1.292150857033802, 51.743822642385048 ] } },
{ "type": "Feature", "properties": { "longitude": -1.2913549813388197, "latitude": 51.743914137128165, "source": "OSMnx_edge_intersection", "entrance_type": "edge_crossing", "osm_entrance_type": "bridleway", "osm_barrier_type": null, "osmid": "30618369", "Primary Name_park": "Raleigh Park", "Other Names_park": null, "flag_park": "OSM", "OS ID_park": null, "OSM ID_park": "38742151.0", "id_park": "VALWH_0e46aba7eed2", "Merged Count_park": 1, "Total Area (m²)_park": 113947.55015436112, "Other name(s) (OS)_park": null, "Type (OS)_park": null, "Other name(s) (OSM)_park": null, "Type (OSM)_park": "park", "Name (OS)_park": null, "Name (OSM)_park": "Raleigh Park", "park_offical_id_park": "VALWH_74" }, "geometry": { "type": "Point", "coordinates": [ -1.29135498133882, 51.743914137128165 ] } },
{ "type": "Feature", "properties": { "longitude": -1.2914100026131072, "latitude": 51.743907811822105, "source": "OSMnx_edge_intersection", "entrance_type": "edge_crossing", "osm_entrance_type": "bridleway", "osm_barrier_type": null, "osmid": "30618369", "Primary Name_park": "Raleigh Park", "Other Names_park": null, "flag_park": "OSM", "OS ID_park": null, "OSM ID_park": "38742151.0", "id_park": "VALWH_0e46aba7eed2", "Merged Count_park": 1, "Total Area (m²)_park": 113947.55015436112, "Other name(s) (OS)_park": null, "Type (OS)_park": null, "Other name(s) (OSM)_park": null, "Type (OSM)_park": "park", "Name (OS)_park": null, "Name (OSM)_park": "Raleigh Park", "park_offical_id_park": "VALWH_74" }, "geometry": { "type": "Point", "coordinates": [ -1.291410002613107, 51.743907811822105 ] } },
{ "type": "Feature", "properties": { "longitude": -1.2921508570338018, "latitude": 51.743822642385048, "source": "OSMnx_edge_intersection", "entrance_type": "edge_crossing", "osm_entrance_type": "bridleway", "osm_barrier_type": null, "osmid": "30618369", "Primary Name_park": "Raleigh Park", "Other Names_park": null, "flag_park": "OSM", "OS ID_park": null, "OSM ID_park": "38742151.0", "id_park": "VALWH_0e46aba7eed2", "Merged Count_park": 1, "Total Area (m²)_park": 113947.55015436112, "Other name(s) (OS)_park": null, "Type (OS)_park": null, "Other name(s) (OSM)_park": null, "Type (OSM)_park": "park", "Name (OS)_park": null, "Name (OSM)_park": "Raleigh Park", "park_offical_id_park": "VALWH_74" }, "geometry": { "type": "Point", "coordinates": [ -1.292150857033802, 51.743822642385048 ] } },
{ "type": "Feature", "properties": { "longitude": -1.289987, "latitude": 51.7445636, "source": "OSMnx_edge_intersection", "entrance_type": "edge_crossing", "osm_entrance_type": "footway", "osm_barrier_type": null, "osmid": "33612113", "Primary Name_park": "Raleigh Park", "Other Names_park": null, "flag_park": "OSM", "OS ID_park": null, "OSM ID_park": "38742151.0", "id_park": "VALWH_0e46aba7eed2", "Merged Count_park": 1, "Total Area (m²)_park": 113947.55015436112, "Other name(s) (OS)_park": null, "Type (OS)_park": null, "Other name(s) (OSM)_park": null, "Type (OSM)_park": "park", "Name (OS)_park": null, "Name (OSM)_park": "Raleigh Park", "park_offical_id_park": "VALWH_74" }, "geometry": { "type": "Point", "coordinates": [ -1.289987, 51.744563599999971 ] } },
{ "type": "Feature", "properties": { "longitude": -1.289987, "latitude": 51.7445636, "source": "OSMnx_edge_intersection", "entrance_type": "edge_crossing", "osm_entrance_type": "footway", "osm_barrier_type": null, "osmid": "33612113", "Primary Name_park": "Raleigh Park", "Other Names_park": null, "flag_park": "OSM", "OS ID_park": null, "OSM ID_park": "38742151.0", "id_park": "VALWH_0e46aba7eed2", "Merged Count_park": 1, "Total Area (m²)_park": 113947.55015436112, "Other name(s) (OS)_park": null, "Type (OS)_park": null, "Other name(s) (OSM)_park": null, "Type (OSM)_park": "park", "Name (OS)_park": null, "Name (OSM)_park": "Raleigh Park", "park_offical_id_park": "VALWH_74" }, "geometry": { "type": "Point", "coordinates": [ -1.289987, 51.744563599999971 ] } },
{ "type": "Feature", "properties": { "longitude": -1.289987, "latitude": 51.7445636, "source": "OSMnx_edge_intersection", "entrance_type": "edge_crossing", "osm_entrance_type": "footway", "osm_barrier_type": null, "osmid": "27680343", "Primary Name_park": "Raleigh Park", "Other Names_park": null, "flag_park": "OSM", "OS ID_park": null, "OSM ID_park": "38742151.0", "id_park": "VALWH_0e46aba7eed2", "Merged Count_park": 1, "Total Area (m²)_park": 113947.55015436112, "Other name(s) (OS)_park": null, "Type (OS)_park": null, "Other name(s) (OSM)_park": null, "Type (OSM)_park": "park", "Name (OS)_park": null, "Name (OSM)_park": "Raleigh Park", "park_offical_id_park": "VALWH_74" }, "geometry": { "type": "Point", "coordinates": [ -1.289987, 51.744563599999985 ] } },
{ "type": "Feature", "properties": { "longitude": -1.289987, "latitude": 51.7445636, "source": "OSMnx_edge_intersection", "entrance_type": "edge_crossing", "osm_entrance_type": "footway", "osm_barrier_type": null, "osmid": "27680343", "Primary Name_park": "Raleigh Park", "Other Names_park": null, "flag_park": "OSM", "OS ID_park": null, "OSM ID_park": "38742151.0", "id_park": "VALWH_0e46aba7eed2", "Merged Count_park": 1, "Total Area (m²)_park": 113947.55015436112, "Other name(s) (OS)_park": null, "Type (OS)_park": null, "Other name(s) (OSM)_park": null, "Type (OSM)_park": "park", "Name (OS)_park": null, "Name (OSM)_park": "Raleigh Park", "park_offical_id_park": "VALWH_74" }, "geometry": { "type": "Point", "coordinates": [ -1.289987, 51.744563599999985 ] } },
{ "type": "Feature", "properties": { "longitude": -1.2878064523128669, "latitude": 51.745377234981312, "source": "OSMnx_edge_intersection", "entrance_type": "edge_crossing", "osm_entrance_type": "footway", "osm_barrier_type": null, "osmid": "30979387", "Primary Name_park": "Raleigh Park", "Other Names_park": null, "flag_park": "OSM", "OS ID_park": null, "OSM ID_park": "38742151.0", "id_park": "VALWH_0e46aba7eed2", "Merged Count_park": 1, "Total Area (m²)_park": 113947.55015436112, "Other name(s) (OS)_park": null, "Type (OS)_park": null, "Other name(s) (OSM)_park": null, "Type (OSM)_park": "park", "Name (OS)_park": null, "Name (OSM)_park": "Raleigh Park", "park_offical_id_park": "VALWH_74" }, "geometry": { "type": "Point", "coordinates": [ -1.287806452312867, 51.745377234981312 ] } },
{ "type": "Feature", "properties": { "longitude": -1.2878064523128669, "latitude": 51.745377234981312, "source": "OSMnx_edge_intersection", "entrance_type": "edge_crossing", "osm_entrance_type": "footway", "osm_barrier_type": null, "osmid": "30979387", "Primary Name_park": "Raleigh Park", "Other Names_park": null, "flag_park": "OSM", "OS ID_park": null, "OSM ID_park": "38742151.0", "id_park": "VALWH_0e46aba7eed2", "Merged Count_park": 1, "Total Area (m²)_park": 113947.55015436112, "Other name(s) (OS)_park": null, "Type (OS)_park": null, "Other name(s) (OSM)_park": null, "Type (OSM)_park": "park", "Name (OS)_park": null, "Name (OSM)_park": "Raleigh Park", "park_offical_id_park": "VALWH_74" }, "geometry": { "type": "Point", "coordinates": [ -1.287806452312867, 51.745377234981312 ] } },
{ "type": "Feature", "properties": { "longitude": -1.2865163831584903, "latitude": 51.744874672075682, "source": "OSMnx_edge_intersection", "entrance_type": "edge_crossing", "osm_entrance_type": "bridleway", "osm_barrier_type": null, "osmid": "820248621", "Primary Name_park": "Raleigh Park", "Other Names_park": null, "flag_park": "OSM", "OS ID_park": null, "OSM ID_park": "38742151.0", "id_park": "VALWH_0e46aba7eed2", "Merged Count_park": 1, "Total Area (m²)_park": 113947.55015436112, "Other name(s) (OS)_park": null, "Type (OS)_park": null, "Other name(s) (OSM)_park": null, "Type (OSM)_park": "park", "Name (OS)_park": null, "Name (OSM)_park": "Raleigh Park", "park_offical_id_park": "VALWH_74" }, "geometry": { "type": "Point", "coordinates": [ -1.28651638315849, 51.744874672075682 ] } },
{ "type": "Feature", "properties": { "longitude": -1.2865163831584903, "latitude": 51.744874672075682, "source": "OSMnx_edge_intersection", "entrance_type": "edge_crossing", "osm_entrance_type": "bridleway", "osm_barrier_type": null, "osmid": "820248621", "Primary Name_park": "Raleigh Park", "Other Names_park": null, "flag_park": "OSM", "OS ID_park": null, "OSM ID_park": "38742151.0", "id_park": "VALWH_0e46aba7eed2", "Merged Count_park": 1, "Total Area (m²)_park": 113947.55015436112, "Other name(s) (OS)_park": null, "Type (OS)_park": null, "Other name(s) (OSM)_park": null, "Type (OSM)_park": "park", "Name (OS)_park": null, "Name (OSM)_park": "Raleigh Park", "park_offical_id_park": "VALWH_74" }, "geometry": { "type": "Point", "coordinates": [ -1.28651638315849, 51.744874672075682 ] } },
{ "type": "Feature", "properties": { "longitude": -1.2802569088319555, "latitude": 51.656844412866846, "source": "OSMnx_edge_intersection", "entrance_type": "edge_crossing", "osm_entrance_type": "footway", "osm_barrier_type": null, "osmid": "127496936", "Primary Name_park": "Marina Park", "Other Names_park": null, "flag_park": "OSM", "OS ID_park": null, "OSM ID_park": "58768938.0", "id_park": "VALWH_50ba58db3773", "Merged Count_park": 1, "Total Area (m²)_park": 19321.434013179431, "Other name(s) (OS)_park": null, "Type (OS)_park": null, "Other name(s) (OSM)_park": null, "Type (OSM)_park": "park", "Name (OS)_park": null, "Name (OSM)_park": "Marina Park", "park_offical_id_park": "VALWH_76" }, "geometry": { "type": "Point", "coordinates": [ -1.280256908831956, 51.656844412866846 ] } },
{ "type": "Feature", "properties": { "longitude": -1.2802569088319555, "latitude": 51.656844412866846, "source": "OSMnx_edge_intersection", "entrance_type": "edge_crossing", "osm_entrance_type": "footway", "osm_barrier_type": null, "osmid": "127496936", "Primary Name_park": "Marina Park", "Other Names_park": null, "flag_park": "OSM", "OS ID_park": null, "OSM ID_park": "58768938.0", "id_park": "VALWH_50ba58db3773", "Merged Count_park": 1, "Total Area (m²)_park": 19321.434013179431, "Other name(s) (OS)_park": null, "Type (OS)_park": null, "Other name(s) (OSM)_park": null, "Type (OSM)_park": "park", "Name (OS)_park": null, "Name (OSM)_park": "Marina Park", "park_offical_id_park": "VALWH_76" }, "geometry": { "type": "Point", "coordinates": [ -1.280256908831956, 51.656844412866846 ] } },
{ "type": "Feature", "properties": { "longitude": -1.2722856, "latitude": 51.6732571, "source": "OSMnx_edge_intersection", "entrance_type": "edge_crossing", "osm_entrance_type": "footway", "osm_barrier_type": null, "osmid": "319459108", "Primary Name_park": "Sherwood Avenue Playground", "Other Names_park": null, "flag_park": "OSM", "OS ID_park": null, "OSM ID_park": "58779615.0", "id_park": "VALWH_54447eb33ced", "Merged Count_park": 1, "Total Area (m²)_park": 4458.4740725071615, "Other name(s) (OS)_park": null, "Type (OS)_park": null, "Other name(s) (OSM)_park": null, "Type (OSM)_park": "park", "Name (OS)_park": null, "Name (OSM)_park": "Sherwood Avenue Playground", "park_offical_id_park": "VALWH_79" }, "geometry": { "type": "Point", "coordinates": [ -1.2722856, 51.673257099999979 ] } },
{ "type": "Feature", "properties": { "longitude": -1.2722856, "latitude": 51.6732571, "source": "OSMnx_edge_intersection", "entrance_type": "edge_crossing", "osm_entrance_type": "footway", "osm_barrier_type": null, "osmid": "319459108", "Primary Name_park": "Sherwood Avenue Playground", "Other Names_park": null, "flag_park": "OSM", "OS ID_park": null, "OSM ID_park": "58779615.0", "id_park": "VALWH_54447eb33ced", "Merged Count_park": 1, "Total Area (m²)_park": 4458.4740725071615, "Other name(s) (OS)_park": null, "Type (OS)_park": null, "Other name(s) (OSM)_park": null, "Type (OSM)_park": "park", "Name (OS)_park": null, "Name (OSM)_park": "Sherwood Avenue Playground", "park_offical_id_park": "VALWH_79" }, "geometry": { "type": "Point", "coordinates": [ -1.2722856, 51.673257099999979 ] } },
{ "type": "Feature", "properties": { "longitude": -1.2720021, "latitude": 51.6732612, "source": "OSMnx_edge_intersection", "entrance_type": "edge_crossing", "osm_entrance_type": "footway", "osm_barrier_type": null, "osmid": "319459109", "Primary Name_park": "Sherwood Avenue Playground", "Other Names_park": null, "flag_park": "OSM", "OS ID_park": null, "OSM ID_park": "58779615.0", "id_park": "VALWH_54447eb33ced", "Merged Count_park": 1, "Total Area (m²)_park": 4458.4740725071615, "Other name(s) (OS)_park": null, "Type (OS)_park": null, "Other name(s) (OSM)_park": null, "Type (OSM)_park": "park", "Name (OS)_park": null, "Name (OSM)_park": "Sherwood Avenue Playground", "park_offical_id_park": "VALWH_79" }, "geometry": { "type": "Point", "coordinates": [ -1.272002099999972, 51.6732612 ] } },
{ "type": "Feature", "properties": { "longitude": -1.2720021, "latitude": 51.6732612, "source": "OSMnx_edge_intersection", "entrance_type": "edge_crossing", "osm_entrance_type": "footway", "osm_barrier_type": null, "osmid": "319459109", "Primary Name_park": "Sherwood Avenue Playground", "Other Names_park": null, "flag_park": "OSM", "OS ID_park": null, "OSM ID_park": "58779615.0", "id_park": "VALWH_54447eb33ced", "Merged Count_park": 1, "Total Area (m²)_park": 4458.4740725071615, "Other name(s) (OS)_park": null, "Type (OS)_park": null, "Other name(s) (OSM)_park": null, "Type (OSM)_park": "park", "Name (OS)_park": null, "Name (OSM)_park": "Sherwood Avenue Playground", "park_offical_id_park": "VALWH_79" }, "geometry": { "type": "Point", "coordinates": [ -1.272002099999972, 51.6732612 ] } },
{ "type": "Feature", "properties": { "longitude": -1.3015609371104766, "latitude": 51.661918932243907, "source": "OSMnx_edge_intersection", "entrance_type": "edge_crossing", "osm_entrance_type": "track,residential", "osm_barrier_type": null, "osmid": "1165116860,109232663", "Primary Name_park": null, "Other Names_park": null, "flag_park": "OSM", "OS ID_park": null, "OSM ID_park": "109232667.0", "id_park": "VALWH_5291236f7882", "Merged Count_park": 1, "Total Area (m²)_park": 17764.962734996898, "Other name(s) (OS)_park": null, "Type (OS)_park": null, "Other name(s) (OSM)_park": null, "Type (OSM)_park": "park", "Name (OS)_park": null, "Name (OSM)_park": null, "park_offical_id_park": "VALWH_85" }, "geometry": { "type": "Point", "coordinates": [ -1.301560937110477, 51.661918932243907 ] } },
{ "type": "Feature", "properties": { "longitude": -1.3015609371104766, "latitude": 51.661918932243907, "source": "OSMnx_edge_intersection", "entrance_type": "edge_crossing", "osm_entrance_type": "track,residential", "osm_barrier_type": null, "osmid": "1165116860,109232663", "Primary Name_park": null, "Other Names_park": null, "flag_park": "OSM", "OS ID_park": null, "OSM ID_park": "109232667.0", "id_park": "VALWH_5291236f7882", "Merged Count_park": 1, "Total Area (m²)_park": 17764.962734996898, "Other name(s) (OS)_park": null, "Type (OS)_park": null, "Other name(s) (OSM)_park": null, "Type (OSM)_park": "park", "Name (OS)_park": null, "Name (OSM)_park": null, "park_offical_id_park": "VALWH_85" }, "geometry": { "type": "Point", "coordinates": [ -1.301560937110477, 51.661918932243907 ] } },
{ "type": "Feature", "properties": { "longitude": -1.3142371490869231, "latitude": 51.734251427726839, "source": "OSMnx_edge_intersection", "entrance_type": "edge_crossing", "osm_entrance_type": "footway", "osm_barrier_type": null, "osmid": "826581540", "Primary Name_park": null, "Other Names_park": null, "flag_park": "OSM", "OS ID_park": null, "OSM ID_park": "214772637.0", "id_park": "VALWH_edd997af5ea6", "Merged Count_park": 1, "Total Area (m²)_park": 24541.991699045953, "Other name(s) (OS)_park": null, "Type (OS)_park": null, "Other name(s) (OSM)_park": null, "Type (OSM)_park": "park", "Name (OS)_park": null, "Name (OSM)_park": null, "park_offical_id_park": "VALWH_108" }, "geometry": { "type": "Point", "coordinates": [ -1.314237149086923, 51.734251427726839 ] } },
{ "type": "Feature", "properties": { "longitude": -1.3142371490869231, "latitude": 51.734251427726839, "source": "OSMnx_edge_intersection", "entrance_type": "edge_crossing", "osm_entrance_type": "footway", "osm_barrier_type": null, "osmid": "826581540", "Primary Name_park": null, "Other Names_park": null, "flag_park": "OSM", "OS ID_park": null, "OSM ID_park": "214772637.0", "id_park": "VALWH_edd997af5ea6", "Merged Count_park": 1, "Total Area (m²)_park": 24541.991699045953, "Other name(s) (OS)_park": null, "Type (OS)_park": null, "Other name(s) (OSM)_park": null, "Type (OSM)_park": "park", "Name (OS)_park": null, "Name (OSM)_park": null, "park_offical_id_park": "VALWH_108" }, "geometry": { "type": "Point", "coordinates": [ -1.314237149086923, 51.734251427726839 ] } },
{ "type": "Feature", "properties": { "longitude": -1.3159193968074683, "latitude": 51.734862512480575, "source": "OSMnx_edge_intersection", "entrance_type": "edge_crossing", "osm_entrance_type": "footway", "osm_barrier_type": null, "osmid": "932792588", "Primary Name_park": null, "Other Names_park": null, "flag_park": "OSM", "OS ID_park": null, "OSM ID_park": "214772637.0", "id_park": "VALWH_edd997af5ea6", "Merged Count_park": 1, "Total Area (m²)_park": 24541.991699045953, "Other name(s) (OS)_park": null, "Type (OS)_park": null, "Other name(s) (OSM)_park": null, "Type (OSM)_park": "park", "Name (OS)_park": null, "Name (OSM)_park": null, "park_offical_id_park": "VALWH_108" }, "geometry": { "type": "Point", "coordinates": [ -1.315919396807468, 51.734862512480575 ] } },
{ "type": "Feature", "properties": { "longitude": -1.3162075213043574, "latitude": 51.735183455596477, "source": "OSMnx_edge_intersection", "entrance_type": "edge_crossing", "osm_entrance_type": "footway", "osm_barrier_type": null, "osmid": "932792588", "Primary Name_park": null, "Other Names_park": null, "flag_park": "OSM", "OS ID_park": null, "OSM ID_park": "214772637.0", "id_park": "VALWH_edd997af5ea6", "Merged Count_park": 1, "Total Area (m²)_park": 24541.991699045953, "Other name(s) (OS)_park": null, "Type (OS)_park": null, "Other name(s) (OSM)_park": null, "Type (OSM)_park": "park", "Name (OS)_park": null, "Name (OSM)_park": null, "park_offical_id_park": "VALWH_108" }, "geometry": { "type": "Point", "coordinates": [ -1.316207521304357, 51.735183455596477 ] } },
{ "type": "Feature", "properties": { "longitude": -1.3164109, "latitude": 51.73541, "source": "OSMnx_edge_intersection", "entrance_type": "edge_crossing", "osm_entrance_type": "footway", "osm_barrier_type": null, "osmid": "932792588", "Primary Name_park": null, "Other Names_park": null, "flag_park": "OSM", "OS ID_park": null, "OSM ID_park": "214772637.0", "id_park": "VALWH_edd997af5ea6", "Merged Count_park": 1, "Total Area (m²)_park": 24541.991699045953, "Other name(s) (OS)_park": null, "Type (OS)_park": null, "Other name(s) (OSM)_park": null, "Type (OSM)_park": "park", "Name (OS)_park": null, "Name (OSM)_park": null, "park_offical_id_park": "VALWH_108" }, "geometry": { "type": "Point", "coordinates": [ -1.316410899999967, 51.73541 ] } },
{ "type": "Feature", "properties": { "longitude": -1.3164109, "latitude": 51.73541, "source": "OSMnx_edge_intersection", "entrance_type": "edge_crossing", "osm_entrance_type": "footway", "osm_barrier_type": null, "osmid": "932792588", "Primary Name_park": null, "Other Names_park": null, "flag_park": "OSM", "OS ID_park": null, "OSM ID_park": "214772637.0", "id_park": "VALWH_edd997af5ea6", "Merged Count_park": 1, "Total Area (m²)_park": 24541.991699045953, "Other name(s) (OS)_park": null, "Type (OS)_park": null, "Other name(s) (OSM)_park": null, "Type (OSM)_park": "park", "Name (OS)_park": null, "Name (OSM)_park": null, "park_offical_id_park": "VALWH_108" }, "geometry": { "type": "Point", "coordinates": [ -1.316410899999967, 51.73541 ] } },
{ "type": "Feature", "properties": { "longitude": -1.3159193968074683, "latitude": 51.734862512480575, "source": "OSMnx_edge_intersection", "entrance_type": "edge_crossing", "osm_entrance_type": "footway", "osm_barrier_type": null, "osmid": "932792588", "Primary Name_park": null, "Other Names_park": null, "flag_park": "OSM", "OS ID_park": null, "OSM ID_park": "214772637.0", "id_park": "VALWH_edd997af5ea6", "Merged Count_park": 1, "Total Area (m²)_park": 24541.991699045953, "Other name(s) (OS)_park": null, "Type (OS)_park": null, "Other name(s) (OSM)_park": null, "Type (OSM)_park": "park", "Name (OS)_park": null, "Name (OSM)_park": null, "park_offical_id_park": "VALWH_108" }, "geometry": { "type": "Point", "coordinates": [ -1.315919396807468, 51.734862512480575 ] } },
{ "type": "Feature", "properties": { "longitude": -1.3162075213043574, "latitude": 51.735183455596477, "source": "OSMnx_edge_intersection", "entrance_type": "edge_crossing", "osm_entrance_type": "footway", "osm_barrier_type": null, "osmid": "932792588", "Primary Name_park": null, "Other Names_park": null, "flag_park": "OSM", "OS ID_park": null, "OSM ID_park": "214772637.0", "id_park": "VALWH_edd997af5ea6", "Merged Count_park": 1, "Total Area (m²)_park": 24541.991699045953, "Other name(s) (OS)_park": null, "Type (OS)_park": null, "Other name(s) (OSM)_park": null, "Type (OSM)_park": "park", "Name (OS)_park": null, "Name (OSM)_park": null, "park_offical_id_park": "VALWH_108" }, "geometry": { "type": "Point", "coordinates": [ -1.316207521304357, 51.735183455596477 ] } },
{ "type": "Feature", "properties": { "longitude": -1.3160612549134298, "latitude": 51.734985595611128, "source": "OSMnx_edge_intersection", "entrance_type": "edge_crossing", "osm_entrance_type": "footway,residential", "osm_barrier_type": null, "osmid": "192636657,192636556", "Primary Name_park": null, "Other Names_park": null, "flag_park": "OSM", "OS ID_park": null, "OSM ID_park": "214772637.0", "id_park": "VALWH_edd997af5ea6", "Merged Count_park": 1, "Total Area (m²)_park": 24541.991699045953, "Other name(s) (OS)_park": null, "Type (OS)_park": null, "Other name(s) (OSM)_park": null, "Type (OSM)_park": "park", "Name (OS)_park": null, "Name (OSM)_park": null, "park_offical_id_park": "VALWH_108" }, "geometry": { "type": "Point", "coordinates": [ -1.31606125491343, 51.734985595611128 ] } },
{ "type": "Feature", "properties": { "longitude": -1.3160612549134298, "latitude": 51.734985595611128, "source": "OSMnx_edge_intersection", "entrance_type": "edge_crossing", "osm_entrance_type": "residential,footway", "osm_barrier_type": null, "osmid": "192636657,192636556", "Primary Name_park": null, "Other Names_park": null, "flag_park": "OSM", "OS ID_park": null, "OSM ID_park": "214772637.0", "id_park": "VALWH_edd997af5ea6", "Merged Count_park": 1, "Total Area (m²)_park": 24541.991699045953, "Other name(s) (OS)_park": null, "Type (OS)_park": null, "Other name(s) (OSM)_park": null, "Type (OSM)_park": "park", "Name (OS)_park": null, "Name (OSM)_park": null, "park_offical_id_park": "VALWH_108" }, "geometry": { "type": "Point", "coordinates": [ -1.31606125491343, 51.734985595611128 ] } },
{ "type": "Feature", "properties": { "longitude": -1.3164109, "latitude": 51.73541, "source": "OSMnx_edge_intersection", "entrance_type": "edge_crossing", "osm_entrance_type": "footway", "osm_barrier_type": null, "osmid": "331262230", "Primary Name_park": null, "Other Names_park": null, "flag_park": "OSM", "OS ID_park": null, "OSM ID_park": "214772637.0", "id_park": "VALWH_edd997af5ea6", "Merged Count_park": 1, "Total Area (m²)_park": 24541.991699045953, "Other name(s) (OS)_park": null, "Type (OS)_park": null, "Other name(s) (OSM)_park": null, "Type (OSM)_park": "park", "Name (OS)_park": null, "Name (OSM)_park": null, "park_offical_id_park": "VALWH_108" }, "geometry": { "type": "Point", "coordinates": [ -1.316410899999974, 51.73541 ] } },
{ "type": "Feature", "properties": { "longitude": -1.3164109, "latitude": 51.73541, "source": "OSMnx_edge_intersection", "entrance_type": "edge_crossing", "osm_entrance_type": "footway", "osm_barrier_type": null, "osmid": "331262230", "Primary Name_park": null, "Other Names_park": null, "flag_park": "OSM", "OS ID_park": null, "OSM ID_park": "214772637.0", "id_park": "VALWH_edd997af5ea6", "Merged Count_park": 1, "Total Area (m²)_park": 24541.991699045953, "Other name(s) (OS)_park": null, "Type (OS)_park": null, "Other name(s) (OSM)_park": null, "Type (OSM)_park": "park", "Name (OS)_park": null, "Name (OSM)_park": null, "park_offical_id_park": "VALWH_108" }, "geometry": { "type": "Point", "coordinates": [ -1.316410899999974, 51.73541 ] } },
{ "type": "Feature", "properties": { "longitude": -1.3143533145158768, "latitude": 51.735278481596794, "source": "OSMnx_edge_intersection", "entrance_type": "edge_crossing", "osm_entrance_type": "residential,footway", "osm_barrier_type": null, "osmid": "192636560,192636559", "Primary Name_park": null, "Other Names_park": null, "flag_park": "OSM", "OS ID_park": null, "OSM ID_park": "214772637.0", "id_park": "VALWH_edd997af5ea6", "Merged Count_park": 1, "Total Area (m²)_park": 24541.991699045953, "Other name(s) (OS)_park": null, "Type (OS)_park": null, "Other name(s) (OSM)_park": null, "Type (OSM)_park": "park", "Name (OS)_park": null, "Name (OSM)_park": null, "park_offical_id_park": "VALWH_108" }, "geometry": { "type": "Point", "coordinates": [ -1.314353314515877, 51.735278481596794 ] } },
{ "type": "Feature", "properties": { "longitude": -1.3143533145158768, "latitude": 51.735278481596794, "source": "OSMnx_edge_intersection", "entrance_type": "edge_crossing", "osm_entrance_type": "footway,residential", "osm_barrier_type": null, "osmid": "192636560,192636559", "Primary Name_park": null, "Other Names_park": null, "flag_park": "OSM", "OS ID_park": null, "OSM ID_park": "214772637.0", "id_park": "VALWH_edd997af5ea6", "Merged Count_park": 1, "Total Area (m²)_park": 24541.991699045953, "Other name(s) (OS)_park": null, "Type (OS)_park": null, "Other name(s) (OSM)_park": null, "Type (OSM)_park": "park", "Name (OS)_park": null, "Name (OSM)_park": null, "park_offical_id_park": "VALWH_108" }, "geometry": { "type": "Point", "coordinates": [ -1.314353314515877, 51.735278481596794 ] } },
{ "type": "Feature", "properties": { "longitude": -1.3145449070615312, "latitude": 51.736152636957478, "source": "OSMnx_edge_intersection", "entrance_type": "edge_crossing", "osm_entrance_type": "footway", "osm_barrier_type": null, "osmid": "192636556", "Primary Name_park": null, "Other Names_park": null, "flag_park": "OSM", "OS ID_park": null, "OSM ID_park": "214772637.0", "id_park": "VALWH_edd997af5ea6", "Merged Count_park": 1, "Total Area (m²)_park": 24541.991699045953, "Other name(s) (OS)_park": null, "Type (OS)_park": null, "Other name(s) (OSM)_park": null, "Type (OSM)_park": "park", "Name (OS)_park": null, "Name (OSM)_park": null, "park_offical_id_park": "VALWH_108" }, "geometry": { "type": "Point", "coordinates": [ -1.314544907061531, 51.736152636957478 ] } },
{ "type": "Feature", "properties": { "longitude": -1.3145449070615312, "latitude": 51.736152636957478, "source": "OSMnx_edge_intersection", "entrance_type": "edge_crossing", "osm_entrance_type": "footway", "osm_barrier_type": null, "osmid": "192636556", "Primary Name_park": null, "Other Names_park": null, "flag_park": "OSM", "OS ID_park": null, "OSM ID_park": "214772637.0", "id_park": "VALWH_edd997af5ea6", "Merged Count_park": 1, "Total Area (m²)_park": 24541.991699045953, "Other name(s) (OS)_park": null, "Type (OS)_park": null, "Other name(s) (OSM)_park": null, "Type (OSM)_park": "park", "Name (OS)_park": null, "Name (OSM)_park": null, "park_offical_id_park": "VALWH_108" }, "geometry": { "type": "Point", "coordinates": [ -1.314544907061531, 51.736152636957478 ] } },
{ "type": "Feature", "properties": { "longitude": -1.2706696222114826, "latitude": 51.607790177620053, "source": "OSMnx_edge_intersection", "entrance_type": "edge_crossing", "osm_entrance_type": "service", "osm_barrier_type": null, "osmid": "529995761", "Primary Name_park": "Boundary Park", "Other Names_park": null, "flag_park": "OSM", "OS ID_park": null, "OSM ID_park": "244227688.0", "id_park": "VALWH_ae9b17555eec", "Merged Count_park": 1, "Total Area (m²)_park": 75516.838031880718, "Other name(s) (OS)_park": null, "Type (OS)_park": null, "Other name(s) (OSM)_park": null, "Type (OSM)_park": "park", "Name (OS)_park": null, "Name (OSM)_park": "Boundary Park", "park_offical_id_park": "VALWH_111" }, "geometry": { "type": "Point", "coordinates": [ -1.270669622211483, 51.607790177620053 ] } },
{ "type": "Feature", "properties": { "longitude": -1.2706696222114826, "latitude": 51.607790177620053, "source": "OSMnx_edge_intersection", "entrance_type": "edge_crossing", "osm_entrance_type": "service", "osm_barrier_type": null, "osmid": "529995761", "Primary Name_park": "Boundary Park", "Other Names_park": null, "flag_park": "OSM", "OS ID_park": null, "OSM ID_park": "244227688.0", "id_park": "VALWH_ae9b17555eec", "Merged Count_park": 1, "Total Area (m²)_park": 75516.838031880718, "Other name(s) (OS)_park": null, "Type (OS)_park": null, "Other name(s) (OSM)_park": null, "Type (OSM)_park": "park", "Name (OS)_park": null, "Name (OSM)_park": "Boundary Park", "park_offical_id_park": "VALWH_111" }, "geometry": { "type": "Point", "coordinates": [ -1.270669622211483, 51.607790177620053 ] } },
{ "type": "Feature", "properties": { "longitude": -1.2706873501100471, "latitude": 51.6078249795193, "source": "OSMnx_edge_intersection", "entrance_type": "edge_crossing", "osm_entrance_type": "footway", "osm_barrier_type": null, "osmid": "939520614", "Primary Name_park": "Boundary Park", "Other Names_park": null, "flag_park": "OSM", "OS ID_park": null, "OSM ID_park": "244227688.0", "id_park": "VALWH_ae9b17555eec", "Merged Count_park": 1, "Total Area (m²)_park": 75516.838031880718, "Other name(s) (OS)_park": null, "Type (OS)_park": null, "Other name(s) (OSM)_park": null, "Type (OSM)_park": "park", "Name (OS)_park": null, "Name (OSM)_park": "Boundary Park", "park_offical_id_park": "VALWH_111" }, "geometry": { "type": "Point", "coordinates": [ -1.270687350110047, 51.6078249795193 ] } },
{ "type": "Feature", "properties": { "longitude": -1.2706873501100471, "latitude": 51.6078249795193, "source": "OSMnx_edge_intersection", "entrance_type": "edge_crossing", "osm_entrance_type": "footway", "osm_barrier_type": null, "osmid": "939520614", "Primary Name_park": "Boundary Park", "Other Names_park": null, "flag_park": "OSM", "OS ID_park": null, "OSM ID_park": "244227688.0", "id_park": "VALWH_ae9b17555eec", "Merged Count_park": 1, "Total Area (m²)_park": 75516.838031880718, "Other name(s) (OS)_park": null, "Type (OS)_park": null, "Other name(s) (OSM)_park": null, "Type (OSM)_park": "park", "Name (OS)_park": null, "Name (OSM)_park": "Boundary Park", "park_offical_id_park": "VALWH_111" }, "geometry": { "type": "Point", "coordinates": [ -1.270687350110047, 51.6078249795193 ] } },
{ "type": "Feature", "properties": { "longitude": -1.3154796, "latitude": 51.7355919, "source": "OSMnx_edge_intersection", "entrance_type": "edge_crossing", "osm_entrance_type": "residential", "osm_barrier_type": null, "osmid": "214771854", "Primary Name_park": null, "Other Names_park": null, "flag_park": "OSM", "OS ID_park": null, "OSM ID_park": "331548363.0", "id_park": "VALWH_28b55a70a6ad", "Merged Count_park": 1, "Total Area (m²)_park": 698.84818398264395, "Other name(s) (OS)_park": null, "Type (OS)_park": null, "Other name(s) (OSM)_park": null, "Type (OSM)_park": "park", "Name (OS)_park": null, "Name (OSM)_park": null, "park_offical_id_park": "VALWH_121" }, "geometry": { "type": "Point", "coordinates": [ -1.3154796, 51.735591899999982 ] } },
{ "type": "Feature", "properties": { "longitude": -1.3154796, "latitude": 51.7355919, "source": "OSMnx_edge_intersection", "entrance_type": "edge_crossing", "osm_entrance_type": "residential", "osm_barrier_type": null, "osmid": "214771854", "Primary Name_park": null, "Other Names_park": null, "flag_park": "OSM", "OS ID_park": null, "OSM ID_park": "331548363.0", "id_park": "VALWH_28b55a70a6ad", "Merged Count_park": 1, "Total Area (m²)_park": 698.84818398264395, "Other name(s) (OS)_park": null, "Type (OS)_park": null, "Other name(s) (OSM)_park": null, "Type (OSM)_park": "park", "Name (OS)_park": null, "Name (OSM)_park": null, "park_offical_id_park": "VALWH_121" }, "geometry": { "type": "Point", "coordinates": [ -1.3154796, 51.735591899999982 ] } },
{ "type": "Feature", "properties": { "longitude": -1.3156756, "latitude": 51.7356422, "source": "OSMnx_edge_intersection", "entrance_type": "edge_crossing", "osm_entrance_type": "residential", "osm_barrier_type": null, "osmid": "98727772", "Primary Name_park": null, "Other Names_park": null, "flag_park": "OSM", "OS ID_park": null, "OSM ID_park": "331548363.0", "id_park": "VALWH_28b55a70a6ad", "Merged Count_park": 1, "Total Area (m²)_park": 698.84818398264395, "Other name(s) (OS)_park": null, "Type (OS)_park": null, "Other name(s) (OSM)_park": null, "Type (OSM)_park": "park", "Name (OS)_park": null, "Name (OSM)_park": null, "park_offical_id_park": "VALWH_121" }, "geometry": { "type": "Point", "coordinates": [ -1.315675599999969, 51.7356422 ] } },
{ "type": "Feature", "properties": { "longitude": -1.3156756, "latitude": 51.7356422, "source": "OSMnx_edge_intersection", "entrance_type": "edge_crossing", "osm_entrance_type": "residential", "osm_barrier_type": null, "osmid": "98727772", "Primary Name_park": null, "Other Names_park": null, "flag_park": "OSM", "OS ID_park": null, "OSM ID_park": "331548363.0", "id_park": "VALWH_28b55a70a6ad", "Merged Count_park": 1, "Total Area (m²)_park": 698.84818398264395, "Other name(s) (OS)_park": null, "Type (OS)_park": null, "Other name(s) (OSM)_park": null, "Type (OSM)_park": "park", "Name (OS)_park": null, "Name (OSM)_park": null, "park_offical_id_park": "VALWH_121" }, "geometry": { "type": "Point", "coordinates": [ -1.315675599999969, 51.7356422 ] } },
{ "type": "Feature", "properties": { "longitude": -1.3150059000001, "latitude": 51.7357854, "source": "OSMnx_edge_intersection", "entrance_type": "edge_crossing", "osm_entrance_type": "residential", "osm_barrier_type": null, "osmid": "98727772", "Primary Name_park": null, "Other Names_park": null, "flag_park": "OSM", "OS ID_park": null, "OSM ID_park": "331548363.0", "id_park": "VALWH_28b55a70a6ad", "Merged Count_park": 1, "Total Area (m²)_park": 698.84818398264395, "Other name(s) (OS)_park": null, "Type (OS)_park": null, "Other name(s) (OSM)_park": null, "Type (OSM)_park": "park", "Name (OS)_park": null, "Name (OSM)_park": null, "park_offical_id_park": "VALWH_121" }, "geometry": { "type": "Point", "coordinates": [ -1.315005900000054, 51.735785399999976 ] } },
{ "type": "Feature", "properties": { "longitude": -1.3150059000001, "latitude": 51.7357854, "source": "OSMnx_edge_intersection", "entrance_type": "edge_crossing", "osm_entrance_type": "residential", "osm_barrier_type": null, "osmid": "98727772", "Primary Name_park": null, "Other Names_park": null, "flag_park": "OSM", "OS ID_park": null, "OSM ID_park": "331548363.0", "id_park": "VALWH_28b55a70a6ad", "Merged Count_park": 1, "Total Area (m²)_park": 698.84818398264395, "Other name(s) (OS)_park": null, "Type (OS)_park": null, "Other name(s) (OSM)_park": null, "Type (OSM)_park": "park", "Name (OS)_park": null, "Name (OSM)_park": null, "park_offical_id_park": "VALWH_121" }, "geometry": { "type": "Point", "coordinates": [ -1.315005900000054, 51.735785399999976 ] } },
{ "type": "Feature", "properties": { "longitude": -1.3079338295073737, "latitude": 51.751991199845214, "source": "OSMnx_edge_intersection", "entrance_type": "edge_crossing", "osm_entrance_type": "footway,residential", "osm_barrier_type": null, "osmid": "22994547,40851535", "Primary Name_park": null, "Other Names_park": null, "flag_park": "OSM", "OS ID_park": null, "OSM ID_park": "332525776.0", "id_park": "VALWH_18b09039bbd2", "Merged Count_park": 1, "Total Area (m²)_park": 1625.0781572153508, "Other name(s) (OS)_park": null, "Type (OS)_park": null, "Other name(s) (OSM)_park": null, "Type (OSM)_park": "park", "Name (OS)_park": null, "Name (OSM)_park": null, "park_offical_id_park": "VALWH_122" }, "geometry": { "type": "Point", "coordinates": [ -1.307933829507374, 51.751991199845214 ] } },
{ "type": "Feature", "properties": { "longitude": -1.3079338295073737, "latitude": 51.751991199845214, "source": "OSMnx_edge_intersection", "entrance_type": "edge_crossing", "osm_entrance_type": "residential,footway", "osm_barrier_type": null, "osmid": "22994547,40851535", "Primary Name_park": null, "Other Names_park": null, "flag_park": "OSM", "OS ID_park": null, "OSM ID_park": "332525776.0", "id_park": "VALWH_18b09039bbd2", "Merged Count_park": 1, "Total Area (m²)_park": 1625.0781572153508, "Other name(s) (OS)_park": null, "Type (OS)_park": null, "Other name(s) (OSM)_park": null, "Type (OSM)_park": "park", "Name (OS)_park": null, "Name (OSM)_park": null, "park_offical_id_park": "VALWH_122" }, "geometry": { "type": "Point", "coordinates": [ -1.307933829507374, 51.751991199845214 ] } },
{ "type": "Feature", "properties": { "longitude": -1.3082665412612964, "latitude": 51.752017120613537, "source": "OSMnx_edge_intersection", "entrance_type": "edge_crossing", "osm_entrance_type": "footway", "osm_barrier_type": null, "osmid": "40851536", "Primary Name_park": null, "Other Names_park": null, "flag_park": "OSM", "OS ID_park": null, "OSM ID_park": "332525776.0", "id_park": "VALWH_18b09039bbd2", "Merged Count_park": 1, "Total Area (m²)_park": 1625.0781572153508, "Other name(s) (OS)_park": null, "Type (OS)_park": null, "Other name(s) (OSM)_park": null, "Type (OSM)_park": "park", "Name (OS)_park": null, "Name (OSM)_park": null, "park_offical_id_park": "VALWH_122" }, "geometry": { "type": "Point", "coordinates": [ -1.308266541261296, 51.752017120613537 ] } },
{ "type": "Feature", "properties": { "longitude": -1.3082665412612964, "latitude": 51.752017120613537, "source": "OSMnx_edge_intersection", "entrance_type": "edge_crossing", "osm_entrance_type": "footway", "osm_barrier_type": null, "osmid": "40851536", "Primary Name_park": null, "Other Names_park": null, "flag_park": "OSM", "OS ID_park": null, "OSM ID_park": "332525776.0", "id_park": "VALWH_18b09039bbd2", "Merged Count_park": 1, "Total Area (m²)_park": 1625.0781572153508, "Other name(s) (OS)_park": null, "Type (OS)_park": null, "Other name(s) (OSM)_park": null, "Type (OSM)_park": "park", "Name (OS)_park": null, "Name (OSM)_park": null, "park_offical_id_park": "VALWH_122" }, "geometry": { "type": "Point", "coordinates": [ -1.308266541261296, 51.752017120613537 ] } },
{ "type": "Feature", "properties": { "longitude": -1.3076874275078587, "latitude": 51.752125353696535, "source": "OSMnx_edge_intersection", "entrance_type": "edge_crossing", "osm_entrance_type": "footway", "osm_barrier_type": null, "osmid": "40851536", "Primary Name_park": null, "Other Names_park": null, "flag_park": "OSM", "OS ID_park": null, "OSM ID_park": "332525776.0", "id_park": "VALWH_18b09039bbd2", "Merged Count_park": 1, "Total Area (m²)_park": 1625.0781572153508, "Other name(s) (OS)_park": null, "Type (OS)_park": null, "Other name(s) (OSM)_park": null, "Type (OSM)_park": "park", "Name (OS)_park": null, "Name (OSM)_park": null, "park_offical_id_park": "VALWH_122" }, "geometry": { "type": "Point", "coordinates": [ -1.307687427507859, 51.752125353696535 ] } },
{ "type": "Feature", "properties": { "longitude": -1.3077745537537766, "latitude": 51.752087482715027, "source": "OSMnx_edge_intersection", "entrance_type": "edge_crossing", "osm_entrance_type": "footway", "osm_barrier_type": null, "osmid": "40851536", "Primary Name_park": null, "Other Names_park": null, "flag_park": "OSM", "OS ID_park": null, "OSM ID_park": "332525776.0", "id_park": "VALWH_18b09039bbd2", "Merged Count_park": 1, "Total Area (m²)_park": 1625.0781572153508, "Other name(s) (OS)_park": null, "Type (OS)_park": null, "Other name(s) (OSM)_park": null, "Type (OSM)_park": "park", "Name (OS)_park": null, "Name (OSM)_park": null, "park_offical_id_park": "VALWH_122" }, "geometry": { "type": "Point", "coordinates": [ -1.307774553753777, 51.752087482715027 ] } },
{ "type": "Feature", "properties": { "longitude": -1.3078383386728307, "latitude": 51.752059757458831, "source": "OSMnx_edge_intersection", "entrance_type": "edge_crossing", "osm_entrance_type": "footway", "osm_barrier_type": null, "osmid": "40851536", "Primary Name_park": null, "Other Names_park": null, "flag_park": "OSM", "OS ID_park": null, "OSM ID_park": "332525776.0", "id_park": "VALWH_18b09039bbd2", "Merged Count_park": 1, "Total Area (m²)_park": 1625.0781572153508, "Other name(s) (OS)_park": null, "Type (OS)_park": null, "Other name(s) (OSM)_park": null, "Type (OSM)_park": "park", "Name (OS)_park": null, "Name (OSM)_park": null, "park_offical_id_park": "VALWH_122" }, "geometry": { "type": "Point", "coordinates": [ -1.307838338672831, 51.752059757458831 ] } },
{ "type": "Feature", "properties": { "longitude": -1.3078383386728307, "latitude": 51.752059757458831, "source": "OSMnx_edge_intersection", "entrance_type": "edge_crossing", "osm_entrance_type": "footway", "osm_barrier_type": null, "osmid": "40851536", "Primary Name_park": null, "Other Names_park": null, "flag_park": "OSM", "OS ID_park": null, "OSM ID_park": "332525776.0", "id_park": "VALWH_18b09039bbd2", "Merged Count_park": 1, "Total Area (m²)_park": 1625.0781572153508, "Other name(s) (OS)_park": null, "Type (OS)_park": null, "Other name(s) (OSM)_park": null, "Type (OSM)_park": "park", "Name (OS)_park": null, "Name (OSM)_park": null, "park_offical_id_park": "VALWH_122" }, "geometry": { "type": "Point", "coordinates": [ -1.307838338672831, 51.752059757458831 ] } },
{ "type": "Feature", "properties": { "longitude": -1.3077745537537766, "latitude": 51.752087482715027, "source": "OSMnx_edge_intersection", "entrance_type": "edge_crossing", "osm_entrance_type": "footway", "osm_barrier_type": null, "osmid": "40851536", "Primary Name_park": null, "Other Names_park": null, "flag_park": "OSM", "OS ID_park": null, "OSM ID_park": "332525776.0", "id_park": "VALWH_18b09039bbd2", "Merged Count_park": 1, "Total Area (m²)_park": 1625.0781572153508, "Other name(s) (OS)_park": null, "Type (OS)_park": null, "Other name(s) (OSM)_park": null, "Type (OSM)_park": "park", "Name (OS)_park": null, "Name (OSM)_park": null, "park_offical_id_park": "VALWH_122" }, "geometry": { "type": "Point", "coordinates": [ -1.307774553753777, 51.752087482715027 ] } },
{ "type": "Feature", "properties": { "longitude": -1.3076874275078587, "latitude": 51.752125353696535, "source": "OSMnx_edge_intersection", "entrance_type": "edge_crossing", "osm_entrance_type": "footway", "osm_barrier_type": null, "osmid": "40851536", "Primary Name_park": null, "Other Names_park": null, "flag_park": "OSM", "OS ID_park": null, "OSM ID_park": "332525776.0", "id_park": "VALWH_18b09039bbd2", "Merged Count_park": 1, "Total Area (m²)_park": 1625.0781572153508, "Other name(s) (OS)_park": null, "Type (OS)_park": null, "Other name(s) (OSM)_park": null, "Type (OSM)_park": "park", "Name (OS)_park": null, "Name (OSM)_park": null, "park_offical_id_park": "VALWH_122" }, "geometry": { "type": "Point", "coordinates": [ -1.307687427507859, 51.752125353696535 ] } },
{ "type": "Feature", "properties": { "longitude": -1.3037581692559859, "latitude": 51.571869826852762, "source": "OSMnx_edge_intersection", "entrance_type": "edge_crossing", "osm_entrance_type": "residential,footway", "osm_barrier_type": null, "osmid": "256202346,256202341", "Primary Name_park": null, "Other Names_park": null, "flag_park": "OSM", "OS ID_park": null, "OSM ID_park": "340695657.0", "id_park": "VALWH_75a60d1cacea", "Merged Count_park": 1, "Total Area (m²)_park": 28770.447281445173, "Other name(s) (OS)_park": null, "Type (OS)_park": null, "Other name(s) (OSM)_park": null, "Type (OSM)_park": "park", "Name (OS)_park": null, "Name (OSM)_park": null, "park_offical_id_park": "VALWH_126" }, "geometry": { "type": "Point", "coordinates": [ -1.303758169255986, 51.571869826852762 ] } },
{ "type": "Feature", "properties": { "longitude": -1.3037581692559859, "latitude": 51.571869826852762, "source": "OSMnx_edge_intersection", "entrance_type": "edge_crossing", "osm_entrance_type": "footway,residential", "osm_barrier_type": null, "osmid": "256202346,256202341", "Primary Name_park": null, "Other Names_park": null, "flag_park": "OSM", "OS ID_park": null, "OSM ID_park": "340695657.0", "id_park": "VALWH_75a60d1cacea", "Merged Count_park": 1, "Total Area (m²)_park": 28770.447281445173, "Other name(s) (OS)_park": null, "Type (OS)_park": null, "Other name(s) (OSM)_park": null, "Type (OSM)_park": "park", "Name (OS)_park": null, "Name (OSM)_park": null, "park_offical_id_park": "VALWH_126" }, "geometry": { "type": "Point", "coordinates": [ -1.303758169255986, 51.571869826852762 ] } },
{ "type": "Feature", "properties": { "longitude": -1.303234827225267, "latitude": 51.571557255978909, "source": "OSMnx_edge_intersection", "entrance_type": "edge_crossing", "osm_entrance_type": "footway", "osm_barrier_type": null, "osmid": "655249613,350936871", "Primary Name_park": null, "Other Names_park": null, "flag_park": "OSM", "OS ID_park": null, "OSM ID_park": "340695657.0", "id_park": "VALWH_75a60d1cacea", "Merged Count_park": 1, "Total Area (m²)_park": 28770.447281445173, "Other name(s) (OS)_park": null, "Type (OS)_park": null, "Other name(s) (OSM)_park": null, "Type (OSM)_park": "park", "Name (OS)_park": null, "Name (OSM)_park": null, "park_offical_id_park": "VALWH_126" }, "geometry": { "type": "Point", "coordinates": [ -1.303234827225267, 51.571557255978909 ] } },
{ "type": "Feature", "properties": { "longitude": -1.303234827225267, "latitude": 51.571557255978909, "source": "OSMnx_edge_intersection", "entrance_type": "edge_crossing", "osm_entrance_type": "footway", "osm_barrier_type": null, "osmid": "655249613,350936871", "Primary Name_park": null, "Other Names_park": null, "flag_park": "OSM", "OS ID_park": null, "OSM ID_park": "340695657.0", "id_park": "VALWH_75a60d1cacea", "Merged Count_park": 1, "Total Area (m²)_park": 28770.447281445173, "Other name(s) (OS)_park": null, "Type (OS)_park": null, "Other name(s) (OSM)_park": null, "Type (OSM)_park": "park", "Name (OS)_park": null, "Name (OSM)_park": null, "park_offical_id_park": "VALWH_126" }, "geometry": { "type": "Point", "coordinates": [ -1.303234827225267, 51.571557255978909 ] } },
{ "type": "Feature", "properties": { "longitude": -1.3031456804341666, "latitude": 51.571563576904701, "source": "OSMnx_edge_intersection", "entrance_type": "edge_crossing", "osm_entrance_type": "footway", "osm_barrier_type": null, "osmid": "655248626", "Primary Name_park": null, "Other Names_park": null, "flag_park": "OSM", "OS ID_park": null, "OSM ID_park": "340695657.0", "id_park": "VALWH_75a60d1cacea", "Merged Count_park": 1, "Total Area (m²)_park": 28770.447281445173, "Other name(s) (OS)_park": null, "Type (OS)_park": null, "Other name(s) (OSM)_park": null, "Type (OSM)_park": "park", "Name (OS)_park": null, "Name (OSM)_park": null, "park_offical_id_park": "VALWH_126" }, "geometry": { "type": "Point", "coordinates": [ -1.303145680434167, 51.571563576904701 ] } },
{ "type": "Feature", "properties": { "longitude": -1.3031456804341666, "latitude": 51.571563576904701, "source": "OSMnx_edge_intersection", "entrance_type": "edge_crossing", "osm_entrance_type": "footway", "osm_barrier_type": null, "osmid": "655248626", "Primary Name_park": null, "Other Names_park": null, "flag_park": "OSM", "OS ID_park": null, "OSM ID_park": "340695657.0", "id_park": "VALWH_75a60d1cacea", "Merged Count_park": 1, "Total Area (m²)_park": 28770.447281445173, "Other name(s) (OS)_park": null, "Type (OS)_park": null, "Other name(s) (OSM)_park": null, "Type (OSM)_park": "park", "Name (OS)_park": null, "Name (OSM)_park": null, "park_offical_id_park": "VALWH_126" }, "geometry": { "type": "Point", "coordinates": [ -1.303145680434167, 51.571563576904701 ] } },
{ "type": "Feature", "properties": { "longitude": -1.3038975589580899, "latitude": 51.572494987977564, "source": "OSMnx_edge_intersection", "entrance_type": "edge_crossing", "osm_entrance_type": "service", "osm_barrier_type": null, "osmid": "1082769233", "Primary Name_park": null, "Other Names_park": null, "flag_park": "OSM", "OS ID_park": null, "OSM ID_park": "340695657.0", "id_park": "VALWH_75a60d1cacea", "Merged Count_park": 1, "Total Area (m²)_park": 28770.447281445173, "Other name(s) (OS)_park": null, "Type (OS)_park": null, "Other name(s) (OSM)_park": null, "Type (OSM)_park": "park", "Name (OS)_park": null, "Name (OSM)_park": null, "park_offical_id_park": "VALWH_126" }, "geometry": { "type": "Point", "coordinates": [ -1.30389755895809, 51.572494987977564 ] } },
{ "type": "Feature", "properties": { "longitude": -1.3038975589580899, "latitude": 51.572494987977564, "source": "OSMnx_edge_intersection", "entrance_type": "edge_crossing", "osm_entrance_type": "service", "osm_barrier_type": null, "osmid": "1082769233", "Primary Name_park": null, "Other Names_park": null, "flag_park": "OSM", "OS ID_park": null, "OSM ID_park": "340695657.0", "id_park": "VALWH_75a60d1cacea", "Merged Count_park": 1, "Total Area (m²)_park": 28770.447281445173, "Other name(s) (OS)_park": null, "Type (OS)_park": null, "Other name(s) (OSM)_park": null, "Type (OSM)_park": "park", "Name (OS)_park": null, "Name (OSM)_park": null, "park_offical_id_park": "VALWH_126" }, "geometry": { "type": "Point", "coordinates": [ -1.30389755895809, 51.572494987977564 ] } },
{ "type": "Feature", "properties": { "longitude": -1.3039473986868508, "latitude": 51.572400201597432, "source": "OSMnx_edge_intersection", "entrance_type": "edge_crossing", "osm_entrance_type": "footway", "osm_barrier_type": null, "osmid": "256202345", "Primary Name_park": null, "Other Names_park": null, "flag_park": "OSM", "OS ID_park": null, "OSM ID_park": "340695657.0", "id_park": "VALWH_75a60d1cacea", "Merged Count_park": 1, "Total Area (m²)_park": 28770.447281445173, "Other name(s) (OS)_park": null, "Type (OS)_park": null, "Other name(s) (OSM)_park": null, "Type (OSM)_park": "park", "Name (OS)_park": null, "Name (OSM)_park": null, "park_offical_id_park": "VALWH_126" }, "geometry": { "type": "Point", "coordinates": [ -1.303947398686851, 51.572400201597432 ] } },
{ "type": "Feature", "properties": { "longitude": -1.3039473986868508, "latitude": 51.572400201597432, "source": "OSMnx_edge_intersection", "entrance_type": "edge_crossing", "osm_entrance_type": "footway", "osm_barrier_type": null, "osmid": "256202345", "Primary Name_park": null, "Other Names_park": null, "flag_park": "OSM", "OS ID_park": null, "OSM ID_park": "340695657.0", "id_park": "VALWH_75a60d1cacea", "Merged Count_park": 1, "Total Area (m²)_park": 28770.447281445173, "Other name(s) (OS)_park": null, "Type (OS)_park": null, "Other name(s) (OSM)_park": null, "Type (OSM)_park": "park", "Name (OS)_park": null, "Name (OSM)_park": null, "park_offical_id_park": "VALWH_126" }, "geometry": { "type": "Point", "coordinates": [ -1.303947398686851, 51.572400201597432 ] } },
{ "type": "Feature", "properties": { "longitude": -1.3016946800879472, "latitude": 51.56977160866451, "source": "OSMnx_edge_intersection", "entrance_type": "edge_crossing", "osm_entrance_type": "footway", "osm_barrier_type": null, "osmid": "655248626", "Primary Name_park": null, "Other Names_park": null, "flag_park": "OSM", "OS ID_park": null, "OSM ID_park": "340695660.0", "id_park": "VALWH_0d0a9e9b6c4d", "Merged Count_park": 1, "Total Area (m²)_park": 18795.403041950194, "Other name(s) (OS)_park": null, "Type (OS)_park": null, "Other name(s) (OSM)_park": null, "Type (OSM)_park": "park", "Name (OS)_park": null, "Name (OSM)_park": null, "park_offical_id_park": "VALWH_127" }, "geometry": { "type": "Point", "coordinates": [ -1.301694680087947, 51.56977160866451 ] } },
{ "type": "Feature", "properties": { "longitude": -1.3016946800879472, "latitude": 51.56977160866451, "source": "OSMnx_edge_intersection", "entrance_type": "edge_crossing", "osm_entrance_type": "footway", "osm_barrier_type": null, "osmid": "655248626", "Primary Name_park": null, "Other Names_park": null, "flag_park": "OSM", "OS ID_park": null, "OSM ID_park": "340695660.0", "id_park": "VALWH_0d0a9e9b6c4d", "Merged Count_park": 1, "Total Area (m²)_park": 18795.403041950194, "Other name(s) (OS)_park": null, "Type (OS)_park": null, "Other name(s) (OSM)_park": null, "Type (OSM)_park": "park", "Name (OS)_park": null, "Name (OSM)_park": null, "park_offical_id_park": "VALWH_127" }, "geometry": { "type": "Point", "coordinates": [ -1.301694680087947, 51.56977160866451 ] } },
{ "type": "Feature", "properties": { "longitude": -1.302490856646326, "latitude": 51.570527828436937, "source": "OSMnx_edge_intersection", "entrance_type": "edge_crossing", "osm_entrance_type": "footway", "osm_barrier_type": null, "osmid": "1059689018", "Primary Name_park": null, "Other Names_park": null, "flag_park": "OSM", "OS ID_park": null, "OSM ID_park": "340695660.0", "id_park": "VALWH_0d0a9e9b6c4d", "Merged Count_park": 1, "Total Area (m²)_park": 18795.403041950194, "Other name(s) (OS)_park": null, "Type (OS)_park": null, "Other name(s) (OSM)_park": null, "Type (OSM)_park": "park", "Name (OS)_park": null, "Name (OSM)_park": null, "park_offical_id_park": "VALWH_127" }, "geometry": { "type": "Point", "coordinates": [ -1.302490856646326, 51.570527828436937 ] } },
{ "type": "Feature", "properties": { "longitude": -1.302490856646326, "latitude": 51.570527828436937, "source": "OSMnx_edge_intersection", "entrance_type": "edge_crossing", "osm_entrance_type": "footway", "osm_barrier_type": null, "osmid": "1059689018", "Primary Name_park": null, "Other Names_park": null, "flag_park": "OSM", "OS ID_park": null, "OSM ID_park": "340695660.0", "id_park": "VALWH_0d0a9e9b6c4d", "Merged Count_park": 1, "Total Area (m²)_park": 18795.403041950194, "Other name(s) (OS)_park": null, "Type (OS)_park": null, "Other name(s) (OSM)_park": null, "Type (OSM)_park": "park", "Name (OS)_park": null, "Name (OSM)_park": null, "park_offical_id_park": "VALWH_127" }, "geometry": { "type": "Point", "coordinates": [ -1.302490856646326, 51.570527828436937 ] } },
{ "type": "Feature", "properties": { "longitude": -1.3017043377588953, "latitude": 51.571794215470767, "source": "OSMnx_edge_intersection", "entrance_type": "edge_crossing", "osm_entrance_type": "footway", "osm_barrier_type": null, "osmid": "350936873", "Primary Name_park": null, "Other Names_park": null, "flag_park": "OSM", "OS ID_park": null, "OSM ID_park": "340695660.0", "id_park": "VALWH_0d0a9e9b6c4d", "Merged Count_park": 1, "Total Area (m²)_park": 18795.403041950194, "Other name(s) (OS)_park": null, "Type (OS)_park": null, "Other name(s) (OSM)_park": null, "Type (OSM)_park": "park", "Name (OS)_park": null, "Name (OSM)_park": null, "park_offical_id_park": "VALWH_127" }, "geometry": { "type": "Point", "coordinates": [ -1.301704337758895, 51.571794215470767 ] } },
{ "type": "Feature", "properties": { "longitude": -1.3017043377588953, "latitude": 51.571794215470767, "source": "OSMnx_edge_intersection", "entrance_type": "edge_crossing", "osm_entrance_type": "footway", "osm_barrier_type": null, "osmid": "350936873", "Primary Name_park": null, "Other Names_park": null, "flag_park": "OSM", "OS ID_park": null, "OSM ID_park": "340695660.0", "id_park": "VALWH_0d0a9e9b6c4d", "Merged Count_park": 1, "Total Area (m²)_park": 18795.403041950194, "Other name(s) (OS)_park": null, "Type (OS)_park": null, "Other name(s) (OSM)_park": null, "Type (OSM)_park": "park", "Name (OS)_park": null, "Name (OSM)_park": null, "park_offical_id_park": "VALWH_127" }, "geometry": { "type": "Point", "coordinates": [ -1.301704337758895, 51.571794215470767 ] } },
{ "type": "Feature", "properties": { "longitude": -1.3030861210558915, "latitude": 51.571496407691448, "source": "OSMnx_edge_intersection", "entrance_type": "edge_crossing", "osm_entrance_type": "footway", "osm_barrier_type": null, "osmid": "655248626", "Primary Name_park": null, "Other Names_park": null, "flag_park": "OSM", "OS ID_park": null, "OSM ID_park": "340695660.0", "id_park": "VALWH_0d0a9e9b6c4d", "Merged Count_park": 1, "Total Area (m²)_park": 18795.403041950194, "Other name(s) (OS)_park": null, "Type (OS)_park": null, "Other name(s) (OSM)_park": null, "Type (OSM)_park": "park", "Name (OS)_park": null, "Name (OSM)_park": null, "park_offical_id_park": "VALWH_127" }, "geometry": { "type": "Point", "coordinates": [ -1.303086121055891, 51.571496407691448 ] } },
{ "type": "Feature", "properties": { "longitude": -1.3030861210558915, "latitude": 51.571496407691448, "source": "OSMnx_edge_intersection", "entrance_type": "edge_crossing", "osm_entrance_type": "footway", "osm_barrier_type": null, "osmid": "655248626", "Primary Name_park": null, "Other Names_park": null, "flag_park": "OSM", "OS ID_park": null, "OSM ID_park": "340695660.0", "id_park": "VALWH_0d0a9e9b6c4d", "Merged Count_park": 1, "Total Area (m²)_park": 18795.403041950194, "Other name(s) (OS)_park": null, "Type (OS)_park": null, "Other name(s) (OSM)_park": null, "Type (OSM)_park": "park", "Name (OS)_park": null, "Name (OSM)_park": null, "park_offical_id_park": "VALWH_127" }, "geometry": { "type": "Point", "coordinates": [ -1.303086121055891, 51.571496407691448 ] } },
{ "type": "Feature", "properties": { "longitude": -1.3007487527660559, "latitude": 51.657941072794308, "source": "OSMnx_edge_intersection", "entrance_type": "edge_crossing", "osm_entrance_type": "footway", "osm_barrier_type": null, "osmid": "1078063537", "Primary Name_park": null, "Other Names_park": null, "flag_park": "OSM", "OS ID_park": null, "OSM ID_park": "465041433.0", "id_park": "VALWH_cb6faa7419d3", "Merged Count_park": 1, "Total Area (m²)_park": 1586.4599605861279, "Other name(s) (OS)_park": null, "Type (OS)_park": null, "Other name(s) (OSM)_park": null, "Type (OSM)_park": "park", "Name (OS)_park": null, "Name (OSM)_park": null, "park_offical_id_park": "VALWH_128" }, "geometry": { "type": "Point", "coordinates": [ -1.300748752766056, 51.657941072794308 ] } },
{ "type": "Feature", "properties": { "longitude": -1.3007487527660559, "latitude": 51.657941072794308, "source": "OSMnx_edge_intersection", "entrance_type": "edge_crossing", "osm_entrance_type": "footway", "osm_barrier_type": null, "osmid": "1078063537", "Primary Name_park": null, "Other Names_park": null, "flag_park": "OSM", "OS ID_park": null, "OSM ID_park": "465041433.0", "id_park": "VALWH_cb6faa7419d3", "Merged Count_park": 1, "Total Area (m²)_park": 1586.4599605861279, "Other name(s) (OS)_park": null, "Type (OS)_park": null, "Other name(s) (OSM)_park": null, "Type (OSM)_park": "park", "Name (OS)_park": null, "Name (OSM)_park": null, "park_offical_id_park": "VALWH_128" }, "geometry": { "type": "Point", "coordinates": [ -1.300748752766056, 51.657941072794308 ] } },
{ "type": "Feature", "properties": { "longitude": -1.3002104654653326, "latitude": 51.657988939758788, "source": "OSMnx_edge_intersection", "entrance_type": "edge_crossing", "osm_entrance_type": "footway", "osm_barrier_type": null, "osmid": "1078063539", "Primary Name_park": null, "Other Names_park": null, "flag_park": "OSM", "OS ID_park": null, "OSM ID_park": "465041433.0", "id_park": "VALWH_cb6faa7419d3", "Merged Count_park": 1, "Total Area (m²)_park": 1586.4599605861279, "Other name(s) (OS)_park": null, "Type (OS)_park": null, "Other name(s) (OSM)_park": null, "Type (OSM)_park": "park", "Name (OS)_park": null, "Name (OSM)_park": null, "park_offical_id_park": "VALWH_128" }, "geometry": { "type": "Point", "coordinates": [ -1.300210465465333, 51.657988939758788 ] } },
{ "type": "Feature", "properties": { "longitude": -1.3002104654653326, "latitude": 51.657988939758788, "source": "OSMnx_edge_intersection", "entrance_type": "edge_crossing", "osm_entrance_type": "footway", "osm_barrier_type": null, "osmid": "1078063539", "Primary Name_park": null, "Other Names_park": null, "flag_park": "OSM", "OS ID_park": null, "OSM ID_park": "465041433.0", "id_park": "VALWH_cb6faa7419d3", "Merged Count_park": 1, "Total Area (m²)_park": 1586.4599605861279, "Other name(s) (OS)_park": null, "Type (OS)_park": null, "Other name(s) (OSM)_park": null, "Type (OSM)_park": "park", "Name (OS)_park": null, "Name (OSM)_park": null, "park_offical_id_park": "VALWH_128" }, "geometry": { "type": "Point", "coordinates": [ -1.300210465465333, 51.657988939758788 ] } },
{ "type": "Feature", "properties": { "longitude": -1.3004297692397662, "latitude": 51.658294957516219, "source": "OSMnx_edge_intersection", "entrance_type": "edge_crossing", "osm_entrance_type": "footway", "osm_barrier_type": null, "osmid": "1078063538", "Primary Name_park": null, "Other Names_park": null, "flag_park": "OSM", "OS ID_park": null, "OSM ID_park": "465041433.0", "id_park": "VALWH_cb6faa7419d3", "Merged Count_park": 1, "Total Area (m²)_park": 1586.4599605861279, "Other name(s) (OS)_park": null, "Type (OS)_park": null, "Other name(s) (OSM)_park": null, "Type (OSM)_park": "park", "Name (OS)_park": null, "Name (OSM)_park": null, "park_offical_id_park": "VALWH_128" }, "geometry": { "type": "Point", "coordinates": [ -1.300429769239766, 51.658294957516219 ] } },
{ "type": "Feature", "properties": { "longitude": -1.3004297692397662, "latitude": 51.658294957516219, "source": "OSMnx_edge_intersection", "entrance_type": "edge_crossing", "osm_entrance_type": "footway", "osm_barrier_type": null, "osmid": "1078063538", "Primary Name_park": null, "Other Names_park": null, "flag_park": "OSM", "OS ID_park": null, "OSM ID_park": "465041433.0", "id_park": "VALWH_cb6faa7419d3", "Merged Count_park": 1, "Total Area (m²)_park": 1586.4599605861279, "Other name(s) (OS)_park": null, "Type (OS)_park": null, "Other name(s) (OSM)_park": null, "Type (OSM)_park": "park", "Name (OS)_park": null, "Name (OSM)_park": null, "park_offical_id_park": "VALWH_128" }, "geometry": { "type": "Point", "coordinates": [ -1.300429769239766, 51.658294957516219 ] } },
{ "type": "Feature", "properties": { "longitude": -1.3135875278231914, "latitude": 51.60922912294803, "source": "OSMnx_edge_intersection", "entrance_type": "edge_crossing", "osm_entrance_type": "service", "osm_barrier_type": null, "osmid": "446362817", "Primary Name_park": "Milton Hill House", "Other Names_park": null, "flag_park": "OSM", "OS ID_park": null, "OSM ID_park": "698169222.0; 704900066.0", "id_park": "VALWH_c741104c72c0;VALWH_0f858eadf525", "Merged Count_park": 2, "Total Area (m²)_park": 252372.74043793979, "Other name(s) (OS)_park": null, "Type (OS)_park": null, "Other name(s) (OSM)_park": null, "Type (OSM)_park": "garden", "Name (OS)_park": null, "Name (OSM)_park": null, "park_offical_id_park": "VALWH_139" }, "geometry": { "type": "Point", "coordinates": [ -1.313587527823191, 51.60922912294803 ] } },
{ "type": "Feature", "properties": { "longitude": -1.3135875278231914, "latitude": 51.60922912294803, "source": "OSMnx_edge_intersection", "entrance_type": "edge_crossing", "osm_entrance_type": "service", "osm_barrier_type": null, "osmid": "446362817", "Primary Name_park": "Milton Hill House", "Other Names_park": null, "flag_park": "OSM", "OS ID_park": null, "OSM ID_park": "698169222.0; 704900066.0", "id_park": "VALWH_c741104c72c0;VALWH_0f858eadf525", "Merged Count_park": 2, "Total Area (m²)_park": 252372.74043793979, "Other name(s) (OS)_park": null, "Type (OS)_park": null, "Other name(s) (OSM)_park": null, "Type (OSM)_park": "garden", "Name (OS)_park": null, "Name (OSM)_park": null, "park_offical_id_park": "VALWH_139" }, "geometry": { "type": "Point", "coordinates": [ -1.313587527823191, 51.60922912294803 ] } },
{ "type": "Feature", "properties": { "longitude": -1.2867175917323079, "latitude": 51.657470274839341, "source": "OSMnx_edge_intersection", "entrance_type": "edge_crossing", "osm_entrance_type": "service", "osm_barrier_type": null, "osmid": "1235179832", "Primary Name_park": null, "Other Names_park": null, "flag_park": "OSM", "OS ID_park": null, "OSM ID_park": "727403148.0", "id_park": "VALWH_2acf61529ef0", "Merged Count_park": 1, "Total Area (m²)_park": 185386.45540709837, "Other name(s) (OS)_park": null, "Type (OS)_park": null, "Other name(s) (OSM)_park": null, "Type (OSM)_park": "park", "Name (OS)_park": null, "Name (OSM)_park": null, "park_offical_id_park": "VALWH_141" }, "geometry": { "type": "Point", "coordinates": [ -1.286717591732308, 51.657470274839341 ] } },
{ "type": "Feature", "properties": { "longitude": -1.2867175917323079, "latitude": 51.657470274839341, "source": "OSMnx_edge_intersection", "entrance_type": "edge_crossing", "osm_entrance_type": "service", "osm_barrier_type": null, "osmid": "1235179832", "Primary Name_park": null, "Other Names_park": null, "flag_park": "OSM", "OS ID_park": null, "OSM ID_park": "727403148.0", "id_park": "VALWH_2acf61529ef0", "Merged Count_park": 1, "Total Area (m²)_park": 185386.45540709837, "Other name(s) (OS)_park": null, "Type (OS)_park": null, "Other name(s) (OSM)_park": null, "Type (OSM)_park": "park", "Name (OS)_park": null, "Name (OSM)_park": null, "park_offical_id_park": "VALWH_141" }, "geometry": { "type": "Point", "coordinates": [ -1.286717591732308, 51.657470274839341 ] } },
{ "type": "Feature", "properties": { "longitude": -1.2877755632494949, "latitude": 51.657623789714279, "source": "OSMnx_edge_intersection", "entrance_type": "edge_crossing", "osm_entrance_type": "service", "osm_barrier_type": null, "osmid": "28153947", "Primary Name_park": null, "Other Names_park": null, "flag_park": "OSM", "OS ID_park": null, "OSM ID_park": "727403148.0", "id_park": "VALWH_2acf61529ef0", "Merged Count_park": 1, "Total Area (m²)_park": 185386.45540709837, "Other name(s) (OS)_park": null, "Type (OS)_park": null, "Other name(s) (OSM)_park": null, "Type (OSM)_park": "park", "Name (OS)_park": null, "Name (OSM)_park": null, "park_offical_id_park": "VALWH_141" }, "geometry": { "type": "Point", "coordinates": [ -1.287775563249495, 51.657623789714279 ] } },
{ "type": "Feature", "properties": { "longitude": -1.2877755632494949, "latitude": 51.657623789714279, "source": "OSMnx_edge_intersection", "entrance_type": "edge_crossing", "osm_entrance_type": "service", "osm_barrier_type": null, "osmid": "28153947", "Primary Name_park": null, "Other Names_park": null, "flag_park": "OSM", "OS ID_park": null, "OSM ID_park": "727403148.0", "id_park": "VALWH_2acf61529ef0", "Merged Count_park": 1, "Total Area (m²)_park": 185386.45540709837, "Other name(s) (OS)_park": null, "Type (OS)_park": null, "Other name(s) (OSM)_park": null, "Type (OSM)_park": "park", "Name (OS)_park": null, "Name (OSM)_park": null, "park_offical_id_park": "VALWH_141" }, "geometry": { "type": "Point", "coordinates": [ -1.287775563249495, 51.657623789714279 ] } },
{ "type": "Feature", "properties": { "longitude": -1.2926562293041008, "latitude": 51.656812980888603, "source": "OSMnx_edge_intersection", "entrance_type": "edge_crossing", "osm_entrance_type": "footway", "osm_barrier_type": null, "osmid": "1161997177", "Primary Name_park": null, "Other Names_park": null, "flag_park": "OSM", "OS ID_park": null, "OSM ID_park": "727403148.0", "id_park": "VALWH_2acf61529ef0", "Merged Count_park": 1, "Total Area (m²)_park": 185386.45540709837, "Other name(s) (OS)_park": null, "Type (OS)_park": null, "Other name(s) (OSM)_park": null, "Type (OSM)_park": "park", "Name (OS)_park": null, "Name (OSM)_park": null, "park_offical_id_park": "VALWH_141" }, "geometry": { "type": "Point", "coordinates": [ -1.292656229304101, 51.656812980888603 ] } },
{ "type": "Feature", "properties": { "longitude": -1.2926562293041008, "latitude": 51.656812980888603, "source": "OSMnx_edge_intersection", "entrance_type": "edge_crossing", "osm_entrance_type": "footway", "osm_barrier_type": null, "osmid": "1161997177", "Primary Name_park": null, "Other Names_park": null, "flag_park": "OSM", "OS ID_park": null, "OSM ID_park": "727403148.0", "id_park": "VALWH_2acf61529ef0", "Merged Count_park": 1, "Total Area (m²)_park": 185386.45540709837, "Other name(s) (OS)_park": null, "Type (OS)_park": null, "Other name(s) (OSM)_park": null, "Type (OSM)_park": "park", "Name (OS)_park": null, "Name (OSM)_park": null, "park_offical_id_park": "VALWH_141" }, "geometry": { "type": "Point", "coordinates": [ -1.292656229304101, 51.656812980888603 ] } },
{ "type": "Feature", "properties": { "longitude": -1.2915430020688783, "latitude": 51.658205853850852, "source": "OSMnx_edge_intersection", "entrance_type": "edge_crossing", "osm_entrance_type": "footway", "osm_barrier_type": null, "osmid": "727402185", "Primary Name_park": null, "Other Names_park": null, "flag_park": "OSM", "OS ID_park": null, "OSM ID_park": "727403148.0", "id_park": "VALWH_2acf61529ef0", "Merged Count_park": 1, "Total Area (m²)_park": 185386.45540709837, "Other name(s) (OS)_park": null, "Type (OS)_park": null, "Other name(s) (OSM)_park": null, "Type (OSM)_park": "park", "Name (OS)_park": null, "Name (OSM)_park": null, "park_offical_id_park": "VALWH_141" }, "geometry": { "type": "Point", "coordinates": [ -1.291543002068878, 51.658205853850852 ] } },
{ "type": "Feature", "properties": { "longitude": -1.2915430020688783, "latitude": 51.658205853850852, "source": "OSMnx_edge_intersection", "entrance_type": "edge_crossing", "osm_entrance_type": "footway", "osm_barrier_type": null, "osmid": "727402185", "Primary Name_park": null, "Other Names_park": null, "flag_park": "OSM", "OS ID_park": null, "OSM ID_park": "727403148.0", "id_park": "VALWH_2acf61529ef0", "Merged Count_park": 1, "Total Area (m²)_park": 185386.45540709837, "Other name(s) (OS)_park": null, "Type (OS)_park": null, "Other name(s) (OSM)_park": null, "Type (OSM)_park": "park", "Name (OS)_park": null, "Name (OSM)_park": null, "park_offical_id_park": "VALWH_141" }, "geometry": { "type": "Point", "coordinates": [ -1.291543002068878, 51.658205853850852 ] } },
{ "type": "Feature", "properties": { "longitude": -1.2912897457508723, "latitude": 51.658172620624583, "source": "OSMnx_edge_intersection", "entrance_type": "edge_crossing", "osm_entrance_type": "footway", "osm_barrier_type": null, "osmid": "727402185", "Primary Name_park": null, "Other Names_park": null, "flag_park": "OSM", "OS ID_park": null, "OSM ID_park": "727403148.0", "id_park": "VALWH_2acf61529ef0", "Merged Count_park": 1, "Total Area (m²)_park": 185386.45540709837, "Other name(s) (OS)_park": null, "Type (OS)_park": null, "Other name(s) (OSM)_park": null, "Type (OSM)_park": "park", "Name (OS)_park": null, "Name (OSM)_park": null, "park_offical_id_park": "VALWH_141" }, "geometry": { "type": "Point", "coordinates": [ -1.291289745750872, 51.658172620624583 ] } },
{ "type": "Feature", "properties": { "longitude": -1.2912897457508723, "latitude": 51.658172620624583, "source": "OSMnx_edge_intersection", "entrance_type": "edge_crossing", "osm_entrance_type": "footway", "osm_barrier_type": null, "osmid": "727402185", "Primary Name_park": null, "Other Names_park": null, "flag_park": "OSM", "OS ID_park": null, "OSM ID_park": "727403148.0", "id_park": "VALWH_2acf61529ef0", "Merged Count_park": 1, "Total Area (m²)_park": 185386.45540709837, "Other name(s) (OS)_park": null, "Type (OS)_park": null, "Other name(s) (OSM)_park": null, "Type (OSM)_park": "park", "Name (OS)_park": null, "Name (OSM)_park": null, "park_offical_id_park": "VALWH_141" }, "geometry": { "type": "Point", "coordinates": [ -1.291289745750872, 51.658172620624583 ] } },
{ "type": "Feature", "properties": { "longitude": -1.2660252958627281, "latitude": 51.603234344230358, "source": "OSMnx_edge_intersection", "entrance_type": "edge_crossing", "osm_entrance_type": "footway", "osm_barrier_type": null, "osmid": "809939695", "Primary Name_park": null, "Other Names_park": null, "flag_park": "OSM", "OS ID_park": null, "OSM ID_park": "755448401.0", "id_park": "VALWH_efc1110e697f", "Merged Count_park": 1, "Total Area (m²)_park": 10234.670111873107, "Other name(s) (OS)_park": null, "Type (OS)_park": null, "Other name(s) (OSM)_park": null, "Type (OSM)_park": "park", "Name (OS)_park": null, "Name (OSM)_park": null, "park_offical_id_park": "VALWH_143" }, "geometry": { "type": "Point", "coordinates": [ -1.266025295862728, 51.603234344230358 ] } },
{ "type": "Feature", "properties": { "longitude": -1.2660252958627281, "latitude": 51.603234344230358, "source": "OSMnx_edge_intersection", "entrance_type": "edge_crossing", "osm_entrance_type": "footway", "osm_barrier_type": null, "osmid": "809939695", "Primary Name_park": null, "Other Names_park": null, "flag_park": "OSM", "OS ID_park": null, "OSM ID_park": "755448401.0", "id_park": "VALWH_efc1110e697f", "Merged Count_park": 1, "Total Area (m²)_park": 10234.670111873107, "Other name(s) (OS)_park": null, "Type (OS)_park": null, "Other name(s) (OSM)_park": null, "Type (OSM)_park": "park", "Name (OS)_park": null, "Name (OSM)_park": null, "park_offical_id_park": "VALWH_143" }, "geometry": { "type": "Point", "coordinates": [ -1.266025295862728, 51.603234344230358 ] } },
{ "type": "Feature", "properties": { "longitude": -1.2644082321134043, "latitude": 51.603375637117644, "source": "OSMnx_edge_intersection", "entrance_type": "edge_crossing", "osm_entrance_type": "footway", "osm_barrier_type": null, "osmid": "809939094", "Primary Name_park": null, "Other Names_park": null, "flag_park": "OSM", "OS ID_park": null, "OSM ID_park": "755448401.0", "id_park": "VALWH_efc1110e697f", "Merged Count_park": 1, "Total Area (m²)_park": 10234.670111873107, "Other name(s) (OS)_park": null, "Type (OS)_park": null, "Other name(s) (OSM)_park": null, "Type (OSM)_park": "park", "Name (OS)_park": null, "Name (OSM)_park": null, "park_offical_id_park": "VALWH_143" }, "geometry": { "type": "Point", "coordinates": [ -1.264408232113404, 51.603375637117644 ] } },
{ "type": "Feature", "properties": { "longitude": -1.2644082321134043, "latitude": 51.603375637117644, "source": "OSMnx_edge_intersection", "entrance_type": "edge_crossing", "osm_entrance_type": "footway", "osm_barrier_type": null, "osmid": "809939094", "Primary Name_park": null, "Other Names_park": null, "flag_park": "OSM", "OS ID_park": null, "OSM ID_park": "755448401.0", "id_park": "VALWH_efc1110e697f", "Merged Count_park": 1, "Total Area (m²)_park": 10234.670111873107, "Other name(s) (OS)_park": null, "Type (OS)_park": null, "Other name(s) (OSM)_park": null, "Type (OSM)_park": "park", "Name (OS)_park": null, "Name (OSM)_park": null, "park_offical_id_park": "VALWH_143" }, "geometry": { "type": "Point", "coordinates": [ -1.264408232113404, 51.603375637117644 ] } },
{ "type": "Feature", "properties": { "longitude": -1.2645547, "latitude": 51.603908, "source": "OSMnx_edge_intersection", "entrance_type": "edge_crossing", "osm_entrance_type": "footway", "osm_barrier_type": null, "osmid": "809939094", "Primary Name_park": null, "Other Names_park": null, "flag_park": "OSM", "OS ID_park": null, "OSM ID_park": "755448401.0", "id_park": "VALWH_efc1110e697f", "Merged Count_park": 1, "Total Area (m²)_park": 10234.670111873107, "Other name(s) (OS)_park": null, "Type (OS)_park": null, "Other name(s) (OSM)_park": null, "Type (OSM)_park": "park", "Name (OS)_park": null, "Name (OSM)_park": null, "park_offical_id_park": "VALWH_143" }, "geometry": { "type": "Point", "coordinates": [ -1.2645547, 51.603908 ] } },
{ "type": "Feature", "properties": { "longitude": -1.2645547, "latitude": 51.603908, "source": "OSMnx_edge_intersection", "entrance_type": "edge_crossing", "osm_entrance_type": "footway", "osm_barrier_type": null, "osmid": "809939094", "Primary Name_park": null, "Other Names_park": null, "flag_park": "OSM", "OS ID_park": null, "OSM ID_park": "755448401.0", "id_park": "VALWH_efc1110e697f", "Merged Count_park": 1, "Total Area (m²)_park": 10234.670111873107, "Other name(s) (OS)_park": null, "Type (OS)_park": null, "Other name(s) (OSM)_park": null, "Type (OSM)_park": "park", "Name (OS)_park": null, "Name (OSM)_park": null, "park_offical_id_park": "VALWH_143" }, "geometry": { "type": "Point", "coordinates": [ -1.2645547, 51.603908 ] } },
{ "type": "Feature", "properties": { "longitude": -1.2637489743489501, "latitude": 51.604151335390348, "source": "OSMnx_edge_intersection", "entrance_type": "edge_crossing", "osm_entrance_type": "footway", "osm_barrier_type": null, "osmid": "809939695", "Primary Name_park": null, "Other Names_park": null, "flag_park": "OSM", "OS ID_park": null, "OSM ID_park": "755448401.0", "id_park": "VALWH_efc1110e697f", "Merged Count_park": 1, "Total Area (m²)_park": 10234.670111873107, "Other name(s) (OS)_park": null, "Type (OS)_park": null, "Other name(s) (OSM)_park": null, "Type (OSM)_park": "park", "Name (OS)_park": null, "Name (OSM)_park": null, "park_offical_id_park": "VALWH_143" }, "geometry": { "type": "Point", "coordinates": [ -1.26374897434895, 51.604151335390348 ] } },
{ "type": "Feature", "properties": { "longitude": -1.2637489743489501, "latitude": 51.604151335390348, "source": "OSMnx_edge_intersection", "entrance_type": "edge_crossing", "osm_entrance_type": "footway", "osm_barrier_type": null, "osmid": "809939695", "Primary Name_park": null, "Other Names_park": null, "flag_park": "OSM", "OS ID_park": null, "OSM ID_park": "755448401.0", "id_park": "VALWH_efc1110e697f", "Merged Count_park": 1, "Total Area (m²)_park": 10234.670111873107, "Other name(s) (OS)_park": null, "Type (OS)_park": null, "Other name(s) (OSM)_park": null, "Type (OSM)_park": "park", "Name (OS)_park": null, "Name (OSM)_park": null, "park_offical_id_park": "VALWH_143" }, "geometry": { "type": "Point", "coordinates": [ -1.26374897434895, 51.604151335390348 ] } },
{ "type": "Feature", "properties": { "longitude": -1.3070177062035722, "latitude": 51.64892288214066, "source": "OSMnx_edge_intersection", "entrance_type": "edge_crossing", "osm_entrance_type": "footway", "osm_barrier_type": null, "osmid": "779101399", "Primary Name_park": "Millennium Green", "Other Names_park": null, "flag_park": "OSM", "OS ID_park": null, "OSM ID_park": "822685334.0", "id_park": "VALWH_ccbaa44d3793", "Merged Count_park": 1, "Total Area (m²)_park": 23481.722195200917, "Other name(s) (OS)_park": null, "Type (OS)_park": null, "Other name(s) (OSM)_park": null, "Type (OSM)_park": "park", "Name (OS)_park": null, "Name (OSM)_park": "Millennium Green", "park_offical_id_park": "VALWH_145" }, "geometry": { "type": "Point", "coordinates": [ -1.307017706203572, 51.64892288214066 ] } },
{ "type": "Feature", "properties": { "longitude": -1.3070177062035722, "latitude": 51.64892288214066, "source": "OSMnx_edge_intersection", "entrance_type": "edge_crossing", "osm_entrance_type": "footway", "osm_barrier_type": null, "osmid": "779101399", "Primary Name_park": "Millennium Green", "Other Names_park": null, "flag_park": "OSM", "OS ID_park": null, "OSM ID_park": "822685334.0", "id_park": "VALWH_ccbaa44d3793", "Merged Count_park": 1, "Total Area (m²)_park": 23481.722195200917, "Other name(s) (OS)_park": null, "Type (OS)_park": null, "Other name(s) (OSM)_park": null, "Type (OSM)_park": "park", "Name (OS)_park": null, "Name (OSM)_park": "Millennium Green", "park_offical_id_park": "VALWH_145" }, "geometry": { "type": "Point", "coordinates": [ -1.307017706203572, 51.64892288214066 ] } },
{ "type": "Feature", "properties": { "longitude": -1.3065412990689909, "latitude": 51.64682377487182, "source": "OSMnx_edge_intersection", "entrance_type": "edge_crossing", "osm_entrance_type": "footway", "osm_barrier_type": null, "osmid": "116080035", "Primary Name_park": "Millennium Green", "Other Names_park": null, "flag_park": "OSM", "OS ID_park": null, "OSM ID_park": "822685334.0", "id_park": "VALWH_ccbaa44d3793", "Merged Count_park": 1, "Total Area (m²)_park": 23481.722195200917, "Other name(s) (OS)_park": null, "Type (OS)_park": null, "Other name(s) (OSM)_park": null, "Type (OSM)_park": "park", "Name (OS)_park": null, "Name (OSM)_park": "Millennium Green", "park_offical_id_park": "VALWH_145" }, "geometry": { "type": "Point", "coordinates": [ -1.306541299068991, 51.64682377487182 ] } },
{ "type": "Feature", "properties": { "longitude": -1.3065412990689909, "latitude": 51.64682377487182, "source": "OSMnx_edge_intersection", "entrance_type": "edge_crossing", "osm_entrance_type": "footway", "osm_barrier_type": null, "osmid": "116080035", "Primary Name_park": "Millennium Green", "Other Names_park": null, "flag_park": "OSM", "OS ID_park": null, "OSM ID_park": "822685334.0", "id_park": "VALWH_ccbaa44d3793", "Merged Count_park": 1, "Total Area (m²)_park": 23481.722195200917, "Other name(s) (OS)_park": null, "Type (OS)_park": null, "Other name(s) (OSM)_park": null, "Type (OSM)_park": "park", "Name (OS)_park": null, "Name (OSM)_park": "Millennium Green", "park_offical_id_park": "VALWH_145" }, "geometry": { "type": "Point", "coordinates": [ -1.306541299068991, 51.64682377487182 ] } },
{ "type": "Feature", "properties": { "longitude": -1.3067342511142641, "latitude": 51.647525754425914, "source": "OSMnx_edge_intersection", "entrance_type": "edge_crossing", "osm_entrance_type": "footway", "osm_barrier_type": null, "osmid": "116080036", "Primary Name_park": "Millennium Green", "Other Names_park": null, "flag_park": "OSM", "OS ID_park": null, "OSM ID_park": "822685334.0", "id_park": "VALWH_ccbaa44d3793", "Merged Count_park": 1, "Total Area (m²)_park": 23481.722195200917, "Other name(s) (OS)_park": null, "Type (OS)_park": null, "Other name(s) (OSM)_park": null, "Type (OSM)_park": "park", "Name (OS)_park": null, "Name (OSM)_park": "Millennium Green", "park_offical_id_park": "VALWH_145" }, "geometry": { "type": "Point", "coordinates": [ -1.306734251114264, 51.647525754425914 ] } },
{ "type": "Feature", "properties": { "longitude": -1.3067342511142641, "latitude": 51.647525754425914, "source": "OSMnx_edge_intersection", "entrance_type": "edge_crossing", "osm_entrance_type": "footway", "osm_barrier_type": null, "osmid": "116080036", "Primary Name_park": "Millennium Green", "Other Names_park": null, "flag_park": "OSM", "OS ID_park": null, "OSM ID_park": "822685334.0", "id_park": "VALWH_ccbaa44d3793", "Merged Count_park": 1, "Total Area (m²)_park": 23481.722195200917, "Other name(s) (OS)_park": null, "Type (OS)_park": null, "Other name(s) (OSM)_park": null, "Type (OSM)_park": "park", "Name (OS)_park": null, "Name (OSM)_park": "Millennium Green", "park_offical_id_park": "VALWH_145" }, "geometry": { "type": "Point", "coordinates": [ -1.306734251114264, 51.647525754425914 ] } },
{ "type": "Feature", "properties": { "longitude": -1.3079696629011941, "latitude": 51.647642807853408, "source": "OSMnx_edge_intersection", "entrance_type": "edge_crossing", "osm_entrance_type": "footway", "osm_barrier_type": null, "osmid": "618876481", "Primary Name_park": "Millennium Green", "Other Names_park": null, "flag_park": "OSM", "OS ID_park": null, "OSM ID_park": "822685334.0", "id_park": "VALWH_ccbaa44d3793", "Merged Count_park": 1, "Total Area (m²)_park": 23481.722195200917, "Other name(s) (OS)_park": null, "Type (OS)_park": null, "Other name(s) (OSM)_park": null, "Type (OSM)_park": "park", "Name (OS)_park": null, "Name (OSM)_park": "Millennium Green", "park_offical_id_park": "VALWH_145" }, "geometry": { "type": "Point", "coordinates": [ -1.307969662901194, 51.647642807853408 ] } },
{ "type": "Feature", "properties": { "longitude": -1.3079696629011941, "latitude": 51.647642807853408, "source": "OSMnx_edge_intersection", "entrance_type": "edge_crossing", "osm_entrance_type": "footway", "osm_barrier_type": null, "osmid": "618876481", "Primary Name_park": "Millennium Green", "Other Names_park": null, "flag_park": "OSM", "OS ID_park": null, "OSM ID_park": "822685334.0", "id_park": "VALWH_ccbaa44d3793", "Merged Count_park": 1, "Total Area (m²)_park": 23481.722195200917, "Other name(s) (OS)_park": null, "Type (OS)_park": null, "Other name(s) (OSM)_park": null, "Type (OSM)_park": "park", "Name (OS)_park": null, "Name (OSM)_park": "Millennium Green", "park_offical_id_park": "VALWH_145" }, "geometry": { "type": "Point", "coordinates": [ -1.307969662901194, 51.647642807853408 ] } },
{ "type": "Feature", "properties": { "longitude": -1.3077643340883851, "latitude": 51.648770336361885, "source": "OSMnx_edge_intersection", "entrance_type": "edge_crossing", "osm_entrance_type": "residential,footway", "osm_barrier_type": null, "osmid": "57146752,116080033", "Primary Name_park": "Millennium Green", "Other Names_park": null, "flag_park": "OSM", "OS ID_park": null, "OSM ID_park": "822685334.0", "id_park": "VALWH_ccbaa44d3793", "Merged Count_park": 1, "Total Area (m²)_park": 23481.722195200917, "Other name(s) (OS)_park": null, "Type (OS)_park": null, "Other name(s) (OSM)_park": null, "Type (OSM)_park": "park", "Name (OS)_park": null, "Name (OSM)_park": "Millennium Green", "park_offical_id_park": "VALWH_145" }, "geometry": { "type": "Point", "coordinates": [ -1.307764334088385, 51.648770336361885 ] } },
{ "type": "Feature", "properties": { "longitude": -1.3077643340883851, "latitude": 51.648770336361885, "source": "OSMnx_edge_intersection", "entrance_type": "edge_crossing", "osm_entrance_type": "footway,residential", "osm_barrier_type": null, "osmid": "57146752,116080033", "Primary Name_park": "Millennium Green", "Other Names_park": null, "flag_park": "OSM", "OS ID_park": null, "OSM ID_park": "822685334.0", "id_park": "VALWH_ccbaa44d3793", "Merged Count_park": 1, "Total Area (m²)_park": 23481.722195200917, "Other name(s) (OS)_park": null, "Type (OS)_park": null, "Other name(s) (OSM)_park": null, "Type (OSM)_park": "park", "Name (OS)_park": null, "Name (OSM)_park": "Millennium Green", "park_offical_id_park": "VALWH_145" }, "geometry": { "type": "Point", "coordinates": [ -1.307764334088385, 51.648770336361885 ] } },
{ "type": "Feature", "properties": { "longitude": -1.304193849379554, "latitude": 51.61330373526399, "source": "OSMnx_edge_intersection", "entrance_type": "edge_crossing", "osm_entrance_type": "footway", "osm_barrier_type": null, "osmid": "1245936430", "Primary Name_park": null, "Other Names_park": null, "flag_park": "OSM", "OS ID_park": null, "OSM ID_park": "958310043.0", "id_park": "VALWH_df2d06d97172", "Merged Count_park": 1, "Total Area (m²)_park": 15599.122956681549, "Other name(s) (OS)_park": null, "Type (OS)_park": null, "Other name(s) (OSM)_park": null, "Type (OSM)_park": "park", "Name (OS)_park": null, "Name (OSM)_park": null, "park_offical_id_park": "VALWH_155" }, "geometry": { "type": "Point", "coordinates": [ -1.304193849379554, 51.61330373526399 ] } },
{ "type": "Feature", "properties": { "longitude": -1.304193849379554, "latitude": 51.61330373526399, "source": "OSMnx_edge_intersection", "entrance_type": "edge_crossing", "osm_entrance_type": "footway", "osm_barrier_type": null, "osmid": "1245936430", "Primary Name_park": null, "Other Names_park": null, "flag_park": "OSM", "OS ID_park": null, "OSM ID_park": "958310043.0", "id_park": "VALWH_df2d06d97172", "Merged Count_park": 1, "Total Area (m²)_park": 15599.122956681549, "Other name(s) (OS)_park": null, "Type (OS)_park": null, "Other name(s) (OSM)_park": null, "Type (OSM)_park": "park", "Name (OS)_park": null, "Name (OSM)_park": null, "park_offical_id_park": "VALWH_155" }, "geometry": { "type": "Point", "coordinates": [ -1.304193849379554, 51.61330373526399 ] } },
{ "type": "Feature", "properties": { "longitude": -1.3055852745828251, "latitude": 51.613568923400834, "source": "OSMnx_edge_intersection", "entrance_type": "edge_crossing", "osm_entrance_type": "footway", "osm_barrier_type": null, "osmid": "1245936429", "Primary Name_park": null, "Other Names_park": null, "flag_park": "OSM", "OS ID_park": null, "OSM ID_park": "958310043.0", "id_park": "VALWH_df2d06d97172", "Merged Count_park": 1, "Total Area (m²)_park": 15599.122956681549, "Other name(s) (OS)_park": null, "Type (OS)_park": null, "Other name(s) (OSM)_park": null, "Type (OSM)_park": "park", "Name (OS)_park": null, "Name (OSM)_park": null, "park_offical_id_park": "VALWH_155" }, "geometry": { "type": "Point", "coordinates": [ -1.305585274582825, 51.613568923400834 ] } },
{ "type": "Feature", "properties": { "longitude": -1.3055852745828251, "latitude": 51.613568923400834, "source": "OSMnx_edge_intersection", "entrance_type": "edge_crossing", "osm_entrance_type": "footway", "osm_barrier_type": null, "osmid": "1245936429", "Primary Name_park": null, "Other Names_park": null, "flag_park": "OSM", "OS ID_park": null, "OSM ID_park": "958310043.0", "id_park": "VALWH_df2d06d97172", "Merged Count_park": 1, "Total Area (m²)_park": 15599.122956681549, "Other name(s) (OS)_park": null, "Type (OS)_park": null, "Other name(s) (OSM)_park": null, "Type (OSM)_park": "park", "Name (OS)_park": null, "Name (OSM)_park": null, "park_offical_id_park": "VALWH_155" }, "geometry": { "type": "Point", "coordinates": [ -1.305585274582825, 51.613568923400834 ] } },
{ "type": "Feature", "properties": { "longitude": -1.3048081361902382, "latitude": 51.614193784777498, "source": "OSMnx_edge_intersection", "entrance_type": "edge_crossing", "osm_entrance_type": "footway", "osm_barrier_type": null, "osmid": "1245936428", "Primary Name_park": null, "Other Names_park": null, "flag_park": "OSM", "OS ID_park": null, "OSM ID_park": "958310043.0", "id_park": "VALWH_df2d06d97172", "Merged Count_park": 1, "Total Area (m²)_park": 15599.122956681549, "Other name(s) (OS)_park": null, "Type (OS)_park": null, "Other name(s) (OSM)_park": null, "Type (OSM)_park": "park", "Name (OS)_park": null, "Name (OSM)_park": null, "park_offical_id_park": "VALWH_155" }, "geometry": { "type": "Point", "coordinates": [ -1.304808136190238, 51.614193784777498 ] } },
{ "type": "Feature", "properties": { "longitude": -1.3048081361902382, "latitude": 51.614193784777498, "source": "OSMnx_edge_intersection", "entrance_type": "edge_crossing", "osm_entrance_type": "footway", "osm_barrier_type": null, "osmid": "1245936428", "Primary Name_park": null, "Other Names_park": null, "flag_park": "OSM", "OS ID_park": null, "OSM ID_park": "958310043.0", "id_park": "VALWH_df2d06d97172", "Merged Count_park": 1, "Total Area (m²)_park": 15599.122956681549, "Other name(s) (OS)_park": null, "Type (OS)_park": null, "Other name(s) (OSM)_park": null, "Type (OSM)_park": "park", "Name (OS)_park": null, "Name (OSM)_park": null, "park_offical_id_park": "VALWH_155" }, "geometry": { "type": "Point", "coordinates": [ -1.304808136190238, 51.614193784777498 ] } },
{ "type": "Feature", "properties": { "longitude": -1.3024401819370119, "latitude": 51.613628644398425, "source": "OSMnx_edge_intersection", "entrance_type": "edge_crossing", "osm_entrance_type": "footway", "osm_barrier_type": null, "osmid": "1245936431", "Primary Name_park": null, "Other Names_park": null, "flag_park": "OSM", "OS ID_park": null, "OSM ID_park": "958310043.0", "id_park": "VALWH_df2d06d97172", "Merged Count_park": 1, "Total Area (m²)_park": 15599.122956681549, "Other name(s) (OS)_park": null, "Type (OS)_park": null, "Other name(s) (OSM)_park": null, "Type (OSM)_park": "park", "Name (OS)_park": null, "Name (OSM)_park": null, "park_offical_id_park": "VALWH_155" }, "geometry": { "type": "Point", "coordinates": [ -1.302440181937012, 51.613628644398425 ] } },
{ "type": "Feature", "properties": { "longitude": -1.3024401819370119, "latitude": 51.613628644398425, "source": "OSMnx_edge_intersection", "entrance_type": "edge_crossing", "osm_entrance_type": "footway", "osm_barrier_type": null, "osmid": "1245936431", "Primary Name_park": null, "Other Names_park": null, "flag_park": "OSM", "OS ID_park": null, "OSM ID_park": "958310043.0", "id_park": "VALWH_df2d06d97172", "Merged Count_park": 1, "Total Area (m²)_park": 15599.122956681549, "Other name(s) (OS)_park": null, "Type (OS)_park": null, "Other name(s) (OSM)_park": null, "Type (OSM)_park": "park", "Name (OS)_park": null, "Name (OSM)_park": null, "park_offical_id_park": "VALWH_155" }, "geometry": { "type": "Point", "coordinates": [ -1.302440181937012, 51.613628644398425 ] } },
{ "type": "Feature", "properties": { "longitude": -1.3057772, "latitude": 51.614248825015281, "source": "OSMnx_edge_intersection", "entrance_type": "edge_crossing", "osm_entrance_type": "footway", "osm_barrier_type": null, "osmid": "1245936431", "Primary Name_park": null, "Other Names_park": null, "flag_park": "OSM", "OS ID_park": null, "OSM ID_park": "958310043.0", "id_park": "VALWH_df2d06d97172", "Merged Count_park": 1, "Total Area (m²)_park": 15599.122956681549, "Other name(s) (OS)_park": null, "Type (OS)_park": null, "Other name(s) (OSM)_park": null, "Type (OSM)_park": "park", "Name (OS)_park": null, "Name (OSM)_park": null, "park_offical_id_park": "VALWH_155" }, "geometry": { "type": "Point", "coordinates": [ -1.3057772, 51.614248825015281 ] } },
{ "type": "Feature", "properties": { "longitude": -1.3057772, "latitude": 51.614248825015281, "source": "OSMnx_edge_intersection", "entrance_type": "edge_crossing", "osm_entrance_type": "footway", "osm_barrier_type": null, "osmid": "1245936431", "Primary Name_park": null, "Other Names_park": null, "flag_park": "OSM", "OS ID_park": null, "OSM ID_park": "958310043.0", "id_park": "VALWH_df2d06d97172", "Merged Count_park": 1, "Total Area (m²)_park": 15599.122956681549, "Other name(s) (OS)_park": null, "Type (OS)_park": null, "Other name(s) (OSM)_park": null, "Type (OSM)_park": "park", "Name (OS)_park": null, "Name (OSM)_park": null, "park_offical_id_park": "VALWH_155" }, "geometry": { "type": "Point", "coordinates": [ -1.3057772, 51.614248825015281 ] } },
{ "type": "Feature", "properties": { "longitude": -1.2977218791117275, "latitude": 51.622446909369593, "source": "OSMnx_edge_intersection", "entrance_type": "edge_crossing", "osm_entrance_type": "footway", "osm_barrier_type": null, "osmid": "1033100671", "Primary Name_park": null, "Other Names_park": null, "flag_park": "OSM", "OS ID_park": null, "OSM ID_park": "1033100655.0", "id_park": "VALWH_19d990ceacff", "Merged Count_park": 1, "Total Area (m²)_park": 977.72052959587631, "Other name(s) (OS)_park": null, "Type (OS)_park": null, "Other name(s) (OSM)_park": null, "Type (OSM)_park": "park", "Name (OS)_park": null, "Name (OSM)_park": null, "park_offical_id_park": "VALWH_167" }, "geometry": { "type": "Point", "coordinates": [ -1.297721879111728, 51.622446909369593 ] } },
{ "type": "Feature", "properties": { "longitude": -1.2977218791117275, "latitude": 51.622446909369593, "source": "OSMnx_edge_intersection", "entrance_type": "edge_crossing", "osm_entrance_type": "footway", "osm_barrier_type": null, "osmid": "1033100671", "Primary Name_park": null, "Other Names_park": null, "flag_park": "OSM", "OS ID_park": null, "OSM ID_park": "1033100655.0", "id_park": "VALWH_19d990ceacff", "Merged Count_park": 1, "Total Area (m²)_park": 977.72052959587631, "Other name(s) (OS)_park": null, "Type (OS)_park": null, "Other name(s) (OSM)_park": null, "Type (OSM)_park": "park", "Name (OS)_park": null, "Name (OSM)_park": null, "park_offical_id_park": "VALWH_167" }, "geometry": { "type": "Point", "coordinates": [ -1.297721879111728, 51.622446909369593 ] } },
{ "type": "Feature", "properties": { "longitude": -1.2974231865333525, "latitude": 51.623096682946397, "source": "OSMnx_edge_intersection", "entrance_type": "edge_crossing", "osm_entrance_type": "footway", "osm_barrier_type": null, "osmid": "1033100666", "Primary Name_park": null, "Other Names_park": null, "flag_park": "OSM", "OS ID_park": null, "OSM ID_park": "1033100655.0", "id_park": "VALWH_19d990ceacff", "Merged Count_park": 1, "Total Area (m²)_park": 977.72052959587631, "Other name(s) (OS)_park": null, "Type (OS)_park": null, "Other name(s) (OSM)_park": null, "Type (OSM)_park": "park", "Name (OS)_park": null, "Name (OSM)_park": null, "park_offical_id_park": "VALWH_167" }, "geometry": { "type": "Point", "coordinates": [ -1.297423186533353, 51.623096682946397 ] } },
{ "type": "Feature", "properties": { "longitude": -1.2974231865333525, "latitude": 51.623096682946397, "source": "OSMnx_edge_intersection", "entrance_type": "edge_crossing", "osm_entrance_type": "footway", "osm_barrier_type": null, "osmid": "1033100666", "Primary Name_park": null, "Other Names_park": null, "flag_park": "OSM", "OS ID_park": null, "OSM ID_park": "1033100655.0", "id_park": "VALWH_19d990ceacff", "Merged Count_park": 1, "Total Area (m²)_park": 977.72052959587631, "Other name(s) (OS)_park": null, "Type (OS)_park": null, "Other name(s) (OSM)_park": null, "Type (OSM)_park": "park", "Name (OS)_park": null, "Name (OSM)_park": null, "park_offical_id_park": "VALWH_167" }, "geometry": { "type": "Point", "coordinates": [ -1.297423186533353, 51.623096682946397 ] } },
{ "type": "Feature", "properties": { "longitude": -1.2978764118403276, "latitude": 51.62248160036139, "source": "OSMnx_edge_intersection", "entrance_type": "edge_crossing", "osm_entrance_type": "footway", "osm_barrier_type": null, "osmid": "1033100671", "Primary Name_park": null, "Other Names_park": null, "flag_park": "OSM", "OS ID_park": null, "OSM ID_park": "1033100655.0", "id_park": "VALWH_19d990ceacff", "Merged Count_park": 1, "Total Area (m²)_park": 977.72052959587631, "Other name(s) (OS)_park": null, "Type (OS)_park": null, "Other name(s) (OSM)_park": null, "Type (OSM)_park": "park", "Name (OS)_park": null, "Name (OSM)_park": null, "park_offical_id_park": "VALWH_167" }, "geometry": { "type": "Point", "coordinates": [ -1.297876411840328, 51.62248160036139 ] } },
{ "type": "Feature", "properties": { "longitude": -1.2978764118403276, "latitude": 51.62248160036139, "source": "OSMnx_edge_intersection", "entrance_type": "edge_crossing", "osm_entrance_type": "footway", "osm_barrier_type": null, "osmid": "1033100671", "Primary Name_park": null, "Other Names_park": null, "flag_park": "OSM", "OS ID_park": null, "OSM ID_park": "1033100655.0", "id_park": "VALWH_19d990ceacff", "Merged Count_park": 1, "Total Area (m²)_park": 977.72052959587631, "Other name(s) (OS)_park": null, "Type (OS)_park": null, "Other name(s) (OSM)_park": null, "Type (OSM)_park": "park", "Name (OS)_park": null, "Name (OSM)_park": null, "park_offical_id_park": "VALWH_167" }, "geometry": { "type": "Point", "coordinates": [ -1.297876411840328, 51.62248160036139 ] } },
{ "type": "Feature", "properties": { "longitude": -1.2976409962679694, "latitude": 51.62288589475115, "source": "OSMnx_edge_intersection", "entrance_type": "edge_crossing", "osm_entrance_type": "footway", "osm_barrier_type": null, "osmid": "1033100667", "Primary Name_park": null, "Other Names_park": null, "flag_park": "OSM", "OS ID_park": null, "OSM ID_park": "1033100655.0", "id_park": "VALWH_19d990ceacff", "Merged Count_park": 1, "Total Area (m²)_park": 977.72052959587631, "Other name(s) (OS)_park": null, "Type (OS)_park": null, "Other name(s) (OSM)_park": null, "Type (OSM)_park": "park", "Name (OS)_park": null, "Name (OSM)_park": null, "park_offical_id_park": "VALWH_167" }, "geometry": { "type": "Point", "coordinates": [ -1.297640996267969, 51.62288589475115 ] } },
{ "type": "Feature", "properties": { "longitude": -1.2976409962679694, "latitude": 51.62288589475115, "source": "OSMnx_edge_intersection", "entrance_type": "edge_crossing", "osm_entrance_type": "footway", "osm_barrier_type": null, "osmid": "1033100667", "Primary Name_park": null, "Other Names_park": null, "flag_park": "OSM", "OS ID_park": null, "OSM ID_park": "1033100655.0", "id_park": "VALWH_19d990ceacff", "Merged Count_park": 1, "Total Area (m²)_park": 977.72052959587631, "Other name(s) (OS)_park": null, "Type (OS)_park": null, "Other name(s) (OSM)_park": null, "Type (OSM)_park": "park", "Name (OS)_park": null, "Name (OSM)_park": null, "park_offical_id_park": "VALWH_167" }, "geometry": { "type": "Point", "coordinates": [ -1.297640996267969, 51.62288589475115 ] } },
{ "type": "Feature", "properties": { "longitude": -1.2335644478193142, "latitude": 51.707151262709637, "source": "OSMnx_edge_intersection", "entrance_type": "edge_crossing", "osm_entrance_type": "footway", "osm_barrier_type": null, "osmid": "1150772971,4048262", "Primary Name_park": null, "Other Names_park": null, "flag_park": "OSM", "OS ID_park": null, "OSM ID_park": "1033861840.0", "id_park": "VALWH_2b79aa0e0569", "Merged Count_park": 1, "Total Area (m²)_park": 4394.1928848813432, "Other name(s) (OS)_park": null, "Type (OS)_park": null, "Other name(s) (OSM)_park": null, "Type (OSM)_park": "park", "Name (OS)_park": null, "Name (OSM)_park": null, "park_offical_id_park": "VALWH_168" }, "geometry": { "type": "Point", "coordinates": [ -1.233564447819314, 51.707151262709637 ] } },
{ "type": "Feature", "properties": { "longitude": -1.2335644478193142, "latitude": 51.707151262709637, "source": "OSMnx_edge_intersection", "entrance_type": "edge_crossing", "osm_entrance_type": "footway", "osm_barrier_type": null, "osmid": "1150772971,4048262", "Primary Name_park": null, "Other Names_park": null, "flag_park": "OSM", "OS ID_park": null, "OSM ID_park": "1033861840.0", "id_park": "VALWH_2b79aa0e0569", "Merged Count_park": 1, "Total Area (m²)_park": 4394.1928848813432, "Other name(s) (OS)_park": null, "Type (OS)_park": null, "Other name(s) (OSM)_park": null, "Type (OSM)_park": "park", "Name (OS)_park": null, "Name (OSM)_park": null, "park_offical_id_park": "VALWH_168" }, "geometry": { "type": "Point", "coordinates": [ -1.233564447819314, 51.707151262709637 ] } },
{ "type": "Feature", "properties": { "longitude": -1.2330358, "latitude": 51.7079689, "source": "OSMnx_edge_intersection", "entrance_type": "edge_crossing", "osm_entrance_type": "steps,footway", "osm_barrier_type": null, "osmid": "1033861846,1033861847", "Primary Name_park": null, "Other Names_park": null, "flag_park": "OSM", "OS ID_park": null, "OSM ID_park": "1033861840.0", "id_park": "VALWH_2b79aa0e0569", "Merged Count_park": 1, "Total Area (m²)_park": 4394.1928848813432, "Other name(s) (OS)_park": null, "Type (OS)_park": null, "Other name(s) (OSM)_park": null, "Type (OSM)_park": "park", "Name (OS)_park": null, "Name (OSM)_park": null, "park_offical_id_park": "VALWH_168" }, "geometry": { "type": "Point", "coordinates": [ -1.23303580000002, 51.707968899999969 ] } },
{ "type": "Feature", "properties": { "longitude": -1.2330358, "latitude": 51.7079689, "source": "OSMnx_edge_intersection", "entrance_type": "edge_crossing", "osm_entrance_type": "steps,footway", "osm_barrier_type": null, "osmid": "1033861846,1033861847", "Primary Name_park": null, "Other Names_park": null, "flag_park": "OSM", "OS ID_park": null, "OSM ID_park": "1033861840.0", "id_park": "VALWH_2b79aa0e0569", "Merged Count_park": 1, "Total Area (m²)_park": 4394.1928848813432, "Other name(s) (OS)_park": null, "Type (OS)_park": null, "Other name(s) (OSM)_park": null, "Type (OSM)_park": "park", "Name (OS)_park": null, "Name (OSM)_park": null, "park_offical_id_park": "VALWH_168" }, "geometry": { "type": "Point", "coordinates": [ -1.23303580000002, 51.707968899999969 ] } },
{ "type": "Feature", "properties": { "longitude": -1.2331126493131985, "latitude": 51.707958883884181, "source": "OSMnx_edge_intersection", "entrance_type": "edge_crossing", "osm_entrance_type": "footway", "osm_barrier_type": null, "osmid": "1375363815", "Primary Name_park": null, "Other Names_park": null, "flag_park": "OSM", "OS ID_park": null, "OSM ID_park": "1033861840.0", "id_park": "VALWH_2b79aa0e0569", "Merged Count_park": 1, "Total Area (m²)_park": 4394.1928848813432, "Other name(s) (OS)_park": null, "Type (OS)_park": null, "Other name(s) (OSM)_park": null, "Type (OSM)_park": "park", "Name (OS)_park": null, "Name (OSM)_park": null, "park_offical_id_park": "VALWH_168" }, "geometry": { "type": "Point", "coordinates": [ -1.233112649313199, 51.707958883884181 ] } },
{ "type": "Feature", "properties": { "longitude": -1.2331126493131985, "latitude": 51.707958883884181, "source": "OSMnx_edge_intersection", "entrance_type": "edge_crossing", "osm_entrance_type": "footway", "osm_barrier_type": null, "osmid": "1375363815", "Primary Name_park": null, "Other Names_park": null, "flag_park": "OSM", "OS ID_park": null, "OSM ID_park": "1033861840.0", "id_park": "VALWH_2b79aa0e0569", "Merged Count_park": 1, "Total Area (m²)_park": 4394.1928848813432, "Other name(s) (OS)_park": null, "Type (OS)_park": null, "Other name(s) (OSM)_park": null, "Type (OSM)_park": "park", "Name (OS)_park": null, "Name (OSM)_park": null, "park_offical_id_park": "VALWH_168" }, "geometry": { "type": "Point", "coordinates": [ -1.233112649313199, 51.707958883884181 ] } },
{ "type": "Feature", "properties": { "longitude": -1.2865715126580957, "latitude": 51.666050547514857, "source": "OSMnx_edge_intersection", "entrance_type": "edge_crossing", "osm_entrance_type": "footway", "osm_barrier_type": null, "osmid": "112786639", "Primary Name_park": null, "Other Names_park": null, "flag_park": "OSM", "OS ID_park": null, "OSM ID_park": "1077121081.0", "id_park": "VALWH_7a85a8fa7158", "Merged Count_park": 1, "Total Area (m²)_park": 6099.6957590180273, "Other name(s) (OS)_park": null, "Type (OS)_park": null, "Other name(s) (OSM)_park": null, "Type (OSM)_park": "park", "Name (OS)_park": null, "Name (OSM)_park": null, "park_offical_id_park": "VALWH_170" }, "geometry": { "type": "Point", "coordinates": [ -1.286571512658096, 51.666050547514857 ] } },
{ "type": "Feature", "properties": { "longitude": -1.2865715126580957, "latitude": 51.666050547514857, "source": "OSMnx_edge_intersection", "entrance_type": "edge_crossing", "osm_entrance_type": "footway", "osm_barrier_type": null, "osmid": "112786639", "Primary Name_park": null, "Other Names_park": null, "flag_park": "OSM", "OS ID_park": null, "OSM ID_park": "1077121081.0", "id_park": "VALWH_7a85a8fa7158", "Merged Count_park": 1, "Total Area (m²)_park": 6099.6957590180273, "Other name(s) (OS)_park": null, "Type (OS)_park": null, "Other name(s) (OSM)_park": null, "Type (OSM)_park": "park", "Name (OS)_park": null, "Name (OSM)_park": null, "park_offical_id_park": "VALWH_170" }, "geometry": { "type": "Point", "coordinates": [ -1.286571512658096, 51.666050547514857 ] } },
{ "type": "Feature", "properties": { "longitude": -1.2900209782746768, "latitude": 51.665579415981639, "source": "OSMnx_edge_intersection", "entrance_type": "edge_crossing", "osm_entrance_type": "footway", "osm_barrier_type": null, "osmid": "728076754", "Primary Name_park": null, "Other Names_park": null, "flag_park": "OSM", "OS ID_park": null, "OSM ID_park": "1077121081.0", "id_park": "VALWH_7a85a8fa7158", "Merged Count_park": 1, "Total Area (m²)_park": 6099.6957590180273, "Other name(s) (OS)_park": null, "Type (OS)_park": null, "Other name(s) (OSM)_park": null, "Type (OSM)_park": "park", "Name (OS)_park": null, "Name (OSM)_park": null, "park_offical_id_park": "VALWH_170" }, "geometry": { "type": "Point", "coordinates": [ -1.290020978274677, 51.665579415981639 ] } },
{ "type": "Feature", "properties": { "longitude": -1.2900209782746768, "latitude": 51.665579415981639, "source": "OSMnx_edge_intersection", "entrance_type": "edge_crossing", "osm_entrance_type": "footway", "osm_barrier_type": null, "osmid": "728076754", "Primary Name_park": null, "Other Names_park": null, "flag_park": "OSM", "OS ID_park": null, "OSM ID_park": "1077121081.0", "id_park": "VALWH_7a85a8fa7158", "Merged Count_park": 1, "Total Area (m²)_park": 6099.6957590180273, "Other name(s) (OS)_park": null, "Type (OS)_park": null, "Other name(s) (OSM)_park": null, "Type (OSM)_park": "park", "Name (OS)_park": null, "Name (OSM)_park": null, "park_offical_id_park": "VALWH_170" }, "geometry": { "type": "Point", "coordinates": [ -1.290020978274677, 51.665579415981639 ] } },
{ "type": "Feature", "properties": { "longitude": -1.2904705091368132, "latitude": 51.665663054982254, "source": "OSMnx_edge_intersection", "entrance_type": "edge_crossing", "osm_entrance_type": "footway", "osm_barrier_type": null, "osmid": "1077121084", "Primary Name_park": null, "Other Names_park": null, "flag_park": "OSM", "OS ID_park": null, "OSM ID_park": "1077121081.0", "id_park": "VALWH_7a85a8fa7158", "Merged Count_park": 1, "Total Area (m²)_park": 6099.6957590180273, "Other name(s) (OS)_park": null, "Type (OS)_park": null, "Other name(s) (OSM)_park": null, "Type (OSM)_park": "park", "Name (OS)_park": null, "Name (OSM)_park": null, "park_offical_id_park": "VALWH_170" }, "geometry": { "type": "Point", "coordinates": [ -1.290470509136813, 51.665663054982254 ] } },
{ "type": "Feature", "properties": { "longitude": -1.2904705091368132, "latitude": 51.665663054982254, "source": "OSMnx_edge_intersection", "entrance_type": "edge_crossing", "osm_entrance_type": "footway", "osm_barrier_type": null, "osmid": "1077121084", "Primary Name_park": null, "Other Names_park": null, "flag_park": "OSM", "OS ID_park": null, "OSM ID_park": "1077121081.0", "id_park": "VALWH_7a85a8fa7158", "Merged Count_park": 1, "Total Area (m²)_park": 6099.6957590180273, "Other name(s) (OS)_park": null, "Type (OS)_park": null, "Other name(s) (OSM)_park": null, "Type (OSM)_park": "park", "Name (OS)_park": null, "Name (OSM)_park": null, "park_offical_id_park": "VALWH_170" }, "geometry": { "type": "Point", "coordinates": [ -1.290470509136813, 51.665663054982254 ] } },
{ "type": "Feature", "properties": { "longitude": -1.2860180077324062, "latitude": 51.666042246155783, "source": "OSMnx_edge_intersection", "entrance_type": "edge_crossing", "osm_entrance_type": "service,footway", "osm_barrier_type": null, "osmid": "1194734890,1077121083,617418654", "Primary Name_park": null, "Other Names_park": null, "flag_park": "OSM", "OS ID_park": null, "OSM ID_park": "1077121081.0", "id_park": "VALWH_7a85a8fa7158", "Merged Count_park": 1, "Total Area (m²)_park": 6099.6957590180273, "Other name(s) (OS)_park": null, "Type (OS)_park": null, "Other name(s) (OSM)_park": null, "Type (OSM)_park": "park", "Name (OS)_park": null, "Name (OSM)_park": null, "park_offical_id_park": "VALWH_170" }, "geometry": { "type": "Point", "coordinates": [ -1.286018007732406, 51.666042246155783 ] } },
{ "type": "Feature", "properties": { "longitude": -1.2860180077324062, "latitude": 51.666042246155783, "source": "OSMnx_edge_intersection", "entrance_type": "edge_crossing", "osm_entrance_type": "service,footway", "osm_barrier_type": null, "osmid": "1194734890,1077121083,617418654", "Primary Name_park": null, "Other Names_park": null, "flag_park": "OSM", "OS ID_park": null, "OSM ID_park": "1077121081.0", "id_park": "VALWH_7a85a8fa7158", "Merged Count_park": 1, "Total Area (m²)_park": 6099.6957590180273, "Other name(s) (OS)_park": null, "Type (OS)_park": null, "Other name(s) (OSM)_park": null, "Type (OSM)_park": "park", "Name (OS)_park": null, "Name (OSM)_park": null, "park_offical_id_park": "VALWH_170" }, "geometry": { "type": "Point", "coordinates": [ -1.286018007732406, 51.666042246155783 ] } },
{ "type": "Feature", "properties": { "longitude": -1.2860343141998494, "latitude": 51.666397375184644, "source": "OSMnx_edge_intersection", "entrance_type": "edge_crossing", "osm_entrance_type": "footway", "osm_barrier_type": null, "osmid": "617418654", "Primary Name_park": null, "Other Names_park": null, "flag_park": "OSM", "OS ID_park": null, "OSM ID_park": "1077121081.0", "id_park": "VALWH_7a85a8fa7158", "Merged Count_park": 1, "Total Area (m²)_park": 6099.6957590180273, "Other name(s) (OS)_park": null, "Type (OS)_park": null, "Other name(s) (OSM)_park": null, "Type (OSM)_park": "park", "Name (OS)_park": null, "Name (OSM)_park": null, "park_offical_id_park": "VALWH_170" }, "geometry": { "type": "Point", "coordinates": [ -1.286034314199849, 51.666397375184644 ] } },
{ "type": "Feature", "properties": { "longitude": -1.2860343141998494, "latitude": 51.666397375184644, "source": "OSMnx_edge_intersection", "entrance_type": "edge_crossing", "osm_entrance_type": "footway", "osm_barrier_type": null, "osmid": "617418654", "Primary Name_park": null, "Other Names_park": null, "flag_park": "OSM", "OS ID_park": null, "OSM ID_park": "1077121081.0", "id_park": "VALWH_7a85a8fa7158", "Merged Count_park": 1, "Total Area (m²)_park": 6099.6957590180273, "Other name(s) (OS)_park": null, "Type (OS)_park": null, "Other name(s) (OSM)_park": null, "Type (OSM)_park": "park", "Name (OS)_park": null, "Name (OSM)_park": null, "park_offical_id_park": "VALWH_170" }, "geometry": { "type": "Point", "coordinates": [ -1.286034314199849, 51.666397375184644 ] } },
{ "type": "Feature", "properties": { "longitude": -1.2684293194137344, "latitude": 51.598299592578911, "source": "OSMnx_edge_intersection", "entrance_type": "edge_crossing", "osm_entrance_type": "footway", "osm_barrier_type": null, "osmid": "1101922241", "Primary Name_park": null, "Other Names_park": null, "flag_park": "OSM", "OS ID_park": null, "OSM ID_park": "1129580924.0", "id_park": "VALWH_6a445481f8b8", "Merged Count_park": 1, "Total Area (m²)_park": 33007.842827070883, "Other name(s) (OS)_park": null, "Type (OS)_park": null, "Other name(s) (OSM)_park": null, "Type (OSM)_park": "park", "Name (OS)_park": null, "Name (OSM)_park": null, "park_offical_id_park": "VALWH_172" }, "geometry": { "type": "Point", "coordinates": [ -1.268429319413734, 51.598299592578911 ] } },
{ "type": "Feature", "properties": { "longitude": -1.2684293194137344, "latitude": 51.598299592578911, "source": "OSMnx_edge_intersection", "entrance_type": "edge_crossing", "osm_entrance_type": "footway", "osm_barrier_type": null, "osmid": "1101922241", "Primary Name_park": null, "Other Names_park": null, "flag_park": "OSM", "OS ID_park": null, "OSM ID_park": "1129580924.0", "id_park": "VALWH_6a445481f8b8", "Merged Count_park": 1, "Total Area (m²)_park": 33007.842827070883, "Other name(s) (OS)_park": null, "Type (OS)_park": null, "Other name(s) (OSM)_park": null, "Type (OSM)_park": "park", "Name (OS)_park": null, "Name (OSM)_park": null, "park_offical_id_park": "VALWH_172" }, "geometry": { "type": "Point", "coordinates": [ -1.268429319413734, 51.598299592578911 ] } },
{ "type": "Feature", "properties": { "longitude": -1.2691853745153814, "latitude": 51.598552848425577, "source": "OSMnx_edge_intersection", "entrance_type": "edge_crossing", "osm_entrance_type": "footway,residential", "osm_barrier_type": null, "osmid": "1259200067,938182701", "Primary Name_park": null, "Other Names_park": null, "flag_park": "OSM", "OS ID_park": null, "OSM ID_park": "1129580924.0", "id_park": "VALWH_6a445481f8b8", "Merged Count_park": 1, "Total Area (m²)_park": 33007.842827070883, "Other name(s) (OS)_park": null, "Type (OS)_park": null, "Other name(s) (OSM)_park": null, "Type (OSM)_park": "park", "Name (OS)_park": null, "Name (OSM)_park": null, "park_offical_id_park": "VALWH_172" }, "geometry": { "type": "Point", "coordinates": [ -1.269185374515381, 51.598552848425577 ] } },
{ "type": "Feature", "properties": { "longitude": -1.2691853745153814, "latitude": 51.598552848425577, "source": "OSMnx_edge_intersection", "entrance_type": "edge_crossing", "osm_entrance_type": "residential,footway", "osm_barrier_type": null, "osmid": "1259200067,938182701", "Primary Name_park": null, "Other Names_park": null, "flag_park": "OSM", "OS ID_park": null, "OSM ID_park": "1129580924.0", "id_park": "VALWH_6a445481f8b8", "Merged Count_park": 1, "Total Area (m²)_park": 33007.842827070883, "Other name(s) (OS)_park": null, "Type (OS)_park": null, "Other name(s) (OSM)_park": null, "Type (OSM)_park": "park", "Name (OS)_park": null, "Name (OSM)_park": null, "park_offical_id_park": "VALWH_172" }, "geometry": { "type": "Point", "coordinates": [ -1.269185374515381, 51.598552848425577 ] } },
{ "type": "Feature", "properties": { "longitude": -1.2697271171215727, "latitude": 51.600367376152732, "source": "OSMnx_edge_intersection", "entrance_type": "edge_crossing", "osm_entrance_type": "footway", "osm_barrier_type": null, "osmid": "1101922241", "Primary Name_park": null, "Other Names_park": null, "flag_park": "OSM", "OS ID_park": null, "OSM ID_park": "1129580924.0", "id_park": "VALWH_6a445481f8b8", "Merged Count_park": 1, "Total Area (m²)_park": 33007.842827070883, "Other name(s) (OS)_park": null, "Type (OS)_park": null, "Other name(s) (OSM)_park": null, "Type (OSM)_park": "park", "Name (OS)_park": null, "Name (OSM)_park": null, "park_offical_id_park": "VALWH_172" }, "geometry": { "type": "Point", "coordinates": [ -1.269727117121573, 51.600367376152732 ] } },
{ "type": "Feature", "properties": { "longitude": -1.2697271171215727, "latitude": 51.600367376152732, "source": "OSMnx_edge_intersection", "entrance_type": "edge_crossing", "osm_entrance_type": "footway", "osm_barrier_type": null, "osmid": "1101922241", "Primary Name_park": null, "Other Names_park": null, "flag_park": "OSM", "OS ID_park": null, "OSM ID_park": "1129580924.0", "id_park": "VALWH_6a445481f8b8", "Merged Count_park": 1, "Total Area (m²)_park": 33007.842827070883, "Other name(s) (OS)_park": null, "Type (OS)_park": null, "Other name(s) (OSM)_park": null, "Type (OSM)_park": "park", "Name (OS)_park": null, "Name (OSM)_park": null, "park_offical_id_park": "VALWH_172" }, "geometry": { "type": "Point", "coordinates": [ -1.269727117121573, 51.600367376152732 ] } },
{ "type": "Feature", "properties": { "longitude": -1.2687409847187496, "latitude": 51.598786480805984, "source": "OSMnx_edge_intersection", "entrance_type": "edge_crossing", "osm_entrance_type": "footway", "osm_barrier_type": null, "osmid": "1259200058", "Primary Name_park": null, "Other Names_park": null, "flag_park": "OSM", "OS ID_park": null, "OSM ID_park": "1129580924.0", "id_park": "VALWH_6a445481f8b8", "Merged Count_park": 1, "Total Area (m²)_park": 33007.842827070883, "Other name(s) (OS)_park": null, "Type (OS)_park": null, "Other name(s) (OSM)_park": null, "Type (OSM)_park": "park", "Name (OS)_park": null, "Name (OSM)_park": null, "park_offical_id_park": "VALWH_172" }, "geometry": { "type": "Point", "coordinates": [ -1.26874098471875, 51.598786480805984 ] } },
{ "type": "Feature", "properties": { "longitude": -1.2687409847187496, "latitude": 51.598786480805984, "source": "OSMnx_edge_intersection", "entrance_type": "edge_crossing", "osm_entrance_type": "footway", "osm_barrier_type": null, "osmid": "1259200058", "Primary Name_park": null, "Other Names_park": null, "flag_park": "OSM", "OS ID_park": null, "OSM ID_park": "1129580924.0", "id_park": "VALWH_6a445481f8b8", "Merged Count_park": 1, "Total Area (m²)_park": 33007.842827070883, "Other name(s) (OS)_park": null, "Type (OS)_park": null, "Other name(s) (OSM)_park": null, "Type (OSM)_park": "park", "Name (OS)_park": null, "Name (OSM)_park": null, "park_offical_id_park": "VALWH_172" }, "geometry": { "type": "Point", "coordinates": [ -1.26874098471875, 51.598786480805984 ] } },
{ "type": "Feature", "properties": { "longitude": -1.2691518118748029, "latitude": 51.599779672567898, "source": "OSMnx_edge_intersection", "entrance_type": "edge_crossing", "osm_entrance_type": "footway", "osm_barrier_type": null, "osmid": "1129580929", "Primary Name_park": null, "Other Names_park": null, "flag_park": "OSM", "OS ID_park": null, "OSM ID_park": "1129580924.0", "id_park": "VALWH_6a445481f8b8", "Merged Count_park": 1, "Total Area (m²)_park": 33007.842827070883, "Other name(s) (OS)_park": null, "Type (OS)_park": null, "Other name(s) (OSM)_park": null, "Type (OSM)_park": "park", "Name (OS)_park": null, "Name (OSM)_park": null, "park_offical_id_park": "VALWH_172" }, "geometry": { "type": "Point", "coordinates": [ -1.269151811874803, 51.599779672567898 ] } },
{ "type": "Feature", "properties": { "longitude": -1.2691518118748029, "latitude": 51.599779672567898, "source": "OSMnx_edge_intersection", "entrance_type": "edge_crossing", "osm_entrance_type": "footway", "osm_barrier_type": null, "osmid": "1129580929", "Primary Name_park": null, "Other Names_park": null, "flag_park": "OSM", "OS ID_park": null, "OSM ID_park": "1129580924.0", "id_park": "VALWH_6a445481f8b8", "Merged Count_park": 1, "Total Area (m²)_park": 33007.842827070883, "Other name(s) (OS)_park": null, "Type (OS)_park": null, "Other name(s) (OSM)_park": null, "Type (OSM)_park": "park", "Name (OS)_park": null, "Name (OSM)_park": null, "park_offical_id_park": "VALWH_172" }, "geometry": { "type": "Point", "coordinates": [ -1.269151811874803, 51.599779672567898 ] } },
{ "type": "Feature", "properties": { "longitude": -1.2692088442805269, "latitude": 51.599918594975613, "source": "OSMnx_edge_intersection", "entrance_type": "edge_crossing", "osm_entrance_type": "footway", "osm_barrier_type": null, "osmid": "1129580929", "Primary Name_park": null, "Other Names_park": null, "flag_park": "OSM", "OS ID_park": null, "OSM ID_park": "1129580924.0", "id_park": "VALWH_6a445481f8b8", "Merged Count_park": 1, "Total Area (m²)_park": 33007.842827070883, "Other name(s) (OS)_park": null, "Type (OS)_park": null, "Other name(s) (OSM)_park": null, "Type (OSM)_park": "park", "Name (OS)_park": null, "Name (OSM)_park": null, "park_offical_id_park": "VALWH_172" }, "geometry": { "type": "Point", "coordinates": [ -1.269208844280527, 51.599918594975613 ] } },
{ "type": "Feature", "properties": { "longitude": -1.2692088442805269, "latitude": 51.599918594975613, "source": "OSMnx_edge_intersection", "entrance_type": "edge_crossing", "osm_entrance_type": "footway", "osm_barrier_type": null, "osmid": "1129580929", "Primary Name_park": null, "Other Names_park": null, "flag_park": "OSM", "OS ID_park": null, "OSM ID_park": "1129580924.0", "id_park": "VALWH_6a445481f8b8", "Merged Count_park": 1, "Total Area (m²)_park": 33007.842827070883, "Other name(s) (OS)_park": null, "Type (OS)_park": null, "Other name(s) (OSM)_park": null, "Type (OSM)_park": "park", "Name (OS)_park": null, "Name (OSM)_park": null, "park_offical_id_park": "VALWH_172" }, "geometry": { "type": "Point", "coordinates": [ -1.269208844280527, 51.599918594975613 ] } },
{ "type": "Feature", "properties": { "longitude": -1.2699107988252751, "latitude": 51.600439195693319, "source": "OSMnx_edge_intersection", "entrance_type": "edge_crossing", "osm_entrance_type": "service", "osm_barrier_type": null, "osmid": "1102379930", "Primary Name_park": null, "Other Names_park": null, "flag_park": "OSM", "OS ID_park": null, "OSM ID_park": "1129580924.0", "id_park": "VALWH_6a445481f8b8", "Merged Count_park": 1, "Total Area (m²)_park": 33007.842827070883, "Other name(s) (OS)_park": null, "Type (OS)_park": null, "Other name(s) (OSM)_park": null, "Type (OSM)_park": "park", "Name (OS)_park": null, "Name (OSM)_park": null, "park_offical_id_park": "VALWH_172" }, "geometry": { "type": "Point", "coordinates": [ -1.269910798825275, 51.600439195693319 ] } },
{ "type": "Feature", "properties": { "longitude": -1.2699107988252751, "latitude": 51.600439195693319, "source": "OSMnx_edge_intersection", "entrance_type": "edge_crossing", "osm_entrance_type": "service", "osm_barrier_type": null, "osmid": "1102379930", "Primary Name_park": null, "Other Names_park": null, "flag_park": "OSM", "OS ID_park": null, "OSM ID_park": "1129580924.0", "id_park": "VALWH_6a445481f8b8", "Merged Count_park": 1, "Total Area (m²)_park": 33007.842827070883, "Other name(s) (OS)_park": null, "Type (OS)_park": null, "Other name(s) (OSM)_park": null, "Type (OSM)_park": "park", "Name (OS)_park": null, "Name (OSM)_park": null, "park_offical_id_park": "VALWH_172" }, "geometry": { "type": "Point", "coordinates": [ -1.269910798825275, 51.600439195693319 ] } },
{ "type": "Feature", "properties": { "longitude": -1.2396470883078419, "latitude": 51.703680820695872, "source": "OSMnx_edge_intersection", "entrance_type": "edge_crossing", "osm_entrance_type": "footway", "osm_barrier_type": null, "osmid": "1246174418", "Primary Name_park": null, "Other Names_park": null, "flag_park": "OSM", "OS ID_park": null, "OSM ID_park": "1246174416.0", "id_park": "VALWH_7e60ffc0f653", "Merged Count_park": 1, "Total Area (m²)_park": 2163.2206853271232, "Other name(s) (OS)_park": null, "Type (OS)_park": null, "Other name(s) (OSM)_park": null, "Type (OSM)_park": "park", "Name (OS)_park": null, "Name (OSM)_park": null, "park_offical_id_park": "VALWH_176" }, "geometry": { "type": "Point", "coordinates": [ -1.239647088307842, 51.703680820695872 ] } },
{ "type": "Feature", "properties": { "longitude": -1.2396470883078419, "latitude": 51.703680820695872, "source": "OSMnx_edge_intersection", "entrance_type": "edge_crossing", "osm_entrance_type": "footway", "osm_barrier_type": null, "osmid": "1246174418", "Primary Name_park": null, "Other Names_park": null, "flag_park": "OSM", "OS ID_park": null, "OSM ID_park": "1246174416.0", "id_park": "VALWH_7e60ffc0f653", "Merged Count_park": 1, "Total Area (m²)_park": 2163.2206853271232, "Other name(s) (OS)_park": null, "Type (OS)_park": null, "Other name(s) (OSM)_park": null, "Type (OSM)_park": "park", "Name (OS)_park": null, "Name (OSM)_park": null, "park_offical_id_park": "VALWH_176" }, "geometry": { "type": "Point", "coordinates": [ -1.239647088307842, 51.703680820695872 ] } },
{ "type": "Feature", "properties": { "longitude": -1.2401806296848505, "latitude": 51.704090425768605, "source": "OSMnx_edge_intersection", "entrance_type": "edge_crossing", "osm_entrance_type": "footway", "osm_barrier_type": null, "osmid": "1246174418", "Primary Name_park": null, "Other Names_park": null, "flag_park": "OSM", "OS ID_park": null, "OSM ID_park": "1246174416.0", "id_park": "VALWH_7e60ffc0f653", "Merged Count_park": 1, "Total Area (m²)_park": 2163.2206853271232, "Other name(s) (OS)_park": null, "Type (OS)_park": null, "Other name(s) (OSM)_park": null, "Type (OSM)_park": "park", "Name (OS)_park": null, "Name (OSM)_park": null, "park_offical_id_park": "VALWH_176" }, "geometry": { "type": "Point", "coordinates": [ -1.240180629684851, 51.704090425768605 ] } },
{ "type": "Feature", "properties": { "longitude": -1.2401806296848505, "latitude": 51.704090425768605, "source": "OSMnx_edge_intersection", "entrance_type": "edge_crossing", "osm_entrance_type": "footway", "osm_barrier_type": null, "osmid": "1246174418", "Primary Name_park": null, "Other Names_park": null, "flag_park": "OSM", "OS ID_park": null, "OSM ID_park": "1246174416.0", "id_park": "VALWH_7e60ffc0f653", "Merged Count_park": 1, "Total Area (m²)_park": 2163.2206853271232, "Other name(s) (OS)_park": null, "Type (OS)_park": null, "Other name(s) (OSM)_park": null, "Type (OSM)_park": "park", "Name (OS)_park": null, "Name (OSM)_park": null, "park_offical_id_park": "VALWH_176" }, "geometry": { "type": "Point", "coordinates": [ -1.240180629684851, 51.704090425768605 ] } },
{ "type": "Feature", "properties": { "longitude": -1.2395375783579672, "latitude": 51.704171661954881, "source": "OSMnx_edge_intersection", "entrance_type": "edge_crossing", "osm_entrance_type": "footway", "osm_barrier_type": null, "osmid": "1246174417", "Primary Name_park": null, "Other Names_park": null, "flag_park": "OSM", "OS ID_park": null, "OSM ID_park": "1246174416.0", "id_park": "VALWH_7e60ffc0f653", "Merged Count_park": 1, "Total Area (m²)_park": 2163.2206853271232, "Other name(s) (OS)_park": null, "Type (OS)_park": null, "Other name(s) (OSM)_park": null, "Type (OSM)_park": "park", "Name (OS)_park": null, "Name (OSM)_park": null, "park_offical_id_park": "VALWH_176" }, "geometry": { "type": "Point", "coordinates": [ -1.239537578357967, 51.704171661954881 ] } },
{ "type": "Feature", "properties": { "longitude": -1.2395375783579672, "latitude": 51.704171661954881, "source": "OSMnx_edge_intersection", "entrance_type": "edge_crossing", "osm_entrance_type": "footway", "osm_barrier_type": null, "osmid": "1246174417", "Primary Name_park": null, "Other Names_park": null, "flag_park": "OSM", "OS ID_park": null, "OSM ID_park": "1246174416.0", "id_park": "VALWH_7e60ffc0f653", "Merged Count_park": 1, "Total Area (m²)_park": 2163.2206853271232, "Other name(s) (OS)_park": null, "Type (OS)_park": null, "Other name(s) (OSM)_park": null, "Type (OSM)_park": "park", "Name (OS)_park": null, "Name (OSM)_park": null, "park_offical_id_park": "VALWH_176" }, "geometry": { "type": "Point", "coordinates": [ -1.239537578357967, 51.704171661954881 ] } },
{ "type": "Feature", "properties": { "longitude": -1.3080359972783353, "latitude": 51.580612567847332, "source": "OSMnx_edge_intersection", "entrance_type": "edge_crossing", "osm_entrance_type": "footway", "osm_barrier_type": null, "osmid": "1274982707", "Primary Name_park": null, "Other Names_park": null, "flag_park": "OSM", "OS ID_park": null, "OSM ID_park": "1274982705.0", "id_park": "VALWH_58ffda6ea412", "Merged Count_park": 1, "Total Area (m²)_park": 313.47898822205877, "Other name(s) (OS)_park": null, "Type (OS)_park": null, "Other name(s) (OSM)_park": null, "Type (OSM)_park": "garden", "Name (OS)_park": null, "Name (OSM)_park": null, "park_offical_id_park": "VALWH_179" }, "geometry": { "type": "Point", "coordinates": [ -1.308035997278335, 51.580612567847332 ] } },
{ "type": "Feature", "properties": { "longitude": -1.3080359972783353, "latitude": 51.580612567847332, "source": "OSMnx_edge_intersection", "entrance_type": "edge_crossing", "osm_entrance_type": "footway", "osm_barrier_type": null, "osmid": "1274982707", "Primary Name_park": null, "Other Names_park": null, "flag_park": "OSM", "OS ID_park": null, "OSM ID_park": "1274982705.0", "id_park": "VALWH_58ffda6ea412", "Merged Count_park": 1, "Total Area (m²)_park": 313.47898822205877, "Other name(s) (OS)_park": null, "Type (OS)_park": null, "Other name(s) (OSM)_park": null, "Type (OSM)_park": "garden", "Name (OS)_park": null, "Name (OSM)_park": null, "park_offical_id_park": "VALWH_179" }, "geometry": { "type": "Point", "coordinates": [ -1.308035997278335, 51.580612567847332 ] } },
{ "type": "Feature", "properties": { "longitude": -1.3015952860823445, "latitude": 51.611773058370567, "source": "OSMnx_edge_intersection", "entrance_type": "edge_crossing", "osm_entrance_type": "footway", "osm_barrier_type": null, "osmid": "1506838271", "Primary Name_park": null, "Other Names_park": null, "flag_park": "OSM", "OS ID_park": null, "OSM ID_park": "1506838261.0", "id_park": "VALWH_16f4b9fa2a50", "Merged Count_park": 1, "Total Area (m²)_park": 11321.159413363279, "Other name(s) (OS)_park": null, "Type (OS)_park": null, "Other name(s) (OSM)_park": null, "Type (OSM)_park": "park", "Name (OS)_park": null, "Name (OSM)_park": null, "park_offical_id_park": "VALWH_208" }, "geometry": { "type": "Point", "coordinates": [ -1.301595286082345, 51.611773058370567 ] } },
{ "type": "Feature", "properties": { "longitude": -1.3015952860823445, "latitude": 51.611773058370567, "source": "OSMnx_edge_intersection", "entrance_type": "edge_crossing", "osm_entrance_type": "footway", "osm_barrier_type": null, "osmid": "1506838271", "Primary Name_park": null, "Other Names_park": null, "flag_park": "OSM", "OS ID_park": null, "OSM ID_park": "1506838261.0", "id_park": "VALWH_16f4b9fa2a50", "Merged Count_park": 1, "Total Area (m²)_park": 11321.159413363279, "Other name(s) (OS)_park": null, "Type (OS)_park": null, "Other name(s) (OSM)_park": null, "Type (OSM)_park": "park", "Name (OS)_park": null, "Name (OSM)_park": null, "park_offical_id_park": "VALWH_208" }, "geometry": { "type": "Point", "coordinates": [ -1.301595286082345, 51.611773058370567 ] } },
{ "type": "Feature", "properties": { "longitude": -1.3019376217827574, "latitude": 51.612009791994559, "source": "OSMnx_edge_intersection", "entrance_type": "edge_crossing", "osm_entrance_type": "service", "osm_barrier_type": null, "osmid": "1506838270", "Primary Name_park": null, "Other Names_park": null, "flag_park": "OSM", "OS ID_park": null, "OSM ID_park": "1506838261.0", "id_park": "VALWH_16f4b9fa2a50", "Merged Count_park": 1, "Total Area (m²)_park": 11321.159413363279, "Other name(s) (OS)_park": null, "Type (OS)_park": null, "Other name(s) (OSM)_park": null, "Type (OSM)_park": "park", "Name (OS)_park": null, "Name (OSM)_park": null, "park_offical_id_park": "VALWH_208" }, "geometry": { "type": "Point", "coordinates": [ -1.301937621782757, 51.612009791994559 ] } },
{ "type": "Feature", "properties": { "longitude": -1.3019376217827574, "latitude": 51.612009791994559, "source": "OSMnx_edge_intersection", "entrance_type": "edge_crossing", "osm_entrance_type": "service", "osm_barrier_type": null, "osmid": "1506838270", "Primary Name_park": null, "Other Names_park": null, "flag_park": "OSM", "OS ID_park": null, "OSM ID_park": "1506838261.0", "id_park": "VALWH_16f4b9fa2a50", "Merged Count_park": 1, "Total Area (m²)_park": 11321.159413363279, "Other name(s) (OS)_park": null, "Type (OS)_park": null, "Other name(s) (OSM)_park": null, "Type (OSM)_park": "park", "Name (OS)_park": null, "Name (OSM)_park": null, "park_offical_id_park": "VALWH_208" }, "geometry": { "type": "Point", "coordinates": [ -1.301937621782757, 51.612009791994559 ] } },
{ "type": "Feature", "properties": { "longitude": -1.302657784289317, "latitude": 51.61214486712462, "source": "OSMnx_edge_intersection", "entrance_type": "edge_crossing", "osm_entrance_type": "footway", "osm_barrier_type": null, "osmid": "1506838271", "Primary Name_park": null, "Other Names_park": null, "flag_park": "OSM", "OS ID_park": null, "OSM ID_park": "1506838261.0", "id_park": "VALWH_16f4b9fa2a50", "Merged Count_park": 1, "Total Area (m²)_park": 11321.159413363279, "Other name(s) (OS)_park": null, "Type (OS)_park": null, "Other name(s) (OSM)_park": null, "Type (OSM)_park": "park", "Name (OS)_park": null, "Name (OSM)_park": null, "park_offical_id_park": "VALWH_208" }, "geometry": { "type": "Point", "coordinates": [ -1.302657784289317, 51.61214486712462 ] } },
{ "type": "Feature", "properties": { "longitude": -1.302657784289317, "latitude": 51.61214486712462, "source": "OSMnx_edge_intersection", "entrance_type": "edge_crossing", "osm_entrance_type": "footway", "osm_barrier_type": null, "osmid": "1506838271", "Primary Name_park": null, "Other Names_park": null, "flag_park": "OSM", "OS ID_park": null, "OSM ID_park": "1506838261.0", "id_park": "VALWH_16f4b9fa2a50", "Merged Count_park": 1, "Total Area (m²)_park": 11321.159413363279, "Other name(s) (OS)_park": null, "Type (OS)_park": null, "Other name(s) (OSM)_park": null, "Type (OSM)_park": "park", "Name (OS)_park": null, "Name (OSM)_park": null, "park_offical_id_park": "VALWH_208" }, "geometry": { "type": "Point", "coordinates": [ -1.302657784289317, 51.61214486712462 ] } },
{ "type": "Feature", "properties": { "longitude": -1.3016975074394377, "latitude": 51.611934381351404, "source": "OSMnx_edge_intersection", "entrance_type": "edge_crossing", "osm_entrance_type": "footway", "osm_barrier_type": null, "osmid": "1506838272", "Primary Name_park": null, "Other Names_park": null, "flag_park": "OSM", "OS ID_park": null, "OSM ID_park": "1506838261.0", "id_park": "VALWH_16f4b9fa2a50", "Merged Count_park": 1, "Total Area (m²)_park": 11321.159413363279, "Other name(s) (OS)_park": null, "Type (OS)_park": null, "Other name(s) (OSM)_park": null, "Type (OSM)_park": "park", "Name (OS)_park": null, "Name (OSM)_park": null, "park_offical_id_park": "VALWH_208" }, "geometry": { "type": "Point", "coordinates": [ -1.301697507439438, 51.611934381351404 ] } },
{ "type": "Feature", "properties": { "longitude": -1.3016975074394377, "latitude": 51.611934381351404, "source": "OSMnx_edge_intersection", "entrance_type": "edge_crossing", "osm_entrance_type": "footway", "osm_barrier_type": null, "osmid": "1506838272", "Primary Name_park": null, "Other Names_park": null, "flag_park": "OSM", "OS ID_park": null, "OSM ID_park": "1506838261.0", "id_park": "VALWH_16f4b9fa2a50", "Merged Count_park": 1, "Total Area (m²)_park": 11321.159413363279, "Other name(s) (OS)_park": null, "Type (OS)_park": null, "Other name(s) (OSM)_park": null, "Type (OSM)_park": "park", "Name (OS)_park": null, "Name (OSM)_park": null, "park_offical_id_park": "VALWH_208" }, "geometry": { "type": "Point", "coordinates": [ -1.301697507439438, 51.611934381351404 ] } },
{ "type": "Feature", "properties": { "longitude": -1.2957596426834312, "latitude": 51.667925072391519, "source": "OSMnx_edge_intersection", "entrance_type": "edge_crossing", "osm_entrance_type": "service", "osm_barrier_type": null, "osmid": "340417848", "Primary Name_park": "Ladygrove Meadow", "Other Names_park": null, "flag_park": "OSM", "OS ID_park": null, "OSM ID_park": "1561693.0", "id_park": "VALWH_2b83ef9212c6", "Merged Count_park": 1, "Total Area (m²)_park": 26849.54766414181, "Other name(s) (OS)_park": null, "Type (OS)_park": null, "Other name(s) (OSM)_park": null, "Type (OSM)_park": "park", "Name (OS)_park": null, "Name (OSM)_park": "Ladygrove Meadow", "park_offical_id_park": "VALWH_210" }, "geometry": { "type": "Point", "coordinates": [ -1.295759642683431, 51.667925072391519 ] } },
{ "type": "Feature", "properties": { "longitude": -1.2957596426834312, "latitude": 51.667925072391519, "source": "OSMnx_edge_intersection", "entrance_type": "edge_crossing", "osm_entrance_type": "service", "osm_barrier_type": null, "osmid": "340417848", "Primary Name_park": "Ladygrove Meadow", "Other Names_park": null, "flag_park": "OSM", "OS ID_park": null, "OSM ID_park": "1561693.0", "id_park": "VALWH_2b83ef9212c6", "Merged Count_park": 1, "Total Area (m²)_park": 26849.54766414181, "Other name(s) (OS)_park": null, "Type (OS)_park": null, "Other name(s) (OSM)_park": null, "Type (OSM)_park": "park", "Name (OS)_park": null, "Name (OSM)_park": "Ladygrove Meadow", "park_offical_id_park": "VALWH_210" }, "geometry": { "type": "Point", "coordinates": [ -1.295759642683431, 51.667925072391519 ] } },
{ "type": "Feature", "properties": { "longitude": -1.3015915795370749, "latitude": 51.667933068449734, "source": "OSMnx_edge_intersection", "entrance_type": "edge_crossing", "osm_entrance_type": "footway", "osm_barrier_type": null, "osmid": "493489185,195786632,93751856,98156375,93751867", "Primary Name_park": "Ladygrove Meadow", "Other Names_park": null, "flag_park": "OSM", "OS ID_park": null, "OSM ID_park": "1561693.0", "id_park": "VALWH_2b83ef9212c6", "Merged Count_park": 1, "Total Area (m²)_park": 26849.54766414181, "Other name(s) (OS)_park": null, "Type (OS)_park": null, "Other name(s) (OSM)_park": null, "Type (OSM)_park": "park", "Name (OS)_park": null, "Name (OSM)_park": "Ladygrove Meadow", "park_offical_id_park": "VALWH_210" }, "geometry": { "type": "Point", "coordinates": [ -1.301591579537075, 51.667933068449734 ] } },
{ "type": "Feature", "properties": { "longitude": -1.3015915795370749, "latitude": 51.667933068449734, "source": "OSMnx_edge_intersection", "entrance_type": "edge_crossing", "osm_entrance_type": "footway", "osm_barrier_type": null, "osmid": "493489185,195786632,93751856,98156375,93751867", "Primary Name_park": "Ladygrove Meadow", "Other Names_park": null, "flag_park": "OSM", "OS ID_park": null, "OSM ID_park": "1561693.0", "id_park": "VALWH_2b83ef9212c6", "Merged Count_park": 1, "Total Area (m²)_park": 26849.54766414181, "Other name(s) (OS)_park": null, "Type (OS)_park": null, "Other name(s) (OSM)_park": null, "Type (OSM)_park": "park", "Name (OS)_park": null, "Name (OSM)_park": "Ladygrove Meadow", "park_offical_id_park": "VALWH_210" }, "geometry": { "type": "Point", "coordinates": [ -1.301591579537075, 51.667933068449734 ] } },
{ "type": "Feature", "properties": { "longitude": -1.3015158859997813, "latitude": 51.667618898162175, "source": "OSMnx_edge_intersection", "entrance_type": "edge_crossing", "osm_entrance_type": "footway", "osm_barrier_type": null, "osmid": "493491606", "Primary Name_park": "Ladygrove Meadow", "Other Names_park": null, "flag_park": "OSM", "OS ID_park": null, "OSM ID_park": "1561693.0", "id_park": "VALWH_2b83ef9212c6", "Merged Count_park": 1, "Total Area (m²)_park": 26849.54766414181, "Other name(s) (OS)_park": null, "Type (OS)_park": null, "Other name(s) (OSM)_park": null, "Type (OSM)_park": "park", "Name (OS)_park": null, "Name (OSM)_park": "Ladygrove Meadow", "park_offical_id_park": "VALWH_210" }, "geometry": { "type": "Point", "coordinates": [ -1.301515885999781, 51.667618898162175 ] } },
{ "type": "Feature", "properties": { "longitude": -1.3015158859997813, "latitude": 51.667618898162175, "source": "OSMnx_edge_intersection", "entrance_type": "edge_crossing", "osm_entrance_type": "footway", "osm_barrier_type": null, "osmid": "493491606", "Primary Name_park": "Ladygrove Meadow", "Other Names_park": null, "flag_park": "OSM", "OS ID_park": null, "OSM ID_park": "1561693.0", "id_park": "VALWH_2b83ef9212c6", "Merged Count_park": 1, "Total Area (m²)_park": 26849.54766414181, "Other name(s) (OS)_park": null, "Type (OS)_park": null, "Other name(s) (OSM)_park": null, "Type (OSM)_park": "park", "Name (OS)_park": null, "Name (OSM)_park": "Ladygrove Meadow", "park_offical_id_park": "VALWH_210" }, "geometry": { "type": "Point", "coordinates": [ -1.301515885999781, 51.667618898162175 ] } },
{ "type": "Feature", "properties": { "longitude": -1.3015516771846403, "latitude": 51.667767460399013, "source": "OSMnx_edge_intersection", "entrance_type": "edge_crossing", "osm_entrance_type": "footway", "osm_barrier_type": null, "osmid": "220323530", "Primary Name_park": "Ladygrove Meadow", "Other Names_park": null, "flag_park": "OSM", "OS ID_park": null, "OSM ID_park": "1561693.0", "id_park": "VALWH_2b83ef9212c6", "Merged Count_park": 1, "Total Area (m²)_park": 26849.54766414181, "Other name(s) (OS)_park": null, "Type (OS)_park": null, "Other name(s) (OSM)_park": null, "Type (OSM)_park": "park", "Name (OS)_park": null, "Name (OSM)_park": "Ladygrove Meadow", "park_offical_id_park": "VALWH_210" }, "geometry": { "type": "Point", "coordinates": [ -1.30155167718464, 51.667767460399013 ] } },
{ "type": "Feature", "properties": { "longitude": -1.3015516771846403, "latitude": 51.667767460399013, "source": "OSMnx_edge_intersection", "entrance_type": "edge_crossing", "osm_entrance_type": "footway", "osm_barrier_type": null, "osmid": "220323530", "Primary Name_park": "Ladygrove Meadow", "Other Names_park": null, "flag_park": "OSM", "OS ID_park": null, "OSM ID_park": "1561693.0", "id_park": "VALWH_2b83ef9212c6", "Merged Count_park": 1, "Total Area (m²)_park": 26849.54766414181, "Other name(s) (OS)_park": null, "Type (OS)_park": null, "Other name(s) (OSM)_park": null, "Type (OSM)_park": "park", "Name (OS)_park": null, "Name (OSM)_park": "Ladygrove Meadow", "park_offical_id_park": "VALWH_210" }, "geometry": { "type": "Point", "coordinates": [ -1.30155167718464, 51.667767460399013 ] } },
{ "type": "Feature", "properties": { "longitude": -1.2975814, "latitude": 51.7425063, "source": "OSMnx_edge_intersection", "entrance_type": "edge_crossing", "osm_entrance_type": "track", "osm_barrier_type": null, "osmid": "38696393", "Primary Name_park": "Louie Memorial Playing Fields", "Other Names_park": "Lower Field", "flag_park": "OSM", "OS ID_park": null, "OSM ID_park": "12698640.0; 12698819.0", "id_park": "VALWH_9ff5f0864263;VALWH_98f33621ff80", "Merged Count_park": 2, "Total Area (m²)_park": 77082.961812024543, "Other name(s) (OS)_park": null, "Type (OS)_park": null, "Other name(s) (OSM)_park": "Louie Memorial Playing Field", "Type (OSM)_park": "park", "Name (OS)_park": null, "Name (OSM)_park": null, "park_offical_id_park": "VALWH_211" }, "geometry": { "type": "Point", "coordinates": [ -1.297581399999989, 51.742506299999974 ] } },
{ "type": "Feature", "properties": { "longitude": -1.2975814, "latitude": 51.7425063, "source": "OSMnx_edge_intersection", "entrance_type": "edge_crossing", "osm_entrance_type": "track", "osm_barrier_type": null, "osmid": "38696393", "Primary Name_park": "Louie Memorial Playing Fields", "Other Names_park": "Lower Field", "flag_park": "OSM", "OS ID_park": null, "OSM ID_park": "12698640.0; 12698819.0", "id_park": "VALWH_9ff5f0864263;VALWH_98f33621ff80", "Merged Count_park": 2, "Total Area (m²)_park": 77082.961812024543, "Other name(s) (OS)_park": null, "Type (OS)_park": null, "Other name(s) (OSM)_park": "Louie Memorial Playing Field", "Type (OSM)_park": "park", "Name (OS)_park": null, "Name (OSM)_park": null, "park_offical_id_park": "VALWH_211" }, "geometry": { "type": "Point", "coordinates": [ -1.297581399999989, 51.742506299999974 ] } },
{ "type": "Feature", "properties": { "longitude": -1.2985552072102975, "latitude": 51.743210444522063, "source": "OSMnx_edge_intersection", "entrance_type": "edge_crossing", "osm_entrance_type": "path,footway", "osm_barrier_type": null, "osmid": "24230137,131745468", "Primary Name_park": "Louie Memorial Playing Fields", "Other Names_park": "Lower Field", "flag_park": "OSM", "OS ID_park": null, "OSM ID_park": "12698640.0; 12698819.0", "id_park": "VALWH_9ff5f0864263;VALWH_98f33621ff80", "Merged Count_park": 2, "Total Area (m²)_park": 77082.961812024543, "Other name(s) (OS)_park": null, "Type (OS)_park": null, "Other name(s) (OSM)_park": "Louie Memorial Playing Field", "Type (OSM)_park": "park", "Name (OS)_park": null, "Name (OSM)_park": null, "park_offical_id_park": "VALWH_211" }, "geometry": { "type": "Point", "coordinates": [ -1.298555207210297, 51.743210444522063 ] } },
{ "type": "Feature", "properties": { "longitude": -1.2983961524600462, "latitude": 51.743095434559194, "source": "OSMnx_edge_intersection", "entrance_type": "edge_crossing", "osm_entrance_type": "path,footway", "osm_barrier_type": null, "osmid": "24230137,131745468", "Primary Name_park": "Louie Memorial Playing Fields", "Other Names_park": "Lower Field", "flag_park": "OSM", "OS ID_park": null, "OSM ID_park": "12698640.0; 12698819.0", "id_park": "VALWH_9ff5f0864263;VALWH_98f33621ff80", "Merged Count_park": 2, "Total Area (m²)_park": 77082.961812024543, "Other name(s) (OS)_park": null, "Type (OS)_park": null, "Other name(s) (OSM)_park": "Louie Memorial Playing Field", "Type (OSM)_park": "park", "Name (OS)_park": null, "Name (OSM)_park": null, "park_offical_id_park": "VALWH_211" }, "geometry": { "type": "Point", "coordinates": [ -1.298396152460046, 51.743095434559194 ] } },
{ "type": "Feature", "properties": { "longitude": -1.2980628628035766, "latitude": 51.742854438103855, "source": "OSMnx_edge_intersection", "entrance_type": "edge_crossing", "osm_entrance_type": "path,footway", "osm_barrier_type": null, "osmid": "24230137,131745468", "Primary Name_park": "Louie Memorial Playing Fields", "Other Names_park": "Lower Field", "flag_park": "OSM", "OS ID_park": null, "OSM ID_park": "12698640.0; 12698819.0", "id_park": "VALWH_9ff5f0864263;VALWH_98f33621ff80", "Merged Count_park": 2, "Total Area (m²)_park": 77082.961812024543, "Other name(s) (OS)_park": null, "Type (OS)_park": null, "Other name(s) (OSM)_park": "Louie Memorial Playing Field", "Type (OSM)_park": "park", "Name (OS)_park": null, "Name (OSM)_park": null, "park_offical_id_park": "VALWH_211" }, "geometry": { "type": "Point", "coordinates": [ -1.298062862803577, 51.742854438103855 ] } },
{ "type": "Feature", "properties": { "longitude": -1.2980628628035766, "latitude": 51.742854438103855, "source": "OSMnx_edge_intersection", "entrance_type": "edge_crossing", "osm_entrance_type": "path,footway", "osm_barrier_type": null, "osmid": "24230137,131745468", "Primary Name_park": "Louie Memorial Playing Fields", "Other Names_park": "Lower Field", "flag_park": "OSM", "OS ID_park": null, "OSM ID_park": "12698640.0; 12698819.0", "id_park": "VALWH_9ff5f0864263;VALWH_98f33621ff80", "Merged Count_park": 2, "Total Area (m²)_park": 77082.961812024543, "Other name(s) (OS)_park": null, "Type (OS)_park": null, "Other name(s) (OSM)_park": "Louie Memorial Playing Field", "Type (OSM)_park": "park", "Name (OS)_park": null, "Name (OSM)_park": null, "park_offical_id_park": "VALWH_211" }, "geometry": { "type": "Point", "coordinates": [ -1.298062862803577, 51.742854438103855 ] } },
{ "type": "Feature", "properties": { "longitude": -1.2983961524600462, "latitude": 51.743095434559194, "source": "OSMnx_edge_intersection", "entrance_type": "edge_crossing", "osm_entrance_type": "path,footway", "osm_barrier_type": null, "osmid": "24230137,131745468", "Primary Name_park": "Louie Memorial Playing Fields", "Other Names_park": "Lower Field", "flag_park": "OSM", "OS ID_park": null, "OSM ID_park": "12698640.0; 12698819.0", "id_park": "VALWH_9ff5f0864263;VALWH_98f33621ff80", "Merged Count_park": 2, "Total Area (m²)_park": 77082.961812024543, "Other name(s) (OS)_park": null, "Type (OS)_park": null, "Other name(s) (OSM)_park": "Louie Memorial Playing Field", "Type (OSM)_park": "park", "Name (OS)_park": null, "Name (OSM)_park": null, "park_offical_id_park": "VALWH_211" }, "geometry": { "type": "Point", "coordinates": [ -1.298396152460046, 51.743095434559194 ] } },
{ "type": "Feature", "properties": { "longitude": -1.2985552072102975, "latitude": 51.743210444522063, "source": "OSMnx_edge_intersection", "entrance_type": "edge_crossing", "osm_entrance_type": "path,footway", "osm_barrier_type": null, "osmid": "24230137,131745468", "Primary Name_park": "Louie Memorial Playing Fields", "Other Names_park": "Lower Field", "flag_park": "OSM", "OS ID_park": null, "OSM ID_park": "12698640.0; 12698819.0", "id_park": "VALWH_9ff5f0864263;VALWH_98f33621ff80", "Merged Count_park": 2, "Total Area (m²)_park": 77082.961812024543, "Other name(s) (OS)_park": null, "Type (OS)_park": null, "Other name(s) (OSM)_park": "Louie Memorial Playing Field", "Type (OSM)_park": "park", "Name (OS)_park": null, "Name (OSM)_park": null, "park_offical_id_park": "VALWH_211" }, "geometry": { "type": "Point", "coordinates": [ -1.298555207210297, 51.743210444522063 ] } },
{ "type": "Feature", "properties": { "longitude": -1.2992250867512021, "latitude": 51.741652597850845, "source": "OSMnx_edge_intersection", "entrance_type": "edge_crossing", "osm_entrance_type": "path", "osm_barrier_type": null, "osmid": "38696390", "Primary Name_park": "Louie Memorial Playing Fields", "Other Names_park": "Lower Field", "flag_park": "OSM", "OS ID_park": null, "OSM ID_park": "12698640.0; 12698819.0", "id_park": "VALWH_9ff5f0864263;VALWH_98f33621ff80", "Merged Count_park": 2, "Total Area (m²)_park": 77082.961812024543, "Other name(s) (OS)_park": null, "Type (OS)_park": null, "Other name(s) (OSM)_park": "Louie Memorial Playing Field", "Type (OSM)_park": "park", "Name (OS)_park": null, "Name (OSM)_park": null, "park_offical_id_park": "VALWH_211" }, "geometry": { "type": "Point", "coordinates": [ -1.299225086751202, 51.741652597850845 ] } },
{ "type": "Feature", "properties": { "longitude": -1.2992250867512021, "latitude": 51.741652597850845, "source": "OSMnx_edge_intersection", "entrance_type": "edge_crossing", "osm_entrance_type": "path", "osm_barrier_type": null, "osmid": "38696390", "Primary Name_park": "Louie Memorial Playing Fields", "Other Names_park": "Lower Field", "flag_park": "OSM", "OS ID_park": null, "OSM ID_park": "12698640.0; 12698819.0", "id_park": "VALWH_9ff5f0864263;VALWH_98f33621ff80", "Merged Count_park": 2, "Total Area (m²)_park": 77082.961812024543, "Other name(s) (OS)_park": null, "Type (OS)_park": null, "Other name(s) (OSM)_park": "Louie Memorial Playing Field", "Type (OSM)_park": "park", "Name (OS)_park": null, "Name (OSM)_park": null, "park_offical_id_park": "VALWH_211" }, "geometry": { "type": "Point", "coordinates": [ -1.299225086751202, 51.741652597850845 ] } },
{ "type": "Feature", "properties": { "longitude": -1.2994288651077224, "latitude": 51.741711690642369, "source": "OSMnx_edge_intersection", "entrance_type": "edge_crossing", "osm_entrance_type": "path", "osm_barrier_type": null, "osmid": "38696398", "Primary Name_park": "Louie Memorial Playing Fields", "Other Names_park": "Lower Field", "flag_park": "OSM", "OS ID_park": null, "OSM ID_park": "12698640.0; 12698819.0", "id_park": "VALWH_9ff5f0864263;VALWH_98f33621ff80", "Merged Count_park": 2, "Total Area (m²)_park": 77082.961812024543, "Other name(s) (OS)_park": null, "Type (OS)_park": null, "Other name(s) (OSM)_park": "Louie Memorial Playing Field", "Type (OSM)_park": "park", "Name (OS)_park": null, "Name (OSM)_park": null, "park_offical_id_park": "VALWH_211" }, "geometry": { "type": "Point", "coordinates": [ -1.299428865107722, 51.741711690642369 ] } },
{ "type": "Feature", "properties": { "longitude": -1.2994288651077224, "latitude": 51.741711690642369, "source": "OSMnx_edge_intersection", "entrance_type": "edge_crossing", "osm_entrance_type": "path", "osm_barrier_type": null, "osmid": "38696398", "Primary Name_park": "Louie Memorial Playing Fields", "Other Names_park": "Lower Field", "flag_park": "OSM", "OS ID_park": null, "OSM ID_park": "12698640.0; 12698819.0", "id_park": "VALWH_9ff5f0864263;VALWH_98f33621ff80", "Merged Count_park": 2, "Total Area (m²)_park": 77082.961812024543, "Other name(s) (OS)_park": null, "Type (OS)_park": null, "Other name(s) (OSM)_park": "Louie Memorial Playing Field", "Type (OSM)_park": "park", "Name (OS)_park": null, "Name (OSM)_park": null, "park_offical_id_park": "VALWH_211" }, "geometry": { "type": "Point", "coordinates": [ -1.299428865107722, 51.741711690642369 ] } },
{ "type": "Feature", "properties": { "longitude": -1.3003645304449054, "latitude": 51.742304165812037, "source": "OSMnx_edge_intersection", "entrance_type": "edge_crossing", "osm_entrance_type": "path", "osm_barrier_type": null, "osmid": "38696388", "Primary Name_park": "Louie Memorial Playing Fields", "Other Names_park": "Lower Field", "flag_park": "OSM", "OS ID_park": null, "OSM ID_park": "12698640.0; 12698819.0", "id_park": "VALWH_9ff5f0864263;VALWH_98f33621ff80", "Merged Count_park": 2, "Total Area (m²)_park": 77082.961812024543, "Other name(s) (OS)_park": null, "Type (OS)_park": null, "Other name(s) (OSM)_park": "Louie Memorial Playing Field", "Type (OSM)_park": "park", "Name (OS)_park": null, "Name (OSM)_park": null, "park_offical_id_park": "VALWH_211" }, "geometry": { "type": "Point", "coordinates": [ -1.300364530444905, 51.742304165812037 ] } },
{ "type": "Feature", "properties": { "longitude": -1.3003645304449054, "latitude": 51.742304165812037, "source": "OSMnx_edge_intersection", "entrance_type": "edge_crossing", "osm_entrance_type": "path", "osm_barrier_type": null, "osmid": "38696388", "Primary Name_park": "Louie Memorial Playing Fields", "Other Names_park": "Lower Field", "flag_park": "OSM", "OS ID_park": null, "OSM ID_park": "12698640.0; 12698819.0", "id_park": "VALWH_9ff5f0864263;VALWH_98f33621ff80", "Merged Count_park": 2, "Total Area (m²)_park": 77082.961812024543, "Other name(s) (OS)_park": null, "Type (OS)_park": null, "Other name(s) (OSM)_park": "Louie Memorial Playing Field", "Type (OSM)_park": "park", "Name (OS)_park": null, "Name (OSM)_park": null, "park_offical_id_park": "VALWH_211" }, "geometry": { "type": "Point", "coordinates": [ -1.300364530444905, 51.742304165812037 ] } },
{ "type": "Feature", "properties": { "longitude": -1.3002933285441993, "latitude": 51.743294842904895, "source": "OSMnx_edge_intersection", "entrance_type": "edge_crossing", "osm_entrance_type": "path,footway", "osm_barrier_type": null, "osmid": "24230138,38696390", "Primary Name_park": "Louie Memorial Playing Fields", "Other Names_park": "Lower Field", "flag_park": "OSM", "OS ID_park": null, "OSM ID_park": "12698640.0; 12698819.0", "id_park": "VALWH_9ff5f0864263;VALWH_98f33621ff80", "Merged Count_park": 2, "Total Area (m²)_park": 77082.961812024543, "Other name(s) (OS)_park": null, "Type (OS)_park": null, "Other name(s) (OSM)_park": "Louie Memorial Playing Field", "Type (OSM)_park": "park", "Name (OS)_park": null, "Name (OSM)_park": null, "park_offical_id_park": "VALWH_211" }, "geometry": { "type": "Point", "coordinates": [ -1.300293328544199, 51.743294842904895 ] } },
{ "type": "Feature", "properties": { "longitude": -1.3002933285441993, "latitude": 51.743294842904895, "source": "OSMnx_edge_intersection", "entrance_type": "edge_crossing", "osm_entrance_type": "path,footway", "osm_barrier_type": null, "osmid": "24230138,38696390", "Primary Name_park": "Louie Memorial Playing Fields", "Other Names_park": "Lower Field", "flag_park": "OSM", "OS ID_park": null, "OSM ID_park": "12698640.0; 12698819.0", "id_park": "VALWH_9ff5f0864263;VALWH_98f33621ff80", "Merged Count_park": 2, "Total Area (m²)_park": 77082.961812024543, "Other name(s) (OS)_park": null, "Type (OS)_park": null, "Other name(s) (OSM)_park": "Louie Memorial Playing Field", "Type (OSM)_park": "park", "Name (OS)_park": null, "Name (OSM)_park": null, "park_offical_id_park": "VALWH_211" }, "geometry": { "type": "Point", "coordinates": [ -1.300293328544199, 51.743294842904895 ] } },
{ "type": "Feature", "properties": { "longitude": -1.2999328, "latitude": 51.7433668, "source": "OSMnx_edge_intersection", "entrance_type": "edge_crossing", "osm_entrance_type": "service", "osm_barrier_type": null, "osmid": "250174584", "Primary Name_park": "Louie Memorial Playing Fields", "Other Names_park": "Lower Field", "flag_park": "OSM", "OS ID_park": null, "OSM ID_park": "12698640.0; 12698819.0", "id_park": "VALWH_9ff5f0864263;VALWH_98f33621ff80", "Merged Count_park": 2, "Total Area (m²)_park": 77082.961812024543, "Other name(s) (OS)_park": null, "Type (OS)_park": null, "Other name(s) (OSM)_park": "Louie Memorial Playing Field", "Type (OSM)_park": "park", "Name (OS)_park": null, "Name (OSM)_park": null, "park_offical_id_park": "VALWH_211" }, "geometry": { "type": "Point", "coordinates": [ -1.2999328, 51.743366799999968 ] } },
{ "type": "Feature", "properties": { "longitude": -1.2999328, "latitude": 51.7433668, "source": "OSMnx_edge_intersection", "entrance_type": "edge_crossing", "osm_entrance_type": "service", "osm_barrier_type": null, "osmid": "250174584", "Primary Name_park": "Louie Memorial Playing Fields", "Other Names_park": "Lower Field", "flag_park": "OSM", "OS ID_park": null, "OSM ID_park": "12698640.0; 12698819.0", "id_park": "VALWH_9ff5f0864263;VALWH_98f33621ff80", "Merged Count_park": 2, "Total Area (m²)_park": 77082.961812024543, "Other name(s) (OS)_park": null, "Type (OS)_park": null, "Other name(s) (OSM)_park": "Louie Memorial Playing Field", "Type (OSM)_park": "park", "Name (OS)_park": null, "Name (OSM)_park": null, "park_offical_id_park": "VALWH_211" }, "geometry": { "type": "Point", "coordinates": [ -1.2999328, 51.743366799999968 ] } },
{ "type": "Feature", "properties": { "longitude": -1.2994524383817116, "latitude": 51.74335754682896, "source": "OSMnx_edge_intersection", "entrance_type": "edge_crossing", "osm_entrance_type": "footway", "osm_barrier_type": null, "osmid": "904583595,904583596", "Primary Name_park": "Louie Memorial Playing Fields", "Other Names_park": "Lower Field", "flag_park": "OSM", "OS ID_park": null, "OSM ID_park": "12698640.0; 12698819.0", "id_park": "VALWH_9ff5f0864263;VALWH_98f33621ff80", "Merged Count_park": 2, "Total Area (m²)_park": 77082.961812024543, "Other name(s) (OS)_park": null, "Type (OS)_park": null, "Other name(s) (OSM)_park": "Louie Memorial Playing Field", "Type (OSM)_park": "park", "Name (OS)_park": null, "Name (OSM)_park": null, "park_offical_id_park": "VALWH_211" }, "geometry": { "type": "Point", "coordinates": [ -1.299452438381712, 51.74335754682896 ] } },
{ "type": "Feature", "properties": { "longitude": -1.2994524383817116, "latitude": 51.74335754682896, "source": "OSMnx_edge_intersection", "entrance_type": "edge_crossing", "osm_entrance_type": "footway", "osm_barrier_type": null, "osmid": "904583595,904583596", "Primary Name_park": "Louie Memorial Playing Fields", "Other Names_park": "Lower Field", "flag_park": "OSM", "OS ID_park": null, "OSM ID_park": "12698640.0; 12698819.0", "id_park": "VALWH_9ff5f0864263;VALWH_98f33621ff80", "Merged Count_park": 2, "Total Area (m²)_park": 77082.961812024543, "Other name(s) (OS)_park": null, "Type (OS)_park": null, "Other name(s) (OSM)_park": "Louie Memorial Playing Field", "Type (OSM)_park": "park", "Name (OS)_park": null, "Name (OSM)_park": null, "park_offical_id_park": "VALWH_211" }, "geometry": { "type": "Point", "coordinates": [ -1.299452438381712, 51.74335754682896 ] } },
{ "type": "Feature", "properties": { "longitude": -1.2994710232486864, "latitude": 51.746074898708841, "source": "OSMnx_edge_intersection", "entrance_type": "edge_crossing", "osm_entrance_type": "footway", "osm_barrier_type": null, "osmid": "24230065", "Primary Name_park": "Louie Memorial Playing Fields", "Other Names_park": "Lower Field", "flag_park": "OSM", "OS ID_park": null, "OSM ID_park": "12698640.0; 12698819.0", "id_park": "VALWH_9ff5f0864263;VALWH_98f33621ff80", "Merged Count_park": 2, "Total Area (m²)_park": 77082.961812024543, "Other name(s) (OS)_park": null, "Type (OS)_park": null, "Other name(s) (OSM)_park": "Louie Memorial Playing Field", "Type (OSM)_park": "park", "Name (OS)_park": null, "Name (OSM)_park": null, "park_offical_id_park": "VALWH_211" }, "geometry": { "type": "Point", "coordinates": [ -1.299471023248686, 51.746074898708841 ] } },
{ "type": "Feature", "properties": { "longitude": -1.2994710232486864, "latitude": 51.746074898708841, "source": "OSMnx_edge_intersection", "entrance_type": "edge_crossing", "osm_entrance_type": "footway", "osm_barrier_type": null, "osmid": "24230065", "Primary Name_park": "Louie Memorial Playing Fields", "Other Names_park": "Lower Field", "flag_park": "OSM", "OS ID_park": null, "OSM ID_park": "12698640.0; 12698819.0", "id_park": "VALWH_9ff5f0864263;VALWH_98f33621ff80", "Merged Count_park": 2, "Total Area (m²)_park": 77082.961812024543, "Other name(s) (OS)_park": null, "Type (OS)_park": null, "Other name(s) (OSM)_park": "Louie Memorial Playing Field", "Type (OSM)_park": "park", "Name (OS)_park": null, "Name (OSM)_park": null, "park_offical_id_park": "VALWH_211" }, "geometry": { "type": "Point", "coordinates": [ -1.299471023248686, 51.746074898708841 ] } },
{ "type": "Feature", "properties": { "longitude": -1.2975813999992496, "latitude": 51.742506300000358, "source": "OSMnx_edge_intersection", "entrance_type": "edge_crossing", "osm_entrance_type": "path,footway", "osm_barrier_type": null, "osmid": "24230139,38696383", "Primary Name_park": "Louie Memorial Playing Fields", "Other Names_park": "Lower Field", "flag_park": "OSM", "OS ID_park": null, "OSM ID_park": "12698640.0; 12698819.0", "id_park": "VALWH_9ff5f0864263;VALWH_98f33621ff80", "Merged Count_park": 2, "Total Area (m²)_park": 77082.961812024543, "Other name(s) (OS)_park": null, "Type (OS)_park": null, "Other name(s) (OSM)_park": "Louie Memorial Playing Field", "Type (OSM)_park": "park", "Name (OS)_park": null, "Name (OSM)_park": null, "park_offical_id_park": "VALWH_211" }, "geometry": { "type": "Point", "coordinates": [ -1.29758139999925, 51.742506300000358 ] } },
{ "type": "Feature", "properties": { "longitude": -1.2975813999992496, "latitude": 51.742506300000358, "source": "OSMnx_edge_intersection", "entrance_type": "edge_crossing", "osm_entrance_type": "path,footway", "osm_barrier_type": null, "osmid": "24230139,38696383", "Primary Name_park": "Louie Memorial Playing Fields", "Other Names_park": "Lower Field", "flag_park": "OSM", "OS ID_park": null, "OSM ID_park": "12698640.0; 12698819.0", "id_park": "VALWH_9ff5f0864263;VALWH_98f33621ff80", "Merged Count_park": 2, "Total Area (m²)_park": 77082.961812024543, "Other name(s) (OS)_park": null, "Type (OS)_park": null, "Other name(s) (OSM)_park": "Louie Memorial Playing Field", "Type (OSM)_park": "park", "Name (OS)_park": null, "Name (OSM)_park": null, "park_offical_id_park": "VALWH_211" }, "geometry": { "type": "Point", "coordinates": [ -1.29758139999925, 51.742506300000358 ] } },
{ "type": "Feature", "properties": { "longitude": -1.3008857121268695, "latitude": 51.746005097168855, "source": "OSMnx_edge_intersection", "entrance_type": "edge_crossing", "osm_entrance_type": "footway", "osm_barrier_type": null, "osmid": "1213665596", "Primary Name_park": "Louie Memorial Playing Fields", "Other Names_park": "Lower Field", "flag_park": "OSM", "OS ID_park": null, "OSM ID_park": "12698640.0; 12698819.0", "id_park": "VALWH_9ff5f0864263;VALWH_98f33621ff80", "Merged Count_park": 2, "Total Area (m²)_park": 77082.961812024543, "Other name(s) (OS)_park": null, "Type (OS)_park": null, "Other name(s) (OSM)_park": "Louie Memorial Playing Field", "Type (OSM)_park": "park", "Name (OS)_park": null, "Name (OSM)_park": null, "park_offical_id_park": "VALWH_211" }, "geometry": { "type": "Point", "coordinates": [ -1.30088571212687, 51.746005097168855 ] } },
{ "type": "Feature", "properties": { "longitude": -1.3008857121268695, "latitude": 51.746005097168855, "source": "OSMnx_edge_intersection", "entrance_type": "edge_crossing", "osm_entrance_type": "footway", "osm_barrier_type": null, "osmid": "1213665596", "Primary Name_park": "Louie Memorial Playing Fields", "Other Names_park": "Lower Field", "flag_park": "OSM", "OS ID_park": null, "OSM ID_park": "12698640.0; 12698819.0", "id_park": "VALWH_9ff5f0864263;VALWH_98f33621ff80", "Merged Count_park": 2, "Total Area (m²)_park": 77082.961812024543, "Other name(s) (OS)_park": null, "Type (OS)_park": null, "Other name(s) (OSM)_park": "Louie Memorial Playing Field", "Type (OSM)_park": "park", "Name (OS)_park": null, "Name (OSM)_park": null, "park_offical_id_park": "VALWH_211" }, "geometry": { "type": "Point", "coordinates": [ -1.30088571212687, 51.746005097168855 ] } },
{ "type": "Feature", "properties": { "longitude": -1.2541359408618469, "latitude": 51.722499676805157, "source": "OSMnx_edge_intersection", "entrance_type": "edge_crossing", "osm_entrance_type": "track", "osm_barrier_type": null, "osmid": "376165538", "Primary Name_park": "Egrove Park", "Other Names_park": null, "flag_park": "OSM", "OS ID_park": null, "OSM ID_park": "16364681.0", "id_park": "VALWH_fdf1052fdfab", "Merged Count_park": 1, "Total Area (m²)_park": 165077.27829899642, "Other name(s) (OS)_park": null, "Type (OS)_park": null, "Other name(s) (OSM)_park": null, "Type (OSM)_park": "park", "Name (OS)_park": null, "Name (OSM)_park": "Egrove Park", "park_offical_id_park": "VALWH_213" }, "geometry": { "type": "Point", "coordinates": [ -1.254135940861847, 51.722499676805157 ] } },
{ "type": "Feature", "properties": { "longitude": -1.2541359408618469, "latitude": 51.722499676805157, "source": "OSMnx_edge_intersection", "entrance_type": "edge_crossing", "osm_entrance_type": "track", "osm_barrier_type": null, "osmid": "376165538", "Primary Name_park": "Egrove Park", "Other Names_park": null, "flag_park": "OSM", "OS ID_park": null, "OSM ID_park": "16364681.0", "id_park": "VALWH_fdf1052fdfab", "Merged Count_park": 1, "Total Area (m²)_park": 165077.27829899642, "Other name(s) (OS)_park": null, "Type (OS)_park": null, "Other name(s) (OSM)_park": null, "Type (OSM)_park": "park", "Name (OS)_park": null, "Name (OSM)_park": "Egrove Park", "park_offical_id_park": "VALWH_213" }, "geometry": { "type": "Point", "coordinates": [ -1.254135940861847, 51.722499676805157 ] } },
{ "type": "Feature", "properties": { "longitude": -1.2534850462782434, "latitude": 51.723118583659222, "source": "OSMnx_edge_intersection", "entrance_type": "edge_crossing", "osm_entrance_type": "path", "osm_barrier_type": null, "osmid": "1042071009,1480041001", "Primary Name_park": "Egrove Park", "Other Names_park": null, "flag_park": "OSM", "OS ID_park": null, "OSM ID_park": "16364681.0", "id_park": "VALWH_fdf1052fdfab", "Merged Count_park": 1, "Total Area (m²)_park": 165077.27829899642, "Other name(s) (OS)_park": null, "Type (OS)_park": null, "Other name(s) (OSM)_park": null, "Type (OSM)_park": "park", "Name (OS)_park": null, "Name (OSM)_park": "Egrove Park", "park_offical_id_park": "VALWH_213" }, "geometry": { "type": "Point", "coordinates": [ -1.253485046278243, 51.723118583659222 ] } },
{ "type": "Feature", "properties": { "longitude": -1.2534850462782434, "latitude": 51.723118583659222, "source": "OSMnx_edge_intersection", "entrance_type": "edge_crossing", "osm_entrance_type": "path", "osm_barrier_type": null, "osmid": "1480041001,1042071009", "Primary Name_park": "Egrove Park", "Other Names_park": null, "flag_park": "OSM", "OS ID_park": null, "OSM ID_park": "16364681.0", "id_park": "VALWH_fdf1052fdfab", "Merged Count_park": 1, "Total Area (m²)_park": 165077.27829899642, "Other name(s) (OS)_park": null, "Type (OS)_park": null, "Other name(s) (OSM)_park": null, "Type (OSM)_park": "park", "Name (OS)_park": null, "Name (OSM)_park": "Egrove Park", "park_offical_id_park": "VALWH_213" }, "geometry": { "type": "Point", "coordinates": [ -1.253485046278243, 51.723118583659222 ] } },
{ "type": "Feature", "properties": { "longitude": -1.2527760542541488, "latitude": 51.723590185840095, "source": "OSMnx_edge_intersection", "entrance_type": "edge_crossing", "osm_entrance_type": "service,track", "osm_barrier_type": null, "osmid": "376165538,3448311", "Primary Name_park": "Egrove Park", "Other Names_park": null, "flag_park": "OSM", "OS ID_park": null, "OSM ID_park": "16364681.0", "id_park": "VALWH_fdf1052fdfab", "Merged Count_park": 1, "Total Area (m²)_park": 165077.27829899642, "Other name(s) (OS)_park": null, "Type (OS)_park": null, "Other name(s) (OSM)_park": null, "Type (OSM)_park": "park", "Name (OS)_park": null, "Name (OSM)_park": "Egrove Park", "park_offical_id_park": "VALWH_213" }, "geometry": { "type": "Point", "coordinates": [ -1.252776054254149, 51.723590185840095 ] } },
{ "type": "Feature", "properties": { "longitude": -1.2527760542541488, "latitude": 51.723590185840095, "source": "OSMnx_edge_intersection", "entrance_type": "edge_crossing", "osm_entrance_type": "service,track", "osm_barrier_type": null, "osmid": "376165538,3448311", "Primary Name_park": "Egrove Park", "Other Names_park": null, "flag_park": "OSM", "OS ID_park": null, "OSM ID_park": "16364681.0", "id_park": "VALWH_fdf1052fdfab", "Merged Count_park": 1, "Total Area (m²)_park": 165077.27829899642, "Other name(s) (OS)_park": null, "Type (OS)_park": null, "Other name(s) (OSM)_park": null, "Type (OSM)_park": "park", "Name (OS)_park": null, "Name (OSM)_park": "Egrove Park", "park_offical_id_park": "VALWH_213" }, "geometry": { "type": "Point", "coordinates": [ -1.252776054254149, 51.723590185840095 ] } },
{ "type": "Feature", "properties": { "longitude": -1.2507551346678589, "latitude": 51.72595651381382, "source": "OSMnx_edge_intersection", "entrance_type": "edge_crossing", "osm_entrance_type": "path", "osm_barrier_type": null, "osmid": "1042071011", "Primary Name_park": "Egrove Park", "Other Names_park": null, "flag_park": "OSM", "OS ID_park": null, "OSM ID_park": "16364681.0", "id_park": "VALWH_fdf1052fdfab", "Merged Count_park": 1, "Total Area (m²)_park": 165077.27829899642, "Other name(s) (OS)_park": null, "Type (OS)_park": null, "Other name(s) (OSM)_park": null, "Type (OSM)_park": "park", "Name (OS)_park": null, "Name (OSM)_park": "Egrove Park", "park_offical_id_park": "VALWH_213" }, "geometry": { "type": "Point", "coordinates": [ -1.250755134667859, 51.72595651381382 ] } },
{ "type": "Feature", "properties": { "longitude": -1.2507551346678589, "latitude": 51.72595651381382, "source": "OSMnx_edge_intersection", "entrance_type": "edge_crossing", "osm_entrance_type": "path", "osm_barrier_type": null, "osmid": "1042071011", "Primary Name_park": "Egrove Park", "Other Names_park": null, "flag_park": "OSM", "OS ID_park": null, "OSM ID_park": "16364681.0", "id_park": "VALWH_fdf1052fdfab", "Merged Count_park": 1, "Total Area (m²)_park": 165077.27829899642, "Other name(s) (OS)_park": null, "Type (OS)_park": null, "Other name(s) (OSM)_park": null, "Type (OSM)_park": "park", "Name (OS)_park": null, "Name (OSM)_park": "Egrove Park", "park_offical_id_park": "VALWH_213" }, "geometry": { "type": "Point", "coordinates": [ -1.250755134667859, 51.72595651381382 ] } },
{ "type": "Feature", "properties": { "longitude": -1.2519553890309663, "latitude": 51.726928273195185, "source": "OSMnx_edge_intersection", "entrance_type": "edge_crossing", "osm_entrance_type": "service", "osm_barrier_type": null, "osmid": "33495059", "Primary Name_park": "Egrove Park", "Other Names_park": null, "flag_park": "OSM", "OS ID_park": null, "OSM ID_park": "16364681.0", "id_park": "VALWH_fdf1052fdfab", "Merged Count_park": 1, "Total Area (m²)_park": 165077.27829899642, "Other name(s) (OS)_park": null, "Type (OS)_park": null, "Other name(s) (OSM)_park": null, "Type (OSM)_park": "park", "Name (OS)_park": null, "Name (OSM)_park": "Egrove Park", "park_offical_id_park": "VALWH_213" }, "geometry": { "type": "Point", "coordinates": [ -1.251955389030966, 51.726928273195185 ] } },
{ "type": "Feature", "properties": { "longitude": -1.2519553890309663, "latitude": 51.726928273195185, "source": "OSMnx_edge_intersection", "entrance_type": "edge_crossing", "osm_entrance_type": "service", "osm_barrier_type": null, "osmid": "33495059", "Primary Name_park": "Egrove Park", "Other Names_park": null, "flag_park": "OSM", "OS ID_park": null, "OSM ID_park": "16364681.0", "id_park": "VALWH_fdf1052fdfab", "Merged Count_park": 1, "Total Area (m²)_park": 165077.27829899642, "Other name(s) (OS)_park": null, "Type (OS)_park": null, "Other name(s) (OSM)_park": null, "Type (OSM)_park": "park", "Name (OS)_park": null, "Name (OSM)_park": "Egrove Park", "park_offical_id_park": "VALWH_213" }, "geometry": { "type": "Point", "coordinates": [ -1.251955389030966, 51.726928273195185 ] } }
]
}
