{
"type": "FeatureCollection",
"name": "078719375231_visibility",
"crs": { "type": "name", "properties": { "name": "urn:ogc:def:crs:OGC:1.3:CRS84" } },
"features": [
{ "type": "Feature", "properties": { "visible_points": 0, "total_points": 62, "visibility_pct": 0.0 }, "geometry": { "type": "Point", "coordinates": [ 1.287440650201985, 51.126892627202125 ] } },
{ "type": "Feature", "properties": { "visible_points": 0, "total_points": 59, "visibility_pct": 0.0 }, "geometry": { "type": "Point", "coordinates": [ 1.287638327668267, 51.126887067380018 ] } },
{ "type": "Feature", "properties": { "visible_points": 2, "total_points": 73, "visibility_pct": 2.7397260273972601 }, "geometry": { "type": "Point", "coordinates": [ 1.287151787296585, 51.127008694421335 ] } },
{ "type": "Feature", "properties": { "visible_points": 0, "total_points": 73, "visibility_pct": 0.0 }, "geometry": { "type": "Point", "coordinates": [ 1.287349465329751, 51.127003135088181 ] } },
{ "type": "Feature", "properties": { "visible_points": 1, "total_points": 71, "visibility_pct": 1.4084507042253522 }, "geometry": { "type": "Point", "coordinates": [ 1.287547143298684, 51.126997575420447 ] } },
{ "type": "Feature", "properties": { "visible_points": 1, "total_points": 66, "visibility_pct": 1.5151515151515151 }, "geometry": { "type": "Point", "coordinates": [ 1.287744821203365, 51.126992015418089 ] } },
{ "type": "Feature", "properties": { "visible_points": 0, "total_points": 77, "visibility_pct": 0.0 }, "geometry": { "type": "Point", "coordinates": [ 1.286862922883262, 51.127124760924389 ] } },
{ "type": "Feature", "properties": { "visible_points": 0, "total_points": 83, "visibility_pct": 0.0 }, "geometry": { "type": "Point", "coordinates": [ 1.287060601483313, 51.127119202080181 ] } },
{ "type": "Feature", "properties": { "visible_points": 0, "total_points": 84, "visibility_pct": 0.0 }, "geometry": { "type": "Point", "coordinates": [ 1.287258280019128, 51.127113642901392 ] } },
{ "type": "Feature", "properties": { "visible_points": 0, "total_points": 83, "visibility_pct": 0.0 }, "geometry": { "type": "Point", "coordinates": [ 1.287455958490705, 51.127108083387995 ] } },
{ "type": "Feature", "properties": { "visible_points": 0, "total_points": 79, "visibility_pct": 0.0 }, "geometry": { "type": "Point", "coordinates": [ 1.28765363689804, 51.127102523539975 ] } },
{ "type": "Feature", "properties": { "visible_points": 0, "total_points": 73, "visibility_pct": 0.0 }, "geometry": { "type": "Point", "coordinates": [ 1.28785131524113, 51.127096963357381 ] } },
{ "type": "Feature", "properties": { "visible_points": 1, "total_points": 83, "visibility_pct": 1.2048192771084338 }, "geometry": { "type": "Point", "coordinates": [ 1.286771736128941, 51.127235268356017 ] } },
{ "type": "Feature", "properties": { "visible_points": 2, "total_points": 90, "visibility_pct": 2.2222222222222223 }, "geometry": { "type": "Point", "coordinates": [ 1.286969415231637, 51.127229709666167 ] } },
{ "type": "Feature", "properties": { "visible_points": 3, "total_points": 95, "visibility_pct": 3.1578947368421053 }, "geometry": { "type": "Point", "coordinates": [ 1.287167094270109, 51.127224150641723 ] } },
{ "type": "Feature", "properties": { "visible_points": 2, "total_points": 95, "visibility_pct": 2.1052631578947367 }, "geometry": { "type": "Point", "coordinates": [ 1.287364773244333, 51.127218591282663 ] } },
{ "type": "Feature", "properties": { "visible_points": 2, "total_points": 92, "visibility_pct": 2.1739130434782608 }, "geometry": { "type": "Point", "coordinates": [ 1.287562452154322, 51.127213031589015 ] } },
{ "type": "Feature", "properties": { "visible_points": 0, "total_points": 86, "visibility_pct": 0.0 }, "geometry": { "type": "Point", "coordinates": [ 1.287760131000062, 51.127207471560766 ] } },
{ "type": "Feature", "properties": { "visible_points": 0, "total_points": 77, "visibility_pct": 0.0 }, "geometry": { "type": "Point", "coordinates": [ 1.287957809781556, 51.127201911197915 ] } },
{ "type": "Feature", "properties": { "visible_points": 0, "total_points": 83, "visibility_pct": 0.0 }, "geometry": { "type": "Point", "coordinates": [ 1.286482869266635, 51.127351333915641 ] } },
{ "type": "Feature", "properties": { "visible_points": 1, "total_points": 89, "visibility_pct": 1.1235955056179776 }, "geometry": { "type": "Point", "coordinates": [ 1.286680548936213, 51.127345775714758 ] } },
{ "type": "Feature", "properties": { "visible_points": 3, "total_points": 95, "visibility_pct": 3.1578947368421053 }, "geometry": { "type": "Point", "coordinates": [ 1.286878228541566, 51.127340217179274 ] } },
{ "type": "Feature", "properties": { "visible_points": 5, "total_points": 102, "visibility_pct": 4.9019607843137258 }, "geometry": { "type": "Point", "coordinates": [ 1.287075908082682, 51.127334658309174 ] } },
{ "type": "Feature", "properties": { "visible_points": 4, "total_points": 106, "visibility_pct": 3.7735849056603774 }, "geometry": { "type": "Point", "coordinates": [ 1.287273587559562, 51.127329099104479 ] } },
{ "type": "Feature", "properties": { "visible_points": 5, "total_points": 105, "visibility_pct": 4.7619047619047619 }, "geometry": { "type": "Point", "coordinates": [ 1.287471266972205, 51.127323539565182 ] } },
{ "type": "Feature", "properties": { "visible_points": 1, "total_points": 99, "visibility_pct": 1.0101010101010102 }, "geometry": { "type": "Point", "coordinates": [ 1.287668946320604, 51.127317979691284 ] } },
{ "type": "Feature", "properties": { "visible_points": 0, "total_points": 90, "visibility_pct": 0.0 }, "geometry": { "type": "Point", "coordinates": [ 1.287866625604756, 51.127312419482777 ] } },
{ "type": "Feature", "properties": { "visible_points": 3, "total_points": 94, "visibility_pct": 3.1914893617021276 }, "geometry": { "type": "Point", "coordinates": [ 1.286589361305078, 51.127456283000633 ] } },
{ "type": "Feature", "properties": { "visible_points": 5, "total_points": 100, "visibility_pct": 5.0 }, "geometry": { "type": "Point", "coordinates": [ 1.286787041413078, 51.127450724619507 ] } },
{ "type": "Feature", "properties": { "visible_points": 6, "total_points": 106, "visibility_pct": 5.6603773584905666 }, "geometry": { "type": "Point", "coordinates": [ 1.286984721456854, 51.127445165903765 ] } },
{ "type": "Feature", "properties": { "visible_points": 10, "total_points": 112, "visibility_pct": 8.9285714285714288 }, "geometry": { "type": "Point", "coordinates": [ 1.287182401436387, 51.127439606853429 ] } },
{ "type": "Feature", "properties": { "visible_points": 4, "total_points": 114, "visibility_pct": 3.5087719298245612 }, "geometry": { "type": "Point", "coordinates": [ 1.28738008135169, 51.127434047468483 ] } },
{ "type": "Feature", "properties": { "visible_points": 5, "total_points": 109, "visibility_pct": 4.5871559633027523 }, "geometry": { "type": "Point", "coordinates": [ 1.287577761202747, 51.127428487748908 ] } },
{ "type": "Feature", "properties": { "visible_points": 3, "total_points": 99, "visibility_pct": 3.0303030303030303 }, "geometry": { "type": "Point", "coordinates": [ 1.287775440989557, 51.127422927694766 ] } },
{ "type": "Feature", "properties": { "visible_points": 0, "total_points": 88, "visibility_pct": 0.0 }, "geometry": { "type": "Point", "coordinates": [ 1.287973120712118, 51.127417367306016 ] } },
{ "type": "Feature", "properties": { "visible_points": 3, "total_points": 84, "visibility_pct": 3.5714285714285712 }, "geometry": { "type": "Point", "coordinates": [ 1.285905131018217, 51.1275834628863 ] } },
{ "type": "Feature", "properties": { "visible_points": 4, "total_points": 89, "visibility_pct": 4.4943820224719104 }, "geometry": { "type": "Point", "coordinates": [ 1.286102811821537, 51.127577905663351 ] } },
{ "type": "Feature", "properties": { "visible_points": 5, "total_points": 94, "visibility_pct": 5.3191489361702127 }, "geometry": { "type": "Point", "coordinates": [ 1.286300492560645, 51.127572348105794 ] } },
{ "type": "Feature", "properties": { "visible_points": 4, "total_points": 100, "visibility_pct": 4.0 }, "geometry": { "type": "Point", "coordinates": [ 1.286498173235524, 51.127566790213649 ] } },
{ "type": "Feature", "properties": { "visible_points": 8, "total_points": 105, "visibility_pct": 7.6190476190476195 }, "geometry": { "type": "Point", "coordinates": [ 1.286695853846187, 51.12756123198686 ] } },
{ "type": "Feature", "properties": { "visible_points": 9, "total_points": 110, "visibility_pct": 8.1818181818181817 }, "geometry": { "type": "Point", "coordinates": [ 1.286893534392613, 51.127555673425483 ] } },
{ "type": "Feature", "properties": { "visible_points": 10, "total_points": 115, "visibility_pct": 8.695652173913043 }, "geometry": { "type": "Point", "coordinates": [ 1.287091214874813, 51.127550114529491 ] } },
{ "type": "Feature", "properties": { "visible_points": 9, "total_points": 120, "visibility_pct": 7.5 }, "geometry": { "type": "Point", "coordinates": [ 1.287288895292768, 51.127544555298911 ] } },
{ "type": "Feature", "properties": { "visible_points": 6, "total_points": 115, "visibility_pct": 5.2173913043478262 }, "geometry": { "type": "Point", "coordinates": [ 1.287486575646488, 51.127538995733694 ] } },
{ "type": "Feature", "properties": { "visible_points": 5, "total_points": 107, "visibility_pct": 4.6728971962616823 }, "geometry": { "type": "Point", "coordinates": [ 1.287684255935961, 51.127533435833904 ] } },
{ "type": "Feature", "properties": { "visible_points": 1, "total_points": 97, "visibility_pct": 1.0309278350515463 }, "geometry": { "type": "Point", "coordinates": [ 1.287881936161185, 51.127527875599483 ] } },
{ "type": "Feature", "properties": { "visible_points": 0, "total_points": 85, "visibility_pct": 0.0 }, "geometry": { "type": "Point", "coordinates": [ 1.288079616322159, 51.127522315030468 ] } },
{ "type": "Feature", "properties": { "visible_points": 1, "total_points": 78, "visibility_pct": 1.2820512820512819 }, "geometry": { "type": "Point", "coordinates": [ 1.285220896699094, 51.12771063876145 ] } },
{ "type": "Feature", "properties": { "visible_points": 1, "total_points": 81, "visibility_pct": 1.2345679012345678 }, "geometry": { "type": "Point", "coordinates": [ 1.285418578197697, 51.127705082696707 ] } },
{ "type": "Feature", "properties": { "visible_points": 1, "total_points": 85, "visibility_pct": 1.1764705882352942 }, "geometry": { "type": "Point", "coordinates": [ 1.285616259632096, 51.127699526297327 ] } },
{ "type": "Feature", "properties": { "visible_points": 10, "total_points": 90, "visibility_pct": 11.111111111111111 }, "geometry": { "type": "Point", "coordinates": [ 1.285813941002281, 51.127693969563346 ] } },
{ "type": "Feature", "properties": { "visible_points": 9, "total_points": 95, "visibility_pct": 9.4736842105263168 }, "geometry": { "type": "Point", "coordinates": [ 1.28601162230826, 51.127688412494756 ] } },
{ "type": "Feature", "properties": { "visible_points": 11, "total_points": 100, "visibility_pct": 11.0 }, "geometry": { "type": "Point", "coordinates": [ 1.286209303550018, 51.127682855091564 ] } },
{ "type": "Feature", "properties": { "visible_points": 10, "total_points": 105, "visibility_pct": 9.5238095238095237 }, "geometry": { "type": "Point", "coordinates": [ 1.286406984727561, 51.127677297353763 ] } },
{ "type": "Feature", "properties": { "visible_points": 13, "total_points": 109, "visibility_pct": 11.926605504587156 }, "geometry": { "type": "Point", "coordinates": [ 1.286604665840873, 51.12767173928134 ] } },
{ "type": "Feature", "properties": { "visible_points": 7, "total_points": 113, "visibility_pct": 6.1946902654867255 }, "geometry": { "type": "Point", "coordinates": [ 1.286802346889965, 51.127666180874314 ] } },
{ "type": "Feature", "properties": { "visible_points": 7, "total_points": 117, "visibility_pct": 5.982905982905983 }, "geometry": { "type": "Point", "coordinates": [ 1.287000027874817, 51.127660622132694 ] } },
{ "type": "Feature", "properties": { "visible_points": 9, "total_points": 120, "visibility_pct": 7.5 }, "geometry": { "type": "Point", "coordinates": [ 1.287197708795443, 51.127655063056473 ] } },
{ "type": "Feature", "properties": { "visible_points": 7, "total_points": 120, "visibility_pct": 5.833333333333333 }, "geometry": { "type": "Point", "coordinates": [ 1.287395389651823, 51.127649503645614 ] } },
{ "type": "Feature", "properties": { "visible_points": 9, "total_points": 114, "visibility_pct": 7.8947368421052628 }, "geometry": { "type": "Point", "coordinates": [ 1.287593070443961, 51.127643943900168 ] } },
{ "type": "Feature", "properties": { "visible_points": 6, "total_points": 105, "visibility_pct": 5.7142857142857144 }, "geometry": { "type": "Point", "coordinates": [ 1.287790751171853, 51.127638383820091 ] } },
{ "type": "Feature", "properties": { "visible_points": 0, "total_points": 93, "visibility_pct": 0.0 }, "geometry": { "type": "Point", "coordinates": [ 1.287988431835493, 51.127632823405435 ] } },
{ "type": "Feature", "properties": { "visible_points": 0, "total_points": 81, "visibility_pct": 0.0 }, "geometry": { "type": "Point", "coordinates": [ 1.288186112434881, 51.127627262656155 ] } },
{ "type": "Feature", "properties": { "visible_points": 1, "total_points": 81, "visibility_pct": 1.2345679012345678 }, "geometry": { "type": "Point", "coordinates": [ 1.284734340541672, 51.127832255719447 ] } },
{ "type": "Feature", "properties": { "visible_points": 0, "total_points": 84, "visibility_pct": 0.0 }, "geometry": { "type": "Point", "coordinates": [ 1.28493202267132, 51.127826700478273 ] } },
{ "type": "Feature", "properties": { "visible_points": 7, "total_points": 87, "visibility_pct": 8.0459770114942533 }, "geometry": { "type": "Point", "coordinates": [ 1.285129704736772, 51.127821144902491 ] } },
{ "type": "Feature", "properties": { "visible_points": 9, "total_points": 90, "visibility_pct": 10.0 }, "geometry": { "type": "Point", "coordinates": [ 1.285327386738028, 51.127815588992107 ] } },
{ "type": "Feature", "properties": { "visible_points": 13, "total_points": 93, "visibility_pct": 13.978494623655912 }, "geometry": { "type": "Point", "coordinates": [ 1.285525068675077, 51.127810032747099 ] } },
{ "type": "Feature", "properties": { "visible_points": 18, "total_points": 97, "visibility_pct": 18.556701030927837 }, "geometry": { "type": "Point", "coordinates": [ 1.285722750547921, 51.127804476167491 ] } },
{ "type": "Feature", "properties": { "visible_points": 18, "total_points": 101, "visibility_pct": 17.82178217821782 }, "geometry": { "type": "Point", "coordinates": [ 1.285920432356553, 51.12779891925328 ] } },
{ "type": "Feature", "properties": { "visible_points": 18, "total_points": 105, "visibility_pct": 17.142857142857142 }, "geometry": { "type": "Point", "coordinates": [ 1.286118114100971, 51.127793362004461 ] } },
{ "type": "Feature", "properties": { "visible_points": 23, "total_points": 109, "visibility_pct": 21.100917431192663 }, "geometry": { "type": "Point", "coordinates": [ 1.286315795781171, 51.127787804421004 ] } },
{ "type": "Feature", "properties": { "visible_points": 10, "total_points": 112, "visibility_pct": 8.9285714285714288 }, "geometry": { "type": "Point", "coordinates": [ 1.286513477397145, 51.127782246502953 ] } },
{ "type": "Feature", "properties": { "visible_points": 23, "total_points": 115, "visibility_pct": 20.0 }, "geometry": { "type": "Point", "coordinates": [ 1.286711158948897, 51.1277766882503 ] } },
{ "type": "Feature", "properties": { "visible_points": 17, "total_points": 118, "visibility_pct": 14.40677966101695 }, "geometry": { "type": "Point", "coordinates": [ 1.286908840436416, 51.127771129663024 ] } },
{ "type": "Feature", "properties": { "visible_points": 11, "total_points": 120, "visibility_pct": 9.1666666666666661 }, "geometry": { "type": "Point", "coordinates": [ 1.287106521859699, 51.127765570741147 ] } },
{ "type": "Feature", "properties": { "visible_points": 13, "total_points": 120, "visibility_pct": 10.833333333333334 }, "geometry": { "type": "Point", "coordinates": [ 1.287304203218751, 51.127760011484639 ] } },
{ "type": "Feature", "properties": { "visible_points": 8, "total_points": 120, "visibility_pct": 6.666666666666667 }, "geometry": { "type": "Point", "coordinates": [ 1.287501884513554, 51.127754451893558 ] } },
{ "type": "Feature", "properties": { "visible_points": 7, "total_points": 113, "visibility_pct": 6.1946902654867255 }, "geometry": { "type": "Point", "coordinates": [ 1.287699565744117, 51.127748891967855 ] } },
{ "type": "Feature", "properties": { "visible_points": 1, "total_points": 102, "visibility_pct": 0.98039215686274506 }, "geometry": { "type": "Point", "coordinates": [ 1.287897246910425, 51.127743331707528 ] } },
{ "type": "Feature", "properties": { "visible_points": 0, "total_points": 90, "visibility_pct": 0.0 }, "geometry": { "type": "Point", "coordinates": [ 1.288094928012483, 51.127737771112606 ] } },
{ "type": "Feature", "properties": { "visible_points": 0, "total_points": 78, "visibility_pct": 0.0 }, "geometry": { "type": "Point", "coordinates": [ 1.288292609050283, 51.127732210183076 ] } },
{ "type": "Feature", "properties": { "visible_points": 4, "total_points": 82, "visibility_pct": 4.8780487804878048 }, "geometry": { "type": "Point", "coordinates": [ 1.284050098853579, 51.127959424731571 ] } },
{ "type": "Feature", "properties": { "visible_points": 4, "total_points": 85, "visibility_pct": 4.7058823529411766 }, "geometry": { "type": "Point", "coordinates": [ 1.284247781678441, 51.127953870648618 ] } },
{ "type": "Feature", "properties": { "visible_points": 8, "total_points": 87, "visibility_pct": 9.1954022988505741 }, "geometry": { "type": "Point", "coordinates": [ 1.284445464439113, 51.127948316231048 ] } },
{ "type": "Feature", "properties": { "visible_points": 13, "total_points": 90, "visibility_pct": 14.444444444444443 }, "geometry": { "type": "Point", "coordinates": [ 1.284643147135606, 51.127942761478863 ] } },
{ "type": "Feature", "properties": { "visible_points": 15, "total_points": 93, "visibility_pct": 16.129032258064516 }, "geometry": { "type": "Point", "coordinates": [ 1.284840829767907, 51.127937206392069 ] } },
{ "type": "Feature", "properties": { "visible_points": 16, "total_points": 96, "visibility_pct": 16.666666666666664 }, "geometry": { "type": "Point", "coordinates": [ 1.28503851233601, 51.127931650970659 ] } },
{ "type": "Feature", "properties": { "visible_points": 17, "total_points": 99, "visibility_pct": 17.171717171717169 }, "geometry": { "type": "Point", "coordinates": [ 1.285236194839919, 51.127926095214654 ] } },
{ "type": "Feature", "properties": { "visible_points": 14, "total_points": 101, "visibility_pct": 13.861386138613863 }, "geometry": { "type": "Point", "coordinates": [ 1.285433877279625, 51.127920539124013 ] } },
{ "type": "Feature", "properties": { "visible_points": 14, "total_points": 104, "visibility_pct": 13.461538461538462 }, "geometry": { "type": "Point", "coordinates": [ 1.285631559655126, 51.127914982698769 ] } },
{ "type": "Feature", "properties": { "visible_points": 14, "total_points": 107, "visibility_pct": 13.084112149532709 }, "geometry": { "type": "Point", "coordinates": [ 1.285829241966418, 51.12790942593891 ] } },
{ "type": "Feature", "properties": { "visible_points": 17, "total_points": 110, "visibility_pct": 15.454545454545453 }, "geometry": { "type": "Point", "coordinates": [ 1.286026924213494, 51.127903868844442 ] } },
{ "type": "Feature", "properties": { "visible_points": 25, "total_points": 113, "visibility_pct": 22.123893805309734 }, "geometry": { "type": "Point", "coordinates": [ 1.286224606396354, 51.127898311415372 ] } },
{ "type": "Feature", "properties": { "visible_points": 23, "total_points": 115, "visibility_pct": 20.0 }, "geometry": { "type": "Point", "coordinates": [ 1.286422288514995, 51.127892753651686 ] } },
{ "type": "Feature", "properties": { "visible_points": 25, "total_points": 117, "visibility_pct": 21.367521367521366 }, "geometry": { "type": "Point", "coordinates": [ 1.286619970569408, 51.127887195553377 ] } },
{ "type": "Feature", "properties": { "visible_points": 22, "total_points": 119, "visibility_pct": 18.487394957983195 }, "geometry": { "type": "Point", "coordinates": [ 1.286817652559593, 51.127881637120474 ] } },
{ "type": "Feature", "properties": { "visible_points": 16, "total_points": 120, "visibility_pct": 13.333333333333334 }, "geometry": { "type": "Point", "coordinates": [ 1.287015334485544, 51.127876078352948 ] } },
{ "type": "Feature", "properties": { "visible_points": 9, "total_points": 120, "visibility_pct": 7.5 }, "geometry": { "type": "Point", "coordinates": [ 1.287213016347263, 51.127870519250834 ] } },
{ "type": "Feature", "properties": { "visible_points": 11, "total_points": 120, "visibility_pct": 9.1666666666666661 }, "geometry": { "type": "Point", "coordinates": [ 1.287410698144741, 51.12786495981409 ] } },
{ "type": "Feature", "properties": { "visible_points": 10, "total_points": 119, "visibility_pct": 8.4033613445378155 }, "geometry": { "type": "Point", "coordinates": [ 1.287608379877966, 51.127859400042723 ] } },
{ "type": "Feature", "properties": { "visible_points": 7, "total_points": 110, "visibility_pct": 6.3636363636363633 }, "geometry": { "type": "Point", "coordinates": [ 1.287806061546955, 51.127853839936762 ] } },
{ "type": "Feature", "properties": { "visible_points": 4, "total_points": 99, "visibility_pct": 4.0404040404040407 }, "geometry": { "type": "Point", "coordinates": [ 1.28800374315168, 51.12784827949617 ] } },
{ "type": "Feature", "properties": { "visible_points": 0, "total_points": 88, "visibility_pct": 0.0 }, "geometry": { "type": "Point", "coordinates": [ 1.28820142469216, 51.127842718721006 ] } },
{ "type": "Feature", "properties": { "visible_points": 0, "total_points": 76, "visibility_pct": 0.0 }, "geometry": { "type": "Point", "coordinates": [ 1.288399106168377, 51.127837157611211 ] } },
{ "type": "Feature", "properties": { "visible_points": 6, "total_points": 79, "visibility_pct": 7.59493670886076 }, "geometry": { "type": "Point", "coordinates": [ 1.282575118411805, 51.12810879808579 ] } },
{ "type": "Feature", "properties": { "visible_points": 6, "total_points": 81, "visibility_pct": 7.4074074074074066 }, "geometry": { "type": "Point", "coordinates": [ 1.282772802188475, 51.128103246499521 ] } },
{ "type": "Feature", "properties": { "visible_points": 6, "total_points": 82, "visibility_pct": 7.3170731707317067 }, "geometry": { "type": "Point", "coordinates": [ 1.282970485900988, 51.128097694578642 ] } },
{ "type": "Feature", "properties": { "visible_points": 6, "total_points": 83, "visibility_pct": 7.2289156626506017 }, "geometry": { "type": "Point", "coordinates": [ 1.283168169549343, 51.128092142323133 ] } },
{ "type": "Feature", "properties": { "visible_points": 6, "total_points": 85, "visibility_pct": 7.0588235294117645 }, "geometry": { "type": "Point", "coordinates": [ 1.283365853133537, 51.128086589733009 ] } },
{ "type": "Feature", "properties": { "visible_points": 6, "total_points": 87, "visibility_pct": 6.8965517241379306 }, "geometry": { "type": "Point", "coordinates": [ 1.283563536653567, 51.12808103680829 ] } },
{ "type": "Feature", "properties": { "visible_points": 8, "total_points": 89, "visibility_pct": 8.9887640449438209 }, "geometry": { "type": "Point", "coordinates": [ 1.283761220109426, 51.128075483548933 ] } },
{ "type": "Feature", "properties": { "visible_points": 5, "total_points": 91, "visibility_pct": 5.4945054945054945 }, "geometry": { "type": "Point", "coordinates": [ 1.283958903501111, 51.128069929954975 ] } },
{ "type": "Feature", "properties": { "visible_points": 7, "total_points": 94, "visibility_pct": 7.4468085106382977 }, "geometry": { "type": "Point", "coordinates": [ 1.284156586828621, 51.12806437602638 ] } },
{ "type": "Feature", "properties": { "visible_points": 11, "total_points": 96, "visibility_pct": 11.458333333333332 }, "geometry": { "type": "Point", "coordinates": [ 1.284354270091945, 51.128058821763204 ] } },
{ "type": "Feature", "properties": { "visible_points": 15, "total_points": 98, "visibility_pct": 15.306122448979592 }, "geometry": { "type": "Point", "coordinates": [ 1.284551953291092, 51.128053267165392 ] } },
{ "type": "Feature", "properties": { "visible_points": 17, "total_points": 101, "visibility_pct": 16.831683168316832 }, "geometry": { "type": "Point", "coordinates": [ 1.284749636426045, 51.128047712232977 ] } },
{ "type": "Feature", "properties": { "visible_points": 19, "total_points": 104, "visibility_pct": 18.269230769230766 }, "geometry": { "type": "Point", "coordinates": [ 1.284947319496807, 51.128042156965932 ] } },
{ "type": "Feature", "properties": { "visible_points": 13, "total_points": 107, "visibility_pct": 12.149532710280374 }, "geometry": { "type": "Point", "coordinates": [ 1.285145002503371, 51.128036601364286 ] } },
{ "type": "Feature", "properties": { "visible_points": 12, "total_points": 109, "visibility_pct": 11.009174311926607 }, "geometry": { "type": "Point", "coordinates": [ 1.285342685445732, 51.128031045428045 ] } },
{ "type": "Feature", "properties": { "visible_points": 4, "total_points": 111, "visibility_pct": 3.6036036036036037 }, "geometry": { "type": "Point", "coordinates": [ 1.285540368323895, 51.12802548915716 ] } },
{ "type": "Feature", "properties": { "visible_points": 14, "total_points": 113, "visibility_pct": 12.389380530973451 }, "geometry": { "type": "Point", "coordinates": [ 1.285738051137847, 51.128019932551673 ] } },
{ "type": "Feature", "properties": { "visible_points": 0, "total_points": 115, "visibility_pct": 0.0 }, "geometry": { "type": "Point", "coordinates": [ 1.285935733887587, 51.128014375611578 ] } },
{ "type": "Feature", "properties": { "visible_points": 36, "total_points": 117, "visibility_pct": 30.76923076923077 }, "geometry": { "type": "Point", "coordinates": [ 1.286133416573111, 51.128008818336852 ] } },
{ "type": "Feature", "properties": { "visible_points": 43, "total_points": 118, "visibility_pct": 36.440677966101696 }, "geometry": { "type": "Point", "coordinates": [ 1.286331099194415, 51.128003260727539 ] } },
{ "type": "Feature", "properties": { "visible_points": 35, "total_points": 119, "visibility_pct": 29.411764705882355 }, "geometry": { "type": "Point", "coordinates": [ 1.286528781751494, 51.127997702783595 ] } },
{ "type": "Feature", "properties": { "visible_points": 26, "total_points": 120, "visibility_pct": 21.666666666666668 }, "geometry": { "type": "Point", "coordinates": [ 1.286726464244352, 51.127992144505043 ] } },
{ "type": "Feature", "properties": { "visible_points": 21, "total_points": 120, "visibility_pct": 17.5 }, "geometry": { "type": "Point", "coordinates": [ 1.28692414667297, 51.12798658589189 ] } },
{ "type": "Feature", "properties": { "visible_points": 20, "total_points": 120, "visibility_pct": 16.666666666666664 }, "geometry": { "type": "Point", "coordinates": [ 1.287121829037356, 51.127981026944106 ] } },
{ "type": "Feature", "properties": { "visible_points": 19, "total_points": 120, "visibility_pct": 15.833333333333332 }, "geometry": { "type": "Point", "coordinates": [ 1.287319511337507, 51.12797546766172 ] } },
{ "type": "Feature", "properties": { "visible_points": 22, "total_points": 120, "visibility_pct": 18.333333333333332 }, "geometry": { "type": "Point", "coordinates": [ 1.287517193573414, 51.127969908044733 ] } },
{ "type": "Feature", "properties": { "visible_points": 12, "total_points": 116, "visibility_pct": 10.344827586206897 }, "geometry": { "type": "Point", "coordinates": [ 1.287714875745068, 51.12796434809313 ] } },
{ "type": "Feature", "properties": { "visible_points": 8, "total_points": 107, "visibility_pct": 7.4766355140186906 }, "geometry": { "type": "Point", "coordinates": [ 1.28791255785248, 51.127958787806897 ] } },
{ "type": "Feature", "properties": { "visible_points": 0, "total_points": 97, "visibility_pct": 0.0 }, "geometry": { "type": "Point", "coordinates": [ 1.28811023989563, 51.127953227186069 ] } },
{ "type": "Feature", "properties": { "visible_points": 0, "total_points": 86, "visibility_pct": 0.0 }, "geometry": { "type": "Point", "coordinates": [ 1.288307921874524, 51.127947666230639 ] } },
{ "type": "Feature", "properties": { "visible_points": 3, "total_points": 78, "visibility_pct": 3.8461538461538463 }, "geometry": { "type": "Point", "coordinates": [ 1.281297810080193, 51.128252602985462 ] } },
{ "type": "Feature", "properties": { "visible_points": 3, "total_points": 80, "visibility_pct": 3.75 }, "geometry": { "type": "Point", "coordinates": [ 1.281495495988487, 51.128247054018395 ] } },
{ "type": "Feature", "properties": { "visible_points": 3, "total_points": 82, "visibility_pct": 3.6585365853658534 }, "geometry": { "type": "Point", "coordinates": [ 1.281693181283096, 51.128241504525043 ] } },
{ "type": "Feature", "properties": { "visible_points": 5, "total_points": 84, "visibility_pct": 5.9523809523809517 }, "geometry": { "type": "Point", "coordinates": [ 1.281890865879543, 51.128235954443532 ] } },
{ "type": "Feature", "properties": { "visible_points": 5, "total_points": 85, "visibility_pct": 5.8823529411764701 }, "geometry": { "type": "Point", "coordinates": [ 1.28208855035129, 51.128230404015511 ] } },
{ "type": "Feature", "properties": { "visible_points": 6, "total_points": 87, "visibility_pct": 6.8965517241379306 }, "geometry": { "type": "Point", "coordinates": [ 1.282286234758895, 51.128224853252867 ] } },
{ "type": "Feature", "properties": { "visible_points": 6, "total_points": 89, "visibility_pct": 6.7415730337078648 }, "geometry": { "type": "Point", "coordinates": [ 1.282483919102351, 51.128219302155593 ] } },
{ "type": "Feature", "properties": { "visible_points": 10, "total_points": 91, "visibility_pct": 10.989010989010989 }, "geometry": { "type": "Point", "coordinates": [ 1.282681603381661, 51.128213750723717 ] } },
{ "type": "Feature", "properties": { "visible_points": 12, "total_points": 92, "visibility_pct": 13.043478260869565 }, "geometry": { "type": "Point", "coordinates": [ 1.28287928759682, 51.128208198957211 ] } },
{ "type": "Feature", "properties": { "visible_points": 15, "total_points": 93, "visibility_pct": 16.129032258064516 }, "geometry": { "type": "Point", "coordinates": [ 1.283076971747824, 51.128202646856096 ] } },
{ "type": "Feature", "properties": { "visible_points": 13, "total_points": 94, "visibility_pct": 13.829787234042554 }, "geometry": { "type": "Point", "coordinates": [ 1.283274655834659, 51.128197094420365 ] } },
{ "type": "Feature", "properties": { "visible_points": 17, "total_points": 96, "visibility_pct": 17.708333333333336 }, "geometry": { "type": "Point", "coordinates": [ 1.28347233985734, 51.128191541650011 ] } },
{ "type": "Feature", "properties": { "visible_points": 18, "total_points": 98, "visibility_pct": 18.367346938775512 }, "geometry": { "type": "Point", "coordinates": [ 1.283670023815847, 51.128185988545063 ] } },
{ "type": "Feature", "properties": { "visible_points": 17, "total_points": 100, "visibility_pct": 17.0 }, "geometry": { "type": "Point", "coordinates": [ 1.283867707710181, 51.128180435105484 ] } },
{ "type": "Feature", "properties": { "visible_points": 23, "total_points": 102, "visibility_pct": 22.549019607843139 }, "geometry": { "type": "Point", "coordinates": [ 1.284065391540346, 51.128174881331269 ] } },
{ "type": "Feature", "properties": { "visible_points": 23, "total_points": 104, "visibility_pct": 22.115384615384613 }, "geometry": { "type": "Point", "coordinates": [ 1.284263075306327, 51.128169327222459 ] } },
{ "type": "Feature", "properties": { "visible_points": 25, "total_points": 106, "visibility_pct": 23.584905660377359 }, "geometry": { "type": "Point", "coordinates": [ 1.284460759008122, 51.12816377277904 ] } },
{ "type": "Feature", "properties": { "visible_points": 31, "total_points": 108, "visibility_pct": 28.703703703703702 }, "geometry": { "type": "Point", "coordinates": [ 1.284658442645732, 51.128158218000991 ] } },
{ "type": "Feature", "properties": { "visible_points": 29, "total_points": 110, "visibility_pct": 26.36363636363636 }, "geometry": { "type": "Point", "coordinates": [ 1.284856126219152, 51.128152662888326 ] } },
{ "type": "Feature", "properties": { "visible_points": 24, "total_points": 113, "visibility_pct": 21.238938053097346 }, "geometry": { "type": "Point", "coordinates": [ 1.285053809728377, 51.128147107441059 ] } },
{ "type": "Feature", "properties": { "visible_points": 17, "total_points": 115, "visibility_pct": 14.782608695652174 }, "geometry": { "type": "Point", "coordinates": [ 1.285251493173401, 51.128141551659169 ] } },
{ "type": "Feature", "properties": { "visible_points": 0, "total_points": 117, "visibility_pct": 0.0 }, "geometry": { "type": "Point", "coordinates": [ 1.285449176554223, 51.128135995542671 ] } },
{ "type": "Feature", "properties": { "visible_points": 15, "total_points": 119, "visibility_pct": 12.605042016806722 }, "geometry": { "type": "Point", "coordinates": [ 1.285646859870837, 51.128130439091542 ] } },
{ "type": "Feature", "properties": { "visible_points": 35, "total_points": 120, "visibility_pct": 29.166666666666668 }, "geometry": { "type": "Point", "coordinates": [ 1.285844543123244, 51.128124882305826 ] } },
{ "type": "Feature", "properties": { "visible_points": 25, "total_points": 120, "visibility_pct": 20.833333333333336 }, "geometry": { "type": "Point", "coordinates": [ 1.286042226311432, 51.128119325185466 ] } },
{ "type": "Feature", "properties": { "visible_points": 28, "total_points": 120, "visibility_pct": 23.333333333333332 }, "geometry": { "type": "Point", "coordinates": [ 1.286239909435405, 51.128113767730511 ] } },
{ "type": "Feature", "properties": { "visible_points": 28, "total_points": 120, "visibility_pct": 23.333333333333332 }, "geometry": { "type": "Point", "coordinates": [ 1.286437592495158, 51.12810820994094 ] } },
{ "type": "Feature", "properties": { "visible_points": 26, "total_points": 120, "visibility_pct": 21.666666666666668 }, "geometry": { "type": "Point", "coordinates": [ 1.28663527549068, 51.128102651816754 ] } },
{ "type": "Feature", "properties": { "visible_points": 25, "total_points": 120, "visibility_pct": 20.833333333333336 }, "geometry": { "type": "Point", "coordinates": [ 1.286832958421971, 51.128097093357944 ] } },
{ "type": "Feature", "properties": { "visible_points": 17, "total_points": 120, "visibility_pct": 14.166666666666666 }, "geometry": { "type": "Point", "coordinates": [ 1.287030641289036, 51.128091534564518 ] } },
{ "type": "Feature", "properties": { "visible_points": 20, "total_points": 120, "visibility_pct": 16.666666666666664 }, "geometry": { "type": "Point", "coordinates": [ 1.287228324091855, 51.128085975436505 ] } },
{ "type": "Feature", "properties": { "visible_points": 21, "total_points": 120, "visibility_pct": 17.5 }, "geometry": { "type": "Point", "coordinates": [ 1.287426006830439, 51.128080415973855 ] } },
{ "type": "Feature", "properties": { "visible_points": 15, "total_points": 119, "visibility_pct": 12.605042016806722 }, "geometry": { "type": "Point", "coordinates": [ 1.287623689504775, 51.12807485617661 ] } },
{ "type": "Feature", "properties": { "visible_points": 0, "total_points": 113, "visibility_pct": 0.0 }, "geometry": { "type": "Point", "coordinates": [ 1.287821372114859, 51.128069296044742 ] } },
{ "type": "Feature", "properties": { "visible_points": 0, "total_points": 105, "visibility_pct": 0.0 }, "geometry": { "type": "Point", "coordinates": [ 1.288019054660693, 51.128063735578273 ] } },
{ "type": "Feature", "properties": { "visible_points": 0, "total_points": 57, "visibility_pct": 0.0 }, "geometry": { "type": "Point", "coordinates": [ 1.280415860439113, 51.128385297719483 ] } },
{ "type": "Feature", "properties": { "visible_points": 0, "total_points": 66, "visibility_pct": 0.0 }, "geometry": { "type": "Point", "coordinates": [ 1.280613547110191, 51.128379750251291 ] } },
{ "type": "Feature", "properties": { "visible_points": 2, "total_points": 75, "visibility_pct": 2.666666666666667 }, "geometry": { "type": "Point", "coordinates": [ 1.280811233716897, 51.128374202448057 ] } },
{ "type": "Feature", "properties": { "visible_points": 0, "total_points": 84, "visibility_pct": 0.0 }, "geometry": { "type": "Point", "coordinates": [ 1.281008920259225, 51.128368654309782 ] } },
{ "type": "Feature", "properties": { "visible_points": 7, "total_points": 88, "visibility_pct": 7.9545454545454541 }, "geometry": { "type": "Point", "coordinates": [ 1.281206606737172, 51.12836310583647 ] } },
{ "type": "Feature", "properties": { "visible_points": 7, "total_points": 90, "visibility_pct": 7.7777777777777777 }, "geometry": { "type": "Point", "coordinates": [ 1.28140429315074, 51.12835755702811 ] } },
{ "type": "Feature", "properties": { "visible_points": 14, "total_points": 92, "visibility_pct": 15.217391304347828 }, "geometry": { "type": "Point", "coordinates": [ 1.281601979262117, 51.12835200784194 ] } },
{ "type": "Feature", "properties": { "visible_points": 17, "total_points": 94, "visibility_pct": 18.085106382978726 }, "geometry": { "type": "Point", "coordinates": [ 1.281799664623684, 51.128346457977266 ] } },
{ "type": "Feature", "properties": { "visible_points": 22, "total_points": 95, "visibility_pct": 23.157894736842106 }, "geometry": { "type": "Point", "coordinates": [ 1.28199734959807, 51.128340907703631 ] } },
{ "type": "Feature", "properties": { "visible_points": 24, "total_points": 96, "visibility_pct": 25.0 }, "geometry": { "type": "Point", "coordinates": [ 1.282195034508315, 51.128335357095374 ] } },
{ "type": "Feature", "properties": { "visible_points": 27, "total_points": 98, "visibility_pct": 27.551020408163261 }, "geometry": { "type": "Point", "coordinates": [ 1.282392719354418, 51.1283298061525 ] } },
{ "type": "Feature", "properties": { "visible_points": 27, "total_points": 100, "visibility_pct": 27.0 }, "geometry": { "type": "Point", "coordinates": [ 1.282590404136373, 51.128324254875004 ] } },
{ "type": "Feature", "properties": { "visible_points": 29, "total_points": 101, "visibility_pct": 28.71287128712871 }, "geometry": { "type": "Point", "coordinates": [ 1.282788088854177, 51.128318703262892 ] } },
{ "type": "Feature", "properties": { "visible_points": 29, "total_points": 102, "visibility_pct": 28.431372549019606 }, "geometry": { "type": "Point", "coordinates": [ 1.282985773507828, 51.128313151316171 ] } },
{ "type": "Feature", "properties": { "visible_points": 36, "total_points": 103, "visibility_pct": 34.95145631067961 }, "geometry": { "type": "Point", "coordinates": [ 1.283183458097311, 51.128307599034827 ] } },
{ "type": "Feature", "properties": { "visible_points": 36, "total_points": 104, "visibility_pct": 34.615384615384613 }, "geometry": { "type": "Point", "coordinates": [ 1.283381142622642, 51.12830204641886 ] } },
{ "type": "Feature", "properties": { "visible_points": 37, "total_points": 106, "visibility_pct": 34.905660377358487 }, "geometry": { "type": "Point", "coordinates": [ 1.283578827083802, 51.128296493468277 ] } },
{ "type": "Feature", "properties": { "visible_points": 34, "total_points": 108, "visibility_pct": 31.481481481481481 }, "geometry": { "type": "Point", "coordinates": [ 1.283776511480796, 51.128290940183092 ] } },
{ "type": "Feature", "properties": { "visible_points": 32, "total_points": 110, "visibility_pct": 29.09090909090909 }, "geometry": { "type": "Point", "coordinates": [ 1.283974195813606, 51.12828538656327 ] } },
{ "type": "Feature", "properties": { "visible_points": 25, "total_points": 111, "visibility_pct": 22.522522522522522 }, "geometry": { "type": "Point", "coordinates": [ 1.284171880082247, 51.128279832608847 ] } },
{ "type": "Feature", "properties": { "visible_points": 25, "total_points": 112, "visibility_pct": 22.321428571428573 }, "geometry": { "type": "Point", "coordinates": [ 1.284369564286698, 51.128274278319793 ] } },
{ "type": "Feature", "properties": { "visible_points": 25, "total_points": 114, "visibility_pct": 21.929824561403507 }, "geometry": { "type": "Point", "coordinates": [ 1.284567248426967, 51.128268723696124 ] } },
{ "type": "Feature", "properties": { "visible_points": 25, "total_points": 116, "visibility_pct": 21.551724137931032 }, "geometry": { "type": "Point", "coordinates": [ 1.284764932503051, 51.128263168737824 ] } },
{ "type": "Feature", "properties": { "visible_points": 27, "total_points": 118, "visibility_pct": 22.881355932203391 }, "geometry": { "type": "Point", "coordinates": [ 1.284962616514931, 51.128257613444923 ] } },
{ "type": "Feature", "properties": { "visible_points": 22, "total_points": 119, "visibility_pct": 18.487394957983195 }, "geometry": { "type": "Point", "coordinates": [ 1.285160300462622, 51.12825205781742 ] } },
{ "type": "Feature", "properties": { "visible_points": 17, "total_points": 120, "visibility_pct": 14.166666666666666 }, "geometry": { "type": "Point", "coordinates": [ 1.285357984346106, 51.128246501855294 ] } },
{ "type": "Feature", "properties": { "visible_points": 13, "total_points": 120, "visibility_pct": 10.833333333333334 }, "geometry": { "type": "Point", "coordinates": [ 1.285555668165391, 51.128240945558545 ] } },
{ "type": "Feature", "properties": { "visible_points": 28, "total_points": 120, "visibility_pct": 23.333333333333332 }, "geometry": { "type": "Point", "coordinates": [ 1.28575335192046, 51.128235388927166 ] } },
{ "type": "Feature", "properties": { "visible_points": 31, "total_points": 120, "visibility_pct": 25.833333333333336 }, "geometry": { "type": "Point", "coordinates": [ 1.28595103561132, 51.1282298319612 ] } },
{ "type": "Feature", "properties": { "visible_points": 31, "total_points": 120, "visibility_pct": 25.833333333333336 }, "geometry": { "type": "Point", "coordinates": [ 1.286148719237962, 51.12822427466061 ] } },
{ "type": "Feature", "properties": { "visible_points": 31, "total_points": 120, "visibility_pct": 25.833333333333336 }, "geometry": { "type": "Point", "coordinates": [ 1.286346402800383, 51.128218717025398 ] } },
{ "type": "Feature", "properties": { "visible_points": 29, "total_points": 120, "visibility_pct": 24.166666666666668 }, "geometry": { "type": "Point", "coordinates": [ 1.28654408629858, 51.128213159055591 ] } },
{ "type": "Feature", "properties": { "visible_points": 34, "total_points": 120, "visibility_pct": 28.333333333333332 }, "geometry": { "type": "Point", "coordinates": [ 1.286741769732548, 51.128207600751125 ] } },
{ "type": "Feature", "properties": { "visible_points": 29, "total_points": 120, "visibility_pct": 24.166666666666668 }, "geometry": { "type": "Point", "coordinates": [ 1.286939453102284, 51.128202042112079 ] } },
{ "type": "Feature", "properties": { "visible_points": 28, "total_points": 120, "visibility_pct": 23.333333333333332 }, "geometry": { "type": "Point", "coordinates": [ 1.287137136407785, 51.128196483138417 ] } },
{ "type": "Feature", "properties": { "visible_points": 25, "total_points": 120, "visibility_pct": 20.833333333333336 }, "geometry": { "type": "Point", "coordinates": [ 1.287334819649043, 51.12819092383014 ] } },
{ "type": "Feature", "properties": { "visible_points": 26, "total_points": 120, "visibility_pct": 21.666666666666668 }, "geometry": { "type": "Point", "coordinates": [ 1.28753250282606, 51.128185364187232 ] } },
{ "type": "Feature", "properties": { "visible_points": 22, "total_points": 117, "visibility_pct": 18.803418803418804 }, "geometry": { "type": "Point", "coordinates": [ 1.287730185938828, 51.128179804209729 ] } },
{ "type": "Feature", "properties": { "visible_points": 9, "total_points": 111, "visibility_pct": 8.1081081081081088 }, "geometry": { "type": "Point", "coordinates": [ 1.287927868987345, 51.128174243897611 ] } },
{ "type": "Feature", "properties": { "visible_points": 6, "total_points": 58, "visibility_pct": 10.344827586206897 }, "geometry": { "type": "Point", "coordinates": [ 1.280324654634129, 51.128495799858868 ] } },
{ "type": "Feature", "properties": { "visible_points": 11, "total_points": 68, "visibility_pct": 16.176470588235293 }, "geometry": { "type": "Point", "coordinates": [ 1.280522341810479, 51.128490252549391 ] } },
{ "type": "Feature", "properties": { "visible_points": 11, "total_points": 78, "visibility_pct": 14.102564102564102 }, "geometry": { "type": "Point", "coordinates": [ 1.280720028922454, 51.128484704904864 ] } },
{ "type": "Feature", "properties": { "visible_points": 22, "total_points": 88, "visibility_pct": 25.0 }, "geometry": { "type": "Point", "coordinates": [ 1.280917715970054, 51.128479156925295 ] } },
{ "type": "Feature", "properties": { "visible_points": 30, "total_points": 97, "visibility_pct": 30.927835051546392 }, "geometry": { "type": "Point", "coordinates": [ 1.28111540295328, 51.128473608610683 ] } },
{ "type": "Feature", "properties": { "visible_points": 29, "total_points": 99, "visibility_pct": 29.292929292929294 }, "geometry": { "type": "Point", "coordinates": [ 1.281313089872122, 51.128468059961037 ] } },
{ "type": "Feature", "properties": { "visible_points": 31, "total_points": 101, "visibility_pct": 30.693069306930692 }, "geometry": { "type": "Point", "coordinates": [ 1.281510776726574, 51.128462510976341 ] } },
{ "type": "Feature", "properties": { "visible_points": 33, "total_points": 103, "visibility_pct": 32.038834951456316 }, "geometry": { "type": "Point", "coordinates": [ 1.281708462910807, 51.128456961433372 ] } },
{ "type": "Feature", "properties": { "visible_points": 35, "total_points": 104, "visibility_pct": 33.653846153846153 }, "geometry": { "type": "Point", "coordinates": [ 1.281906148406363, 51.128451411318849 ] } },
{ "type": "Feature", "properties": { "visible_points": 35, "total_points": 105, "visibility_pct": 33.333333333333329 }, "geometry": { "type": "Point", "coordinates": [ 1.282103833819251, 51.128445860864964 ] } },
{ "type": "Feature", "properties": { "visible_points": 34, "total_points": 106, "visibility_pct": 32.075471698113205 }, "geometry": { "type": "Point", "coordinates": [ 1.282301519168001, 51.128440310076499 ] } },
{ "type": "Feature", "properties": { "visible_points": 34, "total_points": 108, "visibility_pct": 31.481481481481481 }, "geometry": { "type": "Point", "coordinates": [ 1.282499204452602, 51.128434758953389 ] } },
{ "type": "Feature", "properties": { "visible_points": 34, "total_points": 109, "visibility_pct": 31.192660550458719 }, "geometry": { "type": "Point", "coordinates": [ 1.282696889673053, 51.128429207495678 ] } },
{ "type": "Feature", "properties": { "visible_points": 36, "total_points": 110, "visibility_pct": 32.727272727272727 }, "geometry": { "type": "Point", "coordinates": [ 1.282894574829352, 51.128423655703351 ] } },
{ "type": "Feature", "properties": { "visible_points": 39, "total_points": 111, "visibility_pct": 35.135135135135137 }, "geometry": { "type": "Point", "coordinates": [ 1.283092259921496, 51.128418103576386 ] } },
{ "type": "Feature", "properties": { "visible_points": 38, "total_points": 112, "visibility_pct": 33.928571428571431 }, "geometry": { "type": "Point", "coordinates": [ 1.283289944949471, 51.128412551114806 ] } },
{ "type": "Feature", "properties": { "visible_points": 38, "total_points": 113, "visibility_pct": 33.628318584070797 }, "geometry": { "type": "Point", "coordinates": [ 1.283487629913289, 51.12840699831861 ] } },
{ "type": "Feature", "properties": { "visible_points": 39, "total_points": 114, "visibility_pct": 34.210526315789473 }, "geometry": { "type": "Point", "coordinates": [ 1.283685314812931, 51.128401445187798 ] } },
{ "type": "Feature", "properties": { "visible_points": 36, "total_points": 116, "visibility_pct": 31.03448275862069 }, "geometry": { "type": "Point", "coordinates": [ 1.283882999648408, 51.128395891722363 ] } },
{ "type": "Feature", "properties": { "visible_points": 38, "total_points": 117, "visibility_pct": 32.478632478632477 }, "geometry": { "type": "Point", "coordinates": [ 1.284080684419699, 51.128390337922305 ] } },
{ "type": "Feature", "properties": { "visible_points": 35, "total_points": 118, "visibility_pct": 29.66101694915254 }, "geometry": { "type": "Point", "coordinates": [ 1.284278369126816, 51.128384783787652 ] } },
{ "type": "Feature", "properties": { "visible_points": 22, "total_points": 119, "visibility_pct": 18.487394957983195 }, "geometry": { "type": "Point", "coordinates": [ 1.284476053769746, 51.128379229318348 ] } },
{ "type": "Feature", "properties": { "visible_points": 24, "total_points": 120, "visibility_pct": 20.0 }, "geometry": { "type": "Point", "coordinates": [ 1.284673738348488, 51.128373674514457 ] } },
{ "type": "Feature", "properties": { "visible_points": 24, "total_points": 120, "visibility_pct": 20.0 }, "geometry": { "type": "Point", "coordinates": [ 1.28487142286304, 51.128368119375928 ] } },
{ "type": "Feature", "properties": { "visible_points": 20, "total_points": 120, "visibility_pct": 16.666666666666664 }, "geometry": { "type": "Point", "coordinates": [ 1.285069107313386, 51.12836256390279 ] } },
{ "type": "Feature", "properties": { "visible_points": 20, "total_points": 120, "visibility_pct": 16.666666666666664 }, "geometry": { "type": "Point", "coordinates": [ 1.285266791699543, 51.128357008095023 ] } },
{ "type": "Feature", "properties": { "visible_points": 14, "total_points": 120, "visibility_pct": 11.666666666666666 }, "geometry": { "type": "Point", "coordinates": [ 1.285464476021494, 51.128351451952646 ] } },
{ "type": "Feature", "properties": { "visible_points": 0, "total_points": 120, "visibility_pct": 0.0 }, "geometry": { "type": "Point", "coordinates": [ 1.285662160279235, 51.128345895475661 ] } },
{ "type": "Feature", "properties": { "visible_points": 30, "total_points": 120, "visibility_pct": 25.0 }, "geometry": { "type": "Point", "coordinates": [ 1.285859844472766, 51.128340338664053 ] } },
{ "type": "Feature", "properties": { "visible_points": 30, "total_points": 120, "visibility_pct": 25.0 }, "geometry": { "type": "Point", "coordinates": [ 1.286057528602081, 51.128334781517829 ] } },
{ "type": "Feature", "properties": { "visible_points": 35, "total_points": 120, "visibility_pct": 29.166666666666668 }, "geometry": { "type": "Point", "coordinates": [ 1.286255212667172, 51.128329224036982 ] } },
{ "type": "Feature", "properties": { "visible_points": 29, "total_points": 120, "visibility_pct": 24.166666666666668 }, "geometry": { "type": "Point", "coordinates": [ 1.286452896668048, 51.128323666221505 ] } },
{ "type": "Feature", "properties": { "visible_points": 27, "total_points": 120, "visibility_pct": 22.5 }, "geometry": { "type": "Point", "coordinates": [ 1.286650580604694, 51.128318108071454 ] } },
{ "type": "Feature", "properties": { "visible_points": 37, "total_points": 120, "visibility_pct": 30.833333333333336 }, "geometry": { "type": "Point", "coordinates": [ 1.286848264477107, 51.128312549586752 ] } },
{ "type": "Feature", "properties": { "visible_points": 32, "total_points": 120, "visibility_pct": 26.666666666666668 }, "geometry": { "type": "Point", "coordinates": [ 1.287045948285284, 51.128306990767456 ] } },
{ "type": "Feature", "properties": { "visible_points": 41, "total_points": 120, "visibility_pct": 34.166666666666664 }, "geometry": { "type": "Point", "coordinates": [ 1.287243632029227, 51.128301431613536 ] } },
{ "type": "Feature", "properties": { "visible_points": 15, "total_points": 120, "visibility_pct": 12.5 }, "geometry": { "type": "Point", "coordinates": [ 1.287441315708923, 51.128295872124973 ] } },
{ "type": "Feature", "properties": { "visible_points": 30, "total_points": 119, "visibility_pct": 25.210084033613445 }, "geometry": { "type": "Point", "coordinates": [ 1.28763899932438, 51.128290312301829 ] } },
{ "type": "Feature", "properties": { "visible_points": 13, "total_points": 116, "visibility_pct": 11.206896551724139 }, "geometry": { "type": "Point", "coordinates": [ 1.287836682875576, 51.128284752144054 ] } },
{ "type": "Feature", "properties": { "visible_points": 1, "total_points": 109, "visibility_pct": 0.91743119266055051 }, "geometry": { "type": "Point", "coordinates": [ 1.288034366362525, 51.128279191651671 ] } },
{ "type": "Feature", "properties": { "visible_points": 0, "total_points": 102, "visibility_pct": 0.0 }, "geometry": { "type": "Point", "coordinates": [ 1.288232049785215, 51.128273630824673 ] } },
{ "type": "Feature", "properties": { "visible_points": 19, "total_points": 68, "visibility_pct": 27.941176470588236 }, "geometry": { "type": "Point", "coordinates": [ 1.280431136069877, 51.128600754770673 ] } },
{ "type": "Feature", "properties": { "visible_points": 27, "total_points": 79, "visibility_pct": 34.177215189873415 }, "geometry": { "type": "Point", "coordinates": [ 1.280628823687125, 51.128595207284874 ] } },
{ "type": "Feature", "properties": { "visible_points": 37, "total_points": 90, "visibility_pct": 41.111111111111107 }, "geometry": { "type": "Point", "coordinates": [ 1.280826511240002, 51.128589659464012 ] } },
{ "type": "Feature", "properties": { "visible_points": 41, "total_points": 101, "visibility_pct": 40.594059405940598 }, "geometry": { "type": "Point", "coordinates": [ 1.281024198728506, 51.128584111308108 ] } },
{ "type": "Feature", "properties": { "visible_points": 39, "total_points": 107, "visibility_pct": 36.44859813084112 }, "geometry": { "type": "Point", "coordinates": [ 1.28122188615262, 51.128578562817161 ] } },
{ "type": "Feature", "properties": { "visible_points": 38, "total_points": 109, "visibility_pct": 34.862385321100916 }, "geometry": { "type": "Point", "coordinates": [ 1.28141957351236, 51.128573013991172 ] } },
{ "type": "Feature", "properties": { "visible_points": 40, "total_points": 111, "visibility_pct": 36.036036036036037 }, "geometry": { "type": "Point", "coordinates": [ 1.281617260523847, 51.128567464774342 ] } },
{ "type": "Feature", "properties": { "visible_points": 37, "total_points": 112, "visibility_pct": 33.035714285714285 }, "geometry": { "type": "Point", "coordinates": [ 1.281814946776162, 51.128561914861152 ] } },
{ "type": "Feature", "properties": { "visible_points": 36, "total_points": 113, "visibility_pct": 31.858407079646017 }, "geometry": { "type": "Point", "coordinates": [ 1.282012632691697, 51.128556364561696 ] } },
{ "type": "Feature", "properties": { "visible_points": 31, "total_points": 114, "visibility_pct": 27.192982456140353 }, "geometry": { "type": "Point", "coordinates": [ 1.282210318543094, 51.128550813927596 ] } },
{ "type": "Feature", "properties": { "visible_points": 29, "total_points": 115, "visibility_pct": 25.217391304347824 }, "geometry": { "type": "Point", "coordinates": [ 1.282408004330344, 51.128545262958895 ] } },
{ "type": "Feature", "properties": { "visible_points": 23, "total_points": 115, "visibility_pct": 20.0 }, "geometry": { "type": "Point", "coordinates": [ 1.282605690053448, 51.128539711655556 ] } },
{ "type": "Feature", "properties": { "visible_points": 17, "total_points": 116, "visibility_pct": 14.655172413793101 }, "geometry": { "type": "Point", "coordinates": [ 1.282803375712398, 51.128534160017615 ] } },
{ "type": "Feature", "properties": { "visible_points": 0, "total_points": 117, "visibility_pct": 0.0 }, "geometry": { "type": "Point", "coordinates": [ 1.283001061307197, 51.128528608045045 ] } },
{ "type": "Feature", "properties": { "visible_points": 21, "total_points": 118, "visibility_pct": 17.796610169491526 }, "geometry": { "type": "Point", "coordinates": [ 1.283198746837829, 51.128523055737858 ] } },
{ "type": "Feature", "properties": { "visible_points": 28, "total_points": 119, "visibility_pct": 23.52941176470588 }, "geometry": { "type": "Point", "coordinates": [ 1.283396432304298, 51.128517503096049 ] } },
{ "type": "Feature", "properties": { "visible_points": 26, "total_points": 120, "visibility_pct": 21.666666666666668 }, "geometry": { "type": "Point", "coordinates": [ 1.283594117706603, 51.128511950119623 ] } },
{ "type": "Feature", "properties": { "visible_points": 36, "total_points": 120, "visibility_pct": 30.0 }, "geometry": { "type": "Point", "coordinates": [ 1.283791803044733, 51.128506396808582 ] } },
{ "type": "Feature", "properties": { "visible_points": 37, "total_points": 120, "visibility_pct": 30.833333333333336 }, "geometry": { "type": "Point", "coordinates": [ 1.283989488318695, 51.128500843162911 ] } },
{ "type": "Feature", "properties": { "visible_points": 33, "total_points": 120, "visibility_pct": 27.5 }, "geometry": { "type": "Point", "coordinates": [ 1.284187173528468, 51.128495289182617 ] } },
{ "type": "Feature", "properties": { "visible_points": 34, "total_points": 120, "visibility_pct": 28.333333333333332 }, "geometry": { "type": "Point", "coordinates": [ 1.284384858674064, 51.128489734867706 ] } },
{ "type": "Feature", "properties": { "visible_points": 33, "total_points": 120, "visibility_pct": 27.5 }, "geometry": { "type": "Point", "coordinates": [ 1.284582543755469, 51.128484180218173 ] } },
{ "type": "Feature", "properties": { "visible_points": 27, "total_points": 120, "visibility_pct": 22.5 }, "geometry": { "type": "Point", "coordinates": [ 1.284780228772685, 51.128478625234024 ] } },
{ "type": "Feature", "properties": { "visible_points": 16, "total_points": 120, "visibility_pct": 13.333333333333334 }, "geometry": { "type": "Point", "coordinates": [ 1.284977913725706, 51.128473069915266 ] } },
{ "type": "Feature", "properties": { "visible_points": 20, "total_points": 120, "visibility_pct": 16.666666666666664 }, "geometry": { "type": "Point", "coordinates": [ 1.285175598614529, 51.128467514261871 ] } },
{ "type": "Feature", "properties": { "visible_points": 17, "total_points": 120, "visibility_pct": 14.166666666666666 }, "geometry": { "type": "Point", "coordinates": [ 1.28537328343915, 51.128461958273874 ] } },
{ "type": "Feature", "properties": { "visible_points": 9, "total_points": 120, "visibility_pct": 7.5 }, "geometry": { "type": "Point", "coordinates": [ 1.285570968199563, 51.128456401951262 ] } },
{ "type": "Feature", "properties": { "visible_points": 23, "total_points": 120, "visibility_pct": 19.166666666666668 }, "geometry": { "type": "Point", "coordinates": [ 1.285768652895766, 51.128450845294019 ] } },
{ "type": "Feature", "properties": { "visible_points": 28, "total_points": 120, "visibility_pct": 23.333333333333332 }, "geometry": { "type": "Point", "coordinates": [ 1.285966337527757, 51.128445288302146 ] } },
{ "type": "Feature", "properties": { "visible_points": 30, "total_points": 120, "visibility_pct": 25.0 }, "geometry": { "type": "Point", "coordinates": [ 1.28616402209553, 51.128439730975686 ] } },
{ "type": "Feature", "properties": { "visible_points": 34, "total_points": 120, "visibility_pct": 28.333333333333332 }, "geometry": { "type": "Point", "coordinates": [ 1.286361706599077, 51.128434173314588 ] } },
{ "type": "Feature", "properties": { "visible_points": 31, "total_points": 120, "visibility_pct": 25.833333333333336 }, "geometry": { "type": "Point", "coordinates": [ 1.286559391038403, 51.128428615318875 ] } },
{ "type": "Feature", "properties": { "visible_points": 28, "total_points": 120, "visibility_pct": 23.333333333333332 }, "geometry": { "type": "Point", "coordinates": [ 1.286757075413496, 51.128423056988559 ] } },
{ "type": "Feature", "properties": { "visible_points": 31, "total_points": 120, "visibility_pct": 25.833333333333336 }, "geometry": { "type": "Point", "coordinates": [ 1.286954759724355, 51.128417498323607 ] } },
{ "type": "Feature", "properties": { "visible_points": 32, "total_points": 120, "visibility_pct": 26.666666666666668 }, "geometry": { "type": "Point", "coordinates": [ 1.287152443970982, 51.128411939324039 ] } },
{ "type": "Feature", "properties": { "visible_points": 26, "total_points": 120, "visibility_pct": 21.666666666666668 }, "geometry": { "type": "Point", "coordinates": [ 1.287350128153365, 51.128406379989862 ] } },
{ "type": "Feature", "properties": { "visible_points": 31, "total_points": 120, "visibility_pct": 25.833333333333336 }, "geometry": { "type": "Point", "coordinates": [ 1.287547812271503, 51.128400820321062 ] } },
{ "type": "Feature", "properties": { "visible_points": 30, "total_points": 118, "visibility_pct": 25.423728813559322 }, "geometry": { "type": "Point", "coordinates": [ 1.287745496325391, 51.12839526031766 ] } },
{ "type": "Feature", "properties": { "visible_points": 21, "total_points": 115, "visibility_pct": 18.260869565217391 }, "geometry": { "type": "Point", "coordinates": [ 1.287943180315027, 51.128389699979628 ] } },
{ "type": "Feature", "properties": { "visible_points": 13, "total_points": 109, "visibility_pct": 11.926605504587156 }, "geometry": { "type": "Point", "coordinates": [ 1.288140864240408, 51.128384139306966 ] } },
{ "type": "Feature", "properties": { "visible_points": 1, "total_points": 101, "visibility_pct": 0.99009900990099009 }, "geometry": { "type": "Point", "coordinates": [ 1.288338548101526, 51.12837857829971 ] } },
{ "type": "Feature", "properties": { "visible_points": 0, "total_points": 92, "visibility_pct": 0.0 }, "geometry": { "type": "Point", "coordinates": [ 1.28853623189838, 51.128373016957838 ] } },
{ "type": "Feature", "properties": { "visible_points": 9, "total_points": 66, "visibility_pct": 13.636363636363635 }, "geometry": { "type": "Point", "coordinates": [ 1.280339929888384, 51.128711256915182 ] } },
{ "type": "Feature", "properties": { "visible_points": 23, "total_points": 78, "visibility_pct": 29.487179487179489 }, "geometry": { "type": "Point", "coordinates": [ 1.280537618010906, 51.128705709588068 ] } },
{ "type": "Feature", "properties": { "visible_points": 31, "total_points": 90, "visibility_pct": 34.444444444444443 }, "geometry": { "type": "Point", "coordinates": [ 1.280735306069065, 51.128700161925934 ] } },
{ "type": "Feature", "properties": { "visible_points": 38, "total_points": 102, "visibility_pct": 37.254901960784316 }, "geometry": { "type": "Point", "coordinates": [ 1.280932994062844, 51.128694613928729 ] } },
{ "type": "Feature", "properties": { "visible_points": 38, "total_points": 111, "visibility_pct": 34.234234234234236 }, "geometry": { "type": "Point", "coordinates": [ 1.281130681992242, 51.12868906559649 ] } },
{ "type": "Feature", "properties": { "visible_points": 33, "total_points": 115, "visibility_pct": 28.695652173913043 }, "geometry": { "type": "Point", "coordinates": [ 1.28132836985726, 51.128683516929215 ] } },
{ "type": "Feature", "properties": { "visible_points": 34, "total_points": 117, "visibility_pct": 29.059829059829063 }, "geometry": { "type": "Point", "coordinates": [ 1.281526057629745, 51.128677967920403 ] } },
{ "type": "Feature", "properties": { "visible_points": 29, "total_points": 118, "visibility_pct": 24.576271186440678 }, "geometry": { "type": "Point", "coordinates": [ 1.281723744707462, 51.128672418330538 ] } },
{ "type": "Feature", "properties": { "visible_points": 27, "total_points": 119, "visibility_pct": 22.689075630252102 }, "geometry": { "type": "Point", "coordinates": [ 1.281921431125647, 51.128666868185462 ] } },
{ "type": "Feature", "properties": { "visible_points": 27, "total_points": 120, "visibility_pct": 22.5 }, "geometry": { "type": "Point", "coordinates": [ 1.282119117479696, 51.128661317705784 ] } },
{ "type": "Feature", "properties": { "visible_points": 14, "total_points": 120, "visibility_pct": 11.666666666666666 }, "geometry": { "type": "Point", "coordinates": [ 1.282316803769599, 51.128655766891477 ] } },
{ "type": "Feature", "properties": { "visible_points": 11, "total_points": 120, "visibility_pct": 9.1666666666666661 }, "geometry": { "type": "Point", "coordinates": [ 1.282514489995355, 51.128650215742525 ] } },
{ "type": "Feature", "properties": { "visible_points": 14, "total_points": 120, "visibility_pct": 11.666666666666666 }, "geometry": { "type": "Point", "coordinates": [ 1.282712176156962, 51.128644664258978 ] } },
{ "type": "Feature", "properties": { "visible_points": 0, "total_points": 120, "visibility_pct": 0.0 }, "geometry": { "type": "Point", "coordinates": [ 1.282909862254412, 51.128639112440808 ] } },
{ "type": "Feature", "properties": { "visible_points": 20, "total_points": 120, "visibility_pct": 16.666666666666664 }, "geometry": { "type": "Point", "coordinates": [ 1.283107548287704, 51.128633560288002 ] } },
{ "type": "Feature", "properties": { "visible_points": 22, "total_points": 120, "visibility_pct": 18.333333333333332 }, "geometry": { "type": "Point", "coordinates": [ 1.283305234256833, 51.128628007800586 ] } },
{ "type": "Feature", "properties": { "visible_points": 22, "total_points": 120, "visibility_pct": 18.333333333333332 }, "geometry": { "type": "Point", "coordinates": [ 1.2835029201618, 51.12862245497854 ] } },
{ "type": "Feature", "properties": { "visible_points": 28, "total_points": 120, "visibility_pct": 23.333333333333332 }, "geometry": { "type": "Point", "coordinates": [ 1.283700606002591, 51.128616901821886 ] } },
{ "type": "Feature", "properties": { "visible_points": 27, "total_points": 120, "visibility_pct": 22.5 }, "geometry": { "type": "Point", "coordinates": [ 1.283898291779214, 51.128611348330587 ] } },
{ "type": "Feature", "properties": { "visible_points": 33, "total_points": 120, "visibility_pct": 27.5 }, "geometry": { "type": "Point", "coordinates": [ 1.284095977491654, 51.128605794504679 ] } },
{ "type": "Feature", "properties": { "visible_points": 31, "total_points": 120, "visibility_pct": 25.833333333333336 }, "geometry": { "type": "Point", "coordinates": [ 1.28429366313991, 51.128600240344156 ] } },
{ "type": "Feature", "properties": { "visible_points": 26, "total_points": 120, "visibility_pct": 21.666666666666668 }, "geometry": { "type": "Point", "coordinates": [ 1.28449134872399, 51.128594685849009 ] } },
{ "type": "Feature", "properties": { "visible_points": 16, "total_points": 120, "visibility_pct": 13.333333333333334 }, "geometry": { "type": "Point", "coordinates": [ 1.284689034243873, 51.128589131019233 ] } },
{ "type": "Feature", "properties": { "visible_points": 12, "total_points": 120, "visibility_pct": 10.0 }, "geometry": { "type": "Point", "coordinates": [ 1.284886719699564, 51.128583575854854 ] } },
{ "type": "Feature", "properties": { "visible_points": 19, "total_points": 120, "visibility_pct": 15.833333333333332 }, "geometry": { "type": "Point", "coordinates": [ 1.285084405091057, 51.128578020355839 ] } },
{ "type": "Feature", "properties": { "visible_points": 27, "total_points": 120, "visibility_pct": 22.5 }, "geometry": { "type": "Point", "coordinates": [ 1.28528209041835, 51.1285724645222 ] } },
{ "type": "Feature", "properties": { "visible_points": 23, "total_points": 120, "visibility_pct": 19.166666666666668 }, "geometry": { "type": "Point", "coordinates": [ 1.28547977568144, 51.12856690835396 ] } },
{ "type": "Feature", "properties": { "visible_points": 27, "total_points": 120, "visibility_pct": 22.5 }, "geometry": { "type": "Point", "coordinates": [ 1.285677460880321, 51.128561351851104 ] } },
{ "type": "Feature", "properties": { "visible_points": 28, "total_points": 120, "visibility_pct": 23.333333333333332 }, "geometry": { "type": "Point", "coordinates": [ 1.285875146014988, 51.128555795013604 ] } },
{ "type": "Feature", "properties": { "visible_points": 31, "total_points": 120, "visibility_pct": 25.833333333333336 }, "geometry": { "type": "Point", "coordinates": [ 1.286072831085436, 51.128550237841502 ] } },
{ "type": "Feature", "properties": { "visible_points": 27, "total_points": 120, "visibility_pct": 22.5 }, "geometry": { "type": "Point", "coordinates": [ 1.286270516091665, 51.128544680334777 ] } },
{ "type": "Feature", "properties": { "visible_points": 25, "total_points": 120, "visibility_pct": 20.833333333333336 }, "geometry": { "type": "Point", "coordinates": [ 1.286468201033673, 51.128539122493436 ] } },
{ "type": "Feature", "properties": { "visible_points": 26, "total_points": 120, "visibility_pct": 21.666666666666668 }, "geometry": { "type": "Point", "coordinates": [ 1.28666588591145, 51.128533564317465 ] } },
{ "type": "Feature", "properties": { "visible_points": 26, "total_points": 120, "visibility_pct": 21.666666666666668 }, "geometry": { "type": "Point", "coordinates": [ 1.286863570724997, 51.128528005806871 ] } },
{ "type": "Feature", "properties": { "visible_points": 27, "total_points": 120, "visibility_pct": 22.5 }, "geometry": { "type": "Point", "coordinates": [ 1.287061255474305, 51.128522446961682 ] } },
{ "type": "Feature", "properties": { "visible_points": 25, "total_points": 120, "visibility_pct": 20.833333333333336 }, "geometry": { "type": "Point", "coordinates": [ 1.287258940159374, 51.128516887781863 ] } },
{ "type": "Feature", "properties": { "visible_points": 27, "total_points": 120, "visibility_pct": 22.5 }, "geometry": { "type": "Point", "coordinates": [ 1.287456624780204, 51.128511328267422 ] } },
{ "type": "Feature", "properties": { "visible_points": 39, "total_points": 120, "visibility_pct": 32.5 }, "geometry": { "type": "Point", "coordinates": [ 1.287654309336779, 51.128505768418371 ] } },
{ "type": "Feature", "properties": { "visible_points": 28, "total_points": 118, "visibility_pct": 23.728813559322035 }, "geometry": { "type": "Point", "coordinates": [ 1.287851993829111, 51.128500208234698 ] } },
{ "type": "Feature", "properties": { "visible_points": 27, "total_points": 114, "visibility_pct": 23.684210526315788 }, "geometry": { "type": "Point", "coordinates": [ 1.28804967825718, 51.128494647716408 ] } },
{ "type": "Feature", "properties": { "visible_points": 15, "total_points": 109, "visibility_pct": 13.761467889908257 }, "geometry": { "type": "Point", "coordinates": [ 1.288247362620993, 51.128489086863503 ] } },
{ "type": "Feature", "properties": { "visible_points": 0, "total_points": 101, "visibility_pct": 0.0 }, "geometry": { "type": "Point", "coordinates": [ 1.288445046920544, 51.128483525675975 ] } },
{ "type": "Feature", "properties": { "visible_points": 1, "total_points": 93, "visibility_pct": 1.0752688172043012 }, "geometry": { "type": "Point", "coordinates": [ 1.288642731155831, 51.128477964153831 ] } },
{ "type": "Feature", "properties": { "visible_points": 0, "total_points": 84, "visibility_pct": 0.0 }, "geometry": { "type": "Point", "coordinates": [ 1.288840415326842, 51.128472402297071 ] } },
{ "type": "Feature", "properties": { "visible_points": 4, "total_points": 75, "visibility_pct": 5.3333333333333339 }, "geometry": { "type": "Point", "coordinates": [ 1.280446411893801, 51.128816211814488 ] } },
{ "type": "Feature", "properties": { "visible_points": 30, "total_points": 88, "visibility_pct": 34.090909090909086 }, "geometry": { "type": "Point", "coordinates": [ 1.280644100457233, 51.128810664311054 ] } },
{ "type": "Feature", "properties": { "visible_points": 38, "total_points": 101, "visibility_pct": 37.623762376237622 }, "geometry": { "type": "Point", "coordinates": [ 1.280841788956294, 51.128805116472556 ] } },
{ "type": "Feature", "properties": { "visible_points": 39, "total_points": 111, "visibility_pct": 35.135135135135137 }, "geometry": { "type": "Point", "coordinates": [ 1.281039477390979, 51.12879956829903 ] } },
{ "type": "Feature", "properties": { "visible_points": 43, "total_points": 119, "visibility_pct": 36.134453781512605 }, "geometry": { "type": "Point", "coordinates": [ 1.281237165761282, 51.128794019790455 ] } },
{ "type": "Feature", "properties": { "visible_points": 37, "total_points": 120, "visibility_pct": 30.833333333333336 }, "geometry": { "type": "Point", "coordinates": [ 1.281434854067198, 51.128788470946823 ] } },
{ "type": "Feature", "properties": { "visible_points": 0, "total_points": 120, "visibility_pct": 0.0 }, "geometry": { "type": "Point", "coordinates": [ 1.281632541970428, 51.128782921684447 ] } },
{ "type": "Feature", "properties": { "visible_points": 22, "total_points": 120, "visibility_pct": 18.333333333333332 }, "geometry": { "type": "Point", "coordinates": [ 1.281830229121103, 51.128777371736355 ] } },
{ "type": "Feature", "properties": { "visible_points": 18, "total_points": 120, "visibility_pct": 15.0 }, "geometry": { "type": "Point", "coordinates": [ 1.282027915977799, 51.128771821411064 ] } },
{ "type": "Feature", "properties": { "visible_points": 17, "total_points": 120, "visibility_pct": 14.166666666666666 }, "geometry": { "type": "Point", "coordinates": [ 1.282225602770358, 51.128766270751136 ] } },
{ "type": "Feature", "properties": { "visible_points": 18, "total_points": 120, "visibility_pct": 15.0 }, "geometry": { "type": "Point", "coordinates": [ 1.282423289498774, 51.12876071975662 ] } },
{ "type": "Feature", "properties": { "visible_points": 14, "total_points": 120, "visibility_pct": 11.666666666666666 }, "geometry": { "type": "Point", "coordinates": [ 1.282620976163035, 51.128755168427446 ] } },
{ "type": "Feature", "properties": { "visible_points": 7, "total_points": 120, "visibility_pct": 5.833333333333333 }, "geometry": { "type": "Point", "coordinates": [ 1.282818662763143, 51.12874961676367 ] } },
{ "type": "Feature", "properties": { "visible_points": 17, "total_points": 120, "visibility_pct": 14.166666666666666 }, "geometry": { "type": "Point", "coordinates": [ 1.283016349299098, 51.128744064765257 ] } },
{ "type": "Feature", "properties": { "visible_points": 21, "total_points": 120, "visibility_pct": 17.5 }, "geometry": { "type": "Point", "coordinates": [ 1.283214035770888, 51.128738512432221 ] } },
{ "type": "Feature", "properties": { "visible_points": 19, "total_points": 120, "visibility_pct": 15.833333333333332 }, "geometry": { "type": "Point", "coordinates": [ 1.283411722178515, 51.128732959764555 ] } },
{ "type": "Feature", "properties": { "visible_points": 20, "total_points": 120, "visibility_pct": 16.666666666666664 }, "geometry": { "type": "Point", "coordinates": [ 1.283609408521974, 51.128727406762287 ] } },
{ "type": "Feature", "properties": { "visible_points": 21, "total_points": 120, "visibility_pct": 17.5 }, "geometry": { "type": "Point", "coordinates": [ 1.283807094801255, 51.128721853425382 ] } },
{ "type": "Feature", "properties": { "visible_points": 28, "total_points": 120, "visibility_pct": 23.333333333333332 }, "geometry": { "type": "Point", "coordinates": [ 1.284004781016368, 51.128716299753862 ] } },
{ "type": "Feature", "properties": { "visible_points": 28, "total_points": 120, "visibility_pct": 23.333333333333332 }, "geometry": { "type": "Point", "coordinates": [ 1.284202467167297, 51.128710745747725 ] } },
{ "type": "Feature", "properties": { "visible_points": 35, "total_points": 120, "visibility_pct": 29.166666666666668 }, "geometry": { "type": "Point", "coordinates": [ 1.284400153254037, 51.128705191406944 ] } },
{ "type": "Feature", "properties": { "visible_points": 34, "total_points": 120, "visibility_pct": 28.333333333333332 }, "geometry": { "type": "Point", "coordinates": [ 1.284597839276597, 51.128699636731568 ] } },
{ "type": "Feature", "properties": { "visible_points": 21, "total_points": 120, "visibility_pct": 17.5 }, "geometry": { "type": "Point", "coordinates": [ 1.284795525234963, 51.128694081721562 ] } },
{ "type": "Feature", "properties": { "visible_points": 16, "total_points": 120, "visibility_pct": 13.333333333333334 }, "geometry": { "type": "Point", "coordinates": [ 1.284993211129127, 51.128688526376912 ] } },
{ "type": "Feature", "properties": { "visible_points": 9, "total_points": 120, "visibility_pct": 7.5 }, "geometry": { "type": "Point", "coordinates": [ 1.285190896959099, 51.128682970697668 ] } },
{ "type": "Feature", "properties": { "visible_points": 20, "total_points": 120, "visibility_pct": 16.666666666666664 }, "geometry": { "type": "Point", "coordinates": [ 1.285388582724861, 51.128677414683793 ] } },
{ "type": "Feature", "properties": { "visible_points": 31, "total_points": 120, "visibility_pct": 25.833333333333336 }, "geometry": { "type": "Point", "coordinates": [ 1.28558626842642, 51.128671858335288 ] } },
{ "type": "Feature", "properties": { "visible_points": 31, "total_points": 120, "visibility_pct": 25.833333333333336 }, "geometry": { "type": "Point", "coordinates": [ 1.285783954063768, 51.128666301652174 ] } },
{ "type": "Feature", "properties": { "visible_points": 29, "total_points": 120, "visibility_pct": 24.166666666666668 }, "geometry": { "type": "Point", "coordinates": [ 1.2859816396369, 51.128660744634438 ] } },
{ "type": "Feature", "properties": { "visible_points": 30, "total_points": 120, "visibility_pct": 25.0 }, "geometry": { "type": "Point", "coordinates": [ 1.286179325145809, 51.128655187282092 ] } },
{ "type": "Feature", "properties": { "visible_points": 26, "total_points": 120, "visibility_pct": 21.666666666666668 }, "geometry": { "type": "Point", "coordinates": [ 1.286377010590501, 51.128649629595095 ] } },
{ "type": "Feature", "properties": { "visible_points": 30, "total_points": 120, "visibility_pct": 25.0 }, "geometry": { "type": "Point", "coordinates": [ 1.286574695970962, 51.128644071573511 ] } },
{ "type": "Feature", "properties": { "visible_points": 26, "total_points": 120, "visibility_pct": 21.666666666666668 }, "geometry": { "type": "Point", "coordinates": [ 1.286772381287197, 51.12863851321729 ] } },
{ "type": "Feature", "properties": { "visible_points": 26, "total_points": 120, "visibility_pct": 21.666666666666668 }, "geometry": { "type": "Point", "coordinates": [ 1.286970066539194, 51.128632954526452 ] } },
{ "type": "Feature", "properties": { "visible_points": 23, "total_points": 120, "visibility_pct": 19.166666666666668 }, "geometry": { "type": "Point", "coordinates": [ 1.287167751726955, 51.128627395500992 ] } },
{ "type": "Feature", "properties": { "visible_points": 24, "total_points": 120, "visibility_pct": 20.0 }, "geometry": { "type": "Point", "coordinates": [ 1.287365436850468, 51.128621836140908 ] } },
{ "type": "Feature", "properties": { "visible_points": 35, "total_points": 120, "visibility_pct": 29.166666666666668 }, "geometry": { "type": "Point", "coordinates": [ 1.287563121909745, 51.12861627644623 ] } },
{ "type": "Feature", "properties": { "visible_points": 29, "total_points": 120, "visibility_pct": 24.166666666666668 }, "geometry": { "type": "Point", "coordinates": [ 1.287760806904765, 51.128610716416894 ] } },
{ "type": "Feature", "properties": { "visible_points": 26, "total_points": 118, "visibility_pct": 22.033898305084744 }, "geometry": { "type": "Point", "coordinates": [ 1.287958491835533, 51.128605156052984 ] } },
{ "type": "Feature", "properties": { "visible_points": 26, "total_points": 114, "visibility_pct": 22.807017543859647 }, "geometry": { "type": "Point", "coordinates": [ 1.288156176702042, 51.128599595354423 ] } },
{ "type": "Feature", "properties": { "visible_points": 15, "total_points": 109, "visibility_pct": 13.761467889908257 }, "geometry": { "type": "Point", "coordinates": [ 1.288353861504291, 51.128594034321246 ] } },
{ "type": "Feature", "properties": { "visible_points": 14, "total_points": 102, "visibility_pct": 13.725490196078432 }, "geometry": { "type": "Point", "coordinates": [ 1.288551546242274, 51.128588472953453 ] } },
{ "type": "Feature", "properties": { "visible_points": 0, "total_points": 94, "visibility_pct": 0.0 }, "geometry": { "type": "Point", "coordinates": [ 1.288749230915991, 51.128582911251051 ] } },
{ "type": "Feature", "properties": { "visible_points": 1, "total_points": 86, "visibility_pct": 1.1627906976744187 }, "geometry": { "type": "Point", "coordinates": [ 1.288946915525427, 51.128577349214019 ] } },
{ "type": "Feature", "properties": { "visible_points": 11, "total_points": 83, "visibility_pct": 13.253012048192772 }, "geometry": { "type": "Point", "coordinates": [ 1.280552894404511, 51.128921166619371 ] } },
{ "type": "Feature", "properties": { "visible_points": 29, "total_points": 95, "visibility_pct": 30.526315789473685 }, "geometry": { "type": "Point", "coordinates": [ 1.280750583408855, 51.128915618939608 ] } },
{ "type": "Feature", "properties": { "visible_points": 33, "total_points": 106, "visibility_pct": 31.132075471698112 }, "geometry": { "type": "Point", "coordinates": [ 1.280948272348825, 51.128910070924789 ] } },
{ "type": "Feature", "properties": { "visible_points": 33, "total_points": 114, "visibility_pct": 28.947368421052634 }, "geometry": { "type": "Point", "coordinates": [ 1.281145961224413, 51.128904522574906 ] } },
{ "type": "Feature", "properties": { "visible_points": 27, "total_points": 120, "visibility_pct": 22.5 }, "geometry": { "type": "Point", "coordinates": [ 1.281343650035621, 51.128898973889996 ] } },
{ "type": "Feature", "properties": { "visible_points": 28, "total_points": 120, "visibility_pct": 23.333333333333332 }, "geometry": { "type": "Point", "coordinates": [ 1.281541338711462, 51.128893424855775 ] } },
{ "type": "Feature", "properties": { "visible_points": 25, "total_points": 120, "visibility_pct": 20.833333333333336 }, "geometry": { "type": "Point", "coordinates": [ 1.281739026678052, 51.128887875214339 ] } },
{ "type": "Feature", "properties": { "visible_points": 11, "total_points": 120, "visibility_pct": 9.1666666666666661 }, "geometry": { "type": "Point", "coordinates": [ 1.281936714037408, 51.128882325043449 ] } },
{ "type": "Feature", "properties": { "visible_points": 8, "total_points": 120, "visibility_pct": 6.666666666666667 }, "geometry": { "type": "Point", "coordinates": [ 1.282134401332624, 51.128876774537915 ] } },
{ "type": "Feature", "properties": { "visible_points": 0, "total_points": 120, "visibility_pct": 0.0 }, "geometry": { "type": "Point", "coordinates": [ 1.282332088563692, 51.128871223697779 ] } },
{ "type": "Feature", "properties": { "visible_points": 0, "total_points": 120, "visibility_pct": 0.0 }, "geometry": { "type": "Point", "coordinates": [ 1.282529775730614, 51.128865672523006 ] } },
{ "type": "Feature", "properties": { "visible_points": 0, "total_points": 120, "visibility_pct": 0.0 }, "geometry": { "type": "Point", "coordinates": [ 1.282727462833388, 51.128860121013616 ] } },
{ "type": "Feature", "properties": { "visible_points": 0, "total_points": 120, "visibility_pct": 0.0 }, "geometry": { "type": "Point", "coordinates": [ 1.282925149872, 51.128854569169597 ] } },
{ "type": "Feature", "properties": { "visible_points": 0, "total_points": 120, "visibility_pct": 0.0 }, "geometry": { "type": "Point", "coordinates": [ 1.283122836846458, 51.128849016990955 ] } },
{ "type": "Feature", "properties": { "visible_points": 0, "total_points": 120, "visibility_pct": 0.0 }, "geometry": { "type": "Point", "coordinates": [ 1.283320523756749, 51.128843464477683 ] } },
{ "type": "Feature", "properties": { "visible_points": 25, "total_points": 120, "visibility_pct": 20.833333333333336 }, "geometry": { "type": "Point", "coordinates": [ 1.283518210602873, 51.128837911629788 ] } },
{ "type": "Feature", "properties": { "visible_points": 25, "total_points": 120, "visibility_pct": 20.833333333333336 }, "geometry": { "type": "Point", "coordinates": [ 1.283715897384827, 51.128832358447283 ] } },
{ "type": "Feature", "properties": { "visible_points": 28, "total_points": 120, "visibility_pct": 23.333333333333332 }, "geometry": { "type": "Point", "coordinates": [ 1.283913584102606, 51.128826804930149 ] } },
{ "type": "Feature", "properties": { "visible_points": 29, "total_points": 120, "visibility_pct": 24.166666666666668 }, "geometry": { "type": "Point", "coordinates": [ 1.284111270756204, 51.128821251078392 ] } },
{ "type": "Feature", "properties": { "visible_points": 25, "total_points": 120, "visibility_pct": 20.833333333333336 }, "geometry": { "type": "Point", "coordinates": [ 1.284308957345622, 51.128815696892005 ] } },
{ "type": "Feature", "properties": { "visible_points": 22, "total_points": 120, "visibility_pct": 18.333333333333332 }, "geometry": { "type": "Point", "coordinates": [ 1.284506643870851, 51.128810142371002 ] } },
{ "type": "Feature", "properties": { "visible_points": 0, "total_points": 120, "visibility_pct": 0.0 }, "geometry": { "type": "Point", "coordinates": [ 1.284704330331893, 51.128804587515361 ] } },
{ "type": "Feature", "properties": { "visible_points": 0, "total_points": 120, "visibility_pct": 0.0 }, "geometry": { "type": "Point", "coordinates": [ 1.284902016728733, 51.128799032325112 ] } },
{ "type": "Feature", "properties": { "visible_points": 0, "total_points": 120, "visibility_pct": 0.0 }, "geometry": { "type": "Point", "coordinates": [ 1.285099703061383, 51.128793476800226 ] } },
{ "type": "Feature", "properties": { "visible_points": 15, "total_points": 120, "visibility_pct": 12.5 }, "geometry": { "type": "Point", "coordinates": [ 1.285297389329829, 51.128787920940731 ] } },
{ "type": "Feature", "properties": { "visible_points": 15, "total_points": 120, "visibility_pct": 12.5 }, "geometry": { "type": "Point", "coordinates": [ 1.285495075534066, 51.12878236474662 ] } },
{ "type": "Feature", "properties": { "visible_points": 20, "total_points": 120, "visibility_pct": 16.666666666666664 }, "geometry": { "type": "Point", "coordinates": [ 1.285692761674095, 51.128776808217857 ] } },
{ "type": "Feature", "properties": { "visible_points": 22, "total_points": 120, "visibility_pct": 18.333333333333332 }, "geometry": { "type": "Point", "coordinates": [ 1.28589044774991, 51.1287712513545 ] } },
{ "type": "Feature", "properties": { "visible_points": 25, "total_points": 120, "visibility_pct": 20.833333333333336 }, "geometry": { "type": "Point", "coordinates": [ 1.286088133761508, 51.128765694156506 ] } },
{ "type": "Feature", "properties": { "visible_points": 29, "total_points": 120, "visibility_pct": 24.166666666666668 }, "geometry": { "type": "Point", "coordinates": [ 1.286285819708883, 51.128760136623896 ] } },
{ "type": "Feature", "properties": { "visible_points": 27, "total_points": 120, "visibility_pct": 22.5 }, "geometry": { "type": "Point", "coordinates": [ 1.286483505592034, 51.128754578756663 ] } },
{ "type": "Feature", "properties": { "visible_points": 26, "total_points": 120, "visibility_pct": 21.666666666666668 }, "geometry": { "type": "Point", "coordinates": [ 1.286681191410956, 51.128749020554821 ] } },
{ "type": "Feature", "properties": { "visible_points": 24, "total_points": 120, "visibility_pct": 20.0 }, "geometry": { "type": "Point", "coordinates": [ 1.286878877165644, 51.128743462018349 ] } },
{ "type": "Feature", "properties": { "visible_points": 20, "total_points": 120, "visibility_pct": 16.666666666666664 }, "geometry": { "type": "Point", "coordinates": [ 1.287076562856094, 51.128737903147247 ] } },
{ "type": "Feature", "properties": { "visible_points": 14, "total_points": 120, "visibility_pct": 11.666666666666666 }, "geometry": { "type": "Point", "coordinates": [ 1.287274248482309, 51.128732343941529 ] } },
{ "type": "Feature", "properties": { "visible_points": 14, "total_points": 120, "visibility_pct": 11.666666666666666 }, "geometry": { "type": "Point", "coordinates": [ 1.287471934044272, 51.128726784401202 ] } },
{ "type": "Feature", "properties": { "visible_points": 0, "total_points": 120, "visibility_pct": 0.0 }, "geometry": { "type": "Point", "coordinates": [ 1.287669619541992, 51.128721224526245 ] } },
{ "type": "Feature", "properties": { "visible_points": 17, "total_points": 120, "visibility_pct": 14.166666666666666 }, "geometry": { "type": "Point", "coordinates": [ 1.287867304975457, 51.128715664316672 ] } },
{ "type": "Feature", "properties": { "visible_points": 16, "total_points": 118, "visibility_pct": 13.559322033898304 }, "geometry": { "type": "Point", "coordinates": [ 1.288064990344667, 51.128710103772477 ] } },
{ "type": "Feature", "properties": { "visible_points": 18, "total_points": 115, "visibility_pct": 15.65217391304348 }, "geometry": { "type": "Point", "coordinates": [ 1.288262675649613, 51.128704542893651 ] } },
{ "type": "Feature", "properties": { "visible_points": 16, "total_points": 109, "visibility_pct": 14.678899082568808 }, "geometry": { "type": "Point", "coordinates": [ 1.288460360890301, 51.128698981680216 ] } },
{ "type": "Feature", "properties": { "visible_points": 17, "total_points": 103, "visibility_pct": 16.50485436893204 }, "geometry": { "type": "Point", "coordinates": [ 1.288658046066717, 51.128693420132166 ] } },
{ "type": "Feature", "properties": { "visible_points": 0, "total_points": 96, "visibility_pct": 0.0 }, "geometry": { "type": "Point", "coordinates": [ 1.288855731178864, 51.128687858249492 ] } },
{ "type": "Feature", "properties": { "visible_points": 1, "total_points": 88, "visibility_pct": 1.1363636363636365 }, "geometry": { "type": "Point", "coordinates": [ 1.289053416226737, 51.128682296032189 ] } },
{ "type": "Feature", "properties": { "visible_points": 25, "total_points": 86, "visibility_pct": 29.069767441860467 }, "geometry": { "type": "Point", "coordinates": [ 1.280659377420523, 51.129026121329858 ] } },
{ "type": "Feature", "properties": { "visible_points": 34, "total_points": 98, "visibility_pct": 34.693877551020407 }, "geometry": { "type": "Point", "coordinates": [ 1.280857066865774, 51.129020573473717 ] } },
{ "type": "Feature", "properties": { "visible_points": 28, "total_points": 108, "visibility_pct": 25.925925925925924 }, "geometry": { "type": "Point", "coordinates": [ 1.281054756246654, 51.129015025282555 ] } },
{ "type": "Feature", "properties": { "visible_points": 27, "total_points": 116, "visibility_pct": 23.275862068965516 }, "geometry": { "type": "Point", "coordinates": [ 1.28125244556315, 51.129009476756359 ] } },
{ "type": "Feature", "properties": { "visible_points": 30, "total_points": 120, "visibility_pct": 25.0 }, "geometry": { "type": "Point", "coordinates": [ 1.281450134815259, 51.129003927895091 ] } },
{ "type": "Feature", "properties": { "visible_points": 30, "total_points": 120, "visibility_pct": 25.0 }, "geometry": { "type": "Point", "coordinates": [ 1.28164782360847, 51.128998378583823 ] } },
{ "type": "Feature", "properties": { "visible_points": 18, "total_points": 120, "visibility_pct": 15.0 }, "geometry": { "type": "Point", "coordinates": [ 1.281845511658507, 51.128992828602904 ] } },
{ "type": "Feature", "properties": { "visible_points": 11, "total_points": 120, "visibility_pct": 9.1666666666666661 }, "geometry": { "type": "Point", "coordinates": [ 1.282043199456385, 51.128987278251785 ] } },
{ "type": "Feature", "properties": { "visible_points": 3, "total_points": 120, "visibility_pct": 2.5 }, "geometry": { "type": "Point", "coordinates": [ 1.282240887190116, 51.128981727566043 ] } },
{ "type": "Feature", "properties": { "visible_points": 0, "total_points": 120, "visibility_pct": 0.0 }, "geometry": { "type": "Point", "coordinates": [ 1.282438574859702, 51.128976176545656 ] } },
{ "type": "Feature", "properties": { "visible_points": 0, "total_points": 120, "visibility_pct": 0.0 }, "geometry": { "type": "Point", "coordinates": [ 1.282636262465134, 51.128970625190668 ] } },
{ "type": "Feature", "properties": { "visible_points": 0, "total_points": 120, "visibility_pct": 0.0 }, "geometry": { "type": "Point", "coordinates": [ 1.282833950006416, 51.128965073501043 ] } },
{ "type": "Feature", "properties": { "visible_points": 0, "total_points": 120, "visibility_pct": 0.0 }, "geometry": { "type": "Point", "coordinates": [ 1.283031637483539, 51.12895952147678 ] } },
{ "type": "Feature", "properties": { "visible_points": 0, "total_points": 120, "visibility_pct": 0.0 }, "geometry": { "type": "Point", "coordinates": [ 1.283229324896493, 51.128953969117916 ] } },
{ "type": "Feature", "properties": { "visible_points": 0, "total_points": 120, "visibility_pct": 0.0 }, "geometry": { "type": "Point", "coordinates": [ 1.283427012245289, 51.128948416424421 ] } },
{ "type": "Feature", "properties": { "visible_points": 11, "total_points": 120, "visibility_pct": 9.1666666666666661 }, "geometry": { "type": "Point", "coordinates": [ 1.283624699529913, 51.128942863396297 ] } },
{ "type": "Feature", "properties": { "visible_points": 0, "total_points": 120, "visibility_pct": 0.0 }, "geometry": { "type": "Point", "coordinates": [ 1.283822386750363, 51.128937310033528 ] } },
{ "type": "Feature", "properties": { "visible_points": 0, "total_points": 120, "visibility_pct": 0.0 }, "geometry": { "type": "Point", "coordinates": [ 1.284020073906638, 51.128931756336151 ] } },
{ "type": "Feature", "properties": { "visible_points": 0, "total_points": 120, "visibility_pct": 0.0 }, "geometry": { "type": "Point", "coordinates": [ 1.284217760998728, 51.128926202304157 ] } },
{ "type": "Feature", "properties": { "visible_points": 0, "total_points": 120, "visibility_pct": 0.0 }, "geometry": { "type": "Point", "coordinates": [ 1.284415448026637, 51.128920647937527 ] } },
{ "type": "Feature", "properties": { "visible_points": 0, "total_points": 120, "visibility_pct": 0.0 }, "geometry": { "type": "Point", "coordinates": [ 1.28461313499035, 51.128915093236287 ] } },
{ "type": "Feature", "properties": { "visible_points": 1, "total_points": 120, "visibility_pct": 0.83333333333333337 }, "geometry": { "type": "Point", "coordinates": [ 1.284810821889875, 51.128909538200396 ] } },
{ "type": "Feature", "properties": { "visible_points": 0, "total_points": 120, "visibility_pct": 0.0 }, "geometry": { "type": "Point", "coordinates": [ 1.285008508725204, 51.128903982829904 ] } },
{ "type": "Feature", "properties": { "visible_points": 0, "total_points": 120, "visibility_pct": 0.0 }, "geometry": { "type": "Point", "coordinates": [ 1.285206195496327, 51.128898427124781 ] } },
{ "type": "Feature", "properties": { "visible_points": 0, "total_points": 120, "visibility_pct": 0.0 }, "geometry": { "type": "Point", "coordinates": [ 1.28540388220325, 51.128892871085021 ] } },
{ "type": "Feature", "properties": { "visible_points": 0, "total_points": 120, "visibility_pct": 0.0 }, "geometry": { "type": "Point", "coordinates": [ 1.285601568845966, 51.128887314710667 ] } },
{ "type": "Feature", "properties": { "visible_points": 0, "total_points": 120, "visibility_pct": 0.0 }, "geometry": { "type": "Point", "coordinates": [ 1.285799255424465, 51.128881758001675 ] } },
{ "type": "Feature", "properties": { "visible_points": 0, "total_points": 120, "visibility_pct": 0.0 }, "geometry": { "type": "Point", "coordinates": [ 1.28599694193875, 51.128876200958047 ] } },
{ "type": "Feature", "properties": { "visible_points": 10, "total_points": 120, "visibility_pct": 8.3333333333333321 }, "geometry": { "type": "Point", "coordinates": [ 1.286194628388817, 51.128870643579816 ] } },
{ "type": "Feature", "properties": { "visible_points": 6, "total_points": 120, "visibility_pct": 5.0 }, "geometry": { "type": "Point", "coordinates": [ 1.286392314774656, 51.128865085866941 ] } },
{ "type": "Feature", "properties": { "visible_points": 0, "total_points": 120, "visibility_pct": 0.0 }, "geometry": { "type": "Point", "coordinates": [ 1.286590001096272, 51.128859527819472 ] } },
{ "type": "Feature", "properties": { "visible_points": 0, "total_points": 120, "visibility_pct": 0.0 }, "geometry": { "type": "Point", "coordinates": [ 1.28678768735365, 51.128853969437358 ] } },
{ "type": "Feature", "properties": { "visible_points": 0, "total_points": 120, "visibility_pct": 0.0 }, "geometry": { "type": "Point", "coordinates": [ 1.286985373546797, 51.128848410720636 ] } },
{ "type": "Feature", "properties": { "visible_points": 0, "total_points": 120, "visibility_pct": 0.0 }, "geometry": { "type": "Point", "coordinates": [ 1.287183059675702, 51.128842851669283 ] } },
{ "type": "Feature", "properties": { "visible_points": 0, "total_points": 120, "visibility_pct": 0.0 }, "geometry": { "type": "Point", "coordinates": [ 1.287380745740368, 51.128837292283315 ] } },
{ "type": "Feature", "properties": { "visible_points": 0, "total_points": 120, "visibility_pct": 0.0 }, "geometry": { "type": "Point", "coordinates": [ 1.287578431740787, 51.128831732562702 ] } },
{ "type": "Feature", "properties": { "visible_points": 14, "total_points": 120, "visibility_pct": 11.666666666666666 }, "geometry": { "type": "Point", "coordinates": [ 1.287776117676951, 51.128826172507488 ] } },
{ "type": "Feature", "properties": { "visible_points": 15, "total_points": 120, "visibility_pct": 12.5 }, "geometry": { "type": "Point", "coordinates": [ 1.287973803548863, 51.128820612117643 ] } },
{ "type": "Feature", "properties": { "visible_points": 11, "total_points": 119, "visibility_pct": 9.2436974789915975 }, "geometry": { "type": "Point", "coordinates": [ 1.288171489356512, 51.128815051393183 ] } },
{ "type": "Feature", "properties": { "visible_points": 16, "total_points": 116, "visibility_pct": 13.793103448275861 }, "geometry": { "type": "Point", "coordinates": [ 1.288369175099904, 51.128809490334106 ] } },
{ "type": "Feature", "properties": { "visible_points": 19, "total_points": 111, "visibility_pct": 17.117117117117118 }, "geometry": { "type": "Point", "coordinates": [ 1.288566860779024, 51.128803928940407 ] } },
{ "type": "Feature", "properties": { "visible_points": 14, "total_points": 105, "visibility_pct": 13.333333333333334 }, "geometry": { "type": "Point", "coordinates": [ 1.288764546393877, 51.12879836721207 ] } },
{ "type": "Feature", "properties": { "visible_points": 4, "total_points": 99, "visibility_pct": 4.0404040404040407 }, "geometry": { "type": "Point", "coordinates": [ 1.28896223194446, 51.128792805149139 ] } },
{ "type": "Feature", "properties": { "visible_points": 0, "total_points": 91, "visibility_pct": 0.0 }, "geometry": { "type": "Point", "coordinates": [ 1.289159917430757, 51.128787242751571 ] } },
{ "type": "Feature", "properties": { "visible_points": 2, "total_points": 84, "visibility_pct": 2.3809523809523809 }, "geometry": { "type": "Point", "coordinates": [ 1.289357602852778, 51.128781680019372 ] } },
{ "type": "Feature", "properties": { "visible_points": 21, "total_points": 89, "visibility_pct": 23.595505617977526 }, "geometry": { "type": "Point", "coordinates": [ 1.280765860941835, 51.129131075945885 ] } },
{ "type": "Feature", "properties": { "visible_points": 24, "total_points": 100, "visibility_pct": 24.0 }, "geometry": { "type": "Point", "coordinates": [ 1.280963550828, 51.12912552791343 ] } },
{ "type": "Feature", "properties": { "visible_points": 19, "total_points": 110, "visibility_pct": 17.272727272727273 }, "geometry": { "type": "Point", "coordinates": [ 1.281161240649789, 51.129119979545941 ] } },
{ "type": "Feature", "properties": { "visible_points": 24, "total_points": 118, "visibility_pct": 20.33898305084746 }, "geometry": { "type": "Point", "coordinates": [ 1.281358930407194, 51.12911443084338 ] } },
{ "type": "Feature", "properties": { "visible_points": 21, "total_points": 120, "visibility_pct": 17.5 }, "geometry": { "type": "Point", "coordinates": [ 1.281556619986087, 51.129108881783459 ] } },
{ "type": "Feature", "properties": { "visible_points": 12, "total_points": 120, "visibility_pct": 10.0 }, "geometry": { "type": "Point", "coordinates": [ 1.281754308841106, 51.129103332089464 ] } },
{ "type": "Feature", "properties": { "visible_points": 14, "total_points": 120, "visibility_pct": 11.666666666666666 }, "geometry": { "type": "Point", "coordinates": [ 1.281951997141639, 51.129097781892746 ] } },
{ "type": "Feature", "properties": { "visible_points": 8, "total_points": 120, "visibility_pct": 6.666666666666667 }, "geometry": { "type": "Point", "coordinates": [ 1.282149685378039, 51.12909223136139 ] } },
{ "type": "Feature", "properties": { "visible_points": 0, "total_points": 120, "visibility_pct": 0.0 }, "geometry": { "type": "Point", "coordinates": [ 1.282347373550285, 51.129086680495405 ] } },
{ "type": "Feature", "properties": { "visible_points": 0, "total_points": 120, "visibility_pct": 0.0 }, "geometry": { "type": "Point", "coordinates": [ 1.282545061658384, 51.129081129294804 ] } },
{ "type": "Feature", "properties": { "visible_points": 0, "total_points": 120, "visibility_pct": 0.0 }, "geometry": { "type": "Point", "coordinates": [ 1.282742749702334, 51.129075577759579 ] } },
{ "type": "Feature", "properties": { "visible_points": 0, "total_points": 120, "visibility_pct": 0.0 }, "geometry": { "type": "Point", "coordinates": [ 1.282940437682124, 51.129070025889732 ] } },
{ "type": "Feature", "properties": { "visible_points": 0, "total_points": 120, "visibility_pct": 0.0 }, "geometry": { "type": "Point", "coordinates": [ 1.283138125597755, 51.129064473685247 ] } },
{ "type": "Feature", "properties": { "visible_points": 0, "total_points": 120, "visibility_pct": 0.0 }, "geometry": { "type": "Point", "coordinates": [ 1.283335813449216, 51.129058921146125 ] } },
{ "type": "Feature", "properties": { "visible_points": 0, "total_points": 120, "visibility_pct": 0.0 }, "geometry": { "type": "Point", "coordinates": [ 1.283533501236519, 51.129053368272395 ] } },
{ "type": "Feature", "properties": { "visible_points": 0, "total_points": 120, "visibility_pct": 0.0 }, "geometry": { "type": "Point", "coordinates": [ 1.283731188959636, 51.129047815064013 ] } },
{ "type": "Feature", "properties": { "visible_points": 0, "total_points": 120, "visibility_pct": 0.0 }, "geometry": { "type": "Point", "coordinates": [ 1.28392887661859, 51.129042261521029 ] } },
{ "type": "Feature", "properties": { "visible_points": 0, "total_points": 120, "visibility_pct": 0.0 }, "geometry": { "type": "Point", "coordinates": [ 1.284126564213359, 51.129036707643408 ] } },
{ "type": "Feature", "properties": { "visible_points": 0, "total_points": 120, "visibility_pct": 0.0 }, "geometry": { "type": "Point", "coordinates": [ 1.284324251743941, 51.129031153431178 ] } },
{ "type": "Feature", "properties": { "visible_points": 0, "total_points": 120, "visibility_pct": 0.0 }, "geometry": { "type": "Point", "coordinates": [ 1.284521939210339, 51.129025598884311 ] } },
{ "type": "Feature", "properties": { "visible_points": 0, "total_points": 120, "visibility_pct": 0.0 }, "geometry": { "type": "Point", "coordinates": [ 1.284719626612545, 51.129020044002814 ] } },
{ "type": "Feature", "properties": { "visible_points": 0, "total_points": 120, "visibility_pct": 0.0 }, "geometry": { "type": "Point", "coordinates": [ 1.284917313950556, 51.129014488786673 ] } },
{ "type": "Feature", "properties": { "visible_points": 0, "total_points": 120, "visibility_pct": 0.0 }, "geometry": { "type": "Point", "coordinates": [ 1.285115001224365, 51.129008933235944 ] } },
{ "type": "Feature", "properties": { "visible_points": 0, "total_points": 120, "visibility_pct": 0.0 }, "geometry": { "type": "Point", "coordinates": [ 1.285312688433973, 51.129003377350571 ] } },
{ "type": "Feature", "properties": { "visible_points": 0, "total_points": 120, "visibility_pct": 0.0 }, "geometry": { "type": "Point", "coordinates": [ 1.285510375579373, 51.128997821130575 ] } },
{ "type": "Feature", "properties": { "visible_points": 0, "total_points": 120, "visibility_pct": 0.0 }, "geometry": { "type": "Point", "coordinates": [ 1.285708062660562, 51.128992264575956 ] } },
{ "type": "Feature", "properties": { "visible_points": 0, "total_points": 120, "visibility_pct": 0.0 }, "geometry": { "type": "Point", "coordinates": [ 1.285905749677537, 51.128986707686721 ] } },
{ "type": "Feature", "properties": { "visible_points": 0, "total_points": 120, "visibility_pct": 0.0 }, "geometry": { "type": "Point", "coordinates": [ 1.286103436630295, 51.128981150462842 ] } },
{ "type": "Feature", "properties": { "visible_points": 0, "total_points": 120, "visibility_pct": 0.0 }, "geometry": { "type": "Point", "coordinates": [ 1.286301123518828, 51.128975592904354 ] } },
{ "type": "Feature", "properties": { "visible_points": 0, "total_points": 120, "visibility_pct": 0.0 }, "geometry": { "type": "Point", "coordinates": [ 1.286498810343133, 51.128970035011235 ] } },
{ "type": "Feature", "properties": { "visible_points": 0, "total_points": 120, "visibility_pct": 0.0 }, "geometry": { "type": "Point", "coordinates": [ 1.286696497103213, 51.128964476783501 ] } },
{ "type": "Feature", "properties": { "visible_points": 0, "total_points": 120, "visibility_pct": 0.0 }, "geometry": { "type": "Point", "coordinates": [ 1.286894183799055, 51.12895891822113 ] } },
{ "type": "Feature", "properties": { "visible_points": 0, "total_points": 120, "visibility_pct": 0.0 }, "geometry": { "type": "Point", "coordinates": [ 1.28709187043066, 51.128953359324143 ] } },
{ "type": "Feature", "properties": { "visible_points": 0, "total_points": 120, "visibility_pct": 0.0 }, "geometry": { "type": "Point", "coordinates": [ 1.287289556998021, 51.128947800092519 ] } },
{ "type": "Feature", "properties": { "visible_points": 0, "total_points": 120, "visibility_pct": 0.0 }, "geometry": { "type": "Point", "coordinates": [ 1.287487243501145, 51.128942240526285 ] } },
{ "type": "Feature", "properties": { "visible_points": 0, "total_points": 120, "visibility_pct": 0.0 }, "geometry": { "type": "Point", "coordinates": [ 1.28768492994001, 51.128936680625429 ] } },
{ "type": "Feature", "properties": { "visible_points": 8, "total_points": 120, "visibility_pct": 6.666666666666667 }, "geometry": { "type": "Point", "coordinates": [ 1.287882616314625, 51.128931120389971 ] } },
{ "type": "Feature", "properties": { "visible_points": 11, "total_points": 120, "visibility_pct": 9.1666666666666661 }, "geometry": { "type": "Point", "coordinates": [ 1.288080302624981, 51.128925559819855 ] } },
{ "type": "Feature", "properties": { "visible_points": 10, "total_points": 120, "visibility_pct": 8.3333333333333321 }, "geometry": { "type": "Point", "coordinates": [ 1.288277988871079, 51.128919998915137 ] } },
{ "type": "Feature", "properties": { "visible_points": 14, "total_points": 118, "visibility_pct": 11.864406779661017 }, "geometry": { "type": "Point", "coordinates": [ 1.288475675052911, 51.128914437675803 ] } },
{ "type": "Feature", "properties": { "visible_points": 16, "total_points": 114, "visibility_pct": 14.035087719298245 }, "geometry": { "type": "Point", "coordinates": [ 1.288673361170473, 51.128908876101811 ] } },
{ "type": "Feature", "properties": { "visible_points": 20, "total_points": 109, "visibility_pct": 18.348623853211009 }, "geometry": { "type": "Point", "coordinates": [ 1.288871047223761, 51.128903314193224 ] } },
{ "type": "Feature", "properties": { "visible_points": 17, "total_points": 103, "visibility_pct": 16.50485436893204 }, "geometry": { "type": "Point", "coordinates": [ 1.289068733212777, 51.128897751950007 ] } },
{ "type": "Feature", "properties": { "visible_points": 14, "total_points": 96, "visibility_pct": 14.583333333333334 }, "geometry": { "type": "Point", "coordinates": [ 1.289266419137507, 51.128892189372152 ] } },
{ "type": "Feature", "properties": { "visible_points": 2, "total_points": 89, "visibility_pct": 2.2471910112359552 }, "geometry": { "type": "Point", "coordinates": [ 1.289464104997958, 51.12888662645971 ] } },
{ "type": "Feature", "properties": { "visible_points": 6, "total_points": 81, "visibility_pct": 7.4074074074074066 }, "geometry": { "type": "Point", "coordinates": [ 1.289661790794114, 51.128881063212624 ] } },
{ "type": "Feature", "properties": { "visible_points": 0, "total_points": 79, "visibility_pct": 0.0 }, "geometry": { "type": "Point", "coordinates": [ 1.280674654576985, 51.12924157834123 ] } },
{ "type": "Feature", "properties": { "visible_points": 16, "total_points": 91, "visibility_pct": 17.582417582417584 }, "geometry": { "type": "Point", "coordinates": [ 1.280872344968449, 51.12923603046751 ] } },
{ "type": "Feature", "properties": { "visible_points": 0, "total_points": 102, "visibility_pct": 0.0 }, "geometry": { "type": "Point", "coordinates": [ 1.281070035295535, 51.129230482258706 ] } },
{ "type": "Feature", "properties": { "visible_points": 0, "total_points": 112, "visibility_pct": 0.0 }, "geometry": { "type": "Point", "coordinates": [ 1.281267725558233, 51.129224933714866 ] } },
{ "type": "Feature", "properties": { "visible_points": 0, "total_points": 119, "visibility_pct": 0.0 }, "geometry": { "type": "Point", "coordinates": [ 1.281465415756545, 51.12921938483597 ] } },
{ "type": "Feature", "properties": { "visible_points": 0, "total_points": 120, "visibility_pct": 0.0 }, "geometry": { "type": "Point", "coordinates": [ 1.281663105439291, 51.129213835474808 ] } },
{ "type": "Feature", "properties": { "visible_points": 0, "total_points": 120, "visibility_pct": 0.0 }, "geometry": { "type": "Point", "coordinates": [ 1.28186079438839, 51.129208285460791 ] } },
{ "type": "Feature", "properties": { "visible_points": 0, "total_points": 120, "visibility_pct": 0.0 }, "geometry": { "type": "Point", "coordinates": [ 1.282058483127449, 51.12920273508383 ] } },
{ "type": "Feature", "properties": { "visible_points": 0, "total_points": 120, "visibility_pct": 0.0 }, "geometry": { "type": "Point", "coordinates": [ 1.282256171802369, 51.129197184372245 ] } },
{ "type": "Feature", "properties": { "visible_points": 0, "total_points": 120, "visibility_pct": 0.0 }, "geometry": { "type": "Point", "coordinates": [ 1.282453860413135, 51.129191633326052 ] } },
{ "type": "Feature", "properties": { "visible_points": 0, "total_points": 120, "visibility_pct": 0.0 }, "geometry": { "type": "Point", "coordinates": [ 1.282651548959752, 51.129186081945214 ] } },
{ "type": "Feature", "properties": { "visible_points": 0, "total_points": 120, "visibility_pct": 0.0 }, "geometry": { "type": "Point", "coordinates": [ 1.282849237442215, 51.12918053022976 ] } },
{ "type": "Feature", "properties": { "visible_points": 0, "total_points": 119, "visibility_pct": 0.0 }, "geometry": { "type": "Point", "coordinates": [ 1.283046925860517, 51.129174978179663 ] } },
{ "type": "Feature", "properties": { "visible_points": 0, "total_points": 119, "visibility_pct": 0.0 }, "geometry": { "type": "Point", "coordinates": [ 1.283244614214656, 51.129169425794949 ] } },
{ "type": "Feature", "properties": { "visible_points": 0, "total_points": 119, "visibility_pct": 0.0 }, "geometry": { "type": "Point", "coordinates": [ 1.283442302504628, 51.129163873075591 ] } },
{ "type": "Feature", "properties": { "visible_points": 0, "total_points": 119, "visibility_pct": 0.0 }, "geometry": { "type": "Point", "coordinates": [ 1.283639990730429, 51.12915832002161 ] } },
{ "type": "Feature", "properties": { "visible_points": 0, "total_points": 119, "visibility_pct": 0.0 }, "geometry": { "type": "Point", "coordinates": [ 1.283837678892054, 51.12915276663302 ] } },
{ "type": "Feature", "properties": { "visible_points": 0, "total_points": 120, "visibility_pct": 0.0 }, "geometry": { "type": "Point", "coordinates": [ 1.284035366989506, 51.129147212909778 ] } },
{ "type": "Feature", "properties": { "visible_points": 0, "total_points": 120, "visibility_pct": 0.0 }, "geometry": { "type": "Point", "coordinates": [ 1.284233055022769, 51.129141658851914 ] } },
{ "type": "Feature", "properties": { "visible_points": 0, "total_points": 120, "visibility_pct": 0.0 }, "geometry": { "type": "Point", "coordinates": [ 1.284430742991849, 51.129136104459441 ] } },
{ "type": "Feature", "properties": { "visible_points": 0, "total_points": 120, "visibility_pct": 0.0 }, "geometry": { "type": "Point", "coordinates": [ 1.28462843089674, 51.129130549732317 ] } },
{ "type": "Feature", "properties": { "visible_points": 0, "total_points": 120, "visibility_pct": 0.0 }, "geometry": { "type": "Point", "coordinates": [ 1.284826118737433, 51.129124994670583 ] } },
{ "type": "Feature", "properties": { "visible_points": 0, "total_points": 120, "visibility_pct": 0.0 }, "geometry": { "type": "Point", "coordinates": [ 1.285023806513932, 51.129119439274234 ] } },
{ "type": "Feature", "properties": { "visible_points": 0, "total_points": 120, "visibility_pct": 0.0 }, "geometry": { "type": "Point", "coordinates": [ 1.285221494226229, 51.129113883543233 ] } },
{ "type": "Feature", "properties": { "visible_points": 0, "total_points": 120, "visibility_pct": 0.0 }, "geometry": { "type": "Point", "coordinates": [ 1.285419181874317, 51.129108327477617 ] } },
{ "type": "Feature", "properties": { "visible_points": 0, "total_points": 120, "visibility_pct": 0.0 }, "geometry": { "type": "Point", "coordinates": [ 1.285616869458196, 51.129102771077363 ] } },
{ "type": "Feature", "properties": { "visible_points": 0, "total_points": 120, "visibility_pct": 0.0 }, "geometry": { "type": "Point", "coordinates": [ 1.285814556977865, 51.129097214342501 ] } },
{ "type": "Feature", "properties": { "visible_points": 0, "total_points": 120, "visibility_pct": 0.0 }, "geometry": { "type": "Point", "coordinates": [ 1.286012244433315, 51.129091657272987 ] } },
{ "type": "Feature", "properties": { "visible_points": 0, "total_points": 120, "visibility_pct": 0.0 }, "geometry": { "type": "Point", "coordinates": [ 1.286209931824543, 51.129086099868871 ] } },
{ "type": "Feature", "properties": { "visible_points": 0, "total_points": 120, "visibility_pct": 0.0 }, "geometry": { "type": "Point", "coordinates": [ 1.286407619151549, 51.129080542130119 ] } },
{ "type": "Feature", "properties": { "visible_points": 0, "total_points": 120, "visibility_pct": 0.0 }, "geometry": { "type": "Point", "coordinates": [ 1.286605306414322, 51.129074984056757 ] } },
{ "type": "Feature", "properties": { "visible_points": 0, "total_points": 120, "visibility_pct": 0.0 }, "geometry": { "type": "Point", "coordinates": [ 1.286802993612865, 51.129069425648765 ] } },
{ "type": "Feature", "properties": { "visible_points": 0, "total_points": 120, "visibility_pct": 0.0 }, "geometry": { "type": "Point", "coordinates": [ 1.287000680747172, 51.129063866906122 ] } },
{ "type": "Feature", "properties": { "visible_points": 0, "total_points": 120, "visibility_pct": 0.0 }, "geometry": { "type": "Point", "coordinates": [ 1.287198367817237, 51.129058307828885 ] } },
{ "type": "Feature", "properties": { "visible_points": 0, "total_points": 120, "visibility_pct": 0.0 }, "geometry": { "type": "Point", "coordinates": [ 1.28739605482306, 51.12905274841701 ] } },
{ "type": "Feature", "properties": { "visible_points": 0, "total_points": 120, "visibility_pct": 0.0 }, "geometry": { "type": "Point", "coordinates": [ 1.287593741764631, 51.129047188670505 ] } },
{ "type": "Feature", "properties": { "visible_points": 0, "total_points": 120, "visibility_pct": 0.0 }, "geometry": { "type": "Point", "coordinates": [ 1.287791428641951, 51.129041628589398 ] } },
{ "type": "Feature", "properties": { "visible_points": 0, "total_points": 120, "visibility_pct": 0.0 }, "geometry": { "type": "Point", "coordinates": [ 1.287989115455018, 51.129036068173654 ] } },
{ "type": "Feature", "properties": { "visible_points": 0, "total_points": 120, "visibility_pct": 0.0 }, "geometry": { "type": "Point", "coordinates": [ 1.288186802203823, 51.129030507423288 ] } },
{ "type": "Feature", "properties": { "visible_points": 5, "total_points": 120, "visibility_pct": 4.1666666666666661 }, "geometry": { "type": "Point", "coordinates": [ 1.288384488888366, 51.129024946338298 ] } },
{ "type": "Feature", "properties": { "visible_points": 4, "total_points": 120, "visibility_pct": 3.3333333333333335 }, "geometry": { "type": "Point", "coordinates": [ 1.288582175508639, 51.129019384918664 ] } },
{ "type": "Feature", "properties": { "visible_points": 8, "total_points": 117, "visibility_pct": 6.8376068376068382 }, "geometry": { "type": "Point", "coordinates": [ 1.288779862064642, 51.129013823164442 ] } },
{ "type": "Feature", "properties": { "visible_points": 1, "total_points": 113, "visibility_pct": 0.88495575221238942 }, "geometry": { "type": "Point", "coordinates": [ 1.28897754855637, 51.129008261075562 ] } },
{ "type": "Feature", "properties": { "visible_points": 18, "total_points": 107, "visibility_pct": 16.822429906542055 }, "geometry": { "type": "Point", "coordinates": [ 1.289175234983821, 51.129002698652087 ] } },
{ "type": "Feature", "properties": { "visible_points": 19, "total_points": 101, "visibility_pct": 18.811881188118811 }, "geometry": { "type": "Point", "coordinates": [ 1.289372921346985, 51.128997135893982 ] } },
{ "type": "Feature", "properties": { "visible_points": 15, "total_points": 93, "visibility_pct": 16.129032258064516 }, "geometry": { "type": "Point", "coordinates": [ 1.289570607645868, 51.12899157280124 ] } },
{ "type": "Feature", "properties": { "visible_points": 6, "total_points": 86, "visibility_pct": 6.9767441860465116 }, "geometry": { "type": "Point", "coordinates": [ 1.289768293880453, 51.128986009373897 ] } },
{ "type": "Feature", "properties": { "visible_points": 3, "total_points": 82, "visibility_pct": 3.6585365853658534 }, "geometry": { "type": "Point", "coordinates": [ 1.280781138667995, 51.129346532944773 ] } },
{ "type": "Feature", "properties": { "visible_points": 0, "total_points": 94, "visibility_pct": 0.0 }, "geometry": { "type": "Point", "coordinates": [ 1.280978829500375, 51.129340984894675 ] } },
{ "type": "Feature", "properties": { "visible_points": 0, "total_points": 105, "visibility_pct": 0.0 }, "geometry": { "type": "Point", "coordinates": [ 1.281176520268376, 51.129335436509542 ] } },
{ "type": "Feature", "properties": { "visible_points": 0, "total_points": 113, "visibility_pct": 0.0 }, "geometry": { "type": "Point", "coordinates": [ 1.28137421097199, 51.129329887789353 ] } },
{ "type": "Feature", "properties": { "visible_points": 0, "total_points": 120, "visibility_pct": 0.0 }, "geometry": { "type": "Point", "coordinates": [ 1.28157190145362, 51.129324338703476 ] } },
{ "type": "Feature", "properties": { "visible_points": 0, "total_points": 120, "visibility_pct": 0.0 }, "geometry": { "type": "Point", "coordinates": [ 1.281769591196626, 51.129318788955921 ] } },
{ "type": "Feature", "properties": { "visible_points": 0, "total_points": 120, "visibility_pct": 0.0 }, "geometry": { "type": "Point", "coordinates": [ 1.281967280438358, 51.12931323873336 ] } },
{ "type": "Feature", "properties": { "visible_points": 0, "total_points": 120, "visibility_pct": 0.0 }, "geometry": { "type": "Point", "coordinates": [ 1.282164969615937, 51.129307688176191 ] } },
{ "type": "Feature", "properties": { "visible_points": 0, "total_points": 119, "visibility_pct": 0.0 }, "geometry": { "type": "Point", "coordinates": [ 1.282362658729383, 51.129302137284391 ] } },
{ "type": "Feature", "properties": { "visible_points": 0, "total_points": 118, "visibility_pct": 0.0 }, "geometry": { "type": "Point", "coordinates": [ 1.282560347778669, 51.129296586057954 ] } },
{ "type": "Feature", "properties": { "visible_points": 0, "total_points": 116, "visibility_pct": 0.0 }, "geometry": { "type": "Point", "coordinates": [ 1.282758036763804, 51.129291034496887 ] } },
{ "type": "Feature", "properties": { "visible_points": 0, "total_points": 115, "visibility_pct": 0.0 }, "geometry": { "type": "Point", "coordinates": [ 1.282955725684779, 51.129285482601183 ] } },
{ "type": "Feature", "properties": { "visible_points": 0, "total_points": 115, "visibility_pct": 0.0 }, "geometry": { "type": "Point", "coordinates": [ 1.2831534145416, 51.129279930370849 ] } },
{ "type": "Feature", "properties": { "visible_points": 0, "total_points": 116, "visibility_pct": 0.0 }, "geometry": { "type": "Point", "coordinates": [ 1.283351103334246, 51.129274377805892 ] } },
{ "type": "Feature", "properties": { "visible_points": 0, "total_points": 117, "visibility_pct": 0.0 }, "geometry": { "type": "Point", "coordinates": [ 1.28354879206273, 51.129268824906312 ] } },
{ "type": "Feature", "properties": { "visible_points": 0, "total_points": 118, "visibility_pct": 0.0 }, "geometry": { "type": "Point", "coordinates": [ 1.283746480727035, 51.129263271672095 ] } },
{ "type": "Feature", "properties": { "visible_points": 0, "total_points": 119, "visibility_pct": 0.0 }, "geometry": { "type": "Point", "coordinates": [ 1.283944169327168, 51.129257718103254 ] } },
{ "type": "Feature", "properties": { "visible_points": 0, "total_points": 119, "visibility_pct": 0.0 }, "geometry": { "type": "Point", "coordinates": [ 1.284141857863114, 51.129252164199777 ] } },
{ "type": "Feature", "properties": { "visible_points": 0, "total_points": 120, "visibility_pct": 0.0 }, "geometry": { "type": "Point", "coordinates": [ 1.28433954633488, 51.12924660996169 ] } },
{ "type": "Feature", "properties": { "visible_points": 0, "total_points": 120, "visibility_pct": 0.0 }, "geometry": { "type": "Point", "coordinates": [ 1.284537234742454, 51.12924105538896 ] } },
{ "type": "Feature", "properties": { "visible_points": 0, "total_points": 120, "visibility_pct": 0.0 }, "geometry": { "type": "Point", "coordinates": [ 1.284734923085839, 51.129235500481592 ] } },
{ "type": "Feature", "properties": { "visible_points": 0, "total_points": 120, "visibility_pct": 0.0 }, "geometry": { "type": "Point", "coordinates": [ 1.284932611365021, 51.129229945239608 ] } },
{ "type": "Feature", "properties": { "visible_points": 0, "total_points": 120, "visibility_pct": 0.0 }, "geometry": { "type": "Point", "coordinates": [ 1.28513029958001, 51.129224389662994 ] } },
{ "type": "Feature", "properties": { "visible_points": 0, "total_points": 120, "visibility_pct": 0.0 }, "geometry": { "type": "Point", "coordinates": [ 1.285327987730793, 51.12921883375175 ] } },
{ "type": "Feature", "properties": { "visible_points": 0, "total_points": 120, "visibility_pct": 0.0 }, "geometry": { "type": "Point", "coordinates": [ 1.285525675817365, 51.129213277505883 ] } },
{ "type": "Feature", "properties": { "visible_points": 0, "total_points": 120, "visibility_pct": 0.0 }, "geometry": { "type": "Point", "coordinates": [ 1.285723363839727, 51.129207720925393 ] } },
{ "type": "Feature", "properties": { "visible_points": 0, "total_points": 120, "visibility_pct": 0.0 }, "geometry": { "type": "Point", "coordinates": [ 1.285921051797875, 51.129202164010266 ] } },
{ "type": "Feature", "properties": { "visible_points": 0, "total_points": 119, "visibility_pct": 0.0 }, "geometry": { "type": "Point", "coordinates": [ 1.286118739691803, 51.129196606760509 ] } },
{ "type": "Feature", "properties": { "visible_points": 0, "total_points": 118, "visibility_pct": 0.0 }, "geometry": { "type": "Point", "coordinates": [ 1.2863164275215, 51.129191049176143 ] } },
{ "type": "Feature", "properties": { "visible_points": 0, "total_points": 118, "visibility_pct": 0.0 }, "geometry": { "type": "Point", "coordinates": [ 1.286514115286979, 51.129185491257132 ] } },
{ "type": "Feature", "properties": { "visible_points": 0, "total_points": 118, "visibility_pct": 0.0 }, "geometry": { "type": "Point", "coordinates": [ 1.286711802988223, 51.129179933003499 ] } },
{ "type": "Feature", "properties": { "visible_points": 0, "total_points": 118, "visibility_pct": 0.0 }, "geometry": { "type": "Point", "coordinates": [ 1.286909490625233, 51.129174374415236 ] } },
{ "type": "Feature", "properties": { "visible_points": 0, "total_points": 119, "visibility_pct": 0.0 }, "geometry": { "type": "Point", "coordinates": [ 1.287107178198003, 51.129168815492363 ] } },
{ "type": "Feature", "properties": { "visible_points": 0, "total_points": 120, "visibility_pct": 0.0 }, "geometry": { "type": "Point", "coordinates": [ 1.287304865706528, 51.129163256234854 ] } },
{ "type": "Feature", "properties": { "visible_points": 0, "total_points": 120, "visibility_pct": 0.0 }, "geometry": { "type": "Point", "coordinates": [ 1.28750255315081, 51.129157696642729 ] } },
{ "type": "Feature", "properties": { "visible_points": 0, "total_points": 120, "visibility_pct": 0.0 }, "geometry": { "type": "Point", "coordinates": [ 1.287700240530842, 51.129152136715966 ] } },
{ "type": "Feature", "properties": { "visible_points": 0, "total_points": 120, "visibility_pct": 0.0 }, "geometry": { "type": "Point", "coordinates": [ 1.287897927846616, 51.129146576454573 ] } },
{ "type": "Feature", "properties": { "visible_points": 0, "total_points": 120, "visibility_pct": 0.0 }, "geometry": { "type": "Point", "coordinates": [ 1.288095615098131, 51.129141015858565 ] } },
{ "type": "Feature", "properties": { "visible_points": 2, "total_points": 120, "visibility_pct": 1.6666666666666667 }, "geometry": { "type": "Point", "coordinates": [ 1.288293302285389, 51.129135454927933 ] } },
{ "type": "Feature", "properties": { "visible_points": 3, "total_points": 120, "visibility_pct": 2.5 }, "geometry": { "type": "Point", "coordinates": [ 1.288490989408376, 51.129129893662679 ] } },
{ "type": "Feature", "properties": { "visible_points": 0, "total_points": 120, "visibility_pct": 0.0 }, "geometry": { "type": "Point", "coordinates": [ 1.288688676467096, 51.12912433206278 ] } },
{ "type": "Feature", "properties": { "visible_points": 8, "total_points": 119, "visibility_pct": 6.7226890756302522 }, "geometry": { "type": "Point", "coordinates": [ 1.288886363461542, 51.129118770128272 ] } },
{ "type": "Feature", "properties": { "visible_points": 13, "total_points": 116, "visibility_pct": 11.206896551724139 }, "geometry": { "type": "Point", "coordinates": [ 1.289084050391706, 51.129113207859142 ] } },
{ "type": "Feature", "properties": { "visible_points": 17, "total_points": 111, "visibility_pct": 15.315315315315313 }, "geometry": { "type": "Point", "coordinates": [ 1.289281737257596, 51.129107645255381 ] } },
{ "type": "Feature", "properties": { "visible_points": 21, "total_points": 105, "visibility_pct": 20.0 }, "geometry": { "type": "Point", "coordinates": [ 1.289479424059195, 51.129102082317004 ] } },
{ "type": "Feature", "properties": { "visible_points": 11, "total_points": 98, "visibility_pct": 11.224489795918368 }, "geometry": { "type": "Point", "coordinates": [ 1.289677110796509, 51.129096519043998 ] } },
{ "type": "Feature", "properties": { "visible_points": 10, "total_points": 90, "visibility_pct": 11.111111111111111 }, "geometry": { "type": "Point", "coordinates": [ 1.289874797469525, 51.129090955436368 ] } },
{ "type": "Feature", "properties": { "visible_points": 4, "total_points": 83, "visibility_pct": 4.8192771084337354 }, "geometry": { "type": "Point", "coordinates": [ 1.290072484078248, 51.129085391494115 ] } },
{ "type": "Feature", "properties": { "visible_points": 0, "total_points": 85, "visibility_pct": 0.0 }, "geometry": { "type": "Point", "coordinates": [ 1.280887623264314, 51.129451487453863 ] } },
{ "type": "Feature", "properties": { "visible_points": 0, "total_points": 97, "visibility_pct": 0.0 }, "geometry": { "type": "Point", "coordinates": [ 1.281085314537619, 51.129445939227459 ] } },
{ "type": "Feature", "properties": { "visible_points": 0, "total_points": 107, "visibility_pct": 0.0 }, "geometry": { "type": "Point", "coordinates": [ 1.281283005746536, 51.129440390665962 ] } },
{ "type": "Feature", "properties": { "visible_points": 0, "total_points": 115, "visibility_pct": 0.0 }, "geometry": { "type": "Point", "coordinates": [ 1.281480696891062, 51.129434841769438 ] } },
{ "type": "Feature", "properties": { "visible_points": 0, "total_points": 119, "visibility_pct": 0.0 }, "geometry": { "type": "Point", "coordinates": [ 1.2816783874629, 51.129429292357401 ] } },
{ "type": "Feature", "properties": { "visible_points": 0, "total_points": 118, "visibility_pct": 0.0 }, "geometry": { "type": "Point", "coordinates": [ 1.281876077310743, 51.129423742309996 ] } },
{ "type": "Feature", "properties": { "visible_points": 0, "total_points": 116, "visibility_pct": 0.0 }, "geometry": { "type": "Point", "coordinates": [ 1.282073766991004, 51.129418191907227 ] } },
{ "type": "Feature", "properties": { "visible_points": 0, "total_points": 114, "visibility_pct": 0.0 }, "geometry": { "type": "Point", "coordinates": [ 1.282271456607115, 51.129412641169829 ] } },
{ "type": "Feature", "properties": { "visible_points": 0, "total_points": 112, "visibility_pct": 0.0 }, "geometry": { "type": "Point", "coordinates": [ 1.28246914615908, 51.129407090097779 ] } },
{ "type": "Feature", "properties": { "visible_points": 0, "total_points": 110, "visibility_pct": 0.0 }, "geometry": { "type": "Point", "coordinates": [ 1.282666835646891, 51.12940153869112 ] } },
{ "type": "Feature", "properties": { "visible_points": 0, "total_points": 110, "visibility_pct": 0.0 }, "geometry": { "type": "Point", "coordinates": [ 1.282864525070545, 51.129395986949788 ] } },
{ "type": "Feature", "properties": { "visible_points": 0, "total_points": 110, "visibility_pct": 0.0 }, "geometry": { "type": "Point", "coordinates": [ 1.283062214430041, 51.129390434873862 ] } },
{ "type": "Feature", "properties": { "visible_points": 0, "total_points": 111, "visibility_pct": 0.0 }, "geometry": { "type": "Point", "coordinates": [ 1.283259903725368, 51.129384882463299 ] } },
{ "type": "Feature", "properties": { "visible_points": 0, "total_points": 112, "visibility_pct": 0.0 }, "geometry": { "type": "Point", "coordinates": [ 1.283457592956532, 51.129379329718113 ] } },
{ "type": "Feature", "properties": { "visible_points": 0, "total_points": 114, "visibility_pct": 0.0 }, "geometry": { "type": "Point", "coordinates": [ 1.283655282123524, 51.129373776638275 ] } },
{ "type": "Feature", "properties": { "visible_points": 0, "total_points": 116, "visibility_pct": 0.0 }, "geometry": { "type": "Point", "coordinates": [ 1.283852971226336, 51.129368223223814 ] } },
{ "type": "Feature", "properties": { "visible_points": 0, "total_points": 118, "visibility_pct": 0.0 }, "geometry": { "type": "Point", "coordinates": [ 1.284050660264974, 51.12936266947473 ] } },
{ "type": "Feature", "properties": { "visible_points": 0, "total_points": 119, "visibility_pct": 0.0 }, "geometry": { "type": "Point", "coordinates": [ 1.284248349239423, 51.129357115391009 ] } },
{ "type": "Feature", "properties": { "visible_points": 0, "total_points": 120, "visibility_pct": 0.0 }, "geometry": { "type": "Point", "coordinates": [ 1.28444603814969, 51.129351560972673 ] } },
{ "type": "Feature", "properties": { "visible_points": 0, "total_points": 120, "visibility_pct": 0.0 }, "geometry": { "type": "Point", "coordinates": [ 1.284643726995761, 51.129346006219706 ] } },
{ "type": "Feature", "properties": { "visible_points": 0, "total_points": 120, "visibility_pct": 0.0 }, "geometry": { "type": "Point", "coordinates": [ 1.28484141577764, 51.129340451132101 ] } },
{ "type": "Feature", "properties": { "visible_points": 0, "total_points": 120, "visibility_pct": 0.0 }, "geometry": { "type": "Point", "coordinates": [ 1.285039104495319, 51.12933489570986 ] } },
{ "type": "Feature", "properties": { "visible_points": 0, "total_points": 120, "visibility_pct": 0.0 }, "geometry": { "type": "Point", "coordinates": [ 1.285236793148793, 51.129329339952996 ] } },
{ "type": "Feature", "properties": { "visible_points": 0, "total_points": 120, "visibility_pct": 0.0 }, "geometry": { "type": "Point", "coordinates": [ 1.285434481738065, 51.129323783861516 ] } },
{ "type": "Feature", "properties": { "visible_points": 0, "total_points": 120, "visibility_pct": 0.0 }, "geometry": { "type": "Point", "coordinates": [ 1.285632170263125, 51.129318227435398 ] } },
{ "type": "Feature", "properties": { "visible_points": 0, "total_points": 119, "visibility_pct": 0.0 }, "geometry": { "type": "Point", "coordinates": [ 1.285829858723966, 51.129312670674636 ] } },
{ "type": "Feature", "properties": { "visible_points": 0, "total_points": 117, "visibility_pct": 0.0 }, "geometry": { "type": "Point", "coordinates": [ 1.286027547120594, 51.129307113579266 ] } },
{ "type": "Feature", "properties": { "visible_points": 0, "total_points": 116, "visibility_pct": 0.0 }, "geometry": { "type": "Point", "coordinates": [ 1.286225235452997, 51.129301556149258 ] } },
{ "type": "Feature", "properties": { "visible_points": 0, "total_points": 116, "visibility_pct": 0.0 }, "geometry": { "type": "Point", "coordinates": [ 1.286422923721178, 51.12929599838462 ] } },
{ "type": "Feature", "properties": { "visible_points": 0, "total_points": 116, "visibility_pct": 0.0 }, "geometry": { "type": "Point", "coordinates": [ 1.286620611925124, 51.129290440285367 ] } },
{ "type": "Feature", "properties": { "visible_points": 0, "total_points": 116, "visibility_pct": 0.0 }, "geometry": { "type": "Point", "coordinates": [ 1.286818300064841, 51.12928488185149 ] } },
{ "type": "Feature", "properties": { "visible_points": 0, "total_points": 117, "visibility_pct": 0.0 }, "geometry": { "type": "Point", "coordinates": [ 1.287015988140316, 51.129279323082962 ] } },
{ "type": "Feature", "properties": { "visible_points": 0, "total_points": 118, "visibility_pct": 0.0 }, "geometry": { "type": "Point", "coordinates": [ 1.287213676151554, 51.129273763979825 ] } },
{ "type": "Feature", "properties": { "visible_points": 2, "total_points": 119, "visibility_pct": 1.680672268907563 }, "geometry": { "type": "Point", "coordinates": [ 1.287411364098544, 51.129268204542043 ] } },
{ "type": "Feature", "properties": { "visible_points": 3, "total_points": 120, "visibility_pct": 2.5 }, "geometry": { "type": "Point", "coordinates": [ 1.287609051981284, 51.129262644769639 ] } },
{ "type": "Feature", "properties": { "visible_points": 2, "total_points": 120, "visibility_pct": 1.6666666666666667 }, "geometry": { "type": "Point", "coordinates": [ 1.287806739799775, 51.12925708466264 ] } },
{ "type": "Feature", "properties": { "visible_points": 0, "total_points": 120, "visibility_pct": 0.0 }, "geometry": { "type": "Point", "coordinates": [ 1.288004427554003, 51.129251524220983 ] } },
{ "type": "Feature", "properties": { "visible_points": 0, "total_points": 120, "visibility_pct": 0.0 }, "geometry": { "type": "Point", "coordinates": [ 1.288202115243974, 51.129245963444696 ] } },
{ "type": "Feature", "properties": { "visible_points": 1, "total_points": 120, "visibility_pct": 0.83333333333333337 }, "geometry": { "type": "Point", "coordinates": [ 1.288399802869679, 51.129240402333799 ] } },
{ "type": "Feature", "properties": { "visible_points": 3, "total_points": 120, "visibility_pct": 2.5 }, "geometry": { "type": "Point", "coordinates": [ 1.288597490431119, 51.12923484088828 ] } },
{ "type": "Feature", "properties": { "visible_points": 4, "total_points": 120, "visibility_pct": 3.3333333333333335 }, "geometry": { "type": "Point", "coordinates": [ 1.28879517792828, 51.129229279108117 ] } },
{ "type": "Feature", "properties": { "visible_points": 5, "total_points": 120, "visibility_pct": 4.1666666666666661 }, "geometry": { "type": "Point", "coordinates": [ 1.288992865361173, 51.12922371699333 ] } },
{ "type": "Feature", "properties": { "visible_points": 4, "total_points": 118, "visibility_pct": 3.3898305084745761 }, "geometry": { "type": "Point", "coordinates": [ 1.28919055272978, 51.129218154543928 ] } },
{ "type": "Feature", "properties": { "visible_points": 12, "total_points": 114, "visibility_pct": 10.526315789473683 }, "geometry": { "type": "Point", "coordinates": [ 1.289388240034104, 51.129212591759888 ] } },
{ "type": "Feature", "properties": { "visible_points": 12, "total_points": 108, "visibility_pct": 11.111111111111111 }, "geometry": { "type": "Point", "coordinates": [ 1.289585927274142, 51.12920702864124 ] } },
{ "type": "Feature", "properties": { "visible_points": 11, "total_points": 102, "visibility_pct": 10.784313725490197 }, "geometry": { "type": "Point", "coordinates": [ 1.289783614449886, 51.129201465187968 ] } },
{ "type": "Feature", "properties": { "visible_points": 12, "total_points": 95, "visibility_pct": 12.631578947368421 }, "geometry": { "type": "Point", "coordinates": [ 1.289981301561333, 51.129195901400053 ] } },
{ "type": "Feature", "properties": { "visible_points": 8, "total_points": 88, "visibility_pct": 9.0909090909090917 }, "geometry": { "type": "Point", "coordinates": [ 1.290178988608489, 51.129190337277521 ] } },
{ "type": "Feature", "properties": { "visible_points": 0, "total_points": 86, "visibility_pct": 0.0 }, "geometry": { "type": "Point", "coordinates": [ 1.280994108365953, 51.12955644186853 ] } },
{ "type": "Feature", "properties": { "visible_points": 0, "total_points": 96, "visibility_pct": 0.0 }, "geometry": { "type": "Point", "coordinates": [ 1.281191800080177, 51.129550893465776 ] } },
{ "type": "Feature", "properties": { "visible_points": 0, "total_points": 104, "visibility_pct": 0.0 }, "geometry": { "type": "Point", "coordinates": [ 1.281389491730013, 51.129545344727951 ] } },
{ "type": "Feature", "properties": { "visible_points": 0, "total_points": 111, "visibility_pct": 0.0 }, "geometry": { "type": "Point", "coordinates": [ 1.281587183114065, 51.129539795615827 ] } },
{ "type": "Feature", "properties": { "visible_points": 0, "total_points": 112, "visibility_pct": 0.0 }, "geometry": { "type": "Point", "coordinates": [ 1.281784873744615, 51.129534245813709 ] } },
{ "type": "Feature", "properties": { "visible_points": 0, "total_points": 110, "visibility_pct": 0.0 }, "geometry": { "type": "Point", "coordinates": [ 1.28198256392755, 51.129528695565341 ] } },
{ "type": "Feature", "properties": { "visible_points": 0, "total_points": 108, "visibility_pct": 0.0 }, "geometry": { "type": "Point", "coordinates": [ 1.282180254046339, 51.129523144982336 ] } },
{ "type": "Feature", "properties": { "visible_points": 0, "total_points": 106, "visibility_pct": 0.0 }, "geometry": { "type": "Point", "coordinates": [ 1.282377944100981, 51.12951759406468 ] } },
{ "type": "Feature", "properties": { "visible_points": 0, "total_points": 103, "visibility_pct": 0.0 }, "geometry": { "type": "Point", "coordinates": [ 1.282575634091465, 51.129512042812422 ] } },
{ "type": "Feature", "properties": { "visible_points": 0, "total_points": 102, "visibility_pct": 0.0 }, "geometry": { "type": "Point", "coordinates": [ 1.282773324017806, 51.129506491225506 ] } },
{ "type": "Feature", "properties": { "visible_points": 0, "total_points": 103, "visibility_pct": 0.0 }, "geometry": { "type": "Point", "coordinates": [ 1.282971013879976, 51.129500939303973 ] } },
{ "type": "Feature", "properties": { "visible_points": 0, "total_points": 105, "visibility_pct": 0.0 }, "geometry": { "type": "Point", "coordinates": [ 1.283168703677993, 51.129495387047804 ] } },
{ "type": "Feature", "properties": { "visible_points": 0, "total_points": 107, "visibility_pct": 0.0 }, "geometry": { "type": "Point", "coordinates": [ 1.283366393411838, 51.129489834457004 ] } },
{ "type": "Feature", "properties": { "visible_points": 0, "total_points": 109, "visibility_pct": 0.0 }, "geometry": { "type": "Point", "coordinates": [ 1.283564083081513, 51.129484281531568 ] } },
{ "type": "Feature", "properties": { "visible_points": 0, "total_points": 112, "visibility_pct": 0.0 }, "geometry": { "type": "Point", "coordinates": [ 1.283761772687018, 51.129478728271501 ] } },
{ "type": "Feature", "properties": { "visible_points": 0, "total_points": 115, "visibility_pct": 0.0 }, "geometry": { "type": "Point", "coordinates": [ 1.283959462228338, 51.129473174676797 ] } },
{ "type": "Feature", "properties": { "visible_points": 0, "total_points": 117, "visibility_pct": 0.0 }, "geometry": { "type": "Point", "coordinates": [ 1.284157151705479, 51.129467620747455 ] } },
{ "type": "Feature", "properties": { "visible_points": 0, "total_points": 119, "visibility_pct": 0.0 }, "geometry": { "type": "Point", "coordinates": [ 1.284354841118438, 51.129462066483505 ] } },
{ "type": "Feature", "properties": { "visible_points": 0, "total_points": 120, "visibility_pct": 0.0 }, "geometry": { "type": "Point", "coordinates": [ 1.284552530467203, 51.129456511884918 ] } },
{ "type": "Feature", "properties": { "visible_points": 0, "total_points": 120, "visibility_pct": 0.0 }, "geometry": { "type": "Point", "coordinates": [ 1.284750219751772, 51.1294509569517 ] } },
{ "type": "Feature", "properties": { "visible_points": 0, "total_points": 120, "visibility_pct": 0.0 }, "geometry": { "type": "Point", "coordinates": [ 1.284947908972146, 51.129445401683846 ] } },
{ "type": "Feature", "properties": { "visible_points": 0, "total_points": 120, "visibility_pct": 0.0 }, "geometry": { "type": "Point", "coordinates": [ 1.285145598128322, 51.129439846081354 ] } },
{ "type": "Feature", "properties": { "visible_points": 0, "total_points": 120, "visibility_pct": 0.0 }, "geometry": { "type": "Point", "coordinates": [ 1.285343287220289, 51.12943429014426 ] } },
{ "type": "Feature", "properties": { "visible_points": 0, "total_points": 120, "visibility_pct": 0.0 }, "geometry": { "type": "Point", "coordinates": [ 1.285540976248049, 51.129428733872508 ] } },
{ "type": "Feature", "properties": { "visible_points": 0, "total_points": 117, "visibility_pct": 0.0 }, "geometry": { "type": "Point", "coordinates": [ 1.285738665211593, 51.129423177266148 ] } },
{ "type": "Feature", "properties": { "visible_points": 0, "total_points": 114, "visibility_pct": 0.0 }, "geometry": { "type": "Point", "coordinates": [ 1.285936354110921, 51.129417620325135 ] } },
{ "type": "Feature", "properties": { "visible_points": 0, "total_points": 113, "visibility_pct": 0.0 }, "geometry": { "type": "Point", "coordinates": [ 1.286134042946029, 51.1294120630495 ] } },
{ "type": "Feature", "properties": { "visible_points": 0, "total_points": 113, "visibility_pct": 0.0 }, "geometry": { "type": "Point", "coordinates": [ 1.286331731716915, 51.129406505439242 ] } },
{ "type": "Feature", "properties": { "visible_points": 0, "total_points": 113, "visibility_pct": 0.0 }, "geometry": { "type": "Point", "coordinates": [ 1.286529420423568, 51.129400947494346 ] } },
{ "type": "Feature", "properties": { "visible_points": 3, "total_points": 114, "visibility_pct": 2.6315789473684208 }, "geometry": { "type": "Point", "coordinates": [ 1.28672710906599, 51.129395389214828 ] } },
{ "type": "Feature", "properties": { "visible_points": 1, "total_points": 115, "visibility_pct": 0.86956521739130432 }, "geometry": { "type": "Point", "coordinates": [ 1.286924797644177, 51.129389830600694 ] } },
{ "type": "Feature", "properties": { "visible_points": 0, "total_points": 116, "visibility_pct": 0.0 }, "geometry": { "type": "Point", "coordinates": [ 1.287122486158125, 51.129384271651915 ] } },
{ "type": "Feature", "properties": { "visible_points": 0, "total_points": 117, "visibility_pct": 0.0 }, "geometry": { "type": "Point", "coordinates": [ 1.287320174607827, 51.129378712368506 ] } },
{ "type": "Feature", "properties": { "visible_points": 3, "total_points": 119, "visibility_pct": 2.5210084033613445 }, "geometry": { "type": "Point", "coordinates": [ 1.287517862993283, 51.129373152750468 ] } },
{ "type": "Feature", "properties": { "visible_points": 2, "total_points": 120, "visibility_pct": 1.6666666666666667 }, "geometry": { "type": "Point", "coordinates": [ 1.287715551314483, 51.129367592797813 ] } },
{ "type": "Feature", "properties": { "visible_points": 0, "total_points": 120, "visibility_pct": 0.0 }, "geometry": { "type": "Point", "coordinates": [ 1.287913239571434, 51.129362032510514 ] } },
{ "type": "Feature", "properties": { "visible_points": 0, "total_points": 120, "visibility_pct": 0.0 }, "geometry": { "type": "Point", "coordinates": [ 1.288110927764119, 51.129356471888606 ] } },
{ "type": "Feature", "properties": { "visible_points": 0, "total_points": 120, "visibility_pct": 0.0 }, "geometry": { "type": "Point", "coordinates": [ 1.288308615892547, 51.129350910932054 ] } },
{ "type": "Feature", "properties": { "visible_points": 0, "total_points": 120, "visibility_pct": 0.0 }, "geometry": { "type": "Point", "coordinates": [ 1.288506303956705, 51.129345349640879 ] } },
{ "type": "Feature", "properties": { "visible_points": 0, "total_points": 120, "visibility_pct": 0.0 }, "geometry": { "type": "Point", "coordinates": [ 1.28870399195659, 51.129339788015102 ] } },
{ "type": "Feature", "properties": { "visible_points": 0, "total_points": 120, "visibility_pct": 0.0 }, "geometry": { "type": "Point", "coordinates": [ 1.288901679892203, 51.129334226054652 ] } },
{ "type": "Feature", "properties": { "visible_points": 0, "total_points": 120, "visibility_pct": 0.0 }, "geometry": { "type": "Point", "coordinates": [ 1.289099367763538, 51.129328663759601 ] } },
{ "type": "Feature", "properties": { "visible_points": 2, "total_points": 120, "visibility_pct": 1.6666666666666667 }, "geometry": { "type": "Point", "coordinates": [ 1.289297055570588, 51.129323101129927 ] } },
{ "type": "Feature", "properties": { "visible_points": 13, "total_points": 117, "visibility_pct": 11.111111111111111 }, "geometry": { "type": "Point", "coordinates": [ 1.28949474331335, 51.129317538165616 ] } },
{ "type": "Feature", "properties": { "visible_points": 11, "total_points": 112, "visibility_pct": 9.8214285714285712 }, "geometry": { "type": "Point", "coordinates": [ 1.289692430991828, 51.129311974866674 ] } },
{ "type": "Feature", "properties": { "visible_points": 9, "total_points": 106, "visibility_pct": 8.4905660377358494 }, "geometry": { "type": "Point", "coordinates": [ 1.289890118606007, 51.129306411233138 ] } },
{ "type": "Feature", "properties": { "visible_points": 16, "total_points": 100, "visibility_pct": 16.0 }, "geometry": { "type": "Point", "coordinates": [ 1.29008780615589, 51.129300847264936 ] } },
{ "type": "Feature", "properties": { "visible_points": 9, "total_points": 92, "visibility_pct": 9.7826086956521738 }, "geometry": { "type": "Point", "coordinates": [ 1.290285493641471, 51.129295282962126 ] } },
{ "type": "Feature", "properties": { "visible_points": 6, "total_points": 85, "visibility_pct": 7.0588235294117645 }, "geometry": { "type": "Point", "coordinates": [ 1.290483181062742, 51.129289718324685 ] } },
{ "type": "Feature", "properties": { "visible_points": 0, "total_points": 83, "visibility_pct": 0.0 }, "geometry": { "type": "Point", "coordinates": [ 1.281100593972913, 51.129661396188787 ] } },
{ "type": "Feature", "properties": { "visible_points": 0, "total_points": 91, "visibility_pct": 0.0 }, "geometry": { "type": "Point", "coordinates": [ 1.281298286128056, 51.129655847609683 ] } },
{ "type": "Feature", "properties": { "visible_points": 0, "total_points": 98, "visibility_pct": 0.0 }, "geometry": { "type": "Point", "coordinates": [ 1.281495978218813, 51.129650298695516 ] } },
{ "type": "Feature", "properties": { "visible_points": 0, "total_points": 103, "visibility_pct": 0.0 }, "geometry": { "type": "Point", "coordinates": [ 1.281693669679303, 51.129644749231609 ] } },
{ "type": "Feature", "properties": { "visible_points": 0, "total_points": 103, "visibility_pct": 0.0 }, "geometry": { "type": "Point", "coordinates": [ 1.281891360425578, 51.129639199150553 ] } },
{ "type": "Feature", "properties": { "visible_points": 0, "total_points": 100, "visibility_pct": 0.0 }, "geometry": { "type": "Point", "coordinates": [ 1.282089051047041, 51.129633648721949 ] } },
{ "type": "Feature", "properties": { "visible_points": 0, "total_points": 98, "visibility_pct": 0.0 }, "geometry": { "type": "Point", "coordinates": [ 1.282286741604366, 51.129628097958694 ] } },
{ "type": "Feature", "properties": { "visible_points": 0, "total_points": 95, "visibility_pct": 0.0 }, "geometry": { "type": "Point", "coordinates": [ 1.282484432097534, 51.129622546860823 ] } },
{ "type": "Feature", "properties": { "visible_points": 0, "total_points": 94, "visibility_pct": 0.0 }, "geometry": { "type": "Point", "coordinates": [ 1.282682122526551, 51.129616995428322 ] } },
{ "type": "Feature", "properties": { "visible_points": 0, "total_points": 95, "visibility_pct": 0.0 }, "geometry": { "type": "Point", "coordinates": [ 1.282879812891414, 51.129611443661176 ] } },
{ "type": "Feature", "properties": { "visible_points": 0, "total_points": 97, "visibility_pct": 0.0 }, "geometry": { "type": "Point", "coordinates": [ 1.283077503192109, 51.1296058915594 ] } },
{ "type": "Feature", "properties": { "visible_points": 0, "total_points": 100, "visibility_pct": 0.0 }, "geometry": { "type": "Point", "coordinates": [ 1.283275193428642, 51.129600339122987 ] } },
{ "type": "Feature", "properties": { "visible_points": 3, "total_points": 103, "visibility_pct": 2.912621359223301 }, "geometry": { "type": "Point", "coordinates": [ 1.283472883601004, 51.129594786351952 ] } },
{ "type": "Feature", "properties": { "visible_points": 5, "total_points": 110, "visibility_pct": 4.5454545454545459 }, "geometry": { "type": "Point", "coordinates": [ 1.283868263753213, 51.129583679805961 ] } },
{ "type": "Feature", "properties": { "visible_points": 0, "total_points": 113, "visibility_pct": 0.0 }, "geometry": { "type": "Point", "coordinates": [ 1.284065953733044, 51.129578126031035 ] } },
{ "type": "Feature", "properties": { "visible_points": 0, "total_points": 115, "visibility_pct": 0.0 }, "geometry": { "type": "Point", "coordinates": [ 1.284263643648694, 51.129572571921464 ] } },
{ "type": "Feature", "properties": { "visible_points": 0, "total_points": 116, "visibility_pct": 0.0 }, "geometry": { "type": "Point", "coordinates": [ 1.284461333500154, 51.12956701747725 ] } },
{ "type": "Feature", "properties": { "visible_points": 0, "total_points": 116, "visibility_pct": 0.0 }, "geometry": { "type": "Point", "coordinates": [ 1.284659023287421, 51.129561462698412 ] } },
{ "type": "Feature", "properties": { "visible_points": 0, "total_points": 115, "visibility_pct": 0.0 }, "geometry": { "type": "Point", "coordinates": [ 1.284856713010495, 51.129555907584937 ] } },
{ "type": "Feature", "properties": { "visible_points": 0, "total_points": 115, "visibility_pct": 0.0 }, "geometry": { "type": "Point", "coordinates": [ 1.285054402669366, 51.129550352136853 ] } },
{ "type": "Feature", "properties": { "visible_points": 0, "total_points": 115, "visibility_pct": 0.0 }, "geometry": { "type": "Point", "coordinates": [ 1.285252092264037, 51.129544796354097 ] } },
{ "type": "Feature", "properties": { "visible_points": 0, "total_points": 114, "visibility_pct": 0.0 }, "geometry": { "type": "Point", "coordinates": [ 1.285449781794493, 51.129539240236724 ] } },
{ "type": "Feature", "properties": { "visible_points": 0, "total_points": 111, "visibility_pct": 0.0 }, "geometry": { "type": "Point", "coordinates": [ 1.285647471260748, 51.129533683784757 ] } },
{ "type": "Feature", "properties": { "visible_points": 0, "total_points": 108, "visibility_pct": 0.0 }, "geometry": { "type": "Point", "coordinates": [ 1.285845160662775, 51.129528126998139 ] } },
{ "type": "Feature", "properties": { "visible_points": 0, "total_points": 108, "visibility_pct": 0.0 }, "geometry": { "type": "Point", "coordinates": [ 1.286042850000594, 51.129522569876862 ] } },
{ "type": "Feature", "properties": { "visible_points": 0, "total_points": 109, "visibility_pct": 0.0 }, "geometry": { "type": "Point", "coordinates": [ 1.286240539274181, 51.129517012420969 ] } },
{ "type": "Feature", "properties": { "visible_points": 0, "total_points": 110, "visibility_pct": 0.0 }, "geometry": { "type": "Point", "coordinates": [ 1.286438228483549, 51.129511454630453 ] } },
{ "type": "Feature", "properties": { "visible_points": 2, "total_points": 111, "visibility_pct": 1.8018018018018018 }, "geometry": { "type": "Point", "coordinates": [ 1.28663591762868, 51.1295058965053 ] } },
{ "type": "Feature", "properties": { "visible_points": 2, "total_points": 112, "visibility_pct": 1.7857142857142856 }, "geometry": { "type": "Point", "coordinates": [ 1.286833606709578, 51.129500338045531 ] } },
{ "type": "Feature", "properties": { "visible_points": 1, "total_points": 114, "visibility_pct": 0.8771929824561403 }, "geometry": { "type": "Point", "coordinates": [ 1.287031295726242, 51.129494779251139 ] } },
{ "type": "Feature", "properties": { "visible_points": 2, "total_points": 115, "visibility_pct": 1.7391304347826086 }, "geometry": { "type": "Point", "coordinates": [ 1.287228984678657, 51.129489220122075 ] } },
{ "type": "Feature", "properties": { "visible_points": 1, "total_points": 117, "visibility_pct": 0.85470085470085477 }, "geometry": { "type": "Point", "coordinates": [ 1.287426673566825, 51.129483660658408 ] } },
{ "type": "Feature", "properties": { "visible_points": 0, "total_points": 119, "visibility_pct": 0.0 }, "geometry": { "type": "Point", "coordinates": [ 1.28762436239075, 51.129478100860112 ] } },
{ "type": "Feature", "properties": { "visible_points": 0, "total_points": 120, "visibility_pct": 0.0 }, "geometry": { "type": "Point", "coordinates": [ 1.287822051150416, 51.129472540727193 ] } },
{ "type": "Feature", "properties": { "visible_points": 0, "total_points": 120, "visibility_pct": 0.0 }, "geometry": { "type": "Point", "coordinates": [ 1.288019739845823, 51.129466980259629 ] } },
{ "type": "Feature", "properties": { "visible_points": 0, "total_points": 120, "visibility_pct": 0.0 }, "geometry": { "type": "Point", "coordinates": [ 1.288217428476969, 51.129461419457435 ] } },
{ "type": "Feature", "properties": { "visible_points": 0, "total_points": 120, "visibility_pct": 0.0 }, "geometry": { "type": "Point", "coordinates": [ 1.288415117043854, 51.129455858320625 ] } },
{ "type": "Feature", "properties": { "visible_points": 0, "total_points": 120, "visibility_pct": 0.0 }, "geometry": { "type": "Point", "coordinates": [ 1.288612805546462, 51.129450296849207 ] } },
{ "type": "Feature", "properties": { "visible_points": 1, "total_points": 120, "visibility_pct": 0.83333333333333337 }, "geometry": { "type": "Point", "coordinates": [ 1.2888104939848, 51.129444735043116 ] } },
{ "type": "Feature", "properties": { "visible_points": 1, "total_points": 120, "visibility_pct": 0.83333333333333337 }, "geometry": { "type": "Point", "coordinates": [ 1.289008182358863, 51.129439172902408 ] } },
{ "type": "Feature", "properties": { "visible_points": 1, "total_points": 120, "visibility_pct": 0.83333333333333337 }, "geometry": { "type": "Point", "coordinates": [ 1.289205870668644, 51.129433610427093 ] } },
{ "type": "Feature", "properties": { "visible_points": 0, "total_points": 120, "visibility_pct": 0.0 }, "geometry": { "type": "Point", "coordinates": [ 1.289403558914135, 51.129428047617147 ] } },
{ "type": "Feature", "properties": { "visible_points": 2, "total_points": 119, "visibility_pct": 1.680672268907563 }, "geometry": { "type": "Point", "coordinates": [ 1.289601247095344, 51.129422484472549 ] } },
{ "type": "Feature", "properties": { "visible_points": 2, "total_points": 115, "visibility_pct": 1.7391304347826086 }, "geometry": { "type": "Point", "coordinates": [ 1.289798935212257, 51.129416920993343 ] } },
{ "type": "Feature", "properties": { "visible_points": 8, "total_points": 110, "visibility_pct": 7.2727272727272725 }, "geometry": { "type": "Point", "coordinates": [ 1.289996623264874, 51.129411357179507 ] } },
{ "type": "Feature", "properties": { "visible_points": 9, "total_points": 104, "visibility_pct": 8.6538461538461533 }, "geometry": { "type": "Point", "coordinates": [ 1.290194311253189, 51.129405793031047 ] } },
{ "type": "Feature", "properties": { "visible_points": 11, "total_points": 97, "visibility_pct": 11.340206185567011 }, "geometry": { "type": "Point", "coordinates": [ 1.290391999177197, 51.129400228547951 ] } },
{ "type": "Feature", "properties": { "visible_points": 8, "total_points": 89, "visibility_pct": 8.9887640449438209 }, "geometry": { "type": "Point", "coordinates": [ 1.290589687036905, 51.129394663730217 ] } },
{ "type": "Feature", "properties": { "visible_points": 3, "total_points": 82, "visibility_pct": 3.6585365853658534 }, "geometry": { "type": "Point", "coordinates": [ 1.290787374832297, 51.129389098577875 ] } },
{ "type": "Feature", "properties": { "visible_points": 1, "total_points": 70, "visibility_pct": 1.4285714285714286 }, "geometry": { "type": "Point", "coordinates": [ 1.281009387424733, 51.12977189883501 ] } },
{ "type": "Feature", "properties": { "visible_points": 0, "total_points": 78, "visibility_pct": 0.0 }, "geometry": { "type": "Point", "coordinates": [ 1.281207080085196, 51.129766350414613 ] } },
{ "type": "Feature", "properties": { "visible_points": 0, "total_points": 85, "visibility_pct": 0.0 }, "geometry": { "type": "Point", "coordinates": [ 1.281404772681263, 51.129760801659152 ] } },
{ "type": "Feature", "properties": { "visible_points": 0, "total_points": 90, "visibility_pct": 0.0 }, "geometry": { "type": "Point", "coordinates": [ 1.281602464967421, 51.129755252520489 ] } },
{ "type": "Feature", "properties": { "visible_points": 0, "total_points": 93, "visibility_pct": 0.0 }, "geometry": { "type": "Point", "coordinates": [ 1.281800156485082, 51.129749702662835 ] } },
{ "type": "Feature", "properties": { "visible_points": 0, "total_points": 92, "visibility_pct": 0.0 }, "geometry": { "type": "Point", "coordinates": [ 1.28199784760923, 51.129744152388646 ] } },
{ "type": "Feature", "properties": { "visible_points": 0, "total_points": 89, "visibility_pct": 0.0 }, "geometry": { "type": "Point", "coordinates": [ 1.282195538669231, 51.129738601779799 ] } },
{ "type": "Feature", "properties": { "visible_points": 0, "total_points": 86, "visibility_pct": 0.0 }, "geometry": { "type": "Point", "coordinates": [ 1.282393229665086, 51.129733050836336 ] } },
{ "type": "Feature", "properties": { "visible_points": 0, "total_points": 85, "visibility_pct": 0.0 }, "geometry": { "type": "Point", "coordinates": [ 1.282590920596786, 51.129727499558221 ] } },
{ "type": "Feature", "properties": { "visible_points": 0, "total_points": 86, "visibility_pct": 0.0 }, "geometry": { "type": "Point", "coordinates": [ 1.282788611464334, 51.129721947945477 ] } },
{ "type": "Feature", "properties": { "visible_points": 0, "total_points": 105, "visibility_pct": 0.0 }, "geometry": { "type": "Point", "coordinates": [ 1.283974755322113, 51.129688631241677 ] } },
{ "type": "Feature", "properties": { "visible_points": 0, "total_points": 108, "visibility_pct": 0.0 }, "geometry": { "type": "Point", "coordinates": [ 1.284172445740458, 51.129683077286494 ] } },
{ "type": "Feature", "properties": { "visible_points": 0, "total_points": 110, "visibility_pct": 0.0 }, "geometry": { "type": "Point", "coordinates": [ 1.284370136094618, 51.12967752299668 ] } },
{ "type": "Feature", "properties": { "visible_points": 0, "total_points": 110, "visibility_pct": 0.0 }, "geometry": { "type": "Point", "coordinates": [ 1.28456782638458, 51.129671968372229 ] } },
{ "type": "Feature", "properties": { "visible_points": 0, "total_points": 109, "visibility_pct": 0.0 }, "geometry": { "type": "Point", "coordinates": [ 1.284765516610356, 51.12966641341314 ] } },
{ "type": "Feature", "properties": { "visible_points": 0, "total_points": 108, "visibility_pct": 0.0 }, "geometry": { "type": "Point", "coordinates": [ 1.284963206771927, 51.129660858119429 ] } },
{ "type": "Feature", "properties": { "visible_points": 0, "total_points": 107, "visibility_pct": 0.0 }, "geometry": { "type": "Point", "coordinates": [ 1.2851608968693, 51.129655302491052 ] } },
{ "type": "Feature", "properties": { "visible_points": 0, "total_points": 106, "visibility_pct": 0.0 }, "geometry": { "type": "Point", "coordinates": [ 1.285358586902466, 51.129649746528095 ] } },
{ "type": "Feature", "properties": { "visible_points": 0, "total_points": 103, "visibility_pct": 0.0 }, "geometry": { "type": "Point", "coordinates": [ 1.285556276871421, 51.129644190230472 ] } },
{ "type": "Feature", "properties": { "visible_points": 0, "total_points": 100, "visibility_pct": 0.0 }, "geometry": { "type": "Point", "coordinates": [ 1.285753966776159, 51.129638633598233 ] } },
{ "type": "Feature", "properties": { "visible_points": 0, "total_points": 101, "visibility_pct": 0.0 }, "geometry": { "type": "Point", "coordinates": [ 1.285951656616685, 51.129633076631336 ] } },
{ "type": "Feature", "properties": { "visible_points": 0, "total_points": 103, "visibility_pct": 0.0 }, "geometry": { "type": "Point", "coordinates": [ 1.286149346392985, 51.129627519329837 ] } },
{ "type": "Feature", "properties": { "visible_points": 0, "total_points": 115, "visibility_pct": 0.0 }, "geometry": { "type": "Point", "coordinates": [ 1.287335483701918, 51.129594168493483 ] } },
{ "type": "Feature", "properties": { "visible_points": 0, "total_points": 117, "visibility_pct": 0.0 }, "geometry": { "type": "Point", "coordinates": [ 1.287533173028562, 51.129588608849545 ] } },
{ "type": "Feature", "properties": { "visible_points": 0, "total_points": 119, "visibility_pct": 0.0 }, "geometry": { "type": "Point", "coordinates": [ 1.287730862290947, 51.129583048870991 ] } },
{ "type": "Feature", "properties": { "visible_points": 0, "total_points": 120, "visibility_pct": 0.0 }, "geometry": { "type": "Point", "coordinates": [ 1.287928551489079, 51.129577488557786 ] } },
{ "type": "Feature", "properties": { "visible_points": 1, "total_points": 120, "visibility_pct": 0.83333333333333337 }, "geometry": { "type": "Point", "coordinates": [ 1.288126240622951, 51.12957192790995 ] } },
{ "type": "Feature", "properties": { "visible_points": 1, "total_points": 120, "visibility_pct": 0.83333333333333337 }, "geometry": { "type": "Point", "coordinates": [ 1.288323929692551, 51.129566366927506 ] } },
{ "type": "Feature", "properties": { "visible_points": 0, "total_points": 120, "visibility_pct": 0.0 }, "geometry": { "type": "Point", "coordinates": [ 1.288521618697896, 51.129560805610424 ] } },
{ "type": "Feature", "properties": { "visible_points": 0, "total_points": 120, "visibility_pct": 0.0 }, "geometry": { "type": "Point", "coordinates": [ 1.288719307638963, 51.129555243958706 ] } },
{ "type": "Feature", "properties": { "visible_points": 0, "total_points": 120, "visibility_pct": 0.0 }, "geometry": { "type": "Point", "coordinates": [ 1.288916996515753, 51.129549681972364 ] } },
{ "type": "Feature", "properties": { "visible_points": 1, "total_points": 120, "visibility_pct": 0.83333333333333337 }, "geometry": { "type": "Point", "coordinates": [ 1.289114685328264, 51.129544119651392 ] } },
{ "type": "Feature", "properties": { "visible_points": 1, "total_points": 120, "visibility_pct": 0.83333333333333337 }, "geometry": { "type": "Point", "coordinates": [ 1.289312374076491, 51.12953855699579 ] } },
{ "type": "Feature", "properties": { "visible_points": 0, "total_points": 120, "visibility_pct": 0.0 }, "geometry": { "type": "Point", "coordinates": [ 1.28951006276043, 51.129532994005572 ] } },
{ "type": "Feature", "properties": { "visible_points": 1, "total_points": 120, "visibility_pct": 0.83333333333333337 }, "geometry": { "type": "Point", "coordinates": [ 1.289707751380081, 51.129527430680696 ] } },
{ "type": "Feature", "properties": { "visible_points": 0, "total_points": 117, "visibility_pct": 0.0 }, "geometry": { "type": "Point", "coordinates": [ 1.289905439935433, 51.129521867021211 ] } },
{ "type": "Feature", "properties": { "visible_points": 8, "total_points": 113, "visibility_pct": 7.0796460176991154 }, "geometry": { "type": "Point", "coordinates": [ 1.290103128426486, 51.129516303027096 ] } },
{ "type": "Feature", "properties": { "visible_points": 10, "total_points": 107, "visibility_pct": 9.3457943925233646 }, "geometry": { "type": "Point", "coordinates": [ 1.290300816853239, 51.129510738698336 ] } },
{ "type": "Feature", "properties": { "visible_points": 11, "total_points": 101, "visibility_pct": 10.891089108910892 }, "geometry": { "type": "Point", "coordinates": [ 1.290498505215684, 51.129505174034961 ] } },
{ "type": "Feature", "properties": { "visible_points": 8, "total_points": 94, "visibility_pct": 8.5106382978723403 }, "geometry": { "type": "Point", "coordinates": [ 1.290696193513814, 51.129499609036962 ] } },
{ "type": "Feature", "properties": { "visible_points": 0, "total_points": 87, "visibility_pct": 0.0 }, "geometry": { "type": "Point", "coordinates": [ 1.29089388174764, 51.129494043704327 ] } },
{ "type": "Feature", "properties": { "visible_points": 2, "total_points": 80, "visibility_pct": 2.5 }, "geometry": { "type": "Point", "coordinates": [ 1.291091569917137, 51.129488478037075 ] } },
{ "type": "Feature", "properties": { "visible_points": 0, "total_points": 65, "visibility_pct": 0.0 }, "geometry": { "type": "Point", "coordinates": [ 1.28111587360142, 51.129876853142747 ] } },
{ "type": "Feature", "properties": { "visible_points": 0, "total_points": 72, "visibility_pct": 0.0 }, "geometry": { "type": "Point", "coordinates": [ 1.281313566702804, 51.129871304546 ] } },
{ "type": "Feature", "properties": { "visible_points": 0, "total_points": 77, "visibility_pct": 0.0 }, "geometry": { "type": "Point", "coordinates": [ 1.281511259739797, 51.129865755614198 ] } },
{ "type": "Feature", "properties": { "visible_points": 0, "total_points": 80, "visibility_pct": 0.0 }, "geometry": { "type": "Point", "coordinates": [ 1.281708952088499, 51.129860206097426 ] } },
{ "type": "Feature", "properties": { "visible_points": 0, "total_points": 82, "visibility_pct": 0.0 }, "geometry": { "type": "Point", "coordinates": [ 1.281906643732889, 51.129854655982442 ] } },
{ "type": "Feature", "properties": { "visible_points": 1, "total_points": 80, "visibility_pct": 1.25 }, "geometry": { "type": "Point", "coordinates": [ 1.282104335295577, 51.129849105527995 ] } },
{ "type": "Feature", "properties": { "visible_points": 2, "total_points": 93, "visibility_pct": 2.1505376344086025 }, "geometry": { "type": "Point", "coordinates": [ 1.283883556472679, 51.129799136379432 ] } },
{ "type": "Feature", "properties": { "visible_points": 0, "total_points": 96, "visibility_pct": 0.0 }, "geometry": { "type": "Point", "coordinates": [ 1.284081247393724, 51.129793582578635 ] } },
{ "type": "Feature", "properties": { "visible_points": 0, "total_points": 99, "visibility_pct": 0.0 }, "geometry": { "type": "Point", "coordinates": [ 1.284278938250585, 51.129788028443208 ] } },
{ "type": "Feature", "properties": { "visible_points": 0, "total_points": 102, "visibility_pct": 0.0 }, "geometry": { "type": "Point", "coordinates": [ 1.284476629043251, 51.129782473973151 ] } },
{ "type": "Feature", "properties": { "visible_points": 0, "total_points": 103, "visibility_pct": 0.0 }, "geometry": { "type": "Point", "coordinates": [ 1.284674319771726, 51.129776919168449 ] } },
{ "type": "Feature", "properties": { "visible_points": 0, "total_points": 101, "visibility_pct": 0.0 }, "geometry": { "type": "Point", "coordinates": [ 1.284872010436002, 51.129771364029118 ] } },
{ "type": "Feature", "properties": { "visible_points": 0, "total_points": 99, "visibility_pct": 0.0 }, "geometry": { "type": "Point", "coordinates": [ 1.28506970103608, 51.129765808555142 ] } },
{ "type": "Feature", "properties": { "visible_points": 0, "total_points": 97, "visibility_pct": 0.0 }, "geometry": { "type": "Point", "coordinates": [ 1.28526739157195, 51.129760252746536 ] } },
{ "type": "Feature", "properties": { "visible_points": 0, "total_points": 94, "visibility_pct": 0.0 }, "geometry": { "type": "Point", "coordinates": [ 1.285465082043617, 51.129754696603307 ] } },
{ "type": "Feature", "properties": { "visible_points": 0, "total_points": 91, "visibility_pct": 0.0 }, "geometry": { "type": "Point", "coordinates": [ 1.285662772451063, 51.129749140125433 ] } },
{ "type": "Feature", "properties": { "visible_points": 0, "total_points": 93, "visibility_pct": 0.0 }, "geometry": { "type": "Point", "coordinates": [ 1.285860462794302, 51.12974358331293 ] } },
{ "type": "Feature", "properties": { "visible_points": 0, "total_points": 95, "visibility_pct": 0.0 }, "geometry": { "type": "Point", "coordinates": [ 1.286058153073313, 51.129738026165789 ] } },
{ "type": "Feature", "properties": { "visible_points": 3, "total_points": 114, "visibility_pct": 2.6315789473684208 }, "geometry": { "type": "Point", "coordinates": [ 1.287441983227911, 51.129699116766112 ] } },
{ "type": "Feature", "properties": { "visible_points": 2, "total_points": 115, "visibility_pct": 1.7391304347826086 }, "geometry": { "type": "Point", "coordinates": [ 1.287639672993027, 51.129693556941902 ] } },
{ "type": "Feature", "properties": { "visible_points": 4, "total_points": 116, "visibility_pct": 3.4482758620689653 }, "geometry": { "type": "Point", "coordinates": [ 1.287837362693883, 51.129687996783083 ] } },
{ "type": "Feature", "properties": { "visible_points": 3, "total_points": 117, "visibility_pct": 2.5641025641025639 }, "geometry": { "type": "Point", "coordinates": [ 1.288035052330483, 51.129682436289613 ] } },
{ "type": "Feature", "properties": { "visible_points": 0, "total_points": 117, "visibility_pct": 0.0 }, "geometry": { "type": "Point", "coordinates": [ 1.288232741902814, 51.12967687546152 ] } },
{ "type": "Feature", "properties": { "visible_points": 1, "total_points": 118, "visibility_pct": 0.84745762711864403 }, "geometry": { "type": "Point", "coordinates": [ 1.288430431410883, 51.12967131429879 ] } },
{ "type": "Feature", "properties": { "visible_points": 0, "total_points": 119, "visibility_pct": 0.0 }, "geometry": { "type": "Point", "coordinates": [ 1.288628120854679, 51.129665752801436 ] } },
{ "type": "Feature", "properties": { "visible_points": 0, "total_points": 120, "visibility_pct": 0.0 }, "geometry": { "type": "Point", "coordinates": [ 1.288825810234205, 51.129660190969453 ] } },
{ "type": "Feature", "properties": { "visible_points": 1, "total_points": 120, "visibility_pct": 0.83333333333333337 }, "geometry": { "type": "Point", "coordinates": [ 1.289023499549445, 51.12965462880284 ] } },
{ "type": "Feature", "properties": { "visible_points": 2, "total_points": 120, "visibility_pct": 1.6666666666666667 }, "geometry": { "type": "Point", "coordinates": [ 1.289221188800411, 51.129649066301596 ] } },
{ "type": "Feature", "properties": { "visible_points": 0, "total_points": 120, "visibility_pct": 0.0 }, "geometry": { "type": "Point", "coordinates": [ 1.289418877987087, 51.129643503465701 ] } },
{ "type": "Feature", "properties": { "visible_points": 2, "total_points": 120, "visibility_pct": 1.6666666666666667 }, "geometry": { "type": "Point", "coordinates": [ 1.289616567109476, 51.129637940295197 ] } },
{ "type": "Feature", "properties": { "visible_points": 0, "total_points": 120, "visibility_pct": 0.0 }, "geometry": { "type": "Point", "coordinates": [ 1.289814256167565, 51.129632376790049 ] } },
{ "type": "Feature", "properties": { "visible_points": 0, "total_points": 119, "visibility_pct": 0.0 }, "geometry": { "type": "Point", "coordinates": [ 1.290011945161361, 51.129626812950285 ] } },
{ "type": "Feature", "properties": { "visible_points": 0, "total_points": 116, "visibility_pct": 0.0 }, "geometry": { "type": "Point", "coordinates": [ 1.290209634090855, 51.129621248775884 ] } },
{ "type": "Feature", "properties": { "visible_points": 5, "total_points": 111, "visibility_pct": 4.5045045045045047 }, "geometry": { "type": "Point", "coordinates": [ 1.29040732295604, 51.129615684266867 ] } },
{ "type": "Feature", "properties": { "visible_points": 8, "total_points": 105, "visibility_pct": 7.6190476190476195 }, "geometry": { "type": "Point", "coordinates": [ 1.290605011756922, 51.129610119423191 ] } },
{ "type": "Feature", "properties": { "visible_points": 6, "total_points": 99, "visibility_pct": 6.0606060606060606 }, "geometry": { "type": "Point", "coordinates": [ 1.290802700493487, 51.129604554244899 ] } },
{ "type": "Feature", "properties": { "visible_points": 7, "total_points": 92, "visibility_pct": 7.608695652173914 }, "geometry": { "type": "Point", "coordinates": [ 1.291000389165736, 51.129598988731992 ] } },
{ "type": "Feature", "properties": { "visible_points": 6, "total_points": 85, "visibility_pct": 7.0588235294117645 }, "geometry": { "type": "Point", "coordinates": [ 1.291198077773663, 51.129593422884454 ] } },
{ "type": "Feature", "properties": { "visible_points": 0, "total_points": 59, "visibility_pct": 0.0 }, "geometry": { "type": "Point", "coordinates": [ 1.281222360283431, 51.129981807356046 ] } },
{ "type": "Feature", "properties": { "visible_points": 0, "total_points": 64, "visibility_pct": 0.0 }, "geometry": { "type": "Point", "coordinates": [ 1.281420053825742, 51.129976258582957 ] } },
{ "type": "Feature", "properties": { "visible_points": 0, "total_points": 84, "visibility_pct": 0.0 }, "geometry": { "type": "Point", "coordinates": [ 1.283990048608487, 51.12990408779789 ] } },
{ "type": "Feature", "properties": { "visible_points": 0, "total_points": 87, "visibility_pct": 0.0 }, "geometry": { "type": "Point", "coordinates": [ 1.284187739968049, 51.129898533816849 ] } },
{ "type": "Feature", "properties": { "visible_points": 0, "total_points": 90, "visibility_pct": 0.0 }, "geometry": { "type": "Point", "coordinates": [ 1.284385431263421, 51.129892979501172 ] } },
{ "type": "Feature", "properties": { "visible_points": 0, "total_points": 93, "visibility_pct": 0.0 }, "geometry": { "type": "Point", "coordinates": [ 1.284583122494602, 51.129887424850864 ] } },
{ "type": "Feature", "properties": { "visible_points": 0, "total_points": 93, "visibility_pct": 0.0 }, "geometry": { "type": "Point", "coordinates": [ 1.284780813661585, 51.129881869865919 ] } },
{ "type": "Feature", "properties": { "visible_points": 0, "total_points": 91, "visibility_pct": 0.0 }, "geometry": { "type": "Point", "coordinates": [ 1.284978504764369, 51.12987631454633 ] } },
{ "type": "Feature", "properties": { "visible_points": 0, "total_points": 88, "visibility_pct": 0.0 }, "geometry": { "type": "Point", "coordinates": [ 1.285176195802952, 51.129870758892103 ] } },
{ "type": "Feature", "properties": { "visible_points": 0, "total_points": 85, "visibility_pct": 0.0 }, "geometry": { "type": "Point", "coordinates": [ 1.285373886777325, 51.129865202903254 ] } },
{ "type": "Feature", "properties": { "visible_points": 0, "total_points": 82, "visibility_pct": 0.0 }, "geometry": { "type": "Point", "coordinates": [ 1.285571577687489, 51.129859646579767 ] } },
{ "type": "Feature", "properties": { "visible_points": 0, "total_points": 83, "visibility_pct": 0.0 }, "geometry": { "type": "Point", "coordinates": [ 1.285769268533432, 51.129854089921629 ] } },
{ "type": "Feature", "properties": { "visible_points": 0, "total_points": 86, "visibility_pct": 0.0 }, "geometry": { "type": "Point", "coordinates": [ 1.285966959315164, 51.129848532928875 ] } },
{ "type": "Feature", "properties": { "visible_points": 0, "total_points": 110, "visibility_pct": 0.0 }, "geometry": { "type": "Point", "coordinates": [ 1.287350792988811, 51.129809624609791 ] } },
{ "type": "Feature", "properties": { "visible_points": 0, "total_points": 110, "visibility_pct": 0.0 }, "geometry": { "type": "Point", "coordinates": [ 1.287548483256648, 51.129804064939954 ] } },
{ "type": "Feature", "properties": { "visible_points": 1, "total_points": 112, "visibility_pct": 0.89285714285714279 }, "geometry": { "type": "Point", "coordinates": [ 1.28774617346023, 51.129798504935479 ] } },
{ "type": "Feature", "properties": { "visible_points": 0, "total_points": 113, "visibility_pct": 0.0 }, "geometry": { "type": "Point", "coordinates": [ 1.28794386359956, 51.129792944596396 ] } },
{ "type": "Feature", "properties": { "visible_points": 0, "total_points": 113, "visibility_pct": 0.0 }, "geometry": { "type": "Point", "coordinates": [ 1.288141553674623, 51.129787383922654 ] } },
{ "type": "Feature", "properties": { "visible_points": 1, "total_points": 114, "visibility_pct": 0.8771929824561403 }, "geometry": { "type": "Point", "coordinates": [ 1.288339243685425, 51.129781822914289 ] } },
{ "type": "Feature", "properties": { "visible_points": 1, "total_points": 115, "visibility_pct": 0.86956521739130432 }, "geometry": { "type": "Point", "coordinates": [ 1.288536933631952, 51.129776261571301 ] } },
{ "type": "Feature", "properties": { "visible_points": 0, "total_points": 117, "visibility_pct": 0.0 }, "geometry": { "type": "Point", "coordinates": [ 1.288734623514211, 51.129770699893662 ] } },
{ "type": "Feature", "properties": { "visible_points": 0, "total_points": 119, "visibility_pct": 0.0 }, "geometry": { "type": "Point", "coordinates": [ 1.288932313332192, 51.129765137881392 ] } },
{ "type": "Feature", "properties": { "visible_points": 1, "total_points": 120, "visibility_pct": 0.83333333333333337 }, "geometry": { "type": "Point", "coordinates": [ 1.289130003085888, 51.129759575534514 ] } },
{ "type": "Feature", "properties": { "visible_points": 1, "total_points": 120, "visibility_pct": 0.83333333333333337 }, "geometry": { "type": "Point", "coordinates": [ 1.289327692775311, 51.129754012852985 ] } },
{ "type": "Feature", "properties": { "visible_points": 0, "total_points": 120, "visibility_pct": 0.0 }, "geometry": { "type": "Point", "coordinates": [ 1.289525382400433, 51.129748449836832 ] } },
{ "type": "Feature", "properties": { "visible_points": 1, "total_points": 120, "visibility_pct": 0.83333333333333337 }, "geometry": { "type": "Point", "coordinates": [ 1.289723071961268, 51.129742886486042 ] } },
{ "type": "Feature", "properties": { "visible_points": 0, "total_points": 120, "visibility_pct": 0.0 }, "geometry": { "type": "Point", "coordinates": [ 1.289920761457803, 51.129737322800608 ] } },
{ "type": "Feature", "properties": { "visible_points": 0, "total_points": 120, "visibility_pct": 0.0 }, "geometry": { "type": "Point", "coordinates": [ 1.290118450890044, 51.129731758780565 ] } },
{ "type": "Feature", "properties": { "visible_points": 0, "total_points": 118, "visibility_pct": 0.0 }, "geometry": { "type": "Point", "coordinates": [ 1.290316140257979, 51.129726194425878 ] } },
{ "type": "Feature", "properties": { "visible_points": 0, "total_points": 114, "visibility_pct": 0.0 }, "geometry": { "type": "Point", "coordinates": [ 1.290513829561601, 51.129720629736561 ] } },
{ "type": "Feature", "properties": { "visible_points": 7, "total_points": 109, "visibility_pct": 6.4220183486238538 }, "geometry": { "type": "Point", "coordinates": [ 1.290711518800919, 51.12971506471262 ] } },
{ "type": "Feature", "properties": { "visible_points": 12, "total_points": 103, "visibility_pct": 11.650485436893204 }, "geometry": { "type": "Point", "coordinates": [ 1.290909207975916, 51.129709499354036 ] } },
{ "type": "Feature", "properties": { "visible_points": 7, "total_points": 97, "visibility_pct": 7.216494845360824 }, "geometry": { "type": "Point", "coordinates": [ 1.291106897086599, 51.129703933660849 ] } },
{ "type": "Feature", "properties": { "visible_points": 4, "total_points": 91, "visibility_pct": 4.395604395604396 }, "geometry": { "type": "Point", "coordinates": [ 1.291304586132952, 51.129698367632997 ] } },
{ "type": "Feature", "properties": { "visible_points": 1, "total_points": 84, "visibility_pct": 1.1904761904761905 }, "geometry": { "type": "Point", "coordinates": [ 1.291502275114983, 51.129692801270544 ] } },
{ "type": "Feature", "properties": { "visible_points": 8, "total_points": 71, "visibility_pct": 11.267605633802818 }, "geometry": { "type": "Point", "coordinates": [ 1.283898849384747, 51.130014592944228 ] } },
{ "type": "Feature", "properties": { "visible_points": 0, "total_points": 74, "visibility_pct": 0.0 }, "geometry": { "type": "Point", "coordinates": [ 1.284096541247015, 51.130009039117603 ] } },
{ "type": "Feature", "properties": { "visible_points": 0, "total_points": 77, "visibility_pct": 0.0 }, "geometry": { "type": "Point", "coordinates": [ 1.284294233045091, 51.130003484956298 ] } },
{ "type": "Feature", "properties": { "visible_points": 0, "total_points": 80, "visibility_pct": 0.0 }, "geometry": { "type": "Point", "coordinates": [ 1.284491924778979, 51.129997930460384 ] } },
{ "type": "Feature", "properties": { "visible_points": 0, "total_points": 84, "visibility_pct": 0.0 }, "geometry": { "type": "Point", "coordinates": [ 1.284689616448672, 51.129992375629818 ] } },
{ "type": "Feature", "properties": { "visible_points": 1, "total_points": 102, "visibility_pct": 0.98039215686274506 }, "geometry": { "type": "Point", "coordinates": [ 1.287259602311239, 51.129920132380597 ] } },
{ "type": "Feature", "properties": { "visible_points": 5, "total_points": 105, "visibility_pct": 4.7619047619047619 }, "geometry": { "type": "Point", "coordinates": [ 1.287457293081808, 51.129914572865133 ] } },
{ "type": "Feature", "properties": { "visible_points": 0, "total_points": 106, "visibility_pct": 0.0 }, "geometry": { "type": "Point", "coordinates": [ 1.287654983788121, 51.129909013015023 ] } },
{ "type": "Feature", "properties": { "visible_points": 0, "total_points": 108, "visibility_pct": 0.0 }, "geometry": { "type": "Point", "coordinates": [ 1.287852674430177, 51.129903452830298 ] } },
{ "type": "Feature", "properties": { "visible_points": 0, "total_points": 108, "visibility_pct": 0.0 }, "geometry": { "type": "Point", "coordinates": [ 1.288050365007977, 51.129897892310922 ] } },
{ "type": "Feature", "properties": { "visible_points": 0, "total_points": 108, "visibility_pct": 0.0 }, "geometry": { "type": "Point", "coordinates": [ 1.288248055521511, 51.129892331456915 ] } },
{ "type": "Feature", "properties": { "visible_points": 0, "total_points": 108, "visibility_pct": 0.0 }, "geometry": { "type": "Point", "coordinates": [ 1.288445745970775, 51.129886770268278 ] } },
{ "type": "Feature", "properties": { "visible_points": 0, "total_points": 110, "visibility_pct": 0.0 }, "geometry": { "type": "Point", "coordinates": [ 1.288643436355773, 51.129881208745005 ] } },
{ "type": "Feature", "properties": { "visible_points": 0, "total_points": 112, "visibility_pct": 0.0 }, "geometry": { "type": "Point", "coordinates": [ 1.28884112667649, 51.129875646887115 ] } },
{ "type": "Feature", "properties": { "visible_points": 1, "total_points": 114, "visibility_pct": 0.8771929824561403 }, "geometry": { "type": "Point", "coordinates": [ 1.28903881693293, 51.129870084694566 ] } },
{ "type": "Feature", "properties": { "visible_points": 4, "total_points": 116, "visibility_pct": 3.4482758620689653 }, "geometry": { "type": "Point", "coordinates": [ 1.289236507125089, 51.129864522167402 ] } },
{ "type": "Feature", "properties": { "visible_points": 2, "total_points": 117, "visibility_pct": 1.7094017094017095 }, "geometry": { "type": "Point", "coordinates": [ 1.289434197252957, 51.129858959305587 ] } },
{ "type": "Feature", "properties": { "visible_points": 0, "total_points": 117, "visibility_pct": 0.0 }, "geometry": { "type": "Point", "coordinates": [ 1.289631887316535, 51.129853396109155 ] } },
{ "type": "Feature", "properties": { "visible_points": 0, "total_points": 118, "visibility_pct": 0.0 }, "geometry": { "type": "Point", "coordinates": [ 1.289829577315818, 51.129847832578101 ] } },
{ "type": "Feature", "properties": { "visible_points": 0, "total_points": 119, "visibility_pct": 0.0 }, "geometry": { "type": "Point", "coordinates": [ 1.290027267250802, 51.129842268712387 ] } },
{ "type": "Feature", "properties": { "visible_points": 0, "total_points": 120, "visibility_pct": 0.0 }, "geometry": { "type": "Point", "coordinates": [ 1.290224957121486, 51.129836704512044 ] } },
{ "type": "Feature", "properties": { "visible_points": 0, "total_points": 120, "visibility_pct": 0.0 }, "geometry": { "type": "Point", "coordinates": [ 1.290422646927863, 51.129831139977085 ] } },
{ "type": "Feature", "properties": { "visible_points": 5, "total_points": 117, "visibility_pct": 4.2735042735042734 }, "geometry": { "type": "Point", "coordinates": [ 1.290620336669923, 51.129825575107482 ] } },
{ "type": "Feature", "properties": { "visible_points": 2, "total_points": 113, "visibility_pct": 1.7699115044247788 }, "geometry": { "type": "Point", "coordinates": [ 1.29081802634768, 51.129820009903263 ] } },
{ "type": "Feature", "properties": { "visible_points": 0, "total_points": 108, "visibility_pct": 0.0 }, "geometry": { "type": "Point", "coordinates": [ 1.291015715961113, 51.129814444364399 ] } },
{ "type": "Feature", "properties": { "visible_points": 9, "total_points": 102, "visibility_pct": 8.8235294117647065 }, "geometry": { "type": "Point", "coordinates": [ 1.291213405510226, 51.129808878490905 ] } },
{ "type": "Feature", "properties": { "visible_points": 5, "total_points": 96, "visibility_pct": 5.2083333333333339 }, "geometry": { "type": "Point", "coordinates": [ 1.291411094995009, 51.129803312282782 ] } },
{ "type": "Feature", "properties": { "visible_points": 0, "total_points": 89, "visibility_pct": 0.0 }, "geometry": { "type": "Point", "coordinates": [ 1.291608784415466, 51.129797745740021 ] } },
{ "type": "Feature", "properties": { "visible_points": 0, "total_points": 81, "visibility_pct": 0.0 }, "geometry": { "type": "Point", "coordinates": [ 1.291806473771586, 51.129792178862623 ] } },
{ "type": "Feature", "properties": { "visible_points": 0, "total_points": 61, "visibility_pct": 0.0 }, "geometry": { "type": "Point", "coordinates": [ 1.284005342087468, 51.130119544345433 ] } },
{ "type": "Feature", "properties": { "visible_points": 5, "total_points": 89, "visibility_pct": 5.6179775280898872 }, "geometry": { "type": "Point", "coordinates": [ 1.286970719857657, 51.130036199104985 ] } },
{ "type": "Feature", "properties": { "visible_points": 2, "total_points": 91, "visibility_pct": 2.197802197802198 }, "geometry": { "type": "Point", "coordinates": [ 1.287168411195201, 51.13003064007853 ] } },
{ "type": "Feature", "properties": { "visible_points": 4, "total_points": 94, "visibility_pct": 4.2553191489361701 }, "geometry": { "type": "Point", "coordinates": [ 1.287366102468502, 51.130025080717424 ] } },
{ "type": "Feature", "properties": { "visible_points": 4, "total_points": 98, "visibility_pct": 4.0816326530612246 }, "geometry": { "type": "Point", "coordinates": [ 1.287563793677546, 51.130019521021687 ] } },
{ "type": "Feature", "properties": { "visible_points": 0, "total_points": 101, "visibility_pct": 0.0 }, "geometry": { "type": "Point", "coordinates": [ 1.287761484822341, 51.130013960991327 ] } },
{ "type": "Feature", "properties": { "visible_points": 0, "total_points": 102, "visibility_pct": 0.0 }, "geometry": { "type": "Point", "coordinates": [ 1.287959175902871, 51.130008400626309 ] } },
{ "type": "Feature", "properties": { "visible_points": 1, "total_points": 101, "visibility_pct": 0.99009900990099009 }, "geometry": { "type": "Point", "coordinates": [ 1.288552248758881, 51.129991717523488 ] } },
{ "type": "Feature", "properties": { "visible_points": 0, "total_points": 102, "visibility_pct": 0.0 }, "geometry": { "type": "Point", "coordinates": [ 1.288749939582341, 51.129986155819942 ] } },
{ "type": "Feature", "properties": { "visible_points": 0, "total_points": 104, "visibility_pct": 0.0 }, "geometry": { "type": "Point", "coordinates": [ 1.288947630341526, 51.129980593781767 ] } },
{ "type": "Feature", "properties": { "visible_points": 0, "total_points": 107, "visibility_pct": 0.0 }, "geometry": { "type": "Point", "coordinates": [ 1.289145321036421, 51.129975031408947 ] } },
{ "type": "Feature", "properties": { "visible_points": 3, "total_points": 110, "visibility_pct": 2.7272727272727271 }, "geometry": { "type": "Point", "coordinates": [ 1.289343011667038, 51.12996946870151 ] } },
{ "type": "Feature", "properties": { "visible_points": 3, "total_points": 111, "visibility_pct": 2.7027027027027026 }, "geometry": { "type": "Point", "coordinates": [ 1.289540702233365, 51.129963905659416 ] } },
{ "type": "Feature", "properties": { "visible_points": 0, "total_points": 113, "visibility_pct": 0.0 }, "geometry": { "type": "Point", "coordinates": [ 1.289738392735393, 51.129958342282691 ] } },
{ "type": "Feature", "properties": { "visible_points": 0, "total_points": 114, "visibility_pct": 0.0 }, "geometry": { "type": "Point", "coordinates": [ 1.289936083173129, 51.129952778571344 ] } },
{ "type": "Feature", "properties": { "visible_points": 0, "total_points": 116, "visibility_pct": 0.0 }, "geometry": { "type": "Point", "coordinates": [ 1.290133773546563, 51.129947214525359 ] } },
{ "type": "Feature", "properties": { "visible_points": 1, "total_points": 118, "visibility_pct": 0.84745762711864403 }, "geometry": { "type": "Point", "coordinates": [ 1.290331463855691, 51.129941650144737 ] } },
{ "type": "Feature", "properties": { "visible_points": 4, "total_points": 120, "visibility_pct": 3.3333333333333335 }, "geometry": { "type": "Point", "coordinates": [ 1.29052915410051, 51.129936085429492 ] } },
{ "type": "Feature", "properties": { "visible_points": 0, "total_points": 119, "visibility_pct": 0.0 }, "geometry": { "type": "Point", "coordinates": [ 1.290726844281015, 51.129930520379602 ] } },
{ "type": "Feature", "properties": { "visible_points": 4, "total_points": 116, "visibility_pct": 3.4482758620689653 }, "geometry": { "type": "Point", "coordinates": [ 1.290924534397206, 51.129924954995083 ] } },
{ "type": "Feature", "properties": { "visible_points": 1, "total_points": 112, "visibility_pct": 0.89285714285714279 }, "geometry": { "type": "Point", "coordinates": [ 1.291122224449074, 51.129919389275933 ] } },
{ "type": "Feature", "properties": { "visible_points": 3, "total_points": 107, "visibility_pct": 2.8037383177570092 }, "geometry": { "type": "Point", "coordinates": [ 1.291319914436621, 51.129913823222154 ] } },
{ "type": "Feature", "properties": { "visible_points": 8, "total_points": 101, "visibility_pct": 7.9207920792079207 }, "geometry": { "type": "Point", "coordinates": [ 1.291517604359837, 51.129908256833737 ] } },
{ "type": "Feature", "properties": { "visible_points": 9, "total_points": 93, "visibility_pct": 9.67741935483871 }, "geometry": { "type": "Point", "coordinates": [ 1.291715294218724, 51.12990269011069 ] } },
{ "type": "Feature", "properties": { "visible_points": 2, "total_points": 85, "visibility_pct": 2.3529411764705883 }, "geometry": { "type": "Point", "coordinates": [ 1.291912984013269, 51.129897123053013 ] } },
{ "type": "Feature", "properties": { "visible_points": 1, "total_points": 76, "visibility_pct": 1.3157894736842104 }, "geometry": { "type": "Point", "coordinates": [ 1.29211067374348, 51.129891555660691 ] } },
{ "type": "Feature", "properties": { "visible_points": 10, "total_points": 77, "visibility_pct": 12.987012987012985 }, "geometry": { "type": "Point", "coordinates": [ 1.286879527800419, 51.130146706575673 ] } },
{ "type": "Feature", "properties": { "visible_points": 5, "total_points": 79, "visibility_pct": 6.3291139240506329 }, "geometry": { "type": "Point", "coordinates": [ 1.287077219640692, 51.130141147703561 ] } },
{ "type": "Feature", "properties": { "visible_points": 0, "total_points": 81, "visibility_pct": 0.0 }, "geometry": { "type": "Point", "coordinates": [ 1.287274911416722, 51.130135588496842 ] } },
{ "type": "Feature", "properties": { "visible_points": 6, "total_points": 85, "visibility_pct": 7.0588235294117645 }, "geometry": { "type": "Point", "coordinates": [ 1.287472603128509, 51.130130028955477 ] } },
{ "type": "Feature", "properties": { "visible_points": 0, "total_points": 92, "visibility_pct": 0.0 }, "geometry": { "type": "Point", "coordinates": [ 1.287670294776034, 51.130124469079469 ] } },
{ "type": "Feature", "properties": { "visible_points": 0, "total_points": 92, "visibility_pct": 0.0 }, "geometry": { "type": "Point", "coordinates": [ 1.288658752049741, 51.130096664679918 ] } },
{ "type": "Feature", "properties": { "visible_points": 0, "total_points": 93, "visibility_pct": 0.0 }, "geometry": { "type": "Point", "coordinates": [ 1.288856443311665, 51.130091102796094 ] } },
{ "type": "Feature", "properties": { "visible_points": 0, "total_points": 96, "visibility_pct": 0.0 }, "geometry": { "type": "Point", "coordinates": [ 1.289054134509314, 51.130085540577639 ] } },
{ "type": "Feature", "properties": { "visible_points": 0, "total_points": 99, "visibility_pct": 0.0 }, "geometry": { "type": "Point", "coordinates": [ 1.289251825642677, 51.130079978024533 ] } },
{ "type": "Feature", "properties": { "visible_points": 3, "total_points": 103, "visibility_pct": 2.912621359223301 }, "geometry": { "type": "Point", "coordinates": [ 1.289449516711747, 51.130074415136804 ] } },
{ "type": "Feature", "properties": { "visible_points": 0, "total_points": 105, "visibility_pct": 0.0 }, "geometry": { "type": "Point", "coordinates": [ 1.289647207716532, 51.130068851914444 ] } },
{ "type": "Feature", "properties": { "visible_points": 0, "total_points": 107, "visibility_pct": 0.0 }, "geometry": { "type": "Point", "coordinates": [ 1.289844898657016, 51.130063288357455 ] } },
{ "type": "Feature", "properties": { "visible_points": 3, "total_points": 109, "visibility_pct": 2.7522935779816518 }, "geometry": { "type": "Point", "coordinates": [ 1.290042589533204, 51.130057724465814 ] } },
{ "type": "Feature", "properties": { "visible_points": 5, "total_points": 112, "visibility_pct": 4.4642857142857144 }, "geometry": { "type": "Point", "coordinates": [ 1.290240280345085, 51.130052160239529 ] } },
{ "type": "Feature", "properties": { "visible_points": 8, "total_points": 115, "visibility_pct": 6.9565217391304346 }, "geometry": { "type": "Point", "coordinates": [ 1.290437971092663, 51.130046595678635 ] } },
{ "type": "Feature", "properties": { "visible_points": 1, "total_points": 118, "visibility_pct": 0.84745762711864403 }, "geometry": { "type": "Point", "coordinates": [ 1.290635661775924, 51.130041030783104 ] } },
{ "type": "Feature", "properties": { "visible_points": 8, "total_points": 120, "visibility_pct": 6.666666666666667 }, "geometry": { "type": "Point", "coordinates": [ 1.290833352394872, 51.130035465552922 ] } },
{ "type": "Feature", "properties": { "visible_points": 0, "total_points": 118, "visibility_pct": 0.0 }, "geometry": { "type": "Point", "coordinates": [ 1.291031042949506, 51.130029899988124 ] } },
{ "type": "Feature", "properties": { "visible_points": 0, "total_points": 115, "visibility_pct": 0.0 }, "geometry": { "type": "Point", "coordinates": [ 1.291228733439809, 51.130024334088681 ] } },
{ "type": "Feature", "properties": { "visible_points": 0, "total_points": 111, "visibility_pct": 0.0 }, "geometry": { "type": "Point", "coordinates": [ 1.291426423865789, 51.130018767854608 ] } },
{ "type": "Feature", "properties": { "visible_points": 14, "total_points": 105, "visibility_pct": 13.333333333333334 }, "geometry": { "type": "Point", "coordinates": [ 1.29162411422744, 51.130013201285898 ] } },
{ "type": "Feature", "properties": { "visible_points": 6, "total_points": 97, "visibility_pct": 6.1855670103092786 }, "geometry": { "type": "Point", "coordinates": [ 1.291821804524756, 51.130007634382551 ] } },
{ "type": "Feature", "properties": { "visible_points": 6, "total_points": 89, "visibility_pct": 6.7415730337078648 }, "geometry": { "type": "Point", "coordinates": [ 1.292019494757729, 51.130002067144559 ] } },
{ "type": "Feature", "properties": { "visible_points": 0, "total_points": 81, "visibility_pct": 0.0 }, "geometry": { "type": "Point", "coordinates": [ 1.292217184926363, 51.129996499571959 ] } },
{ "type": "Feature", "properties": { "visible_points": 0, "total_points": 72, "visibility_pct": 0.0 }, "geometry": { "type": "Point", "coordinates": [ 1.292414875030652, 51.129990931664715 ] } },
{ "type": "Feature", "properties": { "visible_points": 8, "total_points": 66, "visibility_pct": 12.121212121212121 }, "geometry": { "type": "Point", "coordinates": [ 1.286986027647714, 51.130251655255726 ] } },
{ "type": "Feature", "properties": { "visible_points": 10, "total_points": 68, "visibility_pct": 14.705882352941178 }, "geometry": { "type": "Point", "coordinates": [ 1.287183719926478, 51.130246096203379 ] } },
{ "type": "Feature", "properties": { "visible_points": 7, "total_points": 72, "visibility_pct": 9.7222222222222232 }, "geometry": { "type": "Point", "coordinates": [ 1.287381412140994, 51.13024053681638 ] } },
{ "type": "Feature", "properties": { "visible_points": 0, "total_points": 79, "visibility_pct": 0.0 }, "geometry": { "type": "Point", "coordinates": [ 1.287579104291263, 51.130234977094744 ] } },
{ "type": "Feature", "properties": { "visible_points": 0, "total_points": 82, "visibility_pct": 0.0 }, "geometry": { "type": "Point", "coordinates": [ 1.288765255843357, 51.130201611737554 ] } },
{ "type": "Feature", "properties": { "visible_points": 0, "total_points": 84, "visibility_pct": 0.0 }, "geometry": { "type": "Point", "coordinates": [ 1.288962947543751, 51.130196049673458 ] } },
{ "type": "Feature", "properties": { "visible_points": 0, "total_points": 87, "visibility_pct": 0.0 }, "geometry": { "type": "Point", "coordinates": [ 1.289160639179864, 51.130190487274703 ] } },
{ "type": "Feature", "properties": { "visible_points": 0, "total_points": 95, "visibility_pct": 0.0 }, "geometry": { "type": "Point", "coordinates": [ 1.289556022259222, 51.130179361473338 ] } },
{ "type": "Feature", "properties": { "visible_points": 0, "total_points": 98, "visibility_pct": 0.0 }, "geometry": { "type": "Point", "coordinates": [ 1.289753713702467, 51.130173798070686 ] } },
{ "type": "Feature", "properties": { "visible_points": 0, "total_points": 101, "visibility_pct": 0.0 }, "geometry": { "type": "Point", "coordinates": [ 1.289951405081405, 51.130168234333404 ] } },
{ "type": "Feature", "properties": { "visible_points": 0, "total_points": 103, "visibility_pct": 0.0 }, "geometry": { "type": "Point", "coordinates": [ 1.290149096396046, 51.130162670261484 ] } },
{ "type": "Feature", "properties": { "visible_points": 8, "total_points": 107, "visibility_pct": 7.4766355140186906 }, "geometry": { "type": "Point", "coordinates": [ 1.290346787646378, 51.130157105854934 ] } },
{ "type": "Feature", "properties": { "visible_points": 8, "total_points": 111, "visibility_pct": 7.2072072072072073 }, "geometry": { "type": "Point", "coordinates": [ 1.290544478832405, 51.130151541113726 ] } },
{ "type": "Feature", "properties": { "visible_points": 7, "total_points": 115, "visibility_pct": 6.0869565217391308 }, "geometry": { "type": "Point", "coordinates": [ 1.290742169954111, 51.130145976037923 ] } },
{ "type": "Feature", "properties": { "visible_points": 11, "total_points": 118, "visibility_pct": 9.3220338983050848 }, "geometry": { "type": "Point", "coordinates": [ 1.290939861011507, 51.130140410627448 ] } },
{ "type": "Feature", "properties": { "visible_points": 8, "total_points": 120, "visibility_pct": 6.666666666666667 }, "geometry": { "type": "Point", "coordinates": [ 1.291137552004573, 51.130134844882356 ] } },
{ "type": "Feature", "properties": { "visible_points": 2, "total_points": 118, "visibility_pct": 1.6949152542372881 }, "geometry": { "type": "Point", "coordinates": [ 1.291335242933322, 51.130129278802606 ] } },
{ "type": "Feature", "properties": { "visible_points": 0, "total_points": 115, "visibility_pct": 0.0 }, "geometry": { "type": "Point", "coordinates": [ 1.291532933797736, 51.130123712388247 ] } },
{ "type": "Feature", "properties": { "visible_points": 13, "total_points": 109, "visibility_pct": 11.926605504587156 }, "geometry": { "type": "Point", "coordinates": [ 1.291730624597821, 51.130118145639237 ] } },
{ "type": "Feature", "properties": { "visible_points": 9, "total_points": 101, "visibility_pct": 8.9108910891089099 }, "geometry": { "type": "Point", "coordinates": [ 1.291928315333566, 51.130112578555604 ] } },
{ "type": "Feature", "properties": { "visible_points": 4, "total_points": 93, "visibility_pct": 4.3010752688172049 }, "geometry": { "type": "Point", "coordinates": [ 1.292126006004969, 51.130107011137333 ] } },
{ "type": "Feature", "properties": { "visible_points": 7, "total_points": 85, "visibility_pct": 8.235294117647058 }, "geometry": { "type": "Point", "coordinates": [ 1.292323696612033, 51.130101443384426 ] } },
{ "type": "Feature", "properties": { "visible_points": 10, "total_points": 56, "visibility_pct": 17.857142857142858 }, "geometry": { "type": "Point", "coordinates": [ 1.287092527997753, 51.130356603837036 ] } },
{ "type": "Feature", "properties": { "visible_points": 10, "total_points": 59, "visibility_pct": 16.949152542372879 }, "geometry": { "type": "Point", "coordinates": [ 1.28729022071501, 51.13035104460441 ] } },
{ "type": "Feature", "properties": { "visible_points": 0, "total_points": 72, "visibility_pct": 0.0 }, "geometry": { "type": "Point", "coordinates": [ 1.288871760139735, 51.130306558696397 ] } },
{ "type": "Feature", "properties": { "visible_points": 1, "total_points": 75, "visibility_pct": 1.3333333333333335 }, "geometry": { "type": "Point", "coordinates": [ 1.289069452278598, 51.130300996452029 ] } },
{ "type": "Feature", "properties": { "visible_points": 0, "total_points": 90, "visibility_pct": 0.0 }, "geometry": { "type": "Point", "coordinates": [ 1.289860220191165, 51.130278744128134 ] } },
{ "type": "Feature", "properties": { "visible_points": 0, "total_points": 94, "visibility_pct": 0.0 }, "geometry": { "type": "Point", "coordinates": [ 1.290057912008565, 51.130273180210573 ] } },
{ "type": "Feature", "properties": { "visible_points": 0, "total_points": 97, "visibility_pct": 0.0 }, "geometry": { "type": "Point", "coordinates": [ 1.290255603761658, 51.130267615958353 ] } },
{ "type": "Feature", "properties": { "visible_points": 0, "total_points": 101, "visibility_pct": 0.0 }, "geometry": { "type": "Point", "coordinates": [ 1.290453295450446, 51.130262051371517 ] } },
{ "type": "Feature", "properties": { "visible_points": 4, "total_points": 106, "visibility_pct": 3.7735849056603774 }, "geometry": { "type": "Point", "coordinates": [ 1.290650987074917, 51.130256486450051 ] } },
{ "type": "Feature", "properties": { "visible_points": 2, "total_points": 111, "visibility_pct": 1.8018018018018018 }, "geometry": { "type": "Point", "coordinates": [ 1.290848678635076, 51.130250921193927 ] } },
{ "type": "Feature", "properties": { "visible_points": 14, "total_points": 115, "visibility_pct": 12.173913043478262 }, "geometry": { "type": "Point", "coordinates": [ 1.291046370130915, 51.130245355603165 ] } },
{ "type": "Feature", "properties": { "visible_points": 13, "total_points": 118, "visibility_pct": 11.016949152542372 }, "geometry": { "type": "Point", "coordinates": [ 1.291244061562425, 51.13023978967778 ] } },
{ "type": "Feature", "properties": { "visible_points": 13, "total_points": 120, "visibility_pct": 10.833333333333334 }, "geometry": { "type": "Point", "coordinates": [ 1.291441752929612, 51.130234223417744 ] } },
{ "type": "Feature", "properties": { "visible_points": 14, "total_points": 118, "visibility_pct": 11.864406779661017 }, "geometry": { "type": "Point", "coordinates": [ 1.291639444232468, 51.130228656823085 ] } },
{ "type": "Feature", "properties": { "visible_points": 13, "total_points": 112, "visibility_pct": 11.607142857142858 }, "geometry": { "type": "Point", "coordinates": [ 1.29183713547098, 51.130223089893796 ] } },
{ "type": "Feature", "properties": { "visible_points": 12, "total_points": 105, "visibility_pct": 11.428571428571429 }, "geometry": { "type": "Point", "coordinates": [ 1.292034826645164, 51.130217522629856 ] } },
{ "type": "Feature", "properties": { "visible_points": 5, "total_points": 97, "visibility_pct": 5.1546391752577314 }, "geometry": { "type": "Point", "coordinates": [ 1.292232517754996, 51.130211955031285 ] } },
{ "type": "Feature", "properties": { "visible_points": 12, "total_points": 48, "visibility_pct": 25.0 }, "geometry": { "type": "Point", "coordinates": [ 1.287199028850551, 51.130461552319574 ] } },
{ "type": "Feature", "properties": { "visible_points": 6, "total_points": 54, "visibility_pct": 11.111111111111111 }, "geometry": { "type": "Point", "coordinates": [ 1.287396722006296, 51.130455992906676 ] } },
{ "type": "Feature", "properties": { "visible_points": 0, "total_points": 86, "visibility_pct": 0.0 }, "geometry": { "type": "Point", "coordinates": [ 1.290164419438497, 51.13037812598894 ] } },
{ "type": "Feature", "properties": { "visible_points": 0, "total_points": 90, "visibility_pct": 0.0 }, "geometry": { "type": "Point", "coordinates": [ 1.290362111630047, 51.130372561556442 ] } },
{ "type": "Feature", "properties": { "visible_points": 0, "total_points": 95, "visibility_pct": 0.0 }, "geometry": { "type": "Point", "coordinates": [ 1.290559803757285, 51.130366996789313 ] } },
{ "type": "Feature", "properties": { "visible_points": 0, "total_points": 100, "visibility_pct": 0.0 }, "geometry": { "type": "Point", "coordinates": [ 1.290757495820213, 51.130361431687547 ] } },
{ "type": "Feature", "properties": { "visible_points": 0, "total_points": 106, "visibility_pct": 0.0 }, "geometry": { "type": "Point", "coordinates": [ 1.290955187818821, 51.130355866251136 ] } },
{ "type": "Feature", "properties": { "visible_points": 0, "total_points": 111, "visibility_pct": 0.0 }, "geometry": { "type": "Point", "coordinates": [ 1.2911528797531, 51.130350300480089 ] } },
{ "type": "Feature", "properties": { "visible_points": 4, "total_points": 115, "visibility_pct": 3.4782608695652173 }, "geometry": { "type": "Point", "coordinates": [ 1.29135057162306, 51.130344734374404 ] } },
{ "type": "Feature", "properties": { "visible_points": 11, "total_points": 118, "visibility_pct": 9.3220338983050848 }, "geometry": { "type": "Point", "coordinates": [ 1.291548263428685, 51.130339167934089 ] } },
{ "type": "Feature", "properties": { "visible_points": 11, "total_points": 120, "visibility_pct": 9.1666666666666661 }, "geometry": { "type": "Point", "coordinates": [ 1.291745955169978, 51.130333601159137 ] } },
{ "type": "Feature", "properties": { "visible_points": 12, "total_points": 114, "visibility_pct": 10.526315789473683 }, "geometry": { "type": "Point", "coordinates": [ 1.291943646846933, 51.130328034049526 ] } },
{ "type": "Feature", "properties": { "visible_points": 15, "total_points": 108, "visibility_pct": 13.888888888888889 }, "geometry": { "type": "Point", "coordinates": [ 1.292141338459546, 51.1303224666053 ] } },
{ "type": "Feature", "properties": { "visible_points": 7, "total_points": 101, "visibility_pct": 6.9306930693069315 }, "geometry": { "type": "Point", "coordinates": [ 1.292339030007812, 51.130316898826436 ] } },
{ "type": "Feature", "properties": { "visible_points": 1, "total_points": 93, "visibility_pct": 1.0752688172043012 }, "geometry": { "type": "Point", "coordinates": [ 1.292536721491732, 51.130311330712928 ] } },
{ "type": "Feature", "properties": { "visible_points": 0, "total_points": 83, "visibility_pct": 0.0 }, "geometry": { "type": "Point", "coordinates": [ 1.290468620001214, 51.130477507055723 ] } },
{ "type": "Feature", "properties": { "visible_points": 0, "total_points": 89, "visibility_pct": 0.0 }, "geometry": { "type": "Point", "coordinates": [ 1.290666312566911, 51.130471942108301 ] } },
{ "type": "Feature", "properties": { "visible_points": 0, "total_points": 95, "visibility_pct": 0.0 }, "geometry": { "type": "Point", "coordinates": [ 1.290864005068288, 51.130466376826249 ] } },
{ "type": "Feature", "properties": { "visible_points": 0, "total_points": 101, "visibility_pct": 0.0 }, "geometry": { "type": "Point", "coordinates": [ 1.291061697505343, 51.130460811209545 ] } },
{ "type": "Feature", "properties": { "visible_points": 0, "total_points": 107, "visibility_pct": 0.0 }, "geometry": { "type": "Point", "coordinates": [ 1.291259389878077, 51.130455245258212 ] } },
{ "type": "Feature", "properties": { "visible_points": 0, "total_points": 112, "visibility_pct": 0.0 }, "geometry": { "type": "Point", "coordinates": [ 1.291457082186477, 51.130449678972241 ] } },
{ "type": "Feature", "properties": { "visible_points": 9, "total_points": 116, "visibility_pct": 7.7586206896551726 }, "geometry": { "type": "Point", "coordinates": [ 1.291654774430544, 51.130444112351611 ] } },
{ "type": "Feature", "properties": { "visible_points": 10, "total_points": 119, "visibility_pct": 8.4033613445378155 }, "geometry": { "type": "Point", "coordinates": [ 1.291852466610283, 51.130438545396359 ] } },
{ "type": "Feature", "properties": { "visible_points": 14, "total_points": 116, "visibility_pct": 12.068965517241379 }, "geometry": { "type": "Point", "coordinates": [ 1.292050158725671, 51.130432978106462 ] } },
{ "type": "Feature", "properties": { "visible_points": 15, "total_points": 110, "visibility_pct": 13.636363636363635 }, "geometry": { "type": "Point", "coordinates": [ 1.292247850776723, 51.130427410481943 ] } },
{ "type": "Feature", "properties": { "visible_points": 10, "total_points": 104, "visibility_pct": 9.6153846153846168 }, "geometry": { "type": "Point", "coordinates": [ 1.29244554276342, 51.130421842522765 ] } },
{ "type": "Feature", "properties": { "visible_points": 0, "total_points": 96, "visibility_pct": 0.0 }, "geometry": { "type": "Point", "coordinates": [ 1.29264323468577, 51.130416274228963 ] } },
{ "type": "Feature", "properties": { "visible_points": 1, "total_points": 88, "visibility_pct": 1.1363636363636365 }, "geometry": { "type": "Point", "coordinates": [ 1.292840926543761, 51.130410705600511 ] } },
{ "type": "Feature", "properties": { "visible_points": 0, "total_points": 83, "visibility_pct": 0.0 }, "geometry": { "type": "Point", "coordinates": [ 1.29077282187932, 51.130576887328502 ] } },
{ "type": "Feature", "properties": { "visible_points": 0, "total_points": 90, "visibility_pct": 0.0 }, "geometry": { "type": "Point", "coordinates": [ 1.290970514819147, 51.130571321866135 ] } },
{ "type": "Feature", "properties": { "visible_points": 0, "total_points": 96, "visibility_pct": 0.0 }, "geometry": { "type": "Point", "coordinates": [ 1.291168207694655, 51.130565756069153 ] } },
{ "type": "Feature", "properties": { "visible_points": 0, "total_points": 102, "visibility_pct": 0.0 }, "geometry": { "type": "Point", "coordinates": [ 1.291365900505838, 51.130560189937526 ] } },
{ "type": "Feature", "properties": { "visible_points": 0, "total_points": 108, "visibility_pct": 0.0 }, "geometry": { "type": "Point", "coordinates": [ 1.291563593252689, 51.130554623471248 ] } },
{ "type": "Feature", "properties": { "visible_points": 0, "total_points": 113, "visibility_pct": 0.0 }, "geometry": { "type": "Point", "coordinates": [ 1.291761285935197, 51.130549056670333 ] } },
{ "type": "Feature", "properties": { "visible_points": 0, "total_points": 117, "visibility_pct": 0.0 }, "geometry": { "type": "Point", "coordinates": [ 1.291958978553376, 51.130543489534787 ] } },
{ "type": "Feature", "properties": { "visible_points": 9, "total_points": 117, "visibility_pct": 7.6923076923076925 }, "geometry": { "type": "Point", "coordinates": [ 1.292156671107206, 51.130537922064576 ] } },
{ "type": "Feature", "properties": { "visible_points": 17, "total_points": 112, "visibility_pct": 15.178571428571427 }, "geometry": { "type": "Point", "coordinates": [ 1.292354363596692, 51.130532354259749 ] } },
{ "type": "Feature", "properties": { "visible_points": 13, "total_points": 106, "visibility_pct": 12.264150943396226 }, "geometry": { "type": "Point", "coordinates": [ 1.292552056021824, 51.130526786120292 ] } },
{ "type": "Feature", "properties": { "visible_points": 4, "total_points": 99, "visibility_pct": 4.0404040404040407 }, "geometry": { "type": "Point", "coordinates": [ 1.292749748382606, 51.130521217646191 ] } },
{ "type": "Feature", "properties": { "visible_points": 2, "total_points": 91, "visibility_pct": 2.197802197802198 }, "geometry": { "type": "Point", "coordinates": [ 1.292947440679027, 51.130515648837417 ] } },
{ "type": "Feature", "properties": { "visible_points": 0, "total_points": 83, "visibility_pct": 0.0 }, "geometry": { "type": "Point", "coordinates": [ 1.293145132911088, 51.130510079694048 ] } },
{ "type": "Feature", "properties": { "visible_points": 0, "total_points": 66, "visibility_pct": 0.0 }, "geometry": { "type": "Point", "coordinates": [ 1.297692036475572, 51.130381897036209 ] } },
{ "type": "Feature", "properties": { "visible_points": 0, "total_points": 84, "visibility_pct": 0.0 }, "geometry": { "type": "Point", "coordinates": [ 1.2910770250728, 51.130676266807242 ] } },
{ "type": "Feature", "properties": { "visible_points": 0, "total_points": 91, "visibility_pct": 0.0 }, "geometry": { "type": "Point", "coordinates": [ 1.291274718386761, 51.130670700829953 ] } },
{ "type": "Feature", "properties": { "visible_points": 0, "total_points": 97, "visibility_pct": 0.0 }, "geometry": { "type": "Point", "coordinates": [ 1.291472411636392, 51.130665134518026 ] } },
{ "type": "Feature", "properties": { "visible_points": 0, "total_points": 103, "visibility_pct": 0.0 }, "geometry": { "type": "Point", "coordinates": [ 1.291670104821688, 51.130659567871454 ] } },
{ "type": "Feature", "properties": { "visible_points": 1, "total_points": 109, "visibility_pct": 0.91743119266055051 }, "geometry": { "type": "Point", "coordinates": [ 1.291867797942647, 51.130654000890246 ] } },
{ "type": "Feature", "properties": { "visible_points": 0, "total_points": 114, "visibility_pct": 0.0 }, "geometry": { "type": "Point", "coordinates": [ 1.292065490999265, 51.1306484335744 ] } },
{ "type": "Feature", "properties": { "visible_points": 6, "total_points": 116, "visibility_pct": 5.1724137931034484 }, "geometry": { "type": "Point", "coordinates": [ 1.292263183991538, 51.130642865923903 ] } },
{ "type": "Feature", "properties": { "visible_points": 5, "total_points": 114, "visibility_pct": 4.3859649122807012 }, "geometry": { "type": "Point", "coordinates": [ 1.292460876919462, 51.130637297938769 ] } },
{ "type": "Feature", "properties": { "visible_points": 6, "total_points": 108, "visibility_pct": 5.5555555555555554 }, "geometry": { "type": "Point", "coordinates": [ 1.292658569783032, 51.130631729618997 ] } },
{ "type": "Feature", "properties": { "visible_points": 7, "total_points": 102, "visibility_pct": 6.8627450980392162 }, "geometry": { "type": "Point", "coordinates": [ 1.292856262582242, 51.130626160964582 ] } },
{ "type": "Feature", "properties": { "visible_points": 4, "total_points": 95, "visibility_pct": 4.2105263157894735 }, "geometry": { "type": "Point", "coordinates": [ 1.2930539553171, 51.130620591975521 ] } },
{ "type": "Feature", "properties": { "visible_points": 0, "total_points": 88, "visibility_pct": 0.0 }, "geometry": { "type": "Point", "coordinates": [ 1.29325164798758, 51.130615022651831 ] } },
{ "type": "Feature", "properties": { "visible_points": 1, "total_points": 82, "visibility_pct": 1.2195121951219512 }, "geometry": { "type": "Point", "coordinates": [ 1.293449340593703, 51.130609452993504 ] } },
{ "type": "Feature", "properties": { "visible_points": 0, "total_points": 79, "visibility_pct": 0.0 }, "geometry": { "type": "Point", "coordinates": [ 1.297798561635241, 51.130486835846625 ] } },
{ "type": "Feature", "properties": { "visible_points": 0, "total_points": 79, "visibility_pct": 0.0 }, "geometry": { "type": "Point", "coordinates": [ 1.297996252759816, 51.130481258491635 ] } },
{ "type": "Feature", "properties": { "visible_points": 0, "total_points": 79, "visibility_pct": 0.0 }, "geometry": { "type": "Point", "coordinates": [ 1.298193943763013, 51.130475680784123 ] } },
{ "type": "Feature", "properties": { "visible_points": 0, "total_points": 79, "visibility_pct": 0.0 }, "geometry": { "type": "Point", "coordinates": [ 1.298391633757861, 51.130470102146155 ] } },
{ "type": "Feature", "properties": { "visible_points": 0, "total_points": 78, "visibility_pct": 0.0 }, "geometry": { "type": "Point", "coordinates": [ 1.291183535829243, 51.130781211649541 ] } },
{ "type": "Feature", "properties": { "visible_points": 0, "total_points": 85, "visibility_pct": 0.0 }, "geometry": { "type": "Point", "coordinates": [ 1.291381229581659, 51.130775645491944 ] } },
{ "type": "Feature", "properties": { "visible_points": 0, "total_points": 92, "visibility_pct": 0.0 }, "geometry": { "type": "Point", "coordinates": [ 1.291578923269741, 51.130770078999724 ] } },
{ "type": "Feature", "properties": { "visible_points": 0, "total_points": 98, "visibility_pct": 0.0 }, "geometry": { "type": "Point", "coordinates": [ 1.291776616893487, 51.13076451217286 ] } },
{ "type": "Feature", "properties": { "visible_points": 0, "total_points": 104, "visibility_pct": 0.0 }, "geometry": { "type": "Point", "coordinates": [ 1.291974310452892, 51.130758945011351 ] } },
{ "type": "Feature", "properties": { "visible_points": 0, "total_points": 110, "visibility_pct": 0.0 }, "geometry": { "type": "Point", "coordinates": [ 1.292172003947959, 51.130753377515212 ] } },
{ "type": "Feature", "properties": { "visible_points": 0, "total_points": 114, "visibility_pct": 0.0 }, "geometry": { "type": "Point", "coordinates": [ 1.292369697378671, 51.130747809684408 ] } },
{ "type": "Feature", "properties": { "visible_points": 0, "total_points": 114, "visibility_pct": 0.0 }, "geometry": { "type": "Point", "coordinates": [ 1.292567390745033, 51.130742241518959 ] } },
{ "type": "Feature", "properties": { "visible_points": 6, "total_points": 111, "visibility_pct": 5.4054054054054053 }, "geometry": { "type": "Point", "coordinates": [ 1.29276508404704, 51.130736673018895 ] } },
{ "type": "Feature", "properties": { "visible_points": 5, "total_points": 105, "visibility_pct": 4.7619047619047619 }, "geometry": { "type": "Point", "coordinates": [ 1.29296277728469, 51.130731104184179 ] } },
{ "type": "Feature", "properties": { "visible_points": 2, "total_points": 99, "visibility_pct": 2.0202020202020203 }, "geometry": { "type": "Point", "coordinates": [ 1.293160470457974, 51.130725535014811 ] } },
{ "type": "Feature", "properties": { "visible_points": 3, "total_points": 93, "visibility_pct": 3.225806451612903 }, "geometry": { "type": "Point", "coordinates": [ 1.29335816356689, 51.130719965510806 ] } },
{ "type": "Feature", "properties": { "visible_points": 0, "total_points": 88, "visibility_pct": 0.0 }, "geometry": { "type": "Point", "coordinates": [ 1.293555856611433, 51.130714395672165 ] } },
{ "type": "Feature", "properties": { "visible_points": 0, "total_points": 91, "visibility_pct": 0.0 }, "geometry": { "type": "Point", "coordinates": [ 1.298102778860697, 51.130586197022872 ] } },
{ "type": "Feature", "properties": { "visible_points": 0, "total_points": 91, "visibility_pct": 0.0 }, "geometry": { "type": "Point", "coordinates": [ 1.298300469835769, 51.130580618939604 ] } },
{ "type": "Feature", "properties": { "visible_points": 0, "total_points": 89, "visibility_pct": 0.0 }, "geometry": { "type": "Point", "coordinates": [ 1.298498159717739, 51.130575039707715 ] } },
{ "type": "Feature", "properties": { "visible_points": 0, "total_points": 86, "visibility_pct": 0.0 }, "geometry": { "type": "Point", "coordinates": [ 1.298695849206397, 51.130569460044285 ] } },
{ "type": "Feature", "properties": { "visible_points": 0, "total_points": 83, "visibility_pct": 0.0 }, "geometry": { "type": "Point", "coordinates": [ 1.298893538631294, 51.130563880046772 ] } },
{ "type": "Feature", "properties": { "visible_points": 0, "total_points": 80, "visibility_pct": 0.0 }, "geometry": { "type": "Point", "coordinates": [ 1.299091227992425, 51.130558299715155 ] } },
{ "type": "Feature", "properties": { "visible_points": 0, "total_points": 79, "visibility_pct": 0.0 }, "geometry": { "type": "Point", "coordinates": [ 1.291487741279356, 51.130880590055149 ] } },
{ "type": "Feature", "properties": { "visible_points": 0, "total_points": 86, "visibility_pct": 0.0 }, "geometry": { "type": "Point", "coordinates": [ 1.29168543540589, 51.130875023382622 ] } },
{ "type": "Feature", "properties": { "visible_points": 0, "total_points": 93, "visibility_pct": 0.0 }, "geometry": { "type": "Point", "coordinates": [ 1.291883129468088, 51.130869456375457 ] } },
{ "type": "Feature", "properties": { "visible_points": 0, "total_points": 99, "visibility_pct": 0.0 }, "geometry": { "type": "Point", "coordinates": [ 1.292080823465943, 51.130863889033641 ] } },
{ "type": "Feature", "properties": { "visible_points": 0, "total_points": 105, "visibility_pct": 0.0 }, "geometry": { "type": "Point", "coordinates": [ 1.292278517399452, 51.130858321357195 ] } },
{ "type": "Feature", "properties": { "visible_points": 0, "total_points": 111, "visibility_pct": 0.0 }, "geometry": { "type": "Point", "coordinates": [ 1.292476211268607, 51.13085275334609 ] } },
{ "type": "Feature", "properties": { "visible_points": 0, "total_points": 113, "visibility_pct": 0.0 }, "geometry": { "type": "Point", "coordinates": [ 1.292673905073416, 51.130847185000349 ] } },
{ "type": "Feature", "properties": { "visible_points": 1, "total_points": 112, "visibility_pct": 0.89285714285714279 }, "geometry": { "type": "Point", "coordinates": [ 1.292871598813857, 51.130841616319977 ] } },
{ "type": "Feature", "properties": { "visible_points": 3, "total_points": 109, "visibility_pct": 2.7522935779816518 }, "geometry": { "type": "Point", "coordinates": [ 1.293069292489941, 51.130836047304946 ] } },
{ "type": "Feature", "properties": { "visible_points": 3, "total_points": 104, "visibility_pct": 2.8846153846153846 }, "geometry": { "type": "Point", "coordinates": [ 1.293266986101661, 51.130830477955286 ] } },
{ "type": "Feature", "properties": { "visible_points": 4, "total_points": 99, "visibility_pct": 4.0404040404040407 }, "geometry": { "type": "Point", "coordinates": [ 1.29346467964901, 51.130824908270952 ] } },
{ "type": "Feature", "properties": { "visible_points": 1, "total_points": 95, "visibility_pct": 1.0526315789473684 }, "geometry": { "type": "Point", "coordinates": [ 1.29366237313198, 51.13081933825201 ] } },
{ "type": "Feature", "properties": { "visible_points": 0, "total_points": 91, "visibility_pct": 0.0 }, "geometry": { "type": "Point", "coordinates": [ 1.293860066550581, 51.13081376789841 ] } },
{ "type": "Feature", "properties": { "visible_points": 4, "total_points": 79, "visibility_pct": 5.0632911392405067 }, "geometry": { "type": "Point", "coordinates": [ 1.29603468990514, 51.130752471922555 ] } },
{ "type": "Feature", "properties": { "visible_points": 4, "total_points": 80, "visibility_pct": 5.0 }, "geometry": { "type": "Point", "coordinates": [ 1.296232382550908, 51.130746897553273 ] } },
{ "type": "Feature", "properties": { "visible_points": 11, "total_points": 82, "visibility_pct": 13.414634146341465 }, "geometry": { "type": "Point", "coordinates": [ 1.296430075132245, 51.130741322849325 ] } },
{ "type": "Feature", "properties": { "visible_points": 0, "total_points": 85, "visibility_pct": 0.0 }, "geometry": { "type": "Point", "coordinates": [ 1.29662776764916, 51.130735747810782 ] } },
{ "type": "Feature", "properties": { "visible_points": 6, "total_points": 88, "visibility_pct": 6.8181818181818175 }, "geometry": { "type": "Point", "coordinates": [ 1.296825460101628, 51.13073017243758 ] } },
{ "type": "Feature", "properties": { "visible_points": 2, "total_points": 91, "visibility_pct": 2.197802197802198 }, "geometry": { "type": "Point", "coordinates": [ 1.297023152489665, 51.130724596729735 ] } },
{ "type": "Feature", "properties": { "visible_points": 0, "total_points": 94, "visibility_pct": 0.0 }, "geometry": { "type": "Point", "coordinates": [ 1.297220844813253, 51.130719020687231 ] } },
{ "type": "Feature", "properties": { "visible_points": 0, "total_points": 97, "visibility_pct": 0.0 }, "geometry": { "type": "Point", "coordinates": [ 1.297418537072397, 51.130713444310125 ] } },
{ "type": "Feature", "properties": { "visible_points": 0, "total_points": 99, "visibility_pct": 0.0 }, "geometry": { "type": "Point", "coordinates": [ 1.29761622926709, 51.13070786759836 ] } },
{ "type": "Feature", "properties": { "visible_points": 0, "total_points": 101, "visibility_pct": 0.0 }, "geometry": { "type": "Point", "coordinates": [ 1.29781392139733, 51.13070229055198 ] } },
{ "type": "Feature", "properties": { "visible_points": 0, "total_points": 102, "visibility_pct": 0.0 }, "geometry": { "type": "Point", "coordinates": [ 1.29801161346311, 51.130696713170927 ] } },
{ "type": "Feature", "properties": { "visible_points": 10, "total_points": 102, "visibility_pct": 9.8039215686274517 }, "geometry": { "type": "Point", "coordinates": [ 1.298209305343224, 51.130691135418544 ] } },
{ "type": "Feature", "properties": { "visible_points": 10, "total_points": 100, "visibility_pct": 10.0 }, "geometry": { "type": "Point", "coordinates": [ 1.298406996188969, 51.130685556679552 ] } },
{ "type": "Feature", "properties": { "visible_points": 17, "total_points": 98, "visibility_pct": 17.346938775510203 }, "geometry": { "type": "Point", "coordinates": [ 1.298604686173262, 51.130679977164917 ] } },
{ "type": "Feature", "properties": { "visible_points": 26, "total_points": 95, "visibility_pct": 27.368421052631582 }, "geometry": { "type": "Point", "coordinates": [ 1.298802376093794, 51.130674397316184 ] } },
{ "type": "Feature", "properties": { "visible_points": 0, "total_points": 92, "visibility_pct": 0.0 }, "geometry": { "type": "Point", "coordinates": [ 1.299000065950563, 51.130668817133348 ] } },
{ "type": "Feature", "properties": { "visible_points": 0, "total_points": 89, "visibility_pct": 0.0 }, "geometry": { "type": "Point", "coordinates": [ 1.299197755743558, 51.130663236616435 ] } },
{ "type": "Feature", "properties": { "visible_points": 0, "total_points": 86, "visibility_pct": 0.0 }, "geometry": { "type": "Point", "coordinates": [ 1.299395445472782, 51.130657655765411 ] } },
{ "type": "Feature", "properties": { "visible_points": 0, "total_points": 83, "visibility_pct": 0.0 }, "geometry": { "type": "Point", "coordinates": [ 1.29959313513823, 51.130652074580311 ] } },
{ "type": "Feature", "properties": { "visible_points": 0, "total_points": 81, "visibility_pct": 0.0 }, "geometry": { "type": "Point", "coordinates": [ 1.299790824739891, 51.130646493061093 ] } },
{ "type": "Feature", "properties": { "visible_points": 0, "total_points": 71, "visibility_pct": 0.0 }, "geometry": { "type": "Point", "coordinates": [ 1.300976961010259, 51.130612996929997 ] } },
{ "type": "Feature", "properties": { "visible_points": 0, "total_points": 69, "visibility_pct": 0.0 }, "geometry": { "type": "Point", "coordinates": [ 1.301174650165344, 51.130607413072163 ] } },
{ "type": "Feature", "properties": { "visible_points": 0, "total_points": 80, "visibility_pct": 0.0 }, "geometry": { "type": "Point", "coordinates": [ 1.291791948044844, 51.130979967666697 ] } },
{ "type": "Feature", "properties": { "visible_points": 0, "total_points": 87, "visibility_pct": 0.0 }, "geometry": { "type": "Point", "coordinates": [ 1.291989642545493, 51.130974400479232 ] } },
{ "type": "Feature", "properties": { "visible_points": 0, "total_points": 94, "visibility_pct": 0.0 }, "geometry": { "type": "Point", "coordinates": [ 1.292187336981797, 51.130968832957123 ] } },
{ "type": "Feature", "properties": { "visible_points": 0, "total_points": 100, "visibility_pct": 0.0 }, "geometry": { "type": "Point", "coordinates": [ 1.292385031353752, 51.13096326510037 ] } },
{ "type": "Feature", "properties": { "visible_points": 0, "total_points": 106, "visibility_pct": 0.0 }, "geometry": { "type": "Point", "coordinates": [ 1.292582725661357, 51.130957696908958 ] } },
{ "type": "Feature", "properties": { "visible_points": 0, "total_points": 111, "visibility_pct": 0.0 }, "geometry": { "type": "Point", "coordinates": [ 1.292780419904603, 51.130952128382916 ] } },
{ "type": "Feature", "properties": { "visible_points": 0, "total_points": 112, "visibility_pct": 0.0 }, "geometry": { "type": "Point", "coordinates": [ 1.292978114083488, 51.130946559522236 ] } },
{ "type": "Feature", "properties": { "visible_points": 0, "total_points": 111, "visibility_pct": 0.0 }, "geometry": { "type": "Point", "coordinates": [ 1.293175808198009, 51.130940990326899 ] } },
{ "type": "Feature", "properties": { "visible_points": 3, "total_points": 109, "visibility_pct": 2.7522935779816518 }, "geometry": { "type": "Point", "coordinates": [ 1.293373502248161, 51.130935420796924 ] } },
{ "type": "Feature", "properties": { "visible_points": 3, "total_points": 105, "visibility_pct": 2.8571428571428572 }, "geometry": { "type": "Point", "coordinates": [ 1.293571196233945, 51.130929850932311 ] } },
{ "type": "Feature", "properties": { "visible_points": 0, "total_points": 101, "visibility_pct": 0.0 }, "geometry": { "type": "Point", "coordinates": [ 1.293768890155346, 51.130924280733034 ] } },
{ "type": "Feature", "properties": { "visible_points": 1, "total_points": 98, "visibility_pct": 1.0204081632653061 }, "geometry": { "type": "Point", "coordinates": [ 1.293966584012374, 51.13091871019914 ] } },
{ "type": "Feature", "properties": { "visible_points": 0, "total_points": 95, "visibility_pct": 0.0 }, "geometry": { "type": "Point", "coordinates": [ 1.294164277805013, 51.13091313933058 ] } },
{ "type": "Feature", "properties": { "visible_points": 0, "total_points": 92, "visibility_pct": 0.0 }, "geometry": { "type": "Point", "coordinates": [ 1.294361971533269, 51.130907568127398 ] } },
{ "type": "Feature", "properties": { "visible_points": 0, "total_points": 90, "visibility_pct": 0.0 }, "geometry": { "type": "Point", "coordinates": [ 1.294559665197133, 51.130901996589543 ] } },
{ "type": "Feature", "properties": { "visible_points": 0, "total_points": 89, "visibility_pct": 0.0 }, "geometry": { "type": "Point", "coordinates": [ 1.294757358796595, 51.130896424717079 ] } },
{ "type": "Feature", "properties": { "visible_points": 0, "total_points": 88, "visibility_pct": 0.0 }, "geometry": { "type": "Point", "coordinates": [ 1.294955052331668, 51.130890852509957 ] } },
{ "type": "Feature", "properties": { "visible_points": 6, "total_points": 88, "visibility_pct": 6.8181818181818175 }, "geometry": { "type": "Point", "coordinates": [ 1.295152745802329, 51.13088527996819 ] } },
{ "type": "Feature", "properties": { "visible_points": 7, "total_points": 88, "visibility_pct": 7.9545454545454541 }, "geometry": { "type": "Point", "coordinates": [ 1.295350439208589, 51.130879707091786 ] } },
{ "type": "Feature", "properties": { "visible_points": 13, "total_points": 88, "visibility_pct": 14.772727272727273 }, "geometry": { "type": "Point", "coordinates": [ 1.295548132550435, 51.130874133880731 ] } },
{ "type": "Feature", "properties": { "visible_points": 18, "total_points": 88, "visibility_pct": 20.454545454545457 }, "geometry": { "type": "Point", "coordinates": [ 1.295745825827869, 51.13086856033506 ] } },
{ "type": "Feature", "properties": { "visible_points": 26, "total_points": 89, "visibility_pct": 29.213483146067414 }, "geometry": { "type": "Point", "coordinates": [ 1.295943519040881, 51.130862986454723 ] } },
{ "type": "Feature", "properties": { "visible_points": 31, "total_points": 90, "visibility_pct": 34.444444444444443 }, "geometry": { "type": "Point", "coordinates": [ 1.296141212189474, 51.130857412239742 ] } },
{ "type": "Feature", "properties": { "visible_points": 32, "total_points": 91, "visibility_pct": 35.164835164835168 }, "geometry": { "type": "Point", "coordinates": [ 1.296338905273639, 51.130851837690138 ] } },
{ "type": "Feature", "properties": { "visible_points": 32, "total_points": 93, "visibility_pct": 34.408602150537639 }, "geometry": { "type": "Point", "coordinates": [ 1.296536598293373, 51.130846262805861 ] } },
{ "type": "Feature", "properties": { "visible_points": 32, "total_points": 96, "visibility_pct": 33.333333333333329 }, "geometry": { "type": "Point", "coordinates": [ 1.296734291248677, 51.130840687586996 ] } },
{ "type": "Feature", "properties": { "visible_points": 33, "total_points": 99, "visibility_pct": 33.333333333333329 }, "geometry": { "type": "Point", "coordinates": [ 1.296931984139542, 51.130835112033452 ] } },
{ "type": "Feature", "properties": { "visible_points": 31, "total_points": 102, "visibility_pct": 30.392156862745097 }, "geometry": { "type": "Point", "coordinates": [ 1.297129676965959, 51.130829536145278 ] } },
{ "type": "Feature", "properties": { "visible_points": 27, "total_points": 105, "visibility_pct": 25.714285714285712 }, "geometry": { "type": "Point", "coordinates": [ 1.297327369727941, 51.130823959922459 ] } },
{ "type": "Feature", "properties": { "visible_points": 23, "total_points": 108, "visibility_pct": 21.296296296296298 }, "geometry": { "type": "Point", "coordinates": [ 1.297525062425466, 51.130818383365003 ] } },
{ "type": "Feature", "properties": { "visible_points": 13, "total_points": 110, "visibility_pct": 11.818181818181818 }, "geometry": { "type": "Point", "coordinates": [ 1.297722755058539, 51.13081280647291 ] } },
{ "type": "Feature", "properties": { "visible_points": 11, "total_points": 111, "visibility_pct": 9.9099099099099099 }, "geometry": { "type": "Point", "coordinates": [ 1.29792044762716, 51.130807229246166 ] } },
{ "type": "Feature", "properties": { "visible_points": 12, "total_points": 112, "visibility_pct": 10.714285714285714 }, "geometry": { "type": "Point", "coordinates": [ 1.298118140131312, 51.130801651684806 ] } },
{ "type": "Feature", "properties": { "visible_points": 17, "total_points": 110, "visibility_pct": 15.454545454545453 }, "geometry": { "type": "Point", "coordinates": [ 1.298315831960394, 51.130796073503937 ] } },
{ "type": "Feature", "properties": { "visible_points": 24, "total_points": 108, "visibility_pct": 22.222222222222221 }, "geometry": { "type": "Point", "coordinates": [ 1.298513522708262, 51.130790494217706 ] } },
{ "type": "Feature", "properties": { "visible_points": 28, "total_points": 106, "visibility_pct": 26.415094339622641 }, "geometry": { "type": "Point", "coordinates": [ 1.298711213124435, 51.130784914517754 ] } },
{ "type": "Feature", "properties": { "visible_points": 28, "total_points": 103, "visibility_pct": 27.184466019417474 }, "geometry": { "type": "Point", "coordinates": [ 1.298908903476838, 51.130779334483698 ] } },
{ "type": "Feature", "properties": { "visible_points": 22, "total_points": 100, "visibility_pct": 22.0 }, "geometry": { "type": "Point", "coordinates": [ 1.299106593765485, 51.130773754115566 ] } },
{ "type": "Feature", "properties": { "visible_points": 24, "total_points": 98, "visibility_pct": 24.489795918367346 }, "geometry": { "type": "Point", "coordinates": [ 1.299304283990345, 51.130768173413323 ] } },
{ "type": "Feature", "properties": { "visible_points": 15, "total_points": 95, "visibility_pct": 15.789473684210526 }, "geometry": { "type": "Point", "coordinates": [ 1.299501974151436, 51.130762592376996 ] } },
{ "type": "Feature", "properties": { "visible_points": 0, "total_points": 92, "visibility_pct": 0.0 }, "geometry": { "type": "Point", "coordinates": [ 1.299699664248748, 51.130757011006565 ] } },
{ "type": "Feature", "properties": { "visible_points": 0, "total_points": 90, "visibility_pct": 0.0 }, "geometry": { "type": "Point", "coordinates": [ 1.299897354282276, 51.130751429302038 ] } },
{ "type": "Feature", "properties": { "visible_points": 0, "total_points": 90, "visibility_pct": 0.0 }, "geometry": { "type": "Point", "coordinates": [ 1.300095044252011, 51.130745847263434 ] } },
{ "type": "Feature", "properties": { "visible_points": 0, "total_points": 90, "visibility_pct": 0.0 }, "geometry": { "type": "Point", "coordinates": [ 1.300292734157961, 51.130740264890726 ] } },
{ "type": "Feature", "properties": { "visible_points": 0, "total_points": 90, "visibility_pct": 0.0 }, "geometry": { "type": "Point", "coordinates": [ 1.300490424000113, 51.130734682183935 ] } },
{ "type": "Feature", "properties": { "visible_points": 0, "total_points": 83, "visibility_pct": 0.0 }, "geometry": { "type": "Point", "coordinates": [ 1.300885803493016, 51.130723515768061 ] } },
{ "type": "Feature", "properties": { "visible_points": 0, "total_points": 81, "visibility_pct": 0.0 }, "geometry": { "type": "Point", "coordinates": [ 1.301083493143761, 51.130717932059 ] } },
{ "type": "Feature", "properties": { "visible_points": 0, "total_points": 79, "visibility_pct": 0.0 }, "geometry": { "type": "Point", "coordinates": [ 1.301281182730692, 51.130712348015841 ] } },
{ "type": "Feature", "properties": { "visible_points": 0, "total_points": 81, "visibility_pct": 0.0 }, "geometry": { "type": "Point", "coordinates": [ 1.292096156125708, 51.13107934448422 ] } },
{ "type": "Feature", "properties": { "visible_points": 0, "total_points": 88, "visibility_pct": 0.0 }, "geometry": { "type": "Point", "coordinates": [ 1.292293851000464, 51.131073776781804 ] } },
{ "type": "Feature", "properties": { "visible_points": 0, "total_points": 95, "visibility_pct": 0.0 }, "geometry": { "type": "Point", "coordinates": [ 1.292491545810869, 51.131068208744736 ] } },
{ "type": "Feature", "properties": { "visible_points": 0, "total_points": 100, "visibility_pct": 0.0 }, "geometry": { "type": "Point", "coordinates": [ 1.292689240556915, 51.131062640373031 ] } },
{ "type": "Feature", "properties": { "visible_points": 0, "total_points": 106, "visibility_pct": 0.0 }, "geometry": { "type": "Point", "coordinates": [ 1.292886935238608, 51.131057071666682 ] } },
{ "type": "Feature", "properties": { "visible_points": 0, "total_points": 110, "visibility_pct": 0.0 }, "geometry": { "type": "Point", "coordinates": [ 1.29308462985593, 51.131051502625688 ] } },
{ "type": "Feature", "properties": { "visible_points": 0, "total_points": 111, "visibility_pct": 0.0 }, "geometry": { "type": "Point", "coordinates": [ 1.293282324408898, 51.13104593325005 ] } },
{ "type": "Feature", "properties": { "visible_points": 0, "total_points": 111, "visibility_pct": 0.0 }, "geometry": { "type": "Point", "coordinates": [ 1.293480018897481, 51.131040363539753 ] } },
{ "type": "Feature", "properties": { "visible_points": 4, "total_points": 110, "visibility_pct": 3.6363636363636362 }, "geometry": { "type": "Point", "coordinates": [ 1.293677713321699, 51.131034793494834 ] } },
{ "type": "Feature", "properties": { "visible_points": 6, "total_points": 107, "visibility_pct": 5.6074766355140184 }, "geometry": { "type": "Point", "coordinates": [ 1.293875407681533, 51.131029223115242 ] } },
{ "type": "Feature", "properties": { "visible_points": 5, "total_points": 104, "visibility_pct": 4.8076923076923084 }, "geometry": { "type": "Point", "coordinates": [ 1.29407310197699, 51.131023652401041 ] } },
{ "type": "Feature", "properties": { "visible_points": 0, "total_points": 102, "visibility_pct": 0.0 }, "geometry": { "type": "Point", "coordinates": [ 1.294270796208054, 51.13101808135216 ] } },
{ "type": "Feature", "properties": { "visible_points": 0, "total_points": 100, "visibility_pct": 0.0 }, "geometry": { "type": "Point", "coordinates": [ 1.294468490374732, 51.131012509968649 ] } },
{ "type": "Feature", "properties": { "visible_points": 0, "total_points": 99, "visibility_pct": 0.0 }, "geometry": { "type": "Point", "coordinates": [ 1.294666184477019, 51.131006938250493 ] } },
{ "type": "Feature", "properties": { "visible_points": 13, "total_points": 98, "visibility_pct": 13.26530612244898 }, "geometry": { "type": "Point", "coordinates": [ 1.294863878514902, 51.131001366197694 ] } },
{ "type": "Feature", "properties": { "visible_points": 12, "total_points": 98, "visibility_pct": 12.244897959183673 }, "geometry": { "type": "Point", "coordinates": [ 1.29506157248839, 51.13099579381025 ] } },
{ "type": "Feature", "properties": { "visible_points": 16, "total_points": 98, "visibility_pct": 16.326530612244898 }, "geometry": { "type": "Point", "coordinates": [ 1.295259266397466, 51.13099022108819 ] } },
{ "type": "Feature", "properties": { "visible_points": 17, "total_points": 98, "visibility_pct": 17.346938775510203 }, "geometry": { "type": "Point", "coordinates": [ 1.295456960242138, 51.130984648031458 ] } },
{ "type": "Feature", "properties": { "visible_points": 22, "total_points": 98, "visibility_pct": 22.448979591836736 }, "geometry": { "type": "Point", "coordinates": [ 1.295654654022394, 51.130979074640081 ] } },
{ "type": "Feature", "properties": { "visible_points": 27, "total_points": 98, "visibility_pct": 27.551020408163261 }, "geometry": { "type": "Point", "coordinates": [ 1.295852347738233, 51.130973500914074 ] } },
{ "type": "Feature", "properties": { "visible_points": 26, "total_points": 99, "visibility_pct": 26.262626262626267 }, "geometry": { "type": "Point", "coordinates": [ 1.296050041389652, 51.130967926853408 ] } },
{ "type": "Feature", "properties": { "visible_points": 29, "total_points": 100, "visibility_pct": 28.999999999999996 }, "geometry": { "type": "Point", "coordinates": [ 1.296247734976646, 51.130962352458099 ] } },
{ "type": "Feature", "properties": { "visible_points": 32, "total_points": 101, "visibility_pct": 31.683168316831683 }, "geometry": { "type": "Point", "coordinates": [ 1.296445428499211, 51.130956777728166 ] } },
{ "type": "Feature", "properties": { "visible_points": 28, "total_points": 103, "visibility_pct": 27.184466019417474 }, "geometry": { "type": "Point", "coordinates": [ 1.296643121957341, 51.130951202663589 ] } },
{ "type": "Feature", "properties": { "visible_points": 26, "total_points": 105, "visibility_pct": 24.761904761904763 }, "geometry": { "type": "Point", "coordinates": [ 1.29684081535104, 51.13094562726436 ] } },
{ "type": "Feature", "properties": { "visible_points": 28, "total_points": 108, "visibility_pct": 25.925925925925924 }, "geometry": { "type": "Point", "coordinates": [ 1.297038508680296, 51.130940051530494 ] } },
{ "type": "Feature", "properties": { "visible_points": 20, "total_points": 111, "visibility_pct": 18.018018018018019 }, "geometry": { "type": "Point", "coordinates": [ 1.297236201945107, 51.130934475461991 ] } },
{ "type": "Feature", "properties": { "visible_points": 11, "total_points": 114, "visibility_pct": 9.6491228070175428 }, "geometry": { "type": "Point", "coordinates": [ 1.297433895145468, 51.13092889905883 ] } },
{ "type": "Feature", "properties": { "visible_points": 16, "total_points": 117, "visibility_pct": 13.675213675213676 }, "geometry": { "type": "Point", "coordinates": [ 1.297631588281383, 51.130923322321038 ] } },
{ "type": "Feature", "properties": { "visible_points": 15, "total_points": 119, "visibility_pct": 12.605042016806722 }, "geometry": { "type": "Point", "coordinates": [ 1.297829281352841, 51.13091774524861 ] } },
{ "type": "Feature", "properties": { "visible_points": 6, "total_points": 119, "visibility_pct": 5.0420168067226889 }, "geometry": { "type": "Point", "coordinates": [ 1.298026974359836, 51.130912167841544 ] } },
{ "type": "Feature", "properties": { "visible_points": 20, "total_points": 118, "visibility_pct": 16.949152542372879 }, "geometry": { "type": "Point", "coordinates": [ 1.298224667115955, 51.130906590043928 ] } },
{ "type": "Feature", "properties": { "visible_points": 26, "total_points": 116, "visibility_pct": 22.413793103448278 }, "geometry": { "type": "Point", "coordinates": [ 1.2984223588114, 51.130901011202646 ] } },
{ "type": "Feature", "properties": { "visible_points": 29, "total_points": 114, "visibility_pct": 25.438596491228072 }, "geometry": { "type": "Point", "coordinates": [ 1.298620049723207, 51.130895431651481 ] } },
{ "type": "Feature", "properties": { "visible_points": 34, "total_points": 112, "visibility_pct": 30.357142857142854 }, "geometry": { "type": "Point", "coordinates": [ 1.298817740571259, 51.130889851766206 ] } },
{ "type": "Feature", "properties": { "visible_points": 31, "total_points": 110, "visibility_pct": 28.18181818181818 }, "geometry": { "type": "Point", "coordinates": [ 1.299015431355543, 51.130884271546847 ] } },
{ "type": "Feature", "properties": { "visible_points": 30, "total_points": 108, "visibility_pct": 27.777777777777779 }, "geometry": { "type": "Point", "coordinates": [ 1.299213122076053, 51.130878690993384 ] } },
{ "type": "Feature", "properties": { "visible_points": 25, "total_points": 106, "visibility_pct": 23.584905660377359 }, "geometry": { "type": "Point", "coordinates": [ 1.299410812732791, 51.130873110105838 ] } },
{ "type": "Feature", "properties": { "visible_points": 22, "total_points": 103, "visibility_pct": 21.359223300970871 }, "geometry": { "type": "Point", "coordinates": [ 1.29960850332575, 51.130867528884181 ] } },
{ "type": "Feature", "properties": { "visible_points": 23, "total_points": 100, "visibility_pct": 23.0 }, "geometry": { "type": "Point", "coordinates": [ 1.299806193854928, 51.130861947328441 ] } },
{ "type": "Feature", "properties": { "visible_points": 2, "total_points": 99, "visibility_pct": 2.0202020202020203 }, "geometry": { "type": "Point", "coordinates": [ 1.300003884320313, 51.130856365438603 ] } },
{ "type": "Feature", "properties": { "visible_points": 1, "total_points": 99, "visibility_pct": 1.0101010101010102 }, "geometry": { "type": "Point", "coordinates": [ 1.300201574721917, 51.130850783214669 ] } },
{ "type": "Feature", "properties": { "visible_points": 1, "total_points": 99, "visibility_pct": 1.0101010101010102 }, "geometry": { "type": "Point", "coordinates": [ 1.300399265059721, 51.130845200656637 ] } },
{ "type": "Feature", "properties": { "visible_points": 0, "total_points": 98, "visibility_pct": 0.0 }, "geometry": { "type": "Point", "coordinates": [ 1.300596955333729, 51.130839617764529 ] } },
{ "type": "Feature", "properties": { "visible_points": 0, "total_points": 95, "visibility_pct": 0.0 }, "geometry": { "type": "Point", "coordinates": [ 1.30079464554394, 51.130834034538317 ] } },
{ "type": "Feature", "properties": { "visible_points": 0, "total_points": 93, "visibility_pct": 0.0 }, "geometry": { "type": "Point", "coordinates": [ 1.300992335690339, 51.130828450978008 ] } },
{ "type": "Feature", "properties": { "visible_points": 0, "total_points": 91, "visibility_pct": 0.0 }, "geometry": { "type": "Point", "coordinates": [ 1.301190025772931, 51.130822867083616 ] } },
{ "type": "Feature", "properties": { "visible_points": 1, "total_points": 82, "visibility_pct": 1.2195121951219512 }, "geometry": { "type": "Point", "coordinates": [ 1.292400365521941, 51.131178720507656 ] } },
{ "type": "Feature", "properties": { "visible_points": 0, "total_points": 89, "visibility_pct": 0.0 }, "geometry": { "type": "Point", "coordinates": [ 1.292598060770799, 51.131173152290295 ] } },
{ "type": "Feature", "properties": { "visible_points": 0, "total_points": 95, "visibility_pct": 0.0 }, "geometry": { "type": "Point", "coordinates": [ 1.292795755955295, 51.131167583738282 ] } },
{ "type": "Feature", "properties": { "visible_points": 0, "total_points": 101, "visibility_pct": 0.0 }, "geometry": { "type": "Point", "coordinates": [ 1.292993451075427, 51.131162014851618 ] } },
{ "type": "Feature", "properties": { "visible_points": 0, "total_points": 107, "visibility_pct": 0.0 }, "geometry": { "type": "Point", "coordinates": [ 1.293191146131199, 51.13115644563031 ] } },
{ "type": "Feature", "properties": { "visible_points": 0, "total_points": 110, "visibility_pct": 0.0 }, "geometry": { "type": "Point", "coordinates": [ 1.293388841122599, 51.131150876074365 ] } },
{ "type": "Feature", "properties": { "visible_points": 0, "total_points": 112, "visibility_pct": 0.0 }, "geometry": { "type": "Point", "coordinates": [ 1.293586536049626, 51.131145306183775 ] } },
{ "type": "Feature", "properties": { "visible_points": 1, "total_points": 113, "visibility_pct": 0.88495575221238942 }, "geometry": { "type": "Point", "coordinates": [ 1.293784230912274, 51.131139735958527 ] } },
{ "type": "Feature", "properties": { "visible_points": 2, "total_points": 112, "visibility_pct": 1.7857142857142856 }, "geometry": { "type": "Point", "coordinates": [ 1.293981925710543, 51.131134165398628 ] } },
{ "type": "Feature", "properties": { "visible_points": 3, "total_points": 110, "visibility_pct": 2.7272727272727271 }, "geometry": { "type": "Point", "coordinates": [ 1.294179620444433, 51.131128594504091 ] } },
{ "type": "Feature", "properties": { "visible_points": 0, "total_points": 109, "visibility_pct": 0.0 }, "geometry": { "type": "Point", "coordinates": [ 1.294377315113925, 51.131123023274917 ] } },
{ "type": "Feature", "properties": { "visible_points": 0, "total_points": 108, "visibility_pct": 0.0 }, "geometry": { "type": "Point", "coordinates": [ 1.294575009719026, 51.131117451711084 ] } },
{ "type": "Feature", "properties": { "visible_points": 4, "total_points": 107, "visibility_pct": 3.7383177570093453 }, "geometry": { "type": "Point", "coordinates": [ 1.294772704259736, 51.131111879812622 ] } },
{ "type": "Feature", "properties": { "visible_points": 3, "total_points": 107, "visibility_pct": 2.8037383177570092 }, "geometry": { "type": "Point", "coordinates": [ 1.294970398736044, 51.131106307579493 ] } },
{ "type": "Feature", "properties": { "visible_points": 0, "total_points": 107, "visibility_pct": 0.0 }, "geometry": { "type": "Point", "coordinates": [ 1.295168093147943, 51.131100735011728 ] } },
{ "type": "Feature", "properties": { "visible_points": 0, "total_points": 107, "visibility_pct": 0.0 }, "geometry": { "type": "Point", "coordinates": [ 1.295365787495438, 51.131095162109318 ] } },
{ "type": "Feature", "properties": { "visible_points": 20, "total_points": 107, "visibility_pct": 18.691588785046729 }, "geometry": { "type": "Point", "coordinates": [ 1.295563481778523, 51.131089588872278 ] } },
{ "type": "Feature", "properties": { "visible_points": 25, "total_points": 107, "visibility_pct": 23.364485981308412 }, "geometry": { "type": "Point", "coordinates": [ 1.295761175997188, 51.131084015300566 ] } },
{ "type": "Feature", "properties": { "visible_points": 30, "total_points": 107, "visibility_pct": 28.037383177570092 }, "geometry": { "type": "Point", "coordinates": [ 1.295958870151437, 51.131078441394244 ] } },
{ "type": "Feature", "properties": { "visible_points": 23, "total_points": 108, "visibility_pct": 21.296296296296298 }, "geometry": { "type": "Point", "coordinates": [ 1.296156564241261, 51.131072867153243 ] } },
{ "type": "Feature", "properties": { "visible_points": 9, "total_points": 109, "visibility_pct": 8.2568807339449553 }, "geometry": { "type": "Point", "coordinates": [ 1.296354258266657, 51.131067292577633 ] } },
{ "type": "Feature", "properties": { "visible_points": 24, "total_points": 110, "visibility_pct": 21.818181818181817 }, "geometry": { "type": "Point", "coordinates": [ 1.296551952227625, 51.131061717667357 ] } },
{ "type": "Feature", "properties": { "visible_points": 25, "total_points": 111, "visibility_pct": 22.522522522522522 }, "geometry": { "type": "Point", "coordinates": [ 1.296749646124157, 51.131056142422445 ] } },
{ "type": "Feature", "properties": { "visible_points": 29, "total_points": 113, "visibility_pct": 25.663716814159294 }, "geometry": { "type": "Point", "coordinates": [ 1.296947339956246, 51.13105056684288 ] } },
{ "type": "Feature", "properties": { "visible_points": 26, "total_points": 115, "visibility_pct": 22.608695652173914 }, "geometry": { "type": "Point", "coordinates": [ 1.297145033723895, 51.131044990928686 ] } },
{ "type": "Feature", "properties": { "visible_points": 0, "total_points": 117, "visibility_pct": 0.0 }, "geometry": { "type": "Point", "coordinates": [ 1.2973427274271, 51.131039414679847 ] } },
{ "type": "Feature", "properties": { "visible_points": 0, "total_points": 119, "visibility_pct": 0.0 }, "geometry": { "type": "Point", "coordinates": [ 1.297540421065852, 51.131033838096364 ] } },
{ "type": "Feature", "properties": { "visible_points": 7, "total_points": 120, "visibility_pct": 5.833333333333333 }, "geometry": { "type": "Point", "coordinates": [ 1.297738114640152, 51.131028261178209 ] } },
{ "type": "Feature", "properties": { "visible_points": 13, "total_points": 120, "visibility_pct": 10.833333333333334 }, "geometry": { "type": "Point", "coordinates": [ 1.297935808149987, 51.131022683925458 ] } },
{ "type": "Feature", "properties": { "visible_points": 18, "total_points": 120, "visibility_pct": 15.0 }, "geometry": { "type": "Point", "coordinates": [ 1.298133501595369, 51.131017106338049 ] } },
{ "type": "Feature", "properties": { "visible_points": 25, "total_points": 120, "visibility_pct": 20.833333333333336 }, "geometry": { "type": "Point", "coordinates": [ 1.298331194277257, 51.131011528058288 ] } },
{ "type": "Feature", "properties": { "visible_points": 26, "total_points": 120, "visibility_pct": 21.666666666666668 }, "geometry": { "type": "Point", "coordinates": [ 1.298528885890116, 51.13100594871738 ] } },
{ "type": "Feature", "properties": { "visible_points": 32, "total_points": 119, "visibility_pct": 26.890756302521009 }, "geometry": { "type": "Point", "coordinates": [ 1.298726577233811, 51.131000368980885 ] } },
{ "type": "Feature", "properties": { "visible_points": 36, "total_points": 118, "visibility_pct": 30.508474576271187 }, "geometry": { "type": "Point", "coordinates": [ 1.298924268513737, 51.130994788910293 ] } },
{ "type": "Feature", "properties": { "visible_points": 36, "total_points": 116, "visibility_pct": 31.03448275862069 }, "geometry": { "type": "Point", "coordinates": [ 1.299121959729901, 51.130989208505625 ] } },
{ "type": "Feature", "properties": { "visible_points": 30, "total_points": 114, "visibility_pct": 26.315789473684209 }, "geometry": { "type": "Point", "coordinates": [ 1.299319650882287, 51.130983627766845 ] } },
{ "type": "Feature", "properties": { "visible_points": 26, "total_points": 112, "visibility_pct": 23.214285714285715 }, "geometry": { "type": "Point", "coordinates": [ 1.299517341970896, 51.130978046693976 ] } },
{ "type": "Feature", "properties": { "visible_points": 26, "total_points": 110, "visibility_pct": 23.636363636363637 }, "geometry": { "type": "Point", "coordinates": [ 1.299715032995723, 51.130972465287016 ] } },
{ "type": "Feature", "properties": { "visible_points": 21, "total_points": 108, "visibility_pct": 19.444444444444446 }, "geometry": { "type": "Point", "coordinates": [ 1.299912723956769, 51.130966883545945 ] } },
{ "type": "Feature", "properties": { "visible_points": 18, "total_points": 107, "visibility_pct": 16.822429906542055 }, "geometry": { "type": "Point", "coordinates": [ 1.30011041485402, 51.130961301470769 ] } },
{ "type": "Feature", "properties": { "visible_points": 4, "total_points": 107, "visibility_pct": 3.7383177570093453 }, "geometry": { "type": "Point", "coordinates": [ 1.300308105687486, 51.130955719061532 ] } },
{ "type": "Feature", "properties": { "visible_points": 2, "total_points": 107, "visibility_pct": 1.8691588785046727 }, "geometry": { "type": "Point", "coordinates": [ 1.300505796457149, 51.130950136318191 ] } },
{ "type": "Feature", "properties": { "visible_points": 0, "total_points": 107, "visibility_pct": 0.0 }, "geometry": { "type": "Point", "coordinates": [ 1.300703487163016, 51.130944553240752 ] } },
{ "type": "Feature", "properties": { "visible_points": 0, "total_points": 104, "visibility_pct": 0.0 }, "geometry": { "type": "Point", "coordinates": [ 1.300901177805079, 51.130938969829209 ] } },
{ "type": "Feature", "properties": { "visible_points": 0, "total_points": 102, "visibility_pct": 0.0 }, "geometry": { "type": "Point", "coordinates": [ 1.301098868383332, 51.130933386083569 ] } },
{ "type": "Feature", "properties": { "visible_points": 0, "total_points": 100, "visibility_pct": 0.0 }, "geometry": { "type": "Point", "coordinates": [ 1.301296558897777, 51.130927802003832 ] } },
{ "type": "Feature", "properties": { "visible_points": 0, "total_points": 99, "visibility_pct": 0.0 }, "geometry": { "type": "Point", "coordinates": [ 1.301494249348406, 51.130922217590026 ] } },
{ "type": "Feature", "properties": { "visible_points": 0, "total_points": 76, "visibility_pct": 0.0 }, "geometry": { "type": "Point", "coordinates": [ 1.302285010512685, 51.130899876593809 ] } },
{ "type": "Feature", "properties": { "visible_points": 0, "total_points": 66, "visibility_pct": 0.0 }, "geometry": { "type": "Point", "coordinates": [ 1.302482700644183, 51.130894290509531 ] } },
{ "type": "Feature", "properties": { "visible_points": 0, "total_points": 83, "visibility_pct": 0.0 }, "geometry": { "type": "Point", "coordinates": [ 1.292704576233545, 51.131278095737038 ] } },
{ "type": "Feature", "properties": { "visible_points": 0, "total_points": 90, "visibility_pct": 0.0 }, "geometry": { "type": "Point", "coordinates": [ 1.292902271856491, 51.131272527004718 ] } },
{ "type": "Feature", "properties": { "visible_points": 0, "total_points": 97, "visibility_pct": 0.0 }, "geometry": { "type": "Point", "coordinates": [ 1.293099967415076, 51.131266957937754 ] } },
{ "type": "Feature", "properties": { "visible_points": 1, "total_points": 103, "visibility_pct": 0.97087378640776689 }, "geometry": { "type": "Point", "coordinates": [ 1.293297662909289, 51.131261388536117 ] } },
{ "type": "Feature", "properties": { "visible_points": 0, "total_points": 109, "visibility_pct": 0.0 }, "geometry": { "type": "Point", "coordinates": [ 1.293495358339126, 51.131255818799872 ] } },
{ "type": "Feature", "properties": { "visible_points": 0, "total_points": 113, "visibility_pct": 0.0 }, "geometry": { "type": "Point", "coordinates": [ 1.293693053704595, 51.131250248728954 ] } },
{ "type": "Feature", "properties": { "visible_points": 0, "total_points": 116, "visibility_pct": 0.0 }, "geometry": { "type": "Point", "coordinates": [ 1.293890749005683, 51.131244678323398 ] } },
{ "type": "Feature", "properties": { "visible_points": 0, "total_points": 117, "visibility_pct": 0.0 }, "geometry": { "type": "Point", "coordinates": [ 1.294088444242384, 51.13123910758317 ] } },
{ "type": "Feature", "properties": { "visible_points": 0, "total_points": 116, "visibility_pct": 0.0 }, "geometry": { "type": "Point", "coordinates": [ 1.294286139414701, 51.131233536508333 ] } },
{ "type": "Feature", "properties": { "visible_points": 0, "total_points": 115, "visibility_pct": 0.0 }, "geometry": { "type": "Point", "coordinates": [ 1.294483834522625, 51.131227965098844 ] } },
{ "type": "Feature", "properties": { "visible_points": 0, "total_points": 115, "visibility_pct": 0.0 }, "geometry": { "type": "Point", "coordinates": [ 1.294681529566158, 51.13122239335469 ] } },
{ "type": "Feature", "properties": { "visible_points": 6, "total_points": 115, "visibility_pct": 5.2173913043478262 }, "geometry": { "type": "Point", "coordinates": [ 1.294879224545286, 51.131216821275899 ] } },
{ "type": "Feature", "properties": { "visible_points": 0, "total_points": 115, "visibility_pct": 0.0 }, "geometry": { "type": "Point", "coordinates": [ 1.295076919460018, 51.131211248862456 ] } },
{ "type": "Feature", "properties": { "visible_points": 8, "total_points": 115, "visibility_pct": 6.9565217391304346 }, "geometry": { "type": "Point", "coordinates": [ 1.295274614310338, 51.131205676114377 ] } },
{ "type": "Feature", "properties": { "visible_points": 8, "total_points": 115, "visibility_pct": 6.9565217391304346 }, "geometry": { "type": "Point", "coordinates": [ 1.295472309096249, 51.131200103031645 ] } },
{ "type": "Feature", "properties": { "visible_points": 22, "total_points": 115, "visibility_pct": 19.130434782608695 }, "geometry": { "type": "Point", "coordinates": [ 1.295670003817748, 51.131194529614255 ] } },
{ "type": "Feature", "properties": { "visible_points": 22, "total_points": 115, "visibility_pct": 19.130434782608695 }, "geometry": { "type": "Point", "coordinates": [ 1.295867698474827, 51.13118895586225 ] } },
{ "type": "Feature", "properties": { "visible_points": 27, "total_points": 115, "visibility_pct": 23.478260869565219 }, "geometry": { "type": "Point", "coordinates": [ 1.296065393067485, 51.131183381775593 ] } },
{ "type": "Feature", "properties": { "visible_points": 28, "total_points": 115, "visibility_pct": 24.347826086956523 }, "geometry": { "type": "Point", "coordinates": [ 1.296263087595714, 51.131177807354263 ] } },
{ "type": "Feature", "properties": { "visible_points": 30, "total_points": 116, "visibility_pct": 25.862068965517242 }, "geometry": { "type": "Point", "coordinates": [ 1.296460782059521, 51.131172232598303 ] } },
{ "type": "Feature", "properties": { "visible_points": 25, "total_points": 117, "visibility_pct": 21.367521367521366 }, "geometry": { "type": "Point", "coordinates": [ 1.29665847645888, 51.13116665750772 ] } },
{ "type": "Feature", "properties": { "visible_points": 26, "total_points": 118, "visibility_pct": 22.033898305084744 }, "geometry": { "type": "Point", "coordinates": [ 1.296856170793818, 51.131161082082478 ] } },
{ "type": "Feature", "properties": { "visible_points": 23, "total_points": 119, "visibility_pct": 19.327731092436977 }, "geometry": { "type": "Point", "coordinates": [ 1.297053865064304, 51.131155506322564 ] } },
{ "type": "Feature", "properties": { "visible_points": 18, "total_points": 120, "visibility_pct": 15.0 }, "geometry": { "type": "Point", "coordinates": [ 1.29725155927035, 51.131149930228034 ] } },
{ "type": "Feature", "properties": { "visible_points": 0, "total_points": 120, "visibility_pct": 0.0 }, "geometry": { "type": "Point", "coordinates": [ 1.297449253411946, 51.131144353798838 ] } },
{ "type": "Feature", "properties": { "visible_points": 0, "total_points": 120, "visibility_pct": 0.0 }, "geometry": { "type": "Point", "coordinates": [ 1.297646947489086, 51.131138777035041 ] } },
{ "type": "Feature", "properties": { "visible_points": 5, "total_points": 120, "visibility_pct": 4.1666666666666661 }, "geometry": { "type": "Point", "coordinates": [ 1.297844641501772, 51.131133199936571 ] } },
{ "type": "Feature", "properties": { "visible_points": 0, "total_points": 120, "visibility_pct": 0.0 }, "geometry": { "type": "Point", "coordinates": [ 1.298042335449997, 51.131127622503442 ] } },
{ "type": "Feature", "properties": { "visible_points": 0, "total_points": 120, "visibility_pct": 0.0 }, "geometry": { "type": "Point", "coordinates": [ 1.298240029081216, 51.131122044660295 ] } },
{ "type": "Feature", "properties": { "visible_points": 15, "total_points": 120, "visibility_pct": 12.5 }, "geometry": { "type": "Point", "coordinates": [ 1.298437721625147, 51.131116465715436 ] } },
{ "type": "Feature", "properties": { "visible_points": 25, "total_points": 120, "visibility_pct": 20.833333333333336 }, "geometry": { "type": "Point", "coordinates": [ 1.298635413464492, 51.131110886127722 ] } },
{ "type": "Feature", "properties": { "visible_points": 28, "total_points": 120, "visibility_pct": 23.333333333333332 }, "geometry": { "type": "Point", "coordinates": [ 1.298833105240073, 51.131105306205924 ] } },
{ "type": "Feature", "properties": { "visible_points": 34, "total_points": 120, "visibility_pct": 28.333333333333332 }, "geometry": { "type": "Point", "coordinates": [ 1.299030796951879, 51.131099725950023 ] } },
{ "type": "Feature", "properties": { "visible_points": 36, "total_points": 120, "visibility_pct": 30.0 }, "geometry": { "type": "Point", "coordinates": [ 1.29922848859992, 51.131094145360031 ] } },
{ "type": "Feature", "properties": { "visible_points": 32, "total_points": 119, "visibility_pct": 26.890756302521009 }, "geometry": { "type": "Point", "coordinates": [ 1.299426180184181, 51.131088564435942 ] } },
{ "type": "Feature", "properties": { "visible_points": 31, "total_points": 118, "visibility_pct": 26.271186440677969 }, "geometry": { "type": "Point", "coordinates": [ 1.299623871704663, 51.131082983177741 ] } },
{ "type": "Feature", "properties": { "visible_points": 21, "total_points": 116, "visibility_pct": 18.103448275862068 }, "geometry": { "type": "Point", "coordinates": [ 1.299821563161363, 51.131077401585465 ] } },
{ "type": "Feature", "properties": { "visible_points": 19, "total_points": 114, "visibility_pct": 16.666666666666664 }, "geometry": { "type": "Point", "coordinates": [ 1.300019254554275, 51.131071819659077 ] } },
{ "type": "Feature", "properties": { "visible_points": 18, "total_points": 113, "visibility_pct": 15.929203539823009 }, "geometry": { "type": "Point", "coordinates": [ 1.300216945883395, 51.131066237398585 ] } },
{ "type": "Feature", "properties": { "visible_points": 0, "total_points": 113, "visibility_pct": 0.0 }, "geometry": { "type": "Point", "coordinates": [ 1.300414637148722, 51.131060654804003 ] } },
{ "type": "Feature", "properties": { "visible_points": 0, "total_points": 114, "visibility_pct": 0.0 }, "geometry": { "type": "Point", "coordinates": [ 1.300612328350248, 51.131055071875345 ] } },
{ "type": "Feature", "properties": { "visible_points": 0, "total_points": 114, "visibility_pct": 0.0 }, "geometry": { "type": "Point", "coordinates": [ 1.300810019487974, 51.131049488612561 ] } },
{ "type": "Feature", "properties": { "visible_points": 0, "total_points": 112, "visibility_pct": 0.0 }, "geometry": { "type": "Point", "coordinates": [ 1.301007710561892, 51.131043905015709 ] } },
{ "type": "Feature", "properties": { "visible_points": 0, "total_points": 110, "visibility_pct": 0.0 }, "geometry": { "type": "Point", "coordinates": [ 1.301205401572005, 51.131038321084745 ] } },
{ "type": "Feature", "properties": { "visible_points": 0, "total_points": 109, "visibility_pct": 0.0 }, "geometry": { "type": "Point", "coordinates": [ 1.301403092518295, 51.131032736819677 ] } },
{ "type": "Feature", "properties": { "visible_points": 0, "total_points": 107, "visibility_pct": 0.0 }, "geometry": { "type": "Point", "coordinates": [ 1.301600783400775, 51.131027152220533 ] } },
{ "type": "Feature", "properties": { "visible_points": 0, "total_points": 103, "visibility_pct": 0.0 }, "geometry": { "type": "Point", "coordinates": [ 1.301798474219429, 51.131021567287291 ] } },
{ "type": "Feature", "properties": { "visible_points": 0, "total_points": 89, "visibility_pct": 0.0 }, "geometry": { "type": "Point", "coordinates": [ 1.302193855665261, 51.131010396418517 ] } },
{ "type": "Feature", "properties": { "visible_points": 0, "total_points": 79, "visibility_pct": 0.0 }, "geometry": { "type": "Point", "coordinates": [ 1.302391546292431, 51.131004810482999 ] } },
{ "type": "Feature", "properties": { "visible_points": 0, "total_points": 69, "visibility_pct": 0.0 }, "geometry": { "type": "Point", "coordinates": [ 1.302589236855761, 51.130999224213362 ] } },
{ "type": "Feature", "properties": { "visible_points": 0, "total_points": 85, "visibility_pct": 0.0 }, "geometry": { "type": "Point", "coordinates": [ 1.293008788260514, 51.131377470172332 ] } },
{ "type": "Feature", "properties": { "visible_points": 0, "total_points": 92, "visibility_pct": 0.0 }, "geometry": { "type": "Point", "coordinates": [ 1.293206484257544, 51.131371900925053 ] } },
{ "type": "Feature", "properties": { "visible_points": 0, "total_points": 98, "visibility_pct": 0.0 }, "geometry": { "type": "Point", "coordinates": [ 1.293404180190204, 51.131366331343123 ] } },
{ "type": "Feature", "properties": { "visible_points": 0, "total_points": 104, "visibility_pct": 0.0 }, "geometry": { "type": "Point", "coordinates": [ 1.293601876058487, 51.131360761426542 ] } },
{ "type": "Feature", "properties": { "visible_points": 0, "total_points": 110, "visibility_pct": 0.0 }, "geometry": { "type": "Point", "coordinates": [ 1.293799571862394, 51.131355191175302 ] } },
{ "type": "Feature", "properties": { "visible_points": 0, "total_points": 115, "visibility_pct": 0.0 }, "geometry": { "type": "Point", "coordinates": [ 1.293997267601919, 51.13134962058944 ] } },
{ "type": "Feature", "properties": { "visible_points": 0, "total_points": 119, "visibility_pct": 0.0 }, "geometry": { "type": "Point", "coordinates": [ 1.294194963277057, 51.131344049668918 ] } },
{ "type": "Feature", "properties": { "visible_points": 0, "total_points": 120, "visibility_pct": 0.0 }, "geometry": { "type": "Point", "coordinates": [ 1.294392658887807, 51.131338478413745 ] } },
{ "type": "Feature", "properties": { "visible_points": 0, "total_points": 120, "visibility_pct": 0.0 }, "geometry": { "type": "Point", "coordinates": [ 1.294590354434163, 51.131332906823928 ] } },
{ "type": "Feature", "properties": { "visible_points": 10, "total_points": 120, "visibility_pct": 8.3333333333333321 }, "geometry": { "type": "Point", "coordinates": [ 1.294788049916122, 51.131327334899467 ] } },
{ "type": "Feature", "properties": { "visible_points": 9, "total_points": 120, "visibility_pct": 7.5 }, "geometry": { "type": "Point", "coordinates": [ 1.294985745333676, 51.13132176264034 ] } },
{ "type": "Feature", "properties": { "visible_points": 7, "total_points": 120, "visibility_pct": 5.833333333333333 }, "geometry": { "type": "Point", "coordinates": [ 1.295183440686831, 51.131316190046576 ] } },
{ "type": "Feature", "properties": { "visible_points": 15, "total_points": 120, "visibility_pct": 12.5 }, "geometry": { "type": "Point", "coordinates": [ 1.295381135975573, 51.131310617118181 ] } },
{ "type": "Feature", "properties": { "visible_points": 19, "total_points": 120, "visibility_pct": 15.833333333333332 }, "geometry": { "type": "Point", "coordinates": [ 1.295578831199902, 51.131305043855122 ] } },
{ "type": "Feature", "properties": { "visible_points": 7, "total_points": 120, "visibility_pct": 5.833333333333333 }, "geometry": { "type": "Point", "coordinates": [ 1.295776526359817, 51.131299470257431 ] } },
{ "type": "Feature", "properties": { "visible_points": 1, "total_points": 120, "visibility_pct": 0.83333333333333337 }, "geometry": { "type": "Point", "coordinates": [ 1.295974221455309, 51.131293896325083 ] } },
{ "type": "Feature", "properties": { "visible_points": 17, "total_points": 120, "visibility_pct": 14.166666666666666 }, "geometry": { "type": "Point", "coordinates": [ 1.296171916486377, 51.131288322058076 ] } },
{ "type": "Feature", "properties": { "visible_points": 27, "total_points": 120, "visibility_pct": 22.5 }, "geometry": { "type": "Point", "coordinates": [ 1.296369611453016, 51.131282747456432 ] } },
{ "type": "Feature", "properties": { "visible_points": 30, "total_points": 120, "visibility_pct": 25.0 }, "geometry": { "type": "Point", "coordinates": [ 1.296567306355226, 51.131277172520157 ] } },
{ "type": "Feature", "properties": { "visible_points": 25, "total_points": 120, "visibility_pct": 20.833333333333336 }, "geometry": { "type": "Point", "coordinates": [ 1.296765001192994, 51.13127159724921 ] } },
{ "type": "Feature", "properties": { "visible_points": 21, "total_points": 120, "visibility_pct": 17.5 }, "geometry": { "type": "Point", "coordinates": [ 1.29696269596633, 51.13126602164364 ] } },
{ "type": "Feature", "properties": { "visible_points": 22, "total_points": 120, "visibility_pct": 18.333333333333332 }, "geometry": { "type": "Point", "coordinates": [ 1.297160390675218, 51.131260445703411 ] } },
{ "type": "Feature", "properties": { "visible_points": 14, "total_points": 120, "visibility_pct": 11.666666666666666 }, "geometry": { "type": "Point", "coordinates": [ 1.297358085319658, 51.131254869428524 ] } },
{ "type": "Feature", "properties": { "visible_points": 8, "total_points": 120, "visibility_pct": 6.666666666666667 }, "geometry": { "type": "Point", "coordinates": [ 1.297555779899646, 51.131249292819028 ] } },
{ "type": "Feature", "properties": { "visible_points": 0, "total_points": 120, "visibility_pct": 0.0 }, "geometry": { "type": "Point", "coordinates": [ 1.297753474415177, 51.131243715874866 ] } },
{ "type": "Feature", "properties": { "visible_points": 0, "total_points": 120, "visibility_pct": 0.0 }, "geometry": { "type": "Point", "coordinates": [ 1.297951168866255, 51.131238138596053 ] } },
{ "type": "Feature", "properties": { "visible_points": 1, "total_points": 120, "visibility_pct": 0.83333333333333337 }, "geometry": { "type": "Point", "coordinates": [ 1.298148863252866, 51.131232560982617 ] } },
{ "type": "Feature", "properties": { "visible_points": 0, "total_points": 120, "visibility_pct": 0.0 }, "geometry": { "type": "Point", "coordinates": [ 1.298346556786363, 51.131226982602669 ] } },
{ "type": "Feature", "properties": { "visible_points": 0, "total_points": 120, "visibility_pct": 0.0 }, "geometry": { "type": "Point", "coordinates": [ 1.298544249263299, 51.131221403206737 ] } },
{ "type": "Feature", "properties": { "visible_points": 8, "total_points": 120, "visibility_pct": 6.666666666666667 }, "geometry": { "type": "Point", "coordinates": [ 1.29874194153453, 51.131215823433692 ] } },
{ "type": "Feature", "properties": { "visible_points": 21, "total_points": 120, "visibility_pct": 17.5 }, "geometry": { "type": "Point", "coordinates": [ 1.29893963374199, 51.131210243326592 ] } },
{ "type": "Feature", "properties": { "visible_points": 25, "total_points": 120, "visibility_pct": 20.833333333333336 }, "geometry": { "type": "Point", "coordinates": [ 1.299137325885685, 51.131204662885381 ] } },
{ "type": "Feature", "properties": { "visible_points": 30, "total_points": 120, "visibility_pct": 25.0 }, "geometry": { "type": "Point", "coordinates": [ 1.2993350179656, 51.131199082110065 ] } },
{ "type": "Feature", "properties": { "visible_points": 23, "total_points": 120, "visibility_pct": 19.166666666666668 }, "geometry": { "type": "Point", "coordinates": [ 1.299532709981743, 51.131193501000645 ] } },
{ "type": "Feature", "properties": { "visible_points": 21, "total_points": 120, "visibility_pct": 17.5 }, "geometry": { "type": "Point", "coordinates": [ 1.299730401934099, 51.131187919557135 ] } },
{ "type": "Feature", "properties": { "visible_points": 21, "total_points": 120, "visibility_pct": 17.5 }, "geometry": { "type": "Point", "coordinates": [ 1.29992809382267, 51.131182337779528 ] } },
{ "type": "Feature", "properties": { "visible_points": 20, "total_points": 119, "visibility_pct": 16.806722689075631 }, "geometry": { "type": "Point", "coordinates": [ 1.300125785647453, 51.13117675566783 ] } },
{ "type": "Feature", "properties": { "visible_points": 15, "total_points": 118, "visibility_pct": 12.711864406779661 }, "geometry": { "type": "Point", "coordinates": [ 1.300323477408442, 51.131171173222015 ] } },
{ "type": "Feature", "properties": { "visible_points": 0, "total_points": 118, "visibility_pct": 0.0 }, "geometry": { "type": "Point", "coordinates": [ 1.30052116910563, 51.131165590442123 ] } },
{ "type": "Feature", "properties": { "visible_points": 0, "total_points": 118, "visibility_pct": 0.0 }, "geometry": { "type": "Point", "coordinates": [ 1.300718860739024, 51.131160007328113 ] } },
{ "type": "Feature", "properties": { "visible_points": 0, "total_points": 117, "visibility_pct": 0.0 }, "geometry": { "type": "Point", "coordinates": [ 1.300916552308608, 51.131154423880012 ] } },
{ "type": "Feature", "properties": { "visible_points": 0, "total_points": 116, "visibility_pct": 0.0 }, "geometry": { "type": "Point", "coordinates": [ 1.301114243814384, 51.131148840097808 ] } },
{ "type": "Feature", "properties": { "visible_points": 0, "total_points": 115, "visibility_pct": 0.0 }, "geometry": { "type": "Point", "coordinates": [ 1.301311935256351, 51.13114325598152 ] } },
{ "type": "Feature", "properties": { "visible_points": 0, "total_points": 113, "visibility_pct": 0.0 }, "geometry": { "type": "Point", "coordinates": [ 1.301509626634495, 51.131137671531143 ] } },
{ "type": "Feature", "properties": { "visible_points": 0, "total_points": 111, "visibility_pct": 0.0 }, "geometry": { "type": "Point", "coordinates": [ 1.301707317948825, 51.131132086746661 ] } },
{ "type": "Feature", "properties": { "visible_points": 0, "total_points": 108, "visibility_pct": 0.0 }, "geometry": { "type": "Point", "coordinates": [ 1.301905009199328, 51.131126501628081 ] } },
{ "type": "Feature", "properties": { "visible_points": 0, "total_points": 101, "visibility_pct": 0.0 }, "geometry": { "type": "Point", "coordinates": [ 1.302102700386004, 51.131120916175398 ] } },
{ "type": "Feature", "properties": { "visible_points": 0, "total_points": 92, "visibility_pct": 0.0 }, "geometry": { "type": "Point", "coordinates": [ 1.30230039150885, 51.131115330388639 ] } },
{ "type": "Feature", "properties": { "visible_points": 0, "total_points": 81, "visibility_pct": 0.0 }, "geometry": { "type": "Point", "coordinates": [ 1.30249808256786, 51.131109744267761 ] } },
{ "type": "Feature", "properties": { "visible_points": 0, "total_points": 72, "visibility_pct": 0.0 }, "geometry": { "type": "Point", "coordinates": [ 1.302695773563028, 51.131104157812807 ] } },
{ "type": "Feature", "properties": { "visible_points": 0, "total_points": 62, "visibility_pct": 0.0 }, "geometry": { "type": "Point", "coordinates": [ 1.302893464494358, 51.131098571023749 ] } },
{ "type": "Feature", "properties": { "visible_points": 0, "total_points": 86, "visibility_pct": 0.0 }, "geometry": { "type": "Point", "coordinates": [ 1.293313001602844, 51.13147684381353 ] } },
{ "type": "Feature", "properties": { "visible_points": 0, "total_points": 93, "visibility_pct": 0.0 }, "geometry": { "type": "Point", "coordinates": [ 1.293510697973948, 51.1314712740513 ] } },
{ "type": "Feature", "properties": { "visible_points": 0, "total_points": 99, "visibility_pct": 0.0 }, "geometry": { "type": "Point", "coordinates": [ 1.293708394280681, 51.131465703954397 ] } },
{ "type": "Feature", "properties": { "visible_points": 0, "total_points": 105, "visibility_pct": 0.0 }, "geometry": { "type": "Point", "coordinates": [ 1.293906090523027, 51.131460133522857 ] } },
{ "type": "Feature", "properties": { "visible_points": 0, "total_points": 111, "visibility_pct": 0.0 }, "geometry": { "type": "Point", "coordinates": [ 1.294103786700991, 51.131454562756666 ] } },
{ "type": "Feature", "properties": { "visible_points": 0, "total_points": 116, "visibility_pct": 0.0 }, "geometry": { "type": "Point", "coordinates": [ 1.294301482814564, 51.131448991655823 ] } },
{ "type": "Feature", "properties": { "visible_points": 0, "total_points": 118, "visibility_pct": 0.0 }, "geometry": { "type": "Point", "coordinates": [ 1.294499178863752, 51.131443420220343 ] } },
{ "type": "Feature", "properties": { "visible_points": 6, "total_points": 120, "visibility_pct": 5.0 }, "geometry": { "type": "Point", "coordinates": [ 1.294696874848539, 51.131437848450197 ] } },
{ "type": "Feature", "properties": { "visible_points": 9, "total_points": 120, "visibility_pct": 7.5 }, "geometry": { "type": "Point", "coordinates": [ 1.294894570768927, 51.1314322763454 ] } },
{ "type": "Feature", "properties": { "visible_points": 12, "total_points": 120, "visibility_pct": 10.0 }, "geometry": { "type": "Point", "coordinates": [ 1.295092266624909, 51.131426703905973 ] } },
{ "type": "Feature", "properties": { "visible_points": 14, "total_points": 120, "visibility_pct": 11.666666666666666 }, "geometry": { "type": "Point", "coordinates": [ 1.295289962416488, 51.131421131131894 ] } },
{ "type": "Feature", "properties": { "visible_points": 15, "total_points": 120, "visibility_pct": 12.5 }, "geometry": { "type": "Point", "coordinates": [ 1.295487658143653, 51.13141555802315 ] } },
{ "type": "Feature", "properties": { "visible_points": 12, "total_points": 120, "visibility_pct": 10.0 }, "geometry": { "type": "Point", "coordinates": [ 1.2956853538064, 51.131409984579768 ] } },
{ "type": "Feature", "properties": { "visible_points": 6, "total_points": 120, "visibility_pct": 5.0 }, "geometry": { "type": "Point", "coordinates": [ 1.295883049404734, 51.131404410801743 ] } },
{ "type": "Feature", "properties": { "visible_points": 0, "total_points": 120, "visibility_pct": 0.0 }, "geometry": { "type": "Point", "coordinates": [ 1.296080744938637, 51.131398836689065 ] } },
{ "type": "Feature", "properties": { "visible_points": 8, "total_points": 120, "visibility_pct": 6.666666666666667 }, "geometry": { "type": "Point", "coordinates": [ 1.296278440408121, 51.131393262241744 ] } },
{ "type": "Feature", "properties": { "visible_points": 4, "total_points": 120, "visibility_pct": 3.3333333333333335 }, "geometry": { "type": "Point", "coordinates": [ 1.29647613581317, 51.131387687459771 ] } },
{ "type": "Feature", "properties": { "visible_points": 0, "total_points": 120, "visibility_pct": 0.0 }, "geometry": { "type": "Point", "coordinates": [ 1.296673831153787, 51.131382112343161 ] } },
{ "type": "Feature", "properties": { "visible_points": 20, "total_points": 120, "visibility_pct": 16.666666666666664 }, "geometry": { "type": "Point", "coordinates": [ 1.29687152642996, 51.131376536891878 ] } },
{ "type": "Feature", "properties": { "visible_points": 21, "total_points": 120, "visibility_pct": 17.5 }, "geometry": { "type": "Point", "coordinates": [ 1.297069221641698, 51.131370961105972 ] } },
{ "type": "Feature", "properties": { "visible_points": 17, "total_points": 120, "visibility_pct": 14.166666666666666 }, "geometry": { "type": "Point", "coordinates": [ 1.297266916788986, 51.131365384985401 ] } },
{ "type": "Feature", "properties": { "visible_points": 16, "total_points": 120, "visibility_pct": 13.333333333333334 }, "geometry": { "type": "Point", "coordinates": [ 1.297464611871825, 51.131359808530192 ] } },
{ "type": "Feature", "properties": { "visible_points": 10, "total_points": 120, "visibility_pct": 8.3333333333333321 }, "geometry": { "type": "Point", "coordinates": [ 1.297662306890204, 51.131354231740332 ] } },
{ "type": "Feature", "properties": { "visible_points": 7, "total_points": 120, "visibility_pct": 5.833333333333333 }, "geometry": { "type": "Point", "coordinates": [ 1.297860001844134, 51.131348654615842 ] } },
{ "type": "Feature", "properties": { "visible_points": 2, "total_points": 120, "visibility_pct": 1.6666666666666667 }, "geometry": { "type": "Point", "coordinates": [ 1.298057696733598, 51.131343077156693 ] } },
{ "type": "Feature", "properties": { "visible_points": 3, "total_points": 120, "visibility_pct": 2.5 }, "geometry": { "type": "Point", "coordinates": [ 1.298255391239004, 51.131337499267609 ] } },
{ "type": "Feature", "properties": { "visible_points": 7, "total_points": 120, "visibility_pct": 5.833333333333333 }, "geometry": { "type": "Point", "coordinates": [ 1.29845308463023, 51.131331920217882 ] } },
{ "type": "Feature", "properties": { "visible_points": 0, "total_points": 120, "visibility_pct": 0.0 }, "geometry": { "type": "Point", "coordinates": [ 1.298650777397114, 51.13132634059366 ] } },
{ "type": "Feature", "properties": { "visible_points": 0, "total_points": 120, "visibility_pct": 0.0 }, "geometry": { "type": "Point", "coordinates": [ 1.298848470100229, 51.131320760635312 ] } },
{ "type": "Feature", "properties": { "visible_points": 5, "total_points": 120, "visibility_pct": 4.1666666666666661 }, "geometry": { "type": "Point", "coordinates": [ 1.299046162739579, 51.131315180342881 ] } },
{ "type": "Feature", "properties": { "visible_points": 9, "total_points": 120, "visibility_pct": 7.5 }, "geometry": { "type": "Point", "coordinates": [ 1.299243855315154, 51.13130959971636 ] } },
{ "type": "Feature", "properties": { "visible_points": 22, "total_points": 120, "visibility_pct": 18.333333333333332 }, "geometry": { "type": "Point", "coordinates": [ 1.299441547826954, 51.131304018755714 ] } },
{ "type": "Feature", "properties": { "visible_points": 18, "total_points": 120, "visibility_pct": 15.0 }, "geometry": { "type": "Point", "coordinates": [ 1.299639240274974, 51.131298437460984 ] } },
{ "type": "Feature", "properties": { "visible_points": 9, "total_points": 120, "visibility_pct": 7.5 }, "geometry": { "type": "Point", "coordinates": [ 1.299836932659204, 51.131292855832143 ] } },
{ "type": "Feature", "properties": { "visible_points": 12, "total_points": 120, "visibility_pct": 10.0 }, "geometry": { "type": "Point", "coordinates": [ 1.300034624979653, 51.131287273869205 ] } },
{ "type": "Feature", "properties": { "visible_points": 10, "total_points": 120, "visibility_pct": 8.3333333333333321 }, "geometry": { "type": "Point", "coordinates": [ 1.300232317236305, 51.131281691572184 ] } },
{ "type": "Feature", "properties": { "visible_points": 16, "total_points": 120, "visibility_pct": 13.333333333333334 }, "geometry": { "type": "Point", "coordinates": [ 1.300430009429162, 51.131276108941051 ] } },
{ "type": "Feature", "properties": { "visible_points": 7, "total_points": 120, "visibility_pct": 5.833333333333333 }, "geometry": { "type": "Point", "coordinates": [ 1.30062770155822, 51.131270525975822 ] } },
{ "type": "Feature", "properties": { "visible_points": 3, "total_points": 120, "visibility_pct": 2.5 }, "geometry": { "type": "Point", "coordinates": [ 1.300825393623474, 51.131264942676488 ] } },
{ "type": "Feature", "properties": { "visible_points": 0, "total_points": 119, "visibility_pct": 0.0 }, "geometry": { "type": "Point", "coordinates": [ 1.30102308562492, 51.131259359043078 ] } },
{ "type": "Feature", "properties": { "visible_points": 1, "total_points": 118, "visibility_pct": 0.84745762711864403 }, "geometry": { "type": "Point", "coordinates": [ 1.301220777562557, 51.131253775075557 ] } },
{ "type": "Feature", "properties": { "visible_points": 0, "total_points": 117, "visibility_pct": 0.0 }, "geometry": { "type": "Point", "coordinates": [ 1.301418469436379, 51.131248190773931 ] } },
{ "type": "Feature", "properties": { "visible_points": 0, "total_points": 116, "visibility_pct": 0.0 }, "geometry": { "type": "Point", "coordinates": [ 1.301616161246381, 51.131242606138201 ] } },
{ "type": "Feature", "properties": { "visible_points": 0, "total_points": 115, "visibility_pct": 0.0 }, "geometry": { "type": "Point", "coordinates": [ 1.301813852992562, 51.131237021168403 ] } },
{ "type": "Feature", "properties": { "visible_points": 0, "total_points": 113, "visibility_pct": 0.0 }, "geometry": { "type": "Point", "coordinates": [ 1.302011544674911, 51.131231435864485 ] } },
{ "type": "Feature", "properties": { "visible_points": 0, "total_points": 104, "visibility_pct": 0.0 }, "geometry": { "type": "Point", "coordinates": [ 1.302209236293437, 51.131225850226464 ] } },
{ "type": "Feature", "properties": { "visible_points": 0, "total_points": 94, "visibility_pct": 0.0 }, "geometry": { "type": "Point", "coordinates": [ 1.302406927848126, 51.131220264254367 ] } },
{ "type": "Feature", "properties": { "visible_points": 0, "total_points": 83, "visibility_pct": 0.0 }, "geometry": { "type": "Point", "coordinates": [ 1.302604619338979, 51.131214677948151 ] } },
{ "type": "Feature", "properties": { "visible_points": 0, "total_points": 72, "visibility_pct": 0.0 }, "geometry": { "type": "Point", "coordinates": [ 1.302802310765989, 51.131209091307859 ] } },
{ "type": "Feature", "properties": { "visible_points": 0, "total_points": 87, "visibility_pct": 0.0 }, "geometry": { "type": "Point", "coordinates": [ 1.293617216260533, 51.13157621666064 ] } },
{ "type": "Feature", "properties": { "visible_points": 0, "total_points": 94, "visibility_pct": 0.0 }, "geometry": { "type": "Point", "coordinates": [ 1.293814913005706, 51.13157064638343 ] } },
{ "type": "Feature", "properties": { "visible_points": 0, "total_points": 100, "visibility_pct": 0.0 }, "geometry": { "type": "Point", "coordinates": [ 1.294012609686499, 51.131565075771583 ] } },
{ "type": "Feature", "properties": { "visible_points": 0, "total_points": 105, "visibility_pct": 0.0 }, "geometry": { "type": "Point", "coordinates": [ 1.294210306302902, 51.131559504825063 ] } },
{ "type": "Feature", "properties": { "visible_points": 0, "total_points": 111, "visibility_pct": 0.0 }, "geometry": { "type": "Point", "coordinates": [ 1.294408002854913, 51.131553933543906 ] } },
{ "type": "Feature", "properties": { "visible_points": 4, "total_points": 114, "visibility_pct": 3.5087719298245612 }, "geometry": { "type": "Point", "coordinates": [ 1.294605699342538, 51.13154836192809 ] } },
{ "type": "Feature", "properties": { "visible_points": 9, "total_points": 117, "visibility_pct": 7.6923076923076925 }, "geometry": { "type": "Point", "coordinates": [ 1.294803395765761, 51.13154278997763 ] } },
{ "type": "Feature", "properties": { "visible_points": 2, "total_points": 119, "visibility_pct": 1.680672268907563 }, "geometry": { "type": "Point", "coordinates": [ 1.295001092124576, 51.131537217692525 ] } },
{ "type": "Feature", "properties": { "visible_points": 14, "total_points": 120, "visibility_pct": 11.666666666666666 }, "geometry": { "type": "Point", "coordinates": [ 1.295198788418987, 51.131531645072762 ] } },
{ "type": "Feature", "properties": { "visible_points": 13, "total_points": 120, "visibility_pct": 10.833333333333334 }, "geometry": { "type": "Point", "coordinates": [ 1.29539648464899, 51.131526072118341 ] } },
{ "type": "Feature", "properties": { "visible_points": 17, "total_points": 120, "visibility_pct": 14.166666666666666 }, "geometry": { "type": "Point", "coordinates": [ 1.295594180814579, 51.131520498829282 ] } },
{ "type": "Feature", "properties": { "visible_points": 0, "total_points": 120, "visibility_pct": 0.0 }, "geometry": { "type": "Point", "coordinates": [ 1.295791876915751, 51.131514925205572 ] } },
{ "type": "Feature", "properties": { "visible_points": 4, "total_points": 120, "visibility_pct": 3.3333333333333335 }, "geometry": { "type": "Point", "coordinates": [ 1.295989572952501, 51.13150935124721 ] } },
{ "type": "Feature", "properties": { "visible_points": 11, "total_points": 120, "visibility_pct": 9.1666666666666661 }, "geometry": { "type": "Point", "coordinates": [ 1.296187268924823, 51.131503776954219 ] } },
{ "type": "Feature", "properties": { "visible_points": 12, "total_points": 120, "visibility_pct": 10.0 }, "geometry": { "type": "Point", "coordinates": [ 1.296384964832721, 51.131498202326554 ] } },
{ "type": "Feature", "properties": { "visible_points": 5, "total_points": 120, "visibility_pct": 4.1666666666666661 }, "geometry": { "type": "Point", "coordinates": [ 1.296582660676179, 51.131492627364253 ] } },
{ "type": "Feature", "properties": { "visible_points": 1, "total_points": 120, "visibility_pct": 0.83333333333333337 }, "geometry": { "type": "Point", "coordinates": [ 1.296780356455204, 51.131487052067307 ] } },
{ "type": "Feature", "properties": { "visible_points": 0, "total_points": 120, "visibility_pct": 0.0 }, "geometry": { "type": "Point", "coordinates": [ 1.296978052169784, 51.131481476435695 ] } },
{ "type": "Feature", "properties": { "visible_points": 0, "total_points": 120, "visibility_pct": 0.0 }, "geometry": { "type": "Point", "coordinates": [ 1.297175747819923, 51.131475900469447 ] } },
{ "type": "Feature", "properties": { "visible_points": 0, "total_points": 120, "visibility_pct": 0.0 }, "geometry": { "type": "Point", "coordinates": [ 1.297373443405618, 51.131470324168546 ] } },
{ "type": "Feature", "properties": { "visible_points": 7, "total_points": 120, "visibility_pct": 5.833333333333333 }, "geometry": { "type": "Point", "coordinates": [ 1.297571138926853, 51.131464747533016 ] } },
{ "type": "Feature", "properties": { "visible_points": 17, "total_points": 120, "visibility_pct": 14.166666666666666 }, "geometry": { "type": "Point", "coordinates": [ 1.297768834383631, 51.131459170562813 ] } },
{ "type": "Feature", "properties": { "visible_points": 9, "total_points": 120, "visibility_pct": 7.5 }, "geometry": { "type": "Point", "coordinates": [ 1.297966529775954, 51.131453593257987 ] } },
{ "type": "Feature", "properties": { "visible_points": 10, "total_points": 120, "visibility_pct": 8.3333333333333321 }, "geometry": { "type": "Point", "coordinates": [ 1.298164225103806, 51.131448015618481 ] } },
{ "type": "Feature", "properties": { "visible_points": 7, "total_points": 119, "visibility_pct": 5.8823529411764701 }, "geometry": { "type": "Point", "coordinates": [ 1.298361919487713, 51.131442437137096 ] } },
{ "type": "Feature", "properties": { "visible_points": 4, "total_points": 119, "visibility_pct": 3.3613445378151261 }, "geometry": { "type": "Point", "coordinates": [ 1.298559612827817, 51.131436857685749 ] } },
{ "type": "Feature", "properties": { "visible_points": 3, "total_points": 119, "visibility_pct": 2.5210084033613445 }, "geometry": { "type": "Point", "coordinates": [ 1.298757306026594, 51.13143127787621 ] } },
{ "type": "Feature", "properties": { "visible_points": 5, "total_points": 119, "visibility_pct": 4.2016806722689077 }, "geometry": { "type": "Point", "coordinates": [ 1.298954999161599, 51.13142569773256 ] } },
{ "type": "Feature", "properties": { "visible_points": 6, "total_points": 119, "visibility_pct": 5.0420168067226889 }, "geometry": { "type": "Point", "coordinates": [ 1.299152692232836, 51.131420117254791 ] } },
{ "type": "Feature", "properties": { "visible_points": 14, "total_points": 120, "visibility_pct": 11.666666666666666 }, "geometry": { "type": "Point", "coordinates": [ 1.299350385240298, 51.131414536442946 ] } },
{ "type": "Feature", "properties": { "visible_points": 14, "total_points": 120, "visibility_pct": 11.666666666666666 }, "geometry": { "type": "Point", "coordinates": [ 1.299548078183979, 51.131408955296997 ] } },
{ "type": "Feature", "properties": { "visible_points": 13, "total_points": 120, "visibility_pct": 10.833333333333334 }, "geometry": { "type": "Point", "coordinates": [ 1.299745771063877, 51.131403373816937 ] } },
{ "type": "Feature", "properties": { "visible_points": 19, "total_points": 120, "visibility_pct": 15.833333333333332 }, "geometry": { "type": "Point", "coordinates": [ 1.299943463879985, 51.131397792002772 ] } },
{ "type": "Feature", "properties": { "visible_points": 19, "total_points": 120, "visibility_pct": 15.833333333333332 }, "geometry": { "type": "Point", "coordinates": [ 1.300141156632311, 51.131392209854532 ] } },
{ "type": "Feature", "properties": { "visible_points": 11, "total_points": 120, "visibility_pct": 9.1666666666666661 }, "geometry": { "type": "Point", "coordinates": [ 1.300338849320835, 51.131386627372166 ] } },
{ "type": "Feature", "properties": { "visible_points": 11, "total_points": 120, "visibility_pct": 9.1666666666666661 }, "geometry": { "type": "Point", "coordinates": [ 1.300536541945561, 51.131381044555717 ] } },
{ "type": "Feature", "properties": { "visible_points": 9, "total_points": 120, "visibility_pct": 7.5 }, "geometry": { "type": "Point", "coordinates": [ 1.300734234506488, 51.131375461405149 ] } },
{ "type": "Feature", "properties": { "visible_points": 3, "total_points": 120, "visibility_pct": 2.5 }, "geometry": { "type": "Point", "coordinates": [ 1.300931927003607, 51.131369877920498 ] } },
{ "type": "Feature", "properties": { "visible_points": 3, "total_points": 120, "visibility_pct": 2.5 }, "geometry": { "type": "Point", "coordinates": [ 1.30112961943692, 51.131364294101736 ] } },
{ "type": "Feature", "properties": { "visible_points": 0, "total_points": 119, "visibility_pct": 0.0 }, "geometry": { "type": "Point", "coordinates": [ 1.301327311806412, 51.131358709948884 ] } },
{ "type": "Feature", "properties": { "visible_points": 0, "total_points": 118, "visibility_pct": 0.0 }, "geometry": { "type": "Point", "coordinates": [ 1.301525004112093, 51.131353125461942 ] } },
{ "type": "Feature", "properties": { "visible_points": 0, "total_points": 118, "visibility_pct": 0.0 }, "geometry": { "type": "Point", "coordinates": [ 1.301722696353951, 51.131347540640874 ] } },
{ "type": "Feature", "properties": { "visible_points": 0, "total_points": 118, "visibility_pct": 0.0 }, "geometry": { "type": "Point", "coordinates": [ 1.301920388531985, 51.131341955485716 ] } },
{ "type": "Feature", "properties": { "visible_points": 0, "total_points": 116, "visibility_pct": 0.0 }, "geometry": { "type": "Point", "coordinates": [ 1.302118080646187, 51.131336369996482 ] } },
{ "type": "Feature", "properties": { "visible_points": 0, "total_points": 106, "visibility_pct": 0.0 }, "geometry": { "type": "Point", "coordinates": [ 1.302315772696562, 51.131330784173137 ] } },
{ "type": "Feature", "properties": { "visible_points": 0, "total_points": 94, "visibility_pct": 0.0 }, "geometry": { "type": "Point", "coordinates": [ 1.302513464683094, 51.131325198015681 ] } },
{ "type": "Feature", "properties": { "visible_points": 0, "total_points": 81, "visibility_pct": 0.0 }, "geometry": { "type": "Point", "coordinates": [ 1.302711156605795, 51.131319611524162 ] } },
{ "type": "Feature", "properties": { "visible_points": 0, "total_points": 81, "visibility_pct": 0.0 }, "geometry": { "type": "Point", "coordinates": [ 1.293723735049953, 51.131681159171166 ] } },
{ "type": "Feature", "properties": { "visible_points": 0, "total_points": 87, "visibility_pct": 0.0 }, "geometry": { "type": "Point", "coordinates": [ 1.293921432233573, 51.131675588713634 ] } },
{ "type": "Feature", "properties": { "visible_points": 0, "total_points": 94, "visibility_pct": 0.0 }, "geometry": { "type": "Point", "coordinates": [ 1.294119129352812, 51.131670017921479 ] } },
{ "type": "Feature", "properties": { "visible_points": 0, "total_points": 100, "visibility_pct": 0.0 }, "geometry": { "type": "Point", "coordinates": [ 1.294316826407655, 51.131664446794638 ] } },
{ "type": "Feature", "properties": { "visible_points": 0, "total_points": 106, "visibility_pct": 0.0 }, "geometry": { "type": "Point", "coordinates": [ 1.294514523398112, 51.131658875333159 ] } },
{ "type": "Feature", "properties": { "visible_points": 4, "total_points": 110, "visibility_pct": 3.6363636363636362 }, "geometry": { "type": "Point", "coordinates": [ 1.294712220324165, 51.131653303537021 ] } },
{ "type": "Feature", "properties": { "visible_points": 8, "total_points": 114, "visibility_pct": 7.0175438596491224 }, "geometry": { "type": "Point", "coordinates": [ 1.294909917185824, 51.13164773140624 ] } },
{ "type": "Feature", "properties": { "visible_points": 10, "total_points": 117, "visibility_pct": 8.5470085470085468 }, "geometry": { "type": "Point", "coordinates": [ 1.295107613983073, 51.131642158940821 ] } },
{ "type": "Feature", "properties": { "visible_points": 13, "total_points": 119, "visibility_pct": 10.92436974789916 }, "geometry": { "type": "Point", "coordinates": [ 1.295305310715917, 51.131636586140715 ] } },
{ "type": "Feature", "properties": { "visible_points": 14, "total_points": 120, "visibility_pct": 11.666666666666666 }, "geometry": { "type": "Point", "coordinates": [ 1.295503007384349, 51.131631013005979 ] } },
{ "type": "Feature", "properties": { "visible_points": 15, "total_points": 120, "visibility_pct": 12.5 }, "geometry": { "type": "Point", "coordinates": [ 1.29570070398836, 51.131625439536592 ] } },
{ "type": "Feature", "properties": { "visible_points": 1, "total_points": 120, "visibility_pct": 0.83333333333333337 }, "geometry": { "type": "Point", "coordinates": [ 1.295898400527952, 51.131619865732539 ] } },
{ "type": "Feature", "properties": { "visible_points": 4, "total_points": 120, "visibility_pct": 3.3333333333333335 }, "geometry": { "type": "Point", "coordinates": [ 1.296096097003123, 51.131614291593863 ] } },
{ "type": "Feature", "properties": { "visible_points": 7, "total_points": 120, "visibility_pct": 5.833333333333333 }, "geometry": { "type": "Point", "coordinates": [ 1.296293793413867, 51.131608717120521 ] } },
{ "type": "Feature", "properties": { "visible_points": 9, "total_points": 120, "visibility_pct": 7.5 }, "geometry": { "type": "Point", "coordinates": [ 1.296491489760171, 51.131603142312549 ] } },
{ "type": "Feature", "properties": { "visible_points": 5, "total_points": 120, "visibility_pct": 4.1666666666666661 }, "geometry": { "type": "Point", "coordinates": [ 1.296689186042047, 51.131597567169912 ] } },
{ "type": "Feature", "properties": { "visible_points": 1, "total_points": 120, "visibility_pct": 0.83333333333333337 }, "geometry": { "type": "Point", "coordinates": [ 1.296886882259483, 51.131591991692602 ] } },
{ "type": "Feature", "properties": { "visible_points": 0, "total_points": 120, "visibility_pct": 0.0 }, "geometry": { "type": "Point", "coordinates": [ 1.297084578412474, 51.131586415880669 ] } },
{ "type": "Feature", "properties": { "visible_points": 0, "total_points": 120, "visibility_pct": 0.0 }, "geometry": { "type": "Point", "coordinates": [ 1.297282274501017, 51.131580839734092 ] } },
{ "type": "Feature", "properties": { "visible_points": 0, "total_points": 120, "visibility_pct": 0.0 }, "geometry": { "type": "Point", "coordinates": [ 1.297479970525109, 51.131575263252863 ] } },
{ "type": "Feature", "properties": { "visible_points": 4, "total_points": 120, "visibility_pct": 3.3333333333333335 }, "geometry": { "type": "Point", "coordinates": [ 1.297677666484745, 51.131569686436983 ] } },
{ "type": "Feature", "properties": { "visible_points": 13, "total_points": 120, "visibility_pct": 10.833333333333334 }, "geometry": { "type": "Point", "coordinates": [ 1.297875362379925, 51.131564109286437 ] } },
{ "type": "Feature", "properties": { "visible_points": 10, "total_points": 119, "visibility_pct": 8.4033613445378155 }, "geometry": { "type": "Point", "coordinates": [ 1.298073058210643, 51.131558531801247 ] } },
{ "type": "Feature", "properties": { "visible_points": 9, "total_points": 118, "visibility_pct": 7.6271186440677967 }, "geometry": { "type": "Point", "coordinates": [ 1.298270753589321, 51.131552953865878 ] } },
{ "type": "Feature", "properties": { "visible_points": 11, "total_points": 117, "visibility_pct": 9.4017094017094021 }, "geometry": { "type": "Point", "coordinates": [ 1.298468447826638, 51.131547374710024 ] } },
{ "type": "Feature", "properties": { "visible_points": 16, "total_points": 116, "visibility_pct": 13.793103448275861 }, "geometry": { "type": "Point", "coordinates": [ 1.298666141521077, 51.131541795049252 ] } },
{ "type": "Feature", "properties": { "visible_points": 19, "total_points": 115, "visibility_pct": 16.521739130434781 }, "geometry": { "type": "Point", "coordinates": [ 1.298863835151743, 51.131536215054389 ] } },
{ "type": "Feature", "properties": { "visible_points": 23, "total_points": 115, "visibility_pct": 20.0 }, "geometry": { "type": "Point", "coordinates": [ 1.299061528718644, 51.131530634725415 ] } },
{ "type": "Feature", "properties": { "visible_points": 19, "total_points": 116, "visibility_pct": 16.379310344827587 }, "geometry": { "type": "Point", "coordinates": [ 1.299259222221767, 51.131525054062344 ] } },
{ "type": "Feature", "properties": { "visible_points": 19, "total_points": 117, "visibility_pct": 16.239316239316238 }, "geometry": { "type": "Point", "coordinates": [ 1.299456915661114, 51.131519473065161 ] } },
{ "type": "Feature", "properties": { "visible_points": 11, "total_points": 119, "visibility_pct": 9.2436974789915975 }, "geometry": { "type": "Point", "coordinates": [ 1.29965460903668, 51.131513891733896 ] } },
{ "type": "Feature", "properties": { "visible_points": 10, "total_points": 120, "visibility_pct": 8.3333333333333321 }, "geometry": { "type": "Point", "coordinates": [ 1.299852302348458, 51.131508310068519 ] } },
{ "type": "Feature", "properties": { "visible_points": 12, "total_points": 120, "visibility_pct": 10.0 }, "geometry": { "type": "Point", "coordinates": [ 1.300049995596449, 51.131502728069037 ] } },
{ "type": "Feature", "properties": { "visible_points": 0, "total_points": 120, "visibility_pct": 0.0 }, "geometry": { "type": "Point", "coordinates": [ 1.300247688780643, 51.131497145735445 ] } },
{ "type": "Feature", "properties": { "visible_points": 4, "total_points": 120, "visibility_pct": 3.3333333333333335 }, "geometry": { "type": "Point", "coordinates": [ 1.300445381901049, 51.131491563067762 ] } },
{ "type": "Feature", "properties": { "visible_points": 10, "total_points": 120, "visibility_pct": 8.3333333333333321 }, "geometry": { "type": "Point", "coordinates": [ 1.300643074957645, 51.131485980065982 ] } },
{ "type": "Feature", "properties": { "visible_points": 7, "total_points": 120, "visibility_pct": 5.833333333333333 }, "geometry": { "type": "Point", "coordinates": [ 1.300840767950439, 51.131480396730097 ] } },
{ "type": "Feature", "properties": { "visible_points": 6, "total_points": 120, "visibility_pct": 5.0 }, "geometry": { "type": "Point", "coordinates": [ 1.301038460879428, 51.131474813060102 ] } },
{ "type": "Feature", "properties": { "visible_points": 4, "total_points": 120, "visibility_pct": 3.3333333333333335 }, "geometry": { "type": "Point", "coordinates": [ 1.301236153744599, 51.131469229056016 ] } },
{ "type": "Feature", "properties": { "visible_points": 2, "total_points": 120, "visibility_pct": 1.6666666666666667 }, "geometry": { "type": "Point", "coordinates": [ 1.301433846545964, 51.131463644717833 ] } },
{ "type": "Feature", "properties": { "visible_points": 0, "total_points": 120, "visibility_pct": 0.0 }, "geometry": { "type": "Point", "coordinates": [ 1.301631539283499, 51.131458060045553 ] } },
{ "type": "Feature", "properties": { "visible_points": 0, "total_points": 120, "visibility_pct": 0.0 }, "geometry": { "type": "Point", "coordinates": [ 1.301829231957212, 51.131452475039154 ] } },
{ "type": "Feature", "properties": { "visible_points": 0, "total_points": 120, "visibility_pct": 0.0 }, "geometry": { "type": "Point", "coordinates": [ 1.302026924567101, 51.13144688969868 ] } },
{ "type": "Feature", "properties": { "visible_points": 0, "total_points": 112, "visibility_pct": 0.0 }, "geometry": { "type": "Point", "coordinates": [ 1.302224617113157, 51.131441304024094 ] } },
{ "type": "Feature", "properties": { "visible_points": 0, "total_points": 100, "visibility_pct": 0.0 }, "geometry": { "type": "Point", "coordinates": [ 1.302422309595381, 51.131435718015396 ] } },
{ "type": "Feature", "properties": { "visible_points": 0, "total_points": 87, "visibility_pct": 0.0 }, "geometry": { "type": "Point", "coordinates": [ 1.302620002013764, 51.131430131672616 ] } },
{ "type": "Feature", "properties": { "visible_points": 0, "total_points": 74, "visibility_pct": 0.0 }, "geometry": { "type": "Point", "coordinates": [ 1.302817694368304, 51.131424544995745 ] } },
{ "type": "Feature", "properties": { "visible_points": 0, "total_points": 74, "visibility_pct": 0.0 }, "geometry": { "type": "Point", "coordinates": [ 1.293830254342217, 51.131786101582868 ] } },
{ "type": "Feature", "properties": { "visible_points": 1, "total_points": 81, "visibility_pct": 1.2345679012345678 }, "geometry": { "type": "Point", "coordinates": [ 1.294027951964285, 51.131780530945022 ] } },
{ "type": "Feature", "properties": { "visible_points": 0, "total_points": 88, "visibility_pct": 0.0 }, "geometry": { "type": "Point", "coordinates": [ 1.294225649521965, 51.131774959972539 ] } },
{ "type": "Feature", "properties": { "visible_points": 0, "total_points": 95, "visibility_pct": 0.0 }, "geometry": { "type": "Point", "coordinates": [ 1.294423347015257, 51.13176938866539 ] } },
{ "type": "Feature", "properties": { "visible_points": 0, "total_points": 101, "visibility_pct": 0.0 }, "geometry": { "type": "Point", "coordinates": [ 1.294621044444153, 51.131763817023582 ] } },
{ "type": "Feature", "properties": { "visible_points": 0, "total_points": 106, "visibility_pct": 0.0 }, "geometry": { "type": "Point", "coordinates": [ 1.294818741808649, 51.131758245047116 ] } },
{ "type": "Feature", "properties": { "visible_points": 12, "total_points": 111, "visibility_pct": 10.810810810810811 }, "geometry": { "type": "Point", "coordinates": [ 1.29501643910874, 51.131752672736006 ] } },
{ "type": "Feature", "properties": { "visible_points": 9, "total_points": 115, "visibility_pct": 7.8260869565217401 }, "geometry": { "type": "Point", "coordinates": [ 1.295214136344425, 51.131747100090237 ] } },
{ "type": "Feature", "properties": { "visible_points": 15, "total_points": 118, "visibility_pct": 12.711864406779661 }, "geometry": { "type": "Point", "coordinates": [ 1.295411833515697, 51.131741527109838 ] } },
{ "type": "Feature", "properties": { "visible_points": 17, "total_points": 120, "visibility_pct": 14.166666666666666 }, "geometry": { "type": "Point", "coordinates": [ 1.295609530622558, 51.131735953794774 ] } },
{ "type": "Feature", "properties": { "visible_points": 13, "total_points": 120, "visibility_pct": 10.833333333333334 }, "geometry": { "type": "Point", "coordinates": [ 1.295807227664999, 51.131730380145065 ] } },
{ "type": "Feature", "properties": { "visible_points": 2, "total_points": 120, "visibility_pct": 1.6666666666666667 }, "geometry": { "type": "Point", "coordinates": [ 1.296004924643014, 51.131724806160697 ] } },
{ "type": "Feature", "properties": { "visible_points": 4, "total_points": 120, "visibility_pct": 3.3333333333333335 }, "geometry": { "type": "Point", "coordinates": [ 1.296202621556605, 51.131719231841664 ] } },
{ "type": "Feature", "properties": { "visible_points": 0, "total_points": 120, "visibility_pct": 0.0 }, "geometry": { "type": "Point", "coordinates": [ 1.296400318405766, 51.131713657188001 ] } },
{ "type": "Feature", "properties": { "visible_points": 3, "total_points": 120, "visibility_pct": 2.5 }, "geometry": { "type": "Point", "coordinates": [ 1.29659801519049, 51.131708082199687 ] } },
{ "type": "Feature", "properties": { "visible_points": 0, "total_points": 120, "visibility_pct": 0.0 }, "geometry": { "type": "Point", "coordinates": [ 1.29679571191078, 51.131702506876699 ] } },
{ "type": "Feature", "properties": { "visible_points": 0, "total_points": 120, "visibility_pct": 0.0 }, "geometry": { "type": "Point", "coordinates": [ 1.296993408566627, 51.131696931219075 ] } },
{ "type": "Feature", "properties": { "visible_points": 0, "total_points": 120, "visibility_pct": 0.0 }, "geometry": { "type": "Point", "coordinates": [ 1.297191105158024, 51.131691355226813 ] } },
{ "type": "Feature", "properties": { "visible_points": 0, "total_points": 120, "visibility_pct": 0.0 }, "geometry": { "type": "Point", "coordinates": [ 1.297388801684977, 51.131685778899886 ] } },
{ "type": "Feature", "properties": { "visible_points": 6, "total_points": 120, "visibility_pct": 5.0 }, "geometry": { "type": "Point", "coordinates": [ 1.297586498147471, 51.131680202238314 ] } },
{ "type": "Feature", "properties": { "visible_points": 3, "total_points": 120, "visibility_pct": 2.5 }, "geometry": { "type": "Point", "coordinates": [ 1.297784194545511, 51.131674625242077 ] } },
{ "type": "Feature", "properties": { "visible_points": 0, "total_points": 118, "visibility_pct": 0.0 }, "geometry": { "type": "Point", "coordinates": [ 1.297981890879093, 51.131669047911195 ] } },
{ "type": "Feature", "properties": { "visible_points": 0, "total_points": 116, "visibility_pct": 0.0 }, "geometry": { "type": "Point", "coordinates": [ 1.298179587145427, 51.131663470244639 ] } },
{ "type": "Feature", "properties": { "visible_points": 3, "total_points": 114, "visibility_pct": 2.6315789473684208 }, "geometry": { "type": "Point", "coordinates": [ 1.298377282380293, 51.131657891661447 ] } },
{ "type": "Feature", "properties": { "visible_points": 0, "total_points": 112, "visibility_pct": 0.0 }, "geometry": { "type": "Point", "coordinates": [ 1.298574976583676, 51.131652312154451 ] } },
{ "type": "Feature", "properties": { "visible_points": 10, "total_points": 111, "visibility_pct": 9.0090090090090094 }, "geometry": { "type": "Point", "coordinates": [ 1.298772670710005, 51.131646732308383 ] } },
{ "type": "Feature", "properties": { "visible_points": 16, "total_points": 111, "visibility_pct": 14.414414414414415 }, "geometry": { "type": "Point", "coordinates": [ 1.298970364772569, 51.131641152128203 ] } },
{ "type": "Feature", "properties": { "visible_points": 5, "total_points": 112, "visibility_pct": 4.4642857142857144 }, "geometry": { "type": "Point", "coordinates": [ 1.299168058771361, 51.131635571613899 ] } },
{ "type": "Feature", "properties": { "visible_points": 16, "total_points": 113, "visibility_pct": 14.159292035398231 }, "geometry": { "type": "Point", "coordinates": [ 1.299365752706374, 51.131629990765511 ] } },
{ "type": "Feature", "properties": { "visible_points": 18, "total_points": 115, "visibility_pct": 15.65217391304348 }, "geometry": { "type": "Point", "coordinates": [ 1.299563446577612, 51.131624409583026 ] } },
{ "type": "Feature", "properties": { "visible_points": 16, "total_points": 118, "visibility_pct": 13.559322033898304 }, "geometry": { "type": "Point", "coordinates": [ 1.299761140385057, 51.131618828066415 ] } },
{ "type": "Feature", "properties": { "visible_points": 12, "total_points": 119, "visibility_pct": 10.084033613445378 }, "geometry": { "type": "Point", "coordinates": [ 1.299958834128724, 51.131613246215721 ] } },
{ "type": "Feature", "properties": { "visible_points": 11, "total_points": 120, "visibility_pct": 9.1666666666666661 }, "geometry": { "type": "Point", "coordinates": [ 1.300156527808592, 51.131607664030916 ] } },
{ "type": "Feature", "properties": { "visible_points": 2, "total_points": 120, "visibility_pct": 1.6666666666666667 }, "geometry": { "type": "Point", "coordinates": [ 1.300354221424667, 51.131602081511993 ] } },
{ "type": "Feature", "properties": { "visible_points": 3, "total_points": 120, "visibility_pct": 2.5 }, "geometry": { "type": "Point", "coordinates": [ 1.300551914976943, 51.131596498658993 ] } },
{ "type": "Feature", "properties": { "visible_points": 5, "total_points": 120, "visibility_pct": 4.1666666666666661 }, "geometry": { "type": "Point", "coordinates": [ 1.300749608465417, 51.131590915471875 ] } },
{ "type": "Feature", "properties": { "visible_points": 8, "total_points": 120, "visibility_pct": 6.666666666666667 }, "geometry": { "type": "Point", "coordinates": [ 1.30094730189008, 51.131585331950667 ] } },
{ "type": "Feature", "properties": { "visible_points": 7, "total_points": 120, "visibility_pct": 5.833333333333333 }, "geometry": { "type": "Point", "coordinates": [ 1.301144995250937, 51.131579748095341 ] } },
{ "type": "Feature", "properties": { "visible_points": 6, "total_points": 120, "visibility_pct": 5.0 }, "geometry": { "type": "Point", "coordinates": [ 1.301342688547974, 51.131574163905917 ] } },
{ "type": "Feature", "properties": { "visible_points": 3, "total_points": 120, "visibility_pct": 2.5 }, "geometry": { "type": "Point", "coordinates": [ 1.3015403817812, 51.131568579382403 ] } },
{ "type": "Feature", "properties": { "visible_points": 2, "total_points": 120, "visibility_pct": 1.6666666666666667 }, "geometry": { "type": "Point", "coordinates": [ 1.301738074950596, 51.131562994524785 ] } },
{ "type": "Feature", "properties": { "visible_points": 0, "total_points": 119, "visibility_pct": 0.0 }, "geometry": { "type": "Point", "coordinates": [ 1.301935768056171, 51.131557409333048 ] } },
{ "type": "Feature", "properties": { "visible_points": 0, "total_points": 113, "visibility_pct": 0.0 }, "geometry": { "type": "Point", "coordinates": [ 1.302133461097915, 51.131551823807236 ] } },
{ "type": "Feature", "properties": { "visible_points": 0, "total_points": 103, "visibility_pct": 0.0 }, "geometry": { "type": "Point", "coordinates": [ 1.302331154075827, 51.131546237947298 ] } },
{ "type": "Feature", "properties": { "visible_points": 0, "total_points": 91, "visibility_pct": 0.0 }, "geometry": { "type": "Point", "coordinates": [ 1.302528846989897, 51.131540651753284 ] } },
{ "type": "Feature", "properties": { "visible_points": 0, "total_points": 78, "visibility_pct": 0.0 }, "geometry": { "type": "Point", "coordinates": [ 1.302726539840132, 51.131535065225165 ] } },
{ "type": "Feature", "properties": { "visible_points": 0, "total_points": 65, "visibility_pct": 0.0 }, "geometry": { "type": "Point", "coordinates": [ 1.302924232626517, 51.131529478362928 ] } },
{ "type": "Feature", "properties": { "visible_points": 1, "total_points": 83, "visibility_pct": 1.2048192771084338 }, "geometry": { "type": "Point", "coordinates": [ 1.294332170193972, 51.131879901924755 ] } },
{ "type": "Feature", "properties": { "visible_points": 0, "total_points": 90, "visibility_pct": 0.0 }, "geometry": { "type": "Point", "coordinates": [ 1.29452986812571, 51.131874330437299 ] } },
{ "type": "Feature", "properties": { "visible_points": 0, "total_points": 95, "visibility_pct": 0.0 }, "geometry": { "type": "Point", "coordinates": [ 1.294727565993046, 51.131868758615177 ] } },
{ "type": "Feature", "properties": { "visible_points": 5, "total_points": 100, "visibility_pct": 5.0 }, "geometry": { "type": "Point", "coordinates": [ 1.294925263795981, 51.131863186458389 ] } },
{ "type": "Feature", "properties": { "visible_points": 7, "total_points": 106, "visibility_pct": 6.6037735849056602 }, "geometry": { "type": "Point", "coordinates": [ 1.295122961534513, 51.13185761396695 ] } },
{ "type": "Feature", "properties": { "visible_points": 4, "total_points": 111, "visibility_pct": 3.6036036036036037 }, "geometry": { "type": "Point", "coordinates": [ 1.295320659208629, 51.131852041140874 ] } },
{ "type": "Feature", "properties": { "visible_points": 0, "total_points": 115, "visibility_pct": 0.0 }, "geometry": { "type": "Point", "coordinates": [ 1.295518356818338, 51.131846467980125 ] } },
{ "type": "Feature", "properties": { "visible_points": 12, "total_points": 119, "visibility_pct": 10.084033613445378 }, "geometry": { "type": "Point", "coordinates": [ 1.295716054363627, 51.131840894484746 ] } },
{ "type": "Feature", "properties": { "visible_points": 2, "total_points": 120, "visibility_pct": 1.6666666666666667 }, "geometry": { "type": "Point", "coordinates": [ 1.295913751844495, 51.131835320654694 ] } },
{ "type": "Feature", "properties": { "visible_points": 7, "total_points": 120, "visibility_pct": 5.833333333333333 }, "geometry": { "type": "Point", "coordinates": [ 1.296111449260939, 51.131829746489977 ] } },
{ "type": "Feature", "properties": { "visible_points": 6, "total_points": 120, "visibility_pct": 5.0 }, "geometry": { "type": "Point", "coordinates": [ 1.296309146612947, 51.131824171990637 ] } },
{ "type": "Feature", "properties": { "visible_points": 3, "total_points": 120, "visibility_pct": 2.5 }, "geometry": { "type": "Point", "coordinates": [ 1.296506843900533, 51.131818597156631 ] } },
{ "type": "Feature", "properties": { "visible_points": 0, "total_points": 120, "visibility_pct": 0.0 }, "geometry": { "type": "Point", "coordinates": [ 1.296704541123673, 51.131813021987966 ] } },
{ "type": "Feature", "properties": { "visible_points": 0, "total_points": 120, "visibility_pct": 0.0 }, "geometry": { "type": "Point", "coordinates": [ 1.296902238282378, 51.131807446484665 ] } },
{ "type": "Feature", "properties": { "visible_points": 0, "total_points": 120, "visibility_pct": 0.0 }, "geometry": { "type": "Point", "coordinates": [ 1.297099935376637, 51.131801870646711 ] } },
{ "type": "Feature", "properties": { "visible_points": 0, "total_points": 120, "visibility_pct": 0.0 }, "geometry": { "type": "Point", "coordinates": [ 1.297297632406447, 51.131796294474078 ] } },
{ "type": "Feature", "properties": { "visible_points": 7, "total_points": 120, "visibility_pct": 5.833333333333333 }, "geometry": { "type": "Point", "coordinates": [ 1.297495329371806, 51.131790717966815 ] } },
{ "type": "Feature", "properties": { "visible_points": 6, "total_points": 120, "visibility_pct": 5.0 }, "geometry": { "type": "Point", "coordinates": [ 1.297693026272708, 51.131785141124908 ] } },
{ "type": "Feature", "properties": { "visible_points": 1, "total_points": 116, "visibility_pct": 0.86206896551724133 }, "geometry": { "type": "Point", "coordinates": [ 1.29789072310915, 51.131779563948335 ] } },
{ "type": "Feature", "properties": { "visible_points": 1, "total_points": 113, "visibility_pct": 0.88495575221238942 }, "geometry": { "type": "Point", "coordinates": [ 1.29808841988113, 51.131773986437111 ] } },
{ "type": "Feature", "properties": { "visible_points": 2, "total_points": 110, "visibility_pct": 1.8181818181818181 }, "geometry": { "type": "Point", "coordinates": [ 1.298286116124357, 51.131768408434375 ] } },
{ "type": "Feature", "properties": { "visible_points": 1, "total_points": 107, "visibility_pct": 0.93457943925233633 }, "geometry": { "type": "Point", "coordinates": [ 1.298483811214381, 51.131762829191821 ] } },
{ "type": "Feature", "properties": { "visible_points": 0, "total_points": 106, "visibility_pct": 0.0 }, "geometry": { "type": "Point", "coordinates": [ 1.298681505836383, 51.131757249494548 ] } },
{ "type": "Feature", "properties": { "visible_points": 2, "total_points": 106, "visibility_pct": 1.8867924528301887 }, "geometry": { "type": "Point", "coordinates": [ 1.298879200394611, 51.131751669463149 ] } },
{ "type": "Feature", "properties": { "visible_points": 2, "total_points": 107, "visibility_pct": 1.8691588785046727 }, "geometry": { "type": "Point", "coordinates": [ 1.299076894889075, 51.131746089097625 ] } },
{ "type": "Feature", "properties": { "visible_points": 13, "total_points": 108, "visibility_pct": 12.037037037037036 }, "geometry": { "type": "Point", "coordinates": [ 1.299274589319759, 51.131740508398032 ] } },
{ "type": "Feature", "properties": { "visible_points": 15, "total_points": 110, "visibility_pct": 13.636363636363635 }, "geometry": { "type": "Point", "coordinates": [ 1.29947228368666, 51.131734927364306 ] } },
{ "type": "Feature", "properties": { "visible_points": 17, "total_points": 113, "visibility_pct": 15.044247787610621 }, "geometry": { "type": "Point", "coordinates": [ 1.299669977989789, 51.13172934599649 ] } },
{ "type": "Feature", "properties": { "visible_points": 16, "total_points": 117, "visibility_pct": 13.675213675213676 }, "geometry": { "type": "Point", "coordinates": [ 1.299867672229124, 51.131723764294549 ] } },
{ "type": "Feature", "properties": { "visible_points": 9, "total_points": 119, "visibility_pct": 7.5630252100840334 }, "geometry": { "type": "Point", "coordinates": [ 1.300065366404671, 51.131718182258538 ] } },
{ "type": "Feature", "properties": { "visible_points": 3, "total_points": 120, "visibility_pct": 2.5 }, "geometry": { "type": "Point", "coordinates": [ 1.30026306051642, 51.131712599888388 ] } },
{ "type": "Feature", "properties": { "visible_points": 0, "total_points": 120, "visibility_pct": 0.0 }, "geometry": { "type": "Point", "coordinates": [ 1.300460754564376, 51.131707017184162 ] } },
{ "type": "Feature", "properties": { "visible_points": 0, "total_points": 120, "visibility_pct": 0.0 }, "geometry": { "type": "Point", "coordinates": [ 1.300658448548532, 51.131701434145825 ] } },
{ "type": "Feature", "properties": { "visible_points": 3, "total_points": 120, "visibility_pct": 2.5 }, "geometry": { "type": "Point", "coordinates": [ 1.300856142468875, 51.131695850773362 ] } },
{ "type": "Feature", "properties": { "visible_points": 7, "total_points": 120, "visibility_pct": 5.833333333333333 }, "geometry": { "type": "Point", "coordinates": [ 1.301053836325414, 51.131690267066823 ] } },
{ "type": "Feature", "properties": { "visible_points": 8, "total_points": 120, "visibility_pct": 6.666666666666667 }, "geometry": { "type": "Point", "coordinates": [ 1.301251530118136, 51.131684683026172 ] } },
{ "type": "Feature", "properties": { "visible_points": 4, "total_points": 120, "visibility_pct": 3.3333333333333335 }, "geometry": { "type": "Point", "coordinates": [ 1.301449223847044, 51.131679098651418 ] } },
{ "type": "Feature", "properties": { "visible_points": 3, "total_points": 120, "visibility_pct": 2.5 }, "geometry": { "type": "Point", "coordinates": [ 1.301646917512133, 51.131673513942573 ] } },
{ "type": "Feature", "properties": { "visible_points": 0, "total_points": 118, "visibility_pct": 0.0 }, "geometry": { "type": "Point", "coordinates": [ 1.301844611113394, 51.131667928899603 ] } },
{ "type": "Feature", "properties": { "visible_points": 0, "total_points": 113, "visibility_pct": 0.0 }, "geometry": { "type": "Point", "coordinates": [ 1.302042304650825, 51.131662343522549 ] } },
{ "type": "Feature", "properties": { "visible_points": 0, "total_points": 104, "visibility_pct": 0.0 }, "geometry": { "type": "Point", "coordinates": [ 1.302239998124429, 51.131656757811371 ] } },
{ "type": "Feature", "properties": { "visible_points": 0, "total_points": 93, "visibility_pct": 0.0 }, "geometry": { "type": "Point", "coordinates": [ 1.302437691534196, 51.13165117176613 ] } },
{ "type": "Feature", "properties": { "visible_points": 0, "total_points": 81, "visibility_pct": 0.0 }, "geometry": { "type": "Point", "coordinates": [ 1.30263538488012, 51.13164558538675 ] } },
{ "type": "Feature", "properties": { "visible_points": 0, "total_points": 68, "visibility_pct": 0.0 }, "geometry": { "type": "Point", "coordinates": [ 1.302833078162202, 51.131639998673286 ] } },
{ "type": "Feature", "properties": { "visible_points": 1, "total_points": 83, "visibility_pct": 1.2048192771084338 }, "geometry": { "type": "Point", "coordinates": [ 1.294636389739015, 51.131979272110385 ] } },
{ "type": "Feature", "properties": { "visible_points": 6, "total_points": 89, "visibility_pct": 6.7415730337078648 }, "geometry": { "type": "Point", "coordinates": [ 1.294834088044798, 51.131973700107928 ] } },
{ "type": "Feature", "properties": { "visible_points": 7, "total_points": 95, "visibility_pct": 7.3684210526315779 }, "geometry": { "type": "Point", "coordinates": [ 1.295031786286171, 51.131968127770826 ] } },
{ "type": "Feature", "properties": { "visible_points": 6, "total_points": 101, "visibility_pct": 5.9405940594059405 }, "geometry": { "type": "Point", "coordinates": [ 1.295229484463144, 51.131962555099065 ] } },
{ "type": "Feature", "properties": { "visible_points": 6, "total_points": 107, "visibility_pct": 5.6074766355140184 }, "geometry": { "type": "Point", "coordinates": [ 1.295427182575693, 51.131956982092653 ] } },
{ "type": "Feature", "properties": { "visible_points": 1, "total_points": 111, "visibility_pct": 0.90090090090090091 }, "geometry": { "type": "Point", "coordinates": [ 1.295624880623839, 51.131951408751576 ] } },
{ "type": "Feature", "properties": { "visible_points": 5, "total_points": 116, "visibility_pct": 4.3103448275862073 }, "geometry": { "type": "Point", "coordinates": [ 1.29582257860756, 51.131945835075847 ] } },
{ "type": "Feature", "properties": { "visible_points": 5, "total_points": 118, "visibility_pct": 4.2372881355932197 }, "geometry": { "type": "Point", "coordinates": [ 1.296020276526857, 51.131940261065473 ] } },
{ "type": "Feature", "properties": { "visible_points": 6, "total_points": 119, "visibility_pct": 5.0420168067226889 }, "geometry": { "type": "Point", "coordinates": [ 1.296217974381723, 51.131934686720442 ] } },
{ "type": "Feature", "properties": { "visible_points": 3, "total_points": 119, "visibility_pct": 2.5210084033613445 }, "geometry": { "type": "Point", "coordinates": [ 1.296415672172161, 51.131929112040773 ] } },
{ "type": "Feature", "properties": { "visible_points": 0, "total_points": 120, "visibility_pct": 0.0 }, "geometry": { "type": "Point", "coordinates": [ 1.296613369898165, 51.131923537026417 ] } },
{ "type": "Feature", "properties": { "visible_points": 0, "total_points": 120, "visibility_pct": 0.0 }, "geometry": { "type": "Point", "coordinates": [ 1.296811067559727, 51.131917961677431 ] } },
{ "type": "Feature", "properties": { "visible_points": 0, "total_points": 120, "visibility_pct": 0.0 }, "geometry": { "type": "Point", "coordinates": [ 1.297008765156846, 51.131912385993779 ] } },
{ "type": "Feature", "properties": { "visible_points": 0, "total_points": 120, "visibility_pct": 0.0 }, "geometry": { "type": "Point", "coordinates": [ 1.297206462689525, 51.131906809975476 ] } },
{ "type": "Feature", "properties": { "visible_points": 0, "total_points": 120, "visibility_pct": 0.0 }, "geometry": { "type": "Point", "coordinates": [ 1.297404160157741, 51.131901233622521 ] } },
{ "type": "Feature", "properties": { "visible_points": 5, "total_points": 119, "visibility_pct": 4.2016806722689077 }, "geometry": { "type": "Point", "coordinates": [ 1.297601857561511, 51.131895656934915 ] } },
{ "type": "Feature", "properties": { "visible_points": 6, "total_points": 114, "visibility_pct": 5.2631578947368416 }, "geometry": { "type": "Point", "coordinates": [ 1.297799554900823, 51.131890079912665 ] } },
{ "type": "Feature", "properties": { "visible_points": 4, "total_points": 110, "visibility_pct": 3.6363636363636362 }, "geometry": { "type": "Point", "coordinates": [ 1.297997252175666, 51.131884502555735 ] } },
{ "type": "Feature", "properties": { "visible_points": 2, "total_points": 106, "visibility_pct": 1.8867924528301887 }, "geometry": { "type": "Point", "coordinates": [ 1.298194949321755, 51.131878924843868 ] } },
{ "type": "Feature", "properties": { "visible_points": 3, "total_points": 102, "visibility_pct": 2.9411764705882351 }, "geometry": { "type": "Point", "coordinates": [ 1.298392645413202, 51.131873346161363 ] } },
{ "type": "Feature", "properties": { "visible_points": 4, "total_points": 100, "visibility_pct": 4.0 }, "geometry": { "type": "Point", "coordinates": [ 1.298985730574903, 51.131856606513516 ] } },
{ "type": "Feature", "properties": { "visible_points": 0, "total_points": 102, "visibility_pct": 0.0 }, "geometry": { "type": "Point", "coordinates": [ 1.299183425501257, 51.131851025962696 ] } },
{ "type": "Feature", "properties": { "visible_points": 0, "total_points": 104, "visibility_pct": 0.0 }, "geometry": { "type": "Point", "coordinates": [ 1.299381120363841, 51.131845445077772 ] } },
{ "type": "Feature", "properties": { "visible_points": 1, "total_points": 107, "visibility_pct": 0.93457943925233633 }, "geometry": { "type": "Point", "coordinates": [ 1.299578815162638, 51.131839863858715 ] } },
{ "type": "Feature", "properties": { "visible_points": 0, "total_points": 110, "visibility_pct": 0.0 }, "geometry": { "type": "Point", "coordinates": [ 1.299776509897649, 51.131834282305569 ] } },
{ "type": "Feature", "properties": { "visible_points": 0, "total_points": 116, "visibility_pct": 0.0 }, "geometry": { "type": "Point", "coordinates": [ 1.30017189917631, 51.131823118196955 ] } },
{ "type": "Feature", "properties": { "visible_points": 0, "total_points": 117, "visibility_pct": 0.0 }, "geometry": { "type": "Point", "coordinates": [ 1.300369593719942, 51.131817535641517 ] } },
{ "type": "Feature", "properties": { "visible_points": 0, "total_points": 117, "visibility_pct": 0.0 }, "geometry": { "type": "Point", "coordinates": [ 1.300567288199778, 51.131811952751931 ] } },
{ "type": "Feature", "properties": { "visible_points": 0, "total_points": 118, "visibility_pct": 0.0 }, "geometry": { "type": "Point", "coordinates": [ 1.300764982615809, 51.131806369528263 ] } },
{ "type": "Feature", "properties": { "visible_points": 0, "total_points": 119, "visibility_pct": 0.0 }, "geometry": { "type": "Point", "coordinates": [ 1.300962676968031, 51.131800785970491 ] } },
{ "type": "Feature", "properties": { "visible_points": 2, "total_points": 120, "visibility_pct": 1.6666666666666667 }, "geometry": { "type": "Point", "coordinates": [ 1.301160371256443, 51.131795202078628 ] } },
{ "type": "Feature", "properties": { "visible_points": 4, "total_points": 120, "visibility_pct": 3.3333333333333335 }, "geometry": { "type": "Point", "coordinates": [ 1.301358065481038, 51.131789617852633 ] } },
{ "type": "Feature", "properties": { "visible_points": 3, "total_points": 120, "visibility_pct": 2.5 }, "geometry": { "type": "Point", "coordinates": [ 1.301555759641814, 51.131784033292547 ] } },
{ "type": "Feature", "properties": { "visible_points": 0, "total_points": 116, "visibility_pct": 0.0 }, "geometry": { "type": "Point", "coordinates": [ 1.301753453738766, 51.131778448398329 ] } },
{ "type": "Feature", "properties": { "visible_points": 0, "total_points": 110, "visibility_pct": 0.0 }, "geometry": { "type": "Point", "coordinates": [ 1.301951147771888, 51.131772863170056 ] } },
{ "type": "Feature", "properties": { "visible_points": 0, "total_points": 103, "visibility_pct": 0.0 }, "geometry": { "type": "Point", "coordinates": [ 1.302148841741188, 51.131767277607644 ] } },
{ "type": "Feature", "properties": { "visible_points": 0, "total_points": 93, "visibility_pct": 0.0 }, "geometry": { "type": "Point", "coordinates": [ 1.302346535646647, 51.131761691711148 ] } },
{ "type": "Feature", "properties": { "visible_points": 0, "total_points": 81, "visibility_pct": 0.0 }, "geometry": { "type": "Point", "coordinates": [ 1.302544229488269, 51.131756105480541 ] } },
{ "type": "Feature", "properties": { "visible_points": 0, "total_points": 90, "visibility_pct": 0.0 }, "geometry": { "type": "Point", "coordinates": [ 1.295138309279227, 51.132073068984425 ] } },
{ "type": "Feature", "properties": { "visible_points": 0, "total_points": 95, "visibility_pct": 0.0 }, "geometry": { "type": "Point", "coordinates": [ 1.295336007894635, 51.132067496132343 ] } },
{ "type": "Feature", "properties": { "visible_points": 0, "total_points": 100, "visibility_pct": 0.0 }, "geometry": { "type": "Point", "coordinates": [ 1.295533706445625, 51.132061922945596 ] } },
{ "type": "Feature", "properties": { "visible_points": 2, "total_points": 105, "visibility_pct": 1.9047619047619049 }, "geometry": { "type": "Point", "coordinates": [ 1.295731404932203, 51.13205634942419 ] } },
{ "type": "Feature", "properties": { "visible_points": 1, "total_points": 110, "visibility_pct": 0.90909090909090906 }, "geometry": { "type": "Point", "coordinates": [ 1.295929103354358, 51.132050775568132 ] } },
{ "type": "Feature", "properties": { "visible_points": 5, "total_points": 112, "visibility_pct": 4.4642857142857144 }, "geometry": { "type": "Point", "coordinates": [ 1.296126801712083, 51.132045201377423 ] } },
{ "type": "Feature", "properties": { "visible_points": 5, "total_points": 115, "visibility_pct": 4.3478260869565215 }, "geometry": { "type": "Point", "coordinates": [ 1.29632450000538, 51.13203962685207 ] } },
{ "type": "Feature", "properties": { "visible_points": 0, "total_points": 116, "visibility_pct": 0.0 }, "geometry": { "type": "Point", "coordinates": [ 1.296522198234245, 51.132034051992051 ] } },
{ "type": "Feature", "properties": { "visible_points": 0, "total_points": 117, "visibility_pct": 0.0 }, "geometry": { "type": "Point", "coordinates": [ 1.296719896398672, 51.132028476797366 ] } },
{ "type": "Feature", "properties": { "visible_points": 0, "total_points": 119, "visibility_pct": 0.0 }, "geometry": { "type": "Point", "coordinates": [ 1.296917594498653, 51.132022901268023 ] } },
{ "type": "Feature", "properties": { "visible_points": 0, "total_points": 120, "visibility_pct": 0.0 }, "geometry": { "type": "Point", "coordinates": [ 1.297115292534192, 51.132017325404057 ] } },
{ "type": "Feature", "properties": { "visible_points": 0, "total_points": 120, "visibility_pct": 0.0 }, "geometry": { "type": "Point", "coordinates": [ 1.297312990505278, 51.132011749205397 ] } },
{ "type": "Feature", "properties": { "visible_points": 0, "total_points": 118, "visibility_pct": 0.0 }, "geometry": { "type": "Point", "coordinates": [ 1.297510688411917, 51.132006172672114 ] } },
{ "type": "Feature", "properties": { "visible_points": 2, "total_points": 113, "visibility_pct": 1.7699115044247788 }, "geometry": { "type": "Point", "coordinates": [ 1.297708386254095, 51.132000595804158 ] } },
{ "type": "Feature", "properties": { "visible_points": 13, "total_points": 109, "visibility_pct": 11.926605504587156 }, "geometry": { "type": "Point", "coordinates": [ 1.297906084031815, 51.131995018601557 ] } },
{ "type": "Feature", "properties": { "visible_points": 7, "total_points": 105, "visibility_pct": 6.666666666666667 }, "geometry": { "type": "Point", "coordinates": [ 1.298103781745064, 51.131989441064299 ] } },
{ "type": "Feature", "properties": { "visible_points": 0, "total_points": 101, "visibility_pct": 0.0 }, "geometry": { "type": "Point", "coordinates": [ 1.298301478839588, 51.131983862961022 ] } },
{ "type": "Feature", "properties": { "visible_points": 5, "total_points": 98, "visibility_pct": 5.1020408163265305 }, "geometry": { "type": "Point", "coordinates": [ 1.298499174793464, 51.131978283663337 ] } },
{ "type": "Feature", "properties": { "visible_points": 5, "total_points": 96, "visibility_pct": 5.2083333333333339 }, "geometry": { "type": "Point", "coordinates": [ 1.299289956609133, 51.131955962723389 ] } },
{ "type": "Feature", "properties": { "visible_points": 0, "total_points": 97, "visibility_pct": 0.0 }, "geometry": { "type": "Point", "coordinates": [ 1.299487651903606, 51.131950381653134 ] } },
{ "type": "Feature", "properties": { "visible_points": 2, "total_points": 99, "visibility_pct": 2.0202020202020203 }, "geometry": { "type": "Point", "coordinates": [ 1.299685347134302, 51.131944800248753 ] } },
{ "type": "Feature", "properties": { "visible_points": 0, "total_points": 107, "visibility_pct": 0.0 }, "geometry": { "type": "Point", "coordinates": [ 1.300080737404319, 51.131933636437701 ] } },
{ "type": "Feature", "properties": { "visible_points": 0, "total_points": 111, "visibility_pct": 0.0 }, "geometry": { "type": "Point", "coordinates": [ 1.300278432443637, 51.131928054031022 ] } },
{ "type": "Feature", "properties": { "visible_points": 0, "total_points": 112, "visibility_pct": 0.0 }, "geometry": { "type": "Point", "coordinates": [ 1.30047612741916, 51.131922471290224 ] } },
{ "type": "Feature", "properties": { "visible_points": 0, "total_points": 113, "visibility_pct": 0.0 }, "geometry": { "type": "Point", "coordinates": [ 1.300673822330873, 51.131916888215343 ] } },
{ "type": "Feature", "properties": { "visible_points": 0, "total_points": 114, "visibility_pct": 0.0 }, "geometry": { "type": "Point", "coordinates": [ 1.300871517178786, 51.13191130480633 ] } },
{ "type": "Feature", "properties": { "visible_points": 0, "total_points": 116, "visibility_pct": 0.0 }, "geometry": { "type": "Point", "coordinates": [ 1.301069211962883, 51.131905721063212 ] } },
{ "type": "Feature", "properties": { "visible_points": 0, "total_points": 118, "visibility_pct": 0.0 }, "geometry": { "type": "Point", "coordinates": [ 1.30126690668317, 51.131900136986012 ] } },
{ "type": "Feature", "properties": { "visible_points": 0, "total_points": 119, "visibility_pct": 0.0 }, "geometry": { "type": "Point", "coordinates": [ 1.30146460133964, 51.131894552574686 ] } },
{ "type": "Feature", "properties": { "visible_points": 0, "total_points": 114, "visibility_pct": 0.0 }, "geometry": { "type": "Point", "coordinates": [ 1.301662295932281, 51.131888967829262 ] } },
{ "type": "Feature", "properties": { "visible_points": 0, "total_points": 108, "visibility_pct": 0.0 }, "geometry": { "type": "Point", "coordinates": [ 1.301859990461102, 51.131883382749727 ] } },
{ "type": "Feature", "properties": { "visible_points": 0, "total_points": 101, "visibility_pct": 0.0 }, "geometry": { "type": "Point", "coordinates": [ 1.302057684926096, 51.131877797336095 ] } },
{ "type": "Feature", "properties": { "visible_points": 0, "total_points": 92, "visibility_pct": 0.0 }, "geometry": { "type": "Point", "coordinates": [ 1.30225537932725, 51.131872211588359 ] } },
{ "type": "Feature", "properties": { "visible_points": 1, "total_points": 77, "visibility_pct": 1.2987012987012987 }, "geometry": { "type": "Point", "coordinates": [ 1.295047133656878, 51.132183582796955 ] } },
{ "type": "Feature", "properties": { "visible_points": 0, "total_points": 82, "visibility_pct": 0.0 }, "geometry": { "type": "Point", "coordinates": [ 1.295244832775143, 51.132178010099196 ] } },
{ "type": "Feature", "properties": { "visible_points": 0, "total_points": 88, "visibility_pct": 0.0 }, "geometry": { "type": "Point", "coordinates": [ 1.295442531828991, 51.132172437066778 ] } },
{ "type": "Feature", "properties": { "visible_points": 0, "total_points": 93, "visibility_pct": 0.0 }, "geometry": { "type": "Point", "coordinates": [ 1.295640230818423, 51.132166863699702 ] } },
{ "type": "Feature", "properties": { "visible_points": 0, "total_points": 98, "visibility_pct": 0.0 }, "geometry": { "type": "Point", "coordinates": [ 1.295837929743439, 51.13216128999796 ] } },
{ "type": "Feature", "properties": { "visible_points": 0, "total_points": 103, "visibility_pct": 0.0 }, "geometry": { "type": "Point", "coordinates": [ 1.296035628604025, 51.132155715961581 ] } },
{ "type": "Feature", "properties": { "visible_points": 3, "total_points": 106, "visibility_pct": 2.8301886792452833 }, "geometry": { "type": "Point", "coordinates": [ 1.296233327400185, 51.132150141590536 ] } },
{ "type": "Feature", "properties": { "visible_points": 0, "total_points": 110, "visibility_pct": 0.0 }, "geometry": { "type": "Point", "coordinates": [ 1.296431026131908, 51.13214456688484 ] } },
{ "type": "Feature", "properties": { "visible_points": 0, "total_points": 112, "visibility_pct": 0.0 }, "geometry": { "type": "Point", "coordinates": [ 1.296628724799199, 51.132138991844478 ] } },
{ "type": "Feature", "properties": { "visible_points": 0, "total_points": 114, "visibility_pct": 0.0 }, "geometry": { "type": "Point", "coordinates": [ 1.296826423402053, 51.132133416469451 ] } },
{ "type": "Feature", "properties": { "visible_points": 0, "total_points": 117, "visibility_pct": 0.0 }, "geometry": { "type": "Point", "coordinates": [ 1.297024121940455, 51.1321278407598 ] } },
{ "type": "Feature", "properties": { "visible_points": 0, "total_points": 119, "visibility_pct": 0.0 }, "geometry": { "type": "Point", "coordinates": [ 1.297221820414417, 51.13212226471547 ] } },
{ "type": "Feature", "properties": { "visible_points": 3, "total_points": 118, "visibility_pct": 2.5423728813559325 }, "geometry": { "type": "Point", "coordinates": [ 1.297419518823919, 51.132116688336488 ] } },
{ "type": "Feature", "properties": { "visible_points": 10, "total_points": 114, "visibility_pct": 8.7719298245614024 }, "geometry": { "type": "Point", "coordinates": [ 1.29761721716897, 51.132111111622848 ] } },
{ "type": "Feature", "properties": { "visible_points": 11, "total_points": 109, "visibility_pct": 10.091743119266056 }, "geometry": { "type": "Point", "coordinates": [ 1.297814915449562, 51.132105534574542 ] } },
{ "type": "Feature", "properties": { "visible_points": 6, "total_points": 105, "visibility_pct": 5.7142857142857144 }, "geometry": { "type": "Point", "coordinates": [ 1.298012613665688, 51.132099957191606 ] } },
{ "type": "Feature", "properties": { "visible_points": 2, "total_points": 100, "visibility_pct": 2.0 }, "geometry": { "type": "Point", "coordinates": [ 1.298210311685732, 51.132094379433717 ] } },
{ "type": "Feature", "properties": { "visible_points": 0, "total_points": 95, "visibility_pct": 0.0 }, "geometry": { "type": "Point", "coordinates": [ 1.299989575200452, 51.132044154610597 ] } },
{ "type": "Feature", "properties": { "visible_points": 0, "total_points": 99, "visibility_pct": 0.0 }, "geometry": { "type": "Point", "coordinates": [ 1.300187270735459, 51.132038572352698 ] } },
{ "type": "Feature", "properties": { "visible_points": 0, "total_points": 104, "visibility_pct": 0.0 }, "geometry": { "type": "Point", "coordinates": [ 1.300384966206664, 51.132032989760688 ] } },
{ "type": "Feature", "properties": { "visible_points": 0, "total_points": 106, "visibility_pct": 0.0 }, "geometry": { "type": "Point", "coordinates": [ 1.30058266161407, 51.132027406834574 ] } },
{ "type": "Feature", "properties": { "visible_points": 0, "total_points": 107, "visibility_pct": 0.0 }, "geometry": { "type": "Point", "coordinates": [ 1.300780356957671, 51.132021823574341 ] } },
{ "type": "Feature", "properties": { "visible_points": 0, "total_points": 109, "visibility_pct": 0.0 }, "geometry": { "type": "Point", "coordinates": [ 1.30097805223746, 51.132016239980011 ] } },
{ "type": "Feature", "properties": { "visible_points": 0, "total_points": 112, "visibility_pct": 0.0 }, "geometry": { "type": "Point", "coordinates": [ 1.301175747453441, 51.132010656051555 ] } },
{ "type": "Feature", "properties": { "visible_points": 0, "total_points": 113, "visibility_pct": 0.0 }, "geometry": { "type": "Point", "coordinates": [ 1.301373442605598, 51.132005071789003 ] } },
{ "type": "Feature", "properties": { "visible_points": 0, "total_points": 110, "visibility_pct": 0.0 }, "geometry": { "type": "Point", "coordinates": [ 1.301571137693946, 51.131999487192367 ] } },
{ "type": "Feature", "properties": { "visible_points": 0, "total_points": 106, "visibility_pct": 0.0 }, "geometry": { "type": "Point", "coordinates": [ 1.301768832718458, 51.131993902261613 ] } },
{ "type": "Feature", "properties": { "visible_points": 0, "total_points": 98, "visibility_pct": 0.0 }, "geometry": { "type": "Point", "coordinates": [ 1.301966527679148, 51.131988316996718 ] } },
{ "type": "Feature", "properties": { "visible_points": 0, "total_points": 90, "visibility_pct": 0.0 }, "geometry": { "type": "Point", "coordinates": [ 1.302164222576006, 51.131982731397741 ] } },
{ "type": "Feature", "properties": { "visible_points": 0, "total_points": 80, "visibility_pct": 0.0 }, "geometry": { "type": "Point", "coordinates": [ 1.295549056266218, 51.132277377902376 ] } },
{ "type": "Feature", "properties": { "visible_points": 0, "total_points": 85, "visibility_pct": 0.0 }, "geometry": { "type": "Point", "coordinates": [ 1.295746755694094, 51.132271804354957 ] } },
{ "type": "Feature", "properties": { "visible_points": 2, "total_points": 91, "visibility_pct": 2.197802197802198 }, "geometry": { "type": "Point", "coordinates": [ 1.295944455057543, 51.132266230472894 ] } },
{ "type": "Feature", "properties": { "visible_points": 1, "total_points": 96, "visibility_pct": 1.0416666666666665 }, "geometry": { "type": "Point", "coordinates": [ 1.296142154356567, 51.132260656256186 ] } },
{ "type": "Feature", "properties": { "visible_points": 0, "total_points": 100, "visibility_pct": 0.0 }, "geometry": { "type": "Point", "coordinates": [ 1.296339853591161, 51.132255081704798 ] } },
{ "type": "Feature", "properties": { "visible_points": 0, "total_points": 104, "visibility_pct": 0.0 }, "geometry": { "type": "Point", "coordinates": [ 1.296537552761317, 51.132249506818759 ] } },
{ "type": "Feature", "properties": { "visible_points": 0, "total_points": 106, "visibility_pct": 0.0 }, "geometry": { "type": "Point", "coordinates": [ 1.296735251867034, 51.132243931598069 ] } },
{ "type": "Feature", "properties": { "visible_points": 0, "total_points": 109, "visibility_pct": 0.0 }, "geometry": { "type": "Point", "coordinates": [ 1.296932950908313, 51.132238356042713 ] } },
{ "type": "Feature", "properties": { "visible_points": 0, "total_points": 113, "visibility_pct": 0.0 }, "geometry": { "type": "Point", "coordinates": [ 1.297130649885139, 51.132232780152684 ] } },
{ "type": "Feature", "properties": { "visible_points": 0, "total_points": 114, "visibility_pct": 0.0 }, "geometry": { "type": "Point", "coordinates": [ 1.297328348797518, 51.132227203928018 ] } },
{ "type": "Feature", "properties": { "visible_points": 9, "total_points": 114, "visibility_pct": 7.8947368421052628 }, "geometry": { "type": "Point", "coordinates": [ 1.297526047645444, 51.132221627368708 ] } },
{ "type": "Feature", "properties": { "visible_points": 9, "total_points": 110, "visibility_pct": 8.1818181818181817 }, "geometry": { "type": "Point", "coordinates": [ 1.29772374642891, 51.132216050474732 ] } },
{ "type": "Feature", "properties": { "visible_points": 7, "total_points": 106, "visibility_pct": 6.6037735849056602 }, "geometry": { "type": "Point", "coordinates": [ 1.297921445147915, 51.13221047324609 ] } },
{ "type": "Feature", "properties": { "visible_points": 9, "total_points": 101, "visibility_pct": 8.9108910891089099 }, "geometry": { "type": "Point", "coordinates": [ 1.298119143802449, 51.132204895682804 ] } },
{ "type": "Feature", "properties": { "visible_points": 0, "total_points": 79, "visibility_pct": 0.0 }, "geometry": { "type": "Point", "coordinates": [ 1.29970071647022, 51.132160254490699 ] } },
{ "type": "Feature", "properties": { "visible_points": 0, "total_points": 82, "visibility_pct": 0.0 }, "geometry": { "type": "Point", "coordinates": [ 1.299898412564709, 51.132154672715679 ] } },
{ "type": "Feature", "properties": { "visible_points": 0, "total_points": 87, "visibility_pct": 0.0 }, "geometry": { "type": "Point", "coordinates": [ 1.300096108595394, 51.132149090606546 ] } },
{ "type": "Feature", "properties": { "visible_points": 0, "total_points": 97, "visibility_pct": 0.0 }, "geometry": { "type": "Point", "coordinates": [ 1.300491500465391, 51.132137925385962 ] } },
{ "type": "Feature", "properties": { "visible_points": 0, "total_points": 99, "visibility_pct": 0.0 }, "geometry": { "type": "Point", "coordinates": [ 1.300689196304683, 51.132132342274524 ] } },
{ "type": "Feature", "properties": { "visible_points": 0, "total_points": 101, "visibility_pct": 0.0 }, "geometry": { "type": "Point", "coordinates": [ 1.300886892080167, 51.132126758828946 ] } },
{ "type": "Feature", "properties": { "visible_points": 0, "total_points": 103, "visibility_pct": 0.0 }, "geometry": { "type": "Point", "coordinates": [ 1.301084587791843, 51.132121175049278 ] } },
{ "type": "Feature", "properties": { "visible_points": 0, "total_points": 103, "visibility_pct": 0.0 }, "geometry": { "type": "Point", "coordinates": [ 1.301282283439702, 51.132115590935499 ] } },
{ "type": "Feature", "properties": { "visible_points": 0, "total_points": 101, "visibility_pct": 0.0 }, "geometry": { "type": "Point", "coordinates": [ 1.301479979023737, 51.132110006487608 ] } },
{ "type": "Feature", "properties": { "visible_points": 0, "total_points": 98, "visibility_pct": 0.0 }, "geometry": { "type": "Point", "coordinates": [ 1.301677674543954, 51.132104421705627 ] } },
{ "type": "Feature", "properties": { "visible_points": 0, "total_points": 93, "visibility_pct": 0.0 }, "geometry": { "type": "Point", "coordinates": [ 1.301875370000346, 51.132098836589513 ] } },
{ "type": "Feature", "properties": { "visible_points": 0, "total_points": 86, "visibility_pct": 0.0 }, "geometry": { "type": "Point", "coordinates": [ 1.302073065392903, 51.132093251139288 ] } },
{ "type": "Feature", "properties": { "visible_points": 2, "total_points": 78, "visibility_pct": 2.5641025641025639 }, "geometry": { "type": "Point", "coordinates": [ 1.295853281072635, 51.132376744911397 ] } },
{ "type": "Feature", "properties": { "visible_points": 0, "total_points": 88, "visibility_pct": 0.0 }, "geometry": { "type": "Point", "coordinates": [ 1.296248680611985, 51.13236559645194 ] } },
{ "type": "Feature", "properties": { "visible_points": 2, "total_points": 92, "visibility_pct": 2.1739130434782608 }, "geometry": { "type": "Point", "coordinates": [ 1.296446380285017, 51.13236002172021 ] } },
{ "type": "Feature", "properties": { "visible_points": 0, "total_points": 97, "visibility_pct": 0.0 }, "geometry": { "type": "Point", "coordinates": [ 1.296644079893601, 51.132354446653835 ] } },
{ "type": "Feature", "properties": { "visible_points": 0, "total_points": 100, "visibility_pct": 0.0 }, "geometry": { "type": "Point", "coordinates": [ 1.296841779437752, 51.132348871252802 ] } },
{ "type": "Feature", "properties": { "visible_points": 0, "total_points": 103, "visibility_pct": 0.0 }, "geometry": { "type": "Point", "coordinates": [ 1.297039478917459, 51.132343295517124 ] } },
{ "type": "Feature", "properties": { "visible_points": 0, "total_points": 106, "visibility_pct": 0.0 }, "geometry": { "type": "Point", "coordinates": [ 1.297237178332707, 51.132337719446767 ] } },
{ "type": "Feature", "properties": { "visible_points": 6, "total_points": 108, "visibility_pct": 5.5555555555555554 }, "geometry": { "type": "Point", "coordinates": [ 1.297434877683512, 51.132332143041751 ] } },
{ "type": "Feature", "properties": { "visible_points": 4, "total_points": 108, "visibility_pct": 3.7037037037037033 }, "geometry": { "type": "Point", "coordinates": [ 1.297632576969852, 51.132326566302083 ] } },
{ "type": "Feature", "properties": { "visible_points": 7, "total_points": 105, "visibility_pct": 6.666666666666667 }, "geometry": { "type": "Point", "coordinates": [ 1.297830276191739, 51.132320989227765 ] } },
{ "type": "Feature", "properties": { "visible_points": 8, "total_points": 102, "visibility_pct": 7.8431372549019605 }, "geometry": { "type": "Point", "coordinates": [ 1.298027975349157, 51.13231541181878 ] } },
{ "type": "Feature", "properties": { "visible_points": 0, "total_points": 70, "visibility_pct": 0.0 }, "geometry": { "type": "Point", "coordinates": [ 1.299807249497071, 51.132265190752918 ] } },
{ "type": "Feature", "properties": { "visible_points": 0, "total_points": 74, "visibility_pct": 0.0 }, "geometry": { "type": "Point", "coordinates": [ 1.300004946023456, 51.132259608792573 ] } },
{ "type": "Feature", "properties": { "visible_points": 0, "total_points": 91, "visibility_pct": 0.0 }, "geometry": { "type": "Point", "coordinates": [ 1.300795731491003, 51.132237277610088 ] } },
{ "type": "Feature", "properties": { "visible_points": 1, "total_points": 93, "visibility_pct": 1.0752688172043012 }, "geometry": { "type": "Point", "coordinates": [ 1.300993427698371, 51.132231693979179 ] } },
{ "type": "Feature", "properties": { "visible_points": 0, "total_points": 92, "visibility_pct": 0.0 }, "geometry": { "type": "Point", "coordinates": [ 1.301191123841932, 51.132226110014187 ] } },
{ "type": "Feature", "properties": { "visible_points": 0, "total_points": 91, "visibility_pct": 0.0 }, "geometry": { "type": "Point", "coordinates": [ 1.301388819921671, 51.132220525715063 ] } },
{ "type": "Feature", "properties": { "visible_points": 0, "total_points": 88, "visibility_pct": 0.0 }, "geometry": { "type": "Point", "coordinates": [ 1.301586515937591, 51.132214941081841 ] } },
{ "type": "Feature", "properties": { "visible_points": 0, "total_points": 85, "visibility_pct": 0.0 }, "geometry": { "type": "Point", "coordinates": [ 1.301784211889682, 51.132209356114501 ] } },
{ "type": "Feature", "properties": { "visible_points": 0, "total_points": 80, "visibility_pct": 0.0 }, "geometry": { "type": "Point", "coordinates": [ 1.301981907777944, 51.132203770813071 ] } },
{ "type": "Feature", "properties": { "visible_points": 1, "total_points": 85, "visibility_pct": 1.1764705882352942 }, "geometry": { "type": "Point", "coordinates": [ 1.296552907481753, 51.132464961636799 ] } },
{ "type": "Feature", "properties": { "visible_points": 1, "total_points": 89, "visibility_pct": 1.1235955056179776 }, "geometry": { "type": "Point", "coordinates": [ 1.296750607528771, 51.132459386390082 ] } },
{ "type": "Feature", "properties": { "visible_points": 0, "total_points": 93, "visibility_pct": 0.0 }, "geometry": { "type": "Point", "coordinates": [ 1.296948307511355, 51.132453810808705 ] } },
{ "type": "Feature", "properties": { "visible_points": 0, "total_points": 96, "visibility_pct": 0.0 }, "geometry": { "type": "Point", "coordinates": [ 1.297146007429488, 51.132448234892671 ] } },
{ "type": "Feature", "properties": { "visible_points": 4, "total_points": 99, "visibility_pct": 4.0404040404040407 }, "geometry": { "type": "Point", "coordinates": [ 1.297343707283166, 51.13244265864197 ] } },
{ "type": "Feature", "properties": { "visible_points": 7, "total_points": 100, "visibility_pct": 7.0000000000000009 }, "geometry": { "type": "Point", "coordinates": [ 1.297541407072392, 51.132437082056626 ] } },
{ "type": "Feature", "properties": { "visible_points": 11, "total_points": 101, "visibility_pct": 10.891089108910892 }, "geometry": { "type": "Point", "coordinates": [ 1.297739106797159, 51.132431505136601 ] } },
{ "type": "Feature", "properties": { "visible_points": 1, "total_points": 62, "visibility_pct": 1.6129032258064515 }, "geometry": { "type": "Point", "coordinates": [ 1.299913783019629, 51.132370126910757 ] } },
{ "type": "Feature", "properties": { "visible_points": 1, "total_points": 80, "visibility_pct": 1.25 }, "geometry": { "type": "Point", "coordinates": [ 1.301297660387732, 51.132331044874682 ] } },
{ "type": "Feature", "properties": { "visible_points": 1, "total_points": 78, "visibility_pct": 1.2820512820512819 }, "geometry": { "type": "Point", "coordinates": [ 1.301495356899354, 51.132325460390227 ] } },
{ "type": "Feature", "properties": { "visible_points": 0, "total_points": 75, "visibility_pct": 0.0 }, "geometry": { "type": "Point", "coordinates": [ 1.301693053347153, 51.13231987557166 ] } },
{ "type": "Feature", "properties": { "visible_points": 0, "total_points": 72, "visibility_pct": 0.0 }, "geometry": { "type": "Point", "coordinates": [ 1.301890749731123, 51.132314290418989 ] } },
{ "type": "Feature", "properties": { "visible_points": 0, "total_points": 81, "visibility_pct": 0.0 }, "geometry": { "type": "Point", "coordinates": [ 1.296857135666835, 51.132564326027477 ] } },
{ "type": "Feature", "properties": { "visible_points": 0, "total_points": 85, "visibility_pct": 0.0 }, "geometry": { "type": "Point", "coordinates": [ 1.297054836087847, 51.132558750265751 ] } },
{ "type": "Feature", "properties": { "visible_points": 0, "total_points": 88, "visibility_pct": 0.0 }, "geometry": { "type": "Point", "coordinates": [ 1.297252536444411, 51.132553174169367 ] } },
{ "type": "Feature", "properties": { "visible_points": 7, "total_points": 91, "visibility_pct": 7.6923076923076925 }, "geometry": { "type": "Point", "coordinates": [ 1.297450236736513, 51.132547597738338 ] } },
{ "type": "Feature", "properties": { "visible_points": 9, "total_points": 93, "visibility_pct": 9.67741935483871 }, "geometry": { "type": "Point", "coordinates": [ 1.297647936964166, 51.132542020972636 ] } },
{ "type": "Feature", "properties": { "visible_points": 0, "total_points": 66, "visibility_pct": 0.0 }, "geometry": { "type": "Point", "coordinates": [ 1.301601894372754, 51.132430394960998 ] } },
{ "type": "Feature", "properties": { "visible_points": 0, "total_points": 80, "visibility_pct": 0.0 }, "geometry": { "type": "Point", "coordinates": [ 1.297359065962222, 51.132658113347233 ] } },
{ "type": "Feature", "properties": { "visible_points": 3, "total_points": 83, "visibility_pct": 3.6144578313253009 }, "geometry": { "type": "Point", "coordinates": [ 1.297556766692766, 51.132652536735854 ] } },
{ "type": "Feature", "properties": { "visible_points": 3, "total_points": 85, "visibility_pct": 3.5294117647058822 }, "geometry": { "type": "Point", "coordinates": [ 1.297754467358835, 51.132646959789803 ] } },
{ "type": "Feature", "properties": { "visible_points": 8, "total_points": 84, "visibility_pct": 9.5238095238095237 }, "geometry": { "type": "Point", "coordinates": [ 1.297952167960452, 51.132641382509092 ] } },
{ "type": "Feature", "properties": { "visible_points": 0, "total_points": 75, "visibility_pct": 0.0 }, "geometry": { "type": "Point", "coordinates": [ 1.297663297151911, 51.13275747563452 ] } },
{ "type": "Feature", "properties": { "visible_points": 0, "total_points": 76, "visibility_pct": 0.0 }, "geometry": { "type": "Point", "coordinates": [ 1.297860998256412, 51.132751898508118 ] } },
{ "type": "Feature", "properties": { "visible_points": 3, "total_points": 72, "visibility_pct": 4.1666666666666661 }, "geometry": { "type": "Point", "coordinates": [ 1.29805869929645, 51.132746321047065 ] } },
{ "type": "Feature", "properties": { "visible_points": 5, "total_points": 66, "visibility_pct": 7.5757575757575761 }, "geometry": { "type": "Point", "coordinates": [ 1.2982563999329, 51.132740743148986 ] } },
{ "type": "Feature", "properties": { "visible_points": 0, "total_points": 66, "visibility_pct": 0.0 }, "geometry": { "type": "Point", "coordinates": [ 1.297967529656888, 51.132856837127576 ] } },
{ "type": "Feature", "properties": { "visible_points": 0, "total_points": 61, "visibility_pct": 0.0 }, "geometry": { "type": "Point", "coordinates": [ 1.298165231135356, 51.132851259486159 ] } },
{ "type": "Feature", "properties": { "visible_points": 1, "total_points": 55, "visibility_pct": 1.8181818181818181 }, "geometry": { "type": "Point", "coordinates": [ 1.298362931623041, 51.132845680967861 ] } },
{ "type": "Feature", "properties": { "visible_points": 6, "total_points": 48, "visibility_pct": 12.5 }, "geometry": { "type": "Point", "coordinates": [ 1.29856063102321, 51.132840101446106 ] } },
{ "type": "Feature", "properties": { "visible_points": 0, "total_points": 44, "visibility_pct": 0.0 }, "geometry": { "type": "Point", "coordinates": [ 1.298758330283196, 51.132834521566146 ] } },
{ "type": "Feature", "properties": { "visible_points": 0, "total_points": 45, "visibility_pct": 0.0 }, "geometry": { "type": "Point", "coordinates": [ 1.298469463381381, 51.132950618481161 ] } },
{ "type": "Feature", "properties": { "visible_points": 3, "total_points": 39, "visibility_pct": 7.6923076923076925 }, "geometry": { "type": "Point", "coordinates": [ 1.298667163137065, 51.132945038749988 ] } }
]
}
