{
"type": "FeatureCollection",
"name": "ffe74bf42f53_visibility",
"crs": { "type": "name", "properties": { "name": "urn:ogc:def:crs:OGC:1.3:CRS84" } },
"features": [
{ "type": "Feature", "properties": { "visible_points": 2, "total_points": 70, "visibility_pct": 2.8571428571428572 }, "geometry": { "type": "Point", "coordinates": [ -0.756648530193781, 51.241414315631438 ] } },
{ "type": "Feature", "properties": { "visible_points": 1, "total_points": 72, "visibility_pct": 1.3888888888888888 }, "geometry": { "type": "Point", "coordinates": [ -0.75645007792622, 51.241412206179881 ] } },
{ "type": "Feature", "properties": { "visible_points": 0, "total_points": 74, "visibility_pct": 0.0 }, "geometry": { "type": "Point", "coordinates": [ -0.756251625683146, 51.241410096392222 ] } },
{ "type": "Feature", "properties": { "visible_points": 0, "total_points": 76, "visibility_pct": 0.0 }, "geometry": { "type": "Point", "coordinates": [ -0.756943296439934, 51.241525356457828 ] } },
{ "type": "Feature", "properties": { "visible_points": 5, "total_points": 80, "visibility_pct": 6.25 }, "geometry": { "type": "Point", "coordinates": [ -0.756744843660323, 51.241523247494229 ] } },
{ "type": "Feature", "properties": { "visible_points": 0, "total_points": 83, "visibility_pct": 0.0 }, "geometry": { "type": "Point", "coordinates": [ -0.756546390905196, 51.241521138194543 ] } },
{ "type": "Feature", "properties": { "visible_points": 0, "total_points": 85, "visibility_pct": 0.0 }, "geometry": { "type": "Point", "coordinates": [ -0.756347938174553, 51.241519028558749 ] } },
{ "type": "Feature", "properties": { "visible_points": 0, "total_points": 80, "visibility_pct": 0.0 }, "geometry": { "type": "Point", "coordinates": [ -0.757039610857132, 51.241634288098567 ] } },
{ "type": "Feature", "properties": { "visible_points": 0, "total_points": 89, "visibility_pct": 0.0 }, "geometry": { "type": "Point", "coordinates": [ -0.756841157589958, 51.241632179286839 ] } },
{ "type": "Feature", "properties": { "visible_points": 8, "total_points": 93, "visibility_pct": 8.6021505376344098 }, "geometry": { "type": "Point", "coordinates": [ -0.756642704347259, 51.241630070139017 ] } },
{ "type": "Feature", "properties": { "visible_points": 0, "total_points": 95, "visibility_pct": 0.0 }, "geometry": { "type": "Point", "coordinates": [ -0.756444251129039, 51.24162796065508 ] } },
{ "type": "Feature", "properties": { "visible_points": 0, "total_points": 97, "visibility_pct": 0.0 }, "geometry": { "type": "Point", "coordinates": [ -0.75624579793531, 51.241625850835057 ] } },
{ "type": "Feature", "properties": { "visible_points": 0, "total_points": 79, "visibility_pct": 0.0 }, "geometry": { "type": "Point", "coordinates": [ -0.755451985405324, 51.241617408193996 ] } },
{ "type": "Feature", "properties": { "visible_points": 3, "total_points": 71, "visibility_pct": 4.225352112676056 }, "geometry": { "type": "Point", "coordinates": [ -0.755253532334083, 51.241615296693482 ] } },
{ "type": "Feature", "properties": { "visible_points": 0, "total_points": 68, "visibility_pct": 0.0 }, "geometry": { "type": "Point", "coordinates": [ -0.757334379516651, 51.241745327992859 ] } },
{ "type": "Feature", "properties": { "visible_points": 0, "total_points": 80, "visibility_pct": 0.0 }, "geometry": { "type": "Point", "coordinates": [ -0.75713592573743, 51.241743219669104 ] } },
{ "type": "Feature", "properties": { "visible_points": 10, "total_points": 92, "visibility_pct": 10.869565217391305 }, "geometry": { "type": "Point", "coordinates": [ -0.756937471982683, 51.24174111100924 ] } },
{ "type": "Feature", "properties": { "visible_points": 12, "total_points": 102, "visibility_pct": 11.76470588235294 }, "geometry": { "type": "Point", "coordinates": [ -0.756739018252414, 51.241739002013283 ] } },
{ "type": "Feature", "properties": { "visible_points": 12, "total_points": 105, "visibility_pct": 11.428571428571429 }, "geometry": { "type": "Point", "coordinates": [ -0.756540564546618, 51.241736892681217 ] } },
{ "type": "Feature", "properties": { "visible_points": 1, "total_points": 107, "visibility_pct": 0.93457943925233633 }, "geometry": { "type": "Point", "coordinates": [ -0.756342110865317, 51.241734783013058 ] } },
{ "type": "Feature", "properties": { "visible_points": 0, "total_points": 107, "visibility_pct": 0.0 }, "geometry": { "type": "Point", "coordinates": [ -0.756143657208495, 51.241732673008805 ] } },
{ "type": "Feature", "properties": { "visible_points": 0, "total_points": 92, "visibility_pct": 0.0 }, "geometry": { "type": "Point", "coordinates": [ -0.755548296385012, 51.24172634097944 ] } },
{ "type": "Feature", "properties": { "visible_points": 3, "total_points": 84, "visibility_pct": 3.5714285714285712 }, "geometry": { "type": "Point", "coordinates": [ -0.755349842826183, 51.241724229630798 ] } },
{ "type": "Feature", "properties": { "visible_points": 0, "total_points": 75, "visibility_pct": 0.0 }, "geometry": { "type": "Point", "coordinates": [ -0.755151389291869, 51.241722117946054 ] } },
{ "type": "Feature", "properties": { "visible_points": 1, "total_points": 65, "visibility_pct": 1.5384615384615385 }, "geometry": { "type": "Point", "coordinates": [ -0.757430695347616, 51.241854259341345 ] } },
{ "type": "Feature", "properties": { "visible_points": 9, "total_points": 77, "visibility_pct": 11.688311688311687 }, "geometry": { "type": "Point", "coordinates": [ -0.757232241080828, 51.241852151169454 ] } },
{ "type": "Feature", "properties": { "visible_points": 10, "total_points": 90, "visibility_pct": 11.111111111111111 }, "geometry": { "type": "Point", "coordinates": [ -0.757033786838506, 51.241850042661454 ] } },
{ "type": "Feature", "properties": { "visible_points": 12, "total_points": 103, "visibility_pct": 11.650485436893204 }, "geometry": { "type": "Point", "coordinates": [ -0.756835332620661, 51.241847933817361 ] } },
{ "type": "Feature", "properties": { "visible_points": 14, "total_points": 113, "visibility_pct": 12.389380530973451 }, "geometry": { "type": "Point", "coordinates": [ -0.75663687842729, 51.241845824637167 ] } },
{ "type": "Feature", "properties": { "visible_points": 3, "total_points": 116, "visibility_pct": 2.5862068965517242 }, "geometry": { "type": "Point", "coordinates": [ -0.75643842425841, 51.241843715120879 ] } },
{ "type": "Feature", "properties": { "visible_points": 0, "total_points": 116, "visibility_pct": 0.0 }, "geometry": { "type": "Point", "coordinates": [ -0.756239970114014, 51.241841605268483 ] } },
{ "type": "Feature", "properties": { "visible_points": 0, "total_points": 114, "visibility_pct": 0.0 }, "geometry": { "type": "Point", "coordinates": [ -0.756041515994105, 51.241839495079994 ] } },
{ "type": "Feature", "properties": { "visible_points": 0, "total_points": 110, "visibility_pct": 0.0 }, "geometry": { "type": "Point", "coordinates": [ -0.755843061898691, 51.241837384555389 ] } },
{ "type": "Feature", "properties": { "visible_points": 0, "total_points": 104, "visibility_pct": 0.0 }, "geometry": { "type": "Point", "coordinates": [ -0.755644607827777, 51.241835273694711 ] } },
{ "type": "Feature", "properties": { "visible_points": 3, "total_points": 96, "visibility_pct": 3.125 }, "geometry": { "type": "Point", "coordinates": [ -0.755446153781366, 51.241833162497919 ] } },
{ "type": "Feature", "properties": { "visible_points": 0, "total_points": 88, "visibility_pct": 0.0 }, "geometry": { "type": "Point", "coordinates": [ -0.755247699759459, 51.24183105096504 ] } },
{ "type": "Feature", "properties": { "visible_points": 0, "total_points": 79, "visibility_pct": 0.0 }, "geometry": { "type": "Point", "coordinates": [ -0.755049245762062, 51.241828939096038 ] } },
{ "type": "Feature", "properties": { "visible_points": 0, "total_points": 60, "visibility_pct": 0.0 }, "geometry": { "type": "Point", "coordinates": [ -0.757527011641688, 51.241963190619607 ] } },
{ "type": "Feature", "properties": { "visible_points": 11, "total_points": 73, "visibility_pct": 15.068493150684931 }, "geometry": { "type": "Point", "coordinates": [ -0.757328556887327, 51.241961082599587 ] } },
{ "type": "Feature", "properties": { "visible_points": 10, "total_points": 86, "visibility_pct": 11.627906976744185 }, "geometry": { "type": "Point", "coordinates": [ -0.757130102157429, 51.241958974243481 ] } },
{ "type": "Feature", "properties": { "visible_points": 11, "total_points": 99, "visibility_pct": 11.111111111111111 }, "geometry": { "type": "Point", "coordinates": [ -0.756931647452008, 51.241956865551259 ] } },
{ "type": "Feature", "properties": { "visible_points": 14, "total_points": 112, "visibility_pct": 12.5 }, "geometry": { "type": "Point", "coordinates": [ -0.756733192771063, 51.241954756522922 ] } },
{ "type": "Feature", "properties": { "visible_points": 12, "total_points": 119, "visibility_pct": 10.084033613445378 }, "geometry": { "type": "Point", "coordinates": [ -0.756534738114602, 51.241952647158513 ] } },
{ "type": "Feature", "properties": { "visible_points": 6, "total_points": 119, "visibility_pct": 5.0420168067226889 }, "geometry": { "type": "Point", "coordinates": [ -0.75633628348262, 51.241950537457981 ] } },
{ "type": "Feature", "properties": { "visible_points": 4, "total_points": 118, "visibility_pct": 3.3898305084745761 }, "geometry": { "type": "Point", "coordinates": [ -0.756137828875129, 51.241948427421356 ] } },
{ "type": "Feature", "properties": { "visible_points": 6, "total_points": 117, "visibility_pct": 5.1282051282051277 }, "geometry": { "type": "Point", "coordinates": [ -0.755939374292133, 51.241946317048637 ] } },
{ "type": "Feature", "properties": { "visible_points": 1, "total_points": 114, "visibility_pct": 0.8771929824561403 }, "geometry": { "type": "Point", "coordinates": [ -0.755740919733631, 51.241944206339788 ] } },
{ "type": "Feature", "properties": { "visible_points": 7, "total_points": 108, "visibility_pct": 6.481481481481481 }, "geometry": { "type": "Point", "coordinates": [ -0.755542465199629, 51.24194209529486 ] } },
{ "type": "Feature", "properties": { "visible_points": 1, "total_points": 100, "visibility_pct": 1.0 }, "geometry": { "type": "Point", "coordinates": [ -0.755344010690135, 51.241939983913831 ] } },
{ "type": "Feature", "properties": { "visible_points": 4, "total_points": 92, "visibility_pct": 4.3478260869565215 }, "geometry": { "type": "Point", "coordinates": [ -0.755145556205144, 51.241937872196701 ] } },
{ "type": "Feature", "properties": { "visible_points": 2, "total_points": 85, "visibility_pct": 2.3529411764705883 }, "geometry": { "type": "Point", "coordinates": [ -0.754947101744667, 51.241935760143477 ] } },
{ "type": "Feature", "properties": { "visible_points": 0, "total_points": 68, "visibility_pct": 0.0 }, "geometry": { "type": "Point", "coordinates": [ -0.75742487315693, 51.242070013959555 ] } },
{ "type": "Feature", "properties": { "visible_points": 5, "total_points": 81, "visibility_pct": 6.1728395061728394 }, "geometry": { "type": "Point", "coordinates": [ -0.75722641793946, 51.242067905755306 ] } },
{ "type": "Feature", "properties": { "visible_points": 11, "total_points": 94, "visibility_pct": 11.702127659574469 }, "geometry": { "type": "Point", "coordinates": [ -0.757027962746458, 51.242065797214963 ] } },
{ "type": "Feature", "properties": { "visible_points": 15, "total_points": 107, "visibility_pct": 14.018691588785046 }, "geometry": { "type": "Point", "coordinates": [ -0.756829507577935, 51.242063688338497 ] } },
{ "type": "Feature", "properties": { "visible_points": 5, "total_points": 115, "visibility_pct": 4.3478260869565215 }, "geometry": { "type": "Point", "coordinates": [ -0.756631052433892, 51.242061579125952 ] } },
{ "type": "Feature", "properties": { "visible_points": 5, "total_points": 120, "visibility_pct": 4.1666666666666661 }, "geometry": { "type": "Point", "coordinates": [ -0.756432597314322, 51.242059469577299 ] } },
{ "type": "Feature", "properties": { "visible_points": 8, "total_points": 119, "visibility_pct": 6.7226890756302522 }, "geometry": { "type": "Point", "coordinates": [ -0.756234142219251, 51.242057359692531 ] } },
{ "type": "Feature", "properties": { "visible_points": 10, "total_points": 119, "visibility_pct": 8.4033613445378155 }, "geometry": { "type": "Point", "coordinates": [ -0.756035687148665, 51.242055249471662 ] } },
{ "type": "Feature", "properties": { "visible_points": 7, "total_points": 119, "visibility_pct": 5.8823529411764701 }, "geometry": { "type": "Point", "coordinates": [ -0.755837232102571, 51.242053138914699 ] } },
{ "type": "Feature", "properties": { "visible_points": 8, "total_points": 118, "visibility_pct": 6.7796610169491522 }, "geometry": { "type": "Point", "coordinates": [ -0.755638777080982, 51.242051028021635 ] } },
{ "type": "Feature", "properties": { "visible_points": 6, "total_points": 112, "visibility_pct": 5.3571428571428568 }, "geometry": { "type": "Point", "coordinates": [ -0.755440322083894, 51.242048916792463 ] } },
{ "type": "Feature", "properties": { "visible_points": 5, "total_points": 105, "visibility_pct": 4.7619047619047619 }, "geometry": { "type": "Point", "coordinates": [ -0.755241867111311, 51.242046805227183 ] } },
{ "type": "Feature", "properties": { "visible_points": 1, "total_points": 97, "visibility_pct": 1.0309278350515463 }, "geometry": { "type": "Point", "coordinates": [ -0.755043412163235, 51.242044693325809 ] } },
{ "type": "Feature", "properties": { "visible_points": 0, "total_points": 88, "visibility_pct": 0.0 }, "geometry": { "type": "Point", "coordinates": [ -0.754844957239681, 51.242042581088342 ] } },
{ "type": "Feature", "properties": { "visible_points": 0, "total_points": 76, "visibility_pct": 0.0 }, "geometry": { "type": "Point", "coordinates": [ -0.757322734050307, 51.242176836982303 ] } },
{ "type": "Feature", "properties": { "visible_points": 3, "total_points": 89, "visibility_pct": 3.3707865168539324 }, "geometry": { "type": "Point", "coordinates": [ -0.757124278384121, 51.242174728607004 ] } },
{ "type": "Feature", "properties": { "visible_points": 1, "total_points": 101, "visibility_pct": 0.99009900990099009 }, "geometry": { "type": "Point", "coordinates": [ -0.756925822742198, 51.242172619895484 ] } },
{ "type": "Feature", "properties": { "visible_points": 5, "total_points": 109, "visibility_pct": 4.5871559633027523 }, "geometry": { "type": "Point", "coordinates": [ -0.756727367124545, 51.242170510847757 ] } },
{ "type": "Feature", "properties": { "visible_points": 2, "total_points": 116, "visibility_pct": 1.7241379310344827 }, "geometry": { "type": "Point", "coordinates": [ -0.756528911531161, 51.242168401463822 ] } },
{ "type": "Feature", "properties": { "visible_points": 2, "total_points": 120, "visibility_pct": 1.6666666666666667 }, "geometry": { "type": "Point", "coordinates": [ -0.756330455962057, 51.242166291743658 ] } },
{ "type": "Feature", "properties": { "visible_points": 7, "total_points": 120, "visibility_pct": 5.833333333333333 }, "geometry": { "type": "Point", "coordinates": [ -0.756132000417231, 51.242164181687301 ] } },
{ "type": "Feature", "properties": { "visible_points": 7, "total_points": 120, "visibility_pct": 5.833333333333333 }, "geometry": { "type": "Point", "coordinates": [ -0.755933544896686, 51.2421620712947 ] } },
{ "type": "Feature", "properties": { "visible_points": 6, "total_points": 120, "visibility_pct": 5.0 }, "geometry": { "type": "Point", "coordinates": [ -0.755735089399374, 51.242159960565395 ] } },
{ "type": "Feature", "properties": { "visible_points": 6, "total_points": 120, "visibility_pct": 5.0 }, "geometry": { "type": "Point", "coordinates": [ -0.755536633920729, 51.242157849497197 ] } },
{ "type": "Feature", "properties": { "visible_points": 9, "total_points": 114, "visibility_pct": 7.8947368421052628 }, "geometry": { "type": "Point", "coordinates": [ -0.755338178461964, 51.242155738090702 ] } },
{ "type": "Feature", "properties": { "visible_points": 6, "total_points": 107, "visibility_pct": 5.6074766355140184 }, "geometry": { "type": "Point", "coordinates": [ -0.755139723027692, 51.24215362634807 ] } },
{ "type": "Feature", "properties": { "visible_points": 0, "total_points": 99, "visibility_pct": 0.0 }, "geometry": { "type": "Point", "coordinates": [ -0.754941267617903, 51.242151514269274 ] } },
{ "type": "Feature", "properties": { "visible_points": 1, "total_points": 90, "visibility_pct": 1.1111111111111112 }, "geometry": { "type": "Point", "coordinates": [ -0.754742812232615, 51.242149401854292 ] } },
{ "type": "Feature", "properties": { "visible_points": 0, "total_points": 84, "visibility_pct": 0.0 }, "geometry": { "type": "Point", "coordinates": [ -0.757220593611159, 51.242283659315184 ] } },
{ "type": "Feature", "properties": { "visible_points": 3, "total_points": 95, "visibility_pct": 3.1578947368421053 }, "geometry": { "type": "Point", "coordinates": [ -0.757022137502788, 51.242281550771416 ] } },
{ "type": "Feature", "properties": { "visible_points": 1, "total_points": 104, "visibility_pct": 0.96153846153846156 }, "geometry": { "type": "Point", "coordinates": [ -0.756823681418476, 51.242279441891306 ] } },
{ "type": "Feature", "properties": { "visible_points": 0, "total_points": 111, "visibility_pct": 0.0 }, "geometry": { "type": "Point", "coordinates": [ -0.756625225358226, 51.242277332674881 ] } },
{ "type": "Feature", "properties": { "visible_points": 0, "total_points": 117, "visibility_pct": 0.0 }, "geometry": { "type": "Point", "coordinates": [ -0.756426769322038, 51.242275223122135 ] } },
{ "type": "Feature", "properties": { "visible_points": 0, "total_points": 120, "visibility_pct": 0.0 }, "geometry": { "type": "Point", "coordinates": [ -0.756228313309925, 51.242273113233061 ] } },
{ "type": "Feature", "properties": { "visible_points": 0, "total_points": 120, "visibility_pct": 0.0 }, "geometry": { "type": "Point", "coordinates": [ -0.756029857321881, 51.242271003007659 ] } },
{ "type": "Feature", "properties": { "visible_points": 4, "total_points": 120, "visibility_pct": 3.3333333333333335 }, "geometry": { "type": "Point", "coordinates": [ -0.755831401357918, 51.242268892445956 ] } },
{ "type": "Feature", "properties": { "visible_points": 0, "total_points": 120, "visibility_pct": 0.0 }, "geometry": { "type": "Point", "coordinates": [ -0.755632945417403, 51.242266781544657 ] } },
{ "type": "Feature", "properties": { "visible_points": 7, "total_points": 120, "visibility_pct": 5.833333333333333 }, "geometry": { "type": "Point", "coordinates": [ -0.755434489500362, 51.242264670303861 ] } },
{ "type": "Feature", "properties": { "visible_points": 8, "total_points": 115, "visibility_pct": 6.9565217391304346 }, "geometry": { "type": "Point", "coordinates": [ -0.755236033607438, 51.242262558726772 ] } },
{ "type": "Feature", "properties": { "visible_points": 0, "total_points": 109, "visibility_pct": 0.0 }, "geometry": { "type": "Point", "coordinates": [ -0.755037577738625, 51.24226044681344 ] } },
{ "type": "Feature", "properties": { "visible_points": 0, "total_points": 101, "visibility_pct": 0.0 }, "geometry": { "type": "Point", "coordinates": [ -0.754839121893928, 51.24225833456385 ] } },
{ "type": "Feature", "properties": { "visible_points": 0, "total_points": 93, "visibility_pct": 0.0 }, "geometry": { "type": "Point", "coordinates": [ -0.754640666073357, 51.242256221978003 ] } },
{ "type": "Feature", "properties": { "visible_points": 5, "total_points": 84, "visibility_pct": 5.9523809523809517 }, "geometry": { "type": "Point", "coordinates": [ -0.754442210276908, 51.242254109055885 ] } },
{ "type": "Feature", "properties": { "visible_points": 2, "total_points": 99, "visibility_pct": 2.0202020202020203 }, "geometry": { "type": "Point", "coordinates": [ -0.756919995757875, 51.242388372393222 ] } },
{ "type": "Feature", "properties": { "visible_points": 1, "total_points": 107, "visibility_pct": 0.93457943925233633 }, "geometry": { "type": "Point", "coordinates": [ -0.756721539221024, 51.242386263334438 ] } },
{ "type": "Feature", "properties": { "visible_points": 1, "total_points": 113, "visibility_pct": 0.88495575221238942 }, "geometry": { "type": "Point", "coordinates": [ -0.75652308270823, 51.242384153939334 ] } },
{ "type": "Feature", "properties": { "visible_points": 0, "total_points": 118, "visibility_pct": 0.0 }, "geometry": { "type": "Point", "coordinates": [ -0.756324626219513, 51.242382044207901 ] } },
{ "type": "Feature", "properties": { "visible_points": 0, "total_points": 120, "visibility_pct": 0.0 }, "geometry": { "type": "Point", "coordinates": [ -0.75612616975486, 51.242379934140153 ] } },
{ "type": "Feature", "properties": { "visible_points": 2, "total_points": 120, "visibility_pct": 1.6666666666666667 }, "geometry": { "type": "Point", "coordinates": [ -0.755927713314287, 51.242377823736064 ] } },
{ "type": "Feature", "properties": { "visible_points": 1, "total_points": 120, "visibility_pct": 0.83333333333333337 }, "geometry": { "type": "Point", "coordinates": [ -0.755729256897791, 51.242375712995653 ] } },
{ "type": "Feature", "properties": { "visible_points": 0, "total_points": 120, "visibility_pct": 0.0 }, "geometry": { "type": "Point", "coordinates": [ -0.75553080050538, 51.242373601918935 ] } },
{ "type": "Feature", "properties": { "visible_points": 4, "total_points": 120, "visibility_pct": 3.3333333333333335 }, "geometry": { "type": "Point", "coordinates": [ -0.755332344137052, 51.242371490505874 ] } },
{ "type": "Feature", "properties": { "visible_points": 3, "total_points": 116, "visibility_pct": 2.5862068965517242 }, "geometry": { "type": "Point", "coordinates": [ -0.755133887792819, 51.2423693787565 ] } },
{ "type": "Feature", "properties": { "visible_points": 0, "total_points": 110, "visibility_pct": 0.0 }, "geometry": { "type": "Point", "coordinates": [ -0.754935431472674, 51.242367266670804 ] } },
{ "type": "Feature", "properties": { "visible_points": 1, "total_points": 103, "visibility_pct": 0.97087378640776689 }, "geometry": { "type": "Point", "coordinates": [ -0.754736975176637, 51.242365154248773 ] } },
{ "type": "Feature", "properties": { "visible_points": 2, "total_points": 95, "visibility_pct": 2.1052631578947367 }, "geometry": { "type": "Point", "coordinates": [ -0.754538518904695, 51.242363041490435 ] } },
{ "type": "Feature", "properties": { "visible_points": 4, "total_points": 86, "visibility_pct": 4.6511627906976747 }, "geometry": { "type": "Point", "coordinates": [ -0.75434006265686, 51.242360928395769 ] } },
{ "type": "Feature", "properties": { "visible_points": 5, "total_points": 103, "visibility_pct": 4.8543689320388346 }, "geometry": { "type": "Point", "coordinates": [ -0.756817853536361, 51.242495193918231 ] } },
{ "type": "Feature", "properties": { "visible_points": 0, "total_points": 110, "visibility_pct": 0.0 }, "geometry": { "type": "Point", "coordinates": [ -0.756619396546968, 51.24249308468076 ] } },
{ "type": "Feature", "properties": { "visible_points": 0, "total_points": 115, "visibility_pct": 0.0 }, "geometry": { "type": "Point", "coordinates": [ -0.756420939581639, 51.242490975106996 ] } },
{ "type": "Feature", "properties": { "visible_points": 0, "total_points": 119, "visibility_pct": 0.0 }, "geometry": { "type": "Point", "coordinates": [ -0.756222482640378, 51.242488865196869 ] } },
{ "type": "Feature", "properties": { "visible_points": 4, "total_points": 120, "visibility_pct": 3.3333333333333335 }, "geometry": { "type": "Point", "coordinates": [ -0.756024025723193, 51.24248675495042 ] } },
{ "type": "Feature", "properties": { "visible_points": 0, "total_points": 120, "visibility_pct": 0.0 }, "geometry": { "type": "Point", "coordinates": [ -0.755825568830084, 51.242484644367664 ] } },
{ "type": "Feature", "properties": { "visible_points": 0, "total_points": 120, "visibility_pct": 0.0 }, "geometry": { "type": "Point", "coordinates": [ -0.755627111961056, 51.242482533448573 ] } },
{ "type": "Feature", "properties": { "visible_points": 0, "total_points": 120, "visibility_pct": 0.0 }, "geometry": { "type": "Point", "coordinates": [ -0.755428655116115, 51.242480422193161 ] } },
{ "type": "Feature", "properties": { "visible_points": 0, "total_points": 120, "visibility_pct": 0.0 }, "geometry": { "type": "Point", "coordinates": [ -0.755230198295261, 51.242478310601413 ] } },
{ "type": "Feature", "properties": { "visible_points": 0, "total_points": 117, "visibility_pct": 0.0 }, "geometry": { "type": "Point", "coordinates": [ -0.755031741498501, 51.242476198673344 ] } },
{ "type": "Feature", "properties": { "visible_points": 1, "total_points": 111, "visibility_pct": 0.90090090090090091 }, "geometry": { "type": "Point", "coordinates": [ -0.754833284725836, 51.242474086408947 ] } },
{ "type": "Feature", "properties": { "visible_points": 0, "total_points": 105, "visibility_pct": 0.0 }, "geometry": { "type": "Point", "coordinates": [ -0.754634827977276, 51.242471973808229 ] } },
{ "type": "Feature", "properties": { "visible_points": 0, "total_points": 97, "visibility_pct": 0.0 }, "geometry": { "type": "Point", "coordinates": [ -0.754436371252814, 51.242469860871203 ] } },
{ "type": "Feature", "properties": { "visible_points": 0, "total_points": 88, "visibility_pct": 0.0 }, "geometry": { "type": "Point", "coordinates": [ -0.754237914552467, 51.242467747597829 ] } },
{ "type": "Feature", "properties": { "visible_points": 3, "total_points": 79, "visibility_pct": 3.79746835443038 }, "geometry": { "type": "Point", "coordinates": [ -0.754039457876224, 51.242465633988132 ] } },
{ "type": "Feature", "properties": { "visible_points": 1, "total_points": 107, "visibility_pct": 0.93457943925233633 }, "geometry": { "type": "Point", "coordinates": [ -0.756715710838247, 51.242602015346492 ] } },
{ "type": "Feature", "properties": { "visible_points": 0, "total_points": 113, "visibility_pct": 0.0 }, "geometry": { "type": "Point", "coordinates": [ -0.756517253396313, 51.242599905930334 ] } },
{ "type": "Feature", "properties": { "visible_points": 0, "total_points": 117, "visibility_pct": 0.0 }, "geometry": { "type": "Point", "coordinates": [ -0.756318795978438, 51.242597796177861 ] } },
{ "type": "Feature", "properties": { "visible_points": 2, "total_points": 120, "visibility_pct": 1.6666666666666667 }, "geometry": { "type": "Point", "coordinates": [ -0.756120338584637, 51.242595686089082 ] } },
{ "type": "Feature", "properties": { "visible_points": 5, "total_points": 120, "visibility_pct": 4.1666666666666661 }, "geometry": { "type": "Point", "coordinates": [ -0.755921881214919, 51.242593575663932 ] } },
{ "type": "Feature", "properties": { "visible_points": 0, "total_points": 120, "visibility_pct": 0.0 }, "geometry": { "type": "Point", "coordinates": [ -0.75572342386927, 51.242591464902475 ] } },
{ "type": "Feature", "properties": { "visible_points": 1, "total_points": 120, "visibility_pct": 0.83333333333333337 }, "geometry": { "type": "Point", "coordinates": [ -0.755524966547712, 51.242589353804696 ] } },
{ "type": "Feature", "properties": { "visible_points": 0, "total_points": 120, "visibility_pct": 0.0 }, "geometry": { "type": "Point", "coordinates": [ -0.755326509250236, 51.24258724237059 ] } },
{ "type": "Feature", "properties": { "visible_points": 0, "total_points": 120, "visibility_pct": 0.0 }, "geometry": { "type": "Point", "coordinates": [ -0.755128051976855, 51.242585130600148 ] } },
{ "type": "Feature", "properties": { "visible_points": 1, "total_points": 118, "visibility_pct": 0.84745762711864403 }, "geometry": { "type": "Point", "coordinates": [ -0.754929594727568, 51.242583018493391 ] } },
{ "type": "Feature", "properties": { "visible_points": 0, "total_points": 113, "visibility_pct": 0.0 }, "geometry": { "type": "Point", "coordinates": [ -0.75473113750238, 51.242580906050314 ] } },
{ "type": "Feature", "properties": { "visible_points": 1, "total_points": 107, "visibility_pct": 0.93457943925233633 }, "geometry": { "type": "Point", "coordinates": [ -0.754532680301291, 51.242578793270894 ] } },
{ "type": "Feature", "properties": { "visible_points": 2, "total_points": 99, "visibility_pct": 2.0202020202020203 }, "geometry": { "type": "Point", "coordinates": [ -0.754334223124314, 51.242576680155146 ] } },
{ "type": "Feature", "properties": { "visible_points": 1, "total_points": 91, "visibility_pct": 1.098901098901099 }, "geometry": { "type": "Point", "coordinates": [ -0.754135765971443, 51.242574566703091 ] } },
{ "type": "Feature", "properties": { "visible_points": 1, "total_points": 82, "visibility_pct": 1.2195121951219512 }, "geometry": { "type": "Point", "coordinates": [ -0.753937308842688, 51.2425724529147 ] } },
{ "type": "Feature", "properties": { "visible_points": 0, "total_points": 111, "visibility_pct": 0.0 }, "geometry": { "type": "Point", "coordinates": [ -0.756613567663529, 51.242708836677934 ] } },
{ "type": "Feature", "properties": { "visible_points": 2, "total_points": 116, "visibility_pct": 1.7241379310344827 }, "geometry": { "type": "Point", "coordinates": [ -0.756415109769046, 51.242706727083124 ] } },
{ "type": "Feature", "properties": { "visible_points": 2, "total_points": 119, "visibility_pct": 1.680672268907563 }, "geometry": { "type": "Point", "coordinates": [ -0.756216651898629, 51.242704617151944 ] } },
{ "type": "Feature", "properties": { "visible_points": 5, "total_points": 120, "visibility_pct": 4.1666666666666661 }, "geometry": { "type": "Point", "coordinates": [ -0.756018194052291, 51.242702506884456 ] } },
{ "type": "Feature", "properties": { "visible_points": 0, "total_points": 120, "visibility_pct": 0.0 }, "geometry": { "type": "Point", "coordinates": [ -0.755819736230023, 51.24270039628064 ] } },
{ "type": "Feature", "properties": { "visible_points": 0, "total_points": 120, "visibility_pct": 0.0 }, "geometry": { "type": "Point", "coordinates": [ -0.755621278431847, 51.242698285340502 ] } },
{ "type": "Feature", "properties": { "visible_points": 2, "total_points": 120, "visibility_pct": 1.6666666666666667 }, "geometry": { "type": "Point", "coordinates": [ -0.75542282065775, 51.242696174064029 ] } },
{ "type": "Feature", "properties": { "visible_points": 1, "total_points": 120, "visibility_pct": 0.83333333333333337 }, "geometry": { "type": "Point", "coordinates": [ -0.755224362907739, 51.242694062451221 ] } },
{ "type": "Feature", "properties": { "visible_points": 0, "total_points": 120, "visibility_pct": 0.0 }, "geometry": { "type": "Point", "coordinates": [ -0.755025905181831, 51.242691950502099 ] } },
{ "type": "Feature", "properties": { "visible_points": 3, "total_points": 119, "visibility_pct": 2.5210084033613445 }, "geometry": { "type": "Point", "coordinates": [ -0.754827447480011, 51.242689838216648 ] } },
{ "type": "Feature", "properties": { "visible_points": 0, "total_points": 115, "visibility_pct": 0.0 }, "geometry": { "type": "Point", "coordinates": [ -0.754628989802297, 51.242687725594863 ] } },
{ "type": "Feature", "properties": { "visible_points": 1, "total_points": 109, "visibility_pct": 0.91743119266055051 }, "geometry": { "type": "Point", "coordinates": [ -0.754430532148685, 51.242685612636755 ] } },
{ "type": "Feature", "properties": { "visible_points": 1, "total_points": 102, "visibility_pct": 0.98039215686274506 }, "geometry": { "type": "Point", "coordinates": [ -0.754232074519186, 51.242683499342306 ] } },
{ "type": "Feature", "properties": { "visible_points": 0, "total_points": 94, "visibility_pct": 0.0 }, "geometry": { "type": "Point", "coordinates": [ -0.754033616913792, 51.242681385711549 ] } },
{ "type": "Feature", "properties": { "visible_points": 0, "total_points": 85, "visibility_pct": 0.0 }, "geometry": { "type": "Point", "coordinates": [ -0.753835159332523, 51.242679271744457 ] } },
{ "type": "Feature", "properties": { "visible_points": 0, "total_points": 102, "visibility_pct": 0.0 }, "geometry": { "type": "Point", "coordinates": [ -0.75690834077847, 51.242819876450667 ] } },
{ "type": "Feature", "properties": { "visible_points": 0, "total_points": 109, "visibility_pct": 0.0 }, "geometry": { "type": "Point", "coordinates": [ -0.756709882383304, 51.242817767349806 ] } },
{ "type": "Feature", "properties": { "visible_points": 0, "total_points": 115, "visibility_pct": 0.0 }, "geometry": { "type": "Point", "coordinates": [ -0.756511424012205, 51.242815657912622 ] } },
{ "type": "Feature", "properties": { "visible_points": 2, "total_points": 118, "visibility_pct": 1.6949152542372881 }, "geometry": { "type": "Point", "coordinates": [ -0.756312965665168, 51.242813548139097 ] } },
{ "type": "Feature", "properties": { "visible_points": 0, "total_points": 120, "visibility_pct": 0.0 }, "geometry": { "type": "Point", "coordinates": [ -0.756114507342207, 51.24281143802925 ] } },
{ "type": "Feature", "properties": { "visible_points": 4, "total_points": 120, "visibility_pct": 3.3333333333333335 }, "geometry": { "type": "Point", "coordinates": [ -0.755916049043327, 51.242809327583061 ] } },
{ "type": "Feature", "properties": { "visible_points": 17, "total_points": 120, "visibility_pct": 14.166666666666666 }, "geometry": { "type": "Point", "coordinates": [ -0.755717590768521, 51.242807216800571 ] } },
{ "type": "Feature", "properties": { "visible_points": 0, "total_points": 120, "visibility_pct": 0.0 }, "geometry": { "type": "Point", "coordinates": [ -0.7555191325178, 51.242805105681725 ] } },
{ "type": "Feature", "properties": { "visible_points": 0, "total_points": 120, "visibility_pct": 0.0 }, "geometry": { "type": "Point", "coordinates": [ -0.755320674291169, 51.242802994226558 ] } },
{ "type": "Feature", "properties": { "visible_points": 0, "total_points": 120, "visibility_pct": 0.0 }, "geometry": { "type": "Point", "coordinates": [ -0.755122216088627, 51.24280088243507 ] } },
{ "type": "Feature", "properties": { "visible_points": 0, "total_points": 120, "visibility_pct": 0.0 }, "geometry": { "type": "Point", "coordinates": [ -0.75492375791018, 51.242798770307253 ] } },
{ "type": "Feature", "properties": { "visible_points": 0, "total_points": 120, "visibility_pct": 0.0 }, "geometry": { "type": "Point", "coordinates": [ -0.754725299755833, 51.242796657843108 ] } },
{ "type": "Feature", "properties": { "visible_points": 0, "total_points": 117, "visibility_pct": 0.0 }, "geometry": { "type": "Point", "coordinates": [ -0.75452684162559, 51.242794545042628 ] } },
{ "type": "Feature", "properties": { "visible_points": 0, "total_points": 111, "visibility_pct": 0.0 }, "geometry": { "type": "Point", "coordinates": [ -0.754328383519451, 51.242792431905826 ] } },
{ "type": "Feature", "properties": { "visible_points": 0, "total_points": 105, "visibility_pct": 0.0 }, "geometry": { "type": "Point", "coordinates": [ -0.754129925437426, 51.242790318432682 ] } },
{ "type": "Feature", "properties": { "visible_points": 0, "total_points": 97, "visibility_pct": 0.0 }, "geometry": { "type": "Point", "coordinates": [ -0.753931467379513, 51.24278820462321 ] } },
{ "type": "Feature", "properties": { "visible_points": 0, "total_points": 89, "visibility_pct": 0.0 }, "geometry": { "type": "Point", "coordinates": [ -0.75373300934572, 51.242786090477438 ] } },
{ "type": "Feature", "properties": { "visible_points": 1, "total_points": 81, "visibility_pct": 1.2345679012345678 }, "geometry": { "type": "Point", "coordinates": [ -0.753534551336051, 51.242783975995309 ] } },
{ "type": "Feature", "properties": { "visible_points": 0, "total_points": 93, "visibility_pct": 0.0 }, "geometry": { "type": "Point", "coordinates": [ -0.757203115323255, 51.242930915496018 ] } },
{ "type": "Feature", "properties": { "visible_points": 0, "total_points": 101, "visibility_pct": 0.0 }, "geometry": { "type": "Point", "coordinates": [ -0.757004656427417, 51.242928806889125 ] } },
{ "type": "Feature", "properties": { "visible_points": 0, "total_points": 108, "visibility_pct": 0.0 }, "geometry": { "type": "Point", "coordinates": [ -0.756806197555632, 51.242926697945919 ] } },
{ "type": "Feature", "properties": { "visible_points": 0, "total_points": 114, "visibility_pct": 0.0 }, "geometry": { "type": "Point", "coordinates": [ -0.756607738707913, 51.242924588666376 ] } },
{ "type": "Feature", "properties": { "visible_points": 0, "total_points": 118, "visibility_pct": 0.0 }, "geometry": { "type": "Point", "coordinates": [ -0.756409279884262, 51.242922479050492 ] } },
{ "type": "Feature", "properties": { "visible_points": 0, "total_points": 120, "visibility_pct": 0.0 }, "geometry": { "type": "Point", "coordinates": [ -0.756210821084678, 51.242920369098293 ] } },
{ "type": "Feature", "properties": { "visible_points": 21, "total_points": 120, "visibility_pct": 17.5 }, "geometry": { "type": "Point", "coordinates": [ -0.756012362309173, 51.242918258809766 ] } },
{ "type": "Feature", "properties": { "visible_points": 22, "total_points": 120, "visibility_pct": 18.333333333333332 }, "geometry": { "type": "Point", "coordinates": [ -0.755813903557742, 51.242916148184889 ] } },
{ "type": "Feature", "properties": { "visible_points": 26, "total_points": 120, "visibility_pct": 21.666666666666668 }, "geometry": { "type": "Point", "coordinates": [ -0.755615444830395, 51.242914037223692 ] } },
{ "type": "Feature", "properties": { "visible_points": 21, "total_points": 120, "visibility_pct": 17.5 }, "geometry": { "type": "Point", "coordinates": [ -0.755416986127136, 51.242911925926173 ] } },
{ "type": "Feature", "properties": { "visible_points": 0, "total_points": 120, "visibility_pct": 0.0 }, "geometry": { "type": "Point", "coordinates": [ -0.755218527447958, 51.242909814292325 ] } },
{ "type": "Feature", "properties": { "visible_points": 0, "total_points": 120, "visibility_pct": 0.0 }, "geometry": { "type": "Point", "coordinates": [ -0.755020068792886, 51.242907702322135 ] } },
{ "type": "Feature", "properties": { "visible_points": 2, "total_points": 120, "visibility_pct": 1.6666666666666667 }, "geometry": { "type": "Point", "coordinates": [ -0.754821610161905, 51.242905590015617 ] } },
{ "type": "Feature", "properties": { "visible_points": 0, "total_points": 120, "visibility_pct": 0.0 }, "geometry": { "type": "Point", "coordinates": [ -0.754623151555027, 51.242903477372757 ] } },
{ "type": "Feature", "properties": { "visible_points": 0, "total_points": 119, "visibility_pct": 0.0 }, "geometry": { "type": "Point", "coordinates": [ -0.754424692972248, 51.242901364393582 ] } },
{ "type": "Feature", "properties": { "visible_points": 0, "total_points": 114, "visibility_pct": 0.0 }, "geometry": { "type": "Point", "coordinates": [ -0.754226234413586, 51.242899251078072 ] } },
{ "type": "Feature", "properties": { "visible_points": 0, "total_points": 108, "visibility_pct": 0.0 }, "geometry": { "type": "Point", "coordinates": [ -0.754027775879034, 51.242897137426247 ] } },
{ "type": "Feature", "properties": { "visible_points": 0, "total_points": 101, "visibility_pct": 0.0 }, "geometry": { "type": "Point", "coordinates": [ -0.753829317368598, 51.242895023438066 ] } },
{ "type": "Feature", "properties": { "visible_points": 0, "total_points": 93, "visibility_pct": 0.0 }, "geometry": { "type": "Point", "coordinates": [ -0.753630858882277, 51.242892909113579 ] } },
{ "type": "Feature", "properties": { "visible_points": 0, "total_points": 84, "visibility_pct": 0.0 }, "geometry": { "type": "Point", "coordinates": [ -0.753432400420094, 51.242890794452755 ] } },
{ "type": "Feature", "properties": { "visible_points": 0, "total_points": 84, "visibility_pct": 0.0 }, "geometry": { "type": "Point", "coordinates": [ -0.757497891297891, 51.243041953813986 ] } },
{ "type": "Feature", "properties": { "visible_points": 0, "total_points": 93, "visibility_pct": 0.0 }, "geometry": { "type": "Point", "coordinates": [ -0.757299431901382, 51.243039845701077 ] } },
{ "type": "Feature", "properties": { "visible_points": 0, "total_points": 101, "visibility_pct": 0.0 }, "geometry": { "type": "Point", "coordinates": [ -0.757100972528923, 51.243037737251846 ] } },
{ "type": "Feature", "properties": { "visible_points": 0, "total_points": 108, "visibility_pct": 0.0 }, "geometry": { "type": "Point", "coordinates": [ -0.756902513180522, 51.243035628466281 ] } },
{ "type": "Feature", "properties": { "visible_points": 0, "total_points": 113, "visibility_pct": 0.0 }, "geometry": { "type": "Point", "coordinates": [ -0.756704053856181, 51.243033519344394 ] } },
{ "type": "Feature", "properties": { "visible_points": 0, "total_points": 118, "visibility_pct": 0.0 }, "geometry": { "type": "Point", "coordinates": [ -0.75650559455591, 51.243031409886157 ] } },
{ "type": "Feature", "properties": { "visible_points": 0, "total_points": 120, "visibility_pct": 0.0 }, "geometry": { "type": "Point", "coordinates": [ -0.756307135279703, 51.243029300091592 ] } },
{ "type": "Feature", "properties": { "visible_points": 0, "total_points": 120, "visibility_pct": 0.0 }, "geometry": { "type": "Point", "coordinates": [ -0.75610867602757, 51.243027189960699 ] } },
{ "type": "Feature", "properties": { "visible_points": 27, "total_points": 120, "visibility_pct": 22.5 }, "geometry": { "type": "Point", "coordinates": [ -0.755910216799512, 51.243025079493478 ] } },
{ "type": "Feature", "properties": { "visible_points": 29, "total_points": 120, "visibility_pct": 24.166666666666668 }, "geometry": { "type": "Point", "coordinates": [ -0.755711757595538, 51.243022968689928 ] } },
{ "type": "Feature", "properties": { "visible_points": 31, "total_points": 120, "visibility_pct": 25.833333333333336 }, "geometry": { "type": "Point", "coordinates": [ -0.755513298415649, 51.243020857550043 ] } },
{ "type": "Feature", "properties": { "visible_points": 0, "total_points": 120, "visibility_pct": 0.0 }, "geometry": { "type": "Point", "coordinates": [ -0.755314839259841, 51.243018746073815 ] } },
{ "type": "Feature", "properties": { "visible_points": 15, "total_points": 120, "visibility_pct": 12.5 }, "geometry": { "type": "Point", "coordinates": [ -0.755116380128131, 51.243016634261259 ] } },
{ "type": "Feature", "properties": { "visible_points": 20, "total_points": 120, "visibility_pct": 16.666666666666664 }, "geometry": { "type": "Point", "coordinates": [ -0.754917921020518, 51.243014522112382 ] } },
{ "type": "Feature", "properties": { "visible_points": 1, "total_points": 120, "visibility_pct": 0.83333333333333337 }, "geometry": { "type": "Point", "coordinates": [ -0.754719461936996, 51.243012409627163 ] } },
{ "type": "Feature", "properties": { "visible_points": 11, "total_points": 120, "visibility_pct": 9.1666666666666661 }, "geometry": { "type": "Point", "coordinates": [ -0.754521002877583, 51.243010296805615 ] } },
{ "type": "Feature", "properties": { "visible_points": 23, "total_points": 120, "visibility_pct": 19.166666666666668 }, "geometry": { "type": "Point", "coordinates": [ -0.754322543842279, 51.243008183647738 ] } },
{ "type": "Feature", "properties": { "visible_points": 19, "total_points": 116, "visibility_pct": 16.379310344827587 }, "geometry": { "type": "Point", "coordinates": [ -0.754124084831083, 51.243006070153527 ] } },
{ "type": "Feature", "properties": { "visible_points": 11, "total_points": 110, "visibility_pct": 10.0 }, "geometry": { "type": "Point", "coordinates": [ -0.753925625844004, 51.243003956323001 ] } },
{ "type": "Feature", "properties": { "visible_points": 8, "total_points": 104, "visibility_pct": 7.6923076923076925 }, "geometry": { "type": "Point", "coordinates": [ -0.753727166881042, 51.243001842156126 ] } },
{ "type": "Feature", "properties": { "visible_points": 0, "total_points": 96, "visibility_pct": 0.0 }, "geometry": { "type": "Point", "coordinates": [ -0.753528707942203, 51.242999727652943 ] } },
{ "type": "Feature", "properties": { "visible_points": 2, "total_points": 86, "visibility_pct": 2.3255813953488373 }, "geometry": { "type": "Point", "coordinates": [ -0.753330249027491, 51.242997612813383 ] } },
{ "type": "Feature", "properties": { "visible_points": 0, "total_points": 85, "visibility_pct": 0.0 }, "geometry": { "type": "Point", "coordinates": [ -0.7575942088052, 51.243150883785646 ] } },
{ "type": "Feature", "properties": { "visible_points": 3, "total_points": 94, "visibility_pct": 3.1914893617021276 }, "geometry": { "type": "Point", "coordinates": [ -0.757395748932073, 51.243148775830399 ] } },
{ "type": "Feature", "properties": { "visible_points": 0, "total_points": 102, "visibility_pct": 0.0 }, "geometry": { "type": "Point", "coordinates": [ -0.757197289082996, 51.243146667538817 ] } },
{ "type": "Feature", "properties": { "visible_points": 0, "total_points": 108, "visibility_pct": 0.0 }, "geometry": { "type": "Point", "coordinates": [ -0.756998829257975, 51.243144558910899 ] } },
{ "type": "Feature", "properties": { "visible_points": 0, "total_points": 114, "visibility_pct": 0.0 }, "geometry": { "type": "Point", "coordinates": [ -0.756800369457015, 51.243142449946653 ] } },
{ "type": "Feature", "properties": { "visible_points": 0, "total_points": 118, "visibility_pct": 0.0 }, "geometry": { "type": "Point", "coordinates": [ -0.756601909680113, 51.243140340646072 ] } },
{ "type": "Feature", "properties": { "visible_points": 0, "total_points": 120, "visibility_pct": 0.0 }, "geometry": { "type": "Point", "coordinates": [ -0.756403449927283, 51.243138231009155 ] } },
{ "type": "Feature", "properties": { "visible_points": 0, "total_points": 120, "visibility_pct": 0.0 }, "geometry": { "type": "Point", "coordinates": [ -0.756204990198525, 51.24313612103591 ] } },
{ "type": "Feature", "properties": { "visible_points": 26, "total_points": 120, "visibility_pct": 21.666666666666668 }, "geometry": { "type": "Point", "coordinates": [ -0.756006530493835, 51.243134010726322 ] } },
{ "type": "Feature", "properties": { "visible_points": 31, "total_points": 120, "visibility_pct": 25.833333333333336 }, "geometry": { "type": "Point", "coordinates": [ -0.755808070813234, 51.243131900080407 ] } },
{ "type": "Feature", "properties": { "visible_points": 36, "total_points": 120, "visibility_pct": 30.0 }, "geometry": { "type": "Point", "coordinates": [ -0.755609611156705, 51.243129789098155 ] } },
{ "type": "Feature", "properties": { "visible_points": 30, "total_points": 120, "visibility_pct": 25.0 }, "geometry": { "type": "Point", "coordinates": [ -0.755411151524269, 51.24312767777959 ] } },
{ "type": "Feature", "properties": { "visible_points": 0, "total_points": 120, "visibility_pct": 0.0 }, "geometry": { "type": "Point", "coordinates": [ -0.755212691915921, 51.243125566124654 ] } },
{ "type": "Feature", "properties": { "visible_points": 26, "total_points": 120, "visibility_pct": 21.666666666666668 }, "geometry": { "type": "Point", "coordinates": [ -0.755014232331668, 51.243123454133418 ] } },
{ "type": "Feature", "properties": { "visible_points": 32, "total_points": 120, "visibility_pct": 26.666666666666668 }, "geometry": { "type": "Point", "coordinates": [ -0.75481577277151, 51.243121341805839 ] } },
{ "type": "Feature", "properties": { "visible_points": 37, "total_points": 120, "visibility_pct": 30.833333333333336 }, "geometry": { "type": "Point", "coordinates": [ -0.754617313235457, 51.243119229141918 ] } },
{ "type": "Feature", "properties": { "visible_points": 33, "total_points": 120, "visibility_pct": 27.5 }, "geometry": { "type": "Point", "coordinates": [ -0.754418853723508, 51.243117116141676 ] } },
{ "type": "Feature", "properties": { "visible_points": 28, "total_points": 120, "visibility_pct": 23.333333333333332 }, "geometry": { "type": "Point", "coordinates": [ -0.754220394235666, 51.243115002805098 ] } },
{ "type": "Feature", "properties": { "visible_points": 19, "total_points": 118, "visibility_pct": 16.101694915254235 }, "geometry": { "type": "Point", "coordinates": [ -0.754021934771944, 51.243112889132192 ] } },
{ "type": "Feature", "properties": { "visible_points": 23, "total_points": 113, "visibility_pct": 20.353982300884958 }, "geometry": { "type": "Point", "coordinates": [ -0.75382347533233, 51.243110775122943 ] } },
{ "type": "Feature", "properties": { "visible_points": 19, "total_points": 107, "visibility_pct": 17.75700934579439 }, "geometry": { "type": "Point", "coordinates": [ -0.753625015916844, 51.243108660777366 ] } },
{ "type": "Feature", "properties": { "visible_points": 0, "total_points": 98, "visibility_pct": 0.0 }, "geometry": { "type": "Point", "coordinates": [ -0.753426556525479, 51.243106546095468 ] } },
{ "type": "Feature", "properties": { "visible_points": 0, "total_points": 87, "visibility_pct": 0.0 }, "geometry": { "type": "Point", "coordinates": [ -0.753228097158244, 51.243104431077228 ] } },
{ "type": "Feature", "properties": { "visible_points": 0, "total_points": 75, "visibility_pct": 0.0 }, "geometry": { "type": "Point", "coordinates": [ -0.753029637815138, 51.243102315722666 ] } },
{ "type": "Feature", "properties": { "visible_points": 0, "total_points": 80, "visibility_pct": 0.0 }, "geometry": { "type": "Point", "coordinates": [ -0.757888987138881, 51.243261921142832 ] } },
{ "type": "Feature", "properties": { "visible_points": 8, "total_points": 88, "visibility_pct": 9.0909090909090917 }, "geometry": { "type": "Point", "coordinates": [ -0.757690526765084, 51.243259813681583 ] } },
{ "type": "Feature", "properties": { "visible_points": 8, "total_points": 96, "visibility_pct": 8.3333333333333321 }, "geometry": { "type": "Point", "coordinates": [ -0.757492066415338, 51.24325770588397 ] } },
{ "type": "Feature", "properties": { "visible_points": 3, "total_points": 104, "visibility_pct": 2.8846153846153846 }, "geometry": { "type": "Point", "coordinates": [ -0.757293606089642, 51.243255597750043 ] } },
{ "type": "Feature", "properties": { "visible_points": 2, "total_points": 110, "visibility_pct": 1.8181818181818181 }, "geometry": { "type": "Point", "coordinates": [ -0.757095145787994, 51.243253489279788 ] } },
{ "type": "Feature", "properties": { "visible_points": 0, "total_points": 115, "visibility_pct": 0.0 }, "geometry": { "type": "Point", "coordinates": [ -0.75689668551041, 51.243251380473176 ] } },
{ "type": "Feature", "properties": { "visible_points": 0, "total_points": 119, "visibility_pct": 0.0 }, "geometry": { "type": "Point", "coordinates": [ -0.756698225256887, 51.243249271330235 ] } },
{ "type": "Feature", "properties": { "visible_points": 0, "total_points": 120, "visibility_pct": 0.0 }, "geometry": { "type": "Point", "coordinates": [ -0.756499765027425, 51.243247161850981 ] } },
{ "type": "Feature", "properties": { "visible_points": 0, "total_points": 120, "visibility_pct": 0.0 }, "geometry": { "type": "Point", "coordinates": [ -0.756301304822038, 51.243245052035356 ] } },
{ "type": "Feature", "properties": { "visible_points": 4, "total_points": 120, "visibility_pct": 3.3333333333333335 }, "geometry": { "type": "Point", "coordinates": [ -0.756102844640721, 51.243242941883423 ] } },
{ "type": "Feature", "properties": { "visible_points": 34, "total_points": 120, "visibility_pct": 28.333333333333332 }, "geometry": { "type": "Point", "coordinates": [ -0.755904384483478, 51.243240831395156 ] } },
{ "type": "Feature", "properties": { "visible_points": 35, "total_points": 120, "visibility_pct": 29.166666666666668 }, "geometry": { "type": "Point", "coordinates": [ -0.755705924350323, 51.243238720570538 ] } },
{ "type": "Feature", "properties": { "visible_points": 40, "total_points": 120, "visibility_pct": 33.333333333333329 }, "geometry": { "type": "Point", "coordinates": [ -0.755507464241247, 51.243236609409593 ] } },
{ "type": "Feature", "properties": { "visible_points": 38, "total_points": 120, "visibility_pct": 31.666666666666664 }, "geometry": { "type": "Point", "coordinates": [ -0.755309004156261, 51.243234497912333 ] } },
{ "type": "Feature", "properties": { "visible_points": 36, "total_points": 120, "visibility_pct": 30.0 }, "geometry": { "type": "Point", "coordinates": [ -0.755110544095367, 51.243232386078716 ] } },
{ "type": "Feature", "properties": { "visible_points": 32, "total_points": 120, "visibility_pct": 26.666666666666668 }, "geometry": { "type": "Point", "coordinates": [ -0.754912084058568, 51.243230273908779 ] } },
{ "type": "Feature", "properties": { "visible_points": 36, "total_points": 120, "visibility_pct": 30.0 }, "geometry": { "type": "Point", "coordinates": [ -0.754713624045873, 51.243228161402492 ] } },
{ "type": "Feature", "properties": { "visible_points": 39, "total_points": 120, "visibility_pct": 32.5 }, "geometry": { "type": "Point", "coordinates": [ -0.754515164057275, 51.243226048559883 ] } },
{ "type": "Feature", "properties": { "visible_points": 37, "total_points": 120, "visibility_pct": 30.833333333333336 }, "geometry": { "type": "Point", "coordinates": [ -0.754316704092793, 51.243223935380932 ] } },
{ "type": "Feature", "properties": { "visible_points": 0, "total_points": 120, "visibility_pct": 0.0 }, "geometry": { "type": "Point", "coordinates": [ -0.754118244152415, 51.243221821865646 ] } },
{ "type": "Feature", "properties": { "visible_points": 9, "total_points": 119, "visibility_pct": 7.5630252100840334 }, "geometry": { "type": "Point", "coordinates": [ -0.753919784236158, 51.243219708014038 ] } },
{ "type": "Feature", "properties": { "visible_points": 21, "total_points": 115, "visibility_pct": 18.260869565217391 }, "geometry": { "type": "Point", "coordinates": [ -0.753721324344016, 51.243217593826095 ] } },
{ "type": "Feature", "properties": { "visible_points": 10, "total_points": 108, "visibility_pct": 9.2592592592592595 }, "geometry": { "type": "Point", "coordinates": [ -0.753522864475997, 51.24321547930181 ] } },
{ "type": "Feature", "properties": { "visible_points": 17, "total_points": 98, "visibility_pct": 17.346938775510203 }, "geometry": { "type": "Point", "coordinates": [ -0.753324404632107, 51.24321336444121 ] } },
{ "type": "Feature", "properties": { "visible_points": 0, "total_points": 86, "visibility_pct": 0.0 }, "geometry": { "type": "Point", "coordinates": [ -0.753125944812345, 51.243211249244261 ] } },
{ "type": "Feature", "properties": { "visible_points": 0, "total_points": 74, "visibility_pct": 0.0 }, "geometry": { "type": "Point", "coordinates": [ -0.752927485016721, 51.243209133710977 ] } },
{ "type": "Feature", "properties": { "visible_points": 0, "total_points": 84, "visibility_pct": 0.0 }, "geometry": { "type": "Point", "coordinates": [ -0.757985306027962, 51.243370850805341 ] } },
{ "type": "Feature", "properties": { "visible_points": 9, "total_points": 92, "visibility_pct": 9.7826086956521738 }, "geometry": { "type": "Point", "coordinates": [ -0.757786845177547, 51.243368743501733 ] } },
{ "type": "Feature", "properties": { "visible_points": 10, "total_points": 100, "visibility_pct": 10.0 }, "geometry": { "type": "Point", "coordinates": [ -0.757588384351176, 51.243366635861797 ] } },
{ "type": "Feature", "properties": { "visible_points": 14, "total_points": 107, "visibility_pct": 13.084112149532709 }, "geometry": { "type": "Point", "coordinates": [ -0.757389923548859, 51.243364527885511 ] } },
{ "type": "Feature", "properties": { "visible_points": 6, "total_points": 113, "visibility_pct": 5.3097345132743365 }, "geometry": { "type": "Point", "coordinates": [ -0.757191462770589, 51.243362419572904 ] } },
{ "type": "Feature", "properties": { "visible_points": 8, "total_points": 117, "visibility_pct": 6.8376068376068382 }, "geometry": { "type": "Point", "coordinates": [ -0.756993002016374, 51.243360310923947 ] } },
{ "type": "Feature", "properties": { "visible_points": 0, "total_points": 120, "visibility_pct": 0.0 }, "geometry": { "type": "Point", "coordinates": [ -0.756794541286223, 51.243358201938669 ] } },
{ "type": "Feature", "properties": { "visible_points": 0, "total_points": 120, "visibility_pct": 0.0 }, "geometry": { "type": "Point", "coordinates": [ -0.756596080580134, 51.243356092617049 ] } },
{ "type": "Feature", "properties": { "visible_points": 0, "total_points": 120, "visibility_pct": 0.0 }, "geometry": { "type": "Point", "coordinates": [ -0.756397619898113, 51.243353982959079 ] } },
{ "type": "Feature", "properties": { "visible_points": 0, "total_points": 120, "visibility_pct": 0.0 }, "geometry": { "type": "Point", "coordinates": [ -0.756199159240161, 51.243351872964794 ] } },
{ "type": "Feature", "properties": { "visible_points": 35, "total_points": 120, "visibility_pct": 29.166666666666668 }, "geometry": { "type": "Point", "coordinates": [ -0.756000698606289, 51.243349762634161 ] } },
{ "type": "Feature", "properties": { "visible_points": 39, "total_points": 120, "visibility_pct": 32.5 }, "geometry": { "type": "Point", "coordinates": [ -0.755802237996492, 51.243347651967191 ] } },
{ "type": "Feature", "properties": { "visible_points": 41, "total_points": 120, "visibility_pct": 34.166666666666664 }, "geometry": { "type": "Point", "coordinates": [ -0.755603777410778, 51.243345540963894 ] } },
{ "type": "Feature", "properties": { "visible_points": 40, "total_points": 120, "visibility_pct": 33.333333333333329 }, "geometry": { "type": "Point", "coordinates": [ -0.755405316849153, 51.243343429624261 ] } },
{ "type": "Feature", "properties": { "visible_points": 33, "total_points": 120, "visibility_pct": 27.5 }, "geometry": { "type": "Point", "coordinates": [ -0.755206856311615, 51.243341317948278 ] } },
{ "type": "Feature", "properties": { "visible_points": 28, "total_points": 120, "visibility_pct": 23.333333333333332 }, "geometry": { "type": "Point", "coordinates": [ -0.755008395798174, 51.24333920593596 ] } },
{ "type": "Feature", "properties": { "visible_points": 26, "total_points": 120, "visibility_pct": 21.666666666666668 }, "geometry": { "type": "Point", "coordinates": [ -0.75480993530883, 51.243337093587321 ] } },
{ "type": "Feature", "properties": { "visible_points": 41, "total_points": 120, "visibility_pct": 34.166666666666664 }, "geometry": { "type": "Point", "coordinates": [ -0.754611474843592, 51.243334980902347 ] } },
{ "type": "Feature", "properties": { "visible_points": 49, "total_points": 120, "visibility_pct": 40.833333333333336 }, "geometry": { "type": "Point", "coordinates": [ -0.754413014402456, 51.243332867881037 ] } },
{ "type": "Feature", "properties": { "visible_points": 45, "total_points": 120, "visibility_pct": 37.5 }, "geometry": { "type": "Point", "coordinates": [ -0.75421455398543, 51.243330754523392 ] } },
{ "type": "Feature", "properties": { "visible_points": 0, "total_points": 120, "visibility_pct": 0.0 }, "geometry": { "type": "Point", "coordinates": [ -0.754016093592517, 51.24332864082939 ] } },
{ "type": "Feature", "properties": { "visible_points": 24, "total_points": 120, "visibility_pct": 20.0 }, "geometry": { "type": "Point", "coordinates": [ -0.75381763322372, 51.243326526799081 ] } },
{ "type": "Feature", "properties": { "visible_points": 0, "total_points": 117, "visibility_pct": 0.0 }, "geometry": { "type": "Point", "coordinates": [ -0.753619172879053, 51.243324412432429 ] } },
{ "type": "Feature", "properties": { "visible_points": 14, "total_points": 108, "visibility_pct": 12.962962962962962 }, "geometry": { "type": "Point", "coordinates": [ -0.753420712558502, 51.243322297729442 ] } },
{ "type": "Feature", "properties": { "visible_points": 19, "total_points": 97, "visibility_pct": 19.587628865979383 }, "geometry": { "type": "Point", "coordinates": [ -0.75322225226208, 51.243320182690127 ] } },
{ "type": "Feature", "properties": { "visible_points": 6, "total_points": 85, "visibility_pct": 7.0588235294117645 }, "geometry": { "type": "Point", "coordinates": [ -0.753023791989796, 51.243318067314476 ] } },
{ "type": "Feature", "properties": { "visible_points": 4, "total_points": 72, "visibility_pct": 5.5555555555555554 }, "geometry": { "type": "Point", "coordinates": [ -0.752825331741642, 51.24331595160249 ] } },
{ "type": "Feature", "properties": { "visible_points": 0, "total_points": 79, "visibility_pct": 0.0 }, "geometry": { "type": "Point", "coordinates": [ -0.7582800867207, 51.243481887201703 ] } },
{ "type": "Feature", "properties": { "visible_points": 1, "total_points": 87, "visibility_pct": 1.1494252873563218 }, "geometry": { "type": "Point", "coordinates": [ -0.758081625369625, 51.243479780392093 ] } },
{ "type": "Feature", "properties": { "visible_points": 0, "total_points": 96, "visibility_pct": 0.0 }, "geometry": { "type": "Point", "coordinates": [ -0.75788316404259, 51.243477673246147 ] } },
{ "type": "Feature", "properties": { "visible_points": 8, "total_points": 104, "visibility_pct": 7.6923076923076925 }, "geometry": { "type": "Point", "coordinates": [ -0.757684702739597, 51.243475565763852 ] } },
{ "type": "Feature", "properties": { "visible_points": 12, "total_points": 110, "visibility_pct": 10.909090909090908 }, "geometry": { "type": "Point", "coordinates": [ -0.757486241460653, 51.243473457945235 ] } },
{ "type": "Feature", "properties": { "visible_points": 19, "total_points": 116, "visibility_pct": 16.379310344827587 }, "geometry": { "type": "Point", "coordinates": [ -0.757287780205755, 51.243471349790283 ] } },
{ "type": "Feature", "properties": { "visible_points": 15, "total_points": 119, "visibility_pct": 12.605042016806722 }, "geometry": { "type": "Point", "coordinates": [ -0.757089318974916, 51.243469241298975 ] } },
{ "type": "Feature", "properties": { "visible_points": 10, "total_points": 120, "visibility_pct": 8.3333333333333321 }, "geometry": { "type": "Point", "coordinates": [ -0.756890857768134, 51.243467132471338 ] } },
{ "type": "Feature", "properties": { "visible_points": 7, "total_points": 120, "visibility_pct": 5.833333333333333 }, "geometry": { "type": "Point", "coordinates": [ -0.756692396585409, 51.243465023307365 ] } },
{ "type": "Feature", "properties": { "visible_points": 13, "total_points": 120, "visibility_pct": 10.833333333333334 }, "geometry": { "type": "Point", "coordinates": [ -0.756493935426754, 51.243462913807051 ] } },
{ "type": "Feature", "properties": { "visible_points": 0, "total_points": 120, "visibility_pct": 0.0 }, "geometry": { "type": "Point", "coordinates": [ -0.756295474292172, 51.243460803970407 ] } },
{ "type": "Feature", "properties": { "visible_points": 0, "total_points": 120, "visibility_pct": 0.0 }, "geometry": { "type": "Point", "coordinates": [ -0.756097013181658, 51.243458693797422 ] } },
{ "type": "Feature", "properties": { "visible_points": 45, "total_points": 120, "visibility_pct": 37.5 }, "geometry": { "type": "Point", "coordinates": [ -0.755898552095224, 51.243456583288093 ] } },
{ "type": "Feature", "properties": { "visible_points": 43, "total_points": 120, "visibility_pct": 35.833333333333336 }, "geometry": { "type": "Point", "coordinates": [ -0.755700091032869, 51.243454472442437 ] } },
{ "type": "Feature", "properties": { "visible_points": 43, "total_points": 120, "visibility_pct": 35.833333333333336 }, "geometry": { "type": "Point", "coordinates": [ -0.755501629994602, 51.243452361260452 ] } },
{ "type": "Feature", "properties": { "visible_points": 33, "total_points": 120, "visibility_pct": 27.5 }, "geometry": { "type": "Point", "coordinates": [ -0.75530316898042, 51.243450249742097 ] } },
{ "type": "Feature", "properties": { "visible_points": 15, "total_points": 120, "visibility_pct": 12.5 }, "geometry": { "type": "Point", "coordinates": [ -0.755104707990334, 51.243448137887441 ] } },
{ "type": "Feature", "properties": { "visible_points": 0, "total_points": 120, "visibility_pct": 0.0 }, "geometry": { "type": "Point", "coordinates": [ -0.754906247024344, 51.243446025696421 ] } },
{ "type": "Feature", "properties": { "visible_points": 0, "total_points": 120, "visibility_pct": 0.0 }, "geometry": { "type": "Point", "coordinates": [ -0.754707786082452, 51.243443913169088 ] } },
{ "type": "Feature", "properties": { "visible_points": 48, "total_points": 120, "visibility_pct": 40.0 }, "geometry": { "type": "Point", "coordinates": [ -0.754509325164665, 51.243441800305405 ] } },
{ "type": "Feature", "properties": { "visible_points": 52, "total_points": 120, "visibility_pct": 43.333333333333336 }, "geometry": { "type": "Point", "coordinates": [ -0.754310864270987, 51.243439687105386 ] } },
{ "type": "Feature", "properties": { "visible_points": 49, "total_points": 120, "visibility_pct": 40.833333333333336 }, "geometry": { "type": "Point", "coordinates": [ -0.754112403401424, 51.243437573569032 ] } },
{ "type": "Feature", "properties": { "visible_points": 39, "total_points": 120, "visibility_pct": 32.5 }, "geometry": { "type": "Point", "coordinates": [ -0.75391394255597, 51.243435459696357 ] } },
{ "type": "Feature", "properties": { "visible_points": 33, "total_points": 120, "visibility_pct": 27.5 }, "geometry": { "type": "Point", "coordinates": [ -0.753715481734638, 51.243433345487318 ] } },
{ "type": "Feature", "properties": { "visible_points": 28, "total_points": 117, "visibility_pct": 23.931623931623932 }, "geometry": { "type": "Point", "coordinates": [ -0.753517020937432, 51.243431230941965 ] } },
{ "type": "Feature", "properties": { "visible_points": 19, "total_points": 107, "visibility_pct": 17.75700934579439 }, "geometry": { "type": "Point", "coordinates": [ -0.753318560164347, 51.24342911606027 ] } },
{ "type": "Feature", "properties": { "visible_points": 9, "total_points": 95, "visibility_pct": 9.4736842105263168 }, "geometry": { "type": "Point", "coordinates": [ -0.753120099415406, 51.243427000842239 ] } },
{ "type": "Feature", "properties": { "visible_points": 10, "total_points": 82, "visibility_pct": 12.195121951219512 }, "geometry": { "type": "Point", "coordinates": [ -0.752921638690585, 51.243424885287865 ] } },
{ "type": "Feature", "properties": { "visible_points": 6, "total_points": 69, "visibility_pct": 8.695652173913043 }, "geometry": { "type": "Point", "coordinates": [ -0.752723177989907, 51.243422769397164 ] } },
{ "type": "Feature", "properties": { "visible_points": 0, "total_points": 83, "visibility_pct": 0.0 }, "geometry": { "type": "Point", "coordinates": [ -0.758376406991574, 51.243590816555034 ] } },
{ "type": "Feature", "properties": { "visible_points": 0, "total_points": 91, "visibility_pct": 0.0 }, "geometry": { "type": "Point", "coordinates": [ -0.758177945163877, 51.243588709903094 ] } },
{ "type": "Feature", "properties": { "visible_points": 17, "total_points": 99, "visibility_pct": 17.171717171717169 }, "geometry": { "type": "Point", "coordinates": [ -0.757979483360221, 51.243586602914803 ] } },
{ "type": "Feature", "properties": { "visible_points": 0, "total_points": 107, "visibility_pct": 0.0 }, "geometry": { "type": "Point", "coordinates": [ -0.757781021580601, 51.24358449559017 ] } },
{ "type": "Feature", "properties": { "visible_points": 8, "total_points": 113, "visibility_pct": 7.0796460176991154 }, "geometry": { "type": "Point", "coordinates": [ -0.757582559825029, 51.243582387929202 ] } },
{ "type": "Feature", "properties": { "visible_points": 17, "total_points": 118, "visibility_pct": 14.40677966101695 }, "geometry": { "type": "Point", "coordinates": [ -0.757384098093501, 51.243580279931919 ] } },
{ "type": "Feature", "properties": { "visible_points": 21, "total_points": 120, "visibility_pct": 17.5 }, "geometry": { "type": "Point", "coordinates": [ -0.757185636386032, 51.243578171598244 ] } },
{ "type": "Feature", "properties": { "visible_points": 16, "total_points": 120, "visibility_pct": 13.333333333333334 }, "geometry": { "type": "Point", "coordinates": [ -0.756987174702614, 51.243576062928277 ] } },
{ "type": "Feature", "properties": { "visible_points": 8, "total_points": 120, "visibility_pct": 6.666666666666667 }, "geometry": { "type": "Point", "coordinates": [ -0.756788713043259, 51.243573953921945 ] } },
{ "type": "Feature", "properties": { "visible_points": 20, "total_points": 120, "visibility_pct": 16.666666666666664 }, "geometry": { "type": "Point", "coordinates": [ -0.75659025140797, 51.243571844579272 ] } },
{ "type": "Feature", "properties": { "visible_points": 24, "total_points": 120, "visibility_pct": 20.0 }, "geometry": { "type": "Point", "coordinates": [ -0.756391789796747, 51.243569734900277 ] } },
{ "type": "Feature", "properties": { "visible_points": 27, "total_points": 120, "visibility_pct": 22.5 }, "geometry": { "type": "Point", "coordinates": [ -0.756193328209594, 51.243567624884939 ] } },
{ "type": "Feature", "properties": { "visible_points": 42, "total_points": 120, "visibility_pct": 35.0 }, "geometry": { "type": "Point", "coordinates": [ -0.755994866646518, 51.243565514533266 ] } },
{ "type": "Feature", "properties": { "visible_points": 51, "total_points": 120, "visibility_pct": 42.5 }, "geometry": { "type": "Point", "coordinates": [ -0.755796405107523, 51.243563403845243 ] } },
{ "type": "Feature", "properties": { "visible_points": 32, "total_points": 120, "visibility_pct": 26.666666666666668 }, "geometry": { "type": "Point", "coordinates": [ -0.75559794359261, 51.243561292820885 ] } },
{ "type": "Feature", "properties": { "visible_points": 39, "total_points": 120, "visibility_pct": 32.5 }, "geometry": { "type": "Point", "coordinates": [ -0.75539948210178, 51.243559181460213 ] } },
{ "type": "Feature", "properties": { "visible_points": 21, "total_points": 120, "visibility_pct": 17.5 }, "geometry": { "type": "Point", "coordinates": [ -0.75520102063505, 51.243557069763149 ] } },
{ "type": "Feature", "properties": { "visible_points": 19, "total_points": 120, "visibility_pct": 15.833333333333332 }, "geometry": { "type": "Point", "coordinates": [ -0.755002559192407, 51.243554957729806 ] } },
{ "type": "Feature", "properties": { "visible_points": 3, "total_points": 120, "visibility_pct": 2.5 }, "geometry": { "type": "Point", "coordinates": [ -0.754804097773863, 51.243552845360092 ] } },
{ "type": "Feature", "properties": { "visible_points": 43, "total_points": 120, "visibility_pct": 35.833333333333336 }, "geometry": { "type": "Point", "coordinates": [ -0.754605636379429, 51.24355073265405 ] } },
{ "type": "Feature", "properties": { "visible_points": 52, "total_points": 120, "visibility_pct": 43.333333333333336 }, "geometry": { "type": "Point", "coordinates": [ -0.754407175009092, 51.243548619611666 ] } },
{ "type": "Feature", "properties": { "visible_points": 52, "total_points": 120, "visibility_pct": 43.333333333333336 }, "geometry": { "type": "Point", "coordinates": [ -0.754208713662871, 51.243546506232946 ] } },
{ "type": "Feature", "properties": { "visible_points": 45, "total_points": 120, "visibility_pct": 37.5 }, "geometry": { "type": "Point", "coordinates": [ -0.75401025234076, 51.243544392517876 ] } },
{ "type": "Feature", "properties": { "visible_points": 36, "total_points": 120, "visibility_pct": 30.0 }, "geometry": { "type": "Point", "coordinates": [ -0.75381179104277, 51.243542278466485 ] } },
{ "type": "Feature", "properties": { "visible_points": 35, "total_points": 120, "visibility_pct": 29.166666666666668 }, "geometry": { "type": "Point", "coordinates": [ -0.753613329768899, 51.243540164078759 ] } },
{ "type": "Feature", "properties": { "visible_points": 16, "total_points": 115, "visibility_pct": 13.913043478260869 }, "geometry": { "type": "Point", "coordinates": [ -0.753414868519157, 51.243538049354683 ] } },
{ "type": "Feature", "properties": { "visible_points": 22, "total_points": 103, "visibility_pct": 21.359223300970871 }, "geometry": { "type": "Point", "coordinates": [ -0.75321640729354, 51.243535934294286 ] } },
{ "type": "Feature", "properties": { "visible_points": 16, "total_points": 90, "visibility_pct": 17.777777777777779 }, "geometry": { "type": "Point", "coordinates": [ -0.753017946092059, 51.243533818897546 ] } },
{ "type": "Feature", "properties": { "visible_points": 8, "total_points": 77, "visibility_pct": 10.38961038961039 }, "geometry": { "type": "Point", "coordinates": [ -0.752819484914713, 51.243531703164471 ] } },
{ "type": "Feature", "properties": { "visible_points": 0, "total_points": 86, "visibility_pct": 0.0 }, "geometry": { "type": "Point", "coordinates": [ -0.758472727715045, 51.243699745832629 ] } },
{ "type": "Feature", "properties": { "visible_points": 20, "total_points": 95, "visibility_pct": 21.052631578947366 }, "geometry": { "type": "Point", "coordinates": [ -0.758274265410724, 51.243697639338336 ] } },
{ "type": "Feature", "properties": { "visible_points": 20, "total_points": 103, "visibility_pct": 19.417475728155338 }, "geometry": { "type": "Point", "coordinates": [ -0.758075803130438, 51.243695532507708 ] } },
{ "type": "Feature", "properties": { "visible_points": 20, "total_points": 110, "visibility_pct": 18.181818181818183 }, "geometry": { "type": "Point", "coordinates": [ -0.75787734087419, 51.24369342534073 ] } },
{ "type": "Feature", "properties": { "visible_points": 0, "total_points": 116, "visibility_pct": 0.0 }, "geometry": { "type": "Point", "coordinates": [ -0.757678878641989, 51.243691317837417 ] } },
{ "type": "Feature", "properties": { "visible_points": 7, "total_points": 120, "visibility_pct": 5.833333333333333 }, "geometry": { "type": "Point", "coordinates": [ -0.757480416433832, 51.243689209997775 ] } },
{ "type": "Feature", "properties": { "visible_points": 17, "total_points": 120, "visibility_pct": 14.166666666666666 }, "geometry": { "type": "Point", "coordinates": [ -0.757281954249728, 51.243687101821784 ] } },
{ "type": "Feature", "properties": { "visible_points": 17, "total_points": 120, "visibility_pct": 14.166666666666666 }, "geometry": { "type": "Point", "coordinates": [ -0.757083492089681, 51.243684993309451 ] } },
{ "type": "Feature", "properties": { "visible_points": 27, "total_points": 120, "visibility_pct": 22.5 }, "geometry": { "type": "Point", "coordinates": [ -0.756885029953686, 51.243682884460767 ] } },
{ "type": "Feature", "properties": { "visible_points": 28, "total_points": 120, "visibility_pct": 23.333333333333332 }, "geometry": { "type": "Point", "coordinates": [ -0.756686567841756, 51.243680775275763 ] } },
{ "type": "Feature", "properties": { "visible_points": 27, "total_points": 120, "visibility_pct": 22.5 }, "geometry": { "type": "Point", "coordinates": [ -0.756488105753895, 51.243678665754395 ] } },
{ "type": "Feature", "properties": { "visible_points": 29, "total_points": 120, "visibility_pct": 24.166666666666668 }, "geometry": { "type": "Point", "coordinates": [ -0.756289643690102, 51.24367655589672 ] } },
{ "type": "Feature", "properties": { "visible_points": 39, "total_points": 120, "visibility_pct": 32.5 }, "geometry": { "type": "Point", "coordinates": [ -0.756091181650382, 51.243674445702673 ] } },
{ "type": "Feature", "properties": { "visible_points": 45, "total_points": 120, "visibility_pct": 37.5 }, "geometry": { "type": "Point", "coordinates": [ -0.755892719634742, 51.24367233517232 ] } },
{ "type": "Feature", "properties": { "visible_points": 38, "total_points": 120, "visibility_pct": 31.666666666666664 }, "geometry": { "type": "Point", "coordinates": [ -0.755694257643182, 51.243670224305603 ] } },
{ "type": "Feature", "properties": { "visible_points": 25, "total_points": 120, "visibility_pct": 20.833333333333336 }, "geometry": { "type": "Point", "coordinates": [ -0.755495795675707, 51.243668113102544 ] } },
{ "type": "Feature", "properties": { "visible_points": 36, "total_points": 120, "visibility_pct": 30.0 }, "geometry": { "type": "Point", "coordinates": [ -0.755297333732321, 51.243666001563149 ] } },
{ "type": "Feature", "properties": { "visible_points": 33, "total_points": 120, "visibility_pct": 27.5 }, "geometry": { "type": "Point", "coordinates": [ -0.755098871813033, 51.243663889687426 ] } },
{ "type": "Feature", "properties": { "visible_points": 5, "total_points": 120, "visibility_pct": 4.1666666666666661 }, "geometry": { "type": "Point", "coordinates": [ -0.754900409917835, 51.24366177747536 ] } },
{ "type": "Feature", "properties": { "visible_points": 41, "total_points": 120, "visibility_pct": 34.166666666666664 }, "geometry": { "type": "Point", "coordinates": [ -0.754701948046739, 51.243659664926938 ] } },
{ "type": "Feature", "properties": { "visible_points": 49, "total_points": 120, "visibility_pct": 40.833333333333336 }, "geometry": { "type": "Point", "coordinates": [ -0.754503486199749, 51.243657552042194 ] } },
{ "type": "Feature", "properties": { "visible_points": 47, "total_points": 120, "visibility_pct": 39.166666666666664 }, "geometry": { "type": "Point", "coordinates": [ -0.754305024376869, 51.243655438821108 ] } },
{ "type": "Feature", "properties": { "visible_points": 46, "total_points": 120, "visibility_pct": 38.333333333333336 }, "geometry": { "type": "Point", "coordinates": [ -0.754106562578101, 51.243653325263686 ] } },
{ "type": "Feature", "properties": { "visible_points": 34, "total_points": 120, "visibility_pct": 28.333333333333332 }, "geometry": { "type": "Point", "coordinates": [ -0.753908100803444, 51.243651211369922 ] } },
{ "type": "Feature", "properties": { "visible_points": 38, "total_points": 120, "visibility_pct": 31.666666666666664 }, "geometry": { "type": "Point", "coordinates": [ -0.753709639052913, 51.243649097139809 ] } },
{ "type": "Feature", "properties": { "visible_points": 34, "total_points": 118, "visibility_pct": 28.8135593220339 }, "geometry": { "type": "Point", "coordinates": [ -0.753511177326502, 51.243646982573374 ] } },
{ "type": "Feature", "properties": { "visible_points": 31, "total_points": 109, "visibility_pct": 28.440366972477065 }, "geometry": { "type": "Point", "coordinates": [ -0.753312715624222, 51.243644867670611 ] } },
{ "type": "Feature", "properties": { "visible_points": 12, "total_points": 97, "visibility_pct": 12.371134020618557 }, "geometry": { "type": "Point", "coordinates": [ -0.753114253946068, 51.243642752431484 ] } },
{ "type": "Feature", "properties": { "visible_points": 0, "total_points": 84, "visibility_pct": 0.0 }, "geometry": { "type": "Point", "coordinates": [ -0.752915792292055, 51.243640636856021 ] } },
{ "type": "Feature", "properties": { "visible_points": 0, "total_points": 71, "visibility_pct": 0.0 }, "geometry": { "type": "Point", "coordinates": [ -0.752717330662174, 51.243638520944245 ] } },
{ "type": "Feature", "properties": { "visible_points": 0, "total_points": 73, "visibility_pct": 0.0 }, "geometry": { "type": "Point", "coordinates": [ -0.758767511696089, 51.243810781034725 ] } },
{ "type": "Feature", "properties": { "visible_points": 0, "total_points": 86, "visibility_pct": 0.0 }, "geometry": { "type": "Point", "coordinates": [ -0.75856904889111, 51.24380867503443 ] } },
{ "type": "Feature", "properties": { "visible_points": 24, "total_points": 98, "visibility_pct": 24.489795918367346 }, "geometry": { "type": "Point", "coordinates": [ -0.758370586110159, 51.243806568697813 ] } },
{ "type": "Feature", "properties": { "visible_points": 23, "total_points": 106, "visibility_pct": 21.69811320754717 }, "geometry": { "type": "Point", "coordinates": [ -0.758172123353251, 51.243804462024848 ] } },
{ "type": "Feature", "properties": { "visible_points": 26, "total_points": 112, "visibility_pct": 23.214285714285715 }, "geometry": { "type": "Point", "coordinates": [ -0.757973660620372, 51.243802355015532 ] } },
{ "type": "Feature", "properties": { "visible_points": 22, "total_points": 118, "visibility_pct": 18.64406779661017 }, "geometry": { "type": "Point", "coordinates": [ -0.757775197911539, 51.243800247669881 ] } },
{ "type": "Feature", "properties": { "visible_points": 0, "total_points": 120, "visibility_pct": 0.0 }, "geometry": { "type": "Point", "coordinates": [ -0.757576735226749, 51.243798139987895 ] } },
{ "type": "Feature", "properties": { "visible_points": 0, "total_points": 120, "visibility_pct": 0.0 }, "geometry": { "type": "Point", "coordinates": [ -0.75737827256601, 51.243796031969552 ] } },
{ "type": "Feature", "properties": { "visible_points": 11, "total_points": 120, "visibility_pct": 9.1666666666666661 }, "geometry": { "type": "Point", "coordinates": [ -0.757179809929323, 51.243793923614874 ] } },
{ "type": "Feature", "properties": { "visible_points": 14, "total_points": 120, "visibility_pct": 11.666666666666666 }, "geometry": { "type": "Point", "coordinates": [ -0.756981347316692, 51.243791814923846 ] } },
{ "type": "Feature", "properties": { "visible_points": 23, "total_points": 120, "visibility_pct": 19.166666666666668 }, "geometry": { "type": "Point", "coordinates": [ -0.756782884728124, 51.243789705896482 ] } },
{ "type": "Feature", "properties": { "visible_points": 24, "total_points": 120, "visibility_pct": 20.0 }, "geometry": { "type": "Point", "coordinates": [ -0.756584422163619, 51.24378759653279 ] } },
{ "type": "Feature", "properties": { "visible_points": 27, "total_points": 120, "visibility_pct": 22.5 }, "geometry": { "type": "Point", "coordinates": [ -0.756385959623186, 51.243785486832749 ] } },
{ "type": "Feature", "properties": { "visible_points": 33, "total_points": 120, "visibility_pct": 27.5 }, "geometry": { "type": "Point", "coordinates": [ -0.756187497106816, 51.243783376796344 ] } },
{ "type": "Feature", "properties": { "visible_points": 38, "total_points": 120, "visibility_pct": 31.666666666666664 }, "geometry": { "type": "Point", "coordinates": [ -0.755989034614531, 51.243781266423618 ] } },
{ "type": "Feature", "properties": { "visible_points": 38, "total_points": 120, "visibility_pct": 31.666666666666664 }, "geometry": { "type": "Point", "coordinates": [ -0.755790572146321, 51.243779155714563 ] } },
{ "type": "Feature", "properties": { "visible_points": 31, "total_points": 120, "visibility_pct": 25.833333333333336 }, "geometry": { "type": "Point", "coordinates": [ -0.755592109702197, 51.243777044669152 ] } },
{ "type": "Feature", "properties": { "visible_points": 33, "total_points": 120, "visibility_pct": 27.5 }, "geometry": { "type": "Point", "coordinates": [ -0.755393647282157, 51.243774933287405 ] } },
{ "type": "Feature", "properties": { "visible_points": 37, "total_points": 120, "visibility_pct": 30.833333333333336 }, "geometry": { "type": "Point", "coordinates": [ -0.755195184886218, 51.243772821569323 ] } },
{ "type": "Feature", "properties": { "visible_points": 40, "total_points": 120, "visibility_pct": 33.333333333333329 }, "geometry": { "type": "Point", "coordinates": [ -0.754996722514362, 51.243770709514891 ] } },
{ "type": "Feature", "properties": { "visible_points": 46, "total_points": 120, "visibility_pct": 38.333333333333336 }, "geometry": { "type": "Point", "coordinates": [ -0.75479826016661, 51.243768597124117 ] } },
{ "type": "Feature", "properties": { "visible_points": 45, "total_points": 120, "visibility_pct": 37.5 }, "geometry": { "type": "Point", "coordinates": [ -0.754599797842962, 51.243766484397007 ] } },
{ "type": "Feature", "properties": { "visible_points": 42, "total_points": 120, "visibility_pct": 35.0 }, "geometry": { "type": "Point", "coordinates": [ -0.754401335543419, 51.243764371333555 ] } },
{ "type": "Feature", "properties": { "visible_points": 30, "total_points": 120, "visibility_pct": 25.0 }, "geometry": { "type": "Point", "coordinates": [ -0.754202873267988, 51.24376225793376 ] } },
{ "type": "Feature", "properties": { "visible_points": 0, "total_points": 120, "visibility_pct": 0.0 }, "geometry": { "type": "Point", "coordinates": [ -0.754004411016669, 51.24376014419763 ] } },
{ "type": "Feature", "properties": { "visible_points": 27, "total_points": 120, "visibility_pct": 22.5 }, "geometry": { "type": "Point", "coordinates": [ -0.753805948789472, 51.243758030125157 ] } },
{ "type": "Feature", "properties": { "visible_points": 27, "total_points": 120, "visibility_pct": 22.5 }, "geometry": { "type": "Point", "coordinates": [ -0.753607486586392, 51.243755915716342 ] } },
{ "type": "Feature", "properties": { "visible_points": 24, "total_points": 112, "visibility_pct": 21.428571428571427 }, "geometry": { "type": "Point", "coordinates": [ -0.753409024407444, 51.243753800971191 ] } },
{ "type": "Feature", "properties": { "visible_points": 0, "total_points": 101, "visibility_pct": 0.0 }, "geometry": { "type": "Point", "coordinates": [ -0.753210562252618, 51.243751685889706 ] } },
{ "type": "Feature", "properties": { "visible_points": 0, "total_points": 89, "visibility_pct": 0.0 }, "geometry": { "type": "Point", "coordinates": [ -0.753012100121929, 51.243749570471877 ] } },
{ "type": "Feature", "properties": { "visible_points": 3, "total_points": 76, "visibility_pct": 3.9473684210526314 }, "geometry": { "type": "Point", "coordinates": [ -0.75281363801538, 51.243747454717706 ] } },
{ "type": "Feature", "properties": { "visible_points": 0, "total_points": 70, "visibility_pct": 0.0 }, "geometry": { "type": "Point", "coordinates": [ -0.758863833801379, 51.243919710003141 ] } },
{ "type": "Feature", "properties": { "visible_points": 0, "total_points": 83, "visibility_pct": 0.0 }, "geometry": { "type": "Point", "coordinates": [ -0.758665370519779, 51.243917604160515 ] } },
{ "type": "Feature", "properties": { "visible_points": 22, "total_points": 96, "visibility_pct": 22.916666666666664 }, "geometry": { "type": "Point", "coordinates": [ -0.758466907262201, 51.24391549798154 ] } },
{ "type": "Feature", "properties": { "visible_points": 24, "total_points": 108, "visibility_pct": 22.222222222222221 }, "geometry": { "type": "Point", "coordinates": [ -0.758268444028658, 51.243913391466251 ] } },
{ "type": "Feature", "properties": { "visible_points": 27, "total_points": 114, "visibility_pct": 23.684210526315788 }, "geometry": { "type": "Point", "coordinates": [ -0.75806998081915, 51.243911284614583 ] } },
{ "type": "Feature", "properties": { "visible_points": 26, "total_points": 119, "visibility_pct": 21.84873949579832 }, "geometry": { "type": "Point", "coordinates": [ -0.757871517633682, 51.243909177426595 ] } },
{ "type": "Feature", "properties": { "visible_points": 22, "total_points": 120, "visibility_pct": 18.333333333333332 }, "geometry": { "type": "Point", "coordinates": [ -0.75767305447226, 51.243907069902257 ] } },
{ "type": "Feature", "properties": { "visible_points": 21, "total_points": 120, "visibility_pct": 17.5 }, "geometry": { "type": "Point", "coordinates": [ -0.757474591334879, 51.243904962041569 ] } },
{ "type": "Feature", "properties": { "visible_points": 0, "total_points": 120, "visibility_pct": 0.0 }, "geometry": { "type": "Point", "coordinates": [ -0.757276128221557, 51.243902853844553 ] } },
{ "type": "Feature", "properties": { "visible_points": 0, "total_points": 120, "visibility_pct": 0.0 }, "geometry": { "type": "Point", "coordinates": [ -0.757077665132284, 51.24390074531118 ] } },
{ "type": "Feature", "properties": { "visible_points": 16, "total_points": 120, "visibility_pct": 13.333333333333334 }, "geometry": { "type": "Point", "coordinates": [ -0.756879202067075, 51.243898636441472 ] } },
{ "type": "Feature", "properties": { "visible_points": 18, "total_points": 120, "visibility_pct": 15.0 }, "geometry": { "type": "Point", "coordinates": [ -0.756680739025922, 51.243896527235428 ] } },
{ "type": "Feature", "properties": { "visible_points": 20, "total_points": 120, "visibility_pct": 16.666666666666664 }, "geometry": { "type": "Point", "coordinates": [ -0.756482276008844, 51.243894417693021 ] } },
{ "type": "Feature", "properties": { "visible_points": 21, "total_points": 120, "visibility_pct": 17.5 }, "geometry": { "type": "Point", "coordinates": [ -0.75628381301583, 51.243892307814292 ] } },
{ "type": "Feature", "properties": { "visible_points": 0, "total_points": 120, "visibility_pct": 0.0 }, "geometry": { "type": "Point", "coordinates": [ -0.756085350046896, 51.243890197599207 ] } },
{ "type": "Feature", "properties": { "visible_points": 29, "total_points": 120, "visibility_pct": 24.166666666666668 }, "geometry": { "type": "Point", "coordinates": [ -0.755886887102034, 51.243888087047793 ] } },
{ "type": "Feature", "properties": { "visible_points": 37, "total_points": 120, "visibility_pct": 30.833333333333336 }, "geometry": { "type": "Point", "coordinates": [ -0.755688424181257, 51.243885976160023 ] } },
{ "type": "Feature", "properties": { "visible_points": 31, "total_points": 120, "visibility_pct": 25.833333333333336 }, "geometry": { "type": "Point", "coordinates": [ -0.755489961284565, 51.243883864935917 ] } },
{ "type": "Feature", "properties": { "visible_points": 30, "total_points": 120, "visibility_pct": 25.0 }, "geometry": { "type": "Point", "coordinates": [ -0.755291498411964, 51.243881753375454 ] } },
{ "type": "Feature", "properties": { "visible_points": 27, "total_points": 120, "visibility_pct": 22.5 }, "geometry": { "type": "Point", "coordinates": [ -0.755093035563456, 51.243879641478671 ] } },
{ "type": "Feature", "properties": { "visible_points": 42, "total_points": 120, "visibility_pct": 35.0 }, "geometry": { "type": "Point", "coordinates": [ -0.754894572739042, 51.243877529245538 ] } },
{ "type": "Feature", "properties": { "visible_points": 48, "total_points": 120, "visibility_pct": 40.0 }, "geometry": { "type": "Point", "coordinates": [ -0.754696109938733, 51.243875416676069 ] } },
{ "type": "Feature", "properties": { "visible_points": 41, "total_points": 120, "visibility_pct": 34.166666666666664 }, "geometry": { "type": "Point", "coordinates": [ -0.754497647162529, 51.243873303770258 ] } },
{ "type": "Feature", "properties": { "visible_points": 28, "total_points": 120, "visibility_pct": 23.333333333333332 }, "geometry": { "type": "Point", "coordinates": [ -0.754299184410431, 51.243871190528111 ] } },
{ "type": "Feature", "properties": { "visible_points": 12, "total_points": 120, "visibility_pct": 10.0 }, "geometry": { "type": "Point", "coordinates": [ -0.754100721682449, 51.243869076949601 ] } },
{ "type": "Feature", "properties": { "visible_points": 18, "total_points": 120, "visibility_pct": 15.0 }, "geometry": { "type": "Point", "coordinates": [ -0.753902258978579, 51.243866963034769 ] } },
{ "type": "Feature", "properties": { "visible_points": 0, "total_points": 120, "visibility_pct": 0.0 }, "geometry": { "type": "Point", "coordinates": [ -0.753703796298833, 51.243864848783588 ] } },
{ "type": "Feature", "properties": { "visible_points": 0, "total_points": 114, "visibility_pct": 0.0 }, "geometry": { "type": "Point", "coordinates": [ -0.753505333643209, 51.243862734196064 ] } },
{ "type": "Feature", "properties": { "visible_points": 0, "total_points": 104, "visibility_pct": 0.0 }, "geometry": { "type": "Point", "coordinates": [ -0.753306871011715, 51.243860619272191 ] } },
{ "type": "Feature", "properties": { "visible_points": 0, "total_points": 92, "visibility_pct": 0.0 }, "geometry": { "type": "Point", "coordinates": [ -0.753108408404353, 51.243858504011989 ] } },
{ "type": "Feature", "properties": { "visible_points": 2, "total_points": 80, "visibility_pct": 2.5 }, "geometry": { "type": "Point", "coordinates": [ -0.752909945821123, 51.243856388415466 ] } },
{ "type": "Feature", "properties": { "visible_points": 7, "total_points": 67, "visibility_pct": 10.44776119402985 }, "geometry": { "type": "Point", "coordinates": [ -0.752711483262032, 51.243854272482587 ] } },
{ "type": "Feature", "properties": { "visible_points": 0, "total_points": 53, "visibility_pct": 0.0 }, "geometry": { "type": "Point", "coordinates": [ -0.759158620141536, 51.244030744244384 ] } },
{ "type": "Feature", "properties": { "visible_points": 0, "total_points": 65, "visibility_pct": 0.0 }, "geometry": { "type": "Point", "coordinates": [ -0.758960156359284, 51.244028638895763 ] } },
{ "type": "Feature", "properties": { "visible_points": 3, "total_points": 78, "visibility_pct": 3.8461538461538463 }, "geometry": { "type": "Point", "coordinates": [ -0.758761692601047, 51.244026533210814 ] } },
{ "type": "Feature", "properties": { "visible_points": 19, "total_points": 91, "visibility_pct": 20.87912087912088 }, "geometry": { "type": "Point", "coordinates": [ -0.758563228866844, 51.244024427189501 ] } },
{ "type": "Feature", "properties": { "visible_points": 23, "total_points": 104, "visibility_pct": 22.115384615384613 }, "geometry": { "type": "Point", "coordinates": [ -0.758364765156668, 51.244022320831867 ] } },
{ "type": "Feature", "properties": { "visible_points": 25, "total_points": 116, "visibility_pct": 21.551724137931032 }, "geometry": { "type": "Point", "coordinates": [ -0.758166301470522, 51.244020214137883 ] } },
{ "type": "Feature", "properties": { "visible_points": 29, "total_points": 120, "visibility_pct": 24.166666666666668 }, "geometry": { "type": "Point", "coordinates": [ -0.757967837808423, 51.244018107107543 ] } },
{ "type": "Feature", "properties": { "visible_points": 30, "total_points": 120, "visibility_pct": 25.0 }, "geometry": { "type": "Point", "coordinates": [ -0.757769374170359, 51.244015999740867 ] } },
{ "type": "Feature", "properties": { "visible_points": 24, "total_points": 120, "visibility_pct": 20.0 }, "geometry": { "type": "Point", "coordinates": [ -0.757570910556343, 51.244013892037835 ] } },
{ "type": "Feature", "properties": { "visible_points": 18, "total_points": 120, "visibility_pct": 15.0 }, "geometry": { "type": "Point", "coordinates": [ -0.757372446966377, 51.244011783998474 ] } },
{ "type": "Feature", "properties": { "visible_points": 0, "total_points": 120, "visibility_pct": 0.0 }, "geometry": { "type": "Point", "coordinates": [ -0.757173983400464, 51.24400967562277 ] } },
{ "type": "Feature", "properties": { "visible_points": 9, "total_points": 120, "visibility_pct": 7.5 }, "geometry": { "type": "Point", "coordinates": [ -0.756975519858608, 51.244007566910717 ] } },
{ "type": "Feature", "properties": { "visible_points": 15, "total_points": 120, "visibility_pct": 12.5 }, "geometry": { "type": "Point", "coordinates": [ -0.756777056340814, 51.244005457862308 ] } },
{ "type": "Feature", "properties": { "visible_points": 0, "total_points": 120, "visibility_pct": 0.0 }, "geometry": { "type": "Point", "coordinates": [ -0.756578592847081, 51.244003348477563 ] } },
{ "type": "Feature", "properties": { "visible_points": 0, "total_points": 120, "visibility_pct": 0.0 }, "geometry": { "type": "Point", "coordinates": [ -0.756380129377422, 51.244001238756468 ] } },
{ "type": "Feature", "properties": { "visible_points": 3, "total_points": 120, "visibility_pct": 2.5 }, "geometry": { "type": "Point", "coordinates": [ -0.756181665931833, 51.243999128699052 ] } },
{ "type": "Feature", "properties": { "visible_points": 6, "total_points": 120, "visibility_pct": 5.0 }, "geometry": { "type": "Point", "coordinates": [ -0.755983202510323, 51.243997018305258 ] } },
{ "type": "Feature", "properties": { "visible_points": 32, "total_points": 120, "visibility_pct": 26.666666666666668 }, "geometry": { "type": "Point", "coordinates": [ -0.755784739112888, 51.243994907575143 ] } },
{ "type": "Feature", "properties": { "visible_points": 35, "total_points": 120, "visibility_pct": 29.166666666666668 }, "geometry": { "type": "Point", "coordinates": [ -0.755586275739542, 51.243992796508692 ] } },
{ "type": "Feature", "properties": { "visible_points": 24, "total_points": 120, "visibility_pct": 20.0 }, "geometry": { "type": "Point", "coordinates": [ -0.755387812390283, 51.243990685105892 ] } },
{ "type": "Feature", "properties": { "visible_points": 25, "total_points": 120, "visibility_pct": 20.833333333333336 }, "geometry": { "type": "Point", "coordinates": [ -0.755189349065113, 51.243988573366728 ] } },
{ "type": "Feature", "properties": { "visible_points": 24, "total_points": 120, "visibility_pct": 20.0 }, "geometry": { "type": "Point", "coordinates": [ -0.754990885764039, 51.243986461291236 ] } },
{ "type": "Feature", "properties": { "visible_points": 26, "total_points": 120, "visibility_pct": 21.666666666666668 }, "geometry": { "type": "Point", "coordinates": [ -0.75479242248707, 51.243984348879408 ] } },
{ "type": "Feature", "properties": { "visible_points": 40, "total_points": 120, "visibility_pct": 33.333333333333329 }, "geometry": { "type": "Point", "coordinates": [ -0.754593959234196, 51.243982236131231 ] } },
{ "type": "Feature", "properties": { "visible_points": 13, "total_points": 120, "visibility_pct": 10.833333333333334 }, "geometry": { "type": "Point", "coordinates": [ -0.754395496005432, 51.243980123046711 ] } },
{ "type": "Feature", "properties": { "visible_points": 0, "total_points": 120, "visibility_pct": 0.0 }, "geometry": { "type": "Point", "coordinates": [ -0.75419703280078, 51.243978009625856 ] } },
{ "type": "Feature", "properties": { "visible_points": 16, "total_points": 120, "visibility_pct": 13.333333333333334 }, "geometry": { "type": "Point", "coordinates": [ -0.753998569620244, 51.243975895868637 ] } },
{ "type": "Feature", "properties": { "visible_points": 2, "total_points": 120, "visibility_pct": 1.6666666666666667 }, "geometry": { "type": "Point", "coordinates": [ -0.753800106463823, 51.243973781775097 ] } },
{ "type": "Feature", "properties": { "visible_points": 1, "total_points": 114, "visibility_pct": 0.8771929824561403 }, "geometry": { "type": "Point", "coordinates": [ -0.753601643331528, 51.2439716673452 ] } },
{ "type": "Feature", "properties": { "visible_points": 1, "total_points": 105, "visibility_pct": 0.95238095238095244 }, "geometry": { "type": "Point", "coordinates": [ -0.753403180223356, 51.243969552578974 ] } },
{ "type": "Feature", "properties": { "visible_points": 0, "total_points": 94, "visibility_pct": 0.0 }, "geometry": { "type": "Point", "coordinates": [ -0.753204717139317, 51.2439674374764 ] } },
{ "type": "Feature", "properties": { "visible_points": 0, "total_points": 82, "visibility_pct": 0.0 }, "geometry": { "type": "Point", "coordinates": [ -0.753006254079407, 51.243965322037482 ] } },
{ "type": "Feature", "properties": { "visible_points": 6, "total_points": 69, "visibility_pct": 8.695652173913043 }, "geometry": { "type": "Point", "coordinates": [ -0.752807791043642, 51.243963206262237 ] } },
{ "type": "Feature", "properties": { "visible_points": 0, "total_points": 59, "visibility_pct": 0.0 }, "geometry": { "type": "Point", "coordinates": [ -0.759056479369792, 51.244137567712642 ] } },
{ "type": "Feature", "properties": { "visible_points": 10, "total_points": 72, "visibility_pct": 13.888888888888889 }, "geometry": { "type": "Point", "coordinates": [ -0.758858015134931, 51.244135462185348 ] } },
{ "type": "Feature", "properties": { "visible_points": 16, "total_points": 85, "visibility_pct": 18.823529411764707 }, "geometry": { "type": "Point", "coordinates": [ -0.75865955092409, 51.244133356321704 ] } },
{ "type": "Feature", "properties": { "visible_points": 20, "total_points": 98, "visibility_pct": 20.408163265306122 }, "geometry": { "type": "Point", "coordinates": [ -0.758461086737281, 51.244131250121725 ] } },
{ "type": "Feature", "properties": { "visible_points": 21, "total_points": 111, "visibility_pct": 18.918918918918919 }, "geometry": { "type": "Point", "coordinates": [ -0.758262622574505, 51.244129143585411 ] } },
{ "type": "Feature", "properties": { "visible_points": 21, "total_points": 119, "visibility_pct": 17.647058823529413 }, "geometry": { "type": "Point", "coordinates": [ -0.758064158435763, 51.244127036712733 ] } },
{ "type": "Feature", "properties": { "visible_points": 29, "total_points": 120, "visibility_pct": 24.166666666666668 }, "geometry": { "type": "Point", "coordinates": [ -0.757865694321057, 51.24412492950372 ] } },
{ "type": "Feature", "properties": { "visible_points": 25, "total_points": 120, "visibility_pct": 20.833333333333336 }, "geometry": { "type": "Point", "coordinates": [ -0.757667230230404, 51.244122821958356 ] } },
{ "type": "Feature", "properties": { "visible_points": 22, "total_points": 120, "visibility_pct": 18.333333333333332 }, "geometry": { "type": "Point", "coordinates": [ -0.757468766163796, 51.244120714076651 ] } },
{ "type": "Feature", "properties": { "visible_points": 5, "total_points": 120, "visibility_pct": 4.1666666666666661 }, "geometry": { "type": "Point", "coordinates": [ -0.757270302121233, 51.244118605858588 ] } },
{ "type": "Feature", "properties": { "visible_points": 0, "total_points": 120, "visibility_pct": 0.0 }, "geometry": { "type": "Point", "coordinates": [ -0.757071838102736, 51.244116497304184 ] } },
{ "type": "Feature", "properties": { "visible_points": 0, "total_points": 120, "visibility_pct": 0.0 }, "geometry": { "type": "Point", "coordinates": [ -0.756873374108288, 51.244114388413443 ] } },
{ "type": "Feature", "properties": { "visible_points": 7, "total_points": 120, "visibility_pct": 5.833333333333333 }, "geometry": { "type": "Point", "coordinates": [ -0.756674910137911, 51.244112279186361 ] } },
{ "type": "Feature", "properties": { "visible_points": 0, "total_points": 120, "visibility_pct": 0.0 }, "geometry": { "type": "Point", "coordinates": [ -0.756476446191599, 51.244110169622921 ] } },
{ "type": "Feature", "properties": { "visible_points": 9, "total_points": 120, "visibility_pct": 7.5 }, "geometry": { "type": "Point", "coordinates": [ -0.756277982269357, 51.244108059723146 ] } },
{ "type": "Feature", "properties": { "visible_points": 10, "total_points": 120, "visibility_pct": 8.3333333333333321 }, "geometry": { "type": "Point", "coordinates": [ -0.756079518371188, 51.244105949487 ] } },
{ "type": "Feature", "properties": { "visible_points": 10, "total_points": 120, "visibility_pct": 8.3333333333333321 }, "geometry": { "type": "Point", "coordinates": [ -0.755881054497101, 51.244103838914526 ] } },
{ "type": "Feature", "properties": { "visible_points": 29, "total_points": 120, "visibility_pct": 24.166666666666668 }, "geometry": { "type": "Point", "coordinates": [ -0.755682590647093, 51.244101728005724 ] } },
{ "type": "Feature", "properties": { "visible_points": 0, "total_points": 120, "visibility_pct": 0.0 }, "geometry": { "type": "Point", "coordinates": [ -0.755484126821172, 51.24409961676055 ] } },
{ "type": "Feature", "properties": { "visible_points": 12, "total_points": 120, "visibility_pct": 10.0 }, "geometry": { "type": "Point", "coordinates": [ -0.755285663019343, 51.244097505179049 ] } },
{ "type": "Feature", "properties": { "visible_points": 0, "total_points": 120, "visibility_pct": 0.0 }, "geometry": { "type": "Point", "coordinates": [ -0.755087199241607, 51.244095393261183 ] } },
{ "type": "Feature", "properties": { "visible_points": 0, "total_points": 120, "visibility_pct": 0.0 }, "geometry": { "type": "Point", "coordinates": [ -0.754888735487969, 51.244093281007011 ] } },
{ "type": "Feature", "properties": { "visible_points": 29, "total_points": 120, "visibility_pct": 24.166666666666668 }, "geometry": { "type": "Point", "coordinates": [ -0.754690271758429, 51.244091168416467 ] } },
{ "type": "Feature", "properties": { "visible_points": 34, "total_points": 120, "visibility_pct": 28.333333333333332 }, "geometry": { "type": "Point", "coordinates": [ -0.754491808052996, 51.244089055489574 ] } },
{ "type": "Feature", "properties": { "visible_points": 17, "total_points": 120, "visibility_pct": 14.166666666666666 }, "geometry": { "type": "Point", "coordinates": [ -0.754293344371676, 51.244086942226339 ] } },
{ "type": "Feature", "properties": { "visible_points": 17, "total_points": 120, "visibility_pct": 14.166666666666666 }, "geometry": { "type": "Point", "coordinates": [ -0.754094880714466, 51.244084828626782 ] } },
{ "type": "Feature", "properties": { "visible_points": 2, "total_points": 119, "visibility_pct": 1.680672268907563 }, "geometry": { "type": "Point", "coordinates": [ -0.753896417081371, 51.244082714690883 ] } },
{ "type": "Feature", "properties": { "visible_points": 0, "total_points": 113, "visibility_pct": 0.0 }, "geometry": { "type": "Point", "coordinates": [ -0.7536979534724, 51.244080600418613 ] } },
{ "type": "Feature", "properties": { "visible_points": 2, "total_points": 105, "visibility_pct": 1.9047619047619049 }, "geometry": { "type": "Point", "coordinates": [ -0.753499489887553, 51.244078485810014 ] } },
{ "type": "Feature", "properties": { "visible_points": 0, "total_points": 95, "visibility_pct": 0.0 }, "geometry": { "type": "Point", "coordinates": [ -0.753301026326832, 51.244076370865059 ] } },
{ "type": "Feature", "properties": { "visible_points": 0, "total_points": 83, "visibility_pct": 0.0 }, "geometry": { "type": "Point", "coordinates": [ -0.753102562790246, 51.24407425558379 ] } },
{ "type": "Feature", "properties": { "visible_points": 6, "total_points": 71, "visibility_pct": 8.4507042253521121 }, "geometry": { "type": "Point", "coordinates": [ -0.752904099277793, 51.244072139966143 ] } },
{ "type": "Feature", "properties": { "visible_points": 0, "total_points": 64, "visibility_pct": 0.0 }, "geometry": { "type": "Point", "coordinates": [ -0.758954338121423, 51.244244391084123 ] } },
{ "type": "Feature", "properties": { "visible_points": 16, "total_points": 77, "visibility_pct": 20.779220779220779 }, "geometry": { "type": "Point", "coordinates": [ -0.75875587343395, 51.244242285378164 ] } },
{ "type": "Feature", "properties": { "visible_points": 3, "total_points": 90, "visibility_pct": 3.3333333333333335 }, "geometry": { "type": "Point", "coordinates": [ -0.758557408770506, 51.244240179335847 ] } },
{ "type": "Feature", "properties": { "visible_points": 13, "total_points": 103, "visibility_pct": 12.621359223300971 }, "geometry": { "type": "Point", "coordinates": [ -0.758358944131087, 51.244238072957181 ] } },
{ "type": "Feature", "properties": { "visible_points": 8, "total_points": 112, "visibility_pct": 7.1428571428571423 }, "geometry": { "type": "Point", "coordinates": [ -0.758160479515703, 51.244235966242186 ] } },
{ "type": "Feature", "properties": { "visible_points": 11, "total_points": 118, "visibility_pct": 9.3220338983050848 }, "geometry": { "type": "Point", "coordinates": [ -0.757962014924365, 51.244233859190814 ] } },
{ "type": "Feature", "properties": { "visible_points": 19, "total_points": 120, "visibility_pct": 15.833333333333332 }, "geometry": { "type": "Point", "coordinates": [ -0.757763550357063, 51.24423175180312 ] } },
{ "type": "Feature", "properties": { "visible_points": 19, "total_points": 120, "visibility_pct": 15.833333333333332 }, "geometry": { "type": "Point", "coordinates": [ -0.75756508581381, 51.244229644079063 ] } },
{ "type": "Feature", "properties": { "visible_points": 21, "total_points": 120, "visibility_pct": 17.5 }, "geometry": { "type": "Point", "coordinates": [ -0.757366621294601, 51.24422753601867 ] } },
{ "type": "Feature", "properties": { "visible_points": 10, "total_points": 120, "visibility_pct": 8.3333333333333321 }, "geometry": { "type": "Point", "coordinates": [ -0.757168156799449, 51.24422542762192 ] } },
{ "type": "Feature", "properties": { "visible_points": 0, "total_points": 120, "visibility_pct": 0.0 }, "geometry": { "type": "Point", "coordinates": [ -0.756969692328361, 51.244223318888835 ] } },
{ "type": "Feature", "properties": { "visible_points": 2, "total_points": 120, "visibility_pct": 1.6666666666666667 }, "geometry": { "type": "Point", "coordinates": [ -0.756771227881327, 51.244221209819393 ] } },
{ "type": "Feature", "properties": { "visible_points": 0, "total_points": 120, "visibility_pct": 0.0 }, "geometry": { "type": "Point", "coordinates": [ -0.756572763458359, 51.244219100413616 ] } },
{ "type": "Feature", "properties": { "visible_points": 5, "total_points": 120, "visibility_pct": 4.1666666666666661 }, "geometry": { "type": "Point", "coordinates": [ -0.756374299059463, 51.244216990671475 ] } },
{ "type": "Feature", "properties": { "visible_points": 9, "total_points": 120, "visibility_pct": 7.5 }, "geometry": { "type": "Point", "coordinates": [ -0.756175834684642, 51.244214880593006 ] } },
{ "type": "Feature", "properties": { "visible_points": 16, "total_points": 120, "visibility_pct": 13.333333333333334 }, "geometry": { "type": "Point", "coordinates": [ -0.755977370333889, 51.24421277017818 ] } },
{ "type": "Feature", "properties": { "visible_points": 27, "total_points": 120, "visibility_pct": 22.5 }, "geometry": { "type": "Point", "coordinates": [ -0.755778906007222, 51.244210659427004 ] } },
{ "type": "Feature", "properties": { "visible_points": 23, "total_points": 120, "visibility_pct": 19.166666666666668 }, "geometry": { "type": "Point", "coordinates": [ -0.755580441704641, 51.244208548339493 ] } },
{ "type": "Feature", "properties": { "visible_points": 13, "total_points": 120, "visibility_pct": 10.833333333333334 }, "geometry": { "type": "Point", "coordinates": [ -0.755381977426148, 51.244206436915626 ] } },
{ "type": "Feature", "properties": { "visible_points": 17, "total_points": 120, "visibility_pct": 14.166666666666666 }, "geometry": { "type": "Point", "coordinates": [ -0.755183513171745, 51.244204325155437 ] } },
{ "type": "Feature", "properties": { "visible_points": 20, "total_points": 120, "visibility_pct": 16.666666666666664 }, "geometry": { "type": "Point", "coordinates": [ -0.754985048941438, 51.24420221305887 ] } },
{ "type": "Feature", "properties": { "visible_points": 23, "total_points": 120, "visibility_pct": 19.166666666666668 }, "geometry": { "type": "Point", "coordinates": [ -0.754786584735232, 51.244200100625967 ] } },
{ "type": "Feature", "properties": { "visible_points": 25, "total_points": 120, "visibility_pct": 20.833333333333336 }, "geometry": { "type": "Point", "coordinates": [ -0.754588120553129, 51.24419798785673 ] } },
{ "type": "Feature", "properties": { "visible_points": 24, "total_points": 120, "visibility_pct": 20.0 }, "geometry": { "type": "Point", "coordinates": [ -0.754389656395135, 51.244195874751142 ] } },
{ "type": "Feature", "properties": { "visible_points": 0, "total_points": 120, "visibility_pct": 0.0 }, "geometry": { "type": "Point", "coordinates": [ -0.754191192261248, 51.244193761309191 ] } },
{ "type": "Feature", "properties": { "visible_points": 2, "total_points": 117, "visibility_pct": 1.7094017094017095 }, "geometry": { "type": "Point", "coordinates": [ -0.753992728151479, 51.244191647530933 ] } },
{ "type": "Feature", "properties": { "visible_points": 0, "total_points": 111, "visibility_pct": 0.0 }, "geometry": { "type": "Point", "coordinates": [ -0.75379426406583, 51.244189533416296 ] } },
{ "type": "Feature", "properties": { "visible_points": 0, "total_points": 103, "visibility_pct": 0.0 }, "geometry": { "type": "Point", "coordinates": [ -0.753595800004301, 51.244187418965332 ] } },
{ "type": "Feature", "properties": { "visible_points": 0, "total_points": 94, "visibility_pct": 0.0 }, "geometry": { "type": "Point", "coordinates": [ -0.753397335966901, 51.244185304178018 ] } },
{ "type": "Feature", "properties": { "visible_points": 1, "total_points": 83, "visibility_pct": 1.2048192771084338 }, "geometry": { "type": "Point", "coordinates": [ -0.753198871953631, 51.244183189054354 ] } },
{ "type": "Feature", "properties": { "visible_points": 7, "total_points": 72, "visibility_pct": 9.7222222222222232 }, "geometry": { "type": "Point", "coordinates": [ -0.753000407964496, 51.244181073594348 ] } },
{ "type": "Feature", "properties": { "visible_points": 5, "total_points": 81, "visibility_pct": 6.1728395061728394 }, "geometry": { "type": "Point", "coordinates": [ -0.758653731256338, 51.244349108474189 ] } },
{ "type": "Feature", "properties": { "visible_points": 1, "total_points": 94, "visibility_pct": 1.0638297872340425 }, "geometry": { "type": "Point", "coordinates": [ -0.758455266140281, 51.244347002253207 ] } },
{ "type": "Feature", "properties": { "visible_points": 0, "total_points": 103, "visibility_pct": 0.0 }, "geometry": { "type": "Point", "coordinates": [ -0.758256801048262, 51.244344895695846 ] } },
{ "type": "Feature", "properties": { "visible_points": 0, "total_points": 111, "visibility_pct": 0.0 }, "geometry": { "type": "Point", "coordinates": [ -0.758058335980271, 51.244342788802157 ] } },
{ "type": "Feature", "properties": { "visible_points": 0, "total_points": 117, "visibility_pct": 0.0 }, "geometry": { "type": "Point", "coordinates": [ -0.757859870936325, 51.244340681572112 ] } },
{ "type": "Feature", "properties": { "visible_points": 0, "total_points": 120, "visibility_pct": 0.0 }, "geometry": { "type": "Point", "coordinates": [ -0.757661405916425, 51.244338574005717 ] } },
{ "type": "Feature", "properties": { "visible_points": 5, "total_points": 120, "visibility_pct": 4.1666666666666661 }, "geometry": { "type": "Point", "coordinates": [ -0.757462940920571, 51.244336466102986 ] } },
{ "type": "Feature", "properties": { "visible_points": 15, "total_points": 120, "visibility_pct": 12.5 }, "geometry": { "type": "Point", "coordinates": [ -0.75726447594877, 51.244334357863906 ] } },
{ "type": "Feature", "properties": { "visible_points": 0, "total_points": 120, "visibility_pct": 0.0 }, "geometry": { "type": "Point", "coordinates": [ -0.757066011001022, 51.244332249288462 ] } },
{ "type": "Feature", "properties": { "visible_points": 0, "total_points": 120, "visibility_pct": 0.0 }, "geometry": { "type": "Point", "coordinates": [ -0.756867546077336, 51.244330140376682 ] } },
{ "type": "Feature", "properties": { "visible_points": 0, "total_points": 120, "visibility_pct": 0.0 }, "geometry": { "type": "Point", "coordinates": [ -0.756669081177714, 51.244328031128546 ] } },
{ "type": "Feature", "properties": { "visible_points": 1, "total_points": 120, "visibility_pct": 0.83333333333333337 }, "geometry": { "type": "Point", "coordinates": [ -0.756470616302162, 51.244325921544068 ] } },
{ "type": "Feature", "properties": { "visible_points": 4, "total_points": 120, "visibility_pct": 3.3333333333333335 }, "geometry": { "type": "Point", "coordinates": [ -0.756272151450677, 51.244323811623246 ] } },
{ "type": "Feature", "properties": { "visible_points": 26, "total_points": 120, "visibility_pct": 21.666666666666668 }, "geometry": { "type": "Point", "coordinates": [ -0.756073686623265, 51.244321701366069 ] } },
{ "type": "Feature", "properties": { "visible_points": 23, "total_points": 120, "visibility_pct": 19.166666666666668 }, "geometry": { "type": "Point", "coordinates": [ -0.755875221819938, 51.244319590772555 ] } },
{ "type": "Feature", "properties": { "visible_points": 23, "total_points": 120, "visibility_pct": 19.166666666666668 }, "geometry": { "type": "Point", "coordinates": [ -0.755676757040692, 51.244317479842685 ] } },
{ "type": "Feature", "properties": { "visible_points": 16, "total_points": 120, "visibility_pct": 13.333333333333334 }, "geometry": { "type": "Point", "coordinates": [ -0.75547829228553, 51.244315368576466 ] } },
{ "type": "Feature", "properties": { "visible_points": 0, "total_points": 120, "visibility_pct": 0.0 }, "geometry": { "type": "Point", "coordinates": [ -0.755279827554459, 51.244313256973911 ] } },
{ "type": "Feature", "properties": { "visible_points": 17, "total_points": 120, "visibility_pct": 14.166666666666666 }, "geometry": { "type": "Point", "coordinates": [ -0.755081362847485, 51.244311145034992 ] } },
{ "type": "Feature", "properties": { "visible_points": 24, "total_points": 120, "visibility_pct": 20.0 }, "geometry": { "type": "Point", "coordinates": [ -0.754882898164606, 51.244309032759737 ] } },
{ "type": "Feature", "properties": { "visible_points": 23, "total_points": 120, "visibility_pct": 19.166666666666668 }, "geometry": { "type": "Point", "coordinates": [ -0.754684433505829, 51.244306920148126 ] } },
{ "type": "Feature", "properties": { "visible_points": 15, "total_points": 120, "visibility_pct": 12.5 }, "geometry": { "type": "Point", "coordinates": [ -0.754485968871163, 51.244304807200166 ] } },
{ "type": "Feature", "properties": { "visible_points": 0, "total_points": 119, "visibility_pct": 0.0 }, "geometry": { "type": "Point", "coordinates": [ -0.754287504260599, 51.244302693915884 ] } },
{ "type": "Feature", "properties": { "visible_points": 2, "total_points": 115, "visibility_pct": 1.7391304347826086 }, "geometry": { "type": "Point", "coordinates": [ -0.754089039674151, 51.244300580295246 ] } },
{ "type": "Feature", "properties": { "visible_points": 1, "total_points": 109, "visibility_pct": 0.91743119266055051 }, "geometry": { "type": "Point", "coordinates": [ -0.753890575111822, 51.244298466338257 ] } },
{ "type": "Feature", "properties": { "visible_points": 0, "total_points": 101, "visibility_pct": 0.0 }, "geometry": { "type": "Point", "coordinates": [ -0.753692110573611, 51.244296352044913 ] } },
{ "type": "Feature", "properties": { "visible_points": 0, "total_points": 92, "visibility_pct": 0.0 }, "geometry": { "type": "Point", "coordinates": [ -0.75349364605953, 51.244294237415239 ] } },
{ "type": "Feature", "properties": { "visible_points": 0, "total_points": 82, "visibility_pct": 0.0 }, "geometry": { "type": "Point", "coordinates": [ -0.753295181569573, 51.244292122449203 ] } },
{ "type": "Feature", "properties": { "visible_points": 4, "total_points": 71, "visibility_pct": 5.6338028169014089 }, "geometry": { "type": "Point", "coordinates": [ -0.75309671710375, 51.244290007146816 ] } },
{ "type": "Feature", "properties": { "visible_points": 0, "total_points": 82, "visibility_pct": 0.0 }, "geometry": { "type": "Point", "coordinates": [ -0.758551588602092, 51.244455931473453 ] } },
{ "type": "Feature", "properties": { "visible_points": 0, "total_points": 92, "visibility_pct": 0.0 }, "geometry": { "type": "Point", "coordinates": [ -0.75835312303342, 51.244453825073784 ] } },
{ "type": "Feature", "properties": { "visible_points": 0, "total_points": 101, "visibility_pct": 0.0 }, "geometry": { "type": "Point", "coordinates": [ -0.758154657488792, 51.244451718337743 ] } },
{ "type": "Feature", "properties": { "visible_points": 1, "total_points": 109, "visibility_pct": 0.91743119266055051 }, "geometry": { "type": "Point", "coordinates": [ -0.757956191968196, 51.244449611265367 ] } },
{ "type": "Feature", "properties": { "visible_points": 0, "total_points": 115, "visibility_pct": 0.0 }, "geometry": { "type": "Point", "coordinates": [ -0.757757726471645, 51.244447503856648 ] } },
{ "type": "Feature", "properties": { "visible_points": 0, "total_points": 120, "visibility_pct": 0.0 }, "geometry": { "type": "Point", "coordinates": [ -0.757559260999141, 51.244445396111551 ] } },
{ "type": "Feature", "properties": { "visible_points": 0, "total_points": 120, "visibility_pct": 0.0 }, "geometry": { "type": "Point", "coordinates": [ -0.757360795550688, 51.244443288030126 ] } },
{ "type": "Feature", "properties": { "visible_points": 7, "total_points": 120, "visibility_pct": 5.833333333333333 }, "geometry": { "type": "Point", "coordinates": [ -0.757162330126285, 51.244441179612338 ] } },
{ "type": "Feature", "properties": { "visible_points": 2, "total_points": 120, "visibility_pct": 1.6666666666666667 }, "geometry": { "type": "Point", "coordinates": [ -0.756963864725944, 51.24443907085822 ] } },
{ "type": "Feature", "properties": { "visible_points": 0, "total_points": 120, "visibility_pct": 0.0 }, "geometry": { "type": "Point", "coordinates": [ -0.756765399349662, 51.244436961767747 ] } },
{ "type": "Feature", "properties": { "visible_points": 0, "total_points": 120, "visibility_pct": 0.0 }, "geometry": { "type": "Point", "coordinates": [ -0.756566933997451, 51.244434852340909 ] } },
{ "type": "Feature", "properties": { "visible_points": 3, "total_points": 120, "visibility_pct": 2.5 }, "geometry": { "type": "Point", "coordinates": [ -0.756368468669302, 51.244432742577743 ] } },
{ "type": "Feature", "properties": { "visible_points": 8, "total_points": 120, "visibility_pct": 6.666666666666667 }, "geometry": { "type": "Point", "coordinates": [ -0.756170003365233, 51.244430632478213 ] } },
{ "type": "Feature", "properties": { "visible_points": 20, "total_points": 120, "visibility_pct": 16.666666666666664 }, "geometry": { "type": "Point", "coordinates": [ -0.755971538085238, 51.244428522042348 ] } },
{ "type": "Feature", "properties": { "visible_points": 21, "total_points": 120, "visibility_pct": 17.5 }, "geometry": { "type": "Point", "coordinates": [ -0.755773072829322, 51.244426411270119 ] } },
{ "type": "Feature", "properties": { "visible_points": 21, "total_points": 120, "visibility_pct": 17.5 }, "geometry": { "type": "Point", "coordinates": [ -0.755574607597497, 51.244424300161562 ] } },
{ "type": "Feature", "properties": { "visible_points": 8, "total_points": 120, "visibility_pct": 6.666666666666667 }, "geometry": { "type": "Point", "coordinates": [ -0.755376142389756, 51.244422188716626 ] } },
{ "type": "Feature", "properties": { "visible_points": 0, "total_points": 120, "visibility_pct": 0.0 }, "geometry": { "type": "Point", "coordinates": [ -0.755177677206105, 51.244420076935363 ] } },
{ "type": "Feature", "properties": { "visible_points": 19, "total_points": 120, "visibility_pct": 15.833333333333332 }, "geometry": { "type": "Point", "coordinates": [ -0.754979212046557, 51.244417964817757 ] } },
{ "type": "Feature", "properties": { "visible_points": 16, "total_points": 120, "visibility_pct": 13.333333333333334 }, "geometry": { "type": "Point", "coordinates": [ -0.754780746911106, 51.244415852363801 ] } },
{ "type": "Feature", "properties": { "visible_points": 0, "total_points": 120, "visibility_pct": 0.0 }, "geometry": { "type": "Point", "coordinates": [ -0.754582281799757, 51.244413739573481 ] } },
{ "type": "Feature", "properties": { "visible_points": 8, "total_points": 118, "visibility_pct": 6.7796610169491522 }, "geometry": { "type": "Point", "coordinates": [ -0.754383816712518, 51.244411626446812 ] } },
{ "type": "Feature", "properties": { "visible_points": 0, "total_points": 113, "visibility_pct": 0.0 }, "geometry": { "type": "Point", "coordinates": [ -0.754185351649394, 51.244409512983822 ] } },
{ "type": "Feature", "properties": { "visible_points": 0, "total_points": 107, "visibility_pct": 0.0 }, "geometry": { "type": "Point", "coordinates": [ -0.753986886610377, 51.24440739918446 ] } },
{ "type": "Feature", "properties": { "visible_points": 2, "total_points": 99, "visibility_pct": 2.0202020202020203 }, "geometry": { "type": "Point", "coordinates": [ -0.753788421595488, 51.244405285048778 ] } },
{ "type": "Feature", "properties": { "visible_points": 0, "total_points": 90, "visibility_pct": 0.0 }, "geometry": { "type": "Point", "coordinates": [ -0.753589956604715, 51.24440317057671 ] } },
{ "type": "Feature", "properties": { "visible_points": 0, "total_points": 80, "visibility_pct": 0.0 }, "geometry": { "type": "Point", "coordinates": [ -0.753391491638074, 51.244401055768314 ] } },
{ "type": "Feature", "properties": { "visible_points": 0, "total_points": 80, "visibility_pct": 0.0 }, "geometry": { "type": "Point", "coordinates": [ -0.758449445471205, 51.244562754375927 ] } },
{ "type": "Feature", "properties": { "visible_points": 0, "total_points": 90, "visibility_pct": 0.0 }, "geometry": { "type": "Point", "coordinates": [ -0.758250979449922, 51.24456064779757 ] } },
{ "type": "Feature", "properties": { "visible_points": 2, "total_points": 99, "visibility_pct": 2.0202020202020203 }, "geometry": { "type": "Point", "coordinates": [ -0.758052513452679, 51.244558540882849 ] } },
{ "type": "Feature", "properties": { "visible_points": 0, "total_points": 107, "visibility_pct": 0.0 }, "geometry": { "type": "Point", "coordinates": [ -0.757854047479475, 51.244556433631779 ] } },
{ "type": "Feature", "properties": { "visible_points": 0, "total_points": 113, "visibility_pct": 0.0 }, "geometry": { "type": "Point", "coordinates": [ -0.757655581530319, 51.24455432604438 ] } },
{ "type": "Feature", "properties": { "visible_points": 0, "total_points": 119, "visibility_pct": 0.0 }, "geometry": { "type": "Point", "coordinates": [ -0.757457115605212, 51.244552218120596 ] } },
{ "type": "Feature", "properties": { "visible_points": 3, "total_points": 120, "visibility_pct": 2.5 }, "geometry": { "type": "Point", "coordinates": [ -0.757258649704149, 51.244550109860469 ] } },
{ "type": "Feature", "properties": { "visible_points": 10, "total_points": 120, "visibility_pct": 8.3333333333333321 }, "geometry": { "type": "Point", "coordinates": [ -0.757060183827155, 51.244548001264008 ] } },
{ "type": "Feature", "properties": { "visible_points": 8, "total_points": 120, "visibility_pct": 6.666666666666667 }, "geometry": { "type": "Point", "coordinates": [ -0.756861717974212, 51.244545892331196 ] } },
{ "type": "Feature", "properties": { "visible_points": 2, "total_points": 120, "visibility_pct": 1.6666666666666667 }, "geometry": { "type": "Point", "coordinates": [ -0.756663252145335, 51.244543783062021 ] } },
{ "type": "Feature", "properties": { "visible_points": 0, "total_points": 120, "visibility_pct": 0.0 }, "geometry": { "type": "Point", "coordinates": [ -0.756464786340528, 51.244541673456496 ] } },
{ "type": "Feature", "properties": { "visible_points": 0, "total_points": 120, "visibility_pct": 0.0 }, "geometry": { "type": "Point", "coordinates": [ -0.756266320559791, 51.244539563514614 ] } },
{ "type": "Feature", "properties": { "visible_points": 0, "total_points": 120, "visibility_pct": 0.0 }, "geometry": { "type": "Point", "coordinates": [ -0.756067854803126, 51.244537453236404 ] } },
{ "type": "Feature", "properties": { "visible_points": 16, "total_points": 120, "visibility_pct": 13.333333333333334 }, "geometry": { "type": "Point", "coordinates": [ -0.755869389070548, 51.24453534262183 ] } },
{ "type": "Feature", "properties": { "visible_points": 20, "total_points": 120, "visibility_pct": 16.666666666666664 }, "geometry": { "type": "Point", "coordinates": [ -0.755670923362047, 51.244533231670914 ] } },
{ "type": "Feature", "properties": { "visible_points": 16, "total_points": 120, "visibility_pct": 13.333333333333334 }, "geometry": { "type": "Point", "coordinates": [ -0.755472457677636, 51.244531120383634 ] } },
{ "type": "Feature", "properties": { "visible_points": 0, "total_points": 120, "visibility_pct": 0.0 }, "geometry": { "type": "Point", "coordinates": [ -0.755273992017311, 51.244529008760011 ] } },
{ "type": "Feature", "properties": { "visible_points": 13, "total_points": 120, "visibility_pct": 10.833333333333334 }, "geometry": { "type": "Point", "coordinates": [ -0.755075526381088, 51.244526896800039 ] } },
{ "type": "Feature", "properties": { "visible_points": 11, "total_points": 120, "visibility_pct": 9.1666666666666661 }, "geometry": { "type": "Point", "coordinates": [ -0.754877060768957, 51.244524784503724 ] } },
{ "type": "Feature", "properties": { "visible_points": 6, "total_points": 120, "visibility_pct": 5.0 }, "geometry": { "type": "Point", "coordinates": [ -0.754678595180934, 51.244522671871053 ] } },
{ "type": "Feature", "properties": { "visible_points": 2, "total_points": 117, "visibility_pct": 1.7094017094017095 }, "geometry": { "type": "Point", "coordinates": [ -0.754480129617011, 51.244520558902039 ] } },
{ "type": "Feature", "properties": { "visible_points": 0, "total_points": 111, "visibility_pct": 0.0 }, "geometry": { "type": "Point", "coordinates": [ -0.754281664077201, 51.244518445596675 ] } },
{ "type": "Feature", "properties": { "visible_points": 1, "total_points": 105, "visibility_pct": 0.95238095238095244 }, "geometry": { "type": "Point", "coordinates": [ -0.754083198561505, 51.244516331954941 ] } },
{ "type": "Feature", "properties": { "visible_points": 2, "total_points": 97, "visibility_pct": 2.0618556701030926 }, "geometry": { "type": "Point", "coordinates": [ -0.753884733069927, 51.244514217976892 ] } },
{ "type": "Feature", "properties": { "visible_points": 0, "total_points": 88, "visibility_pct": 0.0 }, "geometry": { "type": "Point", "coordinates": [ -0.753686267602472, 51.244512103662473 ] } },
{ "type": "Feature", "properties": { "visible_points": 6, "total_points": 78, "visibility_pct": 7.6923076923076925 }, "geometry": { "type": "Point", "coordinates": [ -0.753487802159137, 51.244509989011696 ] } },
{ "type": "Feature", "properties": { "visible_points": 0, "total_points": 88, "visibility_pct": 0.0 }, "geometry": { "type": "Point", "coordinates": [ -0.758148835389779, 51.244667470424574 ] } },
{ "type": "Feature", "properties": { "visible_points": 1, "total_points": 97, "visibility_pct": 1.0309278350515463 }, "geometry": { "type": "Point", "coordinates": [ -0.757950368939919, 51.244665363331173 ] } },
{ "type": "Feature", "properties": { "visible_points": 0, "total_points": 105, "visibility_pct": 0.0 }, "geometry": { "type": "Point", "coordinates": [ -0.757751902514107, 51.244663255901422 ] } },
{ "type": "Feature", "properties": { "visible_points": 0, "total_points": 112, "visibility_pct": 0.0 }, "geometry": { "type": "Point", "coordinates": [ -0.757553436112342, 51.244661148135314 ] } },
{ "type": "Feature", "properties": { "visible_points": 0, "total_points": 118, "visibility_pct": 0.0 }, "geometry": { "type": "Point", "coordinates": [ -0.757354969734627, 51.244659040032865 ] } },
{ "type": "Feature", "properties": { "visible_points": 0, "total_points": 120, "visibility_pct": 0.0 }, "geometry": { "type": "Point", "coordinates": [ -0.757156503380965, 51.244656931594051 ] } },
{ "type": "Feature", "properties": { "visible_points": 4, "total_points": 120, "visibility_pct": 3.3333333333333335 }, "geometry": { "type": "Point", "coordinates": [ -0.756958037051363, 51.244654822818887 ] } },
{ "type": "Feature", "properties": { "visible_points": 11, "total_points": 120, "visibility_pct": 9.1666666666666661 }, "geometry": { "type": "Point", "coordinates": [ -0.756759570745821, 51.244652713707367 ] } },
{ "type": "Feature", "properties": { "visible_points": 6, "total_points": 120, "visibility_pct": 5.0 }, "geometry": { "type": "Point", "coordinates": [ -0.756561104464349, 51.244650604259498 ] } },
{ "type": "Feature", "properties": { "visible_points": 0, "total_points": 120, "visibility_pct": 0.0 }, "geometry": { "type": "Point", "coordinates": [ -0.756362638206942, 51.244648494475278 ] } },
{ "type": "Feature", "properties": { "visible_points": 0, "total_points": 120, "visibility_pct": 0.0 }, "geometry": { "type": "Point", "coordinates": [ -0.756164171973613, 51.244646384354716 ] } },
{ "type": "Feature", "properties": { "visible_points": 0, "total_points": 120, "visibility_pct": 0.0 }, "geometry": { "type": "Point", "coordinates": [ -0.755965705764361, 51.244644273897784 ] } },
{ "type": "Feature", "properties": { "visible_points": 11, "total_points": 120, "visibility_pct": 9.1666666666666661 }, "geometry": { "type": "Point", "coordinates": [ -0.755767239579185, 51.244642163104515 ] } },
{ "type": "Feature", "properties": { "visible_points": 18, "total_points": 120, "visibility_pct": 15.0 }, "geometry": { "type": "Point", "coordinates": [ -0.755568773418102, 51.244640051974898 ] } },
{ "type": "Feature", "properties": { "visible_points": 4, "total_points": 120, "visibility_pct": 3.3333333333333335 }, "geometry": { "type": "Point", "coordinates": [ -0.755370307281104, 51.244637940508923 ] } },
{ "type": "Feature", "properties": { "visible_points": 0, "total_points": 120, "visibility_pct": 0.0 }, "geometry": { "type": "Point", "coordinates": [ -0.7551718411682, 51.244635828706592 ] } },
{ "type": "Feature", "properties": { "visible_points": 8, "total_points": 120, "visibility_pct": 6.666666666666667 }, "geometry": { "type": "Point", "coordinates": [ -0.754973375079393, 51.244633716567918 ] } },
{ "type": "Feature", "properties": { "visible_points": 0, "total_points": 120, "visibility_pct": 0.0 }, "geometry": { "type": "Point", "coordinates": [ -0.754774909014685, 51.244631604092888 ] } },
{ "type": "Feature", "properties": { "visible_points": 0, "total_points": 116, "visibility_pct": 0.0 }, "geometry": { "type": "Point", "coordinates": [ -0.75457644297408, 51.244629491281515 ] } },
{ "type": "Feature", "properties": { "visible_points": 0, "total_points": 110, "visibility_pct": 0.0 }, "geometry": { "type": "Point", "coordinates": [ -0.75437797695759, 51.244627378133792 ] } },
{ "type": "Feature", "properties": { "visible_points": 3, "total_points": 103, "visibility_pct": 2.912621359223301 }, "geometry": { "type": "Point", "coordinates": [ -0.754179510965202, 51.244625264649699 ] } },
{ "type": "Feature", "properties": { "visible_points": 1, "total_points": 95, "visibility_pct": 1.0526315789473684 }, "geometry": { "type": "Point", "coordinates": [ -0.753981044996941, 51.244623150829277 ] } },
{ "type": "Feature", "properties": { "visible_points": 3, "total_points": 86, "visibility_pct": 3.4883720930232558 }, "geometry": { "type": "Point", "coordinates": [ -0.753782579052791, 51.244621036672505 ] } },
{ "type": "Feature", "properties": { "visible_points": 0, "total_points": 85, "visibility_pct": 0.0 }, "geometry": { "type": "Point", "coordinates": [ -0.758046690852983, 51.244774292954808 ] } },
{ "type": "Feature", "properties": { "visible_points": 1, "total_points": 94, "visibility_pct": 1.0638297872340425 }, "geometry": { "type": "Point", "coordinates": [ -0.757848223950513, 51.24477218568272 ] } },
{ "type": "Feature", "properties": { "visible_points": 0, "total_points": 102, "visibility_pct": 0.0 }, "geometry": { "type": "Point", "coordinates": [ -0.757649757072085, 51.244770078074275 ] } },
{ "type": "Feature", "properties": { "visible_points": 0, "total_points": 110, "visibility_pct": 0.0 }, "geometry": { "type": "Point", "coordinates": [ -0.757451290217713, 51.244767970129487 ] } },
{ "type": "Feature", "properties": { "visible_points": 0, "total_points": 116, "visibility_pct": 0.0 }, "geometry": { "type": "Point", "coordinates": [ -0.757252823387386, 51.244765861848329 ] } },
{ "type": "Feature", "properties": { "visible_points": 0, "total_points": 120, "visibility_pct": 0.0 }, "geometry": { "type": "Point", "coordinates": [ -0.757054356581121, 51.244763753230828 ] } },
{ "type": "Feature", "properties": { "visible_points": 0, "total_points": 120, "visibility_pct": 0.0 }, "geometry": { "type": "Point", "coordinates": [ -0.756855889798913, 51.244761644276963 ] } },
{ "type": "Feature", "properties": { "visible_points": 10, "total_points": 120, "visibility_pct": 8.3333333333333321 }, "geometry": { "type": "Point", "coordinates": [ -0.756657423040771, 51.244759534986756 ] } },
{ "type": "Feature", "properties": { "visible_points": 10, "total_points": 120, "visibility_pct": 8.3333333333333321 }, "geometry": { "type": "Point", "coordinates": [ -0.7564589563067, 51.244757425360177 ] } },
{ "type": "Feature", "properties": { "visible_points": 0, "total_points": 120, "visibility_pct": 0.0 }, "geometry": { "type": "Point", "coordinates": [ -0.756260489596696, 51.244755315397285 ] } },
{ "type": "Feature", "properties": { "visible_points": 0, "total_points": 120, "visibility_pct": 0.0 }, "geometry": { "type": "Point", "coordinates": [ -0.756062022910772, 51.244753205098007 ] } },
{ "type": "Feature", "properties": { "visible_points": 0, "total_points": 120, "visibility_pct": 0.0 }, "geometry": { "type": "Point", "coordinates": [ -0.755863556248924, 51.244751094462373 ] } },
{ "type": "Feature", "properties": { "visible_points": 15, "total_points": 120, "visibility_pct": 12.5 }, "geometry": { "type": "Point", "coordinates": [ -0.75566508961116, 51.244748983490403 ] } },
{ "type": "Feature", "properties": { "visible_points": 17, "total_points": 120, "visibility_pct": 14.166666666666666 }, "geometry": { "type": "Point", "coordinates": [ -0.755466622997485, 51.244746872182091 ] } },
{ "type": "Feature", "properties": { "visible_points": 0, "total_points": 120, "visibility_pct": 0.0 }, "geometry": { "type": "Point", "coordinates": [ -0.755268156407902, 51.244744760537394 ] } },
{ "type": "Feature", "properties": { "visible_points": 0, "total_points": 120, "visibility_pct": 0.0 }, "geometry": { "type": "Point", "coordinates": [ -0.755069689842413, 51.244742648556368 ] } },
{ "type": "Feature", "properties": { "visible_points": 6, "total_points": 120, "visibility_pct": 5.0 }, "geometry": { "type": "Point", "coordinates": [ -0.754871223301021, 51.244740536238993 ] } },
{ "type": "Feature", "properties": { "visible_points": 1, "total_points": 114, "visibility_pct": 0.8771929824561403 }, "geometry": { "type": "Point", "coordinates": [ -0.754672756783734, 51.244738423585247 ] } },
{ "type": "Feature", "properties": { "visible_points": 0, "total_points": 108, "visibility_pct": 0.0 }, "geometry": { "type": "Point", "coordinates": [ -0.754474290290555, 51.244736310595158 ] } },
{ "type": "Feature", "properties": { "visible_points": 0, "total_points": 100, "visibility_pct": 0.0 }, "geometry": { "type": "Point", "coordinates": [ -0.754275823821483, 51.24473419726872 ] } },
{ "type": "Feature", "properties": { "visible_points": 0, "total_points": 92, "visibility_pct": 0.0 }, "geometry": { "type": "Point", "coordinates": [ -0.754077357376526, 51.244732083605932 ] } },
{ "type": "Feature", "properties": { "visible_points": 0, "total_points": 83, "visibility_pct": 0.0 }, "geometry": { "type": "Point", "coordinates": [ -0.753878890955685, 51.244729969606794 ] } },
{ "type": "Feature", "properties": { "visible_points": 0, "total_points": 82, "visibility_pct": 0.0 }, "geometry": { "type": "Point", "coordinates": [ -0.757944545839536, 51.24488111538826 ] } },
{ "type": "Feature", "properties": { "visible_points": 0, "total_points": 91, "visibility_pct": 0.0 }, "geometry": { "type": "Point", "coordinates": [ -0.757746078484447, 51.244879007937499 ] } },
{ "type": "Feature", "properties": { "visible_points": 0, "total_points": 100, "visibility_pct": 0.0 }, "geometry": { "type": "Point", "coordinates": [ -0.75754761115341, 51.244876900150345 ] } },
{ "type": "Feature", "properties": { "visible_points": 0, "total_points": 108, "visibility_pct": 0.0 }, "geometry": { "type": "Point", "coordinates": [ -0.75734914384642, 51.244874792026849 ] } },
{ "type": "Feature", "properties": { "visible_points": 0, "total_points": 114, "visibility_pct": 0.0 }, "geometry": { "type": "Point", "coordinates": [ -0.757150676563488, 51.244872683567024 ] } },
{ "type": "Feature", "properties": { "visible_points": 0, "total_points": 119, "visibility_pct": 0.0 }, "geometry": { "type": "Point", "coordinates": [ -0.756952209304613, 51.244870574770808 ] } },
{ "type": "Feature", "properties": { "visible_points": 0, "total_points": 120, "visibility_pct": 0.0 }, "geometry": { "type": "Point", "coordinates": [ -0.756753742069801, 51.24486846563827 ] } },
{ "type": "Feature", "properties": { "visible_points": 9, "total_points": 120, "visibility_pct": 7.5 }, "geometry": { "type": "Point", "coordinates": [ -0.756555274859055, 51.244866356169339 ] } },
{ "type": "Feature", "properties": { "visible_points": 13, "total_points": 119, "visibility_pct": 10.92436974789916 }, "geometry": { "type": "Point", "coordinates": [ -0.75635680767238, 51.244864246364088 ] } },
{ "type": "Feature", "properties": { "visible_points": 4, "total_points": 119, "visibility_pct": 3.3613445378151261 }, "geometry": { "type": "Point", "coordinates": [ -0.75615834050978, 51.24486213622248 ] } },
{ "type": "Feature", "properties": { "visible_points": 0, "total_points": 119, "visibility_pct": 0.0 }, "geometry": { "type": "Point", "coordinates": [ -0.755959873371256, 51.244860025744501 ] } },
{ "type": "Feature", "properties": { "visible_points": 0, "total_points": 119, "visibility_pct": 0.0 }, "geometry": { "type": "Point", "coordinates": [ -0.755761406256816, 51.244857914930172 ] } },
{ "type": "Feature", "properties": { "visible_points": 19, "total_points": 119, "visibility_pct": 15.966386554621847 }, "geometry": { "type": "Point", "coordinates": [ -0.755562939166459, 51.244855803779501 ] } },
{ "type": "Feature", "properties": { "visible_points": 0, "total_points": 120, "visibility_pct": 0.0 }, "geometry": { "type": "Point", "coordinates": [ -0.755364472100195, 51.244853692292459 ] } },
{ "type": "Feature", "properties": { "visible_points": 0, "total_points": 120, "visibility_pct": 0.0 }, "geometry": { "type": "Point", "coordinates": [ -0.755166005058017, 51.244851580469074 ] } },
{ "type": "Feature", "properties": { "visible_points": 0, "total_points": 119, "visibility_pct": 0.0 }, "geometry": { "type": "Point", "coordinates": [ -0.75496753803995, 51.244849468309347 ] } },
{ "type": "Feature", "properties": { "visible_points": 0, "total_points": 113, "visibility_pct": 0.0 }, "geometry": { "type": "Point", "coordinates": [ -0.754769071045969, 51.244847355813242 ] } },
{ "type": "Feature", "properties": { "visible_points": 0, "total_points": 106, "visibility_pct": 0.0 }, "geometry": { "type": "Point", "coordinates": [ -0.754570604076102, 51.244845242980809 ] } },
{ "type": "Feature", "properties": { "visible_points": 0, "total_points": 98, "visibility_pct": 0.0 }, "geometry": { "type": "Point", "coordinates": [ -0.754372137130338, 51.244843129811997 ] } },
{ "type": "Feature", "properties": { "visible_points": 0, "total_points": 89, "visibility_pct": 0.0 }, "geometry": { "type": "Point", "coordinates": [ -0.754173670208693, 51.244841016306864 ] } },
{ "type": "Feature", "properties": { "visible_points": 4, "total_points": 80, "visibility_pct": 5.0 }, "geometry": { "type": "Point", "coordinates": [ -0.753975203311157, 51.244838902465354 ] } },
{ "type": "Feature", "properties": { "visible_points": 0, "total_points": 79, "visibility_pct": 0.0 }, "geometry": { "type": "Point", "coordinates": [ -0.757842400349433, 51.244987937724922 ] } },
{ "type": "Feature", "properties": { "visible_points": 0, "total_points": 89, "visibility_pct": 0.0 }, "geometry": { "type": "Point", "coordinates": [ -0.757643932541726, 51.244985830095466 ] } },
{ "type": "Feature", "properties": { "visible_points": 0, "total_points": 98, "visibility_pct": 0.0 }, "geometry": { "type": "Point", "coordinates": [ -0.757445464758071, 51.244983722129632 ] } },
{ "type": "Feature", "properties": { "visible_points": 0, "total_points": 106, "visibility_pct": 0.0 }, "geometry": { "type": "Point", "coordinates": [ -0.75724699699847, 51.244981613827441 ] } },
{ "type": "Feature", "properties": { "visible_points": 0, "total_points": 112, "visibility_pct": 0.0 }, "geometry": { "type": "Point", "coordinates": [ -0.757048529262925, 51.244979505188908 ] } },
{ "type": "Feature", "properties": { "visible_points": 0, "total_points": 118, "visibility_pct": 0.0 }, "geometry": { "type": "Point", "coordinates": [ -0.756850061551443, 51.244977396214011 ] } },
{ "type": "Feature", "properties": { "visible_points": 0, "total_points": 119, "visibility_pct": 0.0 }, "geometry": { "type": "Point", "coordinates": [ -0.75665159386402, 51.244975286902751 ] } },
{ "type": "Feature", "properties": { "visible_points": 0, "total_points": 118, "visibility_pct": 0.0 }, "geometry": { "type": "Point", "coordinates": [ -0.756453126200674, 51.24497317725514 ] } },
{ "type": "Feature", "properties": { "visible_points": 13, "total_points": 117, "visibility_pct": 11.111111111111111 }, "geometry": { "type": "Point", "coordinates": [ -0.756254658561392, 51.244971067271173 ] } },
{ "type": "Feature", "properties": { "visible_points": 10, "total_points": 117, "visibility_pct": 8.5470085470085468 }, "geometry": { "type": "Point", "coordinates": [ -0.756056190946192, 51.244968956950871 ] } },
{ "type": "Feature", "properties": { "visible_points": 0, "total_points": 117, "visibility_pct": 0.0 }, "geometry": { "type": "Point", "coordinates": [ -0.75585772335507, 51.244966846294197 ] } },
{ "type": "Feature", "properties": { "visible_points": 0, "total_points": 117, "visibility_pct": 0.0 }, "geometry": { "type": "Point", "coordinates": [ -0.75565925578803, 51.244964735301174 ] } },
{ "type": "Feature", "properties": { "visible_points": 12, "total_points": 118, "visibility_pct": 10.16949152542373 }, "geometry": { "type": "Point", "coordinates": [ -0.755460788245084, 51.244962623971787 ] } },
{ "type": "Feature", "properties": { "visible_points": 0, "total_points": 119, "visibility_pct": 0.0 }, "geometry": { "type": "Point", "coordinates": [ -0.755262320726225, 51.244960512306044 ] } },
{ "type": "Feature", "properties": { "visible_points": 0, "total_points": 118, "visibility_pct": 0.0 }, "geometry": { "type": "Point", "coordinates": [ -0.75506385323146, 51.24495840030395 ] } },
{ "type": "Feature", "properties": { "visible_points": 0, "total_points": 112, "visibility_pct": 0.0 }, "geometry": { "type": "Point", "coordinates": [ -0.754865385760796, 51.244956287965501 ] } },
{ "type": "Feature", "properties": { "visible_points": 0, "total_points": 104, "visibility_pct": 0.0 }, "geometry": { "type": "Point", "coordinates": [ -0.754666918314237, 51.244954175290708 ] } },
{ "type": "Feature", "properties": { "visible_points": 0, "total_points": 96, "visibility_pct": 0.0 }, "geometry": { "type": "Point", "coordinates": [ -0.754468450891782, 51.244952062279559 ] } },
{ "type": "Feature", "properties": { "visible_points": 4, "total_points": 87, "visibility_pct": 4.5977011494252871 }, "geometry": { "type": "Point", "coordinates": [ -0.754269983493443, 51.244949948932039 ] } },
{ "type": "Feature", "properties": { "visible_points": 0, "total_points": 86, "visibility_pct": 0.0 }, "geometry": { "type": "Point", "coordinates": [ -0.757541786122341, 51.245092652156643 ] } },
{ "type": "Feature", "properties": { "visible_points": 2, "total_points": 95, "visibility_pct": 2.1052631578947367 }, "geometry": { "type": "Point", "coordinates": [ -0.75734331788607, 51.245090544012122 ] } },
{ "type": "Feature", "properties": { "visible_points": 0, "total_points": 103, "visibility_pct": 0.0 }, "geometry": { "type": "Point", "coordinates": [ -0.757144849673853, 51.24508843553123 ] } },
{ "type": "Feature", "properties": { "visible_points": 0, "total_points": 110, "visibility_pct": 0.0 }, "geometry": { "type": "Point", "coordinates": [ -0.756946381485693, 51.245086326714016 ] } },
{ "type": "Feature", "properties": { "visible_points": 0, "total_points": 114, "visibility_pct": 0.0 }, "geometry": { "type": "Point", "coordinates": [ -0.756747913321601, 51.245084217560425 ] } },
{ "type": "Feature", "properties": { "visible_points": 0, "total_points": 116, "visibility_pct": 0.0 }, "geometry": { "type": "Point", "coordinates": [ -0.756549445181573, 51.24508210807047 ] } },
{ "type": "Feature", "properties": { "visible_points": 8, "total_points": 115, "visibility_pct": 6.9565217391304346 }, "geometry": { "type": "Point", "coordinates": [ -0.756350977065614, 51.245079998244172 ] } },
{ "type": "Feature", "properties": { "visible_points": 14, "total_points": 115, "visibility_pct": 12.173913043478262 }, "geometry": { "type": "Point", "coordinates": [ -0.756152508973731, 51.245077888081497 ] } },
{ "type": "Feature", "properties": { "visible_points": 13, "total_points": 115, "visibility_pct": 11.304347826086957 }, "geometry": { "type": "Point", "coordinates": [ -0.755954040905926, 51.245075777582471 ] } },
{ "type": "Feature", "properties": { "visible_points": 0, "total_points": 115, "visibility_pct": 0.0 }, "geometry": { "type": "Point", "coordinates": [ -0.755755572862208, 51.245073666747096 ] } },
{ "type": "Feature", "properties": { "visible_points": 10, "total_points": 116, "visibility_pct": 8.6206896551724146 }, "geometry": { "type": "Point", "coordinates": [ -0.755557104842568, 51.245071555575372 ] } },
{ "type": "Feature", "properties": { "visible_points": 1, "total_points": 117, "visibility_pct": 0.85470085470085477 }, "geometry": { "type": "Point", "coordinates": [ -0.755358636847024, 51.245069444067283 ] } },
{ "type": "Feature", "properties": { "visible_points": 0, "total_points": 115, "visibility_pct": 0.0 }, "geometry": { "type": "Point", "coordinates": [ -0.755160168875569, 51.245067332222831 ] } },
{ "type": "Feature", "properties": { "visible_points": 0, "total_points": 111, "visibility_pct": 0.0 }, "geometry": { "type": "Point", "coordinates": [ -0.754961700928214, 51.245065220042029 ] } },
{ "type": "Feature", "properties": { "visible_points": 0, "total_points": 103, "visibility_pct": 0.0 }, "geometry": { "type": "Point", "coordinates": [ -0.754763233004961, 51.245063107524885 ] } },
{ "type": "Feature", "properties": { "visible_points": 0, "total_points": 94, "visibility_pct": 0.0 }, "geometry": { "type": "Point", "coordinates": [ -0.754564765105815, 51.24506099467137 ] } },
{ "type": "Feature", "properties": { "visible_points": 0, "total_points": 85, "visibility_pct": 0.0 }, "geometry": { "type": "Point", "coordinates": [ -0.75436629723077, 51.245058881481491 ] } },
{ "type": "Feature", "properties": { "visible_points": 0, "total_points": 83, "visibility_pct": 0.0 }, "geometry": { "type": "Point", "coordinates": [ -0.757439639226291, 51.245199474121044 ] } },
{ "type": "Feature", "properties": { "visible_points": 0, "total_points": 92, "visibility_pct": 0.0 }, "geometry": { "type": "Point", "coordinates": [ -0.757241170537399, 51.245197365797836 ] } },
{ "type": "Feature", "properties": { "visible_points": 0, "total_points": 100, "visibility_pct": 0.0 }, "geometry": { "type": "Point", "coordinates": [ -0.757042701872567, 51.245195257138256 ] } },
{ "type": "Feature", "properties": { "visible_points": 0, "total_points": 104, "visibility_pct": 0.0 }, "geometry": { "type": "Point", "coordinates": [ -0.756844233231794, 51.245193148142334 ] } },
{ "type": "Feature", "properties": { "visible_points": 1, "total_points": 107, "visibility_pct": 0.93457943925233633 }, "geometry": { "type": "Point", "coordinates": [ -0.756645764615086, 51.245191038810034 ] } },
{ "type": "Feature", "properties": { "visible_points": 8, "total_points": 111, "visibility_pct": 7.2072072072072073 }, "geometry": { "type": "Point", "coordinates": [ -0.75644729602245, 51.245188929141378 ] } },
{ "type": "Feature", "properties": { "visible_points": 13, "total_points": 111, "visibility_pct": 11.711711711711711 }, "geometry": { "type": "Point", "coordinates": [ -0.75624882745388, 51.245186819136372 ] } },
{ "type": "Feature", "properties": { "visible_points": 4, "total_points": 111, "visibility_pct": 3.6036036036036037 }, "geometry": { "type": "Point", "coordinates": [ -0.756050358909395, 51.245184708795009 ] } },
{ "type": "Feature", "properties": { "visible_points": 0, "total_points": 113, "visibility_pct": 0.0 }, "geometry": { "type": "Point", "coordinates": [ -0.755653421892658, 51.245180487103205 ] } },
{ "type": "Feature", "properties": { "visible_points": 0, "total_points": 114, "visibility_pct": 0.0 }, "geometry": { "type": "Point", "coordinates": [ -0.755454953420424, 51.245178375752758 ] } },
{ "type": "Feature", "properties": { "visible_points": 0, "total_points": 112, "visibility_pct": 0.0 }, "geometry": { "type": "Point", "coordinates": [ -0.755256484972279, 51.245176264065961 ] } },
{ "type": "Feature", "properties": { "visible_points": 0, "total_points": 109, "visibility_pct": 0.0 }, "geometry": { "type": "Point", "coordinates": [ -0.75505801654823, 51.245174152042821 ] } },
{ "type": "Feature", "properties": { "visible_points": 0, "total_points": 103, "visibility_pct": 0.0 }, "geometry": { "type": "Point", "coordinates": [ -0.754859548148281, 51.245172039683304 ] } },
{ "type": "Feature", "properties": { "visible_points": 0, "total_points": 94, "visibility_pct": 0.0 }, "geometry": { "type": "Point", "coordinates": [ -0.754661079772436, 51.245169926987437 ] } },
{ "type": "Feature", "properties": { "visible_points": 0, "total_points": 84, "visibility_pct": 0.0 }, "geometry": { "type": "Point", "coordinates": [ -0.754462611420697, 51.24516781395522 ] } },
{ "type": "Feature", "properties": { "visible_points": 0, "total_points": 80, "visibility_pct": 0.0 }, "geometry": { "type": "Point", "coordinates": [ -0.757337491853571, 51.245306295988655 ] } },
{ "type": "Feature", "properties": { "visible_points": 3, "total_points": 87, "visibility_pct": 3.4482758620689653 }, "geometry": { "type": "Point", "coordinates": [ -0.757139022712061, 51.245304187486752 ] } },
{ "type": "Feature", "properties": { "visible_points": 4, "total_points": 91, "visibility_pct": 4.395604395604396 }, "geometry": { "type": "Point", "coordinates": [ -0.756940553594607, 51.245302078648464 ] } },
{ "type": "Feature", "properties": { "visible_points": 3, "total_points": 95, "visibility_pct": 3.1578947368421053 }, "geometry": { "type": "Point", "coordinates": [ -0.756742084501215, 51.245299969473841 ] } },
{ "type": "Feature", "properties": { "visible_points": 9, "total_points": 99, "visibility_pct": 9.0909090909090917 }, "geometry": { "type": "Point", "coordinates": [ -0.756543615431893, 51.245297859962854 ] } },
{ "type": "Feature", "properties": { "visible_points": 13, "total_points": 104, "visibility_pct": 12.5 }, "geometry": { "type": "Point", "coordinates": [ -0.756345146386645, 51.245295750115503 ] } },
{ "type": "Feature", "properties": { "visible_points": 0, "total_points": 106, "visibility_pct": 0.0 }, "geometry": { "type": "Point", "coordinates": [ -0.756146677365468, 51.245293639931781 ] } },
{ "type": "Feature", "properties": { "visible_points": 0, "total_points": 110, "visibility_pct": 0.0 }, "geometry": { "type": "Point", "coordinates": [ -0.75555127044643, 51.245287307362503 ] } },
{ "type": "Feature", "properties": { "visible_points": 0, "total_points": 108, "visibility_pct": 0.0 }, "geometry": { "type": "Point", "coordinates": [ -0.755352801521589, 51.245285195833354 ] } },
{ "type": "Feature", "properties": { "visible_points": 1, "total_points": 106, "visibility_pct": 0.94339622641509435 }, "geometry": { "type": "Point", "coordinates": [ -0.755154332620845, 51.245283083967841 ] } },
{ "type": "Feature", "properties": { "visible_points": 0, "total_points": 101, "visibility_pct": 0.0 }, "geometry": { "type": "Point", "coordinates": [ -0.754955863744199, 51.245280971765986 ] } },
{ "type": "Feature", "properties": { "visible_points": 0, "total_points": 94, "visibility_pct": 0.0 }, "geometry": { "type": "Point", "coordinates": [ -0.754757394891656, 51.245278859227767 ] } },
{ "type": "Feature", "properties": { "visible_points": 6, "total_points": 84, "visibility_pct": 7.1428571428571423 }, "geometry": { "type": "Point", "coordinates": [ -0.754558926063218, 51.245276746353177 ] } },
{ "type": "Feature", "properties": { "visible_points": 0, "total_points": 78, "visibility_pct": 0.0 }, "geometry": { "type": "Point", "coordinates": [ -0.757036874410043, 51.245411009078879 ] } },
{ "type": "Feature", "properties": { "visible_points": 10, "total_points": 82, "visibility_pct": 12.195121951219512 }, "geometry": { "type": "Point", "coordinates": [ -0.75683840483997, 51.245408900061904 ] } },
{ "type": "Feature", "properties": { "visible_points": 12, "total_points": 87, "visibility_pct": 13.793103448275861 }, "geometry": { "type": "Point", "coordinates": [ -0.756639935293962, 51.245406790708564 ] } },
{ "type": "Feature", "properties": { "visible_points": 13, "total_points": 92, "visibility_pct": 14.130434782608695 }, "geometry": { "type": "Point", "coordinates": [ -0.756441465772025, 51.245404681018876 ] } },
{ "type": "Feature", "properties": { "visible_points": 0, "total_points": 97, "visibility_pct": 0.0 }, "geometry": { "type": "Point", "coordinates": [ -0.756242996274157, 51.245402570992823 ] } },
{ "type": "Feature", "properties": { "visible_points": 0, "total_points": 101, "visibility_pct": 0.0 }, "geometry": { "type": "Point", "coordinates": [ -0.755449118523505, 51.245394127524996 ] } },
{ "type": "Feature", "properties": { "visible_points": 1, "total_points": 97, "visibility_pct": 1.0309278350515463 }, "geometry": { "type": "Point", "coordinates": [ -0.755250649146067, 51.245392015817153 ] } },
{ "type": "Feature", "properties": { "visible_points": 2, "total_points": 93, "visibility_pct": 2.1505376344086025 }, "geometry": { "type": "Point", "coordinates": [ -0.755052179792722, 51.245389903772939 ] } },
{ "type": "Feature", "properties": { "visible_points": 0, "total_points": 89, "visibility_pct": 0.0 }, "geometry": { "type": "Point", "coordinates": [ -0.754853710463472, 51.245387791392361 ] } },
{ "type": "Feature", "properties": { "visible_points": 0, "total_points": 69, "visibility_pct": 0.0 }, "geometry": { "type": "Point", "coordinates": [ -0.756934725631346, 51.245517830574201 ] } },
{ "type": "Feature", "properties": { "visible_points": 11, "total_points": 74, "visibility_pct": 14.864864864864865 }, "geometry": { "type": "Point", "coordinates": [ -0.756736255608649, 51.245515721378545 ] } },
{ "type": "Feature", "properties": { "visible_points": 11, "total_points": 79, "visibility_pct": 13.924050632911392 }, "geometry": { "type": "Point", "coordinates": [ -0.756537785610024, 51.245513611846498 ] } },
{ "type": "Feature", "properties": { "visible_points": 0, "total_points": 88, "visibility_pct": 0.0 }, "geometry": { "type": "Point", "coordinates": [ -0.755346966123893, 51.245500947590699 ] } },
{ "type": "Feature", "properties": { "visible_points": 0, "total_points": 84, "visibility_pct": 0.0 }, "geometry": { "type": "Point", "coordinates": [ -0.755148496293844, 51.245498835704147 ] } },
{ "type": "Feature", "properties": { "visible_points": 0, "total_points": 80, "visibility_pct": 0.0 }, "geometry": { "type": "Point", "coordinates": [ -0.7549500264879, 51.245496723481224 ] } },
{ "type": "Feature", "properties": { "visible_points": 9, "total_points": 77, "visibility_pct": 11.688311688311687 }, "geometry": { "type": "Point", "coordinates": [ -0.754751556706052, 51.245494610921924 ] } },
{ "type": "Feature", "properties": { "visible_points": 0, "total_points": 61, "visibility_pct": 0.0 }, "geometry": { "type": "Point", "coordinates": [ -0.756832576375967, 51.245624651972754 ] } },
{ "type": "Feature", "properties": { "visible_points": 9, "total_points": 66, "visibility_pct": 13.636363636363635 }, "geometry": { "type": "Point", "coordinates": [ -0.75663410590065, 51.245622542598383 ] } },
{ "type": "Feature", "properties": { "visible_points": 0, "total_points": 79, "visibility_pct": 0.0 }, "geometry": { "type": "Point", "coordinates": [ -0.755443283554332, 51.245609879288516 ] } },
{ "type": "Feature", "properties": { "visible_points": 0, "total_points": 75, "visibility_pct": 0.0 }, "geometry": { "type": "Point", "coordinates": [ -0.755244813247585, 51.245607767559605 ] } },
{ "type": "Feature", "properties": { "visible_points": 0, "total_points": 71, "visibility_pct": 0.0 }, "geometry": { "type": "Point", "coordinates": [ -0.755046342964928, 51.24560565549433 ] } },
{ "type": "Feature", "properties": { "visible_points": 8, "total_points": 68, "visibility_pct": 11.76470588235294 }, "geometry": { "type": "Point", "coordinates": [ -0.754847872706375, 51.245603543092685 ] } },
{ "type": "Feature", "properties": { "visible_points": 0, "total_points": 66, "visibility_pct": 0.0 }, "geometry": { "type": "Point", "coordinates": [ -0.755341130653933, 51.245716699339312 ] } },
{ "type": "Feature", "properties": { "visible_points": 0, "total_points": 62, "visibility_pct": 0.0 }, "geometry": { "type": "Point", "coordinates": [ -0.755142659894567, 51.245714587431685 ] } },
{ "type": "Feature", "properties": { "visible_points": 8, "total_points": 59, "visibility_pct": 13.559322033898304 }, "geometry": { "type": "Point", "coordinates": [ -0.754944189159311, 51.245712475187709 ] } },
{ "type": "Feature", "properties": { "visible_points": 2, "total_points": 57, "visibility_pct": 3.5087719298245612 }, "geometry": { "type": "Point", "coordinates": [ -0.755437448512898, 51.245825631043282 ] } },
{ "type": "Feature", "properties": { "visible_points": 0, "total_points": 54, "visibility_pct": 0.0 }, "geometry": { "type": "Point", "coordinates": [ -0.755238977276827, 51.245823519293324 ] } },
{ "type": "Feature", "properties": { "visible_points": 5, "total_points": 50, "visibility_pct": 10.0 }, "geometry": { "type": "Point", "coordinates": [ -0.755040506064855, 51.245821407206968 ] } }
]
}
