{
"type": "FeatureCollection",
"name": "OXFOR_42_NACH",
"crs": { "type": "name", "properties": { "name": "urn:ogc:def:crs:OGC:1.3:CRS84" } },
"features": [
{ "type": "Feature", "properties": { "id": 56360, "nach": 0.75787599183648802 }, "geometry": { "type": "LineString", "coordinates": [ [ -1.2676001, 51.7529825 ], [ -1.2677085, 51.7528648 ] ] } },
{ "type": "Feature", "properties": { "id": 6251, "nach": 0.7426208317174714 }, "geometry": { "type": "LineString", "coordinates": [ [ -1.2914999, 51.7533139 ], [ -1.2918744, 51.753333 ], [ -1.2922032, 51.7533398 ], [ -1.2924544, 51.753345 ] ] } },
{ "type": "Feature", "properties": { "id": 14513, "nach": 0.62717544470046138 }, "geometry": { "type": "LineString", "coordinates": [ [ -1.2915102, 51.7532457 ], [ -1.2914999, 51.7533139 ] ] } },
{ "type": "Feature", "properties": { "id": 19035, "nach": 0.72741611787999128 }, "geometry": { "type": "LineString", "coordinates": [ [ -1.2908525, 51.7532742 ], [ -1.2914999, 51.7533139 ] ] } },
{ "type": "Feature", "properties": { "id": 14506, "nach": 0.67652463325912682 }, "geometry": { "type": "LineString", "coordinates": [ [ -1.2879432, 51.7529869 ], [ -1.2879312, 51.7530583 ] ] } },
{ "type": "Feature", "properties": { "id": 17863, "nach": 0.64612412496951444 }, "geometry": { "type": "LineString", "coordinates": [ [ -1.287591, 51.75302 ], [ -1.2879312, 51.7530583 ] ] } },
{ "type": "Feature", "properties": { "id": 46327, "nach": 0.66875373401818061 }, "geometry": { "type": "LineString", "coordinates": [ [ -1.2878833, 51.7531215 ], [ -1.2879312, 51.7530583 ] ] } },
{ "type": "Feature", "properties": { "id": 49198, "nach": 0.68621544065623508 }, "geometry": { "type": "LineString", "coordinates": [ [ -1.2882712, 51.7530855 ], [ -1.2881851, 51.753078799999976 ], [ -1.2879312, 51.7530583 ] ] } },
{ "type": "Feature", "properties": { "id": 14505, "nach": 0.71079193219543113 }, "geometry": { "type": "LineString", "coordinates": [ [ -1.2879432, 51.7529869 ], [ -1.2880031, 51.7525764 ] ] } },
{ "type": "Feature", "properties": { "id": 26346, "nach": 0.66284084374058894 }, "geometry": { "type": "LineString", "coordinates": [ [ -1.2875964, 51.7529704 ], [ -1.2879432, 51.7529869 ] ] } },
{ "type": "Feature", "properties": { "id": 23803, "nach": 0.6721816151324248 }, "geometry": { "type": "LineString", "coordinates": [ [ -1.2892576, 51.7530832 ], [ -1.2891511, 51.753075 ], [ -1.2886338, 51.7530251 ], [ -1.2885339, 51.753021299999986 ], [ -1.2881758, 51.7530028 ], [ -1.2880337, 51.752993400000015 ], [ -1.2879432, 51.7529869 ] ] } },
{ "type": "Feature", "properties": { "id": 26347, "nach": 0.47385475174533676 }, "geometry": { "type": "LineString", "coordinates": [ [ -1.2875964, 51.7529704 ], [ -1.287591, 51.75302 ] ] } },
{ "type": "Feature", "properties": { "id": 26319, "nach": 0.41647667874117583 }, "geometry": { "type": "LineString", "coordinates": [ [ -1.287575, 51.7531061 ], [ -1.287591, 51.75302 ] ] } },
{ "type": "Feature", "properties": { "id": 17867, "nach": 0.64184995660503852 }, "geometry": { "type": "LineString", "coordinates": [ [ -1.2869353, 51.752966700000016 ], [ -1.287591, 51.75302 ] ] } },
{ "type": "Feature", "properties": { "id": 46329, "nach": 0.62225575877680162 }, "geometry": { "type": "LineString", "coordinates": [ [ -1.2878833, 51.7531215 ], [ -1.2877689, 51.7531111 ], [ -1.287575, 51.7531061 ] ] } },
{ "type": "Feature", "properties": { "id": 58646, "nach": 0.64285588659654824 }, "geometry": { "type": "LineString", "coordinates": [ [ -1.2878661, 51.7531709 ], [ -1.2878833, 51.7531215 ] ] } },
{ "type": "Feature", "properties": { "id": 49194, "nach": 0.57034215754692819 }, "geometry": { "type": "LineString", "coordinates": [ [ -1.2883356, 51.7531622 ], [ -1.2880638, 51.7531403 ], [ -1.2878833, 51.7531215 ] ] } },
{ "type": "Feature", "properties": { "id": 49199, "nach": 0.63381542614046926 }, "geometry": { "type": "LineString", "coordinates": [ [ -1.2882712, 51.7530855 ], [ -1.2888075, 51.7531273 ], [ -1.289037, 51.7531452 ], [ -1.2893873, 51.7531714 ] ] } },
{ "type": "Feature", "properties": { "id": 49197, "nach": 0.64285180379535822 }, "geometry": { "type": "LineString", "coordinates": [ [ -1.2882712, 51.7530855 ], [ -1.2883356, 51.7531622 ] ] } },
{ "type": "Feature", "properties": { "id": 543, "nach": 0.64213432389182812 }, "geometry": { "type": "LineString", "coordinates": [ [ -1.2802861, 51.75248 ], [ -1.2806986, 51.7525184 ] ] } },
{ "type": "Feature", "properties": { "id": 26323, "nach": 0.41668496957866025 }, "geometry": { "type": "LineString", "coordinates": [ [ -1.2806947, 51.752602 ], [ -1.2806986, 51.7525184 ] ] } },
{ "type": "Feature", "properties": { "id": 2513, "nach": 0.63969170670578845 }, "geometry": { "type": "LineString", "coordinates": [ [ -1.2818056, 51.7526021 ], [ -1.2814721, 51.7525648 ], [ -1.2811475, 51.7525414 ], [ -1.2806986, 51.7525184 ] ] } },
{ "type": "Feature", "properties": { "id": 26316, "nach": 0.51958115407415761 }, "geometry": { "type": "LineString", "coordinates": [ [ -1.2802899, 51.7524094 ], [ -1.2802861, 51.75248 ] ] } },
{ "type": "Feature", "properties": { "id": 15501, "nach": 0.62942286945715031 }, "geometry": { "type": "LineString", "coordinates": [ [ -1.2802046, 51.7524736 ], [ -1.2802861, 51.75248 ] ] } },
{ "type": "Feature", "properties": { "id": 26392, "nach": 0.66173009911073766 }, "geometry": { "type": "LineString", "coordinates": [ [ -1.2801836, 51.7526002 ], [ -1.2803089, 51.7526088 ], [ -1.280391, 51.7525834 ], [ -1.2806317, 51.7525976 ], [ -1.2806947, 51.752602 ] ] } },
{ "type": "Feature", "properties": { "id": 26404, "nach": 0.66326236347987222 }, "geometry": { "type": "LineString", "coordinates": [ [ -1.2817926, 51.752668200000016 ], [ -1.281743, 51.7526632 ], [ -1.281452, 51.7526417 ], [ -1.2811596, 51.75262750000001 ], [ -1.2808848, 51.7526152 ], [ -1.2806947, 51.752602 ] ] } },
{ "type": "Feature", "properties": { "id": 34515, "nach": 0.4809342760383945 }, "geometry": { "type": "LineString", "coordinates": [ [ -1.2808453, 51.75274610000001 ], [ -1.2807504, 51.7526857 ], [ -1.2807158, 51.7526425 ], [ -1.2806947, 51.752602 ] ] } },
{ "type": "Feature", "properties": { "id": 2512, "nach": 0.6653198007832325 }, "geometry": { "type": "LineString", "coordinates": [ [ -1.2818056, 51.7526021 ], [ -1.2819427, 51.7526109 ] ] } },
{ "type": "Feature", "properties": { "id": 26402, "nach": 0.63185305696200211 }, "geometry": { "type": "LineString", "coordinates": [ [ -1.2817926, 51.752668200000016 ], [ -1.2818056, 51.7526021 ] ] } },
{ "type": "Feature", "properties": { "id": 26368, "nach": 0.47248238909859119 }, "geometry": { "type": "LineString", "coordinates": [ [ -1.2784792, 51.7524347 ], [ -1.2784877, 51.7523686 ] ] } },
{ "type": "Feature", "properties": { "id": 530, "nach": 0.66056044954730608 }, "geometry": { "type": "LineString", "coordinates": [ [ -1.2777257, 51.7523571 ], [ -1.2784877, 51.7523686 ] ] } },
{ "type": "Feature", "properties": { "id": 10685, "nach": 0.66377756171536861 }, "geometry": { "type": "LineString", "coordinates": [ [ -1.2786328, 51.7523707 ], [ -1.2784877, 51.7523686 ] ] } },
{ "type": "Feature", "properties": { "id": 58637, "nach": 0.5460890806415577 }, "geometry": { "type": "LineString", "coordinates": [ [ -1.2785192, 51.752504799999983 ], [ -1.2784792, 51.7524347 ] ] } },
{ "type": "Feature", "properties": { "id": 26378, "nach": 0.61763925980561163 }, "geometry": { "type": "LineString", "coordinates": [ [ -1.2777727, 51.7524144 ], [ -1.277905, 51.7524062 ], [ -1.278357, 51.7524191 ], [ -1.2784792, 51.7524347 ] ] } },
{ "type": "Feature", "properties": { "id": 26398, "nach": 0.5778578300193763 }, "geometry": { "type": "LineString", "coordinates": [ [ -1.2788686, 51.7524723 ], [ -1.2786144, 51.7524486 ], [ -1.2784792, 51.7524347 ] ] } },
{ "type": "Feature", "properties": { "id": 26447, "nach": 0.55903775642246456 }, "geometry": { "type": "LineString", "coordinates": [ [ -1.2777382, 51.7523012 ], [ -1.2777257, 51.7523571 ] ] } },
{ "type": "Feature", "properties": { "id": 15490, "nach": 0.6558433095403835 }, "geometry": { "type": "LineString", "coordinates": [ [ -1.2773025, 51.75236670000001 ], [ -1.2777257, 51.7523571 ] ] } },
{ "type": "Feature", "properties": { "id": 48105, "nach": 0.56613361856421207 }, "geometry": { "type": "LineString", "coordinates": [ [ -1.2777181, 51.7524149 ], [ -1.2777191, 51.7523943 ], [ -1.2777257, 51.7523571 ] ] } },
{ "type": "Feature", "properties": { "id": 26337, "nach": 0.58691878288961141 }, "geometry": { "type": "LineString", "coordinates": [ [ -1.2786316, 51.7523248 ], [ -1.2786328, 51.7523707 ] ] } },
{ "type": "Feature", "properties": { "id": 15498, "nach": 0.68118732353636025 }, "geometry": { "type": "LineString", "coordinates": [ [ -1.2788837, 51.752383300000012 ], [ -1.2786328, 51.7523707 ] ] } },
{ "type": "Feature", "properties": { "id": 15315, "nach": 0.60948635930344963 }, "geometry": { "type": "LineString", "coordinates": [ [ -1.2760241, 51.7520237 ], [ -1.2759593, 51.7524021 ] ] } },
{ "type": "Feature", "properties": { "id": 18390, "nach": 0.69332631971685676 }, "geometry": { "type": "LineString", "coordinates": [ [ -1.2750506, 51.7524388 ], [ -1.2752593, 51.7524248 ], [ -1.2756167, 51.7524091 ], [ -1.2759593, 51.7524021 ] ] } },
{ "type": "Feature", "properties": { "id": 2509, "nach": 0.6666244304122696 }, "geometry": { "type": "LineString", "coordinates": [ [ -1.2768616, 51.7523713 ], [ -1.276414, 51.752385 ], [ -1.2759593, 51.7524021 ] ] } },
{ "type": "Feature", "properties": { "id": 32696, "nach": 0.64892146058973055 }, "geometry": { "type": "LineString", "coordinates": [ [ -1.2761194, 51.751525100000016 ], [ -1.2760509, 51.7518472 ], [ -1.2760241, 51.7520237 ] ] } },
{ "type": "Feature", "properties": { "id": 26238, "nach": 0.57789360498238151 }, "geometry": { "type": "LineString", "coordinates": [ [ -1.2748801, 51.7524231 ], [ -1.2751375, 51.752396 ], [ -1.2752565, 51.7523776 ], [ -1.2756134, 51.7523634 ], [ -1.275666, 51.752361700000016 ], [ -1.2757317, 51.7523758 ], [ -1.2758091, 51.7523718 ], [ -1.2758632, 51.7523663 ], [ -1.2759071, 51.7523391 ], [ -1.2759014, 51.752235 ], [ -1.2759344, 51.7520165 ], [ -1.2760241, 51.7520237 ] ] } },
{ "type": "Feature", "properties": { "id": 26274, "nach": 0.49610600078229328 }, "geometry": { "type": "LineString", "coordinates": [ [ -1.2768671, 51.7523255 ], [ -1.2766792, 51.752338900000019 ], [ -1.2762366, 51.7523505 ], [ -1.2761575, 51.7523522 ], [ -1.276098, 51.7523524 ], [ -1.2760477, 51.7523502 ], [ -1.2760169, 51.7523255 ], [ -1.276022, 51.75227430000001 ], [ -1.2760675, 51.752027 ], [ -1.2760241, 51.7520237 ] ] } },
{ "type": "Feature", "properties": { "id": 26183, "nach": 0.57970442672057865 }, "geometry": { "type": "LineString", "coordinates": [ [ -1.2750593, 51.7524969 ], [ -1.2750506, 51.7524388 ] ] } },
{ "type": "Feature", "properties": { "id": 23996, "nach": 0.68342615169488641 }, "geometry": { "type": "LineString", "coordinates": [ [ -1.2748809, 51.7524511 ], [ -1.2750506, 51.7524388 ] ] } },
{ "type": "Feature", "properties": { "id": 26267, "nach": 0.64081017642646154 }, "geometry": { "type": "LineString", "coordinates": [ [ -1.2768487, 51.7524114 ], [ -1.2768616, 51.7523713 ] ] } },
{ "type": "Feature", "properties": { "id": 26271, "nach": 0.61811886869696353 }, "geometry": { "type": "LineString", "coordinates": [ [ -1.2768671, 51.7523255 ], [ -1.2768616, 51.7523713 ] ] } },
{ "type": "Feature", "properties": { "id": 15489, "nach": 0.66452966705638017 }, "geometry": { "type": "LineString", "coordinates": [ [ -1.2773025, 51.75236670000001 ], [ -1.2768616, 51.7523713 ] ] } },
{ "type": "Feature", "properties": { "id": 18316, "nach": 0.52043266613066985 }, "geometry": { "type": "LineString", "coordinates": [ [ -1.2737828, 51.752442800000011 ], [ -1.2737897, 51.7524967 ] ] } },
{ "type": "Feature", "properties": { "id": 32698, "nach": 0.67856305329664934 }, "geometry": { "type": "LineString", "coordinates": [ [ -1.2732949, 51.7525127 ], [ -1.2737897, 51.7524967 ] ] } },
{ "type": "Feature", "properties": { "id": 32065, "nach": 0.67391820210835729 }, "geometry": { "type": "LineString", "coordinates": [ [ -1.2741532, 51.752486 ], [ -1.2737897, 51.7524967 ] ] } },
{ "type": "Feature", "properties": { "id": 18318, "nach": 0.6575443252371147 }, "geometry": { "type": "LineString", "coordinates": [ [ -1.2737828, 51.752442800000011 ], [ -1.273781, 51.752426600000014 ], [ -1.2737721, 51.7523384 ], [ -1.2737663, 51.7523052 ] ] } },
{ "type": "Feature", "properties": { "id": 25224, "nach": 0.64858053096870016 }, "geometry": { "type": "LineString", "coordinates": [ [ -1.2742149, 51.7524368 ], [ -1.2737828, 51.752442800000011 ] ] } },
{ "type": "Feature", "properties": { "id": 21264, "nach": 0.65628344314352427 }, "geometry": { "type": "LineString", "coordinates": [ [ -1.2729367, 51.7524987 ], [ -1.2730341, 51.75248340000001 ], [ -1.2737828, 51.752442800000011 ] ] } },
{ "type": "Feature", "properties": { "id": 32700, "nach": 0.67472656148063759 }, "geometry": { "type": "LineString", "coordinates": [ [ -1.2732949, 51.7525127 ], [ -1.2729419, 51.7525286 ], [ -1.272887, 51.75253 ], [ -1.2723743, 51.7525463 ], [ -1.2723197, 51.752545799999986 ], [ -1.272137, 51.7525403 ], [ -1.2720119, 51.7525362 ], [ -1.271836, 51.752541100000016 ] ] } },
{ "type": "Feature", "properties": { "id": 32702, "nach": 0.49789909796724513 }, "geometry": { "type": "LineString", "coordinates": [ [ -1.2732968, 51.7525766 ], [ -1.2732949, 51.7525127 ] ] } },
{ "type": "Feature", "properties": { "id": 32066, "nach": 0.66888614317286244 }, "geometry": { "type": "LineString", "coordinates": [ [ -1.2741532, 51.752486 ], [ -1.274217, 51.7524839 ] ] } },
{ "type": "Feature", "properties": { "id": 32064, "nach": 0.42661387971805059 }, "geometry": { "type": "LineString", "coordinates": [ [ -1.2741532, 51.752486 ], [ -1.2741573, 51.75255520000001 ] ] } },
{ "type": "Feature", "properties": { "id": 50352, "nach": 0.62114967071725791 }, "geometry": { "type": "LineString", "coordinates": [ [ -1.273662, 51.751656 ], [ -1.2737663, 51.7523052 ] ] } },
{ "type": "Feature", "properties": { "id": 3455, "nach": 0.55863878159925917 }, "geometry": { "type": "LineString", "coordinates": [ [ -1.2728861, 51.7523414 ], [ -1.2737663, 51.7523052 ] ] } },
{ "type": "Feature", "properties": { "id": 517, "nach": 0.51887852971645898 }, "geometry": { "type": "LineString", "coordinates": [ [ -1.2745572, 51.7508452 ], [ -1.2746621, 51.7515839 ], [ -1.274646, 51.7516697 ], [ -1.274561, 51.7518109 ], [ -1.2744503, 51.7519392 ], [ -1.2743075, 51.7520543 ], [ -1.2741786, 51.7521664 ], [ -1.2740144, 51.752286 ], [ -1.2739802, 51.7522974 ], [ -1.2737663, 51.7523052 ] ] } },
{ "type": "Feature", "properties": { "id": 50353, "nach": 0.59802306535621652 }, "geometry": { "type": "LineString", "coordinates": [ [ -1.273662, 51.751656 ], [ -1.2734337, 51.750234299999988 ] ] } },
{ "type": "Feature", "properties": { "id": 50357, "nach": 0.50399891799394392 }, "geometry": { "type": "LineString", "coordinates": [ [ -1.2739092, 51.75164370000001 ], [ -1.2738649, 51.7516459 ], [ -1.2737636, 51.7516509 ], [ -1.273662, 51.751656 ] ] } },
{ "type": "Feature", "properties": { "id": 3457, "nach": 0.61521309405599911 }, "geometry": { "type": "LineString", "coordinates": [ [ -1.2728861, 51.7523414 ], [ -1.2728045, 51.7523458 ], [ -1.2727435, 51.7523285 ], [ -1.272715, 51.7522881 ] ] } },
{ "type": "Feature", "properties": { "id": 21265, "nach": 0.59384912265374656 }, "geometry": { "type": "LineString", "coordinates": [ [ -1.2729367, 51.7524987 ], [ -1.27292, 51.7524585 ], [ -1.2728922, 51.7523948 ], [ -1.2728875, 51.752364800000016 ], [ -1.2728861, 51.7523414 ] ] } },
{ "type": "Feature", "properties": { "id": 25507, "nach": 0.57022122573225742 }, "geometry": { "type": "LineString", "coordinates": [ [ -1.2745176, 51.7506128 ], [ -1.2745572, 51.7508452 ] ] } },
{ "type": "Feature", "properties": { "id": 25210, "nach": 0.57658775989756361 }, "geometry": { "type": "LineString", "coordinates": [ [ -1.2765024, 51.7507691 ], [ -1.2764778, 51.7507946 ], [ -1.2762567, 51.7507566 ], [ -1.2755682, 51.7506215 ], [ -1.2754564, 51.7507987 ], [ -1.2752828, 51.7508075 ], [ -1.2745572, 51.7508452 ] ] } },
{ "type": "Feature", "properties": { "id": 511, "nach": 0.6219482316478242 }, "geometry": { "type": "LineString", "coordinates": [ [ -1.2733837, 51.7499465 ], [ -1.2734337, 51.750234299999988 ] ] } },
{ "type": "Feature", "properties": { "id": 14496, "nach": 0.58193638629571953 }, "geometry": { "type": "LineString", "coordinates": [ [ -1.2726052, 51.750332 ], [ -1.2726293, 51.750287 ], [ -1.2733862, 51.7502374 ], [ -1.2734337, 51.750234299999988 ] ] } },
{ "type": "Feature", "properties": { "id": 25510, "nach": 0.55694569971359842 }, "geometry": { "type": "LineString", "coordinates": [ [ -1.2744805, 51.7503566 ], [ -1.2744617, 51.7502896 ], [ -1.2744369, 51.750201500000017 ], [ -1.2744085, 51.7501723 ], [ -1.2734877, 51.7502317 ], [ -1.2734337, 51.750234299999988 ] ] } },
{ "type": "Feature", "properties": { "id": 514, "nach": 0.47576369267606761 }, "geometry": { "type": "LineString", "coordinates": [ [ -1.2738733, 51.7499104 ], [ -1.2733837, 51.7499465 ] ] } },
{ "type": "Feature", "properties": { "id": 25466, "nach": 0.59930912626274502 }, "geometry": { "type": "LineString", "coordinates": [ [ -1.2731772, 51.7494522 ], [ -1.2732001, 51.7495183 ], [ -1.2732352, 51.7495973 ], [ -1.2733837, 51.7499465 ] ] } },
{ "type": "Feature", "properties": { "id": 14497, "nach": 0.43733765257672014 }, "geometry": { "type": "LineString", "coordinates": [ [ -1.2726052, 51.750332 ], [ -1.2725239, 51.7508408 ], [ -1.2725656, 51.7513133 ], [ -1.2726318, 51.75177990000001 ], [ -1.272715, 51.7522881 ] ] } },
{ "type": "Feature", "properties": { "id": 14495, "nach": 0.57997717101967672 }, "geometry": { "type": "LineString", "coordinates": [ [ -1.2726052, 51.750332 ], [ -1.2725116, 51.7503277 ] ] } },
{ "type": "Feature", "properties": { "id": 25509, "nach": 0.55010960339578074 }, "geometry": { "type": "LineString", "coordinates": [ [ -1.2744805, 51.7503566 ], [ -1.2749628, 51.7503382 ], [ -1.2750859, 51.7503736 ], [ -1.2750834, 51.7505739 ], [ -1.2750317, 51.7506014 ], [ -1.2745176, 51.7506128 ] ] } },
{ "type": "Feature", "properties": { "id": 25467, "nach": 0.45774723754492541 }, "geometry": { "type": "LineString", "coordinates": [ [ -1.2731772, 51.7494522 ], [ -1.2729679, 51.7495658 ], [ -1.272896, 51.7495775 ], [ -1.2728392, 51.749579 ] ] } },
{ "type": "Feature", "properties": { "id": 46344, "nach": 0.57424298815542174 }, "geometry": { "type": "LineString", "coordinates": [ [ -1.2734479, 51.7492438 ], [ -1.2734889, 51.7492787 ], [ -1.2735101, 51.7493204 ], [ -1.2734493, 51.7493409 ], [ -1.2733728, 51.749386 ], [ -1.2733051, 51.7494004 ], [ -1.2731772, 51.7494522 ] ] } },
{ "type": "Feature", "properties": { "id": 25208, "nach": 0.54444595658604034 }, "geometry": { "type": "LineString", "coordinates": [ [ -1.2765024, 51.7507691 ], [ -1.276569, 51.7507935 ] ] } },
{ "type": "Feature", "properties": { "id": 44604, "nach": 0.54057237799372848 }, "geometry": { "type": "LineString", "coordinates": [ [ -1.2766246, 51.750666600000017 ], [ -1.2765024, 51.7507691 ] ] } },
{ "type": "Feature", "properties": { "id": 563, "nach": 0.64662618060915134 }, "geometry": { "type": "LineString", "coordinates": [ [ -1.2780424, 51.7487793 ], [ -1.2779238, 51.7490892 ] ] } },
{ "type": "Feature", "properties": { "id": 33850, "nach": 0.65490223797984015 }, "geometry": { "type": "LineString", "coordinates": [ [ -1.2779104, 51.7491576 ], [ -1.2779238, 51.7490892 ] ] } },
{ "type": "Feature", "properties": { "id": 25678, "nach": 0.43906717223099373 }, "geometry": { "type": "LineString", "coordinates": [ [ -1.2763901, 51.748691 ], [ -1.2767488, 51.7487909 ], [ -1.2779238, 51.7490892 ] ] } },
{ "type": "Feature", "properties": { "id": 574, "nach": 0.57966191812909085 }, "geometry": { "type": "LineString", "coordinates": [ [ -1.2775706, 51.7486527 ], [ -1.2780424, 51.7487793 ] ] } },
{ "type": "Feature", "properties": { "id": 565, "nach": 0.603868653830123 }, "geometry": { "type": "LineString", "coordinates": [ [ -1.278142, 51.74860480000001 ], [ -1.2780424, 51.7487793 ] ] } },
{ "type": "Feature", "properties": { "id": 48897, "nach": 0.46433215407815964 }, "geometry": { "type": "LineString", "coordinates": [ [ -1.2787021, 51.7482328 ], [ -1.2784808, 51.7486048 ], [ -1.2783859, 51.7486956 ], [ -1.2782192, 51.7487436 ], [ -1.2780424, 51.7487793 ] ] } },
{ "type": "Feature", "properties": { "id": 33851, "nach": 0.68213186002031179 }, "geometry": { "type": "LineString", "coordinates": [ [ -1.2779104, 51.7491576 ], [ -1.2778927, 51.7491891 ] ] } },
{ "type": "Feature", "properties": { "id": 33852, "nach": 0.57478232195264745 }, "geometry": { "type": "LineString", "coordinates": [ [ -1.2779104, 51.7491576 ], [ -1.2779436, 51.7491626 ], [ -1.2779842, 51.7491674 ], [ -1.2780535, 51.74916480000001 ], [ -1.2783796, 51.7490729 ] ] } },
{ "type": "Feature", "properties": { "id": 44619, "nach": 0.66538335407087934 }, "geometry": { "type": "LineString", "coordinates": [ [ -1.2778567, 51.7491508 ], [ -1.2779104, 51.7491576 ] ] } },
{ "type": "Feature", "properties": { "id": 25692, "nach": 0.388309969566071 }, "geometry": { "type": "LineString", "coordinates": [ [ -1.2758202, 51.7485508 ], [ -1.2758662, 51.7484745 ], [ -1.2759788, 51.74831480000001 ], [ -1.276552, 51.7484666 ], [ -1.2764352, 51.7486295 ], [ -1.2763901, 51.748691 ] ] } },
{ "type": "Feature", "properties": { "id": 32302, "nach": 0.66842062150246195 }, "geometry": { "type": "LineString", "coordinates": [ [ -1.27661, 51.7507571 ], [ -1.276569, 51.7507935 ] ] } },
{ "type": "Feature", "properties": { "id": 50605, "nach": 0.64127135556844161 }, "geometry": { "type": "LineString", "coordinates": [ [ -1.2762027, 51.7512542 ], [ -1.2762654, 51.751143499999984 ], [ -1.2763529, 51.751024 ], [ -1.2764589, 51.7509094 ], [ -1.276569, 51.7507935 ] ] } },
{ "type": "Feature", "properties": { "id": 58656, "nach": 0.632189757168934 }, "geometry": { "type": "LineString", "coordinates": [ [ -1.277113, 51.7508766 ], [ -1.2765855, 51.7508428 ], [ -1.2766163, 51.7508108 ], [ -1.276569, 51.7507935 ] ] } },
{ "type": "Feature", "properties": { "id": 32301, "nach": 0.66375387708984457 }, "geometry": { "type": "LineString", "coordinates": [ [ -1.27661, 51.7507571 ], [ -1.2766831, 51.7506853 ] ] } },
{ "type": "Feature", "properties": { "id": 32303, "nach": 0.47709344140024684 }, "geometry": { "type": "LineString", "coordinates": [ [ -1.27661, 51.7507571 ], [ -1.2766936, 51.7507853 ], [ -1.2770892, 51.750792300000015 ] ] } },
{ "type": "Feature", "properties": { "id": 50606, "nach": 0.64451800806546056 }, "geometry": { "type": "LineString", "coordinates": [ [ -1.2762027, 51.7512542 ], [ -1.2761688, 51.7513181 ], [ -1.2761351, 51.751459100000012 ], [ -1.2761194, 51.751525100000016 ] ] } },
{ "type": "Feature", "properties": { "id": 50607, "nach": 0.48654702224781038 }, "geometry": { "type": "LineString", "coordinates": [ [ -1.2759845, 51.7512116 ], [ -1.2762027, 51.7512542 ] ] } },
{ "type": "Feature", "properties": { "id": 58655, "nach": 0.5071726448454339 }, "geometry": { "type": "LineString", "coordinates": [ [ -1.277113, 51.7508766 ], [ -1.2771748, 51.7509055 ] ] } },
{ "type": "Feature", "properties": { "id": 58654, "nach": 0.61888489238859812 }, "geometry": { "type": "LineString", "coordinates": [ [ -1.277113, 51.7508766 ], [ -1.2772437, 51.7508845 ] ] } },
{ "type": "Feature", "properties": { "id": 26336, "nach": 0.59983508284036879 }, "geometry": { "type": "LineString", "coordinates": [ [ -1.2786316, 51.7523248 ], [ -1.2787631, 51.75098340000001 ] ] } },
{ "type": "Feature", "properties": { "id": 14547, "nach": 0.59459903463949437 }, "geometry": { "type": "LineString", "coordinates": [ [ -1.2785211, 51.750915299999988 ], [ -1.2787631, 51.75098340000001 ] ] } },
{ "type": "Feature", "properties": { "id": 14544, "nach": 0.43059446628309184 }, "geometry": { "type": "LineString", "coordinates": [ [ -1.2789605, 51.75093360000001 ], [ -1.2787631, 51.75098340000001 ] ] } },
{ "type": "Feature", "properties": { "id": 26433, "nach": 0.522580953575146 }, "geometry": { "type": "LineString", "coordinates": [ [ -1.2788911, 51.7523409 ], [ -1.2787106, 51.752329 ], [ -1.2786316, 51.7523248 ] ] } },
{ "type": "Feature", "properties": { "id": 26449, "nach": 0.51740976823594398 }, "geometry": { "type": "LineString", "coordinates": [ [ -1.2777382, 51.7523012 ], [ -1.2778095, 51.752302300000011 ], [ -1.2782825, 51.7523006 ], [ -1.278373, 51.7523148 ], [ -1.2784698, 51.7523173 ], [ -1.2786316, 51.7523248 ] ] } },
{ "type": "Feature", "properties": { "id": 14548, "nach": 0.60365618312155611 }, "geometry": { "type": "LineString", "coordinates": [ [ -1.2785211, 51.750915299999988 ], [ -1.2786706, 51.7509096 ], [ -1.2787506, 51.7509118 ], [ -1.2788249, 51.750916 ], [ -1.2789605, 51.75093360000001 ] ] } },
{ "type": "Feature", "properties": { "id": 58664, "nach": 0.65001877972709698 }, "geometry": { "type": "LineString", "coordinates": [ [ -1.2778962, 51.7509115 ], [ -1.2785211, 51.750915299999988 ] ] } },
{ "type": "Feature", "properties": { "id": 14543, "nach": 0.60772109774309302 }, "geometry": { "type": "LineString", "coordinates": [ [ -1.2789605, 51.75093360000001 ], [ -1.2792875, 51.7509487 ] ] } },
{ "type": "Feature", "properties": { "id": 26450, "nach": 0.54226312905334617 }, "geometry": { "type": "LineString", "coordinates": [ [ -1.2777382, 51.7523012 ], [ -1.277667, 51.7523001 ], [ -1.2773011, 51.7523201 ] ] } },
{ "type": "Feature", "properties": { "id": 58657, "nach": 0.58182000460837735 }, "geometry": { "type": "LineString", "coordinates": [ [ -1.2778742, 51.75094210000001 ], [ -1.2777382, 51.7523012 ] ] } },
{ "type": "Feature", "properties": { "id": 25227, "nach": 0.56891023170710908 }, "geometry": { "type": "LineString", "coordinates": [ [ -1.2773059, 51.7524114 ], [ -1.2773025, 51.75236670000001 ] ] } },
{ "type": "Feature", "properties": { "id": 25211, "nach": 0.52300718480270669 }, "geometry": { "type": "LineString", "coordinates": [ [ -1.2773011, 51.7523201 ], [ -1.2773025, 51.75236670000001 ] ] } },
{ "type": "Feature", "properties": { "id": 48106, "nach": 0.46978684783574243 }, "geometry": { "type": "LineString", "coordinates": [ [ -1.2777181, 51.7524149 ], [ -1.2777192, 51.7526946 ], [ -1.278555, 51.7539249 ] ] } },
{ "type": "Feature", "properties": { "id": 48103, "nach": 0.62683004679549081 }, "geometry": { "type": "LineString", "coordinates": [ [ -1.2777181, 51.7524149 ], [ -1.2777727, 51.7524144 ] ] } },
{ "type": "Feature", "properties": { "id": 48104, "nach": 0.621650833466316 }, "geometry": { "type": "LineString", "coordinates": [ [ -1.2777181, 51.7524149 ], [ -1.2776598, 51.7524153 ] ] } },
{ "type": "Feature", "properties": { "id": 2514, "nach": 0.63285364406332822 }, "geometry": { "type": "LineString", "coordinates": [ [ -1.2799748, 51.7524582 ], [ -1.2794589, 51.7524222 ] ] } },
{ "type": "Feature", "properties": { "id": 26384, "nach": 0.51732396540215242 }, "geometry": { "type": "LineString", "coordinates": [ [ -1.2794659, 51.7523729 ], [ -1.2794589, 51.7524222 ] ] } },
{ "type": "Feature", "properties": { "id": 15499, "nach": 0.61955917053379117 }, "geometry": { "type": "LineString", "coordinates": [ [ -1.2788837, 51.752383300000012 ], [ -1.279187, 51.752403 ], [ -1.2794589, 51.7524222 ] ] } },
{ "type": "Feature", "properties": { "id": 34497, "nach": 0.62657458692234336 }, "geometry": { "type": "LineString", "coordinates": [ [ -1.2800567, 51.7524642 ], [ -1.2799748, 51.7524582 ] ] } },
{ "type": "Feature", "properties": { "id": 37714, "nach": 0.46866089319107246 }, "geometry": { "type": "LineString", "coordinates": [ [ -1.2799574, 51.7525848 ], [ -1.2799748, 51.7524582 ] ] } },
{ "type": "Feature", "properties": { "id": 26383, "nach": 0.56265050694223151 }, "geometry": { "type": "LineString", "coordinates": [ [ -1.2794659, 51.7523729 ], [ -1.2796069, 51.7510204 ] ] } },
{ "type": "Feature", "properties": { "id": 26386, "nach": 0.58925507123247745 }, "geometry": { "type": "LineString", "coordinates": [ [ -1.2794659, 51.7523729 ], [ -1.2800723, 51.752418 ], [ -1.2802105, 51.7524263 ] ] } },
{ "type": "Feature", "properties": { "id": 26432, "nach": 0.59505298334432555 }, "geometry": { "type": "LineString", "coordinates": [ [ -1.2788911, 51.7523409 ], [ -1.2794659, 51.7523729 ] ] } },
{ "type": "Feature", "properties": { "id": 26380, "nach": 0.60932246944467505 }, "geometry": { "type": "LineString", "coordinates": [ [ -1.2790501, 51.752487 ], [ -1.2788837, 51.752383300000012 ] ] } },
{ "type": "Feature", "properties": { "id": 26431, "nach": 0.57390792318915684 }, "geometry": { "type": "LineString", "coordinates": [ [ -1.2788911, 51.7523409 ], [ -1.2788837, 51.752383300000012 ] ] } },
{ "type": "Feature", "properties": { "id": 26397, "nach": 0.4006226935361008 }, "geometry": { "type": "LineString", "coordinates": [ [ -1.2788686, 51.7524723 ], [ -1.2788837, 51.752383300000012 ] ] } },
{ "type": "Feature", "properties": { "id": 14539, "nach": 0.55398992753041854 }, "geometry": { "type": "LineString", "coordinates": [ [ -1.2796069, 51.7510204 ], [ -1.2798399, 51.7509672 ] ] } },
{ "type": "Feature", "properties": { "id": 31754, "nach": 0.66083583876496332 }, "geometry": { "type": "LineString", "coordinates": [ [ -1.2796248, 51.7509406 ], [ -1.2798399, 51.7509672 ] ] } },
{ "type": "Feature", "properties": { "id": 14555, "nach": 0.65413851002057277 }, "geometry": { "type": "LineString", "coordinates": [ [ -1.2803054, 51.75098220000001 ], [ -1.2798399, 51.7509672 ] ] } },
{ "type": "Feature", "properties": { "id": 14542, "nach": 0.43297240845234525 }, "geometry": { "type": "LineString", "coordinates": [ [ -1.2792875, 51.7509487 ], [ -1.2796069, 51.7510204 ] ] } },
{ "type": "Feature", "properties": { "id": 31753, "nach": 0.60531191976566745 }, "geometry": { "type": "LineString", "coordinates": [ [ -1.2796248, 51.7509406 ], [ -1.2792875, 51.7509487 ] ] } },
{ "type": "Feature", "properties": { "id": 48687, "nach": 0.62356132792252328 }, "geometry": { "type": "LineString", "coordinates": [ [ -1.2781055, 51.7494082 ], [ -1.2783299, 51.74955 ], [ -1.2786083, 51.7497405 ], [ -1.2788905, 51.7499197 ], [ -1.2792092, 51.75012610000001 ], [ -1.2796123, 51.7504256 ], [ -1.2796526, 51.7506615 ], [ -1.2796562, 51.750849700000011 ], [ -1.2796248, 51.7509406 ] ] } },
{ "type": "Feature", "properties": { "id": 14557, "nach": 0.5673449191547687 }, "geometry": { "type": "LineString", "coordinates": [ [ -1.2803054, 51.75098220000001 ], [ -1.280366, 51.7510404 ], [ -1.2804444, 51.7510565 ] ] } },
{ "type": "Feature", "properties": { "id": 14556, "nach": 0.6286224619439611 }, "geometry": { "type": "LineString", "coordinates": [ [ -1.2803054, 51.75098220000001 ], [ -1.2808059, 51.750916499999988 ] ] } },
{ "type": "Feature", "properties": { "id": 26315, "nach": 0.59055339054688993 }, "geometry": { "type": "LineString", "coordinates": [ [ -1.2802899, 51.7524094 ], [ -1.2804444, 51.7510565 ] ] } },
{ "type": "Feature", "properties": { "id": 5857, "nach": 0.50937252235756414 }, "geometry": { "type": "LineString", "coordinates": [ [ -1.2808059, 51.750916499999988 ], [ -1.2804444, 51.7510565 ] ] } },
{ "type": "Feature", "properties": { "id": 26331, "nach": 0.60331832280120512 }, "geometry": { "type": "LineString", "coordinates": [ [ -1.2802105, 51.7524263 ], [ -1.2802899, 51.7524094 ] ] } },
{ "type": "Feature", "properties": { "id": 26415, "nach": 0.59718185088421571 }, "geometry": { "type": "LineString", "coordinates": [ [ -1.2819524, 51.752551 ], [ -1.2819122, 51.7525481 ], [ -1.2817151, 51.7525323 ], [ -1.2814756, 51.7525135 ], [ -1.2811531, 51.75249 ], [ -1.280437, 51.7524336 ], [ -1.2802899, 51.7524094 ] ] } },
{ "type": "Feature", "properties": { "id": 15905, "nach": 0.63213336956337862 }, "geometry": { "type": "LineString", "coordinates": [ [ -1.2810243, 51.75082050000001 ], [ -1.2808059, 51.750916499999988 ] ] } },
{ "type": "Feature", "properties": { "id": 14536, "nach": 0.48355510772457294 }, "geometry": { "type": "LineString", "coordinates": [ [ -1.2808459, 51.7507514 ], [ -1.2807916, 51.7508296 ], [ -1.2808059, 51.750916499999988 ] ] } },
{ "type": "Feature", "properties": { "id": 34498, "nach": 0.62218378019806309 }, "geometry": { "type": "LineString", "coordinates": [ [ -1.2800567, 51.7524642 ], [ -1.2802046, 51.7524736 ] ] } },
{ "type": "Feature", "properties": { "id": 26390, "nach": 0.49612148652214066 }, "geometry": { "type": "LineString", "coordinates": [ [ -1.2801836, 51.7526002 ], [ -1.2802046, 51.7524736 ] ] } },
{ "type": "Feature", "properties": { "id": 26330, "nach": 0.5373064221439956 }, "geometry": { "type": "LineString", "coordinates": [ [ -1.2802105, 51.7524263 ], [ -1.2802046, 51.7524736 ] ] } },
{ "type": "Feature", "properties": { "id": 26412, "nach": 0.48554952621242103 }, "geometry": { "type": "LineString", "coordinates": [ [ -1.2819524, 51.752551 ], [ -1.2819427, 51.7526109 ] ] } },
{ "type": "Feature", "properties": { "id": 30354, "nach": 0.66592692668445685 }, "geometry": { "type": "LineString", "coordinates": [ [ -1.282218, 51.752628300000012 ], [ -1.2819427, 51.7526109 ] ] } },
{ "type": "Feature", "properties": { "id": 26413, "nach": 0.55925578293036637 }, "geometry": { "type": "LineString", "coordinates": [ [ -1.2819524, 51.752551 ], [ -1.2821161, 51.7515359 ] ] } },
{ "type": "Feature", "properties": { "id": 26424, "nach": 0.58740436920448591 }, "geometry": { "type": "LineString", "coordinates": [ [ -1.28263, 51.7526013 ], [ -1.2824165, 51.7525697 ], [ -1.2822059, 51.7525564 ], [ -1.2820919, 51.7525631 ], [ -1.2819524, 51.752551 ] ] } },
{ "type": "Feature", "properties": { "id": 30355, "nach": 0.66997516864950124 }, "geometry": { "type": "LineString", "coordinates": [ [ -1.282218, 51.752628300000012 ], [ -1.2826218, 51.7526534 ] ] } },
{ "type": "Feature", "properties": { "id": 30356, "nach": 0.52756767818934225 }, "geometry": { "type": "LineString", "coordinates": [ [ -1.282218, 51.752628300000012 ], [ -1.2822075, 51.7527028 ] ] } },
{ "type": "Feature", "properties": { "id": 551, "nach": 0.56851034078915563 }, "geometry": { "type": "LineString", "coordinates": [ [ -1.2821263, 51.7514723 ], [ -1.2821161, 51.7515359 ] ] } },
{ "type": "Feature", "properties": { "id": 557, "nach": 0.56624286428686121 }, "geometry": { "type": "LineString", "coordinates": [ [ -1.2830388, 51.7516068 ], [ -1.2822233, 51.751543 ], [ -1.2821161, 51.7515359 ] ] } },
{ "type": "Feature", "properties": { "id": 5850, "nach": 0.52603232755467422 }, "geometry": { "type": "LineString", "coordinates": [ [ -1.2814861, 51.7507292 ], [ -1.2815011, 51.7510113 ], [ -1.281496, 51.7514875 ], [ -1.2821161, 51.7515359 ] ] } },
{ "type": "Feature", "properties": { "id": 5843, "nach": 0.46903609817091813 }, "geometry": { "type": "LineString", "coordinates": [ [ -1.282286, 51.7510724 ], [ -1.2822282, 51.7514344 ], [ -1.2821263, 51.7514723 ] ] } },
{ "type": "Feature", "properties": { "id": 5844, "nach": 0.49816291342523644 }, "geometry": { "type": "LineString", "coordinates": [ [ -1.2821593, 51.750689 ], [ -1.282225, 51.7507996 ], [ -1.2821384, 51.7514026 ], [ -1.2821263, 51.7514723 ] ] } },
{ "type": "Feature", "properties": { "id": 48295, "nach": 0.46684161600713026 }, "geometry": { "type": "LineString", "coordinates": [ [ -1.2820034, 51.750881 ], [ -1.282048, 51.7510747 ], [ -1.2820262, 51.751399 ], [ -1.2821263, 51.7514723 ] ] } },
{ "type": "Feature", "properties": { "id": 39416, "nach": 0.59616777542417343 }, "geometry": { "type": "LineString", "coordinates": [ [ -1.2828961, 51.7525095 ], [ -1.2830388, 51.7516068 ] ] } },
{ "type": "Feature", "properties": { "id": 2518, "nach": 0.5921461277493032 }, "geometry": { "type": "LineString", "coordinates": [ [ -1.2831035, 51.7511973 ], [ -1.2830415, 51.7515893 ], [ -1.2830388, 51.7516068 ] ] } },
{ "type": "Feature", "properties": { "id": 5855, "nach": 0.62309466807349134 }, "geometry": { "type": "LineString", "coordinates": [ [ -1.2816329, 51.7506093 ], [ -1.2814861, 51.7507292 ] ] } },
{ "type": "Feature", "properties": { "id": 48690, "nach": 0.63979796258227006 }, "geometry": { "type": "LineString", "coordinates": [ [ -1.2810669, 51.7508062 ], [ -1.2811088, 51.7507922 ], [ -1.2811932, 51.7507768 ], [ -1.2814324, 51.7507306 ], [ -1.2814861, 51.7507292 ] ] } },
{ "type": "Feature", "properties": { "id": 5852, "nach": 0.47918976536135294 }, "geometry": { "type": "LineString", "coordinates": [ [ -1.2819689, 51.7503104 ], [ -1.2819967, 51.7504936 ], [ -1.2820407, 51.7505651 ], [ -1.2821593, 51.750689 ] ] } },
{ "type": "Feature", "properties": { "id": 5856, "nach": 0.60503293529651903 }, "geometry": { "type": "LineString", "coordinates": [ [ -1.2816329, 51.7506093 ], [ -1.2818707, 51.750625200000016 ], [ -1.2821593, 51.750689 ] ] } },
{ "type": "Feature", "properties": { "id": 14576, "nach": 0.6062015285349297 }, "geometry": { "type": "LineString", "coordinates": [ [ -1.2829691, 51.7507028 ], [ -1.2827806, 51.7507021 ], [ -1.2826045, 51.7506903 ], [ -1.2823855, 51.7506543 ], [ -1.2822714, 51.7506653 ], [ -1.2821593, 51.750689 ] ] } },
{ "type": "Feature", "properties": { "id": 39417, "nach": 0.61783314489629615 }, "geometry": { "type": "LineString", "coordinates": [ [ -1.2828961, 51.7525095 ], [ -1.2828783, 51.752622 ] ] } },
{ "type": "Feature", "properties": { "id": 39418, "nach": 0.49051849773371731 }, "geometry": { "type": "LineString", "coordinates": [ [ -1.2828961, 51.7525095 ], [ -1.2832062, 51.7525285 ] ] } },
{ "type": "Feature", "properties": { "id": 30509, "nach": 0.6427586346494103 }, "geometry": { "type": "LineString", "coordinates": [ [ -1.2835683, 51.7512295 ], [ -1.2831035, 51.7511973 ] ] } },
{ "type": "Feature", "properties": { "id": 5840, "nach": 0.64895985976279669 }, "geometry": { "type": "LineString", "coordinates": [ [ -1.2831146, 51.7511271 ], [ -1.2831035, 51.7511973 ] ] } },
{ "type": "Feature", "properties": { "id": 17835, "nach": 0.57679416502195957 }, "geometry": { "type": "LineString", "coordinates": [ [ -1.2828783, 51.752622 ], [ -1.2828702, 51.7526702 ] ] } },
{ "type": "Feature", "properties": { "id": 16620, "nach": 0.68043764786235728 }, "geometry": { "type": "LineString", "coordinates": [ [ -1.2832782, 51.7527001 ], [ -1.2828702, 51.7526702 ] ] } },
{ "type": "Feature", "properties": { "id": 30347, "nach": 0.68349401426998679 }, "geometry": { "type": "LineString", "coordinates": [ [ -1.2828006, 51.7526653 ], [ -1.2828702, 51.7526702 ] ] } },
{ "type": "Feature", "properties": { "id": 17836, "nach": 0.62011538568479252 }, "geometry": { "type": "LineString", "coordinates": [ [ -1.2828783, 51.752622 ], [ -1.2834126, 51.75266160000001 ] ] } },
{ "type": "Feature", "properties": { "id": 26423, "nach": 0.58092374446758488 }, "geometry": { "type": "LineString", "coordinates": [ [ -1.28263, 51.7526013 ], [ -1.2828783, 51.752622 ] ] } },
{ "type": "Feature", "properties": { "id": 16622, "nach": 0.5956234012255317 }, "geometry": { "type": "LineString", "coordinates": [ [ -1.2832782, 51.7527001 ], [ -1.2838803, 51.7527395 ], [ -1.2842948, 51.7527755 ] ] } },
{ "type": "Feature", "properties": { "id": 16621, "nach": 0.6562933206206536 }, "geometry": { "type": "LineString", "coordinates": [ [ -1.2832782, 51.7527001 ], [ -1.2834126, 51.75266160000001 ] ] } },
{ "type": "Feature", "properties": { "id": 30346, "nach": 0.67245347260684452 }, "geometry": { "type": "LineString", "coordinates": [ [ -1.2828006, 51.7526653 ], [ -1.2826218, 51.7526534 ] ] } },
{ "type": "Feature", "properties": { "id": 30685, "nach": 0.53556777304253422 }, "geometry": { "type": "LineString", "coordinates": [ [ -1.2827867, 51.7527441 ], [ -1.2828006, 51.7526653 ] ] } },
{ "type": "Feature", "properties": { "id": 573, "nach": 0.46582707232034637 }, "geometry": { "type": "LineString", "coordinates": [ [ -1.2775706, 51.7486527 ], [ -1.2771646, 51.7485438 ] ] } },
{ "type": "Feature", "properties": { "id": 575, "nach": 0.53978470122696609 }, "geometry": { "type": "LineString", "coordinates": [ [ -1.2775706, 51.7486527 ], [ -1.2778174, 51.7483 ] ] } },
{ "type": "Feature", "properties": { "id": 4881, "nach": 0.58317753033868946 }, "geometry": { "type": "LineString", "coordinates": [ [ -1.2786869, 51.7481517 ], [ -1.278609, 51.748198700000017 ], [ -1.2784693, 51.7483675 ], [ -1.2783038, 51.7485862 ], [ -1.2782065, 51.7485974 ], [ -1.278142, 51.74860480000001 ] ] } },
{ "type": "Feature", "properties": { "id": 54689, "nach": 0.47566501685257834 }, "geometry": { "type": "LineString", "coordinates": [ [ -1.278252, 51.748452899999982 ], [ -1.2781605, 51.7485792 ], [ -1.278142, 51.74860480000001 ] ] } },
{ "type": "Feature", "properties": { "id": 36485, "nach": 0.56234978323894091 }, "geometry": { "type": "LineString", "coordinates": [ [ -1.2787681, 51.7481244 ], [ -1.2786869, 51.7481517 ] ] } },
{ "type": "Feature", "properties": { "id": 36488, "nach": 0.46562636569515836 }, "geometry": { "type": "LineString", "coordinates": [ [ -1.2785916, 51.748 ], [ -1.2786653, 51.7481149 ], [ -1.2786869, 51.7481517 ] ] } },
{ "type": "Feature", "properties": { "id": 639, "nach": 0.45934017881149514 }, "geometry": { "type": "LineString", "coordinates": [ [ -1.2774225, 51.748194100000021 ], [ -1.2778174, 51.7483 ] ] } },
{ "type": "Feature", "properties": { "id": 572, "nach": 0.46090930732734814 }, "geometry": { "type": "LineString", "coordinates": [ [ -1.2781252, 51.7483826 ], [ -1.2778174, 51.7483 ] ] } },
{ "type": "Feature", "properties": { "id": 33018, "nach": 0.48168914271968438 }, "geometry": { "type": "LineString", "coordinates": [ [ -1.2794008, 51.7479144 ], [ -1.2796847, 51.748150099999982 ], [ -1.2797836, 51.7482243 ], [ -1.2799156, 51.748339100000017 ], [ -1.2802251, 51.7485794 ], [ -1.2806446, 51.7487455 ], [ -1.2807684, 51.748774 ], [ -1.2809327, 51.7488279 ], [ -1.2809954, 51.74888090000001 ], [ -1.2812013, 51.7489819 ], [ -1.2814405, 51.7490853 ] ] } },
{ "type": "Feature", "properties": { "id": 32956, "nach": 0.57530062623763401 }, "geometry": { "type": "LineString", "coordinates": [ [ -1.2783796, 51.7490729 ], [ -1.2790956, 51.748996 ], [ -1.2805876, 51.7491633 ], [ -1.2809738, 51.7491405 ], [ -1.2811884, 51.749121 ], [ -1.2813252, 51.7491085 ], [ -1.2814405, 51.7490853 ] ] } },
{ "type": "Feature", "properties": { "id": 14581, "nach": 0.58990405352886977 }, "geometry": { "type": "LineString", "coordinates": [ [ -1.2819537, 51.7500071 ], [ -1.2818242, 51.749900900000014 ], [ -1.2817623, 51.749811 ], [ -1.2816866, 51.7496993 ], [ -1.2815886, 51.7495989 ], [ -1.2815363, 51.7495267 ], [ -1.2814554, 51.7493942 ], [ -1.281384, 51.7493294 ], [ -1.2813589, 51.7492788 ], [ -1.2814405, 51.7490853 ] ] } },
{ "type": "Feature", "properties": { "id": 19895, "nach": 0.50888732789646329 }, "geometry": { "type": "LineString", "coordinates": [ [ -1.2843515, 51.7470127 ], [ -1.2834456, 51.7476288 ], [ -1.2829703, 51.7479397 ], [ -1.2825088, 51.7482702 ], [ -1.2821241, 51.7485857 ], [ -1.2819417, 51.7487692 ], [ -1.2817832, 51.7489002 ], [ -1.2816323, 51.7489939 ], [ -1.2816064, 51.74901 ], [ -1.2814405, 51.7490853 ] ] } },
{ "type": "Feature", "properties": { "id": 31285, "nach": 0.5461858628779277 }, "geometry": { "type": "LineString", "coordinates": [ [ -1.2818154, 51.7491658 ], [ -1.2816507, 51.7491391 ], [ -1.281618, 51.7491307 ], [ -1.2814405, 51.7490853 ] ] } },
{ "type": "Feature", "properties": { "id": 33019, "nach": 0.5434423091508751 }, "geometry": { "type": "LineString", "coordinates": [ [ -1.2794008, 51.7479144 ], [ -1.2794032, 51.7478644 ], [ -1.2794137, 51.747809 ], [ -1.2794425, 51.7477836 ], [ -1.2794813, 51.7477618 ], [ -1.279545, 51.7477319 ], [ -1.2796418, 51.7477334 ], [ -1.2797557, 51.747684 ], [ -1.2797845, 51.747613 ], [ -1.2798949, 51.7475682 ], [ -1.2800004, 51.747515 ], [ -1.2800904, 51.7474124 ], [ -1.2803149, 51.747343100000016 ], [ -1.2805349, 51.7472115 ], [ -1.2805912, 51.7471368 ], [ -1.2807696, 51.7470322 ], [ -1.2808816, 51.7470037 ], [ -1.2812591, 51.746788100000011 ], [ -1.2816173, 51.7465432 ] ] } },
{ "type": "Feature", "properties": { "id": 36486, "nach": 0.56429102053846913 }, "geometry": { "type": "LineString", "coordinates": [ [ -1.2787681, 51.7481244 ], [ -1.2790913, 51.7480105 ], [ -1.2791233, 51.748 ], [ -1.279341, 51.7479323 ], [ -1.2793617, 51.7479259 ], [ -1.2794008, 51.7479144 ] ] } },
{ "type": "Feature", "properties": { "id": 32957, "nach": 0.44929442945193859 }, "geometry": { "type": "LineString", "coordinates": [ [ -1.2784979, 51.7492444 ], [ -1.2783796, 51.7490729 ] ] } },
{ "type": "Feature", "properties": { "id": 14580, "nach": 0.53752368436861109 }, "geometry": { "type": "LineString", "coordinates": [ [ -1.2819537, 51.7500071 ], [ -1.2819955, 51.7500791 ], [ -1.2820131, 51.7501614 ], [ -1.2819689, 51.7503104 ] ] } },
{ "type": "Feature", "properties": { "id": 14582, "nach": 0.55223767063314122 }, "geometry": { "type": "LineString", "coordinates": [ [ -1.2819537, 51.7500071 ], [ -1.2826334, 51.7505322 ], [ -1.2829691, 51.7507028 ] ] } },
{ "type": "Feature", "properties": { "id": 19898, "nach": 0.41286827555993155 }, "geometry": { "type": "LineString", "coordinates": [ [ -1.2843515, 51.7470127 ], [ -1.2841739, 51.746915199999989 ], [ -1.2840161, 51.7468409 ], [ -1.2831933, 51.7467693 ], [ -1.282139, 51.7466676 ], [ -1.2817685, 51.746632 ], [ -1.2816173, 51.7465432 ] ] } },
{ "type": "Feature", "properties": { "id": 19896, "nach": 0.55434703129539964 }, "geometry": { "type": "LineString", "coordinates": [ [ -1.2843515, 51.7470127 ], [ -1.2846179, 51.7468046 ], [ -1.2848563, 51.7466496 ], [ -1.2848926, 51.7465174 ] ] } },
{ "type": "Feature", "properties": { "id": 31277, "nach": 0.491289695360275 }, "geometry": { "type": "LineString", "coordinates": [ [ -1.2845711, 51.7471615 ], [ -1.284503, 51.7471202 ], [ -1.2844811, 51.7471048 ], [ -1.2844315, 51.7470699 ], [ -1.2843515, 51.7470127 ] ] } },
{ "type": "Feature", "properties": { "id": 31283, "nach": 0.48439124629274233 }, "geometry": { "type": "LineString", "coordinates": [ [ -1.2818154, 51.7491658 ], [ -1.2824446, 51.7492753 ] ] } },
{ "type": "Feature", "properties": { "id": 31284, "nach": 0.4664335643501919 }, "geometry": { "type": "LineString", "coordinates": [ [ -1.2818154, 51.7491658 ], [ -1.2820208, 51.7490594 ] ] } },
{ "type": "Feature", "properties": { "id": 601, "nach": 0.48919407247995467 }, "geometry": { "type": "LineString", "coordinates": [ [ -1.2875175, 51.7478212 ], [ -1.288137, 51.7482915 ], [ -1.2884782, 51.7485018 ], [ -1.2888114, 51.748642899999986 ], [ -1.2890318, 51.7487156 ], [ -1.2890996, 51.7487694 ], [ -1.2891213, 51.7488823 ] ] } },
{ "type": "Feature", "properties": { "id": 669, "nach": 0.41762374561600196 }, "geometry": { "type": "LineString", "coordinates": [ [ -1.2860531, 51.7469384 ], [ -1.2864987, 51.747238 ], [ -1.2871038, 51.747678 ], [ -1.2875367, 51.7480558 ], [ -1.2882079, 51.7484984 ], [ -1.2883657, 51.748605 ], [ -1.2885861, 51.7487082 ], [ -1.288821, 51.7487865 ], [ -1.2891213, 51.7488823 ] ] } },
{ "type": "Feature", "properties": { "id": 670, "nach": 0.51197319601488134 }, "geometry": { "type": "LineString", "coordinates": [ [ -1.2860531, 51.7469384 ], [ -1.2861373, 51.7468946 ], [ -1.2861913, 51.7468769 ], [ -1.2862616, 51.746893 ], [ -1.2865543, 51.7470917 ], [ -1.2867993, 51.7472773 ], [ -1.2875175, 51.7478212 ] ] } },
{ "type": "Feature", "properties": { "id": 54399, "nach": 0.5489289703905933 }, "geometry": { "type": "LineString", "coordinates": [ [ -1.2882774, 51.747428 ], [ -1.2881293, 51.7475166 ], [ -1.2876001, 51.7477803 ], [ -1.2875175, 51.7478212 ] ] } },
{ "type": "Feature", "properties": { "id": 37289, "nach": 0.53065842346438519 }, "geometry": { "type": "LineString", "coordinates": [ [ -1.2860046, 51.7469129 ], [ -1.2860531, 51.7469384 ] ] } },
{ "type": "Feature", "properties": { "id": 54402, "nach": 0.40838960922478995 }, "geometry": { "type": "LineString", "coordinates": [ [ -1.2867791, 51.7464359 ], [ -1.2875721, 51.7469008 ], [ -1.2876701, 51.746943 ], [ -1.2877582, 51.7469968 ], [ -1.2880846, 51.7472834 ], [ -1.2882459, 51.74739790000001 ], [ -1.2882774, 51.747428 ] ] } },
{ "type": "Feature", "properties": { "id": 56596, "nach": 0.48942454453791567 }, "geometry": { "type": "LineString", "coordinates": [ [ -1.2875565, 51.7459142 ], [ -1.2875308, 51.745934899999988 ], [ -1.2875077, 51.7459753 ], [ -1.2875133, 51.746028700000011 ], [ -1.2875446, 51.7460746 ], [ -1.2886301, 51.7466356 ] ] } },
{ "type": "Feature", "properties": { "id": 19900, "nach": 0.49485317989853539 }, "geometry": { "type": "LineString", "coordinates": [ [ -1.2851422, 51.746444800000013 ], [ -1.2848316, 51.746363 ] ] } },
{ "type": "Feature", "properties": { "id": 15831, "nach": 0.51372647946349348 }, "geometry": { "type": "LineString", "coordinates": [ [ -1.2848926, 51.7465174 ], [ -1.2848505, 51.7464451 ], [ -1.2848316, 51.746363 ] ] } },
{ "type": "Feature", "properties": { "id": 613, "nach": 0.55232535459850529 }, "geometry": { "type": "LineString", "coordinates": [ [ -1.2841644, 51.7456777 ], [ -1.2841032, 51.7457989 ], [ -1.2841562, 51.7459272 ], [ -1.2842444, 51.7460361 ], [ -1.2844872, 51.7462208 ], [ -1.2845662, 51.7462783 ], [ -1.2846846, 51.7463281 ], [ -1.2848316, 51.746363 ] ] } },
{ "type": "Feature", "properties": { "id": 19901, "nach": 0.0 }, "geometry": { "type": "LineString", "coordinates": [ [ -1.2851422, 51.746444800000013 ], [ -1.2853878, 51.746205 ], [ -1.2847974, 51.746116099999988 ], [ -1.2846771, 51.746053 ], [ -1.2845393, 51.7459507 ], [ -1.2844743, 51.7459129 ], [ -1.2842333, 51.7457224 ] ] } },
{ "type": "Feature", "properties": { "id": 19899, "nach": 0.50580954032198822 }, "geometry": { "type": "LineString", "coordinates": [ [ -1.2851422, 51.746444800000013 ], [ -1.2852137, 51.7464729 ] ] } },
{ "type": "Feature", "properties": { "id": 15835, "nach": 0.49954722652079575 }, "geometry": { "type": "LineString", "coordinates": [ [ -1.2852137, 51.7464729 ], [ -1.2850457, 51.7464925 ], [ -1.2848926, 51.7465174 ] ] } },
{ "type": "Feature", "properties": { "id": 13891, "nach": 0.47390032222759776 }, "geometry": { "type": "LineString", "coordinates": [ [ -1.2842333, 51.7457224 ], [ -1.2841644, 51.7456777 ] ] } },
{ "type": "Feature", "properties": { "id": 54403, "nach": 0.59545456296425503 }, "geometry": { "type": "LineString", "coordinates": [ [ -1.2835409, 51.7452914 ], [ -1.2840262, 51.745570699999988 ], [ -1.2841644, 51.7456777 ] ] } },
{ "type": "Feature", "properties": { "id": 57572, "nach": 0.59151524013841439 }, "geometry": { "type": "LineString", "coordinates": [ [ -1.2848479, 51.7455499 ], [ -1.2842695, 51.745641 ], [ -1.2841644, 51.7456777 ] ] } },
{ "type": "Feature", "properties": { "id": 29685, "nach": 0.42023615343600751 }, "geometry": { "type": "LineString", "coordinates": [ [ -1.2846476, 51.745781700000016 ], [ -1.2844626, 51.7457042 ], [ -1.2844323, 51.7456981 ], [ -1.2842333, 51.7457224 ] ] } },
{ "type": "Feature", "properties": { "id": 54404, "nach": 0.59408551288398659 }, "geometry": { "type": "LineString", "coordinates": [ [ -1.2835409, 51.7452914 ], [ -1.2834282, 51.745254 ], [ -1.2829776, 51.7451477 ] ] } },
{ "type": "Feature", "properties": { "id": 54406, "nach": 0.41485837225341687 }, "geometry": { "type": "LineString", "coordinates": [ [ -1.2834371, 51.745049900000012 ], [ -1.2836367, 51.745186799999985 ], [ -1.2836429, 51.7452067 ], [ -1.2836268, 51.7452272 ], [ -1.2835409, 51.7452914 ] ] } },
{ "type": "Feature", "properties": { "id": 57571, "nach": 0.59185988514694976 }, "geometry": { "type": "LineString", "coordinates": [ [ -1.2848479, 51.7455499 ], [ -1.2849514, 51.7455336 ] ] } },
{ "type": "Feature", "properties": { "id": 57574, "nach": 0.4138600934619322 }, "geometry": { "type": "LineString", "coordinates": [ [ -1.2842681, 51.7451547 ], [ -1.2842964, 51.74518 ], [ -1.2843572, 51.7452064 ], [ -1.2845196, 51.7452633 ], [ -1.2845979, 51.745303100000022 ], [ -1.2846933, 51.7453646 ], [ -1.2847626, 51.7454433 ], [ -1.2848479, 51.7455499 ] ] } },
{ "type": "Feature", "properties": { "id": 614, "nach": 0.0 }, "geometry": { "type": "LineString", "coordinates": [ [ -1.2855692, 51.7449467 ], [ -1.2854088, 51.7448695 ], [ -1.2846878, 51.7445075 ], [ -1.2799404, 51.741640800000013 ], [ -1.2752422, 51.7388324 ], [ -1.2716916, 51.736660700000023 ], [ -1.2692936, 51.7352052 ] ] } },
{ "type": "Feature", "properties": { "id": 6925, "nach": 0.36828348483789897 }, "geometry": { "type": "LineString", "coordinates": [ [ -1.2865187, 51.7453906 ], [ -1.2860814, 51.7451822 ], [ -1.2855692, 51.7449467 ] ] } },
{ "type": "Feature", "properties": { "id": 29420, "nach": 0.38479968965551969 }, "geometry": { "type": "LineString", "coordinates": [ [ -1.2858726, 51.7452051 ], [ -1.2858612, 51.7451527 ], [ -1.2855692, 51.7449467 ] ] } },
{ "type": "Feature", "properties": { "id": 3459, "nach": 0.59352607279646197 }, "geometry": { "type": "LineString", "coordinates": [ [ -1.2725116, 51.7503277 ], [ -1.2724964, 51.7503725 ], [ -1.2724421, 51.7510194 ], [ -1.2726121, 51.752182 ], [ -1.2726534, 51.7522692 ], [ -1.272715, 51.7522881 ] ] } },
{ "type": "Feature", "properties": { "id": 30225, "nach": 0.63181469700886739 }, "geometry": { "type": "LineString", "coordinates": [ [ -1.2724579, 51.7496029 ], [ -1.272474, 51.7496483 ], [ -1.2725185, 51.7498391 ], [ -1.2725356, 51.7500453 ], [ -1.272523, 51.7502434 ], [ -1.2725116, 51.7503277 ] ] } },
{ "type": "Feature", "properties": { "id": 33863, "nach": 0.70682208391874202 }, "geometry": { "type": "LineString", "coordinates": [ [ -1.2672761, 51.751774 ], [ -1.2672821, 51.7517909 ], [ -1.2674041, 51.752279500000014 ], [ -1.2674371, 51.7524887 ], [ -1.2674449, 51.7525357 ], [ -1.2674564, 51.7525672 ] ] } },
{ "type": "Feature", "properties": { "id": 33862, "nach": 0.69326866664685904 }, "geometry": { "type": "LineString", "coordinates": [ [ -1.2672761, 51.751774 ], [ -1.2677376, 51.7517686 ] ] } },
{ "type": "Feature", "properties": { "id": 26257, "nach": 0.71006915569528184 }, "geometry": { "type": "LineString", "coordinates": [ [ -1.2674564, 51.7525672 ], [ -1.2674203, 51.7525686 ], [ -1.2673699, 51.7525705 ] ] } },
{ "type": "Feature", "properties": { "id": 37290, "nach": 0.53428551129213908 }, "geometry": { "type": "LineString", "coordinates": [ [ -1.2860046, 51.7469129 ], [ -1.2852137, 51.7464729 ] ] } },
{ "type": "Feature", "properties": { "id": 37292, "nach": 0.42742258484716428 }, "geometry": { "type": "LineString", "coordinates": [ [ -1.2860842, 51.746605899999985 ], [ -1.286023, 51.7467524 ], [ -1.2860046, 51.7469129 ] ] } },
{ "type": "Feature", "properties": { "id": 24057, "nach": 0.60230104407885521 }, "geometry": { "type": "LineString", "coordinates": [ [ -1.2740118, 51.7480488 ], [ -1.2743569, 51.748115 ] ] } },
{ "type": "Feature", "properties": { "id": 3452, "nach": 0.60220163459230014 }, "geometry": { "type": "LineString", "coordinates": [ [ -1.2750496, 51.7483169 ], [ -1.2743569, 51.748115 ] ] } },
{ "type": "Feature", "properties": { "id": 44630, "nach": 0.36503612680394787 }, "geometry": { "type": "LineString", "coordinates": [ [ -1.2743376, 51.7481412 ], [ -1.2743569, 51.748115 ] ] } },
{ "type": "Feature", "properties": { "id": 25702, "nach": 0.59968361677220972 }, "geometry": { "type": "LineString", "coordinates": [ [ -1.2736821, 51.7479706 ], [ -1.2740118, 51.7480488 ] ] } },
{ "type": "Feature", "properties": { "id": 24059, "nach": 0.44210340973155504 }, "geometry": { "type": "LineString", "coordinates": [ [ -1.2742579, 51.7477258 ], [ -1.2740118, 51.7480488 ] ] } },
{ "type": "Feature", "properties": { "id": 3453, "nach": 0.60510406498150415 }, "geometry": { "type": "LineString", "coordinates": [ [ -1.2750496, 51.7483169 ], [ -1.275347, 51.7484089 ] ] } },
{ "type": "Feature", "properties": { "id": 44627, "nach": 0.45900856492566111 }, "geometry": { "type": "LineString", "coordinates": [ [ -1.2750314, 51.7483421 ], [ -1.2750496, 51.7483169 ] ] } },
{ "type": "Feature", "properties": { "id": 44631, "nach": 0.5100506123874845 }, "geometry": { "type": "LineString", "coordinates": [ [ -1.2743376, 51.7481412 ], [ -1.2741659, 51.7483753 ] ] } },
{ "type": "Feature", "properties": { "id": 44632, "nach": 0.64334830435485735 }, "geometry": { "type": "LineString", "coordinates": [ [ -1.2743376, 51.7481412 ], [ -1.2750314, 51.7483421 ] ] } },
{ "type": "Feature", "properties": { "id": 44637, "nach": 0.651513659529394 }, "geometry": { "type": "LineString", "coordinates": [ [ -1.2733643, 51.7479089 ], [ -1.2736703, 51.7479923 ], [ -1.2739986, 51.7480667 ], [ -1.2743376, 51.7481412 ] ] } },
{ "type": "Feature", "properties": { "id": 25482, "nach": 0.64848154530268087 }, "geometry": { "type": "LineString", "coordinates": [ [ -1.272507, 51.7476748 ], [ -1.2724044, 51.7476501 ] ] } },
{ "type": "Feature", "properties": { "id": 44643, "nach": 0.5306343258653089 }, "geometry": { "type": "LineString", "coordinates": [ [ -1.2723884, 51.7476706 ], [ -1.2724044, 51.7476501 ] ] } },
{ "type": "Feature", "properties": { "id": 27422, "nach": 0.6591703435480859 }, "geometry": { "type": "LineString", "coordinates": [ [ -1.2719739, 51.7475216 ], [ -1.2724044, 51.7476501 ] ] } },
{ "type": "Feature", "properties": { "id": 32748, "nach": 0.65015643750729557 }, "geometry": { "type": "LineString", "coordinates": [ [ -1.2727482, 51.7477376 ], [ -1.272507, 51.7476748 ] ] } },
{ "type": "Feature", "properties": { "id": 44638, "nach": 0.53272053615409798 }, "geometry": { "type": "LineString", "coordinates": [ [ -1.2724909, 51.747695 ], [ -1.272507, 51.7476748 ] ] } },
{ "type": "Feature", "properties": { "id": 44642, "nach": 0.61417546790878819 }, "geometry": { "type": "LineString", "coordinates": [ [ -1.2723884, 51.7476706 ], [ -1.2722162, 51.7478908 ] ] } },
{ "type": "Feature", "properties": { "id": 44645, "nach": 0.60142090020806593 }, "geometry": { "type": "LineString", "coordinates": [ [ -1.2723884, 51.7476706 ], [ -1.2724909, 51.747695 ] ] } },
{ "type": "Feature", "properties": { "id": 44649, "nach": 0.54103755766943973 }, "geometry": { "type": "LineString", "coordinates": [ [ -1.2719565, 51.7475401 ], [ -1.2723884, 51.7476706 ] ] } },
{ "type": "Feature", "properties": { "id": 44646, "nach": 0.49008327326013151 }, "geometry": { "type": "LineString", "coordinates": [ [ -1.2719565, 51.7475401 ], [ -1.2719739, 51.7475216 ] ] } },
{ "type": "Feature", "properties": { "id": 32742, "nach": 0.65877091087781536 }, "geometry": { "type": "LineString", "coordinates": [ [ -1.2715955, 51.747350300000015 ], [ -1.2717344, 51.7474188 ], [ -1.2719739, 51.7475216 ] ] } },
{ "type": "Feature", "properties": { "id": 27308, "nach": 0.61812430662108631 }, "geometry": { "type": "LineString", "coordinates": [ [ -1.2722162, 51.7478908 ], [ -1.271679, 51.748588 ] ] } },
{ "type": "Feature", "properties": { "id": 32097, "nach": 0.48466781892032218 }, "geometry": { "type": "LineString", "coordinates": [ [ -1.2688502, 51.7473206 ], [ -1.2697974, 51.7477891 ], [ -1.271679, 51.748588 ] ] } },
{ "type": "Feature", "properties": { "id": 30226, "nach": 0.62691092744541332 }, "geometry": { "type": "LineString", "coordinates": [ [ -1.2724579, 51.7496029 ], [ -1.2724487, 51.749589699999987 ], [ -1.2723519, 51.7494782 ], [ -1.2721952, 51.749364500000013 ], [ -1.2719609, 51.7491528 ], [ -1.271807, 51.7490091 ], [ -1.2718136, 51.7489344 ], [ -1.2718024, 51.7486485 ], [ -1.2717925, 51.7486362 ], [ -1.271679, 51.748588 ] ] } },
{ "type": "Feature", "properties": { "id": 27310, "nach": 0.44586353157182812 }, "geometry": { "type": "LineString", "coordinates": [ [ -1.2722162, 51.7478908 ], [ -1.2722461, 51.7478979 ], [ -1.2723259, 51.7479191 ], [ -1.2723647, 51.7478681 ] ] } },
{ "type": "Feature", "properties": { "id": 32096, "nach": 0.4751701699481154 }, "geometry": { "type": "LineString", "coordinates": [ [ -1.2688502, 51.7473206 ], [ -1.2688136, 51.747302500000011 ], [ -1.2683059, 51.7470999 ], [ -1.2677407, 51.7469571 ] ] } },
{ "type": "Feature", "properties": { "id": 32098, "nach": 0.47413536005078721 }, "geometry": { "type": "LineString", "coordinates": [ [ -1.2688502, 51.7473206 ], [ -1.268918, 51.74728 ], [ -1.2689865, 51.74721670000001 ] ] } },
{ "type": "Feature", "properties": { "id": 44232, "nach": 0.47603126840965604 }, "geometry": { "type": "LineString", "coordinates": [ [ -1.2727354, 51.7495779 ], [ -1.272635, 51.7495784 ], [ -1.2724768, 51.7496017 ], [ -1.2724579, 51.7496029 ] ] } },
{ "type": "Feature", "properties": { "id": 32095, "nach": 0.65425623387198484 }, "geometry": { "type": "LineString", "coordinates": [ [ -1.2689865, 51.74721670000001 ], [ -1.2688836, 51.7472163 ], [ -1.2687805, 51.7471871 ], [ -1.2686573, 51.747128900000014 ], [ -1.2683706, 51.74700270000001 ], [ -1.2680907, 51.7469167 ], [ -1.2679451, 51.7469112 ], [ -1.2678398, 51.7469209 ], [ -1.2677407, 51.7469571 ] ] } },
{ "type": "Feature", "properties": { "id": 33747, "nach": 0.65724752756322347 }, "geometry": { "type": "LineString", "coordinates": [ [ -1.2690197, 51.7472042 ], [ -1.2689865, 51.74721670000001 ] ] } },
{ "type": "Feature", "properties": { "id": 32738, "nach": 0.64847609175497678 }, "geometry": { "type": "LineString", "coordinates": [ [ -1.2710401, 51.7470624 ], [ -1.2711603, 51.7471217 ] ] } },
{ "type": "Feature", "properties": { "id": 32741, "nach": 0.66020727436651705 }, "geometry": { "type": "LineString", "coordinates": [ [ -1.2715955, 51.747350300000015 ], [ -1.2711603, 51.7471217 ] ] } },
{ "type": "Feature", "properties": { "id": 32732, "nach": 0.5984050967038993 }, "geometry": { "type": "LineString", "coordinates": [ [ -1.271865, 51.7467825 ], [ -1.2712874, 51.7470208 ], [ -1.2711603, 51.7471217 ] ] } },
{ "type": "Feature", "properties": { "id": 44654, "nach": 0.63251258924043141 }, "geometry": { "type": "LineString", "coordinates": [ [ -1.2710139, 51.7470821 ], [ -1.2710401, 51.7470624 ] ] } },
{ "type": "Feature", "properties": { "id": 37316, "nach": 0.53222823159945354 }, "geometry": { "type": "LineString", "coordinates": [ [ -1.2708877, 51.746987200000014 ], [ -1.2710401, 51.7470624 ] ] } },
{ "type": "Feature", "properties": { "id": 44650, "nach": 0.45343985562250211 }, "geometry": { "type": "LineString", "coordinates": [ [ -1.2715736, 51.7473659 ], [ -1.2715955, 51.747350300000015 ] ] } },
{ "type": "Feature", "properties": { "id": 32731, "nach": 0.5857825725188246 }, "geometry": { "type": "LineString", "coordinates": [ [ -1.271865, 51.7467825 ], [ -1.2720445, 51.7467103 ] ] } },
{ "type": "Feature", "properties": { "id": 32739, "nach": 0.4195122607704142 }, "geometry": { "type": "LineString", "coordinates": [ [ -1.2724801, 51.7472036 ], [ -1.272435, 51.7472204 ], [ -1.2722906, 51.7471715 ], [ -1.271865, 51.7467825 ] ] } },
{ "type": "Feature", "properties": { "id": 37318, "nach": 0.5533125325198982 }, "geometry": { "type": "LineString", "coordinates": [ [ -1.2722962, 51.7466079 ], [ -1.2725944, 51.7464866 ] ] } },
{ "type": "Feature", "properties": { "id": 32599, "nach": 0.53297261964699405 }, "geometry": { "type": "LineString", "coordinates": [ [ -1.2730173, 51.7465852 ], [ -1.2728957, 51.7465365 ], [ -1.272783, 51.7464535 ], [ -1.2726972, 51.7464535 ], [ -1.2725944, 51.7464866 ] ] } },
{ "type": "Feature", "properties": { "id": 32735, "nach": 0.40023918192208546 }, "geometry": { "type": "LineString", "coordinates": [ [ -1.2729805, 51.7470606 ], [ -1.273103, 51.7470122 ], [ -1.2731317, 51.7469618 ], [ -1.2730966, 51.7469025 ], [ -1.2728796, 51.7467484 ], [ -1.2725944, 51.7464866 ] ] } },
{ "type": "Feature", "properties": { "id": 37319, "nach": 0.57021966552107661 }, "geometry": { "type": "LineString", "coordinates": [ [ -1.2722962, 51.7466079 ], [ -1.2720445, 51.7467103 ] ] } },
{ "type": "Feature", "properties": { "id": 37321, "nach": 0.40819339739573768 }, "geometry": { "type": "LineString", "coordinates": [ [ -1.2717659, 51.7461776 ], [ -1.2722962, 51.7466079 ] ] } },
{ "type": "Feature", "properties": { "id": 32727, "nach": 0.40361032238876793 }, "geometry": { "type": "LineString", "coordinates": [ [ -1.2734369, 51.746696900000011 ], [ -1.2730173, 51.7465852 ] ] } },
{ "type": "Feature", "properties": { "id": 32724, "nach": 0.50643324624774322 }, "geometry": { "type": "LineString", "coordinates": [ [ -1.2735445, 51.7463824 ], [ -1.2732658, 51.746314 ], [ -1.2731156, 51.746543200000012 ], [ -1.2730173, 51.7465852 ] ] } },
{ "type": "Feature", "properties": { "id": 20708, "nach": 0.65209013739937993 }, "geometry": { "type": "LineString", "coordinates": [ [ -1.269689, 51.7538092 ], [ -1.269743, 51.7539745 ], [ -1.2698238, 51.7540778 ], [ -1.2698538, 51.7541637 ] ] } },
{ "type": "Feature", "properties": { "id": 37110, "nach": 0.60770838912552505 }, "geometry": { "type": "LineString", "coordinates": [ [ -1.2698553, 51.7537509 ], [ -1.2698831, 51.7538373 ], [ -1.2699074, 51.7538635 ], [ -1.2700208, 51.7541473 ] ] } },
{ "type": "Feature", "properties": { "id": 20710, "nach": 0.48454940639712862 }, "geometry": { "type": "LineString", "coordinates": [ [ -1.269689, 51.7538092 ], [ -1.2697861, 51.7537979 ], [ -1.2697731, 51.7537525 ], [ -1.2697379, 51.7536382 ], [ -1.2697029, 51.7535185 ] ] } },
{ "type": "Feature", "properties": { "id": 20713, "nach": 0.5355437618969946 }, "geometry": { "type": "LineString", "coordinates": [ [ -1.2695867, 51.7538211 ], [ -1.269689, 51.7538092 ] ] } },
{ "type": "Feature", "properties": { "id": 33793, "nach": 0.65496147545846684 }, "geometry": { "type": "LineString", "coordinates": [ [ -1.269673, 51.7537614 ], [ -1.2696824, 51.75379 ], [ -1.269689, 51.7538092 ] ] } },
{ "type": "Feature", "properties": { "id": 1460, "nach": 0.60656115685712042 }, "geometry": { "type": "LineString", "coordinates": [ [ -1.2691349, 51.7531981 ], [ -1.2693294, 51.7531749 ] ] } },
{ "type": "Feature", "properties": { "id": 8584, "nach": 0.63506957766456751 }, "geometry": { "type": "LineString", "coordinates": [ [ -1.2690507, 51.753075 ], [ -1.2691217, 51.7531569 ], [ -1.2691349, 51.7531981 ] ] } },
{ "type": "Feature", "properties": { "id": 17343, "nach": 0.49069460792953884 }, "geometry": { "type": "LineString", "coordinates": [ [ -1.2692326, 51.753528499999987 ], [ -1.2691349, 51.7531981 ] ] } },
{ "type": "Feature", "properties": { "id": 8580, "nach": 0.24826251965664545 }, "geometry": { "type": "LineString", "coordinates": [ [ -1.2693294, 51.7531749 ], [ -1.2695387, 51.7531507 ], [ -1.2695671, 51.7532486 ], [ -1.2695871, 51.753313800000015 ], [ -1.2696386, 51.75348120000001 ] ] } },
{ "type": "Feature", "properties": { "id": 8581, "nach": 0.58258347943249478 }, "geometry": { "type": "LineString", "coordinates": [ [ -1.2693294, 51.7531749 ], [ -1.2693888, 51.7533727 ], [ -1.2694287, 51.7535057 ] ] } },
{ "type": "Feature", "properties": { "id": 24080, "nach": 0.65854535815564463 }, "geometry": { "type": "LineString", "coordinates": [ [ -1.2691497, 51.7531066 ], [ -1.2690507, 51.753075 ] ] } },
{ "type": "Feature", "properties": { "id": 33794, "nach": 0.70253909805752834 }, "geometry": { "type": "LineString", "coordinates": [ [ -1.2690046, 51.7530085 ], [ -1.2690507, 51.753075 ] ] } },
{ "type": "Feature", "properties": { "id": 35794, "nach": 0.5069955809690424 }, "geometry": { "type": "LineString", "coordinates": [ [ -1.2784842, 51.7539425 ], [ -1.278555, 51.7539249 ] ] } },
{ "type": "Feature", "properties": { "id": 35798, "nach": 0.46847599727437311 }, "geometry": { "type": "LineString", "coordinates": [ [ -1.2781326, 51.7531994 ], [ -1.2784375, 51.7536367 ], [ -1.2786339, 51.7539511 ], [ -1.278555, 51.7539249 ] ] } },
{ "type": "Feature", "properties": { "id": 35793, "nach": 0.49885629959312 }, "geometry": { "type": "LineString", "coordinates": [ [ -1.2784842, 51.7539425 ], [ -1.2785414, 51.7540789 ] ] } },
{ "type": "Feature", "properties": { "id": 35795, "nach": 0.3068981399838005 }, "geometry": { "type": "LineString", "coordinates": [ [ -1.2784842, 51.7539425 ], [ -1.2783279, 51.7537097 ], [ -1.278197, 51.753519 ], [ -1.2779034, 51.7530972 ], [ -1.2777601, 51.7528835 ], [ -1.2776495, 51.752721 ], [ -1.2776598, 51.7524153 ] ] } },
{ "type": "Feature", "properties": { "id": 35796, "nach": 0.4932030500410049 }, "geometry": { "type": "LineString", "coordinates": [ [ -1.2781326, 51.7531994 ], [ -1.2784582, 51.7531124 ], [ -1.2784937, 51.7531664 ], [ -1.2788133, 51.7530752 ], [ -1.2789067, 51.7530508 ] ] } },
{ "type": "Feature", "properties": { "id": 35797, "nach": 0.43403471454668202 }, "geometry": { "type": "LineString", "coordinates": [ [ -1.2781326, 51.7531994 ], [ -1.2777916, 51.7527143 ], [ -1.2777491, 51.7526562 ], [ -1.2777727, 51.7524144 ] ] } },
{ "type": "Feature", "properties": { "id": 35783, "nach": 0.42629013143949118 }, "geometry": { "type": "LineString", "coordinates": [ [ -1.2773993, 51.7537746 ], [ -1.277493, 51.7536427 ], [ -1.2768784, 51.7527359 ] ] } },
{ "type": "Feature", "properties": { "id": 26268, "nach": 0.58162214210698682 }, "geometry": { "type": "LineString", "coordinates": [ [ -1.2768487, 51.7524114 ], [ -1.2768511, 51.7526912 ], [ -1.2768784, 51.7527359 ] ] } },
{ "type": "Feature", "properties": { "id": 4818, "nach": 0.54935122877723797 }, "geometry": { "type": "LineString", "coordinates": [ [ -1.2761184, 51.7525982 ], [ -1.2763623, 51.7527791 ], [ -1.2767596, 51.7527719 ], [ -1.2768784, 51.7527359 ] ] } },
{ "type": "Feature", "properties": { "id": 35784, "nach": 0.47370442631065113 }, "geometry": { "type": "LineString", "coordinates": [ [ -1.2773993, 51.7537746 ], [ -1.2777159, 51.7538766 ], [ -1.2780631, 51.7540774 ], [ -1.2783183, 51.7541012 ], [ -1.2784364, 51.7540898 ], [ -1.2785414, 51.7540789 ] ] } },
{ "type": "Feature", "properties": { "id": 35785, "nach": 0.49755369414666467 }, "geometry": { "type": "LineString", "coordinates": [ [ -1.2773993, 51.7537746 ], [ -1.2770887, 51.7536561 ], [ -1.2768242, 51.753547599999983 ], [ -1.2764364, 51.7534046 ], [ -1.2758016, 51.7531274 ], [ -1.2755675, 51.7530356 ], [ -1.2754648, 51.752998 ] ] } },
{ "type": "Feature", "properties": { "id": 26270, "nach": 0.59016818892160972 }, "geometry": { "type": "LineString", "coordinates": [ [ -1.2768487, 51.7524114 ], [ -1.2769541, 51.7524161 ], [ -1.2773059, 51.7524114 ] ] } },
{ "type": "Feature", "properties": { "id": 26269, "nach": 0.64669060019114355 }, "geometry": { "type": "LineString", "coordinates": [ [ -1.2768487, 51.7524114 ], [ -1.2767608, 51.752421599999984 ], [ -1.2763332, 51.7524386 ], [ -1.2761562, 51.7524635 ], [ -1.2759966, 51.7524709 ], [ -1.2758464, 51.752474200000023 ], [ -1.2756232, 51.7524576 ], [ -1.2752663, 51.7524718 ], [ -1.2751463, 51.7524796 ], [ -1.2750593, 51.7524969 ] ] } },
{ "type": "Feature", "properties": { "id": 4820, "nach": 0.4734182543631178 }, "geometry": { "type": "LineString", "coordinates": [ [ -1.2760508, 51.752553300000017 ], [ -1.2761184, 51.7525982 ] ] } },
{ "type": "Feature", "properties": { "id": 34531, "nach": 0.46403487734403626 }, "geometry": { "type": "LineString", "coordinates": [ [ -1.2757471, 51.75259410000001 ], [ -1.27592, 51.7527133 ], [ -1.2761184, 51.7525982 ] ] } },
{ "type": "Feature", "properties": { "id": 14554, "nach": 0.57647813654920432 }, "geometry": { "type": "LineString", "coordinates": [ [ -1.2772437, 51.7508845 ], [ -1.2771748, 51.7509055 ] ] } },
{ "type": "Feature", "properties": { "id": 26273, "nach": 0.59310126890456294 }, "geometry": { "type": "LineString", "coordinates": [ [ -1.2768671, 51.7523255 ], [ -1.2769088, 51.7518661 ], [ -1.2770108, 51.7513292 ], [ -1.2771748, 51.7509055 ] ] } },
{ "type": "Feature", "properties": { "id": 58660, "nach": 0.65188478805886163 }, "geometry": { "type": "LineString", "coordinates": [ [ -1.277858, 51.7509108 ], [ -1.2772437, 51.7508845 ] ] } },
{ "type": "Feature", "properties": { "id": 26272, "nach": 0.56999002511734076 }, "geometry": { "type": "LineString", "coordinates": [ [ -1.2768671, 51.7523255 ], [ -1.2773011, 51.7523201 ] ] } },
{ "type": "Feature", "properties": { "id": 26403, "nach": 0.46863936988006338 }, "geometry": { "type": "LineString", "coordinates": [ [ -1.2817926, 51.752668200000016 ], [ -1.2817217, 51.75300330000001 ], [ -1.2816935, 51.753033 ], [ -1.2816406, 51.7531341 ], [ -1.2815613, 51.7536524 ] ] } },
{ "type": "Feature", "properties": { "id": 30339, "nach": 0.64353268417882892 }, "geometry": { "type": "LineString", "coordinates": [ [ -1.2822075, 51.7527028 ], [ -1.2819564, 51.7526846 ], [ -1.2817926, 51.752668200000016 ] ] } },
{ "type": "Feature", "properties": { "id": 34499, "nach": 0.43280762220560703 }, "geometry": { "type": "LineString", "coordinates": [ [ -1.2800567, 51.7524642 ], [ -1.2800407, 51.7525905 ] ] } },
{ "type": "Feature", "properties": { "id": 30508, "nach": 0.63972060580763124 }, "geometry": { "type": "LineString", "coordinates": [ [ -1.2835683, 51.7512295 ], [ -1.2852676, 51.7513585 ] ] } },
{ "type": "Feature", "properties": { "id": 30510, "nach": 0.54415003693370512 }, "geometry": { "type": "LineString", "coordinates": [ [ -1.2835683, 51.7512295 ], [ -1.2836042, 51.7510516 ], [ -1.2836596, 51.7510071 ], [ -1.283698, 51.750762700000017 ] ] } },
{ "type": "Feature", "properties": { "id": 14577, "nach": 0.63951060293142892 }, "geometry": { "type": "LineString", "coordinates": [ [ -1.2829691, 51.7507028 ], [ -1.2832176, 51.7508406 ], [ -1.2831748, 51.7510782 ], [ -1.2831146, 51.7511271 ] ] } },
{ "type": "Feature", "properties": { "id": 37073, "nach": 0.54854455661798796 }, "geometry": { "type": "LineString", "coordinates": [ [ -1.2828362, 51.751060699999982 ], [ -1.2828899, 51.75106370000001 ], [ -1.2830826, 51.7510788 ], [ -1.2831146, 51.7511271 ] ] } },
{ "type": "Feature", "properties": { "id": 14531, "nach": 0.6760494234304566 }, "geometry": { "type": "LineString", "coordinates": [ [ -1.2851918, 51.7517674 ], [ -1.2852676, 51.7513585 ] ] } },
{ "type": "Feature", "properties": { "id": 30799, "nach": 0.62964137036777124 }, "geometry": { "type": "LineString", "coordinates": [ [ -1.2852956, 51.7512226 ], [ -1.2852676, 51.7513585 ] ] } },
{ "type": "Feature", "properties": { "id": 36941, "nach": 0.47459275103601323 }, "geometry": { "type": "LineString", "coordinates": [ [ -1.2861158, 51.7511627 ], [ -1.2856383, 51.7511378 ], [ -1.2855391, 51.7511527 ], [ -1.2855015, 51.751175900000014 ], [ -1.2854828, 51.751262300000015 ], [ -1.2854694, 51.7513121 ], [ -1.2854157, 51.7513486 ], [ -1.2852676, 51.7513585 ] ] } },
{ "type": "Feature", "properties": { "id": 56156, "nach": 0.65805240409817156 }, "geometry": { "type": "LineString", "coordinates": [ [ -1.2852833, 51.7517755 ], [ -1.2851918, 51.7517674 ] ] } },
{ "type": "Feature", "properties": { "id": 48947, "nach": 0.58167742838989833 }, "geometry": { "type": "LineString", "coordinates": [ [ -1.2851781, 51.7518411 ], [ -1.285181, 51.7518255 ], [ -1.2851918, 51.7517674 ] ] } },
{ "type": "Feature", "properties": { "id": 30806, "nach": 0.54595143240672117 }, "geometry": { "type": "LineString", "coordinates": [ [ -1.2853157, 51.751124800000014 ], [ -1.2852956, 51.7512226 ] ] } },
{ "type": "Feature", "properties": { "id": 53255, "nach": 0.58809143476432679 }, "geometry": { "type": "LineString", "coordinates": [ [ -1.2850645, 51.7512106 ], [ -1.2850933, 51.7512065 ], [ -1.2852956, 51.7512226 ] ] } },
{ "type": "Feature", "properties": { "id": 56162, "nach": 0.59514913513571255 }, "geometry": { "type": "LineString", "coordinates": [ [ -1.2850948, 51.7522902 ], [ -1.2851509, 51.7519875 ] ] } },
{ "type": "Feature", "properties": { "id": 48946, "nach": 0.60314261503040068 }, "geometry": { "type": "LineString", "coordinates": [ [ -1.2851781, 51.7518411 ], [ -1.2851509, 51.7519875 ] ] } },
{ "type": "Feature", "properties": { "id": 2529, "nach": 0.47809764153104944 }, "geometry": { "type": "LineString", "coordinates": [ [ -1.2853916, 51.7520052 ], [ -1.2851509, 51.7519875 ] ] } },
{ "type": "Feature", "properties": { "id": 56161, "nach": 0.63163807272223582 }, "geometry": { "type": "LineString", "coordinates": [ [ -1.2850948, 51.7522902 ], [ -1.2850061, 51.7527682 ] ] } },
{ "type": "Feature", "properties": { "id": 56163, "nach": 0.56225580504618711 }, "geometry": { "type": "LineString", "coordinates": [ [ -1.2850948, 51.7522902 ], [ -1.2852058, 51.7522976 ], [ -1.2853341, 51.7523073 ] ] } },
{ "type": "Feature", "properties": { "id": 56157, "nach": 0.49313450410520265 }, "geometry": { "type": "LineString", "coordinates": [ [ -1.2852833, 51.7517755 ], [ -1.2852701, 51.7518476 ], [ -1.2852419, 51.7518456 ], [ -1.2851781, 51.7518411 ] ] } },
{ "type": "Feature", "properties": { "id": 23814, "nach": 0.53566541108149557 }, "geometry": { "type": "LineString", "coordinates": [ [ -1.2856098, 51.7520212 ], [ -1.2853916, 51.7520052 ] ] } },
{ "type": "Feature", "properties": { "id": 56158, "nach": 0.51913609949343065 }, "geometry": { "type": "LineString", "coordinates": [ [ -1.2853341, 51.7523073 ], [ -1.2853916, 51.7520052 ] ] } },
{ "type": "Feature", "properties": { "id": 56154, "nach": 0.46559855719197557 }, "geometry": { "type": "LineString", "coordinates": [ [ -1.2859716, 51.75192770000001 ], [ -1.2854129, 51.7518886 ], [ -1.2853916, 51.7520052 ] ] } },
{ "type": "Feature", "properties": { "id": 23815, "nach": 0.54676175124117266 }, "geometry": { "type": "LineString", "coordinates": [ [ -1.2856098, 51.7520212 ], [ -1.285813, 51.7520361 ] ] } },
{ "type": "Feature", "properties": { "id": 56147, "nach": 0.5568336978299081 }, "geometry": { "type": "LineString", "coordinates": [ [ -1.2859481, 51.752046 ], [ -1.285813, 51.7520361 ] ] } },
{ "type": "Feature", "properties": { "id": 23794, "nach": 0.0 }, "geometry": { "type": "LineString", "coordinates": [ [ -1.2854994, 51.7526441 ], [ -1.2857057, 51.7526598 ], [ -1.285813, 51.7520361 ] ] } },
{ "type": "Feature", "properties": { "id": 23816, "nach": 0.40251527911529777 }, "geometry": { "type": "LineString", "coordinates": [ [ -1.2856098, 51.7520212 ], [ -1.2854994, 51.7526441 ] ] } },
{ "type": "Feature", "properties": { "id": 56148, "nach": 0.48845792341496841 }, "geometry": { "type": "LineString", "coordinates": [ [ -1.2859481, 51.752046 ], [ -1.2862635, 51.7520691 ] ] } },
{ "type": "Feature", "properties": { "id": 56149, "nach": 0.57364482746954359 }, "geometry": { "type": "LineString", "coordinates": [ [ -1.2859481, 51.752046 ], [ -1.2857922, 51.752832400000017 ] ] } },
{ "type": "Feature", "properties": { "id": 56152, "nach": 0.53121673605827924 }, "geometry": { "type": "LineString", "coordinates": [ [ -1.2859716, 51.75192770000001 ], [ -1.2859481, 51.752046 ] ] } },
{ "type": "Feature", "properties": { "id": 56159, "nach": 0.45433573977825648 }, "geometry": { "type": "LineString", "coordinates": [ [ -1.2853341, 51.7523073 ], [ -1.2852732, 51.752627 ], [ -1.2854994, 51.7526441 ] ] } },
{ "type": "Feature", "properties": { "id": 56151, "nach": 0.48742574443407644 }, "geometry": { "type": "LineString", "coordinates": [ [ -1.2859716, 51.75192770000001 ], [ -1.2862853, 51.75194960000001 ] ] } },
{ "type": "Feature", "properties": { "id": 56153, "nach": 0.53550105289098004 }, "geometry": { "type": "LineString", "coordinates": [ [ -1.2859716, 51.75192770000001 ], [ -1.2859922, 51.7518234 ] ] } },
{ "type": "Feature", "properties": { "id": 23813, "nach": 0.0 }, "geometry": { "type": "LineString", "coordinates": [ [ -1.2862635, 51.7520691 ], [ -1.2866657, 51.7520986 ], [ -1.2866886, 51.7519792 ], [ -1.2862853, 51.75194960000001 ] ] } },
{ "type": "Feature", "properties": { "id": 14502, "nach": 0.29798798394105491 }, "geometry": { "type": "LineString", "coordinates": [ [ -1.2850061, 51.7527682 ], [ -1.2849953, 51.7528262 ] ] } },
{ "type": "Feature", "properties": { "id": 17869, "nach": 0.60552487254272247 }, "geometry": { "type": "LineString", "coordinates": [ [ -1.2848158, 51.7528116 ], [ -1.2849953, 51.7528262 ] ] } },
{ "type": "Feature", "properties": { "id": 53872, "nach": 0.60938641150058948 }, "geometry": { "type": "LineString", "coordinates": [ [ -1.2866906, 51.7529492 ], [ -1.2849953, 51.7528262 ] ] } },
{ "type": "Feature", "properties": { "id": 26420, "nach": 0.69717948228037874 }, "geometry": { "type": "LineString", "coordinates": [ [ -1.2848297, 51.7527569 ], [ -1.2850061, 51.7527682 ] ] } },
{ "type": "Feature", "properties": { "id": 56144, "nach": 0.68699217343890151 }, "geometry": { "type": "LineString", "coordinates": [ [ -1.2857922, 51.752832400000017 ], [ -1.2850061, 51.7527682 ] ] } },
{ "type": "Feature", "properties": { "id": 17868, "nach": 0.60127851937033006 }, "geometry": { "type": "LineString", "coordinates": [ [ -1.2848158, 51.7528116 ], [ -1.2845781, 51.7527945 ] ] } },
{ "type": "Feature", "properties": { "id": 26399, "nach": 0.33389061760812988 }, "geometry": { "type": "LineString", "coordinates": [ [ -1.2848003, 51.7528913 ], [ -1.2848158, 51.7528116 ] ] } },
{ "type": "Feature", "properties": { "id": 26421, "nach": 0.34998894915118139 }, "geometry": { "type": "LineString", "coordinates": [ [ -1.2848297, 51.7527569 ], [ -1.2848158, 51.7528116 ] ] } },
{ "type": "Feature", "properties": { "id": 53873, "nach": 0.595693634179978 }, "geometry": { "type": "LineString", "coordinates": [ [ -1.2866906, 51.7529492 ], [ -1.2869353, 51.752966700000016 ] ] } },
{ "type": "Feature", "properties": { "id": 53876, "nach": 0.52952719660968361 }, "geometry": { "type": "LineString", "coordinates": [ [ -1.2866994, 51.7529045 ], [ -1.2866906, 51.7529492 ] ] } },
{ "type": "Feature", "properties": { "id": 34000, "nach": 0.65892108087800894 }, "geometry": { "type": "LineString", "coordinates": [ [ -1.2880833, 51.7525817 ], [ -1.2880031, 51.7525764 ] ] } },
{ "type": "Feature", "properties": { "id": 2559, "nach": 0.68504000515142605 }, "geometry": { "type": "LineString", "coordinates": [ [ -1.2879807, 51.752278 ], [ -1.2880058, 51.752557600000017 ], [ -1.2880031, 51.7525764 ] ] } },
{ "type": "Feature", "properties": { "id": 33999, "nach": 0.6569213470817209 }, "geometry": { "type": "LineString", "coordinates": [ [ -1.2880833, 51.7525817 ], [ -1.2882393, 51.7525921 ] ] } },
{ "type": "Feature", "properties": { "id": 34002, "nach": 0.61173986854931306 }, "geometry": { "type": "LineString", "coordinates": [ [ -1.2881452, 51.752234 ], [ -1.2880833, 51.7525817 ] ] } },
{ "type": "Feature", "properties": { "id": 56137, "nach": 0.6776683186872936 }, "geometry": { "type": "LineString", "coordinates": [ [ -1.2879723, 51.7521387 ], [ -1.2879696, 51.7521659 ], [ -1.2879807, 51.752278 ] ] } },
{ "type": "Feature", "properties": { "id": 2560, "nach": 0.478419869411777 }, "geometry": { "type": "LineString", "coordinates": [ [ -1.2879807, 51.752278 ], [ -1.2878613, 51.7522694 ], [ -1.2877578, 51.752261799999985 ] ] } },
{ "type": "Feature", "properties": { "id": 23822, "nach": 0.64826807502071448 }, "geometry": { "type": "LineString", "coordinates": [ [ -1.2884653, 51.7526069 ], [ -1.2882393, 51.7525921 ] ] } },
{ "type": "Feature", "properties": { "id": 2552, "nach": 0.49621765045937344 }, "geometry": { "type": "LineString", "coordinates": [ [ -1.2883294, 51.7520989 ], [ -1.2882393, 51.7525921 ] ] } },
{ "type": "Feature", "properties": { "id": 23827, "nach": 0.0 }, "geometry": { "type": "LineString", "coordinates": [ [ -1.2884184, 51.7528885 ], [ -1.2881881, 51.7528724 ], [ -1.2882393, 51.7525921 ] ] } },
{ "type": "Feature", "properties": { "id": 23821, "nach": 0.59866367459098013 }, "geometry": { "type": "LineString", "coordinates": [ [ -1.2884653, 51.7526069 ], [ -1.2886941, 51.7526218 ] ] } },
{ "type": "Feature", "properties": { "id": 23826, "nach": 0.61278785032788374 }, "geometry": { "type": "LineString", "coordinates": [ [ -1.2884184, 51.7528885 ], [ -1.2884653, 51.7526069 ] ] } },
{ "type": "Feature", "properties": { "id": 23830, "nach": 0.47679969676319567 }, "geometry": { "type": "LineString", "coordinates": [ [ -1.2885475, 51.752114 ], [ -1.2884653, 51.7526069 ] ] } },
{ "type": "Feature", "properties": { "id": 23828, "nach": 0.61834813551187462 }, "geometry": { "type": "LineString", "coordinates": [ [ -1.2885475, 51.752114 ], [ -1.2883294, 51.7520989 ] ] } },
{ "type": "Feature", "properties": { "id": 23783, "nach": 0.60594616183632644 }, "geometry": { "type": "LineString", "coordinates": [ [ -1.2879784, 51.7520761 ], [ -1.2883294, 51.7520989 ] ] } },
{ "type": "Feature", "properties": { "id": 23825, "nach": 0.61740919969527319 }, "geometry": { "type": "LineString", "coordinates": [ [ -1.2884184, 51.7528885 ], [ -1.2886464, 51.7529045 ] ] } },
{ "type": "Feature", "properties": { "id": 23817, "nach": 0.58769202718231128 }, "geometry": { "type": "LineString", "coordinates": [ [ -1.288924, 51.752637 ], [ -1.2891555, 51.7526526 ] ] } },
{ "type": "Feature", "properties": { "id": 2550, "nach": 0.60903815253572413 }, "geometry": { "type": "LineString", "coordinates": [ [ -1.2892452, 51.7521622 ], [ -1.2891555, 51.7526526 ] ] } },
{ "type": "Feature", "properties": { "id": 2555, "nach": 0.55129281898065552 }, "geometry": { "type": "LineString", "coordinates": [ [ -1.2891036, 51.7529364 ], [ -1.2891555, 51.7526526 ] ] } },
{ "type": "Feature", "properties": { "id": 23819, "nach": 0.51210572483358796 }, "geometry": { "type": "LineString", "coordinates": [ [ -1.288924, 51.752637 ], [ -1.2888723, 51.7529203 ] ] } },
{ "type": "Feature", "properties": { "id": 23818, "nach": 0.59456076745396869 }, "geometry": { "type": "LineString", "coordinates": [ [ -1.288924, 51.752637 ], [ -1.2886941, 51.7526218 ] ] } },
{ "type": "Feature", "properties": { "id": 23820, "nach": 0.47763453231214731 }, "geometry": { "type": "LineString", "coordinates": [ [ -1.288924, 51.752637 ], [ -1.2890135, 51.7521462 ] ] } },
{ "type": "Feature", "properties": { "id": 23805, "nach": 0.60741503325171198 }, "geometry": { "type": "LineString", "coordinates": [ [ -1.2890135, 51.7521462 ], [ -1.2892452, 51.7521622 ] ] } },
{ "type": "Feature", "properties": { "id": 23808, "nach": 0.65219924249884742 }, "geometry": { "type": "LineString", "coordinates": [ [ -1.2893468, 51.7520911 ], [ -1.2892452, 51.7521622 ] ] } },
{ "type": "Feature", "properties": { "id": 23785, "nach": 0.65188812403207386 }, "geometry": { "type": "LineString", "coordinates": [ [ -1.2888723, 51.7529203 ], [ -1.2891036, 51.7529364 ] ] } },
{ "type": "Feature", "properties": { "id": 56170, "nach": 0.67308811753769671 }, "geometry": { "type": "LineString", "coordinates": [ [ -1.2892751, 51.7529484 ], [ -1.2891036, 51.7529364 ] ] } },
{ "type": "Feature", "properties": { "id": 23804, "nach": 0.60647480654454511 }, "geometry": { "type": "LineString", "coordinates": [ [ -1.2890135, 51.7521462 ], [ -1.2887771, 51.7521299 ] ] } },
{ "type": "Feature", "properties": { "id": 23807, "nach": 0.65363077976259509 }, "geometry": { "type": "LineString", "coordinates": [ [ -1.2893468, 51.7520911 ], [ -1.2894572, 51.7519957 ] ] } },
{ "type": "Feature", "properties": { "id": 23809, "nach": 0.35888835967513932 }, "geometry": { "type": "LineString", "coordinates": [ [ -1.2893468, 51.7520911 ], [ -1.2892702, 51.7520892 ], [ -1.2887747, 51.752065 ], [ -1.2887693, 51.752091600000014 ], [ -1.2882436, 51.752055 ], [ -1.2882452, 51.7520203 ], [ -1.2879875, 51.752004 ] ] } },
{ "type": "Feature", "properties": { "id": 56172, "nach": 0.0 }, "geometry": { "type": "LineString", "coordinates": [ [ -1.2892751, 51.7529484 ], [ -1.2892855, 51.7528689 ], [ -1.2891757, 51.7528565 ], [ -1.2892186, 51.7526046 ], [ -1.2893174, 51.7526092 ], [ -1.2894143, 51.7521121 ], [ -1.2893468, 51.7520911 ] ] } },
{ "type": "Feature", "properties": { "id": 23829, "nach": 0.60950134817248425 }, "geometry": { "type": "LineString", "coordinates": [ [ -1.2885475, 51.752114 ], [ -1.2887771, 51.7521299 ] ] } },
{ "type": "Feature", "properties": { "id": 23784, "nach": 0.48821063207399296 }, "geometry": { "type": "LineString", "coordinates": [ [ -1.2879784, 51.7520761 ], [ -1.2879841, 51.7520307 ], [ -1.2879875, 51.752004 ] ] } },
{ "type": "Feature", "properties": { "id": 56136, "nach": 0.62674633252187395 }, "geometry": { "type": "LineString", "coordinates": [ [ -1.2879723, 51.7521387 ], [ -1.2879784, 51.7520761 ] ] } },
{ "type": "Feature", "properties": { "id": 23795, "nach": 0.63451410765221616 }, "geometry": { "type": "LineString", "coordinates": [ [ -1.2886464, 51.7529045 ], [ -1.2888723, 51.7529203 ] ] } },
{ "type": "Feature", "properties": { "id": 56169, "nach": 0.69083116776704467 }, "geometry": { "type": "LineString", "coordinates": [ [ -1.2892751, 51.7529484 ], [ -1.2892576, 51.7530832 ] ] } },
{ "type": "Feature", "properties": { "id": 56171, "nach": 0.58096281712894948 }, "geometry": { "type": "LineString", "coordinates": [ [ -1.2892751, 51.7529484 ], [ -1.2899576, 51.7529962 ] ] } },
{ "type": "Feature", "properties": { "id": 56139, "nach": 0.68894268107224277 }, "geometry": { "type": "LineString", "coordinates": [ [ -1.2877808, 51.7521248 ], [ -1.2878839, 51.7521323 ], [ -1.2879723, 51.7521387 ] ] } },
{ "type": "Feature", "properties": { "id": 56138, "nach": 0.40182440596262098 }, "geometry": { "type": "LineString", "coordinates": [ [ -1.2877808, 51.7521248 ], [ -1.2877578, 51.752261799999985 ] ] } },
{ "type": "Feature", "properties": { "id": 56140, "nach": 0.0 }, "geometry": { "type": "LineString", "coordinates": [ [ -1.2877578, 51.752261799999985 ], [ -1.2868633, 51.7521968 ], [ -1.2868892, 51.75206 ], [ -1.2870821, 51.752074 ] ] } },
{ "type": "Feature", "properties": { "id": 2566, "nach": 0.70984715674934395 }, "geometry": { "type": "LineString", "coordinates": [ [ -1.2887922, 51.7545346 ], [ -1.2887734, 51.7545212 ], [ -1.2887616, 51.7545021 ], [ -1.28874, 51.7544638 ] ] } },
{ "type": "Feature", "properties": { "id": 46608, "nach": 0.41192980778350768 }, "geometry": { "type": "LineString", "coordinates": [ [ -1.2890279, 51.754319700000011 ], [ -1.2889742, 51.7543508 ], [ -1.2889204, 51.754362 ], [ -1.2888462, 51.7544507 ], [ -1.2888492, 51.7544825 ], [ -1.2888651, 51.7544957 ], [ -1.2887922, 51.7545346 ] ] } },
{ "type": "Feature", "properties": { "id": 17358, "nach": 0.75029699149788753 }, "geometry": { "type": "LineString", "coordinates": [ [ -1.28874, 51.7544638 ], [ -1.2888511, 51.7543513 ], [ -1.2889096, 51.7543064 ], [ -1.2889611, 51.7542427 ] ] } },
{ "type": "Feature", "properties": { "id": 23994, "nach": 0.59600878939930457 }, "geometry": { "type": "LineString", "coordinates": [ [ -1.288149, 51.7542704 ], [ -1.2881346, 51.7543463 ], [ -1.2881268, 51.75438710000001 ], [ -1.2886633, 51.7544232 ], [ -1.28874, 51.7544638 ] ] } },
{ "type": "Feature", "properties": { "id": 46605, "nach": 0.67427226577502342 }, "geometry": { "type": "LineString", "coordinates": [ [ -1.288572, 51.7545374 ], [ -1.2886665, 51.7545171 ], [ -1.288707, 51.7544934 ], [ -1.28874, 51.7544638 ] ] } },
{ "type": "Feature", "properties": { "id": 17361, "nach": 0.5291855967040201 }, "geometry": { "type": "LineString", "coordinates": [ [ -1.2889611, 51.7542427 ], [ -1.2889922, 51.754287 ], [ -1.2890279, 51.754319700000011 ] ] } },
{ "type": "Feature", "properties": { "id": 58535, "nach": 0.38034282988431573 }, "geometry": { "type": "LineString", "coordinates": [ [ -1.2890772, 51.754287 ], [ -1.2890279, 51.754319700000011 ] ] } },
{ "type": "Feature", "properties": { "id": 46607, "nach": 0.47978378077747563 }, "geometry": { "type": "LineString", "coordinates": [ [ -1.2890279, 51.754319700000011 ], [ -1.2891053, 51.7543475 ], [ -1.2892149, 51.754369 ], [ -1.2892792, 51.7544094 ], [ -1.2893126, 51.7544507 ], [ -1.2893047, 51.7544864 ] ] } },
{ "type": "Feature", "properties": { "id": 17354, "nach": 0.3960098183523787 }, "geometry": { "type": "LineString", "coordinates": [ [ -1.2893752, 51.7532471 ], [ -1.2893873, 51.7531714 ] ] } },
{ "type": "Feature", "properties": { "id": 24312, "nach": 0.63878031277721603 }, "geometry": { "type": "LineString", "coordinates": [ [ -1.2897914, 51.7531972 ], [ -1.2893873, 51.7531714 ] ] } },
{ "type": "Feature", "properties": { "id": 58540, "nach": 0.78152173118786883 }, "geometry": { "type": "LineString", "coordinates": [ [ -1.2889698, 51.7541999 ], [ -1.2890358, 51.753873 ], [ -1.2890631, 51.7537944 ], [ -1.289102, 51.7537123 ], [ -1.2891645, 51.7536445 ], [ -1.2892247, 51.7535877 ], [ -1.2892841, 51.753536200000013 ], [ -1.2893292, 51.75343740000001 ], [ -1.2893752, 51.7532471 ] ] } },
{ "type": "Feature", "properties": { "id": 49168, "nach": 0.68705420764864833 }, "geometry": { "type": "LineString", "coordinates": [ [ -1.2886391, 51.7532262 ], [ -1.2888856, 51.7532442 ], [ -1.2890941, 51.753224600000017 ], [ -1.2893752, 51.7532471 ] ] } },
{ "type": "Feature", "properties": { "id": 25222, "nach": 0.78022742386184618 }, "geometry": { "type": "LineString", "coordinates": [ [ -1.289783, 51.7532701 ], [ -1.2895028, 51.7532542 ], [ -1.2893752, 51.7532471 ] ] } },
{ "type": "Feature", "properties": { "id": 24313, "nach": 0.66867108133532949 }, "geometry": { "type": "LineString", "coordinates": [ [ -1.2897914, 51.7531972 ], [ -1.2903352, 51.753237 ] ] } },
{ "type": "Feature", "properties": { "id": 25214, "nach": 0.58847505313448711 }, "geometry": { "type": "LineString", "coordinates": [ [ -1.2898036, 51.7531111 ], [ -1.2897914, 51.7531972 ] ] } },
{ "type": "Feature", "properties": { "id": 25221, "nach": 0.63686734208580209 }, "geometry": { "type": "LineString", "coordinates": [ [ -1.289783, 51.7532701 ], [ -1.2897914, 51.7531972 ] ] } },
{ "type": "Feature", "properties": { "id": 53454, "nach": 0.38881582671768433 }, "geometry": { "type": "LineString", "coordinates": [ [ -1.2811111, 51.7549407 ], [ -1.2813919, 51.75508880000001 ], [ -1.2820771, 51.7553433 ], [ -1.2824169, 51.7555567 ], [ -1.2826361, 51.7557889 ], [ -1.2832364, 51.7565447 ] ] } },
{ "type": "Feature", "properties": { "id": 2599, "nach": 0.51372286818266122 }, "geometry": { "type": "LineString", "coordinates": [ [ -1.2710667, 51.753618 ], [ -1.2712394, 51.7545153 ], [ -1.271297, 51.7545701 ], [ -1.2714897, 51.7546265 ] ] } },
{ "type": "Feature", "properties": { "id": 32714, "nach": 0.43770641126830917 }, "geometry": { "type": "LineString", "coordinates": [ [ -1.2719981, 51.7535904 ], [ -1.272016, 51.7537652 ], [ -1.2719389, 51.7540051 ], [ -1.2714897, 51.7546265 ] ] } },
{ "type": "Feature", "properties": { "id": 48111, "nach": 0.49699064616389832 }, "geometry": { "type": "LineString", "coordinates": [ [ -1.2718656, 51.7554808 ], [ -1.2718354, 51.7554857 ], [ -1.2717461, 51.7554806 ], [ -1.2715838, 51.7554822 ], [ -1.271537, 51.7554579 ], [ -1.2714321, 51.7547212 ], [ -1.2714897, 51.7546265 ] ] } },
{ "type": "Feature", "properties": { "id": 35786, "nach": 0.54890160720432568 }, "geometry": { "type": "LineString", "coordinates": [ [ -1.2715304, 51.7535842 ], [ -1.2710667, 51.753618 ] ] } },
{ "type": "Feature", "properties": { "id": 26098, "nach": 0.59726973226319879 }, "geometry": { "type": "LineString", "coordinates": [ [ -1.2711099, 51.7529862 ], [ -1.271099, 51.7530727 ], [ -1.2710528, 51.7533783 ], [ -1.2710667, 51.753618 ] ] } },
{ "type": "Feature", "properties": { "id": 32713, "nach": 0.38203332938972973 }, "geometry": { "type": "LineString", "coordinates": [ [ -1.2719981, 51.7535904 ], [ -1.2720742, 51.753589 ], [ -1.2725495, 51.7535589 ] ] } },
{ "type": "Feature", "properties": { "id": 32712, "nach": 0.52670164432430921 }, "geometry": { "type": "LineString", "coordinates": [ [ -1.2719981, 51.7535904 ], [ -1.2719938, 51.7535506 ] ] } },
{ "type": "Feature", "properties": { "id": 48113, "nach": 0.52268192108549172 }, "geometry": { "type": "LineString", "coordinates": [ [ -1.2718656, 51.7554808 ], [ -1.2718181, 51.7552321 ], [ -1.2717953, 51.7550872 ], [ -1.2717959, 51.7549609 ], [ -1.2718366, 51.7548453 ], [ -1.2718977, 51.7547488 ], [ -1.2719729, 51.7546439 ], [ -1.2721739, 51.7543599 ], [ -1.2722611, 51.7542398 ], [ -1.2723576, 51.754114 ], [ -1.2724936, 51.7539103 ], [ -1.2725443, 51.7537793 ], [ -1.2725597, 51.7536805 ], [ -1.2725495, 51.7535589 ] ] } },
{ "type": "Feature", "properties": { "id": 35787, "nach": 0.50876180869814103 }, "geometry": { "type": "LineString", "coordinates": [ [ -1.2715304, 51.7535842 ], [ -1.2719938, 51.7535506 ] ] } },
{ "type": "Feature", "properties": { "id": 58554, "nach": 0.49584071716964745 }, "geometry": { "type": "LineString", "coordinates": [ [ -1.2715804, 51.7538138 ], [ -1.2715304, 51.7535842 ] ] } },
{ "type": "Feature", "properties": { "id": 26097, "nach": 0.60582117003148761 }, "geometry": { "type": "LineString", "coordinates": [ [ -1.2711099, 51.7529862 ], [ -1.2708901, 51.752991800000011 ], [ -1.2708652, 51.7531253 ], [ -1.2708187, 51.7531839 ], [ -1.2707779, 51.7532421 ], [ -1.2707712, 51.7533725 ], [ -1.2708012, 51.7535114 ] ] } },
{ "type": "Feature", "properties": { "id": 58996, "nach": 0.66030152059231695 }, "geometry": { "type": "LineString", "coordinates": [ [ -1.2711159, 51.752915 ], [ -1.2711099, 51.7529862 ] ] } },
{ "type": "Feature", "properties": { "id": 2605, "nach": 0.64106285457379941 }, "geometry": { "type": "LineString", "coordinates": [ [ -1.271182, 51.7522413 ], [ -1.2710418, 51.7516695 ] ] } },
{ "type": "Feature", "properties": { "id": 17249, "nach": 0.63188160909571867 }, "geometry": { "type": "LineString", "coordinates": [ [ -1.2707719, 51.7505746 ], [ -1.2710418, 51.7516695 ] ] } },
{ "type": "Feature", "properties": { "id": 2608, "nach": 0.59614305659001088 }, "geometry": { "type": "LineString", "coordinates": [ [ -1.2715391, 51.7516313 ], [ -1.2710418, 51.7516695 ] ] } },
{ "type": "Feature", "properties": { "id": 16282, "nach": 0.68179196286176491 }, "geometry": { "type": "LineString", "coordinates": [ [ -1.2712588, 51.7525329 ], [ -1.271182, 51.7522413 ] ] } },
{ "type": "Feature", "properties": { "id": 30228, "nach": 0.60727475691053967 }, "geometry": { "type": "LineString", "coordinates": [ [ -1.2717756, 51.752186 ], [ -1.271182, 51.7522413 ] ] } },
{ "type": "Feature", "properties": { "id": 17250, "nach": 0.6425259703306937 }, "geometry": { "type": "LineString", "coordinates": [ [ -1.2707719, 51.7505746 ], [ -1.2707681, 51.7505583 ] ] } },
{ "type": "Feature", "properties": { "id": 17251, "nach": 0.49102068762692397 }, "geometry": { "type": "LineString", "coordinates": [ [ -1.2707719, 51.7505746 ], [ -1.2719089, 51.7504639 ] ] } },
{ "type": "Feature", "properties": { "id": 2610, "nach": 0.5438009896716971 }, "geometry": { "type": "LineString", "coordinates": [ [ -1.2717082, 51.7516165 ], [ -1.2715391, 51.7516313 ] ] } },
{ "type": "Feature", "properties": { "id": 53052, "nach": 0.49757965516112945 }, "geometry": { "type": "LineString", "coordinates": [ [ -1.2717607, 51.7519065 ], [ -1.2716329, 51.7518906 ], [ -1.2716027, 51.7517732 ], [ -1.2715391, 51.7516313 ] ] } },
{ "type": "Feature", "properties": { "id": 21271, "nach": 0.67195814874440651 }, "geometry": { "type": "LineString", "coordinates": [ [ -1.2712702, 51.7525663 ], [ -1.2712588, 51.7525329 ] ] } },
{ "type": "Feature", "properties": { "id": 35789, "nach": 0.64549659857356168 }, "geometry": { "type": "LineString", "coordinates": [ [ -1.2711751, 51.7525397 ], [ -1.2712588, 51.7525329 ] ] } },
{ "type": "Feature", "properties": { "id": 30229, "nach": 0.57414189429073281 }, "geometry": { "type": "LineString", "coordinates": [ [ -1.2717756, 51.752186 ], [ -1.2717909, 51.7521531 ] ] } },
{ "type": "Feature", "properties": { "id": 30231, "nach": 0.50352020116697449 }, "geometry": { "type": "LineString", "coordinates": [ [ -1.2722722, 51.752237800000017 ], [ -1.2719431, 51.752256 ], [ -1.2718385, 51.7522282 ], [ -1.2717756, 51.752186 ] ] } },
{ "type": "Feature", "properties": { "id": 2613, "nach": 0.4853235263963207 }, "geometry": { "type": "LineString", "coordinates": [ [ -1.2715548, 51.7508637 ], [ -1.2717082, 51.7516165 ] ] } },
{ "type": "Feature", "properties": { "id": 53053, "nach": 0.0 }, "geometry": { "type": "LineString", "coordinates": [ [ -1.2720825, 51.7518726 ], [ -1.2720752, 51.7518423 ], [ -1.2722423, 51.7516882 ], [ -1.2722182, 51.7515698 ], [ -1.2717082, 51.7516165 ] ] } },
{ "type": "Feature", "properties": { "id": 53050, "nach": 0.55276548201931086 }, "geometry": { "type": "LineString", "coordinates": [ [ -1.2717607, 51.7519065 ], [ -1.27179, 51.752013 ], [ -1.271802, 51.752018200000016 ], [ -1.2718174, 51.7520923 ], [ -1.2717909, 51.7521531 ] ] } },
{ "type": "Feature", "properties": { "id": 53055, "nach": 0.50049450681559771 }, "geometry": { "type": "LineString", "coordinates": [ [ -1.2720825, 51.7518726 ], [ -1.2719896, 51.7518824 ], [ -1.271872, 51.7518948 ], [ -1.2718454, 51.7518976 ], [ -1.2718293, 51.7518993 ], [ -1.2717607, 51.7519065 ] ] } },
{ "type": "Feature", "properties": { "id": 53054, "nach": 0.0 }, "geometry": { "type": "LineString", "coordinates": [ [ -1.2720825, 51.7518726 ], [ -1.2720885, 51.751897200000016 ], [ -1.272307, 51.7520176 ], [ -1.2723219, 51.752097299999988 ], [ -1.2717909, 51.7521531 ] ] } },
{ "type": "Feature", "properties": { "id": 26179, "nach": 0.46998236818972416 }, "geometry": { "type": "LineString", "coordinates": [ [ -1.2718457, 51.7525997 ], [ -1.271836, 51.752541100000016 ] ] } },
{ "type": "Feature", "properties": { "id": 15494, "nach": 0.67551767671891838 }, "geometry": { "type": "LineString", "coordinates": [ [ -1.271608, 51.7525669 ], [ -1.2717261, 51.7525503 ], [ -1.271836, 51.752541100000016 ] ] } },
{ "type": "Feature", "properties": { "id": 26181, "nach": 0.6969410312378268 }, "geometry": { "type": "LineString", "coordinates": [ [ -1.2718457, 51.7525997 ], [ -1.271765, 51.7526052 ], [ -1.2716192, 51.7526156 ] ] } },
{ "type": "Feature", "properties": { "id": 32711, "nach": 0.55862999246804268 }, "geometry": { "type": "LineString", "coordinates": [ [ -1.2719938, 51.7535506 ], [ -1.2719142, 51.753027 ], [ -1.2718861, 51.7528225 ], [ -1.2718457, 51.7525997 ] ] } },
{ "type": "Feature", "properties": { "id": 26204, "nach": 0.69270791171547541 }, "geometry": { "type": "LineString", "coordinates": [ [ -1.2721193, 51.7525832 ], [ -1.2719349, 51.7525914 ], [ -1.2718457, 51.7525997 ] ] } },
{ "type": "Feature", "properties": { "id": 15491, "nach": 0.60029666331597065 }, "geometry": { "type": "LineString", "coordinates": [ [ -1.271608, 51.7525669 ], [ -1.2712867, 51.7526129 ] ] } },
{ "type": "Feature", "properties": { "id": 25205, "nach": 0.68096375442169343 }, "geometry": { "type": "LineString", "coordinates": [ [ -1.2716192, 51.7526156 ], [ -1.271608, 51.7525669 ] ] } },
{ "type": "Feature", "properties": { "id": 21267, "nach": 0.72983203047780376 }, "geometry": { "type": "LineString", "coordinates": [ [ -1.2715996, 51.7525353 ], [ -1.271608, 51.7525669 ] ] } },
{ "type": "Feature", "properties": { "id": 21270, "nach": 0.64108276638603845 }, "geometry": { "type": "LineString", "coordinates": [ [ -1.2712702, 51.7525663 ], [ -1.2712867, 51.7526129 ] ] } },
{ "type": "Feature", "properties": { "id": 26228, "nach": 0.66549220398632025 }, "geometry": { "type": "LineString", "coordinates": [ [ -1.2711357, 51.7526895 ], [ -1.271138, 51.7526374 ], [ -1.2712867, 51.7526129 ] ] } },
{ "type": "Feature", "properties": { "id": 21272, "nach": 0.74177196699052428 }, "geometry": { "type": "LineString", "coordinates": [ [ -1.2712702, 51.7525663 ], [ -1.271051, 51.7526111 ] ] } },
{ "type": "Feature", "properties": { "id": 21273, "nach": 0.75030356833669465 }, "geometry": { "type": "LineString", "coordinates": [ [ -1.2712702, 51.7525663 ], [ -1.2713768, 51.7525567 ], [ -1.2715996, 51.7525353 ] ] } },
{ "type": "Feature", "properties": { "id": 26227, "nach": 0.60073401246199454 }, "geometry": { "type": "LineString", "coordinates": [ [ -1.2711357, 51.7526895 ], [ -1.2712215, 51.752667 ], [ -1.2714562, 51.752627 ], [ -1.2716192, 51.7526156 ] ] } },
{ "type": "Feature", "properties": { "id": 58997, "nach": 0.6864166237903504 }, "geometry": { "type": "LineString", "coordinates": [ [ -1.2711159, 51.752915 ], [ -1.2711204, 51.7528621 ], [ -1.2711357, 51.7526895 ] ] } },
{ "type": "Feature", "properties": { "id": 2628, "nach": 0.67798489842305987 }, "geometry": { "type": "LineString", "coordinates": [ [ -1.2706989, 51.7503142 ], [ -1.2707681, 51.7505583 ] ] } },
{ "type": "Feature", "properties": { "id": 49270, "nach": 0.68741520038871062 }, "geometry": { "type": "LineString", "coordinates": [ [ -1.2703209, 51.7506157 ], [ -1.2707681, 51.7505583 ] ] } },
{ "type": "Feature", "properties": { "id": 51586, "nach": 0.64181359066309007 }, "geometry": { "type": "LineString", "coordinates": [ [ -1.270779, 51.7502126 ], [ -1.2706989, 51.7503142 ] ] } },
{ "type": "Feature", "properties": { "id": 38447, "nach": 0.5976552245732154 }, "geometry": { "type": "LineString", "coordinates": [ [ -1.2704857, 51.7492098 ], [ -1.2705388, 51.7495206 ], [ -1.2705663, 51.749682 ], [ -1.270587, 51.7498031 ], [ -1.2706091, 51.7499322 ], [ -1.2706604, 51.7501845 ], [ -1.2706989, 51.7503142 ] ] } },
{ "type": "Feature", "properties": { "id": 49271, "nach": 0.69718418284370454 }, "geometry": { "type": "LineString", "coordinates": [ [ -1.2703209, 51.7506157 ], [ -1.2701687, 51.7506353 ] ] } },
{ "type": "Feature", "properties": { "id": 49274, "nach": 0.57907831655420383 }, "geometry": { "type": "LineString", "coordinates": [ [ -1.270297, 51.7505173 ], [ -1.2703035, 51.7505449 ], [ -1.2703124, 51.75057910000001 ], [ -1.2703209, 51.7506157 ] ] } },
{ "type": "Feature", "properties": { "id": 37652, "nach": 0.45972172384584314 }, "geometry": { "type": "LineString", "coordinates": [ [ -1.2701771, 51.7506656 ], [ -1.2701687, 51.7506353 ] ] } },
{ "type": "Feature", "properties": { "id": 49282, "nach": 0.70070366854333888 }, "geometry": { "type": "LineString", "coordinates": [ [ -1.2700558, 51.7506497 ], [ -1.2701687, 51.7506353 ] ] } },
{ "type": "Feature", "properties": { "id": 37651, "nach": 0.5066976773866001 }, "geometry": { "type": "LineString", "coordinates": [ [ -1.2701771, 51.7506656 ], [ -1.2702404, 51.7508941 ] ] } },
{ "type": "Feature", "properties": { "id": 37654, "nach": 0.52407288093696258 }, "geometry": { "type": "LineString", "coordinates": [ [ -1.2701771, 51.7506656 ], [ -1.2707064, 51.7506049 ], [ -1.2708648, 51.751284100000021 ], [ -1.2709613, 51.7516412 ], [ -1.2710347, 51.7519748 ], [ -1.2711143, 51.7522777 ], [ -1.2711616, 51.7524557 ], [ -1.2711806, 51.7525337 ], [ -1.2711751, 51.7525397 ] ] } },
{ "type": "Feature", "properties": { "id": 49287, "nach": 0.55891116114601069 }, "geometry": { "type": "LineString", "coordinates": [ [ -1.2700597, 51.7506798 ], [ -1.2701189, 51.7506723 ], [ -1.2701771, 51.7506656 ] ] } },
{ "type": "Feature", "properties": { "id": 49283, "nach": 0.70243650373948585 }, "geometry": { "type": "LineString", "coordinates": [ [ -1.2700558, 51.7506497 ], [ -1.2700317, 51.7506528 ] ] } },
{ "type": "Feature", "properties": { "id": 49285, "nach": 0.35991274222689246 }, "geometry": { "type": "LineString", "coordinates": [ [ -1.2700597, 51.7506798 ], [ -1.2700558, 51.7506497 ] ] } },
{ "type": "Feature", "properties": { "id": 51585, "nach": 0.6217359371095621 }, "geometry": { "type": "LineString", "coordinates": [ [ -1.270779, 51.7502126 ], [ -1.2710987, 51.7498074 ] ] } },
{ "type": "Feature", "properties": { "id": 51588, "nach": 0.48776812073936304 }, "geometry": { "type": "LineString", "coordinates": [ [ -1.2715435, 51.750123800000011 ], [ -1.2711708, 51.7501671 ], [ -1.270779, 51.7502126 ] ] } },
{ "type": "Feature", "properties": { "id": 38446, "nach": 0.57110675095210506 }, "geometry": { "type": "LineString", "coordinates": [ [ -1.2704857, 51.7492098 ], [ -1.2704612, 51.74903650000001 ], [ -1.2704571, 51.749015 ], [ -1.2704491, 51.748993 ], [ -1.270433, 51.7489718 ], [ -1.270413, 51.7489521 ] ] } },
{ "type": "Feature", "properties": { "id": 46113, "nach": 0.54798146364538647 }, "geometry": { "type": "LineString", "coordinates": [ [ -1.2707018, 51.749199100000013 ], [ -1.2704857, 51.7492098 ] ] } },
{ "type": "Feature", "properties": { "id": 4955, "nach": 0.50408423788257395 }, "geometry": { "type": "LineString", "coordinates": [ [ -1.2656482, 51.7474373 ], [ -1.2658783, 51.7474108 ], [ -1.2661198, 51.747383 ], [ -1.2666262, 51.7472608 ], [ -1.2669266, 51.747197 ], [ -1.2670672, 51.7471865 ], [ -1.2673558, 51.7471651 ], [ -1.2674188, 51.7471706 ], [ -1.2675542, 51.747327699999985 ], [ -1.267628, 51.7474406 ], [ -1.267786, 51.7475954 ], [ -1.2679477, 51.7477571 ], [ -1.2681622, 51.747910799999985 ], [ -1.2703331, 51.7488539 ], [ -1.270413, 51.7489521 ] ] } },
{ "type": "Feature", "properties": { "id": 44226, "nach": 0.53039496088531712 }, "geometry": { "type": "LineString", "coordinates": [ [ -1.2704421, 51.7488484 ], [ -1.2704363, 51.7488643 ], [ -1.2704265, 51.7488799 ], [ -1.2704162, 51.7489008 ], [ -1.2704109, 51.7489182 ], [ -1.270413, 51.7489521 ] ] } },
{ "type": "Feature", "properties": { "id": 44229, "nach": 0.48087934884056532 }, "geometry": { "type": "LineString", "coordinates": [ [ -1.2681195, 51.7477644 ], [ -1.2681833, 51.7478339 ], [ -1.2682396, 51.7478754 ], [ -1.2683096, 51.7479071 ], [ -1.2703287, 51.7487476 ], [ -1.2703827, 51.74877870000001 ], [ -1.2704216, 51.7488136 ], [ -1.2704421, 51.7488484 ] ] } },
{ "type": "Feature", "properties": { "id": 46122, "nach": 0.0 }, "geometry": { "type": "LineString", "coordinates": [ [ -1.2713904, 51.74968770000001 ], [ -1.2712659, 51.749542200000015 ], [ -1.2714939, 51.7494325 ], [ -1.2714772, 51.749314 ], [ -1.2715352, 51.7491883 ], [ -1.2709889, 51.7488045 ], [ -1.2709602, 51.7488235 ], [ -1.2708514, 51.748887 ], [ -1.2707813, 51.7489209 ], [ -1.2707204, 51.7489325 ], [ -1.2706239, 51.7489376 ], [ -1.2705408, 51.7489036 ], [ -1.2704421, 51.7488484 ] ] } },
{ "type": "Feature", "properties": { "id": 46110, "nach": 0.47840646171863249 }, "geometry": { "type": "LineString", "coordinates": [ [ -1.2707123, 51.7492684 ], [ -1.2707237, 51.74936670000001 ] ] } },
{ "type": "Feature", "properties": { "id": 46111, "nach": 0.5267577756941354 }, "geometry": { "type": "LineString", "coordinates": [ [ -1.2707123, 51.7492684 ], [ -1.2708246, 51.7492643 ], [ -1.2708704, 51.74929310000001 ], [ -1.2709013, 51.7493303 ], [ -1.2709095, 51.7493893 ] ] } },
{ "type": "Feature", "properties": { "id": 46115, "nach": 0.42472569812751509 }, "geometry": { "type": "LineString", "coordinates": [ [ -1.2707018, 51.749199100000013 ], [ -1.2707123, 51.7492684 ] ] } },
{ "type": "Feature", "properties": { "id": 38441, "nach": 0.58503454890258066 }, "geometry": { "type": "LineString", "coordinates": [ [ -1.2709095, 51.7493893 ], [ -1.2709379, 51.7496493 ], [ -1.2709821, 51.7497236 ], [ -1.2710987, 51.7498074 ] ] } },
{ "type": "Feature", "properties": { "id": 46121, "nach": 0.53026438678891019 }, "geometry": { "type": "LineString", "coordinates": [ [ -1.2713904, 51.74968770000001 ], [ -1.2711881, 51.7497568 ], [ -1.2710987, 51.7498074 ] ] } },
{ "type": "Feature", "properties": { "id": 38442, "nach": 0.5156438801001817 }, "geometry": { "type": "LineString", "coordinates": [ [ -1.2710717, 51.7493828 ], [ -1.2709095, 51.7493893 ] ] } },
{ "type": "Feature", "properties": { "id": 46120, "nach": 0.47642163611251165 }, "geometry": { "type": "LineString", "coordinates": [ [ -1.2713904, 51.74968770000001 ], [ -1.2715681, 51.749627 ], [ -1.2715055, 51.7495853 ], [ -1.2717307, 51.7494885 ] ] } },
{ "type": "Feature", "properties": { "id": 44608, "nach": 0.18270493454819292 }, "geometry": { "type": "LineString", "coordinates": [ [ -1.2771317, 51.7501555 ], [ -1.2772035, 51.7501733 ] ] } },
{ "type": "Feature", "properties": { "id": 57474, "nach": 0.63549055637591367 }, "geometry": { "type": "LineString", "coordinates": [ [ -1.2771682, 51.7502095 ], [ -1.2772035, 51.7501733 ] ] } },
{ "type": "Feature", "properties": { "id": 25681, "nach": 0.6336269471476037 }, "geometry": { "type": "LineString", "coordinates": [ [ -1.2774958, 51.7498057 ], [ -1.2772592, 51.7501143 ], [ -1.2772035, 51.7501733 ] ] } },
{ "type": "Feature", "properties": { "id": 44607, "nach": 0.5310535772606616 }, "geometry": { "type": "LineString", "coordinates": [ [ -1.2771317, 51.7501555 ], [ -1.2755953, 51.749833700000011 ] ] } },
{ "type": "Feature", "properties": { "id": 44612, "nach": 0.57811752275244244 }, "geometry": { "type": "LineString", "coordinates": [ [ -1.2774634, 51.7497989 ], [ -1.2771317, 51.7501555 ] ] } },
{ "type": "Feature", "properties": { "id": 57470, "nach": 0.59102713948828201 }, "geometry": { "type": "LineString", "coordinates": [ [ -1.2770969, 51.7501914 ], [ -1.2771317, 51.7501555 ] ] } },
{ "type": "Feature", "properties": { "id": 57476, "nach": 0.63754175350718389 }, "geometry": { "type": "LineString", "coordinates": [ [ -1.2771682, 51.7502095 ], [ -1.2768671, 51.7505176 ], [ -1.2766831, 51.7506853 ] ] } },
{ "type": "Feature", "properties": { "id": 57475, "nach": 0.18263999235599671 }, "geometry": { "type": "LineString", "coordinates": [ [ -1.2771682, 51.7502095 ], [ -1.2770969, 51.7501914 ] ] } },
{ "type": "Feature", "properties": { "id": 44611, "nach": 0.62381522953590174 }, "geometry": { "type": "LineString", "coordinates": [ [ -1.2774634, 51.7497989 ], [ -1.2774958, 51.7498057 ] ] } },
{ "type": "Feature", "properties": { "id": 27403, "nach": 0.60379089825601184 }, "geometry": { "type": "LineString", "coordinates": [ [ -1.2776276, 51.7496226 ], [ -1.2775936, 51.7496781 ], [ -1.2774958, 51.7498057 ] ] } },
{ "type": "Feature", "properties": { "id": 25686, "nach": 0.6070866423333342 }, "geometry": { "type": "LineString", "coordinates": [ [ -1.2755709, 51.748484 ], [ -1.275347, 51.7484089 ] ] } },
{ "type": "Feature", "properties": { "id": 23861, "nach": 0.55794953001529635 }, "geometry": { "type": "LineString", "coordinates": [ [ -1.2754572, 51.748246600000016 ], [ -1.275347, 51.7484089 ] ] } },
{ "type": "Feature", "properties": { "id": 25690, "nach": 0.48110387222774537 }, "geometry": { "type": "LineString", "coordinates": [ [ -1.2758202, 51.7485508 ], [ -1.2755709, 51.748484 ] ] } },
{ "type": "Feature", "properties": { "id": 44622, "nach": 0.61177004650005862 }, "geometry": { "type": "LineString", "coordinates": [ [ -1.2755567, 51.7485063 ], [ -1.2755709, 51.748484 ] ] } },
{ "type": "Feature", "properties": { "id": 23860, "nach": 0.53849093685946314 }, "geometry": { "type": "LineString", "coordinates": [ [ -1.2754572, 51.748246600000016 ], [ -1.2743886, 51.7479477 ], [ -1.2744892, 51.7478067 ], [ -1.2755639, 51.7481012 ] ] } },
{ "type": "Feature", "properties": { "id": 44626, "nach": 0.63168635497163694 }, "geometry": { "type": "LineString", "coordinates": [ [ -1.2750314, 51.7483421 ], [ -1.2749207, 51.7484956 ] ] } },
{ "type": "Feature", "properties": { "id": 44629, "nach": 0.66581759668671148 }, "geometry": { "type": "LineString", "coordinates": [ [ -1.2750314, 51.7483421 ], [ -1.2755567, 51.7485063 ] ] } },
{ "type": "Feature", "properties": { "id": 21268, "nach": 0.68266440341904411 }, "geometry": { "type": "LineString", "coordinates": [ [ -1.2715996, 51.7525353 ], [ -1.2718903, 51.752510799999989 ], [ -1.272116, 51.7525135 ], [ -1.2723733, 51.7525258 ], [ -1.272884, 51.7525076 ], [ -1.2729367, 51.7524987 ] ] } },
{ "type": "Feature", "properties": { "id": 39276, "nach": 0.51796559605438375 }, "geometry": { "type": "LineString", "coordinates": [ [ -1.2743453, 51.7484081 ], [ -1.2741659, 51.7483753 ] ] } },
{ "type": "Feature", "properties": { "id": 25511, "nach": 0.44094916024251296 }, "geometry": { "type": "LineString", "coordinates": [ [ -1.2735709, 51.748277 ], [ -1.274052, 51.7483928 ], [ -1.2741659, 51.7483753 ] ] } },
{ "type": "Feature", "properties": { "id": 39277, "nach": 0.5267851958375791 }, "geometry": { "type": "LineString", "coordinates": [ [ -1.2743453, 51.7484081 ], [ -1.2745822, 51.7484514 ] ] } },
{ "type": "Feature", "properties": { "id": 39279, "nach": 0.4461834195383369 }, "geometry": { "type": "LineString", "coordinates": [ [ -1.2744222, 51.7482821 ], [ -1.2743453, 51.7484081 ] ] } },
{ "type": "Feature", "properties": { "id": 33961, "nach": 0.61311021116071995 }, "geometry": { "type": "LineString", "coordinates": [ [ -1.2748954, 51.7485327 ], [ -1.2749207, 51.7484956 ] ] } },
{ "type": "Feature", "properties": { "id": 32400, "nach": 0.50103952211355884 }, "geometry": { "type": "LineString", "coordinates": [ [ -1.2750625, 51.7485301 ], [ -1.2749207, 51.7484956 ] ] } },
{ "type": "Feature", "properties": { "id": 33960, "nach": 0.57475311398320161 }, "geometry": { "type": "LineString", "coordinates": [ [ -1.2748954, 51.7485327 ], [ -1.2748456, 51.7486062 ] ] } },
{ "type": "Feature", "properties": { "id": 33962, "nach": 0.53653919385887772 }, "geometry": { "type": "LineString", "coordinates": [ [ -1.2748954, 51.7485327 ], [ -1.2745822, 51.7484514 ] ] } },
{ "type": "Feature", "properties": { "id": 32406, "nach": 0.45075622935674109 }, "geometry": { "type": "LineString", "coordinates": [ [ -1.2751013, 51.7484681 ], [ -1.2750625, 51.7485301 ] ] } },
{ "type": "Feature", "properties": { "id": 32405, "nach": 0.0 }, "geometry": { "type": "LineString", "coordinates": [ [ -1.2748456, 51.7486062 ], [ -1.2749959, 51.7486409 ], [ -1.2750625, 51.7485301 ] ] } },
{ "type": "Feature", "properties": { "id": 32755, "nach": 0.43275004343518303 }, "geometry": { "type": "LineString", "coordinates": [ [ -1.2744544, 51.7493979 ], [ -1.2745342, 51.7492903 ] ] } },
{ "type": "Feature", "properties": { "id": 25684, "nach": 0.52928674874383141 }, "geometry": { "type": "LineString", "coordinates": [ [ -1.2746939, 51.7490389 ], [ -1.274582, 51.7492191 ], [ -1.2745342, 51.7492903 ] ] } },
{ "type": "Feature", "properties": { "id": 32756, "nach": 0.42856765473037128 }, "geometry": { "type": "LineString", "coordinates": [ [ -1.27482, 51.749504 ], [ -1.2749034, 51.749400699999988 ], [ -1.2745342, 51.7492903 ] ] } },
{ "type": "Feature", "properties": { "id": 32754, "nach": 0.42922741042748203 }, "geometry": { "type": "LineString", "coordinates": [ [ -1.274116, 51.7493001 ], [ -1.274195, 51.7491967 ], [ -1.2745342, 51.7492903 ] ] } },
{ "type": "Feature", "properties": { "id": 25683, "nach": 0.4392567709599739 }, "geometry": { "type": "LineString", "coordinates": [ [ -1.2746939, 51.7490389 ], [ -1.2745645, 51.7490196 ] ] } },
{ "type": "Feature", "properties": { "id": 32404, "nach": 0.56079116898934056 }, "geometry": { "type": "LineString", "coordinates": [ [ -1.2748456, 51.7486062 ], [ -1.2747631, 51.7487194 ], [ -1.2747482, 51.7487767 ], [ -1.2747566, 51.748867 ], [ -1.2747501, 51.7489526 ], [ -1.2746939, 51.7490389 ] ] } },
{ "type": "Feature", "properties": { "id": 50432, "nach": 0.44671853050919785 }, "geometry": { "type": "LineString", "coordinates": [ [ -1.2747732, 51.7500213 ], [ -1.2751283, 51.7500205 ], [ -1.2754623, 51.750079 ], [ -1.2755601, 51.7498987 ], [ -1.2755953, 51.749833700000011 ] ] } },
{ "type": "Feature", "properties": { "id": 54688, "nach": 0.45427691598151132 }, "geometry": { "type": "LineString", "coordinates": [ [ -1.2751875, 51.7497473 ], [ -1.2754964, 51.7498128 ], [ -1.2755953, 51.749833700000011 ] ] } },
{ "type": "Feature", "properties": { "id": 27330, "nach": 0.44534881139172761 }, "geometry": { "type": "LineString", "coordinates": [ [ -1.2702434, 51.7466585 ], [ -1.2701239, 51.7465976 ] ] } },
{ "type": "Feature", "properties": { "id": 27331, "nach": 0.52404087840366675 }, "geometry": { "type": "LineString", "coordinates": [ [ -1.2702434, 51.7466585 ], [ -1.2704157, 51.7467541 ] ] } },
{ "type": "Feature", "properties": { "id": 27329, "nach": 0.44398139648101026 }, "geometry": { "type": "LineString", "coordinates": [ [ -1.2702434, 51.7466585 ], [ -1.2704103, 51.7465535 ] ] } },
{ "type": "Feature", "properties": { "id": 20694, "nach": 0.52439958065529368 }, "geometry": { "type": "LineString", "coordinates": [ [ -1.269674, 51.7531431 ], [ -1.269651, 51.7530577 ] ] } },
{ "type": "Feature", "properties": { "id": 24081, "nach": 0.56874805850025212 }, "geometry": { "type": "LineString", "coordinates": [ [ -1.2691497, 51.7531066 ], [ -1.269651, 51.7530577 ] ] } },
{ "type": "Feature", "properties": { "id": 26245, "nach": 0.0 }, "geometry": { "type": "LineString", "coordinates": [ [ -1.2690452, 51.7528764 ], [ -1.2690632, 51.7528746 ], [ -1.2697755, 51.7527903 ], [ -1.2698371, 51.7529845 ], [ -1.269774, 51.7530437 ], [ -1.269651, 51.7530577 ] ] } },
{ "type": "Feature", "properties": { "id": 20695, "nach": 0.39347177606219857 }, "geometry": { "type": "LineString", "coordinates": [ [ -1.269674, 51.7531431 ], [ -1.2697512, 51.75339120000001 ], [ -1.2697717, 51.7534655 ] ] } },
{ "type": "Feature", "properties": { "id": 20706, "nach": 0.1144698145944076 }, "geometry": { "type": "LineString", "coordinates": [ [ -1.2696797, 51.7534463 ], [ -1.2697189, 51.753443 ], [ -1.2696317, 51.753147 ], [ -1.269674, 51.7531431 ] ] } },
{ "type": "Feature", "properties": { "id": 24082, "nach": 0.63921331186090191 }, "geometry": { "type": "LineString", "coordinates": [ [ -1.2691497, 51.7531066 ], [ -1.2691855, 51.753138 ], [ -1.2692449, 51.7531428 ], [ -1.2695796, 51.7531047 ], [ -1.2696797, 51.7534463 ] ] } },
{ "type": "Feature", "properties": { "id": 26122, "nach": 0.54662502833309368 }, "geometry": { "type": "LineString", "coordinates": [ [ -1.2690976, 51.7529938 ], [ -1.2691247, 51.7530596 ], [ -1.2691497, 51.7531066 ] ] } },
{ "type": "Feature", "properties": { "id": 26244, "nach": 0.6735454856269284 }, "geometry": { "type": "LineString", "coordinates": [ [ -1.2690452, 51.7528764 ], [ -1.2690976, 51.7529938 ] ] } },
{ "type": "Feature", "properties": { "id": 58998, "nach": 0.66769463158371378 }, "geometry": { "type": "LineString", "coordinates": [ [ -1.2711159, 51.752915 ], [ -1.2710447, 51.7529244 ], [ -1.270991, 51.7529273 ], [ -1.2708661, 51.752928 ], [ -1.2707575, 51.7529251 ], [ -1.2706501, 51.7529208 ], [ -1.2706139, 51.7529184 ], [ -1.2705871, 51.7529143 ], [ -1.2705666, 51.7529081 ], [ -1.2705462, 51.75289690000001 ], [ -1.2705356, 51.75288590000001 ], [ -1.2705263, 51.7528724 ], [ -1.2705007, 51.7528023 ], [ -1.270482, 51.7527632 ], [ -1.2704737, 51.7527494 ], [ -1.2704587, 51.7527339 ], [ -1.270435, 51.7527234 ], [ -1.270408, 51.7527212 ], [ -1.2702688, 51.7527268 ], [ -1.2699707, 51.7527387 ], [ -1.2691812, 51.7528093 ], [ -1.2690868, 51.7528231 ], [ -1.2690622, 51.7528351 ], [ -1.2690435, 51.7528442 ], [ -1.2690452, 51.7528764 ] ] } },
{ "type": "Feature", "properties": { "id": 4887, "nach": 0.59455939244110678 }, "geometry": { "type": "LineString", "coordinates": [ [ -1.2829776, 51.7451477 ], [ -1.2825941, 51.744988700000015 ] ] } },
{ "type": "Feature", "properties": { "id": 48895, "nach": 0.58784921038768323 }, "geometry": { "type": "LineString", "coordinates": [ [ -1.2822917, 51.7448057 ], [ -1.2823637, 51.7448676 ], [ -1.2825941, 51.744988700000015 ] ] } },
{ "type": "Feature", "properties": { "id": 44333, "nach": 0.40497284200389372 }, "geometry": { "type": "LineString", "coordinates": [ [ -1.2829688, 51.744627799999989 ], [ -1.2828874, 51.7447279 ], [ -1.2829076, 51.7447751 ], [ -1.2828046, 51.7448507 ], [ -1.2826954, 51.744889 ], [ -1.2825941, 51.744988700000015 ] ] } },
{ "type": "Feature", "properties": { "id": 48945, "nach": 0.40294990818412157 }, "geometry": { "type": "LineString", "coordinates": [ [ -1.2818026, 51.74522540000001 ], [ -1.2822537, 51.744961600000011 ], [ -1.2825196, 51.7450585 ], [ -1.2825941, 51.744988700000015 ] ] } },
{ "type": "Feature", "properties": { "id": 4889, "nach": 0.52418843216565325 }, "geometry": { "type": "LineString", "coordinates": [ [ -1.2829776, 51.7451477 ], [ -1.2829436, 51.7451845 ], [ -1.2822779, 51.7459029 ], [ -1.2822048, 51.7459772 ], [ -1.2821193, 51.7460722 ], [ -1.2821625, 51.74609250000001 ], [ -1.2819651, 51.7461658 ], [ -1.2818592, 51.746331 ], [ -1.2817372, 51.7464344 ], [ -1.2816173, 51.7465432 ] ] } },
{ "type": "Feature", "properties": { "id": 48896, "nach": 0.42729127213620588 }, "geometry": { "type": "LineString", "coordinates": [ [ -1.2822917, 51.7448057 ], [ -1.282139, 51.7448333 ], [ -1.2816713, 51.7448452 ], [ -1.2811541, 51.7448188 ] ] } },
{ "type": "Feature", "properties": { "id": 48894, "nach": 0.57733917013300484 }, "geometry": { "type": "LineString", "coordinates": [ [ -1.2822917, 51.7448057 ], [ -1.2822501, 51.74477 ] ] } },
{ "type": "Feature", "properties": { "id": 4378, "nach": 0.54919084732690104 }, "geometry": { "type": "LineString", "coordinates": [ [ -1.280409, 51.743645 ], [ -1.2803967, 51.743725899999987 ] ] } },
{ "type": "Feature", "properties": { "id": 4891, "nach": 0.57264572924638624 }, "geometry": { "type": "LineString", "coordinates": [ [ -1.2817353, 51.7444345 ], [ -1.2816343, 51.7443875 ], [ -1.2814068, 51.744275100000017 ], [ -1.2810754, 51.7441074 ], [ -1.2807971, 51.7439587 ], [ -1.2805203, 51.7438165 ], [ -1.2803967, 51.743725899999987 ] ] } },
{ "type": "Feature", "properties": { "id": 4391, "nach": 0.52119933664739215 }, "geometry": { "type": "LineString", "coordinates": [ [ -1.2796919, 51.7435172 ], [ -1.2799411, 51.7435913 ], [ -1.2802094, 51.74366770000001 ], [ -1.2803967, 51.743725899999987 ] ] } },
{ "type": "Feature", "properties": { "id": 34879, "nach": 0.37484920094303387 }, "geometry": { "type": "LineString", "coordinates": [ [ -1.2800852, 51.743946200000011 ], [ -1.2803364, 51.74376860000001 ], [ -1.2803967, 51.743725899999987 ] ] } },
{ "type": "Feature", "properties": { "id": 4381, "nach": 0.52017983328035811 }, "geometry": { "type": "LineString", "coordinates": [ [ -1.2805259, 51.74358010000001 ], [ -1.280409, 51.743645 ] ] } },
{ "type": "Feature", "properties": { "id": 50643, "nach": 0.4834559245186455 }, "geometry": { "type": "LineString", "coordinates": [ [ -1.2802494, 51.7435112 ], [ -1.280409, 51.743645 ] ] } },
{ "type": "Feature", "properties": { "id": 43103, "nach": 0.57000185797095937 }, "geometry": { "type": "LineString", "coordinates": [ [ -1.2822501, 51.74477 ], [ -1.2820627, 51.7446091 ], [ -1.2817353, 51.7444345 ] ] } },
{ "type": "Feature", "properties": { "id": 30586, "nach": 0.39559104037629561 }, "geometry": { "type": "LineString", "coordinates": [ [ -1.2811541, 51.7448188 ], [ -1.2817156, 51.7444479 ], [ -1.2817353, 51.7444345 ] ] } },
{ "type": "Feature", "properties": { "id": 4393, "nach": 0.50588759225665547 }, "geometry": { "type": "LineString", "coordinates": [ [ -1.2794663, 51.743442700000017 ], [ -1.2796919, 51.7435172 ] ] } },
{ "type": "Feature", "properties": { "id": 50655, "nach": 0.3696550961301695 }, "geometry": { "type": "LineString", "coordinates": [ [ -1.279847, 51.743417 ], [ -1.2797499, 51.743440200000016 ], [ -1.2796919, 51.7435172 ] ] } },
{ "type": "Feature", "properties": { "id": 4384, "nach": 0.50562911785576614 }, "geometry": { "type": "LineString", "coordinates": [ [ -1.2808485, 51.743405099999983 ], [ -1.2805259, 51.74358010000001 ] ] } },
{ "type": "Feature", "properties": { "id": 50647, "nach": 0.37143675612075888 }, "geometry": { "type": "LineString", "coordinates": [ [ -1.2804537, 51.7434309 ], [ -1.2804662, 51.743506 ], [ -1.2805259, 51.74358010000001 ] ] } },
{ "type": "Feature", "properties": { "id": 50646, "nach": 0.37088051857893667 }, "geometry": { "type": "LineString", "coordinates": [ [ -1.2802395, 51.7434342 ], [ -1.2802494, 51.7435112 ] ] } },
{ "type": "Feature", "properties": { "id": 50663, "nach": 0.44712593788880173 }, "geometry": { "type": "LineString", "coordinates": [ [ -1.2801227, 51.7435 ], [ -1.2801592, 51.7435032 ], [ -1.2802494, 51.7435112 ] ] } },
{ "type": "Feature", "properties": { "id": 4387, "nach": 0.49811828111765372 }, "geometry": { "type": "LineString", "coordinates": [ [ -1.2810045, 51.7433172 ], [ -1.2808485, 51.743405099999983 ] ] } },
{ "type": "Feature", "properties": { "id": 50648, "nach": 0.37154637468942064 }, "geometry": { "type": "LineString", "coordinates": [ [ -1.2806332, 51.7433332 ], [ -1.280684, 51.7433618 ], [ -1.2808485, 51.743405099999983 ] ] } },
{ "type": "Feature", "properties": { "id": 50650, "nach": 0.49288283740781735 }, "geometry": { "type": "LineString", "coordinates": [ [ -1.2811048, 51.743270700000011 ], [ -1.2810045, 51.7433172 ] ] } },
{ "type": "Feature", "properties": { "id": 50649, "nach": 0.37848008674469114 }, "geometry": { "type": "LineString", "coordinates": [ [ -1.2809188, 51.7432506 ], [ -1.2810045, 51.7433172 ] ] } },
{ "type": "Feature", "properties": { "id": 50653, "nach": 0.37870036260322726 }, "geometry": { "type": "LineString", "coordinates": [ [ -1.2810042, 51.7431914 ], [ -1.2811048, 51.743270700000011 ] ] } },
{ "type": "Feature", "properties": { "id": 54853, "nach": 0.48645762618732535 }, "geometry": { "type": "LineString", "coordinates": [ [ -1.2814436, 51.7430935 ], [ -1.2813941, 51.7431271 ], [ -1.281351, 51.7431569 ], [ -1.28123, 51.7432126 ], [ -1.2811048, 51.743270700000011 ] ] } },
{ "type": "Feature", "properties": { "id": 50654, "nach": 0.36598683857154624 }, "geometry": { "type": "LineString", "coordinates": [ [ -1.2795685, 51.7433214 ], [ -1.2794663, 51.743442700000017 ] ] } },
{ "type": "Feature", "properties": { "id": 4397, "nach": 0.48808893301894313 }, "geometry": { "type": "LineString", "coordinates": [ [ -1.2785808, 51.7431314 ], [ -1.2791174, 51.7433323 ], [ -1.2794663, 51.743442700000017 ] ] } },
{ "type": "Feature", "properties": { "id": 49371, "nach": 0.43448334260029792 }, "geometry": { "type": "LineString", "coordinates": [ [ -1.2785626, 51.7429875 ], [ -1.2785808, 51.7431314 ] ] } },
{ "type": "Feature", "properties": { "id": 4400, "nach": 0.4341867587221851 }, "geometry": { "type": "LineString", "coordinates": [ [ -1.2775406, 51.74251850000001 ], [ -1.2783883, 51.7430417 ], [ -1.2784648, 51.7430794 ], [ -1.2785808, 51.7431314 ] ] } },
{ "type": "Feature", "properties": { "id": 49378, "nach": 0.35060251765674433 }, "geometry": { "type": "LineString", "coordinates": [ [ -1.2791945, 51.7426957 ], [ -1.2792114, 51.7426837 ], [ -1.2791775, 51.7426649 ], [ -1.2791162, 51.74264680000001 ], [ -1.278745, 51.742424200000016 ], [ -1.2783424, 51.7426681 ], [ -1.2782851, 51.742635 ], [ -1.278132, 51.7427328 ], [ -1.278192, 51.7427683 ], [ -1.2785626, 51.7429875 ] ] } },
{ "type": "Feature", "properties": { "id": 49374, "nach": 0.36031288250331689 }, "geometry": { "type": "LineString", "coordinates": [ [ -1.2790113, 51.7431541 ], [ -1.2789866, 51.7431694 ], [ -1.2786759, 51.7429856 ], [ -1.2785626, 51.7429875 ] ] } },
{ "type": "Feature", "properties": { "id": 49375, "nach": 0.35356609994836319 }, "geometry": { "type": "LineString", "coordinates": [ [ -1.2792848, 51.7426469 ], [ -1.2792424, 51.742674 ], [ -1.2795373, 51.7428354 ], [ -1.2795509, 51.7428735 ], [ -1.2791858, 51.7431071 ] ] } },
{ "type": "Feature", "properties": { "id": 54851, "nach": 0.41232071709062135 }, "geometry": { "type": "LineString", "coordinates": [ [ -1.2808754, 51.7428724 ], [ -1.2806395, 51.7428801 ], [ -1.2803842, 51.7428478 ], [ -1.2802681, 51.7428331 ], [ -1.2798705, 51.7427307 ], [ -1.279353, 51.742683 ], [ -1.2792848, 51.7426469 ] ] } },
{ "type": "Feature", "properties": { "id": 26202, "nach": 0.55000580282849787 }, "geometry": { "type": "LineString", "coordinates": [ [ -1.2721193, 51.7525832 ], [ -1.272203, 51.7526103 ], [ -1.2722692, 51.7526376 ], [ -1.272323, 51.7526614 ], [ -1.2723555, 51.7526885 ], [ -1.2723985, 51.7527761 ], [ -1.2724126, 51.752818 ], [ -1.2724231, 51.752865600000014 ], [ -1.2724928, 51.75317840000001 ], [ -1.2725281, 51.753409499999982 ], [ -1.2725495, 51.7535589 ] ] } },
{ "type": "Feature", "properties": { "id": 32704, "nach": 0.69526721550716375 }, "geometry": { "type": "LineString", "coordinates": [ [ -1.2732968, 51.7525766 ], [ -1.2728913, 51.7525862 ], [ -1.2723806, 51.75260440000001 ], [ -1.2721193, 51.7525832 ] ] } },
{ "type": "Feature", "properties": { "id": 44299, "nach": 0.49623306197697714 }, "geometry": { "type": "LineString", "coordinates": [ [ -1.2754439, 51.7528232 ], [ -1.2754858, 51.7528636 ] ] } },
{ "type": "Feature", "properties": { "id": 44301, "nach": 0.62086361371505261 }, "geometry": { "type": "LineString", "coordinates": [ [ -1.2754439, 51.7528232 ], [ -1.2753972, 51.752778 ], [ -1.2752416, 51.7526661 ], [ -1.2751516, 51.7526 ], [ -1.2751027, 51.7525592 ], [ -1.2750715, 51.7525319 ], [ -1.2750593, 51.7524969 ] ] } },
{ "type": "Feature", "properties": { "id": 44300, "nach": 0.59269850547677283 }, "geometry": { "type": "LineString", "coordinates": [ [ -1.2754439, 51.7528232 ], [ -1.2753909, 51.7528498 ] ] } },
{ "type": "Feature", "properties": { "id": 32798, "nach": 0.4407236922823245 }, "geometry": { "type": "LineString", "coordinates": [ [ -1.2784627, 51.7544435 ], [ -1.2789643, 51.754267499999983 ], [ -1.2789991, 51.754204500000014 ], [ -1.2785676, 51.7541432 ], [ -1.2785414, 51.7540789 ] ] } },
{ "type": "Feature", "properties": { "id": 4828, "nach": 0.4683786895459715 }, "geometry": { "type": "LineString", "coordinates": [ [ -1.2743028, 51.7555304 ], [ -1.2742402, 51.7553573 ] ] } },
{ "type": "Feature", "properties": { "id": 4827, "nach": 0.39213050949378059 }, "geometry": { "type": "LineString", "coordinates": [ [ -1.273546, 51.7553926 ], [ -1.2736666, 51.7553991 ], [ -1.2739493, 51.7553799 ], [ -1.2742402, 51.7553573 ] ] } },
{ "type": "Feature", "properties": { "id": 44298, "nach": 0.50695589408391295 }, "geometry": { "type": "LineString", "coordinates": [ [ -1.2755529, 51.7537313 ], [ -1.2756658, 51.7538827 ], [ -1.2757635, 51.754184200000012 ], [ -1.2757669, 51.7542277 ], [ -1.2757736, 51.7543127 ], [ -1.2757766, 51.7543502 ], [ -1.2758366, 51.7543769 ], [ -1.2758511, 51.7546483 ], [ -1.2756478, 51.7548291 ], [ -1.2753877, 51.7549927 ], [ -1.2749781, 51.7552412 ], [ -1.2747814, 51.7553142 ], [ -1.2742402, 51.7553573 ] ] } },
{ "type": "Feature", "properties": { "id": 4831, "nach": 0.39649544791691155 }, "geometry": { "type": "LineString", "coordinates": [ [ -1.2744994, 51.7555062 ], [ -1.2743028, 51.7555304 ] ] } },
{ "type": "Feature", "properties": { "id": 4832, "nach": 0.37624740849153027 }, "geometry": { "type": "LineString", "coordinates": [ [ -1.2732537, 51.75558430000001 ], [ -1.2735751, 51.7555779 ], [ -1.2737007, 51.7555685 ], [ -1.2737318, 51.7555662 ], [ -1.2737464, 51.7555932 ], [ -1.2740046, 51.755568 ], [ -1.2743028, 51.7555304 ] ] } },
{ "type": "Feature", "properties": { "id": 44305, "nach": 0.47189798832462437 }, "geometry": { "type": "LineString", "coordinates": [ [ -1.2755653, 51.7538467 ], [ -1.2755529, 51.7537313 ] ] } },
{ "type": "Feature", "properties": { "id": 48940, "nach": 0.56396865034063592 }, "geometry": { "type": "LineString", "coordinates": [ [ -1.2755021, 51.753257100000013 ], [ -1.2755193, 51.753405200000017 ], [ -1.2755529, 51.7537313 ] ] } },
{ "type": "Feature", "properties": { "id": 36490, "nach": 0.40830569647288734 }, "geometry": { "type": "LineString", "coordinates": [ [ -1.2785916, 51.748 ], [ -1.2787464, 51.7480881 ], [ -1.2787681, 51.7481244 ] ] } },
{ "type": "Feature", "properties": { "id": 36489, "nach": 0.37925767654010611 }, "geometry": { "type": "LineString", "coordinates": [ [ -1.2785916, 51.748 ], [ -1.2768814, 51.7472739 ], [ -1.2764369, 51.7470911 ], [ -1.2763016, 51.7470038 ], [ -1.2761865, 51.746893 ], [ -1.2752186, 51.7459602 ], [ -1.2750338, 51.745767 ], [ -1.2748864, 51.7456154 ] ] } },
{ "type": "Feature", "properties": { "id": 33017, "nach": 0.44336331467221479 }, "geometry": { "type": "LineString", "coordinates": [ [ -1.281535, 51.7464992 ], [ -1.2816173, 51.7465432 ] ] } },
{ "type": "Feature", "properties": { "id": 43104, "nach": 0.40328891752584783 }, "geometry": { "type": "LineString", "coordinates": [ [ -1.2822501, 51.74477 ], [ -1.2824225, 51.7446601 ], [ -1.2824722, 51.744615400000022 ], [ -1.2824894, 51.7445831 ], [ -1.2824816, 51.7445655 ], [ -1.2823824, 51.744483099999989 ] ] } },
{ "type": "Feature", "properties": { "id": 37363, "nach": 0.42774797884127608 }, "geometry": { "type": "LineString", "coordinates": [ [ -1.2785062, 51.745023100000012 ], [ -1.278552, 51.7450201 ], [ -1.2805088, 51.7450044 ], [ -1.280832, 51.7449796 ], [ -1.2810514, 51.7448911 ], [ -1.2810674, 51.7448807 ], [ -1.2811447, 51.7448247 ], [ -1.2811541, 51.7448188 ] ] } },
{ "type": "Feature", "properties": { "id": 36481, "nach": 0.27336209303615389 }, "geometry": { "type": "LineString", "coordinates": [ [ -1.2748864, 51.7456154 ], [ -1.2747, 51.7456419 ], [ -1.273805, 51.7457255 ], [ -1.2733002, 51.7457145 ], [ -1.273, 51.7457269 ], [ -1.2725175, 51.7456942 ], [ -1.2716854, 51.745721500000016 ], [ -1.2713831, 51.7458024 ], [ -1.2709413, 51.7459186 ], [ -1.2703789, 51.745961 ], [ -1.270114, 51.7459614 ], [ -1.2695642, 51.7460633 ], [ -1.2693479, 51.7461585 ], [ -1.2691189, 51.746160100000012 ], [ -1.2689861, 51.7461702 ], [ -1.2677394, 51.7465753 ], [ -1.2674463, 51.74664460000001 ] ] } },
{ "type": "Feature", "properties": { "id": 48892, "nach": 0.40069633981202674 }, "geometry": { "type": "LineString", "coordinates": [ [ -1.2685458, 51.7455896 ], [ -1.2686669, 51.7454451 ], [ -1.2691415, 51.7450732 ], [ -1.2698972, 51.7445338 ], [ -1.2702102, 51.7442455 ], [ -1.2712069, 51.743366 ] ] } },
{ "type": "Feature", "properties": { "id": 36484, "nach": 0.21867412546921111 }, "geometry": { "type": "LineString", "coordinates": [ [ -1.2748864, 51.7456154 ], [ -1.2743175, 51.7450602 ], [ -1.2734159, 51.7445699 ], [ -1.2713219, 51.7434297 ], [ -1.2712069, 51.743366 ] ] } },
{ "type": "Feature", "properties": { "id": 37362, "nach": 0.34326771609287882 }, "geometry": { "type": "LineString", "coordinates": [ [ -1.2785062, 51.745023100000012 ], [ -1.2782832, 51.745037600000011 ], [ -1.278135, 51.7450472 ], [ -1.2780938, 51.7450499 ], [ -1.2778529, 51.745069 ], [ -1.2775871, 51.7451307 ], [ -1.2772955, 51.7451399 ], [ -1.2767988, 51.745119699999989 ], [ -1.2762585, 51.7451996 ], [ -1.2759582, 51.7452848 ], [ -1.275602, 51.7454697 ], [ -1.2753282, 51.7455443 ], [ -1.2750056, 51.745571 ], [ -1.2748864, 51.7456154 ] ] } },
{ "type": "Feature", "properties": { "id": 31258, "nach": 0.55899215615619713 }, "geometry": { "type": "LineString", "coordinates": [ [ -1.2834853, 51.7497734 ], [ -1.2834369, 51.7498095 ], [ -1.2833969, 51.7498217 ], [ -1.283355, 51.7498346 ], [ -1.2831174, 51.7498747 ], [ -1.283014, 51.7500767 ], [ -1.2829156, 51.7505196 ], [ -1.2829691, 51.7507028 ] ] } },
{ "type": "Feature", "properties": { "id": 37072, "nach": 0.46745793328406243 }, "geometry": { "type": "LineString", "coordinates": [ [ -1.2828362, 51.751060699999982 ], [ -1.282802, 51.7510587 ], [ -1.2824827, 51.7510407 ] ] } },
{ "type": "Feature", "properties": { "id": 37075, "nach": 0.46845217325628197 }, "geometry": { "type": "LineString", "coordinates": [ [ -1.2827657, 51.7509379 ], [ -1.2828564, 51.75094390000001 ], [ -1.2828362, 51.751060699999982 ] ] } },
{ "type": "Feature", "properties": { "id": 5854, "nach": 0.5176784858071497 }, "geometry": { "type": "LineString", "coordinates": [ [ -1.2816329, 51.7506093 ], [ -1.2819689, 51.7503104 ] ] } },
{ "type": "Feature", "properties": { "id": 48688, "nach": 0.63931630194383093 }, "geometry": { "type": "LineString", "coordinates": [ [ -1.2810669, 51.7508062 ], [ -1.2810243, 51.75082050000001 ] ] } },
{ "type": "Feature", "properties": { "id": 48689, "nach": 0.35626174345315487 }, "geometry": { "type": "LineString", "coordinates": [ [ -1.2810669, 51.7508062 ], [ -1.2810511, 51.7507228 ], [ -1.2810478, 51.7506635 ], [ -1.2810346, 51.750504 ], [ -1.2810511, 51.7503854 ], [ -1.2810544, 51.750262800000016 ], [ -1.2810016, 51.7501503 ], [ -1.2807308, 51.7500522 ], [ -1.2805558, 51.7499827 ], [ -1.2804798, 51.749905 ], [ -1.2804072, 51.749788500000015 ], [ -1.2803708, 51.7496065 ], [ -1.2803081, 51.7494593 ], [ -1.2802322, 51.7493428 ], [ -1.2801793, 51.7492999 ], [ -1.280034, 51.749261 ], [ -1.2798425, 51.7492304 ], [ -1.2795717, 51.749224200000015 ], [ -1.2792481, 51.7492283 ], [ -1.2788155, 51.7492447 ], [ -1.2784979, 51.7492444 ] ] } },
{ "type": "Feature", "properties": { "id": 15907, "nach": 0.4710901543302507 }, "geometry": { "type": "LineString", "coordinates": [ [ -1.2810243, 51.75082050000001 ], [ -1.2809415, 51.75077970000001 ], [ -1.2808459, 51.7507514 ] ] } },
{ "type": "Feature", "properties": { "id": 15908, "nach": 0.47686330758355827 }, "geometry": { "type": "LineString", "coordinates": [ [ -1.2808284, 51.750679 ], [ -1.2808459, 51.7507514 ] ] } },
{ "type": "Feature", "properties": { "id": 14511, "nach": 0.58155546884905351 }, "geometry": { "type": "LineString", "coordinates": [ [ -1.2903372, 51.753174700000017 ], [ -1.2903405, 51.7531338 ], [ -1.2903895, 51.7527706 ], [ -1.290381, 51.7521403 ] ] } },
{ "type": "Feature", "properties": { "id": 14509, "nach": 0.67936147371000499 }, "geometry": { "type": "LineString", "coordinates": [ [ -1.2903372, 51.753174700000017 ], [ -1.2903352, 51.753237 ] ] } },
{ "type": "Feature", "properties": { "id": 25216, "nach": 0.71664577807969143 }, "geometry": { "type": "LineString", "coordinates": [ [ -1.2898036, 51.7531111 ], [ -1.2903372, 51.753174700000017 ] ] } },
{ "type": "Feature", "properties": { "id": 26407, "nach": 0.67817009439791665 }, "geometry": { "type": "LineString", "coordinates": [ [ -1.2908608, 51.753212 ], [ -1.2907838, 51.7532046 ], [ -1.2905147, 51.753187900000015 ], [ -1.2903372, 51.753174700000017 ] ] } },
{ "type": "Feature", "properties": { "id": 18499, "nach": 0.64669122442039362 }, "geometry": { "type": "LineString", "coordinates": [ [ -1.2894572, 51.7519957 ], [ -1.2897251, 51.752006099999988 ], [ -1.28984, 51.7519871 ] ] } },
{ "type": "Feature", "properties": { "id": 53888, "nach": 0.49828165106895955 }, "geometry": { "type": "LineString", "coordinates": [ [ -1.2895135, 51.7522053 ], [ -1.2898211, 51.7522292 ], [ -1.2898427, 51.752114400000011 ], [ -1.28984, 51.7519871 ] ] } },
{ "type": "Feature", "properties": { "id": 31248, "nach": 0.4451957915807655 }, "geometry": { "type": "LineString", "coordinates": [ [ -1.2900549, 51.7507978 ], [ -1.2890482, 51.749986 ], [ -1.288619, 51.74949440000001 ], [ -1.2881094, 51.748973 ] ] } },
{ "type": "Feature", "properties": { "id": 26408, "nach": 0.7459208206195348 }, "geometry": { "type": "LineString", "coordinates": [ [ -1.2908608, 51.753212 ], [ -1.2912134, 51.7532405 ], [ -1.2915102, 51.7532457 ] ] } },
{ "type": "Feature", "properties": { "id": 19036, "nach": 0.70140419629237749 }, "geometry": { "type": "LineString", "coordinates": [ [ -1.2908525, 51.7532742 ], [ -1.2907758, 51.7532689 ], [ -1.2905072, 51.7532477 ], [ -1.2903352, 51.753237 ] ] } },
{ "type": "Feature", "properties": { "id": 26406, "nach": 0.71314463239766224 }, "geometry": { "type": "LineString", "coordinates": [ [ -1.2908608, 51.753212 ], [ -1.2908525, 51.7532742 ] ] } },
{ "type": "Feature", "properties": { "id": 26434, "nach": 0.74170675387751206 }, "geometry": { "type": "LineString", "coordinates": [ [ -1.2908425, 51.7533353 ], [ -1.2908525, 51.7532742 ] ] } },
{ "type": "Feature", "properties": { "id": 6924, "nach": 0.58503447363311545 }, "geometry": { "type": "LineString", "coordinates": [ [ -1.2865187, 51.7453906 ], [ -1.2862089, 51.7452953 ], [ -1.2860924, 51.7452653 ], [ -1.2859821, 51.7452576 ] ] } },
{ "type": "Feature", "properties": { "id": 14559, "nach": 0.62309044027328764 }, "geometry": { "type": "LineString", "coordinates": [ [ -1.2865187, 51.7453906 ], [ -1.28884120183021, 51.746498774489233 ] ] } },
{ "type": "Feature", "properties": { "id": 29424, "nach": 0.50011756353150094 }, "geometry": { "type": "LineString", "coordinates": [ [ -1.2859821, 51.7452576 ], [ -1.2859597, 51.7452275 ], [ -1.2859167, 51.7452069 ], [ -1.2858726, 51.7452051 ] ] } },
{ "type": "Feature", "properties": { "id": 29422, "nach": 0.56356916963328174 }, "geometry": { "type": "LineString", "coordinates": [ [ -1.2859821, 51.7452576 ], [ -1.2857563, 51.745318600000012 ] ] } },
{ "type": "Feature", "properties": { "id": 29663, "nach": 0.479645079213883 }, "geometry": { "type": "LineString", "coordinates": [ [ -1.286009, 51.7452939 ], [ -1.2859821, 51.7452576 ] ] } },
{ "type": "Feature", "properties": { "id": 56595, "nach": 0.47618574563573901 }, "geometry": { "type": "LineString", "coordinates": [ [ -1.2875565, 51.7459142 ], [ -1.2880113, 51.7461358 ], [ -1.2881168, 51.7462151 ], [ -1.28862, 51.7464602 ], [ -1.2886496, 51.7465183 ], [ -1.2887396, 51.7465638 ] ] } },
{ "type": "Feature", "properties": { "id": 56594, "nach": 0.52779254086368821 }, "geometry": { "type": "LineString", "coordinates": [ [ -1.2875565, 51.7459142 ], [ -1.2872212, 51.7457627 ], [ -1.2869895, 51.7456836 ], [ -1.2861272, 51.7453079 ], [ -1.2860542, 51.745295 ], [ -1.286009, 51.7452939 ] ] } },
{ "type": "Feature", "properties": { "id": 17340, "nach": 0.69873012328693473 }, "geometry": { "type": "LineString", "coordinates": [ [ -1.2694287, 51.7535057 ], [ -1.2695104, 51.7537779 ] ] } },
{ "type": "Feature", "properties": { "id": 30018, "nach": 0.69467976599169701 }, "geometry": { "type": "LineString", "coordinates": [ [ -1.2695697, 51.7537719 ], [ -1.2695104, 51.7537779 ] ] } },
{ "type": "Feature", "properties": { "id": 30021, "nach": 0.58215073686247265 }, "geometry": { "type": "LineString", "coordinates": [ [ -1.2694607, 51.753783500000019 ], [ -1.2693129, 51.7538003 ], [ -1.2692326, 51.753528499999987 ] ] } },
{ "type": "Feature", "properties": { "id": 17342, "nach": 0.50443404998620911 }, "geometry": { "type": "LineString", "coordinates": [ [ -1.2694287, 51.7535057 ], [ -1.2696386, 51.75348120000001 ] ] } },
{ "type": "Feature", "properties": { "id": 20700, "nach": 0.41865814523194367 }, "geometry": { "type": "LineString", "coordinates": [ [ -1.2696882, 51.7534754 ], [ -1.2696386, 51.75348120000001 ] ] } },
{ "type": "Feature", "properties": { "id": 8593, "nach": 0.35809577671177711 }, "geometry": { "type": "LineString", "coordinates": [ [ -1.2696386, 51.75348120000001 ], [ -1.2696829, 51.75362550000002 ], [ -1.2697042, 51.7536949 ], [ -1.2697247, 51.7537561 ], [ -1.269673, 51.7537614 ] ] } },
{ "type": "Feature", "properties": { "id": 17345, "nach": 0.69394667912485763 }, "geometry": { "type": "LineString", "coordinates": [ [ -1.2692326, 51.753528499999987 ], [ -1.2694287, 51.7535057 ] ] } },
{ "type": "Feature", "properties": { "id": 33796, "nach": 0.71271117187918054 }, "geometry": { "type": "LineString", "coordinates": [ [ -1.2690046, 51.7530085 ], [ -1.2689294, 51.7530204 ], [ -1.2688829, 51.7530277 ] ] } },
{ "type": "Feature", "properties": { "id": 33797, "nach": 0.66768535865814371 }, "geometry": { "type": "LineString", "coordinates": [ [ -1.2690046, 51.7530085 ], [ -1.2690637, 51.7529994 ], [ -1.2690976, 51.7529938 ] ] } },
{ "type": "Feature", "properties": { "id": 34127, "nach": 0.0 }, "geometry": { "type": "LineString", "coordinates": [ [ -1.268686, 51.7527743 ], [ -1.2688189, 51.7527605 ], [ -1.26886, 51.7527566 ], [ -1.2689472, 51.7527509 ], [ -1.2689698, 51.7529001 ], [ -1.2690046, 51.7530085 ] ] } },
{ "type": "Feature", "properties": { "id": 30017, "nach": 0.61184855316181141 }, "geometry": { "type": "LineString", "coordinates": [ [ -1.2695697, 51.7537719 ], [ -1.2695867, 51.7538211 ] ] } },
{ "type": "Feature", "properties": { "id": 20703, "nach": 0.5703426093079812 }, "geometry": { "type": "LineString", "coordinates": [ [ -1.2696882, 51.7534754 ], [ -1.2697078, 51.7534731 ], [ -1.2697381, 51.7534705 ], [ -1.2697539, 51.7534679 ], [ -1.2697717, 51.7534655 ] ] } },
{ "type": "Feature", "properties": { "id": 20702, "nach": 0.57481427034378529 }, "geometry": { "type": "LineString", "coordinates": [ [ -1.2696882, 51.7534754 ], [ -1.2697029, 51.7535185 ] ] } },
{ "type": "Feature", "properties": { "id": 20704, "nach": 0.62701628065783077 }, "geometry": { "type": "LineString", "coordinates": [ [ -1.2696797, 51.7534463 ], [ -1.2696882, 51.7534754 ] ] } },
{ "type": "Feature", "properties": { "id": 33792, "nach": 0.66173708158331868 }, "geometry": { "type": "LineString", "coordinates": [ [ -1.269673, 51.7537614 ], [ -1.2695697, 51.7537719 ] ] } },
{ "type": "Feature", "properties": { "id": 29925, "nach": 0.51313792439649819 }, "geometry": { "type": "LineString", "coordinates": [ [ -1.2701235, 51.7534185 ], [ -1.2697717, 51.7534655 ] ] } },
{ "type": "Feature", "properties": { "id": 20693, "nach": 0.15610969231469965 }, "geometry": { "type": "LineString", "coordinates": [ [ -1.2698532, 51.75374260000001 ], [ -1.2697881, 51.7535248 ], [ -1.2697717, 51.7534655 ] ] } },
{ "type": "Feature", "properties": { "id": 20698, "nach": 0.51149412427840391 }, "geometry": { "type": "LineString", "coordinates": [ [ -1.2697029, 51.7535185 ], [ -1.2697306, 51.7535143 ], [ -1.2698031, 51.7537489 ], [ -1.2698532, 51.75374260000001 ] ] } },
{ "type": "Feature", "properties": { "id": 20512, "nach": 0.56669516070647008 }, "geometry": { "type": "LineString", "coordinates": [ [ -1.2711466, 51.7554362 ], [ -1.2711605, 51.7552588 ], [ -1.2710193, 51.7546704 ], [ -1.2709628, 51.754384599999987 ], [ -1.2709567, 51.7541908 ], [ -1.2709019, 51.7538497 ], [ -1.2708012, 51.7535114 ] ] } },
{ "type": "Feature", "properties": { "id": 20326, "nach": 0.50213804786365868 }, "geometry": { "type": "LineString", "coordinates": [ [ -1.2705404, 51.7535501 ], [ -1.2706333, 51.7535404 ], [ -1.2707485, 51.7535205 ], [ -1.2708012, 51.7535114 ] ] } },
{ "type": "Feature", "properties": { "id": 25225, "nach": 0.50651237884067746 }, "geometry": { "type": "LineString", "coordinates": [ [ -1.2742149, 51.7524368 ], [ -1.274217, 51.7524839 ] ] } },
{ "type": "Feature", "properties": { "id": 25230, "nach": 0.49805776375175165 }, "geometry": { "type": "LineString", "coordinates": [ [ -1.2742192, 51.7525538 ], [ -1.274217, 51.7524839 ] ] } },
{ "type": "Feature", "properties": { "id": 23998, "nach": 0.66602753750118593 }, "geometry": { "type": "LineString", "coordinates": [ [ -1.2748809, 51.7524511 ], [ -1.2746715, 51.752462800000011 ], [ -1.2744949, 51.75247 ], [ -1.274217, 51.7524839 ] ] } },
{ "type": "Feature", "properties": { "id": 26239, "nach": 0.63509439086955888 }, "geometry": { "type": "LineString", "coordinates": [ [ -1.2748801, 51.7524231 ], [ -1.2746481, 51.7524332 ], [ -1.274493, 51.75243720000001 ], [ -1.2742149, 51.7524368 ] ] } },
{ "type": "Feature", "properties": { "id": 26213, "nach": 0.68230109107490922 }, "geometry": { "type": "LineString", "coordinates": [ [ -1.2741573, 51.75255520000001 ], [ -1.2742192, 51.7525538 ] ] } },
{ "type": "Feature", "properties": { "id": 26256, "nach": 0.68471551272719922 }, "geometry": { "type": "LineString", "coordinates": [ [ -1.2750154, 51.7524995 ], [ -1.2745871, 51.7525191 ], [ -1.2742192, 51.7525538 ] ] } },
{ "type": "Feature", "properties": { "id": 26237, "nach": 0.59614378831530601 }, "geometry": { "type": "LineString", "coordinates": [ [ -1.2748801, 51.7524231 ], [ -1.2748809, 51.7524511 ] ] } },
{ "type": "Feature", "properties": { "id": 30334, "nach": 0.54525422502523269 }, "geometry": { "type": "LineString", "coordinates": [ [ -1.2842308, 51.7531226 ], [ -1.2841823, 51.7533671 ] ] } },
{ "type": "Feature", "properties": { "id": 30332, "nach": 0.48167885486214479 }, "geometry": { "type": "LineString", "coordinates": [ [ -1.2835442, 51.7530414 ], [ -1.2835117, 51.7532976 ], [ -1.2841823, 51.7533671 ] ] } },
{ "type": "Feature", "properties": { "id": 33867, "nach": 0.54204154284690087 }, "geometry": { "type": "LineString", "coordinates": [ [ -1.2838832, 51.7533902 ], [ -1.2839273, 51.75339360000001 ], [ -1.2841755, 51.7534101 ], [ -1.2841823, 51.7533671 ] ] } },
{ "type": "Feature", "properties": { "id": 58641, "nach": 0.57827566506878425 }, "geometry": { "type": "LineString", "coordinates": [ [ -1.2842721, 51.752903100000012 ], [ -1.2842308, 51.7531226 ] ] } },
{ "type": "Feature", "properties": { "id": 33926, "nach": 0.48165273787292895 }, "geometry": { "type": "LineString", "coordinates": [ [ -1.2836765, 51.7530518 ], [ -1.2836678, 51.7530818 ], [ -1.2842308, 51.7531226 ] ] } },
{ "type": "Feature", "properties": { "id": 30331, "nach": 0.53831935651361529 }, "geometry": { "type": "LineString", "coordinates": [ [ -1.2835442, 51.7530414 ], [ -1.2835046, 51.752998 ], [ -1.2835406, 51.752797 ] ] } },
{ "type": "Feature", "properties": { "id": 33924, "nach": 0.50904305708008724 }, "geometry": { "type": "LineString", "coordinates": [ [ -1.2836765, 51.7530518 ], [ -1.2835442, 51.7530414 ] ] } },
{ "type": "Feature", "properties": { "id": 33868, "nach": 0.44765870772165162 }, "geometry": { "type": "LineString", "coordinates": [ [ -1.2838832, 51.7533902 ], [ -1.2826091, 51.7532906 ], [ -1.2824482, 51.7542088 ] ] } },
{ "type": "Feature", "properties": { "id": 33869, "nach": 0.456609000367385 }, "geometry": { "type": "LineString", "coordinates": [ [ -1.2836445, 51.7547152 ], [ -1.2838832, 51.7533902 ] ] } },
{ "type": "Feature", "properties": { "id": 26340, "nach": 0.53250619359148321 }, "geometry": { "type": "LineString", "coordinates": [ [ -1.2842814, 51.752853700000017 ], [ -1.2842948, 51.7527755 ] ] } },
{ "type": "Feature", "properties": { "id": 16623, "nach": 0.60814900778152015 }, "geometry": { "type": "LineString", "coordinates": [ [ -1.2845781, 51.7527945 ], [ -1.2842948, 51.7527755 ] ] } },
{ "type": "Feature", "properties": { "id": 58640, "nach": 0.50627337481542234 }, "geometry": { "type": "LineString", "coordinates": [ [ -1.2842721, 51.752903100000012 ], [ -1.2842814, 51.752853700000017 ] ] } },
{ "type": "Feature", "properties": { "id": 26437, "nach": 0.64562629053150333 }, "geometry": { "type": "LineString", "coordinates": [ [ -1.2842142, 51.752849 ], [ -1.2842814, 51.752853700000017 ] ] } },
{ "type": "Feature", "properties": { "id": 26400, "nach": 0.64282317202231198 }, "geometry": { "type": "LineString", "coordinates": [ [ -1.2848003, 51.7528913 ], [ -1.2844351, 51.7528657 ], [ -1.2842814, 51.752853700000017 ] ] } },
{ "type": "Feature", "properties": { "id": 16627, "nach": 0.47958567699473603 }, "geometry": { "type": "LineString", "coordinates": [ [ -1.284588, 51.7527428 ], [ -1.2845781, 51.7527945 ] ] } },
{ "type": "Feature", "properties": { "id": 29666, "nach": 0.41068370994790021 }, "geometry": { "type": "LineString", "coordinates": [ [ -1.2856326, 51.74532940000001 ], [ -1.2857051, 51.745108100000017 ] ] } },
{ "type": "Feature", "properties": { "id": 54856, "nach": 0.46347229472338808 }, "geometry": { "type": "LineString", "coordinates": [ [ -1.2816749, 51.7428025 ], [ -1.2818628, 51.7429195 ], [ -1.2819674, 51.7429886 ], [ -1.2822293, 51.7431533 ], [ -1.2846472, 51.7445705 ], [ -1.285599, 51.745075100000015 ], [ -1.2857051, 51.745108100000017 ] ] } },
{ "type": "Feature", "properties": { "id": 29417, "nach": 0.46682337016469538 }, "geometry": { "type": "LineString", "coordinates": [ [ -1.2857993, 51.7452021 ], [ -1.2857805, 51.745156 ], [ -1.2857051, 51.745108100000017 ] ] } },
{ "type": "Feature", "properties": { "id": 29667, "nach": 0.47837825164585673 }, "geometry": { "type": "LineString", "coordinates": [ [ -1.2856326, 51.74532940000001 ], [ -1.2856678, 51.7453612 ] ] } },
{ "type": "Feature", "properties": { "id": 29668, "nach": 0.35940784358147176 }, "geometry": { "type": "LineString", "coordinates": [ [ -1.2856326, 51.74532940000001 ], [ -1.2857198, 51.7452769 ], [ -1.285785, 51.74523580000001 ], [ -1.2857993, 51.7452021 ] ] } },
{ "type": "Feature", "properties": { "id": 54858, "nach": 0.46818548559121276 }, "geometry": { "type": "LineString", "coordinates": [ [ -1.2816749, 51.7428025 ], [ -1.28153, 51.7430485 ], [ -1.2814436, 51.7430935 ] ] } },
{ "type": "Feature", "properties": { "id": 54857, "nach": 0.47240992859811398 }, "geometry": { "type": "LineString", "coordinates": [ [ -1.269053693010255, 51.735171971243048 ], [ -1.2816749, 51.7428025 ] ] } },
{ "type": "Feature", "properties": { "id": 29419, "nach": 0.48636227534211735 }, "geometry": { "type": "LineString", "coordinates": [ [ -1.2858726, 51.7452051 ], [ -1.2857993, 51.7452021 ] ] } },
{ "type": "Feature", "properties": { "id": 29669, "nach": 0.59647766594180973 }, "geometry": { "type": "LineString", "coordinates": [ [ -1.2856147, 51.7453814 ], [ -1.2856678, 51.7453612 ] ] } },
{ "type": "Feature", "properties": { "id": 29425, "nach": 0.56872631544305297 }, "geometry": { "type": "LineString", "coordinates": [ [ -1.2857563, 51.745318600000012 ], [ -1.2856678, 51.7453612 ] ] } },
{ "type": "Feature", "properties": { "id": 29673, "nach": 0.50623067301088343 }, "geometry": { "type": "LineString", "coordinates": [ [ -1.2857051, 51.7453949 ], [ -1.2856678, 51.7453612 ] ] } },
{ "type": "Feature", "properties": { "id": 29677, "nach": 0.59452512035906557 }, "geometry": { "type": "LineString", "coordinates": [ [ -1.2854658, 51.7454274 ], [ -1.2855514, 51.7454055 ], [ -1.2856147, 51.7453814 ] ] } },
{ "type": "Feature", "properties": { "id": 29684, "nach": 0.0 }, "geometry": { "type": "LineString", "coordinates": [ [ -1.2849514, 51.7455336 ], [ -1.2849388, 51.745437399999986 ], [ -1.2849656, 51.7453866 ], [ -1.2850493, 51.7453579 ], [ -1.2851648, 51.7453378 ], [ -1.2852781, 51.7453448 ], [ -1.2856147, 51.7453814 ] ] } },
{ "type": "Feature", "properties": { "id": 29426, "nach": 0.411214588268627 }, "geometry": { "type": "LineString", "coordinates": [ [ -1.2857563, 51.745318600000012 ], [ -1.2858413, 51.7452477 ], [ -1.2858726, 51.7452051 ] ] } },
{ "type": "Feature", "properties": { "id": 29674, "nach": 0.51465749882506651 }, "geometry": { "type": "LineString", "coordinates": [ [ -1.2857051, 51.7453949 ], [ -1.285844, 51.7453271 ], [ -1.286009, 51.7452939 ] ] } },
{ "type": "Feature", "properties": { "id": 29678, "nach": 0.33838421647819106 }, "geometry": { "type": "LineString", "coordinates": [ [ -1.28549, 51.7454618 ], [ -1.2857051, 51.7453949 ] ] } },
{ "type": "Feature", "properties": { "id": 14132, "nach": 0.5528321730424216 }, "geometry": { "type": "LineString", "coordinates": [ [ -1.2702781, 51.7538935 ], [ -1.2705978, 51.753858900000012 ] ] } },
{ "type": "Feature", "properties": { "id": 29926, "nach": 0.47516803300749516 }, "geometry": { "type": "LineString", "coordinates": [ [ -1.2706103, 51.7539031 ], [ -1.2705978, 51.753858900000012 ] ] } },
{ "type": "Feature", "properties": { "id": 19107, "nach": 0.47346514515823929 }, "geometry": { "type": "LineString", "coordinates": [ [ -1.2705711, 51.753762400000014 ], [ -1.2705978, 51.753858900000012 ] ] } },
{ "type": "Feature", "properties": { "id": 29927, "nach": 0.48106025275045983 }, "geometry": { "type": "LineString", "coordinates": [ [ -1.2702906, 51.7539378 ], [ -1.2702781, 51.7538935 ] ] } },
{ "type": "Feature", "properties": { "id": 37111, "nach": 0.59181800946307273 }, "geometry": { "type": "LineString", "coordinates": [ [ -1.2698553, 51.7537509 ], [ -1.2699244, 51.7537423 ], [ -1.2699344, 51.753770399999986 ], [ -1.2699404, 51.7537987 ], [ -1.2700023, 51.7538029 ], [ -1.2700709, 51.7537953 ], [ -1.2702452, 51.7537761 ], [ -1.2702509, 51.7538045 ], [ -1.2702781, 51.7538935 ] ] } },
{ "type": "Feature", "properties": { "id": 32749, "nach": 0.64522152719306369 }, "geometry": { "type": "LineString", "coordinates": [ [ -1.2727482, 51.7477376 ], [ -1.2729662, 51.7477894 ] ] } },
{ "type": "Feature", "properties": { "id": 25469, "nach": 0.63687648586783163 }, "geometry": { "type": "LineString", "coordinates": [ [ -1.2733804, 51.74789 ], [ -1.2729662, 51.7477894 ] ] } },
{ "type": "Feature", "properties": { "id": 25709, "nach": 0.49588022359869138 }, "geometry": { "type": "LineString", "coordinates": [ [ -1.273077, 51.7476255 ], [ -1.273032, 51.7476969 ], [ -1.2729662, 51.7477894 ] ] } },
{ "type": "Feature", "properties": { "id": 32750, "nach": 0.44400814903021352 }, "geometry": { "type": "LineString", "coordinates": [ [ -1.2727482, 51.7477376 ], [ -1.272911, 51.747512 ] ] } },
{ "type": "Feature", "properties": { "id": 25701, "nach": 0.56909992735514159 }, "geometry": { "type": "LineString", "coordinates": [ [ -1.2736821, 51.7479706 ], [ -1.2733804, 51.74789 ] ] } },
{ "type": "Feature", "properties": { "id": 44634, "nach": 0.62816941218304578 }, "geometry": { "type": "LineString", "coordinates": [ [ -1.2733643, 51.7479089 ], [ -1.2733804, 51.74789 ] ] } },
{ "type": "Feature", "properties": { "id": 25707, "nach": 0.51848023820897604 }, "geometry": { "type": "LineString", "coordinates": [ [ -1.273077, 51.7476255 ], [ -1.2733026, 51.7476854 ] ] } },
{ "type": "Feature", "properties": { "id": 37658, "nach": 0.49103295493258431 }, "geometry": { "type": "LineString", "coordinates": [ [ -1.2731103, 51.7475816 ], [ -1.273077, 51.7476255 ] ] } },
{ "type": "Feature", "properties": { "id": 26419, "nach": 0.69577416518843593 }, "geometry": { "type": "LineString", "coordinates": [ [ -1.2848297, 51.7527569 ], [ -1.284588, 51.7527428 ] ] } },
{ "type": "Feature", "properties": { "id": 56146, "nach": 0.70144243778397342 }, "geometry": { "type": "LineString", "coordinates": [ [ -1.2857922, 51.752832400000017 ], [ -1.2865739, 51.7528962 ], [ -1.2866994, 51.7529045 ] ] } },
{ "type": "Feature", "properties": { "id": 26389, "nach": 0.66025425458418796 }, "geometry": { "type": "LineString", "coordinates": [ [ -1.2869412, 51.7529205 ], [ -1.2875964, 51.7529704 ] ] } },
{ "type": "Feature", "properties": { "id": 25215, "nach": 0.72517738415400235 }, "geometry": { "type": "LineString", "coordinates": [ [ -1.2898036, 51.7531111 ], [ -1.2892576, 51.7530832 ] ] } },
{ "type": "Feature", "properties": { "id": 56155, "nach": 0.66566725156824269 }, "geometry": { "type": "LineString", "coordinates": [ [ -1.2852833, 51.7517755 ], [ -1.2859922, 51.7518234 ] ] } },
{ "type": "Feature", "properties": { "id": 58663, "nach": 0.65080723154577436 }, "geometry": { "type": "LineString", "coordinates": [ [ -1.2778962, 51.7509115 ], [ -1.277873, 51.7509114 ] ] } },
{ "type": "Feature", "properties": { "id": 58665, "nach": 0.37981728967653922 }, "geometry": { "type": "LineString", "coordinates": [ [ -1.2778962, 51.7509115 ], [ -1.2778929, 51.7509379 ], [ -1.2778742, 51.75094210000001 ] ] } },
{ "type": "Feature", "properties": { "id": 58661, "nach": 0.66327878563199982 }, "geometry": { "type": "LineString", "coordinates": [ [ -1.277858, 51.7509108 ], [ -1.277873, 51.7509114 ] ] } },
{ "type": "Feature", "properties": { "id": 48686, "nach": 0.60496500528473096 }, "geometry": { "type": "LineString", "coordinates": [ [ -1.2781055, 51.7494082 ], [ -1.2779966, 51.7499295 ], [ -1.2778381, 51.7508045 ], [ -1.277873, 51.7509114 ] ] } },
{ "type": "Feature", "properties": { "id": 58662, "nach": 0.57931798246390043 }, "geometry": { "type": "LineString", "coordinates": [ [ -1.277858, 51.7509108 ], [ -1.2778579, 51.7509365 ], [ -1.2778742, 51.75094210000001 ] ] } },
{ "type": "Feature", "properties": { "id": 48685, "nach": 0.66609666547782187 }, "geometry": { "type": "LineString", "coordinates": [ [ -1.2781055, 51.7494082 ], [ -1.2781141, 51.7492854 ] ] } },
{ "type": "Feature", "properties": { "id": 31260, "nach": 0.50453499424299875 }, "geometry": { "type": "LineString", "coordinates": [ [ -1.2824446, 51.7492753 ], [ -1.2834853, 51.7497734 ] ] } },
{ "type": "Feature", "properties": { "id": 31262, "nach": 0.54417053384433489 }, "geometry": { "type": "LineString", "coordinates": [ [ -1.2842738, 51.74999960000001 ], [ -1.2840661, 51.7499605 ], [ -1.2834853, 51.7497734 ] ] } },
{ "type": "Feature", "properties": { "id": 49660, "nach": 0.72007178183956944 }, "geometry": { "type": "LineString", "coordinates": [ [ -1.2678633, 51.7508757 ], [ -1.2680049, 51.7508569 ] ] } },
{ "type": "Feature", "properties": { "id": 33898, "nach": 0.64937843364848191 }, "geometry": { "type": "LineString", "coordinates": [ [ -1.2686177, 51.750854 ], [ -1.2685923, 51.750843 ], [ -1.2678853, 51.750935 ] ] } },
{ "type": "Feature", "properties": { "id": 48944, "nach": 0.62337493314582615 }, "geometry": { "type": "LineString", "coordinates": [ [ -1.2679636, 51.7511439 ], [ -1.2679399, 51.7510723 ], [ -1.267912, 51.7510036 ], [ -1.2678853, 51.750935 ] ] } },
{ "type": "Feature", "properties": { "id": 33897, "nach": 0.60963881500448225 }, "geometry": { "type": "LineString", "coordinates": [ [ -1.2686177, 51.750854 ], [ -1.2686993, 51.7508452 ] ] } },
{ "type": "Feature", "properties": { "id": 37650, "nach": 0.58435013736908303 }, "geometry": { "type": "LineString", "coordinates": [ [ -1.2688429, 51.7517561 ], [ -1.2687996, 51.7514441 ], [ -1.2686177, 51.750854 ] ] } },
{ "type": "Feature", "properties": { "id": 49737, "nach": 0.60242643530570472 }, "geometry": { "type": "LineString", "coordinates": [ [ -1.2679289, 51.7511492 ], [ -1.2679636, 51.7511439 ] ] } },
{ "type": "Feature", "properties": { "id": 49733, "nach": 0.52103463549289164 }, "geometry": { "type": "LineString", "coordinates": [ [ -1.2684338, 51.7512331 ], [ -1.2683882, 51.751091700000018 ], [ -1.2679636, 51.7511439 ] ] } },
{ "type": "Feature", "properties": { "id": 32697, "nach": 0.48354685723002072 }, "geometry": { "type": "LineString", "coordinates": [ [ -1.2761194, 51.751525100000016 ], [ -1.2755848, 51.7514922 ], [ -1.2756029, 51.7513604 ] ] } },
{ "type": "Feature", "properties": { "id": 26240, "nach": 0.49069870331612253 }, "geometry": { "type": "LineString", "coordinates": [ [ -1.2748801, 51.7524231 ], [ -1.2748799, 51.752411299999984 ], [ -1.2748756, 51.7523533 ], [ -1.2749019, 51.7523318 ], [ -1.2750452, 51.7522941 ], [ -1.2751324, 51.7522328 ], [ -1.2751562, 51.752187700000015 ], [ -1.2751539, 51.75213 ], [ -1.2750846, 51.7519939 ], [ -1.2751909, 51.7519718 ], [ -1.2752219, 51.75194590000001 ], [ -1.2751503, 51.7517559 ] ] } },
{ "type": "Feature", "properties": { "id": 15324, "nach": 0.58940445453649226 }, "geometry": { "type": "LineString", "coordinates": [ [ -1.2675383, 51.75011 ], [ -1.2676386, 51.7502326 ], [ -1.2677611, 51.750302799999986 ], [ -1.2678246, 51.7503899 ], [ -1.2679467, 51.7506975 ], [ -1.2680049, 51.7508569 ] ] } },
{ "type": "Feature", "properties": { "id": 19346, "nach": 0.71147293607033257 }, "geometry": { "type": "LineString", "coordinates": [ [ -1.2683642, 51.7508125 ], [ -1.2681331, 51.7508408 ], [ -1.2680049, 51.7508569 ] ] } },
{ "type": "Feature", "properties": { "id": 29010, "nach": 0.70809378398385037 }, "geometry": { "type": "LineString", "coordinates": [ [ -1.2686725, 51.7508016 ], [ -1.2686411, 51.750786 ], [ -1.268597, 51.7507861 ], [ -1.2683642, 51.7508125 ] ] } },
{ "type": "Feature", "properties": { "id": 40365, "nach": 0.48931863195413078 }, "geometry": { "type": "LineString", "coordinates": [ [ -1.2676068, 51.7491643 ], [ -1.2683241, 51.750714 ], [ -1.2683439, 51.7507582 ], [ -1.2683642, 51.7508125 ] ] } },
{ "type": "Feature", "properties": { "id": 35790, "nach": 0.51236626031145016 }, "geometry": { "type": "LineString", "coordinates": [ [ -1.2711751, 51.7525397 ], [ -1.2708825, 51.7525441 ], [ -1.2705165, 51.7525549 ], [ -1.270225, 51.7525684 ] ] } },
{ "type": "Feature", "properties": { "id": 35792, "nach": 0.63525147953505823 }, "geometry": { "type": "LineString", "coordinates": [ [ -1.2711751, 51.7525397 ], [ -1.2711603, 51.7525644 ], [ -1.2711359, 51.7525837 ], [ -1.271051, 51.7526111 ] ] } },
{ "type": "Feature", "properties": { "id": 26416, "nach": 0.62096610329843582 }, "geometry": { "type": "LineString", "coordinates": [ [ -1.2776598, 51.7524153 ], [ -1.2773059, 51.7524114 ] ] } },
{ "type": "Feature", "properties": { "id": 26396, "nach": 0.57635296264401159 }, "geometry": { "type": "LineString", "coordinates": [ [ -1.2788686, 51.7524723 ], [ -1.2790501, 51.752487 ] ] } },
{ "type": "Feature", "properties": { "id": 26410, "nach": 0.64252787136256095 }, "geometry": { "type": "LineString", "coordinates": [ [ -1.2798564, 51.7525779 ], [ -1.279808, 51.7525386 ], [ -1.2790501, 51.752487 ] ] } },
{ "type": "Feature", "properties": { "id": 45819, "nach": 0.66691475176021631 }, "geometry": { "type": "LineString", "coordinates": [ [ -1.2800407, 51.7525905 ], [ -1.2801141, 51.7525955 ], [ -1.2801836, 51.7526002 ] ] } },
{ "type": "Feature", "properties": { "id": 25202, "nach": 0.49180543966814977 }, "geometry": { "type": "LineString", "coordinates": [ [ -1.2826079, 51.752731 ], [ -1.2826218, 51.7526534 ] ] } },
{ "type": "Feature", "properties": { "id": 26422, "nach": 0.47166920590392269 }, "geometry": { "type": "LineString", "coordinates": [ [ -1.28263, 51.7526013 ], [ -1.2826218, 51.7526534 ] ] } },
{ "type": "Feature", "properties": { "id": 30337, "nach": 0.64575605031068761 }, "geometry": { "type": "LineString", "coordinates": [ [ -1.2822075, 51.7527028 ], [ -1.2826079, 51.752731 ] ] } },
{ "type": "Feature", "properties": { "id": 30683, "nach": 0.65069422464332527 }, "geometry": { "type": "LineString", "coordinates": [ [ -1.2827867, 51.7527441 ], [ -1.2826079, 51.752731 ] ] } },
{ "type": "Feature", "properties": { "id": 44603, "nach": 0.57900539391002648 }, "geometry": { "type": "LineString", "coordinates": [ [ -1.2766246, 51.750666600000017 ], [ -1.2766831, 51.7506853 ] ] } },
{ "type": "Feature", "properties": { "id": 57477, "nach": 0.47092069856799956 }, "geometry": { "type": "LineString", "coordinates": [ [ -1.2758249, 51.7505016 ], [ -1.2764358, 51.7506316 ], [ -1.2766246, 51.750666600000017 ] ] } },
{ "type": "Feature", "properties": { "id": 57472, "nach": 0.59771310799763167 }, "geometry": { "type": "LineString", "coordinates": [ [ -1.2770969, 51.7501914 ], [ -1.2768045, 51.7504931 ], [ -1.2766246, 51.750666600000017 ] ] } },
{ "type": "Feature", "properties": { "id": 30535, "nach": 0.66815321385582838 }, "geometry": { "type": "LineString", "coordinates": [ [ -1.2687445, 51.751757500000011 ], [ -1.2686748, 51.7518837 ], [ -1.2680474, 51.751881900000015 ], [ -1.2678739, 51.7518179 ], [ -1.2678388, 51.7517657 ] ] } },
{ "type": "Feature", "properties": { "id": 31618, "nach": 0.6750175783635759 }, "geometry": { "type": "LineString", "coordinates": [ [ -1.2677376, 51.7517686 ], [ -1.2677695, 51.7517679 ], [ -1.2678388, 51.7517657 ] ] } },
{ "type": "Feature", "properties": { "id": 37649, "nach": 0.67022687891763388 }, "geometry": { "type": "LineString", "coordinates": [ [ -1.2688429, 51.7517561 ], [ -1.2688108, 51.7517568 ], [ -1.2687445, 51.751757500000011 ] ] } },
{ "type": "Feature", "properties": { "id": 31619, "nach": 0.63181784762631477 }, "geometry": { "type": "LineString", "coordinates": [ [ -1.2677376, 51.7517686 ], [ -1.2677782, 51.751473 ], [ -1.2677664, 51.7514582 ] ] } },
{ "type": "Feature", "properties": { "id": 16628, "nach": 0.69020207545540335 }, "geometry": { "type": "LineString", "coordinates": [ [ -1.284588, 51.7527428 ], [ -1.2838879, 51.7526963 ], [ -1.2834126, 51.75266160000001 ] ] } },
{ "type": "Feature", "properties": { "id": 16630, "nach": 0.48897755599927861 }, "geometry": { "type": "LineString", "coordinates": [ [ -1.2846761, 51.752221900000016 ], [ -1.2846161, 51.752545600000012 ], [ -1.284588, 51.7527428 ] ] } },
{ "type": "Feature", "properties": { "id": 26046, "nach": 0.66517665055117858 }, "geometry": { "type": "LineString", "coordinates": [ [ -1.268909, 51.7517522 ], [ -1.2687882, 51.7511343 ] ] } },
{ "type": "Feature", "properties": { "id": 21274, "nach": 0.66379258967429033 }, "geometry": { "type": "LineString", "coordinates": [ [ -1.2687565, 51.7510237 ], [ -1.2687882, 51.7511343 ] ] } },
{ "type": "Feature", "properties": { "id": 21283, "nach": 0.37340513162946082 }, "geometry": { "type": "LineString", "coordinates": [ [ -1.2688477, 51.751125 ], [ -1.2687882, 51.7511343 ] ] } },
{ "type": "Feature", "properties": { "id": 26047, "nach": 0.69050090317485846 }, "geometry": { "type": "LineString", "coordinates": [ [ -1.268909, 51.7517522 ], [ -1.2689228, 51.7518337 ] ] } },
{ "type": "Feature", "properties": { "id": 37647, "nach": 0.61135153402472497 }, "geometry": { "type": "LineString", "coordinates": [ [ -1.2688429, 51.7517561 ], [ -1.268909, 51.7517522 ] ] } },
{ "type": "Feature", "properties": { "id": 21281, "nach": 0.62315300225056225 }, "geometry": { "type": "LineString", "coordinates": [ [ -1.2688477, 51.751125 ], [ -1.2687565, 51.7510237 ] ] } },
{ "type": "Feature", "properties": { "id": 22621, "nach": 0.69629713345277433 }, "geometry": { "type": "LineString", "coordinates": [ [ -1.2686993, 51.7508452 ], [ -1.2687565, 51.7510237 ] ] } },
{ "type": "Feature", "properties": { "id": 21282, "nach": 0.5913987637336785 }, "geometry": { "type": "LineString", "coordinates": [ [ -1.2688477, 51.751125 ], [ -1.2689692, 51.7518295 ] ] } },
{ "type": "Feature", "properties": { "id": 22648, "nach": 0.64315503337849633 }, "geometry": { "type": "LineString", "coordinates": [ [ -1.268939, 51.7511127 ], [ -1.2688884, 51.7511191 ], [ -1.2688477, 51.751125 ] ] } },
{ "type": "Feature", "properties": { "id": 17346, "nach": 0.71030853776480918 }, "geometry": { "type": "LineString", "coordinates": [ [ -1.2691158, 51.7535421 ], [ -1.2692326, 51.753528499999987 ] ] } },
{ "type": "Feature", "properties": { "id": 25754, "nach": 0.71392674616226293 }, "geometry": { "type": "LineString", "coordinates": [ [ -1.2688829, 51.7530277 ], [ -1.2689536, 51.7530936 ], [ -1.2690028, 51.7531704 ], [ -1.2691158, 51.7535421 ] ] } },
{ "type": "Feature", "properties": { "id": 30677, "nach": 0.0 }, "geometry": { "type": "LineString", "coordinates": [ [ -1.269479, 51.7538337 ], [ -1.2692138, 51.753864499999985 ], [ -1.2691158, 51.7535421 ] ] } },
{ "type": "Feature", "properties": { "id": 53934, "nach": 0.76392405989505097 }, "geometry": { "type": "LineString", "coordinates": [ [ -1.2687598, 51.7530008 ], [ -1.268831, 51.7529929 ], [ -1.2688829, 51.7530277 ] ] } },
{ "type": "Feature", "properties": { "id": 58538, "nach": 0.75538345004432617 }, "geometry": { "type": "LineString", "coordinates": [ [ -1.2889698, 51.7541999 ], [ -1.2889611, 51.7542427 ] ] } },
{ "type": "Feature", "properties": { "id": 58541, "nach": 0.70507990388745245 }, "geometry": { "type": "LineString", "coordinates": [ [ -1.2890101, 51.7542029 ], [ -1.2889698, 51.7541999 ] ] } },
{ "type": "Feature", "properties": { "id": 58652, "nach": 0.59352187299570758 }, "geometry": { "type": "LineString", "coordinates": [ [ -1.2883808, 51.7532077 ], [ -1.2886391, 51.7532262 ] ] } },
{ "type": "Feature", "properties": { "id": 49195, "nach": 0.66167467162574267 }, "geometry": { "type": "LineString", "coordinates": [ [ -1.2883356, 51.7531622 ], [ -1.2884189, 51.7531689 ], [ -1.2886391, 51.7532262 ] ] } },
{ "type": "Feature", "properties": { "id": 26435, "nach": 0.77131479998547026 }, "geometry": { "type": "LineString", "coordinates": [ [ -1.2908425, 51.7533353 ], [ -1.290768, 51.7533316 ], [ -1.2904994, 51.753310699999986 ], [ -1.290217, 51.753293299999989 ], [ -1.289783, 51.7532701 ] ] } },
{ "type": "Feature", "properties": { "id": 23992, "nach": 0.52745822365564188 }, "geometry": { "type": "LineString", "coordinates": [ [ -1.288149, 51.7542704 ], [ -1.2883839, 51.754286 ] ] } },
{ "type": "Feature", "properties": { "id": 23993, "nach": 0.53133393574043775 }, "geometry": { "type": "LineString", "coordinates": [ [ -1.288149, 51.7542704 ], [ -1.2881507, 51.754259 ] ] } },
{ "type": "Feature", "properties": { "id": 33799, "nach": 0.75631505008818267 }, "geometry": { "type": "LineString", "coordinates": [ [ -1.2688967, 51.752589800000017 ], [ -1.2689459, 51.7525883 ], [ -1.2690388, 51.7526341 ], [ -1.2691328, 51.752658 ], [ -1.2692563, 51.7526721 ], [ -1.2702261, 51.75266280000001 ], [ -1.2703735, 51.7526555 ], [ -1.2708052, 51.752632 ], [ -1.271051, 51.7526111 ] ] } },
{ "type": "Feature", "properties": { "id": 53925, "nach": 0.78747338118924481 }, "geometry": { "type": "LineString", "coordinates": [ [ -1.2686645, 51.752592300000011 ], [ -1.2688967, 51.752589800000017 ] ] } },
{ "type": "Feature", "properties": { "id": 53062, "nach": 0.76334345432478623 }, "geometry": { "type": "LineString", "coordinates": [ [ -1.2689046, 51.7523587 ], [ -1.268898, 51.7525366 ], [ -1.2688967, 51.752589800000017 ] ] } },
{ "type": "Feature", "properties": { "id": 26353, "nach": 0.68606291640682626 }, "geometry": { "type": "LineString", "coordinates": [ [ -1.2869233, 51.75304580000001 ], [ -1.287575, 51.7531061 ] ] } },
{ "type": "Feature", "properties": { "id": 58645, "nach": 0.66453538063203754 }, "geometry": { "type": "LineString", "coordinates": [ [ -1.2875686, 51.7531448 ], [ -1.287575, 51.7531061 ] ] } },
{ "type": "Feature", "properties": { "id": 26387, "nach": 0.65780426720762919 }, "geometry": { "type": "LineString", "coordinates": [ [ -1.2869412, 51.7529205 ], [ -1.2869353, 51.752966700000016 ] ] } },
{ "type": "Feature", "properties": { "id": 26352, "nach": 0.62339987653498774 }, "geometry": { "type": "LineString", "coordinates": [ [ -1.2869233, 51.75304580000001 ], [ -1.2869353, 51.752966700000016 ] ] } },
{ "type": "Feature", "properties": { "id": 53875, "nach": 0.70469778022436735 }, "geometry": { "type": "LineString", "coordinates": [ [ -1.2866994, 51.7529045 ], [ -1.2869412, 51.7529205 ] ] } },
{ "type": "Feature", "properties": { "id": 26401, "nach": 0.64471546493715115 }, "geometry": { "type": "LineString", "coordinates": [ [ -1.2848003, 51.7528913 ], [ -1.285163, 51.7529134 ], [ -1.2858751, 51.7529657 ], [ -1.2865068, 51.7530097 ], [ -1.2869233, 51.75304580000001 ] ] } },
{ "type": "Feature", "properties": { "id": 37315, "nach": 0.52257980848632302 }, "geometry": { "type": "LineString", "coordinates": [ [ -1.2708877, 51.746987200000014 ], [ -1.2704157, 51.7467541 ] ] } },
{ "type": "Feature", "properties": { "id": 44659, "nach": 0.51481976271679852 }, "geometry": { "type": "LineString", "coordinates": [ [ -1.2703399, 51.7467766 ], [ -1.2704157, 51.7467541 ] ] } },
{ "type": "Feature", "properties": { "id": 37317, "nach": 0.43733225977013179 }, "geometry": { "type": "LineString", "coordinates": [ [ -1.2708877, 51.746987200000014 ], [ -1.2710401, 51.7468963 ], [ -1.2714679, 51.7468161 ] ] } },
{ "type": "Feature", "properties": { "id": 44658, "nach": 0.64503674876910044 }, "geometry": { "type": "LineString", "coordinates": [ [ -1.2703399, 51.7467766 ], [ -1.2700588, 51.7468679 ] ] } },
{ "type": "Feature", "properties": { "id": 44660, "nach": 0.63173045357077562 }, "geometry": { "type": "LineString", "coordinates": [ [ -1.2703399, 51.7467766 ], [ -1.2704265, 51.7467931 ], [ -1.2710139, 51.7470821 ] ] } },
{ "type": "Feature", "properties": { "id": 26254, "nach": 0.64361923528533571 }, "geometry": { "type": "LineString", "coordinates": [ [ -1.2750154, 51.7524995 ], [ -1.2750593, 51.7524969 ] ] } },
{ "type": "Feature", "properties": { "id": 18502, "nach": 0.49064935983591601 }, "geometry": { "type": "LineString", "coordinates": [ [ -1.2895548, 51.7517262 ], [ -1.2894907, 51.7518499 ], [ -1.2894572, 51.7519957 ] ] } },
{ "type": "Feature", "properties": { "id": 20291, "nach": 0.4908754956704478 }, "geometry": { "type": "LineString", "coordinates": [ [ -1.2876744, 51.751318 ], [ -1.2880986, 51.751344 ] ] } },
{ "type": "Feature", "properties": { "id": 56128, "nach": 0.52013738659719744 }, "geometry": { "type": "LineString", "coordinates": [ [ -1.2879888, 51.7519962 ], [ -1.2880986, 51.751344 ] ] } },
{ "type": "Feature", "properties": { "id": 56133, "nach": 0.53194176199199961 }, "geometry": { "type": "LineString", "coordinates": [ [ -1.2879301, 51.7519923 ], [ -1.2879888, 51.7519962 ] ] } },
{ "type": "Feature", "properties": { "id": 48107, "nach": 0.54295907557132439 }, "geometry": { "type": "LineString", "coordinates": [ [ -1.2794427, 51.7538136 ], [ -1.2789067, 51.7530508 ] ] } },
{ "type": "Feature", "properties": { "id": 58638, "nach": 0.58353142641752775 }, "geometry": { "type": "LineString", "coordinates": [ [ -1.2785192, 51.752504799999983 ], [ -1.2785323, 51.7525278 ], [ -1.2789067, 51.7530508 ] ] } },
{ "type": "Feature", "properties": { "id": 48110, "nach": 0.44809731571344069 }, "geometry": { "type": "LineString", "coordinates": [ [ -1.2790878, 51.7539053 ], [ -1.2794427, 51.7538136 ] ] } },
{ "type": "Feature", "properties": { "id": 53455, "nach": 0.48906474688119544 }, "geometry": { "type": "LineString", "coordinates": [ [ -1.2811111, 51.7549407 ], [ -1.2807784, 51.7547652 ], [ -1.2803388, 51.7545473 ], [ -1.2800246, 51.75440420000001 ], [ -1.2797855, 51.7542691 ], [ -1.2797116, 51.7542021 ], [ -1.2796018, 51.7540703 ], [ -1.2795265, 51.753966 ], [ -1.2795226, 51.7539178 ], [ -1.2794427, 51.7538136 ] ] } },
{ "type": "Feature", "properties": { "id": 58639, "nach": 0.55364805954766794 }, "geometry": { "type": "LineString", "coordinates": [ [ -1.2785192, 51.752504799999983 ], [ -1.278674, 51.7525148 ], [ -1.2798564, 51.7525779 ] ] } },
{ "type": "Feature", "properties": { "id": 21124, "nach": 0.40009228619565085 }, "geometry": { "type": "LineString", "coordinates": [ [ -1.2759967, 51.7475329 ], [ -1.2760818, 51.7474547 ], [ -1.2761151, 51.7474023 ], [ -1.2761329, 51.7473374 ], [ -1.276099, 51.7472717 ], [ -1.2759446, 51.7471644 ], [ -1.2757394, 51.7470961 ] ] } },
{ "type": "Feature", "properties": { "id": 27520, "nach": 0.15561519200219281 }, "geometry": { "type": "LineString", "coordinates": [ [ -1.2758519, 51.7474916 ], [ -1.2759967, 51.7475329 ] ] } },
{ "type": "Feature", "properties": { "id": 27523, "nach": 0.45530372751270726 }, "geometry": { "type": "LineString", "coordinates": [ [ -1.2756593, 51.747966200000022 ], [ -1.2757775, 51.7478151 ], [ -1.2759967, 51.7475329 ] ] } },
{ "type": "Feature", "properties": { "id": 27519, "nach": 0.39547445700315242 }, "geometry": { "type": "LineString", "coordinates": [ [ -1.2758519, 51.7474916 ], [ -1.2749037, 51.7472218 ] ] } },
{ "type": "Feature", "properties": { "id": 27524, "nach": 0.45225274012808975 }, "geometry": { "type": "LineString", "coordinates": [ [ -1.2756593, 51.747966200000022 ], [ -1.2755282, 51.7479289 ], [ -1.2758519, 51.7474916 ] ] } },
{ "type": "Feature", "properties": { "id": 49187, "nach": 0.70803013498354939 }, "geometry": { "type": "LineString", "coordinates": [ [ -1.2926129, 51.7534304 ], [ -1.2923557, 51.7534184 ], [ -1.2922109, 51.7534202 ], [ -1.2920412, 51.7534215 ], [ -1.2918916, 51.7534151 ], [ -1.2913898, 51.7533767 ], [ -1.2908425, 51.7533353 ] ] } },
{ "type": "Feature", "properties": { "id": 29008, "nach": 0.70719275137420068 }, "geometry": { "type": "LineString", "coordinates": [ [ -1.2686725, 51.7508016 ], [ -1.2686993, 51.7508452 ] ] } },
{ "type": "Feature", "properties": { "id": 45017, "nach": 0.52527506009342606 }, "geometry": { "type": "LineString", "coordinates": [ [ -1.2687695, 51.7507772 ], [ -1.2686725, 51.7508016 ] ] } },
{ "type": "Feature", "properties": { "id": 31278, "nach": 0.41272957862651838 }, "geometry": { "type": "LineString", "coordinates": [ [ -1.2845711, 51.7471615 ], [ -1.2853467, 51.7476313 ], [ -1.2869561, 51.7481693 ], [ -1.2874711, 51.74848810000001 ], [ -1.2881094, 51.748973 ] ] } },
{ "type": "Feature", "properties": { "id": 31282, "nach": 0.46310875349235442 }, "geometry": { "type": "LineString", "coordinates": [ [ -1.2820208, 51.7490594 ], [ -1.2827504, 51.748448300000021 ], [ -1.2836516, 51.7478173 ], [ -1.2845711, 51.7471615 ] ] } },
{ "type": "Feature", "properties": { "id": 32708, "nach": 0.49938475812360289 }, "geometry": { "type": "LineString", "coordinates": [ [ -1.2737467, 51.7529336 ], [ -1.2741325, 51.7529193 ] ] } },
{ "type": "Feature", "properties": { "id": 26214, "nach": 0.5517629291678835 }, "geometry": { "type": "LineString", "coordinates": [ [ -1.2741573, 51.75255520000001 ], [ -1.2741574, 51.752639 ], [ -1.2741325, 51.7529193 ] ] } },
{ "type": "Feature", "properties": { "id": 32718, "nach": 0.11460531723346103 }, "geometry": { "type": "LineString", "coordinates": [ [ -1.2732126, 51.7553361 ], [ -1.2733011, 51.7553439 ], [ -1.273528, 51.755332699999983 ], [ -1.2740995, 51.7552903 ], [ -1.2742458, 51.755271 ], [ -1.2742296, 51.755003200000012 ], [ -1.2742296, 51.7547746 ], [ -1.2741902, 51.7541094 ], [ -1.2741721, 51.7535978 ], [ -1.2741325, 51.7529193 ] ] } },
{ "type": "Feature", "properties": { "id": 32703, "nach": 0.68589060817312908 }, "geometry": { "type": "LineString", "coordinates": [ [ -1.2732968, 51.7525766 ], [ -1.2738381, 51.752561 ], [ -1.2741573, 51.75255520000001 ] ] } },
{ "type": "Feature", "properties": { "id": 32720, "nach": 0.44854564566388017 }, "geometry": { "type": "LineString", "coordinates": [ [ -1.2732126, 51.7553361 ], [ -1.2733337, 51.7546034 ], [ -1.273376, 51.7542124 ] ] } },
{ "type": "Feature", "properties": { "id": 43081, "nach": 0.5588393153093173 }, "geometry": { "type": "LineString", "coordinates": [ [ -1.2676672, 51.753134 ], [ -1.2677609, 51.753149200000024 ], [ -1.2678099, 51.753144 ], [ -1.2678257, 51.7531424 ], [ -1.2678411, 51.7531408 ], [ -1.2679444, 51.753129800000011 ], [ -1.2682518, 51.753097 ], [ -1.2682645, 51.7531424 ] ] } },
{ "type": "Feature", "properties": { "id": 27522, "nach": 0.52252709297303657 }, "geometry": { "type": "LineString", "coordinates": [ [ -1.2756593, 51.747966200000022 ], [ -1.2755639, 51.7481012 ] ] } },
{ "type": "Feature", "properties": { "id": 23832, "nach": 0.71745059473706241 }, "geometry": { "type": "LineString", "coordinates": [ [ -1.2700317, 51.7506528 ], [ -1.2698195, 51.75068 ], [ -1.2698255, 51.75070860000001 ], [ -1.26973, 51.7507201 ], [ -1.2697055, 51.750723 ], [ -1.2696201, 51.7507333 ], [ -1.2688007, 51.7508336 ], [ -1.2688194, 51.7508932 ], [ -1.2687887, 51.750896500000017 ], [ -1.2687712, 51.7508382 ], [ -1.2686993, 51.7508452 ] ] } },
{ "type": "Feature", "properties": { "id": 26042, "nach": 0.59240885363399221 }, "geometry": { "type": "LineString", "coordinates": [ [ -1.2689228, 51.7518337 ], [ -1.2689692, 51.7518295 ] ] } },
{ "type": "Feature", "properties": { "id": 22610, "nach": 0.67395878867321235 }, "geometry": { "type": "LineString", "coordinates": [ [ -1.2691514, 51.7518078 ], [ -1.2690855, 51.7518188 ], [ -1.269027, 51.7518242 ], [ -1.2689692, 51.7518295 ] ] } },
{ "type": "Feature", "properties": { "id": 53938, "nach": 0.67973363405704001 }, "geometry": { "type": "LineString", "coordinates": [ [ -1.268949, 51.7523195 ], [ -1.2689779, 51.7523202 ], [ -1.2689692, 51.7518295 ] ] } },
{ "type": "Feature", "properties": { "id": 59222, "nach": 0.67449142279002616 }, "geometry": { "type": "LineString", "coordinates": [ [ -1.2689325, 51.7520022 ], [ -1.2689228, 51.7518337 ] ] } },
{ "type": "Feature", "properties": { "id": 22612, "nach": 0.6152428760931673 }, "geometry": { "type": "LineString", "coordinates": [ [ -1.2691514, 51.7518078 ], [ -1.2691417, 51.7518517 ], [ -1.2691454, 51.751943799999985 ] ] } },
{ "type": "Feature", "properties": { "id": 22634, "nach": 0.64088395442006252 }, "geometry": { "type": "LineString", "coordinates": [ [ -1.2693855, 51.751803600000017 ], [ -1.2691514, 51.7518078 ] ] } },
{ "type": "Feature", "properties": { "id": 22646, "nach": 0.55721653242002245 }, "geometry": { "type": "LineString", "coordinates": [ [ -1.268939, 51.7511127 ], [ -1.2691597, 51.7517732 ], [ -1.2691514, 51.7518078 ] ] } },
{ "type": "Feature", "properties": { "id": 53936, "nach": 0.51602117122354341 }, "geometry": { "type": "LineString", "coordinates": [ [ -1.268949, 51.7523195 ], [ -1.2689048, 51.7523186 ] ] } },
{ "type": "Feature", "properties": { "id": 53937, "nach": 0.68189881667259233 }, "geometry": { "type": "LineString", "coordinates": [ [ -1.268949, 51.7523195 ], [ -1.2689488, 51.7522844 ] ] } },
{ "type": "Feature", "properties": { "id": 53935, "nach": 0.73519267175010827 }, "geometry": { "type": "LineString", "coordinates": [ [ -1.268949, 51.7523195 ], [ -1.2689493, 51.752356699999986 ] ] } },
{ "type": "Feature", "properties": { "id": 22645, "nach": 0.56895098439973146 }, "geometry": { "type": "LineString", "coordinates": [ [ -1.268939, 51.7511127 ], [ -1.269152, 51.751084 ] ] } },
{ "type": "Feature", "properties": { "id": 22653, "nach": 0.51733088682276696 }, "geometry": { "type": "LineString", "coordinates": [ [ -1.2690828, 51.750875899999983 ], [ -1.2688717, 51.7509037 ], [ -1.268939, 51.7511127 ] ] } },
{ "type": "Feature", "properties": { "id": 22638, "nach": 0.55672645703576973 }, "geometry": { "type": "LineString", "coordinates": [ [ -1.2697227, 51.7522006 ], [ -1.269683, 51.7520634 ] ] } },
{ "type": "Feature", "properties": { "id": 22630, "nach": 0.58723133500589242 }, "geometry": { "type": "LineString", "coordinates": [ [ -1.2696453, 51.7519333 ], [ -1.269683, 51.7520634 ] ] } },
{ "type": "Feature", "properties": { "id": 22641, "nach": 0.16956613351715377 }, "geometry": { "type": "LineString", "coordinates": [ [ -1.2691593, 51.7520747 ], [ -1.269683, 51.7520634 ] ] } },
{ "type": "Feature", "properties": { "id": 22637, "nach": 0.50582126780389303 }, "geometry": { "type": "LineString", "coordinates": [ [ -1.2697227, 51.7522006 ], [ -1.2697612, 51.7523335 ] ] } },
{ "type": "Feature", "properties": { "id": 22636, "nach": 0.15519697296917556 }, "geometry": { "type": "LineString", "coordinates": [ [ -1.2697227, 51.7522006 ], [ -1.2691738, 51.7522105 ] ] } },
{ "type": "Feature", "properties": { "id": 22632, "nach": 0.19172312936467584 }, "geometry": { "type": "LineString", "coordinates": [ [ -1.2696453, 51.7519333 ], [ -1.2691454, 51.751943799999985 ] ] } },
{ "type": "Feature", "properties": { "id": 22642, "nach": 0.60880352370436919 }, "geometry": { "type": "LineString", "coordinates": [ [ -1.2696084, 51.75179330000001 ], [ -1.2696453, 51.7519333 ] ] } },
{ "type": "Feature", "properties": { "id": 22639, "nach": 0.59295710831559389 }, "geometry": { "type": "LineString", "coordinates": [ [ -1.2691593, 51.7520747 ], [ -1.2691454, 51.751943799999985 ] ] } },
{ "type": "Feature", "properties": { "id": 22640, "nach": 0.56251474087514519 }, "geometry": { "type": "LineString", "coordinates": [ [ -1.2691593, 51.7520747 ], [ -1.2691738, 51.7522105 ] ] } },
{ "type": "Feature", "properties": { "id": 22635, "nach": 0.23342247698131427 }, "geometry": { "type": "LineString", "coordinates": [ [ -1.2693855, 51.751803600000017 ], [ -1.269152, 51.751084 ] ] } },
{ "type": "Feature", "properties": { "id": 22643, "nach": 0.62611574590971542 }, "geometry": { "type": "LineString", "coordinates": [ [ -1.2696084, 51.75179330000001 ], [ -1.2693855, 51.751803600000017 ] ] } },
{ "type": "Feature", "properties": { "id": 22617, "nach": 0.51850886992675449 }, "geometry": { "type": "LineString", "coordinates": [ [ -1.269152, 51.751084 ], [ -1.2693633, 51.7510556 ] ] } },
{ "type": "Feature", "properties": { "id": 22644, "nach": 0.16962723853877934 }, "geometry": { "type": "LineString", "coordinates": [ [ -1.2696084, 51.75179330000001 ], [ -1.2693633, 51.7510556 ] ] } },
{ "type": "Feature", "properties": { "id": 22654, "nach": 0.077744044813167115 }, "geometry": { "type": "LineString", "coordinates": [ [ -1.2690828, 51.750875899999983 ], [ -1.2693036, 51.750856399999989 ], [ -1.2693633, 51.7510556 ] ] } },
{ "type": "Feature", "properties": { "id": 22652, "nach": 0.19175003379321104 }, "geometry": { "type": "LineString", "coordinates": [ [ -1.2690828, 51.750875899999983 ], [ -1.269152, 51.751084 ] ] } },
{ "type": "Feature", "properties": { "id": 49286, "nach": 0.58864783672007637 }, "geometry": { "type": "LineString", "coordinates": [ [ -1.2700597, 51.7506798 ], [ -1.270042, 51.7506821 ], [ -1.2700317, 51.7506528 ] ] } },
{ "type": "Feature", "properties": { "id": 22650, "nach": 0.0 }, "geometry": { "type": "LineString", "coordinates": [ [ -1.2691886, 51.7523486 ], [ -1.269203, 51.7524845 ], [ -1.2695014, 51.7524779 ], [ -1.2698011, 51.7524712 ], [ -1.2697612, 51.7523335 ] ] } },
{ "type": "Feature", "properties": { "id": 22651, "nach": 0.51233558368116727 }, "geometry": { "type": "LineString", "coordinates": [ [ -1.2691886, 51.7523486 ], [ -1.2691738, 51.7522105 ] ] } },
{ "type": "Feature", "properties": { "id": 37393, "nach": 0.36848727594625241 }, "geometry": { "type": "LineString", "coordinates": [ [ -1.2711635, 51.743343 ], [ -1.2712069, 51.743366 ] ] } },
{ "type": "Feature", "properties": { "id": 37395, "nach": 0.20352622722156613 }, "geometry": { "type": "LineString", "coordinates": [ [ -1.2711635, 51.743343 ], [ -1.2713184, 51.7432165 ], [ -1.2717475, 51.7429707 ], [ -1.2719312, 51.7429229 ], [ -1.2720679, 51.74289550000001 ], [ -1.2722785, 51.7429069 ], [ -1.2725261, 51.74294350000001 ], [ -1.2727293, 51.7429916 ], [ -1.2728697, 51.7430579 ], [ -1.2730582, 51.7431197 ], [ -1.2731801, 51.7431426 ], [ -1.274381, 51.743341600000022 ], [ -1.2747357, 51.743382799999985 ], [ -1.2752456, 51.7434469 ], [ -1.2756225, 51.7435018 ], [ -1.2760142, 51.7436001 ], [ -1.276465, 51.7437351 ], [ -1.2766276, 51.7438198 ], [ -1.2767199, 51.7439799 ], [ -1.2767532, 51.7440783 ], [ -1.2768467, 51.744189 ] ] } },
{ "type": "Feature", "properties": { "id": 37394, "nach": 0.27662971673803782 }, "geometry": { "type": "LineString", "coordinates": [ [ -1.2711635, 51.743343 ], [ -1.2699804, 51.7426847 ], [ -1.2695477, 51.7424594 ] ] } },
{ "type": "Feature", "properties": { "id": 23456, "nach": 0.59277224882695823 }, "geometry": { "type": "LineString", "coordinates": [ [ -1.2895752, 51.754234 ], [ -1.2893625, 51.7542154 ] ] } },
{ "type": "Feature", "properties": { "id": 46224, "nach": 0.48993344979044101 }, "geometry": { "type": "LineString", "coordinates": [ [ -1.2896327, 51.753889800000017 ], [ -1.2896157, 51.753991 ], [ -1.2895752, 51.754234 ] ] } },
{ "type": "Feature", "properties": { "id": 23409, "nach": 0.56220916216826899 }, "geometry": { "type": "LineString", "coordinates": [ [ -1.2891515, 51.7541969 ], [ -1.2892352, 51.7537222 ] ] } },
{ "type": "Feature", "properties": { "id": 50636, "nach": 0.63072838121194363 }, "geometry": { "type": "LineString", "coordinates": [ [ -1.2893382, 51.754213300000011 ], [ -1.2891515, 51.7541969 ] ] } },
{ "type": "Feature", "properties": { "id": 58542, "nach": 0.66065031390108409 }, "geometry": { "type": "LineString", "coordinates": [ [ -1.2890101, 51.7542029 ], [ -1.2890817, 51.7542082 ], [ -1.2891515, 51.7541969 ] ] } },
{ "type": "Feature", "properties": { "id": 50634, "nach": 0.53032188180562656 }, "geometry": { "type": "LineString", "coordinates": [ [ -1.2892352, 51.7537222 ], [ -1.2894494, 51.753733699999984 ] ] } },
{ "type": "Feature", "properties": { "id": 50637, "nach": 0.60780616085563755 }, "geometry": { "type": "LineString", "coordinates": [ [ -1.2893382, 51.754213300000011 ], [ -1.2893625, 51.7542154 ] ] } },
{ "type": "Feature", "properties": { "id": 50638, "nach": 0.49292247968741892 }, "geometry": { "type": "LineString", "coordinates": [ [ -1.2893382, 51.754213300000011 ], [ -1.2893169, 51.754327199999985 ] ] } },
{ "type": "Feature", "properties": { "id": 58543, "nach": 0.64185908572869188 }, "geometry": { "type": "LineString", "coordinates": [ [ -1.2890101, 51.7542029 ], [ -1.2890074, 51.7542241 ], [ -1.2890294, 51.754256 ], [ -1.2890772, 51.754287 ] ] } },
{ "type": "Feature", "properties": { "id": 58547, "nach": 0.6332290747836633 }, "geometry": { "type": "LineString", "coordinates": [ [ -1.2893734, 51.7544909 ], [ -1.2893782, 51.754454500000016 ], [ -1.2893284, 51.7544025 ], [ -1.2892917, 51.7543668 ], [ -1.2892221, 51.7543311 ], [ -1.289129, 51.754314 ], [ -1.2890772, 51.754287 ] ] } },
{ "type": "Feature", "properties": { "id": 23448, "nach": 0.47737542685019257 }, "geometry": { "type": "LineString", "coordinates": [ [ -1.2894494, 51.753733699999984 ], [ -1.289502, 51.7534271 ], [ -1.2897149, 51.7534434 ], [ -1.2897056, 51.753491 ] ] } },
{ "type": "Feature", "properties": { "id": 23453, "nach": 0.26895463911340306 }, "geometry": { "type": "LineString", "coordinates": [ [ -1.2893625, 51.7542154 ], [ -1.2894138, 51.7539752 ], [ -1.2894494, 51.753733699999984 ] ] } },
{ "type": "Feature", "properties": { "id": 46223, "nach": 0.27156703252459641 }, "geometry": { "type": "LineString", "coordinates": [ [ -1.2897056, 51.753491 ], [ -1.2898238, 51.7535137 ], [ -1.2898751, 51.7535465 ], [ -1.2899059, 51.7535835 ], [ -1.2899178, 51.7536386 ], [ -1.2899093, 51.7537306 ], [ -1.2898871, 51.753803600000012 ], [ -1.289858, 51.7538449 ], [ -1.2897931, 51.7538767 ], [ -1.2897264, 51.753892500000013 ], [ -1.2896327, 51.753889800000017 ] ] } },
{ "type": "Feature", "properties": { "id": 23797, "nach": 0.50152812940836344 }, "geometry": { "type": "LineString", "coordinates": [ [ -1.2886464, 51.7529045 ], [ -1.2886941, 51.7526218 ] ] } },
{ "type": "Feature", "properties": { "id": 23800, "nach": 0.44975481416749319 }, "geometry": { "type": "LineString", "coordinates": [ [ -1.2887771, 51.7521299 ], [ -1.2886941, 51.7526218 ] ] } },
{ "type": "Feature", "properties": { "id": 49289, "nach": 0.48642827910256436 }, "geometry": { "type": "LineString", "coordinates": [ [ -1.2702895, 51.7516964 ], [ -1.2702031, 51.7514411 ], [ -1.2700696, 51.751136 ], [ -1.270113, 51.751078700000015 ], [ -1.2700828, 51.7508536 ], [ -1.2700732, 51.7507813 ], [ -1.2700614, 51.7506921 ], [ -1.2700597, 51.7506798 ] ] } },
{ "type": "Feature", "properties": { "id": 23989, "nach": 0.47672042072464571 }, "geometry": { "type": "LineString", "coordinates": [ [ -1.2881507, 51.754259 ], [ -1.2882559, 51.7536793 ] ] } },
{ "type": "Feature", "properties": { "id": 23986, "nach": 0.11364841138982071 }, "geometry": { "type": "LineString", "coordinates": [ [ -1.2882559, 51.7536793 ], [ -1.2884855, 51.7536991 ], [ -1.2883839, 51.754286 ] ] } },
{ "type": "Feature", "properties": { "id": 23991, "nach": 0.47122642571037321 }, "geometry": { "type": "LineString", "coordinates": [ [ -1.2888541, 51.7538026 ], [ -1.2888402, 51.7538658 ], [ -1.2887425, 51.7543098 ], [ -1.2883839, 51.754286 ] ] } },
{ "type": "Feature", "properties": { "id": 25703, "nach": 0.55506513261211288 }, "geometry": { "type": "LineString", "coordinates": [ [ -1.2736821, 51.7479706 ], [ -1.2737392, 51.7478841 ], [ -1.2737886, 51.747818500000015 ] ] } },
{ "type": "Feature", "properties": { "id": 34303, "nach": 0.69156325743705394 }, "geometry": { "type": "LineString", "coordinates": [ [ -1.2677085, 51.7528648 ], [ -1.2673723, 51.752688100000015 ] ] } },
{ "type": "Feature", "properties": { "id": 26259, "nach": 0.75571040520165544 }, "geometry": { "type": "LineString", "coordinates": [ [ -1.2674564, 51.7525672 ], [ -1.2674668, 51.7526079 ], [ -1.2674751, 51.7526244 ] ] } },
{ "type": "Feature", "properties": { "id": 30353, "nach": 0.56272538521597115 }, "geometry": { "type": "LineString", "coordinates": [ [ -1.282213, 51.7529932 ], [ -1.2822335, 51.7528771 ], [ -1.2821943, 51.7528044 ], [ -1.2822075, 51.7527028 ] ] } },
{ "type": "Feature", "properties": { "id": 30684, "nach": 0.65062274573732071 }, "geometry": { "type": "LineString", "coordinates": [ [ -1.2827867, 51.7527441 ], [ -1.2835406, 51.752797 ] ] } },
{ "type": "Feature", "properties": { "id": 30686, "nach": 0.59865901661645726 }, "geometry": { "type": "LineString", "coordinates": [ [ -1.2827867, 51.7527441 ], [ -1.2827406, 51.7530334 ], [ -1.2828374, 51.7530422 ] ] } },
{ "type": "Feature", "properties": { "id": 36896, "nach": 0.62151783947057104 }, "geometry": { "type": "LineString", "coordinates": [ [ -1.2753909, 51.7528498 ], [ -1.2753035, 51.7527539 ], [ -1.2751763, 51.752673 ], [ -1.2750733, 51.7526039 ], [ -1.2750154, 51.7524995 ] ] } },
{ "type": "Feature", "properties": { "id": 27401, "nach": 0.61096899824737316 }, "geometry": { "type": "LineString", "coordinates": [ [ -1.2776276, 51.7496226 ], [ -1.2778927, 51.7491891 ] ] } },
{ "type": "Feature", "properties": { "id": 31142, "nach": 0.66645007759909158 }, "geometry": { "type": "LineString", "coordinates": [ [ -1.2781141, 51.7492854 ], [ -1.2780377, 51.749244700000013 ], [ -1.2778927, 51.7491891 ] ] } },
{ "type": "Feature", "properties": { "id": 44615, "nach": 0.46675369033200903 }, "geometry": { "type": "LineString", "coordinates": [ [ -1.2775915, 51.7496128 ], [ -1.2776276, 51.7496226 ] ] } },
{ "type": "Feature", "properties": { "id": 32958, "nach": 0.5015382823068707 }, "geometry": { "type": "LineString", "coordinates": [ [ -1.2784979, 51.7492444 ], [ -1.2781141, 51.7492854 ] ] } },
{ "type": "Feature", "properties": { "id": 46342, "nach": 0.55941845485980624 }, "geometry": { "type": "LineString", "coordinates": [ [ -1.2734479, 51.7492438 ], [ -1.2735378, 51.749197200000012 ] ] } },
{ "type": "Feature", "properties": { "id": 32413, "nach": 0.43451595051679104 }, "geometry": { "type": "LineString", "coordinates": [ [ -1.2735378, 51.749197200000012 ], [ -1.2736459, 51.7491083 ], [ -1.2737404, 51.74896170000001 ], [ -1.2736398, 51.7489346 ], [ -1.2734593, 51.7488801 ] ] } },
{ "type": "Feature", "properties": { "id": 32412, "nach": 0.5241005320156239 }, "geometry": { "type": "LineString", "coordinates": [ [ -1.2735378, 51.749197200000012 ], [ -1.2736592, 51.7492782 ] ] } },
{ "type": "Feature", "properties": { "id": 44636, "nach": 0.45307460022708146 }, "geometry": { "type": "LineString", "coordinates": [ [ -1.2733643, 51.7479089 ], [ -1.2733468, 51.7479296 ], [ -1.2732816, 51.7480185 ] ] } },
{ "type": "Feature", "properties": { "id": 44640, "nach": 0.59275118729929621 }, "geometry": { "type": "LineString", "coordinates": [ [ -1.2724909, 51.747695 ], [ -1.2733643, 51.7479089 ] ] } },
{ "type": "Feature", "properties": { "id": 25479, "nach": 0.47820030989885276 }, "geometry": { "type": "LineString", "coordinates": [ [ -1.2723647, 51.7478681 ], [ -1.2724271, 51.7477811 ] ] } },
{ "type": "Feature", "properties": { "id": 25477, "nach": 0.3966996459422038 }, "geometry": { "type": "LineString", "coordinates": [ [ -1.2732816, 51.7480185 ], [ -1.2728225, 51.7478792 ], [ -1.2724271, 51.7477811 ] ] } },
{ "type": "Feature", "properties": { "id": 44641, "nach": 0.50165088746070507 }, "geometry": { "type": "LineString", "coordinates": [ [ -1.2724909, 51.747695 ], [ -1.2724697, 51.7477218 ], [ -1.2724271, 51.7477811 ] ] } },
{ "type": "Feature", "properties": { "id": 54692, "nach": 0.39819906413539485 }, "geometry": { "type": "LineString", "coordinates": [ [ -1.2731792, 51.7481316 ], [ -1.2728432, 51.7480244 ], [ -1.2723647, 51.7478681 ] ] } },
{ "type": "Feature", "properties": { "id": 54691, "nach": 0.40042410153415448 }, "geometry": { "type": "LineString", "coordinates": [ [ -1.2731792, 51.7481316 ], [ -1.2732928, 51.7481678 ], [ -1.2733895, 51.748051599999989 ], [ -1.2732816, 51.7480185 ] ] } },
{ "type": "Feature", "properties": { "id": 44613, "nach": 0.45439134612164367 }, "geometry": { "type": "LineString", "coordinates": [ [ -1.2774634, 51.7497989 ], [ -1.2773793, 51.7497812 ], [ -1.2758919, 51.7494683 ], [ -1.275581, 51.74940260000001 ] ] } },
{ "type": "Feature", "properties": { "id": 44618, "nach": 0.6214187717386408 }, "geometry": { "type": "LineString", "coordinates": [ [ -1.2775915, 51.7496128 ], [ -1.2775606, 51.7496636 ], [ -1.2774634, 51.7497989 ] ] } },
{ "type": "Feature", "properties": { "id": 44624, "nach": 0.5253639040397613 }, "geometry": { "type": "LineString", "coordinates": [ [ -1.2755567, 51.7485063 ], [ -1.2751978, 51.7490716 ], [ -1.2752301, 51.7491312 ] ] } },
{ "type": "Feature", "properties": { "id": 44625, "nach": 0.69423758496411325 }, "geometry": { "type": "LineString", "coordinates": [ [ -1.2755567, 51.7485063 ], [ -1.2763826, 51.7487097 ], [ -1.277743, 51.7490711 ], [ -1.2778374, 51.749104300000013 ], [ -1.2778567, 51.7491508 ] ] } },
{ "type": "Feature", "properties": { "id": 39271, "nach": 0.44677741688002687 }, "geometry": { "type": "LineString", "coordinates": [ [ -1.2752301, 51.7491312 ], [ -1.2753155, 51.7492886 ] ] } },
{ "type": "Feature", "properties": { "id": 39274, "nach": 0.44488332185219337 }, "geometry": { "type": "LineString", "coordinates": [ [ -1.2748763, 51.749038 ], [ -1.2752301, 51.7491312 ] ] } },
{ "type": "Feature", "properties": { "id": 37657, "nach": 0.44096166371695472 }, "geometry": { "type": "LineString", "coordinates": [ [ -1.2731103, 51.7475816 ], [ -1.272911, 51.747512 ] ] } },
{ "type": "Feature", "properties": { "id": 32743, "nach": 0.43919054404520563 }, "geometry": { "type": "LineString", "coordinates": [ [ -1.2726649, 51.7473599 ], [ -1.2729582, 51.7474465 ], [ -1.272911, 51.747512 ] ] } },
{ "type": "Feature", "properties": { "id": 37661, "nach": 0.0 }, "geometry": { "type": "LineString", "coordinates": [ [ -1.2733239, 51.7476562 ], [ -1.2739739, 51.746764 ], [ -1.2737767, 51.746704 ], [ -1.2731103, 51.7475816 ] ] } },
{ "type": "Feature", "properties": { "id": 25697, "nach": 0.44249831997673705 }, "geometry": { "type": "LineString", "coordinates": [ [ -1.2737886, 51.747818500000015 ], [ -1.2739184, 51.7478565 ] ] } },
{ "type": "Feature", "properties": { "id": 25704, "nach": 0.50442074923922509 }, "geometry": { "type": "LineString", "coordinates": [ [ -1.2733026, 51.7476854 ], [ -1.2737886, 51.747818500000015 ] ] } },
{ "type": "Feature", "properties": { "id": 37659, "nach": 0.39590757842230245 }, "geometry": { "type": "LineString", "coordinates": [ [ -1.2733239, 51.7476562 ], [ -1.2737886, 51.747818500000015 ] ] } },
{ "type": "Feature", "properties": { "id": 37662, "nach": 0.39566742870183497 }, "geometry": { "type": "LineString", "coordinates": [ [ -1.2733239, 51.7476562 ], [ -1.2733026, 51.7476854 ] ] } },
{ "type": "Feature", "properties": { "id": 56399, "nach": 0.7280793730341335 }, "geometry": { "type": "LineString", "coordinates": [ [ -1.267678, 51.7526287 ], [ -1.2676041, 51.752630700000012 ], [ -1.2674751, 51.7526244 ] ] } },
{ "type": "Feature", "properties": { "id": 56373, "nach": 0.66773311552037351 }, "geometry": { "type": "LineString", "coordinates": [ [ -1.26795, 51.7527615 ], [ -1.2678129, 51.7527724 ], [ -1.2677532, 51.7527698 ], [ -1.2677186, 51.752762 ], [ -1.2676523, 51.7527425 ], [ -1.2675883, 51.7527174 ], [ -1.2675288, 51.752689 ], [ -1.2675058, 51.75267130000001 ], [ -1.2674959, 51.7526594 ], [ -1.2674751, 51.7526244 ] ] } },
{ "type": "Feature", "properties": { "id": 56400, "nach": 0.72209838936377158 }, "geometry": { "type": "LineString", "coordinates": [ [ -1.267678, 51.7526287 ], [ -1.2676864, 51.7526285 ], [ -1.2677945, 51.7526231 ], [ -1.2679915, 51.7526147 ] ] } },
{ "type": "Feature", "properties": { "id": 56401, "nach": 0.54113988443753702 }, "geometry": { "type": "LineString", "coordinates": [ [ -1.267678, 51.7526287 ], [ -1.2677505, 51.752670800000011 ], [ -1.267806, 51.7526939 ], [ -1.2678499, 51.752698699999989 ], [ -1.26797, 51.7526907 ] ] } },
{ "type": "Feature", "properties": { "id": 56372, "nach": 0.59511741163450527 }, "geometry": { "type": "LineString", "coordinates": [ [ -1.26795, 51.7527615 ], [ -1.2679411, 51.7527932 ], [ -1.267944, 51.7528033 ], [ -1.2679532, 51.7528359 ], [ -1.2679562, 51.7528463 ] ] } },
{ "type": "Feature", "properties": { "id": 56371, "nach": 0.65376380236207476 }, "geometry": { "type": "LineString", "coordinates": [ [ -1.26795, 51.7527615 ], [ -1.26867, 51.7526999 ] ] } },
{ "type": "Feature", "properties": { "id": 56389, "nach": 0.54634161472578879 }, "geometry": { "type": "LineString", "coordinates": [ [ -1.26797, 51.7526907 ], [ -1.26795, 51.7527615 ] ] } },
{ "type": "Feature", "properties": { "id": 53933, "nach": 0.73152363511570506 }, "geometry": { "type": "LineString", "coordinates": [ [ -1.2687598, 51.7530008 ], [ -1.2686674, 51.753011 ], [ -1.2684566, 51.7530331 ] ] } },
{ "type": "Feature", "properties": { "id": 56393, "nach": 0.70456853971549482 }, "geometry": { "type": "LineString", "coordinates": [ [ -1.2687348, 51.7529273 ], [ -1.2687598, 51.7530008 ] ] } },
{ "type": "Feature", "properties": { "id": 59223, "nach": 0.47230115195778533 }, "geometry": { "type": "LineString", "coordinates": [ [ -1.2689325, 51.7520022 ], [ -1.2688748, 51.7520038 ] ] } },
{ "type": "Feature", "properties": { "id": 59221, "nach": 0.67821252216848538 }, "geometry": { "type": "LineString", "coordinates": [ [ -1.2689325, 51.7520022 ], [ -1.2689488, 51.7522844 ] ] } },
{ "type": "Feature", "properties": { "id": 37648, "nach": 0.66130184168457384 }, "geometry": { "type": "LineString", "coordinates": [ [ -1.2688429, 51.7517561 ], [ -1.2688748, 51.7520038 ] ] } },
{ "type": "Feature", "properties": { "id": 32705, "nach": 0.59007416544073399 }, "geometry": { "type": "LineString", "coordinates": [ [ -1.2732989, 51.7525975 ], [ -1.2732968, 51.7525766 ] ] } },
{ "type": "Feature", "properties": { "id": 36897, "nach": 0.65000147617789306 }, "geometry": { "type": "LineString", "coordinates": [ [ -1.2753909, 51.7528498 ], [ -1.2754683, 51.7529284 ], [ -1.2754648, 51.752998 ] ] } },
{ "type": "Feature", "properties": { "id": 58643, "nach": 0.57460593574960239 }, "geometry": { "type": "LineString", "coordinates": [ [ -1.2875686, 51.7531448 ], [ -1.2842721, 51.752903100000012 ] ] } },
{ "type": "Feature", "properties": { "id": 58647, "nach": 0.67796192356820661 }, "geometry": { "type": "LineString", "coordinates": [ [ -1.2878661, 51.7531709 ], [ -1.2875686, 51.7531448 ] ] } },
{ "type": "Feature", "properties": { "id": 26438, "nach": 0.63619444586752705 }, "geometry": { "type": "LineString", "coordinates": [ [ -1.2842142, 51.752849 ], [ -1.2835406, 51.752797 ] ] } },
{ "type": "Feature", "properties": { "id": 33925, "nach": 0.46084216517002569 }, "geometry": { "type": "LineString", "coordinates": [ [ -1.2836765, 51.7530518 ], [ -1.2841823, 51.7530917 ], [ -1.2842142, 51.752849 ] ] } },
{ "type": "Feature", "properties": { "id": 37712, "nach": 0.66179709883080506 }, "geometry": { "type": "LineString", "coordinates": [ [ -1.2799574, 51.7525848 ], [ -1.2798564, 51.7525779 ] ] } },
{ "type": "Feature", "properties": { "id": 56126, "nach": 0.53635721638606071 }, "geometry": { "type": "LineString", "coordinates": [ [ -1.2868677, 51.751922 ], [ -1.2868105, 51.7522408 ], [ -1.2866994, 51.7529045 ] ] } },
{ "type": "Feature", "properties": { "id": 45817, "nach": 0.65176877027477964 }, "geometry": { "type": "LineString", "coordinates": [ [ -1.2800407, 51.7525905 ], [ -1.2799574, 51.7525848 ] ] } },
{ "type": "Feature", "properties": { "id": 45818, "nach": 0.59361415748402491 }, "geometry": { "type": "LineString", "coordinates": [ [ -1.2800407, 51.7525905 ], [ -1.2800513, 51.7526579 ] ] } },
{ "type": "Feature", "properties": { "id": 50608, "nach": 0.53456503531176935 }, "geometry": { "type": "LineString", "coordinates": [ [ -1.2799484, 51.7526827 ], [ -1.2799574, 51.7525848 ] ] } },
{ "type": "Feature", "properties": { "id": 27322, "nach": 0.44452698640914606 }, "geometry": { "type": "LineString", "coordinates": [ [ -1.2693873, 51.7468525 ], [ -1.2692855, 51.7467229 ] ] } },
{ "type": "Feature", "properties": { "id": 27321, "nach": 0.51889078311655812 }, "geometry": { "type": "LineString", "coordinates": [ [ -1.2693873, 51.7468525 ], [ -1.2691798, 51.746915 ] ] } },
{ "type": "Feature", "properties": { "id": 27324, "nach": 0.57040199075258236 }, "geometry": { "type": "LineString", "coordinates": [ [ -1.2695988, 51.7467888 ], [ -1.2693873, 51.7468525 ] ] } },
{ "type": "Feature", "properties": { "id": 27332, "nach": 0.4450728828214614 }, "geometry": { "type": "LineString", "coordinates": [ [ -1.2694846, 51.7469762 ], [ -1.2693873, 51.7468525 ] ] } },
{ "type": "Feature", "properties": { "id": 28802, "nach": 0.650695086192697 }, "geometry": { "type": "LineString", "coordinates": [ [ -1.2691164, 51.7471676 ], [ -1.2697352, 51.7469711 ] ] } },
{ "type": "Feature", "properties": { "id": 33750, "nach": 0.64521998524358037 }, "geometry": { "type": "LineString", "coordinates": [ [ -1.2700588, 51.7468679 ], [ -1.2697352, 51.7469711 ] ] } },
{ "type": "Feature", "properties": { "id": 27325, "nach": 0.59309504640994182 }, "geometry": { "type": "LineString", "coordinates": [ [ -1.2695988, 51.7467888 ], [ -1.2697352, 51.7469711 ] ] } },
{ "type": "Feature", "properties": { "id": 28803, "nach": 0.45929715044928926 }, "geometry": { "type": "LineString", "coordinates": [ [ -1.2691164, 51.7471676 ], [ -1.2689184, 51.7469168 ] ] } },
{ "type": "Feature", "properties": { "id": 33748, "nach": 0.65458785762025329 }, "geometry": { "type": "LineString", "coordinates": [ [ -1.2690197, 51.7472042 ], [ -1.2691164, 51.7471676 ] ] } },
{ "type": "Feature", "properties": { "id": 33752, "nach": 0.0 }, "geometry": { "type": "LineString", "coordinates": [ [ -1.2700588, 51.7468679 ], [ -1.2700015, 51.7470011 ], [ -1.2698984, 51.747062900000017 ], [ -1.2694624, 51.7472286 ], [ -1.2697467, 51.747403 ], [ -1.2695938, 51.7475092 ], [ -1.2691164, 51.7473033 ], [ -1.2690197, 51.7472042 ] ] } },
{ "type": "Feature", "properties": { "id": 27327, "nach": 0.44935308124688383 }, "geometry": { "type": "LineString", "coordinates": [ [ -1.2694948, 51.7466631 ], [ -1.2695988, 51.7467888 ] ] } },
{ "type": "Feature", "properties": { "id": 27319, "nach": 0.4397434099300328 }, "geometry": { "type": "LineString", "coordinates": [ [ -1.2691798, 51.746915 ], [ -1.2692742, 51.7470351 ] ] } },
{ "type": "Feature", "properties": { "id": 27328, "nach": 0.43886668477833796 }, "geometry": { "type": "LineString", "coordinates": [ [ -1.269079, 51.74678680000001 ], [ -1.2691798, 51.746915 ] ] } },
{ "type": "Feature", "properties": { "id": 53457, "nach": 0.42165526602277981 }, "geometry": { "type": "LineString", "coordinates": [ [ -1.2809019, 51.7550275 ], [ -1.2810359, 51.7549822 ], [ -1.2810631, 51.754967200000024 ], [ -1.2811111, 51.7549407 ] ] } },
{ "type": "Feature", "properties": { "id": 44616, "nach": 0.45756054760686421 }, "geometry": { "type": "LineString", "coordinates": [ [ -1.2775915, 51.7496128 ], [ -1.2775233, 51.7495944 ], [ -1.277442, 51.74954970000001 ], [ -1.2767618, 51.7494043 ], [ -1.2767159, 51.7494831 ], [ -1.2759918, 51.7493332 ] ] } },
{ "type": "Feature", "properties": { "id": 44621, "nach": 0.62228070766278265 }, "geometry": { "type": "LineString", "coordinates": [ [ -1.2778567, 51.7491508 ], [ -1.2778388, 51.7492072 ], [ -1.2775915, 51.7496128 ] ] } },
{ "type": "Feature", "properties": { "id": 32746, "nach": 0.42374785410531846 }, "geometry": { "type": "LineString", "coordinates": [ [ -1.271902, 51.7476027 ], [ -1.2718466, 51.747665300000016 ], [ -1.2713006, 51.7482604 ], [ -1.2717706, 51.7484037 ] ] } },
{ "type": "Feature", "properties": { "id": 44647, "nach": 0.51826576984697148 }, "geometry": { "type": "LineString", "coordinates": [ [ -1.2719565, 51.7475401 ], [ -1.271902, 51.7476027 ] ] } },
{ "type": "Feature", "properties": { "id": 32747, "nach": 0.44473148698325748 }, "geometry": { "type": "LineString", "coordinates": [ [ -1.2722737, 51.7477145 ], [ -1.271902, 51.7476027 ] ] } },
{ "type": "Feature", "properties": { "id": 57569, "nach": 0.49182679914187605 }, "geometry": { "type": "LineString", "coordinates": [ [ -1.2717235, 51.7474341 ], [ -1.2719565, 51.7475401 ] ] } },
{ "type": "Feature", "properties": { "id": 28800, "nach": 0.0 }, "geometry": { "type": "LineString", "coordinates": [ [ -1.2689184, 51.7469168 ], [ -1.2687995, 51.746948 ], [ -1.2687351, 51.7468667 ], [ -1.2688509, 51.7468301 ], [ -1.2689184, 51.7469168 ] ] } },
{ "type": "Feature", "properties": { "id": 45019, "nach": 0.0 }, "geometry": { "type": "LineString", "coordinates": [ [ -1.2687695, 51.7507772 ], [ -1.2686726, 51.750673200000023 ], [ -1.2681044, 51.7495477 ], [ -1.2680341, 51.7493646 ], [ -1.2679752, 51.7491101 ], [ -1.267958, 51.7489659 ], [ -1.2683431, 51.74891010000001 ], [ -1.2689147, 51.749984 ], [ -1.2689544, 51.7500581 ], [ -1.2689959, 51.7501719 ], [ -1.2690018, 51.750235 ], [ -1.2689959, 51.7502956 ], [ -1.2689662, 51.7503653 ], [ -1.268881, 51.7504344 ], [ -1.2688975, 51.750557100000016 ], [ -1.2689498, 51.7507101 ], [ -1.2689086, 51.750742 ], [ -1.2687695, 51.7507772 ] ] } },
{ "type": "Feature", "properties": { "id": 29679, "nach": 0.45996142649433863 }, "geometry": { "type": "LineString", "coordinates": [ [ -1.28549, 51.7454618 ], [ -1.2854658, 51.7454274 ] ] } },
{ "type": "Feature", "properties": { "id": 29683, "nach": 0.59248350794605542 }, "geometry": { "type": "LineString", "coordinates": [ [ -1.2849514, 51.7455336 ], [ -1.2850915, 51.7455116 ], [ -1.2854062, 51.7454426 ], [ -1.2854658, 51.7454274 ] ] } },
{ "type": "Feature", "properties": { "id": 29681, "nach": 0.41444520854357175 }, "geometry": { "type": "LineString", "coordinates": [ [ -1.286216, 51.7455212 ], [ -1.2860074, 51.7454341 ], [ -1.2859465, 51.7454459 ], [ -1.2857848, 51.7455869 ], [ -1.2857257, 51.745597699999983 ], [ -1.285517, 51.7454963 ], [ -1.28549, 51.7454618 ] ] } },
{ "type": "Feature", "properties": { "id": 30351, "nach": 0.4839263794239993 }, "geometry": { "type": "LineString", "coordinates": [ [ -1.282213, 51.7529932 ], [ -1.282193, 51.7531068 ] ] } },
{ "type": "Feature", "properties": { "id": 30352, "nach": 0.48407903637298455 }, "geometry": { "type": "LineString", "coordinates": [ [ -1.282213, 51.7529932 ], [ -1.282365, 51.7530035 ] ] } },
{ "type": "Feature", "properties": { "id": 30358, "nach": 0.48393339684353415 }, "geometry": { "type": "LineString", "coordinates": [ [ -1.282644, 51.7531032 ], [ -1.2828318, 51.7531131 ] ] } },
{ "type": "Feature", "properties": { "id": 30359, "nach": 0.48209832517666712 }, "geometry": { "type": "LineString", "coordinates": [ [ -1.2831429, 51.7531264 ], [ -1.2828318, 51.7531131 ] ] } },
{ "type": "Feature", "properties": { "id": 30348, "nach": 0.56183530986507557 }, "geometry": { "type": "LineString", "coordinates": [ [ -1.2828374, 51.7530422 ], [ -1.2828318, 51.7531131 ] ] } },
{ "type": "Feature", "properties": { "id": 30357, "nach": 0.48297424847450732 }, "geometry": { "type": "LineString", "coordinates": [ [ -1.2830249, 51.752940400000014 ], [ -1.2830785, 51.7529471 ], [ -1.2830732, 51.7529836 ], [ -1.2830517, 51.7530168 ], [ -1.2829605, 51.7530534 ], [ -1.2828374, 51.7530422 ] ] } },
{ "type": "Feature", "properties": { "id": 32706, "nach": 0.50636893588835952 }, "geometry": { "type": "LineString", "coordinates": [ [ -1.2732989, 51.7525975 ], [ -1.273138, 51.7526747 ], [ -1.272984, 51.7526809 ], [ -1.2729836, 51.7527098 ], [ -1.2727361, 51.7527167 ] ] } },
{ "type": "Feature", "properties": { "id": 32717, "nach": 0.51587736342585355 }, "geometry": { "type": "LineString", "coordinates": [ [ -1.273376, 51.7542124 ], [ -1.273379, 51.7541319 ], [ -1.2733201, 51.7527537 ], [ -1.2732989, 51.7525975 ] ] } },
{ "type": "Feature", "properties": { "id": 30511, "nach": 0.46618122245795796 }, "geometry": { "type": "LineString", "coordinates": [ [ -1.2835598, 51.7507544 ], [ -1.283698, 51.750762700000017 ] ] } },
{ "type": "Feature", "properties": { "id": 53254, "nach": 0.46141699717746049 }, "geometry": { "type": "LineString", "coordinates": [ [ -1.2835998, 51.7505797 ], [ -1.2837301, 51.750588099999987 ], [ -1.2837158, 51.7506729 ], [ -1.283698, 51.750762700000017 ] ] } },
{ "type": "Feature", "properties": { "id": 37366, "nach": 0.36320277021074737 }, "geometry": { "type": "LineString", "coordinates": [ [ -1.2768467, 51.744189 ], [ -1.2774972, 51.7445442 ], [ -1.2778449, 51.7446406 ], [ -1.2783248, 51.744870400000011 ], [ -1.2785062, 51.745023100000012 ] ] } },
{ "type": "Feature", "properties": { "id": 56122, "nach": 0.11391642162320893 }, "geometry": { "type": "LineString", "coordinates": [ [ -1.2847585, 51.750946 ], [ -1.285344, 51.75098710000001 ] ] } },
{ "type": "Feature", "properties": { "id": 30805, "nach": 0.50848702560008052 }, "geometry": { "type": "LineString", "coordinates": [ [ -1.2853157, 51.751124800000014 ], [ -1.285344, 51.75098710000001 ] ] } },
{ "type": "Feature", "properties": { "id": 34010, "nach": 0.43098405490832076 }, "geometry": { "type": "LineString", "coordinates": [ [ -1.2835545, 51.7499839 ], [ -1.2843725, 51.750261 ], [ -1.2854045, 51.75063560000001 ], [ -1.2853816, 51.7508046 ], [ -1.285344, 51.75098710000001 ] ] } },
{ "type": "Feature", "properties": { "id": 56124, "nach": 0.0 }, "geometry": { "type": "LineString", "coordinates": [ [ -1.2847585, 51.750946 ], [ -1.2838844, 51.7508795 ], [ -1.2838564, 51.7510205 ] ] } },
{ "type": "Feature", "properties": { "id": 56123, "nach": 0.47134172365978833 }, "geometry": { "type": "LineString", "coordinates": [ [ -1.2847585, 51.750946 ], [ -1.2847332, 51.7510831 ] ] } },
{ "type": "Feature", "properties": { "id": 56116, "nach": 0.21574836290145971 }, "geometry": { "type": "LineString", "coordinates": [ [ -1.285059, 51.7511064 ], [ -1.2853157, 51.751124800000014 ] ] } },
{ "type": "Feature", "properties": { "id": 53256, "nach": 0.0 }, "geometry": { "type": "LineString", "coordinates": [ [ -1.2850645, 51.7512106 ], [ -1.2849615, 51.7512414 ], [ -1.2838296, 51.7511552 ], [ -1.2838564, 51.7510205 ] ] } },
{ "type": "Feature", "properties": { "id": 56118, "nach": 0.56943841604149736 }, "geometry": { "type": "LineString", "coordinates": [ [ -1.285059, 51.7511064 ], [ -1.2850421, 51.7511885 ], [ -1.2850645, 51.7512106 ] ] } },
{ "type": "Feature", "properties": { "id": 56120, "nach": 0.46048101382984258 }, "geometry": { "type": "LineString", "coordinates": [ [ -1.2847332, 51.7510831 ], [ -1.2838564, 51.7510205 ] ] } },
{ "type": "Feature", "properties": { "id": 56119, "nach": 0.54629902832546018 }, "geometry": { "type": "LineString", "coordinates": [ [ -1.2847332, 51.7510831 ], [ -1.285059, 51.7511064 ] ] } },
{ "type": "Feature", "properties": { "id": 31250, "nach": 0.40486327616041634 }, "geometry": { "type": "LineString", "coordinates": [ [ -1.2871385, 51.7499561 ], [ -1.2877017, 51.749335 ], [ -1.2881094, 51.748973 ] ] } },
{ "type": "Feature", "properties": { "id": 31263, "nach": 0.51017585049142877 }, "geometry": { "type": "LineString", "coordinates": [ [ -1.2842738, 51.74999960000001 ], [ -1.284585, 51.750015900000015 ], [ -1.2849927, 51.7499827 ], [ -1.2855184, 51.7498731 ], [ -1.2859207, 51.7498564 ], [ -1.2871385, 51.7499561 ] ] } },
{ "type": "Feature", "properties": { "id": 31253, "nach": 0.51540275064395669 }, "geometry": { "type": "LineString", "coordinates": [ [ -1.2884445, 51.7507084 ], [ -1.2877715, 51.7503646 ], [ -1.2873405, 51.7500865 ], [ -1.2871385, 51.7499561 ] ] } },
{ "type": "Feature", "properties": { "id": 44585, "nach": 0.35657413583851882 }, "geometry": { "type": "LineString", "coordinates": [ [ -1.2893895, 51.7507467 ], [ -1.2891901, 51.750751 ], [ -1.2888806, 51.7507008 ], [ -1.2884445, 51.7507084 ] ] } },
{ "type": "Feature", "properties": { "id": 31274, "nach": 0.4004305482885317 }, "geometry": { "type": "LineString", "coordinates": [ [ -1.2870017, 51.751135599999984 ], [ -1.2869883, 51.7511616 ], [ -1.2867415, 51.7509922 ], [ -1.2861997, 51.7507199 ], [ -1.2857383, 51.7505605 ], [ -1.2854832, 51.750483900000013 ], [ -1.2842738, 51.74999960000001 ] ] } },
{ "type": "Feature", "properties": { "id": 31991, "nach": 0.53768829856212164 }, "geometry": { "type": "LineString", "coordinates": [ [ -1.2885251, 51.750833300000011 ], [ -1.2884855, 51.750760799999988 ], [ -1.2884445, 51.7507084 ] ] } },
{ "type": "Feature", "properties": { "id": 31989, "nach": 0.5594834963723303 }, "geometry": { "type": "LineString", "coordinates": [ [ -1.2885251, 51.750833300000011 ], [ -1.2886029, 51.7508395 ] ] } },
{ "type": "Feature", "properties": { "id": 31990, "nach": 0.0 }, "geometry": { "type": "LineString", "coordinates": [ [ -1.2885251, 51.750833300000011 ], [ -1.2879807, 51.7507897 ], [ -1.2874442, 51.750773100000011 ], [ -1.2871653, 51.7508196 ], [ -1.2870017, 51.751135599999984 ] ] } },
{ "type": "Feature", "properties": { "id": 31280, "nach": 0.44600843243158633 }, "geometry": { "type": "LineString", "coordinates": [ [ -1.2820208, 51.7490594 ], [ -1.2824446, 51.7492753 ] ] } },
{ "type": "Feature", "properties": { "id": 31276, "nach": 0.44840921345234697 }, "geometry": { "type": "LineString", "coordinates": [ [ -1.2870017, 51.751135599999984 ], [ -1.2875247, 51.7510886 ], [ -1.287927, 51.751015499999987 ], [ -1.2883991, 51.7510122 ], [ -1.2886029, 51.7508395 ] ] } },
{ "type": "Feature", "properties": { "id": 31269, "nach": 0.58676110419679639 }, "geometry": { "type": "LineString", "coordinates": [ [ -1.2886029, 51.7508395 ], [ -1.2890044, 51.7508489 ], [ -1.2893191, 51.7509795 ] ] } },
{ "type": "Feature", "properties": { "id": 49725, "nach": 0.59266770715872352 }, "geometry": { "type": "LineString", "coordinates": [ [ -1.2681701, 51.7514133 ], [ -1.2677664, 51.7514582 ] ] } },
{ "type": "Feature", "properties": { "id": 49739, "nach": 0.55197095635981419 }, "geometry": { "type": "LineString", "coordinates": [ [ -1.2679289, 51.7511492 ], [ -1.267729, 51.7511727 ], [ -1.2677664, 51.7514582 ] ] } },
{ "type": "Feature", "properties": { "id": 49736, "nach": 0.55455677328116204 }, "geometry": { "type": "LineString", "coordinates": [ [ -1.2682832, 51.7512482 ], [ -1.2683004, 51.7512639 ], [ -1.2683154, 51.7512953 ], [ -1.268314, 51.7513281 ], [ -1.2682963, 51.751359 ], [ -1.2682642, 51.7513851 ], [ -1.2682208, 51.7514038 ], [ -1.2681701, 51.7514133 ] ] } },
{ "type": "Feature", "properties": { "id": 49729, "nach": 0.52464636338236381 }, "geometry": { "type": "LineString", "coordinates": [ [ -1.2679765, 51.7513092 ], [ -1.2679864, 51.7513444 ], [ -1.2680148, 51.7513756 ], [ -1.2680585, 51.7513991 ], [ -1.2681123, 51.7514121 ], [ -1.2681701, 51.7514133 ] ] } },
{ "type": "Feature", "properties": { "id": 49738, "nach": 0.55212463833447278 }, "geometry": { "type": "LineString", "coordinates": [ [ -1.2679289, 51.7511492 ], [ -1.2679765, 51.7513092 ] ] } },
{ "type": "Feature", "properties": { "id": 49731, "nach": 0.5213143570356108 }, "geometry": { "type": "LineString", "coordinates": [ [ -1.2684338, 51.7512331 ], [ -1.2685039, 51.7514505 ] ] } },
{ "type": "Feature", "properties": { "id": 49734, "nach": 0.52549166702505667 }, "geometry": { "type": "LineString", "coordinates": [ [ -1.2682832, 51.7512482 ], [ -1.2684338, 51.7512331 ] ] } },
{ "type": "Feature", "properties": { "id": 43077, "nach": 0.49697278972482567 }, "geometry": { "type": "LineString", "coordinates": [ [ -1.2682645, 51.7531424 ], [ -1.2684813, 51.7531166 ], [ -1.2684674, 51.7530696 ], [ -1.2684633, 51.7530558 ], [ -1.268461, 51.753048 ], [ -1.2684566, 51.7530331 ] ] } },
{ "type": "Feature", "properties": { "id": 32409, "nach": 0.44520472168790592 }, "geometry": { "type": "LineString", "coordinates": [ [ -1.2736592, 51.7492782 ], [ -1.2737227, 51.749231300000012 ] ] } },
{ "type": "Feature", "properties": { "id": 32414, "nach": 0.44520472168790592 }, "geometry": { "type": "LineString", "coordinates": [ [ -1.2735998, 51.7493226 ], [ -1.2736592, 51.7492782 ] ] } },
{ "type": "Feature", "properties": { "id": 32722, "nach": 0.47014171402816024 }, "geometry": { "type": "LineString", "coordinates": [ [ -1.2735445, 51.7463824 ], [ -1.27374, 51.7464304 ] ] } },
{ "type": "Feature", "properties": { "id": 32726, "nach": 0.3927259234938853 }, "geometry": { "type": "LineString", "coordinates": [ [ -1.2736115, 51.7466213 ], [ -1.27374, 51.7464304 ] ] } },
{ "type": "Feature", "properties": { "id": 32721, "nach": 0.3927259234938853 }, "geometry": { "type": "LineString", "coordinates": [ [ -1.2738189, 51.7463131 ], [ -1.27374, 51.7464304 ] ] } },
{ "type": "Feature", "properties": { "id": 32725, "nach": 0.39422873915907403 }, "geometry": { "type": "LineString", "coordinates": [ [ -1.2734137, 51.7465759 ], [ -1.2735445, 51.7463824 ] ] } },
{ "type": "Feature", "properties": { "id": 32734, "nach": 0.42489799661977967 }, "geometry": { "type": "LineString", "coordinates": [ [ -1.272171, 51.7468292 ], [ -1.2720445, 51.7467103 ] ] } },
{ "type": "Feature", "properties": { "id": 44656, "nach": 0.0 }, "geometry": { "type": "LineString", "coordinates": [ [ -1.2710139, 51.7470821 ], [ -1.2709113, 51.7471592 ], [ -1.271428, 51.7474148 ], [ -1.2715205, 51.7474037 ], [ -1.2715736, 51.7473659 ] ] } },
{ "type": "Feature", "properties": { "id": 57568, "nach": 0.46001751803336782 }, "geometry": { "type": "LineString", "coordinates": [ [ -1.2717235, 51.7474341 ], [ -1.2715736, 51.7473659 ] ] } },
{ "type": "Feature", "properties": { "id": 39275, "nach": 0.44830624884202264 }, "geometry": { "type": "LineString", "coordinates": [ [ -1.2746684, 51.7483284 ], [ -1.2745822, 51.7484514 ] ] } },
{ "type": "Feature", "properties": { "id": 34131, "nach": 0.73039287477935955 }, "geometry": { "type": "LineString", "coordinates": [ [ -1.2679562, 51.7528463 ], [ -1.2683184, 51.7528106 ], [ -1.268686, 51.7527743 ] ] } },
{ "type": "Feature", "properties": { "id": 56369, "nach": 0.76792452166818659 }, "geometry": { "type": "LineString", "coordinates": [ [ -1.26867, 51.7526999 ], [ -1.2686711, 51.7527218 ], [ -1.2686737, 51.7527311 ], [ -1.2686831, 51.7527643 ], [ -1.268686, 51.7527743 ] ] } },
{ "type": "Feature", "properties": { "id": 56376, "nach": 0.70964312183899092 }, "geometry": { "type": "LineString", "coordinates": [ [ -1.2687102, 51.752855200000013 ], [ -1.2687021, 51.7528313 ], [ -1.2686997, 51.7528228 ], [ -1.2686895, 51.7527869 ], [ -1.268686, 51.7527743 ] ] } },
{ "type": "Feature", "properties": { "id": 53927, "nach": 0.72145878314291501 }, "geometry": { "type": "LineString", "coordinates": [ [ -1.2686645, 51.752592300000011 ], [ -1.2680384, 51.7526127 ], [ -1.2679915, 51.7526147 ] ] } },
{ "type": "Feature", "properties": { "id": 56385, "nach": 0.75266786975721733 }, "geometry": { "type": "LineString", "coordinates": [ [ -1.2686671, 51.7526429 ], [ -1.2686645, 51.752592300000011 ] ] } },
{ "type": "Feature", "properties": { "id": 53060, "nach": 0.66656968587723997 }, "geometry": { "type": "LineString", "coordinates": [ [ -1.2689046, 51.7523587 ], [ -1.2689048, 51.7523186 ] ] } },
{ "type": "Feature", "properties": { "id": 53063, "nach": 0.53032540087875912 }, "geometry": { "type": "LineString", "coordinates": [ [ -1.2689046, 51.7523587 ], [ -1.2687385, 51.7523646 ], [ -1.2687355, 51.7523343 ] ] } },
{ "type": "Feature", "properties": { "id": 53061, "nach": 0.73852661559107535 }, "geometry": { "type": "LineString", "coordinates": [ [ -1.2689046, 51.7523587 ], [ -1.2689493, 51.752356699999986 ] ] } },
{ "type": "Feature", "properties": { "id": 34305, "nach": 0.73432942670410728 }, "geometry": { "type": "LineString", "coordinates": [ [ -1.2677085, 51.7528648 ], [ -1.2678376, 51.7528546 ], [ -1.2679562, 51.7528463 ] ] } },
{ "type": "Feature", "properties": { "id": 33900, "nach": 0.66466031554847294 }, "geometry": { "type": "LineString", "coordinates": [ [ -1.2689033, 51.7522862 ], [ -1.2688748, 51.7520038 ] ] } },
{ "type": "Feature", "properties": { "id": 59224, "nach": 0.51643391430324148 }, "geometry": { "type": "LineString", "coordinates": [ [ -1.2682542, 51.752242 ], [ -1.2683978, 51.7522366 ], [ -1.2683769, 51.752023099999988 ], [ -1.2688748, 51.7520038 ] ] } },
{ "type": "Feature", "properties": { "id": 35420, "nach": 0.6706543959261716 }, "geometry": { "type": "LineString", "coordinates": [ [ -1.2689048, 51.7523186 ], [ -1.2689033, 51.7522862 ] ] } },
{ "type": "Feature", "properties": { "id": 47480, "nach": 0.4778063621378788 }, "geometry": { "type": "LineString", "coordinates": [ [ -1.2689488, 51.7522844 ], [ -1.2689033, 51.7522862 ] ] } },
{ "type": "Feature", "properties": { "id": 33904, "nach": 0.52777433978066068 }, "geometry": { "type": "LineString", "coordinates": [ [ -1.2686219, 51.7522993 ], [ -1.2686944, 51.752296 ], [ -1.2689033, 51.7522862 ] ] } },
{ "type": "Feature", "properties": { "id": 34003, "nach": 0.49760534268886925 }, "geometry": { "type": "LineString", "coordinates": [ [ -1.2881452, 51.752234 ], [ -1.2881539, 51.7521773 ] ] } },
{ "type": "Feature", "properties": { "id": 34005, "nach": 0.5751155257674857 }, "geometry": { "type": "LineString", "coordinates": [ [ -1.2881184, 51.7522322 ], [ -1.2881452, 51.752234 ] ] } },
{ "type": "Feature", "properties": { "id": 34009, "nach": 0.49703394110656085 }, "geometry": { "type": "LineString", "coordinates": [ [ -1.2881214, 51.7522169 ], [ -1.2881184, 51.7522322 ] ] } },
{ "type": "Feature", "properties": { "id": 34008, "nach": 0.49703394110656085 }, "geometry": { "type": "LineString", "coordinates": [ [ -1.2881224, 51.75224750000001 ], [ -1.2881156, 51.7522471 ], [ -1.2881184, 51.7522322 ] ] } },
{ "type": "Feature", "properties": { "id": 56379, "nach": 0.58797136545798134 }, "geometry": { "type": "LineString", "coordinates": [ [ -1.2679779, 51.7529283 ], [ -1.2679714, 51.7528997 ], [ -1.2679688, 51.752890499999985 ], [ -1.2679596, 51.7528584 ], [ -1.2679562, 51.7528463 ] ] } },
{ "type": "Feature", "properties": { "id": 56386, "nach": 0.75187775737957208 }, "geometry": { "type": "LineString", "coordinates": [ [ -1.2686671, 51.7526429 ], [ -1.26867, 51.7526999 ] ] } },
{ "type": "Feature", "properties": { "id": 56392, "nach": 0.70649991972750537 }, "geometry": { "type": "LineString", "coordinates": [ [ -1.2687348, 51.7529273 ], [ -1.2687102, 51.752855200000013 ] ] } },
{ "type": "Feature", "properties": { "id": 56378, "nach": 0.47253257993593628 }, "geometry": { "type": "LineString", "coordinates": [ [ -1.2679779, 51.7529283 ], [ -1.2687102, 51.752855200000013 ] ] } },
{ "type": "Feature", "properties": { "id": 56395, "nach": 0.54388661307601305 }, "geometry": { "type": "LineString", "coordinates": [ [ -1.2679936, 51.752997 ], [ -1.2679779, 51.7529283 ] ] } },
{ "type": "Feature", "properties": { "id": 56384, "nach": 0.54523419421054364 }, "geometry": { "type": "LineString", "coordinates": [ [ -1.2677199, 51.7530127 ], [ -1.2677287, 51.7529977 ], [ -1.2677376, 51.752985 ], [ -1.2677528, 51.7529717 ], [ -1.2677716, 51.7529623 ], [ -1.2677913, 51.7529534 ], [ -1.2678074, 51.7529479 ], [ -1.2678271, 51.7529429 ], [ -1.2678503, 51.7529396 ], [ -1.2678745, 51.7529374 ], [ -1.2679779, 51.7529283 ] ] } },
{ "type": "Feature", "properties": { "id": 34495, "nach": 0.46468914739512257 }, "geometry": { "type": "LineString", "coordinates": [ [ -1.2801804, 51.7527045 ], [ -1.2800381, 51.7533375 ] ] } },
{ "type": "Feature", "properties": { "id": 50610, "nach": 0.4701160525375962 }, "geometry": { "type": "LineString", "coordinates": [ [ -1.2806763, 51.7527429 ], [ -1.2801804, 51.7527045 ] ] } },
{ "type": "Feature", "properties": { "id": 34502, "nach": 0.54854717397143993 }, "geometry": { "type": "LineString", "coordinates": [ [ -1.2800513, 51.7526579 ], [ -1.2801804, 51.7527045 ] ] } },
{ "type": "Feature", "properties": { "id": 34503, "nach": 0.46265845978900222 }, "geometry": { "type": "LineString", "coordinates": [ [ -1.2800381, 51.7533375 ], [ -1.2800349, 51.75344 ] ] } },
{ "type": "Feature", "properties": { "id": 34504, "nach": 0.46339702943508637 }, "geometry": { "type": "LineString", "coordinates": [ [ -1.2800381, 51.7533375 ], [ -1.2798669, 51.753151600000017 ], [ -1.2798889, 51.7530251 ] ] } },
{ "type": "Feature", "properties": { "id": 34501, "nach": 0.0 }, "geometry": { "type": "LineString", "coordinates": [ [ -1.2800349, 51.75344 ], [ -1.2803415, 51.753470100000015 ], [ -1.2800938, 51.7536204 ], [ -1.2800349, 51.75344 ] ] } },
{ "type": "Feature", "properties": { "id": 50609, "nach": 0.50208403213239639 }, "geometry": { "type": "LineString", "coordinates": [ [ -1.2799484, 51.7526827 ], [ -1.2800513, 51.7526579 ] ] } },
{ "type": "Feature", "properties": { "id": 50611, "nach": 0.54587900092964825 }, "geometry": { "type": "LineString", "coordinates": [ [ -1.2798889, 51.7530251 ], [ -1.2799484, 51.7526827 ] ] } },
{ "type": "Feature", "properties": { "id": 50613, "nach": 0.46923613131579472 }, "geometry": { "type": "LineString", "coordinates": [ [ -1.2797186, 51.7530135 ], [ -1.2798889, 51.7530251 ] ] } },
{ "type": "Feature", "properties": { "id": 53059, "nach": 0.52772815501386383 }, "geometry": { "type": "LineString", "coordinates": [ [ -1.2689493, 51.752356699999986 ], [ -1.2689499, 51.7524313 ], [ -1.2689461, 51.7525368 ] ] } },
{ "type": "Feature", "properties": { "id": 44302, "nach": 0.56750789635596222 }, "geometry": { "type": "LineString", "coordinates": [ [ -1.2753777, 51.7530456 ], [ -1.2754648, 51.752998 ] ] } },
{ "type": "Feature", "properties": { "id": 48939, "nach": 0.59986222007361134 }, "geometry": { "type": "LineString", "coordinates": [ [ -1.2755021, 51.753257100000013 ], [ -1.2754972, 51.7532154 ], [ -1.2754648, 51.752998 ] ] } },
{ "type": "Feature", "properties": { "id": 44307, "nach": 0.48950264998434301 }, "geometry": { "type": "LineString", "coordinates": [ [ -1.2753397, 51.7529943 ], [ -1.2753458, 51.7530163 ], [ -1.2753515, 51.753030500000015 ], [ -1.2753777, 51.7530456 ] ] } },
{ "type": "Feature", "properties": { "id": 44306, "nach": 0.48732656211767572 }, "geometry": { "type": "LineString", "coordinates": [ [ -1.2752279, 51.7531391 ], [ -1.2752808, 51.75312790000001 ], [ -1.275318, 51.7531064 ], [ -1.2753458, 51.7530758 ], [ -1.2753693, 51.7530537 ], [ -1.2753777, 51.7530456 ] ] } },
{ "type": "Feature", "properties": { "id": 48941, "nach": 0.48492968988959745 }, "geometry": { "type": "LineString", "coordinates": [ [ -1.2754433, 51.7532594 ], [ -1.2755021, 51.753257100000013 ] ] } },
{ "type": "Feature", "properties": { "id": 37368, "nach": 0.0 }, "geometry": { "type": "LineString", "coordinates": [ [ -1.2695477, 51.7424594 ], [ -1.2695914, 51.7424429 ], [ -1.2696866, 51.7424206 ], [ -1.2698018, 51.742385 ], [ -1.2698871, 51.7423942 ], [ -1.2700599, 51.7424167 ], [ -1.2703307, 51.74245890000001 ], [ -1.2705099, 51.7424985 ], [ -1.2706229, 51.7425025 ], [ -1.2707466, 51.7424959 ], [ -1.2708277, 51.7424629 ], [ -1.2709258, 51.7423916 ], [ -1.2709855, 51.742299100000011 ], [ -1.2709706, 51.7422225 ], [ -1.2709002, 51.7421327 ], [ -1.2708853, 51.742025700000013 ], [ -1.2709002, 51.741975600000011 ], [ -1.2710026, 51.741928 ], [ -1.2711242, 51.74188310000001 ], [ -1.2713524, 51.7418778 ], [ -1.2715934, 51.74191350000001 ], [ -1.2719133, 51.7420244 ], [ -1.2724401, 51.742161800000012 ], [ -1.2731013, 51.7423321 ], [ -1.27353, 51.7423929 ], [ -1.273963, 51.7424193 ], [ -1.2745645, 51.742429900000012 ], [ -1.274777, 51.7424505 ], [ -1.2749932, 51.74248140000001 ], [ -1.2753814, 51.7425725 ], [ -1.2758272, 51.74269 ], [ -1.2759722, 51.742727 ], [ -1.2760426, 51.7427772 ], [ -1.2760788, 51.7428604 ], [ -1.276113, 51.74298850000001 ], [ -1.2761578, 51.743081 ], [ -1.2762132, 51.7431562 ], [ -1.2763092, 51.7432328 ], [ -1.2765289, 51.7432975 ], [ -1.2768744, 51.7433768 ], [ -1.2769725, 51.74341110000001 ], [ -1.2770429, 51.7434481 ], [ -1.277092, 51.7434917 ], [ -1.2771133, 51.7435683 ], [ -1.2770941, 51.74367 ], [ -1.2770813, 51.7437598 ], [ -1.2770856, 51.7438654 ], [ -1.2770941, 51.7439394 ], [ -1.2771026, 51.7440305 ], [ -1.2770813, 51.744088600000012 ], [ -1.2770045, 51.744136200000014 ], [ -1.2768467, 51.744189 ] ] } },
{ "type": "Feature", "properties": { "id": 46116, "nach": 0.35070382544918133 }, "geometry": { "type": "LineString", "coordinates": [ [ -1.2707018, 51.749199100000013 ], [ -1.2707991, 51.7491943 ], [ -1.2709426, 51.7492081 ], [ -1.2709968, 51.749234800000011 ], [ -1.2710478, 51.7492821 ], [ -1.2710717, 51.7493828 ] ] } },
{ "type": "Feature", "properties": { "id": 46341, "nach": 0.46461533121145859 }, "geometry": { "type": "LineString", "coordinates": [ [ -1.2710341, 51.7489931 ], [ -1.2713448, 51.749249 ], [ -1.2713592, 51.7492596 ], [ -1.2710717, 51.7493828 ] ] } },
{ "type": "Feature", "properties": { "id": 46114, "nach": 0.48156145763495167 }, "geometry": { "type": "LineString", "coordinates": [ [ -1.2707018, 51.749199100000013 ], [ -1.2706985, 51.7491773 ] ] } },
{ "type": "Feature", "properties": { "id": 53928, "nach": 0.73099281811996653 }, "geometry": { "type": "LineString", "coordinates": [ [ -1.2680125, 51.7530796 ], [ -1.2684566, 51.7530331 ] ] } },
{ "type": "Feature", "properties": { "id": 56396, "nach": 0.49347345877504928 }, "geometry": { "type": "LineString", "coordinates": [ [ -1.2679936, 51.752997 ], [ -1.2680125, 51.7530796 ] ] } },
{ "type": "Feature", "properties": { "id": 57473, "nach": 0.46741967573929721 }, "geometry": { "type": "LineString", "coordinates": [ [ -1.2770969, 51.7501914 ], [ -1.2768788, 51.7501495 ], [ -1.2765786, 51.7500873 ], [ -1.276533, 51.7501736 ] ] } },
{ "type": "Feature", "properties": { "id": 57570, "nach": 0.43810016312184918 }, "geometry": { "type": "LineString", "coordinates": [ [ -1.2717235, 51.7474341 ], [ -1.2711983, 51.7478446 ] ] } },
{ "type": "Feature", "properties": { "id": 46119, "nach": 0.0 }, "geometry": { "type": "LineString", "coordinates": [ [ -1.2717307, 51.7494885 ], [ -1.2717919, 51.7495812 ], [ -1.2718056, 51.7495823 ], [ -1.2718596, 51.749584500000019 ], [ -1.271902, 51.7495863 ], [ -1.2718135, 51.749452700000013 ], [ -1.2718023, 51.7494574 ], [ -1.2717684, 51.749472300000015 ], [ -1.2717307, 51.7494885 ] ] } },
{ "type": "Feature", "properties": { "id": 46604, "nach": 0.69462862391354552 }, "geometry": { "type": "LineString", "coordinates": [ [ -1.288572, 51.7545374 ], [ -1.288131, 51.7545066 ], [ -1.2880675, 51.7545166 ], [ -1.2880343, 51.75454160000001 ], [ -1.2880193, 51.7545843 ] ] } },
{ "type": "Feature", "properties": { "id": 46301, "nach": 0.46555824670035906 }, "geometry": { "type": "LineString", "coordinates": [ [ -1.2869676, 51.7539299 ], [ -1.286992, 51.753789800000014 ] ] } },
{ "type": "Feature", "properties": { "id": 46298, "nach": 0.077285733833359752 }, "geometry": { "type": "LineString", "coordinates": [ [ -1.2876392, 51.7539772 ], [ -1.2876658, 51.7538397 ], [ -1.286992, 51.753789800000014 ] ] } },
{ "type": "Feature", "properties": { "id": 46299, "nach": 0.13689206995168865 }, "geometry": { "type": "LineString", "coordinates": [ [ -1.2869676, 51.7539299 ], [ -1.2876392, 51.7539772 ] ] } },
{ "type": "Feature", "properties": { "id": 50621, "nach": 0.51582335306753646 }, "geometry": { "type": "LineString", "coordinates": [ [ -1.2869431, 51.7540705 ], [ -1.2869676, 51.7539299 ] ] } },
{ "type": "Feature", "properties": { "id": 46285, "nach": 0.59738970521033807 }, "geometry": { "type": "LineString", "coordinates": [ [ -1.2868352, 51.7546726 ], [ -1.2868581, 51.7545314 ] ] } },
{ "type": "Feature", "properties": { "id": 46318, "nach": 0.60709757568762024 }, "geometry": { "type": "LineString", "coordinates": [ [ -1.2868778, 51.7544293 ], [ -1.2868581, 51.7545314 ] ] } },
{ "type": "Feature", "properties": { "id": 46283, "nach": 0.0 }, "geometry": { "type": "LineString", "coordinates": [ [ -1.2875235, 51.7547242 ], [ -1.2875522, 51.7545831 ], [ -1.2868581, 51.7545314 ] ] } },
{ "type": "Feature", "properties": { "id": 46320, "nach": 0.45897652760050239 }, "geometry": { "type": "LineString", "coordinates": [ [ -1.2868778, 51.7544293 ], [ -1.2868971, 51.7543348 ] ] } },
{ "type": "Feature", "properties": { "id": 50631, "nach": 0.60799342117145927 }, "geometry": { "type": "LineString", "coordinates": [ [ -1.2876316, 51.7544796 ], [ -1.2868778, 51.7544293 ] ] } },
{ "type": "Feature", "properties": { "id": 46287, "nach": 0.60641484925870348 }, "geometry": { "type": "LineString", "coordinates": [ [ -1.2875604, 51.75438410000001 ], [ -1.2875851, 51.75425640000001 ] ] } },
{ "type": "Feature", "properties": { "id": 50633, "nach": 0.6248928764916245 }, "geometry": { "type": "LineString", "coordinates": [ [ -1.2876316, 51.7544796 ], [ -1.2876449, 51.7544123 ], [ -1.2875604, 51.75438410000001 ] ] } },
{ "type": "Feature", "properties": { "id": 46289, "nach": 0.48020023645538817 }, "geometry": { "type": "LineString", "coordinates": [ [ -1.2868971, 51.7543348 ], [ -1.2875604, 51.75438410000001 ] ] } },
{ "type": "Feature", "properties": { "id": 46292, "nach": 0.52682751511524029 }, "geometry": { "type": "LineString", "coordinates": [ [ -1.2875851, 51.75425640000001 ], [ -1.2876115, 51.7541202 ] ] } },
{ "type": "Feature", "properties": { "id": 46294, "nach": 0.55779284354424052 }, "geometry": { "type": "LineString", "coordinates": [ [ -1.2869202, 51.7542022 ], [ -1.2875851, 51.75425640000001 ] ] } },
{ "type": "Feature", "properties": { "id": 50632, "nach": 0.67162146450808335 }, "geometry": { "type": "LineString", "coordinates": [ [ -1.2876316, 51.7544796 ], [ -1.2877597, 51.7544881 ] ] } },
{ "type": "Feature", "properties": { "id": 46295, "nach": 0.428002435736478 }, "geometry": { "type": "LineString", "coordinates": [ [ -1.2869202, 51.7542022 ], [ -1.2868971, 51.7543348 ] ] } },
{ "type": "Feature", "properties": { "id": 50620, "nach": 0.54607912753191534 }, "geometry": { "type": "LineString", "coordinates": [ [ -1.2869431, 51.7540705 ], [ -1.2869202, 51.7542022 ] ] } },
{ "type": "Feature", "properties": { "id": 50617, "nach": 0.47674944914974621 }, "geometry": { "type": "LineString", "coordinates": [ [ -1.2876115, 51.7541202 ], [ -1.2876392, 51.7539772 ] ] } },
{ "type": "Feature", "properties": { "id": 50619, "nach": 0.15473912423935637 }, "geometry": { "type": "LineString", "coordinates": [ [ -1.2869431, 51.7540705 ], [ -1.2876115, 51.7541202 ] ] } },
{ "type": "Feature", "properties": { "id": 50622, "nach": 0.69912285250161854 }, "geometry": { "type": "LineString", "coordinates": [ [ -1.287753, 51.7545162 ], [ -1.2877597, 51.7544881 ] ] } },
{ "type": "Feature", "properties": { "id": 58649, "nach": 0.70421499874465243 }, "geometry": { "type": "LineString", "coordinates": [ [ -1.2878661, 51.7531709 ], [ -1.287863, 51.75318 ], [ -1.2878561, 51.7532026 ], [ -1.2877411, 51.7537965 ], [ -1.2877883, 51.753799 ], [ -1.2877166, 51.7543582 ], [ -1.2877698, 51.7544299 ], [ -1.2877597, 51.7544881 ] ] } },
{ "type": "Feature", "properties": { "id": 50627, "nach": 0.69900142781312569 }, "geometry": { "type": "LineString", "coordinates": [ [ -1.2877378, 51.7545919 ], [ -1.2876663, 51.7545866 ], [ -1.2876835, 51.754511 ], [ -1.287753, 51.7545162 ] ] } },
{ "type": "Feature", "properties": { "id": 58653, "nach": 0.56628598019753795 }, "geometry": { "type": "LineString", "coordinates": [ [ -1.2883808, 51.7532077 ], [ -1.2878661, 51.7531709 ] ] } },
{ "type": "Feature", "properties": { "id": 58650, "nach": 0.47294840966885476 }, "geometry": { "type": "LineString", "coordinates": [ [ -1.2883808, 51.7532077 ], [ -1.2883356, 51.7531622 ] ] } },
{ "type": "Feature", "properties": { "id": 58651, "nach": 0.5068105327091037 }, "geometry": { "type": "LineString", "coordinates": [ [ -1.2883808, 51.7532077 ], [ -1.2883981, 51.7532252 ] ] } },
{ "type": "Feature", "properties": { "id": 49281, "nach": 0.49616831094193492 }, "geometry": { "type": "LineString", "coordinates": [ [ -1.2703869, 51.7501435 ], [ -1.2703969, 51.7501762 ], [ -1.2704683, 51.7502621 ], [ -1.270442, 51.7503698 ], [ -1.2704044, 51.750436399999984 ], [ -1.270297, 51.7505173 ] ] } },
{ "type": "Feature", "properties": { "id": 49276, "nach": 0.4960350888871079 }, "geometry": { "type": "LineString", "coordinates": [ [ -1.2698408, 51.750209599999984 ], [ -1.2701367, 51.7504386 ], [ -1.270297, 51.7505173 ] ] } },
{ "type": "Feature", "properties": { "id": 49280, "nach": 0.078106427364393397 }, "geometry": { "type": "LineString", "coordinates": [ [ -1.2703869, 51.7501435 ], [ -1.2703618, 51.7501655 ], [ -1.2702986, 51.7501963 ], [ -1.2701847, 51.7502144 ], [ -1.2698408, 51.750209599999984 ] ] } },
{ "type": "Feature", "properties": { "id": 54854, "nach": 0.44950305745129865 }, "geometry": { "type": "LineString", "coordinates": [ [ -1.2814436, 51.7430935 ], [ -1.2813542, 51.7430315 ], [ -1.2811502, 51.74291980000001 ], [ -1.2808754, 51.7428724 ] ] } },
{ "type": "Feature", "properties": { "id": 57653, "nach": 0.30867772936905541 }, "geometry": { "type": "LineString", "coordinates": [ [ -1.2768143, 51.740240900000011 ], [ -1.2769527, 51.7401458 ], [ -1.277096, 51.7401611 ], [ -1.2788768, 51.7412981 ], [ -1.28028, 51.7421105 ], [ -1.2804479, 51.7422891 ], [ -1.2806974, 51.7426159 ], [ -1.2808754, 51.7428724 ] ] } },
{ "type": "Feature", "properties": { "id": 49735, "nach": 0.47330613244069802 }, "geometry": { "type": "LineString", "coordinates": [ [ -1.2682832, 51.7512482 ], [ -1.2682706, 51.7512368 ], [ -1.2682312, 51.7512262 ], [ -1.2680287, 51.7512516 ], [ -1.2679929, 51.7512755 ], [ -1.2679765, 51.7513092 ] ] } },
{ "type": "Feature", "properties": { "id": 50356, "nach": 0.0 }, "geometry": { "type": "LineString", "coordinates": [ [ -1.2739092, 51.75164370000001 ], [ -1.2739028, 51.751585399999989 ], [ -1.2740066, 51.75158110000001 ], [ -1.274013, 51.7516397 ], [ -1.2739092, 51.75164370000001 ] ] } },
{ "type": "Feature", "properties": { "id": 50662, "nach": 0.36960156537447592 }, "geometry": { "type": "LineString", "coordinates": [ [ -1.2801227, 51.7435 ], [ -1.2799265, 51.7434826 ], [ -1.2799353, 51.7434202 ] ] } },
{ "type": "Feature", "properties": { "id": 50664, "nach": 0.37039324088581171 }, "geometry": { "type": "LineString", "coordinates": [ [ -1.2801288, 51.7434217 ], [ -1.2801227, 51.7435 ] ] } },
{ "type": "Feature", "properties": { "id": 56125, "nach": 0.68045114458011713 }, "geometry": { "type": "LineString", "coordinates": [ [ -1.2868677, 51.751922 ], [ -1.2871036, 51.7519374 ] ] } },
{ "type": "Feature", "properties": { "id": 56132, "nach": 0.67280524977608525 }, "geometry": { "type": "LineString", "coordinates": [ [ -1.2868246, 51.7519015 ], [ -1.286833, 51.7519196 ], [ -1.2868677, 51.751922 ] ] } },
{ "type": "Feature", "properties": { "id": 53884, "nach": 0.48361536567555047 }, "geometry": { "type": "LineString", "coordinates": [ [ -1.2871036, 51.7519374 ], [ -1.2871072, 51.7519197 ] ] } },
{ "type": "Feature", "properties": { "id": 56130, "nach": 0.45987463416177077 }, "geometry": { "type": "LineString", "coordinates": [ [ -1.2868246, 51.7519015 ], [ -1.2868488, 51.7519028 ], [ -1.2871072, 51.7519197 ] ] } },
{ "type": "Feature", "properties": { "id": 56135, "nach": 0.4434476220310794 }, "geometry": { "type": "LineString", "coordinates": [ [ -1.2879301, 51.7519923 ], [ -1.2878782, 51.75197 ], [ -1.2871072, 51.7519197 ] ] } },
{ "type": "Feature", "properties": { "id": 56134, "nach": 0.52226430556621672 }, "geometry": { "type": "LineString", "coordinates": [ [ -1.2879301, 51.7519923 ], [ -1.2871036, 51.7519374 ] ] } },
{ "type": "Feature", "properties": { "id": 53887, "nach": 0.68534009150063868 }, "geometry": { "type": "LineString", "coordinates": [ [ -1.2870821, 51.752074 ], [ -1.2871036, 51.7519374 ] ] } },
{ "type": "Feature", "properties": { "id": 56143, "nach": 0.67445338519796438 }, "geometry": { "type": "LineString", "coordinates": [ [ -1.2859922, 51.7518234 ], [ -1.286815, 51.75188090000001 ], [ -1.2868246, 51.7519015 ] ] } },
{ "type": "Feature", "properties": { "id": 53886, "nach": 0.68673673140633096 }, "geometry": { "type": "LineString", "coordinates": [ [ -1.2870821, 51.752074 ], [ -1.2877808, 51.7521248 ] ] } },
{ "type": "Feature", "properties": { "id": 56388, "nach": 0.46347082682500418 }, "geometry": { "type": "LineString", "coordinates": [ [ -1.26797, 51.7526907 ], [ -1.2679915, 51.7526147 ] ] } },
{ "type": "Feature", "properties": { "id": 56390, "nach": 0.526584453938853 }, "geometry": { "type": "LineString", "coordinates": [ [ -1.26797, 51.7526907 ], [ -1.2686671, 51.7526429 ] ] } },
{ "type": "Feature", "properties": { "id": 56397, "nach": 0.49580411762465088 }, "geometry": { "type": "LineString", "coordinates": [ [ -1.2679936, 51.752997 ], [ -1.2687348, 51.7529273 ] ] } },
{ "type": "Feature", "properties": { "id": 56403, "nach": 0.55545843436798481 }, "geometry": { "type": "LineString", "coordinates": [ [ -1.2677691, 51.7530191 ], [ -1.2679936, 51.752997 ] ] } },
{ "type": "Feature", "properties": { "id": 56165, "nach": 0.50180899863024686 }, "geometry": { "type": "LineString", "coordinates": [ [ -1.2899576, 51.7529962 ], [ -1.289982, 51.7528617 ] ] } },
{ "type": "Feature", "properties": { "id": 56168, "nach": 0.50228422783685633 }, "geometry": { "type": "LineString", "coordinates": [ [ -1.2900999, 51.7530061 ], [ -1.2899576, 51.7529962 ] ] } }
]
}
