{
"type": "FeatureCollection",
"name": "SOUT5_48_NACH",
"crs": { "type": "name", "properties": { "name": "urn:ogc:def:crs:OGC:1.3:CRS84" } },
"features": [
{"type":"Feature","properties":{"id":28391,"nach":0.6584806918917262},"geometry":{"type":"LineString","coordinates":[[-1.3791422,50.89805470000001],[-1.3790089,50.8980479]]}},
{"type":"Feature","properties":{"id":183,"nach":0.61422084842013835},"geometry":{"type":"LineString","coordinates":[[-1.3790089,50.8980479],[-1.3790763,50.8979667],[-1.3791802,50.89785],[-1.379195,50.8978051],[-1.3792099,50.8977601],[-1.379588,50.897337],[-1.3796326,50.8973098],[-1.3796771,50.8972826],[-1.379809,50.8971223],[-1.3798208,50.8970853],[-1.3798325,50.8970483],[-1.3801685,50.8966182],[-1.3801888,50.8965923],[-1.3802253,50.8965455]]}},
{"type":"Feature","properties":{"id":13029,"nach":0.65779819120684613},"geometry":{"type":"LineString","coordinates":[[-1.378701,50.8980318],[-1.3787535,50.89803460000001],[-1.3788956,50.898042],[-1.3790089,50.8980479]]}},
{"type":"Feature","properties":{"id":5089,"nach":0.64388743613972899},"geometry":{"type":"LineString","coordinates":[[-1.3787341,50.8983378],[-1.3788412,50.8982378],[-1.3788789,50.8982025],[-1.3789146,50.8981613],[-1.3790089,50.8980479]]}},
{"type":"Feature","properties":{"id":28392,"nach":0.64271110452502878},"geometry":{"type":"LineString","coordinates":[[-1.3791422,50.89805470000001],[-1.3792262,50.8980589],[-1.3792774,50.8980615],[-1.3793387,50.8980645],[-1.3802905,50.8981121]]}},
{"type":"Feature","properties":{"id":28393,"nach":0.55264183451590498},"geometry":{"type":"LineString","coordinates":[[-1.3791422,50.89805470000001],[-1.3791223,50.8981495],[-1.3790774,50.8982672]]}},
{"type":"Feature","properties":{"id":83914,"nach":0.70327301524716956},"geometry":{"type":"LineString","coordinates":[[-1.3802253,50.8965455],[-1.3802739,50.8964728],[-1.3803126,50.8964148],[-1.3804248,50.896226]]}},
{"type":"Feature","properties":{"id":83913,"nach":0.68377257400051561},"geometry":{"type":"LineString","coordinates":[[-1.3802253,50.8965455],[-1.3803237,50.8965695],[-1.3806756,50.8966553]]}},
{"type":"Feature","properties":{"id":21327,"nach":0.57931892729819245},"geometry":{"type":"LineString","coordinates":[[-1.3799107,50.8960929],[-1.3794633,50.8966972],[-1.379133,50.8971286],[-1.3788454,50.8974754],[-1.378799,50.8975634],[-1.3787497,50.8977863],[-1.378701,50.8980318]]}},
{"type":"Feature","properties":{"id":17833,"nach":0.64411746779488321},"geometry":{"type":"LineString","coordinates":[[-1.3781079,50.8980077],[-1.3786724,50.8980307],[-1.378701,50.8980318]]}},
{"type":"Feature","properties":{"id":28394,"nach":0.5621934915605038},"geometry":{"type":"LineString","coordinates":[[-1.3788281,50.8983771],[-1.3787341,50.8983378]]}},
{"type":"Feature","properties":{"id":84526,"nach":0.65252526488780216},"geometry":{"type":"LineString","coordinates":[[-1.3784958,50.8985293],[-1.3787341,50.8983378]]}},
{"type":"Feature","properties":{"id":12578,"nach":0.68991829659197657},"geometry":{"type":"LineString","coordinates":[[-1.3781081,50.8988545],[-1.3780588,50.8989054]]}},
{"type":"Feature","properties":{"id":17020,"nach":0.61113084539250717},"geometry":{"type":"LineString","coordinates":[[-1.3775886,50.898832],[-1.3778833,50.898878700000012],[-1.3780588,50.8989054]]}},
{"type":"Feature","properties":{"id":12581,"nach":0.69278639204678127},"geometry":{"type":"LineString","coordinates":[[-1.377797,50.8994329],[-1.3778946,50.8992116],[-1.3779465,50.8991147],[-1.3779985,50.8990179],[-1.3780588,50.8989054]]}},
{"type":"Feature","properties":{"id":12583,"nach":0.56597671514161008},"geometry":{"type":"LineString","coordinates":[[-1.3782932,50.8989687],[-1.3781081,50.8988545]]}},
{"type":"Feature","properties":{"id":17841,"nach":0.73467756514955074},"geometry":{"type":"LineString","coordinates":[[-1.3781081,50.8988545],[-1.378183809424879,50.898784978315263]]}},
{"type":"Feature","properties":{"id":17019,"nach":0.57352116999437175},"geometry":{"type":"LineString","coordinates":[[-1.3775886,50.898832],[-1.377621,50.8987674],[-1.3773737,50.8987201]]}},
{"type":"Feature","properties":{"id":21227,"nach":0.55767030836190645},"geometry":{"type":"LineString","coordinates":[[-1.3773203,50.8987806],[-1.3775886,50.898832]]}},
{"type":"Feature","properties":{"id":12580,"nach":0.6691882534484429},"geometry":{"type":"LineString","coordinates":[[-1.377797,50.8994329],[-1.3776012,50.8998078],[-1.3775335,50.8999477]]}},
{"type":"Feature","properties":{"id":55975,"nach":0.63225917473291904},"geometry":{"type":"LineString","coordinates":[[-1.3778647,50.8994448],[-1.377797,50.8994329]]}},
{"type":"Feature","properties":{"id":5977,"nach":0.66508969710136323},"geometry":{"type":"LineString","coordinates":[[-1.3772279,50.9005694],[-1.3774962,50.9000162]]}},
{"type":"Feature","properties":{"id":6912,"nach":0.67757483021405085},"geometry":{"type":"LineString","coordinates":[[-1.377168,50.9000013],[-1.3774962,50.9000162]]}},
{"type":"Feature","properties":{"id":5961,"nach":0.69393089676123398},"geometry":{"type":"LineString","coordinates":[[-1.3775335,50.8999477],[-1.3774962,50.9000162]]}},
{"type":"Feature","properties":{"id":5980,"nach":0.66170860793290309},"geometry":{"type":"LineString","coordinates":[[-1.3771801,50.9006665],[-1.3772279,50.9005694]]}},
{"type":"Feature","properties":{"id":56085,"nach":0.63448042354674861},"geometry":{"type":"LineString","coordinates":[[-1.3779305,50.9005484],[-1.3776002,50.9005583],[-1.3772279,50.9005694]]}},
{"type":"Feature","properties":{"id":56313,"nach":0.65855963332640877},"geometry":{"type":"LineString","coordinates":[[-1.3770471,50.8999959],[-1.377168,50.9000013]]}},
{"type":"Feature","properties":{"id":56185,"nach":0.62114022399296909},"geometry":{"type":"LineString","coordinates":[[-1.3771759,50.8998314],[-1.377168,50.9000013]]}},
{"type":"Feature","properties":{"id":55973,"nach":0.61668549915134674},"geometry":{"type":"LineString","coordinates":[[-1.3784196,50.8998985],[-1.3779549,50.899924299999988],[-1.3775335,50.8999477]]}},
{"type":"Feature","properties":{"id":2382,"nach":0.59925676806424066},"geometry":{"type":"LineString","coordinates":[[-1.3768707,50.9012193],[-1.3766952,50.90155080000001]]}},
{"type":"Feature","properties":{"id":6858,"nach":0.5865894712753712},"geometry":{"type":"LineString","coordinates":[[-1.3758939,50.9027485],[-1.3761199,50.9024196],[-1.3764577,50.9019468],[-1.3766952,50.90155080000001]]}},
{"type":"Feature","properties":{"id":194,"nach":0.49338702302021636},"geometry":{"type":"LineString","coordinates":[[-1.3766952,50.90155080000001],[-1.3776859,50.9015667],[-1.3778953,50.901737]]}},
{"type":"Feature","properties":{"id":5981,"nach":0.60448260662144582},"geometry":{"type":"LineString","coordinates":[[-1.3771801,50.9006665],[-1.377147,50.9007256],[-1.3768707,50.9012193]]}},
{"type":"Feature","properties":{"id":56079,"nach":0.46509763340556498},"geometry":{"type":"LineString","coordinates":[[-1.3778289,50.9011133],[-1.3777607,50.9010461],[-1.3777554,50.9009998],[-1.3775859,50.9010069],[-1.3776084,50.9011723],[-1.377573,50.9011746],[-1.3768707,50.9012193]]}},
{"type":"Feature","properties":{"id":6856,"nach":0.6204800327048009},"geometry":{"type":"LineString","coordinates":[[-1.3758939,50.9027485],[-1.3757262,50.9029864]]}},
{"type":"Feature","properties":{"id":6859,"nach":0.57709562984347607},"geometry":{"type":"LineString","coordinates":[[-1.3748113,50.9030637],[-1.3758939,50.9027485]]}},
{"type":"Feature","properties":{"id":56072,"nach":0.46677745532834464},"geometry":{"type":"LineString","coordinates":[[-1.3775005,50.9018948],[-1.3778953,50.901737]]}},
{"type":"Feature","properties":{"id":56071,"nach":0.50916462450421696},"geometry":{"type":"LineString","coordinates":[[-1.3778953,50.901737],[-1.3779167,50.9017544],[-1.3782224,50.9019759]]}},
{"type":"Feature","properties":{"id":20719,"nach":0.59374955386178552},"geometry":{"type":"LineString","coordinates":[[-1.3749795,50.9040529],[-1.3742772,50.9050559]]}},
{"type":"Feature","properties":{"id":56274,"nach":0.70215940816476063},"geometry":{"type":"LineString","coordinates":[[-1.3740041,50.9048601],[-1.3742772,50.9050559]]}},
{"type":"Feature","properties":{"id":56272,"nach":0.70894512672695853},"geometry":{"type":"LineString","coordinates":[[-1.3740581,50.9053273],[-1.3741972,50.9051619],[-1.3742772,50.9050559]]}},
{"type":"Feature","properties":{"id":20718,"nach":0.58860280495764206},"geometry":{"type":"LineString","coordinates":[[-1.3749795,50.9040529],[-1.3757262,50.9029864]]}},
{"type":"Feature","properties":{"id":20720,"nach":0.46544068267801753},"geometry":{"type":"LineString","coordinates":[[-1.3749795,50.9040529],[-1.3748628,50.904021500000013],[-1.3747166,50.904002900000016],[-1.3746281,50.903995300000012],[-1.3745262,50.90400970000001],[-1.374435,50.9038777],[-1.3742606,50.903871]]}},
{"type":"Feature","properties":{"id":56275,"nach":0.70166653393110856},"geometry":{"type":"LineString","coordinates":[[-1.3740041,50.9048601],[-1.3737632,50.9046873]]}},
{"type":"Feature","properties":{"id":56276,"nach":0.47258763939131598},"geometry":{"type":"LineString","coordinates":[[-1.3740041,50.9048601],[-1.3737535,50.9050153]]}},
{"type":"Feature","properties":{"id":56270,"nach":0.70796072060167503},"geometry":{"type":"LineString","coordinates":[[-1.3740581,50.9053273],[-1.3739073,50.9055067]]}},
{"type":"Feature","properties":{"id":56271,"nach":0.47175358156695629},"geometry":{"type":"LineString","coordinates":[[-1.3740581,50.9053273],[-1.3737376,50.905200500000014]]}},
{"type":"Feature","properties":{"id":56462,"nach":0.65016228647517682},"geometry":{"type":"LineString","coordinates":[[-1.3720783,50.9073449],[-1.3719745,50.9074326]]}},
{"type":"Feature","properties":{"id":56473,"nach":0.64860404595187493},"geometry":{"type":"LineString","coordinates":[[-1.3716533,50.907684],[-1.3719745,50.9074326]]}},
{"type":"Feature","properties":{"id":56452,"nach":0.51502901733911044},"geometry":{"type":"LineString","coordinates":[[-1.3714184,50.9071642],[-1.3719745,50.9074326]]}},
{"type":"Feature","properties":{"id":56461,"nach":0.6511658554612253},"geometry":{"type":"LineString","coordinates":[[-1.3720783,50.9073449],[-1.3722596,50.907177]]}},
{"type":"Feature","properties":{"id":56463,"nach":0.44567067605659944},"geometry":{"type":"LineString","coordinates":[[-1.3720783,50.9073449],[-1.3724332,50.9075125]]}},
{"type":"Feature","properties":{"id":56474,"nach":0.6485389403578381},"geometry":{"type":"LineString","coordinates":[[-1.3716533,50.907684],[-1.3715854,50.9077341]]}},
{"type":"Feature","properties":{"id":56475,"nach":0.44217450530438202},"geometry":{"type":"LineString","coordinates":[[-1.3716533,50.907684],[-1.3714447,50.9075622],[-1.3713063,50.907493200000019]]}},
{"type":"Feature","properties":{"id":56454,"nach":0.44118359404071095},"geometry":{"type":"LineString","coordinates":[[-1.3715564,50.9070471],[-1.3714184,50.9071642]]}},
{"type":"Feature","properties":{"id":56455,"nach":0.44236044336915203},"geometry":{"type":"LineString","coordinates":[[-1.371368,50.9072062],[-1.3714184,50.9071642]]}},
{"type":"Feature","properties":{"id":56582,"nach":0.61495429014852954},"geometry":{"type":"LineString","coordinates":[[-1.3678256,50.910841399999988],[-1.3671973,50.9106009]]}},
{"type":"Feature","properties":{"id":56607,"nach":0.61690384673558041},"geometry":{"type":"LineString","coordinates":[[-1.3677251,50.9101552],[-1.3676351,50.9102088],[-1.3671973,50.9106009]]}},
{"type":"Feature","properties":{"id":17342,"nach":0.61111242741591387},"geometry":{"type":"LineString","coordinates":[[-1.3657788,50.9119131],[-1.3662149,50.9114346],[-1.3671973,50.9106009]]}},
{"type":"Feature","properties":{"id":56581,"nach":0.60664209794200785},"geometry":{"type":"LineString","coordinates":[[-1.3678256,50.910841399999988],[-1.3680118,50.9109127]]}},
{"type":"Feature","properties":{"id":56583,"nach":0.4477456850442052},"geometry":{"type":"LineString","coordinates":[[-1.3678256,50.910841399999988],[-1.3679544,50.9107232]]}},
{"type":"Feature","properties":{"id":56605,"nach":0.61998792018690363},"geometry":{"type":"LineString","coordinates":[[-1.3677251,50.9101552],[-1.3678164,50.9101009]]}},
{"type":"Feature","properties":{"id":56606,"nach":0.45373489312969717},"geometry":{"type":"LineString","coordinates":[[-1.3677251,50.9101552],[-1.3679238,50.9102971]]}},
{"type":"Feature","properties":{"id":17343,"nach":0.61506185155850168},"geometry":{"type":"LineString","coordinates":[[-1.3657788,50.9119131],[-1.3657363,50.9119558],[-1.3653631,50.9126598]]}},
{"type":"Feature","properties":{"id":17341,"nach":0.31917129449434545},"geometry":{"type":"LineString","coordinates":[[-1.3657788,50.9119131],[-1.3664507,50.9120718],[-1.3669101,50.9121628],[-1.3672366,50.912202099999988],[-1.3677275,50.9122206],[-1.3678991,50.9122747],[-1.367942,50.91236270000001],[-1.3677106,50.9130336]]}},
{"type":"Feature","properties":{"id":6829,"nach":0.564850625678602},"geometry":{"type":"LineString","coordinates":[[-1.3705624,50.8994146],[-1.3699106,50.899246]]}},
{"type":"Feature","properties":{"id":6826,"nach":0.55598544617724444},"geometry":{"type":"LineString","coordinates":[[-1.3693987,50.89911750000001],[-1.3699106,50.899246]]}},
{"type":"Feature","properties":{"id":58282,"nach":0.4447628352421692},"geometry":{"type":"LineString","coordinates":[[-1.3696805,50.8996092],[-1.3699106,50.899246]]}},
{"type":"Feature","properties":{"id":6830,"nach":0.5799063389428355},"geometry":{"type":"LineString","coordinates":[[-1.3705624,50.8994146],[-1.3711104,50.8995327],[-1.3717651,50.8996382]]}},
{"type":"Feature","properties":{"id":56835,"nach":0.51704821110258903},"geometry":{"type":"LineString","coordinates":[[-1.370317,50.8998623],[-1.370331,50.8998395],[-1.3705624,50.8994146]]}},
{"type":"Feature","properties":{"id":6883,"nach":0.53659909777152826},"geometry":{"type":"LineString","coordinates":[[-1.368276,50.8987581],[-1.3690176,50.899],[-1.3693987,50.89911750000001]]}},
{"type":"Feature","properties":{"id":58281,"nach":0.48386651685885546},"geometry":{"type":"LineString","coordinates":[[-1.3687827,50.8998558],[-1.3690027,50.899632],[-1.3693987,50.89911750000001]]}},
{"type":"Feature","properties":{"id":56861,"nach":0.63737454863980803},"geometry":{"type":"LineString","coordinates":[[-1.3724608,50.8997328],[-1.3717651,50.8996382]]}},
{"type":"Feature","properties":{"id":56832,"nach":0.60834044266230725},"geometry":{"type":"LineString","coordinates":[[-1.3715806,50.9000966],[-1.3715883,50.9000786],[-1.3717651,50.8996382]]}},
{"type":"Feature","properties":{"id":56860,"nach":0.6422299638631489},"geometry":{"type":"LineString","coordinates":[[-1.3724608,50.8997328],[-1.372926,50.89979610000001]]}},
{"type":"Feature","properties":{"id":56862,"nach":0.44124484467072334},"geometry":{"type":"LineString","coordinates":[[-1.3724608,50.8997328],[-1.3725223,50.8994892],[-1.3725578,50.8992941],[-1.3725657,50.8991705],[-1.3728999,50.89920020000001],[-1.3733414,50.8992466],[-1.3736292,50.899260800000015]]}},
{"type":"Feature","properties":{"id":56838,"nach":0.59025195499928196},"geometry":{"type":"LineString","coordinates":[[-1.3715402,50.900191],[-1.3715806,50.9000966]]}},
{"type":"Feature","properties":{"id":56855,"nach":0.51728172807605177},"geometry":{"type":"LineString","coordinates":[[-1.3709622,50.8999897],[-1.3710975,50.900009],[-1.3715806,50.9000966]]}},
{"type":"Feature","properties":{"id":1359,"nach":0.65194397090188216},"geometry":{"type":"LineString","coordinates":[[-1.3745377,50.8998583],[-1.3735512,50.8998398]]}},
{"type":"Feature","properties":{"id":6853,"nach":0.64311492923696134},"geometry":{"type":"LineString","coordinates":[[-1.372926,50.89979610000001],[-1.3735512,50.8998398]]}},
{"type":"Feature","properties":{"id":6909,"nach":0.52441539329694087},"geometry":{"type":"LineString","coordinates":[[-1.3729397,50.8994738],[-1.3734739,50.8995197],[-1.3735443,50.8995427],[-1.3735658,50.8995935],[-1.3735512,50.8998398]]}},
{"type":"Feature","properties":{"id":56181,"nach":0.65359529214849355},"geometry":{"type":"LineString","coordinates":[[-1.3746282,50.8998629],[-1.3745377,50.8998583]]}},
{"type":"Feature","properties":{"id":55106,"nach":0.66194881060407329},"geometry":{"type":"LineString","coordinates":[[-1.3744641,50.9000747],[-1.3745377,50.8998583]]}},
{"type":"Feature","properties":{"id":1364,"nach":0.67586276848822069},"geometry":{"type":"LineString","coordinates":[[-1.374591,50.8987804],[-1.3745928,50.8990194],[-1.374587,50.8993197],[-1.3745442,50.8998287],[-1.3745377,50.8998583]]}},
{"type":"Feature","properties":{"id":6855,"nach":0.56892235525465762},"geometry":{"type":"LineString","coordinates":[[-1.372926,50.89979610000001],[-1.3728939,50.8999021],[-1.3728684,50.9001582]]}},
{"type":"Feature","properties":{"id":6910,"nach":0.44891193090156306},"geometry":{"type":"LineString","coordinates":[[-1.3728884,50.8996697],[-1.3729397,50.8994738]]}},
{"type":"Feature","properties":{"id":6911,"nach":0.44891193090156306},"geometry":{"type":"LineString","coordinates":[[-1.3729849,50.8992713],[-1.3729397,50.8994738]]}},
{"type":"Feature","properties":{"id":56180,"nach":0.64896491448845772},"geometry":{"type":"LineString","coordinates":[[-1.3746282,50.8998629],[-1.3754793,50.8999116]]}},
{"type":"Feature","properties":{"id":56183,"nach":0.47911418839346787},"geometry":{"type":"LineString","coordinates":[[-1.3745928,50.9000389],[-1.3746282,50.8998629]]}},
{"type":"Feature","properties":{"id":55108,"nach":0.6449671738834839},"geometry":{"type":"LineString","coordinates":[[-1.3744641,50.9000747],[-1.3744422,50.9001484],[-1.3743203,50.9004502]]}},
{"type":"Feature","properties":{"id":55109,"nach":0.54908618675903309},"geometry":{"type":"LineString","coordinates":[[-1.3747437,50.900124],[-1.3744641,50.9000747]]}},
{"type":"Feature","properties":{"id":19634,"nach":0.67766309280827008},"geometry":{"type":"LineString","coordinates":[[-1.3745893,50.8987364],[-1.374591,50.8987804]]}},
{"type":"Feature","properties":{"id":3982,"nach":0.57799669101120688},"geometry":{"type":"LineString","coordinates":[[-1.3726726,50.8984959],[-1.3731692,50.898577299999978],[-1.3733281,50.8986034],[-1.3745334,50.8987723],[-1.374591,50.8987804]]}},
{"type":"Feature","properties":{"id":19635,"nach":0.58387670168687833},"geometry":{"type":"LineString","coordinates":[[-1.3745893,50.8987364],[-1.3746485,50.8987343],[-1.3758747,50.8986905],[-1.3761817,50.8986784],[-1.3764609,50.8986498],[-1.3765308,50.8986488],[-1.3765907,50.8986578],[-1.3767288,50.8986971],[-1.3769339,50.8987293]]}},
{"type":"Feature","properties":{"id":89814,"nach":0.66045219849323977},"geometry":{"type":"LineString","coordinates":[[-1.3747057,50.898158],[-1.374673,50.8981787],[-1.3746432,50.8982073],[-1.3746313,50.8982498],[-1.3746212,50.8984103],[-1.3745893,50.8987364]]}},
{"type":"Feature","properties":{"id":3983,"nach":0.58370298656895114},"geometry":{"type":"LineString","coordinates":[[-1.3726726,50.8984959],[-1.3727048,50.8984345],[-1.3731502,50.897580200000014]]}},
{"type":"Feature","properties":{"id":64150,"nach":0.61839857495465966},"geometry":{"type":"LineString","coordinates":[[-1.3726011,50.8984836],[-1.3726726,50.8984959]]}},
{"type":"Feature","properties":{"id":7000,"nach":0.68270555846717018},"geometry":{"type":"LineString","coordinates":[[-1.3729409,50.8975365],[-1.3731502,50.897580200000014]]}},
{"type":"Feature","properties":{"id":12737,"nach":0.67612794509121599},"geometry":{"type":"LineString","coordinates":[[-1.3738903,50.897682],[-1.3734946,50.89763270000001],[-1.3731502,50.897580200000014]]}},
{"type":"Feature","properties":{"id":7001,"nach":0.68167288695153239},"geometry":{"type":"LineString","coordinates":[[-1.3729409,50.8975365],[-1.3725769,50.8974563]]}},
{"type":"Feature","properties":{"id":64747,"nach":0.58924291293907083},"geometry":{"type":"LineString","coordinates":[[-1.3734634,50.8967539],[-1.3732922,50.8970133],[-1.3729409,50.8975365]]}},
{"type":"Feature","properties":{"id":20933,"nach":0.67986195789891313},"geometry":{"type":"LineString","coordinates":[[-1.3743478,50.8977691],[-1.3738903,50.897682]]}},
{"type":"Feature","properties":{"id":32936,"nach":0.60802530888146178},"geometry":{"type":"LineString","coordinates":[[-1.3746418,50.89668910000001],[-1.3746144,50.8967306],[-1.3744524,50.8969595],[-1.3743746,50.8970572],[-1.3742808,50.897151099999988],[-1.3741426,50.8972619],[-1.3740742,50.897333799999984],[-1.3739978,50.8974505],[-1.3739172,50.8976185],[-1.3738903,50.897682]]}},
{"type":"Feature","properties":{"id":30957,"nach":0.72081702387696434},"geometry":{"type":"LineString","coordinates":[[-1.3624497,50.904531],[-1.3623495,50.9046101]]}},
{"type":"Feature","properties":{"id":30956,"nach":0.69142435861240281},"geometry":{"type":"LineString","coordinates":[[-1.3624497,50.904531],[-1.3626184,50.9046092]]}},
{"type":"Feature","properties":{"id":68223,"nach":0.67594298243073403},"geometry":{"type":"LineString","coordinates":[[-1.3634984,50.9035455],[-1.3624497,50.904531]]}},
{"type":"Feature","properties":{"id":39268,"nach":0.64662527355399013},"geometry":{"type":"LineString","coordinates":[[-1.3641664,50.9046917],[-1.3654221,50.9046611]]}},
{"type":"Feature","properties":{"id":17732,"nach":0.6361189726922335},"geometry":{"type":"LineString","coordinates":[[-1.3655663,50.904562099999985],[-1.3654221,50.9046611]]}},
{"type":"Feature","properties":{"id":22892,"nach":0.64298107826510897},"geometry":{"type":"LineString","coordinates":[[-1.3656116,50.9046805],[-1.3654221,50.9046611]]}},
{"type":"Feature","properties":{"id":39269,"nach":0.67615621983134189},"geometry":{"type":"LineString","coordinates":[[-1.3641664,50.9046917],[-1.3635524,50.9047066],[-1.3627673,50.9046411],[-1.3626184,50.9046092]]}},
{"type":"Feature","properties":{"id":39270,"nach":0.61752196748623833},"geometry":{"type":"LineString","coordinates":[[-1.3641664,50.9046917],[-1.3642144,50.9047811],[-1.3642515,50.9048369],[-1.3644096,50.904979900000015]]}},
{"type":"Feature","properties":{"id":17733,"nach":0.60766532744421697},"geometry":{"type":"LineString","coordinates":[[-1.3655663,50.904562099999985],[-1.3657194,50.904457],[-1.3658627,50.9043612]]}},
{"type":"Feature","properties":{"id":55950,"nach":0.56581597478354761},"geometry":{"type":"LineString","coordinates":[[-1.3654483,50.9043276],[-1.3654407,50.9044157],[-1.3654836,50.9045172],[-1.3655663,50.904562099999985]]}},
{"type":"Feature","properties":{"id":22891,"nach":0.60935909129648336},"geometry":{"type":"LineString","coordinates":[[-1.3656116,50.9046805],[-1.3669375,50.9048165]]}},
{"type":"Feature","properties":{"id":22893,"nach":0.60298891770700025},"geometry":{"type":"LineString","coordinates":[[-1.3656116,50.9046805],[-1.3656437,50.9048382],[-1.3657295,50.9050192]]}},
{"type":"Feature","properties":{"id":8202,"nach":0.64608651352579083},"geometry":{"type":"LineString","coordinates":[[-1.3684169,50.9049402],[-1.3679701,50.905016900000021]]}},
{"type":"Feature","properties":{"id":55516,"nach":0.60103847786825926},"geometry":{"type":"LineString","coordinates":[[-1.3667032,50.9053991],[-1.3674736,50.9051599],[-1.3679701,50.905016900000021]]}},
{"type":"Feature","properties":{"id":6843,"nach":0.60284085208727378},"geometry":{"type":"LineString","coordinates":[[-1.3669375,50.9048165],[-1.3673871,50.9048738],[-1.3678367,50.9049311],[-1.3679027,50.9049641],[-1.3679701,50.905016900000021]]}},
{"type":"Feature","properties":{"id":8201,"nach":0.67034465652489827},"geometry":{"type":"LineString","coordinates":[[-1.3684169,50.9049402],[-1.3690366,50.904821]]}},
{"type":"Feature","properties":{"id":57979,"nach":0.62456355972885302},"geometry":{"type":"LineString","coordinates":[[-1.3685178,50.9052493],[-1.3684169,50.9049402]]}},
{"type":"Feature","properties":{"id":55514,"nach":0.61750114425598868},"geometry":{"type":"LineString","coordinates":[[-1.3667032,50.9053991],[-1.365859,50.9056612]]}},
{"type":"Feature","properties":{"id":55517,"nach":0.5508174813931479},"geometry":{"type":"LineString","coordinates":[[-1.3666237,50.9052947],[-1.3667032,50.9053991]]}},
{"type":"Feature","properties":{"id":16961,"nach":0.5503990114731323},"geometry":{"type":"LineString","coordinates":[[-1.3671695,50.904648],[-1.3669375,50.9048165]]}},
{"type":"Feature","properties":{"id":55506,"nach":0.67643357806213422},"geometry":{"type":"LineString","coordinates":[[-1.3719596,50.9044466],[-1.3717985,50.904449]]}},
{"type":"Feature","properties":{"id":56712,"nach":0.65769302785772021},"geometry":{"type":"LineString","coordinates":[[-1.3717646,50.9044525],[-1.3717985,50.904449]]}},
{"type":"Feature","properties":{"id":55490,"nach":0.6125347202064072},"geometry":{"type":"LineString","coordinates":[[-1.371615,50.9043437],[-1.3717985,50.904449]]}},
{"type":"Feature","properties":{"id":55507,"nach":0.50468367343658593},"geometry":{"type":"LineString","coordinates":[[-1.3719596,50.9044466],[-1.3720299,50.9042029],[-1.372112,50.9041007],[-1.3719147,50.9040223]]}},
{"type":"Feature","properties":{"id":55505,"nach":0.68140178912805338},"geometry":{"type":"LineString","coordinates":[[-1.3719596,50.9044466],[-1.372125,50.9044442]]}},
{"type":"Feature","properties":{"id":56713,"nach":0.65257245339522929},"geometry":{"type":"LineString","coordinates":[[-1.3717646,50.9044525],[-1.3710233,50.9045289]]}},
{"type":"Feature","properties":{"id":56715,"nach":0.46946192958762312},"geometry":{"type":"LineString","coordinates":[[-1.3714428,50.904890900000012],[-1.3717355,50.9048649],[-1.371839,50.9048091],[-1.3717646,50.9044525]]}},
{"type":"Feature","properties":{"id":55491,"nach":0.59934641983643466},"geometry":{"type":"LineString","coordinates":[[-1.371615,50.9043437],[-1.3712212,50.9041179]]}},
{"type":"Feature","properties":{"id":55489,"nach":0.48929566248199241},"geometry":{"type":"LineString","coordinates":[[-1.371615,50.9043437],[-1.3719147,50.9040223]]}},
{"type":"Feature","properties":{"id":68191,"nach":0.62041709686551527},"geometry":{"type":"LineString","coordinates":[[-1.3654242,50.9013442],[-1.3654329,50.901307]]}},
{"type":"Feature","properties":{"id":68186,"nach":0.60701169785051234},"geometry":{"type":"LineString","coordinates":[[-1.3654515,50.9011789],[-1.3654329,50.901307]]}},
{"type":"Feature","properties":{"id":6733,"nach":0.61777745791979666},"geometry":{"type":"LineString","coordinates":[[-1.3666209,50.9014724],[-1.36635,50.9014184],[-1.3654329,50.901307]]}},
{"type":"Feature","properties":{"id":68190,"nach":0.61923315753005592},"geometry":{"type":"LineString","coordinates":[[-1.3654242,50.9013442],[-1.36538,50.9015332]]}},
{"type":"Feature","properties":{"id":68193,"nach":0.46727843661995516},"geometry":{"type":"LineString","coordinates":[[-1.3649565,50.9012174],[-1.3649806,50.9013096],[-1.3650262,50.9013139],[-1.3654242,50.9013442]]}},
{"type":"Feature","properties":{"id":68187,"nach":0.59715164479939431},"geometry":{"type":"LineString","coordinates":[[-1.3654515,50.9011789],[-1.3654643,50.901091],[-1.3654457,50.9009034],[-1.3654134,50.9007459],[-1.3653812,50.9006562],[-1.3653169,50.9005661],[-1.3651416,50.9003448]]}},
{"type":"Feature","properties":{"id":68189,"nach":0.46456710961850067},"geometry":{"type":"LineString","coordinates":[[-1.364872,50.9011726],[-1.3651214,50.90116840000001],[-1.3654515,50.9011789]]}},
{"type":"Feature","properties":{"id":17729,"nach":0.55010224698828902},"geometry":{"type":"LineString","coordinates":[[-1.3667013,50.9012948],[-1.3666209,50.9014724]]}},
{"type":"Feature","properties":{"id":56066,"nach":0.52719585016195036},"geometry":{"type":"LineString","coordinates":[[-1.3658968,50.9025479],[-1.3666209,50.9014724]]}},
{"type":"Feature","properties":{"id":6837,"nach":0.60094777424930268},"geometry":{"type":"LineString","coordinates":[[-1.3675286,50.9019721],[-1.3668234,50.9015671],[-1.3666209,50.9014724]]}},
{"type":"Feature","properties":{"id":56839,"nach":0.58022828656544634},"geometry":{"type":"LineString","coordinates":[[-1.3715402,50.900191],[-1.3715015,50.9002817]]}},
{"type":"Feature","properties":{"id":56841,"nach":0.45457320363452175},"geometry":{"type":"LineString","coordinates":[[-1.3712561,50.9002321],[-1.3715015,50.9002817]]}},
{"type":"Feature","properties":{"id":56844,"nach":0.57330285772043343},"geometry":{"type":"LineString","coordinates":[[-1.3713391,50.9005021],[-1.3714204,50.9004133],[-1.3715015,50.9002817]]}},
{"type":"Feature","properties":{"id":56840,"nach":0.45484583386016103},"geometry":{"type":"LineString","coordinates":[[-1.3715402,50.900191],[-1.3712231,50.9001186]]}},
{"type":"Feature","properties":{"id":56843,"nach":0.45313053845413886},"geometry":{"type":"LineString","coordinates":[[-1.3713391,50.9005021],[-1.3710809,50.900407]]}},
{"type":"Feature","properties":{"id":56849,"nach":0.56815576228259057},"geometry":{"type":"LineString","coordinates":[[-1.3712739,50.9005641],[-1.3712987,50.9005462],[-1.3713391,50.9005021]]}},
{"type":"Feature","properties":{"id":6885,"nach":0.61134364869144187},"geometry":{"type":"LineString","coordinates":[[-1.3670762,50.902917600000016],[-1.3675627,50.9031711]]}},
{"type":"Feature","properties":{"id":6736,"nach":0.59624511821553561},"geometry":{"type":"LineString","coordinates":[[-1.3684931,50.9025252],[-1.3675627,50.9031711]]}},
{"type":"Feature","properties":{"id":16958,"nach":0.59091809186260846},"geometry":{"type":"LineString","coordinates":[[-1.3658627,50.9043612],[-1.3675627,50.9031711]]}},
{"type":"Feature","properties":{"id":55869,"nach":0.57236383115807132},"geometry":{"type":"LineString","coordinates":[[-1.3670607,50.9029084],[-1.3670762,50.902917600000016]]}},
{"type":"Feature","properties":{"id":55865,"nach":0.53656039530661015},"geometry":{"type":"LineString","coordinates":[[-1.3668486,50.903067900000011],[-1.3670762,50.902917600000016]]}},
{"type":"Feature","properties":{"id":6735,"nach":0.51808366247448745},"geometry":{"type":"LineString","coordinates":[[-1.3684931,50.9025252],[-1.3698705,50.9015708]]}},
{"type":"Feature","properties":{"id":16968,"nach":0.60438675650800133},"geometry":{"type":"LineString","coordinates":[[-1.3680089,50.9022517],[-1.3684931,50.9025252]]}},
{"type":"Feature","properties":{"id":17008,"nach":0.60043451984042706},"geometry":{"type":"LineString","coordinates":[[-1.3689675,50.9027992],[-1.3684931,50.9025252]]}},
{"type":"Feature","properties":{"id":16959,"nach":0.51301233741661512},"geometry":{"type":"LineString","coordinates":[[-1.3658627,50.9043612],[-1.3666158,50.904452]]}},
{"type":"Feature","properties":{"id":56404,"nach":0.62743842305087949},"geometry":{"type":"LineString","coordinates":[[-1.3722052,50.9084913],[-1.3724501,50.9083383]]}},
{"type":"Feature","properties":{"id":56409,"nach":0.65246299413247588},"geometry":{"type":"LineString","coordinates":[[-1.3725623,50.9082628],[-1.3724501,50.9083383]]}},
{"type":"Feature","properties":{"id":5989,"nach":0.57546611026434213},"geometry":{"type":"LineString","coordinates":[[-1.3724572,50.9093811],[-1.3730594,50.9089665],[-1.3731191,50.9089053],[-1.3731342,50.908835],[-1.3730908,50.9087721],[-1.3724501,50.9083383]]}},
{"type":"Feature","properties":{"id":56406,"nach":0.62698095376565632},"geometry":{"type":"LineString","coordinates":[[-1.3722052,50.9084913],[-1.3711113,50.9091748],[-1.3709794,50.9091946],[-1.3708568,50.909185100000016]]}},
{"type":"Feature","properties":{"id":56405,"nach":0.43224480166603285},"geometry":{"type":"LineString","coordinates":[[-1.3722052,50.9084913],[-1.3719694,50.9083432]]}},
{"type":"Feature","properties":{"id":56410,"nach":0.43566471832081194},"geometry":{"type":"LineString","coordinates":[[-1.3725623,50.9082628],[-1.3723419,50.9081202]]}},
{"type":"Feature","properties":{"id":56413,"nach":0.65248187335938534},"geometry":{"type":"LineString","coordinates":[[-1.3725924,50.9082425],[-1.3725623,50.9082628]]}},
{"type":"Feature","properties":{"id":56375,"nach":0.52953198161023596},"geometry":{"type":"LineString","coordinates":[[-1.3720692,50.9091708],[-1.3724572,50.9093811]]}},
{"type":"Feature","properties":{"id":5992,"nach":0.58487178568956077},"geometry":{"type":"LineString","coordinates":[[-1.3717997,50.90986],[-1.3724572,50.9093811]]}},
{"type":"Feature","properties":{"id":5315,"nach":0.66326623260142381},"geometry":{"type":"LineString","coordinates":[[-1.3704359,50.9085882],[-1.3700768,50.9088411]]}},
{"type":"Feature","properties":{"id":23156,"nach":0.66359831199668384},"geometry":{"type":"LineString","coordinates":[[-1.37,50.9088902],[-1.3700768,50.9088411]]}},
{"type":"Feature","properties":{"id":16720,"nach":0.66032756888918587},"geometry":{"type":"LineString","coordinates":[[-1.3708568,50.909185100000016],[-1.3707323,50.909153],[-1.3700768,50.9088411]]}},
{"type":"Feature","properties":{"id":45162,"nach":0.65196844062821246},"geometry":{"type":"LineString","coordinates":[[-1.3707885,50.9083225],[-1.3704359,50.9085882]]}},
{"type":"Feature","properties":{"id":56691,"nach":0.60318366309467419},"geometry":{"type":"LineString","coordinates":[[-1.3700005,50.9081788],[-1.3701129,50.9082723],[-1.3704359,50.9085882]]}},
{"type":"Feature","properties":{"id":57684,"nach":0.42299902347260349},"geometry":{"type":"LineString","coordinates":[[-1.3687467,50.9083115],[-1.3691225,50.908139],[-1.3698578,50.9087661],[-1.37,50.9088902]]}},
{"type":"Feature","properties":{"id":28296,"nach":0.66229862219204572},"geometry":{"type":"LineString","coordinates":[[-1.3692418,50.9093455],[-1.3694655,50.9092317],[-1.37,50.9088902]]}},
{"type":"Feature","properties":{"id":16725,"nach":0.62355175923088879},"geometry":{"type":"LineString","coordinates":[[-1.3712975,50.9095835],[-1.3712477,50.9095471],[-1.3709815,50.9094043],[-1.3708524,50.9092841],[-1.3708568,50.909185100000016]]}},
{"type":"Feature","properties":{"id":5946,"nach":0.58404254452447835},"geometry":{"type":"LineString","coordinates":[[-1.3782224,50.9019759],[-1.3762479,50.9027795],[-1.3757262,50.9029864]]}},
{"type":"Feature","properties":{"id":5338,"nach":0.59675599417138336},"geometry":{"type":"LineString","coordinates":[[-1.3741992,50.9036221],[-1.3742864,50.9035794],[-1.3744324,50.9035078],[-1.3750386,50.9032506],[-1.3751397,50.90321],[-1.3754594,50.903081800000017],[-1.3757262,50.9029864]]}},
{"type":"Feature","properties":{"id":56074,"nach":0.59559676996140376},"geometry":{"type":"LineString","coordinates":[[-1.3785529,50.9018253],[-1.3782224,50.9019759]]}},
{"type":"Feature","properties":{"id":48385,"nach":0.62707291062423454},"geometry":{"type":"LineString","coordinates":[[-1.3759998,50.9010438],[-1.377011,50.900658600000021],[-1.3771801,50.9006665]]}},
{"type":"Feature","properties":{"id":31113,"nach":0.69242609310511727},"geometry":{"type":"LineString","coordinates":[[-1.3738807,50.905632],[-1.3738242,50.9056069]]}},
{"type":"Feature","properties":{"id":38990,"nach":0.70702578755384649},"geometry":{"type":"LineString","coordinates":[[-1.3739073,50.9055067],[-1.3738242,50.9056069]]}},
{"type":"Feature","properties":{"id":56282,"nach":0.68646342052185627},"geometry":{"type":"LineString","coordinates":[[-1.3735274,50.9059071],[-1.3738242,50.9056069]]}},
{"type":"Feature","properties":{"id":76532,"nach":0.62912821518870254},"geometry":{"type":"LineString","coordinates":[[-1.3743795,50.905407900000014],[-1.3738807,50.905632]]}},
{"type":"Feature","properties":{"id":56297,"nach":0.66424508913517988},"geometry":{"type":"LineString","coordinates":[[-1.3744001,50.9059252],[-1.3738807,50.905632]]}},
{"type":"Feature","properties":{"id":38996,"nach":0.53859664228292292},"geometry":{"type":"LineString","coordinates":[[-1.3734467,50.9053197],[-1.3739073,50.9055067]]}},
{"type":"Feature","properties":{"id":56284,"nach":0.46497283013117013},"geometry":{"type":"LineString","coordinates":[[-1.3735274,50.9059071],[-1.3732211,50.9057829]]}},
{"type":"Feature","properties":{"id":56288,"nach":0.6833482462336109},"geometry":{"type":"LineString","coordinates":[[-1.3734103,50.9060256],[-1.3735274,50.9059071]]}},
{"type":"Feature","properties":{"id":23184,"nach":0.63015242978051633},"geometry":{"type":"LineString","coordinates":[[-1.3737337,50.9070257],[-1.3747377,50.9061955],[-1.3747448,50.9060708]]}},
{"type":"Feature","properties":{"id":33945,"nach":0.59324072043942966},"geometry":{"type":"LineString","coordinates":[[-1.3764972,50.9058008],[-1.3764422,50.9057773],[-1.376307,50.9057543],[-1.376133,50.9057547],[-1.3752674,50.9058235],[-1.3751348,50.9058683],[-1.3748954,50.906038],[-1.3748185,50.9060623],[-1.3747448,50.9060708]]}},
{"type":"Feature","properties":{"id":56298,"nach":0.66100312747107015},"geometry":{"type":"LineString","coordinates":[[-1.3744001,50.9059252],[-1.3746436,50.9060627],[-1.3747448,50.9060708]]}},
{"type":"Feature","properties":{"id":23185,"nach":0.62893569012830852},"geometry":{"type":"LineString","coordinates":[[-1.3737337,50.9070257],[-1.3737181,50.907084400000016],[-1.3738063,50.9073121],[-1.373852,50.90743],[-1.3738898,50.9075277]]}},
{"type":"Feature","properties":{"id":56239,"nach":0.44230753229575004},"geometry":{"type":"LineString","coordinates":[[-1.3730963,50.9071958],[-1.3732635,50.9071893],[-1.3734259,50.9071753],[-1.3735648,50.9071539],[-1.373636,50.9071242],[-1.3737337,50.9070257]]}},
{"type":"Feature","properties":{"id":33944,"nach":0.6202190551875254},"geometry":{"type":"LineString","coordinates":[[-1.3764972,50.9058008],[-1.3766905,50.9059351]]}},
{"type":"Feature","properties":{"id":33946,"nach":0.55851872932487912},"geometry":{"type":"LineString","coordinates":[[-1.3764972,50.9058008],[-1.3765355,50.9057524],[-1.3767784,50.9054638]]}},
{"type":"Feature","properties":{"id":56300,"nach":0.44450030163063281},"geometry":{"type":"LineString","coordinates":[[-1.3733912,50.9067751],[-1.3736992,50.9065023],[-1.3739639,50.9062784],[-1.3744001,50.9059252]]}},
{"type":"Feature","properties":{"id":56566,"nach":0.55632619396417893},"geometry":{"type":"LineString","coordinates":[[-1.377345,50.9064187],[-1.3766905,50.9059351]]}},
{"type":"Feature","properties":{"id":56561,"nach":0.62219689733778794},"geometry":{"type":"LineString","coordinates":[[-1.3761046,50.9064363],[-1.3766905,50.9059351]]}},
{"type":"Feature","properties":{"id":56567,"nach":0.42881505049321356},"geometry":{"type":"LineString","coordinates":[[-1.377345,50.9064187],[-1.3770858,50.906555],[-1.3770359,50.906606900000014]]}},
{"type":"Feature","properties":{"id":84098,"nach":0.53812011809828808},"geometry":{"type":"LineString","coordinates":[[-1.3774211,50.906475],[-1.377345,50.9064187]]}},
{"type":"Feature","properties":{"id":56562,"nach":0.61942226898566843},"geometry":{"type":"LineString","coordinates":[[-1.3761046,50.9064363],[-1.3760844,50.9064536]]}},
{"type":"Feature","properties":{"id":56563,"nach":0.43753222945200065},"geometry":{"type":"LineString","coordinates":[[-1.3761046,50.9064363],[-1.3758495,50.9063243]]}},
{"type":"Feature","properties":{"id":84097,"nach":0.43084347789102712},"geometry":{"type":"LineString","coordinates":[[-1.3774211,50.906475],[-1.377514,50.9065436]]}},
{"type":"Feature","properties":{"id":84101,"nach":0.51288310947487914},"geometry":{"type":"LineString","coordinates":[[-1.3778291,50.9062525],[-1.3774211,50.906475]]}},
{"type":"Feature","properties":{"id":89140,"nach":0.65127177937563541},"geometry":{"type":"LineString","coordinates":[[-1.3720735,50.8973081],[-1.3718007,50.8972262]]}},
{"type":"Feature","properties":{"id":20144,"nach":0.64732764210786686},"geometry":{"type":"LineString","coordinates":[[-1.3721104,50.8968146],[-1.3718007,50.8972262]]}},
{"type":"Feature","properties":{"id":64363,"nach":0.68587395771877413},"geometry":{"type":"LineString","coordinates":[[-1.3702358,50.8967522],[-1.3707656,50.8969051],[-1.3718007,50.8972262]]}},
{"type":"Feature","properties":{"id":89139,"nach":0.64613137772500318},"geometry":{"type":"LineString","coordinates":[[-1.3720735,50.8973081],[-1.3725769,50.8974563]]}},
{"type":"Feature","properties":{"id":97686,"nach":0.54635282930744666},"geometry":{"type":"LineString","coordinates":[[-1.3721637,50.897228],[-1.3721213,50.8972859],[-1.3720735,50.8973081]]}},
{"type":"Feature","properties":{"id":20143,"nach":0.61732277865463281},"geometry":{"type":"LineString","coordinates":[[-1.3721104,50.8968146],[-1.3726179,50.8969738]]}},
{"type":"Feature","properties":{"id":89811,"nach":0.65946385055902212},"geometry":{"type":"LineString","coordinates":[[-1.3747397,50.8978929],[-1.3746019,50.897839]]}},
{"type":"Feature","properties":{"id":3396,"nach":0.45042607722648159},"geometry":{"type":"LineString","coordinates":[[-1.3746019,50.897839],[-1.3747641,50.8978293],[-1.3748042,50.8978318],[-1.3749171,50.8978593],[-1.3749483,50.897864],[-1.3750138,50.8978739],[-1.375141,50.8979298]]}},
{"type":"Feature","properties":{"id":16705,"nach":0.66421266361826103},"geometry":{"type":"LineString","coordinates":[[-1.3745252,50.8978116],[-1.3745775,50.8978291],[-1.3746019,50.897839]]}},
{"type":"Feature","properties":{"id":4423,"nach":0.65604567042835504},"geometry":{"type":"LineString","coordinates":[[-1.3749571,50.8980138],[-1.3748681,50.8979822],[-1.3748106,50.8979524],[-1.3747397,50.8978929]]}},
{"type":"Feature","properties":{"id":89812,"nach":0.45246728406632408},"geometry":{"type":"LineString","coordinates":[[-1.3747397,50.8978929],[-1.3748552,50.8978986],[-1.3749378,50.897921],[-1.3750328,50.8979433]]}},
{"type":"Feature","properties":{"id":89813,"nach":0.44683759554306296},"geometry":{"type":"LineString","coordinates":[[-1.3750328,50.8979433],[-1.375052,50.8979371],[-1.3750934,50.897929700000013],[-1.375141,50.8979298]]}},
{"type":"Feature","properties":{"id":16703,"nach":0.61987807623164859},"geometry":{"type":"LineString","coordinates":[[-1.3745252,50.8978116],[-1.3746188,50.8977283],[-1.3748366,50.8977681],[-1.3749398,50.897787],[-1.3750825,50.8977764]]}},
{"type":"Feature","properties":{"id":20935,"nach":0.68144273562564228},"geometry":{"type":"LineString","coordinates":[[-1.3743478,50.8977691],[-1.3744507,50.8977915],[-1.3745252,50.8978116]]}},
{"type":"Feature","properties":{"id":97682,"nach":0.6170959492691056},"geometry":{"type":"LineString","coordinates":[[-1.3726179,50.8969738],[-1.3727318,50.8970098],[-1.3725001,50.8973285],[-1.3724859,50.89734820000001],[-1.372628,50.897388800000016],[-1.3725769,50.8974563]]}},
{"type":"Feature","properties":{"id":64149,"nach":0.59745619765537594},"geometry":{"type":"LineString","coordinates":[[-1.3726011,50.8984836],[-1.3723087,50.89842440000001]]}},
{"type":"Feature","properties":{"id":64151,"nach":0.48591055330154864},"geometry":{"type":"LineString","coordinates":[[-1.3726011,50.8984836],[-1.3724658,50.89876]]}},
{"type":"Feature","properties":{"id":4424,"nach":0.49326810871697474},"geometry":{"type":"LineString","coordinates":[[-1.3749571,50.8980138],[-1.3749641,50.897996500000012],[-1.3749759,50.8979802],[-1.3749958,50.8979627],[-1.3750328,50.8979433]]}},
{"type":"Feature","properties":{"id":89816,"nach":0.66210711231398656},"geometry":{"type":"LineString","coordinates":[[-1.3749552,50.898024],[-1.3749571,50.8980138]]}},
{"type":"Feature","properties":{"id":20926,"nach":0.63196158730712948},"geometry":{"type":"LineString","coordinates":[[-1.3756531,50.89789480000001],[-1.3755485,50.8978984]]}},
{"type":"Feature","properties":{"id":4426,"nach":0.58689821790234198},"geometry":{"type":"LineString","coordinates":[[-1.3755485,50.8978984],[-1.3754148,50.8979564],[-1.375337,50.898004],[-1.3752773,50.898037]]}},
{"type":"Feature","properties":{"id":89807,"nach":0.59108698832732642},"geometry":{"type":"LineString","coordinates":[[-1.3753938,50.8978831],[-1.3755485,50.8978984]]}},
{"type":"Feature","properties":{"id":20928,"nach":0.6404180640522128},"geometry":{"type":"LineString","coordinates":[[-1.3756531,50.89789480000001],[-1.3762161,50.8979236],[-1.3767193,50.8979486]]}},
{"type":"Feature","properties":{"id":20927,"nach":0.55280315210785513},"geometry":{"type":"LineString","coordinates":[[-1.3756531,50.89789480000001],[-1.3756527,50.8977754],[-1.3756265,50.8976795]]}},
{"type":"Feature","properties":{"id":72954,"nach":0.64864023636843904},"geometry":{"type":"LineString","coordinates":[[-1.3752773,50.898037],[-1.3752736,50.8980531]]}},
{"type":"Feature","properties":{"id":89809,"nach":0.613108796530212},"geometry":{"type":"LineString","coordinates":[[-1.3751532,50.897931299999989],[-1.3751785,50.8979365],[-1.3752124,50.8979487],[-1.3752408,50.8979657],[-1.375258,50.89798170000001],[-1.3752757,50.8980146],[-1.3752773,50.898037]]}},
{"type":"Feature","properties":{"id":84527,"nach":0.65534252954535632},"geometry":{"type":"LineString","coordinates":[[-1.3784958,50.8985293],[-1.3783813,50.8986196]]}},
{"type":"Feature","properties":{"id":17840,"nach":0.66211470169802589},"geometry":{"type":"LineString","coordinates":[[-1.3782794,50.8986972],[-1.3783813,50.8986196]]}},
{"type":"Feature","properties":{"id":12586,"nach":0.5420785236091471},"geometry":{"type":"LineString","coordinates":[[-1.3794077,50.8988503],[-1.3787775,50.8986965],[-1.3785481,50.8986906],[-1.3783813,50.8986196]]}},
{"type":"Feature","properties":{"id":84528,"nach":0.49859414042068889},"geometry":{"type":"LineString","coordinates":[[-1.3784958,50.8985293],[-1.3786896,50.8985942],[-1.3788703,50.8986224],[-1.3794102,50.8986462],[-1.3800218,50.8986712]]}},
{"type":"Feature","properties":{"id":17842,"nach":0.62604121684453773},"geometry":{"type":"LineString","coordinates":[[-1.3782794,50.8986972],[-1.3781244,50.898614499999987],[-1.3779259,50.8985248],[-1.3777489,50.8984825]]}},
{"type":"Feature","properties":{"id":17841,"nach":0.73467756514955074},"geometry":{"type":"LineString","coordinates":[[-1.378183809424879,50.898784978315263],[-1.3782794,50.8986972]]}},
{"type":"Feature","properties":{"id":18859,"nach":0.54376698250944155},"geometry":{"type":"LineString","coordinates":[[-1.3794105,50.8989342],[-1.3794077,50.8988503]]}},
{"type":"Feature","properties":{"id":12589,"nach":0.37855017470547664},"geometry":{"type":"LineString","coordinates":[[-1.3799983,50.8987543],[-1.3799082,50.898755],[-1.3799067,50.89877820000001],[-1.3798023,50.8987771],[-1.3798019,50.8987948],[-1.3797133,50.898793600000012],[-1.379715,50.8988081],[-1.3796123,50.8988092],[-1.3796095,50.8988256],[-1.3795227,50.8988282],[-1.379519,50.89885],[-1.3794077,50.8988503]]}},
{"type":"Feature","properties":{"id":5072,"nach":0.65315174391031217},"geometry":{"type":"LineString","coordinates":[[-1.3810869,50.898214200000012],[-1.3810129,50.8981808],[-1.3809319,50.8981552],[-1.3808265,50.8981352],[-1.3802905,50.8981121]]}},
{"type":"Feature","properties":{"id":65752,"nach":0.64897756680293106},"geometry":{"type":"LineString","coordinates":[[-1.3803702,50.8978694],[-1.3802905,50.8981121]]}},
{"type":"Feature","properties":{"id":18274,"nach":0.62757039935949732},"geometry":{"type":"LineString","coordinates":[[-1.3815593,50.8980778],[-1.3814303,50.8981258],[-1.3812717,50.898147],[-1.3811592,50.8981771],[-1.3810869,50.898214200000012]]}},
{"type":"Feature","properties":{"id":5077,"nach":0.65871780885686826},"geometry":{"type":"LineString","coordinates":[[-1.3811916,50.8983693],[-1.3811404,50.8982769],[-1.3810869,50.898214200000012]]}},
{"type":"Feature","properties":{"id":18273,"nach":0.63127027189294427},"geometry":{"type":"LineString","coordinates":[[-1.3815593,50.8980778],[-1.3816198,50.8980278],[-1.3817071,50.8979426]]}},
{"type":"Feature","properties":{"id":20966,"nach":0.55014303567581635},"geometry":{"type":"LineString","coordinates":[[-1.3818919,50.8980962],[-1.3815593,50.8980778]]}},
{"type":"Feature","properties":{"id":5078,"nach":0.60954243779512141},"geometry":{"type":"LineString","coordinates":[[-1.3807493,50.8985374],[-1.3811916,50.8983693]]}},
{"type":"Feature","properties":{"id":5905,"nach":0.6339035781459661},"geometry":{"type":"LineString","coordinates":[[-1.3813322,50.898886],[-1.3813046,50.8988108],[-1.3812842,50.8986951],[-1.381273,50.8985891],[-1.3812432,50.89849490000001],[-1.3811916,50.8983693]]}},
{"type":"Feature","properties":{"id":5097,"nach":0.49312680985494578},"geometry":{"type":"LineString","coordinates":[[-1.38029,50.8984638],[-1.3806239,50.8984752],[-1.380699,50.8984953],[-1.3807493,50.8985374]]}},
{"type":"Feature","properties":{"id":5083,"nach":0.60029227665599394},"geometry":{"type":"LineString","coordinates":[[-1.3803761,50.8986512],[-1.3805627,50.8986032],[-1.3807493,50.8985374]]}},
{"type":"Feature","properties":{"id":39015,"nach":0.59364192706290475},"geometry":{"type":"LineString","coordinates":[[-1.3819709,50.898664200000013],[-1.3819592,50.8988039],[-1.381948,50.8988304],[-1.3819192,50.8988541],[-1.3818778,50.89886820000001],[-1.3818287,50.8988765],[-1.3815254,50.8988823],[-1.3813322,50.898886]]}},
{"type":"Feature","properties":{"id":5909,"nach":0.68075390306713013},"geometry":{"type":"LineString","coordinates":[[-1.3813322,50.898886],[-1.38134337057316,50.89890840794228]]}},
{"type":"Feature","properties":{"id":5092,"nach":0.0},"geometry":{"type":"LineString","coordinates":[[-1.3789059,50.898407],[-1.3788922,50.8984477],[-1.3788877,50.8984856],[-1.3789061,50.8985079],[-1.378966,50.8985215],[-1.3801831,50.898555],[-1.3802318,50.8985425],[-1.3802635,50.8985213],[-1.38029,50.8984638]]}},
{"type":"Feature","properties":{"id":5096,"nach":0.50697642313295765},"geometry":{"type":"LineString","coordinates":[[-1.38029,50.8984638],[-1.379681,50.898428],[-1.3793857,50.8984351],[-1.3791866,50.8984308]]}},
{"type":"Feature","properties":{"id":20972,"nach":0.46933993871465518},"geometry":{"type":"LineString","coordinates":[[-1.3804221,50.898747200000017],[-1.3803761,50.8986512]]}},
{"type":"Feature","properties":{"id":5085,"nach":0.6008891483936819},"geometry":{"type":"LineString","coordinates":[[-1.3800218,50.8986712],[-1.3803761,50.8986512]]}},
{"type":"Feature","properties":{"id":12588,"nach":0.60361726676833882},"geometry":{"type":"LineString","coordinates":[[-1.3799983,50.8987543],[-1.3800218,50.8986712]]}},
{"type":"Feature","properties":{"id":12592,"nach":0.6626044471314384},"geometry":{"type":"LineString","coordinates":[[-1.3799983,50.8987543],[-1.379996718404491,50.898928688539947]]}},
{"type":"Feature","properties":{"id":28395,"nach":0.51189205914882596},"geometry":{"type":"LineString","coordinates":[[-1.3788281,50.8983771],[-1.3789059,50.898407]]}},
{"type":"Feature","properties":{"id":28396,"nach":0.48948986134545963},"geometry":{"type":"LineString","coordinates":[[-1.3788281,50.8983771],[-1.378872,50.898342099999986],[-1.3790223,50.8983136]]}},
{"type":"Feature","properties":{"id":5093,"nach":0.46798896087018982},"geometry":{"type":"LineString","coordinates":[[-1.3791866,50.8984308],[-1.3789719,50.8984169],[-1.3789059,50.898407]]}},
{"type":"Feature","properties":{"id":28397,"nach":0.50258272529498027},"geometry":{"type":"LineString","coordinates":[[-1.3791203,50.8983278],[-1.3791866,50.8983929],[-1.3791866,50.8984308]]}},
{"type":"Feature","properties":{"id":28399,"nach":0.51828619785388386},"geometry":{"type":"LineString","coordinates":[[-1.3791203,50.8983278],[-1.3791308,50.898317],[-1.3791348,50.89830460000001],[-1.3791319,50.8982921],[-1.3791273,50.8982856],[-1.3791145,50.8982759],[-1.3790972,50.8982695],[-1.3790774,50.8982672]]}},
{"type":"Feature","properties":{"id":28398,"nach":0.42819921956884127},"geometry":{"type":"LineString","coordinates":[[-1.3791203,50.8983278],[-1.3791045,50.8983357],[-1.3790855,50.8983397],[-1.3790654,50.8983394],[-1.3790531,50.8983369],[-1.3790366,50.8983297],[-1.3790249,50.8983194],[-1.3790223,50.8983136]]}},
{"type":"Feature","properties":{"id":55493,"nach":0.67116229045815767},"geometry":{"type":"LineString","coordinates":[[-1.3730694,50.9042993],[-1.3728838,50.9044329]]}},
{"type":"Feature","properties":{"id":55498,"nach":0.68421631987773268},"geometry":{"type":"LineString","coordinates":[[-1.3724909,50.9044387],[-1.3728838,50.9044329]]}},
{"type":"Feature","properties":{"id":56711,"nach":0.69731621795260557},"geometry":{"type":"LineString","coordinates":[[-1.3727158,50.9046813],[-1.372876,50.9045224],[-1.3728803,50.9044734],[-1.3728838,50.9044329]]}},
{"type":"Feature","properties":{"id":56280,"nach":0.70280715588018883},"geometry":{"type":"LineString","coordinates":[[-1.3736086,50.9045764],[-1.3735144,50.9045088],[-1.3734244,50.9044638],[-1.3733376,50.9044337],[-1.3732325,50.9044234],[-1.3728838,50.9044329]]}},
{"type":"Feature","properties":{"id":55494,"nach":0.66906354329018081},"geometry":{"type":"LineString","coordinates":[[-1.3730694,50.9042993],[-1.3732068,50.9042004],[-1.3735078,50.9039836]]}},
{"type":"Feature","properties":{"id":55496,"nach":0.47400406618933583},"geometry":{"type":"LineString","coordinates":[[-1.3727275,50.904375],[-1.3729009,50.9042168],[-1.3730694,50.9042993]]}},
{"type":"Feature","properties":{"id":55500,"nach":0.47340448743123142},"geometry":{"type":"LineString","coordinates":[[-1.3724909,50.9044387],[-1.3727105,50.9041622],[-1.3726424,50.9041368]]}},
{"type":"Feature","properties":{"id":55501,"nach":0.68204413877374159},"geometry":{"type":"LineString","coordinates":[[-1.372125,50.9044442],[-1.3724909,50.9044387]]}},
{"type":"Feature","properties":{"id":56709,"nach":0.69329277109731047},"geometry":{"type":"LineString","coordinates":[[-1.3727158,50.9046813],[-1.3725908,50.9048052]]}},
{"type":"Feature","properties":{"id":56710,"nach":0.47142830254514456},"geometry":{"type":"LineString","coordinates":[[-1.3727158,50.9046813],[-1.3729664,50.9047634]]}},
{"type":"Feature","properties":{"id":56278,"nach":0.70151069548498501},"geometry":{"type":"LineString","coordinates":[[-1.3736086,50.9045764],[-1.3737632,50.9046873]]}},
{"type":"Feature","properties":{"id":56279,"nach":0.47220373371499197},"geometry":{"type":"LineString","coordinates":[[-1.3736086,50.9045764],[-1.3733635,50.9047513]]}},
{"type":"Feature","properties":{"id":57743,"nach":0.55390547756503428},"geometry":{"type":"LineString","coordinates":[[-1.3695707,50.9077774],[-1.3695612,50.9077977]]}},
{"type":"Feature","properties":{"id":57686,"nach":0.50096185752245115},"geometry":{"type":"LineString","coordinates":[[-1.3695887,50.9078366],[-1.3695612,50.9077977]]}},
{"type":"Feature","properties":{"id":57706,"nach":0.51058919277208414},"geometry":{"type":"LineString","coordinates":[[-1.3693763,50.9077684],[-1.3695612,50.9077977]]}},
{"type":"Feature","properties":{"id":57742,"nach":0.56249013939655845},"geometry":{"type":"LineString","coordinates":[[-1.3695707,50.9077774],[-1.3696598,50.9076937]]}},
{"type":"Feature","properties":{"id":57744,"nach":0.3865193527702559},"geometry":{"type":"LineString","coordinates":[[-1.3695707,50.9077774],[-1.3694836,50.9077026],[-1.3693408,50.9076179]]}},
{"type":"Feature","properties":{"id":57688,"nach":0.38495478411701517},"geometry":{"type":"LineString","coordinates":[[-1.3695887,50.9078366],[-1.36936,50.9079607]]}},
{"type":"Feature","properties":{"id":57693,"nach":0.47443493247442986},"geometry":{"type":"LineString","coordinates":[[-1.3696692,50.9079034],[-1.3695887,50.9078366]]}},
{"type":"Feature","properties":{"id":57705,"nach":0.48899415824446218},"geometry":{"type":"LineString","coordinates":[[-1.3693763,50.9077684],[-1.3693486,50.9077641]]}},
{"type":"Feature","properties":{"id":57708,"nach":0.38459162904041549},"geometry":{"type":"LineString","coordinates":[[-1.3692393,50.9076502],[-1.369293,50.9076815],[-1.3693372,50.9076825],[-1.3693806,50.9077089],[-1.3693763,50.9077684]]}},
{"type":"Feature","properties":{"id":56530,"nach":0.65023826216020997},"geometry":{"type":"LineString","coordinates":[[-1.3708298,50.908292],[-1.3707885,50.9083225]]}},
{"type":"Feature","properties":{"id":45164,"nach":0.43817188726928208},"geometry":{"type":"LineString","coordinates":[[-1.3711948,50.9085439],[-1.3707885,50.9083225]]}},
{"type":"Feature","properties":{"id":56690,"nach":0.43227750898327522},"geometry":{"type":"LineString","coordinates":[[-1.3700005,50.9081788],[-1.3701636,50.908121]]}},
{"type":"Feature","properties":{"id":57682,"nach":0.59212767410033873},"geometry":{"type":"LineString","coordinates":[[-1.3699649,50.908149400000013],[-1.3700005,50.9081788]]}},
{"type":"Feature","properties":{"id":55955,"nach":0.65013350928591263},"geometry":{"type":"LineString","coordinates":[[-1.3732477,50.9038095],[-1.3735078,50.9039836]]}},
{"type":"Feature","properties":{"id":5337,"nach":0.60571007534169452},"geometry":{"type":"LineString","coordinates":[[-1.3741992,50.9036221],[-1.3736045,50.903933],[-1.3735078,50.9039836]]}},
{"type":"Feature","properties":{"id":55954,"nach":0.64568997971901732},"geometry":{"type":"LineString","coordinates":[[-1.3732477,50.9038095],[-1.3731578,50.903749400000017]]}},
{"type":"Feature","properties":{"id":55957,"nach":0.4721576987251494},"geometry":{"type":"LineString","coordinates":[[-1.3732194,50.9036026],[-1.3733967,50.9037303],[-1.3732477,50.9038095]]}},
{"type":"Feature","properties":{"id":75524,"nach":0.47266604891925346},"geometry":{"type":"LineString","coordinates":[[-1.373711,50.903363400000011],[-1.3738437,50.9034679],[-1.3738802,50.9034848],[-1.3739551,50.903496],[-1.3740201,50.9035067],[-1.3740807,50.903541],[-1.3741992,50.9036221]]}},
{"type":"Feature","properties":{"id":8290,"nach":0.63745225334553912},"geometry":{"type":"LineString","coordinates":[[-1.3727956,50.9035071],[-1.3724573,50.9032913]]}},
{"type":"Feature","properties":{"id":5324,"nach":0.6561958466144775},"geometry":{"type":"LineString","coordinates":[[-1.3726469,50.9031659],[-1.3724573,50.9032913]]}},
{"type":"Feature","properties":{"id":17002,"nach":0.59048309326634985},"geometry":{"type":"LineString","coordinates":[[-1.3722796,50.9034037],[-1.3724573,50.9032913]]}},
{"type":"Feature","properties":{"id":17344,"nach":0.64132597415982773},"geometry":{"type":"LineString","coordinates":[[-1.3731578,50.903749400000017],[-1.3727956,50.9035071]]}},
{"type":"Feature","properties":{"id":55508,"nach":0.46203659122380025},"geometry":{"type":"LineString","coordinates":[[-1.3723491,50.9037923],[-1.3727956,50.9035071]]}},
{"type":"Feature","properties":{"id":55958,"nach":0.47116566424154038},"geometry":{"type":"LineString","coordinates":[[-1.3733543,50.9032941],[-1.3732085,50.903250600000014],[-1.3731834,50.9032525],[-1.3729623,50.903391],[-1.3727956,50.9035071]]}},
{"type":"Feature","properties":{"id":16994,"nach":0.65557128920664387},"geometry":{"type":"LineString","coordinates":[[-1.3730209,50.902919800000014],[-1.3726469,50.9031659]]}},
{"type":"Feature","properties":{"id":55405,"nach":0.45981141060909742},"geometry":{"type":"LineString","coordinates":[[-1.372218,50.9029224],[-1.3726469,50.9031659]]}},
{"type":"Feature","properties":{"id":17004,"nach":0.45905848540394539},"geometry":{"type":"LineString","coordinates":[[-1.3722796,50.9034037],[-1.3718681,50.9031744]]}},
{"type":"Feature","properties":{"id":55511,"nach":0.57270809749078377},"geometry":{"type":"LineString","coordinates":[[-1.3720146,50.9035826],[-1.3722796,50.9034037]]}},
{"type":"Feature","properties":{"id":16995,"nach":0.60288660705717034},"geometry":{"type":"LineString","coordinates":[[-1.3730209,50.902919800000014],[-1.3726108,50.9026745]]}},
{"type":"Feature","properties":{"id":55408,"nach":0.63345362806851846},"geometry":{"type":"LineString","coordinates":[[-1.3735041,50.9026018],[-1.3730209,50.902919800000014]]}},
{"type":"Feature","properties":{"id":55406,"nach":0.37744597920723028},"geometry":{"type":"LineString","coordinates":[[-1.372218,50.9029224],[-1.371875,50.9031519],[-1.3718681,50.9031744]]}},
{"type":"Feature","properties":{"id":17248,"nach":0.58995638903164349},"geometry":{"type":"LineString","coordinates":[[-1.3693983,50.9013013],[-1.3698705,50.9015708]]}},
{"type":"Feature","properties":{"id":56828,"nach":0.57071281494359527},"geometry":{"type":"LineString","coordinates":[[-1.3707574,50.9009353],[-1.3698705,50.9015708]]}},
{"type":"Feature","properties":{"id":18850,"nach":0.61309975143711415},"geometry":{"type":"LineString","coordinates":[[-1.3702852,50.9018141],[-1.3698705,50.9015708]]}},
{"type":"Feature","properties":{"id":56825,"nach":0.45412409921389629},"geometry":{"type":"LineString","coordinates":[[-1.370291,50.9006655],[-1.3693983,50.9013013]]}},
{"type":"Feature","properties":{"id":56823,"nach":0.59503349969097874},"geometry":{"type":"LineString","coordinates":[[-1.3693773,50.9012893],[-1.3693983,50.9013013]]}},
{"type":"Feature","properties":{"id":56829,"nach":0.44790093620201449},"geometry":{"type":"LineString","coordinates":[[-1.3707574,50.9009353],[-1.370291,50.9006655]]}},
{"type":"Feature","properties":{"id":56853,"nach":0.55828508510017494},"geometry":{"type":"LineString","coordinates":[[-1.3712003,50.900617100000012],[-1.3708481,50.9008703],[-1.3707574,50.9009353]]}},
{"type":"Feature","properties":{"id":18851,"nach":0.61836160382629091},"geometry":{"type":"LineString","coordinates":[[-1.3702852,50.9018141],[-1.3703264,50.9018383]]}},
{"type":"Feature","properties":{"id":36280,"nach":0.45655872400686393},"geometry":{"type":"LineString","coordinates":[[-1.3704241,50.9017124],[-1.3702852,50.9018141]]}},
{"type":"Feature","properties":{"id":6880,"nach":0.56160110874965274},"geometry":{"type":"LineString","coordinates":[[-1.3671287,50.9000081],[-1.3664695,50.8996562],[-1.3663288,50.8996536]]}},
{"type":"Feature","properties":{"id":36708,"nach":0.46227940522880645},"geometry":{"type":"LineString","coordinates":[[-1.3663858,50.8997388],[-1.3667067,50.9003323],[-1.3667765,50.90063],[-1.3667846,50.9008195],[-1.366755,50.901031],[-1.3667013,50.9012948]]}},
{"type":"Feature","properties":{"id":6879,"nach":0.5582093660157641},"geometry":{"type":"LineString","coordinates":[[-1.3671287,50.9000081],[-1.3679659,50.9004762]]}},
{"type":"Feature","properties":{"id":6882,"nach":0.4371302284736604},"geometry":{"type":"LineString","coordinates":[[-1.368276,50.8987581],[-1.3671287,50.9000081]]}},
{"type":"Feature","properties":{"id":55407,"nach":0.63746616513455334},"geometry":{"type":"LineString","coordinates":[[-1.3735041,50.9026018],[-1.3741801,50.9021624]]}},
{"type":"Feature","properties":{"id":6867,"nach":0.61418986415410715},"geometry":{"type":"LineString","coordinates":[[-1.3737661,50.9015925],[-1.3741801,50.9021624]]}},
{"type":"Feature","properties":{"id":6869,"nach":0.62425301975759084},"geometry":{"type":"LineString","coordinates":[[-1.3742397,50.9022485],[-1.3741801,50.9021624]]}},
{"type":"Feature","properties":{"id":20122,"nach":0.60641163968590805},"geometry":{"type":"LineString","coordinates":[[-1.3753858,50.901321],[-1.3753831,50.9013819],[-1.374895,50.9017591],[-1.3747126,50.901798],[-1.3741801,50.9021624]]}},
{"type":"Feature","properties":{"id":55412,"nach":0.45551380309846151},"geometry":{"type":"LineString","coordinates":[[-1.3730846,50.902343],[-1.3735041,50.9026018]]}},
{"type":"Feature","properties":{"id":6866,"nach":0.62352240084670463},"geometry":{"type":"LineString","coordinates":[[-1.3737661,50.9015925],[-1.3736077,50.9014011]]}},
{"type":"Feature","properties":{"id":6894,"nach":0.5582753570930129},"geometry":{"type":"LineString","coordinates":[[-1.3743698,50.9011676],[-1.373861,50.9015577],[-1.3737661,50.9015925]]}},
{"type":"Feature","properties":{"id":55967,"nach":0.60222366843569564},"geometry":{"type":"LineString","coordinates":[[-1.3743271,50.9023732],[-1.3742397,50.9022485]]}},
{"type":"Feature","properties":{"id":6890,"nach":0.54257792852535069},"geometry":{"type":"LineString","coordinates":[[-1.3754144,50.9018096],[-1.3752127,50.901920900000015],[-1.3746988,50.902152699999988],[-1.3745363,50.9021955],[-1.3742397,50.9022485]]}},
{"type":"Feature","properties":{"id":20128,"nach":0.62063993261696482},"geometry":{"type":"LineString","coordinates":[[-1.3756526,50.9011415],[-1.3753858,50.901321]]}},
{"type":"Feature","properties":{"id":20127,"nach":0.51299868029640183},"geometry":{"type":"LineString","coordinates":[[-1.3741091,50.9007274],[-1.3743399,50.9008068],[-1.3752785,50.901304],[-1.3753858,50.901321]]}},
{"type":"Feature","properties":{"id":5892,"nach":0.64683035637616804},"geometry":{"type":"LineString","coordinates":[[-1.3804132,50.8977809],[-1.3803702,50.8978694]]}},
{"type":"Feature","properties":{"id":18311,"nach":0.57164025680218167},"geometry":{"type":"LineString","coordinates":[[-1.380182,50.8974927],[-1.3800994,50.8976018],[-1.3801539,50.8976701],[-1.3804132,50.8977809]]}},
{"type":"Feature","properties":{"id":20916,"nach":0.61894133113822103},"geometry":{"type":"LineString","coordinates":[[-1.3808621,50.8971723],[-1.3804132,50.8977809]]}},
{"type":"Feature","properties":{"id":65754,"nach":0.47255272826996458},"geometry":{"type":"LineString","coordinates":[[-1.3798106,50.8976969],[-1.3797849,50.897741],[-1.3803702,50.8978694]]}},
{"type":"Feature","properties":{"id":18289,"nach":0.52046909159562449},"geometry":{"type":"LineString","coordinates":[[-1.3803359,50.897541900000014],[-1.380182,50.8974927]]}},
{"type":"Feature","properties":{"id":18310,"nach":0.52864037886886972},"geometry":{"type":"LineString","coordinates":[[-1.380182,50.8974927],[-1.3804003,50.8972041]]}},
{"type":"Feature","properties":{"id":5894,"nach":0.620362772559517},"geometry":{"type":"LineString","coordinates":[[-1.3808732,50.8971575],[-1.3808621,50.8971723]]}},
{"type":"Feature","properties":{"id":5942,"nach":0.38031630181361731},"geometry":{"type":"LineString","coordinates":[[-1.3805331,50.897089899999983],[-1.3806338,50.8970884],[-1.3808732,50.8971575]]}},
{"type":"Feature","properties":{"id":5896,"nach":0.62166963026125421},"geometry":{"type":"LineString","coordinates":[[-1.380929,50.8968107],[-1.3809521,50.896904],[-1.3809529,50.8969967],[-1.3809236,50.8970874],[-1.3808732,50.8971575]]}},
{"type":"Feature","properties":{"id":20918,"nach":0.54805962667736108},"geometry":{"type":"LineString","coordinates":[[-1.3810732,50.8972255],[-1.3808621,50.8971723]]}},
{"type":"Feature","properties":{"id":18298,"nach":0.5723540770893264},"geometry":{"type":"LineString","coordinates":[[-1.3804003,50.8972041],[-1.3804505,50.8971477],[-1.3805331,50.897089899999983]]}},
{"type":"Feature","properties":{"id":18266,"nach":0.57053443875399079},"geometry":{"type":"LineString","coordinates":[[-1.3805298,50.8969081],[-1.3805123,50.8969708],[-1.3805331,50.897089899999983]]}},
{"type":"Feature","properties":{"id":5902,"nach":0.62508513788517717},"geometry":{"type":"LineString","coordinates":[[-1.3816331,50.8968634],[-1.3812196,50.8967779],[-1.3811203,50.8967755],[-1.380929,50.8968107]]}},
{"type":"Feature","properties":{"id":89137,"nach":0.66638075104725181},"geometry":{"type":"LineString","coordinates":[[-1.3806756,50.8966553],[-1.3807414,50.8966714],[-1.3808287,50.8967081],[-1.3808956,50.8967652],[-1.380929,50.8968107]]}},
{"type":"Feature","properties":{"id":5938,"nach":0.62099666648840723},"geometry":{"type":"LineString","coordinates":[[-1.3814527,50.89723690000001],[-1.3816331,50.8968634]]}},
{"type":"Feature","properties":{"id":65759,"nach":0.0},"geometry":{"type":"LineString","coordinates":[[-1.3820299,50.897523800000016],[-1.3823159,50.8970067],[-1.3816331,50.8968634]]}},
{"type":"Feature","properties":{"id":12598,"nach":0.62722528201669847},"geometry":{"type":"LineString","coordinates":[[-1.3817071,50.8979426],[-1.3818137,50.8978211]]}},
{"type":"Feature","properties":{"id":65758,"nach":0.59915837680742712},"geometry":{"type":"LineString","coordinates":[[-1.3820299,50.897523800000016],[-1.3819436,50.8976798],[-1.3818137,50.8978211]]}},
{"type":"Feature","properties":{"id":65765,"nach":0.55048336485625182},"geometry":{"type":"LineString","coordinates":[[-1.3814108,50.8977092],[-1.3814813,50.8977015],[-1.3815394,50.8977151],[-1.3818137,50.8978211]]}},
{"type":"Feature","properties":{"id":12601,"nach":0.45427717298066178},"geometry":{"type":"LineString","coordinates":[[-1.3830567,50.8980481],[-1.3822845,50.8980046],[-1.3822885,50.8979674],[-1.3817071,50.8979426]]}},
{"type":"Feature","properties":{"id":65761,"nach":0.59774528655946468},"geometry":{"type":"LineString","coordinates":[[-1.3818409,50.8974863],[-1.3820299,50.897523800000016]]}},
{"type":"Feature","properties":{"id":65764,"nach":0.54525011325304118},"geometry":{"type":"LineString","coordinates":[[-1.3814108,50.8977092],[-1.3813722,50.8977213]]}},
{"type":"Feature","properties":{"id":65778,"nach":0.54059602320022382},"geometry":{"type":"LineString","coordinates":[[-1.381506,50.8974777],[-1.3814085,50.8976835],[-1.3814108,50.8977092]]}},
{"type":"Feature","properties":{"id":5941,"nach":0.47164708745919232},"geometry":{"type":"LineString","coordinates":[[-1.3813549,50.897216599999986],[-1.3814527,50.89723690000001]]}},
{"type":"Feature","properties":{"id":65770,"nach":0.61946185654836106},"geometry":{"type":"LineString","coordinates":[[-1.3816722,50.89734820000001],[-1.3816357,50.8973168],[-1.3816266,50.897306],[-1.3815881,50.8972977],[-1.3815486,50.8972555],[-1.3814527,50.89723690000001]]}},
{"type":"Feature","properties":{"id":6427,"nach":0.61201316483223578},"geometry":{"type":"LineString","coordinates":[[-1.3815011,50.8992148],[-1.3814098,50.8990417]]}},
{"type":"Feature","properties":{"id":29288,"nach":0.4838069150436618},"geometry":{"type":"LineString","coordinates":[[-1.3807826,50.8995727],[-1.3806992,50.899513],[-1.3806413,50.8994573],[-1.3806112,50.8993938],[-1.3805989,50.8993214],[-1.3806024,50.8992601],[-1.3806341,50.8992027],[-1.3806824,50.899165200000013],[-1.3807552,50.8991307],[-1.380844,50.8991129],[-1.3813184,50.8990622],[-1.3814098,50.8990417]]}},
{"type":"Feature","properties":{"id":5909,"nach":0.68075390306713013},"geometry":{"type":"LineString","coordinates":[[-1.38134337057316,50.89890840794228],[-1.3814098,50.8990417]]}},
{"type":"Feature","properties":{"id":39018,"nach":0.57244858062616444},"geometry":{"type":"LineString","coordinates":[[-1.38198,50.8984969],[-1.3819709,50.898664200000013]]}},
{"type":"Feature","properties":{"id":39016,"nach":0.45592262336528278},"geometry":{"type":"LineString","coordinates":[[-1.3823879,50.8986642],[-1.3819709,50.898664200000013]]}},
{"type":"Feature","properties":{"id":6429,"nach":0.5882789829818027},"geometry":{"type":"LineString","coordinates":[[-1.3815011,50.8992148],[-1.3816493,50.8994956],[-1.381772,50.8996983],[-1.3819362,50.8999527],[-1.3819891,50.9000401],[-1.3820389,50.9001392]]}},
{"type":"Feature","properties":{"id":6432,"nach":0.52784591791683277},"geometry":{"type":"LineString","coordinates":[[-1.3824345,50.8991923],[-1.3816435,50.8991939],[-1.3815011,50.8992148]]}},
{"type":"Feature","properties":{"id":29286,"nach":0.53491967769100046},"geometry":{"type":"LineString","coordinates":[[-1.3807826,50.8995727],[-1.3808897,50.8996297]]}},
{"type":"Feature","properties":{"id":29289,"nach":0.53524791349805156},"geometry":{"type":"LineString","coordinates":[[-1.380321,50.8996669],[-1.3807826,50.8995727]]}},
{"type":"Feature","properties":{"id":29291,"nach":0.5648963144532263},"geometry":{"type":"LineString","coordinates":[[-1.380321,50.8996669],[-1.3806058,50.899904],[-1.3807971,50.89994020000001],[-1.3811424,50.9000062],[-1.3813768,50.9000625],[-1.3816516,50.9001502],[-1.3817237,50.9001603],[-1.3818068,50.9001644],[-1.381893,50.9001598],[-1.3820389,50.9001392]]}},
{"type":"Feature","properties":{"id":5914,"nach":0.62077325278747453},"geometry":{"type":"LineString","coordinates":[[-1.382133,50.9005042],[-1.3821306,50.900422699999986],[-1.3821209,50.9003431],[-1.3820912,50.900249899999984],[-1.3820389,50.9001392]]}},
{"type":"Feature","properties":{"id":29290,"nach":0.59664002671280425},"geometry":{"type":"LineString","coordinates":[[-1.380321,50.8996669],[-1.3800637,50.8994527],[-1.3797255,50.8992923],[-1.3797048,50.8992825]]}},
{"type":"Feature","properties":{"id":5918,"nach":0.61749983514839946},"geometry":{"type":"LineString","coordinates":[[-1.3819911,50.900956900000011],[-1.3819996,50.9009081],[-1.382121,50.9005654],[-1.382133,50.9005042]]}},
{"type":"Feature","properties":{"id":25541,"nach":0.4320903794802709},"geometry":{"type":"LineString","coordinates":[[-1.3837151,50.9003281],[-1.3823488,50.9004889],[-1.382133,50.9005042]]}},
{"type":"Feature","properties":{"id":47810,"nach":0.63076806786255502},"geometry":{"type":"LineString","coordinates":[[-1.3822083,50.9016339],[-1.3822199,50.9014179],[-1.3822193,50.9013051],[-1.3822033,50.9012428],[-1.3821553,50.9011709],[-1.3820375,50.9010515],[-1.382006,50.9010022],[-1.3819911,50.900956900000011]]}},
{"type":"Feature","properties":{"id":25525,"nach":0.57850305936393254},"geometry":{"type":"LineString","coordinates":[[-1.3806066,50.9009623],[-1.3807813,50.9009318],[-1.3810129,50.9009043],[-1.3811289,50.9008964],[-1.3813155,50.900891300000012],[-1.381502,50.9008998],[-1.381725,50.9009202],[-1.3819379,50.900948],[-1.3819911,50.900956900000011]]}},
{"type":"Feature","properties":{"id":47809,"nach":0.62090656896562824},"geometry":{"type":"LineString","coordinates":[[-1.3822083,50.9016339],[-1.3821816,50.9017215]]}},
{"type":"Feature","properties":{"id":47814,"nach":0.4941546936926603},"geometry":{"type":"LineString","coordinates":[[-1.3831245,50.9015659],[-1.382909,50.901578],[-1.3828421,50.9015851],[-1.3827612,50.9016044],[-1.3826664,50.9016273],[-1.3825465,50.90163960000001],[-1.3824684,50.9016413],[-1.3822083,50.9016339]]}},
{"type":"Feature","properties":{"id":25524,"nach":0.58958424670861875},"geometry":{"type":"LineString","coordinates":[[-1.3806066,50.9009623],[-1.3801578,50.9010579],[-1.3798492,50.9011547],[-1.3794862,50.9013064],[-1.3791911,50.9014912]]}},
{"type":"Feature","properties":{"id":25523,"nach":0.52100853339337239},"geometry":{"type":"LineString","coordinates":[[-1.3806066,50.9009623],[-1.3805859,50.9007469]]}},
{"type":"Feature","properties":{"id":45268,"nach":0.61509820902967827},"geometry":{"type":"LineString","coordinates":[[-1.3820049,50.902136],[-1.3820628,50.9020147],[-1.3821816,50.9017215]]}},
{"type":"Feature","properties":{"id":45278,"nach":0.41230097800198556},"geometry":{"type":"LineString","coordinates":[[-1.3840293,50.901988],[-1.3839376,50.9019142],[-1.3831844,50.9017842],[-1.3830368,50.901781],[-1.3829605,50.9017922],[-1.3828409,50.9018051],[-1.3825813,50.901784200000016],[-1.3821816,50.9017215]]}},
{"type":"Feature","properties":{"id":45330,"nach":0.5554793768571985},"geometry":{"type":"LineString","coordinates":[[-1.3821181,50.9021747],[-1.3820049,50.902136]]}},
{"type":"Feature","properties":{"id":45281,"nach":0.5824522179599948},"geometry":{"type":"LineString","coordinates":[[-1.3817174,50.9026219],[-1.3817578,50.9025168],[-1.3818157,50.9024235],[-1.3819156,50.9022666],[-1.3820049,50.902136]]}},
{"type":"Feature","properties":{"id":45294,"nach":0.44390761978798154},"geometry":{"type":"LineString","coordinates":[[-1.3815751,50.9042975],[-1.3810808,50.9041634]]}},
{"type":"Feature","properties":{"id":45204,"nach":0.44618894141606713},"geometry":{"type":"LineString","coordinates":[[-1.3804788,50.90501780000001],[-1.3806767,50.9048086],[-1.3810321,50.9042412],[-1.3810808,50.9041634]]}},
{"type":"Feature","properties":{"id":45289,"nach":0.49167983493163997},"geometry":{"type":"LineString","coordinates":[[-1.3815224,50.9031798],[-1.3813559,50.9036159],[-1.3810808,50.9041634]]}},
{"type":"Feature","properties":{"id":45304,"nach":0.42109880935671801},"geometry":{"type":"LineString","coordinates":[[-1.382533,50.9044574],[-1.3818201,50.904364],[-1.3815751,50.9042975]]}},
{"type":"Feature","properties":{"id":45299,"nach":0.15920818093917863},"geometry":{"type":"LineString","coordinates":[[-1.3819919,50.9032152],[-1.381624,50.904206299999977],[-1.3815751,50.9042975]]}},
{"type":"Feature","properties":{"id":74244,"nach":0.42383039309039577},"geometry":{"type":"LineString","coordinates":[[-1.3801872,50.905315],[-1.3803684,50.9051346],[-1.3804788,50.90501780000001]]}},
{"type":"Feature","properties":{"id":45206,"nach":0.32343061279873303},"geometry":{"type":"LineString","coordinates":[[-1.3814227,50.9051304],[-1.3811492,50.9052893],[-1.3809984,50.905304],[-1.3804788,50.90501780000001]]}},
{"type":"Feature","properties":{"id":45308,"nach":0.53299932434384301},"geometry":{"type":"LineString","coordinates":[[-1.3816493,50.9028293],[-1.3815794,50.9030304],[-1.3815224,50.9031798]]}},
{"type":"Feature","properties":{"id":45298,"nach":0.46588543600134324},"geometry":{"type":"LineString","coordinates":[[-1.3819919,50.9032152],[-1.3818415,50.9032113],[-1.3815224,50.9031798]]}},
{"type":"Feature","properties":{"id":45303,"nach":0.39961351695384079},"geometry":{"type":"LineString","coordinates":[[-1.382533,50.9044574],[-1.3829401,50.9045116]]}},
{"type":"Feature","properties":{"id":45300,"nach":0.36344441574168684},"geometry":{"type":"LineString","coordinates":[[-1.3832999,50.9045655],[-1.3829401,50.9045116]]}},
{"type":"Feature","properties":{"id":56370,"nach":0.28620544352176319},"geometry":{"type":"LineString","coordinates":[[-1.3831666,50.9039849],[-1.383163,50.9039939],[-1.3829401,50.9045116]]}},
{"type":"Feature","properties":{"id":45305,"nach":0.0},"geometry":{"type":"LineString","coordinates":[[-1.382533,50.9044574],[-1.3824545,50.9045853],[-1.3824149,50.9047175],[-1.3824782,50.904822200000012],[-1.3826284,50.90488460000001],[-1.3830337,50.9049776],[-1.3831935,50.9050115],[-1.3832864,50.9047884],[-1.3833329,50.9046455],[-1.3832999,50.9045655]]}},
{"type":"Feature","properties":{"id":56369,"nach":0.3119511833185703},"geometry":{"type":"LineString","coordinates":[[-1.3834884,50.9041028],[-1.3832999,50.9045655]]}},
{"type":"Feature","properties":{"id":56372,"nach":0.31098841873022109},"geometry":{"type":"LineString","coordinates":[[-1.3831666,50.9039849],[-1.3839736,50.9039641],[-1.3856504,50.903942]]}},
{"type":"Feature","properties":{"id":56371,"nach":0.37453030583727415},"geometry":{"type":"LineString","coordinates":[[-1.3831666,50.9039849],[-1.3833369,50.9035547],[-1.383366,50.9034166]]}},
{"type":"Feature","properties":{"id":5932,"nach":0.46144506964576093},"geometry":{"type":"LineString","coordinates":[[-1.3809156,50.8996976],[-1.3808897,50.8996297]]}},
{"type":"Feature","properties":{"id":5931,"nach":0.4592598037895626},"geometry":{"type":"LineString","coordinates":[[-1.3811008,50.8995895],[-1.3808897,50.8996297]]}},
{"type":"Feature","properties":{"id":5936,"nach":0.47159750552238272},"geometry":{"type":"LineString","coordinates":[[-1.3813301,50.8977824],[-1.3813722,50.8977213]]}},
{"type":"Feature","properties":{"id":5937,"nach":0.47103171883586692},"geometry":{"type":"LineString","coordinates":[[-1.3812795,50.8976566],[-1.3813722,50.8977213]]}},
{"type":"Feature","properties":{"id":65771,"nach":0.59670240234114835},"geometry":{"type":"LineString","coordinates":[[-1.3816722,50.89734820000001],[-1.3817066,50.8973751],[-1.3817501,50.8973859],[-1.3818073,50.8974071],[-1.3818479,50.8974188],[-1.3818409,50.8974863]]}},
{"type":"Feature","properties":{"id":65775,"nach":0.54200852628219898},"geometry":{"type":"LineString","coordinates":[[-1.3818332,50.8971961],[-1.3817887,50.8972886],[-1.3817471,50.897281],[-1.3817153,50.8973338],[-1.3816722,50.89734820000001]]}},
{"type":"Feature","properties":{"id":65777,"nach":0.53897764794552161},"geometry":{"type":"LineString","coordinates":[[-1.381506,50.8974777],[-1.3815628,50.8973691],[-1.3815842,50.8973723],[-1.3816722,50.89734820000001]]}},
{"type":"Feature","properties":{"id":18297,"nach":0.52200680902739183},"geometry":{"type":"LineString","coordinates":[[-1.3804003,50.8972041],[-1.3805572,50.8972594]]}},
{"type":"Feature","properties":{"id":18309,"nach":0.47465615217889251},"geometry":{"type":"LineString","coordinates":[[-1.3808495,50.8969346],[-1.3805298,50.8969081]]}},
{"type":"Feature","properties":{"id":89138,"nach":0.57654062888736846},"geometry":{"type":"LineString","coordinates":[[-1.3806756,50.8966553],[-1.3806439,50.8967055],[-1.3806122,50.8967556],[-1.3806227,50.89677660000001],[-1.3805298,50.8969081]]}},
{"type":"Feature","properties":{"id":56073,"nach":0.59905910775412274},"geometry":{"type":"LineString","coordinates":[[-1.3785529,50.9018253],[-1.3785651,50.9018197]]}},
{"type":"Feature","properties":{"id":56078,"nach":0.0},"geometry":{"type":"LineString","coordinates":[[-1.3788048,50.901408],[-1.3785153,50.9014144],[-1.3785529,50.9018253]]}},
{"type":"Feature","properties":{"id":5950,"nach":0.58376843917371568},"geometry":{"type":"LineString","coordinates":[[-1.3788742,50.9016878],[-1.3785651,50.9018197]]}},
{"type":"Feature","properties":{"id":5954,"nach":0.51195322559966683},"geometry":{"type":"LineString","coordinates":[[-1.3786812,50.901914799999986],[-1.3785651,50.9018197]]}},
{"type":"Feature","properties":{"id":21124,"nach":0.5772874730385833},"geometry":{"type":"LineString","coordinates":[[-1.3791911,50.9014912],[-1.3788742,50.9016878]]}},
{"type":"Feature","properties":{"id":56077,"nach":0.62388929415888772},"geometry":{"type":"LineString","coordinates":[[-1.3788048,50.901408],[-1.3788136,50.901492],[-1.3788333,50.901576],[-1.3788529,50.9016054],[-1.3788742,50.9016878]]}},
{"type":"Feature","properties":{"id":5956,"nach":0.61915570301592671},"geometry":{"type":"LineString","coordinates":[[-1.3786812,50.901914799999986],[-1.378813,50.9017914],[-1.3788569,50.9017329],[-1.3788742,50.9016878]]}},
{"type":"Feature","properties":{"id":83601,"nach":0.62736882761105917},"geometry":{"type":"LineString","coordinates":[[-1.3774442,50.9026833],[-1.3777453,50.9024991],[-1.3784049,50.9021134],[-1.3786812,50.901914799999986]]}},
{"type":"Feature","properties":{"id":21123,"nach":0.58854952389749327},"geometry":{"type":"LineString","coordinates":[[-1.3791911,50.9014912],[-1.3791406,50.901454600000015]]}},
{"type":"Feature","properties":{"id":56107,"nach":0.62575475696313232},"geometry":{"type":"LineString","coordinates":[[-1.3788016,50.9012751],[-1.3788048,50.901408]]}},
{"type":"Feature","properties":{"id":83600,"nach":0.60366628570372749},"geometry":{"type":"LineString","coordinates":[[-1.3774442,50.9026833],[-1.377178,50.9028461],[-1.3769802,50.9029762],[-1.3768039,50.9031496]]}},
{"type":"Feature","properties":{"id":83605,"nach":0.55907438563175238},"geometry":{"type":"LineString","coordinates":[[-1.3786229,50.902897],[-1.3786075,50.9028737],[-1.3783995,50.9027112],[-1.3782394,50.9026694],[-1.3781621,50.9026624],[-1.3780774,50.902691500000017],[-1.3780479,50.9026961],[-1.3779725,50.9026787],[-1.3777479,50.9027077],[-1.3776761,50.9027216],[-1.3775264,50.9026969],[-1.3774442,50.9026833]]}},
{"type":"Feature","properties":{"id":33266,"nach":0.60278334979535353},"geometry":{"type":"LineString","coordinates":[[-1.376525,50.9035637],[-1.3768039,50.9031496]]}},
{"type":"Feature","properties":{"id":5960,"nach":0.44962384123359844},"geometry":{"type":"LineString","coordinates":[[-1.377498,50.9029564],[-1.3771287,50.90311470000001],[-1.3769847,50.90315180000001],[-1.3768039,50.9031496]]}},
{"type":"Feature","properties":{"id":33268,"nach":0.56941095604291181},"geometry":{"type":"LineString","coordinates":[[-1.376525,50.9035637],[-1.376699,50.9036938],[-1.3767176,50.9037763],[-1.376755,50.9039736],[-1.376755,50.904062]]}},
{"type":"Feature","properties":{"id":83590,"nach":0.54247856993251586},"geometry":{"type":"LineString","coordinates":[[-1.3757114,50.9043121],[-1.3764644,50.9036322],[-1.376525,50.9035637]]}},
{"type":"Feature","properties":{"id":56173,"nach":0.66239691993971794},"geometry":{"type":"LineString","coordinates":[[-1.3788683,50.8999035],[-1.3788134,50.8999007],[-1.3784509,50.899896800000015],[-1.3784196,50.8998985]]}},
{"type":"Feature","properties":{"id":55977,"nach":0.61857641187114976},"geometry":{"type":"LineString","coordinates":[[-1.3778647,50.8994448],[-1.3784006,50.8995964],[-1.3784196,50.8998985]]}},
{"type":"Feature","properties":{"id":5967,"nach":0.6539230186276771},"geometry":{"type":"LineString","coordinates":[[-1.379087,50.9000053],[-1.3789593,50.8999288]]}},
{"type":"Feature","properties":{"id":56172,"nach":0.66014109835150736},"geometry":{"type":"LineString","coordinates":[[-1.3788683,50.8999035],[-1.3789593,50.8999288]]}},
{"type":"Feature","properties":{"id":12591,"nach":0.64319266206274339},"geometry":{"type":"LineString","coordinates":[[-1.3797048,50.8992825],[-1.3796196,50.899366599999986],[-1.3795319,50.8994522],[-1.379388,50.8995927],[-1.3793232,50.8996919],[-1.3792137,50.8997246],[-1.3791247,50.8997622],[-1.3790472,50.899812],[-1.3790048,50.8998793],[-1.3789593,50.8999288]]}},
{"type":"Feature","properties":{"id":56131,"nach":0.64294353868961018},"geometry":{"type":"LineString","coordinates":[[-1.3789706,50.9004933],[-1.3791042,50.9000974],[-1.379087,50.9000053]]}},
{"type":"Feature","properties":{"id":56121,"nach":0.51559515392498623},"geometry":{"type":"LineString","coordinates":[[-1.3797765,50.9002229],[-1.3797662,50.9002059],[-1.3796028,50.9000974],[-1.3792375,50.9000053],[-1.379087,50.9000053]]}},
{"type":"Feature","properties":{"id":56175,"nach":0.47261417921112125},"geometry":{"type":"LineString","coordinates":[[-1.3789468,50.8997344],[-1.378874,50.8997865],[-1.3788683,50.8999035]]}},
{"type":"Feature","properties":{"id":29293,"nach":0.58604638818115029},"geometry":{"type":"LineString","coordinates":[[-1.3796218,50.8992497],[-1.3796458,50.8992584],[-1.3797048,50.8992825]]}},
{"type":"Feature","properties":{"id":12592,"nach":0.6626044471314384},"geometry":{"type":"LineString","coordinates":[[-1.379996718404491,50.898928688539947],[-1.3797048,50.8992825]]}},
{"type":"Feature","properties":{"id":56129,"nach":0.62297116474568448},"geometry":{"type":"LineString","coordinates":[[-1.3789706,50.9004933],[-1.3789624,50.9005176]]}},
{"type":"Feature","properties":{"id":56130,"nach":0.57848833042097902},"geometry":{"type":"LineString","coordinates":[[-1.3789706,50.9004933],[-1.3791042,50.9006285]]}},
{"type":"Feature","properties":{"id":56122,"nach":0.34605038516605285},"geometry":{"type":"LineString","coordinates":[[-1.3797765,50.9002229],[-1.3796209,50.9002461],[-1.3794487,50.9002547],[-1.3793944,50.9002769],[-1.3793225,50.9003291],[-1.3791042,50.9006285]]}},
{"type":"Feature","properties":{"id":56124,"nach":0.50240501952408023},"geometry":{"type":"LineString","coordinates":[[-1.3797064,50.9007118],[-1.3797232,50.90066130000001],[-1.3798049,50.9004471],[-1.3798349,50.9003197],[-1.3797765,50.9002229]]}},
{"type":"Feature","properties":{"id":56096,"nach":0.61184200556970225},"geometry":{"type":"LineString","coordinates":[[-1.3789386,50.9006029],[-1.3789624,50.9005176]]}},
{"type":"Feature","properties":{"id":56083,"nach":0.50288596789390794},"geometry":{"type":"LineString","coordinates":[[-1.3779305,50.9005484],[-1.3789624,50.9005176]]}},
{"type":"Feature","properties":{"id":56095,"nach":0.59516453458229623},"geometry":{"type":"LineString","coordinates":[[-1.3789386,50.9006029],[-1.3788531,50.9009097]]}},
{"type":"Feature","properties":{"id":56139,"nach":0.49262036723019825},"geometry":{"type":"LineString","coordinates":[[-1.3784974,50.9007268],[-1.3785183,50.9007304],[-1.3785395,50.9007207],[-1.3785803,50.900696800000013],[-1.3788536,50.9006252],[-1.3789386,50.9006029]]}},
{"type":"Feature","properties":{"id":56148,"nach":0.62468677825878616},"geometry":{"type":"LineString","coordinates":[[-1.3779335,50.9005916],[-1.3779305,50.9005484]]}},
{"type":"Feature","properties":{"id":5974,"nach":0.46706893502046587},"geometry":{"type":"LineString","coordinates":[[-1.3794152,50.9011613],[-1.3794997,50.9011872]]}},
{"type":"Feature","properties":{"id":56133,"nach":0.5010272508314304},"geometry":{"type":"LineString","coordinates":[[-1.3792901,50.9012606],[-1.3793322,50.901271],[-1.3794152,50.9011613]]}},
{"type":"Feature","properties":{"id":56123,"nach":0.49517270300025684},"geometry":{"type":"LineString","coordinates":[[-1.3797064,50.9007118],[-1.3796157,50.9009839],[-1.3794653,50.9011004],[-1.3794152,50.9011613]]}},
{"type":"Feature","properties":{"id":56132,"nach":0.53234685750181099},"geometry":{"type":"LineString","coordinates":[[-1.3792901,50.9012606],[-1.3791406,50.901454600000015]]}},
{"type":"Feature","properties":{"id":56134,"nach":0.45918123579437314},"geometry":{"type":"LineString","coordinates":[[-1.3792901,50.9012606],[-1.3794989,50.90098170000001],[-1.3795178,50.9009424],[-1.3795151,50.9008833],[-1.3795111,50.9007901],[-1.3795084,50.9007371]]}},
{"type":"Feature","properties":{"id":56127,"nach":0.35484661897662212},"geometry":{"type":"LineString","coordinates":[[-1.3795084,50.9007371],[-1.3795423,50.9006892],[-1.3797064,50.9007118]]}},
{"type":"Feature","properties":{"id":48384,"nach":0.62633097203031751},"geometry":{"type":"LineString","coordinates":[[-1.3759998,50.9010438],[-1.3757823,50.9011258],[-1.3756526,50.9011415]]}},
{"type":"Feature","properties":{"id":48387,"nach":0.45852386207664819},"geometry":{"type":"LineString","coordinates":[[-1.3762744,50.9003936],[-1.3760338,50.900521],[-1.3759635,50.9006569],[-1.375729,50.9007761],[-1.3759202,50.900954],[-1.3759998,50.9010438]]}},
{"type":"Feature","properties":{"id":5986,"nach":0.46140784793814182},"geometry":{"type":"LineString","coordinates":[[-1.3745729,50.9008317],[-1.3748486,50.9006122]]}},
{"type":"Feature","properties":{"id":20129,"nach":0.51796461799856275},"geometry":{"type":"LineString","coordinates":[[-1.3756526,50.9011415],[-1.3755369,50.9011196],[-1.3754161,50.901072500000012],[-1.3748486,50.9006122]]}},
{"type":"Feature","properties":{"id":55102,"nach":0.51688777415227527},"geometry":{"type":"LineString","coordinates":[[-1.3751124,50.90032810000001],[-1.3750681,50.9003548],[-1.3750653,50.9003984],[-1.3748866,50.9005473],[-1.3748486,50.9006122]]}},
{"type":"Feature","properties":{"id":55104,"nach":0.45076524531800921},"geometry":{"type":"LineString","coordinates":[[-1.3758716,50.9009933],[-1.3751124,50.90032810000001]]}},
{"type":"Feature","properties":{"id":55111,"nach":0.54209184840287616},"geometry":{"type":"LineString","coordinates":[[-1.3747437,50.900124],[-1.3748774,50.9001639],[-1.3749841,50.9002277],[-1.3751124,50.90032810000001]]}},
{"type":"Feature","properties":{"id":56374,"nach":0.49556011398775918},"geometry":{"type":"LineString","coordinates":[[-1.3720692,50.9091708],[-1.3720244,50.9091465]]}},
{"type":"Feature","properties":{"id":56377,"nach":0.42254193628390196},"geometry":{"type":"LineString","coordinates":[[-1.3718658,50.9093382],[-1.3719715,50.9092405],[-1.3720692,50.9091708]]}},
{"type":"Feature","properties":{"id":56388,"nach":0.59553659715951179},"geometry":{"type":"LineString","coordinates":[[-1.3714384,50.9096611],[-1.3717997,50.90986]]}},
{"type":"Feature","properties":{"id":56392,"nach":0.61850806818717852},"geometry":{"type":"LineString","coordinates":[[-1.3715618,50.91003],[-1.3717997,50.90986]]}},
{"type":"Feature","properties":{"id":56387,"nach":0.60151992821491485},"geometry":{"type":"LineString","coordinates":[[-1.3714384,50.9096611],[-1.3712975,50.9095835]]}},
{"type":"Feature","properties":{"id":56389,"nach":0.42466426197921719},"geometry":{"type":"LineString","coordinates":[[-1.3714384,50.9096611],[-1.3712709,50.9097826],[-1.3712055,50.9098265]]}},
{"type":"Feature","properties":{"id":56393,"nach":0.4248090634766381},"geometry":{"type":"LineString","coordinates":[[-1.3715618,50.91003],[-1.3713051,50.9098893]]}},
{"type":"Feature","properties":{"id":56395,"nach":0.61443611958120636},"geometry":{"type":"LineString","coordinates":[[-1.3713742,50.910164],[-1.3715618,50.91003]]}},
{"type":"Feature","properties":{"id":56229,"nach":0.57214679197379925},"geometry":{"type":"LineString","coordinates":[[-1.3710804,50.9106711],[-1.3711603,50.9105265],[-1.3711729,50.9104899],[-1.371164,50.9104465],[-1.3711389,50.9103956],[-1.371087,50.9103464]]}},
{"type":"Feature","properties":{"id":53582,"nach":0.53239222978672074},"geometry":{"type":"LineString","coordinates":[[-1.3691814,50.9108805],[-1.3697052,50.910652899999988],[-1.3698557,50.9106221],[-1.3700043,50.9106013],[-1.3709247,50.9104217],[-1.371087,50.9103464]]}},
{"type":"Feature","properties":{"id":56399,"nach":0.60629927522754146},"geometry":{"type":"LineString","coordinates":[[-1.3712592,50.9102444],[-1.3711744,50.91029790000001],[-1.371087,50.9103464]]}},
{"type":"Feature","properties":{"id":56402,"nach":0.4260267327521674},"geometry":{"type":"LineString","coordinates":[[-1.3708368,50.910172600000024],[-1.3709532,50.9102686],[-1.371087,50.9103464]]}},
{"type":"Feature","properties":{"id":56228,"nach":0.5631978100446231},"geometry":{"type":"LineString","coordinates":[[-1.3710804,50.9106711],[-1.3709657,50.910882],[-1.3709385,50.9110069]]}},
{"type":"Feature","properties":{"id":56231,"nach":0.42162745909360938},"geometry":{"type":"LineString","coordinates":[[-1.3715514,50.9107011],[-1.3712301,50.9106873],[-1.3711598,50.9106803],[-1.3710804,50.9106711]]}},
{"type":"Feature","properties":{"id":53583,"nach":0.53400010849172175},"geometry":{"type":"LineString","coordinates":[[-1.3691814,50.9108805],[-1.3693104,50.9110218],[-1.369469,50.9110321],[-1.3699589,50.9110654]]}},
{"type":"Feature","properties":{"id":53581,"nach":0.58007857267863894},"geometry":{"type":"LineString","coordinates":[[-1.3691814,50.9108805],[-1.3685877,50.9111366]]}},
{"type":"Feature","properties":{"id":56400,"nach":0.61045953837041922},"geometry":{"type":"LineString","coordinates":[[-1.3712592,50.9102444],[-1.3713154,50.910207],[-1.3713742,50.910164]]}},
{"type":"Feature","properties":{"id":56401,"nach":0.42452920698106333},"geometry":{"type":"LineString","coordinates":[[-1.3712592,50.9102444],[-1.3710979,50.910201799999989],[-1.3709239,50.9100873]]}},
{"type":"Feature","properties":{"id":56251,"nach":0.55206474756335566},"geometry":{"type":"LineString","coordinates":[[-1.3709194,50.9111173],[-1.3709385,50.9110069]]}},
{"type":"Feature","properties":{"id":56246,"nach":0.5128808081605879},"geometry":{"type":"LineString","coordinates":[[-1.3705153,50.9109789],[-1.3709385,50.9110069]]}},
{"type":"Feature","properties":{"id":56252,"nach":0.42015244826257975},"geometry":{"type":"LineString","coordinates":[[-1.3709194,50.9111173],[-1.3714519,50.9111486]]}},
{"type":"Feature","properties":{"id":56255,"nach":0.53106418067601868},"geometry":{"type":"LineString","coordinates":[[-1.3708838,50.9113231],[-1.3709194,50.9111173]]}},
{"type":"Feature","properties":{"id":56248,"nach":0.50427658824994592},"geometry":{"type":"LineString","coordinates":[[-1.3705153,50.9109789],[-1.3702041,50.9109584],[-1.3701007,50.9109595],[-1.3700191,50.9109974],[-1.3699589,50.9110654]]}},
{"type":"Feature","properties":{"id":56247,"nach":0.42134813539873772},"geometry":{"type":"LineString","coordinates":[[-1.3705153,50.9109789],[-1.3704663,50.9113]]}},
{"type":"Feature","properties":{"id":6003,"nach":0.42265370083064657},"geometry":{"type":"LineString","coordinates":[[-1.3719555,50.9091914],[-1.3720244,50.9091465]]}},
{"type":"Feature","properties":{"id":6004,"nach":0.42218749678550638},"geometry":{"type":"LineString","coordinates":[[-1.3721092,50.9090892],[-1.3720244,50.9091465]]}},
{"type":"Feature","properties":{"id":56381,"nach":0.49781160899098892},"geometry":{"type":"LineString","coordinates":[[-1.3712692,50.9095914],[-1.3711806,50.9096162]]}},
{"type":"Feature","properties":{"id":56378,"nach":0.42396072626246711},"geometry":{"type":"LineString","coordinates":[[-1.3708271,50.9096705],[-1.3711806,50.9096162]]}},
{"type":"Feature","properties":{"id":56379,"nach":0.42396072626246711},"geometry":{"type":"LineString","coordinates":[[-1.370853,50.909542],[-1.371095,50.9096054],[-1.3711806,50.9096162]]}},
{"type":"Feature","properties":{"id":56382,"nach":0.53242407954604232},"geometry":{"type":"LineString","coordinates":[[-1.3712692,50.9095914],[-1.3712975,50.9095835]]}},
{"type":"Feature","properties":{"id":56383,"nach":0.42565955286411949},"geometry":{"type":"LineString","coordinates":[[-1.3712692,50.9095914],[-1.3710379,50.9094647]]}},
{"type":"Feature","properties":{"id":16722,"nach":0.49897839778786185},"geometry":{"type":"LineString","coordinates":[[-1.3712975,50.9095835],[-1.3713238,50.9095182]]}},
{"type":"Feature","properties":{"id":56384,"nach":0.42498946057242898},"geometry":{"type":"LineString","coordinates":[[-1.3712429,50.909340400000012],[-1.3712812,50.9093776],[-1.3713084,50.909454099999984],[-1.3713238,50.9095182]]}},
{"type":"Feature","properties":{"id":56385,"nach":0.42565951903191579},"geometry":{"type":"LineString","coordinates":[[-1.3714739,50.9094279],[-1.3713448,50.9095122],[-1.3713238,50.9095182]]}},
{"type":"Feature","properties":{"id":56237,"nach":0.46972484427129579},"geometry":{"type":"LineString","coordinates":[[-1.3704578,50.9114774],[-1.3704593,50.9114608],[-1.370035,50.9114432],[-1.3700583,50.9112529],[-1.3699361,50.911235499999989],[-1.3699589,50.9110654]]}},
{"type":"Feature","properties":{"id":56236,"nach":0.48067852879844203},"geometry":{"type":"LineString","coordinates":[[-1.3704578,50.9114774],[-1.3708535,50.9114979]]}},
{"type":"Feature","properties":{"id":56238,"nach":0.41385703670171431},"geometry":{"type":"LineString","coordinates":[[-1.3704299,50.9118006],[-1.3704578,50.9114774]]}},
{"type":"Feature","properties":{"id":20721,"nach":0.5861201073149066},"geometry":{"type":"LineString","coordinates":[[-1.3685284,50.9111104],[-1.3685877,50.9111366]]}},
{"type":"Feature","properties":{"id":6020,"nach":0.52322751643639231},"geometry":{"type":"LineString","coordinates":[[-1.3695264,50.9123617],[-1.3692796,50.9117815],[-1.3690228,50.9114483],[-1.3688029,50.9112674],[-1.3685877,50.9111366]]}},
{"type":"Feature","properties":{"id":20723,"nach":0.42109451323637548},"geometry":{"type":"LineString","coordinates":[[-1.3685284,50.9111104],[-1.3684819,50.9111496],[-1.3675049,50.9115519]]}},
{"type":"Feature","properties":{"id":56573,"nach":0.58998317376153842},"geometry":{"type":"LineString","coordinates":[[-1.3683164,50.9110292],[-1.3685284,50.9111104]]}},
{"type":"Feature","properties":{"id":6374,"nach":0.42188286757661997},"geometry":{"type":"LineString","coordinates":[[-1.3762196,50.9074054],[-1.3754113,50.9070294]]}},
{"type":"Feature","properties":{"id":56542,"nach":0.60205875307914314},"geometry":{"type":"LineString","coordinates":[[-1.375585,50.906880800000025],[-1.3754113,50.9070294]]}},
{"type":"Feature","properties":{"id":56512,"nach":0.60151564812462466},"geometry":{"type":"LineString","coordinates":[[-1.3753544,50.907077299999983],[-1.3754113,50.9070294]]}},
{"type":"Feature","properties":{"id":6376,"nach":0.0},"geometry":{"type":"LineString","coordinates":[[-1.3762196,50.9074054],[-1.3762026,50.90742430000001],[-1.3761984,50.9074429],[-1.3762046,50.9074612],[-1.3762204,50.9074771],[-1.3762439,50.9074887],[-1.3762693,50.9074942],[-1.3762991,50.9074942],[-1.376327,50.907487700000011],[-1.3763498,50.9074756],[-1.3763634,50.9074614],[-1.3763697,50.907443],[-1.3763657,50.9074244],[-1.3763518,50.9074078],[-1.3763297,50.9073952],[-1.3763007,50.9073879],[-1.3762709,50.9073876],[-1.3762428,50.9073936],[-1.3762196,50.9074054]]}},
{"type":"Feature","properties":{"id":56543,"nach":0.43185016786162805},"geometry":{"type":"LineString","coordinates":[[-1.375585,50.906880800000025],[-1.3758679,50.9070024],[-1.375902,50.9070073],[-1.3759329,50.9070024]]}},
{"type":"Feature","properties":{"id":56550,"nach":0.60351934185744727},"geometry":{"type":"LineString","coordinates":[[-1.3757139,50.9067705],[-1.375585,50.906880800000025]]}},
{"type":"Feature","properties":{"id":56525,"nach":0.59807484904674013},"geometry":{"type":"LineString","coordinates":[[-1.3751975,50.9072096],[-1.3753544,50.907077299999983]]}},
{"type":"Feature","properties":{"id":56524,"nach":0.4019906330955843},"geometry":{"type":"LineString","coordinates":[[-1.3750883,50.9071566],[-1.3752199,50.90704190000001],[-1.3752523,50.9070386],[-1.3753544,50.907077299999983]]}},
{"type":"Feature","properties":{"id":6433,"nach":0.45418380635780969},"geometry":{"type":"LineString","coordinates":[[-1.3824328,50.8992331],[-1.3824345,50.8991923]]}},
{"type":"Feature","properties":{"id":6434,"nach":0.4537331645326429},"geometry":{"type":"LineString","coordinates":[[-1.3824365,50.899134],[-1.3824345,50.8991923]]}},
{"type":"Feature","properties":{"id":37021,"nach":0.73420136931479185},"geometry":{"type":"LineString","coordinates":[[-1.3770314,50.8950516],[-1.3768808,50.895367]]}},
{"type":"Feature","properties":{"id":64740,"nach":0.72350816300678811},"geometry":{"type":"LineString","coordinates":[[-1.3769249,50.8953774],[-1.3768808,50.895367]]}},
{"type":"Feature","properties":{"id":64735,"nach":0.7452869490116083},"geometry":{"type":"LineString","coordinates":[[-1.3766715,50.8953214],[-1.3768808,50.895367]]}},
{"type":"Feature","properties":{"id":64741,"nach":0.49108423991346739},"geometry":{"type":"LineString","coordinates":[[-1.3769249,50.8953774],[-1.3768466,50.8955164]]}},
{"type":"Feature","properties":{"id":64881,"nach":0.72151240316317555},"geometry":{"type":"LineString","coordinates":[[-1.3769615,50.895386],[-1.3769249,50.8953774]]}},
{"type":"Feature","properties":{"id":64737,"nach":0.49140164656730045},"geometry":{"type":"LineString","coordinates":[[-1.3766715,50.8953214],[-1.376636,50.8953849],[-1.3766267,50.8954234],[-1.376634,50.895455100000021]]}},
{"type":"Feature","properties":{"id":64669,"nach":0.6949940540782451},"geometry":{"type":"LineString","coordinates":[[-1.37595930000001,50.8957483],[-1.3762515,50.89522980000001]]}},
{"type":"Feature","properties":{"id":64668,"nach":0.69279240317314705},"geometry":{"type":"LineString","coordinates":[[-1.37595930000001,50.8957483],[-1.3758092,50.8960147]]}},
{"type":"Feature","properties":{"id":64670,"nach":0.49111094022229768},"geometry":{"type":"LineString","coordinates":[[-1.37595930000001,50.8957483],[-1.3763374,50.8958349]]}},
{"type":"Feature","properties":{"id":20929,"nach":0.65148408075225817},"geometry":{"type":"LineString","coordinates":[[-1.3751494,50.8977949],[-1.3750825,50.8977764]]}},
{"type":"Feature","properties":{"id":90622,"nach":0.63783880735125442},"geometry":{"type":"LineString","coordinates":[[-1.375214,50.897447],[-1.3750777,50.8977393],[-1.3750825,50.8977764]]}},
{"type":"Feature","properties":{"id":20931,"nach":0.45585069026763253},"geometry":{"type":"LineString","coordinates":[[-1.3751494,50.8977949],[-1.3752477,50.8977863],[-1.3753566,50.8977538],[-1.3755315,50.8977016]]}},
{"type":"Feature","properties":{"id":89808,"nach":0.64696753002865848},"geometry":{"type":"LineString","coordinates":[[-1.3753938,50.8978831],[-1.3753725,50.8978296],[-1.3752218,50.8978228],[-1.3751494,50.8977949]]}},
{"type":"Feature","properties":{"id":90623,"nach":0.54500346603778727},"geometry":{"type":"LineString","coordinates":[[-1.375214,50.897447],[-1.3753211,50.8974683],[-1.3753945,50.897534699999987],[-1.3754932,50.8975538],[-1.3754932,50.89764],[-1.3755315,50.8977016]]}},
{"type":"Feature","properties":{"id":90621,"nach":0.65185240963689262},"geometry":{"type":"LineString","coordinates":[[-1.375214,50.897447],[-1.3752657,50.8973363]]}},
{"type":"Feature","properties":{"id":68195,"nach":0.63541179322859442},"geometry":{"type":"LineString","coordinates":[[-1.3641382,50.9023208],[-1.3645811,50.9025184]]}},
{"type":"Feature","properties":{"id":67972,"nach":0.65550172410658891},"geometry":{"type":"LineString","coordinates":[[-1.3643238,50.902757599999987],[-1.3645811,50.9025184]]}},
{"type":"Feature","properties":{"id":48393,"nach":0.61869679956642509},"geometry":{"type":"LineString","coordinates":[[-1.36538,50.9015332],[-1.3653758,50.9015511],[-1.3652967,50.901728],[-1.3651532,50.9019317],[-1.3650513,50.9020416],[-1.3649197,50.9021699],[-1.3645811,50.9025184]]}},
{"type":"Feature","properties":{"id":68196,"nach":0.63126089116081796},"geometry":{"type":"LineString","coordinates":[[-1.3641382,50.9023208],[-1.3638373,50.902181100000014]]}},
{"type":"Feature","properties":{"id":68197,"nach":0.46965332594105197},"geometry":{"type":"LineString","coordinates":[[-1.3641382,50.9023208],[-1.3642406,50.9022284],[-1.3644985,50.9019793]]}},
{"type":"Feature","properties":{"id":68216,"nach":0.65634749790923952},"geometry":{"type":"LineString","coordinates":[[-1.364033,50.9030369],[-1.3641784,50.9028972],[-1.3643238,50.902757599999987]]}},
{"type":"Feature","properties":{"id":67975,"nach":0.47519830247328976},"geometry":{"type":"LineString","coordinates":[[-1.3646543,50.9029464],[-1.3646881,50.9029131],[-1.3645656,50.9028598],[-1.3645118,50.9028367],[-1.3643238,50.902757599999987]]}},
{"type":"Feature","properties":{"id":48395,"nach":0.45277945170201012},"geometry":{"type":"LineString","coordinates":[[-1.3641363,50.9014384],[-1.3643028,50.9013398],[-1.3643726,50.901334],[-1.3645085,50.9013479],[-1.3646167,50.9013691],[-1.3647636,50.90139520000001],[-1.3649028,50.9014242],[-1.3651663,50.9014859],[-1.36538,50.9015332]]}},
{"type":"Feature","properties":{"id":17730,"nach":0.52412576682253986},"geometry":{"type":"LineString","coordinates":[[-1.3667013,50.9012948],[-1.3668922,50.9012109]]}},
{"type":"Feature","properties":{"id":56067,"nach":0.52894998385229586},"geometry":{"type":"LineString","coordinates":[[-1.3658968,50.9025479],[-1.3656058,50.9029802],[-1.365562,50.9030765],[-1.3655397,50.9031717],[-1.3654483,50.9043276]]}},
{"type":"Feature","properties":{"id":56069,"nach":0.45303067627921367},"geometry":{"type":"LineString","coordinates":[[-1.3656089,50.9022028],[-1.3654481,50.902425],[-1.3658968,50.9025479]]}},
{"type":"Feature","properties":{"id":16974,"nach":0.55799070660530292},"geometry":{"type":"LineString","coordinates":[[-1.3678205,50.9017656],[-1.3675286,50.9019721]]}},
{"type":"Feature","properties":{"id":16969,"nach":0.59078180817186665},"geometry":{"type":"LineString","coordinates":[[-1.3680089,50.9022517],[-1.3675286,50.9019721]]}},
{"type":"Feature","properties":{"id":16972,"nach":0.47427981093483429},"geometry":{"type":"LineString","coordinates":[[-1.3683041,50.9020397],[-1.3680089,50.9022517]]}},
{"type":"Feature","properties":{"id":17007,"nach":0.62030777021718464},"geometry":{"type":"LineString","coordinates":[[-1.3689675,50.9027992],[-1.3694349,50.9030817]]}},
{"type":"Feature","properties":{"id":17006,"nach":0.53464680213065741},"geometry":{"type":"LineString","coordinates":[[-1.3689675,50.9027992],[-1.3703264,50.9018383]]}},
{"type":"Feature","properties":{"id":17005,"nach":0.41933348325618841},"geometry":{"type":"LineString","coordinates":[[-1.3689675,50.9027992],[-1.3666158,50.904452]]}},
{"type":"Feature","properties":{"id":48389,"nach":0.58117672976594681},"geometry":{"type":"LineString","coordinates":[[-1.3722404,50.9011195],[-1.3724154,50.9009975]]}},
{"type":"Feature","properties":{"id":54712,"nach":0.55763292277003884},"geometry":{"type":"LineString","coordinates":[[-1.3730969,50.9011381],[-1.3727535,50.90098960000001],[-1.3725864,50.9009674],[-1.3724154,50.9009975]]}},
{"type":"Feature","properties":{"id":6852,"nach":0.59579159806318571},"geometry":{"type":"LineString","coordinates":[[-1.3726968,50.9007401],[-1.3725132,50.9009104],[-1.3724154,50.9009975]]}},
{"type":"Feature","properties":{"id":54723,"nach":0.570317005622341},"geometry":{"type":"LineString","coordinates":[[-1.3719663,50.9013105],[-1.3722404,50.9011195]]}},
{"type":"Feature","properties":{"id":48391,"nach":0.45422309700135161},"geometry":{"type":"LineString","coordinates":[[-1.3726564,50.9013589],[-1.3722404,50.9011195]]}},
{"type":"Feature","properties":{"id":54711,"nach":0.58389924671903293},"geometry":{"type":"LineString","coordinates":[[-1.3730969,50.9011381],[-1.3732153,50.9011893]]}},
{"type":"Feature","properties":{"id":54721,"nach":0.49135484373459826},"geometry":{"type":"LineString","coordinates":[[-1.372449,50.90158610000001],[-1.372723,50.9013934],[-1.3730969,50.9011381]]}},
{"type":"Feature","properties":{"id":6850,"nach":0.54918897088699026},"geometry":{"type":"LineString","coordinates":[[-1.3726968,50.9007401],[-1.3727548,50.90050080000001],[-1.372804,50.9002467],[-1.3728684,50.9001582]]}},
{"type":"Feature","properties":{"id":20126,"nach":0.55500049289980413},"geometry":{"type":"LineString","coordinates":[[-1.3741091,50.9007274],[-1.3739134,50.900681600000013],[-1.3729639,50.9005328],[-1.3728969,50.900563200000015],[-1.3726968,50.9007401]]}},
{"type":"Feature","properties":{"id":6903,"nach":0.52089952868566247},"geometry":{"type":"LineString","coordinates":[[-1.3738376,50.9002819],[-1.3729634,50.9002538],[-1.3728886,50.9002162],[-1.3728684,50.9001582]]}},
{"type":"Feature","properties":{"id":6905,"nach":0.44574414972091925},"geometry":{"type":"LineString","coordinates":[[-1.3738215,50.900613],[-1.3738376,50.9002819]]}},
{"type":"Feature","properties":{"id":6906,"nach":0.44574414972091925},"geometry":{"type":"LineString","coordinates":[[-1.3739389,50.8999606],[-1.3739166,50.900201],[-1.3738376,50.9002819]]}},
{"type":"Feature","properties":{"id":55394,"nach":0.55847859737248495},"geometry":{"type":"LineString","coordinates":[[-1.3731114,50.9017495],[-1.3736077,50.9014011]]}},
{"type":"Feature","properties":{"id":55113,"nach":0.6421943584107952},"geometry":{"type":"LineString","coordinates":[[-1.3735455,50.901366599999989],[-1.3736077,50.9014011]]}},
{"type":"Feature","properties":{"id":55396,"nach":0.4492154272262337},"geometry":{"type":"LineString","coordinates":[[-1.3731114,50.9017495],[-1.3735516,50.9019968],[-1.3734541,50.9020647],[-1.3734724,50.9020758]]}},
{"type":"Feature","properties":{"id":55397,"nach":0.54219326838362181},"geometry":{"type":"LineString","coordinates":[[-1.3727488,50.9020041],[-1.3731114,50.9017495]]}},
{"type":"Feature","properties":{"id":55112,"nach":0.59581917278435725},"geometry":{"type":"LineString","coordinates":[[-1.3735455,50.901366599999989],[-1.3732153,50.9011893]]}},
{"type":"Feature","properties":{"id":55114,"nach":0.63286318050596824},"geometry":{"type":"LineString","coordinates":[[-1.3735455,50.901366599999989],[-1.3738228,50.9010956],[-1.3740037,50.9008765],[-1.3741091,50.9007274]]}},
{"type":"Feature","properties":{"id":16985,"nach":0.5673972800158531},"geometry":{"type":"LineString","coordinates":[[-1.3684263,50.9007459],[-1.3679659,50.9004762]]}},
{"type":"Feature","properties":{"id":16980,"nach":0.49345142654114527},"geometry":{"type":"LineString","coordinates":[[-1.3668922,50.9012109],[-1.3678116,50.9005818],[-1.3679659,50.9004762]]}},
{"type":"Feature","properties":{"id":58280,"nach":0.49174110722654008},"geometry":{"type":"LineString","coordinates":[[-1.3687827,50.8998558],[-1.3686701,50.8999703],[-1.3679659,50.9004762]]}},
{"type":"Feature","properties":{"id":16986,"nach":0.56140110316686453},"geometry":{"type":"LineString","coordinates":[[-1.3684263,50.9007459],[-1.3689019,50.9010213]]}},
{"type":"Feature","properties":{"id":16984,"nach":0.45243047975434053},"geometry":{"type":"LineString","coordinates":[[-1.3684263,50.9007459],[-1.3673758,50.9014866]]}},
{"type":"Feature","properties":{"id":16981,"nach":0.44395755376456059},"geometry":{"type":"LineString","coordinates":[[-1.3673758,50.9014866],[-1.3668922,50.9012109]]}},
{"type":"Feature","properties":{"id":58279,"nach":0.4383212441988466},"geometry":{"type":"LineString","coordinates":[[-1.3687827,50.8998558],[-1.3692231,50.9000412]]}},
{"type":"Feature","properties":{"id":16975,"nach":0.52136006762448728},"geometry":{"type":"LineString","coordinates":[[-1.3678205,50.9017656],[-1.3689019,50.9010213]]}},
{"type":"Feature","properties":{"id":58275,"nach":0.53938711132040418},"geometry":{"type":"LineString","coordinates":[[-1.3690793,50.9008978],[-1.3689019,50.9010213]]}},
{"type":"Feature","properties":{"id":58270,"nach":0.5895092684479406},"geometry":{"type":"LineString","coordinates":[[-1.3693559,50.9012772],[-1.3689019,50.9010213]]}},
{"type":"Feature","properties":{"id":16977,"nach":0.37714737647135504},"geometry":{"type":"LineString","coordinates":[[-1.3678205,50.9017656],[-1.3683041,50.9020397]]}},
{"type":"Feature","properties":{"id":16982,"nach":0.47374285882146494},"geometry":{"type":"LineString","coordinates":[[-1.3673758,50.9014866],[-1.3678205,50.9017656]]}},
{"type":"Feature","properties":{"id":58276,"nach":0.51662450326759091},"geometry":{"type":"LineString","coordinates":[[-1.3690793,50.9008978],[-1.3697829,50.900408],[-1.3700781,50.9001587]]}},
{"type":"Feature","properties":{"id":58277,"nach":0.44200654512263982},"geometry":{"type":"LineString","coordinates":[[-1.3690793,50.9008978],[-1.3688454,50.900763],[-1.3686971,50.9006677]]}},
{"type":"Feature","properties":{"id":58271,"nach":0.59550732461903388},"geometry":{"type":"LineString","coordinates":[[-1.3693559,50.9012772],[-1.3693773,50.9012893]]}},
{"type":"Feature","properties":{"id":58273,"nach":0.45028953521841303},"geometry":{"type":"LineString","coordinates":[[-1.3693591,50.901171],[-1.3694409,50.9012179],[-1.3693559,50.9012772]]}},
{"type":"Feature","properties":{"id":16964,"nach":0.58873777190572307},"geometry":{"type":"LineString","coordinates":[[-1.3712974,50.9023882],[-1.3708323,50.9021173]]}},
{"type":"Feature","properties":{"id":16954,"nach":0.60165273548667741},"geometry":{"type":"LineString","coordinates":[[-1.3703264,50.9018383],[-1.3708323,50.9021173]]}},
{"type":"Feature","properties":{"id":6815,"nach":0.42994093129824479},"geometry":{"type":"LineString","coordinates":[[-1.3694349,50.9030817],[-1.3708323,50.9021173]]}},
{"type":"Feature","properties":{"id":54717,"nach":0.56772123820887788},"geometry":{"type":"LineString","coordinates":[[-1.3715122,50.9016324],[-1.3708323,50.9021173]]}},
{"type":"Feature","properties":{"id":16965,"nach":0.58053144025588344},"geometry":{"type":"LineString","coordinates":[[-1.3712974,50.9023882],[-1.3717883,50.9026784]]}},
{"type":"Feature","properties":{"id":16966,"nach":0.50167406809129411},"geometry":{"type":"LineString","coordinates":[[-1.3712974,50.9023882],[-1.3699183,50.9033569]]}},
{"type":"Feature","properties":{"id":54716,"nach":0.49201600449623917},"geometry":{"type":"LineString","coordinates":[[-1.3719896,50.901906],[-1.3718946,50.9019711],[-1.3715687,50.9022061],[-1.3712974,50.9023882]]}},
{"type":"Feature","properties":{"id":54727,"nach":0.61973519661281884},"geometry":{"type":"LineString","coordinates":[[-1.3698982,50.9033454],[-1.3694349,50.9030817]]}},
{"type":"Feature","properties":{"id":16950,"nach":0.46356643583048268},"geometry":{"type":"LineString","coordinates":[[-1.3673122,50.9045553],[-1.3694349,50.9030817]]}},
{"type":"Feature","properties":{"id":54718,"nach":0.25708565262182337},"geometry":{"type":"LineString","coordinates":[[-1.3715122,50.9016324],[-1.3719896,50.901906]]}},
{"type":"Feature","properties":{"id":54725,"nach":0.56760941907192064},"geometry":{"type":"LineString","coordinates":[[-1.3719663,50.9013105],[-1.3718392,50.901399099999978],[-1.3715122,50.9016324]]}},
{"type":"Feature","properties":{"id":55403,"nach":0.58877982604828327},"geometry":{"type":"LineString","coordinates":[[-1.3722107,50.9029182],[-1.3717883,50.9026784]]}},
{"type":"Feature","properties":{"id":55398,"nach":0.51425766063412204},"geometry":{"type":"LineString","coordinates":[[-1.3727488,50.9020041],[-1.3717883,50.9026784]]}},
{"type":"Feature","properties":{"id":6816,"nach":0.52167460420672696},"geometry":{"type":"LineString","coordinates":[[-1.370406,50.9036382],[-1.3717883,50.9026784]]}},
{"type":"Feature","properties":{"id":55404,"nach":0.58979732629362491},"geometry":{"type":"LineString","coordinates":[[-1.3722107,50.9029182],[-1.3725723,50.9026745],[-1.3726108,50.9026745]]}},
{"type":"Feature","properties":{"id":55402,"nach":0.47887938679941305},"geometry":{"type":"LineString","coordinates":[[-1.3731956,50.9022681],[-1.3727488,50.9020041]]}},
{"type":"Feature","properties":{"id":55485,"nach":0.56508409047859176},"geometry":{"type":"LineString","coordinates":[[-1.369862,50.9040076],[-1.370406,50.9036382]]}},
{"type":"Feature","properties":{"id":55462,"nach":0.6247685562344687},"geometry":{"type":"LineString","coordinates":[[-1.3708219,50.90388810000001],[-1.370406,50.9036382]]}},
{"type":"Feature","properties":{"id":16948,"nach":0.63418326576923512},"geometry":{"type":"LineString","coordinates":[[-1.3699183,50.9033569],[-1.370406,50.9036382]]}},
{"type":"Feature","properties":{"id":54726,"nach":0.62664207864974153},"geometry":{"type":"LineString","coordinates":[[-1.3698982,50.9033454],[-1.3699183,50.9033569]]}},
{"type":"Feature","properties":{"id":54728,"nach":0.44225934498444952},"geometry":{"type":"LineString","coordinates":[[-1.3698982,50.9033454],[-1.3679672,50.9046638],[-1.3678944,50.9046732],[-1.3675515,50.9046617],[-1.3674256,50.9046207],[-1.3673122,50.9045553]]}},
{"type":"Feature","properties":{"id":16962,"nach":0.52387219952445907},"geometry":{"type":"LineString","coordinates":[[-1.3671695,50.904648],[-1.3673122,50.9045553]]}},
{"type":"Feature","properties":{"id":55486,"nach":0.56530727217035603},"geometry":{"type":"LineString","coordinates":[[-1.369862,50.9040076],[-1.3689879,50.904601]]}},
{"type":"Feature","properties":{"id":55487,"nach":0.41446005947513814},"geometry":{"type":"LineString","coordinates":[[-1.369862,50.9040076],[-1.3702958,50.9042596]]}},
{"type":"Feature","properties":{"id":55461,"nach":0.62807670512961511},"geometry":{"type":"LineString","coordinates":[[-1.3708219,50.90388810000001],[-1.3708418,50.9039]]}},
{"type":"Feature","properties":{"id":55463,"nach":0.57740325201462384},"geometry":{"type":"LineString","coordinates":[[-1.3708219,50.90388810000001],[-1.3703774,50.9041987],[-1.3703198,50.9042438]]}},
{"type":"Feature","properties":{"id":56834,"nach":0.52007997308502174},"geometry":{"type":"LineString","coordinates":[[-1.370317,50.8998623],[-1.3701909,50.9000349],[-1.3700781,50.9001587]]}},
{"type":"Feature","properties":{"id":56854,"nach":0.42043992374258787},"geometry":{"type":"LineString","coordinates":[[-1.3709622,50.8999897],[-1.3708649,50.8999758],[-1.3705804,50.8999241],[-1.370317,50.8998623]]}},
{"type":"Feature","properties":{"id":56859,"nach":0.38426582735545911},"geometry":{"type":"LineString","coordinates":[[-1.3706843,50.9003782],[-1.3704303,50.9002845],[-1.3703799,50.9002657],[-1.3702312,50.9002077],[-1.3700781,50.9001587]]}},
{"type":"Feature","properties":{"id":56857,"nach":0.49125805435628817},"geometry":{"type":"LineString","coordinates":[[-1.3706843,50.9003782],[-1.3703083,50.9006532],[-1.370291,50.9006655]]}},
{"type":"Feature","properties":{"id":56858,"nach":0.49541967539592513},"geometry":{"type":"LineString","coordinates":[[-1.3706843,50.9003782],[-1.3707393,50.900337899999982],[-1.3708444,50.900233299999989],[-1.3709112,50.9001299],[-1.3709441,50.9000611],[-1.3709365,50.900043800000013],[-1.3709622,50.8999897]]}},
{"type":"Feature","properties":{"id":56717,"nach":0.65855195436419456},"geometry":{"type":"LineString","coordinates":[[-1.3692368,50.9047786],[-1.3690366,50.904821]]}},
{"type":"Feature","properties":{"id":6846,"nach":0.58146906481303495},"geometry":{"type":"LineString","coordinates":[[-1.3689879,50.904601],[-1.3689748,50.904659],[-1.3689808,50.90471320000001],[-1.3690366,50.904821]]}},
{"type":"Feature","properties":{"id":56716,"nach":0.65572391427340793},"geometry":{"type":"LineString","coordinates":[[-1.3692368,50.9047786],[-1.3697931,50.9046609]]}},
{"type":"Feature","properties":{"id":56719,"nach":0.47316097896169174},"geometry":{"type":"LineString","coordinates":[[-1.3691468,50.9052086],[-1.3691354,50.9050532],[-1.3691468,50.9050052],[-1.3691678,50.9049781],[-1.3692125,50.904948199999986],[-1.3692502,50.904904],[-1.3692537,50.9048587],[-1.3692368,50.9047786]]}},
{"type":"Feature","properties":{"id":55488,"nach":0.47331298628193313},"geometry":{"type":"LineString","coordinates":[[-1.3686204,50.9048332],[-1.3689879,50.904601]]}},
{"type":"Feature","properties":{"id":16963,"nach":0.47606223027097511},"geometry":{"type":"LineString","coordinates":[[-1.3671695,50.904648],[-1.366931,50.9045461],[-1.3666774,50.904459],[-1.3666158,50.904452]]}},
{"type":"Feature","properties":{"id":20124,"nach":0.64664001829763895},"geometry":{"type":"LineString","coordinates":[[-1.3741091,50.9007274],[-1.3743203,50.9004502]]}},
{"type":"Feature","properties":{"id":55110,"nach":0.43781375004448886},"geometry":{"type":"LineString","coordinates":[[-1.3747437,50.900124],[-1.3743203,50.9004502]]}},
{"type":"Feature","properties":{"id":55960,"nach":0.56884231475732117},"geometry":{"type":"LineString","coordinates":[[-1.3746034,50.9027672],[-1.3748113,50.9030637]]}},
{"type":"Feature","properties":{"id":6862,"nach":0.46115922516208507},"geometry":{"type":"LineString","coordinates":[[-1.3742485,50.9033299],[-1.3745299,50.9031635],[-1.3748113,50.9030637]]}},
{"type":"Feature","properties":{"id":55964,"nach":0.57566540234632391},"geometry":{"type":"LineString","coordinates":[[-1.3743791,50.9024473],[-1.3746034,50.9027672]]}},
{"type":"Feature","properties":{"id":55962,"nach":0.46069739094235912},"geometry":{"type":"LineString","coordinates":[[-1.3742107,50.9029242],[-1.3743446,50.9028421],[-1.3746034,50.9027672]]}},
{"type":"Feature","properties":{"id":6901,"nach":0.46043259955409105},"geometry":{"type":"LineString","coordinates":[[-1.3735574,50.9009182],[-1.3732153,50.9011893]]}},
{"type":"Feature","properties":{"id":6896,"nach":0.52135991237739443},"geometry":{"type":"LineString","coordinates":[[-1.37483,50.901404399999983],[-1.3743698,50.9011676]]}},
{"type":"Feature","properties":{"id":55105,"nach":0.45124656396045559},"geometry":{"type":"LineString","coordinates":[[-1.3741896,50.9008817],[-1.3740692,50.9010026],[-1.3741609,50.9010522],[-1.3743698,50.9011676]]}},
{"type":"Feature","properties":{"id":55968,"nach":0.59003237213453485},"geometry":{"type":"LineString","coordinates":[[-1.3743271,50.9023732],[-1.3743791,50.9024473]]}},
{"type":"Feature","properties":{"id":55970,"nach":0.45961395891691181},"geometry":{"type":"LineString","coordinates":[[-1.3749416,50.9023652],[-1.3748992,50.9023089],[-1.3748419,50.9022684],[-1.3747858,50.9022547],[-1.3747227,50.9022575],[-1.3746643,50.9022698],[-1.3743271,50.9023732]]}},
{"type":"Feature","properties":{"id":6892,"nach":0.45250224860547261},"geometry":{"type":"LineString","coordinates":[[-1.3754952,50.9018403],[-1.3754144,50.9018096]]}},
{"type":"Feature","properties":{"id":55100,"nach":0.44471857048460239},"geometry":{"type":"LineString","coordinates":[[-1.3759226,50.9013852],[-1.3754896,50.9017046],[-1.3754871,50.9017421],[-1.3754144,50.9018096]]}},
{"type":"Feature","properties":{"id":55971,"nach":0.45005921682529049},"geometry":{"type":"LineString","coordinates":[[-1.3757339,50.9018651],[-1.3755631,50.9017992],[-1.3755269,50.9017961],[-1.3754144,50.9018096]]}},
{"type":"Feature","properties":{"id":55512,"nach":0.55274116448247346},"geometry":{"type":"LineString","coordinates":[[-1.3720146,50.9035826],[-1.3712212,50.9041179]]}},
{"type":"Feature","properties":{"id":16997,"nach":0.62492457262950118},"geometry":{"type":"LineString","coordinates":[[-1.3708418,50.9039],[-1.3712212,50.9041179]]}},
{"type":"Feature","properties":{"id":55513,"nach":0.53303099063294912},"geometry":{"type":"LineString","coordinates":[[-1.3720146,50.9035826],[-1.3723491,50.9037923]]}},
{"type":"Feature","properties":{"id":17000,"nach":0.42269948209924896},"geometry":{"type":"LineString","coordinates":[[-1.3718681,50.9031744],[-1.3708418,50.9039]]}},
{"type":"Feature","properties":{"id":55873,"nach":0.5407597754118314},"geometry":{"type":"LineString","coordinates":[[-1.3667837,50.90274440000001],[-1.3670607,50.9029084]]}},
{"type":"Feature","properties":{"id":55871,"nach":0.45257613045485268},"geometry":{"type":"LineString","coordinates":[[-1.3674988,50.9026113],[-1.3670607,50.9029084]]}},
{"type":"Feature","properties":{"id":55864,"nach":0.44920172197547648},"geometry":{"type":"LineString","coordinates":[[-1.3668486,50.903067900000011],[-1.3665388,50.9032875]]}},
{"type":"Feature","properties":{"id":55866,"nach":0.47645362472353203},"geometry":{"type":"LineString","coordinates":[[-1.3668486,50.903067900000011],[-1.3664646,50.902850200000017]]}},
{"type":"Feature","properties":{"id":6899,"nach":0.44625932970458659},"geometry":{"type":"LineString","coordinates":[[-1.3745987,50.90158490000001],[-1.37483,50.901404399999983]]}},
{"type":"Feature","properties":{"id":6900,"nach":0.44691330395818424},"geometry":{"type":"LineString","coordinates":[[-1.3750386,50.9012494],[-1.37483,50.901404399999983]]}},
{"type":"Feature","properties":{"id":56314,"nach":0.64913428333649281},"geometry":{"type":"LineString","coordinates":[[-1.3770471,50.8999959],[-1.376889,50.8999888],[-1.3765911,50.8999735],[-1.3762748,50.89995720000001],[-1.3762431,50.8999554]]}},
{"type":"Feature","properties":{"id":56318,"nach":0.5419121179012667},"geometry":{"type":"LineString","coordinates":[[-1.3770027,50.8995666],[-1.377007,50.8996069],[-1.3770209,50.8996634],[-1.3770657,50.8997253],[-1.3770763,50.8997711],[-1.3770471,50.8999959]]}},
{"type":"Feature","properties":{"id":56187,"nach":0.47205959478046461},"geometry":{"type":"LineString","coordinates":[[-1.3774199,50.899833800000017],[-1.3771759,50.8998314]]}},
{"type":"Feature","properties":{"id":56241,"nach":0.60448636319891369},"geometry":{"type":"LineString","coordinates":[[-1.3772308,50.8993892],[-1.3772346,50.8994387],[-1.3772145,50.899481],[-1.3771835,50.899546200000017],[-1.3771693,50.8997978],[-1.3771759,50.8998314]]}},
{"type":"Feature","properties":{"id":56325,"nach":0.52510725838319972},"geometry":{"type":"LineString","coordinates":[[-1.3765133,50.899270199999989],[-1.3766292,50.8992736]]}},
{"type":"Feature","properties":{"id":6919,"nach":0.45533036099130014},"geometry":{"type":"LineString","coordinates":[[-1.3766292,50.8991397],[-1.3766292,50.8992736]]}},
{"type":"Feature","properties":{"id":56240,"nach":0.56109183042042687},"geometry":{"type":"LineString","coordinates":[[-1.3772308,50.8993892],[-1.3771881,50.899345],[-1.3770608,50.899295900000013],[-1.3766292,50.8992736]]}},
{"type":"Feature","properties":{"id":56327,"nach":0.44685852656146652},"geometry":{"type":"LineString","coordinates":[[-1.3765133,50.899270199999989],[-1.3764311,50.899268300000017],[-1.3756953,50.8992513]]}},
{"type":"Feature","properties":{"id":56328,"nach":0.45245637316232079},"geometry":{"type":"LineString","coordinates":[[-1.3764965,50.8994551],[-1.3765133,50.899270199999989]]}},
{"type":"Feature","properties":{"id":56323,"nach":0.53549013558825886},"geometry":{"type":"LineString","coordinates":[[-1.3773767,50.8993611],[-1.3773092,50.8993591],[-1.3772308,50.8993892]]}},
{"type":"Feature","properties":{"id":6923,"nach":0.4706817293980991},"geometry":{"type":"LineString","coordinates":[[-1.3643752,50.9037593],[-1.3636207,50.903432900000013]]}},
{"type":"Feature","properties":{"id":68206,"nach":0.66413786252654716},"geometry":{"type":"LineString","coordinates":[[-1.3635155,50.9035294],[-1.3636207,50.903432900000013]]}},
{"type":"Feature","properties":{"id":68218,"nach":0.66090800192065458},"geometry":{"type":"LineString","coordinates":[[-1.3637398,50.9033185],[-1.3636207,50.903432900000013]]}},
{"type":"Feature","properties":{"id":68224,"nach":0.66767085857358721},"geometry":{"type":"LineString","coordinates":[[-1.3634984,50.9035455],[-1.3635155,50.9035294]]}},
{"type":"Feature","properties":{"id":68208,"nach":0.47043403725815258},"geometry":{"type":"LineString","coordinates":[[-1.3629806,50.9031582],[-1.3628881,50.9032479],[-1.3629927,50.9032986],[-1.3635155,50.9035294]]}},
{"type":"Feature","properties":{"id":68219,"nach":0.65803648024182904},"geometry":{"type":"LineString","coordinates":[[-1.3637398,50.9033185],[-1.364033,50.9030369]]}},
{"type":"Feature","properties":{"id":68220,"nach":0.47718249965090759},"geometry":{"type":"LineString","coordinates":[[-1.3637398,50.9033185],[-1.3634123,50.903177]]}},
{"type":"Feature","properties":{"id":64745,"nach":0.59625305288809405},"geometry":{"type":"LineString","coordinates":[[-1.3734634,50.8967539],[-1.3736783,50.8964283]]}},
{"type":"Feature","properties":{"id":64768,"nach":0.66520626815197348},"geometry":{"type":"LineString","coordinates":[[-1.3742955,50.8965954],[-1.3736783,50.8964283]]}},
{"type":"Feature","properties":{"id":64748,"nach":0.49083039317084864},"geometry":{"type":"LineString","coordinates":[[-1.3730194,50.8966391],[-1.3734634,50.8967539]]}},
{"type":"Feature","properties":{"id":64769,"nach":0.6664298742263487},"geometry":{"type":"LineString","coordinates":[[-1.3742955,50.8965954],[-1.3744655,50.8966414]]}},
{"type":"Feature","properties":{"id":64770,"nach":0.49621905709692105},"geometry":{"type":"LineString","coordinates":[[-1.3742082,50.89672070000001],[-1.3742955,50.8965954]]}},
{"type":"Feature","properties":{"id":7013,"nach":0.64785370820622312},"geometry":{"type":"LineString","coordinates":[[-1.3779934,50.898003],[-1.3782148,50.8976692]]}},
{"type":"Feature","properties":{"id":18287,"nach":0.47841179779981718},"geometry":{"type":"LineString","coordinates":[[-1.3777234,50.8976299],[-1.3782148,50.8976692]]}},
{"type":"Feature","properties":{"id":12729,"nach":0.64658463308165126},"geometry":{"type":"LineString","coordinates":[[-1.378462,50.8973039],[-1.3782148,50.8976692]]}},
{"type":"Feature","properties":{"id":17831,"nach":0.67577958198570987},"geometry":{"type":"LineString","coordinates":[[-1.3781079,50.8980077],[-1.3779934,50.898003]]}},
{"type":"Feature","properties":{"id":15400,"nach":0.64804039823844339},"geometry":{"type":"LineString","coordinates":[[-1.3772542,50.8979756],[-1.377762,50.897992600000016],[-1.3778262,50.897995500000015],[-1.3778904,50.8979984],[-1.3779934,50.898003]]}},
{"type":"Feature","properties":{"id":7009,"nach":0.65560563068884092},"geometry":{"type":"LineString","coordinates":[[-1.3793744,50.8959559],[-1.3791659,50.8962722]]}},
{"type":"Feature","properties":{"id":64908,"nach":0.70757651838523461},"geometry":{"type":"LineString","coordinates":[[-1.3788738,50.8958321],[-1.3793744,50.8959559]]}},
{"type":"Feature","properties":{"id":83912,"nach":0.70196141378280064},"geometry":{"type":"LineString","coordinates":[[-1.3797848,50.8960591],[-1.3797464,50.89604940000001],[-1.3793744,50.8959559]]}},
{"type":"Feature","properties":{"id":64874,"nach":0.48742326144993031},"geometry":{"type":"LineString","coordinates":[[-1.3791659,50.8962722],[-1.3794828,50.8963586]]}},
{"type":"Feature","properties":{"id":64873,"nach":0.65131211422778335},"geometry":{"type":"LineString","coordinates":[[-1.3791659,50.8962722],[-1.3788647,50.8967203]]}},
{"type":"Feature","properties":{"id":64909,"nach":0.70749621292698772},"geometry":{"type":"LineString","coordinates":[[-1.3788738,50.8958321],[-1.3784703,50.8957324]]}},
{"type":"Feature","properties":{"id":64910,"nach":0.49193331475051982},"geometry":{"type":"LineString","coordinates":[[-1.3788738,50.8958321],[-1.3787739,50.8959846]]}},
{"type":"Feature","properties":{"id":83910,"nach":0.68937618927455147},"geometry":{"type":"LineString","coordinates":[[-1.3797848,50.8960591],[-1.3799107,50.8960929]]}},
{"type":"Feature","properties":{"id":88765,"nach":0.63502882196199151},"geometry":{"type":"LineString","coordinates":[[-1.3797782,50.8957046],[-1.3798383,50.8959707],[-1.3797848,50.8960591]]}},
{"type":"Feature","properties":{"id":17858,"nach":0.64293963817985311},"geometry":{"type":"LineString","coordinates":[[-1.3780717,50.8981778],[-1.3781079,50.8980077]]}},
{"type":"Feature","properties":{"id":18267,"nach":0.6840151774462323},"geometry":{"type":"LineString","coordinates":[[-1.3768397,50.8979547],[-1.3772542,50.8979756]]}},
{"type":"Feature","properties":{"id":17827,"nach":0.63564402917556606},"geometry":{"type":"LineString","coordinates":[[-1.3772452,50.898084],[-1.3772486,50.8980428],[-1.3772542,50.8979756]]}},
{"type":"Feature","properties":{"id":8180,"nach":0.48003131555891132},"geometry":{"type":"LineString","coordinates":[[-1.3643053,50.9095929],[-1.3647441,50.909745],[-1.3648791,50.9098751]]}},
{"type":"Feature","properties":{"id":8182,"nach":0.58129526405073673},"geometry":{"type":"LineString","coordinates":[[-1.3648907,50.9089338],[-1.3643053,50.9095929]]}},
{"type":"Feature","properties":{"id":67634,"nach":0.52740835992529023},"geometry":{"type":"LineString","coordinates":[[-1.3656077,50.9096408],[-1.3655541,50.909577]]}},
{"type":"Feature","properties":{"id":67645,"nach":0.45046239681675199},"geometry":{"type":"LineString","coordinates":[[-1.3651919,50.9095342],[-1.3652857,50.9095107],[-1.3653503,50.9095107],[-1.3654007,50.9095197],[-1.3654812,50.909566],[-1.3655541,50.909577]]}},
{"type":"Feature","properties":{"id":67650,"nach":0.45297141593974105},"geometry":{"type":"LineString","coordinates":[[-1.3656542,50.9094077],[-1.365608,50.9094329],[-1.3655841,50.9094689],[-1.3655764,50.9095067],[-1.3655833,50.9095354],[-1.3655541,50.909577]]}},
{"type":"Feature","properties":{"id":67636,"nach":0.45477266545335149},"geometry":{"type":"LineString","coordinates":[[-1.3656077,50.9096408],[-1.3652761,50.9097479]]}},
{"type":"Feature","properties":{"id":67647,"nach":0.56298962196223268},"geometry":{"type":"LineString","coordinates":[[-1.3656279,50.9096658],[-1.3656077,50.9096408]]}},
{"type":"Feature","properties":{"id":57893,"nach":0.4684177570735098},"geometry":{"type":"LineString","coordinates":[[-1.3656916,50.9070528],[-1.3658332,50.9070322]]}},
{"type":"Feature","properties":{"id":57897,"nach":0.52620506048050564},"geometry":{"type":"LineString","coordinates":[[-1.3659033,50.9070895],[-1.3658332,50.9070322]]}},
{"type":"Feature","properties":{"id":57894,"nach":0.50481421786747338},"geometry":{"type":"LineString","coordinates":[[-1.365943,50.9069496],[-1.3658332,50.9070322]]}},
{"type":"Feature","properties":{"id":57898,"nach":0.56377750640341751},"geometry":{"type":"LineString","coordinates":[[-1.3659033,50.9070895],[-1.3662107,50.907341]]}},
{"type":"Feature","properties":{"id":57902,"nach":0.48500305692094614},"geometry":{"type":"LineString","coordinates":[[-1.3660621,50.9070082],[-1.3659033,50.9070895]]}},
{"type":"Feature","properties":{"id":57896,"nach":0.51872308117219879},"geometry":{"type":"LineString","coordinates":[[-1.365943,50.9069496],[-1.3658295,50.9068937],[-1.3660683,50.9067131],[-1.3660552,50.9066295],[-1.3660238,50.9066008],[-1.3657977,50.9064831]]}},
{"type":"Feature","properties":{"id":57903,"nach":0.4403044780572738},"geometry":{"type":"LineString","coordinates":[[-1.3660621,50.9070082],[-1.365943,50.9069496]]}},
{"type":"Feature","properties":{"id":8320,"nach":0.47584279301301607},"geometry":{"type":"LineString","coordinates":[[-1.365305,50.9105489],[-1.3652454,50.9103484],[-1.3650865,50.9102232],[-1.3648127,50.9101326]]}},
{"type":"Feature","properties":{"id":8319,"nach":0.67404019903141288},"geometry":{"type":"LineString","coordinates":[[-1.365305,50.9105489],[-1.3640415,50.9112099]]}},
{"type":"Feature","properties":{"id":67627,"nach":0.66983706400945175},"geometry":{"type":"LineString","coordinates":[[-1.3656411,50.9104202],[-1.365305,50.9105489]]}},
{"type":"Feature","properties":{"id":8203,"nach":0.47572779365445644},"geometry":{"type":"LineString","coordinates":[[-1.3652663,50.90908060000001],[-1.3648907,50.9089338]]}},
{"type":"Feature","properties":{"id":20950,"nach":0.5751041453353043},"geometry":{"type":"LineString","coordinates":[[-1.3655344,50.908279],[-1.3654453,50.9083054],[-1.3648907,50.9089338]]}},
{"type":"Feature","properties":{"id":20948,"nach":0.58418565208429263},"geometry":{"type":"LineString","coordinates":[[-1.3655344,50.908279],[-1.3655789,50.908265900000018]]}},
{"type":"Feature","properties":{"id":22904,"nach":0.53081911881974164},"geometry":{"type":"LineString","coordinates":[[-1.3647886,50.9080849],[-1.3655344,50.908279]]}},
{"type":"Feature","properties":{"id":57939,"nach":0.61156964406616188},"geometry":{"type":"LineString","coordinates":[[-1.3670592,50.9078827],[-1.3655789,50.908265900000018]]}},
{"type":"Feature","properties":{"id":8232,"nach":0.59725736776507887},"geometry":{"type":"LineString","coordinates":[[-1.3652734,50.907795299999989],[-1.3655789,50.908265900000018]]}},
{"type":"Feature","properties":{"id":57938,"nach":0.60520824787174121},"geometry":{"type":"LineString","coordinates":[[-1.3670592,50.9078827],[-1.3674483,50.907782]]}},
{"type":"Feature","properties":{"id":57940,"nach":0.45419343319765121},"geometry":{"type":"LineString","coordinates":[[-1.3670592,50.9078827],[-1.3672656,50.9081928],[-1.3674203,50.9081511]]}},
{"type":"Feature","properties":{"id":57993,"nach":0.6442305674980191},"geometry":{"type":"LineString","coordinates":[[-1.3657824,50.9075486],[-1.3652734,50.907795299999989]]}},
{"type":"Feature","properties":{"id":8249,"nach":0.64091990935107401},"geometry":{"type":"LineString","coordinates":[[-1.3643889,50.9075507],[-1.3652734,50.907795299999989]]}},
{"type":"Feature","properties":{"id":22905,"nach":0.57425583635208244},"geometry":{"type":"LineString","coordinates":[[-1.3647886,50.9080849],[-1.365225,50.907824199999986],[-1.3652734,50.907795299999989]]}},
{"type":"Feature","properties":{"id":8192,"nach":0.57320086789810365},"geometry":{"type":"LineString","coordinates":[[-1.3679556,50.9076126],[-1.3676968,50.9077054],[-1.3674483,50.907782]]}},
{"type":"Feature","properties":{"id":8206,"nach":0.57964640062040784},"geometry":{"type":"LineString","coordinates":[[-1.3677814,50.9082931],[-1.3677122,50.9081391],[-1.3674483,50.907782]]}},
{"type":"Feature","properties":{"id":16716,"nach":0.56339973884287364},"geometry":{"type":"LineString","coordinates":[[-1.3682817,50.9074667],[-1.3679556,50.9076126]]}},
{"type":"Feature","properties":{"id":8220,"nach":0.53669109352343103},"geometry":{"type":"LineString","coordinates":[[-1.36725,50.906955599999989],[-1.3676305,50.9072965],[-1.3679556,50.9076126]]}},
{"type":"Feature","properties":{"id":8215,"nach":0.48103278946654776},"geometry":{"type":"LineString","coordinates":[[-1.368176,50.908205],[-1.3677814,50.9082931]]}},
{"type":"Feature","properties":{"id":8210,"nach":0.53782736407670229},"geometry":{"type":"LineString","coordinates":[[-1.3679435,50.9085849],[-1.3678046,50.9083635],[-1.3677814,50.9082931]]}},
{"type":"Feature","properties":{"id":57929,"nach":0.43324896949037811},"geometry":{"type":"LineString","coordinates":[[-1.3673065,50.9082399],[-1.3674191,50.9083817],[-1.3677814,50.9082931]]}},
{"type":"Feature","properties":{"id":96101,"nach":0.51847018818259383},"geometry":{"type":"LineString","coordinates":[[-1.3685864,50.9076747],[-1.3682817,50.9074667]]}},
{"type":"Feature","properties":{"id":57890,"nach":0.54833016531010648},"geometry":{"type":"LineString","coordinates":[[-1.3684111,50.907392],[-1.368374,50.9074164],[-1.3682817,50.9074667]]}},
{"type":"Feature","properties":{"id":8221,"nach":0.58390383866177653},"geometry":{"type":"LineString","coordinates":[[-1.36725,50.906955599999989],[-1.367208,50.906971],[-1.3671604,50.906977],[-1.3671122,50.9069729],[-1.3670687,50.906959200000017],[-1.3670347,50.9069374]]}},
{"type":"Feature","properties":{"id":8227,"nach":0.60251154734675438},"geometry":{"type":"LineString","coordinates":[[-1.3672801,50.9068336],[-1.3672977,50.9068581],[-1.3673035,50.9068848],[-1.3672969,50.9069113],[-1.3672786,50.9069356],[-1.36725,50.906955599999989]]}},
{"type":"Feature","properties":{"id":8198,"nach":0.59792863892771841},"geometry":{"type":"LineString","coordinates":[[-1.3687374,50.9059224],[-1.3688289,50.90606930000002]]}},
{"type":"Feature","properties":{"id":57941,"nach":0.56169803398475016},"geometry":{"type":"LineString","coordinates":[[-1.3681613,50.9063988],[-1.3688289,50.90606930000002]]}},
{"type":"Feature","properties":{"id":57875,"nach":0.54341531398956922},"geometry":{"type":"LineString","coordinates":[[-1.3690426,50.9064808],[-1.3690423,50.9064763],[-1.3690418,50.9064671],[-1.3689803,50.9063137],[-1.3689178,50.9061934],[-1.3688289,50.90606930000002]]}},
{"type":"Feature","properties":{"id":57980,"nach":0.61302500215527633},"geometry":{"type":"LineString","coordinates":[[-1.3685178,50.9052493],[-1.3687374,50.9059224]]}},
{"type":"Feature","properties":{"id":57952,"nach":0.50705903818385933},"geometry":{"type":"LineString","coordinates":[[-1.3679479,50.9057902],[-1.3681377,50.9058094],[-1.3683563,50.9058494],[-1.3687374,50.9059224]]}},
{"type":"Feature","properties":{"id":57942,"nach":0.57550521506877206},"geometry":{"type":"LineString","coordinates":[[-1.3681613,50.9063988],[-1.3681486,50.906405]]}},
{"type":"Feature","properties":{"id":57945,"nach":0.44425336422574485},"geometry":{"type":"LineString","coordinates":[[-1.3678017,50.906117],[-1.3679339,50.9062232],[-1.367968,50.9062333],[-1.3681613,50.9063988]]}},
{"type":"Feature","properties":{"id":57879,"nach":0.52944785893949853},"geometry":{"type":"LineString","coordinates":[[-1.3689716,50.9068517],[-1.3691211,50.9068072],[-1.3691898,50.9067609],[-1.3692285,50.9067126],[-1.3692411,50.906642],[-1.3692213,50.9065718],[-1.3691503,50.9065171],[-1.3690426,50.9064808]]}},
{"type":"Feature","properties":{"id":57981,"nach":0.47270565295005412},"geometry":{"type":"LineString","coordinates":[[-1.3685178,50.9052493],[-1.3680823,50.90530480000001]]}},
{"type":"Feature","properties":{"id":57953,"nach":0.53592475356201941},"geometry":{"type":"LineString","coordinates":[[-1.3679479,50.9057902],[-1.3678548,50.9057808],[-1.3676797,50.9057926],[-1.3674744,50.9058195],[-1.3670164,50.9059321],[-1.3663446,50.9061706]]}},
{"type":"Feature","properties":{"id":57951,"nach":0.53867216468612478},"geometry":{"type":"LineString","coordinates":[[-1.3679479,50.9057902],[-1.3679238,50.9061056]]}},
{"type":"Feature","properties":{"id":8216,"nach":0.3986006758566793},"geometry":{"type":"LineString","coordinates":[[-1.368176,50.908205],[-1.3683047,50.9084189],[-1.3681251,50.9084971],[-1.3681212,50.9085381]]}},
{"type":"Feature","properties":{"id":8218,"nach":0.47636286626975616},"geometry":{"type":"LineString","coordinates":[[-1.3686031,50.90811140000001],[-1.368176,50.908205]]}},
{"type":"Feature","properties":{"id":8211,"nach":0.50474647890141977},"geometry":{"type":"LineString","coordinates":[[-1.3681212,50.9085381],[-1.3679435,50.9085849]]}},
{"type":"Feature","properties":{"id":57931,"nach":0.42810731426059545},"geometry":{"type":"LineString","coordinates":[[-1.3676012,50.9086726],[-1.3679435,50.9085849]]}},
{"type":"Feature","properties":{"id":57934,"nach":0.49360329064922087},"geometry":{"type":"LineString","coordinates":[[-1.3683023,50.9087981],[-1.3681694,50.9085821],[-1.3681212,50.9085381]]}},
{"type":"Feature","properties":{"id":57936,"nach":0.41851663423445357},"geometry":{"type":"LineString","coordinates":[[-1.368064,50.9088602],[-1.3683023,50.9087981]]}},
{"type":"Feature","properties":{"id":57935,"nach":0.42021564901754299},"geometry":{"type":"LineString","coordinates":[[-1.3684641,50.9087569],[-1.3683023,50.9087981]]}},
{"type":"Feature","properties":{"id":57930,"nach":0.43205593348044802},"geometry":{"type":"LineString","coordinates":[[-1.3686539,50.9081876],[-1.3686031,50.90811140000001]]}},
{"type":"Feature","properties":{"id":96103,"nach":0.46287465253210436},"geometry":{"type":"LineString","coordinates":[[-1.3685864,50.9076747],[-1.3684753,50.9077445],[-1.3684193,50.9077783],[-1.3684146,50.9078387],[-1.3686031,50.90811140000001]]}},
{"type":"Feature","properties":{"id":96104,"nach":0.42696795799302584},"geometry":{"type":"LineString","coordinates":[[-1.369119,50.9081167],[-1.3686062,50.9076673],[-1.3685864,50.9076747]]}},
{"type":"Feature","properties":{"id":58000,"nach":0.6069357744050814},"geometry":{"type":"LineString","coordinates":[[-1.366575,50.90716170000001],[-1.3666162,50.9071415],[-1.3670347,50.9069374]]}},
{"type":"Feature","properties":{"id":8223,"nach":0.5237485218780068},"geometry":{"type":"LineString","coordinates":[[-1.3670347,50.9069374],[-1.3670141,50.90691060000001],[-1.367008,50.906881],[-1.3670169,50.9068518],[-1.3670401,50.9068258],[-1.367075,50.9068058]]}},
{"type":"Feature","properties":{"id":57998,"nach":0.61019589954982623},"geometry":{"type":"LineString","coordinates":[[-1.366575,50.90716170000001],[-1.3662107,50.907341]]}},
{"type":"Feature","properties":{"id":57999,"nach":0.46390476840379202},"geometry":{"type":"LineString","coordinates":[[-1.366575,50.90716170000001],[-1.3669616,50.9074713]]}},
{"type":"Feature","properties":{"id":8236,"nach":0.57990029664685794},"geometry":{"type":"LineString","coordinates":[[-1.3663446,50.9061706],[-1.367075,50.9068058]]}},
{"type":"Feature","properties":{"id":8225,"nach":0.55077447620525399},"geometry":{"type":"LineString","coordinates":[[-1.367075,50.9068058],[-1.3671174,50.90679380000001],[-1.3671637,50.906790800000017],[-1.3672091,50.906797],[-1.3672492,50.9068117],[-1.3672801,50.9068336]]}},
{"type":"Feature","properties":{"id":8240,"nach":0.63859997709996419},"geometry":{"type":"LineString","coordinates":[[-1.3657655,50.905690199999988],[-1.3663446,50.9061706]]}},
{"type":"Feature","properties":{"id":57904,"nach":0.61048727494372557},"geometry":{"type":"LineString","coordinates":[[-1.3660788,50.9063091],[-1.3663446,50.9061706]]}},
{"type":"Feature","properties":{"id":57882,"nach":0.58624066844402567},"geometry":{"type":"LineString","coordinates":[[-1.3681486,50.906405],[-1.3672801,50.9068336]]}},
{"type":"Feature","properties":{"id":57884,"nach":0.52030665181181157},"geometry":{"type":"LineString","coordinates":[[-1.3684881,50.9066771],[-1.3681486,50.906405]]}},
{"type":"Feature","properties":{"id":57992,"nach":0.63344152329088255},"geometry":{"type":"LineString","coordinates":[[-1.3657824,50.9075486],[-1.3662107,50.907341]]}},
{"type":"Feature","properties":{"id":57994,"nach":0.54082781822001658},"geometry":{"type":"LineString","coordinates":[[-1.3657824,50.9075486],[-1.3660936,50.9077964]]}},
{"type":"Feature","properties":{"id":8251,"nach":0.57202892772473679},"geometry":{"type":"LineString","coordinates":[[-1.3643889,50.9075507],[-1.3647285,50.908069300000015]]}},
{"type":"Feature","properties":{"id":8250,"nach":0.6696814363169924},"geometry":{"type":"LineString","coordinates":[[-1.3643889,50.9075507],[-1.3637499,50.9071729]]}},
{"type":"Feature","properties":{"id":57986,"nach":0.60095238928870787},"geometry":{"type":"LineString","coordinates":[[-1.3649851,50.9070989],[-1.3643889,50.9075507]]}},
{"type":"Feature","properties":{"id":67756,"nach":0.48972853933496469},"geometry":{"type":"LineString","coordinates":[[-1.3627127,50.9086079],[-1.3636748,50.9079982],[-1.3643889,50.9075507]]}},
{"type":"Feature","properties":{"id":22903,"nach":0.61020955053967552},"geometry":{"type":"LineString","coordinates":[[-1.3647886,50.9080849],[-1.3647285,50.908069300000015]]}},
{"type":"Feature","properties":{"id":22881,"nach":0.67284482424871572},"geometry":{"type":"LineString","coordinates":[[-1.365859,50.9056612],[-1.3657655,50.905690199999988]]}},
{"type":"Feature","properties":{"id":8247,"nach":0.61057095086218272},"geometry":{"type":"LineString","coordinates":[[-1.3637499,50.9071729],[-1.364369,50.9066334],[-1.3651232,50.9060836],[-1.3657655,50.905690199999988]]}},
{"type":"Feature","properties":{"id":57906,"nach":0.60935456001735699},"geometry":{"type":"LineString","coordinates":[[-1.3660788,50.9063091],[-1.3660537,50.9063221],[-1.3657977,50.9064831]]}},
{"type":"Feature","properties":{"id":57908,"nach":0.54733881646918103},"geometry":{"type":"LineString","coordinates":[[-1.366265,50.9064505],[-1.3660788,50.9063091]]}},
{"type":"Feature","properties":{"id":22900,"nach":0.65712119732679364},"geometry":{"type":"LineString","coordinates":[[-1.3658169,50.9055403],[-1.365859,50.9056612]]}},
{"type":"Feature","properties":{"id":8283,"nach":0.6938576544913424},"geometry":{"type":"LineString","coordinates":[[-1.3632885,50.9074773],[-1.3637134,50.907197],[-1.3637499,50.9071729]]}},
{"type":"Feature","properties":{"id":67655,"nach":0.61918588824596121},"geometry":{"type":"LineString","coordinates":[[-1.3646829,50.9081018],[-1.3647285,50.908069300000015]]}},
{"type":"Feature","properties":{"id":67657,"nach":0.46964260660562429},"geometry":{"type":"LineString","coordinates":[[-1.3646829,50.9081018],[-1.3647405,50.9081791],[-1.3648706,50.9083253],[-1.3649031,50.9084073],[-1.364832,50.9085034],[-1.3645779,50.9086765],[-1.3643401,50.9088854],[-1.3641185,50.909011],[-1.3639701,50.9091699],[-1.3635806,50.9094733]]}},
{"type":"Feature","properties":{"id":67759,"nach":0.61117963775035167},"geometry":{"type":"LineString","coordinates":[[-1.3634094,50.9090039],[-1.3638786,50.9086747],[-1.3646829,50.9081018]]}},
{"type":"Feature","properties":{"id":57985,"nach":0.59109401980964449},"geometry":{"type":"LineString","coordinates":[[-1.3649851,50.9070989],[-1.3657977,50.9064831]]}},
{"type":"Feature","properties":{"id":57988,"nach":0.47166199741578768},"geometry":{"type":"LineString","coordinates":[[-1.3652403,50.907411899999985],[-1.3654074,50.907311600000014],[-1.3649851,50.9070989]]}},
{"type":"Feature","properties":{"id":55510,"nach":0.53447841537284402},"geometry":{"type":"LineString","coordinates":[[-1.3723491,50.9037923],[-1.3721526,50.9039178],[-1.3719147,50.9040223]]}},
{"type":"Feature","properties":{"id":55492,"nach":0.46641793975453066},"geometry":{"type":"LineString","coordinates":[[-1.3723118,50.9040911],[-1.3724205,50.9040192],[-1.3724977,50.9039838],[-1.3727098,50.9039794],[-1.3727701,50.9039532],[-1.3731578,50.903749400000017]]}},
{"type":"Feature","properties":{"id":56617,"nach":0.6839628684794018},"geometry":{"type":"LineString","coordinates":[[-1.371977,50.9053458],[-1.3721467,50.9052241]]}},
{"type":"Feature","properties":{"id":56707,"nach":0.68923584413955685},"geometry":{"type":"LineString","coordinates":[[-1.3725908,50.9048052],[-1.3722762,50.905117300000015],[-1.3721467,50.9052241]]}},
{"type":"Feature","properties":{"id":8298,"nach":0.48584545543784774},"geometry":{"type":"LineString","coordinates":[[-1.3704666,50.9053165],[-1.3708022,50.9052685],[-1.3711241,50.9052383],[-1.3718373,50.9051765],[-1.3719975,50.9051822],[-1.3721467,50.9052241]]}},
{"type":"Feature","properties":{"id":56618,"nach":0.45751723167192976},"geometry":{"type":"LineString","coordinates":[[-1.371977,50.9053458],[-1.3722678,50.9054666]]}},
{"type":"Feature","properties":{"id":56623,"nach":0.68016886020803469},"geometry":{"type":"LineString","coordinates":[[-1.371875,50.9054225],[-1.3718878,50.9054097],[-1.371977,50.9053458]]}},
{"type":"Feature","properties":{"id":56706,"nach":0.46890436184501777},"geometry":{"type":"LineString","coordinates":[[-1.3725908,50.9048052],[-1.3728814,50.9049217]]}},
{"type":"Feature","properties":{"id":8302,"nach":0.45421828657536761},"geometry":{"type":"LineString","coordinates":[[-1.3695752,50.9054687],[-1.3702593,50.9053485],[-1.3704666,50.9053165]]}},
{"type":"Feature","properties":{"id":8308,"nach":0.35440401322230075},"geometry":{"type":"LineString","coordinates":[[-1.3711216,50.9061694],[-1.3709525,50.9060857],[-1.37085,50.9060039],[-1.3707772,50.9059159],[-1.3706718,50.9057478],[-1.3705601,50.9055116],[-1.3704666,50.9053165]]}},
{"type":"Feature","properties":{"id":56660,"nach":0.42051499447473356},"geometry":{"type":"LineString","coordinates":[[-1.3694986,50.9054388],[-1.3695752,50.9054687]]}},
{"type":"Feature","properties":{"id":8305,"nach":0.35538280963166263},"geometry":{"type":"LineString","coordinates":[[-1.3705637,50.9067678],[-1.3703643,50.9066318],[-1.3702285,50.9065019],[-1.3700248,50.9062575],[-1.3699115,50.906097799999984],[-1.369654,50.9056761],[-1.3695752,50.9054687]]}},
{"type":"Feature","properties":{"id":56646,"nach":0.65602654822524442},"geometry":{"type":"LineString","coordinates":[[-1.3712767,50.906015600000011],[-1.3711216,50.9061694]]}},
{"type":"Feature","properties":{"id":56649,"nach":0.65451465205170878},"geometry":{"type":"LineString","coordinates":[[-1.371106,50.9061854],[-1.3711216,50.9061694]]}},
{"type":"Feature","properties":{"id":56663,"nach":0.63796201032592359},"geometry":{"type":"LineString","coordinates":[[-1.3706355,50.9066907],[-1.3705637,50.9067678]]}},
{"type":"Feature","properties":{"id":57750,"nach":0.63721951844216818},"geometry":{"type":"LineString","coordinates":[[-1.370353,50.9069865],[-1.3705637,50.9067678]]}},
{"type":"Feature","properties":{"id":56662,"nach":0.64028672932282038},"geometry":{"type":"LineString","coordinates":[[-1.3706355,50.9066907],[-1.3707186,50.9066016]]}},
{"type":"Feature","properties":{"id":56664,"nach":0.41326727908273653},"geometry":{"type":"LineString","coordinates":[[-1.3706355,50.9066907],[-1.3708832,50.9067853]]}},
{"type":"Feature","properties":{"id":57751,"nach":0.63413417314890463},"geometry":{"type":"LineString","coordinates":[[-1.370353,50.9069865],[-1.3703328,50.9070075]]}},
{"type":"Feature","properties":{"id":57752,"nach":0.40707535686712648},"geometry":{"type":"LineString","coordinates":[[-1.370353,50.9069865],[-1.3701029,50.9068804]]}},
{"type":"Feature","properties":{"id":56645,"nach":0.65897897509876502},"geometry":{"type":"LineString","coordinates":[[-1.3712767,50.906015600000011],[-1.3713625,50.9059306]]}},
{"type":"Feature","properties":{"id":56647,"nach":0.43874589145424708},"geometry":{"type":"LineString","coordinates":[[-1.3712767,50.906015600000011],[-1.3715707,50.906129],[-1.371592,50.9061466]]}},
{"type":"Feature","properties":{"id":56651,"nach":0.43228327262696736},"geometry":{"type":"LineString","coordinates":[[-1.371106,50.9061854],[-1.37139,50.906296200000021],[-1.371451,50.9063258]]}},
{"type":"Feature","properties":{"id":56653,"nach":0.65055511113003672},"geometry":{"type":"LineString","coordinates":[[-1.3710234,50.9062747],[-1.371106,50.9061854]]}},
{"type":"Feature","properties":{"id":56594,"nach":0.66483350068936342},"geometry":{"type":"LineString","coordinates":[[-1.3685087,50.9097183],[-1.3684739,50.909736]]}},
{"type":"Feature","properties":{"id":56584,"nach":0.63710254092560725},"geometry":{"type":"LineString","coordinates":[[-1.368404,50.9097715],[-1.3684739,50.909736]]}},
{"type":"Feature","properties":{"id":8324,"nach":0.6626938102268376},"geometry":{"type":"LineString","coordinates":[[-1.3683292,50.9095417],[-1.3683914,50.9095979],[-1.3684739,50.909736]]}},
{"type":"Feature","properties":{"id":56593,"nach":0.66334414018878218},"geometry":{"type":"LineString","coordinates":[[-1.3685087,50.9097183],[-1.3687009,50.909620600000011]]}},
{"type":"Feature","properties":{"id":56595,"nach":0.45209680255281226},"geometry":{"type":"LineString","coordinates":[[-1.3685087,50.9097183],[-1.368838,50.9099402]]}},
{"type":"Feature","properties":{"id":56585,"nach":0.63242503064317779},"geometry":{"type":"LineString","coordinates":[[-1.368404,50.9097715],[-1.3682941,50.9098274]]}},
{"type":"Feature","properties":{"id":56587,"nach":0.44727882110270706},"geometry":{"type":"LineString","coordinates":[[-1.3690745,50.9102139],[-1.3687477,50.9099959],[-1.368404,50.9097715]]}},
{"type":"Feature","properties":{"id":28286,"nach":0.65001965748902801},"geometry":{"type":"LineString","coordinates":[[-1.3680455,50.9096255],[-1.3681745,50.909587],[-1.3683292,50.9095417]]}},
{"type":"Feature","properties":{"id":28292,"nach":0.62681771891540117},"geometry":{"type":"LineString","coordinates":[[-1.3680781,50.909213],[-1.3681544,50.90935],[-1.3683292,50.9095417]]}},
{"type":"Feature","properties":{"id":67628,"nach":0.4812317804256423},"geometry":{"type":"LineString","coordinates":[[-1.3656411,50.9104202],[-1.3655021,50.9102666]]}},
{"type":"Feature","properties":{"id":67631,"nach":0.66583428974294301},"geometry":{"type":"LineString","coordinates":[[-1.3657731,50.9103697],[-1.3656411,50.9104202]]}},
{"type":"Feature","properties":{"id":67630,"nach":0.66193302807594878},"geometry":{"type":"LineString","coordinates":[[-1.3657731,50.9103697],[-1.3660982,50.9102452]]}},
{"type":"Feature","properties":{"id":67643,"nach":0.62064334092339446},"geometry":{"type":"LineString","coordinates":[[-1.3658517,50.909941500000016],[-1.3660982,50.9102452]]}},
{"type":"Feature","properties":{"id":28287,"nach":0.64878058681325745},"geometry":{"type":"LineString","coordinates":[[-1.3680455,50.9096255],[-1.3677554,50.9097122],[-1.3667408,50.9100252],[-1.3660982,50.9102452]]}},
{"type":"Feature","properties":{"id":67632,"nach":0.47869701601756626},"geometry":{"type":"LineString","coordinates":[[-1.3657731,50.9103697],[-1.3656494,50.9102436],[-1.3656311,50.910225],[-1.365623,50.9102]]}},
{"type":"Feature","properties":{"id":67642,"nach":0.60508976498326572},"geometry":{"type":"LineString","coordinates":[[-1.3658517,50.909941500000016],[-1.3657276,50.9097886]]}},
{"type":"Feature","properties":{"id":67644,"nach":0.46689732983402854},"geometry":{"type":"LineString","coordinates":[[-1.3658517,50.909941500000016],[-1.3655611,50.9100358]]}},
{"type":"Feature","properties":{"id":89983,"nach":0.43639135570975746},"geometry":{"type":"LineString","coordinates":[[-1.3663171,50.9099908],[-1.367398,50.9096695],[-1.3679578,50.9095031],[-1.3680455,50.9096255]]}},
{"type":"Feature","properties":{"id":67613,"nach":0.6035820060771292},"geometry":{"type":"LineString","coordinates":[[-1.367874,50.9092559],[-1.3680781,50.909213]]}},
{"type":"Feature","properties":{"id":28294,"nach":0.42264151682002521},"geometry":{"type":"LineString","coordinates":[[-1.3662927,50.9090116],[-1.3672999,50.9086962],[-1.3674515,50.9088949],[-1.3675306,50.9089863],[-1.3676141,50.90903560000001],[-1.3676959,50.9090415],[-1.3678645,50.9089888],[-1.3678904,50.9090492],[-1.3679744,50.9092023],[-1.3680781,50.909213]]}},
{"type":"Feature","properties":{"id":52329,"nach":0.51596297941660674},"geometry":{"type":"LineString","coordinates":[[-1.3685412,50.9091211],[-1.3682773,50.9091736],[-1.3680781,50.909213]]}},
{"type":"Feature","properties":{"id":12595,"nach":0.5753165741177434},"geometry":{"type":"LineString","coordinates":[[-1.3790264,50.8990886],[-1.3782932,50.8989687]]}},
{"type":"Feature","properties":{"id":55976,"nach":0.49983394252902702},"geometry":{"type":"LineString","coordinates":[[-1.3778647,50.8994448],[-1.3781858,50.8992061],[-1.3782798,50.8989983],[-1.3782932,50.8989687]]}},
{"type":"Feature","properties":{"id":29292,"nach":0.54970257839484205},"geometry":{"type":"LineString","coordinates":[[-1.3796218,50.8992497],[-1.3793741,50.8991594],[-1.3792917,50.8991263],[-1.3790264,50.8990886]]}},
{"type":"Feature","properties":{"id":18867,"nach":0.47292119758013385},"geometry":{"type":"LineString","coordinates":[[-1.3794145,50.8990052],[-1.3790823,50.89904],[-1.3790264,50.8990886]]}},
{"type":"Feature","properties":{"id":18866,"nach":0.55255182684095194},"geometry":{"type":"LineString","coordinates":[[-1.3794145,50.8990052],[-1.3794105,50.8989342]]}},
{"type":"Feature","properties":{"id":19764,"nach":0.66137150962540714},"geometry":{"type":"LineString","coordinates":[[-1.3794105,50.8989342],[-1.378183809424879,50.898784978315263]]}},
{"type":"Feature","properties":{"id":18862,"nach":0.72127842630147387},"geometry":{"type":"LineString","coordinates":[[-1.3794105,50.8989342],[-1.379996718404491,50.898928688539947]]}},
{"type":"Feature","properties":{"id":29294,"nach":0.52287440388727535},"geometry":{"type":"LineString","coordinates":[[-1.3796218,50.8992497],[-1.3795228,50.899074100000014],[-1.3794923,50.8990441],[-1.3794736,50.8990272],[-1.3794481,50.8990137],[-1.3794145,50.8990052]]}},
{"type":"Feature","properties":{"id":65749,"nach":0.5591325105973679},"geometry":{"type":"LineString","coordinates":[[-1.37774,50.897217],[-1.378462,50.8973039]]}},
{"type":"Feature","properties":{"id":12955,"nach":0.65439729193841323},"geometry":{"type":"LineString","coordinates":[[-1.3788647,50.8967203],[-1.378462,50.8973039]]}},
{"type":"Feature","properties":{"id":65751,"nach":0.5523667033021108},"geometry":{"type":"LineString","coordinates":[[-1.37774,50.897217],[-1.3773897,50.8971703],[-1.3771741,50.897141499999989],[-1.3769211,50.8971075]]}},
{"type":"Feature","properties":{"id":65750,"nach":0.48262353089526361},"geometry":{"type":"LineString","coordinates":[[-1.37774,50.897217],[-1.3776865,50.8974045]]}},
{"type":"Feature","properties":{"id":64772,"nach":0.6510173516329546},"geometry":{"type":"LineString","coordinates":[[-1.3752657,50.8973363],[-1.3754674,50.8969038]]}},
{"type":"Feature","properties":{"id":64394,"nach":0.65681835612635409},"geometry":{"type":"LineString","coordinates":[[-1.3766771,50.89707330000001],[-1.3754674,50.8969038]]}},
{"type":"Feature","properties":{"id":64400,"nach":0.67115128350956965},"geometry":{"type":"LineString","coordinates":[[-1.3750901,50.8968057],[-1.3754674,50.8969038]]}},
{"type":"Feature","properties":{"id":64677,"nach":0.68194415108807982},"geometry":{"type":"LineString","coordinates":[[-1.3756477,50.8965098],[-1.3756406,50.8965326],[-1.3754674,50.8969038]]}},
{"type":"Feature","properties":{"id":64774,"nach":0.49247160307991317},"geometry":{"type":"LineString","coordinates":[[-1.3748236,50.8972496],[-1.3752657,50.8973363]]}},
{"type":"Feature","properties":{"id":64395,"nach":0.65684950876591608},"geometry":{"type":"LineString","coordinates":[[-1.3766771,50.89707330000001],[-1.3769211,50.8971075]]}},
{"type":"Feature","properties":{"id":64397,"nach":0.48514744583833735},"geometry":{"type":"LineString","coordinates":[[-1.3768331,50.8967243],[-1.3766771,50.89707330000001]]}},
{"type":"Feature","properties":{"id":64401,"nach":0.49080388522216645},"geometry":{"type":"LineString","coordinates":[[-1.3752622,50.8964709],[-1.3750901,50.8968057]]}},
{"type":"Feature","properties":{"id":64761,"nach":0.6681771696871055},"geometry":{"type":"LineString","coordinates":[[-1.3748929,50.8967544],[-1.3750901,50.8968057]]}},
{"type":"Feature","properties":{"id":64678,"nach":0.68173910116347636},"geometry":{"type":"LineString","coordinates":[[-1.3756477,50.8965098],[-1.3756771,50.8964153],[-1.3757005,50.8962958],[-1.375726,50.8961957]]}},
{"type":"Feature","properties":{"id":64680,"nach":0.48875986131917043},"geometry":{"type":"LineString","coordinates":[[-1.3750338,50.8963116],[-1.3751778,50.8963538],[-1.375214,50.8963922],[-1.3756477,50.8965098]]}},
{"type":"Feature","properties":{"id":20934,"nach":0.48908335104137457},"geometry":{"type":"LineString","coordinates":[[-1.3743478,50.8977691],[-1.3744119,50.897688699999989],[-1.3744877,50.8975392],[-1.3745991,50.8974137],[-1.374262,50.8973567]]}},
{"type":"Feature","properties":{"id":64765,"nach":0.66879494568001496},"geometry":{"type":"LineString","coordinates":[[-1.3744655,50.8966414],[-1.3746418,50.89668910000001]]}},
{"type":"Feature","properties":{"id":64760,"nach":0.66767103276356377},"geometry":{"type":"LineString","coordinates":[[-1.3748929,50.8967544],[-1.3746418,50.89668910000001]]}},
{"type":"Feature","properties":{"id":13025,"nach":0.51654915489255704},"geometry":{"type":"LineString","coordinates":[[-1.3798299,50.89427460000001],[-1.3786413,50.893899]]}},
{"type":"Feature","properties":{"id":16758,"nach":0.53101277320718632},"geometry":{"type":"LineString","coordinates":[[-1.3802848,50.894422799999987],[-1.3798299,50.89427460000001]]}},
{"type":"Feature","properties":{"id":13027,"nach":0.46788252177996686},"geometry":{"type":"LineString","coordinates":[[-1.3797207,50.8951361],[-1.3797126,50.8950418],[-1.3797015,50.8949198],[-1.3796618,50.8946738],[-1.3796566,50.8946187],[-1.3796671,50.8945327],[-1.3796963,50.894446],[-1.3798299,50.89427460000001]]}},
{"type":"Feature","properties":{"id":64403,"nach":0.57406669195306326},"geometry":{"type":"LineString","coordinates":[[-1.3776717,50.8964422],[-1.3784002,50.8966072],[-1.3788647,50.8967203]]}},
{"type":"Feature","properties":{"id":64917,"nach":0.57744857704436015},"geometry":{"type":"LineString","coordinates":[[-1.3766875,50.8962163],[-1.3776717,50.8964422]]}},
{"type":"Feature","properties":{"id":64405,"nach":0.48241192976107705},"geometry":{"type":"LineString","coordinates":[[-1.3773489,50.896706],[-1.3774435,50.896727400000024],[-1.377475,50.8967266],[-1.3775065,50.8967148],[-1.3776717,50.8964422]]}},
{"type":"Feature","properties":{"id":64671,"nach":0.68263082387789442},"geometry":{"type":"LineString","coordinates":[[-1.3757674,50.8960983],[-1.3758092,50.8960147]]}},
{"type":"Feature","properties":{"id":64912,"nach":0.60052201115387904},"geometry":{"type":"LineString","coordinates":[[-1.376332,50.8961347],[-1.3758092,50.8960147]]}},
{"type":"Feature","properties":{"id":12961,"nach":0.48305449766192166},"geometry":{"type":"LineString","coordinates":[[-1.374831,50.8957934],[-1.3758092,50.8960147]]}},
{"type":"Feature","properties":{"id":64676,"nach":0.68198194919119548},"geometry":{"type":"LineString","coordinates":[[-1.375726,50.8961957],[-1.37580050000001,50.8962026],[-1.375826,50.8961983],[-1.3758429,50.8961876],[-1.3758668,50.8961361],[-1.3758606,50.896123],[-1.3758437,50.8961137],[-1.3757674,50.8960983]]}},
{"type":"Feature","properties":{"id":64914,"nach":0.49052855942802415},"geometry":{"type":"LineString","coordinates":[[-1.376332,50.8961347],[-1.3763883,50.8960393]]}},
{"type":"Feature","properties":{"id":64916,"nach":0.58830093902809044},"geometry":{"type":"LineString","coordinates":[[-1.3766875,50.8962163],[-1.376332,50.8961347]]}},
{"type":"Feature","properties":{"id":64858,"nach":0.57774529164891009},"geometry":{"type":"LineString","coordinates":[[-1.3775669,50.8951982],[-1.3774169,50.8954936]]}},
{"type":"Feature","properties":{"id":64889,"nach":0.7142809278641763},"geometry":{"type":"LineString","coordinates":[[-1.3775869,50.8955321],[-1.3774169,50.8954936]]}},
{"type":"Feature","properties":{"id":64884,"nach":0.71818578872689565},"geometry":{"type":"LineString","coordinates":[[-1.3771852,50.8954389],[-1.3774169,50.8954936]]}},
{"type":"Feature","properties":{"id":64861,"nach":0.48277894675077532},"geometry":{"type":"LineString","coordinates":[[-1.3775669,50.8951982],[-1.3776154,50.8951026],[-1.3776822,50.8950102],[-1.3777616,50.8949288],[-1.3778808,50.8948661],[-1.3779429,50.89483640000001],[-1.3780472,50.89478]]}},
{"type":"Feature","properties":{"id":64859,"nach":0.48618341656970815},"geometry":{"type":"LineString","coordinates":[[-1.3775669,50.8951982],[-1.3778085,50.8952553]]}},
{"type":"Feature","properties":{"id":64862,"nach":0.48652288788112685},"geometry":{"type":"LineString","coordinates":[[-1.3774064,50.8951665],[-1.3775669,50.8951982]]}},
{"type":"Feature","properties":{"id":64890,"nach":0.48918627822930388},"geometry":{"type":"LineString","coordinates":[[-1.3775869,50.8955321],[-1.3774816,50.8957114]]}},
{"type":"Feature","properties":{"id":64893,"nach":0.71289850395665599},"geometry":{"type":"LineString","coordinates":[[-1.3776726,50.8955516],[-1.3775869,50.8955321]]}},
{"type":"Feature","properties":{"id":64885,"nach":0.71978957978751346},"geometry":{"type":"LineString","coordinates":[[-1.3771852,50.8954389],[-1.3769615,50.895386]]}},
{"type":"Feature","properties":{"id":64886,"nach":0.49017304865531142},"geometry":{"type":"LineString","coordinates":[[-1.3771852,50.8954389],[-1.3770921,50.8955995]]}},
{"type":"Feature","properties":{"id":64900,"nach":0.70892266193829434},"geometry":{"type":"LineString","coordinates":[[-1.3784239,50.8957219],[-1.3784703,50.8957324]]}},
{"type":"Feature","properties":{"id":13023,"nach":0.58080690934224222},"geometry":{"type":"LineString","coordinates":[[-1.3791296,50.8948319],[-1.3790886,50.8949215],[-1.3784703,50.8957324]]}},
{"type":"Feature","properties":{"id":64902,"nach":0.4911227354242218},"geometry":{"type":"LineString","coordinates":[[-1.3784239,50.8957219],[-1.3783206,50.895905700000014]]}},
{"type":"Feature","properties":{"id":64904,"nach":0.70928578266561892},"geometry":{"type":"LineString","coordinates":[[-1.3783794,50.8957118],[-1.3784239,50.8957219]]}},
{"type":"Feature","properties":{"id":17836,"nach":0.47566222251885981},"geometry":{"type":"LineString","coordinates":[[-1.3792186,50.8946085],[-1.3791296,50.8948319]]}},
{"type":"Feature","properties":{"id":17821,"nach":0.54376962615551272},"geometry":{"type":"LineString","coordinates":[[-1.378961,50.8948176],[-1.3791296,50.8948319]]}},
{"type":"Feature","properties":{"id":17860,"nach":0.46511761264770807},"geometry":{"type":"LineString","coordinates":[[-1.3782773,50.8946254],[-1.3788297,50.8948064],[-1.378961,50.8948176]]}},
{"type":"Feature","properties":{"id":17830,"nach":0.4682973106494539},"geometry":{"type":"LineString","coordinates":[[-1.3786608,50.8951363],[-1.3787577,50.8950594],[-1.3788702,50.8950187],[-1.3789343,50.8949502],[-1.378961,50.8948176]]}},
{"type":"Feature","properties":{"id":37247,"nach":0.66035223078674332},"geometry":{"type":"LineString","coordinates":[[-1.3806636,50.8939841],[-1.3805133,50.8941705],[-1.3804271,50.8942267],[-1.3803038,50.8943641],[-1.3802848,50.894422799999987]]}},
{"type":"Feature","properties":{"id":52969,"nach":0.665394719880812},"geometry":{"type":"LineString","coordinates":[[-1.3802914,50.8956178],[-1.3803399,50.8955203],[-1.3803659,50.895452400000011],[-1.3803733,50.8953805],[-1.3803273,50.8952046],[-1.3801848,50.894795],[-1.380214,50.8947423],[-1.3802434,50.8946009],[-1.3802815,50.8944784],[-1.3802848,50.894422799999987]]}},
{"type":"Feature","properties":{"id":37242,"nach":0.67436890753295653},"geometry":{"type":"LineString","coordinates":[[-1.3804248,50.896226],[-1.3799107,50.8960929]]}},
{"type":"Feature","properties":{"id":18268,"nach":0.64999634802292805},"geometry":{"type":"LineString","coordinates":[[-1.3768397,50.8979547],[-1.3767193,50.8979486]]}},
{"type":"Feature","properties":{"id":18269,"nach":0.64416748735458129},"geometry":{"type":"LineString","coordinates":[[-1.3768397,50.8979547],[-1.376845,50.897816],[-1.3768311,50.8977285],[-1.3767974,50.897523],[-1.3767998,50.897449300000012],[-1.3769211,50.8971075]]}},
{"type":"Feature","properties":{"id":17829,"nach":0.50529109885644574},"geometry":{"type":"LineString","coordinates":[[-1.3772452,50.898084],[-1.3773707,50.8980934],[-1.3775222,50.8983573],[-1.3775114,50.8984336]]}},
{"type":"Feature","properties":{"id":19765,"nach":0.62168697967548492},"geometry":{"type":"LineString","coordinates":[[-1.3772457,50.8983291],[-1.3772413,50.8982375],[-1.3772452,50.898084]]}},
{"type":"Feature","properties":{"id":57889,"nach":0.52877971453286265},"geometry":{"type":"LineString","coordinates":[[-1.3684111,50.907392],[-1.3686036,50.9072654],[-1.3688006,50.9070909],[-1.3689641,50.9068752],[-1.3689716,50.9068517]]}},
{"type":"Feature","properties":{"id":57892,"nach":0.44175980247615998},"geometry":{"type":"LineString","coordinates":[[-1.3681232,50.90708320000001],[-1.3680912,50.9072184],[-1.3684111,50.907392]]}},
{"type":"Feature","properties":{"id":52970,"nach":0.62838668613892001},"geometry":{"type":"LineString","coordinates":[[-1.3802914,50.8956178],[-1.3804084,50.8957502],[-1.3806317,50.895984]]}},
{"type":"Feature","properties":{"id":21622,"nach":0.64839837558405833},"geometry":{"type":"LineString","coordinates":[[-1.3816666,50.8954981],[-1.3808939,50.8958482],[-1.3806317,50.895984]]}},
{"type":"Feature","properties":{"id":37243,"nach":0.68513617004298766},"geometry":{"type":"LineString","coordinates":[[-1.3804248,50.896226],[-1.3804813,50.8961369],[-1.3805488,50.896057499999984],[-1.3806317,50.895984]]}},
{"type":"Feature","properties":{"id":52968,"nach":0.61753133931183546},"geometry":{"type":"LineString","coordinates":[[-1.3802914,50.8956178],[-1.3799276,50.8956631]]}},
{"type":"Feature","properties":{"id":21623,"nach":0.61356240970419607},"geometry":{"type":"LineString","coordinates":[[-1.3816666,50.8954981],[-1.3817514,50.8954251],[-1.3818237,50.8953477]]}},
{"type":"Feature","properties":{"id":83915,"nach":0.58439425924430033},"geometry":{"type":"LineString","coordinates":[[-1.38194,50.8954103],[-1.3818099,50.895462500000015],[-1.3816666,50.8954981]]}},
{"type":"Feature","properties":{"id":37245,"nach":0.63172368107133858},"geometry":{"type":"LineString","coordinates":[[-1.3806636,50.8939841],[-1.3814335,50.8942561]]}},
{"type":"Feature","properties":{"id":47249,"nach":0.64634288760822811},"geometry":{"type":"LineString","coordinates":[[-1.3809085,50.893570900000014],[-1.380786,50.8937266],[-1.380796,50.8938111],[-1.3806636,50.8939841]]}},
{"type":"Feature","properties":{"id":64871,"nach":0.69705947981751548},"geometry":{"type":"LineString","coordinates":[[-1.3801685,50.8937942],[-1.3802745,50.893836100000023],[-1.3803406,50.8938612],[-1.3806636,50.8939841]]}},
{"type":"Feature","properties":{"id":54722,"nach":0.4888174349324953},"geometry":{"type":"LineString","coordinates":[[-1.372449,50.90158610000001],[-1.372388,50.9016291],[-1.3721817,50.9017742],[-1.3719896,50.901906]]}},
{"type":"Feature","properties":{"id":56824,"nach":0.45664457258629437},"geometry":{"type":"LineString","coordinates":[[-1.3693773,50.9012893],[-1.3683041,50.9020397]]}},
{"type":"Feature","properties":{"id":55401,"nach":0.48066687376552159},"geometry":{"type":"LineString","coordinates":[[-1.3731956,50.9022681],[-1.3734724,50.9020758]]}},
{"type":"Feature","properties":{"id":55393,"nach":0.46535310808323938},"geometry":{"type":"LineString","coordinates":[[-1.3736925,50.9022057],[-1.3734724,50.9020758]]}},
{"type":"Feature","properties":{"id":55411,"nach":0.53997117352717761},"geometry":{"type":"LineString","coordinates":[[-1.3730846,50.902343],[-1.3731956,50.9022681]]}},
{"type":"Feature","properties":{"id":55410,"nach":0.53587993763121899},"geometry":{"type":"LineString","coordinates":[[-1.3730846,50.902343],[-1.3726108,50.9026745]]}},
{"type":"Feature","properties":{"id":17014,"nach":0.56622724084474663},"geometry":{"type":"LineString","coordinates":[[-1.3769918,50.8986699],[-1.3773737,50.8987201]]}},
{"type":"Feature","properties":{"id":19773,"nach":0.58674591493035166},"geometry":{"type":"LineString","coordinates":[[-1.3773737,50.8987201],[-1.377446258356469,50.898559222065181]]}},
{"type":"Feature","properties":{"id":17015,"nach":0.56821524438816162},"geometry":{"type":"LineString","coordinates":[[-1.3769339,50.8987293],[-1.3769918,50.8986699]]}},
{"type":"Feature","properties":{"id":21225,"nach":0.61130833677180985},"geometry":{"type":"LineString","coordinates":[[-1.3770107,50.8985854],[-1.3769918,50.8986699]]}},
{"type":"Feature","properties":{"id":19772,"nach":0.56019291425594242},"geometry":{"type":"LineString","coordinates":[[-1.3774898,50.8984647],[-1.3775114,50.8984336]]}},
{"type":"Feature","properties":{"id":19774,"nach":0.26793208161992949},"geometry":{"type":"LineString","coordinates":[[-1.3774898,50.8984647],[-1.3774123,50.898436],[-1.3773761,50.8983683],[-1.3773759,50.8983667],[-1.3773734,50.8983362],[-1.3772457,50.8983291]]}},
{"type":"Feature","properties":{"id":19773,"nach":0.58674591493035166},"geometry":{"type":"LineString","coordinates":[[-1.377403370042708,50.898654315090667],[-1.3774898,50.8984647]]}},
{"type":"Feature","properties":{"id":21228,"nach":0.55839569329063821},"geometry":{"type":"LineString","coordinates":[[-1.3773203,50.8987806],[-1.3771678,50.8987595],[-1.3769339,50.8987293]]}},
{"type":"Feature","properties":{"id":21226,"nach":0.62136333348737482},"geometry":{"type":"LineString","coordinates":[[-1.3770107,50.8985854],[-1.3768767,50.8985537],[-1.3766755,50.898457900000011]]}},
{"type":"Feature","properties":{"id":19768,"nach":0.63805326263292172},"geometry":{"type":"LineString","coordinates":[[-1.3770107,50.8985854],[-1.377403370042708,50.898654315090667]]}},
{"type":"Feature","properties":{"id":22567,"nach":0.47215015299043173},"geometry":{"type":"LineString","coordinates":[[-1.3772647,50.8990754],[-1.3774364,50.8990756],[-1.3774427,50.898964],[-1.3772885,50.8989611],[-1.3771539,50.898953],[-1.3771534,50.89895],[-1.377144,50.8988678],[-1.3773203,50.8987806]]}},
{"type":"Feature","properties":{"id":20924,"nach":0.49073141561318756},"geometry":{"type":"LineString","coordinates":[[-1.3756265,50.8976795],[-1.3759605,50.8976666],[-1.3760788,50.8976325]]}},
{"type":"Feature","properties":{"id":20923,"nach":0.55728266587485964},"geometry":{"type":"LineString","coordinates":[[-1.3756265,50.8976795],[-1.3755315,50.8977016]]}},
{"type":"Feature","properties":{"id":55953,"nach":0.4715399281152548},"geometry":{"type":"LineString","coordinates":[[-1.3649219,50.9040395],[-1.364909,50.9043104],[-1.3654483,50.9043276]]}},
{"type":"Feature","properties":{"id":18291,"nach":0.55308161463145622},"geometry":{"type":"LineString","coordinates":[[-1.3766975,50.898134],[-1.3767193,50.8979486]]}},
{"type":"Feature","properties":{"id":18293,"nach":0.48141883824812604},"geometry":{"type":"LineString","coordinates":[[-1.3766975,50.898134],[-1.3767337,50.8981865],[-1.3767042,50.8982727]]}},
{"type":"Feature","properties":{"id":18292,"nach":0.4724050416887145},"geometry":{"type":"LineString","coordinates":[[-1.3766975,50.898134],[-1.3760242,50.8980951],[-1.375579,50.8981053]]}},
{"type":"Feature","properties":{"id":17856,"nach":0.480299958036285},"geometry":{"type":"LineString","coordinates":[[-1.3780666,50.898209],[-1.3781539,50.8982626],[-1.3779447,50.8984318]]}},
{"type":"Feature","properties":{"id":17855,"nach":0.63333449997345215},"geometry":{"type":"LineString","coordinates":[[-1.3780666,50.898209],[-1.3777489,50.8984825]]}},
{"type":"Feature","properties":{"id":17857,"nach":0.63658079979061488},"geometry":{"type":"LineString","coordinates":[[-1.3780717,50.8981778],[-1.3780666,50.898209]]}},
{"type":"Feature","properties":{"id":17838,"nach":0.58237426562463857},"geometry":{"type":"LineString","coordinates":[[-1.3777489,50.8984825],[-1.3775114,50.8984336]]}},
{"type":"Feature","properties":{"id":19770,"nach":0.62218354898093386},"geometry":{"type":"LineString","coordinates":[[-1.3773099,50.8985215],[-1.3772784,50.8984705],[-1.3772457,50.8983291]]}},
{"type":"Feature","properties":{"id":17859,"nach":0.55415912345525609},"geometry":{"type":"LineString","coordinates":[[-1.3780717,50.8981778],[-1.3779152,50.8981708]]}},
{"type":"Feature","properties":{"id":17845,"nach":0.47798455276878377},"geometry":{"type":"LineString","coordinates":[[-1.3779152,50.8981708],[-1.3777274,50.8983354],[-1.377604,50.8983201]]}},
{"type":"Feature","properties":{"id":17853,"nach":0.48071412771616212},"geometry":{"type":"LineString","coordinates":[[-1.3776952,50.8981611],[-1.3779152,50.8981708]]}},
{"type":"Feature","properties":{"id":88764,"nach":0.4897224745007171},"geometry":{"type":"LineString","coordinates":[[-1.3797782,50.8957046],[-1.3797552,50.8956631]]}},
{"type":"Feature","properties":{"id":88767,"nach":0.62622339203982502},"geometry":{"type":"LineString","coordinates":[[-1.3797782,50.8957046],[-1.3798013,50.8957013],[-1.3799276,50.8956631]]}},
{"type":"Feature","properties":{"id":88766,"nach":0.48657276966774599},"geometry":{"type":"LineString","coordinates":[[-1.3797782,50.8957046],[-1.3797205,50.8957128],[-1.3794886,50.8956542]]}},
{"type":"Feature","properties":{"id":17849,"nach":0.48689913212765484},"geometry":{"type":"LineString","coordinates":[[-1.3799276,50.8956631],[-1.3799511,50.8958056]]}},
{"type":"Feature","properties":{"id":17848,"nach":0.0},"geometry":{"type":"LineString","coordinates":[[-1.3799511,50.8958056],[-1.3802091,50.895809600000014],[-1.3802249,50.8960085],[-1.3799967,50.895989599999979],[-1.3799511,50.8958056]]}},
{"type":"Feature","properties":{"id":88763,"nach":0.48344007507996845},"geometry":{"type":"LineString","coordinates":[[-1.3801165,50.8954158],[-1.3799529,50.8955963],[-1.3799276,50.8956631]]}},
{"type":"Feature","properties":{"id":20971,"nach":0.53306961704347888},"geometry":{"type":"LineString","coordinates":[[-1.3820433,50.8980956],[-1.3820397,50.898112],[-1.3820273,50.8981267],[-1.3820108,50.8981366],[-1.3819869,50.898143600000012],[-1.3819606,50.898145],[-1.3819352,50.8981406],[-1.3819137,50.8981311],[-1.3819033,50.8981228],[-1.3818934,50.8981075],[-1.3818919,50.8980962]]}},
{"type":"Feature","properties":{"id":18290,"nach":0.47476075553701613},"geometry":{"type":"LineString","coordinates":[[-1.3803359,50.897541900000014],[-1.3802889,50.8976003]]}},
{"type":"Feature","properties":{"id":18295,"nach":0.51858104381194525},"geometry":{"type":"LineString","coordinates":[[-1.3805572,50.8972594],[-1.3803359,50.897541900000014]]}},
{"type":"Feature","properties":{"id":18303,"nach":0.47461991229621664},"geometry":{"type":"LineString","coordinates":[[-1.3805959,50.8972074],[-1.3805572,50.8972594]]}},
{"type":"Feature","properties":{"id":19763,"nach":0.58534015375825676},"geometry":{"type":"LineString","coordinates":[[-1.3780601,50.8987577],[-1.3778767,50.8987461],[-1.3775496,50.8986807]]}},
{"type":"Feature","properties":{"id":19764,"nach":0.66137150962540714},"geometry":{"type":"LineString","coordinates":[[-1.378183809424879,50.898784978315263],[-1.3780601,50.8987577]]}},
{"type":"Feature","properties":{"id":19771,"nach":0.66149197313130015},"geometry":{"type":"LineString","coordinates":[[-1.3780601,50.8987577],[-1.377446258356469,50.898559222065181]]}},
{"type":"Feature","properties":{"id":72952,"nach":0.62148579412074134},"geometry":{"type":"LineString","coordinates":[[-1.3750238,50.8981138],[-1.3749314,50.8981237],[-1.3748304,50.8981379],[-1.3747057,50.898158]]}},
{"type":"Feature","properties":{"id":89815,"nach":0.61148931059305778},"geometry":{"type":"LineString","coordinates":[[-1.3747057,50.898158],[-1.3747515,50.8980954],[-1.3748516,50.8980427],[-1.3749552,50.898024]]}},
{"type":"Feature","properties":{"id":19768,"nach":0.63805326263292172},"geometry":{"type":"LineString","coordinates":[[-1.377403370042708,50.898654315090667],[-1.3775496,50.8986807]]}},
{"type":"Feature","properties":{"id":19769,"nach":0.51284416451018322},"geometry":{"type":"LineString","coordinates":[[-1.3775496,50.8986807],[-1.377422239442432,50.898612477443429]]}},
{"type":"Feature","properties":{"id":38486,"nach":0.4502130417750187},"geometry":{"type":"LineString","coordinates":[[-1.3766755,50.898457900000011],[-1.3769245,50.8984549],[-1.377102,50.8984768],[-1.3773099,50.8985215]]}},
{"type":"Feature","properties":{"id":19771,"nach":0.66149197313130015},"geometry":{"type":"LineString","coordinates":[[-1.377446258356469,50.898559222065181],[-1.3773099,50.8985215]]}},
{"type":"Feature","properties":{"id":19769,"nach":0.51284416451018322},"geometry":{"type":"LineString","coordinates":[[-1.377422239442432,50.898612477443429],[-1.3773099,50.8985215]]}},
{"type":"Feature","properties":{"id":97685,"nach":0.38999686880504203},"geometry":{"type":"LineString","coordinates":[[-1.3721637,50.897228],[-1.372377,50.8972873],[-1.3725734,50.897034],[-1.3726179,50.8969738]]}},
{"type":"Feature","properties":{"id":56574,"nach":0.59553701076561938},"geometry":{"type":"LineString","coordinates":[[-1.3683164,50.9110292],[-1.3681901,50.9109809]]}},
{"type":"Feature","properties":{"id":56575,"nach":0.44348290912293153},"geometry":{"type":"LineString","coordinates":[[-1.3683164,50.9110292],[-1.3683885,50.9109586],[-1.3684274,50.9109484],[-1.36847,50.9109553]]}},
{"type":"Feature","properties":{"id":20922,"nach":0.47382829916266339},"geometry":{"type":"LineString","coordinates":[[-1.3811324,50.8971325],[-1.3810732,50.8972255]]}},
{"type":"Feature","properties":{"id":20921,"nach":0.47490149300932111},"geometry":{"type":"LineString","coordinates":[[-1.3810506,50.897261100000023],[-1.3810732,50.8972255]]}},
{"type":"Feature","properties":{"id":89810,"nach":0.61228318109459823},"geometry":{"type":"LineString","coordinates":[[-1.3751532,50.897931299999989],[-1.3752612,50.8978944],[-1.3752961,50.8978879],[-1.3753938,50.8978831]]}},
{"type":"Feature","properties":{"id":20969,"nach":0.54023272729086425},"geometry":{"type":"LineString","coordinates":[[-1.3826922,50.8990052],[-1.38269220000076,50.89888731573059]]}},
{"type":"Feature","properties":{"id":20969,"nach":0.54023272729086425},"geometry":{"type":"LineString","coordinates":[[-1.38269220000076,50.89888731573059],[-1.3820433,50.8980956]]}},
{"type":"Feature","properties":{"id":56111,"nach":0.56319641464651526},"geometry":{"type":"LineString","coordinates":[[-1.3788696,50.9012648],[-1.3791406,50.901454600000015]]}},
{"type":"Feature","properties":{"id":56110,"nach":0.56090670481063931},"geometry":{"type":"LineString","coordinates":[[-1.3788696,50.9012648],[-1.3788016,50.9012751]]}},
{"type":"Feature","properties":{"id":56114,"nach":0.53213324638971515},"geometry":{"type":"LineString","coordinates":[[-1.3791191,50.9008431],[-1.3789889,50.9010065],[-1.3788696,50.9012648]]}},
{"type":"Feature","properties":{"id":89805,"nach":0.6242205354228848},"geometry":{"type":"LineString","coordinates":[[-1.3753906,50.8982355],[-1.3754594,50.8982674],[-1.37553,50.898289],[-1.3757623,50.8983276],[-1.376187,50.8983749],[-1.376395,50.8984052],[-1.3765325,50.898430500000011],[-1.3766755,50.898457900000011]]}},
{"type":"Feature","properties":{"id":64744,"nach":0.47810204526577649},"geometry":{"type":"LineString","coordinates":[[-1.3818703,50.8950318],[-1.3817501,50.8950624]]}},
{"type":"Feature","properties":{"id":21625,"nach":0.62798855998432657},"geometry":{"type":"LineString","coordinates":[[-1.3817966,50.8943994],[-1.3817229,50.8944936],[-1.3816471,50.8946179],[-1.3816333,50.8947394],[-1.3816888,50.8949497],[-1.3817501,50.8950624]]}},
{"type":"Feature","properties":{"id":21621,"nach":0.55576000996541108},"geometry":{"type":"LineString","coordinates":[[-1.3817501,50.8950624],[-1.3818668,50.8951662],[-1.3819717,50.89523590000001]]}},
{"type":"Feature","properties":{"id":38883,"nach":0.60235364357130516},"geometry":{"type":"LineString","coordinates":[[-1.3818312,50.8952861],[-1.3817737,50.8951795],[-1.3817501,50.8950624]]}},
{"type":"Feature","properties":{"id":64743,"nach":0.47692550924522359},"geometry":{"type":"LineString","coordinates":[[-1.3819453,50.8944546],[-1.3817966,50.8943994]]}},
{"type":"Feature","properties":{"id":29942,"nach":0.628108407143803},"geometry":{"type":"LineString","coordinates":[[-1.3814335,50.8942561],[-1.38161,50.8943214],[-1.3817966,50.8943994]]}},
{"type":"Feature","properties":{"id":33116,"nach":0.59810042037138667},"geometry":{"type":"LineString","coordinates":[[-1.3822255,50.8939276],[-1.3819259,50.894286],[-1.3817966,50.8943994]]}},
{"type":"Feature","properties":{"id":21628,"nach":0.55960866364648543},"geometry":{"type":"LineString","coordinates":[[-1.3819717,50.89523590000001],[-1.3819965,50.895239],[-1.38202,50.895244799999986]]}},
{"type":"Feature","properties":{"id":38882,"nach":0.4894044548412006},"geometry":{"type":"LineString","coordinates":[[-1.3818312,50.8952861],[-1.3818442,50.895272],[-1.3818647,50.8952576],[-1.3818996,50.8952433],[-1.3819383,50.8952362],[-1.3819717,50.89523590000001]]}},
{"type":"Feature","properties":{"id":38884,"nach":0.61519889330240485},"geometry":{"type":"LineString","coordinates":[[-1.3818237,50.8953477],[-1.3818185,50.895329],[-1.3818197,50.89531],[-1.3818312,50.8952861]]}},
{"type":"Feature","properties":{"id":83916,"nach":0.41753443296678311},"geometry":{"type":"LineString","coordinates":[[-1.38194,50.8954103],[-1.3819163,50.8954071],[-1.3818938,50.895401299999989],[-1.381863,50.8953877],[-1.381839,50.8953694],[-1.3818237,50.8953477]]}},
{"type":"Feature","properties":{"id":29944,"nach":0.46639289746986756},"geometry":{"type":"LineString","coordinates":[[-1.3810508,50.8947524],[-1.3810864,50.894573],[-1.3811464,50.8945001],[-1.3812108,50.8944833],[-1.3814335,50.8942561]]}},
{"type":"Feature","properties":{"id":23081,"nach":0.52494059585750419},"geometry":{"type":"LineString","coordinates":[[-1.38202,50.895244799999986],[-1.3822534,50.8952005]]}},
{"type":"Feature","properties":{"id":23082,"nach":0.41933966626616664},"geometry":{"type":"LineString","coordinates":[[-1.38202,50.895244799999986],[-1.3820445,50.8952548],[-1.3820675,50.8952696],[-1.3820842,50.8952872],[-1.3820935,50.895305]]}},
{"type":"Feature","properties":{"id":22902,"nach":0.59492851077676301},"geometry":{"type":"LineString","coordinates":[[-1.3658169,50.9055403],[-1.3657885,50.905459],[-1.3657805,50.9053254],[-1.3657295,50.9050192]]}},
{"type":"Feature","properties":{"id":39266,"nach":0.62277282270459167},"geometry":{"type":"LineString","coordinates":[[-1.3644096,50.904979900000015],[-1.3644769,50.904995500000012],[-1.3645655,50.905044600000011],[-1.3647264,50.905132600000016],[-1.3651475,50.9053998],[-1.3652897,50.9054421],[-1.3658169,50.9055403]]}},
{"type":"Feature","properties":{"id":39271,"nach":0.48229840892841874},"geometry":{"type":"LineString","coordinates":[[-1.3631504,50.9053767],[-1.3631922,50.9053355]]}},
{"type":"Feature","properties":{"id":39272,"nach":0.48132533923102039},"geometry":{"type":"LineString","coordinates":[[-1.3632983,50.9053784],[-1.3631922,50.9053355]]}},
{"type":"Feature","properties":{"id":22895,"nach":0.55586918028120635},"geometry":{"type":"LineString","coordinates":[[-1.3632302,50.9052325],[-1.3632056,50.9052645],[-1.3631922,50.9053355]]}},
{"type":"Feature","properties":{"id":22899,"nach":0.57396756076575184},"geometry":{"type":"LineString","coordinates":[[-1.3626184,50.9046092],[-1.362599,50.9046573],[-1.3628381,50.9049194],[-1.3630742,50.9051224],[-1.3632302,50.9052325]]}},
{"type":"Feature","properties":{"id":39262,"nach":0.53692072739874763},"geometry":{"type":"LineString","coordinates":[[-1.3639984,50.9049781],[-1.3638252,50.90497520000001],[-1.3637179,50.9049972],[-1.3635435,50.9050497],[-1.3633531,50.9051461],[-1.3632485,50.90520870000001],[-1.3632302,50.9052325]]}},
{"type":"Feature","properties":{"id":22890,"nach":0.47777394425556408},"geometry":{"type":"LineString","coordinates":[[-1.366158,50.9049495],[-1.3657295,50.9050192]]}},
{"type":"Feature","properties":{"id":39264,"nach":0.47523554678962993},"geometry":{"type":"LineString","coordinates":[[-1.3640076,50.9051462],[-1.3639984,50.9049781]]}},
{"type":"Feature","properties":{"id":39265,"nach":0.52766846080027885},"geometry":{"type":"LineString","coordinates":[[-1.3644096,50.904979900000015],[-1.364375,50.9049719],[-1.3641256,50.9049803],[-1.3639984,50.9049781]]}},
{"type":"Feature","properties":{"id":23079,"nach":0.56575612661580421},"geometry":{"type":"LineString","coordinates":[[-1.3822534,50.8952005],[-1.3820935,50.895305]]}},
{"type":"Feature","properties":{"id":68028,"nach":0.58241392945957005},"geometry":{"type":"LineString","coordinates":[[-1.3824761,50.8951749],[-1.3824412,50.8951734],[-1.3823553,50.8951734],[-1.3822534,50.8952005]]}},
{"type":"Feature","properties":{"id":38885,"nach":0.57546920378716149},"geometry":{"type":"LineString","coordinates":[[-1.3820935,50.895305],[-1.3820958,50.8953322],[-1.3820845,50.8953589],[-1.3820602,50.8953823],[-1.3820252,50.8953998],[-1.3819827,50.8954095],[-1.38194,50.8954103]]}},
{"type":"Feature","properties":{"id":68027,"nach":0.54101165256805872},"geometry":{"type":"LineString","coordinates":[[-1.3824761,50.8951749],[-1.3827822,50.8950004],[-1.3829402,50.8949135],[-1.3829651,50.8949091],[-1.3829861,50.8949096],[-1.3830065,50.8949185],[-1.3830229,50.8949297],[-1.383033,50.8949416]]}},
{"type":"Feature","properties":{"id":68033,"nach":0.49567536783761984},"geometry":{"type":"LineString","coordinates":[[-1.3826247,50.8952103],[-1.3825967,50.8951971],[-1.3825216,50.8951768],[-1.3824761,50.8951749]]}},
{"type":"Feature","properties":{"id":28297,"nach":0.44120150552538295},"geometry":{"type":"LineString","coordinates":[[-1.3692418,50.9093455],[-1.3690812,50.9090592],[-1.3687635,50.9087946]]}},
{"type":"Feature","properties":{"id":56589,"nach":0.66225665136985334},"geometry":{"type":"LineString","coordinates":[[-1.3687009,50.909620600000011],[-1.3692418,50.9093455]]}},
{"type":"Feature","properties":{"id":56442,"nach":0.65888102152758843},"geometry":{"type":"LineString","coordinates":[[-1.3736086,50.9076364],[-1.3737934,50.9075436],[-1.3738898,50.9075277]]}},
{"type":"Feature","properties":{"id":56487,"nach":0.63336457072159247},"geometry":{"type":"LineString","coordinates":[[-1.3741445,50.907531899999988],[-1.3740891,50.9075283],[-1.3738898,50.9075277]]}},
{"type":"Feature","properties":{"id":56441,"nach":0.44123751564070407},"geometry":{"type":"LineString","coordinates":[[-1.3736086,50.9076364],[-1.3733276,50.9074415]]}},
{"type":"Feature","properties":{"id":56492,"nach":0.65814696977165377},"geometry":{"type":"LineString","coordinates":[[-1.3735464,50.9076677],[-1.3736086,50.9076364]]}},
{"type":"Feature","properties":{"id":56485,"nach":0.62780842792192348},"geometry":{"type":"LineString","coordinates":[[-1.3741445,50.907531899999988],[-1.3744026,50.9075488]]}},
{"type":"Feature","properties":{"id":56486,"nach":0.44054013639837658},"geometry":{"type":"LineString","coordinates":[[-1.3741445,50.907531899999988],[-1.3741166,50.9077519]]}},
{"type":"Feature","properties":{"id":25520,"nach":0.44528737101308352},"geometry":{"type":"LineString","coordinates":[[-1.3805859,50.9007469],[-1.3805837,50.9005591]]}},
{"type":"Feature","properties":{"id":56188,"nach":0.44678447483328515},"geometry":{"type":"LineString","coordinates":[[-1.3803699,50.9007134],[-1.3805859,50.9007469]]}},
{"type":"Feature","properties":{"id":67614,"nach":0.44636728703378697},"geometry":{"type":"LineString","coordinates":[[-1.367874,50.9092559],[-1.3679608,50.9094061]]}},
{"type":"Feature","properties":{"id":67623,"nach":0.58962549877771708},"geometry":{"type":"LineString","coordinates":[[-1.3678217,50.9092676],[-1.3678336,50.909264399999984],[-1.367874,50.9092559]]}},
{"type":"Feature","properties":{"id":52331,"nach":0.44219953164447945},"geometry":{"type":"LineString","coordinates":[[-1.3686318,50.9092962],[-1.3685412,50.9091211]]}},
{"type":"Feature","properties":{"id":67563,"nach":0.44010232611367656},"geometry":{"type":"LineString","coordinates":[[-1.3686678,50.9089253],[-1.368466,50.908967],[-1.3684805,50.9089965],[-1.3685124,50.9090625],[-1.3685412,50.9091211]]}},
{"type":"Feature","properties":{"id":56591,"nach":0.45137947075297963},"geometry":{"type":"LineString","coordinates":[[-1.3687009,50.909620600000011],[-1.3689993,50.9098012]]}},
{"type":"Feature","properties":{"id":28389,"nach":0.48167526615252365},"geometry":{"type":"LineString","coordinates":[[-1.3790223,50.8983136],[-1.3790194,50.8983072],[-1.379021,50.8982946],[-1.3790271,50.89828510000001],[-1.3790402,50.898275499999983],[-1.3790576,50.89826930000001],[-1.3790774,50.8982672]]}},
{"type":"Feature","properties":{"id":68225,"nach":0.56289184581200069},"geometry":{"type":"LineString","coordinates":[[-1.3634984,50.9035455],[-1.3622096,50.9029727]]}},
{"type":"Feature","properties":{"id":76534,"nach":0.50467282084456078},"geometry":{"type":"LineString","coordinates":[[-1.3743795,50.905407900000014],[-1.3745789,50.9054191],[-1.3748797,50.9054229],[-1.3753032,50.9053687],[-1.3759852,50.9052668],[-1.3764234,50.905184]]}},
{"type":"Feature","properties":{"id":83582,"nach":0.61472493894359759},"geometry":{"type":"LineString","coordinates":[[-1.3748728,50.9050623],[-1.3746041,50.9052687],[-1.3744705,50.9053542],[-1.3743795,50.905407900000014]]}},
{"type":"Feature","properties":{"id":64766,"nach":0.4964110955385525},"geometry":{"type":"LineString","coordinates":[[-1.3743819,50.8967621],[-1.3744655,50.8966414]]}},
{"type":"Feature","properties":{"id":64762,"nach":0.49264419493323169},"geometry":{"type":"LineString","coordinates":[[-1.3747638,50.8969529],[-1.3748929,50.8967544]]}},
{"type":"Feature","properties":{"id":33259,"nach":0.57962057131441325},"geometry":{"type":"LineString","coordinates":[[-1.3764234,50.905184],[-1.3767784,50.9054638]]}},
{"type":"Feature","properties":{"id":99469,"nach":0.47510775027108954},"geometry":{"type":"LineString","coordinates":[[-1.3778073,50.9062356],[-1.3773416,50.9058739],[-1.3767784,50.9054638]]}},
{"type":"Feature","properties":{"id":83685,"nach":0.56111459518635742},"geometry":{"type":"LineString","coordinates":[[-1.3766819,50.9043397],[-1.3766663,50.904383],[-1.3765729,50.9047599],[-1.3765775,50.9049219],[-1.3764234,50.905184]]}},
{"type":"Feature","properties":{"id":99470,"nach":0.50961761194519439},"geometry":{"type":"LineString","coordinates":[[-1.3778073,50.9062356],[-1.3778718,50.9062315],[-1.377968,50.9062326],[-1.3780385,50.9062109],[-1.3780901,50.9061643],[-1.3781789,50.9061346],[-1.3782389,50.9061081],[-1.3782789,50.90607390000001],[-1.3782907,50.906035299999978],[-1.3782412,50.905924],[-1.3781942,50.9058676],[-1.3781252,50.9057353]]}},
{"type":"Feature","properties":{"id":99468,"nach":0.52501825583689765},"geometry":{"type":"LineString","coordinates":[[-1.3778073,50.9062356],[-1.3778291,50.9062525]]}},
{"type":"Feature","properties":{"id":83684,"nach":0.55414266240852017},"geometry":{"type":"LineString","coordinates":[[-1.3766819,50.9043397],[-1.3767363,50.9041886],[-1.376755,50.904062]]}},
{"type":"Feature","properties":{"id":83687,"nach":0.513792892005144},"geometry":{"type":"LineString","coordinates":[[-1.3766819,50.9043397],[-1.3763202,50.904436399999987],[-1.3761954,50.904426],[-1.376113,50.9044067],[-1.3759608,50.9043519]]}},
{"type":"Feature","properties":{"id":83686,"nach":0.51296904265520127},"geometry":{"type":"LineString","coordinates":[[-1.3766819,50.9043397],[-1.3768758,50.9044215],[-1.3771638,50.9044985]]}},
{"type":"Feature","properties":{"id":83668,"nach":0.59100262220548061},"geometry":{"type":"LineString","coordinates":[[-1.3768419,50.9040361],[-1.376755,50.904062]]}},
{"type":"Feature","properties":{"id":83586,"nach":0.54436819930117297},"geometry":{"type":"LineString","coordinates":[[-1.3759608,50.9043519],[-1.376001,50.9043224],[-1.3760949,50.9042667],[-1.3761741,50.9042261],[-1.3762772,50.90419820000001],[-1.3763673,50.9041959],[-1.3764575,50.9041831],[-1.376755,50.904062]]}},
{"type":"Feature","properties":{"id":83669,"nach":0.57218646248255978},"geometry":{"type":"LineString","coordinates":[[-1.3768419,50.9040361],[-1.3773935,50.9040952]]}},
{"type":"Feature","properties":{"id":83682,"nach":0.4595285090461817},"geometry":{"type":"LineString","coordinates":[[-1.3771638,50.9044985],[-1.377072,50.9043433],[-1.3769737,50.904165700000014],[-1.3768419,50.9040361]]}},
{"type":"Feature","properties":{"id":83585,"nach":0.0},"geometry":{"type":"LineString","coordinates":[[-1.3759608,50.9043519],[-1.375944,50.9043642],[-1.3757857,50.9044733],[-1.375701,50.9045441],[-1.375585,50.9046602],[-1.3753052,50.9049423],[-1.3750991,50.9050862],[-1.3750512,50.905107100000016],[-1.3749794,50.9051118],[-1.374926,50.9051001],[-1.3748728,50.9050623]]}},
{"type":"Feature","properties":{"id":83591,"nach":0.58323170321592765},"geometry":{"type":"LineString","coordinates":[[-1.3757114,50.9043121],[-1.3757912,50.9043398],[-1.3758611,50.90433980000001],[-1.3759608,50.9043519]]}},
{"type":"Feature","properties":{"id":83589,"nach":0.61059846185472488},"geometry":{"type":"LineString","coordinates":[[-1.3757114,50.9043121],[-1.3749241,50.9050229],[-1.3748728,50.9050623]]}},
{"type":"Feature","properties":{"id":72956,"nach":0.54804746431046969},"geometry":{"type":"LineString","coordinates":[[-1.3752736,50.8980531],[-1.3753108,50.8981142],[-1.3753463,50.8981704],[-1.3753906,50.8982355]]}},
{"type":"Feature","properties":{"id":89806,"nach":0.60633130817119629},"geometry":{"type":"LineString","coordinates":[[-1.3753906,50.8982355],[-1.3752563,50.89820550000001],[-1.3751684,50.8981728],[-1.375096,50.8981314]]}},
{"type":"Feature","properties":{"id":39000,"nach":0.46855762625401109},"geometry":{"type":"LineString","coordinates":[[-1.3734373,50.9049889],[-1.3733595,50.9049534]]}},
{"type":"Feature","properties":{"id":38988,"nach":0.46832665844679455},"geometry":{"type":"LineString","coordinates":[[-1.373263,50.9049111],[-1.3733595,50.9049534]]}},
{"type":"Feature","properties":{"id":38995,"nach":0.54194036967272341},"geometry":{"type":"LineString","coordinates":[[-1.3737632,50.9046873],[-1.373672,50.9047379],[-1.3734061,50.9049136],[-1.3733595,50.9049534]]}},
{"type":"Feature","properties":{"id":38997,"nach":0.46447849395131691},"geometry":{"type":"LineString","coordinates":[[-1.3734467,50.9053197],[-1.3734655,50.9052944],[-1.3734682,50.9052724],[-1.3734467,50.9052487],[-1.3732683,50.9051682]]}},
{"type":"Feature","properties":{"id":38999,"nach":0.46447849395131691},"geometry":{"type":"LineString","coordinates":[[-1.3731919,50.9054652],[-1.3732589,50.9054466],[-1.373334,50.9054026],[-1.3734467,50.9053197]]}},
{"type":"Feature","properties":{"id":39022,"nach":0.52527814270549389},"geometry":{"type":"LineString","coordinates":[[-1.3819856,50.8983252],[-1.38198,50.8984969]]}},
{"type":"Feature","properties":{"id":39021,"nach":0.45266410292186543},"geometry":{"type":"LineString","coordinates":[[-1.381597,50.8984936],[-1.38198,50.8984969]]}},
{"type":"Feature","properties":{"id":39025,"nach":0.45064308009854187},"geometry":{"type":"LineString","coordinates":[[-1.3823194,50.8983397],[-1.3823132,50.898501],[-1.3822032,50.8984997],[-1.3820745,50.898497800000015],[-1.38198,50.8984969]]}},
{"type":"Feature","properties":{"id":65755,"nach":0.45118259746592404},"geometry":{"type":"LineString","coordinates":[[-1.381929,50.898196599999984],[-1.3819284,50.8982701],[-1.3819856,50.8983252]]}},
{"type":"Feature","properties":{"id":65756,"nach":0.45024305388135472},"geometry":{"type":"LineString","coordinates":[[-1.3817898,50.8983959],[-1.3817907,50.898322],[-1.3819856,50.8983252]]}},
{"type":"Feature","properties":{"id":56335,"nach":0.65821965504482849},"geometry":{"type":"LineString","coordinates":[[-1.3727129,50.906731],[-1.3724828,50.9069637]]}},
{"type":"Feature","properties":{"id":56444,"nach":0.65677563352037671},"geometry":{"type":"LineString","coordinates":[[-1.3724489,50.9069961],[-1.3724828,50.9069637]]}},
{"type":"Feature","properties":{"id":45160,"nach":0.44204605653592888},"geometry":{"type":"LineString","coordinates":[[-1.3717551,50.906392],[-1.3716132,50.9065343],[-1.3716324,50.9065806],[-1.3717759,50.9066589],[-1.3724828,50.9069637]]}},
{"type":"Feature","properties":{"id":56336,"nach":0.45294327212255225},"geometry":{"type":"LineString","coordinates":[[-1.3727129,50.906731],[-1.3730666,50.9068734]]}},
{"type":"Feature","properties":{"id":56339,"nach":0.66019460621784121},"geometry":{"type":"LineString","coordinates":[[-1.3727871,50.9066559],[-1.3727129,50.906731]]}},
{"type":"Feature","properties":{"id":56445,"nach":0.65519432025344204},"geometry":{"type":"LineString","coordinates":[[-1.3724489,50.9069961],[-1.3724219,50.9070219]]}},
{"type":"Feature","properties":{"id":56446,"nach":0.44992738075714234},"geometry":{"type":"LineString","coordinates":[[-1.3724489,50.9069961],[-1.3727387,50.907115],[-1.3728165,50.907172]]}},
{"type":"Feature","properties":{"id":56529,"nach":0.64863283291535334},"geometry":{"type":"LineString","coordinates":[[-1.3708298,50.908292],[-1.3715094,50.9077903]]}},
{"type":"Feature","properties":{"id":56531,"nach":0.43878808947453501},"geometry":{"type":"LineString","coordinates":[[-1.3708298,50.908292],[-1.370919,50.9083462],[-1.3710584,50.9084228],[-1.3712062,50.9084902]]}},
{"type":"Feature","properties":{"id":45181,"nach":0.21241518763703934},"geometry":{"type":"LineString","coordinates":[[-1.3749964,50.9086197],[-1.3748978,50.9086712]]}},
{"type":"Feature","properties":{"id":45184,"nach":0.20691279454332875},"geometry":{"type":"LineString","coordinates":[[-1.375207,50.90880090000001],[-1.3749964,50.9086197]]}},
{"type":"Feature","properties":{"id":45186,"nach":0.26927571486330726},"geometry":{"type":"LineString","coordinates":[[-1.3760037,50.9081014],[-1.3756973,50.9082453],[-1.3752928,50.9084648],[-1.3749964,50.9086197]]}},
{"type":"Feature","properties":{"id":45188,"nach":0.22237219706359393},"geometry":{"type":"LineString","coordinates":[[-1.3762411,50.9082865],[-1.3760037,50.9081014]]}},
{"type":"Feature","properties":{"id":45190,"nach":0.29664382426617636},"geometry":{"type":"LineString","coordinates":[[-1.3771544,50.9074923],[-1.3768907,50.9076328],[-1.3765294,50.9078251],[-1.3760222,50.9080927],[-1.3760037,50.9081014]]}},
{"type":"Feature","properties":{"id":45192,"nach":0.23107625916322411},"geometry":{"type":"LineString","coordinates":[[-1.3774807,50.9077658],[-1.3771544,50.9074923]]}},
{"type":"Feature","properties":{"id":45193,"nach":0.31265662463394883},"geometry":{"type":"LineString","coordinates":[[-1.378148,50.9069698],[-1.3780511,50.9070266],[-1.3777063,50.9071855],[-1.3773615,50.907382],[-1.3771544,50.9074923]]}},
{"type":"Feature","properties":{"id":45197,"nach":0.32660041769879028},"geometry":{"type":"LineString","coordinates":[[-1.3788386,50.9065005],[-1.3792155,50.9066857],[-1.3794262,50.9067366],[-1.3795907,50.9067366],[-1.3797378,50.9067294],[-1.3798302,50.9067257],[-1.3799197,50.9067603],[-1.3800784,50.9068586],[-1.3801419,50.9069441],[-1.3800726,50.9070078],[-1.3798677,50.9071006],[-1.379441,50.9072543],[-1.3790626,50.9073798],[-1.3788242,50.9074101],[-1.3787127,50.90733560000001],[-1.3784415,50.907137],[-1.3783277,50.9070901],[-1.3782599,50.9070694],[-1.378148,50.9069698]]}},
{"type":"Feature","properties":{"id":45199,"nach":0.35816205783666488},"geometry":{"type":"LineString","coordinates":[[-1.3793192,50.9061414],[-1.3791252,50.9062803],[-1.3788386,50.9065005]]}},
{"type":"Feature","properties":{"id":74243,"nach":0.39429440039251618},"geometry":{"type":"LineString","coordinates":[[-1.3801872,50.905315],[-1.3799904,50.905511],[-1.3795429,50.9059813],[-1.3793192,50.9061414]]}},
{"type":"Feature","properties":{"id":45202,"nach":0.31313425424886365},"geometry":{"type":"LineString","coordinates":[[-1.3806037,50.9065856],[-1.3804449,50.9064982],[-1.3800553,50.9063963],[-1.379735,50.9063308],[-1.3793192,50.9061414]]}},
{"type":"Feature","properties":{"id":74246,"nach":0.31899896270210715},"geometry":{"type":"LineString","coordinates":[[-1.3809559,50.9056728],[-1.3807535,50.9055328],[-1.3806828,50.9055129],[-1.3805806,50.9054968],[-1.3804804,50.9054733],[-1.3804127,50.9054438],[-1.3803,50.9053794],[-1.3801872,50.905315]]}},
{"type":"Feature","properties":{"id":45329,"nach":0.52061949338791391},"geometry":{"type":"LineString","coordinates":[[-1.3821181,50.9021747],[-1.3823998,50.9022189]]}},
{"type":"Feature","properties":{"id":45331,"nach":0.4738150841232272},"geometry":{"type":"LineString","coordinates":[[-1.3821181,50.9021747],[-1.382017,50.9023863],[-1.3819187,50.9026466]]}},
{"type":"Feature","properties":{"id":45306,"nach":0.58030867372625539},"geometry":{"type":"LineString","coordinates":[[-1.3816493,50.9028293],[-1.3817174,50.9026219]]}},
{"type":"Feature","properties":{"id":45326,"nach":0.3656076063017954},"geometry":{"type":"LineString","coordinates":[[-1.3819187,50.9026466],[-1.3817174,50.9026219]]}},
{"type":"Feature","properties":{"id":45272,"nach":0.41098838096185986},"geometry":{"type":"LineString","coordinates":[[-1.3823998,50.9022189],[-1.3829429,50.9022895],[-1.3833173,50.9023426]]}},
{"type":"Feature","properties":{"id":45274,"nach":0.48612756939825352},"geometry":{"type":"LineString","coordinates":[[-1.3824456,50.9020745],[-1.3823998,50.9022189]]}},
{"type":"Feature","properties":{"id":45276,"nach":0.41092663752454839},"geometry":{"type":"LineString","coordinates":[[-1.3824456,50.9020745],[-1.3824777,50.9019933],[-1.3824976,50.9019626],[-1.3825286,50.9019514],[-1.3825862,50.9019458],[-1.3829185,50.9019919]]}},
{"type":"Feature","properties":{"id":45277,"nach":0.41308336635894566},"geometry":{"type":"LineString","coordinates":[[-1.3828875,50.9021386],[-1.3824456,50.9020745]]}},
{"type":"Feature","properties":{"id":45319,"nach":0.54086868887634454},"geometry":{"type":"LineString","coordinates":[[-1.3822133,50.902914499999987],[-1.3816493,50.9028293]]}},
{"type":"Feature","properties":{"id":45327,"nach":0.45756545430208906},"geometry":{"type":"LineString","coordinates":[[-1.3819187,50.9026466],[-1.3828816,50.9027895],[-1.3829873,50.9027715],[-1.3831215,50.9027485]]}},
{"type":"Feature","properties":{"id":45285,"nach":0.37418540155946328},"geometry":{"type":"LineString","coordinates":[[-1.3845566,50.9029843],[-1.3843208,50.9029023],[-1.3834548,50.9027844],[-1.3831215,50.9027485]]}},
{"type":"Feature","properties":{"id":45286,"nach":0.37559925211074957},"geometry":{"type":"LineString","coordinates":[[-1.3839915,50.9026331],[-1.3830971,50.9024998],[-1.3830361,50.9026639],[-1.3831011,50.9027074],[-1.3831215,50.9027485]]}},
{"type":"Feature","properties":{"id":45297,"nach":0.43692120259295064},"geometry":{"type":"LineString","coordinates":[[-1.3819919,50.9032152],[-1.3820353,50.9032163],[-1.3821618,50.9031914],[-1.3827747,50.9033036],[-1.383016,50.903333499999988],[-1.3831979,50.90336090000001],[-1.383366,50.9034166]]}},
{"type":"Feature","properties":{"id":45293,"nach":0.35812494096283209},"geometry":{"type":"LineString","coordinates":[[-1.3837396,50.9037774],[-1.3837633,50.9036303],[-1.3837159,50.9035355],[-1.3835696,50.9034457],[-1.383366,50.9034166]]}},
{"type":"Feature","properties":{"id":45318,"nach":0.52170573081021121},"geometry":{"type":"LineString","coordinates":[[-1.3822133,50.902914499999987],[-1.3822589,50.9029214]]}},
{"type":"Feature","properties":{"id":45321,"nach":0.40400276843377253},"geometry":{"type":"LineString","coordinates":[[-1.3822765,50.90276],[-1.3822133,50.902914499999987]]}},
{"type":"Feature","properties":{"id":45312,"nach":0.36887048984168269},"geometry":{"type":"LineString","coordinates":[[-1.3829233,50.9030214],[-1.3830753,50.9030442],[-1.3832849,50.9030792],[-1.3834142,50.9030945],[-1.3834747,50.9031016],[-1.3839729,50.90323630000001],[-1.384396,50.9032662]]}},
{"type":"Feature","properties":{"id":45322,"nach":0.45659434461503912},"geometry":{"type":"LineString","coordinates":[[-1.3826984,50.9029875],[-1.3829233,50.9030214]]}},
{"type":"Feature","properties":{"id":45313,"nach":0.38620390547927003},"geometry":{"type":"LineString","coordinates":[[-1.382838,50.9032437],[-1.3829233,50.9030214]]}},
{"type":"Feature","properties":{"id":45323,"nach":0.49537666048264295},"geometry":{"type":"LineString","coordinates":[[-1.3826984,50.9029875],[-1.3822589,50.9029214]]}},
{"type":"Feature","properties":{"id":45325,"nach":0.39460424401214844},"geometry":{"type":"LineString","coordinates":[[-1.3827589,50.9028323],[-1.3826984,50.9029875]]}},
{"type":"Feature","properties":{"id":45317,"nach":0.40119994110887347},"geometry":{"type":"LineString","coordinates":[[-1.3821658,50.903149],[-1.3822589,50.9029214]]}},
{"type":"Feature","properties":{"id":99120,"nach":0.46199368659867418},"geometry":{"type":"LineString","coordinates":[[-1.3831287,50.8947335],[-1.3831596,50.8947027],[-1.3832456,50.8946505],[-1.3836905,50.8944896],[-1.3837469,50.8944291],[-1.383765,50.8940136]]}},
{"type":"Feature","properties":{"id":99122,"nach":0.45191694911050151},"geometry":{"type":"LineString","coordinates":[[-1.3831287,50.8947335],[-1.3830563,50.8947258],[-1.382862,50.8947061],[-1.3826058,50.8946591]]}},
{"type":"Feature","properties":{"id":99121,"nach":0.52133013515140503},"geometry":{"type":"LineString","coordinates":[[-1.3831287,50.8947335],[-1.3831076,50.8947546],[-1.3831,50.8948204],[-1.3831313,50.8948888],[-1.383033,50.8949416]]}},
{"type":"Feature","properties":{"id":47813,"nach":0.42224278777280555},"geometry":{"type":"LineString","coordinates":[[-1.3831245,50.9015659],[-1.3832855,50.9015569]]}},
{"type":"Feature","properties":{"id":47816,"nach":0.41732929585711576},"geometry":{"type":"LineString","coordinates":[[-1.383331,50.9012914],[-1.3831191,50.9013635],[-1.3831024,50.901374],[-1.3831245,50.9015659]]}},
{"type":"Feature","properties":{"id":54724,"nach":0.27868223239324524},"geometry":{"type":"LineString","coordinates":[[-1.3719663,50.9013105],[-1.372449,50.90158610000001]]}},
{"type":"Feature","properties":{"id":52335,"nach":0.51411981296491049},"geometry":{"type":"LineString","coordinates":[[-1.3675215,50.9093499],[-1.3676556,50.9093127]]}},
{"type":"Feature","properties":{"id":67617,"nach":0.54911165952751362},"geometry":{"type":"LineString","coordinates":[[-1.3677114,50.9092976],[-1.3676556,50.9093127]]}},
{"type":"Feature","properties":{"id":67624,"nach":0.44282588869043754},"geometry":{"type":"LineString","coordinates":[[-1.367586,50.9091911],[-1.3676556,50.9093127]]}},
{"type":"Feature","properties":{"id":52339,"nach":0.44044105728986516},"geometry":{"type":"LineString","coordinates":[[-1.3675885,50.9094751],[-1.3675215,50.9093499]]}},
{"type":"Feature","properties":{"id":52338,"nach":0.43992188492523421},"geometry":{"type":"LineString","coordinates":[[-1.36739,50.9092129],[-1.3674732,50.909336399999987],[-1.3675215,50.9093499]]}},
{"type":"Feature","properties":{"id":67619,"nach":0.443678858433385},"geometry":{"type":"LineString","coordinates":[[-1.3677114,50.9092976],[-1.3678044,50.9094377]]}},
{"type":"Feature","properties":{"id":67621,"nach":0.57214682764181157},"geometry":{"type":"LineString","coordinates":[[-1.3678217,50.9092676],[-1.3677114,50.9092976]]}},
{"type":"Feature","properties":{"id":55481,"nach":0.63697248444723764},"geometry":{"type":"LineString","coordinates":[[-1.3701003,50.9046245],[-1.3698399,50.904651],[-1.3697931,50.9046609]]}},
{"type":"Feature","properties":{"id":55478,"nach":0.56462914377360607},"geometry":{"type":"LineString","coordinates":[[-1.3699999,50.9043701],[-1.3697536,50.90444620000001],[-1.3697098,50.9044691],[-1.3697931,50.9046609]]}},
{"type":"Feature","properties":{"id":55479,"nach":0.63930847354255649},"geometry":{"type":"LineString","coordinates":[[-1.3701003,50.9046245],[-1.3704016,50.9045931]]}},
{"type":"Feature","properties":{"id":55480,"nach":0.450098219234148},"geometry":{"type":"LineString","coordinates":[[-1.3701003,50.9046245],[-1.3699999,50.9043701]]}},
{"type":"Feature","properties":{"id":55477,"nach":0.5680000952952261},"geometry":{"type":"LineString","coordinates":[[-1.3699999,50.9043701],[-1.3702473,50.9042936],[-1.370278,50.9042712]]}},
{"type":"Feature","properties":{"id":55482,"nach":0.58918330703642474},"geometry":{"type":"LineString","coordinates":[[-1.3702958,50.9042596],[-1.3703198,50.9042438]]}},
{"type":"Feature","properties":{"id":55472,"nach":0.53936197216209691},"geometry":{"type":"LineString","coordinates":[[-1.3705988,50.9042838],[-1.3705235,50.9042976],[-1.3703198,50.9042438]]}},
{"type":"Feature","properties":{"id":55483,"nach":0.57874924563983432},"geometry":{"type":"LineString","coordinates":[[-1.3702958,50.9042596],[-1.370278,50.9042712]]}},
{"type":"Feature","properties":{"id":55471,"nach":0.0},"geometry":{"type":"LineString","coordinates":[[-1.3705988,50.9042838],[-1.3709053,50.9042277],[-1.3710233,50.9045289]]}},
{"type":"Feature","properties":{"id":55475,"nach":0.53542942373094393},"geometry":{"type":"LineString","coordinates":[[-1.3707044,50.9045618],[-1.3705988,50.9042838]]}},
{"type":"Feature","properties":{"id":55473,"nach":0.65214220949496449},"geometry":{"type":"LineString","coordinates":[[-1.3707044,50.9045618],[-1.3710233,50.9045289]]}},
{"type":"Feature","properties":{"id":55474,"nach":0.6396730704285335},"geometry":{"type":"LineString","coordinates":[[-1.3707044,50.9045618],[-1.3704016,50.9045931]]}},
{"type":"Feature","properties":{"id":55469,"nach":0.38835096156300519},"geometry":{"type":"LineString","coordinates":[[-1.3704016,50.9045931],[-1.370278,50.9042712]]}},
{"type":"Feature","properties":{"id":55504,"nach":0.47346406089113813},"geometry":{"type":"LineString","coordinates":[[-1.3722609,50.9041223],[-1.3721889,50.9041927],[-1.3721544,50.9042594],[-1.3721338,50.9043428],[-1.372125,50.9044442]]}},
{"type":"Feature","properties":{"id":55521,"nach":0.47622558786072267},"geometry":{"type":"LineString","coordinates":[[-1.3669087,50.9052123],[-1.3666237,50.9052947]]}},
{"type":"Feature","properties":{"id":55520,"nach":0.4755819597435636},"geometry":{"type":"LineString","coordinates":[[-1.3663846,50.9052623],[-1.3664491,50.9053466],[-1.3666237,50.9052947]]}},
{"type":"Feature","properties":{"id":55872,"nach":0.4919537753337479},"geometry":{"type":"LineString","coordinates":[[-1.3667837,50.90274440000001],[-1.3665961,50.9026333]]}},
{"type":"Feature","properties":{"id":55867,"nach":0.43846964410171391},"geometry":{"type":"LineString","coordinates":[[-1.3668808,50.9025144],[-1.3666283,50.9024989],[-1.3665186,50.9025868],[-1.3665961,50.9026333]]}},
{"type":"Feature","properties":{"id":55863,"nach":0.18861870736509934},"geometry":{"type":"LineString","coordinates":[[-1.3664646,50.902850200000017],[-1.3663655,50.902794900000018],[-1.3665961,50.9026333]]}},
{"type":"Feature","properties":{"id":55875,"nach":0.44256401148729685},"geometry":{"type":"LineString","coordinates":[[-1.3672161,50.9024455],[-1.3667837,50.90274440000001]]}},
{"type":"Feature","properties":{"id":55876,"nach":0.40890074265992127},"geometry":{"type":"LineString","coordinates":[[-1.3665555,50.9033439],[-1.3663581,50.9034772],[-1.3660314,50.9032868],[-1.3662969,50.90310190000001],[-1.3661931,50.9030388],[-1.3664646,50.902850200000017]]}},
{"type":"Feature","properties":{"id":55966,"nach":0.4651246689916998},"geometry":{"type":"LineString","coordinates":[[-1.3741308,50.9025116],[-1.3743791,50.9024473]]}},
{"type":"Feature","properties":{"id":56109,"nach":0.63595710221628909},"geometry":{"type":"LineString","coordinates":[[-1.3788016,50.9012751],[-1.378801,50.90125],[-1.378812,50.901057],[-1.3788531,50.9009097]]}},
{"type":"Feature","properties":{"id":56136,"nach":0.59651509925787771},"geometry":{"type":"LineString","coordinates":[[-1.3786899,50.9009139],[-1.3787771,50.900911700000016],[-1.3788531,50.9009097]]}},
{"type":"Feature","properties":{"id":56155,"nach":0.47782580157378596},"geometry":{"type":"LineString","coordinates":[[-1.3782848,50.9009245],[-1.3786899,50.9009139]]}},
{"type":"Feature","properties":{"id":56141,"nach":0.57804373171870616},"geometry":{"type":"LineString","coordinates":[[-1.3784974,50.9007268],[-1.3785278,50.900785],[-1.3785712,50.9008041],[-1.3785958,50.9008242],[-1.3786334,50.9008826],[-1.3786899,50.9009139]]}},
{"type":"Feature","properties":{"id":56149,"nach":0.48782913906616759},"geometry":{"type":"LineString","coordinates":[[-1.3779335,50.9005916],[-1.3779566,50.900933]]}},
{"type":"Feature","properties":{"id":56150,"nach":0.60941579074446339},"geometry":{"type":"LineString","coordinates":[[-1.3779335,50.9005916],[-1.3779792,50.9006097],[-1.3780183,50.9006225]]}},
{"type":"Feature","properties":{"id":56138,"nach":0.45661700336057698},"geometry":{"type":"LineString","coordinates":[[-1.3784974,50.9007268],[-1.3784673,50.9007217],[-1.3784389,50.9007331],[-1.3783661,50.9007584],[-1.3782735,50.9007809],[-1.3781854,50.9008117]]}},
{"type":"Feature","properties":{"id":56143,"nach":0.57975355231691783},"geometry":{"type":"LineString","coordinates":[[-1.3782195,50.900654400000015],[-1.3782369,50.9006417],[-1.3782875,50.90061870000001],[-1.378338,50.9006176],[-1.378383,50.900627100000015],[-1.378438,50.900659],[-1.3784626,50.9007074],[-1.3784974,50.9007268]]}},
{"type":"Feature","properties":{"id":56105,"nach":0.39734531416548985},"geometry":{"type":"LineString","coordinates":[[-1.3779566,50.900933],[-1.3780236,50.900884799999986],[-1.3780783,50.9008618],[-1.378154,50.9008159],[-1.3781854,50.9008117]]}},
{"type":"Feature","properties":{"id":56156,"nach":0.47664583626221402},"geometry":{"type":"LineString","coordinates":[[-1.3782848,50.9009245],[-1.3782861,50.9009],[-1.3782644,50.9008771],[-1.3782282,50.9008571],[-1.3782079,50.9008269],[-1.3781854,50.9008117]]}},
{"type":"Feature","properties":{"id":56151,"nach":0.50003031641471718},"geometry":{"type":"LineString","coordinates":[[-1.3781413,50.9007667],[-1.3781645,50.900798600000023],[-1.3781854,50.9008117]]}},
{"type":"Feature","properties":{"id":56154,"nach":0.40926311907831842},"geometry":{"type":"LineString","coordinates":[[-1.3782848,50.9009245],[-1.3779566,50.900933]]}},
{"type":"Feature","properties":{"id":56106,"nach":0.47089025370550847},"geometry":{"type":"LineString","coordinates":[[-1.3779391,50.9009693],[-1.3779566,50.900933]]}},
{"type":"Feature","properties":{"id":56152,"nach":0.15997631386001024},"geometry":{"type":"LineString","coordinates":[[-1.3781413,50.9007667],[-1.3781703,50.9007366],[-1.3781992,50.900698200000015],[-1.3782195,50.900654400000015]]}},
{"type":"Feature","properties":{"id":56153,"nach":0.51160067809582321},"geometry":{"type":"LineString","coordinates":[[-1.3781413,50.9007667],[-1.3780979,50.9007466],[-1.3780111,50.9006791],[-1.378001,50.9006581],[-1.377995,50.9006392],[-1.3780183,50.9006225]]}},
{"type":"Feature","properties":{"id":56116,"nach":0.53370905802975988},"geometry":{"type":"LineString","coordinates":[[-1.3791042,50.9006285],[-1.3791191,50.9008431]]}},
{"type":"Feature","properties":{"id":56159,"nach":0.38290565950182104},"geometry":{"type":"LineString","coordinates":[[-1.3793669,50.9008002],[-1.3793027,50.9008814],[-1.3792748,50.9008907],[-1.3791191,50.9008431]]}},
{"type":"Feature","properties":{"id":56157,"nach":0.51314803786939434},"geometry":{"type":"LineString","coordinates":[[-1.3793669,50.9008002],[-1.3793117,50.9007807],[-1.379233,50.9007414],[-1.3791747,50.9006986],[-1.3791042,50.9006285]]}},
{"type":"Feature","properties":{"id":56158,"nach":0.48953268429701435},"geometry":{"type":"LineString","coordinates":[[-1.3793669,50.9008002],[-1.3793795,50.9008046],[-1.3795084,50.9007371]]}},
{"type":"Feature","properties":{"id":56146,"nach":0.58369735020133795},"geometry":{"type":"LineString","coordinates":[[-1.3780183,50.9006225],[-1.378056,50.9006207],[-1.3782195,50.900654400000015]]}},
{"type":"Feature","properties":{"id":56309,"nach":0.64788681077759092},"geometry":{"type":"LineString","coordinates":[[-1.3762431,50.8999554],[-1.3754793,50.8999116]]}},
{"type":"Feature","properties":{"id":56179,"nach":0.46650118701860344},"geometry":{"type":"LineString","coordinates":[[-1.3752053,50.9002355],[-1.3754287,50.9002479],[-1.3754456,50.900147],[-1.3754585,50.9000544],[-1.3754793,50.8999116]]}},
{"type":"Feature","properties":{"id":56312,"nach":0.46595220291816902},"geometry":{"type":"LineString","coordinates":[[-1.3762925,50.8995484],[-1.3762431,50.8999554]]}},
{"type":"Feature","properties":{"id":56258,"nach":0.48574834067922878},"geometry":{"type":"LineString","coordinates":[[-1.3708498,50.911523],[-1.3708535,50.9114979]]}},
{"type":"Feature","properties":{"id":56254,"nach":0.50202323860093034},"geometry":{"type":"LineString","coordinates":[[-1.3708838,50.9113231],[-1.3708535,50.9114979]]}},
{"type":"Feature","properties":{"id":56259,"nach":0.40593349601668788},"geometry":{"type":"LineString","coordinates":[[-1.3708498,50.911523],[-1.3708113,50.9117857],[-1.3708594,50.9118011],[-1.3713216,50.91183]]}},
{"type":"Feature","properties":{"id":56260,"nach":0.41005853626571215},"geometry":{"type":"LineString","coordinates":[[-1.3708498,50.911523],[-1.3713616,50.9115541],[-1.3713556,50.9116549]]}},
{"type":"Feature","properties":{"id":56256,"nach":0.41581988940852782},"geometry":{"type":"LineString","coordinates":[[-1.3708838,50.9113231],[-1.3714013,50.9113476]]}},
{"type":"Feature","properties":{"id":56321,"nach":0.4620279857642316},"geometry":{"type":"LineString","coordinates":[[-1.3773767,50.8993611],[-1.3775637,50.8993665]]}},
{"type":"Feature","properties":{"id":56324,"nach":0.4597797531999776},"geometry":{"type":"LineString","coordinates":[[-1.3773939,50.8991435],[-1.3773767,50.8993611]]}},
{"type":"Feature","properties":{"id":56263,"nach":0.45473189143453679},"geometry":{"type":"LineString","coordinates":[[-1.3682941,50.9098274],[-1.3684716,50.9099516]]}},
{"type":"Feature","properties":{"id":56598,"nach":0.62742846811352815},"geometry":{"type":"LineString","coordinates":[[-1.3680191,50.9099802],[-1.3681692,50.9098909],[-1.3682941,50.9098274]]}},
{"type":"Feature","properties":{"id":56599,"nach":0.4525087961083622},"geometry":{"type":"LineString","coordinates":[[-1.3680191,50.9099802],[-1.3681264,50.91005710000001],[-1.3681775,50.910076],[-1.3683075,50.9101742]]}},
{"type":"Feature","properties":{"id":56601,"nach":0.62330009629161465},"geometry":{"type":"LineString","coordinates":[[-1.3678164,50.9101009],[-1.3680191,50.9099802]]}},
{"type":"Feature","properties":{"id":56290,"nach":0.53629349290111472},"geometry":{"type":"LineString","coordinates":[[-1.3734103,50.9060256],[-1.373129,50.9059152]]}},
{"type":"Feature","properties":{"id":56294,"nach":0.67772536937020833},"geometry":{"type":"LineString","coordinates":[[-1.3732974,50.9061397],[-1.3734103,50.9060256]]}},
{"type":"Feature","properties":{"id":56291,"nach":0.46325894260964096},"geometry":{"type":"LineString","coordinates":[[-1.3730841,50.9059088],[-1.373129,50.9059152]]}},
{"type":"Feature","properties":{"id":56292,"nach":0.46313613540046528},"geometry":{"type":"LineString","coordinates":[[-1.3731034,50.9058878],[-1.373129,50.9059152]]}},
{"type":"Feature","properties":{"id":56296,"nach":0.46289284664506491},"geometry":{"type":"LineString","coordinates":[[-1.3732974,50.9061397],[-1.373129,50.9060785],[-1.3729997,50.9060248]]}},
{"type":"Feature","properties":{"id":56350,"nach":0.67475116392665657},"geometry":{"type":"LineString","coordinates":[[-1.3732642,50.9061733],[-1.3732974,50.9061397]]}},
{"type":"Feature","properties":{"id":56351,"nach":0.67191546322875206},"geometry":{"type":"LineString","coordinates":[[-1.3732642,50.9061733],[-1.373252,50.9061857]]}},
{"type":"Feature","properties":{"id":56352,"nach":0.46091206728974909},"geometry":{"type":"LineString","coordinates":[[-1.3732642,50.9061733],[-1.3736075,50.9063313]]}},
{"type":"Feature","properties":{"id":56304,"nach":0.45497408133123979},"geometry":{"type":"LineString","coordinates":[[-1.3728492,50.9065931],[-1.372505,50.9064581]]}},
{"type":"Feature","properties":{"id":56355,"nach":0.66650711559102283},"geometry":{"type":"LineString","coordinates":[[-1.3731264,50.9063127],[-1.3728492,50.9065931]]}},
{"type":"Feature","properties":{"id":56342,"nach":0.6644047550933625},"geometry":{"type":"LineString","coordinates":[[-1.3728064,50.9066364],[-1.3728492,50.9065931]]}},
{"type":"Feature","properties":{"id":56354,"nach":0.66916719286710613},"geometry":{"type":"LineString","coordinates":[[-1.3731264,50.9063127],[-1.373252,50.9061857]]}},
{"type":"Feature","properties":{"id":56356,"nach":0.45931382484416039},"geometry":{"type":"LineString","coordinates":[[-1.3731264,50.9063127],[-1.3734515,50.9064525]]}},
{"type":"Feature","properties":{"id":56343,"nach":0.66231421680281333},"geometry":{"type":"LineString","coordinates":[[-1.3728064,50.9066364],[-1.3727871,50.9066559]]}},
{"type":"Feature","properties":{"id":56344,"nach":0.45435603042724787},"geometry":{"type":"LineString","coordinates":[[-1.3728064,50.9066364],[-1.3731515,50.9067718]]}},
{"type":"Feature","properties":{"id":56319,"nach":0.46758860041736233},"geometry":{"type":"LineString","coordinates":[[-1.3768556,50.8995726],[-1.3770027,50.8995666]]}},
{"type":"Feature","properties":{"id":56320,"nach":0.46831080592783847},"geometry":{"type":"LineString","coordinates":[[-1.377087,50.8995632],[-1.3770027,50.8995666]]}},
{"type":"Feature","properties":{"id":56448,"nach":0.65378137728614927},"geometry":{"type":"LineString","coordinates":[[-1.3723417,50.907098499999982],[-1.3724219,50.9070219]]}},
{"type":"Feature","properties":{"id":56332,"nach":0.44441124301430524},"geometry":{"type":"LineString","coordinates":[[-1.3715849,50.9068147],[-1.3717244,50.9066927],[-1.3719923,50.9068187],[-1.3720931,50.9068669],[-1.3724219,50.9070219]]}},
{"type":"Feature","properties":{"id":56450,"nach":0.44917022416683655},"geometry":{"type":"LineString","coordinates":[[-1.3723417,50.907098499999982],[-1.3726491,50.907228]]}},
{"type":"Feature","properties":{"id":56456,"nach":0.65233271839892715},"geometry":{"type":"LineString","coordinates":[[-1.3722596,50.907177],[-1.3723417,50.907098499999982]]}},
{"type":"Feature","properties":{"id":56340,"nach":0.45434529561986303},"geometry":{"type":"LineString","coordinates":[[-1.3727871,50.9066559],[-1.373134,50.9067887]]}},
{"type":"Feature","properties":{"id":56348,"nach":0.4604288754117663},"geometry":{"type":"LineString","coordinates":[[-1.373252,50.9061857],[-1.3736024,50.9063505]]}},
{"type":"Feature","properties":{"id":84102,"nach":0.41113365315961509},"geometry":{"type":"LineString","coordinates":[[-1.3778291,50.9062525],[-1.3779804,50.9063949],[-1.3781666,50.90655490000001],[-1.3782034,50.9066042],[-1.3781826,50.9066368],[-1.3778584,50.9068352]]}},
{"type":"Feature","properties":{"id":56396,"nach":0.42489690872074887},"geometry":{"type":"LineString","coordinates":[[-1.3713742,50.910164],[-1.3711166,50.9100264]]}},
{"type":"Feature","properties":{"id":56414,"nach":0.43624065633674169},"geometry":{"type":"LineString","coordinates":[[-1.3725924,50.9082425],[-1.3724143,50.9081332]]}},
{"type":"Feature","properties":{"id":56510,"nach":0.6525407632461544},"geometry":{"type":"LineString","coordinates":[[-1.3726503,50.9082036],[-1.3725924,50.9082425]]}},
{"type":"Feature","properties":{"id":56509,"nach":0.65266786281197042},"geometry":{"type":"LineString","coordinates":[[-1.3726503,50.9082036],[-1.3728345,50.9080797]]}},
{"type":"Feature","properties":{"id":56511,"nach":0.43570320174322463},"geometry":{"type":"LineString","coordinates":[[-1.3726503,50.9082036],[-1.3728961,50.9083609]]}},
{"type":"Feature","properties":{"id":56418,"nach":0.43799551728593639},"geometry":{"type":"LineString","coordinates":[[-1.3728345,50.9080797],[-1.372657,50.9080297],[-1.3725726,50.9079826]]}},
{"type":"Feature","properties":{"id":56424,"nach":0.65294330152946478},"geometry":{"type":"LineString","coordinates":[[-1.3729424,50.908007],[-1.3728345,50.9080797]]}},
{"type":"Feature","properties":{"id":56425,"nach":0.51068661907634105},"geometry":{"type":"LineString","coordinates":[[-1.3729424,50.908007],[-1.3726944,50.90786520000001]]}},
{"type":"Feature","properties":{"id":56429,"nach":0.6536285377309563},"geometry":{"type":"LineString","coordinates":[[-1.3730829,50.90791140000001],[-1.3729424,50.908007]]}},
{"type":"Feature","properties":{"id":56422,"nach":0.43732046599286439},"geometry":{"type":"LineString","coordinates":[[-1.3726944,50.90786520000001],[-1.3726858,50.9078388],[-1.3726044,50.9077907]]}},
{"type":"Feature","properties":{"id":56426,"nach":0.43768813288831798},"geometry":{"type":"LineString","coordinates":[[-1.3726605,50.9078553],[-1.3726944,50.90786520000001]]}},
{"type":"Feature","properties":{"id":56430,"nach":0.43992141271346225},"geometry":{"type":"LineString","coordinates":[[-1.3730829,50.90791140000001],[-1.3728581,50.9077722]]}},
{"type":"Feature","properties":{"id":56432,"nach":0.65410556271980091},"geometry":{"type":"LineString","coordinates":[[-1.3731006,50.9079006],[-1.3730829,50.90791140000001]]}},
{"type":"Feature","properties":{"id":56433,"nach":0.43946399417389198},"geometry":{"type":"LineString","coordinates":[[-1.3731006,50.9079006],[-1.372845,50.9077375]]}},
{"type":"Feature","properties":{"id":56507,"nach":0.6545397702851341},"geometry":{"type":"LineString","coordinates":[[-1.3731707,50.9078564],[-1.373153,50.9078653],[-1.3731006,50.9079006]]}},
{"type":"Feature","properties":{"id":56505,"nach":0.65503560398844718},"geometry":{"type":"LineString","coordinates":[[-1.3731707,50.9078564],[-1.3732768,50.9078031]]}},
{"type":"Feature","properties":{"id":56506,"nach":0.43974304615230175},"geometry":{"type":"LineString","coordinates":[[-1.3731707,50.9078564],[-1.3734056,50.9080209]]}},
{"type":"Feature","properties":{"id":56438,"nach":0.44021643577099273},"geometry":{"type":"LineString","coordinates":[[-1.3732768,50.9078031],[-1.3730406,50.90762620000001]]}},
{"type":"Feature","properties":{"id":56501,"nach":0.65564011054912641},"geometry":{"type":"LineString","coordinates":[[-1.3733896,50.9077464],[-1.3732768,50.9078031]]}},
{"type":"Feature","properties":{"id":56500,"nach":0.65683486359009458},"geometry":{"type":"LineString","coordinates":[[-1.3733896,50.9077464],[-1.3735464,50.9076677]]}},
{"type":"Feature","properties":{"id":56502,"nach":0.5137333362359342},"geometry":{"type":"LineString","coordinates":[[-1.3733896,50.9077464],[-1.3735772,50.9078972]]}},
{"type":"Feature","properties":{"id":56494,"nach":0.51436097521142621},"geometry":{"type":"LineString","coordinates":[[-1.3735464,50.9076677],[-1.3737208,50.907795900000018]]}},
{"type":"Feature","properties":{"id":56459,"nach":0.44394764910169171},"geometry":{"type":"LineString","coordinates":[[-1.3714359,50.9068423],[-1.3716129,50.9069282],[-1.3717275,50.9069167],[-1.3722596,50.907177]]}},
{"type":"Feature","properties":{"id":56467,"nach":0.44154796298530996},"geometry":{"type":"LineString","coordinates":[[-1.3715094,50.9077903],[-1.3711418,50.9075952]]}},
{"type":"Feature","properties":{"id":56470,"nach":0.64852625808756836},"geometry":{"type":"LineString","coordinates":[[-1.3715854,50.9077341],[-1.3715094,50.9077903]]}},
{"type":"Feature","properties":{"id":56471,"nach":0.44185678145934765},"geometry":{"type":"LineString","coordinates":[[-1.3715854,50.9077341],[-1.3712437,50.9075531]]}},
{"type":"Feature","properties":{"id":56478,"nach":0.43807609345193022},"geometry":{"type":"LineString","coordinates":[[-1.3743839,50.9077163],[-1.3743993,50.9077737]]}},
{"type":"Feature","properties":{"id":56481,"nach":0.51125174501399262},"geometry":{"type":"LineString","coordinates":[[-1.3744026,50.9075488],[-1.3743839,50.9077163]]}},
{"type":"Feature","properties":{"id":56483,"nach":0.43789691820216636},"geometry":{"type":"LineString","coordinates":[[-1.3743673,50.9077845],[-1.3743839,50.9077163]]}},
{"type":"Feature","properties":{"id":56521,"nach":0.61654722228603376},"geometry":{"type":"LineString","coordinates":[[-1.3750596,50.9073258],[-1.374908,50.9074535],[-1.3747321,50.9075223],[-1.3746364,50.9075397],[-1.3745505,50.9075494],[-1.3744026,50.9075488]]}},
{"type":"Feature","properties":{"id":56520,"nach":0.49285300291507733},"geometry":{"type":"LineString","coordinates":[[-1.3750596,50.9073258],[-1.3749524,50.9072751]]}},
{"type":"Feature","properties":{"id":56526,"nach":0.60167758021811657},"geometry":{"type":"LineString","coordinates":[[-1.3751975,50.9072096],[-1.3750596,50.9073258]]}},
{"type":"Feature","properties":{"id":56490,"nach":0.4412287175287633},"geometry":{"type":"LineString","coordinates":[[-1.3737208,50.907795900000018],[-1.373768,50.907814400000014]]}},
{"type":"Feature","properties":{"id":56495,"nach":0.44140118307762266},"geometry":{"type":"LineString","coordinates":[[-1.3737345,50.9078265],[-1.3737208,50.907795900000018]]}},
{"type":"Feature","properties":{"id":56498,"nach":0.44071821646461334},"geometry":{"type":"LineString","coordinates":[[-1.3735772,50.9078972],[-1.3736223,50.9079144]]}},
{"type":"Feature","properties":{"id":56503,"nach":0.44071821646461334},"geometry":{"type":"LineString","coordinates":[[-1.3736046,50.9079347],[-1.3735772,50.9078972]]}},
{"type":"Feature","properties":{"id":56527,"nach":0.072775686572905382},"geometry":{"type":"LineString","coordinates":[[-1.3751975,50.9072096],[-1.3750883,50.9071566]]}},
{"type":"Feature","properties":{"id":56522,"nach":0.44596368866086528},"geometry":{"type":"LineString","coordinates":[[-1.3750883,50.9071566],[-1.3749524,50.9072751]]}},
{"type":"Feature","properties":{"id":56516,"nach":0.43424816877838551},"geometry":{"type":"LineString","coordinates":[[-1.3749524,50.9072751],[-1.3748833,50.9073354]]}},
{"type":"Feature","properties":{"id":56535,"nach":0.43302983839902476},"geometry":{"type":"LineString","coordinates":[[-1.3759334,50.906582800000017],[-1.3761892,50.9066983],[-1.3762588,50.906750499999987]]}},
{"type":"Feature","properties":{"id":56554,"nach":0.6108841366233545},"geometry":{"type":"LineString","coordinates":[[-1.3759581,50.9065617],[-1.3759334,50.906582800000017]]}},
{"type":"Feature","properties":{"id":56545,"nach":0.60807349886472339},"geometry":{"type":"LineString","coordinates":[[-1.3758258,50.9066748],[-1.3759334,50.906582800000017]]}},
{"type":"Feature","properties":{"id":56555,"nach":0.43633013985639157},"geometry":{"type":"LineString","coordinates":[[-1.3759581,50.9065617],[-1.3757206,50.9064537]]}},
{"type":"Feature","properties":{"id":56558,"nach":0.61375547804935038},"geometry":{"type":"LineString","coordinates":[[-1.3759823,50.9065409],[-1.3759581,50.9065617]]}},
{"type":"Feature","properties":{"id":56547,"nach":0.43469825573397952},"geometry":{"type":"LineString","coordinates":[[-1.3758258,50.9066748],[-1.3755463,50.9065491]]}},
{"type":"Feature","properties":{"id":56549,"nach":0.60558946341773967},"geometry":{"type":"LineString","coordinates":[[-1.3757139,50.9067705],[-1.3758258,50.9066748]]}},
{"type":"Feature","properties":{"id":56539,"nach":0.43627423360828904},"geometry":{"type":"LineString","coordinates":[[-1.3760844,50.9064536],[-1.3763401,50.9065626],[-1.3763889,50.9065943]]}},
{"type":"Feature","properties":{"id":56557,"nach":0.61656486643267483},"geometry":{"type":"LineString","coordinates":[[-1.3759823,50.9065409],[-1.3760844,50.9064536]]}},
{"type":"Feature","properties":{"id":56559,"nach":0.43684722041332191},"geometry":{"type":"LineString","coordinates":[[-1.3759823,50.9065409],[-1.3757416,50.9064349]]}},
{"type":"Feature","properties":{"id":56551,"nach":0.43390188127797802},"geometry":{"type":"LineString","coordinates":[[-1.3757139,50.9067705],[-1.3754533,50.9066554]]}},
{"type":"Feature","properties":{"id":56571,"nach":0.44103844466937597},"geometry":{"type":"LineString","coordinates":[[-1.3681901,50.9109809],[-1.3682482,50.9109248],[-1.3682651,50.9108419],[-1.368365,50.9107474]]}},
{"type":"Feature","properties":{"id":56577,"nach":0.60085132728459323},"geometry":{"type":"LineString","coordinates":[[-1.3680118,50.9109127],[-1.3681901,50.9109809]]}},
{"type":"Feature","properties":{"id":56579,"nach":0.44523479375380237},"geometry":{"type":"LineString","coordinates":[[-1.3680118,50.9109127],[-1.3682004,50.910746]]}},
{"type":"Feature","properties":{"id":56603,"nach":0.45348909979784241},"geometry":{"type":"LineString","coordinates":[[-1.3678164,50.9101009],[-1.3680571,50.91026]]}},
{"type":"Feature","properties":{"id":56622,"nach":0.45456032124413637},"geometry":{"type":"LineString","coordinates":[[-1.371875,50.9054225],[-1.3721819,50.905551299999985]]}},
{"type":"Feature","properties":{"id":56625,"nach":0.67632818960305496},"geometry":{"type":"LineString","coordinates":[[-1.3717055,50.9055904],[-1.371875,50.9054225]]}},
{"type":"Feature","properties":{"id":56627,"nach":0.45048286171260643},"geometry":{"type":"LineString","coordinates":[[-1.3717055,50.9055904],[-1.3720144,50.9057209]]}},
{"type":"Feature","properties":{"id":56633,"nach":0.67253296439442367},"geometry":{"type":"LineString","coordinates":[[-1.3716145,50.9056807],[-1.3717055,50.9055904]]}},
{"type":"Feature","properties":{"id":56634,"nach":0.66870502992065362},"geometry":{"type":"LineString","coordinates":[[-1.3716145,50.9056807],[-1.3715285,50.905766]]}},
{"type":"Feature","properties":{"id":56635,"nach":0.44939706692255132},"geometry":{"type":"LineString","coordinates":[[-1.3716145,50.9056807],[-1.3718667,50.9057843]]}},
{"type":"Feature","properties":{"id":56631,"nach":0.44709409570462427},"geometry":{"type":"LineString","coordinates":[[-1.3715285,50.905766],[-1.3717323,50.9058492]]}},
{"type":"Feature","properties":{"id":56637,"nach":0.66507422663018501},"geometry":{"type":"LineString","coordinates":[[-1.3714472,50.9058466],[-1.3715285,50.905766]]}},
{"type":"Feature","properties":{"id":56639,"nach":0.44443633545436112},"geometry":{"type":"LineString","coordinates":[[-1.3714472,50.9058466],[-1.3716904,50.9059427]]}},
{"type":"Feature","properties":{"id":56641,"nach":0.66189315692415684},"geometry":{"type":"LineString","coordinates":[[-1.3713625,50.9059306],[-1.3714472,50.9058466]]}},
{"type":"Feature","properties":{"id":56643,"nach":0.44116386020773923},"geometry":{"type":"LineString","coordinates":[[-1.3713625,50.9059306],[-1.3716486,50.9060428]]}},
{"type":"Feature","properties":{"id":56655,"nach":0.42857252711811583},"geometry":{"type":"LineString","coordinates":[[-1.3710234,50.9062747],[-1.3713202,50.906393]]}},
{"type":"Feature","properties":{"id":57754,"nach":0.64663052302256485},"geometry":{"type":"LineString","coordinates":[[-1.3710037,50.9062958],[-1.3710234,50.9062747]]}},
{"type":"Feature","properties":{"id":57755,"nach":0.64286911512609368},"geometry":{"type":"LineString","coordinates":[[-1.3710037,50.9062958],[-1.3707186,50.9066016]]}},
{"type":"Feature","properties":{"id":57756,"nach":0.42511853675056921},"geometry":{"type":"LineString","coordinates":[[-1.3710037,50.9062958],[-1.3706388,50.9061472]]}},
{"type":"Feature","properties":{"id":56659,"nach":0.41497756387680174},"geometry":{"type":"LineString","coordinates":[[-1.3707186,50.9066016],[-1.3710237,50.9067207]]}},
{"type":"Feature","properties":{"id":56668,"nach":0.40534205585498617},"geometry":{"type":"LineString","coordinates":[[-1.3703328,50.9070075],[-1.3706091,50.9071167]]}},
{"type":"Feature","properties":{"id":57746,"nach":0.63094348638266418},"geometry":{"type":"LineString","coordinates":[[-1.3702893,50.9070526],[-1.3703328,50.9070075]]}},
{"type":"Feature","properties":{"id":57747,"nach":0.62759753167334498},"geometry":{"type":"LineString","coordinates":[[-1.3702893,50.9070526],[-1.3702339,50.9071101]]}},
{"type":"Feature","properties":{"id":57748,"nach":0.40503910039444729},"geometry":{"type":"LineString","coordinates":[[-1.3702893,50.9070526],[-1.3700881,50.906962700000015]]}},
{"type":"Feature","properties":{"id":56672,"nach":0.40269441319642124},"geometry":{"type":"LineString","coordinates":[[-1.3702339,50.9071101],[-1.3705272,50.9072254]]}},
{"type":"Feature","properties":{"id":57710,"nach":0.62415187065788036},"geometry":{"type":"LineString","coordinates":[[-1.3702162,50.9071285],[-1.3702339,50.9071101]]}},
{"type":"Feature","properties":{"id":57711,"nach":0.62048834078721693},"geometry":{"type":"LineString","coordinates":[[-1.3702162,50.9071285],[-1.3701551,50.907192]]}},
{"type":"Feature","properties":{"id":57712,"nach":0.40240047065688139},"geometry":{"type":"LineString","coordinates":[[-1.3702162,50.9071285],[-1.3699717,50.9070221]]}},
{"type":"Feature","properties":{"id":56676,"nach":0.40061142586354814},"geometry":{"type":"LineString","coordinates":[[-1.3701551,50.907192],[-1.3704245,50.907299]]}},
{"type":"Feature","properties":{"id":57714,"nach":0.6167055352733396},"geometry":{"type":"LineString","coordinates":[[-1.3700803,50.9072697],[-1.3701551,50.907192]]}},
{"type":"Feature","properties":{"id":57716,"nach":0.39910257367256463},"geometry":{"type":"LineString","coordinates":[[-1.3700803,50.9072697],[-1.3698437,50.9071568]]}},
{"type":"Feature","properties":{"id":57718,"nach":0.61275534539570231},"geometry":{"type":"LineString","coordinates":[[-1.3700142,50.9073384],[-1.3700803,50.9072697]]}},
{"type":"Feature","properties":{"id":56680,"nach":0.39634946703871621},"geometry":{"type":"LineString","coordinates":[[-1.3699862,50.9073674],[-1.3702823,50.907481899999986]]}},
{"type":"Feature","properties":{"id":57719,"nach":0.60863070245062412},"geometry":{"type":"LineString","coordinates":[[-1.3700142,50.9073384],[-1.3699862,50.9073674]]}},
{"type":"Feature","properties":{"id":57722,"nach":0.60425650910179052},"geometry":{"type":"LineString","coordinates":[[-1.3699493,50.9074057],[-1.3699862,50.9073674]]}},
{"type":"Feature","properties":{"id":57720,"nach":0.39788932090279017},"geometry":{"type":"LineString","coordinates":[[-1.3700142,50.9073384],[-1.369792,50.9072325]]}},
{"type":"Feature","properties":{"id":57723,"nach":0.59958296615958107},"geometry":{"type":"LineString","coordinates":[[-1.3699493,50.9074057],[-1.3698982,50.9074587]]}},
{"type":"Feature","properties":{"id":57724,"nach":0.39575695430040309},"geometry":{"type":"LineString","coordinates":[[-1.3699493,50.9074057],[-1.3697058,50.9072911]]}},
{"type":"Feature","properties":{"id":56684,"nach":0.39108792791660657},"geometry":{"type":"LineString","coordinates":[[-1.3697872,50.907574],[-1.3700911,50.9076868]]}},
{"type":"Feature","properties":{"id":57731,"nach":0.58342219326899603},"geometry":{"type":"LineString","coordinates":[[-1.3698096,50.9075507],[-1.3697872,50.907574]]}},
{"type":"Feature","properties":{"id":57738,"nach":0.57704699383234304},"geometry":{"type":"LineString","coordinates":[[-1.3697311,50.9076267],[-1.3697872,50.907574]]}},
{"type":"Feature","properties":{"id":57730,"nach":0.58922425989207128},"geometry":{"type":"LineString","coordinates":[[-1.3698096,50.9075507],[-1.3698801,50.9074775]]}},
{"type":"Feature","properties":{"id":57732,"nach":0.39201766328823423},"geometry":{"type":"LineString","coordinates":[[-1.3698096,50.9075507],[-1.3695845,50.90743470000001]]}},
{"type":"Feature","properties":{"id":57739,"nach":0.57010356008909724},"geometry":{"type":"LineString","coordinates":[[-1.3697311,50.9076267],[-1.3696598,50.9076937]]}},
{"type":"Feature","properties":{"id":57740,"nach":0.38877888557077794},"geometry":{"type":"LineString","coordinates":[[-1.3697311,50.9076267],[-1.3694934,50.9074871],[-1.3694602,50.907462700000011]]}},
{"type":"Feature","properties":{"id":56687,"nach":0.42338423713139911},"geometry":{"type":"LineString","coordinates":[[-1.3697489,50.9079697],[-1.3699442,50.9077789]]}},
{"type":"Feature","properties":{"id":57673,"nach":0.47126049013187016},"geometry":{"type":"LineString","coordinates":[[-1.3697675,50.9079852],[-1.3697489,50.9079697]]}},
{"type":"Feature","properties":{"id":57674,"nach":0.51707622539113396},"geometry":{"type":"LineString","coordinates":[[-1.3697675,50.9079852],[-1.3698378,50.9080436]]}},
{"type":"Feature","properties":{"id":57675,"nach":0.42370537895880134},"geometry":{"type":"LineString","coordinates":[[-1.3697675,50.9079852],[-1.3694842,50.9081395]]}},
{"type":"Feature","properties":{"id":57681,"nach":0.57941812041598573},"geometry":{"type":"LineString","coordinates":[[-1.3699649,50.908149400000013],[-1.3699194,50.9081118]]}},
{"type":"Feature","properties":{"id":57683,"nach":0.42888275556435718},"geometry":{"type":"LineString","coordinates":[[-1.3699649,50.908149400000013],[-1.3697653,50.9082455],[-1.3697033,50.9082763]]}},
{"type":"Feature","properties":{"id":56695,"nach":0.42812458021077504},"geometry":{"type":"LineString","coordinates":[[-1.3699194,50.9081118],[-1.3700958,50.9079464]]}},
{"type":"Feature","properties":{"id":57678,"nach":0.56401630409699022},"geometry":{"type":"LineString","coordinates":[[-1.3698493,50.9080532],[-1.3699194,50.9081118]]}},
{"type":"Feature","properties":{"id":57677,"nach":0.54456155432250164},"geometry":{"type":"LineString","coordinates":[[-1.3698493,50.9080532],[-1.3698378,50.9080436]]}},
{"type":"Feature","properties":{"id":57679,"nach":0.42652321342021904},"geometry":{"type":"LineString","coordinates":[[-1.3698493,50.9080532],[-1.3696278,50.9081718]]}},
{"type":"Feature","properties":{"id":56699,"nach":0.42619191062016687},"geometry":{"type":"LineString","coordinates":[[-1.3698378,50.9080436],[-1.3699734,50.9079078]]}},
{"type":"Feature","properties":{"id":56703,"nach":0.39419538820327898},"geometry":{"type":"LineString","coordinates":[[-1.3698982,50.9074587],[-1.3701705,50.907561]]}},
{"type":"Feature","properties":{"id":57726,"nach":0.59459462324740608},"geometry":{"type":"LineString","coordinates":[[-1.3698801,50.9074775],[-1.3698982,50.9074587]]}},
{"type":"Feature","properties":{"id":57728,"nach":0.39261279235942803},"geometry":{"type":"LineString","coordinates":[[-1.3698801,50.9074775],[-1.3695673,50.9073249]]}},
{"type":"Feature","properties":{"id":56851,"nach":0.56309242432892026},"geometry":{"type":"LineString","coordinates":[[-1.3712003,50.900617100000012],[-1.3712739,50.9005641]]}},
{"type":"Feature","properties":{"id":56852,"nach":0.45354134162076015},"geometry":{"type":"LineString","coordinates":[[-1.3712003,50.900617100000012],[-1.3710127,50.9005425]]}},
{"type":"Feature","properties":{"id":56848,"nach":0.45316571564464736},"geometry":{"type":"LineString","coordinates":[[-1.3712739,50.9005641],[-1.371027,50.9004684]]}},
{"type":"Feature","properties":{"id":57694,"nach":0.42917910124904546},"geometry":{"type":"LineString","coordinates":[[-1.3696692,50.9079034],[-1.3697461,50.9079674]]}},
{"type":"Feature","properties":{"id":57695,"nach":0.38435286080350295},"geometry":{"type":"LineString","coordinates":[[-1.3696692,50.9079034],[-1.3694492,50.9080266]]}},
{"type":"Feature","properties":{"id":57691,"nach":0.38301621766216976},"geometry":{"type":"LineString","coordinates":[[-1.3697461,50.9079674],[-1.3695219,50.9080907]]}},
{"type":"Feature","properties":{"id":57699,"nach":0.45600295476889829},"geometry":{"type":"LineString","coordinates":[[-1.3693486,50.9077641],[-1.3693193,50.9077595]]}},
{"type":"Feature","properties":{"id":57704,"nach":0.3844793727574275},"geometry":{"type":"LineString","coordinates":[[-1.3692274,50.9077104],[-1.3693193,50.9077595]]}},
{"type":"Feature","properties":{"id":57703,"nach":0.38411665476186435},"geometry":{"type":"LineString","coordinates":[[-1.3691501,50.907807],[-1.3692653,50.9077706],[-1.3693193,50.9077595]]}},
{"type":"Feature","properties":{"id":57702,"nach":0.38435288340382934},"geometry":{"type":"LineString","coordinates":[[-1.3691667,50.9078468],[-1.3693486,50.9077641]]}},
{"type":"Feature","properties":{"id":57736,"nach":0.38712277548175666},"geometry":{"type":"LineString","coordinates":[[-1.3696598,50.9076937],[-1.3694128,50.9075477],[-1.3693715,50.9075058]]}},
{"type":"Feature","properties":{"id":57887,"nach":0.43604378876917244},"geometry":{"type":"LineString","coordinates":[[-1.3679419,50.9069484],[-1.3679684,50.9069505],[-1.3681374,50.9069671],[-1.3684881,50.9066771]]}},
{"type":"Feature","properties":{"id":57888,"nach":0.44938030778575316},"geometry":{"type":"LineString","coordinates":[[-1.3685878,50.9065813],[-1.3685745,50.9066033],[-1.3685466,50.9066305],[-1.3684881,50.9066771]]}},
{"type":"Feature","properties":{"id":57901,"nach":0.46157197044192649},"geometry":{"type":"LineString","coordinates":[[-1.3660621,50.9070082],[-1.3664325,50.9068188]]}},
{"type":"Feature","properties":{"id":57910,"nach":0.47297366734902063},"geometry":{"type":"LineString","coordinates":[[-1.3661086,50.9065221],[-1.366265,50.9064505]]}},
{"type":"Feature","properties":{"id":57911,"nach":0.47319587268054358},"geometry":{"type":"LineString","coordinates":[[-1.3664125,50.9063868],[-1.366265,50.9064505]]}},
{"type":"Feature","properties":{"id":57949,"nach":0.50376757743567635},"geometry":{"type":"LineString","coordinates":[[-1.3679238,50.9061056],[-1.3678017,50.906117]]}},
{"type":"Feature","properties":{"id":57954,"nach":0.45429473462407366},"geometry":{"type":"LineString","coordinates":[[-1.3676196,50.9061773],[-1.3677734,50.9061197],[-1.3678017,50.906117]]}},
{"type":"Feature","properties":{"id":57948,"nach":0.45713122550744506},"geometry":{"type":"LineString","coordinates":[[-1.3679238,50.9061056],[-1.3680619,50.90609280000001]]}},
{"type":"Feature","properties":{"id":57996,"nach":0.46643047596957427},"geometry":{"type":"LineString","coordinates":[[-1.3659507,50.90784690000001],[-1.3660936,50.9077964]]}},
{"type":"Feature","properties":{"id":57995,"nach":0.46643047596957427},"geometry":{"type":"LineString","coordinates":[[-1.3662296,50.9077452],[-1.3660936,50.9077964]]}},
{"type":"Feature","properties":{"id":64156,"nach":0.48298825894065667},"geometry":{"type":"LineString","coordinates":[[-1.3712658,50.898185],[-1.3699611,50.8977936],[-1.3680232,50.897192300000015],[-1.3671608,50.8969279]]}},
{"type":"Feature","properties":{"id":64157,"nach":0.53126615709034752},"geometry":{"type":"LineString","coordinates":[[-1.3712658,50.898185],[-1.3717963,50.8983442],[-1.3719693,50.8983744],[-1.372152,50.8983926]]}},
{"type":"Feature","properties":{"id":64159,"nach":0.46902716117995585},"geometry":{"type":"LineString","coordinates":[[-1.3713416,50.8978949],[-1.3714011,50.8979141],[-1.3714245,50.897931],[-1.3714362,50.8979546],[-1.371351,50.8980698],[-1.3712658,50.898185]]}},
{"type":"Feature","properties":{"id":64147,"nach":0.48403952452916038},"geometry":{"type":"LineString","coordinates":[[-1.3723087,50.89842440000001],[-1.372209,50.898606100000016]]}},
{"type":"Feature","properties":{"id":64153,"nach":0.57081960773080376},"geometry":{"type":"LineString","coordinates":[[-1.372152,50.8983926],[-1.3723087,50.89842440000001]]}},
{"type":"Feature","properties":{"id":64155,"nach":0.48205660209138701},"geometry":{"type":"LineString","coordinates":[[-1.372152,50.8983926],[-1.3721062,50.8985207],[-1.3720689,50.8985847]]}},
{"type":"Feature","properties":{"id":64918,"nach":0.48870808930982185},"geometry":{"type":"LineString","coordinates":[[-1.3766875,50.8962163],[-1.3767739,50.8960668]]}},
{"type":"Feature","properties":{"id":64882,"nach":0.4903476211944614},"geometry":{"type":"LineString","coordinates":[[-1.3769615,50.895386],[-1.3768593,50.8955681]]}},
{"type":"Feature","properties":{"id":64878,"nach":0.48748909980690197},"geometry":{"type":"LineString","coordinates":[[-1.3779122,50.8956059],[-1.3777099,50.8959541],[-1.3779177,50.8960042]]}},
{"type":"Feature","properties":{"id":64905,"nach":0.70965870304580647},"geometry":{"type":"LineString","coordinates":[[-1.3783794,50.8957118],[-1.3779122,50.8956059]]}},
{"type":"Feature","properties":{"id":64896,"nach":0.71069182638497108},"geometry":{"type":"LineString","coordinates":[[-1.377859,50.8955938],[-1.3779122,50.8956059]]}},
{"type":"Feature","properties":{"id":64906,"nach":0.49088983213977117},"geometry":{"type":"LineString","coordinates":[[-1.3783794,50.8957118],[-1.3782952,50.8958692]]}},
{"type":"Feature","properties":{"id":64897,"nach":0.71169700764949728},"geometry":{"type":"LineString","coordinates":[[-1.377859,50.8955938],[-1.3776726,50.8955516]]}},
{"type":"Feature","properties":{"id":64898,"nach":0.48962656123595694},"geometry":{"type":"LineString","coordinates":[[-1.377859,50.8955938],[-1.3777808,50.8957289]]}},
{"type":"Feature","properties":{"id":64894,"nach":0.48974515066665941},"geometry":{"type":"LineString","coordinates":[[-1.3776726,50.8955516],[-1.3776459,50.8955986],[-1.3776062,50.8956177],[-1.3775701,50.8956818]]}},
{"type":"Feature","properties":{"id":65763,"nach":0.4700721744772266},"geometry":{"type":"LineString","coordinates":[[-1.381767,50.8976389],[-1.3818409,50.8974863]]}},
{"type":"Feature","properties":{"id":65779,"nach":0.46957108311219686},"geometry":{"type":"LineString","coordinates":[[-1.3813079,50.897437199999985],[-1.381506,50.8974777]]}},
{"type":"Feature","properties":{"id":65774,"nach":0.46881416569398338},"geometry":{"type":"LineString","coordinates":[[-1.3818332,50.8971961],[-1.38185,50.89716150000001]]}},
{"type":"Feature","properties":{"id":65773,"nach":0.46811288042583882},"geometry":{"type":"LineString","coordinates":[[-1.3818332,50.8971961],[-1.3819786,50.8972258]]}},
{"type":"Feature","properties":{"id":67622,"nach":0.44600293613469044},"geometry":{"type":"LineString","coordinates":[[-1.3678217,50.9092676],[-1.3677542,50.9091543]]}},
{"type":"Feature","properties":{"id":67648,"nach":0.58653216696705635},"geometry":{"type":"LineString","coordinates":[[-1.3656279,50.9096658],[-1.3657276,50.9097886]]}},
{"type":"Feature","properties":{"id":67649,"nach":0.4565510677286343},"geometry":{"type":"LineString","coordinates":[[-1.3656279,50.9096658],[-1.365887,50.9095807]]}},
{"type":"Feature","properties":{"id":67640,"nach":0.46176010574230308},"geometry":{"type":"LineString","coordinates":[[-1.3657276,50.9097886],[-1.3654431,50.909882300000014]]}},
{"type":"Feature","properties":{"id":68215,"nach":0.4748979465000881},"geometry":{"type":"LineString","coordinates":[[-1.364033,50.9030369],[-1.3635645,50.9028271]]}},
{"type":"Feature","properties":{"id":68030,"nach":0.22373572087805721},"geometry":{"type":"LineString","coordinates":[[-1.383033,50.8949416],[-1.3830356,50.894956],[-1.3830337,50.894972699999975],[-1.3830223,50.8949887],[-1.3827013,50.8951662],[-1.3826247,50.8952103]]}},
{"type":"Feature","properties":{"id":82079,"nach":0.4201146449092395},"geometry":{"type":"LineString","coordinates":[[-1.3811285,50.89612],[-1.3820756,50.8963147],[-1.3822528,50.8963419],[-1.3823207,50.8963356],[-1.3823642,50.896331500000016],[-1.3824478,50.8963115],[-1.3825287,50.8962474],[-1.3826233,50.8960113],[-1.3826625,50.895886],[-1.382763,50.8955287],[-1.3827899,50.8954407],[-1.3827899,50.8953866],[-1.3827577,50.8953122],[-1.3827148,50.8952614],[-1.3826611,50.8952276],[-1.3826247,50.8952103]]}},
{"type":"Feature","properties":{"id":72951,"nach":0.62067391690236451},"geometry":{"type":"LineString","coordinates":[[-1.3750238,50.8981138],[-1.375001,50.8981017],[-1.3749822,50.8980871],[-1.3749637,50.8980636],[-1.3749553,50.8980377],[-1.3749552,50.898024]]}},
{"type":"Feature","properties":{"id":72953,"nach":0.66731565725791941},"geometry":{"type":"LineString","coordinates":[[-1.375096,50.8981314],[-1.3750546,50.898124500000016],[-1.3750238,50.8981138]]}},
{"type":"Feature","properties":{"id":72955,"nach":0.63313171181940942},"geometry":{"type":"LineString","coordinates":[[-1.3752736,50.8980531],[-1.3752529,50.8980846],[-1.3752169,50.89811],[-1.3751801,50.898123899999987],[-1.3751388,50.8981312],[-1.375096,50.8981314]]}},
{"type":"Feature","properties":{"id":83621,"nach":0.2996037578047922},"geometry":{"type":"LineString","coordinates":[[-1.3810681,50.9024433],[-1.3809697,50.9021184]]}},
{"type":"Feature","properties":{"id":89585,"nach":0.37240269347141536},"geometry":{"type":"LineString","coordinates":[[-1.3810314,50.90176730000001],[-1.3810925,50.9018591],[-1.3811257,50.9019706],[-1.3810981,50.9020228],[-1.3810373,50.9020785],[-1.3809697,50.9021184]]}},
{"type":"Feature","properties":{"id":83625,"nach":0.37365083844719721},"geometry":{"type":"LineString","coordinates":[[-1.3804604,50.9024855],[-1.3805753,50.9024036],[-1.3809508,50.9021296],[-1.3809697,50.9021184]]}},
{"type":"Feature","properties":{"id":83617,"nach":0.37736291223584917},"geometry":{"type":"LineString","coordinates":[[-1.3803482,50.9017868],[-1.3807741,50.9019347],[-1.3808607,50.9019673],[-1.3809322,50.9020292],[-1.3809697,50.9021184]]}},
{"type":"Feature","properties":{"id":83624,"nach":0.41435611930832189},"geometry":{"type":"LineString","coordinates":[[-1.3804604,50.9024855],[-1.3810681,50.9024433]]}},
{"type":"Feature","properties":{"id":83627,"nach":0.39249829248348478},"geometry":{"type":"LineString","coordinates":[[-1.3810866,50.9025275],[-1.3810796,50.9024813],[-1.3810681,50.9024433]]}},
{"type":"Feature","properties":{"id":89584,"nach":0.07292766540303762},"geometry":{"type":"LineString","coordinates":[[-1.3810314,50.90176730000001],[-1.3810243,50.9015945],[-1.3809923,50.9014621],[-1.3809211,50.9011748],[-1.3808072,50.9011524],[-1.3806079,50.9011995],[-1.3804335,50.9012781],[-1.3802057,50.9013701],[-1.3801203,50.9014552]]}},
{"type":"Feature","properties":{"id":89580,"nach":0.46683967832653517},"geometry":{"type":"LineString","coordinates":[[-1.3798832,50.902871],[-1.3801715,50.9026728],[-1.3804604,50.9024855]]}},
{"type":"Feature","properties":{"id":83615,"nach":0.20836038025593881},"geometry":{"type":"LineString","coordinates":[[-1.3803482,50.9017868],[-1.3799877,50.9016688]]}},
{"type":"Feature","properties":{"id":83619,"nach":0.4228949138012007},"geometry":{"type":"LineString","coordinates":[[-1.3798476,50.901947299999989],[-1.3799156,50.9019064],[-1.3799855,50.901870700000011],[-1.3800637,50.901840300000018],[-1.3803482,50.9017868]]}},
{"type":"Feature","properties":{"id":83688,"nach":0.44039499019132961},"geometry":{"type":"LineString","coordinates":[[-1.3789106,50.90337310000001],[-1.3790252,50.9036191]]}},
{"type":"Feature","properties":{"id":83692,"nach":0.51634266885833346},"geometry":{"type":"LineString","coordinates":[[-1.3794744,50.903374],[-1.3794543,50.9033903],[-1.3790252,50.9036191]]}},
{"type":"Feature","properties":{"id":83676,"nach":0.52648702509005785},"geometry":{"type":"LineString","coordinates":[[-1.3777653,50.9040565],[-1.377877,50.9040344],[-1.3783114,50.9038921],[-1.3786531,50.903762800000017],[-1.3789239,50.9036445],[-1.3790252,50.9036191]]}},
{"type":"Feature","properties":{"id":83642,"nach":0.39376323459094154},"geometry":{"type":"LineString","coordinates":[[-1.3782249,50.9046938],[-1.3782467,50.9046637],[-1.3784603,50.9044768],[-1.3785505,50.9043932],[-1.378637,50.9042946],[-1.3789315,50.9039498],[-1.3789922,50.90385],[-1.3790548,50.9036828],[-1.3790252,50.9036191]]}},
{"type":"Feature","properties":{"id":83689,"nach":0.51894670284871935},"geometry":{"type":"LineString","coordinates":[[-1.3789106,50.90337310000001],[-1.3789094,50.9033705],[-1.3787474,50.903085],[-1.3786229,50.902897]]}},
{"type":"Feature","properties":{"id":83694,"nach":0.49282444965633648},"geometry":{"type":"LineString","coordinates":[[-1.3794744,50.903374],[-1.3793183,50.9033694],[-1.3792266,50.9033799],[-1.379135,50.9033865],[-1.3790163,50.9033812],[-1.3789106,50.90337310000001]]}},
{"type":"Feature","properties":{"id":83693,"nach":0.45515432258688315},"geometry":{"type":"LineString","coordinates":[[-1.3794744,50.903374],[-1.3796619,50.90349410000001],[-1.3797839,50.9035625],[-1.3799854,50.9036444],[-1.3799951,50.9037135],[-1.3800244,50.903733]]}},
{"type":"Feature","properties":{"id":83699,"nach":0.51986887369477552},"geometry":{"type":"LineString","coordinates":[[-1.3797327,50.903072899999977],[-1.3796218,50.903225399999982],[-1.3795592,50.9033055],[-1.3794744,50.903374]]}},
{"type":"Feature","properties":{"id":83675,"nach":0.5372596902250194},"geometry":{"type":"LineString","coordinates":[[-1.3777653,50.9040565],[-1.377633,50.9040685],[-1.3775083,50.9040821],[-1.3773935,50.9040952]]}},
{"type":"Feature","properties":{"id":83677,"nach":0.32599256281608258},"geometry":{"type":"LineString","coordinates":[[-1.3777653,50.9040565],[-1.3778457,50.9040964],[-1.3778834,50.9041484],[-1.3778763,50.9042078],[-1.3777301,50.904388399999988]]}},
{"type":"Feature","properties":{"id":83643,"nach":0.42411969668622096},"geometry":{"type":"LineString","coordinates":[[-1.3782249,50.9046938],[-1.3781676,50.9047728],[-1.3779695,50.9049179]]}},
{"type":"Feature","properties":{"id":83644,"nach":0.43986476749672199},"geometry":{"type":"LineString","coordinates":[[-1.3783279,50.9047664],[-1.3782249,50.9046938]]}},
{"type":"Feature","properties":{"id":83671,"nach":0.47234218915335774},"geometry":{"type":"LineString","coordinates":[[-1.3777301,50.904388399999988],[-1.3782249,50.9046938]]}},
{"type":"Feature","properties":{"id":83607,"nach":0.48823573812971094},"geometry":{"type":"LineString","coordinates":[[-1.3797657,50.9020474],[-1.3791819,50.902543499999986],[-1.3790251,50.9027199],[-1.3787885,50.9028594],[-1.3786229,50.902897]]}},
{"type":"Feature","properties":{"id":83618,"nach":0.49245036229714501},"geometry":{"type":"LineString","coordinates":[[-1.3798476,50.901947299999989],[-1.3797657,50.9020474]]}},
{"type":"Feature","properties":{"id":89582,"nach":0.41771511360335745},"geometry":{"type":"LineString","coordinates":[[-1.3798832,50.902871],[-1.3798543,50.9025849],[-1.3798578,50.902288599999984],[-1.3797657,50.9020474]]}},
{"type":"Feature","properties":{"id":83620,"nach":0.43167878667046178},"geometry":{"type":"LineString","coordinates":[[-1.3798476,50.901947299999989],[-1.3798641,50.9019273],[-1.3799194,50.9018207],[-1.3799877,50.9016688]]}},
{"type":"Feature","properties":{"id":89581,"nach":0.50783988533169544},"geometry":{"type":"LineString","coordinates":[[-1.3798832,50.902871],[-1.3797948,50.9029875],[-1.3797327,50.903072899999977]]}},
{"type":"Feature","properties":{"id":83613,"nach":0.3845993219954596},"geometry":{"type":"LineString","coordinates":[[-1.3799877,50.9016688],[-1.3800371,50.9015591],[-1.3801203,50.9014552]]}},
{"type":"Feature","properties":{"id":83634,"nach":0.30243306899496797},"geometry":{"type":"LineString","coordinates":[[-1.3800385,50.9040962],[-1.3801887,50.9039486],[-1.3805274,50.9036352],[-1.3806434,50.9034994],[-1.3809029,50.9030815],[-1.3809766,50.9029259],[-1.3811017,50.9026706],[-1.3810925,50.9025672],[-1.3810866,50.9025275]]}},
{"type":"Feature","properties":{"id":83696,"nach":0.25277622394459098},"geometry":{"type":"LineString","coordinates":[[-1.3802133,50.9035687],[-1.380233,50.9035441],[-1.3803554,50.9033927],[-1.3807839,50.9029295],[-1.3810866,50.9025275]]}},
{"type":"Feature","properties":{"id":83636,"nach":0.4128736755112894},"geometry":{"type":"LineString","coordinates":[[-1.3800385,50.9040962],[-1.3800611,50.9040147],[-1.3800244,50.903733]]}},
{"type":"Feature","properties":{"id":83648,"nach":0.40135957433257052},"geometry":{"type":"LineString","coordinates":[[-1.3788614,50.9050271],[-1.3788836,50.90500380000001],[-1.379226,50.9047496],[-1.3792647,50.9047171],[-1.3793199,50.9046834],[-1.3794911,50.9046323],[-1.3795629,50.904608],[-1.3796218,50.9045731],[-1.3796715,50.9045105],[-1.3797893,50.904341],[-1.3800385,50.9040962]]}},
{"type":"Feature","properties":{"id":83695,"nach":0.4130855165425999},"geometry":{"type":"LineString","coordinates":[[-1.3802133,50.9035687],[-1.3800244,50.903733]]}},
{"type":"Feature","properties":{"id":83700,"nach":0.28322059574909558},"geometry":{"type":"LineString","coordinates":[[-1.3797327,50.903072899999977],[-1.3799217,50.9030847],[-1.3799925,50.903115],[-1.3800633,50.9031675],[-1.3802133,50.9035687]]}},
{"type":"Feature","properties":{"id":83646,"nach":0.2731980385014558},"geometry":{"type":"LineString","coordinates":[[-1.3783279,50.9047664],[-1.3785967,50.9046234],[-1.3792771,50.9042003],[-1.3800244,50.903733]]}},
{"type":"Feature","properties":{"id":83645,"nach":0.35168252733241978},"geometry":{"type":"LineString","coordinates":[[-1.3783279,50.9047664],[-1.3781753,50.904847599999989],[-1.3779695,50.9049179]]}},
{"type":"Feature","properties":{"id":83650,"nach":0.38890157818773841},"geometry":{"type":"LineString","coordinates":[[-1.3788614,50.9050271],[-1.3787309,50.9050302],[-1.3786603,50.90503910000001],[-1.3785803,50.9050095],[-1.3784414,50.9049026],[-1.3783279,50.9047664]]}},
{"type":"Feature","properties":{"id":83651,"nach":0.41949370232498373},"geometry":{"type":"LineString","coordinates":[[-1.3786648,50.9053105],[-1.3786848,50.9052627],[-1.3787309,50.905164],[-1.3788614,50.9050271]]}},
{"type":"Feature","properties":{"id":83663,"nach":0.45915445897323881},"geometry":{"type":"LineString","coordinates":[[-1.3777016,50.9051118],[-1.3778013,50.9050293],[-1.3778712,50.9049899],[-1.3779695,50.9049179]]}},
{"type":"Feature","properties":{"id":83660,"nach":0.49888147947312389},"geometry":{"type":"LineString","coordinates":[[-1.3777016,50.9051118],[-1.3778628,50.90538320000001]]}},
{"type":"Feature","properties":{"id":83678,"nach":0.50044428286659537},"geometry":{"type":"LineString","coordinates":[[-1.3773244,50.9046894],[-1.3775151,50.9049328],[-1.3776634,50.9050517],[-1.3777016,50.9051118]]}},
{"type":"Feature","properties":{"id":83664,"nach":0.42383140264346075},"geometry":{"type":"LineString","coordinates":[[-1.3775185,50.9051728],[-1.3776018,50.9051355],[-1.3777016,50.9051118]]}},
{"type":"Feature","properties":{"id":83672,"nach":0.49103896894953847},"geometry":{"type":"LineString","coordinates":[[-1.3777301,50.904388399999988],[-1.3774455,50.9041721],[-1.3773935,50.9040952]]}},
{"type":"Feature","properties":{"id":83680,"nach":0.38736298769149885},"geometry":{"type":"LineString","coordinates":[[-1.3773244,50.9046894],[-1.3775703,50.9045335],[-1.3776687,50.9044419],[-1.3777301,50.904388399999988]]}},
{"type":"Feature","properties":{"id":83657,"nach":0.4308078701184479},"geometry":{"type":"LineString","coordinates":[[-1.3781252,50.9057353],[-1.3781842,50.9057653],[-1.3783553,50.9057931],[-1.3784106,50.9057815],[-1.3784621,50.905750199999986],[-1.3785081,50.9056852],[-1.3786648,50.9053105]]}},
{"type":"Feature","properties":{"id":83656,"nach":0.37788901371004535},"geometry":{"type":"LineString","coordinates":[[-1.3778628,50.90538320000001],[-1.3781659,50.905391],[-1.3782836,50.9053791],[-1.3786648,50.9053105]]}},
{"type":"Feature","properties":{"id":83658,"nach":0.4760543119542941},"geometry":{"type":"LineString","coordinates":[[-1.3781252,50.9057353],[-1.3781179,50.905731600000017],[-1.3779633,50.9055482],[-1.3778712,50.9054031],[-1.3778628,50.90538320000001]]}},
{"type":"Feature","properties":{"id":83681,"nach":0.52325152767693683},"geometry":{"type":"LineString","coordinates":[[-1.3771638,50.9044985],[-1.3772477,50.9046101],[-1.3773244,50.9046894]]}},
{"type":"Feature","properties":{"id":88761,"nach":0.0},"geometry":{"type":"LineString","coordinates":[[-1.3794886,50.8956542],[-1.3790862,50.89568040000001],[-1.3787768,50.895607],[-1.3788787,50.8954414],[-1.3794886,50.8956542]]}},
{"type":"Feature","properties":{"id":97687,"nach":0.49222449729921253},"geometry":{"type":"LineString","coordinates":[[-1.3722214,50.8971479],[-1.3721637,50.897228]]}},
{"type":"Feature","properties":{"id":18862,"nach":0.72127842630147387},"geometry":{"type":"LineString","coordinates":[[-1.379996718404491,50.898928688539947],[-1.38134337057316,50.89890840794228]]}},
{"type":"Feature","properties":{"id":18862,"nach":0.72127842630147387},"geometry":{"type":"LineString","coordinates":[[-1.38134337057316,50.89890840794228],[-1.38269220000076,50.89888731573059]]}},
{"type":"Feature","properties":{"id":18862,"nach":0.72127842630147387},"geometry":{"type":"LineString","coordinates":[[-1.38269220000076,50.89888731573059],[-1.388014437465394,50.898808440272816]]}},
{"type":"Feature","properties":{"id":19773,"nach":0.58674591493035166},"geometry":{"type":"LineString","coordinates":[[-1.377446258356469,50.898559222065181],[-1.377422239442432,50.898612477443429]]}},
{"type":"Feature","properties":{"id":19773,"nach":0.58674591493035166},"geometry":{"type":"LineString","coordinates":[[-1.377422239442432,50.898612477443429],[-1.377403370042708,50.898654315090667]]}}
]
}
