{
"type": "FeatureCollection",
"name": "BUCKI_127_NACH",
"crs": { "type": "name", "properties": { "name": "urn:ogc:def:crs:OGC:1.3:CRS84" } },
"features": [
{ "type": "Feature", "properties": { "id": 3463, "nach": 0.53342545809459863 }, "geometry": { "type": "LineString", "coordinates": [ [ -0.754329, 51.6307215 ], [ -0.7544162, 51.6306527 ], [ -0.7545511, 51.6306025 ] ] } },
{ "type": "Feature", "properties": { "id": 36614, "nach": 0.60651258776144668 }, "geometry": { "type": "LineString", "coordinates": [ [ -0.754213, 51.6309686 ], [ -0.7542398, 51.630841599999989 ], [ -0.754329, 51.6307215 ] ] } },
{ "type": "Feature", "properties": { "id": 3462, "nach": 0.65164388800673378 }, "geometry": { "type": "LineString", "coordinates": [ [ -0.754329, 51.6307215 ], [ -0.753605289553821, 51.629926603520381 ] ] } },
{ "type": "Feature", "properties": { "id": 116200, "nach": 0.43743289568449956 }, "geometry": { "type": "LineString", "coordinates": [ [ -0.7513856, 51.6278393 ], [ -0.7512914, 51.6278866 ], [ -0.7512037, 51.627907900000011 ], [ -0.7510535, 51.6279063 ], [ -0.7509293, 51.627875 ], [ -0.7507094, 51.6276935 ] ] } },
{ "type": "Feature", "properties": { "id": 116201, "nach": 0.53715292776447665 }, "geometry": { "type": "LineString", "coordinates": [ [ -0.7513856, 51.6278393 ], [ -0.7510152, 51.6274916 ], [ -0.7510071, 51.6274693 ], [ -0.7510223, 51.6273574 ] ] } },
{ "type": "Feature", "properties": { "id": 3462, "nach": 0.65164388800673378 }, "geometry": { "type": "LineString", "coordinates": [ [ -0.75186503163926, 51.628290969336376 ], [ -0.7513856, 51.6278393 ] ] } },
{ "type": "Feature", "properties": { "id": 6988, "nach": 0.57319880251609023 }, "geometry": { "type": "LineString", "coordinates": [ [ -0.7545511, 51.6306025 ], [ -0.7546518, 51.6305957 ] ] } },
{ "type": "Feature", "properties": { "id": 139805, "nach": 0.57317392717675753 }, "geometry": { "type": "LineString", "coordinates": [ [ -0.7545511, 51.6306025 ], [ -0.753110650367825, 51.629330558264463 ] ] } },
{ "type": "Feature", "properties": { "id": 3464, "nach": 0.56274409993011798 }, "geometry": { "type": "LineString", "coordinates": [ [ -0.7548041, 51.6310016 ], [ -0.7548272, 51.63106770000001 ], [ -0.7548471, 51.631106299999985 ] ] } },
{ "type": "Feature", "properties": { "id": 3465, "nach": 0.50488386531054674 }, "geometry": { "type": "LineString", "coordinates": [ [ -0.7548041, 51.6310016 ], [ -0.75474820000001, 51.6310543 ], [ -0.7546729, 51.6311084 ] ] } },
{ "type": "Feature", "properties": { "id": 35731, "nach": 0.57905556919537648 }, "geometry": { "type": "LineString", "coordinates": [ [ -0.7548266, 51.6306699 ], [ -0.7548782, 51.63072720000001 ], [ -0.7549024, 51.6308068 ], [ -0.7548611, 51.6309271 ], [ -0.7548041, 51.6310016 ] ] } },
{ "type": "Feature", "properties": { "id": 115974, "nach": 0.51499977348068104 }, "geometry": { "type": "LineString", "coordinates": [ [ -0.7549292, 51.631083 ], [ -0.7548471, 51.631106299999985 ] ] } },
{ "type": "Feature", "properties": { "id": 102857, "nach": 0.60085624178016261 }, "geometry": { "type": "LineString", "coordinates": [ [ -0.7548471, 51.631106299999985 ], [ -0.7553372, 51.6315114 ], [ -0.7554791, 51.631661 ] ] } },
{ "type": "Feature", "properties": { "id": 115955, "nach": 0.58601501474107942 }, "geometry": { "type": "LineString", "coordinates": [ [ -0.7548055, 51.631188 ], [ -0.754846, 51.6311646 ], [ -0.7548138, 51.6311396 ], [ -0.7548471, 51.631106299999985 ] ] } },
{ "type": "Feature", "properties": { "id": 75625, "nach": 0.6379726594782843 }, "geometry": { "type": "LineString", "coordinates": [ [ -0.7546729, 51.6311084 ], [ -0.7545628, 51.6311152 ], [ -0.7544299, 51.63111030000001 ] ] } },
{ "type": "Feature", "properties": { "id": 115954, "nach": 0.6299646222426174 }, "geometry": { "type": "LineString", "coordinates": [ [ -0.7548055, 51.631188 ], [ -0.7546729, 51.6311084 ] ] } },
{ "type": "Feature", "properties": { "id": 231577, "nach": 0.60742643147622821 }, "geometry": { "type": "LineString", "coordinates": [ [ -0.761493, 51.6340174 ], [ -0.761217, 51.633948 ] ] } },
{ "type": "Feature", "properties": { "id": 6214, "nach": 0.60952684453932193 }, "geometry": { "type": "LineString", "coordinates": [ [ -0.7611292, 51.634537200000011 ], [ -0.7610876, 51.6343712 ], [ -0.7611029, 51.634241599999989 ], [ -0.7611451, 51.6340845 ], [ -0.761217, 51.633948 ] ] } },
{ "type": "Feature", "properties": { "id": 285071, "nach": 0.59946533253448309 }, "geometry": { "type": "LineString", "coordinates": [ [ -0.7616776, 51.633218499999984 ], [ -0.76159150000001, 51.6333902 ], [ -0.7615003, 51.6335473 ], [ -0.7612883, 51.633816900000014 ], [ -0.761217, 51.633948 ] ] } },
{ "type": "Feature", "properties": { "id": 175927, "nach": 0.56964276901758759 }, "geometry": { "type": "LineString", "coordinates": [ [ -0.7596544, 51.633358800000011 ], [ -0.76012490000001, 51.6335908 ], [ -0.7604879, 51.6337196 ], [ -0.7609199, 51.6338624 ], [ -0.761217, 51.633948 ] ] } },
{ "type": "Feature", "properties": { "id": 231576, "nach": 0.59995683009547029 }, "geometry": { "type": "LineString", "coordinates": [ [ -0.761493, 51.6340174 ], [ -0.7625765, 51.6343428 ] ] } },
{ "type": "Feature", "properties": { "id": 231579, "nach": 0.4447054254646679 }, "geometry": { "type": "LineString", "coordinates": [ [ -0.761493, 51.6340174 ], [ -0.7615225, 51.6339695 ] ] } },
{ "type": "Feature", "properties": { "id": 231578, "nach": 0.4447054254646679 }, "geometry": { "type": "LineString", "coordinates": [ [ -0.761493, 51.6340174 ], [ -0.7614574, 51.6340805 ] ] } },
{ "type": "Feature", "properties": { "id": 76221, "nach": 0.58191466981773099 }, "geometry": { "type": "LineString", "coordinates": [ [ -0.7595614, 51.63458270000001 ], [ -0.7597766, 51.6345512 ], [ -0.7600465, 51.634282 ], [ -0.7611292, 51.634537200000011 ] ] } },
{ "type": "Feature", "properties": { "id": 29152, "nach": 0.57139339015920709 }, "geometry": { "type": "LineString", "coordinates": [ [ -0.762134, 51.635272199999989 ], [ -0.7618505, 51.635004900000013 ], [ -0.7616892, 51.6348834 ], [ -0.7613009, 51.6346819 ], [ -0.7611962, 51.634613700000017 ], [ -0.7611292, 51.634537200000011 ] ] } },
{ "type": "Feature", "properties": { "id": 285069, "nach": 0.59692130609432625 }, "geometry": { "type": "LineString", "coordinates": [ [ -0.7616776, 51.633218499999984 ], [ -0.7617003, 51.6331732 ] ] } },
{ "type": "Feature", "properties": { "id": 285072, "nach": 0.43784734932937514 }, "geometry": { "type": "LineString", "coordinates": [ [ -0.7614587, 51.6331741 ], [ -0.7616776, 51.633218499999984 ] ] } },
{ "type": "Feature", "properties": { "id": 194045, "nach": 0.56999888966026602 }, "geometry": { "type": "LineString", "coordinates": [ [ -0.7587174, 51.6329085 ], [ -0.758874, 51.6329582 ], [ -0.7590069, 51.6330289 ], [ -0.7595971, 51.6333156 ], [ -0.7596544, 51.633358800000011 ] ] } },
{ "type": "Feature", "properties": { "id": 54976, "nach": 0.46437209109020894 }, "geometry": { "type": "LineString", "coordinates": [ [ -0.7563663, 51.6323263 ], [ -0.7562645, 51.6324217 ] ] } },
{ "type": "Feature", "properties": { "id": 115911, "nach": 0.61319187564496713 }, "geometry": { "type": "LineString", "coordinates": [ [ -0.7561956, 51.6325005 ], [ -0.7562223, 51.6324651 ], [ -0.7562645, 51.6324217 ] ] } },
{ "type": "Feature", "properties": { "id": 3472, "nach": 0.54315102700697659 }, "geometry": { "type": "LineString", "coordinates": [ [ -0.7562645, 51.6324217 ], [ -0.7562022, 51.6323922 ], [ -0.756135, 51.6323512 ] ] } },
{ "type": "Feature", "properties": { "id": 225594, "nach": 0.59395222457551877 }, "geometry": { "type": "LineString", "coordinates": [ [ -0.7568868, 51.6325857 ], [ -0.7565854, 51.632513 ], [ -0.7564213, 51.632475 ], [ -0.7562645, 51.6324217 ] ] } },
{ "type": "Feature", "properties": { "id": 54977, "nach": 0.58069109976089028 }, "geometry": { "type": "LineString", "coordinates": [ [ -0.7563663, 51.6323263 ], [ -0.7564835, 51.6323774 ], [ -0.7566538, 51.6324299 ], [ -0.7569351, 51.6325224 ] ] } },
{ "type": "Feature", "properties": { "id": 102853, "nach": 0.58839255364958565 }, "geometry": { "type": "LineString", "coordinates": [ [ -0.756215, 51.6322313 ], [ -0.7563663, 51.6323263 ] ] } },
{ "type": "Feature", "properties": { "id": 115912, "nach": 0.35396022323435311 }, "geometry": { "type": "LineString", "coordinates": [ [ -0.7559953, 51.6324724 ], [ -0.7561956, 51.6325005 ] ] } },
{ "type": "Feature", "properties": { "id": 115917, "nach": 0.6109372614725711 }, "geometry": { "type": "LineString", "coordinates": [ [ -0.7559634, 51.6328012 ], [ -0.7560705, 51.632679 ], [ -0.7561639, 51.6325437 ], [ -0.7561956, 51.6325005 ] ] } },
{ "type": "Feature", "properties": { "id": 115927, "nach": 0.54708527656045858 }, "geometry": { "type": "LineString", "coordinates": [ [ -0.756135, 51.6323512 ], [ -0.7561925, 51.63232570000001 ], [ -0.7561524, 51.6322907 ], [ -0.756215, 51.6322313 ] ] } },
{ "type": "Feature", "properties": { "id": 115930, "nach": 0.62934359206336021 }, "geometry": { "type": "LineString", "coordinates": [ [ -0.7560772, 51.632385 ], [ -0.756135, 51.6323512 ] ] } },
{ "type": "Feature", "properties": { "id": 115926, "nach": 0.62535249254230307 }, "geometry": { "type": "LineString", "coordinates": [ [ -0.756135, 51.6323512 ], [ -0.756078, 51.632311099999988 ], [ -0.7559187, 51.6321578 ], [ -0.7558788, 51.6321232 ] ] } },
{ "type": "Feature", "properties": { "id": 112765, "nach": 0.53735555820760417 }, "geometry": { "type": "LineString", "coordinates": [ [ -0.7442276, 51.627327699999988 ], [ -0.7443914, 51.6273587 ], [ -0.7445951, 51.6273755 ], [ -0.7448229, 51.6273711 ], [ -0.7453095, 51.6272999 ], [ -0.7454895, 51.6272729 ] ] } },
{ "type": "Feature", "properties": { "id": 34427, "nach": 0.51688195895500821 }, "geometry": { "type": "LineString", "coordinates": [ [ -0.7738627, 51.6328039 ], [ -0.7743605, 51.6329158 ], [ -0.7749848, 51.6330638 ], [ -0.7752595, 51.6331171 ], [ -0.7754483, 51.6331224 ] ] } },
{ "type": "Feature", "properties": { "id": 34545, "nach": 0.53859147848178524 }, "geometry": { "type": "LineString", "coordinates": [ [ -0.7727237, 51.6329858 ], [ -0.7725434, 51.633620900000011 ] ] } },
{ "type": "Feature", "properties": { "id": 283756, "nach": 0.56541359180036499 }, "geometry": { "type": "LineString", "coordinates": [ [ -0.7710937, 51.6334834 ], [ -0.7723569, 51.6336032 ], [ -0.7725434, 51.633620900000011 ] ] } },
{ "type": "Feature", "properties": { "id": 34546, "nach": 0.54618509067513488 }, "geometry": { "type": "LineString", "coordinates": [ [ -0.7727237, 51.6329858 ], [ -0.7727686, 51.6328133 ] ] } },
{ "type": "Feature", "properties": { "id": 34548, "nach": 0.47783086198774555 }, "geometry": { "type": "LineString", "coordinates": [ [ -0.7720088, 51.6329211 ], [ -0.7727237, 51.6329858 ] ] } },
{ "type": "Feature", "properties": { "id": 283754, "nach": 0.57088310487312965 }, "geometry": { "type": "LineString", "coordinates": [ [ -0.7710937, 51.6334834 ], [ -0.7709167, 51.6334667 ] ] } },
{ "type": "Feature", "properties": { "id": 283763, "nach": 0.51463481657417876 }, "geometry": { "type": "LineString", "coordinates": [ [ -0.771069, 51.633569 ], [ -0.7710937, 51.6334834 ] ] } },
{ "type": "Feature", "properties": { "id": 285486, "nach": 0.57578138553822267 }, "geometry": { "type": "LineString", "coordinates": [ [ -0.7675259, 51.6335119 ], [ -0.7676881, 51.6332651 ], [ -0.7677598, 51.633169099999989 ] ] } },
{ "type": "Feature", "properties": { "id": 35571, "nach": 0.52850119476594104 }, "geometry": { "type": "LineString", "coordinates": [ [ -0.768064, 51.632790700000015 ], [ -0.7678395, 51.6330481 ], [ -0.7677598, 51.633169099999989 ] ] } },
{ "type": "Feature", "properties": { "id": 285594, "nach": 0.57831430130043493 }, "geometry": { "type": "LineString", "coordinates": [ [ -0.7666133, 51.6327375 ], [ -0.7672975, 51.6330092 ], [ -0.7675426, 51.6331139 ], [ -0.7675727, 51.6331214 ], [ -0.7677598, 51.633169099999989 ] ] } },
{ "type": "Feature", "properties": { "id": 285599, "nach": 0.58297550219623573 }, "geometry": { "type": "LineString", "coordinates": [ [ -0.7684112, 51.633247 ], [ -0.76796320000001, 51.633207500000012 ], [ -0.7677598, 51.633169099999989 ] ] } },
{ "type": "Feature", "properties": { "id": 285485, "nach": 0.57613127777985218 }, "geometry": { "type": "LineString", "coordinates": [ [ -0.7675259, 51.6335119 ], [ -0.7673503, 51.6337791 ] ] } },
{ "type": "Feature", "properties": { "id": 285488, "nach": 0.41551109751330512 }, "geometry": { "type": "LineString", "coordinates": [ [ -0.767872, 51.6337576 ], [ -0.7679618, 51.633623 ], [ -0.7675259, 51.6335119 ] ] } },
{ "type": "Feature", "properties": { "id": 35569, "nach": 0.46738094838071254 }, "geometry": { "type": "LineString", "coordinates": [ [ -0.7663289, 51.632149 ], [ -0.7664734, 51.6321531 ], [ -0.768064, 51.632790700000015 ] ] } },
{ "type": "Feature", "properties": { "id": 36463, "nach": 0.5291367715067129 }, "geometry": { "type": "LineString", "coordinates": [ [ -0.76875480000001, 51.6320817 ], [ -0.7683642, 51.6324544 ], [ -0.768064, 51.632790700000015 ] ] } },
{ "type": "Feature", "properties": { "id": 285593, "nach": 0.57727189970258108 }, "geometry": { "type": "LineString", "coordinates": [ [ -0.7666133, 51.6327375 ], [ -0.7662855, 51.632607400000019 ] ] } },
{ "type": "Feature", "properties": { "id": 285596, "nach": 0.40960227856240389 }, "geometry": { "type": "LineString", "coordinates": [ [ -0.7670216, 51.6331831 ], [ -0.7664079, 51.6329304 ], [ -0.7666133, 51.6327375 ] ] } },
{ "type": "Feature", "properties": { "id": 285597, "nach": 0.58310232841781517 }, "geometry": { "type": "LineString", "coordinates": [ [ -0.7684112, 51.633247 ], [ -0.7685875, 51.6332626 ] ] } },
{ "type": "Feature", "properties": { "id": 285598, "nach": 0.41682636483604468 }, "geometry": { "type": "LineString", "coordinates": [ [ -0.7684112, 51.633247 ], [ -0.7684475, 51.6331031 ], [ -0.7684731, 51.6330786 ], [ -0.7685119, 51.6330638 ], [ -0.7685359, 51.6330409 ], [ -0.7686617, 51.6328978 ] ] } },
{ "type": "Feature", "properties": { "id": 284524, "nach": 0.57992038991446992 }, "geometry": { "type": "LineString", "coordinates": [ [ -0.7647108, 51.6322381 ], [ -0.7646161, 51.6323363 ], [ -0.7645266, 51.6323903 ], [ -0.7644215, 51.6324189 ] ] } },
{ "type": "Feature", "properties": { "id": 35416, "nach": 0.57773083354596999 }, "geometry": { "type": "LineString", "coordinates": [ [ -0.7645227, 51.6329825 ], [ -0.7644764, 51.6326432 ], [ -0.7644215, 51.6324189 ] ] } },
{ "type": "Feature", "properties": { "id": 36461, "nach": 0.60765298985596916 }, "geometry": { "type": "LineString", "coordinates": [ [ -0.7641083, 51.6323697 ], [ -0.7642908, 51.6324213 ], [ -0.7644215, 51.6324189 ] ] } },
{ "type": "Feature", "properties": { "id": 284525, "nach": 0.57866065598222416 }, "geometry": { "type": "LineString", "coordinates": [ [ -0.7647108, 51.6322381 ], [ -0.764814, 51.6321311 ], [ -0.7648847, 51.6320938 ] ] } },
{ "type": "Feature", "properties": { "id": 284523, "nach": 0.0 }, "geometry": { "type": "LineString", "coordinates": [ [ -0.7638879, 51.6322836 ], [ -0.7639954, 51.632176300000012 ], [ -0.7641154, 51.6320565 ], [ -0.7644522, 51.6320893 ], [ -0.7644914, 51.6321583 ], [ -0.7646397, 51.632212099999983 ], [ -0.7647108, 51.6322381 ] ] } },
{ "type": "Feature", "properties": { "id": 284096, "nach": 0.55548551382615652 }, "geometry": { "type": "LineString", "coordinates": [ [ -0.7641659, 51.6334641 ], [ -0.7642442, 51.6333523 ], [ -0.7645227, 51.6329825 ] ] } },
{ "type": "Feature", "properties": { "id": 283873, "nach": 0.55137722830271685 }, "geometry": { "type": "LineString", "coordinates": [ [ -0.7647218, 51.6330535 ], [ -0.764623, 51.6329984 ], [ -0.7645227, 51.6329825 ] ] } },
{ "type": "Feature", "properties": { "id": 37040, "nach": 0.55267585672943609 }, "geometry": { "type": "LineString", "coordinates": [ [ -0.7638586, 51.6326629 ], [ -0.7641083, 51.6323697 ] ] } },
{ "type": "Feature", "properties": { "id": 284522, "nach": 0.58503186520662109 }, "geometry": { "type": "LineString", "coordinates": [ [ -0.7638879, 51.6322836 ], [ -0.7641083, 51.6323697 ] ] } },
{ "type": "Feature", "properties": { "id": 198319, "nach": 0.57405552917932934 }, "geometry": { "type": "LineString", "coordinates": [ [ -0.7626438, 51.6318424 ], [ -0.7624475, 51.6318152 ] ] } },
{ "type": "Feature", "properties": { "id": 37090, "nach": 0.54401538369200075 }, "geometry": { "type": "LineString", "coordinates": [ [ -0.7622638, 51.6320964 ], [ -0.7623719, 51.6319029 ], [ -0.7624475, 51.6318152 ] ] } },
{ "type": "Feature", "properties": { "id": 6216, "nach": 0.57346213824280656 }, "geometry": { "type": "LineString", "coordinates": [ [ -0.7623368, 51.631701500000013 ], [ -0.7623971, 51.6317635 ], [ -0.7624475, 51.6318152 ] ] } },
{ "type": "Feature", "properties": { "id": 198321, "nach": 0.51795940318837885 }, "geometry": { "type": "LineString", "coordinates": [ [ -0.7626438, 51.6318424 ], [ -0.762661, 51.6317586 ], [ -0.7625402, 51.631728 ], [ -0.7625484, 51.6316671 ], [ -0.7624666, 51.6316005 ] ] } },
{ "type": "Feature", "properties": { "id": 285111, "nach": 0.59276125684477921 }, "geometry": { "type": "LineString", "coordinates": [ [ -0.7627562, 51.6318772 ], [ -0.7626438, 51.6318424 ] ] } },
{ "type": "Feature", "properties": { "id": 37088, "nach": 0.53778907326207348 }, "geometry": { "type": "LineString", "coordinates": [ [ -0.7622638, 51.6320964 ], [ -0.7621322, 51.632333300000013 ] ] } },
{ "type": "Feature", "properties": { "id": 37089, "nach": 0.52065431956254082 }, "geometry": { "type": "LineString", "coordinates": [ [ -0.7622638, 51.6320964 ], [ -0.7611624, 51.6318649 ] ] } },
{ "type": "Feature", "properties": { "id": 116081, "nach": 0.55642567935953824 }, "geometry": { "type": "LineString", "coordinates": [ [ -0.7624666, 51.6316005 ], [ -0.7624409, 51.6316205 ], [ -0.7623368, 51.631701500000013 ] ] } },
{ "type": "Feature", "properties": { "id": 37080, "nach": 0.58477972268514222 }, "geometry": { "type": "LineString", "coordinates": [ [ -0.7612731, 51.631559100000011 ], [ -0.7616154, 51.6316489 ], [ -0.762184, 51.6317183 ], [ -0.7623368, 51.631701500000013 ] ] } },
{ "type": "Feature", "properties": { "id": 163471, "nach": 0.48279172156843209 }, "geometry": { "type": "LineString", "coordinates": [ [ -0.7448713, 51.6283331 ], [ -0.745215, 51.6277687 ] ] } },
{ "type": "Feature", "properties": { "id": 76848, "nach": 0.5916689242601002 }, "geometry": { "type": "LineString", "coordinates": [ [ -0.7446516, 51.6276125 ], [ -0.745215, 51.6277687 ] ] } },
{ "type": "Feature", "properties": { "id": 36894, "nach": 0.59537875627472925 }, "geometry": { "type": "LineString", "coordinates": [ [ -0.745468, 51.6277374 ], [ -0.745215, 51.6277687 ] ] } },
{ "type": "Feature", "properties": { "id": 79581, "nach": 0.52444251135964803 }, "geometry": { "type": "LineString", "coordinates": [ [ -0.7455056, 51.6273603 ], [ -0.7454763, 51.6274355 ], [ -0.7454161, 51.6275789 ], [ -0.7454224, 51.6276486 ], [ -0.745468, 51.6277374 ] ] } },
{ "type": "Feature", "properties": { "id": 137400, "nach": 0.60218184998265623 }, "geometry": { "type": "LineString", "coordinates": [ [ -0.7464531, 51.628010200000013 ], [ -0.7457028, 51.6278619 ], [ -0.7455507, 51.62781 ], [ -0.745468, 51.6277374 ] ] } },
{ "type": "Feature", "properties": { "id": 139713, "nach": 0.55825735868224158 }, "geometry": { "type": "LineString", "coordinates": [ [ -0.7465976, 51.6292987 ], [ -0.7460418, 51.629136699999989 ], [ -0.7459398, 51.6291089 ] ] } },
{ "type": "Feature", "properties": { "id": 76220, "nach": 0.57680412890715249 }, "geometry": { "type": "LineString", "coordinates": [ [ -0.7595614, 51.63458270000001 ], [ -0.7595894, 51.6346475 ], [ -0.7596006, 51.6347051 ], [ -0.7595787, 51.6347854 ] ] } },
{ "type": "Feature", "properties": { "id": 103297, "nach": 0.53028099280159058 }, "geometry": { "type": "LineString", "coordinates": [ [ -0.7580904, 51.6343735 ], [ -0.7581328, 51.634314700000012 ], [ -0.7582256, 51.634293100000015 ], [ -0.7583796, 51.6343132 ], [ -0.758752, 51.6343849 ], [ -0.7589753, 51.63432610000001 ], [ -0.7594402, 51.634485200000029 ], [ -0.7594914, 51.6345446 ], [ -0.7595614, 51.63458270000001 ] ] } },
{ "type": "Feature", "properties": { "id": 29155, "nach": 0.49012140182742459 }, "geometry": { "type": "LineString", "coordinates": [ [ -0.7634783, 51.6366546 ], [ -0.7629544, 51.6361198 ], [ -0.762134, 51.635272199999989 ] ] } },
{ "type": "Feature", "properties": { "id": 72647, "nach": 0.55204522834238234 }, "geometry": { "type": "LineString", "coordinates": [ [ -0.7632378, 51.6355856 ], [ -0.76316280000001, 51.6354856 ], [ -0.7630591, 51.6353819 ], [ -0.7629628, 51.635314 ], [ -0.7628535, 51.6352564 ], [ -0.7627234, 51.635215 ], [ -0.7625873, 51.635194 ], [ -0.7624513, 51.6351928 ], [ -0.7623406, 51.6352091 ], [ -0.762134, 51.635272199999989 ] ] } },
{ "type": "Feature", "properties": { "id": 116083, "nach": 0.48396380140555206 }, "geometry": { "type": "LineString", "coordinates": [ [ -0.7624666, 51.6316005 ], [ -0.762348, 51.6316006 ], [ -0.7625698, 51.6313358 ], [ -0.7624373, 51.631229600000012 ] ] } },
{ "type": "Feature", "properties": { "id": 284198, "nach": 0.56445041146205133 }, "geometry": { "type": "LineString", "coordinates": [ [ -0.7625605, 51.6314578 ], [ -0.7624799, 51.6315802 ], [ -0.7624666, 51.6316005 ] ] } },
{ "type": "Feature", "properties": { "id": 37078, "nach": 0.60418046895171584 }, "geometry": { "type": "LineString", "coordinates": [ [ -0.7612731, 51.631559100000011 ], [ -0.760874, 51.6314562 ] ] } },
{ "type": "Feature", "properties": { "id": 37085, "nach": 0.55898885608446358 }, "geometry": { "type": "LineString", "coordinates": [ [ -0.7611624, 51.6318649 ], [ -0.7612731, 51.631559100000011 ] ] } },
{ "type": "Feature", "properties": { "id": 6519, "nach": 0.58673149278628167 }, "geometry": { "type": "LineString", "coordinates": [ [ -0.7620998, 51.617895 ], [ -0.7622039, 51.6179901 ], [ -0.7622587, 51.6180894 ] ] } },
{ "type": "Feature", "properties": { "id": 6523, "nach": 0.35406321895797571 }, "geometry": { "type": "LineString", "coordinates": [ [ -0.7616383, 51.6178885 ], [ -0.7617856, 51.6178479 ], [ -0.7619386, 51.6178516 ], [ -0.7620998, 51.617895 ] ] } },
{ "type": "Feature", "properties": { "id": 219661, "nach": 0.58699915465106234 }, "geometry": { "type": "LineString", "coordinates": [ [ -0.7620812, 51.6176488 ], [ -0.7620714, 51.617661 ], [ -0.7620466, 51.6177219 ], [ -0.7620435, 51.6177822 ], [ -0.7620998, 51.617895 ] ] } },
{ "type": "Feature", "properties": { "id": 6525, "nach": 0.55838752949036152 }, "geometry": { "type": "LineString", "coordinates": [ [ -0.7622587, 51.6180894 ], [ -0.7624227, 51.6181437 ], [ -0.7624499, 51.6181527 ] ] } },
{ "type": "Feature", "properties": { "id": 6526, "nach": 0.52332237963495354 }, "geometry": { "type": "LineString", "coordinates": [ [ -0.7622587, 51.6180894 ], [ -0.7622487, 51.6181903 ], [ -0.7622272, 51.6182386 ], [ -0.7621749, 51.6182973 ] ] } },
{ "type": "Feature", "properties": { "id": 109925, "nach": 0.52880504547778306 }, "geometry": { "type": "LineString", "coordinates": [ [ -0.7636578, 51.6157264 ], [ -0.7633292, 51.6160832 ], [ -0.7632659, 51.6161632 ], [ -0.7631106, 51.6163593 ] ] } },
{ "type": "Feature", "properties": { "id": 109926, "nach": 0.45183329283223339 }, "geometry": { "type": "LineString", "coordinates": [ [ -0.7636578, 51.6157264 ], [ -0.7634204, 51.6158851 ], [ -0.7631704, 51.6161358 ], [ -0.7631227, 51.6161899 ], [ -0.7630717, 51.6162542 ] ] } },
{ "type": "Feature", "properties": { "id": 6522, "nach": 0.57133925863982149 }, "geometry": { "type": "LineString", "coordinates": [ [ -0.7616383, 51.6178885 ], [ -0.7618206, 51.617651 ] ] } },
{ "type": "Feature", "properties": { "id": 182445, "nach": 0.56896908745931718 }, "geometry": { "type": "LineString", "coordinates": [ [ -0.7612561, 51.618337500000017 ], [ -0.7616383, 51.6178885 ] ] } },
{ "type": "Feature", "properties": { "id": 156875, "nach": 0.59045616402989454 }, "geometry": { "type": "LineString", "coordinates": [ [ -0.7618206, 51.617651 ], [ -0.7618714, 51.6175886 ] ] } },
{ "type": "Feature", "properties": { "id": 156880, "nach": 0.53940162820116888 }, "geometry": { "type": "LineString", "coordinates": [ [ -0.7617325, 51.6176209 ], [ -0.7617696, 51.6176336 ], [ -0.761815, 51.6176491 ], [ -0.7618206, 51.617651 ] ] } },
{ "type": "Feature", "properties": { "id": 184296, "nach": 0.62346869626993062 }, "geometry": { "type": "LineString", "coordinates": [ [ -0.7629623, 51.6161919 ], [ -0.7631763, 51.615937 ] ] } },
{ "type": "Feature", "properties": { "id": 182403, "nach": 0.40465318139811146 }, "geometry": { "type": "LineString", "coordinates": [ [ -0.7624499, 51.6181527 ], [ -0.7624337, 51.618193600000012 ], [ -0.7622908, 51.6181922 ], [ -0.7622999, 51.6182308 ], [ -0.762317, 51.6182607 ] ] } },
{ "type": "Feature", "properties": { "id": 182401, "nach": 0.58681076113492703 }, "geometry": { "type": "LineString", "coordinates": [ [ -0.7624499, 51.6181527 ], [ -0.7626586, 51.6181931 ] ] } },
{ "type": "Feature", "properties": { "id": 182417, "nach": 0.53726128821116081 }, "geometry": { "type": "LineString", "coordinates": [ [ -0.7624695, 51.61811 ], [ -0.7624499, 51.6181527 ] ] } },
{ "type": "Feature", "properties": { "id": 6527, "nach": 0.55511609136977469 }, "geometry": { "type": "LineString", "coordinates": [ [ -0.7621749, 51.6182973 ], [ -0.7615443, 51.6185702 ] ] } },
{ "type": "Feature", "properties": { "id": 182398, "nach": 0.52962898460283625 }, "geometry": { "type": "LineString", "coordinates": [ [ -0.762317, 51.6182607 ], [ -0.7621749, 51.6182973 ] ] } },
{ "type": "Feature", "properties": { "id": 6528, "nach": 0.51549913499898325 }, "geometry": { "type": "LineString", "coordinates": [ [ -0.7615443, 51.6185702 ], [ -0.7612555, 51.6187122 ], [ -0.761196, 51.6187414 ] ] } },
{ "type": "Feature", "properties": { "id": 6529, "nach": 0.50132387073117668 }, "geometry": { "type": "LineString", "coordinates": [ [ -0.7615443, 51.6185702 ], [ -0.7614564, 51.6185824 ], [ -0.7613763, 51.6185759 ], [ -0.7612543, 51.6185385 ], [ -0.7611984, 51.618506600000011 ], [ -0.7611666, 51.6184791 ], [ -0.7611483, 51.6184623 ] ] } },
{ "type": "Feature", "properties": { "id": 182442, "nach": 0.56439050767166676 }, "geometry": { "type": "LineString", "coordinates": [ [ -0.761196, 51.6187414 ], [ -0.761227, 51.618762 ] ] } },
{ "type": "Feature", "properties": { "id": 182444, "nach": 0.53517743829592246 }, "geometry": { "type": "LineString", "coordinates": [ [ -0.761196, 51.6187414 ], [ -0.7611077, 51.6186826 ], [ -0.7611115, 51.6186169 ], [ -0.7610213, 51.6185777 ] ] } },
{ "type": "Feature", "properties": { "id": 182443, "nach": 0.41873569812074485 }, "geometry": { "type": "LineString", "coordinates": [ [ -0.761196, 51.6187414 ], [ -0.761175, 51.6187517 ], [ -0.7611457, 51.618769400000012 ], [ -0.7608087, 51.6189736 ], [ -0.7602877, 51.6193448 ], [ -0.7593716, 51.620095 ], [ -0.7592641, 51.620183 ] ] } },
{ "type": "Feature", "properties": { "id": 146262, "nach": 0.56725926009862981 }, "geometry": { "type": "LineString", "coordinates": [ [ -0.7611483, 51.6184623 ], [ -0.7612561, 51.618337500000017 ] ] } },
{ "type": "Feature", "properties": { "id": 146263, "nach": 0.4360357143935667 }, "geometry": { "type": "LineString", "coordinates": [ [ -0.7611483, 51.6184623 ], [ -0.7608928, 51.6183678 ] ] } },
{ "type": "Feature", "properties": { "id": 182439, "nach": 0.57309484018705614 }, "geometry": { "type": "LineString", "coordinates": [ [ -0.7610213, 51.6185777 ], [ -0.7611483, 51.6184623 ] ] } },
{ "type": "Feature", "properties": { "id": 6530, "nach": 0.44990353405284961 }, "geometry": { "type": "LineString", "coordinates": [ [ -0.7592641, 51.620183 ], [ -0.7591359, 51.6201705 ] ] } },
{ "type": "Feature", "properties": { "id": 6531, "nach": 0.37872453136081019 }, "geometry": { "type": "LineString", "coordinates": [ [ -0.7592641, 51.620183 ], [ -0.7583528, 51.6209639 ], [ -0.7560864, 51.6228517 ], [ -0.7557345, 51.6231591 ] ] } },
{ "type": "Feature", "properties": { "id": 6556, "nach": 0.36917920104118268 }, "geometry": { "type": "LineString", "coordinates": [ [ -0.7591359, 51.6201705 ], [ -0.7588459, 51.6200202 ], [ -0.7587368, 51.6199441 ] ] } },
{ "type": "Feature", "properties": { "id": 6557, "nach": 0.44542133862915806 }, "geometry": { "type": "LineString", "coordinates": [ [ -0.7591359, 51.6201705 ], [ -0.7593121, 51.6200159 ], [ -0.7596283, 51.6197385 ] ] } },
{ "type": "Feature", "properties": { "id": 36235, "nach": 0.43206958265931272 }, "geometry": { "type": "LineString", "coordinates": [ [ -0.7586103, 51.6206092 ], [ -0.759031, 51.620258 ], [ -0.7591359, 51.6201705 ] ] } },
{ "type": "Feature", "properties": { "id": 182817, "nach": 0.43622142427588939 }, "geometry": { "type": "LineString", "coordinates": [ [ -0.7557615, 51.623170700000017 ], [ -0.7557345, 51.6231591 ] ] } },
{ "type": "Feature", "properties": { "id": 143797, "nach": 0.41406202315734675 }, "geometry": { "type": "LineString", "coordinates": [ [ -0.7557345, 51.6231591 ], [ -0.7556793, 51.623207299999983 ], [ -0.7548241, 51.6239215 ], [ -0.7537169, 51.6248487 ], [ -0.7532706, 51.6252217 ] ] } },
{ "type": "Feature", "properties": { "id": 36238, "nach": 0.42245450288880315 }, "geometry": { "type": "LineString", "coordinates": [ [ -0.7587368, 51.6199441 ], [ -0.7585204, 51.6198541 ] ] } },
{ "type": "Feature", "properties": { "id": 36239, "nach": 0.43328806033460443 }, "geometry": { "type": "LineString", "coordinates": [ [ -0.7587368, 51.6199441 ], [ -0.7588792, 51.6199505 ], [ -0.7589875, 51.619951400000012 ], [ -0.7591285, 51.6199348 ], [ -0.7592493, 51.6199015 ], [ -0.7596283, 51.6197385 ] ] } },
{ "type": "Feature", "properties": { "id": 36240, "nach": 0.49400506184772569 }, "geometry": { "type": "LineString", "coordinates": [ [ -0.7596283, 51.6197385 ], [ -0.7601763, 51.6192736 ], [ -0.7604645, 51.6190335 ], [ -0.7609817, 51.6186135 ], [ -0.7610104, 51.6185876 ], [ -0.7610213, 51.6185777 ] ] } },
{ "type": "Feature", "properties": { "id": 75606, "nach": 0.61869813222539294 }, "geometry": { "type": "LineString", "coordinates": [ [ -0.7496092, 51.6272614 ], [ -0.7496809, 51.6272158 ], [ -0.7497631, 51.6271479 ] ] } },
{ "type": "Feature", "properties": { "id": 6559, "nach": 0.48557129639851526 }, "geometry": { "type": "LineString", "coordinates": [ [ -0.7497631, 51.6271479 ], [ -0.7496685, 51.6271089 ], [ -0.7495943, 51.6269322 ], [ -0.7496387, 51.6268689 ] ] } },
{ "type": "Feature", "properties": { "id": 6560, "nach": 0.58848572914026231 }, "geometry": { "type": "LineString", "coordinates": [ [ -0.7497631, 51.6271479 ], [ -0.7498939, 51.627139200000016 ], [ -0.7509148, 51.6273029 ], [ -0.7510223, 51.6273574 ] ] } },
{ "type": "Feature", "properties": { "id": 35684, "nach": 0.38092160717820367 }, "geometry": { "type": "LineString", "coordinates": [ [ -0.7505383, 51.6273136 ], [ -0.7498637, 51.6272066 ], [ -0.7497631, 51.6271479 ] ] } },
{ "type": "Feature", "properties": { "id": 96884, "nach": 0.58892116437977871 }, "geometry": { "type": "LineString", "coordinates": [ [ -0.7497355, 51.626869599999985 ], [ -0.7497771, 51.6269286 ], [ -0.7498134, 51.6270822 ], [ -0.7497631, 51.6271479 ] ] } },
{ "type": "Feature", "properties": { "id": 75605, "nach": 0.55365679881586394 }, "geometry": { "type": "LineString", "coordinates": [ [ -0.7496092, 51.6272614 ], [ -0.7495782, 51.627175300000012 ] ] } },
{ "type": "Feature", "properties": { "id": 116202, "nach": 0.62489419351467046 }, "geometry": { "type": "LineString", "coordinates": [ [ -0.7495379, 51.6273169 ], [ -0.7496092, 51.6272614 ] ] } },
{ "type": "Feature", "properties": { "id": 84320, "nach": 0.51581289129999186 }, "geometry": { "type": "LineString", "coordinates": [ [ -0.7496387, 51.6268689 ], [ -0.7496179, 51.6268559 ], [ -0.749604, 51.6268352 ] ] } },
{ "type": "Feature", "properties": { "id": 96883, "nach": 0.48197655557709923 }, "geometry": { "type": "LineString", "coordinates": [ [ -0.7497355, 51.626869599999985 ], [ -0.7497132, 51.6268762 ], [ -0.7496838, 51.6268786 ], [ -0.749655, 51.6268745 ], [ -0.7496387, 51.6268689 ] ] } },
{ "type": "Feature", "properties": { "id": 18405, "nach": 0.58099610198053697 }, "geometry": { "type": "LineString", "coordinates": [ [ -0.7510223, 51.6273574 ], [ -0.7510829, 51.627263500000012 ], [ -0.7512103, 51.6271961 ], [ -0.7514504, 51.6270387 ], [ -0.7515856, 51.6270162 ] ] } },
{ "type": "Feature", "properties": { "id": 18403, "nach": 0.54630444131462208 }, "geometry": { "type": "LineString", "coordinates": [ [ -0.7510223, 51.6273574 ], [ -0.7511321, 51.6274404 ], [ -0.7511947, 51.6275149 ], [ -0.7512803, 51.6275815 ] ] } },
{ "type": "Feature", "properties": { "id": 18404, "nach": 0.48666941057767465 }, "geometry": { "type": "LineString", "coordinates": [ [ -0.7510223, 51.6273574 ], [ -0.7508889, 51.6273681 ], [ -0.7505383, 51.6273136 ] ] } },
{ "type": "Feature", "properties": { "id": 116059, "nach": 0.57931552379221996 }, "geometry": { "type": "LineString", "coordinates": [ [ -0.7480012, 51.6283493 ], [ -0.7482038, 51.6284081 ] ] } },
{ "type": "Feature", "properties": { "id": 116051, "nach": 0.61477313292282143 }, "geometry": { "type": "LineString", "coordinates": [ [ -0.7480991, 51.628478 ], [ -0.7482038, 51.6284081 ] ] } },
{ "type": "Feature", "properties": { "id": 116063, "nach": 0.60392080661910741 }, "geometry": { "type": "LineString", "coordinates": [ [ -0.748338, 51.6284488 ], [ -0.7482038, 51.6284081 ] ] } },
{ "type": "Feature", "properties": { "id": 116057, "nach": 0.59538766514707664 }, "geometry": { "type": "LineString", "coordinates": [ [ -0.7483344, 51.6282787 ], [ -0.7482827, 51.6283323 ], [ -0.7482038, 51.6284081 ] ] } },
{ "type": "Feature", "properties": { "id": 116061, "nach": 0.5371230879236325 }, "geometry": { "type": "LineString", "coordinates": [ [ -0.7480012, 51.6283493 ], [ -0.7479769, 51.6283924 ], [ -0.7480252, 51.628419 ], [ -0.7480306, 51.628459 ], [ -0.7480991, 51.628478 ] ] } },
{ "type": "Feature", "properties": { "id": 116062, "nach": 0.54556700175084294 }, "geometry": { "type": "LineString", "coordinates": [ [ -0.7480012, 51.6283493 ], [ -0.7480483, 51.6282791 ], [ -0.7481475, 51.6282691 ], [ -0.7482612, 51.6282542 ], [ -0.7483344, 51.6282787 ] ] } },
{ "type": "Feature", "properties": { "id": 139701, "nach": 0.62193089583236694 }, "geometry": { "type": "LineString", "coordinates": [ [ -0.7474705, 51.628210500000016 ], [ -0.7477663, 51.6282813 ], [ -0.7480012, 51.6283493 ] ] } },
{ "type": "Feature", "properties": { "id": 116052, "nach": 0.62880122822889239 }, "geometry": { "type": "LineString", "coordinates": [ [ -0.7480991, 51.628478 ], [ -0.7480744, 51.6285062 ], [ -0.7473518, 51.6294116 ], [ -0.7473283, 51.6294411 ] ] } },
{ "type": "Feature", "properties": { "id": 116066, "nach": 0.0 }, "geometry": { "type": "LineString", "coordinates": [ [ -0.748338, 51.6284488 ], [ -0.7482923, 51.62851220000001 ], [ -0.7482119, 51.62851220000001 ], [ -0.7481655, 51.6284964 ], [ -0.7480991, 51.628478 ] ] } },
{ "type": "Feature", "properties": { "id": 116065, "nach": 0.60014288602131838 }, "geometry": { "type": "LineString", "coordinates": [ [ -0.748338, 51.6284488 ], [ -0.7487309, 51.628568 ], [ -0.7494369, 51.6287823 ] ] } },
{ "type": "Feature", "properties": { "id": 116064, "nach": 0.45156389636301664 }, "geometry": { "type": "LineString", "coordinates": [ [ -0.748338, 51.6284488 ], [ -0.7484463, 51.6283849 ] ] } },
{ "type": "Feature", "properties": { "id": 116058, "nach": 0.61835970649433147 }, "geometry": { "type": "LineString", "coordinates": [ [ -0.7483344, 51.6282787 ], [ -0.7483682, 51.6282499 ], [ -0.7486555, 51.6280269 ] ] } },
{ "type": "Feature", "properties": { "id": 116056, "nach": 0.42574504977429539 }, "geometry": { "type": "LineString", "coordinates": [ [ -0.7483344, 51.6282787 ], [ -0.7484291, 51.62830240000001 ], [ -0.7484463, 51.6283849 ] ] } },
{ "type": "Feature", "properties": { "id": 116198, "nach": 0.60866801144761762 }, "geometry": { "type": "LineString", "coordinates": [ [ -0.7488992, 51.6278077 ], [ -0.748941, 51.6277734 ] ] } },
{ "type": "Feature", "properties": { "id": 137358, "nach": 0.6094380672186448 }, "geometry": { "type": "LineString", "coordinates": [ [ -0.749196, 51.627579 ], [ -0.748941, 51.6277734 ] ] } },
{ "type": "Feature", "properties": { "id": 144127, "nach": 0.5063385133329571 }, "geometry": { "type": "LineString", "coordinates": [ [ -0.7493897, 51.6279778 ], [ -0.749247, 51.6279128 ], [ -0.749151, 51.627869 ], [ -0.7490422, 51.6278195 ], [ -0.748941, 51.6277734 ] ] } },
{ "type": "Feature", "properties": { "id": 137367, "nach": 0.61088771430148914 }, "geometry": { "type": "LineString", "coordinates": [ [ -0.7488344, 51.627866 ], [ -0.7488992, 51.6278077 ] ] } },
{ "type": "Feature", "properties": { "id": 116199, "nach": 0.47409110993840986 }, "geometry": { "type": "LineString", "coordinates": [ [ -0.7488992, 51.6278077 ], [ -0.748805, 51.6277268 ], [ -0.7488292, 51.6276752 ] ] } },
{ "type": "Feature", "properties": { "id": 137360, "nach": 0.6082506885810226 }, "geometry": { "type": "LineString", "coordinates": [ [ -0.749196, 51.627579 ], [ -0.7494362, 51.627396 ], [ -0.7494888, 51.627355100000017 ] ] } },
{ "type": "Feature", "properties": { "id": 137359, "nach": 0.32327448678955228 }, "geometry": { "type": "LineString", "coordinates": [ [ -0.749196, 51.627579 ], [ -0.7490507, 51.6275087 ] ] } },
{ "type": "Feature", "properties": { "id": 144129, "nach": 0.48304337366691835 }, "geometry": { "type": "LineString", "coordinates": [ [ -0.7493897, 51.6279778 ], [ -0.7493287, 51.628032700000013 ], [ -0.7491203, 51.6282157 ] ] } },
{ "type": "Feature", "properties": { "id": 144128, "nach": 0.51280770254211883 }, "geometry": { "type": "LineString", "coordinates": [ [ -0.7493897, 51.6279778 ], [ -0.7495216, 51.6280379 ], [ -0.7495715, 51.628121 ] ] } },
{ "type": "Feature", "properties": { "id": 116084, "nach": 0.58756463489148225 }, "geometry": { "type": "LineString", "coordinates": [ [ -0.7474099, 51.6295404 ], [ -0.7472618, 51.6295157 ] ] } },
{ "type": "Feature", "properties": { "id": 79587, "nach": 0.60856150349938909 }, "geometry": { "type": "LineString", "coordinates": [ [ -0.7473283, 51.6294411 ], [ -0.7472618, 51.6295157 ] ] } },
{ "type": "Feature", "properties": { "id": 37868, "nach": 0.62972390478484885 }, "geometry": { "type": "LineString", "coordinates": [ [ -0.7469942, 51.6298626 ], [ -0.747126, 51.6296819 ], [ -0.7471462, 51.6296542 ], [ -0.7472085, 51.6295782 ], [ -0.7472618, 51.6295157 ] ] } },
{ "type": "Feature", "properties": { "id": 77008, "nach": 0.58579562586962786 }, "geometry": { "type": "LineString", "coordinates": [ [ -0.7470993, 51.629481 ], [ -0.7472618, 51.6295157 ] ] } },
{ "type": "Feature", "properties": { "id": 116085, "nach": 0.58951875613674831 }, "geometry": { "type": "LineString", "coordinates": [ [ -0.7474099, 51.6295404 ], [ -0.7474842, 51.6295582 ], [ -0.7486136, 51.629871 ] ] } },
{ "type": "Feature", "properties": { "id": 116086, "nach": 0.41435849120133089 }, "geometry": { "type": "LineString", "coordinates": [ [ -0.7474099, 51.6295404 ], [ -0.7474562, 51.6294711 ], [ -0.7474304, 51.6294577 ], [ -0.7473283, 51.6294411 ] ] } },
{ "type": "Feature", "properties": { "id": 105913, "nach": 0.5499555309643166 }, "geometry": { "type": "LineString", "coordinates": [ [ -0.7471236, 51.629443900000012 ], [ -0.7471863, 51.629436300000016 ], [ -0.7472501, 51.6294184 ], [ -0.7473283, 51.6294411 ] ] } },
{ "type": "Feature", "properties": { "id": 37866, "nach": 0.54891513980959383 }, "geometry": { "type": "LineString", "coordinates": [ [ -0.7469942, 51.6298626 ], [ -0.7468404, 51.6298583 ] ] } },
{ "type": "Feature", "properties": { "id": 145908, "nach": 0.62410198833844643 }, "geometry": { "type": "LineString", "coordinates": [ [ -0.7468617, 51.6300479 ], [ -0.7468743, 51.6300337 ], [ -0.7469942, 51.6298626 ] ] } },
{ "type": "Feature", "properties": { "id": 143826, "nach": 0.49374827870189231 }, "geometry": { "type": "LineString", "coordinates": [ [ -0.7626925, 51.629484 ], [ -0.763542, 51.6296794 ] ] } },
{ "type": "Feature", "properties": { "id": 37007, "nach": 0.49911661751818132 }, "geometry": { "type": "LineString", "coordinates": [ [ -0.7637567, 51.6292681 ], [ -0.763542, 51.6296794 ] ] } },
{ "type": "Feature", "properties": { "id": 211531, "nach": 0.5358907480535785 }, "geometry": { "type": "LineString", "coordinates": [ [ -0.7634633, 51.6298323 ], [ -0.763542, 51.6296794 ] ] } },
{ "type": "Feature", "properties": { "id": 143825, "nach": 0.49939628206509612 }, "geometry": { "type": "LineString", "coordinates": [ [ -0.7626925, 51.629484 ], [ -0.7619348, 51.629304500000011 ] ] } },
{ "type": "Feature", "properties": { "id": 143827, "nach": 0.40731067345328342 }, "geometry": { "type": "LineString", "coordinates": [ [ -0.7626925, 51.629484 ], [ -0.7624827, 51.6298697 ] ] } },
{ "type": "Feature", "properties": { "id": 37008, "nach": 0.48772726060910893 }, "geometry": { "type": "LineString", "coordinates": [ [ -0.7637567, 51.6292681 ], [ -0.7639593, 51.6289107 ], [ -0.7642052, 51.6285261 ], [ -0.7643137, 51.628356600000011 ] ] } },
{ "type": "Feature", "properties": { "id": 37012, "nach": 0.30864368527213093 }, "geometry": { "type": "LineString", "coordinates": [ [ -0.7694942, 51.631282 ], [ -0.7692219, 51.631179 ], [ -0.7690658, 51.6311199 ], [ -0.7684478, 51.63086950000001 ], [ -0.767744, 51.6305978 ], [ -0.76691140000001, 51.6302994 ], [ -0.7661132, 51.6300064 ], [ -0.7654523, 51.6297347 ], [ -0.7648258, 51.6295056 ], [ -0.7642292, 51.6293791 ], [ -0.7641264, 51.6293549 ], [ -0.7637567, 51.6292681 ] ] } },
{ "type": "Feature", "properties": { "id": 211532, "nach": 0.54224738375095227 }, "geometry": { "type": "LineString", "coordinates": [ [ -0.7634633, 51.6298323 ], [ -0.7633116, 51.6301272 ] ] } },
{ "type": "Feature", "properties": { "id": 211534, "nach": 0.41005837834037212 }, "geometry": { "type": "LineString", "coordinates": [ [ -0.7630032, 51.6297321 ], [ -0.7634633, 51.6298323 ] ] } },
{ "type": "Feature", "properties": { "id": 107543, "nach": 0.60381521864363996 }, "geometry": { "type": "LineString", "coordinates": [ [ -0.7526951, 51.6271404 ], [ -0.7534752, 51.6273032 ] ] } },
{ "type": "Feature", "properties": { "id": 146790, "nach": 0.59089550296422866 }, "geometry": { "type": "LineString", "coordinates": [ [ -0.753707, 51.6273649 ], [ -0.7534752, 51.6273032 ] ] } },
{ "type": "Feature", "properties": { "id": 168744, "nach": 0.55550269987010037 }, "geometry": { "type": "LineString", "coordinates": [ [ -0.75375, 51.627001 ], [ -0.7537063, 51.6270442 ], [ -0.7534752, 51.6273032 ] ] } },
{ "type": "Feature", "properties": { "id": 146806, "nach": 0.58801754050497756 }, "geometry": { "type": "LineString", "coordinates": [ [ -0.752462, 51.6271105 ], [ -0.7526951, 51.6271404 ] ] } },
{ "type": "Feature", "properties": { "id": 183686, "nach": 0.43872792656062554 }, "geometry": { "type": "LineString", "coordinates": [ [ -0.7527223, 51.6270785 ], [ -0.7526951, 51.6271404 ] ] } },
{ "type": "Feature", "properties": { "id": 109262, "nach": 0.55569906029921579 }, "geometry": { "type": "LineString", "coordinates": [ [ -0.7524676, 51.6273353 ], [ -0.7526032, 51.6272546 ], [ -0.7526951, 51.6271404 ] ] } },
{ "type": "Feature", "properties": { "id": 146791, "nach": 0.57784129984403354 }, "geometry": { "type": "LineString", "coordinates": [ [ -0.753707, 51.6273649 ], [ -0.7549041, 51.6276833 ] ] } },
{ "type": "Feature", "properties": { "id": 146798, "nach": 0.53112987822093982 }, "geometry": { "type": "LineString", "coordinates": [ [ -0.7533417, 51.6279396 ], [ -0.753533, 51.6276387 ], [ -0.7535902, 51.6275488 ], [ -0.753707, 51.6273649 ] ] } },
{ "type": "Feature", "properties": { "id": 168743, "nach": 0.53315182543655237 }, "geometry": { "type": "LineString", "coordinates": [ [ -0.75375, 51.627001 ], [ -0.7539273, 51.6268255 ] ] } },
{ "type": "Feature", "properties": { "id": 168745, "nach": 0.45764480741114177 }, "geometry": { "type": "LineString", "coordinates": [ [ -0.75375, 51.627001 ], [ -0.7533865, 51.626819 ], [ -0.753226, 51.6267382 ] ] } },
{ "type": "Feature", "properties": { "id": 146805, "nach": 0.58680933022115278 }, "geometry": { "type": "LineString", "coordinates": [ [ -0.752462, 51.6271105 ], [ -0.7521003, 51.6270666 ] ] } },
{ "type": "Feature", "properties": { "id": 6824, "nach": 0.39392038799876788 }, "geometry": { "type": "LineString", "coordinates": [ [ -0.7521003, 51.6270666 ], [ -0.7520293, 51.6270767 ], [ -0.7519582, 51.6270791 ], [ -0.751788, 51.6270712 ] ] } },
{ "type": "Feature", "properties": { "id": 183693, "nach": 0.58404638863535452 }, "geometry": { "type": "LineString", "coordinates": [ [ -0.7518196, 51.6270185 ], [ -0.7518793, 51.6270307 ], [ -0.7519967, 51.627049599999985 ], [ -0.7521003, 51.6270666 ] ] } },
{ "type": "Feature", "properties": { "id": 146808, "nach": 0.43126616896405184 }, "geometry": { "type": "LineString", "coordinates": [ [ -0.7526093, 51.6267375 ], [ -0.7527015, 51.626803299999985 ], [ -0.7526372, 51.6269358 ], [ -0.7525496, 51.6270231 ], [ -0.752462, 51.6271105 ] ] } },
{ "type": "Feature", "properties": { "id": 74991, "nach": 0.51810844609541418 }, "geometry": { "type": "LineString", "coordinates": [ [ -0.751788, 51.6270712 ], [ -0.7517833, 51.6271141 ] ] } },
{ "type": "Feature", "properties": { "id": 183692, "nach": 0.4936827163088347 }, "geometry": { "type": "LineString", "coordinates": [ [ -0.7518196, 51.6270185 ], [ -0.7518048, 51.627043199999989 ], [ -0.751788, 51.6270712 ] ] } },
{ "type": "Feature", "properties": { "id": 74993, "nach": 0.44047815813876456 }, "geometry": { "type": "LineString", "coordinates": [ [ -0.751788, 51.6270712 ], [ -0.7516798, 51.6270662 ], [ -0.7515856, 51.6270162 ] ] } },
{ "type": "Feature", "properties": { "id": 18407, "nach": 0.56851493782162654 }, "geometry": { "type": "LineString", "coordinates": [ [ -0.7514644, 51.6267541 ], [ -0.7515764, 51.6268397 ], [ -0.7516338, 51.6269454 ], [ -0.7515856, 51.6270162 ] ] } },
{ "type": "Feature", "properties": { "id": 6827, "nach": 0.56691608448805142 }, "geometry": { "type": "LineString", "coordinates": [ [ -0.7515856, 51.6270162 ], [ -0.751726, 51.6270018 ], [ -0.7517798, 51.6270104 ], [ -0.7518196, 51.6270185 ] ] } },
{ "type": "Feature", "properties": { "id": 18406, "nach": 0.55654510076325592 }, "geometry": { "type": "LineString", "coordinates": [ [ -0.7514644, 51.6267541 ], [ -0.751496, 51.6266837 ], [ -0.7515644, 51.6266241 ], [ -0.7516408, 51.62656 ] ] } },
{ "type": "Feature", "properties": { "id": 84317, "nach": 0.57534849993235515 }, "geometry": { "type": "LineString", "coordinates": [ [ -0.7502217, 51.6267867 ], [ -0.7507677, 51.6267756 ], [ -0.7510158, 51.6267731 ], [ -0.7512023, 51.6267657 ], [ -0.7514644, 51.6267541 ] ] } },
{ "type": "Feature", "properties": { "id": 116075, "nach": 0.50134050199998037 }, "geometry": { "type": "LineString", "coordinates": [ [ -0.7517441, 51.6266016 ], [ -0.7516173, 51.6267253 ], [ -0.7514644, 51.6267541 ] ] } },
{ "type": "Feature", "properties": { "id": 183691, "nach": 0.53817496499250173 }, "geometry": { "type": "LineString", "coordinates": [ [ -0.7518196, 51.6270185 ], [ -0.7518423, 51.626980500000016 ], [ -0.7517503, 51.626884600000011 ], [ -0.7516867, 51.6267938 ], [ -0.751717, 51.6267046 ], [ -0.7517792, 51.6266271 ], [ -0.7517787, 51.6266156 ] ] } },
{ "type": "Feature", "properties": { "id": 196194, "nach": 0.42621867103402777 }, "geometry": { "type": "LineString", "coordinates": [ [ -0.7649835, 51.6263204 ], [ -0.7649694, 51.6263557 ] ] } },
{ "type": "Feature", "properties": { "id": 168730, "nach": 0.46989450151266227 }, "geometry": { "type": "LineString", "coordinates": [ [ -0.7649601, 51.6263842 ], [ -0.7649694, 51.6263557 ] ] } },
{ "type": "Feature", "properties": { "id": 143789, "nach": 0.43716528819175227 }, "geometry": { "type": "LineString", "coordinates": [ [ -0.7655247, 51.6263362 ], [ -0.7653068, 51.6263729 ], [ -0.7649694, 51.6263557 ] ] } },
{ "type": "Feature", "properties": { "id": 196196, "nach": 0.38830566564698443 }, "geometry": { "type": "LineString", "coordinates": [ [ -0.7649835, 51.6263204 ], [ -0.7650826, 51.62607280000001 ], [ -0.7652029, 51.6258182 ] ] } },
{ "type": "Feature", "properties": { "id": 196195, "nach": 0.33872859874075129 }, "geometry": { "type": "LineString", "coordinates": [ [ -0.7649835, 51.6263204 ], [ -0.7642818, 51.6262213 ] ] } },
{ "type": "Feature", "properties": { "id": 168734, "nach": 0.47790390003632238 }, "geometry": { "type": "LineString", "coordinates": [ [ -0.7649063, 51.626549 ], [ -0.7649601, 51.6263842 ] ] } },
{ "type": "Feature", "properties": { "id": 168733, "nach": 0.3403441978234753 }, "geometry": { "type": "LineString", "coordinates": [ [ -0.7644153, 51.6263896 ], [ -0.7644509, 51.6263163 ], [ -0.7644871, 51.6263122 ], [ -0.764868, 51.62637130000001 ], [ -0.7649601, 51.6263842 ] ] } },
{ "type": "Feature", "properties": { "id": 143790, "nach": 0.42349374374464144 }, "geometry": { "type": "LineString", "coordinates": [ [ -0.7655247, 51.6263362 ], [ -0.7659767, 51.6262601 ], [ -0.7665618, 51.6260431 ] ] } },
{ "type": "Feature", "properties": { "id": 143792, "nach": 0.33598216333700559 }, "geometry": { "type": "LineString", "coordinates": [ [ -0.765658, 51.6266774 ], [ -0.7656392, 51.6265575 ], [ -0.7656017, 51.6264393 ], [ -0.7655247, 51.6263362 ] ] } },
{ "type": "Feature", "properties": { "id": 6834, "nach": 0.4229767861752623 }, "geometry": { "type": "LineString", "coordinates": [ [ -0.767526, 51.6187947 ], [ -0.7674739, 51.6188846 ], [ -0.7674466, 51.6190812 ], [ -0.7673637, 51.6193283 ], [ -0.7672704, 51.619503 ], [ -0.7670449, 51.6198282 ], [ -0.7667506, 51.6202563 ], [ -0.7663549, 51.6208323 ], [ -0.7662189, 51.6210671 ] ] } },
{ "type": "Feature", "properties": { "id": 38686, "nach": 0.39341644760952588 }, "geometry": { "type": "LineString", "coordinates": [ [ -0.7659215, 51.62306730000001 ], [ -0.7658945, 51.6228262 ], [ -0.7658794, 51.622300800000012 ], [ -0.7659144, 51.6219902 ], [ -0.7659613, 51.6217451 ], [ -0.7660913, 51.6213392 ], [ -0.7662189, 51.6210671 ] ] } },
{ "type": "Feature", "properties": { "id": 35780, "nach": 0.42318317700278879 }, "geometry": { "type": "LineString", "coordinates": [ [ -0.764624, 51.621026900000011 ], [ -0.7660421, 51.6210505 ], [ -0.7662189, 51.6210671 ] ] } },
{ "type": "Feature", "properties": { "id": 6851, "nach": 0.55814631793608405 }, "geometry": { "type": "LineString", "coordinates": [ [ -0.7672305, 51.618169 ], [ -0.767417, 51.6186026 ], [ -0.7674734, 51.6187122 ], [ -0.767526, 51.6187947 ] ] } },
{ "type": "Feature", "properties": { "id": 18426, "nach": 0.55474529417034146 }, "geometry": { "type": "LineString", "coordinates": [ [ -0.76893070000001, 51.619223 ], [ -0.7677447, 51.6188035 ], [ -0.7676517, 51.6187939 ], [ -0.767526, 51.6187947 ] ] } },
{ "type": "Feature", "properties": { "id": 38688, "nach": 0.38658026853079552 }, "geometry": { "type": "LineString", "coordinates": [ [ -0.7659215, 51.62306730000001 ], [ -0.7668527, 51.6230594 ], [ -0.76693, 51.6231073 ] ] } },
{ "type": "Feature", "properties": { "id": 183579, "nach": 0.32704024140722249 }, "geometry": { "type": "LineString", "coordinates": [ [ -0.7652029, 51.6258182 ], [ -0.7654116, 51.6253765 ], [ -0.7657304, 51.624821499999982 ], [ -0.7658228, 51.6245747 ], [ -0.7659067, 51.62433630000001 ], [ -0.765945, 51.624122800000016 ], [ -0.765966, 51.6238198 ], [ -0.7659215, 51.62306730000001 ] ] } },
{ "type": "Feature", "properties": { "id": 35779, "nach": 0.43838495373665493 }, "geometry": { "type": "LineString", "coordinates": [ [ -0.764624, 51.621026900000011 ], [ -0.7641376, 51.6210178 ], [ -0.764006, 51.6210306 ] ] } },
{ "type": "Feature", "properties": { "id": 35783, "nach": 0.34804048113465513 }, "geometry": { "type": "LineString", "coordinates": [ [ -0.7643796, 51.6221803 ], [ -0.7643796, 51.6219671 ], [ -0.7644225, 51.6217913 ], [ -0.7644878, 51.6215615 ], [ -0.764624, 51.621026900000011 ] ] } },
{ "type": "Feature", "properties": { "id": 202735, "nach": 0.57240418981261687 }, "geometry": { "type": "LineString", "coordinates": [ [ -0.7667881, 51.6177756 ], [ -0.7669975, 51.6179074 ], [ -0.7672305, 51.618169 ] ] } },
{ "type": "Feature", "properties": { "id": 35283, "nach": 0.5003017749307288 }, "geometry": { "type": "LineString", "coordinates": [ [ -0.7685356, 51.6174993 ], [ -0.768152, 51.6177177 ], [ -0.7676734, 51.6179646 ], [ -0.7672305, 51.618169 ] ] } },
{ "type": "Feature", "properties": { "id": 143769, "nach": 0.5260547952384208 }, "geometry": { "type": "LineString", "coordinates": [ [ -0.7666261, 51.6171722 ], [ -0.7667702, 51.6170735 ], [ -0.767257, 51.6167471 ], [ -0.7674624, 51.6165804 ], [ -0.767628, 51.6164187 ], [ -0.7678345, 51.616168 ], [ -0.768098, 51.6157608 ], [ -0.7682077, 51.6156445 ], [ -0.7683404, 51.6155347 ], [ -0.7684072, 51.6154672 ] ] } },
{ "type": "Feature", "properties": { "id": 143770, "nach": 0.56195225831163942 }, "geometry": { "type": "LineString", "coordinates": [ [ -0.7664146, 51.6173171 ], [ -0.7666261, 51.6171722 ] ] } },
{ "type": "Feature", "properties": { "id": 228742, "nach": 0.51891311717114741 }, "geometry": { "type": "LineString", "coordinates": [ [ -0.7665646, 51.6171354 ], [ -0.7666261, 51.6171722 ] ] } },
{ "type": "Feature", "properties": { "id": 197684, "nach": 0.51461287029380109 }, "geometry": { "type": "LineString", "coordinates": [ [ -0.7664362, 51.6175383 ], [ -0.7662786, 51.6174345 ] ] } },
{ "type": "Feature", "properties": { "id": 144833, "nach": 0.58555238293830514 }, "geometry": { "type": "LineString", "coordinates": [ [ -0.7663412, 51.6173689 ], [ -0.7662786, 51.6174345 ] ] } },
{ "type": "Feature", "properties": { "id": 144948, "nach": 0.56550854100036851 }, "geometry": { "type": "LineString", "coordinates": [ [ -0.7657901, 51.617711300000011 ], [ -0.7660687, 51.617528 ], [ -0.7661149, 51.617501500000017 ], [ -0.7662786, 51.6174345 ] ] } },
{ "type": "Feature", "properties": { "id": 197685, "nach": 0.52496774944632663 }, "geometry": { "type": "LineString", "coordinates": [ [ -0.7664362, 51.6175383 ], [ -0.7667094, 51.6177182 ] ] } },
{ "type": "Feature", "properties": { "id": 197686, "nach": 0.47052606126750463 }, "geometry": { "type": "LineString", "coordinates": [ [ -0.7664362, 51.6175383 ], [ -0.7663484, 51.6175841 ], [ -0.7663006, 51.6175748 ], [ -0.7662539, 51.61757 ], [ -0.7661979, 51.61757 ], [ -0.7661365, 51.6175725 ], [ -0.7658516, 51.6177495 ] ] } },
{ "type": "Feature", "properties": { "id": 228747, "nach": 0.4791483109740019 }, "geometry": { "type": "LineString", "coordinates": [ [ -0.7687048, 51.615616 ], [ -0.7685921, 51.615617 ], [ -0.7685398, 51.6156312 ], [ -0.7684795, 51.615657 ], [ -0.7684164, 51.6156761 ], [ -0.7683507, 51.6156911 ], [ -0.7682931, 51.6157069 ], [ -0.768226, 51.6157328 ], [ -0.7681697, 51.6157869 ], [ -0.7681134, 51.6158549 ], [ -0.7680865, 51.6159382 ], [ -0.768057, 51.6160156 ], [ -0.7680195, 51.6160839 ], [ -0.7679243, 51.6162138 ], [ -0.767821, 51.6163396 ], [ -0.7677405, 51.6164328 ], [ -0.7676373, 51.6165436 ], [ -0.7675501, 51.616621 ], [ -0.7674468, 51.6167076 ], [ -0.7672953, 51.61683 ], [ -0.7671411, 51.6169366 ], [ -0.7670311, 51.617009900000021 ], [ -0.7668407, 51.6171351 ], [ -0.766555, 51.617315800000014 ], [ -0.7665027, 51.6173533 ], [ -0.7664732, 51.6173841 ], [ -0.7664571, 51.6174149 ], [ -0.7664504, 51.6174507 ], [ -0.7664598, 51.61748570000001 ], [ -0.7664855, 51.6175125 ], [ -0.7664362, 51.6175383 ] ] } },
{ "type": "Feature", "properties": { "id": 144834, "nach": 0.58409353443397649 }, "geometry": { "type": "LineString", "coordinates": [ [ -0.7663412, 51.6173689 ], [ -0.7663456, 51.6173643 ], [ -0.7663717, 51.6173465 ], [ -0.7664146, 51.6173171 ] ] } },
{ "type": "Feature", "properties": { "id": 222724, "nach": 0.43871721579364259 }, "geometry": { "type": "LineString", "coordinates": [ [ -0.7657829, 51.6174977 ], [ -0.7661694, 51.6172625 ], [ -0.7663412, 51.6173689 ] ] } },
{ "type": "Feature", "properties": { "id": 270653, "nach": 0.51734870529559529 }, "geometry": { "type": "LineString", "coordinates": [ [ -0.7656581, 51.6177981 ], [ -0.7657901, 51.617711300000011 ] ] } },
{ "type": "Feature", "properties": { "id": 228739, "nach": 0.58223917638879108 }, "geometry": { "type": "LineString", "coordinates": [ [ -0.7657024, 51.617655 ], [ -0.7657901, 51.617711300000011 ] ] } },
{ "type": "Feature", "properties": { "id": 182487, "nach": 0.55491515085741883 }, "geometry": { "type": "LineString", "coordinates": [ [ -0.7658516, 51.6177495 ], [ -0.7657901, 51.617711300000011 ] ] } },
{ "type": "Feature", "properties": { "id": 182407, "nach": 0.5604995453777476 }, "geometry": { "type": "LineString", "coordinates": [ [ -0.7638609, 51.61823050000001 ], [ -0.7638299, 51.6182881 ] ] } },
{ "type": "Feature", "properties": { "id": 182404, "nach": 0.41239800179816855 }, "geometry": { "type": "LineString", "coordinates": [ [ -0.7637938, 51.618355 ], [ -0.7638299, 51.6182881 ] ] } },
{ "type": "Feature", "properties": { "id": 76725, "nach": 0.57898788213862518 }, "geometry": { "type": "LineString", "coordinates": [ [ -0.7640682, 51.6183248 ], [ -0.7638299, 51.6182881 ] ] } },
{ "type": "Feature", "properties": { "id": 102845, "nach": 0.53213288681224868 }, "geometry": { "type": "LineString", "coordinates": [ [ -0.7629986, 51.6181879 ], [ -0.7633146, 51.61820070000001 ], [ -0.7635437, 51.61823290000001 ], [ -0.7638299, 51.6182881 ] ] } },
{ "type": "Feature", "properties": { "id": 182415, "nach": 0.6157963824168996 }, "geometry": { "type": "LineString", "coordinates": [ [ -0.7631027, 51.618078 ], [ -0.7633397, 51.6181239 ], [ -0.7638609, 51.61823050000001 ] ] } },
{ "type": "Feature", "properties": { "id": 228741, "nach": 0.59039177906228013 }, "geometry": { "type": "LineString", "coordinates": [ [ -0.7657024, 51.617655 ], [ -0.7654256, 51.6178278 ], [ -0.7653122, 51.6179023 ], [ -0.7651694, 51.6179944 ], [ -0.7650259, 51.6180801 ], [ -0.7649253, 51.618129300000014 ], [ -0.7648221, 51.6181717 ], [ -0.764692, 51.6182067 ], [ -0.7645217, 51.61824 ], [ -0.7643554, 51.61826330000001 ], [ -0.7642226, 51.6182683 ], [ -0.7640992, 51.618265 ], [ -0.7639785, 51.6182517 ], [ -0.7638609, 51.61823050000001 ] ] } },
{ "type": "Feature", "properties": { "id": 182421, "nach": 0.53389457889544611 }, "geometry": { "type": "LineString", "coordinates": [ [ -0.7630234, 51.6182624 ], [ -0.7630441, 51.6182613 ], [ -0.7632768, 51.618253699999983 ], [ -0.7634025, 51.618266 ], [ -0.7634371, 51.618295 ], [ -0.7635586, 51.618320600000011 ], [ -0.7636324, 51.6183251 ], [ -0.7637938, 51.618355 ] ] } },
{ "type": "Feature", "properties": { "id": 182482, "nach": 0.5327970727549407 }, "geometry": { "type": "LineString", "coordinates": [ [ -0.7640343, 51.6183902 ], [ -0.763949, 51.6183798 ], [ -0.7637938, 51.618355 ] ] } },
{ "type": "Feature", "properties": { "id": 76726, "nach": 0.55488207801715483 }, "geometry": { "type": "LineString", "coordinates": [ [ -0.7640682, 51.6183248 ], [ -0.7642492, 51.618333400000012 ], [ -0.7644828, 51.6183307 ], [ -0.7647124, 51.6182941 ], [ -0.7649269, 51.6182296 ], [ -0.7651052, 51.6181461 ] ] } },
{ "type": "Feature", "properties": { "id": 182480, "nach": 0.53508903031991395 }, "geometry": { "type": "LineString", "coordinates": [ [ -0.7640343, 51.6183902 ], [ -0.7640682, 51.6183248 ] ] } },
{ "type": "Feature", "properties": { "id": 182410, "nach": 0.58266163764773393 }, "geometry": { "type": "LineString", "coordinates": [ [ -0.7629377, 51.618267 ], [ -0.7629986, 51.6181879 ] ] } },
{ "type": "Feature", "properties": { "id": 228731, "nach": 0.59789659373424986 }, "geometry": { "type": "LineString", "coordinates": [ [ -0.7626937, 51.6181924 ], [ -0.7629986, 51.6181879 ] ] } },
{ "type": "Feature", "properties": { "id": 202733, "nach": 0.58234794962008629 }, "geometry": { "type": "LineString", "coordinates": [ [ -0.7667881, 51.6177756 ], [ -0.7667094, 51.6177182 ] ] } },
{ "type": "Feature", "properties": { "id": 202736, "nach": 0.48051619274432489 }, "geometry": { "type": "LineString", "coordinates": [ [ -0.7672977, 51.6174761 ], [ -0.7667881, 51.6177756 ] ] } },
{ "type": "Feature", "properties": { "id": 228730, "nach": 0.59945611373877938 }, "geometry": { "type": "LineString", "coordinates": [ [ -0.7626937, 51.6181924 ], [ -0.7626586, 51.6181931 ] ] } },
{ "type": "Feature", "properties": { "id": 6877, "nach": 0.50427309934108655 }, "geometry": { "type": "LineString", "coordinates": [ [ -0.7626586, 51.6181931 ], [ -0.76236, 51.6182496 ], [ -0.762317, 51.6182607 ] ] } },
{ "type": "Feature", "properties": { "id": 228737, "nach": 0.42863624671266082 }, "geometry": { "type": "LineString", "coordinates": [ [ -0.7626933, 51.6181134 ], [ -0.7626937, 51.6181924 ] ] } },
{ "type": "Feature", "properties": { "id": 182399, "nach": 0.45248994495118738 }, "geometry": { "type": "LineString", "coordinates": [ [ -0.762317, 51.6182607 ], [ -0.7623425, 51.6183058 ] ] } },
{ "type": "Feature", "properties": { "id": 36995, "nach": 0.59873874983436404 }, "geometry": { "type": "LineString", "coordinates": [ [ -0.7673503, 51.6337791 ], [ -0.7672605, 51.6338938 ] ] } },
{ "type": "Feature", "properties": { "id": 35289, "nach": 0.59438505115448359 }, "geometry": { "type": "LineString", "coordinates": [ [ -0.7670308, 51.6340854 ], [ -0.7672605, 51.6338938 ] ] } },
{ "type": "Feature", "properties": { "id": 147516, "nach": 0.56586039669131472 }, "geometry": { "type": "LineString", "coordinates": [ [ -0.7695091, 51.6341376 ], [ -0.7675091, 51.6339459 ], [ -0.7672605, 51.6338938 ] ] } },
{ "type": "Feature", "properties": { "id": 36993, "nach": 0.52775351409071247 }, "geometry": { "type": "LineString", "coordinates": [ [ -0.7657871, 51.6330588 ], [ -0.7673503, 51.6337791 ] ] } },
{ "type": "Feature", "properties": { "id": 277704, "nach": 0.5914970039249311 }, "geometry": { "type": "LineString", "coordinates": [ [ -0.7670097, 51.6341038 ], [ -0.7670308, 51.6340854 ] ] } },
{ "type": "Feature", "properties": { "id": 36998, "nach": 0.44825380841024648 }, "geometry": { "type": "LineString", "coordinates": [ [ -0.7659264, 51.6337367 ], [ -0.7661641, 51.6338746 ], [ -0.7662511, 51.6339251 ], [ -0.766352, 51.6339554 ], [ -0.766545, 51.6339423 ], [ -0.7666565, 51.6339437 ], [ -0.7667555, 51.6339639 ], [ -0.7670308, 51.6340854 ] ] } },
{ "type": "Feature", "properties": { "id": 147514, "nach": 0.61237598273961547 }, "geometry": { "type": "LineString", "coordinates": [ [ -0.7695091, 51.6341376 ], [ -0.7695852, 51.634145 ] ] } },
{ "type": "Feature", "properties": { "id": 277661, "nach": 0.60529541587175839 }, "geometry": { "type": "LineString", "coordinates": [ [ -0.76940460000001, 51.6345656 ], [ -0.7695091, 51.6341376 ] ] } },
{ "type": "Feature", "properties": { "id": 156365, "nach": 0.58767923595809146 }, "geometry": { "type": "LineString", "coordinates": [ [ -0.7664486, 51.6345433 ], [ -0.7665952, 51.6344486 ] ] } },
{ "type": "Feature", "properties": { "id": 277706, "nach": 0.58929960026759087 }, "geometry": { "type": "LineString", "coordinates": [ [ -0.7670097, 51.6341038 ], [ -0.7666679, 51.6344015 ], [ -0.7665952, 51.6344486 ] ] } },
{ "type": "Feature", "properties": { "id": 156373, "nach": 0.46836312135463276 }, "geometry": { "type": "LineString", "coordinates": [ [ -0.7677687, 51.6347759 ], [ -0.7676587, 51.6348042 ], [ -0.767522, 51.634817499999983 ], [ -0.7673342, 51.6348225 ], [ -0.7671759, 51.6348126 ], [ -0.7670284, 51.6347659 ], [ -0.766897, 51.6346844 ], [ -0.76675750000001, 51.6345812 ], [ -0.7665952, 51.6344486 ] ] } },
{ "type": "Feature", "properties": { "id": 168531, "nach": 0.58641603134374842 }, "geometry": { "type": "LineString", "coordinates": [ [ -0.7664082, 51.6345694 ], [ -0.7664486, 51.6345433 ] ] } },
{ "type": "Feature", "properties": { "id": 277664, "nach": 0.50817704668262154 }, "geometry": { "type": "LineString", "coordinates": [ [ -0.7666236, 51.6346705 ], [ -0.7664486, 51.6345433 ] ] } },
{ "type": "Feature", "properties": { "id": 277707, "nach": 0.41759300646950837 }, "geometry": { "type": "LineString", "coordinates": [ [ -0.7673379, 51.634244700000011 ], [ -0.7670097, 51.6341038 ] ] } },
{ "type": "Feature", "properties": { "id": 156374, "nach": 0.40075609356890329 }, "geometry": { "type": "LineString", "coordinates": [ [ -0.767812, 51.6345197 ], [ -0.7677687, 51.6347759 ] ] } },
{ "type": "Feature", "properties": { "id": 277663, "nach": 0.39850481401313509 }, "geometry": { "type": "LineString", "coordinates": [ [ -0.768346, 51.6348389 ], [ -0.7677687, 51.6347759 ] ] } },
{ "type": "Feature", "properties": { "id": 37011, "nach": 0.45776563133004472 }, "geometry": { "type": "LineString", "coordinates": [ [ -0.7694942, 51.631282 ], [ -0.7696999, 51.6310085 ], [ -0.7702586, 51.6304271 ] ] } },
{ "type": "Feature", "properties": { "id": 37265, "nach": 0.40253010769004371 }, "geometry": { "type": "LineString", "coordinates": [ [ -0.7686353, 51.628564500000017 ], [ -0.7685583, 51.6286952 ], [ -0.7685292, 51.628989 ], [ -0.7685806, 51.62925 ], [ -0.7687695, 51.6295484 ], [ -0.7691615, 51.6298601 ], [ -0.7702586, 51.6304271 ] ] } },
{ "type": "Feature", "properties": { "id": 34556, "nach": 0.39990538636387324 }, "geometry": { "type": "LineString", "coordinates": [ [ -0.7722663, 51.6290052 ], [ -0.771777, 51.6293835 ], [ -0.7712964, 51.6297778 ], [ -0.7710303, 51.629985600000019 ], [ -0.7702586, 51.6304271 ] ] } },
{ "type": "Feature", "properties": { "id": 37010, "nach": 0.47902705043622701 }, "geometry": { "type": "LineString", "coordinates": [ [ -0.7694942, 51.631282 ], [ -0.7691945, 51.6316938 ] ] } },
{ "type": "Feature", "properties": { "id": 37264, "nach": 0.38140735011520244 }, "geometry": { "type": "LineString", "coordinates": [ [ -0.7686353, 51.628564500000017 ], [ -0.76892, 51.628081700000017 ], [ -0.7693422, 51.627423 ] ] } },
{ "type": "Feature", "properties": { "id": 192146, "nach": 0.41474568510931858 }, "geometry": { "type": "LineString", "coordinates": [ [ -0.76814, 51.62837360000001 ], [ -0.7682892, 51.6284486 ], [ -0.7684608, 51.6285072 ], [ -0.7686353, 51.628564500000017 ] ] } },
{ "type": "Feature", "properties": { "id": 34559, "nach": 0.30757608452073376 }, "geometry": { "type": "LineString", "coordinates": [ [ -0.7742888, 51.6269863 ], [ -0.77393660000001, 51.6274366 ], [ -0.7735795, 51.6277638 ], [ -0.7730988, 51.6282273 ], [ -0.7726697, 51.6286376 ], [ -0.7722663, 51.6290052 ] ] } },
{ "type": "Feature", "properties": { "id": 35218, "nach": 0.38372221241432897 }, "geometry": { "type": "LineString", "coordinates": [ [ -0.7715565, 51.6287646 ], [ -0.7716878, 51.6287918 ], [ -0.7720569, 51.6288984 ], [ -0.7722663, 51.6290052 ] ] } },
{ "type": "Feature", "properties": { "id": 37252, "nach": 0.42097981606869428 }, "geometry": { "type": "LineString", "coordinates": [ [ -0.7671017, 51.6256508 ], [ -0.7665618, 51.6260431 ] ] } },
{ "type": "Feature", "properties": { "id": 37267, "nach": 0.27511712604373562 }, "geometry": { "type": "LineString", "coordinates": [ [ -0.7655864, 51.6279286 ], [ -0.7659349, 51.6279283 ], [ -0.766207, 51.6278681 ], [ -0.7664055, 51.6277313 ], [ -0.76657210000001, 51.6275855 ], [ -0.7666661, 51.6274359 ], [ -0.7667602, 51.62701830000001 ], [ -0.7668088, 51.6265778 ], [ -0.7668105, 51.6262435 ], [ -0.7666922, 51.6260999 ], [ -0.7665618, 51.6260431 ] ] } },
{ "type": "Feature", "properties": { "id": 38669, "nach": 0.38960938794962902 }, "geometry": { "type": "LineString", "coordinates": [ [ -0.7675005, 51.6249838 ], [ -0.7671017, 51.6256508 ] ] } },
{ "type": "Feature", "properties": { "id": 37269, "nach": 0.40696172867285224 }, "geometry": { "type": "LineString", "coordinates": [ [ -0.7677267, 51.6258156 ], [ -0.767448, 51.6257419 ], [ -0.7671017, 51.6256508 ] ] } },
{ "type": "Feature", "properties": { "id": 102859, "nach": 0.54886016796011994 }, "geometry": { "type": "LineString", "coordinates": [ [ -0.7546518, 51.6305957 ], [ -0.7548266, 51.6306699 ] ] } },
{ "type": "Feature", "properties": { "id": 102860, "nach": 0.53616484830872357 }, "geometry": { "type": "LineString", "coordinates": [ [ -0.7546518, 51.6305957 ], [ -0.7547296, 51.6305124 ] ] } },
{ "type": "Feature", "properties": { "id": 13411, "nach": 0.54201219070182738 }, "geometry": { "type": "LineString", "coordinates": [ [ -0.7544299, 51.63111030000001 ], [ -0.754307, 51.6311874 ], [ -0.754281, 51.631223 ] ] } },
{ "type": "Feature", "properties": { "id": 13412, "nach": 0.62498003123193113 }, "geometry": { "type": "LineString", "coordinates": [ [ -0.7544299, 51.63111030000001 ], [ -0.7543191, 51.6310637 ], [ -0.754235, 51.6310074 ] ] } },
{ "type": "Feature", "properties": { "id": 115957, "nach": 0.49432044293459138 }, "geometry": { "type": "LineString", "coordinates": [ [ -0.754281, 51.631223 ], [ -0.7543426, 51.6312321 ] ] } },
{ "type": "Feature", "properties": { "id": 115958, "nach": 0.54277591505018474 }, "geometry": { "type": "LineString", "coordinates": [ [ -0.754281, 51.631223 ], [ -0.754197, 51.6312012 ], [ -0.754248, 51.6311363 ], [ -0.7541653, 51.6311081 ] ] } },
{ "type": "Feature", "properties": { "id": 115956, "nach": 0.5870400913582311 }, "geometry": { "type": "LineString", "coordinates": [ [ -0.754281, 51.631223 ], [ -0.7540523, 51.63153590000001 ] ] } },
{ "type": "Feature", "properties": { "id": 35736, "nach": 0.64832297686217155 }, "geometry": { "type": "LineString", "coordinates": [ [ -0.754235, 51.6310074 ], [ -0.754213, 51.6309686 ] ] } },
{ "type": "Feature", "properties": { "id": 115947, "nach": 0.58173418190709947 }, "geometry": { "type": "LineString", "coordinates": [ [ -0.7541653, 51.6311081 ], [ -0.754235, 51.6310074 ] ] } },
{ "type": "Feature", "properties": { "id": 13413, "nach": 0.60113608633114834 }, "geometry": { "type": "LineString", "coordinates": [ [ -0.7525543, 51.6326818 ], [ -0.7524937, 51.63262610000001 ] ] } },
{ "type": "Feature", "properties": { "id": 13414, "nach": 0.57796007094871082 }, "geometry": { "type": "LineString", "coordinates": [ [ -0.7525543, 51.6326818 ], [ -0.752783, 51.6328693 ] ] } },
{ "type": "Feature", "properties": { "id": 13415, "nach": 0.53023555205174977 }, "geometry": { "type": "LineString", "coordinates": [ [ -0.7525543, 51.6326818 ], [ -0.7526067, 51.6326336 ], [ -0.7527214, 51.6325671 ], [ -0.7528138, 51.6325176 ] ] } },
{ "type": "Feature", "properties": { "id": 76837, "nach": 0.45625132500596749 }, "geometry": { "type": "LineString", "coordinates": [ [ -0.7527548, 51.633266 ], [ -0.7527477, 51.6331996 ], [ -0.7527237, 51.6331125 ], [ -0.7526905, 51.633044 ], [ -0.7526242, 51.6329422 ], [ -0.7525739, 51.632870200000013 ], [ -0.7525489, 51.6328202 ], [ -0.7525321, 51.6327682 ], [ -0.7525348, 51.6327184 ], [ -0.7525543, 51.6326818 ] ] } },
{ "type": "Feature", "properties": { "id": 115821, "nach": 0.56398530010158932 }, "geometry": { "type": "LineString", "coordinates": [ [ -0.7524937, 51.63262610000001 ], [ -0.7524748, 51.6326087 ], [ -0.752452, 51.6325815 ] ] } },
{ "type": "Feature", "properties": { "id": 115822, "nach": 0.55264779630442684 }, "geometry": { "type": "LineString", "coordinates": [ [ -0.7524937, 51.63262610000001 ], [ -0.7524339, 51.632668 ], [ -0.7523812, 51.632807800000016 ], [ -0.7523427, 51.6329432 ], [ -0.7522939, 51.6329665 ] ] } },
{ "type": "Feature", "properties": { "id": 13416, "nach": 0.5772663206753833 }, "geometry": { "type": "LineString", "coordinates": [ [ -0.752783, 51.6328693 ], [ -0.7529071, 51.6331059 ], [ -0.7529525, 51.6332045 ], [ -0.7529576, 51.6332704 ] ] } },
{ "type": "Feature", "properties": { "id": 115880, "nach": 0.55509552553410912 }, "geometry": { "type": "LineString", "coordinates": [ [ -0.7529113, 51.6326621 ], [ -0.7528189, 51.6327453 ], [ -0.7527928, 51.6327972 ], [ -0.752783, 51.6328693 ] ] } },
{ "type": "Feature", "properties": { "id": 36630, "nach": 0.39490182174633087 }, "geometry": { "type": "LineString", "coordinates": [ [ -0.7525454, 51.6323354 ], [ -0.7525452, 51.632352900000015 ], [ -0.7525498, 51.6323663 ], [ -0.7525565, 51.6323782 ], [ -0.752574, 51.6323973 ], [ -0.7525981, 51.6324168 ], [ -0.7526503, 51.6324498 ], [ -0.7527342, 51.6324879 ], [ -0.7528138, 51.6325176 ] ] } },
{ "type": "Feature", "properties": { "id": 75624, "nach": 0.59394644992192946 }, "geometry": { "type": "LineString", "coordinates": [ [ -0.7528138, 51.6325176 ], [ -0.753278861513497, 51.63214321837377 ] ] } },
{ "type": "Feature", "properties": { "id": 76836, "nach": 0.48525718665581397 }, "geometry": { "type": "LineString", "coordinates": [ [ -0.7527548, 51.633266 ], [ -0.7529576, 51.6332704 ] ] } },
{ "type": "Feature", "properties": { "id": 115837, "nach": 0.55103406625532103 }, "geometry": { "type": "LineString", "coordinates": [ [ -0.7531145, 51.6333108 ], [ -0.7529576, 51.6332704 ] ] } },
{ "type": "Feature", "properties": { "id": 76835, "nach": 0.50123210614533764 }, "geometry": { "type": "LineString", "coordinates": [ [ -0.7529576, 51.6332704 ], [ -0.7529435, 51.6333963 ] ] } },
{ "type": "Feature", "properties": { "id": 115809, "nach": 0.50213166901647588 }, "geometry": { "type": "LineString", "coordinates": [ [ -0.7520647, 51.6346333 ], [ -0.7520341, 51.63443 ], [ -0.7520652, 51.6342466 ], [ -0.7521497, 51.6340953 ], [ -0.7523847, 51.6338648 ], [ -0.7525236, 51.6337452 ], [ -0.7526364, 51.633608800000012 ], [ -0.7527173, 51.6334714 ], [ -0.7527235, 51.6334377 ] ] } },
{ "type": "Feature", "properties": { "id": 116042, "nach": 0.54472407803459866 }, "geometry": { "type": "LineString", "coordinates": [ [ -0.7512803, 51.6275815 ], [ -0.7519303, 51.6282233 ] ] } },
{ "type": "Feature", "properties": { "id": 116043, "nach": 0.49771645777470791 }, "geometry": { "type": "LineString", "coordinates": [ [ -0.7512803, 51.6275815 ], [ -0.7514761, 51.62765490000001 ] ] } },
{ "type": "Feature", "properties": { "id": 137353, "nach": 0.4751671670157287 }, "geometry": { "type": "LineString", "coordinates": [ [ -0.7504328, 51.627707600000015 ], [ -0.7504617, 51.6276101 ], [ -0.7504794, 51.6275374 ], [ -0.7505383, 51.6273136 ] ] } },
{ "type": "Feature", "properties": { "id": 116073, "nach": 0.53364938686875174 }, "geometry": { "type": "LineString", "coordinates": [ [ -0.7517441, 51.6266016 ], [ -0.7516408, 51.62656 ] ] } },
{ "type": "Feature", "properties": { "id": 116071, "nach": 0.58774879532238189 }, "geometry": { "type": "LineString", "coordinates": [ [ -0.7516408, 51.62656 ], [ -0.7517749, 51.6264401 ], [ -0.7524629, 51.625798 ], [ -0.7533638, 51.6250201 ] ] } },
{ "type": "Feature", "properties": { "id": 183097, "nach": 0.47569453732827788 }, "geometry": { "type": "LineString", "coordinates": [ [ -0.7502278, 51.6266638 ], [ -0.750282, 51.6266639 ], [ -0.7508308, 51.6266891 ], [ -0.7513122, 51.6266558 ], [ -0.7514101, 51.6266358 ], [ -0.7515241, 51.6265917 ], [ -0.7515939, 51.6265359 ], [ -0.7516408, 51.62656 ] ] } },
{ "type": "Feature", "properties": { "id": 96901, "nach": 0.60410752973515258 }, "geometry": { "type": "LineString", "coordinates": [ [ -0.7500523, 51.6267901 ], [ -0.7502217, 51.6267867 ] ] } },
{ "type": "Feature", "properties": { "id": 183094, "nach": 0.56426849282104519 }, "geometry": { "type": "LineString", "coordinates": [ [ -0.7502278, 51.6266638 ], [ -0.7502217, 51.6267867 ] ] } },
{ "type": "Feature", "properties": { "id": 36135, "nach": 0.48633722707790039 }, "geometry": { "type": "LineString", "coordinates": [ [ -0.7527652, 51.6183285 ], [ -0.752943, 51.6183756 ] ] } },
{ "type": "Feature", "properties": { "id": 109901, "nach": 0.47298154494904926 }, "geometry": { "type": "LineString", "coordinates": [ [ -0.7531779, 51.617451 ], [ -0.753115, 51.6178089 ], [ -0.752943, 51.6183756 ] ] } },
{ "type": "Feature", "properties": { "id": 36013, "nach": 0.43297305306523559 }, "geometry": { "type": "LineString", "coordinates": [ [ -0.7557191, 51.6189818 ], [ -0.7542917, 51.6187329 ], [ -0.752943, 51.6183756 ] ] } },
{ "type": "Feature", "properties": { "id": 36230, "nach": 0.49146292893424742 }, "geometry": { "type": "LineString", "coordinates": [ [ -0.7522052, 51.618158 ], [ -0.7527652, 51.6183285 ] ] } },
{ "type": "Feature", "properties": { "id": 36137, "nach": 0.34530597323963913 }, "geometry": { "type": "LineString", "coordinates": [ [ -0.7526437, 51.6188604 ], [ -0.7525149, 51.6186366 ], [ -0.7526093, 51.6184394 ], [ -0.7527652, 51.6183285 ] ] } },
{ "type": "Feature", "properties": { "id": 76975, "nach": 0.32992729056267522 }, "geometry": { "type": "LineString", "coordinates": [ [ -0.7516604, 51.6203538 ], [ -0.7518868, 51.620203500000017 ], [ -0.7523878, 51.6198736 ], [ -0.7527231, 51.619714 ], [ -0.7532079, 51.6195739 ], [ -0.7533918, 51.6195034 ], [ -0.7540947, 51.619156 ], [ -0.7543897, 51.6190699 ], [ -0.7547007, 51.619065 ], [ -0.7550165, 51.6190895 ], [ -0.7554193, 51.6190843 ], [ -0.7556647, 51.6190692 ], [ -0.7557191, 51.6189818 ] ] } },
{ "type": "Feature", "properties": { "id": 228482, "nach": 0.44276001272643606 }, "geometry": { "type": "LineString", "coordinates": [ [ -0.7582467, 51.6197113 ], [ -0.7576943, 51.61942 ], [ -0.7573014, 51.6192569 ], [ -0.7566563, 51.6191171 ], [ -0.7557191, 51.6189818 ] ] } },
{ "type": "Feature", "properties": { "id": 148169, "nach": 0.42130467029732199 }, "geometry": { "type": "LineString", "coordinates": [ [ -0.7713973, 51.6255699 ], [ -0.7716535, 51.6255629 ] ] } },
{ "type": "Feature", "properties": { "id": 210949, "nach": 0.48233142239307697 }, "geometry": { "type": "LineString", "coordinates": [ [ -0.7727465, 51.625650899999982 ], [ -0.7717565, 51.625605599999986 ], [ -0.7716535, 51.6255629 ] ] } },
{ "type": "Feature", "properties": { "id": 154886, "nach": 0.48190188368857628 }, "geometry": { "type": "LineString", "coordinates": [ [ -0.7717172, 51.6249722 ], [ -0.7716535, 51.625275199999983 ], [ -0.7716535, 51.6254777 ], [ -0.7716535, 51.6255629 ] ] } },
{ "type": "Feature", "properties": { "id": 148177, "nach": 0.39343071794315193 }, "geometry": { "type": "LineString", "coordinates": [ [ -0.7708325, 51.6258875 ], [ -0.7710608, 51.6258984 ], [ -0.77134460000001, 51.6258801 ], [ -0.7713973, 51.6255699 ] ] } },
{ "type": "Feature", "properties": { "id": 158834, "nach": 0.29848716874246628 }, "geometry": { "type": "LineString", "coordinates": [ [ -0.7712427, 51.625549099999986 ], [ -0.7713328, 51.6255556 ], [ -0.7713973, 51.6255699 ] ] } },
{ "type": "Feature", "properties": { "id": 210948, "nach": 0.48258574430763534 }, "geometry": { "type": "LineString", "coordinates": [ [ -0.7727465, 51.625650899999982 ], [ -0.7728036, 51.6256535 ], [ -0.773078200000011, 51.6256748 ] ] } },
{ "type": "Feature", "properties": { "id": 210950, "nach": 0.33886287912300211 }, "geometry": { "type": "LineString", "coordinates": [ [ -0.7726738, 51.6262024 ], [ -0.7727465, 51.625650899999982 ] ] } },
{ "type": "Feature", "properties": { "id": 163716, "nach": 0.48735697421997787 }, "geometry": { "type": "LineString", "coordinates": [ [ -0.7717263, 51.624929 ], [ -0.7717172, 51.6249722 ] ] } },
{ "type": "Feature", "properties": { "id": 154890, "nach": 0.367507969875213 }, "geometry": { "type": "LineString", "coordinates": [ [ -0.7713656, 51.624965200000013 ], [ -0.7715414, 51.6249687 ], [ -0.7717172, 51.6249722 ] ] } },
{ "type": "Feature", "properties": { "id": 35233, "nach": 0.40145736963818068 }, "geometry": { "type": "LineString", "coordinates": [ [ -0.773078200000011, 51.6256748 ], [ -0.7735589, 51.6257441 ] ] } },
{ "type": "Feature", "properties": { "id": 35204, "nach": 0.3287321101420716 }, "geometry": { "type": "LineString", "coordinates": [ [ -0.7740911, 51.6247317 ], [ -0.7735589, 51.6257441 ] ] } },
{ "type": "Feature", "properties": { "id": 35203, "nach": 0.33550542168405162 }, "geometry": { "type": "LineString", "coordinates": [ [ -0.7733052, 51.6262686 ], [ -0.7735589, 51.6257441 ] ] } },
{ "type": "Feature", "properties": { "id": 35234, "nach": 0.48275345570428363 }, "geometry": { "type": "LineString", "coordinates": [ [ -0.773078200000011, 51.6256748 ], [ -0.7729879, 51.626458 ] ] } },
{ "type": "Feature", "properties": { "id": 243791, "nach": 0.53053953984808389 }, "geometry": { "type": "LineString", "coordinates": [ [ -0.7561347, 51.6280172 ], [ -0.7556926, 51.6279004 ] ] } },
{ "type": "Feature", "properties": { "id": 116028, "nach": 0.57505227733758124 }, "geometry": { "type": "LineString", "coordinates": [ [ -0.7553787, 51.6288479 ], [ -0.7554229, 51.628743900000011 ], [ -0.7553971, 51.6286426 ], [ -0.7553885, 51.6284775 ], [ -0.7554057, 51.6283496 ], [ -0.7555345, 51.6281525 ], [ -0.7556926, 51.6279004 ] ] } },
{ "type": "Feature", "properties": { "id": 35428, "nach": 0.50228111679131704 }, "geometry": { "type": "LineString", "coordinates": [ [ -0.756827, 51.626478400000011 ], [ -0.7566969, 51.6265878 ], [ -0.7563327, 51.6270282 ], [ -0.7560323, 51.6274385 ], [ -0.7556926, 51.6279004 ] ] } },
{ "type": "Feature", "properties": { "id": 146776, "nach": 0.58747364391009249 }, "geometry": { "type": "LineString", "coordinates": [ [ -0.7551519, 51.627752499999986 ], [ -0.7554748, 51.6278351 ], [ -0.7556012, 51.627873 ], [ -0.7556926, 51.6279004 ] ] } },
{ "type": "Feature", "properties": { "id": 243792, "nach": 0.52520375003156972 }, "geometry": { "type": "LineString", "coordinates": [ [ -0.7561347, 51.6280172 ], [ -0.7567334, 51.628175300000017 ], [ -0.7568906, 51.6282247 ], [ -0.7569479, 51.6282518 ], [ -0.7569972, 51.6282916 ], [ -0.7570201, 51.6283357 ] ] } },
{ "type": "Feature", "properties": { "id": 243793, "nach": 0.42899192983380291 }, "geometry": { "type": "LineString", "coordinates": [ [ -0.7559539, 51.6282738 ], [ -0.7561347, 51.6280172 ] ] } },
{ "type": "Feature", "properties": { "id": 116027, "nach": 0.54247648003701765 }, "geometry": { "type": "LineString", "coordinates": [ [ -0.7553787, 51.6288479 ], [ -0.7553506, 51.628914 ] ] } },
{ "type": "Feature", "properties": { "id": 116039, "nach": 0.44610762303170037 }, "geometry": { "type": "LineString", "coordinates": [ [ -0.7540027, 51.628691400000015 ], [ -0.7545483, 51.62871040000001 ], [ -0.7547334, 51.628722100000012 ], [ -0.7549278, 51.628736900000014 ], [ -0.755021, 51.6287509 ], [ -0.755249, 51.6288233 ], [ -0.7553787, 51.6288479 ] ] } },
{ "type": "Feature", "properties": { "id": 116032, "nach": 0.54016832283546257 }, "geometry": { "type": "LineString", "coordinates": [ [ -0.7557877, 51.6290082 ], [ -0.7556167, 51.6289535 ], [ -0.7554324, 51.6288569 ], [ -0.7553787, 51.6288479 ] ] } },
{ "type": "Feature", "properties": { "id": 35433, "nach": 0.48886800879954151 }, "geometry": { "type": "LineString", "coordinates": [ [ -0.7570622, 51.6262556 ], [ -0.7569936, 51.6263196 ], [ -0.7568466, 51.6264533 ], [ -0.756827, 51.626478400000011 ] ] } },
{ "type": "Feature", "properties": { "id": 75187, "nach": 0.44638111192673624 }, "geometry": { "type": "LineString", "coordinates": [ [ -0.7536465, 51.6253381 ], [ -0.7544835, 51.6256382 ], [ -0.756827, 51.626478400000011 ] ] } },
{ "type": "Feature", "properties": { "id": 35759, "nach": 0.41579253764504009 }, "geometry": { "type": "LineString", "coordinates": [ [ -0.758168, 51.6267365 ], [ -0.7580553, 51.6266691 ], [ -0.7579426, 51.6266383 ], [ -0.7577616, 51.6266166 ], [ -0.7574759, 51.626595 ], [ -0.7573499, 51.6265825 ], [ -0.7571782, 51.6265725 ], [ -0.7570803, 51.6265425 ], [ -0.756827, 51.626478400000011 ] ] } },
{ "type": "Feature", "properties": { "id": 146774, "nach": 0.58047584779528238 }, "geometry": { "type": "LineString", "coordinates": [ [ -0.7551519, 51.627752499999986 ], [ -0.7549041, 51.6276833 ] ] } },
{ "type": "Feature", "properties": { "id": 146782, "nach": 0.53660204313878335 }, "geometry": { "type": "LineString", "coordinates": [ [ -0.7550987, 51.62786710000001 ], [ -0.7551519, 51.627752499999986 ] ] } },
{ "type": "Feature", "properties": { "id": 35705, "nach": 0.47716980729725622 }, "geometry": { "type": "LineString", "coordinates": [ [ -0.7486136, 51.629871 ], [ -0.7494369, 51.6287823 ] ] } },
{ "type": "Feature", "properties": { "id": 116068, "nach": 0.60030599692175546 }, "geometry": { "type": "LineString", "coordinates": [ [ -0.749535, 51.6287975 ], [ -0.7494369, 51.6287823 ] ] } },
{ "type": "Feature", "properties": { "id": 137261, "nach": 0.59764139481576084 }, "geometry": { "type": "LineString", "coordinates": [ [ -0.7494274, 51.6300812 ], [ -0.7494048, 51.6300767 ], [ -0.7491619, 51.6300232 ], [ -0.7486136, 51.629871 ] ] } },
{ "type": "Feature", "properties": { "id": 116067, "nach": 0.60867391587984476 }, "geometry": { "type": "LineString", "coordinates": [ [ -0.749535, 51.6287975 ], [ -0.7499006, 51.6289052 ] ] } },
{ "type": "Feature", "properties": { "id": 116069, "nach": 0.50715826474190473 }, "geometry": { "type": "LineString", "coordinates": [ [ -0.749535, 51.6287975 ], [ -0.7495288, 51.628722 ], [ -0.7488961, 51.6285389 ] ] } },
{ "type": "Feature", "properties": { "id": 35710, "nach": 0.59412635799420344 }, "geometry": { "type": "LineString", "coordinates": [ [ -0.7514356, 51.6295481 ], [ -0.7513836, 51.6295112 ], [ -0.7513034, 51.6294837 ] ] } },
{ "type": "Feature", "properties": { "id": 71070, "nach": 0.59267543723319704 }, "geometry": { "type": "LineString", "coordinates": [ [ -0.7511493, 51.6294061 ], [ -0.7512264, 51.6294483 ], [ -0.7513034, 51.6294837 ] ] } },
{ "type": "Feature", "properties": { "id": 271655, "nach": 0.37054746678079764 }, "geometry": { "type": "LineString", "coordinates": [ [ -0.7513666, 51.6293575 ], [ -0.751325, 51.629422600000012 ], [ -0.7513034, 51.6294837 ] ] } },
{ "type": "Feature", "properties": { "id": 35709, "nach": 0.58152213801816055 }, "geometry": { "type": "LineString", "coordinates": [ [ -0.7514356, 51.6295481 ], [ -0.7514769, 51.629538 ], [ -0.751513, 51.629538 ], [ -0.7515512, 51.6295421 ] ] } },
{ "type": "Feature", "properties": { "id": 35712, "nach": 0.60997347317696171 }, "geometry": { "type": "LineString", "coordinates": [ [ -0.7514123, 51.6297296 ], [ -0.7514294, 51.6296562 ], [ -0.7514467, 51.629592100000011 ], [ -0.7514459, 51.6295671 ], [ -0.7514356, 51.6295481 ] ] } },
{ "type": "Feature", "properties": { "id": 114700, "nach": 0.61521114386868514 }, "geometry": { "type": "LineString", "coordinates": [ [ -0.7510854, 51.6293574 ], [ -0.7511493, 51.6294061 ] ] } },
{ "type": "Feature", "properties": { "id": 71071, "nach": 0.55461258093224752 }, "geometry": { "type": "LineString", "coordinates": [ [ -0.7511493, 51.6294061 ], [ -0.7510168, 51.6294304 ], [ -0.750979, 51.6294921 ], [ -0.7509629, 51.629521 ] ] } },
{ "type": "Feature", "properties": { "id": 271654, "nach": 0.4463491067275438 }, "geometry": { "type": "LineString", "coordinates": [ [ -0.7513666, 51.6293575 ], [ -0.7514289, 51.629236100000014 ], [ -0.7514401, 51.6292107 ], [ -0.7515479, 51.629133799999984 ] ] } },
{ "type": "Feature", "properties": { "id": 271652, "nach": 0.51289857768400504 }, "geometry": { "type": "LineString", "coordinates": [ [ -0.7513666, 51.6293575 ], [ -0.7512413, 51.629342 ], [ -0.7510854, 51.6293574 ] ] } },
{ "type": "Feature", "properties": { "id": 271653, "nach": 0.50289456370963304 }, "geometry": { "type": "LineString", "coordinates": [ [ -0.7513666, 51.6293575 ], [ -0.7514512, 51.6293879 ], [ -0.7515001, 51.6294043 ] ] } },
{ "type": "Feature", "properties": { "id": 137256, "nach": 0.57713978869698213 }, "geometry": { "type": "LineString", "coordinates": [ [ -0.7515001, 51.6294043 ], [ -0.7514982, 51.6294515 ], [ -0.7515142, 51.6294933 ], [ -0.7515512, 51.6295421 ] ] } },
{ "type": "Feature", "properties": { "id": 137240, "nach": 0.57318279208886069 }, "geometry": { "type": "LineString", "coordinates": [ [ -0.7520285, 51.6297645 ], [ -0.7518775, 51.6296799 ], [ -0.7517389, 51.6296047 ], [ -0.7516545, 51.6295687 ], [ -0.7515512, 51.6295421 ] ] } },
{ "type": "Feature", "properties": { "id": 137255, "nach": 0.57387600615805634 }, "geometry": { "type": "LineString", "coordinates": [ [ -0.7515001, 51.6294043 ], [ -0.7515276, 51.6293187 ], [ -0.7515479, 51.629133799999984 ] ] } },
{ "type": "Feature", "properties": { "id": 137257, "nach": 0.51510123917051243 }, "geometry": { "type": "LineString", "coordinates": [ [ -0.7515001, 51.6294043 ], [ -0.7526909, 51.6293589 ], [ -0.7528146, 51.6293642 ], [ -0.752943, 51.629375600000017 ] ] } },
{ "type": "Feature", "properties": { "id": 137239, "nach": 0.57300048902506528 }, "geometry": { "type": "LineString", "coordinates": [ [ -0.7520285, 51.6297645 ], [ -0.7520861, 51.6297922 ], [ -0.7522485, 51.629882 ], [ -0.7524225, 51.6299649 ], [ -0.7526209, 51.6300482 ] ] } },
{ "type": "Feature", "properties": { "id": 137238, "nach": 0.44693865113732056 }, "geometry": { "type": "LineString", "coordinates": [ [ -0.7520285, 51.6297645 ], [ -0.7522443, 51.6296162 ] ] } },
{ "type": "Feature", "properties": { "id": 28461, "nach": 0.59307505472662092 }, "geometry": { "type": "LineString", "coordinates": [ [ -0.7513929, 51.6283938 ], [ -0.7513194, 51.628675900000012 ] ] } },
{ "type": "Feature", "properties": { "id": 35718, "nach": 0.57366453700306208 }, "geometry": { "type": "LineString", "coordinates": [ [ -0.7515344, 51.6290098 ], [ -0.7515229, 51.6289712 ], [ -0.7513194, 51.628675900000012 ] ] } },
{ "type": "Feature", "properties": { "id": 35721, "nach": 0.52028693592588826 }, "geometry": { "type": "LineString", "coordinates": [ [ -0.7509333, 51.6292655 ], [ -0.7512249, 51.6288127 ], [ -0.7513194, 51.628675900000012 ] ] } },
{ "type": "Feature", "properties": { "id": 35690, "nach": 0.59165062372371624 }, "geometry": { "type": "LineString", "coordinates": [ [ -0.7510924, 51.628361 ], [ -0.7511198, 51.6283732 ], [ -0.7512311, 51.6283982 ], [ -0.7513502, 51.6284006 ], [ -0.7513929, 51.6283938 ] ] } },
{ "type": "Feature", "properties": { "id": 116173, "nach": 0.59744468118744865 }, "geometry": { "type": "LineString", "coordinates": [ [ -0.7516444, 51.6283062 ], [ -0.7515685, 51.628324 ], [ -0.7514624, 51.6283801 ], [ -0.7513929, 51.6283938 ] ] } },
{ "type": "Feature", "properties": { "id": 35719, "nach": 0.0 }, "geometry": { "type": "LineString", "coordinates": [ [ -0.7515344, 51.6290098 ], [ -0.7516574, 51.6289919 ], [ -0.7519044, 51.6289891 ], [ -0.7520543, 51.6289793 ], [ -0.7521745, 51.6288993 ], [ -0.7522054, 51.6288542 ], [ -0.7522426, 51.6288024 ], [ -0.752049, 51.6286102 ], [ -0.7518998, 51.628446500000017 ], [ -0.7517376, 51.628311700000012 ] ] } },
{ "type": "Feature", "properties": { "id": 35717, "nach": 0.57716788465962654 }, "geometry": { "type": "LineString", "coordinates": [ [ -0.7515344, 51.6290098 ], [ -0.7515479, 51.629133799999984 ] ] } },
{ "type": "Feature", "properties": { "id": 71072, "nach": 0.60166874099103262 }, "geometry": { "type": "LineString", "coordinates": [ [ -0.7508505, 51.6292188 ], [ -0.7509333, 51.6292655 ] ] } },
{ "type": "Feature", "properties": { "id": 114701, "nach": 0.61346665321532501 }, "geometry": { "type": "LineString", "coordinates": [ [ -0.7510854, 51.6293574 ], [ -0.7510307, 51.6293182 ], [ -0.7509333, 51.6292655 ] ] } },
{ "type": "Feature", "properties": { "id": 179877, "nach": 0.56659881763139397 }, "geometry": { "type": "LineString", "coordinates": [ [ -0.7509846, 51.6283001 ], [ -0.7510272, 51.6283275 ], [ -0.7510924, 51.628361 ] ] } },
{ "type": "Feature", "properties": { "id": 35694, "nach": 0.53957780561429414 }, "geometry": { "type": "LineString", "coordinates": [ [ -0.7502278, 51.6284506 ], [ -0.7507192, 51.6286549 ], [ -0.7508533, 51.6286456 ], [ -0.750919, 51.6286024 ], [ -0.7510287, 51.6284267 ], [ -0.7510924, 51.628361 ] ] } },
{ "type": "Feature", "properties": { "id": 116172, "nach": 0.6032972153539109 }, "geometry": { "type": "LineString", "coordinates": [ [ -0.7516444, 51.6283062 ], [ -0.7517376, 51.628311700000012 ] ] } },
{ "type": "Feature", "properties": { "id": 116191, "nach": 0.45990990769099538 }, "geometry": { "type": "LineString", "coordinates": [ [ -0.7508729, 51.6280797 ], [ -0.7509596, 51.6280278 ], [ -0.7513478, 51.6280098 ], [ -0.7516444, 51.6283062 ] ] } },
{ "type": "Feature", "properties": { "id": 28467, "nach": 0.66422679543894636 }, "geometry": { "type": "LineString", "coordinates": [ [ -0.7517376, 51.628311700000012 ], [ -0.752013139896331, 51.628266874788771 ] ] } },
{ "type": "Feature", "properties": { "id": 109257, "nach": 0.56308651950225563 }, "geometry": { "type": "LineString", "coordinates": [ [ -0.7520846, 51.628145 ], [ -0.7521408, 51.6282237 ], [ -0.7521224, 51.6282491 ] ] } },
{ "type": "Feature", "properties": { "id": 116036, "nach": 0.49644330269488907 }, "geometry": { "type": "LineString", "coordinates": [ [ -0.7514761, 51.62765490000001 ], [ -0.7515326, 51.62773510000001 ], [ -0.7516529, 51.627866 ], [ -0.7519506, 51.6281107 ], [ -0.7521224, 51.6282491 ] ] } },
{ "type": "Feature", "properties": { "id": 116038, "nach": 0.45897111109305222 }, "geometry": { "type": "LineString", "coordinates": [ [ -0.7540027, 51.628691400000015 ], [ -0.7539441, 51.6286905 ], [ -0.7536058, 51.6286999 ], [ -0.7534415, 51.6286936 ], [ -0.7530133, 51.6286493 ], [ -0.7525008, 51.6284854 ], [ -0.7521224, 51.6282491 ] ] } },
{ "type": "Feature", "properties": { "id": 28467, "nach": 0.66422679543894636 }, "geometry": { "type": "LineString", "coordinates": [ [ -0.75186503163926, 51.628290969336376 ], [ -0.7521224, 51.6282491 ] ] } },
{ "type": "Feature", "properties": { "id": 109260, "nach": 0.55891623588519168 }, "geometry": { "type": "LineString", "coordinates": [ [ -0.7524676, 51.6273353 ], [ -0.7523215, 51.6276441 ], [ -0.7520846, 51.628145 ] ] } },
{ "type": "Feature", "properties": { "id": 109259, "nach": 0.37794727971780095 }, "geometry": { "type": "LineString", "coordinates": [ [ -0.7520846, 51.628145 ], [ -0.7523076, 51.6282841 ], [ -0.7525383, 51.628349 ], [ -0.7527636, 51.6284889 ], [ -0.7528494, 51.6285605 ], [ -0.753005, 51.628603799999986 ], [ -0.7532544, 51.62862710000001 ], [ -0.7535387, 51.6286021 ], [ -0.7539842, 51.6286103 ] ] } },
{ "type": "Feature", "properties": { "id": 116034, "nach": 0.40454541073526845 }, "geometry": { "type": "LineString", "coordinates": [ [ -0.7514761, 51.62765490000001 ], [ -0.7520846, 51.628145 ] ] } },
{ "type": "Feature", "properties": { "id": 116035, "nach": 0.50813570583213585 }, "geometry": { "type": "LineString", "coordinates": [ [ -0.7514761, 51.62765490000001 ], [ -0.7514645, 51.6275651 ], [ -0.7514677, 51.6274919 ], [ -0.7514635, 51.6272017 ], [ -0.7515386, 51.6271672 ], [ -0.7516572, 51.627135599999981 ], [ -0.7517833, 51.6271141 ] ] } },
{ "type": "Feature", "properties": { "id": 116037, "nach": 0.49808082866755066 }, "geometry": { "type": "LineString", "coordinates": [ [ -0.7540027, 51.628691400000015 ], [ -0.7540122, 51.6287487 ] ] } },
{ "type": "Feature", "properties": { "id": 116040, "nach": 0.47126507656434163 }, "geometry": { "type": "LineString", "coordinates": [ [ -0.7539842, 51.6286103 ], [ -0.7540027, 51.628691400000015 ] ] } },
{ "type": "Feature", "properties": { "id": 109261, "nach": 0.38268168360901123 }, "geometry": { "type": "LineString", "coordinates": [ [ -0.7524676, 51.6273353 ], [ -0.7522299, 51.6272338 ], [ -0.7519773, 51.6272459 ], [ -0.7519015, 51.6271157 ], [ -0.751872, 51.62711310000001 ], [ -0.7517833, 51.6271141 ] ] } },
{ "type": "Feature", "properties": { "id": 28474, "nach": 0.40060327874328205 }, "geometry": { "type": "LineString", "coordinates": [ [ -0.7629156, 51.6162531 ], [ -0.7628272, 51.6162324 ] ] } },
{ "type": "Feature", "properties": { "id": 28475, "nach": 0.54584719961214523 }, "geometry": { "type": "LineString", "coordinates": [ [ -0.7629156, 51.6162531 ], [ -0.7629623, 51.6161919 ] ] } },
{ "type": "Feature", "properties": { "id": 109928, "nach": 0.44585490514139747 }, "geometry": { "type": "LineString", "coordinates": [ [ -0.7630717, 51.6162542 ], [ -0.7629156, 51.6162531 ] ] } },
{ "type": "Feature", "properties": { "id": 144828, "nach": 0.55439694913637605 }, "geometry": { "type": "LineString", "coordinates": [ [ -0.7628434, 51.6163412 ], [ -0.7629156, 51.6162531 ] ] } },
{ "type": "Feature", "properties": { "id": 144938, "nach": 0.42318731671566379 }, "geometry": { "type": "LineString", "coordinates": [ [ -0.7628272, 51.6162324 ], [ -0.7628534, 51.6161935 ], [ -0.7627777, 51.616168599999988 ], [ -0.7627844, 51.6161611 ], [ -0.7628146, 51.6161235 ] ] } },
{ "type": "Feature", "properties": { "id": 144937, "nach": 0.5388394239423282 }, "geometry": { "type": "LineString", "coordinates": [ [ -0.7628272, 51.6162324 ], [ -0.7626466, 51.6161534 ] ] } },
{ "type": "Feature", "properties": { "id": 144973, "nach": 0.54765107070426555 }, "geometry": { "type": "LineString", "coordinates": [ [ -0.7627671, 51.6163196 ], [ -0.7627959, 51.6162749 ], [ -0.7628272, 51.6162324 ] ] } },
{ "type": "Feature", "properties": { "id": 144845, "nach": 0.44031185999021222 }, "geometry": { "type": "LineString", "coordinates": [ [ -0.7628146, 51.6161235 ], [ -0.7629623, 51.6161919 ] ] } },
{ "type": "Feature", "properties": { "id": 184295, "nach": 0.60767804660426927 }, "geometry": { "type": "LineString", "coordinates": [ [ -0.7629623, 51.6161919 ], [ -0.7630717, 51.6162542 ] ] } },
{ "type": "Feature", "properties": { "id": 28476, "nach": 0.55374647322876147 }, "geometry": { "type": "LineString", "coordinates": [ [ -0.7626466, 51.6161534 ], [ -0.7624559, 51.6160591 ] ] } },
{ "type": "Feature", "properties": { "id": 144930, "nach": 0.47990034613109661 }, "geometry": { "type": "LineString", "coordinates": [ [ -0.7626639, 51.6163722 ], [ -0.7626647, 51.6162948 ], [ -0.7626566, 51.6162191 ], [ -0.7626466, 51.6161534 ] ] } },
{ "type": "Feature", "properties": { "id": 103047, "nach": 0.5138179736179922 }, "geometry": { "type": "LineString", "coordinates": [ [ -0.7634684, 51.636012100000016 ], [ -0.763392, 51.6359029 ], [ -0.763339, 51.6357918 ], [ -0.7632847, 51.6356682 ], [ -0.7632378, 51.6355856 ] ] } },
{ "type": "Feature", "properties": { "id": 103049, "nach": 0.50273884732881913 }, "geometry": { "type": "LineString", "coordinates": [ [ -0.7637648, 51.6355983 ], [ -0.7636253, 51.6355651 ], [ -0.7635112, 51.635548300000011 ], [ -0.7634023, 51.6355544 ], [ -0.7632378, 51.6355856 ] ] } },
{ "type": "Feature", "properties": { "id": 34429, "nach": 0.52259551110627767 }, "geometry": { "type": "LineString", "coordinates": [ [ -0.7738627, 51.6328039 ], [ -0.7733477, 51.632676 ], [ -0.772965, 51.632575 ], [ -0.7728682, 51.6325394 ] ] } },
{ "type": "Feature", "properties": { "id": 34432, "nach": 0.45246850283384327 }, "geometry": { "type": "LineString", "coordinates": [ [ -0.7742639, 51.632222 ], [ -0.7741631, 51.6323724 ], [ -0.7738627, 51.6328039 ] ] } },
{ "type": "Feature", "properties": { "id": 34518, "nach": 0.54135596270303632 }, "geometry": { "type": "LineString", "coordinates": [ [ -0.770881, 51.6319558 ], [ -0.7701884, 51.6317642 ] ] } },
{ "type": "Feature", "properties": { "id": 34523, "nach": 0.53554397707151735 }, "geometry": { "type": "LineString", "coordinates": [ [ -0.7700011, 51.631707700000014 ], [ -0.7701884, 51.6317642 ] ] } },
{ "type": "Feature", "properties": { "id": 285643, "nach": 0.50031926889418776 }, "geometry": { "type": "LineString", "coordinates": [ [ -0.7700024, 51.6324445 ], [ -0.7701884, 51.6317642 ] ] } },
{ "type": "Feature", "properties": { "id": 34519, "nach": 0.53851490324605888 }, "geometry": { "type": "LineString", "coordinates": [ [ -0.770881, 51.6319558 ], [ -0.7711723, 51.6320289 ], [ -0.771425, 51.6320728 ] ] } },
{ "type": "Feature", "properties": { "id": 219256, "nach": 0.40528568150926453 }, "geometry": { "type": "LineString", "coordinates": [ [ -0.7708745, 51.6314726 ], [ -0.7711798, 51.63162710000001 ], [ -0.770938, 51.6318917 ], [ -0.770881, 51.6319558 ] ] } },
{ "type": "Feature", "properties": { "id": 34524, "nach": 0.37347341706600262 }, "geometry": { "type": "LineString", "coordinates": [ [ -0.7700011, 51.631707700000014 ], [ -0.7700432, 51.6316531 ], [ -0.770172, 51.631514600000017 ], [ -0.7703866, 51.6313335 ], [ -0.7706441, 51.6311736 ], [ -0.7710646, 51.6309605 ], [ -0.7713736, 51.630822 ], [ -0.7717684, 51.6306302 ], [ -0.772154700000011, 51.6304278 ] ] } },
{ "type": "Feature", "properties": { "id": 34526, "nach": 0.53349402163961412 }, "geometry": { "type": "LineString", "coordinates": [ [ -0.7691945, 51.6316938 ], [ -0.7700011, 51.631707700000014 ] ] } },
{ "type": "Feature", "properties": { "id": 285644, "nach": 0.51833487353790253 }, "geometry": { "type": "LineString", "coordinates": [ [ -0.7700024, 51.6324445 ], [ -0.7699247, 51.6327287 ] ] } },
{ "type": "Feature", "properties": { "id": 285646, "nach": 0.410244782301741 }, "geometry": { "type": "LineString", "coordinates": [ [ -0.7694304, 51.6323876 ], [ -0.7697397, 51.6324192 ], [ -0.7698801, 51.6324325 ], [ -0.7698987, 51.6324343 ], [ -0.7700024, 51.6324445 ] ] } },
{ "type": "Feature", "properties": { "id": 284547, "nach": 0.52984004576580501 }, "geometry": { "type": "LineString", "coordinates": [ [ -0.7715348, 51.6321093 ], [ -0.771425, 51.6320728 ] ] } },
{ "type": "Feature", "properties": { "id": 36447, "nach": 0.49824461202346798 }, "geometry": { "type": "LineString", "coordinates": [ [ -0.771741, 51.6317091 ], [ -0.771425, 51.6320728 ] ] } },
{ "type": "Feature", "properties": { "id": 284548, "nach": 0.5264115441056828 }, "geometry": { "type": "LineString", "coordinates": [ [ -0.7715348, 51.6321093 ], [ -0.7719573, 51.6322498 ] ] } },
{ "type": "Feature", "properties": { "id": 284550, "nach": 0.41194370784560347 }, "geometry": { "type": "LineString", "coordinates": [ [ -0.7714357, 51.6322314 ], [ -0.7715348, 51.6321093 ] ] } },
{ "type": "Feature", "properties": { "id": 36448, "nach": 0.39692237252061607 }, "geometry": { "type": "LineString", "coordinates": [ [ -0.7722563, 51.6319403 ], [ -0.771741, 51.6317091 ] ] } },
{ "type": "Feature", "properties": { "id": 288725, "nach": 0.4713123163550163 }, "geometry": { "type": "LineString", "coordinates": [ [ -0.7718573, 51.6316329 ], [ -0.771741, 51.6317091 ] ] } },
{ "type": "Feature", "properties": { "id": 30242, "nach": 0.56027884966288877 }, "geometry": { "type": "LineString", "coordinates": [ [ -0.7697483, 51.6333559 ], [ -0.7698703, 51.6328793 ] ] } },
{ "type": "Feature", "properties": { "id": 30243, "nach": 0.56458641828949896 }, "geometry": { "type": "LineString", "coordinates": [ [ -0.7697483, 51.6333559 ], [ -0.769728, 51.633454200000017 ] ] } },
{ "type": "Feature", "properties": { "id": 173781, "nach": 0.58572703191227249 }, "geometry": { "type": "LineString", "coordinates": [ [ -0.7691643, 51.6333012 ], [ -0.7697483, 51.6333559 ] ] } },
{ "type": "Feature", "properties": { "id": 283742, "nach": 0.57908430258745947 }, "geometry": { "type": "LineString", "coordinates": [ [ -0.7702066, 51.6333993 ], [ -0.7697483, 51.6333559 ] ] } },
{ "type": "Feature", "properties": { "id": 76244, "nach": 0.54487731455477306 }, "geometry": { "type": "LineString", "coordinates": [ [ -0.7698703, 51.6328793 ], [ -0.7699247, 51.6327287 ] ] } },
{ "type": "Feature", "properties": { "id": 180155, "nach": 0.47783636664881596 }, "geometry": { "type": "LineString", "coordinates": [ [ -0.7694117, 51.632841 ], [ -0.7697069, 51.632865700000011 ], [ -0.7698703, 51.6328793 ] ] } },
{ "type": "Feature", "properties": { "id": 283741, "nach": 0.56228472050461187 }, "geometry": { "type": "LineString", "coordinates": [ [ -0.769728, 51.633454200000017 ], [ -0.7699279, 51.6334737 ], [ -0.769899, 51.6335765 ], [ -0.7697063, 51.633559 ] ] } },
{ "type": "Feature", "properties": { "id": 285560, "nach": 0.58422652065659608 }, "geometry": { "type": "LineString", "coordinates": [ [ -0.7687531, 51.6332737 ], [ -0.7691643, 51.6333012 ] ] } },
{ "type": "Feature", "properties": { "id": 173783, "nach": 0.41836496187858546 }, "geometry": { "type": "LineString", "coordinates": [ [ -0.7693359, 51.6329339 ], [ -0.7693054, 51.633073199999984 ], [ -0.7692139, 51.633124499999987 ], [ -0.7691643, 51.6333012 ] ] } },
{ "type": "Feature", "properties": { "id": 283746, "nach": 0.57570133765708098 }, "geometry": { "type": "LineString", "coordinates": [ [ -0.7704167, 51.6334193 ], [ -0.7702066, 51.6333993 ] ] } },
{ "type": "Feature", "properties": { "id": 283745, "nach": 0.42101321234301536 }, "geometry": { "type": "LineString", "coordinates": [ [ -0.7701497, 51.633606 ], [ -0.7702066, 51.6333993 ] ] } },
{ "type": "Feature", "properties": { "id": 36442, "nach": 0.44388199387303579 }, "geometry": { "type": "LineString", "coordinates": [ [ -0.7743888, 51.6295033 ], [ -0.7740099, 51.6300753 ], [ -0.7737498, 51.6304245 ], [ -0.7736849, 51.6304768 ] ] } },
{ "type": "Feature", "properties": { "id": 34528, "nach": 0.43387548842184731 }, "geometry": { "type": "LineString", "coordinates": [ [ -0.7742236, 51.630727 ], [ -0.7740622, 51.630647400000015 ], [ -0.7737308, 51.6305335 ], [ -0.7736849, 51.6304768 ] ] } },
{ "type": "Feature", "properties": { "id": 288726, "nach": 0.42469693172511808 }, "geometry": { "type": "LineString", "coordinates": [ [ -0.7718573, 51.6316329 ], [ -0.7724188, 51.6312653 ], [ -0.773274, 51.6307069 ], [ -0.7735948, 51.6305092 ], [ -0.7736849, 51.6304768 ] ] } },
{ "type": "Feature", "properties": { "id": 36444, "nach": 0.32269673673140603 }, "geometry": { "type": "LineString", "coordinates": [ [ -0.772737, 51.629969 ], [ -0.7729687, 51.6298465 ], [ -0.7736382, 51.629351 ], [ -0.7743888, 51.6295033 ] ] } },
{ "type": "Feature", "properties": { "id": 34530, "nach": 0.45361593270102551 }, "geometry": { "type": "LineString", "coordinates": [ [ -0.7742236, 51.630727 ], [ -0.7741251, 51.630792 ], [ -0.7740643, 51.6308756 ], [ -0.7735758, 51.6315476 ], [ -0.7728682, 51.6325394 ] ] } },
{ "type": "Feature", "properties": { "id": 288727, "nach": 0.39492300060249697 }, "geometry": { "type": "LineString", "coordinates": [ [ -0.7718573, 51.6316329 ], [ -0.771726, 51.6315509 ], [ -0.771622, 51.631487 ], [ -0.7713941, 51.6313449 ] ] } },
{ "type": "Feature", "properties": { "id": 36437, "nach": 0.40166921928247751 }, "geometry": { "type": "LineString", "coordinates": [ [ -0.7740435, 51.6287308 ], [ -0.7747674, 51.628899 ] ] } },
{ "type": "Feature", "properties": { "id": 34425, "nach": 0.52557093660306775 }, "geometry": { "type": "LineString", "coordinates": [ [ -0.7719573, 51.6322498 ], [ -0.7728682, 51.6325394 ] ] } },
{ "type": "Feature", "properties": { "id": 34539, "nach": 0.53336128692809637 }, "geometry": { "type": "LineString", "coordinates": [ [ -0.7727686, 51.6328133 ], [ -0.7728682, 51.6325394 ] ] } },
{ "type": "Feature", "properties": { "id": 284551, "nach": 0.40535823107731145 }, "geometry": { "type": "LineString", "coordinates": [ [ -0.7716732, 51.632428100000013 ], [ -0.7717753, 51.6324595 ], [ -0.7719573, 51.6322498 ] ] } },
{ "type": "Feature", "properties": { "id": 34541, "nach": 0.47077989118625274 }, "geometry": { "type": "LineString", "coordinates": [ [ -0.7732104, 51.6328945 ], [ -0.7727686, 51.6328133 ] ] } },
{ "type": "Feature", "properties": { "id": 36462, "nach": 0.5303602704205207 }, "geometry": { "type": "LineString", "coordinates": [ [ -0.76875480000001, 51.6320817 ], [ -0.7689808, 51.6319024 ], [ -0.7691945, 51.6316938 ] ] } },
{ "type": "Feature", "properties": { "id": 36599, "nach": 0.49488124563509023 }, "geometry": { "type": "LineString", "coordinates": [ [ -0.7670082, 51.63137170000001 ], [ -0.7676912, 51.6316609 ], [ -0.7685024, 51.6319856 ], [ -0.76875480000001, 51.6320817 ] ] } },
{ "type": "Feature", "properties": { "id": 34544, "nach": 0.40476618879144771 }, "geometry": { "type": "LineString", "coordinates": [ [ -0.7731332, 51.6332088 ], [ -0.7732104, 51.6328945 ] ] } },
{ "type": "Feature", "properties": { "id": 34554, "nach": 0.39674838716623584 }, "geometry": { "type": "LineString", "coordinates": [ [ -0.7742146, 51.6330649 ], [ -0.774, 51.6330436 ], [ -0.7737082, 51.6329584 ], [ -0.7732104, 51.6328945 ] ] } },
{ "type": "Feature", "properties": { "id": 34551, "nach": 0.40942168665996065 }, "geometry": { "type": "LineString", "coordinates": [ [ -0.772105, 51.6325086 ], [ -0.7720088, 51.6329211 ] ] } },
{ "type": "Feature", "properties": { "id": 34553, "nach": 0.47749384627627284 }, "geometry": { "type": "LineString", "coordinates": [ [ -0.7699247, 51.6327287 ], [ -0.77071320000001, 51.632793 ], [ -0.7720088, 51.6329211 ] ] } },
{ "type": "Feature", "properties": { "id": 210951, "nach": 0.37736490910205067 }, "geometry": { "type": "LineString", "coordinates": [ [ -0.7744508, 51.6265834 ], [ -0.7742888, 51.6269863 ] ] } },
{ "type": "Feature", "properties": { "id": 35221, "nach": 0.35769297308160974 }, "geometry": { "type": "LineString", "coordinates": [ [ -0.7721684, 51.6269856 ], [ -0.7730868, 51.6267885 ], [ -0.7733529, 51.626767100000016 ], [ -0.7742888, 51.6269863 ] ] } },
{ "type": "Feature", "properties": { "id": 35217, "nach": 0.36469873156414145 }, "geometry": { "type": "LineString", "coordinates": [ [ -0.7715565, 51.6287646 ], [ -0.7714818, 51.6287492 ], [ -0.7714303, 51.6286959 ], [ -0.7714217, 51.628632 ], [ -0.771499, 51.6285627 ], [ -0.7717307, 51.6284082 ], [ -0.7719195, 51.6282377 ], [ -0.772074, 51.627997900000018 ], [ -0.772074, 51.6278914 ], [ -0.7720483, 51.6276729 ], [ -0.7720483, 51.627593 ], [ -0.772074, 51.6275291 ], [ -0.7721599, 51.6274225 ], [ -0.7723401, 51.6271668 ] ] } },
{ "type": "Feature", "properties": { "id": 35219, "nach": 0.34048466011089301 }, "geometry": { "type": "LineString", "coordinates": [ [ -0.7711299, 51.6290689 ], [ -0.7715565, 51.6287646 ] ] } },
{ "type": "Feature", "properties": { "id": 210956, "nach": 0.37833570221797752 }, "geometry": { "type": "LineString", "coordinates": [ [ -0.7745256, 51.6264223 ], [ -0.7744717, 51.6264085 ], [ -0.7744229, 51.626402400000011 ], [ -0.7743683, 51.6264042 ], [ -0.7743292, 51.6264151 ], [ -0.774297, 51.6264442 ], [ -0.7742736, 51.6264878 ], [ -0.7742697, 51.6265145 ], [ -0.7742833, 51.6265351 ], [ -0.7743185, 51.6265533 ], [ -0.7743683, 51.6265672 ], [ -0.7744508, 51.6265834 ] ] } },
{ "type": "Feature", "properties": { "id": 35222, "nach": 0.4074993489355232 }, "geometry": { "type": "LineString", "coordinates": [ [ -0.7721684, 51.6269856 ], [ -0.7723229, 51.6270708 ], [ -0.7723401, 51.6271668 ] ] } },
{ "type": "Feature", "properties": { "id": 35227, "nach": 0.43787241505858676 }, "geometry": { "type": "LineString", "coordinates": [ [ -0.7720912, 51.6268577 ], [ -0.7721684, 51.6269856 ] ] } },
{ "type": "Feature", "properties": { "id": 210954, "nach": 0.38217278011423533 }, "geometry": { "type": "LineString", "coordinates": [ [ -0.7745256, 51.6264223 ], [ -0.7747366, 51.6260522 ], [ -0.7750073, 51.6255805 ], [ -0.775234, 51.625154 ], [ -0.7753076, 51.6250361 ] ] } },
{ "type": "Feature", "properties": { "id": 37256, "nach": 0.39090550367254534 }, "geometry": { "type": "LineString", "coordinates": [ [ -0.7692793, 51.6260623 ], [ -0.7695034, 51.6266758 ], [ -0.7693661, 51.6273858 ], [ -0.7693422, 51.627423 ] ] } },
{ "type": "Feature", "properties": { "id": 35210, "nach": 0.41965171481496155 }, "geometry": { "type": "LineString", "coordinates": [ [ -0.7704604, 51.6275451 ], [ -0.7699712, 51.6275024 ], [ -0.7696193, 51.6274491 ], [ -0.7693422, 51.627423 ] ] } },
{ "type": "Feature", "properties": { "id": 111071, "nach": 0.37597694742129478 }, "geometry": { "type": "LineString", "coordinates": [ [ -0.7694585, 51.623717300000017 ], [ -0.7695355, 51.6238404 ], [ -0.7695571, 51.624022499999988 ], [ -0.7693003, 51.625124 ], [ -0.7692333, 51.6256212 ], [ -0.7692793, 51.6260623 ] ] } },
{ "type": "Feature", "properties": { "id": 192149, "nach": 0.40880827623075311 }, "geometry": { "type": "LineString", "coordinates": [ [ -0.7688727, 51.6260859 ], [ -0.7689071, 51.6260882 ], [ -0.7691904, 51.6260669 ], [ -0.7692793, 51.6260623 ] ] } },
{ "type": "Feature", "properties": { "id": 35224, "nach": 0.42519342770036117 }, "geometry": { "type": "LineString", "coordinates": [ [ -0.7705153, 51.6271936 ], [ -0.7704604, 51.6275451 ] ] } },
{ "type": "Feature", "properties": { "id": 35211, "nach": 0.32685923145057411 }, "geometry": { "type": "LineString", "coordinates": [ [ -0.7701686, 51.628323 ], [ -0.7703832, 51.6279233 ], [ -0.7704604, 51.6275451 ] ] } },
{ "type": "Feature", "properties": { "id": 35226, "nach": 0.33635480806479906 }, "geometry": { "type": "LineString", "coordinates": [ [ -0.770572, 51.6268311 ], [ -0.7705153, 51.6271936 ] ] } },
{ "type": "Feature", "properties": { "id": 35228, "nach": 0.4320955565086661 }, "geometry": { "type": "LineString", "coordinates": [ [ -0.7720912, 51.6268577 ], [ -0.7716363, 51.6268737 ], [ -0.7711986, 51.627225400000022 ], [ -0.7705153, 51.6271936 ] ] } },
{ "type": "Feature", "properties": { "id": 35215, "nach": 0.33102619502659847 }, "geometry": { "type": "LineString", "coordinates": [ [ -0.7729924, 51.6273959 ], [ -0.7728723, 51.6274172 ], [ -0.7726491, 51.6273319 ], [ -0.7724603, 51.627198700000015 ], [ -0.7723401, 51.6271668 ] ] } },
{ "type": "Feature", "properties": { "id": 35231, "nach": 0.46352867680343063 }, "geometry": { "type": "LineString", "coordinates": [ [ -0.7729879, 51.626458 ], [ -0.7726233, 51.62657 ], [ -0.7724517, 51.6266979 ], [ -0.7720912, 51.6268577 ] ] } },
{ "type": "Feature", "properties": { "id": 122404, "nach": 0.46708718514296138 }, "geometry": { "type": "LineString", "coordinates": [ [ -0.774424, 51.6244039 ], [ -0.7744195, 51.6244128 ], [ -0.7744114, 51.6244292 ], [ -0.7741425, 51.6249235 ], [ -0.7739451, 51.6253871 ], [ -0.773558900000011, 51.6260372 ], [ -0.7732928, 51.6264581 ], [ -0.7729879, 51.626458 ] ] } },
{ "type": "Feature", "properties": { "id": 36999, "nach": 0.40537061844072703 }, "geometry": { "type": "LineString", "coordinates": [ [ -0.7660107, 51.6336769 ], [ -0.7659264, 51.6337367 ] ] } },
{ "type": "Feature", "properties": { "id": 195676, "nach": 0.57407841953618677 }, "geometry": { "type": "LineString", "coordinates": [ [ -0.76992, 51.6341846 ], [ -0.7716795, 51.6343514 ] ] } },
{ "type": "Feature", "properties": { "id": 35294, "nach": 0.57817115039697531 }, "geometry": { "type": "LineString", "coordinates": [ [ -0.7695852, 51.634145 ], [ -0.76992, 51.6341846 ] ] } },
{ "type": "Feature", "properties": { "id": 283735, "nach": 0.57448601861775761 }, "geometry": { "type": "LineString", "coordinates": [ [ -0.7696074, 51.6340374 ], [ -0.7695852, 51.634145 ] ] } },
{ "type": "Feature", "properties": { "id": 195678, "nach": 0.42243487654081308 }, "geometry": { "type": "LineString", "coordinates": [ [ -0.7698005, 51.6345184 ], [ -0.7698422, 51.6343757 ], [ -0.769881200000011, 51.6343309 ], [ -0.76992, 51.6341846 ] ] } },
{ "type": "Feature", "properties": { "id": 227598, "nach": 0.57158984282467729 }, "geometry": { "type": "LineString", "coordinates": [ [ -0.7621193, 51.616069100000011 ], [ -0.7618344, 51.6163813 ] ] } },
{ "type": "Feature", "properties": { "id": 35324, "nach": 0.58588929490085873 }, "geometry": { "type": "LineString", "coordinates": [ [ -0.7618344, 51.6163813 ], [ -0.760561, 51.616042700000015 ] ] } },
{ "type": "Feature", "properties": { "id": 199196, "nach": 0.53659206578837171 }, "geometry": { "type": "LineString", "coordinates": [ [ -0.7601619, 51.616577600000014 ], [ -0.7600789, 51.6166887 ], [ -0.7600265, 51.6167317 ], [ -0.7599633, 51.616765 ], [ -0.759898, 51.6167903 ], [ -0.7598032, 51.6168098 ], [ -0.7596999, 51.6168192 ] ] } },
{ "type": "Feature", "properties": { "id": 199198, "nach": 0.40847869738874593 }, "geometry": { "type": "LineString", "coordinates": [ [ -0.7605269, 51.6166769 ], [ -0.7604853, 51.6166557 ], [ -0.7604392, 51.61664 ], [ -0.7601619, 51.616577600000014 ] ] } },
{ "type": "Feature", "properties": { "id": 106457, "nach": 0.52188247927986608 }, "geometry": { "type": "LineString", "coordinates": [ [ -0.7612892, 51.6169943 ], [ -0.7617369, 51.6165127 ], [ -0.7618344, 51.6163813 ] ] } },
{ "type": "Feature", "properties": { "id": 187334, "nach": 0.52156248349150369 }, "geometry": { "type": "LineString", "coordinates": [ [ -0.7588508, 51.6166781 ], [ -0.7589838, 51.6167054 ], [ -0.7591232, 51.6167082 ], [ -0.7592749, 51.6167126 ], [ -0.7593788, 51.6167386 ], [ -0.7594776, 51.616767700000011 ], [ -0.7595897, 51.616801 ], [ -0.7596999, 51.6168192 ] ] } },
{ "type": "Feature", "properties": { "id": 176224, "nach": 0.3997610881323041 }, "geometry": { "type": "LineString", "coordinates": [ [ -0.7601471, 51.6171679 ], [ -0.7596205, 51.6170226 ], [ -0.7596999, 51.6168192 ] ] } },
{ "type": "Feature", "properties": { "id": 106460, "nach": 0.41310141697256209 }, "geometry": { "type": "LineString", "coordinates": [ [ -0.7604203, 51.6172102 ], [ -0.760583, 51.6170647 ], [ -0.7607594, 51.6168438 ], [ -0.7612892, 51.6169943 ] ] } },
{ "type": "Feature", "properties": { "id": 144898, "nach": 0.52659294648084209 }, "geometry": { "type": "LineString", "coordinates": [ [ -0.7620134, 51.6172 ], [ -0.7618336, 51.6171472 ], [ -0.7612892, 51.6169943 ] ] } },
{ "type": "Feature", "properties": { "id": 158691, "nach": 0.63076848291909093 }, "geometry": { "type": "LineString", "coordinates": [ [ -0.7626739, 51.6171175 ], [ -0.762535, 51.6172171 ] ] } },
{ "type": "Feature", "properties": { "id": 219652, "nach": 0.61416358123064729 }, "geometry": { "type": "LineString", "coordinates": [ [ -0.7621429, 51.6176665 ], [ -0.7622537, 51.617538600000017 ], [ -0.7624838, 51.6172577 ], [ -0.762535, 51.6172171 ] ] } },
{ "type": "Feature", "properties": { "id": 129887, "nach": 0.59316432188025214 }, "geometry": { "type": "LineString", "coordinates": [ [ -0.762535, 51.6172171 ], [ -0.762201169589317, 51.617165658185783 ] ] } },
{ "type": "Feature", "properties": { "id": 182237, "nach": 0.5194199128099446 }, "geometry": { "type": "LineString", "coordinates": [ [ -0.7627313, 51.6170764 ], [ -0.7626872, 51.617108 ], [ -0.7626739, 51.6171175 ] ] } },
{ "type": "Feature", "properties": { "id": 158696, "nach": 0.62048069256609539 }, "geometry": { "type": "LineString", "coordinates": [ [ -0.7631027, 51.6172042 ], [ -0.7627773, 51.6171158 ], [ -0.7626739, 51.6171175 ] ] } },
{ "type": "Feature", "properties": { "id": 184333, "nach": 0.57027544553588005 }, "geometry": { "type": "LineString", "coordinates": [ [ -0.7624662, 51.6165619 ], [ -0.7623876, 51.6166632 ], [ -0.7623373, 51.6167179 ] ] } },
{ "type": "Feature", "properties": { "id": 144899, "nach": 0.48905761804015674 }, "geometry": { "type": "LineString", "coordinates": [ [ -0.7620134, 51.6172 ], [ -0.7623076, 51.6168361 ], [ -0.7623373, 51.6167179 ] ] } },
{ "type": "Feature", "properties": { "id": 129887, "nach": 0.59316432188025214 }, "geometry": { "type": "LineString", "coordinates": [ [ -0.762419163106621, 51.617229088442187 ], [ -0.7623373, 51.6167179 ] ] } },
{ "type": "Feature", "properties": { "id": 219651, "nach": 0.63564519165371303 }, "geometry": { "type": "LineString", "coordinates": [ [ -0.7621429, 51.6176665 ], [ -0.7621275, 51.6176843 ], [ -0.7621035, 51.6177404 ], [ -0.7621241, 51.6178274 ], [ -0.7621762, 51.6178997 ] ] } },
{ "type": "Feature", "properties": { "id": 219660, "nach": 0.59917292395231481 }, "geometry": { "type": "LineString", "coordinates": [ [ -0.7620812, 51.6176488 ], [ -0.7621429, 51.6176665 ] ] } },
{ "type": "Feature", "properties": { "id": 76978, "nach": 0.44739095619894859 }, "geometry": { "type": "LineString", "coordinates": [ [ -0.757451, 51.617542 ], [ -0.7566723, 51.617362300000018 ] ] } },
{ "type": "Feature", "properties": { "id": 109884, "nach": 0.37095360285224771 }, "geometry": { "type": "LineString", "coordinates": [ [ -0.7558232, 51.6175644 ], [ -0.7560619, 51.6176294 ], [ -0.7561826, 51.6176394 ], [ -0.756302, 51.617627300000017 ], [ -0.7564449, 51.617589400000014 ], [ -0.7565564, 51.617511500000013 ], [ -0.7566723, 51.617362300000018 ] ] } },
{ "type": "Feature", "properties": { "id": 76981, "nach": 0.38946632990822322 }, "geometry": { "type": "LineString", "coordinates": [ [ -0.757212, 51.6179456 ], [ -0.757451, 51.617542 ] ] } },
{ "type": "Feature", "properties": { "id": 92797, "nach": 0.4831646437076626 }, "geometry": { "type": "LineString", "coordinates": [ [ -0.7577537, 51.6176173 ], [ -0.757451, 51.617542 ] ] } },
{ "type": "Feature", "properties": { "id": 182484, "nach": 0.51433478783305075 }, "geometry": { "type": "LineString", "coordinates": [ [ -0.7651698, 51.6181807 ], [ -0.7651052, 51.6181461 ] ] } },
{ "type": "Feature", "properties": { "id": 270655, "nach": 0.5063673710149279 }, "geometry": { "type": "LineString", "coordinates": [ [ -0.7656581, 51.6177981 ], [ -0.7654121, 51.6179598 ], [ -0.7651052, 51.6181461 ] ] } },
{ "type": "Feature", "properties": { "id": 182483, "nach": 0.41369583588884068 }, "geometry": { "type": "LineString", "coordinates": [ [ -0.7651698, 51.6181807 ], [ -0.7659341, 51.6186307 ] ] } },
{ "type": "Feature", "properties": { "id": 182486, "nach": 0.52444864655290369 }, "geometry": { "type": "LineString", "coordinates": [ [ -0.7651698, 51.6181807 ], [ -0.7650813, 51.6182229 ], [ -0.7649959, 51.6182749 ], [ -0.7648786, 51.6183092 ], [ -0.7648094, 51.6183352 ], [ -0.7647129, 51.618359300000016 ], [ -0.7645586, 51.618385100000012 ], [ -0.7645371, 51.61838740000001 ] ] } },
{ "type": "Feature", "properties": { "id": 270659, "nach": 0.5567645577885455 }, "geometry": { "type": "LineString", "coordinates": [ [ -0.7657148, 51.6178345 ], [ -0.7652478, 51.6181246 ], [ -0.7651698, 51.6181807 ] ] } },
{ "type": "Feature", "properties": { "id": 270657, "nach": 0.4426721345930143 }, "geometry": { "type": "LineString", "coordinates": [ [ -0.7657148, 51.6178345 ], [ -0.7656581, 51.6177981 ] ] } },
{ "type": "Feature", "properties": { "id": 35786, "nach": 0.41501280474748237 }, "geometry": { "type": "LineString", "coordinates": [ [ -0.7634186, 51.622175499999983 ], [ -0.7634219, 51.6220674 ] ] } },
{ "type": "Feature", "properties": { "id": 35351, "nach": 0.44817923767310835 }, "geometry": { "type": "LineString", "coordinates": [ [ -0.764006, 51.6210306 ], [ -0.7638368, 51.6210787 ], [ -0.7637291, 51.6211616 ], [ -0.7635167, 51.62157 ], [ -0.763448, 51.6217903 ], [ -0.7634219, 51.6220674 ] ] } },
{ "type": "Feature", "properties": { "id": 35360, "nach": 0.36629631096272725 }, "geometry": { "type": "LineString", "coordinates": [ [ -0.7625769, 51.6225146 ], [ -0.762642, 51.6224229 ], [ -0.7631683, 51.6220973 ], [ -0.7632733, 51.6220702 ], [ -0.7634219, 51.6220674 ] ] } },
{ "type": "Feature", "properties": { "id": 35785, "nach": 0.39818832636655843 }, "geometry": { "type": "LineString", "coordinates": [ [ -0.7634186, 51.622175499999983 ], [ -0.7634694, 51.622712 ] ] } },
{ "type": "Feature", "properties": { "id": 35787, "nach": 0.22384250323900318 }, "geometry": { "type": "LineString", "coordinates": [ [ -0.7634186, 51.622175499999983 ], [ -0.7643796, 51.6221803 ] ] } },
{ "type": "Feature", "properties": { "id": 35413, "nach": 0.4826506761061049 }, "geometry": { "type": "LineString", "coordinates": [ [ -0.7639806, 51.6209684 ], [ -0.764006, 51.6210306 ] ] } },
{ "type": "Feature", "properties": { "id": 35363, "nach": 0.32998270970185434 }, "geometry": { "type": "LineString", "coordinates": [ [ -0.762082, 51.622579 ], [ -0.7625769, 51.6225146 ] ] } },
{ "type": "Feature", "properties": { "id": 35366, "nach": 0.27926955072104309 }, "geometry": { "type": "LineString", "coordinates": [ [ -0.7634694, 51.622712 ], [ -0.7632838, 51.6227166 ], [ -0.7627128, 51.622601 ], [ -0.7625769, 51.6225146 ] ] } },
{ "type": "Feature", "properties": { "id": 35362, "nach": 0.34562515950398132 }, "geometry": { "type": "LineString", "coordinates": [ [ -0.7612208, 51.6258373 ], [ -0.7616843, 51.62594390000001 ] ] } },
{ "type": "Feature", "properties": { "id": 35395, "nach": 0.42354952069718554 }, "geometry": { "type": "LineString", "coordinates": [ [ -0.7614696, 51.6267618 ], [ -0.7615254, 51.6264901 ], [ -0.7616843, 51.62594390000001 ] ] } },
{ "type": "Feature", "properties": { "id": 35367, "nach": 0.40029766236060238 }, "geometry": { "type": "LineString", "coordinates": [ [ -0.7621895, 51.6251713 ], [ -0.7620256, 51.6253569 ], [ -0.7618602, 51.6255949 ], [ -0.7616843, 51.62594390000001 ] ] } },
{ "type": "Feature", "properties": { "id": 35792, "nach": 0.44756546493414301 }, "geometry": { "type": "LineString", "coordinates": [ [ -0.7616696, 51.6275038 ], [ -0.7616627, 51.6274771 ], [ -0.7615623, 51.6273451 ], [ -0.7614667, 51.6273179 ], [ -0.7614696, 51.6267618 ] ] } },
{ "type": "Feature", "properties": { "id": 35398, "nach": 0.33916390118102596 }, "geometry": { "type": "LineString", "coordinates": [ [ -0.7597015, 51.6258773 ], [ -0.7597616, 51.6260957 ], [ -0.760238, 51.6264101 ], [ -0.7605598, 51.6265913 ], [ -0.7608431, 51.6266952 ], [ -0.7611521, 51.6267485 ], [ -0.7614696, 51.6267618 ] ] } },
{ "type": "Feature", "properties": { "id": 35763, "nach": 0.38149267620330135 }, "geometry": { "type": "LineString", "coordinates": [ [ -0.7634096, 51.6231713 ], [ -0.7632229, 51.623741400000021 ], [ -0.7628364, 51.6244179 ], [ -0.7623923, 51.62494490000001 ], [ -0.7621895, 51.6251713 ] ] } },
{ "type": "Feature", "properties": { "id": 35401, "nach": 0.39384643400581509 }, "geometry": { "type": "LineString", "coordinates": [ [ -0.7610783, 51.624789199999988 ], [ -0.7616413, 51.6249875 ], [ -0.7621895, 51.6251713 ] ] } },
{ "type": "Feature", "properties": { "id": 35414, "nach": 0.37851680856538789 }, "geometry": { "type": "LineString", "coordinates": [ [ -0.7639806, 51.6209684 ], [ -0.7631648, 51.620969700000011 ] ] } },
{ "type": "Feature", "properties": { "id": 35415, "nach": 0.48183738639071794 }, "geometry": { "type": "LineString", "coordinates": [ [ -0.7639806, 51.6209684 ], [ -0.7640374, 51.620856 ], [ -0.7649774, 51.6196492 ] ] } },
{ "type": "Feature", "properties": { "id": 182481, "nach": 0.55160280815707097 }, "geometry": { "type": "LineString", "coordinates": [ [ -0.7640343, 51.6183902 ], [ -0.7640752, 51.6183952 ], [ -0.7641889, 51.6184046 ], [ -0.7642842, 51.618405 ], [ -0.7643645, 51.618401100000014 ], [ -0.7644533, 51.618396 ], [ -0.7645371, 51.61838740000001 ] ] } },
{ "type": "Feature", "properties": { "id": 35358, "nach": 0.52470545487801412 }, "geometry": { "type": "LineString", "coordinates": [ [ -0.76434, 51.619456 ], [ -0.7648353, 51.6188298 ], [ -0.7648131, 51.61870720000001 ], [ -0.7648092, 51.61859 ], [ -0.7647564, 51.618508700000014 ], [ -0.7645371, 51.61838740000001 ] ] } },
{ "type": "Feature", "properties": { "id": 182479, "nach": 0.48251112299563859 }, "geometry": { "type": "LineString", "coordinates": [ [ -0.7640343, 51.6183902 ], [ -0.7637241, 51.6189898 ] ] } },
{ "type": "Feature", "properties": { "id": 35410, "nach": 0.50273304214997738 }, "geometry": { "type": "LineString", "coordinates": [ [ -0.7649774, 51.6196492 ], [ -0.76434, 51.619456 ] ] } },
{ "type": "Feature", "properties": { "id": 35408, "nach": 0.41845087440775602 }, "geometry": { "type": "LineString", "coordinates": [ [ -0.7631648, 51.620969700000011 ], [ -0.7632335, 51.6208951 ], [ -0.7635425, 51.620490100000012 ], [ -0.7639802, 51.6199145 ], [ -0.76434, 51.619456 ] ] } },
{ "type": "Feature", "properties": { "id": 191387, "nach": 0.38938948559300929 }, "geometry": { "type": "LineString", "coordinates": [ [ -0.7661579, 51.619427700000017 ], [ -0.7660901, 51.6194157 ], [ -0.7659158, 51.6194107 ], [ -0.7657931, 51.61941370000001 ], [ -0.7656915, 51.6194177 ], [ -0.7655527, 51.6194207 ], [ -0.765472, 51.6194177 ], [ -0.7653445, 51.6194187 ], [ -0.7652573, 51.619418700000018 ], [ -0.7651676, 51.6194132 ], [ -0.7649774, 51.6196492 ] ] } },
{ "type": "Feature", "properties": { "id": 35409, "nach": 0.41752241395614526 }, "geometry": { "type": "LineString", "coordinates": [ [ -0.7631648, 51.620969700000011 ], [ -0.7628901, 51.6212361 ], [ -0.762564, 51.6215079 ], [ -0.7621692, 51.6218809 ], [ -0.7615426, 51.622413800000011 ], [ -0.7610695, 51.6227476 ] ] } },
{ "type": "Feature", "properties": { "id": 35762, "nach": 0.39197159640754908 }, "geometry": { "type": "LineString", "coordinates": [ [ -0.7634096, 51.6231713 ], [ -0.7634694, 51.622712 ] ] } },
{ "type": "Feature", "properties": { "id": 35765, "nach": 0.31717526118962336 }, "geometry": { "type": "LineString", "coordinates": [ [ -0.7626625, 51.6231116 ], [ -0.763025, 51.6231661 ], [ -0.7634096, 51.6231713 ] ] } },
{ "type": "Feature", "properties": { "id": 35402, "nach": 0.33576812838050901 }, "geometry": { "type": "LineString", "coordinates": [ [ -0.7610783, 51.624789199999988 ], [ -0.7597702, 51.6258 ], [ -0.7597015, 51.6258773 ] ] } },
{ "type": "Feature", "properties": { "id": 35767, "nach": 0.37289151837452356 }, "geometry": { "type": "LineString", "coordinates": [ [ -0.7597886, 51.6240004 ], [ -0.7601693, 51.6242841 ], [ -0.7609761, 51.6247424 ], [ -0.7610783, 51.624789199999988 ] ] } },
{ "type": "Feature", "properties": { "id": 35403, "nach": 0.41707157968529401 }, "geometry": { "type": "LineString", "coordinates": [ [ -0.7597402, 51.6239644 ], [ -0.7589939, 51.6233733 ] ] } },
{ "type": "Feature", "properties": { "id": 35373, "nach": 0.39615875323167138 }, "geometry": { "type": "LineString", "coordinates": [ [ -0.7581468, 51.6227891 ], [ -0.7582604, 51.622820899999986 ], [ -0.7589939, 51.6233733 ] ] } },
{ "type": "Feature", "properties": { "id": 278567, "nach": 0.33533400154940141 }, "geometry": { "type": "LineString", "coordinates": [ [ -0.7599169, 51.6226404 ], [ -0.7599225, 51.622678 ], [ -0.7598288, 51.6228515 ], [ -0.7596855, 51.6230175 ], [ -0.759465, 51.6231702 ], [ -0.7589939, 51.6233733 ] ] } },
{ "type": "Feature", "properties": { "id": 35766, "nach": 0.39700154147013356 }, "geometry": { "type": "LineString", "coordinates": [ [ -0.7597886, 51.6240004 ], [ -0.7597402, 51.6239644 ] ] } },
{ "type": "Feature", "properties": { "id": 143808, "nach": 0.43467622286833824 }, "geometry": { "type": "LineString", "coordinates": [ [ -0.7589149, 51.624581 ], [ -0.7591334, 51.6244291 ], [ -0.7592552, 51.6243445 ], [ -0.759505, 51.6241581 ], [ -0.7597402, 51.6239644 ] ] } },
{ "type": "Feature", "properties": { "id": 229018, "nach": 0.36495314514174843 }, "geometry": { "type": "LineString", "coordinates": [ [ -0.7609434, 51.6228078 ], [ -0.7605276, 51.623006300000014 ], [ -0.7603332, 51.6233009 ], [ -0.7601545, 51.6234888 ], [ -0.7597402, 51.6239644 ] ] } },
{ "type": "Feature", "properties": { "id": 143803, "nach": 0.41398826851553827 }, "geometry": { "type": "LineString", "coordinates": [ [ -0.7576045, 51.6230821 ], [ -0.7577979, 51.6230186 ], [ -0.7579966, 51.6229291 ], [ -0.7581468, 51.6227891 ] ] } },
{ "type": "Feature", "properties": { "id": 35392, "nach": 0.4078935859126353 }, "geometry": { "type": "LineString", "coordinates": [ [ -0.7587867, 51.6222809 ], [ -0.7586975, 51.62230610000001 ], [ -0.7581468, 51.6227891 ] ] } },
{ "type": "Feature", "properties": { "id": 278566, "nach": 0.38725216446132216 }, "geometry": { "type": "LineString", "coordinates": [ [ -0.7599169, 51.6226404 ], [ -0.7598964, 51.6226048 ], [ -0.7598173, 51.62254990000001 ], [ -0.7589575, 51.6222943 ], [ -0.75888520000001, 51.6222782 ], [ -0.7588305, 51.622276600000014 ], [ -0.7587867, 51.6222809 ] ] } },
{ "type": "Feature", "properties": { "id": 278571, "nach": 0.39496644181643781 }, "geometry": { "type": "LineString", "coordinates": [ [ -0.7600181, 51.6226286 ], [ -0.7599169, 51.6226404 ] ] } },
{ "type": "Feature", "properties": { "id": 143802, "nach": 0.41102401796067761 }, "geometry": { "type": "LineString", "coordinates": [ [ -0.7576045, 51.6230821 ], [ -0.7573369, 51.6231758 ], [ -0.7568104, 51.623349199999986 ], [ -0.7565965, 51.6233952 ], [ -0.7564057, 51.623403 ] ] } },
{ "type": "Feature", "properties": { "id": 143805, "nach": 0.34209131965687106 }, "geometry": { "type": "LineString", "coordinates": [ [ -0.7576972, 51.6232039 ], [ -0.7576419, 51.6231341 ], [ -0.7576045, 51.6230821 ] ] } },
{ "type": "Feature", "properties": { "id": 35391, "nach": 0.41265063686434289 }, "geometry": { "type": "LineString", "coordinates": [ [ -0.7587867, 51.6222809 ], [ -0.7588888, 51.6218593 ] ] } },
{ "type": "Feature", "properties": { "id": 182818, "nach": 0.44450064959606261 }, "geometry": { "type": "LineString", "coordinates": [ [ -0.7557615, 51.623170700000017 ], [ -0.7559722, 51.623261 ] ] } },
{ "type": "Feature", "properties": { "id": 143799, "nach": 0.43692778044063391 }, "geometry": { "type": "LineString", "coordinates": [ [ -0.7564057, 51.623403 ], [ -0.7562824, 51.6233901 ], [ -0.7561009, 51.6233303 ], [ -0.7559722, 51.623261 ] ] } },
{ "type": "Feature", "properties": { "id": 35380, "nach": 0.31321007989369209 }, "geometry": { "type": "LineString", "coordinates": [ [ -0.7577136, 51.6216515 ], [ -0.7576802, 51.6216784 ], [ -0.7575858, 51.62175830000001 ], [ -0.7576545, 51.621785 ], [ -0.7565043, 51.6228028 ], [ -0.7559722, 51.623261 ] ] } },
{ "type": "Feature", "properties": { "id": 182819, "nach": 0.41767535392590116 }, "geometry": { "type": "LineString", "coordinates": [ [ -0.7557615, 51.623170700000017 ], [ -0.7554039, 51.623467 ], [ -0.7546187, 51.624131200000029 ], [ -0.7538306, 51.6247996 ], [ -0.7534314, 51.6251459 ], [ -0.7534205, 51.6251789 ], [ -0.7534294, 51.6252022 ], [ -0.7533705, 51.625252600000017 ] ] } },
{ "type": "Feature", "properties": { "id": 278572, "nach": 0.32332427639057842 }, "geometry": { "type": "LineString", "coordinates": [ [ -0.7576552, 51.621587300000016 ], [ -0.7576473, 51.6215937 ], [ -0.7575824, 51.6216461 ], [ -0.7558189, 51.6231231 ], [ -0.7557615, 51.623170700000017 ] ] } },
{ "type": "Feature", "properties": { "id": 143801, "nach": 0.35647370590103594 }, "geometry": { "type": "LineString", "coordinates": [ [ -0.7564078, 51.623472 ], [ -0.7564057, 51.623403 ] ] } },
{ "type": "Feature", "properties": { "id": 35390, "nach": 0.4351258138773571 }, "geometry": { "type": "LineString", "coordinates": [ [ -0.7588888, 51.6218593 ], [ -0.758609, 51.6218394 ], [ -0.7583176, 51.6218027 ], [ -0.7577136, 51.6216515 ] ] } },
{ "type": "Feature", "properties": { "id": 278574, "nach": 0.45556364117793735 }, "geometry": { "type": "LineString", "coordinates": [ [ -0.7576552, 51.621587300000016 ], [ -0.7576849, 51.6216003 ], [ -0.7576437, 51.621635200000014 ], [ -0.7577136, 51.6216515 ] ] } },
{ "type": "Feature", "properties": { "id": 35389, "nach": 0.34571787413516802 }, "geometry": { "type": "LineString", "coordinates": [ [ -0.7588888, 51.6218593 ], [ -0.7594739, 51.6219714 ], [ -0.7601032, 51.6221548 ], [ -0.7603165, 51.6222527 ] ] } },
{ "type": "Feature", "properties": { "id": 278573, "nach": 0.46667744666820249 }, "geometry": { "type": "LineString", "coordinates": [ [ -0.7576552, 51.621587300000016 ], [ -0.7580906, 51.62123660000001 ], [ -0.7587221, 51.6206892 ], [ -0.7591805, 51.6202985 ], [ -0.7596995, 51.6198649 ], [ -0.7601227, 51.6195048 ], [ -0.7603907, 51.6193168 ], [ -0.7605815, 51.6192104 ], [ -0.7609149, 51.618973699999984 ], [ -0.761066, 51.6188335 ], [ -0.7611395, 51.6188014 ], [ -0.7611761, 51.6187849 ] ] } },
{ "type": "Feature", "properties": { "id": 278569, "nach": 0.35762351042829865 }, "geometry": { "type": "LineString", "coordinates": [ [ -0.7600181, 51.6226286 ], [ -0.7603165, 51.6222527 ] ] } },
{ "type": "Feature", "properties": { "id": 35386, "nach": 0.39121559389174654 }, "geometry": { "type": "LineString", "coordinates": [ [ -0.7610695, 51.6227476 ], [ -0.761023, 51.6226938 ], [ -0.7607567, 51.62258880000001 ], [ -0.7605423, 51.6223577 ], [ -0.7603165, 51.6222527 ] ] } },
{ "type": "Feature", "properties": { "id": 278570, "nach": 0.33482389447014627 }, "geometry": { "type": "LineString", "coordinates": [ [ -0.7600181, 51.6226286 ], [ -0.7602127, 51.6226038 ] ] } },
{ "type": "Feature", "properties": { "id": 229017, "nach": 0.38392172952266373 }, "geometry": { "type": "LineString", "coordinates": [ [ -0.7609434, 51.6228078 ], [ -0.7610695, 51.6227476 ] ] } },
{ "type": "Feature", "properties": { "id": 229019, "nach": 0.0 }, "geometry": { "type": "LineString", "coordinates": [ [ -0.7609434, 51.6228078 ], [ -0.7609333, 51.622846700000011 ], [ -0.7608394, 51.6229167 ], [ -0.7609253, 51.6229825 ], [ -0.7607791, 51.623134 ], [ -0.7605907, 51.623275 ], [ -0.7602254, 51.623603 ], [ -0.7597886, 51.6240004 ] ] } },
{ "type": "Feature", "properties": { "id": 35793, "nach": 0.44934217222021955 }, "geometry": { "type": "LineString", "coordinates": [ [ -0.7616696, 51.6275038 ], [ -0.761699, 51.6275394 ], [ -0.7618358, 51.6275493 ], [ -0.7619849, 51.627562 ] ] } },
{ "type": "Feature", "properties": { "id": 35796, "nach": 0.40995820022944401 }, "geometry": { "type": "LineString", "coordinates": [ [ -0.7608434, 51.627514 ], [ -0.7609636, 51.6275034 ], [ -0.7611438, 51.6274448 ], [ -0.7612811, 51.6274501 ], [ -0.7614233, 51.627473100000024 ], [ -0.7616696, 51.6275038 ] ] } },
{ "type": "Feature", "properties": { "id": 35802, "nach": 0.39386285895696954 }, "geometry": { "type": "LineString", "coordinates": [ [ -0.758946, 51.6254453 ], [ -0.7589637, 51.625457300000015 ], [ -0.7593239, 51.6257148 ], [ -0.7595803, 51.6258657 ], [ -0.7597015, 51.6258773 ] ] } },
{ "type": "Feature", "properties": { "id": 35800, "nach": 0.43825885379651258 }, "geometry": { "type": "LineString", "coordinates": [ [ -0.758946, 51.6254453 ], [ -0.7583757, 51.6257224 ], [ -0.7582513, 51.625793 ] ] } },
{ "type": "Feature", "properties": { "id": 143806, "nach": 0.3968069449215656 }, "geometry": { "type": "LineString", "coordinates": [ [ -0.7589149, 51.624581 ], [ -0.7589176, 51.6249873 ], [ -0.7589756, 51.6253379 ], [ -0.758946, 51.6254453 ] ] } },
{ "type": "Feature", "properties": { "id": 229023, "nach": 0.40620616732002107 }, "geometry": { "type": "LineString", "coordinates": [ [ -0.7574543, 51.6258696 ], [ -0.7580057, 51.6254302 ], [ -0.7589149, 51.624581 ] ] } },
{ "type": "Feature", "properties": { "id": 284094, "nach": 0.5516060720268734 }, "geometry": { "type": "LineString", "coordinates": [ [ -0.7641659, 51.6334641 ], [ -0.76412080000001, 51.6335285 ] ] } },
{ "type": "Feature", "properties": { "id": 284097, "nach": 0.48756227325388973 }, "geometry": { "type": "LineString", "coordinates": [ [ -0.7640135, 51.6334216 ], [ -0.7641659, 51.6334641 ] ] } },
{ "type": "Feature", "properties": { "id": 283872, "nach": 0.54495175475076785 }, "geometry": { "type": "LineString", "coordinates": [ [ -0.7647218, 51.6330535 ], [ -0.7647944, 51.633094 ], [ -0.7651948, 51.6333221 ] ] } },
{ "type": "Feature", "properties": { "id": 283875, "nach": 0.4134242079738244 }, "geometry": { "type": "LineString", "coordinates": [ [ -0.76466120000001, 51.632611100000013 ], [ -0.7648215, 51.6326742 ], [ -0.7646884, 51.6328126 ], [ -0.7648504, 51.63295320000001 ], [ -0.7648148, 51.6329816 ], [ -0.7647218, 51.6330535 ] ] } },
{ "type": "Feature", "properties": { "id": 137233, "nach": 0.60875051125817048 }, "geometry": { "type": "LineString", "coordinates": [ [ -0.75772, 51.6302944 ], [ -0.7575415, 51.6301046 ] ] } },
{ "type": "Feature", "properties": { "id": 35420, "nach": 0.58121124508327837 }, "geometry": { "type": "LineString", "coordinates": [ [ -0.7575415, 51.6301046 ], [ -0.7573361, 51.6298602 ], [ -0.7571112, 51.629652 ] ] } },
{ "type": "Feature", "properties": { "id": 175944, "nach": 0.54820940197476242 }, "geometry": { "type": "LineString", "coordinates": [ [ -0.7573958, 51.6298399 ], [ -0.7575415, 51.6301046 ] ] } },
{ "type": "Feature", "properties": { "id": 137234, "nach": 0.60976378176805102 }, "geometry": { "type": "LineString", "coordinates": [ [ -0.75772, 51.6302944 ], [ -0.7579046, 51.630454100000016 ] ] } },
{ "type": "Feature", "properties": { "id": 137236, "nach": 0.43520631488441169 }, "geometry": { "type": "LineString", "coordinates": [ [ -0.7573633, 51.6304603 ], [ -0.7576436, 51.630338 ], [ -0.75772, 51.6302944 ] ] } },
{ "type": "Feature", "properties": { "id": 175940, "nach": 0.569587216889894 }, "geometry": { "type": "LineString", "coordinates": [ [ -0.7571112, 51.629652 ], [ -0.7570445, 51.6296933 ], [ -0.7565398, 51.6299111 ], [ -0.7564924, 51.6299301 ], [ -0.7563792, 51.62997570000001 ] ] } },
{ "type": "Feature", "properties": { "id": 175938, "nach": 0.50624709884419816 }, "geometry": { "type": "LineString", "coordinates": [ [ -0.7571112, 51.629652 ], [ -0.75715, 51.629632 ] ] } },
{ "type": "Feature", "properties": { "id": 175939, "nach": 0.57976469582615797 }, "geometry": { "type": "LineString", "coordinates": [ [ -0.7571112, 51.629652 ], [ -0.7566631, 51.6293758 ] ] } },
{ "type": "Feature", "properties": { "id": 116014, "nach": 0.56605382076694 }, "geometry": { "type": "LineString", "coordinates": [ [ -0.7557338, 51.6290626 ], [ -0.7561107, 51.6291966 ] ] } },
{ "type": "Feature", "properties": { "id": 35422, "nach": 0.51698825558672223 }, "geometry": { "type": "LineString", "coordinates": [ [ -0.7561107, 51.6291966 ], [ -0.7564912, 51.6292834 ], [ -0.7565861, 51.6292612 ] ] } },
{ "type": "Feature", "properties": { "id": 175931, "nach": 0.52779665217531535 }, "geometry": { "type": "LineString", "coordinates": [ [ -0.7566631, 51.6293758 ], [ -0.7565157, 51.6293248 ], [ -0.7561107, 51.6291966 ] ] } },
{ "type": "Feature", "properties": { "id": 116015, "nach": 0.57159604519067264 }, "geometry": { "type": "LineString", "coordinates": [ [ -0.7557338, 51.6290626 ], [ -0.7557005, 51.6290911 ], [ -0.755611, 51.6291343 ], [ -0.7555409, 51.6292038 ], [ -0.7554822, 51.6292657 ], [ -0.7553782, 51.62938590000001 ], [ -0.7553104, 51.6294604 ], [ -0.7552516, 51.6295257 ] ] } },
{ "type": "Feature", "properties": { "id": 116013, "nach": 0.58788328996359385 }, "geometry": { "type": "LineString", "coordinates": [ [ -0.7557338, 51.6290626 ], [ -0.7555793, 51.6289944 ] ] } },
{ "type": "Feature", "properties": { "id": 116031, "nach": 0.40157584835156784 }, "geometry": { "type": "LineString", "coordinates": [ [ -0.7557877, 51.6290082 ], [ -0.7557338, 51.6290626 ] ] } },
{ "type": "Feature", "properties": { "id": 175935, "nach": 0.49274239767425237 }, "geometry": { "type": "LineString", "coordinates": [ [ -0.7566207, 51.6292773 ], [ -0.7565861, 51.6292612 ] ] } },
{ "type": "Feature", "properties": { "id": 116033, "nach": 0.54153565845052498 }, "geometry": { "type": "LineString", "coordinates": [ [ -0.7557877, 51.6290082 ], [ -0.7561534, 51.6291391 ], [ -0.7565861, 51.6292612 ] ] } },
{ "type": "Feature", "properties": { "id": 116026, "nach": 0.53738084330604508 }, "geometry": { "type": "LineString", "coordinates": [ [ -0.7565861, 51.6292612 ], [ -0.7565867, 51.6292118 ], [ -0.7566802, 51.629042 ] ] } },
{ "type": "Feature", "properties": { "id": 175930, "nach": 0.54541613033935077 }, "geometry": { "type": "LineString", "coordinates": [ [ -0.7566631, 51.6293758 ], [ -0.7566092, 51.6293117 ], [ -0.7565861, 51.6292612 ] ] } },
{ "type": "Feature", "properties": { "id": 116006, "nach": 0.55074366378902373 }, "geometry": { "type": "LineString", "coordinates": [ [ -0.7549857, 51.6288038 ], [ -0.7553506, 51.628914 ] ] } },
{ "type": "Feature", "properties": { "id": 115986, "nach": 0.58312953867115958 }, "geometry": { "type": "LineString", "coordinates": [ [ -0.7555793, 51.6289944 ], [ -0.7553506, 51.628914 ] ] } },
{ "type": "Feature", "properties": { "id": 116008, "nach": 0.4368127333685054 }, "geometry": { "type": "LineString", "coordinates": [ [ -0.7549857, 51.6288038 ], [ -0.7549415, 51.6288602 ], [ -0.7547927, 51.628895199999988 ] ] } },
{ "type": "Feature", "properties": { "id": 116121, "nach": 0.55124647551515416 }, "geometry": { "type": "LineString", "coordinates": [ [ -0.7540122, 51.6287487 ], [ -0.754533, 51.628757 ], [ -0.7547253, 51.628762 ], [ -0.7548922, 51.6287838 ], [ -0.7549857, 51.6288038 ] ] } },
{ "type": "Feature", "properties": { "id": 115997, "nach": 0.4378901347036579 }, "geometry": { "type": "LineString", "coordinates": [ [ -0.7554203, 51.6291082 ], [ -0.7555156, 51.6290741 ], [ -0.7555793, 51.6289944 ] ] } },
{ "type": "Feature", "properties": { "id": 35426, "nach": 0.44479140606575285 }, "geometry": { "type": "LineString", "coordinates": [ [ -0.7532706, 51.6252217 ], [ -0.7525324, 51.625855800000011 ], [ -0.7520847, 51.6262894 ], [ -0.7518768, 51.6264801 ], [ -0.7517441, 51.6266016 ] ] } },
{ "type": "Feature", "properties": { "id": 182814, "nach": 0.32917578269195558 }, "geometry": { "type": "LineString", "coordinates": [ [ -0.7533705, 51.625252600000017 ], [ -0.7532706, 51.6252217 ] ] } },
{ "type": "Feature", "properties": { "id": 182811, "nach": 0.55214541150119467 }, "geometry": { "type": "LineString", "coordinates": [ [ -0.7517787, 51.6266156 ], [ -0.7517441, 51.6266016 ] ] } },
{ "type": "Feature", "properties": { "id": 229021, "nach": 0.47347713010963932 }, "geometry": { "type": "LineString", "coordinates": [ [ -0.7574543, 51.6258696 ], [ -0.7571796, 51.626136300000013 ], [ -0.7570622, 51.6262556 ] ] } },
{ "type": "Feature", "properties": { "id": 288923, "nach": 0.50418436395512334 }, "geometry": { "type": "LineString", "coordinates": [ [ -0.7534881, 51.625289 ], [ -0.7536465, 51.6253381 ] ] } },
{ "type": "Feature", "properties": { "id": 122407, "nach": 0.48411303965135943 }, "geometry": { "type": "LineString", "coordinates": [ [ -0.7541181, 51.625036 ], [ -0.7539453, 51.625000800000016 ], [ -0.7536465, 51.6253381 ] ] } },
{ "type": "Feature", "properties": { "id": 35760, "nach": 0.45367056412190471 }, "geometry": { "type": "LineString", "coordinates": [ [ -0.758168, 51.6267365 ], [ -0.7586088, 51.6270107 ], [ -0.7588693, 51.6272316 ], [ -0.7590066, 51.6273329 ], [ -0.7590941, 51.6274196 ] ] } },
{ "type": "Feature", "properties": { "id": 122420, "nach": 0.40796334055667094 }, "geometry": { "type": "LineString", "coordinates": [ [ -0.7585371, 51.6259959 ], [ -0.7585421, 51.626028 ], [ -0.7584069, 51.6262104 ], [ -0.7583825, 51.6262794 ], [ -0.7584187, 51.6263669 ], [ -0.7583825, 51.6264684 ], [ -0.7583182, 51.626519199999976 ], [ -0.7582739, 51.626618 ], [ -0.758168, 51.6267365 ] ] } },
{ "type": "Feature", "properties": { "id": 229022, "nach": 0.43398977148088075 }, "geometry": { "type": "LineString", "coordinates": [ [ -0.7574543, 51.6258696 ], [ -0.7576591, 51.6258943 ], [ -0.7579166, 51.6259102 ], [ -0.7580711, 51.625867600000014 ], [ -0.7582513, 51.625793 ] ] } },
{ "type": "Feature", "properties": { "id": 35439, "nach": 0.50241208499018963 }, "geometry": { "type": "LineString", "coordinates": [ [ -0.7549266, 51.6268428 ], [ -0.754804200000011, 51.626848 ], [ -0.7546075, 51.626911 ], [ -0.7544884, 51.627002 ], [ -0.75435, 51.6269696 ], [ -0.7539273, 51.6268255 ] ] } },
{ "type": "Feature", "properties": { "id": 288924, "nach": 0.46110343349990496 }, "geometry": { "type": "LineString", "coordinates": [ [ -0.7542007, 51.6263801 ], [ -0.7541853, 51.6264363 ], [ -0.7540925, 51.6266073 ], [ -0.7540033, 51.6267632 ], [ -0.7539273, 51.6268255 ] ] } },
{ "type": "Feature", "properties": { "id": 35441, "nach": 0.4883653824507786 }, "geometry": { "type": "LineString", "coordinates": [ [ -0.756063, 51.6269335 ], [ -0.7551793, 51.62664 ], [ -0.7549266, 51.6268428 ] ] } },
{ "type": "Feature", "properties": { "id": 288925, "nach": 0.43167171766705553 }, "geometry": { "type": "LineString", "coordinates": [ [ -0.7542007, 51.6263801 ], [ -0.754163, 51.62633180000001 ], [ -0.7529054, 51.625752300000016 ] ] } },
{ "type": "Feature", "properties": { "id": 156964, "nach": 0.47548498477365803 }, "geometry": { "type": "LineString", "coordinates": [ [ -0.7562121, 51.62677450000001 ], [ -0.7561286, 51.6268865 ], [ -0.756063, 51.6269335 ] ] } },
{ "type": "Feature", "properties": { "id": 156966, "nach": 0.37321947833217151 }, "geometry": { "type": "LineString", "coordinates": [ [ -0.7555064, 51.6265237 ], [ -0.7561393, 51.626731 ], [ -0.7562121, 51.62677450000001 ] ] } },
{ "type": "Feature", "properties": { "id": 156970, "nach": 0.44407183040727893 }, "geometry": { "type": "LineString", "coordinates": [ [ -0.756421, 51.626656 ], [ -0.7563306, 51.6267494 ], [ -0.7562121, 51.62677450000001 ] ] } },
{ "type": "Feature", "properties": { "id": 35443, "nach": 0.43996896952376924 }, "geometry": { "type": "LineString", "coordinates": [ [ -0.7529054, 51.625752300000016 ], [ -0.7534881, 51.625289 ] ] } },
{ "type": "Feature", "properties": { "id": 183690, "nach": 0.27240258570430492 }, "geometry": { "type": "LineString", "coordinates": [ [ -0.753226, 51.6267382 ], [ -0.7529538, 51.626601 ], [ -0.7524498, 51.6263453 ], [ -0.7523246, 51.6262773 ], [ -0.7523084, 51.626250299999988 ], [ -0.7523146, 51.6262221 ], [ -0.7529054, 51.625752300000016 ] ] } },
{ "type": "Feature", "properties": { "id": 288922, "nach": 0.51634701590572374 }, "geometry": { "type": "LineString", "coordinates": [ [ -0.7534881, 51.625289 ], [ -0.7533705, 51.625252600000017 ] ] } },
{ "type": "Feature", "properties": { "id": 35677, "nach": 0.47715513724853054 }, "geometry": { "type": "LineString", "coordinates": [ [ -0.7471762, 51.62673190000001 ], [ -0.7469589, 51.6266849 ], [ -0.7468029, 51.6266179 ], [ -0.7466847, 51.6265263 ], [ -0.7465768, 51.6264226 ], [ -0.7465097, 51.6262761 ], [ -0.7464695, 51.6261096 ], [ -0.7464412, 51.6258658 ], [ -0.7464417, 51.6257242 ] ] } },
{ "type": "Feature", "properties": { "id": 35675, "nach": 0.46804968206318798 }, "geometry": { "type": "LineString", "coordinates": [ [ -0.7471762, 51.62673190000001 ], [ -0.7471352, 51.62672950000001 ], [ -0.7465508, 51.6267883 ], [ -0.7456478, 51.6268337 ], [ -0.7455102, 51.626818 ], [ -0.7451941, 51.6267861 ], [ -0.7450553, 51.6267729 ], [ -0.7444671, 51.626741 ], [ -0.743885, 51.626697199999988 ], [ -0.7437307, 51.62672520000001 ] ] } },
{ "type": "Feature", "properties": { "id": 179787, "nach": 0.50100694259609579 }, "geometry": { "type": "LineString", "coordinates": [ [ -0.747468, 51.626744500000015 ], [ -0.7471762, 51.62673190000001 ] ] } },
{ "type": "Feature", "properties": { "id": 36890, "nach": 0.39130964797231454 }, "geometry": { "type": "LineString", "coordinates": [ [ -0.7473589, 51.626983400000022 ], [ -0.7472963, 51.626786 ], [ -0.7472775, 51.6267647 ], [ -0.7472495, 51.6267477 ], [ -0.7472147, 51.626736399999984 ], [ -0.7471762, 51.62673190000001 ] ] } },
{ "type": "Feature", "properties": { "id": 116120, "nach": 0.56573883257593305 }, "geometry": { "type": "LineString", "coordinates": [ [ -0.7540122, 51.6287487 ], [ -0.7539418, 51.6287476 ], [ -0.753761, 51.6287503 ], [ -0.7536033, 51.628748199999976 ] ] } },
{ "type": "Feature", "properties": { "id": 116017, "nach": 0.55059874914418361 }, "geometry": { "type": "LineString", "coordinates": [ [ -0.752762, 51.6286444 ], [ -0.7528575, 51.6286698 ], [ -0.7529309, 51.6286838 ], [ -0.753167, 51.6287271 ], [ -0.7533695, 51.6287437 ], [ -0.7536033, 51.628748199999976 ] ] } },
{ "type": "Feature", "properties": { "id": 35734, "nach": 0.54049481121543286 }, "geometry": { "type": "LineString", "coordinates": [ [ -0.7536033, 51.628748199999976 ], [ -0.75379400522766, 51.629863698370983 ] ] } },
{ "type": "Feature", "properties": { "id": 116016, "nach": 0.33592550198934984 }, "geometry": { "type": "LineString", "coordinates": [ [ -0.752762, 51.6286444 ], [ -0.7526661, 51.6286209 ], [ -0.7526165, 51.628611300000017 ], [ -0.7525709, 51.628603 ], [ -0.7525321, 51.6286012 ], [ -0.752488, 51.628608 ], [ -0.7524542, 51.6286276 ], [ -0.7524336, 51.6286523 ], [ -0.7524257, 51.628680399999986 ], [ -0.7524328, 51.6287084 ] ] } },
{ "type": "Feature", "properties": { "id": 35559, "nach": 0.58118066069346075 }, "geometry": { "type": "LineString", "coordinates": [ [ -0.752762, 51.6286444 ], [ -0.752013139896331, 51.628266874788771 ] ] } },
{ "type": "Feature", "properties": { "id": 35559, "nach": 0.58118066069346075 }, "geometry": { "type": "LineString", "coordinates": [ [ -0.752013139896331, 51.628266874788771 ], [ -0.7519303, 51.6282233 ] ] } },
{ "type": "Feature", "properties": { "id": 35558, "nach": 0.55346060009755815 }, "geometry": { "type": "LineString", "coordinates": [ [ -0.7519303, 51.6282233 ], [ -0.751978426786407, 51.628272522006057 ] ] } },
{ "type": "Feature", "properties": { "id": 139805, "nach": 0.57317392717675753 }, "geometry": { "type": "LineString", "coordinates": [ [ -0.753718832986707, 51.629888755811642 ], [ -0.7524328, 51.6287084 ] ] } },
{ "type": "Feature", "properties": { "id": 35558, "nach": 0.55346060009755815 }, "geometry": { "type": "LineString", "coordinates": [ [ -0.751978426786407, 51.628272522006057 ], [ -0.7524328, 51.6287084 ] ] } },
{ "type": "Feature", "properties": { "id": 284197, "nach": 0.55609520860938744 }, "geometry": { "type": "LineString", "coordinates": [ [ -0.7625605, 51.6314578 ], [ -0.7626806, 51.6312755 ] ] } },
{ "type": "Feature", "properties": { "id": 35564, "nach": 0.4192502261553665 }, "geometry": { "type": "LineString", "coordinates": [ [ -0.763524, 51.6314916 ], [ -0.7626806, 51.6312755 ] ] } },
{ "type": "Feature", "properties": { "id": 86602, "nach": 0.50188088280314225 }, "geometry": { "type": "LineString", "coordinates": [ [ -0.7624373, 51.631229600000012 ], [ -0.7626806, 51.6312755 ] ] } },
{ "type": "Feature", "properties": { "id": 36458, "nach": 0.56994223163882896 }, "geometry": { "type": "LineString", "coordinates": [ [ -0.762823, 51.6310305 ], [ -0.7627977, 51.631074 ], [ -0.7626806, 51.6312755 ] ] } },
{ "type": "Feature", "properties": { "id": 284200, "nach": 0.42708948219035853 }, "geometry": { "type": "LineString", "coordinates": [ [ -0.7627699, 51.6315681 ], [ -0.7628041, 51.631509200000018 ], [ -0.7625605, 51.6314578 ] ] } },
{ "type": "Feature", "properties": { "id": 86603, "nach": 0.53469640404561913 }, "geometry": { "type": "LineString", "coordinates": [ [ -0.7624373, 51.631229600000012 ], [ -0.7612255, 51.6309602 ] ] } },
{ "type": "Feature", "properties": { "id": 144117, "nach": 0.5520120965815648 }, "geometry": { "type": "LineString", "coordinates": [ [ -0.7628288, 51.6310193 ], [ -0.762823, 51.6310305 ] ] } },
{ "type": "Feature", "properties": { "id": 237618, "nach": 0.5454773687553004 }, "geometry": { "type": "LineString", "coordinates": [ [ -0.762901, 51.6310487 ], [ -0.762823, 51.6310305 ] ] } },
{ "type": "Feature", "properties": { "id": 36450, "nach": 0.57732463313210047 }, "geometry": { "type": "LineString", "coordinates": [ [ -0.7648847, 51.6320938 ], [ -0.7649928, 51.6320839 ], [ -0.7650957, 51.6321058 ], [ -0.7653976, 51.6322397 ], [ -0.765947, 51.6324647 ] ] } },
{ "type": "Feature", "properties": { "id": 36992, "nach": 0.56841916520486524 }, "geometry": { "type": "LineString", "coordinates": [ [ -0.7662855, 51.632607400000019 ], [ -0.7660819, 51.6325193 ], [ -0.765947, 51.6324647 ] ] } },
{ "type": "Feature", "properties": { "id": 35567, "nach": 0.51596582391444024 }, "geometry": { "type": "LineString", "coordinates": [ [ -0.765947, 51.6324647 ], [ -0.7662444, 51.632188600000013 ], [ -0.7662865, 51.6321689 ] ] } },
{ "type": "Feature", "properties": { "id": 144115, "nach": 0.5661242378856749 }, "geometry": { "type": "LineString", "coordinates": [ [ -0.7648069, 51.6320003 ], [ -0.7648222, 51.6320126 ], [ -0.7648847, 51.6320938 ] ] } },
{ "type": "Feature", "properties": { "id": 36991, "nach": 0.49893266975019862 }, "geometry": { "type": "LineString", "coordinates": [ [ -0.7662855, 51.632607400000019 ], [ -0.76609, 51.6327845 ] ] } },
{ "type": "Feature", "properties": { "id": 284284, "nach": 0.46601980452809832 }, "geometry": { "type": "LineString", "coordinates": [ [ -0.7662865, 51.6321689 ], [ -0.7662844, 51.6321261 ] ] } },
{ "type": "Feature", "properties": { "id": 284283, "nach": 0.4612424374965774 }, "geometry": { "type": "LineString", "coordinates": [ [ -0.7662865, 51.6321689 ], [ -0.7663289, 51.632149 ] ] } },
{ "type": "Feature", "properties": { "id": 237622, "nach": 0.42506306460437493 }, "geometry": { "type": "LineString", "coordinates": [ [ -0.7663288, 51.6321194 ], [ -0.7663289, 51.632149 ] ] } },
{ "type": "Feature", "properties": { "id": 237628, "nach": 0.0 }, "geometry": { "type": "LineString", "coordinates": [ [ -0.7669645, 51.631416 ], [ -0.7673982, 51.631586399999989 ], [ -0.7678831, 51.6317809 ], [ -0.7682954, 51.631944500000017 ], [ -0.7685944, 51.6320604 ], [ -0.7686236, 51.632078 ], [ -0.7686378, 51.6321016 ], [ -0.7686334, 51.6321324 ], [ -0.7685927, 51.632173 ], [ -0.7685263, 51.6322323 ], [ -0.7684148, 51.6323339 ], [ -0.7683334, 51.6324152 ], [ -0.7682388, 51.6325217 ], [ -0.7681282, 51.632649700000016 ], [ -0.76807420000001, 51.6327129 ], [ -0.7680494, 51.6327315 ], [ -0.7680317, 51.6327392 ], [ -0.7680184, 51.6327425 ], [ -0.7679884, 51.6327299 ], [ -0.7679689, 51.632718900000015 ], [ -0.7678017, 51.63264310000001 ], [ -0.7674053, 51.6324805 ], [ -0.767062, 51.632344299999986 ], [ -0.7667895, 51.6322285 ], [ -0.7665913, 51.6321505 ], [ -0.7665355, 51.6321335 ], [ -0.7664869, 51.6321241 ], [ -0.7663922, 51.632118100000014 ], [ -0.7663288, 51.6321194 ] ] } },
{ "type": "Feature", "properties": { "id": 284281, "nach": 0.32519795717426153 }, "geometry": { "type": "LineString", "coordinates": [ [ -0.7662844, 51.6321261 ], [ -0.7663126, 51.6321197 ], [ -0.7663288, 51.6321194 ] ] } },
{ "type": "Feature", "properties": { "id": 179788, "nach": 0.43232370714077595 }, "geometry": { "type": "LineString", "coordinates": [ [ -0.747468, 51.626744500000015 ], [ -0.7475096, 51.6267463 ], [ -0.7477301, 51.626754 ], [ -0.7481056, 51.6267423 ], [ -0.74839, 51.626734 ], [ -0.7485733, 51.6266812 ], [ -0.7490619, 51.6266604 ] ] } },
{ "type": "Feature", "properties": { "id": 180109, "nach": 0.48454325857777253 }, "geometry": { "type": "LineString", "coordinates": [ [ -0.7479741, 51.6268935 ], [ -0.7479496, 51.6268476 ], [ -0.7478972, 51.6268207 ], [ -0.7476994, 51.6267805 ], [ -0.7475464, 51.62676 ], [ -0.747468, 51.626744500000015 ] ] } },
{ "type": "Feature", "properties": { "id": 36891, "nach": 0.51769604763479027 }, "geometry": { "type": "LineString", "coordinates": [ [ -0.7473589, 51.626983400000022 ], [ -0.7479435, 51.6268986 ], [ -0.7479741, 51.6268935 ] ] } },
{ "type": "Feature", "properties": { "id": 36893, "nach": 0.52045084430107869 }, "geometry": { "type": "LineString", "coordinates": [ [ -0.7454895, 51.6272729 ], [ -0.74611, 51.6271694 ], [ -0.7473589, 51.626983400000022 ] ] } },
{ "type": "Feature", "properties": { "id": 183096, "nach": 0.43896692962892053 }, "geometry": { "type": "LineString", "coordinates": [ [ -0.7502278, 51.6266638 ], [ -0.7501404, 51.6266527 ], [ -0.7495627, 51.6266444 ], [ -0.7490619, 51.6266604 ] ] } },
{ "type": "Feature", "properties": { "id": 75602, "nach": 0.49410866784538204 }, "geometry": { "type": "LineString", "coordinates": [ [ -0.7490619, 51.6266604 ], [ -0.74910181508552, 51.626815308721788 ] ] } },
{ "type": "Feature", "properties": { "id": 180112, "nach": 0.53459670974793883 }, "geometry": { "type": "LineString", "coordinates": [ [ -0.7480167, 51.6269783 ], [ -0.7480238, 51.62699460000001 ], [ -0.7487368, 51.6268867 ], [ -0.7488556, 51.6269203 ], [ -0.7489077, 51.6269255 ], [ -0.7491679, 51.6270105 ], [ -0.7494575, 51.6271187 ], [ -0.7495782, 51.627175300000012 ] ] } },
{ "type": "Feature", "properties": { "id": 75602, "nach": 0.49410866784538204 }, "geometry": { "type": "LineString", "coordinates": [ [ -0.749076553414562, 51.626717269379505 ], [ -0.7495782, 51.627175300000012 ] ] } },
{ "type": "Feature", "properties": { "id": 183095, "nach": 0.57161146939247387 }, "geometry": { "type": "LineString", "coordinates": [ [ -0.7502278, 51.6266638 ], [ -0.7502305, 51.6266359 ], [ -0.7502335, 51.626561100000011 ] ] } },
{ "type": "Feature", "properties": { "id": 139784, "nach": 0.61138976978559689 }, "geometry": { "type": "LineString", "coordinates": [ [ -0.7505022, 51.6302181 ], [ -0.7499243, 51.6301634 ] ] } },
{ "type": "Feature", "properties": { "id": 37386, "nach": 0.63103003512405587 }, "geometry": { "type": "LineString", "coordinates": [ [ -0.7498495, 51.630154600000012 ], [ -0.7499243, 51.6301634 ] ] } },
{ "type": "Feature", "properties": { "id": 139762, "nach": 0.55228561424021383 }, "geometry": { "type": "LineString", "coordinates": [ [ -0.7507832, 51.629723200000022 ], [ -0.7506603, 51.6297162 ], [ -0.7503811, 51.629732 ], [ -0.7503075, 51.6297456 ], [ -0.7502538, 51.6297781 ], [ -0.7501982, 51.6298285 ], [ -0.7501066, 51.62994170000001 ], [ -0.7499364, 51.6300893 ], [ -0.7499243, 51.6301634 ] ] } },
{ "type": "Feature", "properties": { "id": 139786, "nach": 0.61298641116235075 }, "geometry": { "type": "LineString", "coordinates": [ [ -0.7505022, 51.6302181 ], [ -0.7506059, 51.6302279 ], [ -0.7506767, 51.6302304 ] ] } },
{ "type": "Feature", "properties": { "id": 139785, "nach": 0.44903168880592526 }, "geometry": { "type": "LineString", "coordinates": [ [ -0.7505022, 51.6302181 ], [ -0.7506081, 51.6300324 ] ] } },
{ "type": "Feature", "properties": { "id": 37388, "nach": 0.59278405910525978 }, "geometry": { "type": "LineString", "coordinates": [ [ -0.7498495, 51.630154600000012 ], [ -0.7498169, 51.6302022 ], [ -0.7497485, 51.6303021 ], [ -0.7494254, 51.6306981 ], [ -0.7494006, 51.6307253 ], [ -0.7493208, 51.630830400000015 ], [ -0.7493012, 51.63085430000001 ], [ -0.7492422, 51.6309045 ] ] } },
{ "type": "Feature", "properties": { "id": 137260, "nach": 0.5997832052896972 }, "geometry": { "type": "LineString", "coordinates": [ [ -0.7494274, 51.6300812 ], [ -0.7496463, 51.6301243 ], [ -0.7498495, 51.630154600000012 ] ] } },
{ "type": "Feature", "properties": { "id": 139761, "nach": 0.5621744356737266 }, "geometry": { "type": "LineString", "coordinates": [ [ -0.7507832, 51.629723200000022 ], [ -0.7508281, 51.629725800000017 ], [ -0.7508857, 51.6297323 ] ] } },
{ "type": "Feature", "properties": { "id": 139764, "nach": 0.44996937486224614 }, "geometry": { "type": "LineString", "coordinates": [ [ -0.7506444, 51.6297789 ], [ -0.7507604, 51.6297369 ], [ -0.7507832, 51.629723200000022 ] ] } },
{ "type": "Feature", "properties": { "id": 137355, "nach": 0.5455120207004267 }, "geometry": { "type": "LineString", "coordinates": [ [ -0.7504328, 51.627707600000015 ], [ -0.7500906, 51.6275733 ], [ -0.7495379, 51.6273169 ] ] } },
{ "type": "Feature", "properties": { "id": 179879, "nach": 0.56160546086053842 }, "geometry": { "type": "LineString", "coordinates": [ [ -0.7504162, 51.6277841 ], [ -0.7504251, 51.6277334 ], [ -0.7504328, 51.627707600000015 ] ] } },
{ "type": "Feature", "properties": { "id": 179878, "nach": 0.35223508200752562 }, "geometry": { "type": "LineString", "coordinates": [ [ -0.7509846, 51.6283001 ], [ -0.7509751, 51.628271 ], [ -0.7509684, 51.6282128 ], [ -0.7509107, 51.628117 ], [ -0.7508729, 51.6280797 ] ] } },
{ "type": "Feature", "properties": { "id": 179876, "nach": 0.55952441151626053 }, "geometry": { "type": "LineString", "coordinates": [ [ -0.7509846, 51.6283001 ], [ -0.7509604, 51.6282846 ] ] } },
{ "type": "Feature", "properties": { "id": 35702, "nach": 0.56403652484981937 }, "geometry": { "type": "LineString", "coordinates": [ [ -0.7499006, 51.6289052 ], [ -0.7502278, 51.6284506 ] ] } },
{ "type": "Feature", "properties": { "id": 144125, "nach": 0.51324900870405754 }, "geometry": { "type": "LineString", "coordinates": [ [ -0.7495715, 51.628121 ], [ -0.7496956, 51.6281811 ], [ -0.7501076, 51.6283752 ], [ -0.7502278, 51.6284506 ] ] } },
{ "type": "Feature", "properties": { "id": 137424, "nach": 0.44893813187549575 }, "geometry": { "type": "LineString", "coordinates": [ [ -0.7505907, 51.627992200000016 ], [ -0.7504229, 51.6281117 ], [ -0.7501099, 51.628349 ], [ -0.7500999, 51.628356599999982 ], [ -0.750242, 51.6284286 ], [ -0.7502278, 51.6284506 ] ] } },
{ "type": "Feature", "properties": { "id": 71073, "nach": 0.59954761647944277 }, "geometry": { "type": "LineString", "coordinates": [ [ -0.7508505, 51.6292188 ], [ -0.7507659, 51.6291861 ], [ -0.7499006, 51.6289052 ] ] } },
{ "type": "Feature", "properties": { "id": 144126, "nach": 0.43756938989708433 }, "geometry": { "type": "LineString", "coordinates": [ [ -0.7495715, 51.628121 ], [ -0.7494347, 51.6281693 ], [ -0.7493153, 51.6283474 ] ] } },
{ "type": "Feature", "properties": { "id": 137422, "nach": 0.54808604845101228 }, "geometry": { "type": "LineString", "coordinates": [ [ -0.7505907, 51.627992200000016 ], [ -0.7507975, 51.6281308 ] ] } },
{ "type": "Feature", "properties": { "id": 179880, "nach": 0.54876113691645467 }, "geometry": { "type": "LineString", "coordinates": [ [ -0.7504162, 51.6277841 ], [ -0.750415, 51.62779110000001 ], [ -0.7504646, 51.627907900000011 ], [ -0.7505354, 51.6279652 ], [ -0.7505907, 51.627992200000016 ] ] } },
{ "type": "Feature", "properties": { "id": 35699, "nach": 0.50302299816125828 }, "geometry": { "type": "LineString", "coordinates": [ [ -0.7486555, 51.6280269 ], [ -0.7491203, 51.6282157 ] ] } },
{ "type": "Feature", "properties": { "id": 116047, "nach": 0.48470511871925953 }, "geometry": { "type": "LineString", "coordinates": [ [ -0.7488961, 51.6285389 ], [ -0.7489138, 51.6285125 ], [ -0.7489723, 51.628425 ], [ -0.7490476, 51.628310399999989 ], [ -0.7491203, 51.6282157 ] ] } },
{ "type": "Feature", "properties": { "id": 137366, "nach": 0.61535632603230672 }, "geometry": { "type": "LineString", "coordinates": [ [ -0.7488344, 51.627866 ], [ -0.7486555, 51.6280269 ] ] } },
{ "type": "Feature", "properties": { "id": 116049, "nach": 0.44855616368078138 }, "geometry": { "type": "LineString", "coordinates": [ [ -0.7484463, 51.6283849 ], [ -0.7485335, 51.6284375 ], [ -0.7488961, 51.6285389 ] ] } },
{ "type": "Feature", "properties": { "id": 137368, "nach": 0.50034663649006983 }, "geometry": { "type": "LineString", "coordinates": [ [ -0.7488344, 51.627866 ], [ -0.7487453, 51.627833 ], [ -0.7485682, 51.627780600000015 ] ] } },
{ "type": "Feature", "properties": { "id": 71065, "nach": 0.0 }, "geometry": { "type": "LineString", "coordinates": [ [ -0.7509629, 51.629521 ], [ -0.7509334, 51.6295458 ], [ -0.7508904, 51.6295618 ], [ -0.7508412, 51.6295685 ], [ -0.7507925, 51.6295645 ], [ -0.750748, 51.6295504 ], [ -0.7507148, 51.6295277 ], [ -0.7506943, 51.6294994 ], [ -0.7506926, 51.6294696 ], [ -0.750706, 51.6294397 ], [ -0.7508505, 51.6292188 ] ] } },
{ "type": "Feature", "properties": { "id": 137262, "nach": 0.45125591883112981 }, "geometry": { "type": "LineString", "coordinates": [ [ -0.7493938, 51.6301402 ], [ -0.7494274, 51.6300812 ] ] } },
{ "type": "Feature", "properties": { "id": 35714, "nach": 0.60524282083111502 }, "geometry": { "type": "LineString", "coordinates": [ [ -0.751432, 51.6299687 ], [ -0.7514199, 51.629912 ], [ -0.7514131, 51.6298402 ], [ -0.7514123, 51.6297296 ] ] } },
{ "type": "Feature", "properties": { "id": 71067, "nach": 0.45935095064294262 }, "geometry": { "type": "LineString", "coordinates": [ [ -0.7508819, 51.629663200000024 ], [ -0.7511841, 51.6296994 ], [ -0.7512975, 51.6297136 ], [ -0.7514123, 51.6297296 ] ] } },
{ "type": "Feature", "properties": { "id": 139774, "nach": 0.61204659310290832 }, "geometry": { "type": "LineString", "coordinates": [ [ -0.7514915, 51.6301181 ], [ -0.7514734, 51.6300975 ], [ -0.751432, 51.6299687 ] ] } },
{ "type": "Feature", "properties": { "id": 139782, "nach": 0.52438089435382262 }, "geometry": { "type": "LineString", "coordinates": [ [ -0.7512237, 51.6299716 ], [ -0.7513189, 51.6299703 ], [ -0.7513372, 51.62997 ], [ -0.751432, 51.6299687 ] ] } },
{ "type": "Feature", "properties": { "id": 71066, "nach": 0.55595432496843566 }, "geometry": { "type": "LineString", "coordinates": [ [ -0.7508819, 51.629663200000024 ], [ -0.7509629, 51.629521 ] ] } },
{ "type": "Feature", "properties": { "id": 137862, "nach": 0.56879812149359132 }, "geometry": { "type": "LineString", "coordinates": [ [ -0.7508857, 51.6297323 ], [ -0.7508858, 51.629709400000017 ], [ -0.7508829, 51.6296755 ], [ -0.7508819, 51.629663200000024 ] ] } },
{ "type": "Feature", "properties": { "id": 139775, "nach": 0.61863882138195714 }, "geometry": { "type": "LineString", "coordinates": [ [ -0.7514915, 51.6301181 ], [ -0.751519, 51.6301495 ], [ -0.7515732, 51.63018790000001 ] ] } },
{ "type": "Feature", "properties": { "id": 139776, "nach": 0.49346330527525345 }, "geometry": { "type": "LineString", "coordinates": [ [ -0.7514915, 51.6301181 ], [ -0.75136, 51.6301181 ], [ -0.7513223, 51.6301181 ], [ -0.7512794, 51.630118100000011 ] ] } },
{ "type": "Feature", "properties": { "id": 139781, "nach": 0.49999881333944285 }, "geometry": { "type": "LineString", "coordinates": [ [ -0.7512237, 51.6299716 ], [ -0.7512113, 51.629905 ], [ -0.7511687, 51.62984010000001 ], [ -0.7511102, 51.6297944 ], [ -0.7510201, 51.6297604 ], [ -0.7509147, 51.6297356 ], [ -0.7508857, 51.6297323 ] ] } },
{ "type": "Feature", "properties": { "id": 139780, "nach": 0.479248838246429 }, "geometry": { "type": "LineString", "coordinates": [ [ -0.7512237, 51.6299716 ], [ -0.7511821, 51.630039900000014 ], [ -0.7511157, 51.6300686 ] ] } },
{ "type": "Feature", "properties": { "id": 36619, "nach": 0.52058149290921374 }, "geometry": { "type": "LineString", "coordinates": [ [ -0.7529722, 51.6302664 ], [ -0.7529832, 51.6300558 ] ] } },
{ "type": "Feature", "properties": { "id": 35728, "nach": 0.59353092064194801 }, "geometry": { "type": "LineString", "coordinates": [ [ -0.7535442, 51.629947 ], [ -0.7534634, 51.6299793 ], [ -0.7533668, 51.6300141 ], [ -0.7532783, 51.6300232 ], [ -0.7531887, 51.6300301 ], [ -0.7529832, 51.6300558 ] ] } },
{ "type": "Feature", "properties": { "id": 36638, "nach": 0.58221297247774151 }, "geometry": { "type": "LineString", "coordinates": [ [ -0.7526209, 51.6300482 ], [ -0.7527075, 51.63006 ], [ -0.7527927, 51.6300668 ], [ -0.7528895, 51.63006630000001 ], [ -0.7529832, 51.6300558 ] ] } },
{ "type": "Feature", "properties": { "id": 36618, "nach": 0.50571096021899364 }, "geometry": { "type": "LineString", "coordinates": [ [ -0.7529722, 51.6302664 ], [ -0.7528624, 51.6307505 ] ] } },
{ "type": "Feature", "properties": { "id": 115946, "nach": 0.40365149110101317 }, "geometry": { "type": "LineString", "coordinates": [ [ -0.7536798, 51.6309233 ], [ -0.753743, 51.6307015 ], [ -0.7537277, 51.6305933 ], [ -0.7534345, 51.6303228 ], [ -0.7529722, 51.6302664 ] ] } },
{ "type": "Feature", "properties": { "id": 115931, "nach": 0.48753503777844087 }, "geometry": { "type": "LineString", "coordinates": [ [ -0.7539579, 51.6303405 ], [ -0.7535442, 51.629947 ] ] } },
{ "type": "Feature", "properties": { "id": 137249, "nach": 0.59890383147684523 }, "geometry": { "type": "LineString", "coordinates": [ [ -0.753584, 51.6299337 ], [ -0.7535442, 51.629947 ] ] } },
{ "type": "Feature", "properties": { "id": 36640, "nach": 0.58328832919419615 }, "geometry": { "type": "LineString", "coordinates": [ [ -0.7524392, 51.6304011 ], [ -0.7524938, 51.6303628 ], [ -0.7525325, 51.6303247 ], [ -0.752568, 51.6302522 ], [ -0.7526105, 51.6301365 ], [ -0.7526209, 51.6300482 ] ] } },
{ "type": "Feature", "properties": { "id": 115933, "nach": 0.48119604107031477 }, "geometry": { "type": "LineString", "coordinates": [ [ -0.7539579, 51.6303405 ], [ -0.7542762, 51.6306374 ], [ -0.75428, 51.630693800000017 ], [ -0.7540805, 51.6309571 ] ] } },
{ "type": "Feature", "properties": { "id": 115934, "nach": 0.44661961902950992 }, "geometry": { "type": "LineString", "coordinates": [ [ -0.7539104, 51.6303628 ], [ -0.7539579, 51.6303405 ] ] } },
{ "type": "Feature", "properties": { "id": 137253, "nach": 0.44445887579704513 }, "geometry": { "type": "LineString", "coordinates": [ [ -0.752943, 51.629375600000017 ], [ -0.753584, 51.6299337 ] ] } },
{ "type": "Feature", "properties": { "id": 137250, "nach": 0.69540270061927378 }, "geometry": { "type": "LineString", "coordinates": [ [ -0.753584, 51.6299337 ], [ -0.753605289553821, 51.629926603520381 ] ] } },
{ "type": "Feature", "properties": { "id": 111863, "nach": 0.56011309375307705 }, "geometry": { "type": "LineString", "coordinates": [ [ -0.7551319, 51.630415900000017 ], [ -0.7550757, 51.6304442 ] ] } },
{ "type": "Feature", "properties": { "id": 35730, "nach": 0.52578433908714917 }, "geometry": { "type": "LineString", "coordinates": [ [ -0.7550757, 51.6304442 ], [ -0.7549436, 51.630507 ], [ -0.7548266, 51.6306699 ] ] } },
{ "type": "Feature", "properties": { "id": 137241, "nach": 0.52602003188819701 }, "geometry": { "type": "LineString", "coordinates": [ [ -0.755058, 51.630436200000013 ], [ -0.7550757, 51.6304442 ] ] } },
{ "type": "Feature", "properties": { "id": 115966, "nach": 0.5370833897033167 }, "geometry": { "type": "LineString", "coordinates": [ [ -0.7540993, 51.629761799999983 ], [ -0.7542989, 51.62994 ], [ -0.7546757, 51.6301498 ], [ -0.7550029, 51.630327899999983 ], [ -0.755097, 51.6303992 ], [ -0.7551319, 51.630415900000017 ] ] } },
{ "type": "Feature", "properties": { "id": 145852, "nach": 0.57177692966807925 }, "geometry": { "type": "LineString", "coordinates": [ [ -0.7557334, 51.6307651 ], [ -0.7554413, 51.6305991 ], [ -0.7551816, 51.6304477 ], [ -0.7551319, 51.630415900000017 ] ] } },
{ "type": "Feature", "properties": { "id": 111867, "nach": 0.43605814449352159 }, "geometry": { "type": "LineString", "coordinates": [ [ -0.7554833, 51.6298282 ], [ -0.7557515, 51.629978 ], [ -0.7557327, 51.6300229 ], [ -0.7552414, 51.6303553 ], [ -0.7551319, 51.630415900000017 ] ] } },
{ "type": "Feature", "properties": { "id": 35732, "nach": 0.52163348668655174 }, "geometry": { "type": "LineString", "coordinates": [ [ -0.7547296, 51.6305124 ], [ -0.7548112, 51.6304786 ], [ -0.7550056, 51.6304361 ], [ -0.755058, 51.630436200000013 ] ] } },
{ "type": "Feature", "properties": { "id": 35733, "nach": 0.47445386315407512 }, "geometry": { "type": "LineString", "coordinates": [ [ -0.7547296, 51.6305124 ], [ -0.7545981, 51.6303326 ], [ -0.7541963, 51.6299991 ] ] } },
{ "type": "Feature", "properties": { "id": 35735, "nach": 0.0 }, "geometry": { "type": "LineString", "coordinates": [ [ -0.7541963, 51.6299991 ], [ -0.7540659, 51.6298633 ], [ -0.7541715, 51.629771800000015 ], [ -0.7542707, 51.6299799 ], [ -0.7545242, 51.630208 ], [ -0.7545711, 51.6302447 ], [ -0.7546543, 51.6302721 ], [ -0.754952, 51.6303387 ], [ -0.7550432, 51.630382 ], [ -0.7550646, 51.630417799999989 ], [ -0.755058, 51.630436200000013 ] ] } },
{ "type": "Feature", "properties": { "id": 35734, "nach": 0.54049481121543286 }, "geometry": { "type": "LineString", "coordinates": [ [ -0.753197768882991, 51.629307152465223 ], [ -0.7541963, 51.6299991 ] ] } },
{ "type": "Feature", "properties": { "id": 84251, "nach": 0.62287205485463082 }, "geometry": { "type": "LineString", "coordinates": [ [ -0.7540826, 51.6309961 ], [ -0.754213, 51.6309686 ] ] } },
{ "type": "Feature", "properties": { "id": 35754, "nach": 0.40610028872751747 }, "geometry": { "type": "LineString", "coordinates": [ [ -0.7572814, 51.627253 ], [ -0.7583629, 51.6277591 ] ] } },
{ "type": "Feature", "properties": { "id": 76241, "nach": 0.51041220155192468 }, "geometry": { "type": "LineString", "coordinates": [ [ -0.7580668, 51.6280202 ], [ -0.7583629, 51.6277591 ] ] } },
{ "type": "Feature", "properties": { "id": 35740, "nach": 0.48783661534607475 }, "geometry": { "type": "LineString", "coordinates": [ [ -0.7585002, 51.6276686 ], [ -0.7583629, 51.6277591 ] ] } },
{ "type": "Feature", "properties": { "id": 76243, "nach": 0.51645650392532028 }, "geometry": { "type": "LineString", "coordinates": [ [ -0.7580668, 51.6280202 ], [ -0.7584167, 51.628149600000015 ], [ -0.7593361, 51.6283615 ], [ -0.7594189, 51.6283691 ], [ -0.7594863, 51.6283757 ], [ -0.7597303, 51.6284124 ], [ -0.7598154, 51.6284187 ] ] } },
{ "type": "Feature", "properties": { "id": 189034, "nach": 0.55800900411065024 }, "geometry": { "type": "LineString", "coordinates": [ [ -0.75795760000001, 51.6281029 ], [ -0.7580668, 51.6280202 ] ] } },
{ "type": "Feature", "properties": { "id": 35755, "nach": 0.40279793585118678 }, "geometry": { "type": "LineString", "coordinates": [ [ -0.7575818, 51.627050499999989 ], [ -0.7578221, 51.6271784 ], [ -0.7578736, 51.6273649 ], [ -0.7585002, 51.6276686 ] ] } },
{ "type": "Feature", "properties": { "id": 35757, "nach": 0.46485317626841755 }, "geometry": { "type": "LineString", "coordinates": [ [ -0.7590941, 51.6274196 ], [ -0.758792, 51.6274821 ], [ -0.7586461, 51.6275993 ], [ -0.7585691, 51.6276401 ], [ -0.7585002, 51.6276686 ] ] } },
{ "type": "Feature", "properties": { "id": 37032, "nach": 0.43204975892280989 }, "geometry": { "type": "LineString", "coordinates": [ [ -0.7599577, 51.6279714 ], [ -0.7593326, 51.6276408 ], [ -0.7590941, 51.6274196 ] ] } },
{ "type": "Feature", "properties": { "id": 175932, "nach": 0.56346465200633344 }, "geometry": { "type": "LineString", "coordinates": [ [ -0.7570201, 51.6283357 ], [ -0.7573326, 51.628361299999987 ], [ -0.7575855, 51.628387700000012 ] ] } },
{ "type": "Feature", "properties": { "id": 37016, "nach": 0.4340750225680105 }, "geometry": { "type": "LineString", "coordinates": [ [ -0.7619348, 51.629304500000011 ], [ -0.760845, 51.629076400000017 ], [ -0.7575855, 51.628387700000012 ] ] } },
{ "type": "Feature", "properties": { "id": 189036, "nach": 0.5747419453291599 }, "geometry": { "type": "LineString", "coordinates": [ [ -0.75795760000001, 51.6281029 ], [ -0.757908, 51.6281428 ], [ -0.7575855, 51.628387700000012 ] ] } },
{ "type": "Feature", "properties": { "id": 35752, "nach": 0.51896751050851109 }, "geometry": { "type": "LineString", "coordinates": [ [ -0.7576286, 51.6292825 ], [ -0.7574864, 51.6291563 ], [ -0.7572439, 51.6290689 ], [ -0.7570181, 51.6290172 ], [ -0.7569681, 51.6289767 ], [ -0.7569712, 51.6289201 ], [ -0.7570282, 51.628871 ], [ -0.7574445, 51.6285583 ], [ -0.7575389, 51.628446500000017 ], [ -0.7575855, 51.628387700000012 ] ] } },
{ "type": "Feature", "properties": { "id": 175942, "nach": 0.54280236179031438 }, "geometry": { "type": "LineString", "coordinates": [ [ -0.7566802, 51.629042 ], [ -0.7567631, 51.6289674 ], [ -0.7568896, 51.628825 ], [ -0.7569781, 51.6285285 ], [ -0.757025, 51.6283726 ], [ -0.7570201, 51.6283357 ] ] } },
{ "type": "Feature", "properties": { "id": 175824, "nach": 0.54326485542547398 }, "geometry": { "type": "LineString", "coordinates": [ [ -0.7617312, 51.6298108 ], [ -0.7619348, 51.629304500000011 ] ] } },
{ "type": "Feature", "properties": { "id": 37038, "nach": 0.54565036444244819 }, "geometry": { "type": "LineString", "coordinates": [ [ -0.7621424, 51.62891110000001 ], [ -0.7619348, 51.629304500000011 ] ] } },
{ "type": "Feature", "properties": { "id": 189037, "nach": 0.48485566693839011 }, "geometry": { "type": "LineString", "coordinates": [ [ -0.7575302, 51.6279076 ], [ -0.75795760000001, 51.6281029 ] ] } },
{ "type": "Feature", "properties": { "id": 284603, "nach": 0.53348342653319769 }, "geometry": { "type": "LineString", "coordinates": [ [ -0.7577221, 51.6294293 ], [ -0.7576286, 51.6292825 ] ] } },
{ "type": "Feature", "properties": { "id": 37019, "nach": 0.39873540338683261 }, "geometry": { "type": "LineString", "coordinates": [ [ -0.7615824, 51.6301971 ], [ -0.7600021, 51.629788 ], [ -0.7592811, 51.6296121 ], [ -0.7586545, 51.6294576 ], [ -0.757985, 51.629292500000012 ], [ -0.7577104, 51.6292392 ], [ -0.7576286, 51.6292825 ] ] } },
{ "type": "Feature", "properties": { "id": 175943, "nach": 0.52719872265777867 }, "geometry": { "type": "LineString", "coordinates": [ [ -0.7573958, 51.6298399 ], [ -0.7574702, 51.6297944 ] ] } },
{ "type": "Feature", "properties": { "id": 144037, "nach": 0.54954917721234831 }, "geometry": { "type": "LineString", "coordinates": [ [ -0.7577297, 51.629441300000011 ], [ -0.7577618, 51.6294917 ], [ -0.7577947, 51.6295954 ], [ -0.7578024, 51.6296198 ], [ -0.757732, 51.6296956 ], [ -0.7576126, 51.6297534 ], [ -0.7574702, 51.6297944 ] ] } },
{ "type": "Feature", "properties": { "id": 116020, "nach": 0.51292211918632991 }, "geometry": { "type": "LineString", "coordinates": [ [ -0.7571858, 51.6296161 ], [ -0.7573553, 51.629739 ], [ -0.7574702, 51.6297944 ] ] } },
{ "type": "Feature", "properties": { "id": 116022, "nach": 0.45646135601246773 }, "geometry": { "type": "LineString", "coordinates": [ [ -0.7582094, 51.630591600000017 ], [ -0.7581558, 51.6305502 ], [ -0.7580727, 51.6305219 ], [ -0.7579923, 51.6304436 ], [ -0.7578877, 51.6303437 ], [ -0.7576968, 51.6301934 ], [ -0.757562, 51.6300464 ], [ -0.7575229, 51.6298809 ], [ -0.7574702, 51.6297944 ] ] } },
{ "type": "Feature", "properties": { "id": 116000, "nach": 0.47777202596071577 }, "geometry": { "type": "LineString", "coordinates": [ [ -0.75715, 51.629632 ], [ -0.7573003, 51.629756 ], [ -0.7573958, 51.6298399 ] ] } },
{ "type": "Feature", "properties": { "id": 284604, "nach": 0.54597842253780515 }, "geometry": { "type": "LineString", "coordinates": [ [ -0.7577221, 51.6294293 ], [ -0.7577297, 51.629441300000011 ] ] } },
{ "type": "Feature", "properties": { "id": 144122, "nach": 0.41909194415521484 }, "geometry": { "type": "LineString", "coordinates": [ [ -0.7614323, 51.6305886 ], [ -0.7608891, 51.6304902 ], [ -0.7603593, 51.6303829 ], [ -0.7599436, 51.630274600000014 ], [ -0.7595587, 51.6301814 ], [ -0.7586628, 51.62989 ], [ -0.7583758, 51.6297152 ], [ -0.7580392, 51.6295754 ], [ -0.757834, 51.62946130000001 ], [ -0.7577297, 51.629441300000011 ] ] } },
{ "type": "Feature", "properties": { "id": 116018, "nach": 0.48887642769007567 }, "geometry": { "type": "LineString", "coordinates": [ [ -0.7571858, 51.6296161 ], [ -0.75715, 51.629632 ] ] } },
{ "type": "Feature", "properties": { "id": 175936, "nach": 0.47980034214782669 }, "geometry": { "type": "LineString", "coordinates": [ [ -0.7566207, 51.6292773 ], [ -0.7569268, 51.6294493 ], [ -0.7571858, 51.6296161 ] ] } },
{ "type": "Feature", "properties": { "id": 116021, "nach": 0.55252731590723747 }, "geometry": { "type": "LineString", "coordinates": [ [ -0.7582094, 51.630591600000017 ], [ -0.7581411, 51.6306332 ] ] } },
{ "type": "Feature", "properties": { "id": 116023, "nach": 0.55726989131920135 }, "geometry": { "type": "LineString", "coordinates": [ [ -0.7582094, 51.630591600000017 ], [ -0.75827, 51.6305553 ], [ -0.7582899, 51.6305422 ], [ -0.7583253, 51.6305062 ], [ -0.7585636, 51.6302646 ] ] } },
{ "type": "Feature", "properties": { "id": 284606, "nach": 0.4259810706938052 }, "geometry": { "type": "LineString", "coordinates": [ [ -0.7569954, 51.6292116 ], [ -0.7574839, 51.6295145 ], [ -0.7575148, 51.6294946 ], [ -0.7575562, 51.629468 ], [ -0.7577221, 51.6294293 ] ] } },
{ "type": "Feature", "properties": { "id": 175825, "nach": 0.54931740272905416 }, "geometry": { "type": "LineString", "coordinates": [ [ -0.7617312, 51.6298108 ], [ -0.7615824, 51.6301971 ] ] } },
{ "type": "Feature", "properties": { "id": 37020, "nach": 0.54792451343993276 }, "geometry": { "type": "LineString", "coordinates": [ [ -0.7614837, 51.6304348 ], [ -0.7615824, 51.6301971 ] ] } },
{ "type": "Feature", "properties": { "id": 143809, "nach": 0.4872068433081575 }, "geometry": { "type": "LineString", "coordinates": [ [ -0.7599762, 51.627980800000017 ], [ -0.7599577, 51.6279714 ] ] } },
{ "type": "Feature", "properties": { "id": 37036, "nach": 0.46482803670139589 }, "geometry": { "type": "LineString", "coordinates": [ [ -0.7598154, 51.6284187 ], [ -0.7598135, 51.62831580000001 ], [ -0.7598484, 51.6281693 ], [ -0.7599577, 51.6279714 ] ] } },
{ "type": "Feature", "properties": { "id": 122418, "nach": 0.43370966547277295 }, "geometry": { "type": "LineString", "coordinates": [ [ -0.7585371, 51.6259959 ], [ -0.7582771, 51.6258463 ], [ -0.7582513, 51.625793 ] ] } },
{ "type": "Feature", "properties": { "id": 143813, "nach": 0.34833343404310868 }, "geometry": { "type": "LineString", "coordinates": [ [ -0.7606872, 51.6274683 ], [ -0.760653, 51.6274583 ], [ -0.7604063, 51.6273401 ], [ -0.7602078, 51.6271819 ], [ -0.759733, 51.6268789 ], [ -0.7594836, 51.626759 ], [ -0.759281, 51.62664 ], [ -0.7589722, 51.6263445 ], [ -0.7587958, 51.6261551 ], [ -0.7585371, 51.6259959 ] ] } },
{ "type": "Feature", "properties": { "id": 211007, "nach": 0.26939126962837751 }, "geometry": { "type": "LineString", "coordinates": [ [ -0.768302, 51.6221987 ], [ -0.7683191, 51.622223 ] ] } },
{ "type": "Feature", "properties": { "id": 211011, "nach": 0.30995026190309205 }, "geometry": { "type": "LineString", "coordinates": [ [ -0.7680628, 51.6218586 ], [ -0.7678947, 51.6219025 ], [ -0.7678297, 51.6219507 ], [ -0.7678303, 51.6219743 ], [ -0.7678799, 51.6220688 ], [ -0.7679782, 51.622196 ], [ -0.7680228, 51.6222276 ], [ -0.7680721, 51.6222355 ], [ -0.768302, 51.6221987 ] ] } },
{ "type": "Feature", "properties": { "id": 35788, "nach": 0.19160158099612129 }, "geometry": { "type": "LineString", "coordinates": [ [ -0.7619849, 51.627562 ], [ -0.7620336, 51.6273882 ], [ -0.7620794, 51.6271944 ], [ -0.7621773, 51.6268026 ], [ -0.7622553, 51.6265936 ], [ -0.7622768, 51.6264964 ], [ -0.7623505, 51.6262711 ], [ -0.7624551, 51.6259947 ], [ -0.7625852, 51.6258242 ], [ -0.7627187, 51.6257227 ], [ -0.7628089, 51.62561190000001 ], [ -0.7630063, 51.6254147 ], [ -0.7632381, 51.6251376 ], [ -0.7632638, 51.6250577 ], [ -0.7635556, 51.624722 ], [ -0.7636501, 51.624620800000017 ], [ -0.763899, 51.6242957 ], [ -0.7639333, 51.6241785 ], [ -0.7641393, 51.6239281 ], [ -0.7643195, 51.6236563 ], [ -0.7643024, 51.6234325 ], [ -0.7642337, 51.6233419 ], [ -0.764105, 51.62323 ], [ -0.7642766, 51.6230702 ], [ -0.7642766, 51.6227451 ], [ -0.7644139, 51.6225 ], [ -0.7644654, 51.6222869 ], [ -0.7643796, 51.6221803 ] ] } },
{ "type": "Feature", "properties": { "id": 122422, "nach": 0.45472609355385207 }, "geometry": { "type": "LineString", "coordinates": [ [ -0.7621081, 51.6284365 ], [ -0.762131, 51.6283757 ], [ -0.7621095, 51.6282167 ], [ -0.7620866, 51.6280002 ], [ -0.7619807, 51.627698100000018 ], [ -0.7619849, 51.627562 ] ] } },
{ "type": "Feature", "properties": { "id": 122421, "nach": 0.40996428876233326 }, "geometry": { "type": "LineString", "coordinates": [ [ -0.7621081, 51.6284365 ], [ -0.7620196, 51.6284049 ], [ -0.7619311, 51.6283674 ], [ -0.7618761, 51.6283408 ], [ -0.7618386, 51.6283075 ], [ -0.7611036, 51.627733 ], [ -0.7608434, 51.627514 ] ] } },
{ "type": "Feature", "properties": { "id": 122423, "nach": 0.49354644596097225 }, "geometry": { "type": "LineString", "coordinates": [ [ -0.7621081, 51.6284365 ], [ -0.7621337, 51.62848730000001 ], [ -0.7621484, 51.628548099999989 ], [ -0.762168, 51.6285809 ] ] } },
{ "type": "Feature", "properties": { "id": 143812, "nach": 0.4517499112646382 }, "geometry": { "type": "LineString", "coordinates": [ [ -0.7606872, 51.6274683 ], [ -0.7608434, 51.627514 ] ] } },
{ "type": "Feature", "properties": { "id": 143814, "nach": 0.44028439122661961 }, "geometry": { "type": "LineString", "coordinates": [ [ -0.7606872, 51.6274683 ], [ -0.7605819, 51.6275191 ], [ -0.7604465, 51.6276207 ], [ -0.7603861, 51.627675600000011 ], [ -0.7603244, 51.6277164 ], [ -0.760189, 51.6278255 ], [ -0.7600831, 51.6278846 ], [ -0.760016, 51.627945300000015 ], [ -0.7599762, 51.627980800000017 ] ] } },
{ "type": "Feature", "properties": { "id": 187792, "nach": 0.33947051458825406 }, "geometry": { "type": "LineString", "coordinates": [ [ -0.7515509, 51.621124499999986 ], [ -0.7515092, 51.6210816 ], [ -0.7514333, 51.6210248 ], [ -0.7513378, 51.6209675 ], [ -0.7512792, 51.6209063 ], [ -0.7512628, 51.62084440000001 ], [ -0.7512998, 51.620745 ], [ -0.7513737, 51.6206812 ], [ -0.7515, 51.6206016 ], [ -0.7515609, 51.6205186 ], [ -0.7516604, 51.6203538 ] ] } },
{ "type": "Feature", "properties": { "id": 187795, "nach": 0.17307500806768453 }, "geometry": { "type": "LineString", "coordinates": [ [ -0.7501542, 51.6211707 ], [ -0.7501458, 51.6210246 ], [ -0.7501326, 51.6209019 ], [ -0.7501237, 51.6208372 ], [ -0.7501019, 51.6207953 ], [ -0.7500646, 51.62076 ], [ -0.750023, 51.6206851 ], [ -0.7499868, 51.6206488 ], [ -0.7499676, 51.6206202 ], [ -0.7499686, 51.6205904 ], [ -0.7500726, 51.620429400000013 ], [ -0.7500842, 51.6204026 ], [ -0.7500895, 51.6203681 ], [ -0.750079, 51.6203395 ], [ -0.7500647, 51.6203078 ], [ -0.7500675, 51.6202859 ], [ -0.7500812, 51.6202593 ], [ -0.7501662, 51.6201261 ], [ -0.7501873, 51.6201018 ], [ -0.7502173, 51.6200806 ], [ -0.7502679, 51.6200591 ], [ -0.7503401, 51.6200524 ], [ -0.7504122, 51.6200612 ], [ -0.7516604, 51.6203538 ] ] } },
{ "type": "Feature", "properties": { "id": 228481, "nach": 0.47392498044294579 }, "geometry": { "type": "LineString", "coordinates": [ [ -0.7582467, 51.6197113 ], [ -0.7583957, 51.6197899 ] ] } },
{ "type": "Feature", "properties": { "id": 228484, "nach": 0.36309230551332311 }, "geometry": { "type": "LineString", "coordinates": [ [ -0.7590058, 51.6179379 ], [ -0.7588209, 51.6182517 ], [ -0.7586135, 51.6186432 ], [ -0.7584882, 51.6189607 ], [ -0.7583678, 51.6193289 ], [ -0.7582467, 51.6197113 ] ] } },
{ "type": "Feature", "properties": { "id": 182808, "nach": 0.48115065344414332 }, "geometry": { "type": "LineString", "coordinates": [ [ -0.7584914, 51.6197235 ], [ -0.7583957, 51.6197899 ] ] } },
{ "type": "Feature", "properties": { "id": 36236, "nach": 0.42346618376141082 }, "geometry": { "type": "LineString", "coordinates": [ [ -0.7585204, 51.6198541 ], [ -0.7583957, 51.6197899 ] ] } },
{ "type": "Feature", "properties": { "id": 182809, "nach": 0.49057074065100631 }, "geometry": { "type": "LineString", "coordinates": [ [ -0.7584914, 51.6197235 ], [ -0.7588063, 51.619505199999985 ], [ -0.7590724, 51.6193453 ], [ -0.759347, 51.6192494 ], [ -0.7596132, 51.6191898 ] ] } },
{ "type": "Feature", "properties": { "id": 182810, "nach": 0.0 }, "geometry": { "type": "LineString", "coordinates": [ [ -0.7584914, 51.6197235 ], [ -0.7585604, 51.6197497 ], [ -0.7586303, 51.61979 ], [ -0.7587197, 51.6198338 ], [ -0.7587616, 51.6198524 ], [ -0.758823, 51.619880100000017 ], [ -0.7588949, 51.6198938 ], [ -0.7589828, 51.6198984 ], [ -0.7590748, 51.6198913 ], [ -0.7591594, 51.6198708 ], [ -0.7592502, 51.6198376 ], [ -0.759362, 51.6197848 ], [ -0.7595365, 51.6196829 ], [ -0.7597761, 51.6195151 ], [ -0.7599882, 51.619347499999989 ], [ -0.760396, 51.6189898 ] ] } },
{ "type": "Feature", "properties": { "id": 36234, "nach": 0.36678510884571297 }, "geometry": { "type": "LineString", "coordinates": [ [ -0.7586103, 51.6206092 ], [ -0.7586861, 51.6203579 ], [ -0.7586946, 51.6202445 ], [ -0.7586916, 51.6201838 ], [ -0.7586653, 51.6201215 ], [ -0.7585773, 51.6199734 ], [ -0.7585297, 51.6199032 ], [ -0.7585204, 51.6198541 ] ] } },
{ "type": "Feature", "properties": { "id": 36241, "nach": 0.41316400526378544 }, "geometry": { "type": "LineString", "coordinates": [ [ -0.7596132, 51.6191898 ], [ -0.7598147, 51.6192047 ] ] } },
{ "type": "Feature", "properties": { "id": 182807, "nach": 0.51207597115331138 }, "geometry": { "type": "LineString", "coordinates": [ [ -0.760396, 51.6189898 ], [ -0.7600454, 51.6190914 ], [ -0.7596132, 51.6191898 ] ] } },
{ "type": "Feature", "properties": { "id": 182514, "nach": 0.41924526063298367 }, "geometry": { "type": "LineString", "coordinates": [ [ -0.7556266, 51.6231366 ], [ -0.75604, 51.622789800000014 ], [ -0.7586103, 51.6206092 ] ] } },
{ "type": "Feature", "properties": { "id": 182440, "nach": 0.52727122541950189 }, "geometry": { "type": "LineString", "coordinates": [ [ -0.7610213, 51.6185777 ], [ -0.7609028, 51.6185261 ] ] } },
{ "type": "Feature", "properties": { "id": 182806, "nach": 0.52204191404579359 }, "geometry": { "type": "LineString", "coordinates": [ [ -0.760396, 51.6189898 ], [ -0.7605739, 51.6188324 ], [ -0.7607475, 51.61867250000001 ], [ -0.7608641, 51.6185673 ], [ -0.7609028, 51.6185261 ] ] } },
{ "type": "Feature", "properties": { "id": 75598, "nach": 0.59571307136083795 }, "geometry": { "type": "LineString", "coordinates": [ [ -0.755881, 51.6328981 ], [ -0.7557463, 51.6329321 ] ] } },
{ "type": "Feature", "properties": { "id": 115935, "nach": 0.61729820210465292 }, "geometry": { "type": "LineString", "coordinates": [ [ -0.7556807, 51.6328362 ], [ -0.7557463, 51.6329321 ] ] } },
{ "type": "Feature", "properties": { "id": 115862, "nach": 0.64908543785373307 }, "geometry": { "type": "LineString", "coordinates": [ [ -0.755246, 51.6331594 ], [ -0.7553347, 51.6331071 ], [ -0.7557463, 51.6329321 ] ] } },
{ "type": "Feature", "properties": { "id": 145316, "nach": 0.36018369773459274 }, "geometry": { "type": "LineString", "coordinates": [ [ -0.7576297, 51.6336363 ], [ -0.7573966, 51.633617 ], [ -0.7574895, 51.6332449 ], [ -0.7565171, 51.6331452 ], [ -0.7564768, 51.6331665 ], [ -0.7561992, 51.633140700000013 ], [ -0.7561623, 51.6330858 ], [ -0.7559055, 51.633047100000013 ], [ -0.7558988, 51.6330234 ], [ -0.755874, 51.6330134 ], [ -0.755825, 51.6330059 ], [ -0.7557808, 51.6330084 ], [ -0.7557463, 51.6329321 ] ] } },
{ "type": "Feature", "properties": { "id": 115916, "nach": 0.60599566654187742 }, "geometry": { "type": "LineString", "coordinates": [ [ -0.7559634, 51.6328012 ], [ -0.7559357, 51.632831300000014 ], [ -0.755881, 51.6328981 ] ] } },
{ "type": "Feature", "properties": { "id": 145304, "nach": 0.5747996771433791 }, "geometry": { "type": "LineString", "coordinates": [ [ -0.7577335, 51.633221 ], [ -0.7576919, 51.633193199999987 ], [ -0.7576087, 51.633146600000011 ], [ -0.7575269, 51.6331124 ], [ -0.757366, 51.6330775 ], [ -0.7572265, 51.633052500000012 ], [ -0.7570495, 51.6330325 ], [ -0.7569127, 51.6330392 ], [ -0.7564983, 51.63306 ], [ -0.756281, 51.63306080000001 ], [ -0.7562046, 51.6330575 ], [ -0.7560925, 51.6330376 ], [ -0.7559856, 51.6329888 ], [ -0.755881, 51.6328981 ] ] } },
{ "type": "Feature", "properties": { "id": 115937, "nach": 0.53415172974366132 }, "geometry": { "type": "LineString", "coordinates": [ [ -0.7556807, 51.6328362 ], [ -0.7555623, 51.6329043 ], [ -0.755294, 51.6329975 ], [ -0.755178, 51.6329857 ] ] } },
{ "type": "Feature", "properties": { "id": 115936, "nach": 0.63091413567752852 }, "geometry": { "type": "LineString", "coordinates": [ [ -0.7556807, 51.6328362 ], [ -0.7558144, 51.6327594 ] ] } },
{ "type": "Feature", "properties": { "id": 115861, "nach": 0.6470146913313165 }, "geometry": { "type": "LineString", "coordinates": [ [ -0.755246, 51.6331594 ], [ -0.7551322, 51.6332371 ], [ -0.7550074, 51.6334226 ], [ -0.7549009, 51.6336465 ] ] } },
{ "type": "Feature", "properties": { "id": 115900, "nach": 0.57213709886920483 }, "geometry": { "type": "LineString", "coordinates": [ [ -0.7550996, 51.6331065 ], [ -0.755246, 51.6331594 ] ] } },
{ "type": "Feature", "properties": { "id": 145315, "nach": 0.38725711151118997 }, "geometry": { "type": "LineString", "coordinates": [ [ -0.7576297, 51.6336363 ], [ -0.7577335, 51.633221 ] ] } },
{ "type": "Feature", "properties": { "id": 145314, "nach": 0.19604384146748219 }, "geometry": { "type": "LineString", "coordinates": [ [ -0.7576297, 51.6336363 ], [ -0.757862, 51.6336555 ] ] } },
{ "type": "Feature", "properties": { "id": 115903, "nach": 0.62245287156954032 }, "geometry": { "type": "LineString", "coordinates": [ [ -0.7544216, 51.63377890000001 ], [ -0.7545937, 51.6338921 ] ] } },
{ "type": "Feature", "properties": { "id": 37283, "nach": 0.62582439923130084 }, "geometry": { "type": "LineString", "coordinates": [ [ -0.7549009, 51.6336465 ], [ -0.7547589, 51.6338208 ], [ -0.7545937, 51.6338921 ] ] } },
{ "type": "Feature", "properties": { "id": 139663, "nach": 0.44398864138983857 }, "geometry": { "type": "LineString", "coordinates": [ [ -0.7543638, 51.634441200000012 ], [ -0.7543844, 51.634461 ], [ -0.754519, 51.6345227 ], [ -0.7546791, 51.6345324 ], [ -0.7548632, 51.6344808 ], [ -0.75495, 51.6344104 ], [ -0.7549822, 51.6343226 ], [ -0.7549154, 51.6342064 ], [ -0.754681, 51.634004 ], [ -0.7545937, 51.6338921 ] ] } },
{ "type": "Feature", "properties": { "id": 115904, "nach": 0.57302646238379851 }, "geometry": { "type": "LineString", "coordinates": [ [ -0.7544216, 51.63377890000001 ], [ -0.7542654, 51.6336761 ], [ -0.7539635, 51.6335555 ], [ -0.7539336, 51.6335474 ], [ -0.7535237, 51.6334367 ] ] } },
{ "type": "Feature", "properties": { "id": 115905, "nach": 0.58664829193919488 }, "geometry": { "type": "LineString", "coordinates": [ [ -0.7544216, 51.63377890000001 ], [ -0.7543216, 51.6338309 ], [ -0.7542438, 51.6337527 ], [ -0.7541204, 51.6336611 ] ] } },
{ "type": "Feature", "properties": { "id": 83839, "nach": 0.61572769574441122 }, "geometry": { "type": "LineString", "coordinates": [ [ -0.7554671, 51.6337788 ], [ -0.7549009, 51.6336465 ] ] } },
{ "type": "Feature", "properties": { "id": 69321, "nach": 0.57178522867585357 }, "geometry": { "type": "LineString", "coordinates": [ [ -0.7522939, 51.6329665 ], [ -0.7522767, 51.633158600000016 ], [ -0.7521942, 51.6333436 ], [ -0.7521135, 51.6335683 ], [ -0.7518731, 51.6341323 ], [ -0.7517857, 51.634371 ] ] } },
{ "type": "Feature", "properties": { "id": 69322, "nach": 0.51312171539215579 }, "geometry": { "type": "LineString", "coordinates": [ [ -0.7522939, 51.6329665 ], [ -0.7523661, 51.6327165 ], [ -0.7523848, 51.6326518 ], [ -0.752452, 51.6325815 ] ] } },
{ "type": "Feature", "properties": { "id": 209478, "nach": 0.43285051188253088 }, "geometry": { "type": "LineString", "coordinates": [ [ -0.75179, 51.6327864 ], [ -0.751792, 51.6328676 ], [ -0.7518142, 51.6328998 ], [ -0.7518509, 51.6329165 ], [ -0.7518894, 51.6329239 ], [ -0.752027, 51.632937500000011 ], [ -0.7522939, 51.6329665 ] ] } },
{ "type": "Feature", "properties": { "id": 73831, "nach": 0.3192418734015201 }, "geometry": { "type": "LineString", "coordinates": [ [ -0.7744621, 51.6280296 ], [ -0.7740479, 51.6285936 ], [ -0.7740435, 51.6287308 ] ] } },
{ "type": "Feature", "properties": { "id": 36440, "nach": 0.33700398389439506 }, "geometry": { "type": "LineString", "coordinates": [ [ -0.77382, 51.6289366 ], [ -0.7739177, 51.6288024 ], [ -0.7740435, 51.6287308 ] ] } },
{ "type": "Feature", "properties": { "id": 144116, "nach": 0.51676010174933684 }, "geometry": { "type": "LineString", "coordinates": [ [ -0.7648069, 51.6320003 ], [ -0.7651162, 51.6317298 ], [ -0.7651545, 51.631698700000015 ] ] } },
{ "type": "Feature", "properties": { "id": 284510, "nach": 0.53280887596243898 }, "geometry": { "type": "LineString", "coordinates": [ [ -0.7645906, 51.6318257 ], [ -0.7648069, 51.6320003 ] ] } },
{ "type": "Feature", "properties": { "id": 284518, "nach": 0.53086206136589487 }, "geometry": { "type": "LineString", "coordinates": [ [ -0.7644834, 51.6317392 ], [ -0.763923, 51.631287 ] ] } },
{ "type": "Feature", "properties": { "id": 237619, "nach": 0.53641155379898453 }, "geometry": { "type": "LineString", "coordinates": [ [ -0.762901, 51.6310487 ], [ -0.763854, 51.631289700000018 ], [ -0.763923, 51.631287 ] ] } },
{ "type": "Feature", "properties": { "id": 284515, "nach": 0.41755514863621396 }, "geometry": { "type": "LineString", "coordinates": [ [ -0.7638388, 51.6310259 ], [ -0.763793, 51.6310951 ], [ -0.7638955, 51.6311212 ], [ -0.7638304, 51.6312221 ], [ -0.7638773, 51.631255 ], [ -0.763923, 51.631287 ] ] } },
{ "type": "Feature", "properties": { "id": 284516, "nach": 0.40976021070832069 }, "geometry": { "type": "LineString", "coordinates": [ [ -0.7637664, 51.6307645 ], [ -0.7642182, 51.6308784 ], [ -0.7642902, 51.6309057 ], [ -0.7639668, 51.631238400000015 ], [ -0.7639444, 51.6312632 ], [ -0.763923, 51.631287 ] ] } },
{ "type": "Feature", "properties": { "id": 284519, "nach": 0.53346121505802446 }, "geometry": { "type": "LineString", "coordinates": [ [ -0.7644834, 51.6317392 ], [ -0.7645906, 51.6318257 ] ] } },
{ "type": "Feature", "properties": { "id": 284520, "nach": 0.420205239456381 }, "geometry": { "type": "LineString", "coordinates": [ [ -0.7644834, 51.6317392 ], [ -0.7645048, 51.6317171 ], [ -0.7645306, 51.6316905 ] ] } },
{ "type": "Feature", "properties": { "id": 284335, "nach": 0.3881226440753569 }, "geometry": { "type": "LineString", "coordinates": [ [ -0.7660398, 51.6310474 ], [ -0.7658696, 51.6309793 ], [ -0.7652785, 51.6307431 ], [ -0.7646574, 51.6304971 ], [ -0.7643902, 51.6304158 ], [ -0.7639248, 51.6303136 ], [ -0.7636806, 51.6302609 ], [ -0.7634877, 51.630210400000024 ], [ -0.763424, 51.6302005 ], [ -0.7633904, 51.6302038 ], [ -0.7633621, 51.6302126 ], [ -0.7633391, 51.63022680000001 ], [ -0.76324880000001, 51.6304048 ], [ -0.7630559, 51.6307651 ], [ -0.762901, 51.6310487 ] ] } },
{ "type": "Feature", "properties": { "id": 144119, "nach": 0.54012156517146337 }, "geometry": { "type": "LineString", "coordinates": [ [ -0.7628288, 51.6310193 ], [ -0.7628897, 51.6309023 ], [ -0.7633116, 51.6301272 ] ] } },
{ "type": "Feature", "properties": { "id": 265252, "nach": 0.42184923225741194 }, "geometry": { "type": "LineString", "coordinates": [ [ -0.7623529, 51.630914 ], [ -0.7628288, 51.6310193 ] ] } },
{ "type": "Feature", "properties": { "id": 285066, "nach": 0.54117224184805657 }, "geometry": { "type": "LineString", "coordinates": [ [ -0.7631874, 51.6325344 ], [ -0.7638586, 51.6326629 ] ] } },
{ "type": "Feature", "properties": { "id": 144104, "nach": 0.46958217316796746 }, "geometry": { "type": "LineString", "coordinates": [ [ -0.7629244, 51.6333462 ], [ -0.763, 51.6333555 ], [ -0.7632038, 51.6333672 ], [ -0.7632923, 51.6333488 ], [ -0.763354, 51.6332689 ], [ -0.7634318, 51.6331591 ], [ -0.7635069, 51.6331041 ], [ -0.763565500000011, 51.633080500000013 ], [ -0.7638586, 51.6326629 ] ] } },
{ "type": "Feature", "properties": { "id": 284521, "nach": 0.58575694337275708 }, "geometry": { "type": "LineString", "coordinates": [ [ -0.7638879, 51.6322836 ], [ -0.7635179, 51.6321455 ] ] } },
{ "type": "Feature", "properties": { "id": 237626, "nach": 0.35991055370050512 }, "geometry": { "type": "LineString", "coordinates": [ [ -0.7669645, 51.631416 ], [ -0.7670082, 51.63137170000001 ] ] } },
{ "type": "Feature", "properties": { "id": 144109, "nach": 0.488515646617801 }, "geometry": { "type": "LineString", "coordinates": [ [ -0.7661894, 51.631047700000011 ], [ -0.7662624, 51.63107680000001 ], [ -0.7664525, 51.6311587 ], [ -0.7670082, 51.63137170000001 ] ] } },
{ "type": "Feature", "properties": { "id": 36470, "nach": 0.46278561477600766 }, "geometry": { "type": "LineString", "coordinates": [ [ -0.7633116, 51.6301272 ], [ -0.763577, 51.630184 ], [ -0.7638878, 51.63025050000001 ], [ -0.7645138, 51.6303958 ], [ -0.7646813, 51.6304575 ] ] } },
{ "type": "Feature", "properties": { "id": 284331, "nach": 0.45334280354106293 }, "geometry": { "type": "LineString", "coordinates": [ [ -0.7660807, 51.6310059 ], [ -0.7654831, 51.6307758 ], [ -0.7646813, 51.6304575 ] ] } },
{ "type": "Feature", "properties": { "id": 36471, "nach": 0.4002489576554033 }, "geometry": { "type": "LineString", "coordinates": [ [ -0.764935, 51.630001 ], [ -0.764911, 51.6302307 ], [ -0.7646813, 51.6304575 ] ] } },
{ "type": "Feature", "properties": { "id": 284329, "nach": 0.46219067496788352 }, "geometry": { "type": "LineString", "coordinates": [ [ -0.7660807, 51.6310059 ], [ -0.7661894, 51.631047700000011 ] ] } },
{ "type": "Feature", "properties": { "id": 284334, "nach": 0.45969106982646424 }, "geometry": { "type": "LineString", "coordinates": [ [ -0.7660398, 51.6310474 ], [ -0.7660807, 51.6310059 ] ] } },
{ "type": "Feature", "properties": { "id": 75621, "nach": 0.40081419947534563 }, "geometry": { "type": "LineString", "coordinates": [ [ -0.7558788, 51.6321232 ], [ -0.7559888, 51.6320691 ] ] } },
{ "type": "Feature", "properties": { "id": 36473, "nach": 0.55197396981196956 }, "geometry": { "type": "LineString", "coordinates": [ [ -0.7559888, 51.6320691 ], [ -0.756215, 51.6322313 ] ] } },
{ "type": "Feature", "properties": { "id": 115488, "nach": 0.40462682958817003 }, "geometry": { "type": "LineString", "coordinates": [ [ -0.7561227, 51.6319933 ], [ -0.7559888, 51.6320691 ] ] } },
{ "type": "Feature", "properties": { "id": 256395, "nach": 0.55612038200497038 }, "geometry": { "type": "LineString", "coordinates": [ [ -0.7559191, 51.6320158 ], [ -0.7559888, 51.6320691 ] ] } },
{ "type": "Feature", "properties": { "id": 75622, "nach": 0.53654826924687282 }, "geometry": { "type": "LineString", "coordinates": [ [ -0.7558788, 51.6321232 ], [ -0.7555098, 51.6318051 ], [ -0.7554679, 51.6317687 ] ] } },
{ "type": "Feature", "properties": { "id": 75623, "nach": 0.60835857976462815 }, "geometry": { "type": "LineString", "coordinates": [ [ -0.7558788, 51.6321232 ], [ -0.7558713, 51.6320954 ], [ -0.755889, 51.6320444 ], [ -0.7559191, 51.6320158 ] ] } },
{ "type": "Feature", "properties": { "id": 115489, "nach": 0.58522369351428449 }, "geometry": { "type": "LineString", "coordinates": [ [ -0.7561227, 51.6319933 ], [ -0.7561851, 51.632034399999988 ], [ -0.7562275, 51.6321851 ], [ -0.7562811, 51.6322267 ], [ -0.756215, 51.6322313 ] ] } },
{ "type": "Feature", "properties": { "id": 144086, "nach": 0.59247653180164928 }, "geometry": { "type": "LineString", "coordinates": [ [ -0.7568257, 51.6315259 ], [ -0.7566087, 51.6316486 ] ] } },
{ "type": "Feature", "properties": { "id": 36475, "nach": 0.5600772521849241 }, "geometry": { "type": "LineString", "coordinates": [ [ -0.7566087, 51.6316486 ], [ -0.756454, 51.6317839 ], [ -0.7562619, 51.631908600000017 ] ] } },
{ "type": "Feature", "properties": { "id": 101699, "nach": 0.54279910382447172 }, "geometry": { "type": "LineString", "coordinates": [ [ -0.7561609, 51.6318509 ], [ -0.7563829, 51.6317231 ], [ -0.7566087, 51.6316486 ] ] } },
{ "type": "Feature", "properties": { "id": 144085, "nach": 0.59219413112864128 }, "geometry": { "type": "LineString", "coordinates": [ [ -0.7568257, 51.6315259 ], [ -0.7571123, 51.6313639 ] ] } },
{ "type": "Feature", "properties": { "id": 193054, "nach": 0.43277476232565371 }, "geometry": { "type": "LineString", "coordinates": [ [ -0.7570016, 51.6319357 ], [ -0.7572654, 51.6318116 ], [ -0.7570972, 51.631711 ], [ -0.7569977, 51.6316432 ], [ -0.7568947, 51.631573 ], [ -0.7568257, 51.6315259 ] ] } },
{ "type": "Feature", "properties": { "id": 101696, "nach": 0.39214825455250557 }, "geometry": { "type": "LineString", "coordinates": [ [ -0.7562619, 51.631908600000017 ], [ -0.7561609, 51.6318509 ] ] } },
{ "type": "Feature", "properties": { "id": 101697, "nach": 0.56192224070731522 }, "geometry": { "type": "LineString", "coordinates": [ [ -0.7562619, 51.631908600000017 ], [ -0.7561704, 51.6319635 ], [ -0.7561227, 51.6319933 ] ] } },
{ "type": "Feature", "properties": { "id": 273982, "nach": 0.60296957298745846 }, "geometry": { "type": "LineString", "coordinates": [ [ -0.758223, 51.6307132 ], [ -0.7582926, 51.6307812 ] ] } },
{ "type": "Feature", "properties": { "id": 37064, "nach": 0.62269084541877751 }, "geometry": { "type": "LineString", "coordinates": [ [ -0.7596402, 51.6311957 ], [ -0.7595572, 51.631134 ], [ -0.7593668, 51.6310856 ], [ -0.7588593, 51.6309945 ], [ -0.7586819, 51.6309355 ], [ -0.7585091, 51.6308781 ], [ -0.7582926, 51.6307812 ] ] } },
{ "type": "Feature", "properties": { "id": 37536, "nach": 0.6175993894252968 }, "geometry": { "type": "LineString", "coordinates": [ [ -0.7578934, 51.6309767 ], [ -0.7581458, 51.6308535 ], [ -0.7582926, 51.6307812 ] ] } },
{ "type": "Feature", "properties": { "id": 273981, "nach": 0.60066424436680277 }, "geometry": { "type": "LineString", "coordinates": [ [ -0.758223, 51.6307132 ], [ -0.7581411, 51.6306332 ] ] } },
{ "type": "Feature", "properties": { "id": 273984, "nach": 0.43554521202392021 }, "geometry": { "type": "LineString", "coordinates": [ [ -0.7585643, 51.6307187 ], [ -0.7584391, 51.6306744 ], [ -0.758223, 51.6307132 ] ] } },
{ "type": "Feature", "properties": { "id": 175924, "nach": 0.5717733141639928 }, "geometry": { "type": "LineString", "coordinates": [ [ -0.7596304, 51.6312557 ], [ -0.7596402, 51.6311957 ] ] } },
{ "type": "Feature", "properties": { "id": 284636, "nach": 0.61209731621552443 }, "geometry": { "type": "LineString", "coordinates": [ [ -0.7597762, 51.6311888 ], [ -0.7597448, 51.6311811 ], [ -0.7596402, 51.6311957 ] ] } },
{ "type": "Feature", "properties": { "id": 37537, "nach": 0.61997835264820167 }, "geometry": { "type": "LineString", "coordinates": [ [ -0.7578934, 51.6309767 ], [ -0.7573322, 51.6312579 ], [ -0.7572231, 51.6313105 ], [ -0.7571123, 51.6313639 ] ] } },
{ "type": "Feature", "properties": { "id": 283702, "nach": 0.50399052005005374 }, "geometry": { "type": "LineString", "coordinates": [ [ -0.7577364, 51.6308176 ], [ -0.7578934, 51.6309767 ] ] } },
{ "type": "Feature", "properties": { "id": 237633, "nach": 0.36989149747819167 }, "geometry": { "type": "LineString", "coordinates": [ [ -0.76614580000001, 51.6310898 ], [ -0.7663329, 51.6311647 ], [ -0.7668992, 51.631390399999987 ], [ -0.7669645, 51.631416 ] ] } },
{ "type": "Feature", "properties": { "id": 237630, "nach": 0.43707214281610546 }, "geometry": { "type": "LineString", "coordinates": [ [ -0.76614580000001, 51.6310898 ], [ -0.7661894, 51.631047700000011 ] ] } },
{ "type": "Feature", "properties": { "id": 37532, "nach": 0.59521390851359557 }, "geometry": { "type": "LineString", "coordinates": [ [ -0.7579046, 51.630454100000016 ], [ -0.7581411, 51.6306332 ] ] } },
{ "type": "Feature", "properties": { "id": 37530, "nach": 0.5475871603034308 }, "geometry": { "type": "LineString", "coordinates": [ [ -0.7579046, 51.630454100000016 ], [ -0.7575164, 51.6305946 ] ] } },
{ "type": "Feature", "properties": { "id": 284580, "nach": 0.54799569171633833 }, "geometry": { "type": "LineString", "coordinates": [ [ -0.759225, 51.6304606 ], [ -0.7585636, 51.6302646 ] ] } },
{ "type": "Feature", "properties": { "id": 284585, "nach": 0.43297721103909287 }, "geometry": { "type": "LineString", "coordinates": [ [ -0.7584362, 51.6302185 ], [ -0.7585028, 51.6302425 ], [ -0.7585636, 51.6302646 ] ] } },
{ "type": "Feature", "properties": { "id": 284586, "nach": 0.53247982777858827 }, "geometry": { "type": "LineString", "coordinates": [ [ -0.759639, 51.6305833 ], [ -0.759225, 51.6304606 ] ] } },
{ "type": "Feature", "properties": { "id": 284583, "nach": 0.49268216093654432 }, "geometry": { "type": "LineString", "coordinates": [ [ -0.7593797, 51.6302427 ], [ -0.7592529, 51.6304213 ], [ -0.759225, 51.6304606 ] ] } },
{ "type": "Feature", "properties": { "id": 36612, "nach": 0.54590993719756442 }, "geometry": { "type": "LineString", "coordinates": [ [ -0.760874, 51.6314562 ], [ -0.7612255, 51.6309602 ] ] } },
{ "type": "Feature", "properties": { "id": 144121, "nach": 0.56156613214369 }, "geometry": { "type": "LineString", "coordinates": [ [ -0.7614323, 51.6305886 ], [ -0.76140150000001, 51.6306643 ], [ -0.7612255, 51.6309602 ] ] } },
{ "type": "Feature", "properties": { "id": 284576, "nach": 0.52289327109746719 }, "geometry": { "type": "LineString", "coordinates": [ [ -0.7603275, 51.6307561 ], [ -0.760345, 51.6307604 ], [ -0.7612255, 51.6309602 ] ] } },
{ "type": "Feature", "properties": { "id": 284634, "nach": 0.60904811733266717 }, "geometry": { "type": "LineString", "coordinates": [ [ -0.7597762, 51.6311888 ], [ -0.760874, 51.6314562 ] ] } },
{ "type": "Feature", "properties": { "id": 144120, "nach": 0.55571310868572577 }, "geometry": { "type": "LineString", "coordinates": [ [ -0.7614323, 51.6305886 ], [ -0.7614837, 51.6304348 ] ] } },
{ "type": "Feature", "properties": { "id": 284587, "nach": 0.52518082306462266 }, "geometry": { "type": "LineString", "coordinates": [ [ -0.759639, 51.6305833 ], [ -0.7596889, 51.6305981 ], [ -0.7603275, 51.6307561 ] ] } },
{ "type": "Feature", "properties": { "id": 284592, "nach": 0.41891866145421724 }, "geometry": { "type": "LineString", "coordinates": [ [ -0.7601132, 51.6304418 ], [ -0.7604656, 51.6305213 ], [ -0.7603275, 51.6307561 ] ] } },
{ "type": "Feature", "properties": { "id": 284637, "nach": 0.43393007611687373 }, "geometry": { "type": "LineString", "coordinates": [ [ -0.7598664, 51.631046500000011 ], [ -0.7597762, 51.6311888 ] ] } },
{ "type": "Feature", "properties": { "id": 84253, "nach": 0.61237352326610583 }, "geometry": { "type": "LineString", "coordinates": [ [ -0.7540826, 51.6309961 ], [ -0.753916, 51.631003 ], [ -0.7537772, 51.63098990000001 ], [ -0.7537276, 51.630981200000022 ] ] } },
{ "type": "Feature", "properties": { "id": 84254, "nach": 0.50719489019689934 }, "geometry": { "type": "LineString", "coordinates": [ [ -0.7540805, 51.6309571 ], [ -0.7540826, 51.6309961 ] ] } },
{ "type": "Feature", "properties": { "id": 36621, "nach": 0.66058107527430099 }, "geometry": { "type": "LineString", "coordinates": [ [ -0.7529979, 51.6307799 ], [ -0.7528624, 51.6307505 ] ] } },
{ "type": "Feature", "properties": { "id": 36641, "nach": 0.65563373426554639 }, "geometry": { "type": "LineString", "coordinates": [ [ -0.7524392, 51.6304011 ], [ -0.7524779, 51.630436100000011 ], [ -0.7525086, 51.6304847 ], [ -0.7525707, 51.63062690000001 ], [ -0.7525998, 51.6306651 ], [ -0.7526417, 51.6306916 ], [ -0.7526974, 51.6307145 ], [ -0.7527984, 51.6307415 ], [ -0.7528624, 51.6307505 ] ] } },
{ "type": "Feature", "properties": { "id": 114705, "nach": 0.62390113010028869 }, "geometry": { "type": "LineString", "coordinates": [ [ -0.7536533, 51.6309589 ], [ -0.7535175, 51.6309097 ], [ -0.7533845, 51.6308619 ], [ -0.753257, 51.6308271 ], [ -0.7532469, 51.630825 ], [ -0.7531301, 51.6308012 ], [ -0.7529979, 51.6307799 ] ] } },
{ "type": "Feature", "properties": { "id": 110099, "nach": 0.61491579515632422 }, "geometry": { "type": "LineString", "coordinates": [ [ -0.7528578, 51.63136380000001 ], [ -0.7529597, 51.630939 ], [ -0.7529979, 51.6307799 ] ] } },
{ "type": "Feature", "properties": { "id": 36639, "nach": 0.65794487291875203 }, "geometry": { "type": "LineString", "coordinates": [ [ -0.7524392, 51.6304011 ], [ -0.7523618, 51.6303683 ], [ -0.752207, 51.6303329 ], [ -0.751942, 51.6302841 ] ] } },
{ "type": "Feature", "properties": { "id": 115944, "nach": 0.44592381828677863 }, "geometry": { "type": "LineString", "coordinates": [ [ -0.7536798, 51.6309233 ], [ -0.7536533, 51.6309589 ] ] } },
{ "type": "Feature", "properties": { "id": 115945, "nach": 0.47980224118076426 }, "geometry": { "type": "LineString", "coordinates": [ [ -0.7536798, 51.6309233 ], [ -0.7537499, 51.6309424 ] ] } },
{ "type": "Feature", "properties": { "id": 114703, "nach": 0.62151406041234514 }, "geometry": { "type": "LineString", "coordinates": [ [ -0.7536533, 51.6309589 ], [ -0.7537276, 51.630981200000022 ] ] } },
{ "type": "Feature", "properties": { "id": 110098, "nach": 0.0 }, "geometry": { "type": "LineString", "coordinates": [ [ -0.7528578, 51.63136380000001 ], [ -0.7526178, 51.631352 ], [ -0.752202, 51.6313646 ], [ -0.7521699, 51.6313589 ], [ -0.7521531, 51.631351 ], [ -0.7520713, 51.6312907 ], [ -0.7520572, 51.6312707 ], [ -0.7520954, 51.631022600000023 ], [ -0.7520606, 51.631000500000013 ], [ -0.7520478, 51.630986 ], [ -0.7520384, 51.6309689 ], [ -0.7520511, 51.6308722 ], [ -0.7521444, 51.6307939 ], [ -0.7521155, 51.630707400000013 ], [ -0.7519579, 51.6305646 ], [ -0.7519063, 51.630471900000011 ], [ -0.7519131, 51.6304198 ], [ -0.7519256, 51.630344 ], [ -0.751942, 51.6302841 ] ] } },
{ "type": "Feature", "properties": { "id": 110100, "nach": 0.61348822743840492 }, "geometry": { "type": "LineString", "coordinates": [ [ -0.7528578, 51.63136380000001 ], [ -0.7527752, 51.6316752 ], [ -0.7527586, 51.6318221 ], [ -0.752742, 51.6319686 ] ] } },
{ "type": "Feature", "properties": { "id": 36627, "nach": 0.6578456689666502 }, "geometry": { "type": "LineString", "coordinates": [ [ -0.7515732, 51.63018790000001 ], [ -0.7516235, 51.6302185 ], [ -0.7516991, 51.6302462 ], [ -0.7517811, 51.6302609 ], [ -0.751942, 51.6302841 ] ] } },
{ "type": "Feature", "properties": { "id": 36644, "nach": 0.64328255785493416 }, "geometry": { "type": "LineString", "coordinates": [ [ -0.7513612, 51.6302592 ], [ -0.7514421, 51.6302368 ], [ -0.7515063, 51.6302216 ], [ -0.7515732, 51.63018790000001 ] ] } },
{ "type": "Feature", "properties": { "id": 37390, "nach": 0.60248234388742894 }, "geometry": { "type": "LineString", "coordinates": [ [ -0.7511867, 51.6309909 ], [ -0.7513008, 51.6306881 ], [ -0.7513602, 51.630505300000017 ], [ -0.7513892, 51.6304092 ], [ -0.7514001, 51.6303225 ], [ -0.7513873, 51.6302844 ], [ -0.7513612, 51.6302592 ] ] } },
{ "type": "Feature", "properties": { "id": 139766, "nach": 0.60675777045907209 }, "geometry": { "type": "LineString", "coordinates": [ [ -0.7506767, 51.6302304 ], [ -0.7509303, 51.6302392 ], [ -0.7511715, 51.6302479 ], [ -0.7513073, 51.6302465 ], [ -0.7513612, 51.6302592 ] ] } },
{ "type": "Feature", "properties": { "id": 110096, "nach": 0.58499052633407167 }, "geometry": { "type": "LineString", "coordinates": [ [ -0.752742, 51.6319686 ], [ -0.7527111, 51.63203870000001 ], [ -0.7526769, 51.6320932 ], [ -0.7526391, 51.632157 ], [ -0.7525814, 51.6322648 ], [ -0.7525454, 51.6323354 ] ] } },
{ "type": "Feature", "properties": { "id": 114706, "nach": 0.58396219659770932 }, "geometry": { "type": "LineString", "coordinates": [ [ -0.752452, 51.6325815 ], [ -0.7524389, 51.6325583 ], [ -0.7524375, 51.6325368 ], [ -0.7524535, 51.6325058 ], [ -0.7524888, 51.6324423 ], [ -0.7525454, 51.6323354 ] ] } },
{ "type": "Feature", "properties": { "id": 110104, "nach": 0.55868399602335461 }, "geometry": { "type": "LineString", "coordinates": [ [ -0.7529839, 51.6319644 ], [ -0.7528659, 51.6319664 ], [ -0.752742, 51.6319686 ] ] } },
{ "type": "Feature", "properties": { "id": 115941, "nach": 0.40796085010921534 }, "geometry": { "type": "LineString", "coordinates": [ [ -0.7537499, 51.6309424 ], [ -0.7537276, 51.630981200000022 ] ] } },
{ "type": "Feature", "properties": { "id": 115949, "nach": 0.51583697048355737 }, "geometry": { "type": "LineString", "coordinates": [ [ -0.7541653, 51.6311081 ], [ -0.754079, 51.631098 ], [ -0.7537097, 51.63101240000001 ], [ -0.7537276, 51.630981200000022 ] ] } },
{ "type": "Feature", "properties": { "id": 115943, "nach": 0.48495419342976159 }, "geometry": { "type": "LineString", "coordinates": [ [ -0.7537499, 51.6309424 ], [ -0.7538545, 51.6309741 ], [ -0.7540805, 51.6309571 ] ] } },
{ "type": "Feature", "properties": { "id": 75624, "nach": 0.59394644992192946 }, "geometry": { "type": "LineString", "coordinates": [ [ -0.753278861513497, 51.63214321837377 ], [ -0.7541653, 51.6311081 ] ] } },
{ "type": "Feature", "properties": { "id": 147253, "nach": 0.58388866636966408 }, "geometry": { "type": "LineString", "coordinates": [ [ -0.7507801, 51.6317021 ], [ -0.7507932, 51.631689399999985 ], [ -0.7508191, 51.6316595 ], [ -0.750873, 51.6315976 ], [ -0.750907, 51.6315599 ], [ -0.7509595, 51.6314843 ], [ -0.7510304, 51.6313489 ], [ -0.7511245, 51.6311432 ], [ -0.7511867, 51.6309909 ] ] } },
{ "type": "Feature", "properties": { "id": 144096, "nach": 0.54010254034089811 }, "geometry": { "type": "LineString", "coordinates": [ [ -0.7509585, 51.6309326 ], [ -0.751085, 51.6309593 ], [ -0.7511867, 51.6309909 ] ] } },
{ "type": "Feature", "properties": { "id": 139772, "nach": 0.48905458907563604 }, "geometry": { "type": "LineString", "coordinates": [ [ -0.7511157, 51.6300686 ], [ -0.7509609, 51.6301215 ], [ -0.7506767, 51.6302304 ] ] } },
{ "type": "Feature", "properties": { "id": 37399, "nach": 0.59027149480170049 }, "geometry": { "type": "LineString", "coordinates": [ [ -0.7497643, 51.632308500000015 ], [ -0.7500799, 51.6321868 ] ] } },
{ "type": "Feature", "properties": { "id": 229906, "nach": 0.53403390726890121 }, "geometry": { "type": "LineString", "coordinates": [ [ -0.7496277, 51.6314944 ], [ -0.7500165, 51.6320934 ], [ -0.7500621, 51.632160599999985 ], [ -0.7500799, 51.6321868 ] ] } },
{ "type": "Feature", "properties": { "id": 209477, "nach": 0.5279235020871077 }, "geometry": { "type": "LineString", "coordinates": [ [ -0.7504378, 51.6327466 ], [ -0.7502704, 51.6325024 ], [ -0.7501304, 51.6322776 ], [ -0.7500799, 51.6321868 ] ] } },
{ "type": "Feature", "properties": { "id": 147252, "nach": 0.57879226618441326 }, "geometry": { "type": "LineString", "coordinates": [ [ -0.7507801, 51.6317021 ], [ -0.7507258, 51.6317549 ], [ -0.7506435, 51.6318247 ], [ -0.7505529, 51.631897 ], [ -0.7504087, 51.63199920000001 ], [ -0.7502113, 51.632127400000016 ], [ -0.7500799, 51.6321868 ] ] } },
{ "type": "Feature", "properties": { "id": 180194, "nach": 0.43702671933236276 }, "geometry": { "type": "LineString", "coordinates": [ [ -0.7495134, 51.6320651 ], [ -0.7495795, 51.632067 ], [ -0.7496076, 51.632072 ], [ -0.7496377, 51.6320838 ], [ -0.7496517, 51.6320963 ], [ -0.7497643, 51.632308500000015 ] ] } },
{ "type": "Feature", "properties": { "id": 229905, "nach": 0.54456063807060917 }, "geometry": { "type": "LineString", "coordinates": [ [ -0.7496277, 51.6314944 ], [ -0.7493268, 51.630994099999988 ], [ -0.7492422, 51.6309045 ] ] } },
{ "type": "Feature", "properties": { "id": 229907, "nach": 0.43943794546571208 }, "geometry": { "type": "LineString", "coordinates": [ [ -0.7501381, 51.6313843 ], [ -0.7496277, 51.6314944 ] ] } },
{ "type": "Feature", "properties": { "id": 209476, "nach": 0.52025606285554526 }, "geometry": { "type": "LineString", "coordinates": [ [ -0.7504378, 51.6327466 ], [ -0.7508715, 51.6325444 ], [ -0.750963, 51.6325419 ], [ -0.7510812, 51.6325871 ], [ -0.7510932, 51.6327877 ], [ -0.7510622, 51.6328253 ], [ -0.7505662, 51.6329698 ] ] } },
{ "type": "Feature", "properties": { "id": 147256, "nach": 0.50109998490990981 }, "geometry": { "type": "LineString", "coordinates": [ [ -0.751255, 51.6320382 ], [ -0.7510609, 51.6318905 ], [ -0.7507801, 51.6317021 ] ] } },
{ "type": "Feature", "properties": { "id": 36659, "nach": 0.58736504755137364 }, "geometry": { "type": "LineString", "coordinates": [ [ -0.7556063, 51.631766 ], [ -0.7556809, 51.631776400000014 ], [ -0.7557533, 51.6317864 ], [ -0.7558443, 51.6318013 ], [ -0.7558921, 51.6318072 ], [ -0.7559662, 51.6318015 ] ] } },
{ "type": "Feature", "properties": { "id": 36660, "nach": 0.53277632492917448 }, "geometry": { "type": "LineString", "coordinates": [ [ -0.7556063, 51.631766 ], [ -0.755703, 51.6318484 ], [ -0.75571840000001, 51.6318623 ], [ -0.7557651, 51.631898 ] ] } },
{ "type": "Feature", "properties": { "id": 115973, "nach": 0.60761613730457631 }, "geometry": { "type": "LineString", "coordinates": [ [ -0.7554791, 51.631661 ], [ -0.7555789, 51.6317422 ], [ -0.7556063, 51.631766 ] ] } },
{ "type": "Feature", "properties": { "id": 36662, "nach": 0.59297182878399524 }, "geometry": { "type": "LineString", "coordinates": [ [ -0.7559662, 51.6318015 ], [ -0.7560813, 51.6317752 ] ] } },
{ "type": "Feature", "properties": { "id": 116009, "nach": 0.54382764501342595 }, "geometry": { "type": "LineString", "coordinates": [ [ -0.7559965, 51.631843899999986 ], [ -0.7559662, 51.6318015 ] ] } },
{ "type": "Feature", "properties": { "id": 115969, "nach": 0.53263364738321306 }, "geometry": { "type": "LineString", "coordinates": [ [ -0.7559759, 51.6317148 ], [ -0.7559672, 51.6317547 ], [ -0.7559592, 51.6317735 ], [ -0.7559662, 51.6318015 ] ] } },
{ "type": "Feature", "properties": { "id": 115991, "nach": 0.59970192012412948 }, "geometry": { "type": "LineString", "coordinates": [ [ -0.7557651, 51.631898 ], [ -0.7557941, 51.63192020000001 ] ] } },
{ "type": "Feature", "properties": { "id": 115996, "nach": 0.58200801280275216 }, "geometry": { "type": "LineString", "coordinates": [ [ -0.7554679, 51.6317687 ], [ -0.7555086, 51.6317455 ], [ -0.7557139, 51.6319132 ], [ -0.7557651, 51.631898 ] ] } },
{ "type": "Feature", "properties": { "id": 116011, "nach": 0.46956415106844618 }, "geometry": { "type": "LineString", "coordinates": [ [ -0.7559965, 51.631843899999986 ], [ -0.7558578, 51.6318763 ], [ -0.7557651, 51.631898 ] ] } },
{ "type": "Feature", "properties": { "id": 36661, "nach": 0.62828408634141064 }, "geometry": { "type": "LineString", "coordinates": [ [ -0.7560813, 51.6317752 ], [ -0.7560772, 51.6317464 ], [ -0.7560936, 51.631715 ], [ -0.756117, 51.6317029 ] ] } },
{ "type": "Feature", "properties": { "id": 101698, "nach": 0.59889527037211854 }, "geometry": { "type": "LineString", "coordinates": [ [ -0.7561609, 51.6318509 ], [ -0.7561167, 51.6318263 ], [ -0.7560813, 51.6317752 ] ] } },
{ "type": "Feature", "properties": { "id": 261584, "nach": 0.43959978431213842 }, "geometry": { "type": "LineString", "coordinates": [ [ -0.7560852, 51.6315032 ], [ -0.756117, 51.6317029 ] ] } },
{ "type": "Feature", "properties": { "id": 143977, "nach": 0.62501249052015129 }, "geometry": { "type": "LineString", "coordinates": [ [ -0.756117, 51.6317029 ], [ -0.7561601, 51.6316804 ] ] } },
{ "type": "Feature", "properties": { "id": 116010, "nach": 0.53050345586498171 }, "geometry": { "type": "LineString", "coordinates": [ [ -0.7559965, 51.631843899999986 ], [ -0.7560298, 51.631874500000016 ], [ -0.7560719, 51.6319028 ] ] } },
{ "type": "Feature", "properties": { "id": 115968, "nach": 0.53590541157487293 }, "geometry": { "type": "LineString", "coordinates": [ [ -0.7559759, 51.6317148 ], [ -0.7559839, 51.6317028 ], [ -0.7560034, 51.6316604 ], [ -0.7560168, 51.6315676 ], [ -0.7559822, 51.631533700000013 ], [ -0.7559482, 51.63150850000001 ] ] } },
{ "type": "Feature", "properties": { "id": 116005, "nach": 0.44596246923120181 }, "geometry": { "type": "LineString", "coordinates": [ [ -0.7555315, 51.6316323 ], [ -0.7556574, 51.6317452 ], [ -0.7556983, 51.6317701 ], [ -0.7557546, 51.6317793 ], [ -0.7558164, 51.6317719 ], [ -0.755866, 51.631762199999983 ], [ -0.7559162, 51.6317423 ], [ -0.7559759, 51.6317148 ] ] } },
{ "type": "Feature", "properties": { "id": 101695, "nach": 0.57544094572889981 }, "geometry": { "type": "LineString", "coordinates": [ [ -0.7570256, 51.631315 ], [ -0.7571123, 51.6313639 ] ] } },
{ "type": "Feature", "properties": { "id": 180111, "nach": 0.50564811611667426 }, "geometry": { "type": "LineString", "coordinates": [ [ -0.7480167, 51.6269783 ], [ -0.7479741, 51.6268935 ] ] } },
{ "type": "Feature", "properties": { "id": 180110, "nach": 0.55007604215771 }, "geometry": { "type": "LineString", "coordinates": [ [ -0.7479741, 51.6268935 ], [ -0.749076553414562, 51.626717269379505 ] ] } },
{ "type": "Feature", "properties": { "id": 79580, "nach": 0.49614177861577891 }, "geometry": { "type": "LineString", "coordinates": [ [ -0.7455056, 51.6273603 ], [ -0.7454895, 51.6272729 ] ] } },
{ "type": "Feature", "properties": { "id": 79582, "nach": 0.49030758786536288 }, "geometry": { "type": "LineString", "coordinates": [ [ -0.7455056, 51.6273603 ], [ -0.7453177, 51.627391 ], [ -0.7448182, 51.627468 ], [ -0.7445416, 51.62746880000001 ], [ -0.7444056, 51.6274495 ], [ -0.7442509, 51.6274246 ] ] } },
{ "type": "Feature", "properties": { "id": 180113, "nach": 0.51461227420756839 }, "geometry": { "type": "LineString", "coordinates": [ [ -0.7480167, 51.6269783 ], [ -0.7474191, 51.6270685 ], [ -0.7459305, 51.627292300000015 ], [ -0.7455056, 51.6273603 ] ] } },
{ "type": "Feature", "properties": { "id": 137398, "nach": 0.61380033331048423 }, "geometry": { "type": "LineString", "coordinates": [ [ -0.7464531, 51.628010200000013 ], [ -0.7465579, 51.6280296 ], [ -0.7469094, 51.6280949 ] ] } },
{ "type": "Feature", "properties": { "id": 137399, "nach": 0.55482571009810888 }, "geometry": { "type": "LineString", "coordinates": [ [ -0.7464531, 51.628010200000013 ], [ -0.7464829, 51.6278596 ], [ -0.7465278, 51.6278001 ] ] } },
{ "type": "Feature", "properties": { "id": 36987, "nach": 0.51429180786855599 }, "geometry": { "type": "LineString", "coordinates": [ [ -0.7632948, 51.6345585 ], [ -0.76351, 51.634311600000011 ] ] } },
{ "type": "Feature", "properties": { "id": 111408, "nach": 0.52121596011528049 }, "geometry": { "type": "LineString", "coordinates": [ [ -0.7656575, 51.6350448 ], [ -0.7654648, 51.63493230000001 ], [ -0.7652811, 51.6348338 ], [ -0.765152, 51.634778 ], [ -0.7643066, 51.6345316 ], [ -0.764195, 51.634525 ], [ -0.76351, 51.634311600000011 ] ] } },
{ "type": "Feature", "properties": { "id": 36985, "nach": 0.55542061562704392 }, "geometry": { "type": "LineString", "coordinates": [ [ -0.76412080000001, 51.6335285 ], [ -0.7639553, 51.6337389 ], [ -0.76382050000001, 51.6339051 ], [ -0.76351, 51.634311600000011 ] ] } },
{ "type": "Feature", "properties": { "id": 161467, "nach": 0.57941080506130926 }, "geometry": { "type": "LineString", "coordinates": [ [ -0.7645639, 51.6349498 ], [ -0.7632948, 51.6345585 ] ] } },
{ "type": "Feature", "properties": { "id": 111404, "nach": 0.59142583006807792 }, "geometry": { "type": "LineString", "coordinates": [ [ -0.7625765, 51.6343428 ], [ -0.7632948, 51.6345585 ] ] } },
{ "type": "Feature", "properties": { "id": 111409, "nach": 0.60514961736403505 }, "geometry": { "type": "LineString", "coordinates": [ [ -0.7654316, 51.6352124 ], [ -0.7656575, 51.6350448 ] ] } },
{ "type": "Feature", "properties": { "id": 277745, "nach": 0.59604574744167682 }, "geometry": { "type": "LineString", "coordinates": [ [ -0.7657265, 51.6350042 ], [ -0.7656575, 51.6350448 ] ] } },
{ "type": "Feature", "properties": { "id": 111414, "nach": 0.40241678824539789 }, "geometry": { "type": "LineString", "coordinates": [ [ -0.7654982, 51.6340744 ], [ -0.7654119, 51.63408 ], [ -0.7652639, 51.6340747 ], [ -0.765024, 51.6339703 ], [ -0.76412080000001, 51.6335285 ] ] } },
{ "type": "Feature", "properties": { "id": 111417, "nach": 0.40663345982598681 }, "geometry": { "type": "LineString", "coordinates": [ [ -0.7655669, 51.6341114 ], [ -0.7654982, 51.6340744 ] ] } },
{ "type": "Feature", "properties": { "id": 111416, "nach": 0.43285856759276248 }, "geometry": { "type": "LineString", "coordinates": [ [ -0.7659196, 51.6337329 ], [ -0.765551, 51.6340248 ], [ -0.7654951, 51.6340256 ], [ -0.7654982, 51.6340744 ] ] } },
{ "type": "Feature", "properties": { "id": 161469, "nach": 0.49078591589475923 }, "geometry": { "type": "LineString", "coordinates": [ [ -0.764316, 51.6352737 ], [ -0.7645639, 51.6349498 ] ] } },
{ "type": "Feature", "properties": { "id": 277749, "nach": 0.5795566502173739 }, "geometry": { "type": "LineString", "coordinates": [ [ -0.7650932, 51.63511 ], [ -0.7645639, 51.6349498 ] ] } },
{ "type": "Feature", "properties": { "id": 285090, "nach": 0.54890650125680396 }, "geometry": { "type": "LineString", "coordinates": [ [ -0.7626983, 51.6341817 ], [ -0.7625765, 51.6343428 ] ] } },
{ "type": "Feature", "properties": { "id": 285566, "nach": 0.49377231237585256 }, "geometry": { "type": "LineString", "coordinates": [ [ -0.76609, 51.6327845 ], [ -0.7657871, 51.6330588 ] ] } },
{ "type": "Feature", "properties": { "id": 285568, "nach": 0.41510766689029632 }, "geometry": { "type": "LineString", "coordinates": [ [ -0.7659191, 51.632714300000011 ], [ -0.76609, 51.6327845 ] ] } },
{ "type": "Feature", "properties": { "id": 143956, "nach": 0.54330565280349208 }, "geometry": { "type": "LineString", "coordinates": [ [ -0.7653867, 51.6331503 ], [ -0.7654046, 51.6331341 ], [ -0.7655413, 51.6329901 ], [ -0.76559190000001, 51.6330086 ], [ -0.7656124, 51.6329876 ], [ -0.7657871, 51.6330588 ] ] } },
{ "type": "Feature", "properties": { "id": 143955, "nach": 0.52304817268941817 }, "geometry": { "type": "LineString", "coordinates": [ [ -0.7653867, 51.6331503 ], [ -0.7653516, 51.6331819 ], [ -0.7652543, 51.6332735 ], [ -0.7651948, 51.6333221 ] ] } },
{ "type": "Feature", "properties": { "id": 143959, "nach": 0.46600541735236922 }, "geometry": { "type": "LineString", "coordinates": [ [ -0.7656017, 51.633418800000015 ], [ -0.7655467, 51.6333955 ], [ -0.7655051, 51.6333713 ], [ -0.7654743, 51.633358800000011 ], [ -0.7654502, 51.6333447 ], [ -0.7654193, 51.633328900000016 ], [ -0.7653992, 51.6333114 ], [ -0.7653898, 51.6332847 ], [ -0.7653978, 51.6332639 ], [ -0.7653965, 51.633246500000013 ], [ -0.7653858, 51.6332173 ], [ -0.7653804, 51.6331948 ], [ -0.7653893, 51.6331805 ], [ -0.7653867, 51.6331503 ] ] } },
{ "type": "Feature", "properties": { "id": 37001, "nach": 0.0 }, "geometry": { "type": "LineString", "coordinates": [ [ -0.7660107, 51.6336769 ], [ -0.7662018, 51.6337804 ], [ -0.7663041, 51.6337077 ], [ -0.76611480000001, 51.6336029 ], [ -0.7660107, 51.6336769 ] ] } },
{ "type": "Feature", "properties": { "id": 37276, "nach": 0.51407928828701954 }, "geometry": { "type": "LineString", "coordinates": [ [ -0.7643587, 51.6282276 ], [ -0.7643137, 51.628356600000011 ] ] } },
{ "type": "Feature", "properties": { "id": 37006, "nach": 0.34574597529204648 }, "geometry": { "type": "LineString", "coordinates": [ [ -0.767126, 51.6292978 ], [ -0.7668857, 51.6291806 ], [ -0.7665853, 51.6290634 ], [ -0.7661647, 51.6288982 ], [ -0.7657184, 51.6287224 ], [ -0.7651605, 51.6285519 ], [ -0.7645253, 51.628392 ], [ -0.7643137, 51.628356600000011 ] ] } },
{ "type": "Feature", "properties": { "id": 143822, "nach": 0.47092292138351916 }, "geometry": { "type": "LineString", "coordinates": [ [ -0.762176, 51.6286067 ], [ -0.7624729, 51.6286118 ], [ -0.7626995, 51.6286233 ], [ -0.7629605, 51.6286013 ], [ -0.7631435, 51.6285306 ], [ -0.7633003, 51.628453700000016 ], [ -0.7634355, 51.6284002 ], [ -0.7635367, 51.6283443 ], [ -0.76373630000001, 51.6283122 ], [ -0.7638988, 51.6283242 ], [ -0.764079, 51.6283399 ], [ -0.7643137, 51.628356600000011 ] ] } },
{ "type": "Feature", "properties": { "id": 37278, "nach": 0.4256091321280952 }, "geometry": { "type": "LineString", "coordinates": [ [ -0.7643587, 51.6282276 ], [ -0.7649761, 51.6282195 ], [ -0.7654653, 51.6282408 ], [ -0.76579850000001, 51.6282429 ], [ -0.7663333, 51.6282547 ], [ -0.7664318, 51.6282676 ], [ -0.7669073, 51.628358 ], [ -0.7670961, 51.6282888 ], [ -0.7672334, 51.628171600000023 ] ] } },
{ "type": "Feature", "properties": { "id": 143787, "nach": 0.49419478813796325 }, "geometry": { "type": "LineString", "coordinates": [ [ -0.7648625, 51.6266834 ], [ -0.7648434, 51.6267418 ], [ -0.7643587, 51.6282276 ] ] } },
{ "type": "Feature", "properties": { "id": 143823, "nach": 0.51225026223237258 }, "geometry": { "type": "LineString", "coordinates": [ [ -0.762176, 51.6286067 ], [ -0.7621819, 51.6286455 ], [ -0.7621939, 51.6286584 ], [ -0.7621602, 51.6287458 ], [ -0.7621296, 51.628817 ], [ -0.7621825, 51.6288352 ] ] } },
{ "type": "Feature", "properties": { "id": 143821, "nach": 0.51384990040404632 }, "geometry": { "type": "LineString", "coordinates": [ [ -0.762176, 51.6286067 ], [ -0.762168, 51.6285809 ] ] } },
{ "type": "Feature", "properties": { "id": 175827, "nach": 0.40573444519568747 }, "geometry": { "type": "LineString", "coordinates": [ [ -0.7606626, 51.629526 ], [ -0.7617312, 51.6298108 ] ] } },
{ "type": "Feature", "properties": { "id": 37037, "nach": 0.52618668279302361 }, "geometry": { "type": "LineString", "coordinates": [ [ -0.7621424, 51.62891110000001 ], [ -0.7621825, 51.6288352 ] ] } },
{ "type": "Feature", "properties": { "id": 143816, "nach": 0.47487569537746943 }, "geometry": { "type": "LineString", "coordinates": [ [ -0.7605719, 51.628509 ], [ -0.7606973, 51.6285466 ], [ -0.7608305, 51.6285977 ], [ -0.7610393, 51.6286721 ], [ -0.7612458, 51.628757 ], [ -0.761345, 51.6287853 ], [ -0.7615972, 51.628822 ], [ -0.7621424, 51.62891110000001 ] ] } },
{ "type": "Feature", "properties": { "id": 37023, "nach": 0.41147704608880492 }, "geometry": { "type": "LineString", "coordinates": [ [ -0.7624026, 51.630682900000011 ], [ -0.7614837, 51.6304348 ] ] } },
{ "type": "Feature", "properties": { "id": 37027, "nach": 0.40260668281311945 }, "geometry": { "type": "LineString", "coordinates": [ [ -0.7629804, 51.6290314 ], [ -0.7621825, 51.6288352 ] ] } },
{ "type": "Feature", "properties": { "id": 143819, "nach": 0.43798706651568592 }, "geometry": { "type": "LineString", "coordinates": [ [ -0.7606639, 51.6284206 ], [ -0.7606865, 51.628434 ], [ -0.7608716, 51.6284948 ], [ -0.7610366, 51.6285264 ], [ -0.7611948, 51.6285364 ], [ -0.7613531, 51.6284956 ], [ -0.7620296, 51.6285924 ], [ -0.7621122, 51.6285905 ], [ -0.762168, 51.6285809 ] ] } },
{ "type": "Feature", "properties": { "id": 143818, "nach": 0.44572905598418167 }, "geometry": { "type": "LineString", "coordinates": [ [ -0.7606639, 51.6284206 ], [ -0.7605001, 51.6283233 ], [ -0.760354, 51.6281736 ], [ -0.7599762, 51.627980800000017 ] ] } },
{ "type": "Feature", "properties": { "id": 143820, "nach": 0.4804262573578793 }, "geometry": { "type": "LineString", "coordinates": [ [ -0.7606639, 51.6284206 ], [ -0.7605954, 51.6284507 ], [ -0.7605779, 51.6284815 ], [ -0.7605719, 51.628509 ] ] } },
{ "type": "Feature", "properties": { "id": 143817, "nach": 0.4784681954682915 }, "geometry": { "type": "LineString", "coordinates": [ [ -0.7605719, 51.628509 ], [ -0.7604484, 51.628472 ], [ -0.7602424, 51.6284187 ], [ -0.7600364, 51.6284027 ], [ -0.7598154, 51.6284187 ] ] } },
{ "type": "Feature", "properties": { "id": 285067, "nach": 0.35910835713979117 }, "geometry": { "type": "LineString", "coordinates": [ [ -0.7631874, 51.6325344 ], [ -0.7632753, 51.63237 ], [ -0.7633373, 51.6323164 ], [ -0.7635179, 51.6321455 ] ] } },
{ "type": "Feature", "properties": { "id": 285099, "nach": 0.54680683906752181 }, "geometry": { "type": "LineString", "coordinates": [ [ -0.7628049, 51.6324611 ], [ -0.7631874, 51.6325344 ] ] } },
{ "type": "Feature", "properties": { "id": 144103, "nach": 0.3997275032828993 }, "geometry": { "type": "LineString", "coordinates": [ [ -0.7629244, 51.6333462 ], [ -0.7629865, 51.6331008 ] ] } },
{ "type": "Feature", "properties": { "id": 144106, "nach": 0.40074630790468524 }, "geometry": { "type": "LineString", "coordinates": [ [ -0.7625708, 51.6332839 ], [ -0.7627961, 51.6333305 ], [ -0.7629244, 51.6333462 ] ] } },
{ "type": "Feature", "properties": { "id": 37053, "nach": 0.57934242931443758 }, "geometry": { "type": "LineString", "coordinates": [ [ -0.7619148, 51.6327454 ], [ -0.7621322, 51.632333300000013 ] ] } },
{ "type": "Feature", "properties": { "id": 37046, "nach": 0.56253569498172884 }, "geometry": { "type": "LineString", "coordinates": [ [ -0.7626326, 51.6324281 ], [ -0.7621322, 51.632333300000013 ] ] } },
{ "type": "Feature", "properties": { "id": 144100, "nach": 0.59474063888453133 }, "geometry": { "type": "LineString", "coordinates": [ [ -0.7617003, 51.6331732 ], [ -0.7619148, 51.6327454 ] ] } },
{ "type": "Feature", "properties": { "id": 283912, "nach": 0.55032066128564128 }, "geometry": { "type": "LineString", "coordinates": [ [ -0.7622713, 51.6328281 ], [ -0.7619148, 51.6327454 ] ] } },
{ "type": "Feature", "properties": { "id": 37057, "nach": 0.58310212365725345 }, "geometry": { "type": "LineString", "coordinates": [ [ -0.7611694, 51.6325957 ], [ -0.7619148, 51.6327454 ] ] } },
{ "type": "Feature", "properties": { "id": 285098, "nach": 0.55174220411338637 }, "geometry": { "type": "LineString", "coordinates": [ [ -0.7628049, 51.6324611 ], [ -0.7626326, 51.6324281 ] ] } },
{ "type": "Feature", "properties": { "id": 37049, "nach": 0.46758390380802722 }, "geometry": { "type": "LineString", "coordinates": [ [ -0.7625611, 51.6325571 ], [ -0.7626326, 51.6324281 ] ] } },
{ "type": "Feature", "properties": { "id": 285105, "nach": 0.41087135460224711 }, "geometry": { "type": "LineString", "coordinates": [ [ -0.7630171, 51.6320781 ], [ -0.7628049, 51.6324611 ] ] } },
{ "type": "Feature", "properties": { "id": 122217, "nach": 0.4199393273815058 }, "geometry": { "type": "LineString", "coordinates": [ [ -0.762475, 51.6327059 ], [ -0.762212, 51.632654800000012 ], [ -0.7622873, 51.6325024 ], [ -0.7625611, 51.6325571 ] ] } },
{ "type": "Feature", "properties": { "id": 144101, "nach": 0.42932683963067186 }, "geometry": { "type": "LineString", "coordinates": [ [ -0.7617003, 51.6331732 ], [ -0.7621175, 51.6332614 ], [ -0.762548, 51.6333455 ] ] } },
{ "type": "Feature", "properties": { "id": 283911, "nach": 0.42816759158292433 }, "geometry": { "type": "LineString", "coordinates": [ [ -0.7622713, 51.6328281 ], [ -0.7629461, 51.6329846 ] ] } },
{ "type": "Feature", "properties": { "id": 283919, "nach": 0.52941996419485493 }, "geometry": { "type": "LineString", "coordinates": [ [ -0.762216, 51.6329345 ], [ -0.7622713, 51.6328281 ] ] } },
{ "type": "Feature", "properties": { "id": 37081, "nach": 0.58373917969295985 }, "geometry": { "type": "LineString", "coordinates": [ [ -0.7608504, 51.6325199 ], [ -0.7611694, 51.6325957 ] ] } },
{ "type": "Feature", "properties": { "id": 37097, "nach": 0.49535498823630153 }, "geometry": { "type": "LineString", "coordinates": [ [ -0.7609376, 51.6330112 ], [ -0.7611694, 51.6325957 ] ] } },
{ "type": "Feature", "properties": { "id": 37091, "nach": 0.54375400370880766 }, "geometry": { "type": "LineString", "coordinates": [ [ -0.7610704, 51.6320981 ], [ -0.7608504, 51.6325199 ] ] } },
{ "type": "Feature", "properties": { "id": 37100, "nach": 0.5460426894356738 }, "geometry": { "type": "LineString", "coordinates": [ [ -0.7596282, 51.6322633 ], [ -0.7601415, 51.6323746 ], [ -0.7608504, 51.6325199 ] ] } },
{ "type": "Feature", "properties": { "id": 143961, "nach": 0.42469274000229734 }, "geometry": { "type": "LineString", "coordinates": [ [ -0.7604432, 51.6329059 ], [ -0.7609376, 51.6330112 ] ] } },
{ "type": "Feature", "properties": { "id": 285068, "nach": 0.42855496527060311 }, "geometry": { "type": "LineString", "coordinates": [ [ -0.7611578, 51.6330582 ], [ -0.7611078, 51.633047500000011 ], [ -0.7609376, 51.6330112 ] ] } },
{ "type": "Feature", "properties": { "id": 37066, "nach": 0.49581102084266276 }, "geometry": { "type": "LineString", "coordinates": [ [ -0.7590783, 51.632322800000011 ], [ -0.7591045, 51.632165 ] ] } },
{ "type": "Feature", "properties": { "id": 37074, "nach": 0.57162227786696718 }, "geometry": { "type": "LineString", "coordinates": [ [ -0.7591496, 51.6320522 ], [ -0.7591045, 51.632165 ] ] } },
{ "type": "Feature", "properties": { "id": 37101, "nach": 0.5516055613927916 }, "geometry": { "type": "LineString", "coordinates": [ [ -0.7596282, 51.6322633 ], [ -0.7595367, 51.6322449 ], [ -0.7591979, 51.6321768 ], [ -0.7591045, 51.632165 ] ] } },
{ "type": "Feature", "properties": { "id": 194046, "nach": 0.50123299706612434 }, "geometry": { "type": "LineString", "coordinates": [ [ -0.7587174, 51.6329085 ], [ -0.7587534, 51.6328297 ], [ -0.7588114, 51.632773 ], [ -0.7589206, 51.6326478 ], [ -0.7589779, 51.632559500000013 ], [ -0.7590127, 51.6324728 ], [ -0.75903830000001, 51.632381 ], [ -0.7590783, 51.632322800000011 ] ] } },
{ "type": "Feature", "properties": { "id": 37075, "nach": 0.60161312829652769 }, "geometry": { "type": "LineString", "coordinates": [ [ -0.7591496, 51.6320522 ], [ -0.7589533, 51.6320045 ], [ -0.758823, 51.6320094 ], [ -0.757986, 51.6321268 ], [ -0.7573749, 51.6322279 ] ] } },
{ "type": "Feature", "properties": { "id": 37076, "nach": 0.4630411735505493 }, "geometry": { "type": "LineString", "coordinates": [ [ -0.7591496, 51.6320522 ], [ -0.7591614, 51.6319692 ], [ -0.7592682, 51.63173290000001 ], [ -0.7594265, 51.6314878 ] ] } },
{ "type": "Feature", "properties": { "id": 37094, "nach": 0.57834617910776931 }, "geometry": { "type": "LineString", "coordinates": [ [ -0.7593677, 51.6317485 ], [ -0.7592149, 51.6319856 ], [ -0.7591496, 51.6320522 ] ] } },
{ "type": "Feature", "properties": { "id": 37102, "nach": 0.47225125029587778 }, "geometry": { "type": "LineString", "coordinates": [ [ -0.7595509, 51.6324052 ], [ -0.7596282, 51.6322633 ] ] } },
{ "type": "Feature", "properties": { "id": 175925, "nach": 0.55732473879252586 }, "geometry": { "type": "LineString", "coordinates": [ [ -0.7596304, 51.6312557 ], [ -0.759508, 51.6314956 ] ] } },
{ "type": "Feature", "properties": { "id": 175928, "nach": 0.47885831105695048 }, "geometry": { "type": "LineString", "coordinates": [ [ -0.7594265, 51.6314878 ], [ -0.7596304, 51.6312557 ] ] } },
{ "type": "Feature", "properties": { "id": 37070, "nach": 0.52643603878541889 }, "geometry": { "type": "LineString", "coordinates": [ [ -0.7569351, 51.6325224 ], [ -0.7570505, 51.6325565 ], [ -0.7582494, 51.6328111 ], [ -0.7585391, 51.632859 ], [ -0.7587174, 51.6329085 ] ] } },
{ "type": "Feature", "properties": { "id": 194047, "nach": 0.50510102346641339 }, "geometry": { "type": "LineString", "coordinates": [ [ -0.7587174, 51.6329085 ], [ -0.7584709, 51.6328915 ], [ -0.758248, 51.6328579 ], [ -0.757037, 51.632624 ], [ -0.7568868, 51.6325857 ] ] } },
{ "type": "Feature", "properties": { "id": 225593, "nach": 0.57803965165364046 }, "geometry": { "type": "LineString", "coordinates": [ [ -0.7568868, 51.6325857 ], [ -0.7569351, 51.6325224 ] ] } },
{ "type": "Feature", "properties": { "id": 37072, "nach": 0.60530160881247463 }, "geometry": { "type": "LineString", "coordinates": [ [ -0.7573749, 51.6322279 ], [ -0.7571009, 51.6322971 ], [ -0.7570389, 51.6323613 ], [ -0.7569351, 51.6325224 ] ] } },
{ "type": "Feature", "properties": { "id": 37077, "nach": 0.4341956563057931 }, "geometry": { "type": "LineString", "coordinates": [ [ -0.7574636, 51.631907500000011 ], [ -0.7573351, 51.6319592 ], [ -0.7573671, 51.6322014 ], [ -0.7573749, 51.6322279 ] ] } },
{ "type": "Feature", "properties": { "id": 193057, "nach": 0.49342720744817836 }, "geometry": { "type": "LineString", "coordinates": [ [ -0.7587905, 51.6312955 ], [ -0.7588506, 51.6313177 ], [ -0.7590947, 51.6314176 ], [ -0.7593548, 51.631480900000014 ], [ -0.7594265, 51.6314878 ] ] } },
{ "type": "Feature", "properties": { "id": 37092, "nach": 0.56620193741368718 }, "geometry": { "type": "LineString", "coordinates": [ [ -0.7610704, 51.6320981 ], [ -0.7611624, 51.6318649 ] ] } },
{ "type": "Feature", "properties": { "id": 139760, "nach": 0.35908489550679318 }, "geometry": { "type": "LineString", "coordinates": [ [ -0.759508, 51.6314956 ], [ -0.7605011, 51.63172860000001 ], [ -0.7611624, 51.6318649 ] ] } },
{ "type": "Feature", "properties": { "id": 225581, "nach": 0.54536965805976623 }, "geometry": { "type": "LineString", "coordinates": [ [ -0.760492, 51.631978 ], [ -0.7605893, 51.6319982 ], [ -0.7610704, 51.6320981 ] ] } },
{ "type": "Feature", "properties": { "id": 139759, "nach": 0.556523486327404 }, "geometry": { "type": "LineString", "coordinates": [ [ -0.759508, 51.6314956 ], [ -0.7593677, 51.6317485 ] ] } },
{ "type": "Feature", "properties": { "id": 190369, "nach": 0.56490606651855901 }, "geometry": { "type": "LineString", "coordinates": [ [ -0.7597314, 51.6318293 ], [ -0.7593677, 51.6317485 ] ] } },
{ "type": "Feature", "properties": { "id": 225578, "nach": 0.55456576068040619 }, "geometry": { "type": "LineString", "coordinates": [ [ -0.7598108, 51.6318446 ], [ -0.7597314, 51.6318293 ] ] } },
{ "type": "Feature", "properties": { "id": 225592, "nach": 0.49709634523650792 }, "geometry": { "type": "LineString", "coordinates": [ [ -0.7596789, 51.6319444 ], [ -0.7597314, 51.6318293 ] ] } },
{ "type": "Feature", "properties": { "id": 225590, "nach": 0.42306996746014847 }, "geometry": { "type": "LineString", "coordinates": [ [ -0.7600334, 51.631895500000013 ], [ -0.7601026, 51.63176 ], [ -0.7610119, 51.6319596 ] ] } },
{ "type": "Feature", "properties": { "id": 225577, "nach": 0.55242354833193363 }, "geometry": { "type": "LineString", "coordinates": [ [ -0.7598108, 51.6318446 ], [ -0.7600334, 51.631895500000013 ] ] } },
{ "type": "Feature", "properties": { "id": 225589, "nach": 0.54921894262222082 }, "geometry": { "type": "LineString", "coordinates": [ [ -0.7600334, 51.631895500000013 ], [ -0.760492, 51.631978 ] ] } },
{ "type": "Feature", "properties": { "id": 143962, "nach": 0.0 }, "geometry": { "type": "LineString", "coordinates": [ [ -0.7604432, 51.6329059 ], [ -0.7606411, 51.6325535 ], [ -0.7604904, 51.6325222 ], [ -0.7602933, 51.632873 ], [ -0.7604432, 51.6329059 ] ] } },
{ "type": "Feature", "properties": { "id": 196331, "nach": 0.42511708991175945 }, "geometry": { "type": "LineString", "coordinates": [ [ -0.7593557, 51.6327643 ], [ -0.7591939, 51.6327237 ], [ -0.7593897, 51.6323691 ], [ -0.7595509, 51.6324052 ] ] } },
{ "type": "Feature", "properties": { "id": 38680, "nach": 0.37279794398296223 }, "geometry": { "type": "LineString", "coordinates": [ [ -0.7677631, 51.6234725 ], [ -0.7677994, 51.624201 ], [ -0.7675005, 51.6249838 ] ] } },
{ "type": "Feature", "properties": { "id": 38673, "nach": 0.29868403812113148 }, "geometry": { "type": "LineString", "coordinates": [ [ -0.76693, 51.6231073 ], [ -0.7669643, 51.6235176 ], [ -0.7669643, 51.6239546 ], [ -0.7669128, 51.624253 ], [ -0.7668527, 51.6245141 ], [ -0.7668356, 51.6247112 ], [ -0.7669214, 51.6248551 ], [ -0.7671875, 51.6249617 ], [ -0.7675005, 51.6249838 ] ] } },
{ "type": "Feature", "properties": { "id": 37268, "nach": 0.40409771468931638 }, "geometry": { "type": "LineString", "coordinates": [ [ -0.7677267, 51.6258156 ], [ -0.7680059, 51.6258858 ], [ -0.7683113, 51.6259921 ] ] } },
{ "type": "Feature", "properties": { "id": 37272, "nach": 0.23744650763608499 }, "geometry": { "type": "LineString", "coordinates": [ [ -0.7672334, 51.628171600000023 ], [ -0.7672334, 51.628081 ], [ -0.7673536, 51.6276867 ], [ -0.7673879, 51.6273617 ], [ -0.7674309, 51.626669 ], [ -0.7674394, 51.6261628 ], [ -0.7677267, 51.6258156 ] ] } },
{ "type": "Feature", "properties": { "id": 111070, "nach": 0.42362156630669801 }, "geometry": { "type": "LineString", "coordinates": [ [ -0.7694585, 51.623717300000017 ], [ -0.7693421, 51.6236065 ], [ -0.7686148, 51.623243 ], [ -0.7683027, 51.6231919 ], [ -0.7680299, 51.6232276 ] ] } },
{ "type": "Feature", "properties": { "id": 111072, "nach": 0.44795251616480736 }, "geometry": { "type": "LineString", "coordinates": [ [ -0.7694585, 51.623717300000017 ], [ -0.7703366, 51.623459800000013 ], [ -0.7719373, 51.6235349 ] ] } },
{ "type": "Feature", "properties": { "id": 192150, "nach": 0.40265780748520741 }, "geometry": { "type": "LineString", "coordinates": [ [ -0.7688727, 51.6260859 ], [ -0.7686668, 51.6260723 ], [ -0.7683578, 51.6260083 ], [ -0.7683113, 51.6259921 ] ] } },
{ "type": "Feature", "properties": { "id": 192151, "nach": 0.21323628087583985 }, "geometry": { "type": "LineString", "coordinates": [ [ -0.7688727, 51.6260859 ], [ -0.7688504, 51.6261941 ], [ -0.7688133, 51.6263411 ], [ -0.7688003, 51.6264162 ], [ -0.7687886, 51.6265906 ], [ -0.7687874, 51.6268007 ], [ -0.7687698, 51.6270385 ], [ -0.7687592, 51.62717270000001 ], [ -0.7687204, 51.6273325 ], [ -0.7686558, 51.627528 ], [ -0.7685669, 51.6277624 ], [ -0.7684888, 51.6279487 ], [ -0.7684169, 51.6280801 ], [ -0.7683201, 51.6282047 ], [ -0.7682451, 51.6282805 ], [ -0.76814, 51.62837360000001 ] ] } },
{ "type": "Feature", "properties": { "id": 37262, "nach": 0.30180810206291309 }, "geometry": { "type": "LineString", "coordinates": [ [ -0.7678514, 51.6281236 ], [ -0.7678257, 51.6279904 ], [ -0.76786, 51.6277666 ], [ -0.7679544, 51.6274736 ], [ -0.7680832, 51.627058 ], [ -0.7681175, 51.6268555 ], [ -0.7681175, 51.6266903 ], [ -0.7681261, 51.626392 ], [ -0.7681604, 51.626210800000017 ], [ -0.7682291, 51.6260936 ], [ -0.7683113, 51.6259921 ] ] } },
{ "type": "Feature", "properties": { "id": 192147, "nach": 0.41397214878833305 }, "geometry": { "type": "LineString", "coordinates": [ [ -0.76814, 51.62837360000001 ], [ -0.7681089, 51.628358 ], [ -0.7679458, 51.6282302 ], [ -0.7678514, 51.6281236 ] ] } },
{ "type": "Feature", "properties": { "id": 37273, "nach": 0.41234316606211918 }, "geometry": { "type": "LineString", "coordinates": [ [ -0.7672334, 51.628171600000023 ], [ -0.7673879, 51.6281609 ], [ -0.7676368, 51.6281343 ], [ -0.767774, 51.6281274 ], [ -0.7678514, 51.6281236 ] ] } },
{ "type": "Feature", "properties": { "id": 37275, "nach": 0.33244002352736129 }, "geometry": { "type": "LineString", "coordinates": [ [ -0.7679973, 51.6290347 ], [ -0.76793730000001, 51.6288855 ], [ -0.7678858, 51.6288003 ], [ -0.7675682, 51.6286138 ], [ -0.7673965, 51.628485900000015 ], [ -0.7672849, 51.628374 ], [ -0.7672334, 51.6282621 ], [ -0.7672334, 51.628171600000023 ] ] } },
{ "type": "Feature", "properties": { "id": 168735, "nach": 0.48636779330744634 }, "geometry": { "type": "LineString", "coordinates": [ [ -0.7649063, 51.626549 ], [ -0.7648625, 51.6266834 ] ] } },
{ "type": "Feature", "properties": { "id": 143788, "nach": 0.35191048693433213 }, "geometry": { "type": "LineString", "coordinates": [ [ -0.7652664, 51.6267457 ], [ -0.7648625, 51.6266834 ] ] } },
{ "type": "Feature", "properties": { "id": 285101, "nach": 0.58520378114354299 }, "geometry": { "type": "LineString", "coordinates": [ [ -0.763072, 51.6319791 ], [ -0.7635179, 51.6321455 ] ] } },
{ "type": "Feature", "properties": { "id": 285104, "nach": 0.46649929285669295 }, "geometry": { "type": "LineString", "coordinates": [ [ -0.7630171, 51.6320781 ], [ -0.763072, 51.6319791 ] ] } },
{ "type": "Feature", "properties": { "id": 285113, "nach": 0.58472095126387946 }, "geometry": { "type": "LineString", "coordinates": [ [ -0.7627562, 51.6318772 ], [ -0.7630045, 51.6319539 ], [ -0.763072, 51.6319791 ] ] } },
{ "type": "Feature", "properties": { "id": 83845, "nach": 0.60831135284742377 }, "geometry": { "type": "LineString", "coordinates": [ [ -0.756713, 51.6343125 ], [ -0.7566025, 51.634173500000017 ], [ -0.7562989, 51.6339246 ], [ -0.7561698, 51.6338205 ], [ -0.7560764, 51.6337733 ], [ -0.7559922, 51.6337436 ], [ -0.7555276, 51.6336711 ], [ -0.7554671, 51.6337788 ] ] } },
{ "type": "Feature", "properties": { "id": 196338, "nach": 0.48051575618875991 }, "geometry": { "type": "LineString", "coordinates": [ [ -0.7554246, 51.633867 ], [ -0.7554587, 51.6337962 ], [ -0.7554671, 51.6337788 ] ] } },
{ "type": "Feature", "properties": { "id": 115831, "nach": 0.58475572146985544 }, "geometry": { "type": "LineString", "coordinates": [ [ -0.7541204, 51.6336611 ], [ -0.7539195, 51.6338011 ] ] } },
{ "type": "Feature", "properties": { "id": 115875, "nach": 0.55558073843126865 }, "geometry": { "type": "LineString", "coordinates": [ [ -0.7532487, 51.6336344 ], [ -0.7532697, 51.6336259 ], [ -0.7534402, 51.633621 ], [ -0.7536443, 51.6336553 ], [ -0.7538091, 51.6337151 ], [ -0.7539195, 51.6338011 ] ] } },
{ "type": "Feature", "properties": { "id": 115899, "nach": 0.38145874937804231 }, "geometry": { "type": "LineString", "coordinates": [ [ -0.753182, 51.6335143 ], [ -0.753214, 51.6335073 ], [ -0.7532823, 51.6334924 ], [ -0.753454, 51.6334989 ], [ -0.7536249, 51.6335265 ], [ -0.7539076, 51.633565500000017 ], [ -0.7541204, 51.6336611 ] ] } },
{ "type": "Feature", "properties": { "id": 115873, "nach": 0.38653200393651627 }, "geometry": { "type": "LineString", "coordinates": [ [ -0.7532487, 51.6336344 ], [ -0.753289, 51.6336844 ], [ -0.7537798, 51.6337843 ], [ -0.7538388, 51.633835900000015 ] ] } },
{ "type": "Feature", "properties": { "id": 115874, "nach": 0.58840061045251557 }, "geometry": { "type": "LineString", "coordinates": [ [ -0.7532487, 51.6336344 ], [ -0.753152, 51.6336716 ], [ -0.7530839, 51.6337375 ] ] } },
{ "type": "Feature", "properties": { "id": 115897, "nach": 0.57945494029320643 }, "geometry": { "type": "LineString", "coordinates": [ [ -0.753182, 51.6335143 ], [ -0.7532487, 51.6336344 ] ] } },
{ "type": "Feature", "properties": { "id": 137347, "nach": 0.59185971168607776 }, "geometry": { "type": "LineString", "coordinates": [ [ -0.7479819, 51.6306095 ], [ -0.7483179, 51.6306779 ], [ -0.7490875, 51.630856100000017 ], [ -0.7492422, 51.6309045 ] ] } },
{ "type": "Feature", "properties": { "id": 137346, "nach": 0.59847384982237672 }, "geometry": { "type": "LineString", "coordinates": [ [ -0.7479819, 51.6306095 ], [ -0.7478531, 51.630588100000011 ] ] } },
{ "type": "Feature", "properties": { "id": 137348, "nach": 0.54816807088984421 }, "geometry": { "type": "LineString", "coordinates": [ [ -0.7479819, 51.6306095 ], [ -0.7479384, 51.6307253 ], [ -0.7479294, 51.6307585 ] ] } },
{ "type": "Feature", "properties": { "id": 144094, "nach": 0.50756205373579666 }, "geometry": { "type": "LineString", "coordinates": [ [ -0.7509585, 51.6309326 ], [ -0.7509022, 51.630920699999983 ] ] } },
{ "type": "Feature", "properties": { "id": 144097, "nach": 0.44314007409085432 }, "geometry": { "type": "LineString", "coordinates": [ [ -0.7509059, 51.6310696 ], [ -0.7509585, 51.6309326 ] ] } },
{ "type": "Feature", "properties": { "id": 196340, "nach": 0.44756049270849463 }, "geometry": { "type": "LineString", "coordinates": [ [ -0.7554246, 51.633867 ], [ -0.7559112, 51.6339637 ], [ -0.7558038, 51.6341668 ], [ -0.7556734, 51.63439060000001 ], [ -0.755235, 51.6343111 ] ] } },
{ "type": "Feature", "properties": { "id": 37442, "nach": 0.56061542188216706 }, "geometry": { "type": "LineString", "coordinates": [ [ -0.7478531, 51.630588100000011 ], [ -0.7472511, 51.6320136 ] ] } },
{ "type": "Feature", "properties": { "id": 116177, "nach": 0.61225157196189006 }, "geometry": { "type": "LineString", "coordinates": [ [ -0.7466715, 51.6303547 ], [ -0.7468236, 51.6303866 ], [ -0.7478531, 51.630588100000011 ] ] } },
{ "type": "Feature", "properties": { "id": 283703, "nach": 0.45467907910372374 }, "geometry": { "type": "LineString", "coordinates": [ [ -0.7577364, 51.6308176 ], [ -0.7575164, 51.6305946 ] ] } },
{ "type": "Feature", "properties": { "id": 37534, "nach": 0.54040882220058217 }, "geometry": { "type": "LineString", "coordinates": [ [ -0.7575164, 51.6305946 ], [ -0.757106, 51.6307557 ], [ -0.7567305, 51.6309534 ], [ -0.7568825, 51.63107 ] ] } },
{ "type": "Feature", "properties": { "id": 283705, "nach": 0.50175262811358012 }, "geometry": { "type": "LineString", "coordinates": [ [ -0.7576428, 51.630860799999986 ], [ -0.7577364, 51.6308176 ] ] } },
{ "type": "Feature", "properties": { "id": 143974, "nach": 0.54184132372217952 }, "geometry": { "type": "LineString", "coordinates": [ [ -0.7568825, 51.63107 ], [ -0.7567376, 51.631145800000013 ], [ -0.7567319, 51.6311431 ], [ -0.7566968, 51.6311172 ], [ -0.7565097, 51.631215 ] ] } },
{ "type": "Feature", "properties": { "id": 143973, "nach": 0.56156921391325498 }, "geometry": { "type": "LineString", "coordinates": [ [ -0.7568825, 51.63107 ], [ -0.7568892, 51.6310741 ], [ -0.7569688, 51.6311554 ], [ -0.7570256, 51.631315 ] ] } },
{ "type": "Feature", "properties": { "id": 277668, "nach": 0.59160118558604946 }, "geometry": { "type": "LineString", "coordinates": [ [ -0.7658893, 51.6349029 ], [ -0.7659517, 51.6348622 ] ] } },
{ "type": "Feature", "properties": { "id": 285171, "nach": 0.51746170573498795 }, "geometry": { "type": "LineString", "coordinates": [ [ -0.765814, 51.6347555 ], [ -0.7659517, 51.6348622 ] ] } },
{ "type": "Feature", "properties": { "id": 168532, "nach": 0.58608078156036103 }, "geometry": { "type": "LineString", "coordinates": [ [ -0.7664082, 51.6345694 ], [ -0.7661095, 51.6347624 ], [ -0.7659517, 51.6348622 ] ] } },
{ "type": "Feature", "properties": { "id": 277747, "nach": 0.59325714355952663 }, "geometry": { "type": "LineString", "coordinates": [ [ -0.7657265, 51.6350042 ], [ -0.7658013, 51.6349602 ], [ -0.7658893, 51.6349029 ] ] } },
{ "type": "Feature", "properties": { "id": 277671, "nach": 0.4167571304014922 }, "geometry": { "type": "LineString", "coordinates": [ [ -0.7666757, 51.6351111 ], [ -0.7661082, 51.635016900000011 ], [ -0.7658893, 51.6349029 ] ] } },
{ "type": "Feature", "properties": { "id": 285172, "nach": 0.48469934576954948 }, "geometry": { "type": "LineString", "coordinates": [ [ -0.765814, 51.6347555 ], [ -0.7656629, 51.6346011 ] ] } },
{ "type": "Feature", "properties": { "id": 285174, "nach": 0.42091277297116159 }, "geometry": { "type": "LineString", "coordinates": [ [ -0.7656619, 51.6348501 ], [ -0.765814, 51.6347555 ] ] } },
{ "type": "Feature", "properties": { "id": 168534, "nach": 0.4135014116587476 }, "geometry": { "type": "LineString", "coordinates": [ [ -0.7658056, 51.6343126 ], [ -0.7662101, 51.6343594 ], [ -0.7664082, 51.6345694 ] ] } },
{ "type": "Feature", "properties": { "id": 105952, "nach": 0.46126909395603177 }, "geometry": { "type": "LineString", "coordinates": [ [ -0.7467818, 51.6300784 ], [ -0.7468188, 51.630038700000014 ], [ -0.7468678, 51.6299475 ], [ -0.7468502, 51.6299105 ], [ -0.7468189, 51.6299009 ], [ -0.7467672, 51.6298959 ], [ -0.7466899, 51.6299195 ] ] } },
{ "type": "Feature", "properties": { "id": 79578, "nach": 0.50448743184810085 }, "geometry": { "type": "LineString", "coordinates": [ [ -0.7468404, 51.6298583 ], [ -0.7467622, 51.6298613 ] ] } },
{ "type": "Feature", "properties": { "id": 79579, "nach": 0.49251360468546479 }, "geometry": { "type": "LineString", "coordinates": [ [ -0.7468404, 51.6298583 ], [ -0.7467818, 51.6298397 ] ] } },
{ "type": "Feature", "properties": { "id": 105931, "nach": 0.55093402782190304 }, "geometry": { "type": "LineString", "coordinates": [ [ -0.7466233, 51.629743 ], [ -0.7465727, 51.6297642 ] ] } },
{ "type": "Feature", "properties": { "id": 116185, "nach": 0.45066772449772774 }, "geometry": { "type": "LineString", "coordinates": [ [ -0.7467818, 51.6298397 ], [ -0.7466957, 51.629807 ], [ -0.7465727, 51.6297642 ] ] } },
{ "type": "Feature", "properties": { "id": 105933, "nach": 0.0 }, "geometry": { "type": "LineString", "coordinates": [ [ -0.7466233, 51.629743 ], [ -0.7460498, 51.6295217 ], [ -0.7460266, 51.629546900000015 ] ] } },
{ "type": "Feature", "properties": { "id": 105930, "nach": 0.5542944276784787 }, "geometry": { "type": "LineString", "coordinates": [ [ -0.7466233, 51.629743 ], [ -0.7470357, 51.6295323 ] ] } },
{ "type": "Feature", "properties": { "id": 105938, "nach": 0.37274925246312296 }, "geometry": { "type": "LineString", "coordinates": [ [ -0.7468077, 51.6298175 ], [ -0.7466233, 51.629743 ] ] } },
{ "type": "Feature", "properties": { "id": 38681, "nach": 0.41927832078214844 }, "geometry": { "type": "LineString", "coordinates": [ [ -0.7677631, 51.6234725 ], [ -0.7678445, 51.623349400000016 ], [ -0.7680299, 51.6232276 ] ] } },
{ "type": "Feature", "properties": { "id": 38683, "nach": 0.39200178224774712 }, "geometry": { "type": "LineString", "coordinates": [ [ -0.767555, 51.623026 ], [ -0.7676907, 51.6234214 ], [ -0.7677631, 51.6234725 ] ] } },
{ "type": "Feature", "properties": { "id": 38676, "nach": 0.32801333954533679 }, "geometry": { "type": "LineString", "coordinates": [ [ -0.7669472, 51.6225372 ], [ -0.7669128, 51.6226331 ], [ -0.7669128, 51.6227876 ], [ -0.76693, 51.6231073 ] ] } },
{ "type": "Feature", "properties": { "id": 38685, "nach": 0.37968620470169523 }, "geometry": { "type": "LineString", "coordinates": [ [ -0.767555, 51.623026 ], [ -0.7671703, 51.6230914 ], [ -0.76693, 51.6231073 ] ] } },
{ "type": "Feature", "properties": { "id": 38684, "nach": 0.0 }, "geometry": { "type": "LineString", "coordinates": [ [ -0.767555, 51.623026 ], [ -0.7673506, 51.6226437 ], [ -0.7674536, 51.6225958 ], [ -0.7680299, 51.6232276 ] ] } },
{ "type": "Feature", "properties": { "id": 183582, "nach": 0.328007904496049 }, "geometry": { "type": "LineString", "coordinates": [ [ -0.7646469, 51.6256408 ], [ -0.7647401, 51.625685 ], [ -0.7649215, 51.6257566 ], [ -0.7652029, 51.6258182 ] ] } },
{ "type": "Feature", "properties": { "id": 203468, "nach": 0.52709297373937714 }, "geometry": { "type": "LineString", "coordinates": [ [ -0.7596743, 51.635288499999987 ], [ -0.7597198, 51.6353435 ], [ -0.7598661, 51.635564100000011 ] ] } },
{ "type": "Feature", "properties": { "id": 231185, "nach": 0.4074337525390867 }, "geometry": { "type": "LineString", "coordinates": [ [ -0.760261, 51.6355259 ], [ -0.760356, 51.635563800000014 ], [ -0.76040960000001, 51.6357413 ] ] } },
{ "type": "Feature", "properties": { "id": 76214, "nach": 0.46669617894838644 }, "geometry": { "type": "LineString", "coordinates": [ [ -0.7613342, 51.6353149 ], [ -0.7614225, 51.6353827 ], [ -0.7615217, 51.635469900000011 ], [ -0.76159, 51.63554950000001 ], [ -0.761611, 51.635599400000018 ], [ -0.7616247, 51.6356414 ], [ -0.7616314, 51.6356968 ], [ -0.7616561, 51.6357565 ], [ -0.761694, 51.635801 ], [ -0.7617491, 51.6358453 ], [ -0.7618279, 51.6358827 ], [ -0.7619035, 51.6359293 ], [ -0.761968, 51.6359887 ], [ -0.7620412, 51.6360625 ], [ -0.7620901, 51.6361232 ] ] } },
{ "type": "Feature", "properties": { "id": 76213, "nach": 0.41214755555754196 }, "geometry": { "type": "LineString", "coordinates": [ [ -0.7613342, 51.6353149 ], [ -0.7611748, 51.6353874 ] ] } },
{ "type": "Feature", "properties": { "id": 103284, "nach": 0.47918845641728219 }, "geometry": { "type": "LineString", "coordinates": [ [ -0.7602413, 51.6349717 ], [ -0.7605952, 51.6351112 ], [ -0.7608323, 51.6352027 ], [ -0.7609516, 51.635131 ], [ -0.761154, 51.635207699999988 ], [ -0.7613342, 51.6353149 ] ] } },
{ "type": "Feature", "properties": { "id": 264273, "nach": 0.4951440036292919 }, "geometry": { "type": "LineString", "coordinates": [ [ -0.765167, 51.6363181 ], [ -0.7650163, 51.636194 ], [ -0.7647626, 51.636029400000012 ], [ -0.7645553, 51.6359098 ], [ -0.7643477, 51.6358043 ], [ -0.7640808, 51.6357048 ], [ -0.7637648, 51.6355983 ] ] } },
{ "type": "Feature", "properties": { "id": 264215, "nach": 0.41223446516040341 }, "geometry": { "type": "LineString", "coordinates": [ [ -0.764234, 51.636349 ], [ -0.7639627, 51.6362328 ], [ -0.7637778, 51.6361151 ], [ -0.763557, 51.635989900000013 ], [ -0.7634684, 51.636012100000016 ] ] } },
{ "type": "Feature", "properties": { "id": 264245, "nach": 0.36275970407151326 }, "geometry": { "type": "LineString", "coordinates": [ [ -0.7646315, 51.6363732 ], [ -0.7645934, 51.6363259 ], [ -0.7644972, 51.6362713 ], [ -0.7642784, 51.636198300000011 ], [ -0.7641855, 51.63612830000001 ], [ -0.7640463, 51.6360418 ], [ -0.7639534, 51.63598420000001 ], [ -0.7638954, 51.6359091 ], [ -0.7637246, 51.6356631 ], [ -0.7637648, 51.6355983 ] ] } },
{ "type": "Feature", "properties": { "id": 122411, "nach": 0.44371207489256675 }, "geometry": { "type": "LineString", "coordinates": [ [ -0.7547358, 51.625161900000016 ], [ -0.7541181, 51.625036 ] ] } },
{ "type": "Feature", "properties": { "id": 122410, "nach": 0.39667399534749331 }, "geometry": { "type": "LineString", "coordinates": [ [ -0.7540191, 51.6251579 ], [ -0.7541181, 51.625036 ] ] } },
{ "type": "Feature", "properties": { "id": 115922, "nach": 0.4659112013687996 }, "geometry": { "type": "LineString", "coordinates": [ [ -0.7558144, 51.6327594 ], [ -0.7559634, 51.6328012 ] ] } },
{ "type": "Feature", "properties": { "id": 145327, "nach": 0.56637054731202174 }, "geometry": { "type": "LineString", "coordinates": [ [ -0.7578139, 51.6332748 ], [ -0.7577335, 51.633221 ] ] } },
{ "type": "Feature", "properties": { "id": 84319, "nach": 0.52910915423265781 }, "geometry": { "type": "LineString", "coordinates": [ [ -0.7480167, 51.6269783 ], [ -0.74910181508552, 51.626815308721788 ] ] } },
{ "type": "Feature", "properties": { "id": 116203, "nach": 0.61308411216539849 }, "geometry": { "type": "LineString", "coordinates": [ [ -0.7495379, 51.6273169 ], [ -0.7494888, 51.627355100000017 ] ] } },
{ "type": "Feature", "properties": { "id": 115994, "nach": 0.52299349146065865 }, "geometry": { "type": "LineString", "coordinates": [ [ -0.7554679, 51.6317687 ], [ -0.755408, 51.6318036 ] ] } },
{ "type": "Feature", "properties": { "id": 115995, "nach": 0.59192112027045596 }, "geometry": { "type": "LineString", "coordinates": [ [ -0.7554679, 51.6317687 ], [ -0.7553048, 51.6316223 ], [ -0.7552575, 51.6315595 ], [ -0.7551005, 51.6314055 ], [ -0.7548249, 51.631199700000018 ], [ -0.7548055, 51.631188 ] ] } },
{ "type": "Feature", "properties": { "id": 115989, "nach": 0.57593713269604463 }, "geometry": { "type": "LineString", "coordinates": [ [ -0.7557941, 51.63192020000001 ], [ -0.7559191, 51.6320158 ] ] } },
{ "type": "Feature", "properties": { "id": 256396, "nach": 0.59822596763413283 }, "geometry": { "type": "LineString", "coordinates": [ [ -0.7559191, 51.6320158 ], [ -0.7559348, 51.632000899999987 ], [ -0.7559969, 51.6319327 ] ] } },
{ "type": "Feature", "properties": { "id": 75627, "nach": 0.55499448529244788 }, "geometry": { "type": "LineString", "coordinates": [ [ -0.7535237, 51.6334367 ], [ -0.753277, 51.63346880000001 ], [ -0.7532015, 51.6334852 ], [ -0.7531696, 51.6334921 ] ] } },
{ "type": "Feature", "properties": { "id": 115840, "nach": 0.49579301345532517 }, "geometry": { "type": "LineString", "coordinates": [ [ -0.7531145, 51.6333108 ], [ -0.75321, 51.6333445 ], [ -0.7535237, 51.6334367 ] ] } },
{ "type": "Feature", "properties": { "id": 115898, "nach": 0.58655445845546883 }, "geometry": { "type": "LineString", "coordinates": [ [ -0.753182, 51.6335143 ], [ -0.7531696, 51.6334921 ] ] } },
{ "type": "Feature", "properties": { "id": 115881, "nach": 0.59422157405235487 }, "geometry": { "type": "LineString", "coordinates": [ [ -0.7531446, 51.6334403 ], [ -0.7531696, 51.6334921 ] ] } },
{ "type": "Feature", "properties": { "id": 115867, "nach": 0.54671462881683519 }, "geometry": { "type": "LineString", "coordinates": [ [ -0.7531696, 51.6334921 ], [ -0.753116, 51.6335037 ], [ -0.7529846, 51.633547 ], [ -0.752778, 51.6337022 ] ] } },
{ "type": "Feature", "properties": { "id": 115839, "nach": 0.56535375637969476 }, "geometry": { "type": "LineString", "coordinates": [ [ -0.7531145, 51.6333108 ], [ -0.7531227, 51.633195 ], [ -0.7529939, 51.6331017 ], [ -0.7528935, 51.6328959 ] ] } },
{ "type": "Feature", "properties": { "id": 115883, "nach": 0.58752899158317773 }, "geometry": { "type": "LineString", "coordinates": [ [ -0.7531446, 51.6334403 ], [ -0.7531227, 51.633394700000011 ], [ -0.7531145, 51.6333108 ] ] } },
{ "type": "Feature", "properties": { "id": 76207, "nach": 0.548757909837299 }, "geometry": { "type": "LineString", "coordinates": [ [ -0.7593208, 51.6350452 ], [ -0.7595787, 51.6347854 ] ] } },
{ "type": "Feature", "properties": { "id": 103285, "nach": 0.52430021262566839 }, "geometry": { "type": "LineString", "coordinates": [ [ -0.7602413, 51.6349717 ], [ -0.7600355, 51.634898099999987 ], [ -0.7595787, 51.6347854 ] ] } },
{ "type": "Feature", "properties": { "id": 203469, "nach": 0.53949024412598856 }, "geometry": { "type": "LineString", "coordinates": [ [ -0.7596743, 51.635288499999987 ], [ -0.7596404, 51.6352474 ], [ -0.7595586, 51.635181800000012 ], [ -0.7594443, 51.6351039 ], [ -0.7593208, 51.6350452 ] ] } },
{ "type": "Feature", "properties": { "id": 103294, "nach": 0.55100683880109835 }, "geometry": { "type": "LineString", "coordinates": [ [ -0.7582649, 51.634899 ], [ -0.7585174, 51.6348931 ], [ -0.7588096, 51.6349176 ], [ -0.7591212, 51.634983 ], [ -0.7593208, 51.6350452 ] ] } },
{ "type": "Feature", "properties": { "id": 159447, "nach": 0.48839888703364281 }, "geometry": { "type": "LineString", "coordinates": [ [ -0.7603351, 51.6348609 ], [ -0.7602413, 51.6349717 ] ] } },
{ "type": "Feature", "properties": { "id": 103292, "nach": 0.55663778897749328 }, "geometry": { "type": "LineString", "coordinates": [ [ -0.7582649, 51.634899 ], [ -0.7578628, 51.6349414 ] ] } },
{ "type": "Feature", "properties": { "id": 76218, "nach": 0.52529530827604276 }, "geometry": { "type": "LineString", "coordinates": [ [ -0.7574139, 51.6346604 ], [ -0.7575298, 51.6346691 ], [ -0.7576361, 51.6346906 ], [ -0.7577084, 51.634728400000014 ], [ -0.7577631, 51.6347852 ], [ -0.7578157, 51.634865 ], [ -0.7578628, 51.6349414 ] ] } },
{ "type": "Feature", "properties": { "id": 231179, "nach": 0.49472930152512112 }, "geometry": { "type": "LineString", "coordinates": [ [ -0.7582547, 51.634760900000018 ], [ -0.7582649, 51.634899 ] ] } },
{ "type": "Feature", "properties": { "id": 76216, "nach": 0.43983387292851933 }, "geometry": { "type": "LineString", "coordinates": [ [ -0.7574139, 51.6346604 ], [ -0.7574295, 51.6343399 ] ] } },
{ "type": "Feature", "properties": { "id": 139682, "nach": 0.54081361189038324 }, "geometry": { "type": "LineString", "coordinates": [ [ -0.756875, 51.6346869 ], [ -0.7569791, 51.6346788 ], [ -0.757206, 51.634664 ], [ -0.7574139, 51.6346604 ] ] } },
{ "type": "Feature", "properties": { "id": 76230, "nach": 0.54019591258484867 }, "geometry": { "type": "LineString", "coordinates": [ [ -0.7577963, 51.634336 ], [ -0.7574295, 51.6343399 ] ] } },
{ "type": "Feature", "properties": { "id": 83843, "nach": 0.5326478202171907 }, "geometry": { "type": "LineString", "coordinates": [ [ -0.756713, 51.6343125 ], [ -0.756866, 51.6343145 ], [ -0.7571412, 51.6343373 ], [ -0.7574295, 51.6343399 ] ] } },
{ "type": "Feature", "properties": { "id": 103295, "nach": 0.53446282286494451 }, "geometry": { "type": "LineString", "coordinates": [ [ -0.7580904, 51.6343735 ], [ -0.7577963, 51.634336 ] ] } },
{ "type": "Feature", "properties": { "id": 231184, "nach": 0.42864667225360187 }, "geometry": { "type": "LineString", "coordinates": [ [ -0.7578023, 51.634124 ], [ -0.7577963, 51.634336 ] ] } },
{ "type": "Feature", "properties": { "id": 83842, "nach": 0.4295111575925627 }, "geometry": { "type": "LineString", "coordinates": [ [ -0.756713, 51.6343125 ], [ -0.7565599, 51.634310699999986 ] ] } },
{ "type": "Feature", "properties": { "id": 139683, "nach": 0.58479794513371675 }, "geometry": { "type": "LineString", "coordinates": [ [ -0.756875, 51.6346869 ], [ -0.7568349, 51.63461740000001 ], [ -0.756792, 51.634518400000019 ], [ -0.7567544, 51.6344418 ], [ -0.7567129, 51.6343419 ], [ -0.756713, 51.6343125 ] ] } },
{ "type": "Feature", "properties": { "id": 203470, "nach": 0.42348001868082347 }, "geometry": { "type": "LineString", "coordinates": [ [ -0.7596743, 51.635288499999987 ], [ -0.7598107, 51.635239900000016 ], [ -0.7598433, 51.6352399 ], [ -0.7598739, 51.635244 ], [ -0.7601048, 51.6353035 ] ] } },
{ "type": "Feature", "properties": { "id": 103314, "nach": 0.42980191773160986 }, "geometry": { "type": "LineString", "coordinates": [ [ -0.7583704, 51.634416 ], [ -0.7580904, 51.6343735 ] ] } },
{ "type": "Feature", "properties": { "id": 76234, "nach": 0.39262618752724493 }, "geometry": { "type": "LineString", "coordinates": [ [ -0.7592145, 51.633473 ], [ -0.7592288, 51.6334238 ], [ -0.7591975, 51.6333967 ], [ -0.7587111, 51.6332623 ], [ -0.7586145, 51.6332539 ], [ -0.7581901, 51.6331225 ] ] } },
{ "type": "Feature", "properties": { "id": 145318, "nach": 0.49191211951203867 }, "geometry": { "type": "LineString", "coordinates": [ [ -0.7597923, 51.633666 ], [ -0.7597236, 51.6336302 ], [ -0.759434, 51.633537 ], [ -0.7592145, 51.633473 ] ] } },
{ "type": "Feature", "properties": { "id": 145299, "nach": 0.51392052268796307 }, "geometry": { "type": "LineString", "coordinates": [ [ -0.7587077, 51.6334939 ], [ -0.758868, 51.6335037 ], [ -0.7590128, 51.63348950000001 ], [ -0.7591376, 51.6334704 ], [ -0.7592145, 51.633473 ] ] } },
{ "type": "Feature", "properties": { "id": 145321, "nach": 0.4600479494895236 }, "geometry": { "type": "LineString", "coordinates": [ [ -0.7596918, 51.6338468 ], [ -0.7597923, 51.633666 ] ] } },
{ "type": "Feature", "properties": { "id": 145324, "nach": 0.39242823197627319 }, "geometry": { "type": "LineString", "coordinates": [ [ -0.76024, 51.6337318 ], [ -0.7602117, 51.633773699999985 ], [ -0.7599406, 51.6337307 ], [ -0.7599476, 51.633716 ], [ -0.7597923, 51.633666 ] ] } },
{ "type": "Feature", "properties": { "id": 145301, "nach": 0.40806608480095069 }, "geometry": { "type": "LineString", "coordinates": [ [ -0.7586361, 51.6337807 ], [ -0.7587077, 51.6334939 ] ] } },
{ "type": "Feature", "properties": { "id": 145308, "nach": 0.53247822039507176 }, "geometry": { "type": "LineString", "coordinates": [ [ -0.7581453, 51.6334315 ], [ -0.7581827, 51.6334404 ], [ -0.7583195, 51.6334621 ], [ -0.7584697, 51.6334745 ], [ -0.7586762, 51.633492 ], [ -0.7587077, 51.6334939 ] ] } },
{ "type": "Feature", "properties": { "id": 184724, "nach": 0.48441586392073127 }, "geometry": { "type": "LineString", "coordinates": [ [ -0.7551539, 51.6273157 ], [ -0.7551248, 51.62736360000001 ], [ -0.7549041, 51.6276833 ] ] } },
{ "type": "Feature", "properties": { "id": 184726, "nach": 0.41561284465106202 }, "geometry": { "type": "LineString", "coordinates": [ [ -0.7556145, 51.62763910000001 ], [ -0.7557334, 51.6274587 ], [ -0.7551539, 51.6273157 ] ] } },
{ "type": "Feature", "properties": { "id": 210993, "nach": 0.40905754400121747 }, "geometry": { "type": "LineString", "coordinates": [ [ -0.7539792, 51.6272084 ], [ -0.7541878, 51.627032 ], [ -0.7542422, 51.6270135 ], [ -0.7551225, 51.6272389 ], [ -0.7551665, 51.627269800000015 ], [ -0.7551539, 51.6273157 ] ] } },
{ "type": "Feature", "properties": { "id": 180154, "nach": 0.4088598362533894 }, "geometry": { "type": "LineString", "coordinates": [ [ -0.7694117, 51.632841 ], [ -0.7692261, 51.6328255 ], [ -0.7688852, 51.6328017 ], [ -0.7687942, 51.632928500000013 ] ] } },
{ "type": "Feature", "properties": { "id": 180157, "nach": 0.40689352654721184 }, "geometry": { "type": "LineString", "coordinates": [ [ -0.769243, 51.6323789 ], [ -0.7691864, 51.632530700000011 ], [ -0.7691621, 51.6325909 ], [ -0.7691783, 51.6326098 ], [ -0.7692126, 51.6326173 ], [ -0.7692935, 51.63262730000001 ], [ -0.7693824, 51.632644900000017 ], [ -0.7694229, 51.6326587 ], [ -0.7694431, 51.632672500000012 ], [ -0.7694532, 51.6326951 ], [ -0.7694117, 51.632841 ] ] } },
{ "type": "Feature", "properties": { "id": 76301, "nach": 0.33316911811453215 }, "geometry": { "type": "LineString", "coordinates": [ [ -0.7718945, 51.6241285 ], [ -0.7734743, 51.6242075 ] ] } },
{ "type": "Feature", "properties": { "id": 210944, "nach": 0.49615019667768268 }, "geometry": { "type": "LineString", "coordinates": [ [ -0.7718412, 51.6243821 ], [ -0.7718945, 51.6241285 ] ] } },
{ "type": "Feature", "properties": { "id": 111067, "nach": 0.49904972384930785 }, "geometry": { "type": "LineString", "coordinates": [ [ -0.7719373, 51.6235349 ], [ -0.7718945, 51.6241285 ] ] } },
{ "type": "Feature", "properties": { "id": 210943, "nach": 0.49387526247224894 }, "geometry": { "type": "LineString", "coordinates": [ [ -0.7718412, 51.6243821 ], [ -0.7718391, 51.6243922 ] ] } },
{ "type": "Feature", "properties": { "id": 210946, "nach": 0.32873815376168819 }, "geometry": { "type": "LineString", "coordinates": [ [ -0.773734, 51.6245535 ], [ -0.7736462, 51.6245445 ], [ -0.7735593, 51.6245342 ], [ -0.7735318, 51.6245304 ], [ -0.7735001, 51.6245247 ], [ -0.7734714, 51.6245143 ], [ -0.7734166, 51.6244931 ], [ -0.773368, 51.6244758 ], [ -0.7733174, 51.6244649 ], [ -0.7732686, 51.6244609 ], [ -0.7728893, 51.6244448 ], [ -0.7719739, 51.6243923 ], [ -0.7718412, 51.6243821 ] ] } },
{ "type": "Feature", "properties": { "id": 147259, "nach": 0.50919199425520389 }, "geometry": { "type": "LineString", "coordinates": [ [ -0.7719515, 51.6234558 ], [ -0.7719373, 51.6235349 ] ] } },
{ "type": "Feature", "properties": { "id": 76717, "nach": 0.41447238587847063 }, "geometry": { "type": "LineString", "coordinates": [ [ -0.7637241, 51.6189898 ], [ -0.7640575, 51.6190321 ] ] } },
{ "type": "Feature", "properties": { "id": 76722, "nach": 0.41405578208170896 }, "geometry": { "type": "LineString", "coordinates": [ [ -0.7633499, 51.619011 ], [ -0.7637241, 51.6189898 ] ] } },
{ "type": "Feature", "properties": { "id": 76832, "nach": 0.56536612184658508 }, "geometry": { "type": "LineString", "coordinates": [ [ -0.752778, 51.6337022 ], [ -0.7526176, 51.6338624 ], [ -0.7523943, 51.634044499999987 ], [ -0.7522563, 51.634216700000017 ], [ -0.7522401, 51.634259900000011 ] ] } },
{ "type": "Feature", "properties": { "id": 115886, "nach": 0.49449534146789315 }, "geometry": { "type": "LineString", "coordinates": [ [ -0.7529435, 51.6333963 ], [ -0.7529395, 51.6334324 ], [ -0.7528668, 51.633592100000016 ], [ -0.752778, 51.6337022 ] ] } },
{ "type": "Feature", "properties": { "id": 115887, "nach": 0.50301823384450217 }, "geometry": { "type": "LineString", "coordinates": [ [ -0.7527235, 51.6334377 ], [ -0.7527548, 51.633266 ] ] } },
{ "type": "Feature", "properties": { "id": 115884, "nach": 0.45544641095667859 }, "geometry": { "type": "LineString", "coordinates": [ [ -0.7529435, 51.6333963 ], [ -0.7531446, 51.6334403 ] ] } },
{ "type": "Feature", "properties": { "id": 115889, "nach": 0.44375254652616497 }, "geometry": { "type": "LineString", "coordinates": [ [ -0.7527235, 51.6334377 ], [ -0.7528048, 51.63344630000001 ], [ -0.7528062, 51.6333931 ], [ -0.7529435, 51.6333963 ] ] } },
{ "type": "Feature", "properties": { "id": 187794, "nach": 0.24691111031295893 }, "geometry": { "type": "LineString", "coordinates": [ [ -0.7515509, 51.621124499999986 ], [ -0.751923, 51.6210205 ], [ -0.752768, 51.6208229 ], [ -0.7532436, 51.6207391 ], [ -0.7542197, 51.6205808 ], [ -0.7542985, 51.620545600000014 ], [ -0.7543702, 51.620504 ], [ -0.7545858, 51.6203874 ], [ -0.7546667, 51.6203726 ], [ -0.7547519, 51.6203728 ], [ -0.7550534, 51.6203957 ], [ -0.7553029, 51.6204069 ], [ -0.7555765, 51.6204377 ], [ -0.7558186, 51.6204946 ], [ -0.7560841, 51.6205409 ], [ -0.7562921, 51.6205923 ], [ -0.7564251, 51.620639900000015 ], [ -0.7565114, 51.6206847 ], [ -0.7565789, 51.6207381 ], [ -0.7566365, 51.6208138 ], [ -0.7566677, 51.620862399999986 ], [ -0.756671, 51.62088090000001 ] ] } },
{ "type": "Feature", "properties": { "id": 187803, "nach": 0.35822529184402074 }, "geometry": { "type": "LineString", "coordinates": [ [ -0.751099, 51.6213083 ], [ -0.7511149, 51.6212866 ], [ -0.7511688, 51.6212495 ], [ -0.7515143, 51.621134700000013 ], [ -0.7515509, 51.621124499999986 ] ] } },
{ "type": "Feature", "properties": { "id": 187796, "nach": 0.17980056887025098 }, "geometry": { "type": "LineString", "coordinates": [ [ -0.7501542, 51.6211707 ], [ -0.7501555, 51.6211932 ], [ -0.7501632, 51.62123290000001 ], [ -0.7501833, 51.6212691 ], [ -0.7502447, 51.6213326 ], [ -0.7502959, 51.6213793 ], [ -0.7503611, 51.6214447 ], [ -0.7504188, 51.6214962 ], [ -0.7504371, 51.6215344 ] ] } },
{ "type": "Feature", "properties": { "id": 187800, "nach": 0.29383573322477874 }, "geometry": { "type": "LineString", "coordinates": [ [ -0.7506992, 51.6215523 ], [ -0.7506711, 51.6215258 ], [ -0.7502103, 51.6211832 ], [ -0.7501542, 51.6211707 ] ] } },
{ "type": "Feature", "properties": { "id": 92806, "nach": 0.45093865820789819 }, "geometry": { "type": "LineString", "coordinates": [ [ -0.7580563, 51.6170226 ], [ -0.7580305, 51.6170568 ], [ -0.7580043, 51.617105 ], [ -0.7579978, 51.617163900000023 ], [ -0.7579727, 51.617221699999988 ], [ -0.7577537, 51.6176173 ] ] } },
{ "type": "Feature", "properties": { "id": 182438, "nach": 0.51934572952643476 }, "geometry": { "type": "LineString", "coordinates": [ [ -0.7608928, 51.6183678 ], [ -0.7608196, 51.6183492 ], [ -0.7595686, 51.6180391 ], [ -0.7577537, 51.6176173 ] ] } },
{ "type": "Feature", "properties": { "id": 77005, "nach": 0.49217822506595921 }, "geometry": { "type": "LineString", "coordinates": [ [ -0.745993, 51.629217 ], [ -0.7460645, 51.6292145 ], [ -0.7461369, 51.629227 ], [ -0.7464899, 51.6293258 ], [ -0.7470525, 51.6294724 ], [ -0.7470993, 51.629481 ] ] } },
{ "type": "Feature", "properties": { "id": 105918, "nach": 0.56890380410312258 }, "geometry": { "type": "LineString", "coordinates": [ [ -0.7470357, 51.6295323 ], [ -0.7470993, 51.629481 ] ] } },
{ "type": "Feature", "properties": { "id": 105912, "nach": 0.59107120952103742 }, "geometry": { "type": "LineString", "coordinates": [ [ -0.7471236, 51.629443900000012 ], [ -0.7470993, 51.629481 ] ] } },
{ "type": "Feature", "properties": { "id": 105939, "nach": 0.45194430346277648 }, "geometry": { "type": "LineString", "coordinates": [ [ -0.7468077, 51.6298175 ], [ -0.746939, 51.6297777 ], [ -0.7470991, 51.6295466 ], [ -0.7470357, 51.6295323 ] ] } },
{ "type": "Feature", "properties": { "id": 139712, "nach": 0.5673628577212233 }, "geometry": { "type": "LineString", "coordinates": [ [ -0.7465976, 51.6292987 ], [ -0.7468907, 51.6293813 ], [ -0.7470945, 51.6294413 ], [ -0.7471236, 51.629443900000012 ] ] } },
{ "type": "Feature", "properties": { "id": 116184, "nach": 0.44433530347166461 }, "geometry": { "type": "LineString", "coordinates": [ [ -0.7467818, 51.6298397 ], [ -0.7467622, 51.6298613 ] ] } },
{ "type": "Feature", "properties": { "id": 116183, "nach": 0.47209446501622926 }, "geometry": { "type": "LineString", "coordinates": [ [ -0.7467818, 51.6298397 ], [ -0.7468077, 51.6298175 ] ] } },
{ "type": "Feature", "properties": { "id": 84309, "nach": 0.51048545266655065 }, "geometry": { "type": "LineString", "coordinates": [ [ -0.7496624, 51.6267753 ], [ -0.7496917, 51.6267729 ], [ -0.7497225, 51.62677750000001 ] ] } },
{ "type": "Feature", "properties": { "id": 84318, "nach": 0.40953002519992288 }, "geometry": { "type": "LineString", "coordinates": [ [ -0.749604, 51.6268352 ], [ -0.7496039, 51.6268169 ], [ -0.7496102, 51.626804 ], [ -0.7496269, 51.6267888 ], [ -0.7496624, 51.6267753 ] ] } },
{ "type": "Feature", "properties": { "id": 180110, "nach": 0.55007604215771 }, "geometry": { "type": "LineString", "coordinates": [ [ -0.749076553414562, 51.626717269379505 ], [ -0.7496624, 51.6267753 ] ] } },
{ "type": "Feature", "properties": { "id": 84313, "nach": 0.41779810512592591 }, "geometry": { "type": "LineString", "coordinates": [ [ -0.7497225, 51.62677750000001 ], [ -0.749747, 51.6267878 ], [ -0.7497644, 51.6268026 ], [ -0.7497705, 51.6268131 ], [ -0.7497725, 51.6268314 ], [ -0.7497567, 51.6268568 ] ] } },
{ "type": "Feature", "properties": { "id": 84314, "nach": 0.50901612231831173 }, "geometry": { "type": "LineString", "coordinates": [ [ -0.7497225, 51.62677750000001 ], [ -0.7498695, 51.6267738 ], [ -0.7500523, 51.6267901 ] ] } },
{ "type": "Feature", "properties": { "id": 112756, "nach": 0.53851729433731976 }, "geometry": { "type": "LineString", "coordinates": [ [ -0.7502335, 51.626561100000011 ], [ -0.7502338, 51.6265129 ] ] } },
{ "type": "Feature", "properties": { "id": 112746, "nach": 0.48994709698500993 }, "geometry": { "type": "LineString", "coordinates": [ [ -0.7502383, 51.6263644 ], [ -0.7502333, 51.6264405 ], [ -0.7502338, 51.6265129 ] ] } },
{ "type": "Feature", "properties": { "id": 183089, "nach": 0.48214949568633442 }, "geometry": { "type": "LineString", "coordinates": [ [ -0.7515482, 51.6263289 ], [ -0.7515337, 51.6263466 ], [ -0.7514932, 51.626376 ], [ -0.7514179, 51.6264079 ], [ -0.7513689, 51.6264281 ], [ -0.7513219, 51.6264485 ], [ -0.7512405, 51.626475 ], [ -0.7509397, 51.6265055 ], [ -0.7506835, 51.6265103 ], [ -0.7502338, 51.6265129 ] ] } },
{ "type": "Feature", "properties": { "id": 112758, "nach": 0.50400197837198912 }, "geometry": { "type": "LineString", "coordinates": [ [ -0.7502335, 51.626561100000011 ], [ -0.7494547, 51.626580800000013 ], [ -0.7491884, 51.6265403 ] ] } },
{ "type": "Feature", "properties": { "id": 112745, "nach": 0.4264280276417704 }, "geometry": { "type": "LineString", "coordinates": [ [ -0.7502383, 51.6263644 ], [ -0.750254, 51.626253 ], [ -0.7502568, 51.6262284 ], [ -0.750254, 51.6262054 ], [ -0.7502322, 51.6261857 ], [ -0.7502048, 51.6261652 ], [ -0.7501732, 51.6261507 ], [ -0.7501009, 51.6261253 ], [ -0.7499623, 51.626087 ], [ -0.7498279, 51.6260687 ], [ -0.749759, 51.6260718 ], [ -0.7496823, 51.6260807 ], [ -0.7494213, 51.626104100000013 ], [ -0.7493151, 51.6261054 ], [ -0.7492083, 51.62609530000001 ], [ -0.7491073, 51.6260823 ], [ -0.7484773, 51.625932400000011 ], [ -0.7483904, 51.6258986 ], [ -0.7483167, 51.6258531 ], [ -0.7481149, 51.6256777 ], [ -0.7476477, 51.6253167 ], [ -0.7474182, 51.6252135 ] ] } },
{ "type": "Feature", "properties": { "id": 112754, "nach": 0.18567567235501786 }, "geometry": { "type": "LineString", "coordinates": [ [ -0.7491884, 51.6265403 ], [ -0.7500309, 51.6263841 ], [ -0.7501762, 51.6263634 ], [ -0.7502383, 51.6263644 ] ] } },
{ "type": "Feature", "properties": { "id": 183092, "nach": 0.41988008356767731 }, "geometry": { "type": "LineString", "coordinates": [ [ -0.7512226, 51.6263772 ], [ -0.7508739, 51.626411 ], [ -0.7508123, 51.6264141 ], [ -0.7507349, 51.6264119 ], [ -0.7502914, 51.626367 ], [ -0.7502383, 51.6263644 ] ] } },
{ "type": "Feature", "properties": { "id": 183091, "nach": 0.4163203351326023 }, "geometry": { "type": "LineString", "coordinates": [ [ -0.7515846, 51.6262774 ], [ -0.7515482, 51.6263289 ] ] } },
{ "type": "Feature", "properties": { "id": 183090, "nach": 0.4118195684352724 }, "geometry": { "type": "LineString", "coordinates": [ [ -0.751057, 51.62618410000001 ], [ -0.7515482, 51.6263289 ] ] } },
{ "type": "Feature", "properties": { "id": 84321, "nach": 0.59618363580926581 }, "geometry": { "type": "LineString", "coordinates": [ [ -0.7497567, 51.6268568 ], [ -0.7497355, 51.626869599999985 ] ] } },
{ "type": "Feature", "properties": { "id": 96902, "nach": 0.5916819859442104 }, "geometry": { "type": "LineString", "coordinates": [ [ -0.7500523, 51.6267901 ], [ -0.7498815, 51.6268237 ], [ -0.7497567, 51.6268568 ] ] } },
{ "type": "Feature", "properties": { "id": 84319, "nach": 0.52910915423265781 }, "geometry": { "type": "LineString", "coordinates": [ [ -0.74910181508552, 51.626815308721788 ], [ -0.749604, 51.6268352 ] ] } },
{ "type": "Feature", "properties": { "id": 182501, "nach": 0.38123416825682721 }, "geometry": { "type": "LineString", "coordinates": [ [ -0.7585263, 51.617179299999982 ], [ -0.7585241, 51.6171366 ], [ -0.7582313, 51.6170584 ], [ -0.7580563, 51.6170226 ] ] } },
{ "type": "Feature", "properties": { "id": 182436, "nach": 0.51464848979692057 }, "geometry": { "type": "LineString", "coordinates": [ [ -0.7608928, 51.6183678 ], [ -0.7609067, 51.618347600000014 ], [ -0.7609359, 51.6183167 ], [ -0.7611767, 51.6182083 ], [ -0.7612984, 51.6181014 ], [ -0.7614774, 51.617907500000015 ], [ -0.7616677, 51.6176949 ], [ -0.7617178, 51.6176366 ], [ -0.7617325, 51.6176209 ] ] } },
{ "type": "Feature", "properties": { "id": 182437, "nach": 0.47117777469759548 }, "geometry": { "type": "LineString", "coordinates": [ [ -0.7608928, 51.6183678 ], [ -0.7608663, 51.6184065 ], [ -0.7608641, 51.6184297 ], [ -0.7609028, 51.6185261 ] ] } },
{ "type": "Feature", "properties": { "id": 182435, "nach": 0.25149623246319824 }, "geometry": { "type": "LineString", "coordinates": [ [ -0.7608928, 51.6183678 ], [ -0.7610125, 51.6183791 ], [ -0.7610606, 51.618380500000015 ], [ -0.7611251, 51.6183733 ], [ -0.7612561, 51.618337500000017 ] ] } },
{ "type": "Feature", "properties": { "id": 144011, "nach": 0.59279125386809384 }, "geometry": { "type": "LineString", "coordinates": [ [ -0.7568509, 51.6313205 ], [ -0.7568698, 51.6313106 ], [ -0.7569396, 51.6313021 ], [ -0.7570256, 51.631315 ] ] } },
{ "type": "Feature", "properties": { "id": 115484, "nach": 0.61115456757406017 }, "geometry": { "type": "LineString", "coordinates": [ [ -0.7560719, 51.6319028 ], [ -0.7561609, 51.6318509 ] ] } },
{ "type": "Feature", "properties": { "id": 115490, "nach": 0.51981335450509369 }, "geometry": { "type": "LineString", "coordinates": [ [ -0.7561227, 51.6319933 ], [ -0.7560796, 51.6319649 ], [ -0.7561254, 51.6319381 ], [ -0.7560719, 51.6319028 ] ] } },
{ "type": "Feature", "properties": { "id": 182412, "nach": 0.58459650901343874 }, "geometry": { "type": "LineString", "coordinates": [ [ -0.7629377, 51.618267 ], [ -0.762835, 51.6184004 ], [ -0.7627634, 51.618493399999984 ] ] } },
{ "type": "Feature", "properties": { "id": 182413, "nach": 0.46126918797276584 }, "geometry": { "type": "LineString", "coordinates": [ [ -0.7629377, 51.618267 ], [ -0.7627933, 51.6182747 ], [ -0.7625102, 51.6182841 ], [ -0.7623425, 51.6183058 ] ] } },
{ "type": "Feature", "properties": { "id": 182420, "nach": 0.50190144237494783 }, "geometry": { "type": "LineString", "coordinates": [ [ -0.7630234, 51.6182624 ], [ -0.7629377, 51.618267 ] ] } },
{ "type": "Feature", "properties": { "id": 145910, "nach": 0.44572194682965599 }, "geometry": { "type": "LineString", "coordinates": [ [ -0.7549961, 51.630845 ], [ -0.7549724, 51.6308565 ], [ -0.7549239, 51.6309898 ], [ -0.7549292, 51.631083 ] ] } },
{ "type": "Feature", "properties": { "id": 116004, "nach": 0.50052101291424 }, "geometry": { "type": "LineString", "coordinates": [ [ -0.7555315, 51.6316323 ], [ -0.7549801, 51.6311637 ], [ -0.7549292, 51.631083 ] ] } },
{ "type": "Feature", "properties": { "id": 116003, "nach": 0.47565146583027057 }, "geometry": { "type": "LineString", "coordinates": [ [ -0.7555315, 51.6316323 ], [ -0.7554791, 51.631661 ] ] } },
{ "type": "Feature", "properties": { "id": 115953, "nach": 0.45818035572727062 }, "geometry": { "type": "LineString", "coordinates": [ [ -0.7548055, 51.631188 ], [ -0.754736, 51.6312544 ] ] } },
{ "type": "Feature", "properties": { "id": 183099, "nach": 0.39139126654971723 }, "geometry": { "type": "LineString", "coordinates": [ [ -0.7467072, 51.6244023 ], [ -0.7465985, 51.6245451 ], [ -0.7465634, 51.6246577 ], [ -0.7465528, 51.6246941 ], [ -0.746561, 51.6247349 ], [ -0.7465966, 51.62477890000001 ], [ -0.7466656, 51.6248149 ], [ -0.747132, 51.625024 ], [ -0.7474182, 51.6252135 ] ] } },
{ "type": "Feature", "properties": { "id": 112750, "nach": 0.2545987452954297 }, "geometry": { "type": "LineString", "coordinates": [ [ -0.747089, 51.626378400000014 ], [ -0.7470655, 51.626244400000012 ], [ -0.7470643, 51.626203 ], [ -0.7470818, 51.62616950000001 ], [ -0.7471048, 51.6261255 ], [ -0.7471295, 51.6260915 ], [ -0.7471421, 51.6260616 ], [ -0.7471487, 51.6260058 ], [ -0.747133, 51.6259621 ], [ -0.7470963, 51.6259283 ], [ -0.7470606, 51.625877500000016 ], [ -0.7470435, 51.625813 ], [ -0.7470393, 51.62576150000001 ], [ -0.7470557, 51.6257116 ], [ -0.7471919, 51.6254489 ], [ -0.7472672, 51.6253539 ], [ -0.7474182, 51.6252135 ] ] } },
{ "type": "Feature", "properties": { "id": 112760, "nach": 0.43414251752530753 }, "geometry": { "type": "LineString", "coordinates": [ [ -0.7484481, 51.6266173 ], [ -0.7483595, 51.6266457 ], [ -0.7482377, 51.6266614 ], [ -0.7481252, 51.6266646 ], [ -0.7479661, 51.626652 ], [ -0.7478593, 51.626643 ], [ -0.7477524, 51.6266472 ], [ -0.7476193, 51.6266385 ], [ -0.74742, 51.6266325 ], [ -0.7473587, 51.626621900000018 ], [ -0.7473008, 51.626606099999982 ], [ -0.7472264, 51.6265666 ], [ -0.7471616, 51.6265225 ], [ -0.7471225, 51.6264754 ], [ -0.747089, 51.626378400000014 ] ] } },
{ "type": "Feature", "properties": { "id": 183093, "nach": 0.386522886267962 }, "geometry": { "type": "LineString", "coordinates": [ [ -0.7475438, 51.6266146 ], [ -0.7475305, 51.6265876 ], [ -0.7472438, 51.6263772 ], [ -0.7471846, 51.6263742 ], [ -0.747089, 51.626378400000014 ] ] } },
{ "type": "Feature", "properties": { "id": 159446, "nach": 0.42288131520632327 }, "geometry": { "type": "LineString", "coordinates": [ [ -0.7603351, 51.6348609 ], [ -0.760431, 51.6347814 ] ] } },
{ "type": "Feature", "properties": { "id": 159449, "nach": 0.41646033491186008 }, "geometry": { "type": "LineString", "coordinates": [ [ -0.7598334, 51.634671900000022 ], [ -0.7603351, 51.6348609 ] ] } },
{ "type": "Feature", "properties": { "id": 231183, "nach": 0.42769784546960743 }, "geometry": { "type": "LineString", "coordinates": [ [ -0.758399, 51.63475050000001 ], [ -0.7582547, 51.634760900000018 ] ] } },
{ "type": "Feature", "properties": { "id": 231182, "nach": 0.42560600455176734 }, "geometry": { "type": "LineString", "coordinates": [ [ -0.757975, 51.63477730000001 ], [ -0.7582547, 51.634760900000018 ] ] } },
{ "type": "Feature", "properties": { "id": 139714, "nach": 0.51564993990394403 }, "geometry": { "type": "LineString", "coordinates": [ [ -0.7465976, 51.6292987 ], [ -0.7466378, 51.6292287 ], [ -0.7466165, 51.6292231 ], [ -0.7469453, 51.6287569 ], [ -0.7470435, 51.6286351 ], [ -0.7472295, 51.6283883 ], [ -0.7472503, 51.6283948 ] ] } },
{ "type": "Feature", "properties": { "id": 154895, "nach": 0.50977867819930389 }, "geometry": { "type": "LineString", "coordinates": [ [ -0.7719706, 51.6233491 ], [ -0.7719515, 51.6234558 ] ] } },
{ "type": "Feature", "properties": { "id": 219655, "nach": 0.54518338837908198 }, "geometry": { "type": "LineString", "coordinates": [ [ -0.7617732, 51.6175605 ], [ -0.7617837, 51.6175449 ], [ -0.7620134, 51.6172 ] ] } },
{ "type": "Feature", "properties": { "id": 116044, "nach": 0.43793574516368267 }, "geometry": { "type": "LineString", "coordinates": [ [ -0.754507, 51.6286804 ], [ -0.7541691, 51.6286138 ], [ -0.7539842, 51.6286103 ] ] } },
{ "type": "Feature", "properties": { "id": 228689, "nach": 0.41466914666617849 }, "geometry": { "type": "LineString", "coordinates": [ [ -0.7623575, 51.6190113 ], [ -0.7622925, 51.6190962 ] ] } },
{ "type": "Feature", "properties": { "id": 228690, "nach": 0.45471705303850934 }, "geometry": { "type": "LineString", "coordinates": [ [ -0.7623575, 51.6190113 ], [ -0.7624464, 51.618895 ] ] } },
{ "type": "Feature", "properties": { "id": 228693, "nach": 0.26197325106557651 }, "geometry": { "type": "LineString", "coordinates": [ [ -0.7624905, 51.618936 ], [ -0.7624735, 51.6189596 ], [ -0.7625083, 51.6189921 ], [ -0.7623575, 51.6190113 ] ] } },
{ "type": "Feature", "properties": { "id": 109911, "nach": 0.54300829052978727 }, "geometry": { "type": "LineString", "coordinates": [ [ -0.7626081, 51.6190454 ], [ -0.7624905, 51.618936 ] ] } },
{ "type": "Feature", "properties": { "id": 182376, "nach": 0.22951953738091324 }, "geometry": { "type": "LineString", "coordinates": [ [ -0.7626587, 51.6190237 ], [ -0.7626081, 51.6190454 ] ] } },
{ "type": "Feature", "properties": { "id": 182379, "nach": 0.53485607137655855 }, "geometry": { "type": "LineString", "coordinates": [ [ -0.762684, 51.6191282 ], [ -0.7626081, 51.6190454 ] ] } },
{ "type": "Feature", "properties": { "id": 228694, "nach": 0.54944553995848155 }, "geometry": { "type": "LineString", "coordinates": [ [ -0.7624905, 51.618936 ], [ -0.7625098, 51.61890910000001 ], [ -0.7627332, 51.618628 ] ] } },
{ "type": "Feature", "properties": { "id": 228692, "nach": 0.21350728095310828 }, "geometry": { "type": "LineString", "coordinates": [ [ -0.7624905, 51.618936 ], [ -0.7624464, 51.618895 ] ] } },
{ "type": "Feature", "properties": { "id": 109917, "nach": 0.41743028616061051 }, "geometry": { "type": "LineString", "coordinates": [ [ -0.762913, 51.6186754 ], [ -0.7628599, 51.6187457 ] ] } },
{ "type": "Feature", "properties": { "id": 109913, "nach": 0.4584333793308934 }, "geometry": { "type": "LineString", "coordinates": [ [ -0.7628599, 51.6187457 ], [ -0.7626757, 51.61898 ] ] } },
{ "type": "Feature", "properties": { "id": 109915, "nach": 0.49933992351175771 }, "geometry": { "type": "LineString", "coordinates": [ [ -0.7628102, 51.6186712 ], [ -0.7628599, 51.6187457 ] ] } },
{ "type": "Feature", "properties": { "id": 109914, "nach": 0.42048530379696764 }, "geometry": { "type": "LineString", "coordinates": [ [ -0.7626757, 51.61898 ], [ -0.7626758, 51.6190077 ], [ -0.7626587, 51.6190237 ] ] } },
{ "type": "Feature", "properties": { "id": 109916, "nach": 0.0 }, "geometry": { "type": "LineString", "coordinates": [ [ -0.7628102, 51.6186712 ], [ -0.7626151, 51.6189117 ], [ -0.7626757, 51.61898 ] ] } },
{ "type": "Feature", "properties": { "id": 182377, "nach": 0.28155199819133947 }, "geometry": { "type": "LineString", "coordinates": [ [ -0.7626587, 51.6190237 ], [ -0.7627203, 51.6190786 ], [ -0.7627091, 51.6191016 ], [ -0.762684, 51.6191282 ] ] } },
{ "type": "Feature", "properties": { "id": 182423, "nach": 0.51323662393008052 }, "geometry": { "type": "LineString", "coordinates": [ [ -0.7627332, 51.618628 ], [ -0.7627394, 51.6186345 ], [ -0.7628102, 51.6186712 ] ] } },
{ "type": "Feature", "properties": { "id": 182385, "nach": 0.5826989530473039 }, "geometry": { "type": "LineString", "coordinates": [ [ -0.7627634, 51.618493399999984 ], [ -0.7626959, 51.6185886 ] ] } },
{ "type": "Feature", "properties": { "id": 109919, "nach": 0.56501791538408519 }, "geometry": { "type": "LineString", "coordinates": [ [ -0.7626959, 51.6185886 ], [ -0.7627332, 51.618628 ] ] } },
{ "type": "Feature", "properties": { "id": 109920, "nach": 0.48013742877019777 }, "geometry": { "type": "LineString", "coordinates": [ [ -0.7624464, 51.618895 ], [ -0.7626959, 51.6185886 ] ] } },
{ "type": "Feature", "properties": { "id": 182389, "nach": 0.49989183820667876 }, "geometry": { "type": "LineString", "coordinates": [ [ -0.7614002, 51.6188884 ], [ -0.7614165, 51.6188774 ], [ -0.7619325, 51.6186113 ], [ -0.762096, 51.6185803 ], [ -0.7622512, 51.6185865 ], [ -0.7624273, 51.6185424 ], [ -0.7626833, 51.6184906 ], [ -0.7627634, 51.618493399999984 ] ] } },
{ "type": "Feature", "properties": { "id": 182425, "nach": 0.4893767040246737 }, "geometry": { "type": "LineString", "coordinates": [ [ -0.7627332, 51.618628 ], [ -0.7628976, 51.6184209 ], [ -0.7630234, 51.6182624 ] ] } },
{ "type": "Feature", "properties": { "id": 109922, "nach": 0.54008311086393002 }, "geometry": { "type": "LineString", "coordinates": [ [ -0.7625035, 51.6167774 ], [ -0.7628215, 51.6163691 ], [ -0.7628434, 51.6163412 ] ] } },
{ "type": "Feature", "properties": { "id": 109923, "nach": 0.47761717897676337 }, "geometry": { "type": "LineString", "coordinates": [ [ -0.7625035, 51.6167774 ], [ -0.7626151, 51.6165202 ], [ -0.7626612, 51.6164082 ], [ -0.7626639, 51.6163722 ] ] } },
{ "type": "Feature", "properties": { "id": 219658, "nach": 0.61894489126025609 }, "geometry": { "type": "LineString", "coordinates": [ [ -0.7625035, 51.6167774 ], [ -0.762201169589317, 51.617165658185783 ] ] } },
{ "type": "Feature", "properties": { "id": 144972, "nach": 0.5854682821323165 }, "geometry": { "type": "LineString", "coordinates": [ [ -0.7627671, 51.6163196 ], [ -0.7628434, 51.6163412 ] ] } },
{ "type": "Feature", "properties": { "id": 144875, "nach": 0.57988242594354489 }, "geometry": { "type": "LineString", "coordinates": [ [ -0.7630263, 51.6164658 ], [ -0.7629686, 51.6164509 ], [ -0.7629164, 51.6164329 ], [ -0.7629607, 51.6163722 ], [ -0.7629138, 51.6163601 ], [ -0.7628434, 51.6163412 ] ] } },
{ "type": "Feature", "properties": { "id": 144929, "nach": 0.56245603011030121 }, "geometry": { "type": "LineString", "coordinates": [ [ -0.7626639, 51.6163722 ], [ -0.7626073, 51.61636840000002 ] ] } },
{ "type": "Feature", "properties": { "id": 144974, "nach": 0.55804938491932132 }, "geometry": { "type": "LineString", "coordinates": [ [ -0.7627671, 51.6163196 ], [ -0.7627251, 51.6163758 ], [ -0.7626639, 51.6163722 ] ] } },
{ "type": "Feature", "properties": { "id": 109924, "nach": 0.62309444347706144 }, "geometry": { "type": "LineString", "coordinates": [ [ -0.7631106, 51.6163593 ], [ -0.7630263, 51.6164658 ] ] } },
{ "type": "Feature", "properties": { "id": 109927, "nach": 0.60803206614116712 }, "geometry": { "type": "LineString", "coordinates": [ [ -0.7630717, 51.6162542 ], [ -0.7631106, 51.6163593 ] ] } },
{ "type": "Feature", "properties": { "id": 144873, "nach": 0.63100345905893085 }, "geometry": { "type": "LineString", "coordinates": [ [ -0.7630263, 51.6164658 ], [ -0.7627008, 51.616877 ] ] } },
{ "type": "Feature", "properties": { "id": 144915, "nach": 0.56597972702131449 }, "geometry": { "type": "LineString", "coordinates": [ [ -0.7630864, 51.6164812 ], [ -0.7630263, 51.6164658 ] ] } },
{ "type": "Feature", "properties": { "id": 109935, "nach": 0.41611068276675867 }, "geometry": { "type": "LineString", "coordinates": [ [ -0.7635348, 51.6169509 ], [ -0.7633022, 51.617223799999984 ] ] } },
{ "type": "Feature", "properties": { "id": 182158, "nach": 0.6266261879718299 }, "geometry": { "type": "LineString", "coordinates": [ [ -0.7631791, 51.6171885 ], [ -0.7633022, 51.617223799999984 ] ] } },
{ "type": "Feature", "properties": { "id": 182243, "nach": 0.62297407806113891 }, "geometry": { "type": "LineString", "coordinates": [ [ -0.7639016, 51.6173874 ], [ -0.7638254, 51.617369 ], [ -0.7637539, 51.6173512 ], [ -0.7633022, 51.617223799999984 ] ] } },
{ "type": "Feature", "properties": { "id": 182160, "nach": 0.58440047495395853 }, "geometry": { "type": "LineString", "coordinates": [ [ -0.7631791, 51.6171885 ], [ -0.7631545, 51.6172184 ] ] } },
{ "type": "Feature", "properties": { "id": 182161, "nach": 0.48428380742759203 }, "geometry": { "type": "LineString", "coordinates": [ [ -0.7631791, 51.6171885 ], [ -0.7632025, 51.6171601 ], [ -0.7632385, 51.6171046 ], [ -0.7634122, 51.6169016 ] ] } },
{ "type": "Feature", "properties": { "id": 182159, "nach": 0.58407405320572692 }, "geometry": { "type": "LineString", "coordinates": [ [ -0.7631791, 51.6171885 ], [ -0.7631284, 51.617173900000012 ] ] } },
{ "type": "Feature", "properties": { "id": 182241, "nach": 0.51203576948655483 }, "geometry": { "type": "LineString", "coordinates": [ [ -0.7639016, 51.6173874 ], [ -0.7639284, 51.6173593 ] ] } },
{ "type": "Feature", "properties": { "id": 182263, "nach": 0.61157014096200391 }, "geometry": { "type": "LineString", "coordinates": [ [ -0.7640105, 51.6174137 ], [ -0.7639016, 51.6173874 ] ] } },
{ "type": "Feature", "properties": { "id": 217177, "nach": 0.40915649477865523 }, "geometry": { "type": "LineString", "coordinates": [ [ -0.7652502, 51.6169892 ], [ -0.7652646, 51.6169742 ] ] } },
{ "type": "Feature", "properties": { "id": 217179, "nach": 0.36065782950856318 }, "geometry": { "type": "LineString", "coordinates": [ [ -0.7652502, 51.6169892 ], [ -0.7651882, 51.6169639 ], [ -0.7649939, 51.6169326 ], [ -0.7648356, 51.6169889 ] ] } },
{ "type": "Feature", "properties": { "id": 219045, "nach": 0.44819774778771088 }, "geometry": { "type": "LineString", "coordinates": [ [ -0.7651842, 51.6170579 ], [ -0.7652502, 51.6169892 ] ] } },
{ "type": "Feature", "properties": { "id": 139695, "nach": 0.42792677048776412 }, "geometry": { "type": "LineString", "coordinates": [ [ -0.7466489, 51.6285313 ], [ -0.7466402, 51.628546 ] ] } },
{ "type": "Feature", "properties": { "id": 139696, "nach": 0.5239344176181342 }, "geometry": { "type": "LineString", "coordinates": [ [ -0.7466489, 51.6285313 ], [ -0.7469094, 51.6280949 ] ] } },
{ "type": "Feature", "properties": { "id": 139697, "nach": 0.49131393000183193 }, "geometry": { "type": "LineString", "coordinates": [ [ -0.7466489, 51.6285313 ], [ -0.74699, 51.6286265 ] ] } },
{ "type": "Feature", "properties": { "id": 145169, "nach": 0.6213183265125779 }, "geometry": { "type": "LineString", "coordinates": [ [ -0.747195, 51.6281479 ], [ -0.7469094, 51.6280949 ] ] } },
{ "type": "Feature", "properties": { "id": 145170, "nach": 0.6242833186445268 }, "geometry": { "type": "LineString", "coordinates": [ [ -0.747195, 51.6281479 ], [ -0.7472588, 51.6281598 ], [ -0.7474705, 51.628210500000016 ] ] } },
{ "type": "Feature", "properties": { "id": 145172, "nach": 0.43462220907742893 }, "geometry": { "type": "LineString", "coordinates": [ [ -0.7473008, 51.627917700000012 ], [ -0.747282, 51.6279586 ], [ -0.7472283, 51.6280754 ], [ -0.747195, 51.6281479 ] ] } },
{ "type": "Feature", "properties": { "id": 137378, "nach": 0.42658688655344368 }, "geometry": { "type": "LineString", "coordinates": [ [ -0.7533842, 51.6312761 ], [ -0.7535881, 51.6313044 ], [ -0.753777, 51.6313756 ], [ -0.7537426, 51.6315301 ], [ -0.7536225, 51.6316846 ], [ -0.7534178, 51.6318804 ], [ -0.7533601, 51.6319221 ], [ -0.753285, 51.6319412 ], [ -0.7531039, 51.631962 ], [ -0.7529839, 51.6319644 ] ] } },
{ "type": "Feature", "properties": { "id": 110106, "nach": 0.63660539531180282 }, "geometry": { "type": "LineString", "coordinates": [ [ -0.7529839, 51.6319644 ], [ -0.753278861513497, 51.63214321837377 ] ] } },
{ "type": "Feature", "properties": { "id": 139796, "nach": 0.46855611951825321 }, "geometry": { "type": "LineString", "coordinates": [ [ -0.7537579, 51.63193480000001 ], [ -0.7534781, 51.6322428 ] ] } },
{ "type": "Feature", "properties": { "id": 115892, "nach": 0.50740334101378404 }, "geometry": { "type": "LineString", "coordinates": [ [ -0.75327390000001, 51.6324475 ], [ -0.753269, 51.632402 ], [ -0.7534781, 51.6322428 ] ] } },
{ "type": "Feature", "properties": { "id": 110106, "nach": 0.63660539531180282 }, "geometry": { "type": "LineString", "coordinates": [ [ -0.753422365428586, 51.632214943312022 ], [ -0.7534781, 51.6322428 ] ] } },
{ "type": "Feature", "properties": { "id": 139798, "nach": 0.5339961245549163 }, "geometry": { "type": "LineString", "coordinates": [ [ -0.7539877, 51.6321485 ], [ -0.7537579, 51.63193480000001 ] ] } },
{ "type": "Feature", "properties": { "id": 139804, "nach": 0.55324247242382585 }, "geometry": { "type": "LineString", "coordinates": [ [ -0.754119, 51.631555 ], [ -0.7539797, 51.6316906 ], [ -0.7537579, 51.63193480000001 ] ] } },
{ "type": "Feature", "properties": { "id": 115891, "nach": 0.44845878308119247 }, "geometry": { "type": "LineString", "coordinates": [ [ -0.75327390000001, 51.6324475 ], [ -0.7532797, 51.6325007 ], [ -0.7533586, 51.6325524 ] ] } },
{ "type": "Feature", "properties": { "id": 115890, "nach": 0.47500558127266179 }, "geometry": { "type": "LineString", "coordinates": [ [ -0.75327390000001, 51.6324475 ], [ -0.753218, 51.6324681 ], [ -0.7531897, 51.6325007 ] ] } },
{ "type": "Feature", "properties": { "id": 168268, "nach": 0.31469067411855517 }, "geometry": { "type": "LineString", "coordinates": [ [ -0.7690091, 51.6224751 ], [ -0.7692773, 51.622545 ], [ -0.7694329, 51.6226033 ], [ -0.76959, 51.62267520000001 ], [ -0.7694694, 51.6228998 ], [ -0.7695279, 51.6229254 ], [ -0.7705512, 51.62338960000001 ], [ -0.7708923, 51.6234538 ], [ -0.7712886, 51.623458 ], [ -0.771547, 51.6234367 ], [ -0.7719515, 51.6234558 ] ] } },
{ "type": "Feature", "properties": { "id": 111401, "nach": 0.42135257686810851 }, "geometry": { "type": "LineString", "coordinates": [ [ -0.7631519, 51.6335815 ], [ -0.7633952, 51.6336519 ] ] } },
{ "type": "Feature", "properties": { "id": 285095, "nach": 0.48922601399978083 }, "geometry": { "type": "LineString", "coordinates": [ [ -0.762727, 51.63414370000001 ], [ -0.7631519, 51.6335815 ] ] } },
{ "type": "Feature", "properties": { "id": 111402, "nach": 0.42159089758162765 }, "geometry": { "type": "LineString", "coordinates": [ [ -0.7629378, 51.6335196 ], [ -0.7631519, 51.6335815 ] ] } },
{ "type": "Feature", "properties": { "id": 285094, "nach": 0.52584373949051988 }, "geometry": { "type": "LineString", "coordinates": [ [ -0.762727, 51.63414370000001 ], [ -0.7626983, 51.6341817 ] ] } },
{ "type": "Feature", "properties": { "id": 285097, "nach": 0.43395714686026443 }, "geometry": { "type": "LineString", "coordinates": [ [ -0.7624951, 51.6340762 ], [ -0.762727, 51.63414370000001 ] ] } },
{ "type": "Feature", "properties": { "id": 285093, "nach": 0.43486215634286873 }, "geometry": { "type": "LineString", "coordinates": [ [ -0.7629375, 51.6342506 ], [ -0.7626983, 51.6341817 ] ] } },
{ "type": "Feature", "properties": { "id": 161475, "nach": 0.60731360338850537 }, "geometry": { "type": "LineString", "coordinates": [ [ -0.7661459, 51.6354326 ], [ -0.7654316, 51.6352124 ] ] } },
{ "type": "Feature", "properties": { "id": 277750, "nach": 0.58114604761319688 }, "geometry": { "type": "LineString", "coordinates": [ [ -0.7650932, 51.63511 ], [ -0.765157, 51.6351293 ], [ -0.7654316, 51.6352124 ] ] } },
{ "type": "Feature", "properties": { "id": 277748, "nach": 0.42535896451484329 }, "geometry": { "type": "LineString", "coordinates": [ [ -0.765904, 51.6350893 ], [ -0.7657265, 51.6350042 ] ] } },
{ "type": "Feature", "properties": { "id": 161476, "nach": 0.42121316978117124 }, "geometry": { "type": "LineString", "coordinates": [ [ -0.7663226, 51.6351826 ], [ -0.7661459, 51.6354326 ] ] } },
{ "type": "Feature", "properties": { "id": 277752, "nach": 0.42089064527410652 }, "geometry": { "type": "LineString", "coordinates": [ [ -0.7649492, 51.6355126 ], [ -0.7648162, 51.6354906 ], [ -0.7650932, 51.63511 ] ] } },
{ "type": "Feature", "properties": { "id": 143951, "nach": 0.45250827354224482 }, "geometry": { "type": "LineString", "coordinates": [ [ -0.7654735, 51.6334809 ], [ -0.7659196, 51.6337329 ] ] } },
{ "type": "Feature", "properties": { "id": 143952, "nach": 0.4703743819959611 }, "geometry": { "type": "LineString", "coordinates": [ [ -0.7654735, 51.6334809 ], [ -0.7651948, 51.6333221 ] ] } },
{ "type": "Feature", "properties": { "id": 143960, "nach": 0.46648681466280045 }, "geometry": { "type": "LineString", "coordinates": [ [ -0.7656017, 51.633418800000015 ], [ -0.7655328, 51.633452 ], [ -0.7654735, 51.6334809 ] ] } },
{ "type": "Feature", "properties": { "id": 137246, "nach": 0.60363487297546548 }, "geometry": { "type": "LineString", "coordinates": [ [ -0.753875, 51.6298367 ], [ -0.7540993, 51.629761799999983 ] ] } },
{ "type": "Feature", "properties": { "id": 115981, "nach": 0.58653739629169221 }, "geometry": { "type": "LineString", "coordinates": [ [ -0.7552516, 51.6295257 ], [ -0.7549818, 51.6294229 ], [ -0.7548664, 51.6294215 ], [ -0.7543498, 51.6296162 ], [ -0.7541889, 51.6296861 ], [ -0.7540993, 51.629761799999983 ] ] } },
{ "type": "Feature", "properties": { "id": 145851, "nach": 0.56907117487158776 }, "geometry": { "type": "LineString", "coordinates": [ [ -0.7557334, 51.6307651 ], [ -0.7559082, 51.6308629 ], [ -0.7560891, 51.6309673 ], [ -0.7564164, 51.6311457 ], [ -0.7565097, 51.631215 ] ] } },
{ "type": "Feature", "properties": { "id": 145853, "nach": 0.55438342432604359 }, "geometry": { "type": "LineString", "coordinates": [ [ -0.7557334, 51.6307651 ], [ -0.755949, 51.6305024 ], [ -0.7562665, 51.6301136 ], [ -0.7563792, 51.62997570000001 ] ] } },
{ "type": "Feature", "properties": { "id": 112759, "nach": 0.48681081204953908 }, "geometry": { "type": "LineString", "coordinates": [ [ -0.7484481, 51.6266173 ], [ -0.7485175, 51.6265991 ], [ -0.7491884, 51.6265403 ] ] } },
{ "type": "Feature", "properties": { "id": 112761, "nach": 0.41231354154670419 }, "geometry": { "type": "LineString", "coordinates": [ [ -0.7484481, 51.6266173 ], [ -0.7484291, 51.626586300000014 ], [ -0.74832, 51.626500700000015 ] ] } },
{ "type": "Feature", "properties": { "id": 115487, "nach": 0.61362435622095479 }, "geometry": { "type": "LineString", "coordinates": [ [ -0.7559969, 51.6319327 ], [ -0.7560719, 51.6319028 ] ] } },
{ "type": "Feature", "properties": { "id": 115990, "nach": 0.53005413532923018 }, "geometry": { "type": "LineString", "coordinates": [ [ -0.7557941, 51.63192020000001 ], [ -0.7558919, 51.6319527 ], [ -0.7559969, 51.6319327 ] ] } },
{ "type": "Feature", "properties": { "id": 115896, "nach": 0.43696504210021803 }, "geometry": { "type": "LineString", "coordinates": [ [ -0.7526479, 51.6334264 ], [ -0.7527235, 51.6334377 ] ] } },
{ "type": "Feature", "properties": { "id": 115894, "nach": 0.53733517456990265 }, "geometry": { "type": "LineString", "coordinates": [ [ -0.7533672, 51.6326269 ], [ -0.7531375, 51.6325547 ] ] } },
{ "type": "Feature", "properties": { "id": 115855, "nach": 0.51545072918054335 }, "geometry": { "type": "LineString", "coordinates": [ [ -0.7531897, 51.6325007 ], [ -0.7531375, 51.6325547 ] ] } },
{ "type": "Feature", "properties": { "id": 115878, "nach": 0.54338475937167852 }, "geometry": { "type": "LineString", "coordinates": [ [ -0.75292360000001, 51.6326947 ], [ -0.7529917, 51.632647 ], [ -0.7531375, 51.6325547 ] ] } },
{ "type": "Feature", "properties": { "id": 115893, "nach": 0.55141251680651382 }, "geometry": { "type": "LineString", "coordinates": [ [ -0.7533672, 51.6326269 ], [ -0.7534452, 51.6326237 ] ] } },
{ "type": "Feature", "properties": { "id": 284345, "nach": 0.51521110578875606 }, "geometry": { "type": "LineString", "coordinates": [ [ -0.7534606, 51.6326717 ], [ -0.7533672, 51.6326269 ] ] } },
{ "type": "Feature", "properties": { "id": 115841, "nach": 0.54273338103838376 }, "geometry": { "type": "LineString", "coordinates": [ [ -0.7531676, 51.6324401 ], [ -0.7531897, 51.6325007 ] ] } },
{ "type": "Feature", "properties": { "id": 115854, "nach": 0.53354610087735532 }, "geometry": { "type": "LineString", "coordinates": [ [ -0.7531897, 51.6325007 ], [ -0.7532487, 51.632549 ] ] } },
{ "type": "Feature", "properties": { "id": 115877, "nach": 0.55139354408710961 }, "geometry": { "type": "LineString", "coordinates": [ [ -0.75292360000001, 51.6326947 ], [ -0.7528916, 51.6327267 ], [ -0.7528506, 51.6327977 ], [ -0.7528935, 51.6328959 ] ] } },
{ "type": "Feature", "properties": { "id": 115879, "nach": 0.57698252019849305 }, "geometry": { "type": "LineString", "coordinates": [ [ -0.7529113, 51.6326621 ], [ -0.75292360000001, 51.6326947 ] ] } },
{ "type": "Feature", "properties": { "id": 115846, "nach": 0.44515699771010137 }, "geometry": { "type": "LineString", "coordinates": [ [ -0.7537115, 51.6326113 ], [ -0.7536391, 51.63259630000001 ], [ -0.7535908, 51.6326229 ], [ -0.7534433, 51.632588 ], [ -0.7533586, 51.6325524 ] ] } },
{ "type": "Feature", "properties": { "id": 115863, "nach": 0.36255182738519537 }, "geometry": { "type": "LineString", "coordinates": [ [ -0.7532487, 51.632549 ], [ -0.7533586, 51.6325524 ] ] } },
{ "type": "Feature", "properties": { "id": 139793, "nach": 0.53538232756208037 }, "geometry": { "type": "LineString", "coordinates": [ [ -0.7537227, 51.632592 ], [ -0.7537115, 51.6326113 ] ] } },
{ "type": "Feature", "properties": { "id": 115850, "nach": 0.53796817099722405 }, "geometry": { "type": "LineString", "coordinates": [ [ -0.753674, 51.6326828 ], [ -0.7537115, 51.6326113 ] ] } },
{ "type": "Feature", "properties": { "id": 115920, "nach": 0.40118819105480436 }, "geometry": { "type": "LineString", "coordinates": [ [ -0.7546227, 51.6326621 ], [ -0.7545189, 51.6326362 ], [ -0.7542077, 51.63275440000001 ], [ -0.754087, 51.632764400000013 ], [ -0.7538001, 51.6326745 ], [ -0.7537893, 51.6326362 ], [ -0.7537115, 51.6326113 ] ] } },
{ "type": "Feature", "properties": { "id": 284347, "nach": 0.48416740314127027 }, "geometry": { "type": "LineString", "coordinates": [ [ -0.7534606, 51.6326717 ], [ -0.7531827, 51.6327491 ], [ -0.7528935, 51.6328959 ] ] } },
{ "type": "Feature", "properties": { "id": 284346, "nach": 0.43873155626256488 }, "geometry": { "type": "LineString", "coordinates": [ [ -0.7534606, 51.6326717 ], [ -0.7536033, 51.6326945 ] ] } },
{ "type": "Feature", "properties": { "id": 115842, "nach": 0.56529509382298226 }, "geometry": { "type": "LineString", "coordinates": [ [ -0.7531676, 51.6324401 ], [ -0.7529631, 51.6326114 ], [ -0.7529113, 51.6326621 ] ] } },
{ "type": "Feature", "properties": { "id": 137380, "nach": 0.62119366269269671 }, "geometry": { "type": "LineString", "coordinates": [ [ -0.7531676, 51.6324401 ], [ -0.753422365428586, 51.632214943312022 ] ] } },
{ "type": "Feature", "properties": { "id": 139792, "nach": 0.51103852508902803 }, "geometry": { "type": "LineString", "coordinates": [ [ -0.7537227, 51.632592 ], [ -0.7538378, 51.6323935 ] ] } },
{ "type": "Feature", "properties": { "id": 201971, "nach": 0.43879685013390107 }, "geometry": { "type": "LineString", "coordinates": [ [ -0.7542962, 51.6326663 ], [ -0.7542456, 51.632679100000011 ], [ -0.7538825, 51.632619800000015 ], [ -0.7537227, 51.632592 ] ] } },
{ "type": "Feature", "properties": { "id": 115858, "nach": 0.58865981984575455 }, "geometry": { "type": "LineString", "coordinates": [ [ -0.7543252, 51.6328454 ], [ -0.754209, 51.6328463 ], [ -0.753674, 51.6326828 ] ] } },
{ "type": "Feature", "properties": { "id": 115853, "nach": 0.57999482684301085 }, "geometry": { "type": "LineString", "coordinates": [ [ -0.7534452, 51.6326237 ], [ -0.753674, 51.6326828 ] ] } },
{ "type": "Feature", "properties": { "id": 115918, "nach": 0.36601833972304459 }, "geometry": { "type": "LineString", "coordinates": [ [ -0.7546227, 51.6326621 ], [ -0.754476, 51.6327311 ] ] } },
{ "type": "Feature", "properties": { "id": 115919, "nach": 0.43643003375686718 }, "geometry": { "type": "LineString", "coordinates": [ [ -0.7546227, 51.6326621 ], [ -0.7547213, 51.6327005 ], [ -0.7547078, 51.6327238 ], [ -0.7545985, 51.6327458 ] ] } },
{ "type": "Feature", "properties": { "id": 139794, "nach": 0.43055325176064574 }, "geometry": { "type": "LineString", "coordinates": [ [ -0.754868, 51.6324827 ], [ -0.7548608, 51.6325314 ], [ -0.7548299, 51.632564699999989 ], [ -0.7546227, 51.6326621 ] ] } },
{ "type": "Feature", "properties": { "id": 115869, "nach": 0.44770773400003416 }, "geometry": { "type": "LineString", "coordinates": [ [ -0.7545985, 51.6327458 ], [ -0.7545429, 51.6327304 ], [ -0.754476, 51.6327311 ] ] } },
{ "type": "Feature", "properties": { "id": 115859, "nach": 0.47086225304761892 }, "geometry": { "type": "LineString", "coordinates": [ [ -0.7543252, 51.6328454 ], [ -0.7543444, 51.6327867 ], [ -0.7543914, 51.6327553 ], [ -0.754476, 51.6327311 ] ] } },
{ "type": "Feature", "properties": { "id": 137205, "nach": 0.4279855375580508 }, "geometry": { "type": "LineString", "coordinates": [ [ -0.7554093, 51.6328527 ], [ -0.7553335, 51.632876 ], [ -0.7552564, 51.6328894 ], [ -0.7551464, 51.6329014 ], [ -0.7550734, 51.6329035 ], [ -0.7550056, 51.632902700000017 ], [ -0.7549372, 51.632895199999986 ], [ -0.7548662, 51.632882700000017 ], [ -0.7548098, 51.6328653 ], [ -0.7546837, 51.6328054 ], [ -0.7545985, 51.6327458 ] ] } },
{ "type": "Feature", "properties": { "id": 115908, "nach": 0.48881464047281892 }, "geometry": { "type": "LineString", "coordinates": [ [ -0.755178, 51.6329857 ], [ -0.7549761, 51.6329652 ], [ -0.7547481, 51.6329219 ], [ -0.7545469, 51.632852 ], [ -0.754555, 51.63279210000001 ], [ -0.7545985, 51.6327458 ] ] } },
{ "type": "Feature", "properties": { "id": 115902, "nach": 0.58100463543237812 }, "geometry": { "type": "LineString", "coordinates": [ [ -0.7550996, 51.6331065 ], [ -0.7550443, 51.6330866 ], [ -0.7545403, 51.6329725 ], [ -0.7543998, 51.6329274 ], [ -0.7543458, 51.6328885 ], [ -0.7543252, 51.6328454 ] ] } },
{ "type": "Feature", "properties": { "id": 115864, "nach": 0.52508249603647805 }, "geometry": { "type": "LineString", "coordinates": [ [ -0.7532487, 51.632549 ], [ -0.7533959, 51.6326009 ], [ -0.7534452, 51.6326237 ] ] } },
{ "type": "Feature", "properties": { "id": 115906, "nach": 0.5163964520479668 }, "geometry": { "type": "LineString", "coordinates": [ [ -0.755178, 51.6329857 ], [ -0.7550996, 51.6331065 ] ] } },
{ "type": "Feature", "properties": { "id": 115928, "nach": 0.6293806765722525 }, "geometry": { "type": "LineString", "coordinates": [ [ -0.7560772, 51.632385 ], [ -0.7559953, 51.6324724 ] ] } },
{ "type": "Feature", "properties": { "id": 115924, "nach": 0.62893845883927924 }, "geometry": { "type": "LineString", "coordinates": [ [ -0.7558144, 51.6327594 ], [ -0.755978, 51.6325485 ], [ -0.7559953, 51.6324724 ] ] } },
{ "type": "Feature", "properties": { "id": 115985, "nach": 0.43257131852573072 }, "geometry": { "type": "LineString", "coordinates": [ [ -0.755408, 51.6318036 ], [ -0.7560772, 51.632385 ] ] } },
{ "type": "Feature", "properties": { "id": 115984, "nach": 0.5234753537393565 }, "geometry": { "type": "LineString", "coordinates": [ [ -0.755408, 51.6318036 ], [ -0.754736, 51.6312544 ] ] } },
{ "type": "Feature", "properties": { "id": 139802, "nach": 0.49749644563397211 }, "geometry": { "type": "LineString", "coordinates": [ [ -0.754119, 51.631555 ], [ -0.7543426, 51.6312321 ] ] } },
{ "type": "Feature", "properties": { "id": 115952, "nach": 0.53283327383689794 }, "geometry": { "type": "LineString", "coordinates": [ [ -0.754736, 51.6312544 ], [ -0.7546047, 51.631192900000016 ], [ -0.7545109, 51.6311713 ], [ -0.7544277, 51.6311729 ], [ -0.754374, 51.6311862 ], [ -0.7543426, 51.6312321 ] ] } },
{ "type": "Feature", "properties": { "id": 139801, "nach": 0.53341329038331053 }, "geometry": { "type": "LineString", "coordinates": [ [ -0.754119, 51.631555 ], [ -0.7540523, 51.63153590000001 ] ] } },
{ "type": "Feature", "properties": { "id": 139803, "nach": 0.0 }, "geometry": { "type": "LineString", "coordinates": [ [ -0.754119, 51.631555 ], [ -0.754256, 51.6315941 ], [ -0.7543901, 51.6316507 ], [ -0.7544732, 51.6317206 ], [ -0.7543699, 51.631804700000011 ], [ -0.7543146, 51.6318417 ], [ -0.7541809, 51.6319312 ], [ -0.7540186, 51.632101 ], [ -0.7539877, 51.6321485 ] ] } },
{ "type": "Feature", "properties": { "id": 137380, "nach": 0.62119366269269671 }, "geometry": { "type": "LineString", "coordinates": [ [ -0.753422365428586, 51.632214943312022 ], [ -0.7540523, 51.63153590000001 ] ] } },
{ "type": "Feature", "properties": { "id": 115963, "nach": 0.53027238529458454 }, "geometry": { "type": "LineString", "coordinates": [ [ -0.7559482, 51.63150850000001 ], [ -0.7561847, 51.6313849 ], [ -0.7565097, 51.631215 ] ] } },
{ "type": "Feature", "properties": { "id": 143975, "nach": 0.44146690460835897 }, "geometry": { "type": "LineString", "coordinates": [ [ -0.75591, 51.6315285 ], [ -0.7559482, 51.63150850000001 ] ] } },
{ "type": "Feature", "properties": { "id": 137247, "nach": 0.44998392464203274 }, "geometry": { "type": "LineString", "coordinates": [ [ -0.753875, 51.6298367 ], [ -0.7532765, 51.629286 ] ] } },
{ "type": "Feature", "properties": { "id": 137250, "nach": 0.69540270061927378 }, "geometry": { "type": "LineString", "coordinates": [ [ -0.75379400522766, 51.629863698370983 ], [ -0.753875, 51.6298367 ] ] } },
{ "type": "Feature", "properties": { "id": 115980, "nach": 0.54435669420812138 }, "geometry": { "type": "LineString", "coordinates": [ [ -0.7552516, 51.6295257 ], [ -0.7563792, 51.62997570000001 ] ] } },
{ "type": "Feature", "properties": { "id": 116002, "nach": 0.44460745150812014 }, "geometry": { "type": "LineString", "coordinates": [ [ -0.7555315, 51.6316323 ], [ -0.7556496, 51.63156570000001 ] ] } },
{ "type": "Feature", "properties": { "id": 175937, "nach": 0.46377787529782838 }, "geometry": { "type": "LineString", "coordinates": [ [ -0.7566207, 51.6292773 ], [ -0.7566977, 51.6293572 ], [ -0.75715, 51.629632 ] ] } },
{ "type": "Feature", "properties": { "id": 175941, "nach": 0.43976848885232345 }, "geometry": { "type": "LineString", "coordinates": [ [ -0.7566802, 51.629042 ], [ -0.7566279, 51.6292118 ], [ -0.7566207, 51.6292773 ] ] } },
{ "type": "Feature", "properties": { "id": 139702, "nach": 0.52932006346113836 }, "geometry": { "type": "LineString", "coordinates": [ [ -0.7474304, 51.6282594 ], [ -0.7474705, 51.628210500000016 ] ] } },
{ "type": "Feature", "properties": { "id": 182541, "nach": 0.46343407240306889 }, "geometry": { "type": "LineString", "coordinates": [ [ -0.7533638, 51.6250201 ], [ -0.7536376, 51.624783699999988 ], [ -0.7545447, 51.6240397 ] ] } },
{ "type": "Feature", "properties": { "id": 183047, "nach": 0.57669410075706751 }, "geometry": { "type": "LineString", "coordinates": [ [ -0.7530322, 51.6247871 ], [ -0.7530405, 51.6248042 ], [ -0.7530436, 51.6248298 ], [ -0.7530525, 51.6248511 ], [ -0.7530733, 51.6248676 ], [ -0.7531121, 51.6248891 ], [ -0.7531434, 51.624913300000017 ], [ -0.7532018, 51.6249385 ], [ -0.7533638, 51.6250201 ] ] } },
{ "type": "Feature", "properties": { "id": 182815, "nach": 0.51269873610814398 }, "geometry": { "type": "LineString", "coordinates": [ [ -0.7533705, 51.625252600000017 ], [ -0.7533348, 51.6252831 ], [ -0.7532888, 51.6252848 ], [ -0.7532467, 51.625305 ], [ -0.7522913, 51.6261501 ], [ -0.7517787, 51.6266156 ] ] } },
{ "type": "Feature", "properties": { "id": 116174, "nach": 0.43389427648385054 }, "geometry": { "type": "LineString", "coordinates": [ [ -0.7488292, 51.6276752 ], [ -0.7490507, 51.6275087 ] ] } },
{ "type": "Feature", "properties": { "id": 239730, "nach": 0.43168204466532351 }, "geometry": { "type": "LineString", "coordinates": [ [ -0.7483727, 51.6274589 ], [ -0.7488292, 51.6276752 ] ] } },
{ "type": "Feature", "properties": { "id": 137357, "nach": 0.43452724940764464 }, "geometry": { "type": "LineString", "coordinates": [ [ -0.7490507, 51.6275087 ], [ -0.7493024, 51.6273195 ], [ -0.7493301, 51.6273202 ], [ -0.7494169, 51.6273225 ], [ -0.7494888, 51.627355100000017 ] ] } },
{ "type": "Feature", "properties": { "id": 137349, "nach": 0.5480248243515693 }, "geometry": { "type": "LineString", "coordinates": [ [ -0.7509604, 51.6282846 ], [ -0.7507975, 51.6281308 ] ] } },
{ "type": "Feature", "properties": { "id": 116190, "nach": 0.32331644715967167 }, "geometry": { "type": "LineString", "coordinates": [ [ -0.7508729, 51.6280797 ], [ -0.7507975, 51.6281308 ] ] } },
{ "type": "Feature", "properties": { "id": 137352, "nach": 0.44381997815057417 }, "geometry": { "type": "LineString", "coordinates": [ [ -0.7509071, 51.6283276 ], [ -0.7509604, 51.6282846 ] ] } },
{ "type": "Feature", "properties": { "id": 179881, "nach": 0.45717474523556983 }, "geometry": { "type": "LineString", "coordinates": [ [ -0.7504162, 51.6277841 ], [ -0.7504762, 51.6278098 ], [ -0.7505446, 51.627834 ], [ -0.7506278, 51.6278856 ], [ -0.7507216, 51.6279422 ], [ -0.7508142, 51.628008 ], [ -0.7508729, 51.6280797 ] ] } },
{ "type": "Feature", "properties": { "id": 122416, "nach": 0.38681006336012885 }, "geometry": { "type": "LineString", "coordinates": [ [ -0.7545992, 51.6252947 ], [ -0.7547358, 51.625161900000016 ] ] } },
{ "type": "Feature", "properties": { "id": 122417, "nach": 0.34573246573674249 }, "geometry": { "type": "LineString", "coordinates": [ [ -0.7568538, 51.6258005 ], [ -0.7567476, 51.6257289 ], [ -0.7558949, 51.6254398 ], [ -0.7557645, 51.625354 ], [ -0.7552987, 51.625176 ], [ -0.7550863, 51.6250583 ], [ -0.7549239, 51.6250536 ], [ -0.7547358, 51.625161900000016 ] ] } },
{ "type": "Feature", "properties": { "id": 122415, "nach": 0.066949461111754788 }, "geometry": { "type": "LineString", "coordinates": [ [ -0.7545992, 51.6252947 ], [ -0.7544536, 51.6254341 ], [ -0.7539241, 51.6252749 ], [ -0.7540191, 51.6251579 ] ] } },
{ "type": "Feature", "properties": { "id": 228743, "nach": 0.49251540723039494 }, "geometry": { "type": "LineString", "coordinates": [ [ -0.7665646, 51.6171354 ], [ -0.7666672, 51.617068 ], [ -0.7668128, 51.6169687 ], [ -0.7669444, 51.6168836 ], [ -0.7670956, 51.616783199999986 ], [ -0.7672376, 51.6166802 ], [ -0.767335, 51.6165948 ], [ -0.7674653, 51.6164698 ], [ -0.7675457, 51.6163885 ], [ -0.7676313, 51.616294 ], [ -0.7676995, 51.6162098 ], [ -0.7677791, 51.6160925 ], [ -0.7678475, 51.6159921 ], [ -0.76794, 51.6158473 ], [ -0.7680252, 51.6157028 ], [ -0.7681068, 51.61555280000001 ], [ -0.7682142, 51.6153796 ], [ -0.7682912, 51.6152319 ], [ -0.7683732, 51.6150903 ], [ -0.768532, 51.6148222 ], [ -0.7686944, 51.6145458 ], [ -0.7688607, 51.6142489 ] ] } },
{ "type": "Feature", "properties": { "id": 143773, "nach": 0.51097342331934759 }, "geometry": { "type": "LineString", "coordinates": [ [ -0.7664855, 51.6170842 ], [ -0.7665646, 51.6171354 ] ] } },
{ "type": "Feature", "properties": { "id": 143990, "nach": 0.43717896325826844 }, "geometry": { "type": "LineString", "coordinates": [ [ -0.7564192, 51.6315454 ], [ -0.7563874, 51.631345700000011 ] ] } },
{ "type": "Feature", "properties": { "id": 143988, "nach": 0.60656574125646412 }, "geometry": { "type": "LineString", "coordinates": [ [ -0.756376, 51.6315679 ], [ -0.7564192, 51.6315454 ] ] } },
{ "type": "Feature", "properties": { "id": 143991, "nach": 0.60350696957712491 }, "geometry": { "type": "LineString", "coordinates": [ [ -0.7564192, 51.6315454 ], [ -0.7564624, 51.6315229 ] ] } },
{ "type": "Feature", "properties": { "id": 184330, "nach": 0.57610317929827437 }, "geometry": { "type": "LineString", "coordinates": [ [ -0.7622153, 51.6160941 ], [ -0.7622543, 51.6160935 ], [ -0.7623248, 51.6161066 ], [ -0.762414, 51.616133900000015 ], [ -0.7624755, 51.6161539 ], [ -0.7625265, 51.616174400000013 ], [ -0.7625525, 51.6161962 ], [ -0.7625756, 51.616233600000015 ], [ -0.762589, 51.616261900000012 ], [ -0.7626015, 51.61629 ], [ -0.7626157, 51.6163271 ], [ -0.7626138, 51.6163534 ], [ -0.7626073, 51.61636840000002 ] ] } },
{ "type": "Feature", "properties": { "id": 184332, "nach": 0.56609330767257604 }, "geometry": { "type": "LineString", "coordinates": [ [ -0.7624662, 51.6165619 ], [ -0.7625787, 51.6164169 ], [ -0.7626073, 51.61636840000002 ] ] } },
{ "type": "Feature", "properties": { "id": 184337, "nach": 0.40320669164562217 }, "geometry": { "type": "LineString", "coordinates": [ [ -0.7619126, 51.6163655 ], [ -0.7620883, 51.6161703 ], [ -0.7621356, 51.616119799999986 ], [ -0.7621704, 51.6161027 ], [ -0.7622153, 51.6160941 ] ] } },
{ "type": "Feature", "properties": { "id": 184335, "nach": 0.42761349861147224 }, "geometry": { "type": "LineString", "coordinates": [ [ -0.7619126, 51.6163655 ], [ -0.761942, 51.6163799 ], [ -0.7623278, 51.6164814 ], [ -0.7623456, 51.6164929 ], [ -0.7623591, 51.6165133 ], [ -0.7623882, 51.616534 ], [ -0.7624242, 51.6165517 ], [ -0.7624662, 51.6165619 ] ] } },
{ "type": "Feature", "properties": { "id": 216732, "nach": 0.56766882251781647 }, "geometry": { "type": "LineString", "coordinates": [ [ -0.7635384, 51.6160093 ], [ -0.7634763, 51.6160706 ], [ -0.7633461, 51.616184700000012 ], [ -0.7631393, 51.6164221 ], [ -0.7630864, 51.6164812 ] ] } },
{ "type": "Feature", "properties": { "id": 144006, "nach": 0.43602810398438574 }, "geometry": { "type": "LineString", "coordinates": [ [ -0.7567646, 51.6313654 ], [ -0.7567328, 51.631165799999984 ] ] } },
{ "type": "Feature", "properties": { "id": 144005, "nach": 0.59230567257945876 }, "geometry": { "type": "LineString", "coordinates": [ [ -0.7567214, 51.6313879 ], [ -0.7567646, 51.6313654 ] ] } },
{ "type": "Feature", "properties": { "id": 144007, "nach": 0.59236320644797336 }, "geometry": { "type": "LineString", "coordinates": [ [ -0.7567646, 51.6313654 ], [ -0.7567694, 51.631362900000013 ], [ -0.75680780000001, 51.631343 ] ] } },
{ "type": "Feature", "properties": { "id": 137248, "nach": 0.44349000400080391 }, "geometry": { "type": "LineString", "coordinates": [ [ -0.7536015, 51.629156599999988 ], [ -0.7532765, 51.629286 ] ] } },
{ "type": "Feature", "properties": { "id": 137252, "nach": 0.59463396289363801 }, "geometry": { "type": "LineString", "coordinates": [ [ -0.7532765, 51.629286 ], [ -0.753001891417248, 51.629359777992548 ] ] } },
{ "type": "Feature", "properties": { "id": 137252, "nach": 0.59463396289363801 }, "geometry": { "type": "LineString", "coordinates": [ [ -0.753197768882991, 51.629307152465223 ], [ -0.752943, 51.629375600000017 ] ] } },
{ "type": "Feature", "properties": { "id": 137344, "nach": 0.53582957964150602 }, "geometry": { "type": "LineString", "coordinates": [ [ -0.7479294, 51.6307585 ], [ -0.7478949, 51.6308763 ], [ -0.7478292, 51.6310344 ] ] } },
{ "type": "Feature", "properties": { "id": 137341, "nach": 0.41045552612260411 }, "geometry": { "type": "LineString", "coordinates": [ [ -0.7484708, 51.6316012 ], [ -0.7485717, 51.6315083 ], [ -0.7486166, 51.6314392 ], [ -0.7486421, 51.631361 ], [ -0.7486421, 51.6312553 ], [ -0.7485348, 51.631202 ] ] } },
{ "type": "Feature", "properties": { "id": 137343, "nach": 0.0 }, "geometry": { "type": "LineString", "coordinates": [ [ -0.7479294, 51.6307585 ], [ -0.7482424, 51.6308066 ], [ -0.7484651, 51.6308682 ], [ -0.7487386, 51.630923100000011 ], [ -0.7489452, 51.630967200000022 ], [ -0.7490136, 51.6310072 ], [ -0.7490066, 51.6310305 ], [ -0.7489976, 51.6310605 ], [ -0.7489854, 51.6311013 ], [ -0.7489599, 51.6312087 ], [ -0.7488862, 51.6313826 ], [ -0.7488433, 51.631553300000022 ], [ -0.7488312, 51.6316191 ], [ -0.7484838, 51.6316049 ], [ -0.7484708, 51.6316012 ] ] } },
{ "type": "Feature", "properties": { "id": 137364, "nach": 0.43511562111300062 }, "geometry": { "type": "LineString", "coordinates": [ [ -0.7484677, 51.6278912 ], [ -0.7485682, 51.627780600000015 ] ] } },
{ "type": "Feature", "properties": { "id": 137365, "nach": 0.42709820040814461 }, "geometry": { "type": "LineString", "coordinates": [ [ -0.7477288, 51.6276631 ], [ -0.7478052, 51.627599 ], [ -0.7479233, 51.6275882 ], [ -0.748052, 51.6276223 ], [ -0.7482988, 51.6276914 ], [ -0.7484651, 51.6277589 ], [ -0.7485682, 51.627780600000015 ] ] } },
{ "type": "Feature", "properties": { "id": 137383, "nach": 0.41470601432787363 }, "geometry": { "type": "LineString", "coordinates": [ [ -0.7466615, 51.6276611 ], [ -0.7465459, 51.6273409 ], [ -0.7470422, 51.6272635 ] ] } },
{ "type": "Feature", "properties": { "id": 137395, "nach": 0.51621414805808286 }, "geometry": { "type": "LineString", "coordinates": [ [ -0.7466868, 51.6276398 ], [ -0.7466615, 51.6276611 ] ] } },
{ "type": "Feature", "properties": { "id": 137387, "nach": 0.53772048837462194 }, "geometry": { "type": "LineString", "coordinates": [ [ -0.7465278, 51.6278001 ], [ -0.7465822, 51.627728 ], [ -0.7466615, 51.6276611 ] ] } },
{ "type": "Feature", "properties": { "id": 137396, "nach": 0.41978103243906584 }, "geometry": { "type": "LineString", "coordinates": [ [ -0.7466868, 51.6276398 ], [ -0.7467136, 51.627485 ], [ -0.7467753, 51.62743 ], [ -0.7470328, 51.6273917 ] ] } },
{ "type": "Feature", "properties": { "id": 137397, "nach": 0.48121584521927724 }, "geometry": { "type": "LineString", "coordinates": [ [ -0.7466868, 51.6276398 ], [ -0.7467324, 51.6275632 ], [ -0.7467753, 51.6275049 ], [ -0.7468531, 51.6274783 ], [ -0.7469952, 51.627475 ], [ -0.7470864, 51.62747659999998 ], [ -0.7471307, 51.6275016 ], [ -0.7471655, 51.6275407 ] ] } },
{ "type": "Feature", "properties": { "id": 137386, "nach": 0.42406392216853278 }, "geometry": { "type": "LineString", "coordinates": [ [ -0.7465278, 51.6278001 ], [ -0.7464615, 51.6276631 ], [ -0.7464775, 51.6276348 ], [ -0.7463971, 51.6274 ] ] } },
{ "type": "Feature", "properties": { "id": 137394, "nach": 0.41123019231856445 }, "geometry": { "type": "LineString", "coordinates": [ [ -0.7471655, 51.6275407 ], [ -0.7471508, 51.6275849 ], [ -0.7475531, 51.6276714 ] ] } },
{ "type": "Feature", "properties": { "id": 137392, "nach": 0.41276954020179291 }, "geometry": { "type": "LineString", "coordinates": [ [ -0.7471655, 51.6275407 ], [ -0.7475826, 51.627475 ] ] } },
{ "type": "Feature", "properties": { "id": 139692, "nach": 0.42421879609241298 }, "geometry": { "type": "LineString", "coordinates": [ [ -0.74699, 51.6286265 ], [ -0.7469791, 51.62864050000001 ] ] } },
{ "type": "Feature", "properties": { "id": 139698, "nach": 0.42433421209030098 }, "geometry": { "type": "LineString", "coordinates": [ [ -0.7470053, 51.6286308 ], [ -0.74699, 51.6286265 ] ] } },
{ "type": "Feature", "properties": { "id": 139711, "nach": 0.40706698510561096 }, "geometry": { "type": "LineString", "coordinates": [ [ -0.7473055, 51.628412100000013 ], [ -0.7473606, 51.628429300000015 ], [ -0.7474854, 51.6282767 ], [ -0.7474304, 51.6282594 ] ] } },
{ "type": "Feature", "properties": { "id": 139708, "nach": 0.5127856630424652 }, "geometry": { "type": "LineString", "coordinates": [ [ -0.7472503, 51.6283948 ], [ -0.7473753, 51.628242 ], [ -0.7474304, 51.6282594 ] ] } },
{ "type": "Feature", "properties": { "id": 139709, "nach": 0.38020689861358403 }, "geometry": { "type": "LineString", "coordinates": [ [ -0.7473055, 51.628412100000013 ], [ -0.7472503, 51.6283948 ] ] } },
{ "type": "Feature", "properties": { "id": 193055, "nach": 0.42600097207100657 }, "geometry": { "type": "LineString", "coordinates": [ [ -0.7587905, 51.6312955 ], [ -0.758526, 51.6311978 ] ] } },
{ "type": "Feature", "properties": { "id": 193058, "nach": 0.42465199184332469 }, "geometry": { "type": "LineString", "coordinates": [ [ -0.7584195, 51.631488 ], [ -0.7587905, 51.6312955 ] ] } },
{ "type": "Feature", "properties": { "id": 139777, "nach": 0.47168641804646183 }, "geometry": { "type": "LineString", "coordinates": [ [ -0.7511806, 51.6301031 ], [ -0.7511157, 51.6300686 ] ] } },
{ "type": "Feature", "properties": { "id": 139779, "nach": 0.47233150643375676 }, "geometry": { "type": "LineString", "coordinates": [ [ -0.7511806, 51.6301031 ], [ -0.7512115, 51.6300864 ], [ -0.7512524, 51.6300861 ], [ -0.7512791, 51.6301053 ], [ -0.7512794, 51.630118100000011 ] ] } },
{ "type": "Feature", "properties": { "id": 201964, "nach": 0.50391913090744123 }, "geometry": { "type": "LineString", "coordinates": [ [ -0.7539194, 51.6322514 ], [ -0.7538378, 51.6323935 ] ] } },
{ "type": "Feature", "properties": { "id": 201969, "nach": 0.38586351710463157 }, "geometry": { "type": "LineString", "coordinates": [ [ -0.7542569, 51.6323738 ], [ -0.754227, 51.6324513 ], [ -0.7538378, 51.6323935 ] ] } },
{ "type": "Feature", "properties": { "id": 201965, "nach": 0.52996331604053948 }, "geometry": { "type": "LineString", "coordinates": [ [ -0.7539194, 51.6322514 ], [ -0.7539529, 51.632193400000013 ], [ -0.7539877, 51.6321485 ] ] } },
{ "type": "Feature", "properties": { "id": 201966, "nach": 0.45887652276015845 }, "geometry": { "type": "LineString", "coordinates": [ [ -0.7539194, 51.6322514 ], [ -0.7540669, 51.632315 ], [ -0.7542569, 51.6323738 ] ] } },
{ "type": "Feature", "properties": { "id": 143771, "nach": 0.5036506335375287 }, "geometry": { "type": "LineString", "coordinates": [ [ -0.7664146, 51.6173171 ], [ -0.7662622, 51.6172217 ] ] } },
{ "type": "Feature", "properties": { "id": 143782, "nach": 0.50604758714331344 }, "geometry": { "type": "LineString", "coordinates": [ [ -0.7662622, 51.6172217 ], [ -0.7661837, 51.6171725 ] ] } },
{ "type": "Feature", "properties": { "id": 143783, "nach": 0.43373751474143613 }, "geometry": { "type": "LineString", "coordinates": [ [ -0.7662622, 51.6172217 ], [ -0.7664855, 51.6170842 ] ] } },
{ "type": "Feature", "properties": { "id": 143774, "nach": 0.46473729797188518 }, "geometry": { "type": "LineString", "coordinates": [ [ -0.766407, 51.617035 ], [ -0.7664855, 51.6170842 ] ] } },
{ "type": "Feature", "properties": { "id": 143775, "nach": 0.42157187407227842 }, "geometry": { "type": "LineString", "coordinates": [ [ -0.7663128, 51.6169761 ], [ -0.766407, 51.617035 ] ] } },
{ "type": "Feature", "properties": { "id": 143781, "nach": 0.14697150806752457 }, "geometry": { "type": "LineString", "coordinates": [ [ -0.7661837, 51.6171725 ], [ -0.766407, 51.617035 ] ] } },
{ "type": "Feature", "properties": { "id": 143777, "nach": 0.0 }, "geometry": { "type": "LineString", "coordinates": [ [ -0.7660147, 51.617066700000017 ], [ -0.766238, 51.616929200000015 ], [ -0.7663128, 51.6169761 ] ] } },
{ "type": "Feature", "properties": { "id": 143779, "nach": 0.14688580870573367 }, "geometry": { "type": "LineString", "coordinates": [ [ -0.7660896, 51.6171136 ], [ -0.7663128, 51.6169761 ] ] } },
{ "type": "Feature", "properties": { "id": 143784, "nach": 0.4159688641480197 }, "geometry": { "type": "LineString", "coordinates": [ [ -0.7657474, 51.6168994 ], [ -0.7660147, 51.617066700000017 ] ] } },
{ "type": "Feature", "properties": { "id": 143778, "nach": 0.46093104323659484 }, "geometry": { "type": "LineString", "coordinates": [ [ -0.7660896, 51.6171136 ], [ -0.7660147, 51.617066700000017 ] ] } },
{ "type": "Feature", "properties": { "id": 143780, "nach": 0.48729131197523479 }, "geometry": { "type": "LineString", "coordinates": [ [ -0.7661837, 51.6171725 ], [ -0.7660896, 51.6171136 ] ] } },
{ "type": "Feature", "properties": { "id": 168737, "nach": 0.35306194623090464 }, "geometry": { "type": "LineString", "coordinates": [ [ -0.7646958, 51.6265578 ], [ -0.76474, 51.6265271 ], [ -0.7648037, 51.6265304 ], [ -0.7649063, 51.626549 ] ] } },
{ "type": "Feature", "properties": { "id": 143958, "nach": 0.41114178987606265 }, "geometry": { "type": "LineString", "coordinates": [ [ -0.7656017, 51.633418800000015 ], [ -0.765654, 51.6334371 ], [ -0.7656862, 51.633466200000015 ], [ -0.7657143, 51.6334945 ], [ -0.765768, 51.6335245 ], [ -0.7658163, 51.633534500000025 ], [ -0.7658525, 51.633537 ] ] } },
{ "type": "Feature", "properties": { "id": 144014, "nach": 0.43919756149397776 }, "geometry": { "type": "LineString", "coordinates": [ [ -0.7561284, 51.631480699999983 ], [ -0.7561601, 51.6316804 ] ] } },
{ "type": "Feature", "properties": { "id": 143979, "nach": 0.62161465525138471 }, "geometry": { "type": "LineString", "coordinates": [ [ -0.7561601, 51.6316804 ], [ -0.7562033, 51.6316579 ] ] } },
{ "type": "Feature", "properties": { "id": 144026, "nach": 0.43861902146663467 }, "geometry": { "type": "LineString", "coordinates": [ [ -0.7561715, 51.6314582 ], [ -0.7562033, 51.6316579 ] ] } },
{ "type": "Feature", "properties": { "id": 143981, "nach": 0.61863336370800748 }, "geometry": { "type": "LineString", "coordinates": [ [ -0.7562033, 51.6316579 ], [ -0.7562465, 51.6316354 ] ] } },
{ "type": "Feature", "properties": { "id": 144015, "nach": 0.43821986240010513 }, "geometry": { "type": "LineString", "coordinates": [ [ -0.7562147, 51.631437 ], [ -0.7562465, 51.6316354 ] ] } },
{ "type": "Feature", "properties": { "id": 143983, "nach": 0.61571849826671932 }, "geometry": { "type": "LineString", "coordinates": [ [ -0.7562465, 51.6316354 ], [ -0.7562897, 51.6316129 ] ] } },
{ "type": "Feature", "properties": { "id": 143984, "nach": 0.61271263955464494 }, "geometry": { "type": "LineString", "coordinates": [ [ -0.7562897, 51.6316129 ], [ -0.7563328, 51.6315904 ] ] } },
{ "type": "Feature", "properties": { "id": 144013, "nach": 0.43764290041260079 }, "geometry": { "type": "LineString", "coordinates": [ [ -0.7562579, 51.6314132 ], [ -0.7562897, 51.6316129 ] ] } },
{ "type": "Feature", "properties": { "id": 143986, "nach": 0.6096446100076538 }, "geometry": { "type": "LineString", "coordinates": [ [ -0.7563328, 51.6315904 ], [ -0.756376, 51.6315679 ] ] } },
{ "type": "Feature", "properties": { "id": 144012, "nach": 0.43724662504436751 }, "geometry": { "type": "LineString", "coordinates": [ [ -0.7563011, 51.631390700000011 ], [ -0.7563328, 51.6315904 ] ] } },
{ "type": "Feature", "properties": { "id": 144016, "nach": 0.43739147798653333 }, "geometry": { "type": "LineString", "coordinates": [ [ -0.7563442, 51.6313682 ], [ -0.756376, 51.6315679 ] ] } },
{ "type": "Feature", "properties": { "id": 144017, "nach": 0.43650136983935572 }, "geometry": { "type": "LineString", "coordinates": [ [ -0.7564306, 51.631323200000011 ], [ -0.7564624, 51.6315229 ] ] } },
{ "type": "Feature", "properties": { "id": 143993, "nach": 0.6007112867049188 }, "geometry": { "type": "LineString", "coordinates": [ [ -0.7564624, 51.6315229 ], [ -0.7565055, 51.6315004 ] ] } },
{ "type": "Feature", "properties": { "id": 144018, "nach": 0.43652734717700936 }, "geometry": { "type": "LineString", "coordinates": [ [ -0.7564738, 51.6313007 ], [ -0.7565055, 51.6315004 ] ] } },
{ "type": "Feature", "properties": { "id": 143995, "nach": 0.59798508038926257 }, "geometry": { "type": "LineString", "coordinates": [ [ -0.7565055, 51.6315004 ], [ -0.7565487, 51.6314779 ] ] } },
{ "type": "Feature", "properties": { "id": 144019, "nach": 0.43569320798286193 }, "geometry": { "type": "LineString", "coordinates": [ [ -0.7565169, 51.6312782 ], [ -0.7565487, 51.6314779 ] ] } },
{ "type": "Feature", "properties": { "id": 143997, "nach": 0.59542351741841204 }, "geometry": { "type": "LineString", "coordinates": [ [ -0.7565487, 51.6314779 ], [ -0.7565919, 51.6314554 ] ] } },
{ "type": "Feature", "properties": { "id": 144020, "nach": 0.43553673303696983 }, "geometry": { "type": "LineString", "coordinates": [ [ -0.7565601, 51.6312557 ], [ -0.7565919, 51.6314554 ] ] } },
{ "type": "Feature", "properties": { "id": 143999, "nach": 0.59364817697674788 }, "geometry": { "type": "LineString", "coordinates": [ [ -0.7565919, 51.6314554 ], [ -0.7566351, 51.6314329 ] ] } },
{ "type": "Feature", "properties": { "id": 144021, "nach": 0.43528681264925445 }, "geometry": { "type": "LineString", "coordinates": [ [ -0.7566033, 51.6312332 ], [ -0.7566351, 51.6314329 ] ] } },
{ "type": "Feature", "properties": { "id": 144001, "nach": 0.5924826084926389 }, "geometry": { "type": "LineString", "coordinates": [ [ -0.7566351, 51.6314329 ], [ -0.7566782, 51.6314104 ] ] } },
{ "type": "Feature", "properties": { "id": 144022, "nach": 0.43550096962323942 }, "geometry": { "type": "LineString", "coordinates": [ [ -0.7566465, 51.6312107 ], [ -0.7566782, 51.6314104 ] ] } },
{ "type": "Feature", "properties": { "id": 144003, "nach": 0.59236249929778717 }, "geometry": { "type": "LineString", "coordinates": [ [ -0.7566782, 51.6314104 ], [ -0.7567214, 51.6313879 ] ] } },
{ "type": "Feature", "properties": { "id": 144023, "nach": 0.43571709022351174 }, "geometry": { "type": "LineString", "coordinates": [ [ -0.7566896, 51.631188300000012 ], [ -0.7567214, 51.6313879 ] ] } },
{ "type": "Feature", "properties": { "id": 144008, "nach": 0.59252952369016121 }, "geometry": { "type": "LineString", "coordinates": [ [ -0.75680780000001, 51.631343 ], [ -0.7568509, 51.6313205 ] ] } },
{ "type": "Feature", "properties": { "id": 144024, "nach": 0.43615536099666041 }, "geometry": { "type": "LineString", "coordinates": [ [ -0.756776, 51.6311433 ], [ -0.75680780000001, 51.631343 ] ] } },
{ "type": "Feature", "properties": { "id": 144025, "nach": 0.43693339800213027 }, "geometry": { "type": "LineString", "coordinates": [ [ -0.7568192, 51.6311208 ], [ -0.7568509, 51.6313205 ] ] } },
{ "type": "Feature", "properties": { "id": 144093, "nach": 0.43436352507986303 }, "geometry": { "type": "LineString", "coordinates": [ [ -0.7509022, 51.630920699999983 ], [ -0.7506988, 51.6308778 ], [ -0.7504871, 51.6308331 ], [ -0.7503763, 51.6310353 ], [ -0.7506283, 51.6311362 ] ] } },
{ "type": "Feature", "properties": { "id": 144092, "nach": 0.44265044948401366 }, "geometry": { "type": "LineString", "coordinates": [ [ -0.7509022, 51.630920699999983 ], [ -0.7509391, 51.6308118 ] ] } },
{ "type": "Feature", "properties": { "id": 144090, "nach": 0.0 }, "geometry": { "type": "LineString", "coordinates": [ [ -0.7509391, 51.6308118 ], [ -0.7508281, 51.630798299999988 ], [ -0.7509112, 51.630536 ], [ -0.7510314, 51.6305386 ], [ -0.7510252, 51.6305568 ], [ -0.7509391, 51.6308118 ] ] } },
{ "type": "Feature", "properties": { "id": 237632, "nach": 0.48510198862713122 }, "geometry": { "type": "LineString", "coordinates": [ [ -0.76614580000001, 51.6310898 ], [ -0.7656674, 51.6315508 ], [ -0.7655454, 51.6316182 ], [ -0.7654206, 51.6316723 ], [ -0.7652718, 51.6316965 ], [ -0.7651545, 51.631698700000015 ] ] } },
{ "type": "Feature", "properties": { "id": 284332, "nach": 0.4468021939651044 }, "geometry": { "type": "LineString", "coordinates": [ [ -0.7660398, 51.6310474 ], [ -0.76614580000001, 51.6310898 ] ] } },
{ "type": "Feature", "properties": { "id": 284513, "nach": 0.44374594893347608 }, "geometry": { "type": "LineString", "coordinates": [ [ -0.7652551, 51.6316009 ], [ -0.7652554, 51.6316182 ], [ -0.7651545, 51.631698700000015 ] ] } },
{ "type": "Feature", "properties": { "id": 284512, "nach": 0.41035081864985118 }, "geometry": { "type": "LineString", "coordinates": [ [ -0.7652551, 51.6316009 ], [ -0.7652549, 51.6315917 ], [ -0.7652511, 51.6315209 ], [ -0.7653662, 51.6314045 ] ] } },
{ "type": "Feature", "properties": { "id": 284514, "nach": 0.34692628805738873 }, "geometry": { "type": "LineString", "coordinates": [ [ -0.7652551, 51.6316009 ], [ -0.7650215, 51.6314988 ], [ -0.7648382, 51.6316588 ], [ -0.7646541, 51.6317679 ], [ -0.7645906, 51.6318257 ] ] } },
{ "type": "Feature", "properties": { "id": 144832, "nach": 0.41746831186605293 }, "geometry": { "type": "LineString", "coordinates": [ [ -0.7662242, 51.617932 ], [ -0.7661549, 51.6178901 ] ] } },
{ "type": "Feature", "properties": { "id": 144941, "nach": 0.36693046816566866 }, "geometry": { "type": "LineString", "coordinates": [ [ -0.766539, 51.6178067 ], [ -0.7662846, 51.6179686 ], [ -0.7662242, 51.617932 ] ] } },
{ "type": "Feature", "properties": { "id": 144952, "nach": 0.11908808385440206 }, "geometry": { "type": "LineString", "coordinates": [ [ -0.7664812, 51.61776840000001 ], [ -0.7662242, 51.617932 ] ] } },
{ "type": "Feature", "properties": { "id": 144866, "nach": 0.067198460699034318 }, "geometry": { "type": "LineString", "coordinates": [ [ -0.766415, 51.61772460000001 ], [ -0.7661549, 51.6178901 ] ] } },
{ "type": "Feature", "properties": { "id": 144945, "nach": 0.44885955260755861 }, "geometry": { "type": "LineString", "coordinates": [ [ -0.7661549, 51.6178901 ], [ -0.7660906, 51.6178512 ], [ -0.7660774, 51.6178431 ] ] } },
{ "type": "Feature", "properties": { "id": 222726, "nach": 0.48447384030883933 }, "geometry": { "type": "LineString", "coordinates": [ [ -0.7653794, 51.61724490000001 ], [ -0.7657829, 51.6174977 ] ] } },
{ "type": "Feature", "properties": { "id": 228740, "nach": 0.47734269079348007 }, "geometry": { "type": "LineString", "coordinates": [ [ -0.7657024, 51.617655 ], [ -0.7656157, 51.61759940000001 ], [ -0.7657829, 51.6174977 ] ] } },
{ "type": "Feature", "properties": { "id": 144867, "nach": 0.56677916866552458 }, "geometry": { "type": "LineString", "coordinates": [ [ -0.766415, 51.61772460000001 ], [ -0.7664012, 51.6177154 ], [ -0.7663341, 51.6176904 ], [ -0.7663204, 51.6176884 ] ] } },
{ "type": "Feature", "properties": { "id": 144951, "nach": 0.5655193733121392 }, "geometry": { "type": "LineString", "coordinates": [ [ -0.7664812, 51.61776840000001 ], [ -0.766415, 51.61772460000001 ] ] } },
{ "type": "Feature", "properties": { "id": 144886, "nach": 0.31815003634200029 }, "geometry": { "type": "LineString", "coordinates": [ [ -0.7663204, 51.6176884 ], [ -0.7660774, 51.6178431 ] ] } },
{ "type": "Feature", "properties": { "id": 144887, "nach": 0.5673875974225413 }, "geometry": { "type": "LineString", "coordinates": [ [ -0.7663204, 51.6176884 ], [ -0.766255, 51.617678799999986 ], [ -0.7661986, 51.61768210000001 ], [ -0.7661423, 51.6176904 ], [ -0.765953, 51.6178109 ] ] } },
{ "type": "Feature", "properties": { "id": 158686, "nach": 0.57274860245583714 }, "geometry": { "type": "LineString", "coordinates": [ [ -0.7627008, 51.616877 ], [ -0.7625969, 51.6170083 ], [ -0.7625132, 51.6171123 ] ] } },
{ "type": "Feature", "properties": { "id": 158687, "nach": 0.60093387812084242 }, "geometry": { "type": "LineString", "coordinates": [ [ -0.7627008, 51.616877 ], [ -0.7627567, 51.6169739 ], [ -0.7627913, 51.617009499999988 ] ] } },
{ "type": "Feature", "properties": { "id": 158689, "nach": 0.41853395757225892 }, "geometry": { "type": "LineString", "coordinates": [ [ -0.7627913, 51.617009499999988 ], [ -0.7628015, 51.6169864 ], [ -0.7627841, 51.616938 ], [ -0.7628152, 51.6168308 ], [ -0.7630864, 51.6164812 ] ] } },
{ "type": "Feature", "properties": { "id": 144879, "nach": 0.58290300127375072 }, "geometry": { "type": "LineString", "coordinates": [ [ -0.765953, 51.6178109 ], [ -0.7658792, 51.6177662 ], [ -0.7658516, 51.6177495 ] ] } },
{ "type": "Feature", "properties": { "id": 144992, "nach": 0.47479188753193879 }, "geometry": { "type": "LineString", "coordinates": [ [ -0.7660774, 51.6178431 ], [ -0.766032, 51.6178156 ], [ -0.765953, 51.6178109 ] ] } },
{ "type": "Feature", "properties": { "id": 270656, "nach": 0.54599294639451945 }, "geometry": { "type": "LineString", "coordinates": [ [ -0.7657148, 51.6178345 ], [ -0.7658516, 51.6177495 ] ] } },
{ "type": "Feature", "properties": { "id": 219653, "nach": 0.50617429388234059 }, "geometry": { "type": "LineString", "coordinates": [ [ -0.7617732, 51.6175605 ], [ -0.7617325, 51.6176209 ] ] } },
{ "type": "Feature", "properties": { "id": 219656, "nach": 0.51004279227006211 }, "geometry": { "type": "LineString", "coordinates": [ [ -0.7618714, 51.6175886 ], [ -0.7617732, 51.6175605 ] ] } },
{ "type": "Feature", "properties": { "id": 182235, "nach": 0.48362690726197721 }, "geometry": { "type": "LineString", "coordinates": [ [ -0.7627313, 51.6170764 ], [ -0.7627913, 51.617009499999988 ] ] } },
{ "type": "Feature", "properties": { "id": 158690, "nach": 0.60035801983456294 }, "geometry": { "type": "LineString", "coordinates": [ [ -0.7627913, 51.617009499999988 ], [ -0.762822, 51.6170298 ], [ -0.7628417, 51.6170393 ], [ -0.7628577, 51.6170465 ], [ -0.7628732, 51.6170506 ], [ -0.7629262, 51.6170647 ] ] } },
{ "type": "Feature", "properties": { "id": 144940, "nach": 0.56456281174756406 }, "geometry": { "type": "LineString", "coordinates": [ [ -0.766539, 51.6178067 ], [ -0.7664812, 51.61776840000001 ] ] } },
{ "type": "Feature", "properties": { "id": 145111, "nach": 0.56602772781945176 }, "geometry": { "type": "LineString", "coordinates": [ [ -0.7667094, 51.6177182 ], [ -0.766539, 51.6178067 ] ] } },
{ "type": "Feature", "properties": { "id": 145309, "nach": 0.54080176176141292 }, "geometry": { "type": "LineString", "coordinates": [ [ -0.7581453, 51.6334315 ], [ -0.7580848, 51.6334171 ], [ -0.7579909, 51.6333855 ], [ -0.7579369, 51.6333559 ] ] } },
{ "type": "Feature", "properties": { "id": 145313, "nach": 0.2260548660484297 }, "geometry": { "type": "LineString", "coordinates": [ [ -0.757862, 51.6336555 ], [ -0.7580848, 51.633674 ], [ -0.7581453, 51.6334315 ] ] } },
{ "type": "Feature", "properties": { "id": 145328, "nach": 0.55514061931961201 }, "geometry": { "type": "LineString", "coordinates": [ [ -0.7578139, 51.6332748 ], [ -0.7578997, 51.6333355 ], [ -0.7579369, 51.6333559 ] ] } },
{ "type": "Feature", "properties": { "id": 145329, "nach": 0.41180840094140397 }, "geometry": { "type": "LineString", "coordinates": [ [ -0.7578139, 51.6332748 ], [ -0.7579185, 51.6332265 ], [ -0.7581934, 51.6333264 ], [ -0.7583611, 51.6333438 ], [ -0.7585274, 51.6333663 ], [ -0.7588278, 51.6333813 ] ] } },
{ "type": "Feature", "properties": { "id": 145312, "nach": 0.41627406427792146 }, "geometry": { "type": "LineString", "coordinates": [ [ -0.757862, 51.6336555 ], [ -0.7579369, 51.6333559 ] ] } },
{ "type": "Feature", "properties": { "id": 145322, "nach": 0.39465368471689938 }, "geometry": { "type": "LineString", "coordinates": [ [ -0.7596918, 51.6338468 ], [ -0.759612, 51.6338341 ] ] } },
{ "type": "Feature", "properties": { "id": 145325, "nach": 0.38951147736338515 }, "geometry": { "type": "LineString", "coordinates": [ [ -0.7601903, 51.633925699999985 ], [ -0.7596918, 51.6338468 ] ] } },
{ "type": "Feature", "properties": { "id": 146785, "nach": 0.49252141519882803 }, "geometry": { "type": "LineString", "coordinates": [ [ -0.7550987, 51.62786710000001 ], [ -0.7550716, 51.6279254 ], [ -0.7549541, 51.6280833 ] ] } },
{ "type": "Feature", "properties": { "id": 146786, "nach": 0.4263740101085276 }, "geometry": { "type": "LineString", "coordinates": [ [ -0.7545605, 51.6277276 ], [ -0.7550987, 51.62786710000001 ] ] } },
{ "type": "Feature", "properties": { "id": 146787, "nach": 0.43014924252926012 }, "geometry": { "type": "LineString", "coordinates": [ [ -0.7552334, 51.6279524 ], [ -0.7550987, 51.62786710000001 ] ] } },
{ "type": "Feature", "properties": { "id": 146778, "nach": 0.42570347830471023 }, "geometry": { "type": "LineString", "coordinates": [ [ -0.7549541, 51.6280833 ], [ -0.754833, 51.6282468 ] ] } },
{ "type": "Feature", "properties": { "id": 146781, "nach": 0.42260078567820553 }, "geometry": { "type": "LineString", "coordinates": [ [ -0.7545269, 51.6279837 ], [ -0.7549541, 51.6280833 ] ] } },
{ "type": "Feature", "properties": { "id": 146789, "nach": 0.0 }, "geometry": { "type": "LineString", "coordinates": [ [ -0.7552334, 51.6279524 ], [ -0.7550608, 51.6282255 ], [ -0.7552858, 51.6282677 ], [ -0.75548530000001, 51.6279726 ], [ -0.755256, 51.6279181 ], [ -0.7552334, 51.6279524 ] ] } },
{ "type": "Feature", "properties": { "id": 146797, "nach": 0.50917905425983068 }, "geometry": { "type": "LineString", "coordinates": [ [ -0.7533417, 51.6279396 ], [ -0.7532534, 51.62807870000001 ] ] } },
{ "type": "Feature", "properties": { "id": 256137, "nach": 0.4105705503695426 }, "geometry": { "type": "LineString", "coordinates": [ [ -0.7540464, 51.6280604 ], [ -0.753886, 51.6280529 ], [ -0.7533417, 51.6279396 ] ] } },
{ "type": "Feature", "properties": { "id": 146796, "nach": 0.40816857360323555 }, "geometry": { "type": "LineString", "coordinates": [ [ -0.7537964, 51.628188 ], [ -0.7532534, 51.62807870000001 ] ] } },
{ "type": "Feature", "properties": { "id": 146801, "nach": 0.47720511811617067 }, "geometry": { "type": "LineString", "coordinates": [ [ -0.7531757, 51.6282207 ], [ -0.7532534, 51.62807870000001 ] ] } },
{ "type": "Feature", "properties": { "id": 146803, "nach": 0.41014658148310323 }, "geometry": { "type": "LineString", "coordinates": [ [ -0.7534302, 51.628267299999983 ], [ -0.7531757, 51.6282207 ] ] } },
{ "type": "Feature", "properties": { "id": 146804, "nach": 0.40795872030274527 }, "geometry": { "type": "LineString", "coordinates": [ [ -0.7528649, 51.6281561 ], [ -0.7531757, 51.6282207 ] ] } },
{ "type": "Feature", "properties": { "id": 146809, "nach": 0.0 }, "geometry": { "type": "LineString", "coordinates": [ [ -0.7526093, 51.6267375 ], [ -0.7526749, 51.6266907 ], [ -0.7526764, 51.6265911 ], [ -0.752369, 51.6264226 ], [ -0.7522638, 51.6264062 ], [ -0.7518063, 51.6266873 ], [ -0.7517872, 51.6267218 ], [ -0.7517901, 51.62676 ], [ -0.7518082, 51.626794 ], [ -0.7518466, 51.6268204 ], [ -0.7520768, 51.6269571 ], [ -0.7521415, 51.6269754 ], [ -0.7522167, 51.6269743 ], [ -0.7522696, 51.6269535 ], [ -0.7526093, 51.6267375 ] ] } },
{ "type": "Feature", "properties": { "id": 147258, "nach": 0.43659681482173518 }, "geometry": { "type": "LineString", "coordinates": [ [ -0.7510817, 51.6321716 ], [ -0.751255, 51.6320382 ] ] } },
{ "type": "Feature", "properties": { "id": 159306, "nach": 0.42609362984996269 }, "geometry": { "type": "LineString", "coordinates": [ [ -0.7515367, 51.6326845 ], [ -0.7515689, 51.6323225 ], [ -0.7513908, 51.6321379 ], [ -0.751255, 51.6320382 ] ] } },
{ "type": "Feature", "properties": { "id": 210942, "nach": 0.32124219632453843 }, "geometry": { "type": "LineString", "coordinates": [ [ -0.7722081, 51.6240255 ], [ -0.7721337, 51.623996 ], [ -0.772114, 51.6239742 ], [ -0.7721006, 51.6239344 ], [ -0.7721239, 51.62374160000001 ], [ -0.7721275, 51.6237123 ], [ -0.7721502, 51.6236763 ], [ -0.7721854, 51.6236622 ], [ -0.7722412, 51.6236519 ], [ -0.7723623, 51.62365710000001 ], [ -0.7730134, 51.62369060000001 ] ] } },
{ "type": "Feature", "properties": { "id": 285168, "nach": 0.41668933417552706 }, "geometry": { "type": "LineString", "coordinates": [ [ -0.7656629, 51.6346011 ], [ -0.7655225, 51.63446780000001 ] ] } },
{ "type": "Feature", "properties": { "id": 285170, "nach": 0.41694747970751361 }, "geometry": { "type": "LineString", "coordinates": [ [ -0.7658351, 51.6344965 ], [ -0.7656629, 51.6346011 ] ] } },
{ "type": "Feature", "properties": { "id": 148176, "nach": 0.36630664627002213 }, "geometry": { "type": "LineString", "coordinates": [ [ -0.7708325, 51.6258875 ], [ -0.7706879, 51.625879900000015 ], [ -0.7705876, 51.6258788 ], [ -0.7705665, 51.6261146 ], [ -0.7708075, 51.6261277 ] ] } },
{ "type": "Feature", "properties": { "id": 158836, "nach": 0.30687080465325095 }, "geometry": { "type": "LineString", "coordinates": [ [ -0.7712427, 51.625549099999986 ], [ -0.7712738, 51.6252389 ], [ -0.7713071, 51.625207 ], [ -0.7713328, 51.6251645 ], [ -0.7713656, 51.624965200000013 ] ] } },
{ "type": "Feature", "properties": { "id": 148178, "nach": 0.32234805680583239 }, "geometry": { "type": "LineString", "coordinates": [ [ -0.7713721, 51.6261529 ], [ -0.7708075, 51.6261277 ] ] } },
{ "type": "Feature", "properties": { "id": 163717, "nach": 0.48913931447250392 }, "geometry": { "type": "LineString", "coordinates": [ [ -0.7717263, 51.624929 ], [ -0.7718066, 51.6245467 ] ] } },
{ "type": "Feature", "properties": { "id": 163719, "nach": 0.33329077988017053 }, "geometry": { "type": "LineString", "coordinates": [ [ -0.7731415, 51.6249946 ], [ -0.7717263, 51.624929 ] ] } },
{ "type": "Feature", "properties": { "id": 154903, "nach": 0.49149362534644947 }, "geometry": { "type": "LineString", "coordinates": [ [ -0.7718391, 51.6243922 ], [ -0.7718066, 51.6245467 ] ] } },
{ "type": "Feature", "properties": { "id": 154894, "nach": 0.33913494199662086 }, "geometry": { "type": "LineString", "coordinates": [ [ -0.7729099, 51.6246039 ], [ -0.7719106, 51.6245516 ], [ -0.7718066, 51.6245467 ] ] } },
{ "type": "Feature", "properties": { "id": 154906, "nach": 0.33775465222960749 }, "geometry": { "type": "LineString", "coordinates": [ [ -0.770621, 51.6244313 ], [ -0.7707782, 51.62444270000001 ], [ -0.7708699, 51.6244329 ], [ -0.7709564, 51.6244183 ], [ -0.771111, 51.624377600000017 ], [ -0.7711765, 51.624369500000014 ], [ -0.7714936, 51.6243711 ], [ -0.7718391, 51.6243922 ] ] } },
{ "type": "Feature", "properties": { "id": 210936, "nach": 0.39562302002489091 }, "geometry": { "type": "LineString", "coordinates": [ [ -0.7716871, 51.6233261 ], [ -0.7702356, 51.6229965 ] ] } },
{ "type": "Feature", "properties": { "id": 163933, "nach": 0.33109276082560168 }, "geometry": { "type": "LineString", "coordinates": [ [ -0.7702356, 51.6229965 ], [ -0.7700904, 51.6229635 ] ] } },
{ "type": "Feature", "properties": { "id": 163936, "nach": 0.32615743942359327 }, "geometry": { "type": "LineString", "coordinates": [ [ -0.7704527, 51.6225623 ], [ -0.7702356, 51.6229965 ] ] } },
{ "type": "Feature", "properties": { "id": 277665, "nach": 0.47247977255964396 }, "geometry": { "type": "LineString", "coordinates": [ [ -0.7666236, 51.6346705 ], [ -0.7666816, 51.6347127 ], [ -0.7668307, 51.6348323 ], [ -0.7669737, 51.634936100000012 ], [ -0.7670305, 51.6349509 ], [ -0.7670969, 51.634963700000014 ], [ -0.7672192, 51.6349663 ] ] } },
{ "type": "Feature", "properties": { "id": 277667, "nach": 0.41424287651334857 }, "geometry": { "type": "LineString", "coordinates": [ [ -0.7667476, 51.6348972 ], [ -0.7666169, 51.6348492 ], [ -0.7666236, 51.6346705 ] ] } },
{ "type": "Feature", "properties": { "id": 156370, "nach": 0.39813668752689191 }, "geometry": { "type": "LineString", "coordinates": [ [ -0.7682335, 51.6349428 ], [ -0.7672192, 51.6349663 ] ] } },
{ "type": "Feature", "properties": { "id": 277713, "nach": 0.40788761438508431 }, "geometry": { "type": "LineString", "coordinates": [ [ -0.7671795, 51.6350949 ], [ -0.7672192, 51.6349663 ] ] } },
{ "type": "Feature", "properties": { "id": 219659, "nach": 0.5382862646063119 }, "geometry": { "type": "LineString", "coordinates": [ [ -0.7620812, 51.6176488 ], [ -0.7618714, 51.6175886 ] ] } },
{ "type": "Feature", "properties": { "id": 219658, "nach": 0.61894489126025609 }, "geometry": { "type": "LineString", "coordinates": [ [ -0.762201169589317, 51.617165658185783 ], [ -0.7618714, 51.6175886 ] ] } },
{ "type": "Feature", "properties": { "id": 270545, "nach": 0.48201338867406907 }, "geometry": { "type": "LineString", "coordinates": [ [ -0.7611031, 51.6174049 ], [ -0.7615833, 51.6175192 ], [ -0.7616187, 51.6175424 ], [ -0.7616499, 51.6175631 ], [ -0.7616686, 51.6175954 ], [ -0.761703, 51.617611599999989 ], [ -0.7617325, 51.6176209 ] ] } },
{ "type": "Feature", "properties": { "id": 270546, "nach": 0.41534458745584291 }, "geometry": { "type": "LineString", "coordinates": [ [ -0.7610687, 51.6174593 ], [ -0.7611031, 51.6174049 ] ] } },
{ "type": "Feature", "properties": { "id": 270660, "nach": 0.41353366678108561 }, "geometry": { "type": "LineString", "coordinates": [ [ -0.760523, 51.617570900000011 ], [ -0.7607034, 51.617603500000016 ], [ -0.7607874, 51.617604400000012 ], [ -0.760836, 51.6175864 ], [ -0.7608589, 51.6175644 ], [ -0.7609734, 51.6174145 ], [ -0.7610067, 51.6173912 ], [ -0.76104, 51.6173899 ], [ -0.7611031, 51.6174049 ] ] } },
{ "type": "Feature", "properties": { "id": 156968, "nach": 0.37586272358813322 }, "geometry": { "type": "LineString", "coordinates": [ [ -0.756421, 51.626656 ], [ -0.7565945, 51.6264769 ] ] } },
{ "type": "Feature", "properties": { "id": 156971, "nach": 0.37710905914977977 }, "geometry": { "type": "LineString", "coordinates": [ [ -0.7562245, 51.626592 ], [ -0.756421, 51.626656 ] ] } },
{ "type": "Feature", "properties": { "id": 156973, "nach": 0.0 }, "geometry": { "type": "LineString", "coordinates": [ [ -0.7562245, 51.626592 ], [ -0.756309, 51.6264936 ], [ -0.7563144, 51.6264685 ], [ -0.7557623, 51.6262763 ], [ -0.7557057, 51.626313 ], [ -0.7556815, 51.6263749 ], [ -0.755703, 51.6264067 ], [ -0.7557327, 51.6264317 ], [ -0.7562245, 51.626592 ] ] } },
{ "type": "Feature", "properties": { "id": 182236, "nach": 0.44037011224508849 }, "geometry": { "type": "LineString", "coordinates": [ [ -0.7627313, 51.6170764 ], [ -0.7626252, 51.6170722 ], [ -0.7625132, 51.6171123 ] ] } },
{ "type": "Feature", "properties": { "id": 158685, "nach": 0.63541302037986713 }, "geometry": { "type": "LineString", "coordinates": [ [ -0.7625132, 51.6171123 ], [ -0.762419163106621, 51.617229088442187 ] ] } },
{ "type": "Feature", "properties": { "id": 158685, "nach": 0.63541302037986713 }, "geometry": { "type": "LineString", "coordinates": [ [ -0.762419163106621, 51.617229088442187 ], [ -0.7620812, 51.6176488 ] ] } },
{ "type": "Feature", "properties": { "id": 182166, "nach": 0.50247419562582585 }, "geometry": { "type": "LineString", "coordinates": [ [ -0.7630082, 51.617146 ], [ -0.762836, 51.6171017 ], [ -0.7628203, 51.617097699999988 ], [ -0.7627313, 51.6170764 ] ] } },
{ "type": "Feature", "properties": { "id": 216743, "nach": 0.59635608099519266 }, "geometry": { "type": "LineString", "coordinates": [ [ -0.7629262, 51.6170647 ], [ -0.7630515, 51.617098 ] ] } },
{ "type": "Feature", "properties": { "id": 216745, "nach": 0.41750554232513443 }, "geometry": { "type": "LineString", "coordinates": [ [ -0.7630827, 51.6166724 ], [ -0.762895, 51.6169021 ], [ -0.7628801, 51.6169248 ], [ -0.7628787, 51.616949200000022 ], [ -0.7628855, 51.6169749 ], [ -0.7628984, 51.6170001 ], [ -0.7629187, 51.6170224 ], [ -0.7629343, 51.6170392 ], [ -0.7629262, 51.6170647 ] ] } },
{ "type": "Feature", "properties": { "id": 182156, "nach": 0.57403604843362155 }, "geometry": { "type": "LineString", "coordinates": [ [ -0.7631284, 51.617173900000012 ], [ -0.7631027, 51.6172042 ] ] } },
{ "type": "Feature", "properties": { "id": 182148, "nach": 0.58241407000182199 }, "geometry": { "type": "LineString", "coordinates": [ [ -0.7631545, 51.6172184 ], [ -0.7631027, 51.6172042 ] ] } },
{ "type": "Feature", "properties": { "id": 182157, "nach": 0.585830704117002 }, "geometry": { "type": "LineString", "coordinates": [ [ -0.7631284, 51.617173900000012 ], [ -0.7631524, 51.6171457 ], [ -0.7632163, 51.617082 ], [ -0.7633823, 51.6168918 ] ] } },
{ "type": "Feature", "properties": { "id": 182164, "nach": 0.59901762369830991 }, "geometry": { "type": "LineString", "coordinates": [ [ -0.7630082, 51.617146 ], [ -0.7631284, 51.617173900000012 ] ] } },
{ "type": "Feature", "properties": { "id": 182150, "nach": 0.41654815624486635 }, "geometry": { "type": "LineString", "coordinates": [ [ -0.7635535, 51.6173218 ], [ -0.7631545, 51.6172184 ] ] } },
{ "type": "Feature", "properties": { "id": 182137, "nach": 0.41773061072118989 }, "geometry": { "type": "LineString", "coordinates": [ [ -0.7634704, 51.6167818 ], [ -0.7635585, 51.6167939 ] ] } },
{ "type": "Feature", "properties": { "id": 182141, "nach": 0.58598907829301383 }, "geometry": { "type": "LineString", "coordinates": [ [ -0.7633823, 51.6168918 ], [ -0.7633878, 51.616885499999988 ], [ -0.7634704, 51.6167818 ] ] } },
{ "type": "Feature", "properties": { "id": 217079, "nach": 0.58175211818921302 }, "geometry": { "type": "LineString", "coordinates": [ [ -0.7635127, 51.6167101 ], [ -0.7635036, 51.6167347 ], [ -0.7634704, 51.6167818 ] ] } },
{ "type": "Feature", "properties": { "id": 161471, "nach": 0.42148972442646593 }, "geometry": { "type": "LineString", "coordinates": [ [ -0.764581, 51.6353602 ], [ -0.764316, 51.6352737 ] ] } },
{ "type": "Feature", "properties": { "id": 161472, "nach": 0.4242906522658072 }, "geometry": { "type": "LineString", "coordinates": [ [ -0.7642452, 51.6352534 ], [ -0.764316, 51.6352737 ] ] } },
{ "type": "Feature", "properties": { "id": 211012, "nach": 0.34666104940812997 }, "geometry": { "type": "LineString", "coordinates": [ [ -0.7680628, 51.6218586 ], [ -0.7676338, 51.6212488 ] ] } },
{ "type": "Feature", "properties": { "id": 211006, "nach": 0.41585047292602362 }, "geometry": { "type": "LineString", "coordinates": [ [ -0.7683044, 51.6201633 ], [ -0.7676068, 51.6212104 ], [ -0.7676338, 51.6212488 ] ] } },
{ "type": "Feature", "properties": { "id": 164086, "nach": 0.37741873210424992 }, "geometry": { "type": "LineString", "coordinates": [ [ -0.7674817, 51.6214136 ], [ -0.767497, 51.6213838 ], [ -0.76752, 51.6213611 ], [ -0.7676338, 51.6212488 ] ] } },
{ "type": "Feature", "properties": { "id": 164088, "nach": 0.31290826878985672 }, "geometry": { "type": "LineString", "coordinates": [ [ -0.767263, 51.6213926 ], [ -0.7674817, 51.6214136 ] ] } },
{ "type": "Feature", "properties": { "id": 164087, "nach": 0.3068414619295961 }, "geometry": { "type": "LineString", "coordinates": [ [ -0.7674653, 51.6217979 ], [ -0.7675287, 51.6215583 ], [ -0.7675134, 51.62144760000001 ], [ -0.7674817, 51.6214136 ] ] } },
{ "type": "Feature", "properties": { "id": 168236, "nach": 0.41841868247392378 }, "geometry": { "type": "LineString", "coordinates": [ [ -0.7685875, 51.6332626 ], [ -0.7685469, 51.6335419 ] ] } },
{ "type": "Feature", "properties": { "id": 285559, "nach": 0.58349559106434146 }, "geometry": { "type": "LineString", "coordinates": [ [ -0.7687531, 51.6332737 ], [ -0.7685875, 51.6332626 ] ] } },
{ "type": "Feature", "properties": { "id": 285562, "nach": 0.41908655059899336 }, "geometry": { "type": "LineString", "coordinates": [ [ -0.7686856, 51.6335447 ], [ -0.7687531, 51.6332737 ] ] } },
{ "type": "Feature", "properties": { "id": 183689, "nach": 0.41654990912956735 }, "geometry": { "type": "LineString", "coordinates": [ [ -0.753226, 51.6267382 ], [ -0.7531058, 51.6268422 ] ] } },
{ "type": "Feature", "properties": { "id": 181856, "nach": 0.5671724712638091 }, "geometry": { "type": "LineString", "coordinates": [ [ -0.7696479, 51.6338417 ], [ -0.7696406, 51.6338771 ], [ -0.7696074, 51.6340374 ] ] } },
{ "type": "Feature", "properties": { "id": 181858, "nach": 0.41973480062441104 }, "geometry": { "type": "LineString", "coordinates": [ [ -0.7687841, 51.6337533 ], [ -0.7694878, 51.6338203 ], [ -0.7696479, 51.6338417 ] ] } },
{ "type": "Feature", "properties": { "id": 283738, "nach": 0.56337389899862955 }, "geometry": { "type": "LineString", "coordinates": [ [ -0.7697063, 51.633559 ], [ -0.7696479, 51.6338417 ] ] } },
{ "type": "Feature", "properties": { "id": 283737, "nach": 0.42387554765097252 }, "geometry": { "type": "LineString", "coordinates": [ [ -0.769921, 51.6340668 ], [ -0.7696074, 51.6340374 ] ] } },
{ "type": "Feature", "properties": { "id": 182152, "nach": 0.52890645679486636 }, "geometry": { "type": "LineString", "coordinates": [ [ -0.7634122, 51.6169016 ], [ -0.7633823, 51.6168918 ] ] } },
{ "type": "Feature", "properties": { "id": 217078, "nach": 0.57754520167092716 }, "geometry": { "type": "LineString", "coordinates": [ [ -0.7635127, 51.6167101 ], [ -0.7635152, 51.6166914 ], [ -0.7635155, 51.6166785 ], [ -0.7635128, 51.6166622 ], [ -0.7635109, 51.6166352 ] ] } },
{ "type": "Feature", "properties": { "id": 217077, "nach": 0.41834493459984878 }, "geometry": { "type": "LineString", "coordinates": [ [ -0.7635127, 51.6167101 ], [ -0.7635594, 51.6167139 ] ] } },
{ "type": "Feature", "properties": { "id": 182151, "nach": 0.48350576779980048 }, "geometry": { "type": "LineString", "coordinates": [ [ -0.7634122, 51.6169016 ], [ -0.7637256, 51.6170044 ] ] } },
{ "type": "Feature", "properties": { "id": 217080, "nach": 0.41628155008078999 }, "geometry": { "type": "LineString", "coordinates": [ [ -0.7637527, 51.6170133 ], [ -0.7637256, 51.6170044 ] ] } },
{ "type": "Feature", "properties": { "id": 182146, "nach": 0.41628155008078999 }, "geometry": { "type": "LineString", "coordinates": [ [ -0.7636638, 51.617075 ], [ -0.7637256, 51.6170044 ] ] } },
{ "type": "Feature", "properties": { "id": 182165, "nach": 0.60214508324685012 }, "geometry": { "type": "LineString", "coordinates": [ [ -0.7630082, 51.617146 ], [ -0.7630515, 51.617098 ] ] } },
{ "type": "Feature", "properties": { "id": 216737, "nach": 0.46030168646355213 }, "geometry": { "type": "LineString", "coordinates": [ [ -0.7635984, 51.616183899999989 ], [ -0.7633414, 51.6164832 ], [ -0.763331, 51.6164983 ], [ -0.7633274, 51.6165184 ], [ -0.7633321, 51.6165359 ], [ -0.7633382, 51.6165575 ], [ -0.7633495, 51.6165817 ], [ -0.7633617, 51.6166083 ], [ -0.7633696, 51.6166403 ], [ -0.7633751, 51.6166697 ], [ -0.7633701, 51.6167042 ], [ -0.763357, 51.6167317 ], [ -0.7633202, 51.616777 ], [ -0.7631776, 51.616948 ], [ -0.7630691, 51.617077400000014 ], [ -0.7630515, 51.617098 ] ] } },
{ "type": "Feature", "properties": { "id": 182193, "nach": 0.41201187164843933 }, "geometry": { "type": "LineString", "coordinates": [ [ -0.7644934, 51.617306 ], [ -0.7644556, 51.6172934 ] ] } },
{ "type": "Feature", "properties": { "id": 182274, "nach": 0.57517132562649076 }, "geometry": { "type": "LineString", "coordinates": [ [ -0.7644628, 51.6173445 ], [ -0.7644934, 51.617306 ] ] } },
{ "type": "Feature", "properties": { "id": 182272, "nach": 0.5673225875513046 }, "geometry": { "type": "LineString", "coordinates": [ [ -0.7646326, 51.617170600000016 ], [ -0.7645327, 51.61728810000001 ], [ -0.7645142, 51.6172828 ], [ -0.7644934, 51.617306 ] ] } },
{ "type": "Feature", "properties": { "id": 182275, "nach": 0.52000362209228279 }, "geometry": { "type": "LineString", "coordinates": [ [ -0.7644628, 51.6173445 ], [ -0.7643945, 51.6174303 ], [ -0.7642543, 51.617408900000015 ] ] } },
{ "type": "Feature", "properties": { "id": 217173, "nach": 0.59556980413021243 }, "geometry": { "type": "LineString", "coordinates": [ [ -0.7645282, 51.6174682 ], [ -0.7645148, 51.6174477 ], [ -0.7644628, 51.6173445 ] ] } },
{ "type": "Feature", "properties": { "id": 182271, "nach": 0.55813854525597917 }, "geometry": { "type": "LineString", "coordinates": [ [ -0.7646326, 51.617170600000016 ], [ -0.7647802, 51.6169969 ] ] } },
{ "type": "Feature", "properties": { "id": 182273, "nach": 0.40740501189544953 }, "geometry": { "type": "LineString", "coordinates": [ [ -0.7646326, 51.617170600000016 ], [ -0.7647859, 51.6172188 ], [ -0.7648514, 51.61713670000001 ] ] } },
{ "type": "Feature", "properties": { "id": 182217, "nach": 0.54106168336418903 }, "geometry": { "type": "LineString", "coordinates": [ [ -0.7647802, 51.6169969 ], [ -0.7647847, 51.6169916 ], [ -0.7647983, 51.6169744 ] ] } },
{ "type": "Feature", "properties": { "id": 182219, "nach": 0.47375243480259499 }, "geometry": { "type": "LineString", "coordinates": [ [ -0.7648172, 51.6170089 ], [ -0.7647802, 51.6169969 ] ] } },
{ "type": "Feature", "properties": { "id": 182266, "nach": 0.42555859573451382 }, "geometry": { "type": "LineString", "coordinates": [ [ -0.7648356, 51.6169889 ], [ -0.7649809, 51.6168312 ], [ -0.7649605, 51.616817800000014 ], [ -0.7650194, 51.6167655 ] ] } },
{ "type": "Feature", "properties": { "id": 182265, "nach": 0.44394990488335723 }, "geometry": { "type": "LineString", "coordinates": [ [ -0.7648356, 51.6169889 ], [ -0.7648172, 51.6170089 ] ] } },
{ "type": "Feature", "properties": { "id": 182268, "nach": 0.30868393305192415 }, "geometry": { "type": "LineString", "coordinates": [ [ -0.7648514, 51.61713670000001 ], [ -0.7649249, 51.6170466 ], [ -0.7648172, 51.6170089 ] ] } },
{ "type": "Feature", "properties": { "id": 217176, "nach": 0.29872011016264682 }, "geometry": { "type": "LineString", "coordinates": [ [ -0.7650484, 51.6171992 ], [ -0.7649964, 51.617183 ], [ -0.7648514, 51.61713670000001 ] ] } },
{ "type": "Feature", "properties": { "id": 182260, "nach": 0.40900458389041222 }, "geometry": { "type": "LineString", "coordinates": [ [ -0.7640377, 51.6173759 ], [ -0.7639284, 51.6173593 ] ] } },
{ "type": "Feature", "properties": { "id": 182256, "nach": 0.48194798629133401 }, "geometry": { "type": "LineString", "coordinates": [ [ -0.7638885, 51.6173462 ], [ -0.7639284, 51.6173593 ] ] } },
{ "type": "Feature", "properties": { "id": 182262, "nach": 0.27167593601415463 }, "geometry": { "type": "LineString", "coordinates": [ [ -0.7640105, 51.6174137 ], [ -0.7640377, 51.6173759 ] ] } },
{ "type": "Feature", "properties": { "id": 182258, "nach": 0.41471787599614451 }, "geometry": { "type": "LineString", "coordinates": [ [ -0.763968, 51.6172554 ], [ -0.7638885, 51.6173462 ] ] } },
{ "type": "Feature", "properties": { "id": 182259, "nach": 0.41485583871656356 }, "geometry": { "type": "LineString", "coordinates": [ [ -0.7638075, 51.617312300000016 ], [ -0.7638027, 51.6173175 ], [ -0.7638885, 51.6173462 ] ] } },
{ "type": "Feature", "properties": { "id": 217172, "nach": 0.60941222455345401 }, "geometry": { "type": "LineString", "coordinates": [ [ -0.7645282, 51.6174682 ], [ -0.7644048, 51.6174739 ], [ -0.7642573, 51.6174639 ], [ -0.7640803, 51.6174306 ], [ -0.7640105, 51.6174137 ] ] } },
{ "type": "Feature", "properties": { "id": 182249, "nach": 0.49514159987821699 }, "geometry": { "type": "LineString", "coordinates": [ [ -0.7641759, 51.617397 ], [ -0.7642543, 51.617408900000015 ] ] } },
{ "type": "Feature", "properties": { "id": 182247, "nach": 0.41129184113025874 }, "geometry": { "type": "LineString", "coordinates": [ [ -0.7642961, 51.6173614 ], [ -0.7642543, 51.617408900000015 ] ] } },
{ "type": "Feature", "properties": { "id": 182252, "nach": 0.45266991330416784 }, "geometry": { "type": "LineString", "coordinates": [ [ -0.7640427, 51.6173767 ], [ -0.7641759, 51.617397 ] ] } },
{ "type": "Feature", "properties": { "id": 182251, "nach": 0.41092290726084435 }, "geometry": { "type": "LineString", "coordinates": [ [ -0.7642233, 51.6173379 ], [ -0.7641759, 51.617397 ] ] } },
{ "type": "Feature", "properties": { "id": 182254, "nach": 0.41011831480254507 }, "geometry": { "type": "LineString", "coordinates": [ [ -0.7641042, 51.6172994 ], [ -0.7640427, 51.6173767 ] ] } },
{ "type": "Feature", "properties": { "id": 217175, "nach": 0.49908143051788367 }, "geometry": { "type": "LineString", "coordinates": [ [ -0.7650484, 51.6171992 ], [ -0.7649412, 51.617310700000012 ], [ -0.7648608, 51.617374 ], [ -0.7647535, 51.6174373 ], [ -0.7646221, 51.6174639 ], [ -0.7645282, 51.6174682 ] ] } },
{ "type": "Feature", "properties": { "id": 219046, "nach": 0.48547277270807176 }, "geometry": { "type": "LineString", "coordinates": [ [ -0.7651842, 51.6170579 ], [ -0.7650484, 51.6171992 ] ] } },
{ "type": "Feature", "properties": { "id": 182468, "nach": 0.39298033840425939 }, "geometry": { "type": "LineString", "coordinates": [ [ -0.7618106, 51.6202301 ], [ -0.761804, 51.6202389 ], [ -0.7617254, 51.6203188 ], [ -0.7614909, 51.6203606 ], [ -0.7614717, 51.6203686 ] ] } },
{ "type": "Feature", "properties": { "id": 182478, "nach": 0.48429829105040995 }, "geometry": { "type": "LineString", "coordinates": [ [ -0.7622282, 51.619716500000017 ], [ -0.7621768, 51.6197841 ], [ -0.7621516, 51.6198079 ], [ -0.7621101, 51.6198633 ], [ -0.7621054, 51.619886400000013 ], [ -0.7620975, 51.619908 ], [ -0.7620816, 51.619927 ], [ -0.762052, 51.61994210000001 ], [ -0.7620165, 51.6199569 ], [ -0.7618106, 51.6202301 ] ] } },
{ "type": "Feature", "properties": { "id": 182471, "nach": 0.44837190421577944 }, "geometry": { "type": "LineString", "coordinates": [ [ -0.7628925, 51.6201298 ], [ -0.7627519, 51.6202805 ], [ -0.7625961, 51.6202085 ], [ -0.7624338, 51.6204135 ], [ -0.7618106, 51.6202301 ] ] } },
{ "type": "Feature", "properties": { "id": 182382, "nach": 0.52699297857960992 }, "geometry": { "type": "LineString", "coordinates": [ [ -0.7623877, 51.6195107 ], [ -0.762684, 51.6191282 ] ] } },
{ "type": "Feature", "properties": { "id": 182476, "nach": 0.50903425543263581 }, "geometry": { "type": "LineString", "coordinates": [ [ -0.7622282, 51.619716500000017 ], [ -0.7623877, 51.6195107 ] ] } },
{ "type": "Feature", "properties": { "id": 182384, "nach": 0.39907449891605928 }, "geometry": { "type": "LineString", "coordinates": [ [ -0.7630293, 51.619709 ], [ -0.7623877, 51.6195107 ] ] } },
{ "type": "Feature", "properties": { "id": 182388, "nach": 0.40163793430324712 }, "geometry": { "type": "LineString", "coordinates": [ [ -0.7614002, 51.6188884 ], [ -0.7613926, 51.6188936 ], [ -0.7611138, 51.6191779 ], [ -0.7610673, 51.6192432 ], [ -0.7610376, 51.619295 ], [ -0.7609843, 51.619328600000017 ], [ -0.7609403, 51.6193451 ], [ -0.7608991, 51.619350300000022 ], [ -0.7602648, 51.6198666 ], [ -0.7603097, 51.6198883 ] ] } },
{ "type": "Feature", "properties": { "id": 182428, "nach": 0.55209178625623201 }, "geometry": { "type": "LineString", "coordinates": [ [ -0.7611761, 51.6187849 ], [ -0.7613577, 51.61887 ], [ -0.7614002, 51.6188884 ] ] } },
{ "type": "Feature", "properties": { "id": 182447, "nach": 0.54351416877285463 }, "geometry": { "type": "LineString", "coordinates": [ [ -0.7617159, 51.619104 ], [ -0.7617544, 51.6190426 ], [ -0.7617551, 51.6188992 ], [ -0.7614002, 51.6188884 ] ] } },
{ "type": "Feature", "properties": { "id": 182477, "nach": 0.39903737477243456 }, "geometry": { "type": "LineString", "coordinates": [ [ -0.7622282, 51.619716500000017 ], [ -0.7625297, 51.6198082 ] ] } },
{ "type": "Feature", "properties": { "id": 182429, "nach": 0.5625408994683514 }, "geometry": { "type": "LineString", "coordinates": [ [ -0.761227, 51.618762 ], [ -0.7611761, 51.6187849 ] ] } },
{ "type": "Feature", "properties": { "id": 182456, "nach": 0.53559833469453433 }, "geometry": { "type": "LineString", "coordinates": [ [ -0.7617076, 51.6191283 ], [ -0.7617159, 51.619104 ] ] } },
{ "type": "Feature", "properties": { "id": 182455, "nach": 0.0 }, "geometry": { "type": "LineString", "coordinates": [ [ -0.7618575, 51.61972080000001 ], [ -0.7621399, 51.6193405 ], [ -0.7621862, 51.6192724 ], [ -0.7621803, 51.6192534 ], [ -0.7621026, 51.619222300000011 ], [ -0.7617159, 51.619104 ] ] } },
{ "type": "Feature", "properties": { "id": 182419, "nach": 0.55767769981712556 }, "geometry": { "type": "LineString", "coordinates": [ [ -0.7624695, 51.61811 ], [ -0.7623955, 51.6180944 ], [ -0.7623317, 51.6180628 ], [ -0.7622493, 51.6179947 ], [ -0.7621762, 51.6178997 ] ] } },
{ "type": "Feature", "properties": { "id": 182414, "nach": 0.61444202881962384 }, "geometry": { "type": "LineString", "coordinates": [ [ -0.7631027, 51.618078 ], [ -0.7629304, 51.6180446 ], [ -0.7626312, 51.617983 ], [ -0.7623435, 51.617913799999982 ], [ -0.7621762, 51.6178997 ] ] } },
{ "type": "Feature", "properties": { "id": 228735, "nach": 0.47796474702342467 }, "geometry": { "type": "LineString", "coordinates": [ [ -0.7626933, 51.6181134 ], [ -0.7624695, 51.61811 ] ] } },
{ "type": "Feature", "properties": { "id": 228738, "nach": 0.42277643207131238 }, "geometry": { "type": "LineString", "coordinates": [ [ -0.7626933, 51.6181134 ], [ -0.762982, 51.6181117 ], [ -0.7630484, 51.618106 ], [ -0.7630802, 51.618096 ], [ -0.7631027, 51.618078 ] ] } },
{ "type": "Feature", "properties": { "id": 182431, "nach": 0.40120343173554579 }, "geometry": { "type": "LineString", "coordinates": [ [ -0.761227, 51.618762 ], [ -0.7613152, 51.6187223 ], [ -0.7614702, 51.618672800000013 ], [ -0.7620587, 51.6184176 ], [ -0.762194, 51.6183474 ], [ -0.7623425, 51.6183058 ] ] } },
{ "type": "Feature", "properties": { "id": 228736, "nach": 0.48784554561551624 }, "geometry": { "type": "LineString", "coordinates": [ [ -0.7626933, 51.6181134 ], [ -0.7626929, 51.618044200000014 ] ] } },
{ "type": "Feature", "properties": { "id": 182458, "nach": 0.50440097040741216 }, "geometry": { "type": "LineString", "coordinates": [ [ -0.7617076, 51.6191283 ], [ -0.7616826, 51.6192023 ], [ -0.7616839, 51.6192398 ], [ -0.7616891, 51.6192764 ], [ -0.761686, 51.61931 ], [ -0.7616658, 51.6193291 ], [ -0.7616443, 51.6193472 ], [ -0.7616378, 51.6193868 ], [ -0.761659, 51.6194246 ] ] } },
{ "type": "Feature", "properties": { "id": 182463, "nach": 0.45405490398449161 }, "geometry": { "type": "LineString", "coordinates": [ [ -0.7615715, 51.6192131 ], [ -0.7617076, 51.6191283 ] ] } },
{ "type": "Feature", "properties": { "id": 182454, "nach": 0.44537820189839467 }, "geometry": { "type": "LineString", "coordinates": [ [ -0.7618575, 51.61972080000001 ], [ -0.7618462, 51.6197177 ], [ -0.761767, 51.6196299 ], [ -0.7617569, 51.6195425 ], [ -0.7617123, 51.6194768 ], [ -0.761659, 51.6194246 ] ] } },
{ "type": "Feature", "properties": { "id": 182453, "nach": 0.40221110731209858 }, "geometry": { "type": "LineString", "coordinates": [ [ -0.7618575, 51.61972080000001 ], [ -0.7619968, 51.6197624 ] ] } },
{ "type": "Feature", "properties": { "id": 182459, "nach": 0.45132776359238191 }, "geometry": { "type": "LineString", "coordinates": [ [ -0.7616206, 51.6194301 ], [ -0.761659, 51.6194246 ] ] } },
{ "type": "Feature", "properties": { "id": 182465, "nach": 0.18567057753083183 }, "geometry": { "type": "LineString", "coordinates": [ [ -0.7615715, 51.6192131 ], [ -0.7615005, 51.6192573 ], [ -0.7614138, 51.6193563 ], [ -0.7616206, 51.6194301 ] ] } },
{ "type": "Feature", "properties": { "id": 182462, "nach": 0.40797490857786006 }, "geometry": { "type": "LineString", "coordinates": [ [ -0.7615191, 51.6194882 ], [ -0.7616092, 51.6194401 ], [ -0.7616206, 51.6194301 ] ] } },
{ "type": "Feature", "properties": { "id": 182466, "nach": 0.41214322185593177 }, "geometry": { "type": "LineString", "coordinates": [ [ -0.7615271, 51.61919060000001 ], [ -0.7615715, 51.6192131 ] ] } },
{ "type": "Feature", "properties": { "id": 182473, "nach": 0.38211862374358918 }, "geometry": { "type": "LineString", "coordinates": [ [ -0.763, 51.6201664 ], [ -0.7628925, 51.6201298 ] ] } },
{ "type": "Feature", "properties": { "id": 182474, "nach": 0.37955321069587927 }, "geometry": { "type": "LineString", "coordinates": [ [ -0.7629028, 51.6199067 ], [ -0.7629143, 51.6199497 ], [ -0.7630148, 51.6199794 ], [ -0.7628925, 51.6201298 ] ] } },
{ "type": "Feature", "properties": { "id": 270658, "nach": 0.42034193427110078 }, "geometry": { "type": "LineString", "coordinates": [ [ -0.7657148, 51.6178345 ], [ -0.7659426, 51.6179805 ] ] } },
{ "type": "Feature", "properties": { "id": 182496, "nach": 0.29375762834099206 }, "geometry": { "type": "LineString", "coordinates": [ [ -0.756671, 51.62088090000001 ], [ -0.7566765, 51.620912 ], [ -0.7567248, 51.6209361 ], [ -0.7568671, 51.620967300000011 ], [ -0.7570341, 51.6209996 ], [ -0.757069, 51.6210249 ], [ -0.7570935, 51.6210531 ], [ -0.7571217, 51.6210849 ], [ -0.7571237, 51.621119200000017 ], [ -0.7570996, 51.6211518 ] ] } },
{ "type": "Feature", "properties": { "id": 182509, "nach": 0.34065631514542866 }, "geometry": { "type": "LineString", "coordinates": [ [ -0.755383, 51.6224221 ], [ -0.7554437, 51.62226660000001 ], [ -0.7555435, 51.622089300000013 ], [ -0.7556763, 51.621882 ], [ -0.7558029, 51.6216876 ], [ -0.7559465, 51.6215123 ], [ -0.7560517, 51.621375 ], [ -0.7562436, 51.6212102 ], [ -0.7565259, 51.6210759 ], [ -0.7565808, 51.6210498 ], [ -0.7566212, 51.621011 ], [ -0.756649, 51.6209836 ], [ -0.7566661, 51.6209507 ], [ -0.756671, 51.62088090000001 ] ] } },
{ "type": "Feature", "properties": { "id": 182517, "nach": 0.39976006393560853 }, "geometry": { "type": "LineString", "coordinates": [ [ -0.7553397, 51.6225385 ], [ -0.755383, 51.6224221 ] ] } },
{ "type": "Feature", "properties": { "id": 182516, "nach": 0.31923919823325408 }, "geometry": { "type": "LineString", "coordinates": [ [ -0.7563853, 51.6218675 ], [ -0.7563415, 51.6219477 ], [ -0.7562792, 51.6220433 ], [ -0.7561266, 51.622137 ], [ -0.7560015, 51.6222005 ], [ -0.7558253, 51.6222812 ], [ -0.755383, 51.6224221 ] ] } },
{ "type": "Feature", "properties": { "id": 182507, "nach": 0.31243146007539219 }, "geometry": { "type": "LineString", "coordinates": [ [ -0.7476891, 51.6217592 ], [ -0.7477639, 51.6217621 ], [ -0.747926, 51.6217859 ], [ -0.7480421, 51.6218352 ], [ -0.7481423, 51.6219207 ], [ -0.7482053, 51.6220274 ], [ -0.7482398, 51.6221387 ], [ -0.7482605, 51.6222321 ], [ -0.7483477, 51.6223353 ], [ -0.7485561, 51.622443400000016 ], [ -0.7487354, 51.622537 ], [ -0.7489685, 51.6226446 ], [ -0.7492089, 51.6227118 ], [ -0.7495245, 51.622745 ], [ -0.7497653, 51.6227171 ], [ -0.7499235, 51.6226687 ], [ -0.7499879, 51.6226114 ], [ -0.7500057, 51.6225393 ], [ -0.7499727, 51.6224309 ], [ -0.7499564, 51.6223697 ], [ -0.7499798, 51.6223073 ], [ -0.7501319, 51.622090900000018 ], [ -0.7501826, 51.6219522 ], [ -0.7502392, 51.6218429 ], [ -0.7503075, 51.6216578 ], [ -0.7503805, 51.6215597 ], [ -0.7504127, 51.6215411 ], [ -0.7504371, 51.6215344 ] ] } },
{ "type": "Feature", "properties": { "id": 187798, "nach": 0.34422809997845238 }, "geometry": { "type": "LineString", "coordinates": [ [ -0.7506992, 51.6215523 ], [ -0.7506755, 51.62155 ], [ -0.7505638, 51.6215253 ], [ -0.7505103, 51.6215224 ], [ -0.7504558, 51.6215293 ], [ -0.7504371, 51.6215344 ] ] } },
{ "type": "Feature", "properties": { "id": 187801, "nach": 0.4088463778779885 }, "geometry": { "type": "LineString", "coordinates": [ [ -0.7506992, 51.6215523 ], [ -0.7507464, 51.62159230000001 ], [ -0.7509081, 51.621652300000015 ], [ -0.7510558, 51.6216996 ], [ -0.7512047, 51.6217391 ], [ -0.7513232, 51.6217548 ], [ -0.7514251, 51.621787800000014 ], [ -0.7514626, 51.6218174 ], [ -0.751485, 51.6218585 ], [ -0.7515095, 51.6219404 ], [ -0.7514958, 51.6221056 ], [ -0.7514458, 51.622582 ], [ -0.751433, 51.6227312 ], [ -0.751401, 51.6228615 ], [ -0.7513741, 51.6229109 ] ] } },
{ "type": "Feature", "properties": { "id": 187802, "nach": 0.38282580767839169 }, "geometry": { "type": "LineString", "coordinates": [ [ -0.751099, 51.6213083 ], [ -0.7510528, 51.6213712 ], [ -0.7510085, 51.621445 ], [ -0.750915, 51.6215129 ], [ -0.7508231, 51.6215479 ], [ -0.7507504, 51.621557400000015 ], [ -0.7506992, 51.6215523 ] ] } },
{ "type": "Feature", "properties": { "id": 182518, "nach": 0.39445498393057593 }, "geometry": { "type": "LineString", "coordinates": [ [ -0.7553397, 51.6225385 ], [ -0.7553259, 51.622575500000011 ], [ -0.7552792, 51.622741 ], [ -0.7552977, 51.622854 ], [ -0.7553541, 51.6229355 ] ] } },
{ "type": "Feature", "properties": { "id": 182522, "nach": 0.38000416764254119 }, "geometry": { "type": "LineString", "coordinates": [ [ -0.7539454, 51.6232306 ], [ -0.7543016, 51.6229017 ], [ -0.7553397, 51.6225385 ] ] } },
{ "type": "Feature", "properties": { "id": 182515, "nach": 0.42070446501697784 }, "geometry": { "type": "LineString", "coordinates": [ [ -0.7556266, 51.6231366 ], [ -0.7554418, 51.6230195 ], [ -0.7554021, 51.6229818 ], [ -0.7553541, 51.6229355 ] ] } },
{ "type": "Feature", "properties": { "id": 182552, "nach": 0.3305212142175698 }, "geometry": { "type": "LineString", "coordinates": [ [ -0.7547202, 51.6234298 ], [ -0.7547907, 51.6234073 ], [ -0.7548917, 51.623371 ], [ -0.7549891, 51.6233305 ], [ -0.7550682, 51.623287199999986 ], [ -0.7551439, 51.6232422 ], [ -0.7552091, 51.6231924 ], [ -0.7552475, 51.623151900000011 ], [ -0.7552841, 51.6231018 ], [ -0.755313, 51.6230513 ], [ -0.7553316, 51.6230135 ], [ -0.7553552, 51.6229848 ], [ -0.7553541, 51.6229355 ] ] } },
{ "type": "Feature", "properties": { "id": 182530, "nach": 0.4345013587533022 }, "geometry": { "type": "LineString", "coordinates": [ [ -0.7545447, 51.6240397 ], [ -0.7547762, 51.6238498 ], [ -0.7556266, 51.6231366 ] ] } },
{ "type": "Feature", "properties": { "id": 182553, "nach": 0.41019894707808946 }, "geometry": { "type": "LineString", "coordinates": [ [ -0.7547202, 51.6234298 ], [ -0.754683, 51.6234613 ], [ -0.7546625, 51.6234947 ], [ -0.7546577, 51.6235246 ], [ -0.7544782, 51.6237049 ], [ -0.7544531, 51.6237498 ], [ -0.754441, 51.623802499999989 ], [ -0.7544284, 51.6238963 ], [ -0.7543544, 51.6239594 ] ] } },
{ "type": "Feature", "properties": { "id": 182554, "nach": 0.36858152889497425 }, "geometry": { "type": "LineString", "coordinates": [ [ -0.7546033, 51.623381500000015 ], [ -0.7547202, 51.6234298 ] ] } },
{ "type": "Feature", "properties": { "id": 182523, "nach": 0.38731381290285111 }, "geometry": { "type": "LineString", "coordinates": [ [ -0.7539885, 51.6232488 ], [ -0.7539454, 51.6232306 ] ] } },
{ "type": "Feature", "properties": { "id": 182545, "nach": 0.38179579309961414 }, "geometry": { "type": "LineString", "coordinates": [ [ -0.7529388, 51.6239516 ], [ -0.7529534, 51.6239305 ], [ -0.7532157, 51.62388 ], [ -0.7533086, 51.6238193 ], [ -0.7535967, 51.62355250000001 ], [ -0.7539454, 51.6232306 ] ] } },
{ "type": "Feature", "properties": { "id": 182529, "nach": 0.3622809008910764 }, "geometry": { "type": "LineString", "coordinates": [ [ -0.7540333, 51.623244 ], [ -0.7539885, 51.6232488 ] ] } },
{ "type": "Feature", "properties": { "id": 182526, "nach": 0.41490025585940921 }, "geometry": { "type": "LineString", "coordinates": [ [ -0.7538079, 51.6240688 ], [ -0.7537938, 51.6240013 ], [ -0.7537913, 51.6239743 ], [ -0.7537901, 51.6239426 ], [ -0.7538004, 51.6238981 ], [ -0.7537994, 51.6238554 ], [ -0.7537977, 51.623786 ], [ -0.7538195, 51.6237378 ], [ -0.7538787, 51.6236668 ], [ -0.7539321, 51.6236112 ], [ -0.753937, 51.623593 ], [ -0.7539482, 51.6235674 ], [ -0.7540177, 51.6235046 ], [ -0.7539885, 51.6232488 ] ] } },
{ "type": "Feature", "properties": { "id": 182547, "nach": 0.44989826960656837 }, "geometry": { "type": "LineString", "coordinates": [ [ -0.7529388, 51.6239516 ], [ -0.7529719, 51.6239633 ], [ -0.75302, 51.623984699999987 ], [ -0.7530609, 51.6240065 ], [ -0.7531243, 51.6240401 ], [ -0.753174, 51.6240704 ], [ -0.7532018, 51.6240895 ], [ -0.7532312, 51.62411 ], [ -0.7532741, 51.6241382 ], [ -0.7533094, 51.6241631 ], [ -0.7533361, 51.62419220000001 ], [ -0.7533252, 51.6242415 ] ] } },
{ "type": "Feature", "properties": { "id": 183037, "nach": 0.38749798702066079 }, "geometry": { "type": "LineString", "coordinates": [ [ -0.7525264, 51.6245249 ], [ -0.7525319, 51.6245124 ], [ -0.7527205, 51.6242325 ], [ -0.7527339, 51.6242261 ], [ -0.7527479, 51.6242267 ], [ -0.7527621, 51.6242238 ], [ -0.7527706, 51.62421 ], [ -0.7529046, 51.624014 ], [ -0.7529209, 51.6239774 ], [ -0.7529388, 51.6239516 ] ] } },
{ "type": "Feature", "properties": { "id": 183103, "nach": 0.45292494545039308 }, "geometry": { "type": "LineString", "coordinates": [ [ -0.7528876, 51.623934 ], [ -0.7529081, 51.6239407 ], [ -0.7529388, 51.6239516 ] ] } },
{ "type": "Feature", "properties": { "id": 182533, "nach": 0.46635011458056352 }, "geometry": { "type": "LineString", "coordinates": [ [ -0.7535494, 51.62421470000001 ], [ -0.7536404, 51.6241956 ], [ -0.7537212, 51.624148700000013 ], [ -0.7537782, 51.6240842 ], [ -0.7538079, 51.6240688 ] ] } },
{ "type": "Feature", "properties": { "id": 182548, "nach": 0.41156775501767862 }, "geometry": { "type": "LineString", "coordinates": [ [ -0.7543544, 51.6239594 ], [ -0.7543099, 51.6239511 ], [ -0.7542115, 51.6239544 ], [ -0.7540834, 51.623969 ], [ -0.7539826, 51.6239969 ], [ -0.7538649, 51.624039 ], [ -0.7538079, 51.6240688 ] ] } },
{ "type": "Feature", "properties": { "id": 182555, "nach": 0.45351797333451721 }, "geometry": { "type": "LineString", "coordinates": [ [ -0.7529856, 51.6247535 ], [ -0.7530904, 51.6247279 ], [ -0.7532056, 51.6246303 ], [ -0.7532495, 51.624593 ], [ -0.7532833, 51.6245629 ], [ -0.7535444, 51.6243449 ], [ -0.7535643, 51.624314 ], [ -0.7535634, 51.6242766 ], [ -0.7535494, 51.62421470000001 ] ] } },
{ "type": "Feature", "properties": { "id": 182537, "nach": 0.40948024334368149 }, "geometry": { "type": "LineString", "coordinates": [ [ -0.7533252, 51.6242415 ], [ -0.7533691, 51.6242262 ], [ -0.7534595, 51.624219 ], [ -0.7535494, 51.62421470000001 ] ] } },
{ "type": "Feature", "properties": { "id": 182549, "nach": 0.44151955930419695 }, "geometry": { "type": "LineString", "coordinates": [ [ -0.7543544, 51.6239594 ], [ -0.7543932, 51.6239667 ], [ -0.7545447, 51.6240397 ] ] } },
{ "type": "Feature", "properties": { "id": 182557, "nach": 0.54568975825680222 }, "geometry": { "type": "LineString", "coordinates": [ [ -0.7529856, 51.6247535 ], [ -0.7529616, 51.6247399 ], [ -0.752923, 51.6247277 ], [ -0.7528489, 51.6247175 ] ] } },
{ "type": "Feature", "properties": { "id": 183048, "nach": 0.5607153115843706 }, "geometry": { "type": "LineString", "coordinates": [ [ -0.7530322, 51.6247871 ], [ -0.7530186, 51.6247742 ], [ -0.7529892, 51.6247555 ], [ -0.7529856, 51.6247535 ] ] } },
{ "type": "Feature", "properties": { "id": 182540, "nach": 0.46820270490047361 }, "geometry": { "type": "LineString", "coordinates": [ [ -0.7528489, 51.6247175 ], [ -0.7528694, 51.6246078 ], [ -0.7529888, 51.6244504 ], [ -0.7531057, 51.624348 ], [ -0.7532809, 51.6242569 ], [ -0.7533252, 51.6242415 ] ] } },
{ "type": "Feature", "properties": { "id": 183033, "nach": 0.53087993447691517 }, "geometry": { "type": "LineString", "coordinates": [ [ -0.7526865, 51.6247788 ], [ -0.7527169, 51.6247605 ], [ -0.7527548, 51.6247392 ], [ -0.7528088, 51.62472180000001 ], [ -0.7528489, 51.6247175 ] ] } },
{ "type": "Feature", "properties": { "id": 183032, "nach": 0.49802304936002834 }, "geometry": { "type": "LineString", "coordinates": [ [ -0.7526865, 51.6247788 ], [ -0.7526734, 51.6247867 ], [ -0.7526253, 51.624818 ], [ -0.7524441, 51.6249804 ], [ -0.752417, 51.625002600000016 ], [ -0.7523925, 51.625016 ], [ -0.7523685, 51.6250274 ], [ -0.752328, 51.62504 ], [ -0.7522886, 51.6250472 ], [ -0.7522522, 51.6250499 ], [ -0.7522213, 51.6250496 ], [ -0.7521951, 51.625046 ] ] } },
{ "type": "Feature", "properties": { "id": 183036, "nach": 0.46548673880731406 }, "geometry": { "type": "LineString", "coordinates": [ [ -0.7525264, 51.6245249 ], [ -0.7525537, 51.6245509 ], [ -0.7525588, 51.6245827 ], [ -0.7525604, 51.62461290000001 ], [ -0.7525657, 51.62463790000001 ], [ -0.7525804, 51.624666200000014 ], [ -0.7525999, 51.6246983 ], [ -0.7526251, 51.6247292 ], [ -0.7526566, 51.6247576 ], [ -0.7526865, 51.6247788 ] ] } },
{ "type": "Feature", "properties": { "id": 183046, "nach": 0.48529011689062618 }, "geometry": { "type": "LineString", "coordinates": [ [ -0.7530322, 51.6247871 ], [ -0.7526162, 51.62513040000001 ], [ -0.752572, 51.6251703 ], [ -0.7524762, 51.6252512 ], [ -0.7524398, 51.6252846 ], [ -0.7524121, 51.6253045 ] ] } },
{ "type": "Feature", "properties": { "id": 183102, "nach": 0.37111667330205839 }, "geometry": { "type": "LineString", "coordinates": [ [ -0.7528876, 51.623934 ], [ -0.7528444, 51.6239198 ], [ -0.7527784, 51.6239002 ], [ -0.7526918, 51.6238774 ], [ -0.7526245, 51.623863400000012 ], [ -0.7525679, 51.623852299999989 ], [ -0.7524998, 51.6238409 ] ] } },
{ "type": "Feature", "properties": { "id": 183107, "nach": 0.41500754619771923 }, "geometry": { "type": "LineString", "coordinates": [ [ -0.7513741, 51.6229109 ], [ -0.7514933, 51.6229494 ], [ -0.7515588, 51.6229741 ], [ -0.7516351, 51.6230085 ], [ -0.7517266, 51.623074400000014 ], [ -0.7518061, 51.6231458 ], [ -0.7518864, 51.6232265 ], [ -0.7519501, 51.6232756 ], [ -0.7521507, 51.6233662 ], [ -0.7523949, 51.6234588 ], [ -0.7525223, 51.6235049 ], [ -0.7525868, 51.6235454 ], [ -0.7526277, 51.6235905 ], [ -0.752707, 51.6236705 ], [ -0.7527932, 51.6237954 ], [ -0.7528593, 51.6238882 ], [ -0.7528876, 51.623934 ] ] } },
{ "type": "Feature", "properties": { "id": 183040, "nach": 0.46670400096411802 }, "geometry": { "type": "LineString", "coordinates": [ [ -0.7524709, 51.6246918 ], [ -0.7525065, 51.6246881 ], [ -0.7525133, 51.6246662 ], [ -0.7525233, 51.6246305 ], [ -0.7525177, 51.624602200000012 ], [ -0.7525065, 51.62456920000001 ], [ -0.7525264, 51.6245249 ] ] } },
{ "type": "Feature", "properties": { "id": 183019, "nach": 0.40378813719523637 }, "geometry": { "type": "LineString", "coordinates": [ [ -0.7521777, 51.6255371 ], [ -0.7521877, 51.6255328 ], [ -0.7522622, 51.6255124 ], [ -0.7523028, 51.625484200000017 ], [ -0.7524069, 51.6253609 ], [ -0.752415, 51.6253408 ], [ -0.7524195, 51.6253202 ], [ -0.7524121, 51.6253045 ] ] } },
{ "type": "Feature", "properties": { "id": 183015, "nach": 0.45252409572374996 }, "geometry": { "type": "LineString", "coordinates": [ [ -0.752054, 51.6254209 ], [ -0.7524053, 51.6253094 ], [ -0.7524121, 51.6253045 ] ] } },
{ "type": "Feature", "properties": { "id": 183021, "nach": 0.30494825126263392 }, "geometry": { "type": "LineString", "coordinates": [ [ -0.7521777, 51.6255371 ], [ -0.7521424, 51.6254984 ], [ -0.752054, 51.6254209 ] ] } },
{ "type": "Feature", "properties": { "id": 183020, "nach": 0.36958014810340284 }, "geometry": { "type": "LineString", "coordinates": [ [ -0.7521777, 51.6255371 ], [ -0.7521282, 51.625558799999986 ], [ -0.7520768, 51.6255869 ], [ -0.7520468, 51.6256112 ], [ -0.7519991, 51.625662 ], [ -0.7519682, 51.6257064 ], [ -0.7519535, 51.625726 ], [ -0.7519139, 51.625778899999986 ], [ -0.7518835, 51.6258196 ], [ -0.7518679, 51.6258404 ], [ -0.7518477, 51.6258674 ], [ -0.751833, 51.625887 ] ] } },
{ "type": "Feature", "properties": { "id": 183023, "nach": 0.445800976082661 }, "geometry": { "type": "LineString", "coordinates": [ [ -0.7519363, 51.6253963 ], [ -0.7520231, 51.6254117 ], [ -0.752054, 51.6254209 ] ] } },
{ "type": "Feature", "properties": { "id": 183024, "nach": 0.37139385512718032 }, "geometry": { "type": "LineString", "coordinates": [ [ -0.7519363, 51.6253963 ], [ -0.7519174, 51.6254147 ], [ -0.7519074, 51.6254256 ], [ -0.7518756, 51.6254585 ], [ -0.7517425, 51.6256317 ] ] } },
{ "type": "Feature", "properties": { "id": 183074, "nach": 0.36001873237407789 }, "geometry": { "type": "LineString", "coordinates": [ [ -0.7519294, 51.6252879 ], [ -0.7519196, 51.625298 ], [ -0.7519099, 51.6253148 ], [ -0.7519051, 51.6253378 ], [ -0.7519081, 51.6253601 ], [ -0.7519309, 51.6253828 ], [ -0.7519363, 51.6253963 ] ] } },
{ "type": "Feature", "properties": { "id": 183080, "nach": 0.41433604237391103 }, "geometry": { "type": "LineString", "coordinates": [ [ -0.7513616, 51.625454499999989 ], [ -0.7513892, 51.6254194 ], [ -0.7514107, 51.6253974 ], [ -0.7514377, 51.6253717 ], [ -0.7514717, 51.62535740000002 ], [ -0.7515207, 51.625345800000012 ], [ -0.7515866, 51.6253397 ], [ -0.7516566, 51.625338 ], [ -0.7516949, 51.625341400000011 ], [ -0.7517318, 51.6253477 ], [ -0.751775, 51.6253601 ], [ -0.7518397, 51.6253748 ], [ -0.7519363, 51.6253963 ] ] } },
{ "type": "Feature", "properties": { "id": 183073, "nach": 0.49341336850847783 }, "geometry": { "type": "LineString", "coordinates": [ [ -0.7519294, 51.6252879 ], [ -0.7519356, 51.6252815 ], [ -0.7519664, 51.62526170000001 ], [ -0.7520105, 51.6252373 ], [ -0.7520456, 51.6252237 ], [ -0.7520673, 51.6252013 ], [ -0.752094, 51.625171299999984 ], [ -0.7521223, 51.6251353 ], [ -0.7521487, 51.6251063 ], [ -0.7521951, 51.625046 ] ] } },
{ "type": "Feature", "properties": { "id": 183077, "nach": 0.47944968395789328 }, "geometry": { "type": "LineString", "coordinates": [ [ -0.751229, 51.6250823 ], [ -0.7519294, 51.6252879 ] ] } },
{ "type": "Feature", "properties": { "id": 183078, "nach": 0.34353696548112533 }, "geometry": { "type": "LineString", "coordinates": [ [ -0.7513616, 51.625454499999989 ], [ -0.7513511, 51.6254349 ], [ -0.7513329, 51.6254142 ], [ -0.751236, 51.6253288 ], [ -0.7511639, 51.6252602 ], [ -0.7511238, 51.6252055 ] ] } },
{ "type": "Feature", "properties": { "id": 183081, "nach": 0.35866228765192515 }, "geometry": { "type": "LineString", "coordinates": [ [ -0.7510808, 51.6258427 ], [ -0.7511505, 51.6257587 ], [ -0.7511514, 51.6257304 ], [ -0.7513578, 51.62547270000001 ], [ -0.7513616, 51.625454499999989 ] ] } },
{ "type": "Feature", "properties": { "id": 183031, "nach": 0.3738185149689236 }, "geometry": { "type": "LineString", "coordinates": [ [ -0.7521951, 51.625046 ], [ -0.7521878, 51.625045 ], [ -0.7521643, 51.6250369 ], [ -0.7521435, 51.6250218 ], [ -0.7521302, 51.6250056 ], [ -0.7521225, 51.624984299999987 ], [ -0.7521176, 51.62495650000001 ], [ -0.75212, 51.6249351 ], [ -0.7521263, 51.624916 ], [ -0.7521272, 51.624897899999986 ], [ -0.7521216, 51.6248816 ], [ -0.7521085, 51.6248657 ], [ -0.7520906, 51.6248492 ], [ -0.7520755, 51.6248353 ], [ -0.7520587, 51.6248184 ], [ -0.7520393, 51.6248027 ], [ -0.752017, 51.624789 ], [ -0.7519933, 51.6247767 ], [ -0.7519625, 51.624766 ] ] } },
{ "type": "Feature", "properties": { "id": 183039, "nach": 0.38652525021121187 }, "geometry": { "type": "LineString", "coordinates": [ [ -0.7524709, 51.6246918 ], [ -0.7524697, 51.6247122 ], [ -0.7524637, 51.6247379 ], [ -0.7524545, 51.6247613 ], [ -0.7524406, 51.624791 ], [ -0.7524233, 51.624817 ], [ -0.7524018, 51.624844600000017 ], [ -0.7523782, 51.624872 ], [ -0.7523475, 51.6248991 ], [ -0.7522966, 51.6249344 ], [ -0.7522649, 51.6249599 ], [ -0.7522276, 51.625005200000011 ], [ -0.7521951, 51.625046 ] ] } },
{ "type": "Feature", "properties": { "id": 183042, "nach": 0.44179881953360051 }, "geometry": { "type": "LineString", "coordinates": [ [ -0.7524707, 51.62467070000001 ], [ -0.7524712, 51.6246879 ], [ -0.7524709, 51.6246918 ] ] } },
{ "type": "Feature", "properties": { "id": 183045, "nach": 0.36907318271991707 }, "geometry": { "type": "LineString", "coordinates": [ [ -0.7516936, 51.6243945 ], [ -0.7517318, 51.624376500000011 ], [ -0.751764, 51.624364 ], [ -0.75179, 51.6243623 ], [ -0.7518179, 51.624367799999987 ], [ -0.7523141, 51.62449680000001 ], [ -0.7523467, 51.6245086 ], [ -0.7523737, 51.624527 ], [ -0.7523964, 51.6245506 ], [ -0.7524293, 51.6245823 ], [ -0.7524501, 51.6246107 ], [ -0.7524625, 51.6246342 ], [ -0.7524705, 51.6246645 ], [ -0.7524707, 51.62467070000001 ] ] } },
{ "type": "Feature", "properties": { "id": 183044, "nach": 0.37603946046634723 }, "geometry": { "type": "LineString", "coordinates": [ [ -0.7521896, 51.6246409 ], [ -0.7524305, 51.6246644 ], [ -0.7524707, 51.62467070000001 ] ] } },
{ "type": "Feature", "properties": { "id": 183056, "nach": 0.32844145658615359 }, "geometry": { "type": "LineString", "coordinates": [ [ -0.7520088, 51.6240803 ], [ -0.751929, 51.6240611 ] ] } },
{ "type": "Feature", "properties": { "id": 183064, "nach": 0.3273179993125272 }, "geometry": { "type": "LineString", "coordinates": [ [ -0.7520126, 51.6240192 ], [ -0.7519973, 51.6240162 ], [ -0.7519728, 51.624017 ], [ -0.7519547, 51.6240232 ], [ -0.7519439, 51.6240362 ], [ -0.751929, 51.6240611 ] ] } },
{ "type": "Feature", "properties": { "id": 183055, "nach": 0.37312870496983386 }, "geometry": { "type": "LineString", "coordinates": [ [ -0.7511805, 51.6243528 ], [ -0.7512504, 51.6243488 ], [ -0.7513189, 51.6243387 ], [ -0.7513919, 51.6243263 ], [ -0.7514524, 51.62431 ], [ -0.7515128, 51.624287 ], [ -0.7515369, 51.6242734 ], [ -0.7515766, 51.6242519 ], [ -0.7516059, 51.6242301 ], [ -0.7516656, 51.624199 ], [ -0.751728, 51.6241735 ], [ -0.7517834, 51.6241569 ], [ -0.7518222, 51.6241426 ], [ -0.7518477, 51.6241264 ], [ -0.7518729, 51.6241059 ], [ -0.7519031, 51.624088 ], [ -0.751923, 51.6240714 ], [ -0.751929, 51.6240611 ] ] } },
{ "type": "Feature", "properties": { "id": 183059, "nach": 0.31898448946742519 }, "geometry": { "type": "LineString", "coordinates": [ [ -0.7512153, 51.6237141 ], [ -0.7513024, 51.623715 ], [ -0.751383, 51.6237193 ], [ -0.7514309, 51.6237233 ], [ -0.7515096, 51.6237382 ], [ -0.7515732, 51.6237545 ], [ -0.7516162, 51.6237778 ], [ -0.7516371, 51.623796399999989 ], [ -0.7516627, 51.623825 ], [ -0.7516872, 51.623866399999983 ], [ -0.7517105, 51.6239201 ], [ -0.7517243, 51.6239887 ], [ -0.7517316, 51.6240091 ], [ -0.7519125, 51.6240574 ], [ -0.751929, 51.6240611 ] ] } },
{ "type": "Feature", "properties": { "id": 183057, "nach": 0.38006781283893248 }, "geometry": { "type": "LineString", "coordinates": [ [ -0.7512153, 51.6237141 ], [ -0.7511805, 51.6243528 ] ] } },
{ "type": "Feature", "properties": { "id": 183061, "nach": 0.42956963435798562 }, "geometry": { "type": "LineString", "coordinates": [ [ -0.7511646, 51.6247079 ], [ -0.7511805, 51.6243528 ] ] } },
{ "type": "Feature", "properties": { "id": 183106, "nach": 0.38726202743854371 }, "geometry": { "type": "LineString", "coordinates": [ [ -0.7513741, 51.6229109 ], [ -0.751334, 51.622984700000011 ], [ -0.7512857, 51.6231047 ], [ -0.7512497, 51.6232006 ], [ -0.7512138, 51.6233846 ], [ -0.751194, 51.6236218 ], [ -0.7512153, 51.6237141 ] ] } },
{ "type": "Feature", "properties": { "id": 183108, "nach": 0.310608581089027 }, "geometry": { "type": "LineString", "coordinates": [ [ -0.7502853, 51.6237213 ], [ -0.7504085, 51.6236999 ], [ -0.750554, 51.6236861 ], [ -0.7506933, 51.6236856 ], [ -0.7508462, 51.6237042 ], [ -0.7509874, 51.6237159 ], [ -0.7511118, 51.6237207 ], [ -0.7512153, 51.6237141 ] ] } },
{ "type": "Feature", "properties": { "id": 183065, "nach": 0.34897145529088996 }, "geometry": { "type": "LineString", "coordinates": [ [ -0.7513962, 51.624720300000014 ], [ -0.7513563, 51.6247559 ], [ -0.7512041, 51.624713 ], [ -0.7511646, 51.6247079 ] ] } },
{ "type": "Feature", "properties": { "id": 183068, "nach": 0.45205825293231933 }, "geometry": { "type": "LineString", "coordinates": [ [ -0.7511238, 51.6252055 ], [ -0.7510267, 51.6249829 ], [ -0.7510328, 51.6249654 ], [ -0.7511601, 51.6247292 ], [ -0.7511646, 51.6247079 ] ] } },
{ "type": "Feature", "properties": { "id": 183076, "nach": 0.46225112488011771 }, "geometry": { "type": "LineString", "coordinates": [ [ -0.751229, 51.6250823 ], [ -0.7511238, 51.6252055 ] ] } },
{ "type": "Feature", "properties": { "id": 183070, "nach": 0.35044682061542043 }, "geometry": { "type": "LineString", "coordinates": [ [ -0.7507142, 51.6257612 ], [ -0.7509309, 51.6254584 ], [ -0.7509524, 51.6254466 ], [ -0.7511238, 51.6252055 ] ] } },
{ "type": "Feature", "properties": { "id": 183075, "nach": 0.36561516189269572 }, "geometry": { "type": "LineString", "coordinates": [ [ -0.751229, 51.6250823 ], [ -0.7512688, 51.625035600000011 ] ] } },
{ "type": "Feature", "properties": { "id": 183688, "nach": 0.0 }, "geometry": { "type": "LineString", "coordinates": [ [ -0.7531058, 51.6268422 ], [ -0.7530932, 51.6268808 ], [ -0.7531121, 51.6269062 ], [ -0.7531372, 51.6269265 ], [ -0.7531786, 51.6269414 ], [ -0.7533104, 51.626966 ], [ -0.753371, 51.6269975 ], [ -0.7533773, 51.6270388 ], [ -0.7533807, 51.6270648 ], [ -0.7533667, 51.6270866 ], [ -0.7533361, 51.6270997 ], [ -0.7532991, 51.6270998 ], [ -0.7528778, 51.6270319 ], [ -0.7528523, 51.6270281 ], [ -0.7528333, 51.6270194 ], [ -0.7528167, 51.6270033 ], [ -0.7528171, 51.626985 ], [ -0.7528517, 51.6269133 ], [ -0.7528667, 51.6268965 ], [ -0.7528968, 51.6268874 ], [ -0.7529373, 51.6268841 ], [ -0.7530054, 51.626877900000011 ], [ -0.7530493, 51.626867200000014 ], [ -0.7531058, 51.6268422 ] ] } },
{ "type": "Feature", "properties": { "id": 228695, "nach": 0.41598210495044785 }, "geometry": { "type": "LineString", "coordinates": [ [ -0.7617855, 51.6165256 ], [ -0.7618625, 51.6164201 ], [ -0.7619126, 51.6163655 ] ] } },
{ "type": "Feature", "properties": { "id": 187805, "nach": 0.30539133248706696 }, "geometry": { "type": "LineString", "coordinates": [ [ -0.7511319, 51.6207394 ], [ -0.7511523, 51.6207503 ], [ -0.7511495, 51.6207716 ], [ -0.7511069, 51.6208235 ], [ -0.7510142, 51.6209743 ], [ -0.7509873, 51.6210313 ], [ -0.7509715, 51.6210911 ], [ -0.7509734, 51.6211418 ], [ -0.7509919, 51.6211838 ], [ -0.751016, 51.6212207 ], [ -0.7510522, 51.621263299999988 ], [ -0.751099, 51.6213083 ] ] } },
{ "type": "Feature", "properties": { "id": 189040, "nach": 0.41662959045919301 }, "geometry": { "type": "LineString", "coordinates": [ [ -0.7577172, 51.627731300000015 ], [ -0.7575302, 51.6279076 ] ] } },
{ "type": "Feature", "properties": { "id": 189041, "nach": 0.41504187939933307 }, "geometry": { "type": "LineString", "coordinates": [ [ -0.7574915, 51.6276462 ], [ -0.7573164, 51.62781 ], [ -0.7575302, 51.6279076 ] ] } },
{ "type": "Feature", "properties": { "id": 225588, "nach": 0.42753253285872389 }, "geometry": { "type": "LineString", "coordinates": [ [ -0.7597531, 51.632181 ], [ -0.7595466, 51.6321393 ], [ -0.7596311, 51.6319595 ], [ -0.7596789, 51.6319444 ] ] } },
{ "type": "Feature", "properties": { "id": 225591, "nach": 0.43058563311771736 }, "geometry": { "type": "LineString", "coordinates": [ [ -0.7596789, 51.6319444 ], [ -0.7598526, 51.6319808 ] ] } },
{ "type": "Feature", "properties": { "id": 285112, "nach": 0.45006009037125411 }, "geometry": { "type": "LineString", "coordinates": [ [ -0.7627562, 51.6318772 ], [ -0.7626854, 51.6320064 ] ] } },
{ "type": "Feature", "properties": { "id": 201970, "nach": 0.42854880680583163 }, "geometry": { "type": "LineString", "coordinates": [ [ -0.7542569, 51.6323738 ], [ -0.7543539, 51.6324731 ], [ -0.7543577, 51.6324997 ] ] } },
{ "type": "Feature", "properties": { "id": 201968, "nach": 0.42307571667963101 }, "geometry": { "type": "LineString", "coordinates": [ [ -0.7543577, 51.6324997 ], [ -0.7543364, 51.6325347 ], [ -0.7542908, 51.6326288 ], [ -0.7542962, 51.6326663 ] ] } },
{ "type": "Feature", "properties": { "id": 230085, "nach": 0.41307005703193533 }, "geometry": { "type": "LineString", "coordinates": [ [ -0.7672155, 51.6174214 ], [ -0.7672977, 51.6174761 ] ] } },
{ "type": "Feature", "properties": { "id": 230084, "nach": 0.41307005703193533 }, "geometry": { "type": "LineString", "coordinates": [ [ -0.7673681, 51.6175239 ], [ -0.7672977, 51.6174761 ] ] } },
{ "type": "Feature", "properties": { "id": 219048, "nach": 0.40520469098822781 }, "geometry": { "type": "LineString", "coordinates": [ [ -0.7660671, 51.6165695 ], [ -0.7653736, 51.6170257 ], [ -0.7653344, 51.6170504 ], [ -0.765299, 51.6170614 ], [ -0.7652465, 51.6170673 ], [ -0.7651842, 51.6170579 ] ] } },
{ "type": "Feature", "properties": { "id": 228726, "nach": 0.41689584296410714 }, "geometry": { "type": "LineString", "coordinates": [ [ -0.7652861, 51.6173057 ], [ -0.7653794, 51.61724490000001 ] ] } },
{ "type": "Feature", "properties": { "id": 228725, "nach": 0.41676070625374323 }, "geometry": { "type": "LineString", "coordinates": [ [ -0.7654739, 51.6171833 ], [ -0.7653794, 51.61724490000001 ] ] } },
{ "type": "Feature", "properties": { "id": 225583, "nach": 0.43060125803741228 }, "geometry": { "type": "LineString", "coordinates": [ [ -0.7603875, 51.632170100000017 ], [ -0.7602628, 51.6321435 ] ] } },
{ "type": "Feature", "properties": { "id": 225582, "nach": 0.49728718717250681 }, "geometry": { "type": "LineString", "coordinates": [ [ -0.7603875, 51.632170100000017 ], [ -0.760492, 51.631978 ] ] } },
{ "type": "Feature", "properties": { "id": 225585, "nach": 0.42893570631429251 }, "geometry": { "type": "LineString", "coordinates": [ [ -0.7606463, 51.63222840000001 ], [ -0.7603875, 51.632170100000017 ] ] } },
{ "type": "Feature", "properties": { "id": 225587, "nach": 0.0 }, "geometry": { "type": "LineString", "coordinates": [ [ -0.7598526, 51.6319808 ], [ -0.7600643, 51.6320253 ], [ -0.7599583, 51.632223400000015 ], [ -0.7597531, 51.632181 ] ] } },
{ "type": "Feature", "properties": { "id": 228733, "nach": 0.41984438467862184 }, "geometry": { "type": "LineString", "coordinates": [ [ -0.7626929, 51.618044200000014 ], [ -0.7623679, 51.6180118 ] ] } },
{ "type": "Feature", "properties": { "id": 228732, "nach": 0.42060120233386766 }, "geometry": { "type": "LineString", "coordinates": [ [ -0.7626929, 51.618044200000014 ], [ -0.7628962, 51.6180835 ] ] } },
{ "type": "Feature", "properties": { "id": 284336, "nach": 0.40538881260036974 }, "geometry": { "type": "LineString", "coordinates": [ [ -0.7660323, 51.6310556 ], [ -0.7660398, 51.6310474 ] ] } },
{ "type": "Feature", "properties": { "id": 284280, "nach": 0.39469249325007727 }, "geometry": { "type": "LineString", "coordinates": [ [ -0.7662844, 51.6321261 ], [ -0.7662497, 51.632134 ], [ -0.7661772, 51.632201 ], [ -0.7660135, 51.6323509 ], [ -0.7659365, 51.632415700000017 ], [ -0.7657604, 51.6323383 ], [ -0.7655012, 51.6322235 ], [ -0.7653086, 51.6321479 ], [ -0.7650984, 51.6320718 ], [ -0.7649688, 51.6320182 ] ] } },
{ "type": "Feature", "properties": { "id": 284282, "nach": 0.40659852495593757 }, "geometry": { "type": "LineString", "coordinates": [ [ -0.7662844, 51.6321261 ], [ -0.766282, 51.6320862 ], [ -0.7662773, 51.632010899999983 ], [ -0.7659818, 51.6319057 ] ] } },
{ "type": "Feature", "properties": { "id": 283708, "nach": 0.43454529337092368 }, "geometry": { "type": "LineString", "coordinates": [ [ -0.7575643, 51.6309762 ], [ -0.7576925, 51.6309108 ], [ -0.7576428, 51.630860799999986 ] ] } },
{ "type": "Feature", "properties": { "id": 283709, "nach": 0.43358101750278999 }, "geometry": { "type": "LineString", "coordinates": [ [ -0.7573655, 51.6308083 ], [ -0.7575176, 51.6307429 ], [ -0.7576428, 51.630860799999986 ] ] } },
{ "type": "Feature", "properties": { "id": 283750, "nach": 0.57271167528449851 }, "geometry": { "type": "LineString", "coordinates": [ [ -0.7709167, 51.6334667 ], [ -0.7704167, 51.6334193 ] ] } },
{ "type": "Feature", "properties": { "id": 283749, "nach": 0.41975719637097247 }, "geometry": { "type": "LineString", "coordinates": [ [ -0.7703597, 51.6336248 ], [ -0.7704167, 51.6334193 ] ] } },
{ "type": "Feature", "properties": { "id": 283753, "nach": 0.41738679199619866 }, "geometry": { "type": "LineString", "coordinates": [ [ -0.7708567, 51.6336669 ], [ -0.7709167, 51.6334667 ] ] } },
{ "type": "Feature", "properties": { "id": 283762, "nach": 0.48299114289662254 }, "geometry": { "type": "LineString", "coordinates": [ [ -0.771069, 51.633569 ], [ -0.7710455, 51.633650300000014 ] ] } },
{ "type": "Feature", "properties": { "id": 283765, "nach": 0.41606611565650542 }, "geometry": { "type": "LineString", "coordinates": [ [ -0.7713777, 51.6335977 ], [ -0.771069, 51.633569 ] ] } },
{ "type": "Feature", "properties": { "id": 283758, "nach": 0.41610938607945291 }, "geometry": { "type": "LineString", "coordinates": [ [ -0.7710455, 51.633650300000014 ], [ -0.7710193, 51.63374060000001 ] ] } },
{ "type": "Feature", "properties": { "id": 283761, "nach": 0.41437235395301508 }, "geometry": { "type": "LineString", "coordinates": [ [ -0.7713531, 51.6336787 ], [ -0.7710455, 51.633650300000014 ] ] } },
{ "type": "Feature", "properties": { "id": 283918, "nach": 0.49698311212745011 }, "geometry": { "type": "LineString", "coordinates": [ [ -0.762216, 51.6329345 ], [ -0.7621978, 51.6329694 ] ] } },
{ "type": "Feature", "properties": { "id": 283921, "nach": 0.4314021888808483 }, "geometry": { "type": "LineString", "coordinates": [ [ -0.7619695, 51.6328847 ], [ -0.7621662, 51.6329244 ], [ -0.762216, 51.6329345 ] ] } },
{ "type": "Feature", "properties": { "id": 283917, "nach": 0.42563770166326803 }, "geometry": { "type": "LineString", "coordinates": [ [ -0.7627084, 51.633143500000017 ], [ -0.7622624, 51.6330515 ], [ -0.7622257, 51.6330287 ], [ -0.7622051, 51.6330018 ], [ -0.7621978, 51.6329694 ] ] } },
{ "type": "Feature", "properties": { "id": 283922, "nach": 0.43035796465035553 }, "geometry": { "type": "LineString", "coordinates": [ [ -0.7620853, 51.6331245 ], [ -0.7621319, 51.6330388 ], [ -0.7621562, 51.6330133 ], [ -0.7621978, 51.6329694 ] ] } },
{ "type": "Feature", "properties": { "id": 284101, "nach": 0.41796712276827147 }, "geometry": { "type": "LineString", "coordinates": [ [ -0.7638243, 51.6336824 ], [ -0.7640135, 51.6334216 ] ] } },
{ "type": "Feature", "properties": { "id": 284100, "nach": 0.42022109669678237 }, "geometry": { "type": "LineString", "coordinates": [ [ -0.7641221, 51.633272 ], [ -0.7640135, 51.6334216 ] ] } },
{ "type": "Feature", "properties": { "id": 284589, "nach": 0.42361727844122676 }, "geometry": { "type": "LineString", "coordinates": [ [ -0.759994, 51.63041290000001 ], [ -0.7597972, 51.6303584 ], [ -0.759737, 51.6304451 ], [ -0.7596802, 51.6305243 ], [ -0.7596673, 51.6305427 ], [ -0.759639, 51.6305833 ] ] } },
{ "type": "Feature", "properties": { "id": 284591, "nach": 0.42649521422327824 }, "geometry": { "type": "LineString", "coordinates": [ [ -0.7595306, 51.6302844 ], [ -0.7593797, 51.6302427 ] ] } },
{ "type": "Feature", "properties": { "id": 284590, "nach": 0.42290215151360494 }, "geometry": { "type": "LineString", "coordinates": [ [ -0.7588694, 51.6301007 ], [ -0.7590328, 51.6301459 ], [ -0.7592031, 51.630193 ], [ -0.7593797, 51.6302427 ] ] } },
{ "type": "Feature", "properties": { "id": 285109, "nach": 0.40290567694227047 }, "geometry": { "type": "LineString", "coordinates": [ [ -0.7626854, 51.6320064 ], [ -0.7630171, 51.6320781 ] ] } },
{ "type": "Feature", "properties": { "id": 285108, "nach": 0.4306511969616319 }, "geometry": { "type": "LineString", "coordinates": [ [ -0.7626854, 51.6320064 ], [ -0.7626303, 51.6319945 ] ] } },
{ "type": "Feature", "properties": { "id": 3462, "nach": 0.65164388800673378 }, "geometry": { "type": "LineString", "coordinates": [ [ -0.753605289553821, 51.629926603520381 ], [ -0.753001891417248, 51.629359777992548 ] ] } },
{ "type": "Feature", "properties": { "id": 137250, "nach": 0.69540270061927378 }, "geometry": { "type": "LineString", "coordinates": [ [ -0.753605289553821, 51.629926603520381 ], [ -0.753718832986707, 51.629888755811642 ] ] } },
{ "type": "Feature", "properties": { "id": 3462, "nach": 0.65164388800673378 }, "geometry": { "type": "LineString", "coordinates": [ [ -0.753001891417248, 51.629359777992548 ], [ -0.75186503163926, 51.628290969336376 ] ] } },
{ "type": "Feature", "properties": { "id": 137252, "nach": 0.59463396289363801 }, "geometry": { "type": "LineString", "coordinates": [ [ -0.753001891417248, 51.629359777992548 ], [ -0.753110650367825, 51.629330558264463 ] ] } },
{ "type": "Feature", "properties": { "id": 28467, "nach": 0.66422679543894636 }, "geometry": { "type": "LineString", "coordinates": [ [ -0.751978426786407, 51.628272522006057 ], [ -0.75186503163926, 51.628290969336376 ] ] } },
{ "type": "Feature", "properties": { "id": 137250, "nach": 0.69540270061927378 }, "geometry": { "type": "LineString", "coordinates": [ [ -0.753718832986707, 51.629888755811642 ], [ -0.75379400522766, 51.629863698370983 ] ] } },
{ "type": "Feature", "properties": { "id": 139805, "nach": 0.57317392717675753 }, "geometry": { "type": "LineString", "coordinates": [ [ -0.753110650367825, 51.629330558264463 ], [ -0.753718832986707, 51.629888755811642 ] ] } },
{ "type": "Feature", "properties": { "id": 35734, "nach": 0.54049481121543286 }, "geometry": { "type": "LineString", "coordinates": [ [ -0.75379400522766, 51.629863698370983 ], [ -0.753197768882991, 51.629307152465223 ] ] } },
{ "type": "Feature", "properties": { "id": 28467, "nach": 0.66422679543894636 }, "geometry": { "type": "LineString", "coordinates": [ [ -0.752013139896331, 51.628266874788771 ], [ -0.751978426786407, 51.628272522006057 ] ] } },
{ "type": "Feature", "properties": { "id": 137252, "nach": 0.59463396289363801 }, "geometry": { "type": "LineString", "coordinates": [ [ -0.753110650367825, 51.629330558264463 ], [ -0.753197768882991, 51.629307152465223 ] ] } },
{ "type": "Feature", "properties": { "id": 110106, "nach": 0.63660539531180282 }, "geometry": { "type": "LineString", "coordinates": [ [ -0.753278861513497, 51.63214321837377 ], [ -0.753422365428586, 51.632214943312022 ] ] } },
{ "type": "Feature", "properties": { "id": 129887, "nach": 0.59316432188025214 }, "geometry": { "type": "LineString", "coordinates": [ [ -0.762201169589317, 51.617165658185783 ], [ -0.762419163106621, 51.617229088442187 ] ] } },
{ "type": "Feature", "properties": { "id": 75602, "nach": 0.49410866784538204 }, "geometry": { "type": "LineString", "coordinates": [ [ -0.74910181508552, 51.626815308721788 ], [ -0.749076553414562, 51.626717269379505 ] ] } }
]
}
