country,region_id,authority_id,auth_name_e,old_park_id,new_park_id
England,E12000008,E07000227,Horsham,HORSH_0ca169dbb428,f8eea986159a
England,E12000008,E07000227,Horsham,HORSH_cbb90f019aa0,123cb32c8c3c
England,E12000008,E07000227,Horsham,HORSH_a13df82ae93e,e0f0086d4144
England,E12000008,E07000227,Horsham,HORSH_ba63c4a233ee;HORSH_5e6101e96c34;HORSH_97396ec40e38,78804f1a2d28
England,E12000008,E07000227,Horsham,HORSH_1798765a8db8;HORSH_57bffc4769cc,9882cecb5e26
England,E12000008,E07000227,Horsham,HORSH_d02713aae53c;HORSH_0dd12ffa94de,fabd5e6fd403
England,E12000008,E07000227,Horsham,HORSH_6526b0e98641,ccffecac84d8
England,E12000008,E07000227,Horsham,HORSH_e86b25cdd11a,159d926638d0
England,E12000008,E07000227,Horsham,HORSH_034beee4f5dd,63c48fbde5ef
England,E12000008,E07000227,Horsham,HORSH_9f2ad663b3e1,81021401f073
England,E12000008,E07000227,Horsham,HORSH_e03b5bbf6257,ad487deb43e5
England,E12000008,E07000227,Horsham,HORSH_e27d344e71a8;HORSH_b155aa22e5e0;HORSH_177f7c636a6b;HORSH_179484a019ab;HORSH_9bc2f89fb2e8;HORSH_edfe1eb7208c;HORSH_fb119f2e9b35;HORSH_81f05efa4826,fca5ea125ebd
England,E12000008,E07000227,Horsham,HORSH_338d7ad91641,cb77944d72d0
England,E12000008,E07000227,Horsham,HORSH_dfb6af488410,e1939dbd1b8a
England,E12000008,E07000227,Horsham,HORSH_1660c6b6816d,7b05bdfc5d0d
England,E12000008,E07000227,Horsham,HORSH_96d86d3d3bce;HORSH_9d0a3af5656f,46b39bca4af5
England,E12000008,E07000227,Horsham,HORSH_c8ec878159b0,a1de2619f40f
England,E12000008,E07000227,Horsham,HORSH_3c672b14463a,521de266352a
England,E12000008,E07000227,Horsham,HORSH_9ab228fd85e5,f6d029a12b7c
England,E12000008,E07000227,Horsham,HORSH_2933415c3be3,c622d29528cd
England,E12000008,E07000227,Horsham,HORSH_03647f0913a0;HORSH_be94531f8918;HORSH_0df3e5251352;HORSH_66249190a30a,5bbfd9ea92d2
England,E12000008,E07000227,Horsham,HORSH_931428a59ce7,faaeb28b448d
England,E12000008,E07000227,Horsham,HORSH_ae66819dc502,e4f8ee2bc19d
England,E12000008,E07000227,Horsham,HORSH_577d642ccb86,1e7dc259fac8
England,E12000008,E07000227,Horsham,HORSH_6451b7daf1c1,1adf97042008
England,E12000008,E07000227,Horsham,HORSH_31733cda4345,d74d82018c39
England,E12000008,E07000227,Horsham,HORSH_0212e64c3b54,95e65d4ee721
England,E12000008,E07000227,Horsham,HORSH_64682fd34c57;HORSH_9b873a20f628,01ca24727e3d
England,E12000008,E07000227,Horsham,HORSH_31c1621225e0;HORSH_7c12a8f5448c,4844f2fe844b
England,E12000008,E07000227,Horsham,HORSH_3b66097c6dd4;HORSH_effb9aae980f;HORSH_3381405460f4;HORSH_67d021d80c48;HORSH_7ee9e6a9cc98,c3a8599388ef
England,E12000008,E07000227,Horsham,HORSH_3cab912bf67d,aeeb400ba7e3
England,E12000008,E07000227,Horsham,HORSH_97190f27f7f2;HORSH_c1d84613f1f0,f7556c3ab445
England,E12000008,E07000227,Horsham,HORSH_682e37712c44;HORSH_8290325fb207,21917141a553
England,E12000008,E07000227,Horsham,HORSH_790955e1e78e,4b9be95d2d2a
England,E12000008,E07000227,Horsham,HORSH_d58a1fe5c366;HORSH_fba4244db752,7a0f5ae4b3cf
England,E12000008,E07000227,Horsham,HORSH_a6419d29cf40,85e809d2fd53
England,E12000008,E07000227,Horsham,HORSH_edc9f823fb0d,59a846475a4c
England,E12000008,E07000227,Horsham,HORSH_5a743b258fec,3591ea573e15
England,E12000008,E07000227,Horsham,HORSH_840f153d6774,30761e2cfc03
England,E12000008,E07000227,Horsham,HORSH_5296ca77891f;HORSH_f87046bec776;HORSH_4acc164a7cda,2d6858f48fae
England,E12000008,E07000227,Horsham,HORSH_4249e14eae07,0651b5ca0231
England,E12000008,E07000227,Horsham,HORSH_e9adc45ca3d1,52d817fa26ae
England,E12000008,E07000227,Horsham,HORSH_802c39b0a5e0,8ae3baf82da7
England,E12000008,E07000227,Horsham,HORSH_95d495b7bb9a,9447da5c60bd
England,E12000008,E07000227,Horsham,HORSH_46841d0c2345,4e33cb583f7d
England,E12000008,E07000227,Horsham,HORSH_269a568c6ff8,d1f776441182
England,E12000008,E07000227,Horsham,HORSH_77fd0cb7aca8,f3c8968435d9
England,E12000008,E07000227,Horsham,HORSH_a4a3f7e9d888,2cdee97a2db9
England,E12000008,E07000227,Horsham,HORSH_03c87301809a,26cc2213d0f9
England,E12000008,E07000227,Horsham,HORSH_dd882ff52f83,680d0302d3a8
England,E12000008,E07000227,Horsham,HORSH_fdd6a8b7e1ec,e506cc452d44
England,E12000008,E07000227,Horsham,HORSH_7ea6b100dcbf,32eeed3457f4
England,E12000008,E07000227,Horsham,HORSH_aeaaad0d5946,b98d99167beb
England,E12000008,E07000227,Horsham,HORSH_e440ddd03205,a34cd9b161f4
England,E12000008,E07000227,Horsham,HORSH_2575fda9f50a;HORSH_4bb022eb4e51,be48c5188947
England,E12000008,E07000227,Horsham,HORSH_3599eadf6129,5dde18817fa1
England,E12000008,E07000227,Horsham,HORSH_8048adaa9ddb,49513ea20e37
England,E12000008,E07000227,Horsham,HORSH_fbced07d2ea7,2ef4d8d77e88
England,E12000008,E07000227,Horsham,HORSH_e52788a0eaf7,c46e44e4e97c
England,E12000008,E07000227,Horsham,HORSH_b9dc64ee71bb;HORSH_b319927a5058;HORSH_f4f089baef63;HORSH_c19de2a6951d;HORSH_d7947b4ffc7a;HORSH_ffad8f3a3eee;HORSH_ea018585e11f;HORSH_7afe12d66bb5;HORSH_4bab416ab53b;HORSH_a6335a0db547;HORSH_f50b43151b1c;HORSH_7923dca71ca2;HORSH_47d0cef59751;HORSH_8130fb7ca69c;HORSH_8864abd579b8;HORSH_bac7c4e99b39;HORSH_baa79848c0fd;HORSH_f720769bfb81;HORSH_5a82fc901fb6;HORSH_26becdf1e1df;HORSH_edbcf985a9ca;HORSH_db1013accc28;HORSH_8bee60ed0f76;HORSH_526ba9f98371;HORSH_211cc415810a;HORSH_408f75d4e480;HORSH_758c43bf02e4;HORSH_273610eb2ee0;HORSH_e77f46ca24ed;HORSH_d3bf2638e24e,8e16a66e91d5
England,E12000008,E07000227,Horsham,HORSH_2e38ef90865a;HORSH_7364cafb3942,a776c0fb4298
England,E12000008,E07000227,Horsham,HORSH_80b7307ccf50;HORSH_3d3f105912e4,49f568ea23ed
England,E12000008,E07000227,Horsham,HORSH_a0a951de0b1a,ca8018b13c68
England,E12000008,E07000227,Horsham,HORSH_aa48fdf59375,17ff7ac93666
England,E12000008,E07000227,Horsham,HORSH_3930c4389b3e,f727200a40f5
England,E12000008,E07000227,Horsham,HORSH_8878a9b8f26f,020bb15bbb99
England,E12000008,E07000227,Horsham,HORSH_866b644fc618,e3e7d0b1027f
England,E12000008,E07000227,Horsham,HORSH_6768090dbbb8,0781f6c83e40
England,E12000008,E07000227,Horsham,HORSH_8b3f6288d0c0,3af9af9cd5e2
England,E12000008,E07000227,Horsham,HORSH_b99b8cf4f9be,9d36942a73c7
England,E12000008,E07000227,Horsham,HORSH_6e651f8d6553,9ea6a83a9b69
England,E12000008,E07000227,Horsham,HORSH_0a4ed5d60090,d505606f56ee
England,E12000008,E07000227,Horsham,HORSH_c6daffd57817,e3bc54e0778f
England,E12000008,E07000227,Horsham,HORSH_08bb3f8a12c0,42678f132f1d
England,E12000008,E07000227,Horsham,HORSH_144b7e13a81c,db9acb0e16d8
England,E12000008,E07000227,Horsham,HORSH_d9c25584b81e,58c343ed7f66
England,E12000008,E07000227,Horsham,HORSH_f03cf53b2cb6,02289bbc5d9f
England,E12000008,E07000227,Horsham,HORSH_1a02c4ed63ce,a300c8e5550d
England,E12000008,E07000227,Horsham,HORSH_aa7a377b41f6,95a312e3f22e
England,E12000008,E07000227,Horsham,HORSH_29e7b5a2f8a8;HORSH_e237ebe78959,341bbe527597
England,E12000008,E07000227,Horsham,HORSH_ea60963b7d6f,3311d287b7be
England,E12000008,E07000227,Horsham,HORSH_24b63028feb0,2ba1d5f266fe
England,E12000008,E07000227,Horsham,HORSH_ebeb80595875,8053d9381acb
England,E12000008,E07000227,Horsham,HORSH_53aebf16bb73,e47a6628bd46
England,E12000008,E07000227,Horsham,HORSH_fa2c03dc9725,616a6aea4c9a
England,E12000008,E07000227,Horsham,HORSH_a16265580b62,58090ffe7ce8
England,E12000008,E07000227,Horsham,HORSH_dcce22d6bbaa,568415575680
England,E12000008,E07000227,Horsham,HORSH_41cd79efdaeb,dd97b8b78d1a
England,E12000008,E07000227,Horsham,HORSH_733142801f53,ee75c29f0caf
England,E12000008,E07000227,Horsham,HORSH_aabf0db0b2dd,f8535c996c4b
England,E12000008,E07000227,Horsham,HORSH_bac23ac6bfdc,3fe1a18e1c23
England,E12000008,E07000227,Horsham,HORSH_a4f55facbcce,6c0b52e63676
England,E12000008,E07000227,Horsham,HORSH_f868119fc47b,6941a8befa48
England,E12000008,E07000227,Horsham,HORSH_13361e28e75b,84d3b62be456
England,E12000008,E07000227,Horsham,HORSH_f61583aed52c,a048a8918f3d
England,E12000008,E07000227,Horsham,HORSH_f7fa2f8c690d,9f1e6cabe737
England,E12000008,E07000227,Horsham,HORSH_949d9653c3c4,c3f47c9f688f
England,E12000008,E07000227,Horsham,HORSH_30b4199eb3c7,4cf73cabfd2f
England,E12000008,E07000227,Horsham,HORSH_1484132404dd,faf600370bd1
England,E12000008,E07000227,Horsham,HORSH_b672837e76e4,95f0baea7d43
England,E12000008,E07000227,Horsham,HORSH_2c0dfbf30965,567ca883e06f
England,E12000008,E07000227,Horsham,HORSH_ac59f9b57415,a20dd1a19dc0
England,E12000008,E07000227,Horsham,HORSH_03f88a33a798,ce6b9b19d705
England,E12000008,E07000227,Horsham,HORSH_c4abe1e4f453,f79ceee45d67
England,E12000008,E07000227,Horsham,HORSH_f831c40596b2,5965e4b7f8d3
England,E12000008,E07000227,Horsham,HORSH_4d9d40366e87,60f7436c1d4e
England,E12000008,E07000227,Horsham,HORSH_7caf8134fa3a,5951051d0d97
England,E12000008,E07000227,Horsham,HORSH_a7453c0974ea,d9dbd1ab5d7b
England,E12000008,E07000227,Horsham,HORSH_6eebd3d53dc4,40ad5068a35a
England,E12000008,E07000227,Horsham,HORSH_e5e10b115eee;HORSH_cafe25760638,715fa7414272
England,E12000008,E07000227,Horsham,HORSH_bc10999740a7,dc95e360002a
England,E12000008,E07000227,Horsham,HORSH_cbd7bd00100a,e75cd453fb81
England,E12000008,E07000227,Horsham,HORSH_a9e859c7e4ca,e75c64e07c4b
England,E12000008,E07000227,Horsham,HORSH_ab1a8bd10e6f,49a83ff828b0
England,E12000008,E07000227,Horsham,HORSH_90d9572d529d,fe3a8680acc8
England,E12000008,E07000227,Horsham,HORSH_e228c03615d8,2acb612cb05f
England,E12000008,E07000227,Horsham,HORSH_58a7d633bfb1,4c1d611ce7f4
England,E12000008,E07000227,Horsham,HORSH_1319ce10426b,39ccede8a5b8
England,E12000008,E07000227,Horsham,HORSH_e6cc9fec5d99,8d32ada5e4d3
England,E12000008,E07000227,Horsham,HORSH_eaba6c263138,8ff37ec21556
England,E12000008,E07000227,Horsham,HORSH_81b103a2b5bc,e371d213ed6c
England,E12000008,E07000227,Horsham,HORSH_fd145ee8bd64,7548a1258323
England,E12000008,E07000227,Horsham,HORSH_1e5c90e23166,e92fee1a104f
England,E12000008,E07000227,Horsham,HORSH_575e8e40a976,c86fafd73bcc
England,E12000008,E07000227,Horsham,HORSH_df81f51b3086,ccebff2c8bdc
England,E12000008,E07000227,Horsham,HORSH_e9da1e0d6919;HORSH_c6993eb9bc4e,bc141ce60340
England,E12000008,E07000227,Horsham,HORSH_b2fa545c8495,4dffba7251e8
England,E12000008,E07000227,Horsham,HORSH_199cebc4f99d,b46bf2489859
England,E12000008,E07000227,Horsham,HORSH_91d7035c1e80,1e93c46f75ac
England,E12000008,E07000227,Horsham,HORSH_23ea7d4b416c,13a6acf57bc9
England,E12000008,E07000227,Horsham,HORSH_c562da2e099b,a79e7151d599
England,E12000008,E07000227,Horsham,HORSH_cf5be9b1df5d,0dbdd590f8d8
England,E12000008,E07000227,Horsham,HORSH_23983caa8b80,ae1c84b72204
England,E12000008,E07000227,Horsham,HORSH_ecf9f1515488,b4a014a28a64
England,E12000008,E07000227,Horsham,HORSH_4105bd037ea1,cb378ec00126
England,E12000008,E07000227,Horsham,HORSH_90eaf4641bf2,9c9f5d7b0ca0
England,E12000008,E07000227,Horsham,HORSH_264f8a0f673d,135297f2742a
England,E12000008,E07000227,Horsham,HORSH_10d13ff1e08a,db11aa3f16c8
England,E12000008,E07000227,Horsham,HORSH_5eb3220a39e4,7adb5ac1549d
England,E12000008,E07000227,Horsham,HORSH_ff9fad448954,2ec7c5013186
England,E12000008,E07000227,Horsham,HORSH_781da94e8b5c,63c5b80c31b2
England,E12000008,E07000227,Horsham,HORSH_e9d4af14dac0,d5041ba2f53e
England,E12000008,E07000227,Horsham,HORSH_4dc2fcbf721f,a473be64ff7a
England,E12000008,E07000227,Horsham,HORSH_dbc8d732e3bc,3b9a32ef3568
England,E12000008,E07000227,Horsham,HORSH_d456082ba4e1,6d0f1ccd920c
England,E12000008,E07000227,Horsham,HORSH_7d15b680af34,5bb26cfb6a68
England,E12000008,E07000227,Horsham,HORSH_506de975c4d7,3b5ceca20dc8
England,E12000008,E07000227,Horsham,HORSH_6d0458914704,aa0b6f2d32e0
England,E12000008,E07000227,Horsham,HORSH_08338ce663a4,b797c1604f20
England,E12000008,E07000227,Horsham,HORSH_0760e851e98e,7c53e6deda95
England,E12000008,E07000227,Horsham,HORSH_88c86150dae4,4545d1dd8fee
England,E12000008,E07000227,Horsham,HORSH_08cd40bf87e0,fa73dd14a6e7
England,E12000008,E07000227,Horsham,HORSH_4f31a79e7eef,011f960fbf4b
England,E12000008,E07000227,Horsham,HORSH_a429667e84e2,63bb959ba780
England,E12000008,E07000227,Horsham,HORSH_7716a876f274,6179e6d15c9d
England,E12000008,E07000227,Horsham,HORSH_2a18cfd63381,e878fc34cbcc
England,E12000008,E07000227,Horsham,HORSH_857aaa2d25b7,2a85aac74e13
England,E12000008,E07000227,Horsham,HORSH_5b70cd030152,e79b3bba0e79
England,E12000008,E07000227,Horsham,HORSH_4e1c09a0dbef,426adad2d40b
England,E12000008,E07000227,Horsham,HORSH_0bf526b12604,f71154bf52c2
England,E12000008,E07000227,Horsham,HORSH_94e1e250be85,38b82f475bfa
England,E12000008,E07000227,Horsham,HORSH_730ccda7b5d5,13653529d99c
England,E12000008,E07000227,Horsham,HORSH_888d36c27b37,8bef87c2e836
England,E12000008,E07000227,Horsham,HORSH_f341522ec24e,4c43e3f4bd16
England,E12000008,E07000227,Horsham,HORSH_c5f0945752fd,60081162c34a
England,E12000008,E07000227,Horsham,HORSH_9ca62ad422a1,755e46d47928
England,E12000008,E07000227,Horsham,HORSH_a6d7a7dce54b,940d6e8ab211
England,E12000008,E07000227,Horsham,HORSH_533d03bd4abb,fbd21880f1a4
England,E12000008,E07000227,Horsham,HORSH_64c3e4b21e72,c8e4124d6edf
England,E12000008,E07000227,Horsham,HORSH_08ab3eabed38,3fddfb54da78
England,E12000008,E07000227,Horsham,HORSH_f340189a65ef,3273509400bf
England,E12000008,E07000227,Horsham,HORSH_a7f14ea5364d;HORSH_c52d82411532;HORSH_d5fbde543d1c,ed43c5204325
England,E12000008,E07000227,Horsham,HORSH_b5dfef5e5fc3,ceb901664637
England,E12000008,E07000227,Horsham,HORSH_997405b2138a,3efb16b4e3e8
England,E12000008,E07000227,Horsham,HORSH_5d0a62c1a9e9,85d6669b4af8
England,E12000008,E07000227,Horsham,HORSH_aff46cbe8fd2,3c178859e2b2
England,E12000008,E07000227,Horsham,HORSH_47500505248e,2db26990d2e1
England,E12000008,E07000227,Horsham,HORSH_049f328890be,9df291eb99b3
England,E12000008,E07000227,Horsham,HORSH_a1302501eb78,ef8721df52b1
England,E12000008,E07000227,Horsham,HORSH_08051d365308,c6599cfeaccd
England,E12000008,E07000227,Horsham,HORSH_f68980f1c8cb,baa89d56e382
England,E12000008,E07000227,Horsham,HORSH_14a4b8c20941,bcb2b8c2d781
England,E12000008,E07000227,Horsham,HORSH_e3290fe8d6bd,6a94ce96b352
England,E12000008,E07000227,Horsham,HORSH_5a4e3f3580ac,6dac94b3ba25
England,E12000008,E07000227,Horsham,HORSH_b0e14dd794c0,c937e1e4eb8f
England,E12000008,E07000227,Horsham,HORSH_1b8797acd099,1daa0600ffbf
England,E12000008,E07000227,Horsham,HORSH_19473c8ef86e,c7966e63a956
England,E12000008,E07000227,Horsham,HORSH_f57cf520e107,100a4f3d6917
England,E12000008,E07000227,Horsham,HORSH_01c38dbb137d,871007e9e6c8
England,E12000008,E07000227,Horsham,HORSH_a606542f4f34,5c85303a946f
England,E12000008,E07000227,Horsham,HORSH_02636e4f2452,a0eb3a787072
England,E12000008,E07000227,Horsham,HORSH_0f6997445c89,c8bf793eb217
England,E12000008,E07000227,Horsham,HORSH_9ec5f4e3ab83,70de7104ac6d
England,E12000008,E07000227,Horsham,HORSH_a45467bf65cb,d3ff45176be2
England,E12000008,E07000227,Horsham,HORSH_e9e0cc998059,0f7d3930c602
England,E12000008,E07000227,Horsham,HORSH_fd0aa9c0a428,2f20692ea84c
England,E12000008,E07000227,Horsham,HORSH_bfff85293576,812f39db9a2e
England,E12000008,E07000227,Horsham,HORSH_8168a5a06674,779da1099b69
England,E12000008,E07000227,Horsham,HORSH_228fa0c033b4,15e83ee63e9e
England,E12000008,E07000227,Horsham,HORSH_9afaeea4f1e0,79025d833e18
England,E12000008,E07000227,Horsham,HORSH_5f3ab6cca80f,dab872a6878f
England,E12000008,E07000227,Horsham,HORSH_6ff740d1845d,2b0884e97fc7
England,E12000008,E07000227,Horsham,HORSH_97730026d406,a9736431572b
England,E12000008,E07000227,Horsham,HORSH_0646be70930f,f26383108d51
England,E12000008,E07000227,Horsham,HORSH_67c7f1cdcbe5,8c6c4498f63a
England,E12000008,E07000227,Horsham,HORSH_996dfdad5c7f,92f97b6dd766
England,E12000008,E07000227,Horsham,HORSH_ea9e8af8da20,c8eb827ab3ae
England,E12000008,E07000227,Horsham,HORSH_0dfdaba7cfb5,8b0ea7c585e5
England,E12000008,E07000227,Horsham,HORSH_f5d628e82d55,8162501bb522
England,E12000008,E07000227,Horsham,HORSH_19b4545d8914,cd1f2e28ac79
England,E12000008,E07000227,Horsham,HORSH_fa4f1c3c2050,c27decfcdcbe
England,E12000008,E07000227,Horsham,HORSH_844782c97d20,85dadaf1683b
England,E12000008,E07000227,Horsham,HORSH_40c7f1ea9462,5bada9f81e1a
England,E12000008,E07000227,Horsham,HORSH_71db9e1a48d1;HORSH_78f3eee6ad12,d8a441b0ece4
England,E12000008,E07000227,Horsham,HORSH_8d43d401a702,c4a318baf6df
England,E12000008,E07000227,Horsham,HORSH_2a7ba75b49ce,0f2543ae69b5
England,E12000008,E07000227,Horsham,HORSH_38f1e991d538,09cb44159445
England,E12000008,E07000227,Horsham,HORSH_1b3ac3ca839a,a1e607951a6b
England,E12000008,E07000227,Horsham,HORSH_53f32b8823d6,7f2cb672584d
England,E12000008,E07000227,Horsham,HORSH_f72101933f7b,b1fbb9c4364c
England,E12000008,E07000227,Horsham,HORSH_d7fc18b60f04,874bf505d35b
England,E12000008,E07000227,Horsham,HORSH_62b3af605a27,b3e7edbe4b80
England,E12000008,E07000227,Horsham,HORSH_c52acbc5f45d,e3bf2e6ba010
England,E12000008,E07000227,Horsham,HORSH_b66e72203de7,565521605602
England,E12000008,E07000227,Horsham,HORSH_11b100dd62d6,2a95aa6bd72d
England,E12000008,E07000227,Horsham,HORSH_c7646de9c5e3,3ff7928c7a2f
England,E12000008,E07000227,Horsham,HORSH_f64613f7cc1d,f910b7f46b99
England,E12000008,E07000227,Horsham,HORSH_59f4db077f7f,3f58e75568ab
England,E12000008,E07000227,Horsham,HORSH_d06b8f23491d,cb3717389606
England,E12000008,E07000227,Horsham,HORSH_bd3adb212dfb,4ee9d923dcdd
England,E12000008,E07000227,Horsham,HORSH_6482de294021,9817aeadab35
England,E12000008,E07000227,Horsham,HORSH_e03a4fd10012,349a2b2c7ad0
England,E12000008,E07000227,Horsham,HORSH_9da4210c5390,51131216b461
England,E12000008,E07000227,Horsham,HORSH_bb6d5822a09d,e310da07d72f
England,E12000008,E07000227,Horsham,HORSH_c5322947969c,3b2390499348
England,E12000008,E07000227,Horsham,HORSH_0ecb55b7fce0,de84111c3175
England,E12000008,E07000227,Horsham,HORSH_69a01f194d01,180547312ab6
England,E12000008,E07000227,Horsham,HORSH_0307f3d8e16a,713b3aa0dd2a
England,E12000008,E07000227,Horsham,HORSH_be2e5d33bf24,65fa8a1de5d3
England,E12000008,E07000227,Horsham,HORSH_434977d37c60,aa10d6a3365e
England,E12000008,E07000227,Horsham,HORSH_0aeaf68337e4,df4ecae7d586
England,E12000008,E07000227,Horsham,HORSH_4ab3c998d3b0,6c6f4896b6c6
England,E12000008,E07000227,Horsham,HORSH_ac137b54f655,2ec69d8f1a46
England,E12000008,E07000227,Horsham,HORSH_1bf5ebbdbd0f,4a5cb0e057b5
England,E12000008,E07000227,Horsham,HORSH_db7344b4056a,75a6d8edac0c
England,E12000008,E07000227,Horsham,HORSH_f7049dc4e4b0,c2fe213580c0
England,E12000008,E07000227,Horsham,HORSH_8fd112dcc518,1b25184d492a
England,E12000008,E07000227,Horsham,HORSH_1b8a37765e83,d8a84d712d59
England,E12000008,E07000227,Horsham,HORSH_0913d8b4edda,20bfcd5c79b9
England,E12000008,E07000227,Horsham,HORSH_3da64ab505be,53b86c63f103
England,E12000008,E07000227,Horsham,HORSH_8c768a1ba693,28a09ee3db7f
England,E12000008,E07000227,Horsham,HORSH_f73f7e2e2912,89aa120fe96c
England,E12000008,E07000227,Horsham,HORSH_0ff68408ef1c,16704d1a1021
England,E12000008,E07000227,Horsham,HORSH_92469ad88cb4,0dd93198db15
England,E12000008,E07000227,Horsham,HORSH_dbe5d2a8cff6,7f8cb6f27797
England,E12000008,E07000227,Horsham,HORSH_3a7a28b0b015,15de6e1ccb12
England,E12000008,E07000227,Horsham,HORSH_1d319499e4ed,6b7489da3304
England,E12000008,E07000227,Horsham,HORSH_34e9a83137b3,5e8fcc6c4917
England,E12000008,E07000227,Horsham,HORSH_af46f47bb725,7597f2a42cca
England,E12000008,E07000227,Horsham,HORSH_3b3178a553f4,9de251707011
England,E12000008,E07000227,Horsham,HORSH_302ffea081b5,d83ce43544a2
England,E12000008,E07000227,Horsham,HORSH_72a90a205173,2e90130671c8
England,E12000008,E07000227,Horsham,HORSH_1cb0c6dc651c,8c427a842375
England,E12000008,E07000227,Horsham,HORSH_b2a117d35295,8b87b98d9e25
England,E12000008,E07000227,Horsham,HORSH_08381b2ff602,ebb02a555c5c
England,E12000008,E07000227,Horsham,HORSH_ef35e45ff99f,bc44e9fdafbc
England,E12000008,E07000227,Horsham,HORSH_6064acf8e6d0,4fabe4bbf244
England,E12000008,E07000227,Horsham,HORSH_d59311230747,289b4c224e43
England,E12000008,E07000227,Horsham,HORSH_57187567e90a,8064482c884c
England,E12000008,E07000227,Horsham,HORSH_c113661806a8,cba314a82440
England,E12000008,E07000227,Horsham,HORSH_436b82429172,6d7bda86ce20
England,E12000008,E07000227,Horsham,HORSH_1d00063b23dc,f5667dea1c82
England,E12000008,E07000227,Horsham,HORSH_f3a9c6ed7698,48eee213e2c5
England,E12000008,E07000227,Horsham,HORSH_9d9b827cc4be,f37ad845524e
England,E12000008,E07000227,Horsham,HORSH_2f9f098ec3ff,0a10388c30ed
England,E12000008,E07000227,Horsham,HORSH_1b543bdcf5e9,c68806925f39
England,E12000008,E07000227,Horsham,HORSH_d91a2afe3cac,04e4e2e5fbc5
England,E12000008,E07000227,Horsham,HORSH_19148f18e63f,5ddaf6ea6ef2
England,E12000008,E07000227,Horsham,HORSH_83e2e6f9dd78,918b35342d4c
England,E12000008,E07000227,Horsham,HORSH_5c54ab73bd8a,f7f24398f081
England,E12000008,E07000227,Horsham,HORSH_5ba98835a0ae,1785956eff30
England,E12000008,E07000227,Horsham,HORSH_ae7a261d3181,e48282b86778
England,E12000008,E07000227,Horsham,HORSH_b48f7ea8e83a,90f1bc4b3c38
England,E12000008,E07000227,Horsham,HORSH_bf6b63e746d3,cad48b8a1322
England,E12000008,E07000227,Horsham,HORSH_da3c3db0ec41,f4ea24cfad3e
England,E12000008,E07000227,Horsham,HORSH_15a27f0eae5a,fb336f18ad6c
England,E12000008,E07000227,Horsham,HORSH_3117a07a364f,b91bbfe7ba06
England,E12000008,E07000227,Horsham,HORSH_d085f8f4808e,fb6e6d0e156f
England,E12000008,E07000227,Horsham,HORSH_83a8f9e75997,8feaa722c0e6
England,E12000008,E07000227,Horsham,HORSH_de4b16cd64a8,a98cb822a481
England,E12000008,E07000227,Horsham,HORSH_b673c2bc695d,a71494f9ff1f
England,E12000008,E07000227,Horsham,HORSH_19ef00a3aab0,a1bdd6f4e5b2
England,E12000008,E07000227,Horsham,HORSH_274f46a5c8b1,dda8c33922ce
England,E12000008,E07000227,Horsham,HORSH_b82f40b6d8e5,61cf7e2616d5
England,E12000008,E07000227,Horsham,HORSH_2d2cbcd592cb,a366d54eec23
England,E12000008,E07000227,Horsham,HORSH_aebe543997b9,b7ecce6fad39
England,E12000008,E07000227,Horsham,HORSH_dfa5876fbae1,1a5c0751deed
England,E12000008,E07000227,Horsham,HORSH_580b6c63f9c5,36ee54401320
England,E12000008,E07000227,Horsham,HORSH_5bb887e6d446,f580af156184
England,E12000008,E07000227,Horsham,HORSH_a29ab6a7ebc9,b0080201f4f7
England,E12000008,E07000227,Horsham,HORSH_4626f8030492,1cd474ba6c53
England,E12000008,E07000227,Horsham,HORSH_68043ea87188,b4c9552119fa
England,E12000008,E07000227,Horsham,HORSH_d06b9575c0bb,a7e00613f32c
England,E12000008,E07000227,Horsham,HORSH_ab3a1e8e08d5,04dc74f5b613
England,E12000008,E07000227,Horsham,HORSH_1075679957e4,117081727dce
England,E12000008,E07000227,Horsham,HORSH_e5a4f0023eb6,a00abef99209
England,E12000008,E07000227,Horsham,HORSH_093fc91bfab6,620602b1cccb
England,E12000008,E07000227,Horsham,HORSH_efb543ad72d2,5ae14e273f6e
England,E12000008,E07000227,Horsham,HORSH_b2abe2581cd3,00dac0748618
England,E12000008,E07000227,Horsham,HORSH_be78c77d1512,c3c9648b747d
England,E12000008,E07000227,Horsham,HORSH_5f7942b5cb7c,090005bed649
England,E12000008,E07000227,Horsham,HORSH_9fdd43a1a2fb,c54ed61f0918
England,E12000008,E07000227,Horsham,HORSH_4e183d3dcff4,547a9d2f5baf
England,E12000008,E07000227,Horsham,HORSH_e13a4c65c1e9,9ea07bd90d98
England,E12000008,E07000227,Horsham,HORSH_af40dfa828cd,30b51cc7cf63
England,E12000008,E07000227,Horsham,HORSH_fae02dc66cca,6f8ade5cca3e
England,E12000008,E07000227,Horsham,HORSH_1136eb8b3938,f7dc1d284d83
England,E12000008,E07000227,Horsham,HORSH_53a3d9a9e38c,2dc6d54cad94
England,E12000008,E07000227,Horsham,HORSH_e8a98a4066b3,7251172b3dad
England,E12000008,E07000227,Horsham,HORSH_97f3b365c951,675a0810bf2d
England,E12000008,E07000227,Horsham,HORSH_3a2f1573a89e,b8dfad016402
England,E12000008,E07000227,Horsham,HORSH_5ea56ed1baef,face2e337925
England,E12000008,E07000227,Horsham,HORSH_35bbfdc3892c,4add23a0b1f6
England,E12000008,E07000227,Horsham,HORSH_0ef8a05b783f,85155005e60e
England,E12000008,E07000227,Horsham,HORSH_d46ac230c2d1,4617ea946c8e
England,E12000008,E07000227,Horsham,HORSH_d386bd6944d9,efd6aa47f4b1
England,E12000008,E07000227,Horsham,HORSH_dd7e68d07874,f06577bdfcc3
England,E12000008,E07000227,Horsham,HORSH_a286fede4bef,d07bf4fa7564
England,E12000008,E07000227,Horsham,HORSH_d7294cb1663e,1edc81140466
England,E12000008,E07000227,Horsham,HORSH_e948c39e8c5b,20501dedfbb5
England,E12000008,E07000227,Horsham,HORSH_efaf094e8b72,f84fdc82767e
England,E12000008,E07000227,Horsham,HORSH_c1146e581dd5,d1eaa2019a84
England,E12000008,E07000227,Horsham,HORSH_f54f3b1fd97c;HORSH_73961a4913fc,862fc655de24
England,E12000008,E07000227,Horsham,HORSH_119222d6f463,25f565a2edc6
England,E12000008,E07000227,Horsham,HORSH_853d8d8acfbd,3012596efa24
England,E12000008,E07000227,Horsham,HORSH_2ce8ae13d734,7b3874689c56
England,E12000008,E07000227,Horsham,HORSH_b3852765940d,073e500f8c74
England,E12000008,E07000227,Horsham,HORSH_2ebcbfd1761c,87729839a35d
England,E12000008,E07000227,Horsham,HORSH_a786111f597e,dcfbdc793e0c
England,E12000008,E07000227,Horsham,HORSH_f71d9e132a58,ce56fa654e86
England,E12000008,E07000227,Horsham,HORSH_cc4b1f727d6c,81a2b6e844f8
England,E12000008,E07000227,Horsham,HORSH_e71c2626b399,e841d50b3aec
England,E12000008,E07000227,Horsham,HORSH_42517fda79b4,74ba171803ca
England,E12000008,E07000227,Horsham,HORSH_569cb34afca8,914ff04ab431
England,E12000008,E07000227,Horsham,HORSH_cfb4b68f8cda,f74e95c4aa92
England,E12000008,E07000227,Horsham,HORSH_3adaf8cbd158,d67283754587
England,E12000008,E07000227,Horsham,HORSH_79041a7770b7,cbb9c03b2e4b
England,E12000008,E07000227,Horsham,HORSH_4cdaed4c2ee2,ccad643011aa
England,E12000008,E07000227,Horsham,HORSH_a730dc52caba,45b15fa9bce2
England,E12000008,E07000227,Horsham,HORSH_c98dbb612994,3fb9723c36c8
England,E12000008,E07000227,Horsham,HORSH_315a66969dc0,e2f9de24f74c
England,E12000008,E07000227,Horsham,HORSH_d4c97f519b3b,3749f5e23f99
England,E12000008,E07000227,Horsham,HORSH_4e46e298aedb,2a28a759b9b5
England,E12000008,E07000227,Horsham,HORSH_af92d1b95aea,7c607feb8f3b
England,E12000008,E07000227,Horsham,HORSH_0536b394a190,f8ea0aefa218
England,E12000008,E07000227,Horsham,HORSH_81fe459b8de7,e878663ae46b
England,E12000008,E07000227,Horsham,HORSH_dee2783aebbc,527a7a551e92
England,E12000008,E07000227,Horsham,HORSH_b57674a3d838,b0e753238196
England,E12000008,E07000227,Horsham,HORSH_3e0316f3c053,63800f61fdda
England,E12000008,E07000227,Horsham,HORSH_29db23237d44,f194478306ec
England,E12000008,E07000227,Horsham,HORSH_c930c77aabf3,54bfcfcbc2b3
England,E12000008,E07000227,Horsham,HORSH_f4f2ee75394c,40499d503a1f
England,E12000008,E07000227,Horsham,HORSH_2a35d869d14c,6def2d794f53
England,E12000008,E07000227,Horsham,HORSH_3167f54b36a7,5dcf267171e1
England,E12000008,E07000227,Horsham,HORSH_d5dcd405c8a8,038d241d7c7e
England,E12000008,E07000227,Horsham,HORSH_8359d4081044,58f1325aa0d8
England,E12000008,E07000227,Horsham,HORSH_141de2dc1d0e,034163648c1e
England,E12000008,E07000227,Horsham,HORSH_5d1f35576cb1,f91f0cac8317
England,E12000008,E07000227,Horsham,HORSH_5e65231fbb30,12cd45b82433
England,E12000008,E07000227,Horsham,HORSH_d1993a52df34,c90ddbbd9c4d
England,E12000008,E07000227,Horsham,HORSH_9e4b4c9dc504,7b1a5597c94f
England,E12000008,E07000227,Horsham,HORSH_1c8888ec0f02,2b3cd50d04fd
England,E12000008,E07000227,Horsham,HORSH_aa0a02222a04,9d06875c63a6
England,E12000008,E07000227,Horsham,HORSH_6850350a3717,402002eb136a
England,E12000008,E07000227,Horsham,HORSH_b8694b41a3fb,5ac7a4d6fa23
England,E12000008,E07000227,Horsham,HORSH_a2c48670f5d2,ca57b865405a
England,E12000008,E07000227,Horsham,HORSH_8d983c7bece8,3c66506cc6c1
England,E12000008,E07000227,Horsham,HORSH_420d3e115ab9,97ddb470cb14
England,E12000008,E07000227,Horsham,HORSH_129410a4c5cf,6aa0ae16e463
England,E12000008,E07000227,Horsham,HORSH_e53814c145e4,38c69f65a044
England,E12000008,E07000227,Horsham,HORSH_6201adb0048d,fa20379a2b19
England,E12000008,E07000227,Horsham,HORSH_0d369376f1c4,fcd33165e90c
England,E12000008,E07000227,Horsham,HORSH_77a5064fba66,9bb5d4fffd50
England,E12000008,E07000227,Horsham,HORSH_947c1b1c853c,a59fedfc95d6
England,E12000008,E07000227,Horsham,HORSH_30a1d597e638,49145fc3108c
England,E12000008,E07000227,Horsham,HORSH_2ef5f763294a,09424f9baa35
England,E12000008,E07000227,Horsham,HORSH_b27a934b54d2,c49b54b40f46
England,E12000008,E07000227,Horsham,HORSH_ff19898656f9,3b3cbd3521e3
England,E12000008,E07000227,Horsham,HORSH_3d539b5415ea,498ae57be7dc
England,E12000008,E07000227,Horsham,HORSH_b0d1452fa984,4b7245123eb0
England,E12000008,E07000227,Horsham,HORSH_194adc0671c5,96d2afea0b79
England,E12000008,E07000227,Horsham,HORSH_e34170f69606,9de7c150b040
England,E12000008,E07000227,Horsham,HORSH_5bd6ef9ac297,a4591b9eb663
England,E12000008,E07000227,Horsham,HORSH_34e307234e33,accbbba21cc1
England,E12000008,E07000227,Horsham,HORSH_00aa3bda97a9,fce4efeb1057
England,E12000008,E07000227,Horsham,HORSH_806420de6709,5dd36717f2eb
England,E12000008,E07000227,Horsham,HORSH_bd173083000c,39ceafd31e37
England,E12000008,E07000227,Horsham,HORSH_4a6d56a7eed5,2f1243df4007
England,E12000008,E07000227,Horsham,HORSH_7ac70d765e27,c347c9a131cb
England,E12000008,E07000227,Horsham,HORSH_08ba5ec77088,bb0a68089e07
England,E12000008,E07000227,Horsham,HORSH_307da2b5e670,a379e9dca9d3
England,E12000008,E07000227,Horsham,HORSH_3d5b6636d5c7,d1e31c2b9e7f
England,E12000008,E07000227,Horsham,HORSH_404110b1d1cf,e537146941cc
England,E12000008,E07000227,Horsham,HORSH_5eb79c366672,b72259d449ac
England,E12000008,E07000227,Horsham,HORSH_56014ad3ed0b,142611a9835f
England,E12000008,E07000227,Horsham,HORSH_c06c688802cc,707937e3a1f5
England,E12000008,E07000227,Horsham,HORSH_0a4d979432e1,175a12c03a4c
England,E12000008,E07000227,Horsham,HORSH_eb0e11245b89,b52b5c608039
England,E12000008,E07000227,Horsham,HORSH_cdaef69d336e,068680a067be
England,E12000008,E07000227,Horsham,HORSH_559e187c208f,13f64c1c26ec
England,E12000008,E07000227,Horsham,HORSH_dd62c08bf7bc,86872c69d888
England,E12000008,E07000227,Horsham,HORSH_28c9e0fc7190,8a55f21ba0a8
England,E12000008,E07000227,Horsham,HORSH_4b88f174a0b8,c7feafb84503
England,E12000008,E07000227,Horsham,HORSH_fe068097749f,23a853335eeb
England,E12000008,E07000227,Horsham,HORSH_6b29b4477bf1,ce2ae469ace4
England,E12000008,E07000227,Horsham,HORSH_4dc850561a46,5c80f2e68283
England,E12000008,E07000227,Horsham,HORSH_dd6a8359702d,0570aea77510
England,E12000008,E07000227,Horsham,HORSH_8f00a4604677,558561e9c863
England,E12000008,E07000227,Horsham,HORSH_ebbdfb331ee2,b6092a6e9731
England,E12000008,E07000227,Horsham,HORSH_e814f21ccacb,d727f1993afa
England,E12000008,E07000227,Horsham,HORSH_5c155b795768,d48644eab8f6
England,E12000008,E07000227,Horsham,HORSH_55d3c73e30f6,2da46f4a3de7
England,E12000008,E07000227,Horsham,HORSH_dda40790a2a4,555ab37dfcb7
England,E12000008,E07000227,Horsham,HORSH_4bc167b3409f,8d49ca42f346
England,E12000008,E07000227,Horsham,HORSH_53a0601ad531,515de7798584
England,E12000008,E07000227,Horsham,HORSH_bb535484349c,927a931e7cda
England,E12000008,E07000227,Horsham,HORSH_157f1a12b21b,68b00c3c2ce8
England,E12000008,E07000227,Horsham,HORSH_3013c63fb054,89ced39251b1
England,E12000008,E07000227,Horsham,HORSH_8d2ea70d69db,dd53077b5c7c
England,E12000008,E07000227,Horsham,HORSH_f6faaf1c6390,6f1119c58d4c
England,E12000008,E07000227,Horsham,HORSH_0686533a0cd5,b0aa5aab29c6
England,E12000008,E07000227,Horsham,HORSH_ba19ceff76c2,78d1c447323c
England,E12000008,E07000227,Horsham,HORSH_0f9496a6a0bc,20c1101f9491
England,E12000008,E07000227,Horsham,HORSH_5fc214261920,0d4d8bed0f17
England,E12000008,E07000227,Horsham,HORSH_1f1fcb695748,26729fc1c0e9
England,E12000008,E07000227,Horsham,HORSH_3f26ed30658e,d0976572bd48
England,E12000008,E07000227,Horsham,HORSH_61256fc4a0f0,768c0d3cf3ab
England,E12000008,E07000227,Horsham,HORSH_4885d10dc5a4,3e11a16ea309
England,E12000008,E07000227,Horsham,HORSH_4f9ce372577b,643feda1b6df
England,E12000008,E07000227,Horsham,HORSH_4b886748e08b,12295e48bf1a
England,E12000008,E07000227,Horsham,HORSH_379cb5072459,64f0b30030c6
England,E12000008,E07000227,Horsham,HORSH_1c2faee3a8d9,0fc97bc5eaa7
England,E12000008,E07000227,Horsham,HORSH_fe5f4e0ecb6b,0a036abb10f1
England,E12000008,E07000227,Horsham,HORSH_76c8023373a1,de4cd3ddcfd9
England,E12000008,E07000227,Horsham,HORSH_04c7453d329f,1bb1017e2137
England,E12000008,E07000227,Horsham,HORSH_87234c89b7b1,d21b3afbcbc5
England,E12000008,E07000227,Horsham,HORSH_141d80c95e3c,c4b72a2e47e0
England,E12000008,E07000227,Horsham,HORSH_cd6682b13f7b,02a93b0a9180
England,E12000008,E07000227,Horsham,HORSH_16da877fbc8c,d5e603f656a1
England,E12000008,E07000227,Horsham,HORSH_b9879afc6c58,12c14d6496c4
England,E12000008,E07000227,Horsham,HORSH_6c97aed09733,459f0e5652af
England,E12000008,E07000227,Horsham,HORSH_0dd09426c3c8,7939e5d1224b
England,E12000008,E07000227,Horsham,HORSH_3e42fd7101c0,4363de8c295e
England,E12000008,E07000227,Horsham,HORSH_eab21e7b4eb2,9fc4145395f6
England,E12000008,E07000227,Horsham,HORSH_56b92cae6eec,f884b2520661
England,E12000008,E07000227,Horsham,HORSH_237c47c886da,78128e498144
England,E12000008,E07000227,Horsham,HORSH_b20669facf7f,a6dbc6fe46a0
England,E12000008,E07000227,Horsham,HORSH_8018a7e13200,5458c1bb640a
England,E12000008,E07000227,Horsham,HORSH_e6b77da901fd,81e594ba3b75
England,E12000008,E07000227,Horsham,HORSH_8ea261b458ce,a84b909ea9cf
England,E12000008,E07000227,Horsham,HORSH_e845f741c926,9d62d8b78fbf
England,E12000008,E07000227,Horsham,HORSH_bd125daa0740,ff4404caf184
England,E12000008,E07000227,Horsham,HORSH_79b511f08f0f,33794ff4a569
England,E12000008,E07000227,Horsham,HORSH_1e52c2c83cf2,9cab4d4e2a1c
England,E12000008,E07000227,Horsham,HORSH_096fd0632cbe,65f677c412ab
England,E12000008,E07000227,Horsham,HORSH_c565743ea30a,82eb223a47ef
England,E12000008,E07000227,Horsham,HORSH_cc037badd523,5f8c4a9187e1
England,E12000008,E07000227,Horsham,HORSH_45bb11f7922a,57e8a4a7fceb
England,E12000008,E07000227,Horsham,HORSH_4f9346ab21ad,749fe4de074b
England,E12000008,E07000227,Horsham,HORSH_d3995b243f74,9bffbdd986a0
England,E12000008,E07000227,Horsham,HORSH_c86d41a6cc47,2ec8d046789a
England,E12000008,E07000227,Horsham,HORSH_88c8f0f2a872,b8b0931d6353
England,E12000008,E07000227,Horsham,HORSH_7e59e8204ed1,e0f1a9687532
England,E12000008,E07000227,Horsham,HORSH_6687978b70e5,759105eba62b
England,E12000008,E07000227,Horsham,HORSH_b0a969936af9,465c85a932e7
England,E12000008,E07000227,Horsham,HORSH_6399d85d618f,50a3830c505e
England,E12000008,E07000227,Horsham,HORSH_78b393b8ae69,c167cadc8845
England,E12000008,E07000227,Horsham,HORSH_37cc990fb352,05f089d100ef
England,E12000008,E07000227,Horsham,HORSH_69c15803c50e,190f5d4f38fd
England,E12000008,E07000227,Horsham,HORSH_244d9b26b40e,d70b99b84306
England,E12000008,E07000227,Horsham,HORSH_6e17fa8e2491,e453ea5aa3b3
England,E12000008,E07000227,Horsham,HORSH_3e86e588a75c,30be99959d32
England,E12000008,E07000227,Horsham,HORSH_6639f45bf3f8,de2e50c771f5
England,E12000008,E07000227,Horsham,HORSH_e5d3e12c6b48,4c81514916bf
England,E12000008,E07000227,Horsham,HORSH_23c9aac35fd1,0891aad85c4a
England,E12000008,E07000227,Horsham,HORSH_fd31a625d415,439bcd44cf45
England,E12000008,E07000227,Horsham,HORSH_261f641b6eac,b79f3525939e
England,E12000008,E07000227,Horsham,HORSH_d75853e5d80c,4e3b01cbec06
England,E12000008,E07000227,Horsham,HORSH_f1e6739b80eb,74491baebc96
England,E12000008,E07000227,Horsham,HORSH_0e02d318693d,3410f5a1954e
England,E12000008,E07000227,Horsham,HORSH_ce769524984c,b4eb1555d5fe
England,E12000008,E07000227,Horsham,HORSH_19be343d26b2,065a937791a2
England,E12000008,E07000227,Horsham,HORSH_89e320f8d139,1fb4f6fa95b1
England,E12000008,E07000227,Horsham,HORSH_62febcaf8e13,c9fa84f6b154
England,E12000008,E07000227,Horsham,HORSH_b5a01188bce3,59b851b0964c
England,E12000008,E07000227,Horsham,HORSH_329dd0b61a10,dc3c9952fe36
England,E12000008,E07000227,Horsham,HORSH_fca20cfe423d,e1b86bd0ca06
England,E12000008,E07000227,Horsham,HORSH_6f620847b579,0a2aca90b4a7
England,E12000008,E07000227,Horsham,HORSH_51a223175197;HORSH_3193f696c1c1,c4f154912647
England,E12000008,E07000227,Horsham,HORSH_45daaa1d6a7f,a31a231f78d2
England,E12000008,E07000227,Horsham,HORSH_18b5e376ce59,f14957dc861d
England,E12000008,E07000227,Horsham,HORSH_3e67b9f78f2a,7c093a667da5
England,E12000008,E07000227,Horsham,HORSH_56ccf6deeefc,2594d177f92b
England,E12000008,E07000227,Horsham,HORSH_632a66e7a620,e009f4c0e844
England,E12000008,E07000227,Horsham,HORSH_7f6ab8e40cb4,e63e158d2a51
England,E12000008,E07000227,Horsham,HORSH_8964ad7b35a6,207309e6cdbe
England,E12000008,E07000227,Horsham,HORSH_a876a5493366,a61d3a6969e2
England,E12000008,E07000227,Horsham,HORSH_0c41186b3684,7ece30d2b035
England,E12000008,E07000227,Horsham,HORSH_69e020085416,bc5cf272980d
England,E12000008,E07000227,Horsham,HORSH_80a0397e9990,8c1e2df65fdb
England,E12000008,E07000227,Horsham,HORSH_4e078c771cf7,2f7cd99a2161
England,E12000008,E07000227,Horsham,HORSH_e2dbe1bf8ce2,e15006193f52
England,E12000008,E07000227,Horsham,HORSH_2da74817d941,74f0e2483e1a
England,E12000008,E07000227,Horsham,HORSH_1034e0916954,d1d2c64ec4e4
England,E12000008,E07000227,Horsham,HORSH_d216f8494158,ebce0734ceb0
England,E12000008,E07000227,Horsham,HORSH_6bb0b36e87a8,b3543930647e
England,E12000008,E07000227,Horsham,HORSH_2d7b86c03659,95354ea25e6d
England,E12000008,E07000227,Horsham,HORSH_8b02d6b61e60,c492595fc0db
England,E12000008,E07000227,Horsham,HORSH_48f7f787b74a,df66ac763100
England,E12000008,E07000227,Horsham,HORSH_5adc2d79eb2c,85ceb533a108
England,E12000008,E07000227,Horsham,HORSH_b340efdeefa4,3cc7178e70f8
England,E12000008,E07000227,Horsham,HORSH_9224adce230a,525844a59d05
England,E12000008,E07000227,Horsham,HORSH_0a5d8a47ebe6,01e1d82cce52
England,E12000008,E07000227,Horsham,HORSH_5fc90276627f,e899b2781c72
England,E12000008,E07000227,Horsham,HORSH_6694f75c7b95,0142b0176f4e
England,E12000008,E07000227,Horsham,HORSH_278d5e66e0ca,42d0e0a1346a
England,E12000008,E07000227,Horsham,HORSH_c22b556c7fea,fd953d4f9e91
England,E12000008,E07000227,Horsham,HORSH_530cdb25ec01,993c7f511a2d
England,E12000008,E07000227,Horsham,HORSH_50e93ed51380,33bd13939ddf
England,E12000008,E07000227,Horsham,HORSH_a82e52a4569b,b09aad487eea
England,E12000008,E07000227,Horsham,HORSH_a0ce09a488c6,96281b0ac9a7
England,E12000008,E07000227,Horsham,HORSH_df1e04ff8a1d,813f1bca3822
England,E12000008,E07000227,Horsham,HORSH_0f4619a44a88,23ef250d4de8
England,E12000008,E07000227,Horsham,HORSH_fa1c4b846535,85fc6bb4612e
England,E12000008,E07000227,Horsham,HORSH_7b8e816ad554,86c00a321777
England,E12000008,E07000227,Horsham,HORSH_ef1df57f7ac0,fb412cd6a5ed
England,E12000008,E07000227,Horsham,HORSH_9b6503f7214e,aa717795527c
England,E12000008,E07000227,Horsham,HORSH_6ab6d9b45e0e,1eebf453ed21
England,E12000008,E07000227,Horsham,HORSH_764993ede05b,06dbace8ba61
England,E12000008,E07000227,Horsham,HORSH_123e702ac81b,467bf57ee545
England,E12000008,E07000227,Horsham,HORSH_55e1d1cbc7a1,161eadb74922
England,E12000008,E07000227,Horsham,HORSH_d8b315ec275d,3e99527708b0
England,E12000008,E07000227,Horsham,HORSH_9fda29c419cb,3677c55426a0
England,E12000008,E07000227,Horsham,HORSH_e60d5dfec844,ffbdd57b8340
England,E12000008,E07000227,Horsham,HORSH_310317f46430,991f758590b5
England,E12000008,E07000227,Horsham,HORSH_029964d9a221,5e7e7e814053
England,E12000008,E07000227,Horsham,HORSH_27b3985bbc45,4891802c1e92
England,E12000008,E07000227,Horsham,HORSH_cde0a962dce0,b804c2c68e2f
England,E12000008,E07000227,Horsham,HORSH_d03ca5c5cccf,cc2c49fd324c
England,E12000008,E07000227,Horsham,HORSH_b8490a69d715,a095efa7cff3
England,E12000008,E07000227,Horsham,HORSH_167551c564e0,4da7cd3d7166
England,E12000008,E07000227,Horsham,HORSH_3306d95575f6,03f2659d6c14
England,E12000008,E07000227,Horsham,HORSH_384bf2767802,83c8f1953086
England,E12000008,E07000227,Horsham,HORSH_0da2bb878a26,31065169047f
England,E12000008,E07000227,Horsham,HORSH_914970ca2cb3,978102058144
England,E12000008,E07000227,Horsham,HORSH_f02590b96ab8,bafd61566b4f
England,E12000008,E07000227,Horsham,HORSH_65b9c1c9f715,070cbb1c327d
England,E12000008,E07000227,Horsham,HORSH_291ada0efa00,557618d0943a
England,E12000008,E07000227,Horsham,HORSH_eaac2a16935c,c0141e0cddc6
England,E12000008,E07000227,Horsham,HORSH_db57e89508b5,ef2d87588c75
England,E12000008,E07000227,Horsham,HORSH_4f846f9eb4d0,049e9bfbc5c3
England,E12000008,E07000227,Horsham,HORSH_4cde52db77b4,d36194a2693d
England,E12000008,E07000227,Horsham,HORSH_da2d6c66d646,d580f43b2dd7
England,E12000008,E07000227,Horsham,HORSH_957b8bbd3984,b2fc283342fe
England,E12000008,E07000227,Horsham,HORSH_791918c3bb7a,5311b86b6806
England,E12000008,E07000227,Horsham,HORSH_4102775b50db,9249186bf1c3
England,E12000008,E07000227,Horsham,HORSH_7c4bfb7f378a,f1b6fa83f820
England,E12000008,E07000227,Horsham,HORSH_90e33d4819ae,a015bb5197c4
England,E12000008,E07000227,Horsham,HORSH_c3a1feff3d13,81af5b29fe02
England,E12000008,E07000227,Horsham,HORSH_bbbdfe6bc846,c74191e3f3c0
England,E12000008,E07000227,Horsham,HORSH_827a215d21f8,7d2bf9712e2d
England,E12000008,E07000227,Horsham,HORSH_e9273b892758,f6eea52489ea
England,E12000008,E07000227,Horsham,HORSH_0a672c3ce9be,69735768771e
England,E12000008,E07000227,Horsham,HORSH_92f49efca2f4,fdbef0d59328
England,E12000008,E07000227,Horsham,HORSH_e1d47c1749d7,b327b25dced9
England,E12000008,E07000227,Horsham,HORSH_eb53ecfd4458,1830a0aa64cb
England,E12000008,E07000227,Horsham,HORSH_a88ed4cce460,7c423fc953da
England,E12000008,E07000227,Horsham,HORSH_9896ca8c7c4c,74596c4212d6
England,E12000008,E07000227,Horsham,HORSH_6b3b50c325fa,71478432cbc5
England,E12000008,E07000227,Horsham,HORSH_d7e745ce2b69,c297f20e115a
England,E12000008,E07000227,Horsham,HORSH_88bdd835bbf8,1c53661cb742
England,E12000008,E07000227,Horsham,HORSH_aee09b20c6c9,04ebafb48b89
England,E12000008,E07000227,Horsham,HORSH_f76eba727753,26da9f776f33
England,E12000008,E07000227,Horsham,HORSH_f45c904f0cfb,9e3f7b550600
England,E12000008,E07000227,Horsham,HORSH_30d568a7386f,ddc7bbd967cd
England,E12000008,E07000227,Horsham,HORSH_81f8c37faf83,288dabb1c6bb
England,E12000008,E07000227,Horsham,HORSH_559e6f237988,bb82a8d56981
England,E12000008,E07000227,Horsham,HORSH_068dc3562e43,3cbdb7c41345
England,E12000008,E07000227,Horsham,HORSH_2766a01fb474,e68fc80838a9
England,E12000008,E07000227,Horsham,HORSH_2ba53a4c452b,969f2dfdb952
England,E12000008,E07000227,Horsham,HORSH_586b99156685,e38bb4f4e1fc
England,E12000008,E07000227,Horsham,HORSH_d3b2e26af463,136bb1e21bbe
England,E12000008,E07000227,Horsham,HORSH_94f8a21ce6e4,81f0fbff5829
England,E12000008,E07000227,Horsham,HORSH_fdda15df8208,2012e89c2176
England,E12000008,E07000227,Horsham,HORSH_e9c9016b1639,a6670612ce4b
England,E12000008,E07000227,Horsham,HORSH_59e2e62092d4,320d3246d321
England,E12000008,E07000227,Horsham,HORSH_913b7e2c54a7,d1ec961999b5
England,E12000008,E07000227,Horsham,HORSH_34532bce10ea,07d15d8f4dcc
England,E12000008,E07000227,Horsham,HORSH_4d02ab8e84c3,438b1e48967d
England,E12000008,E07000227,Horsham,HORSH_76e5048b3d73,f67e6dfefe38
England,E12000008,E07000227,Horsham,HORSH_45106df5b33f,3223d61da8f2
England,E12000008,E07000227,Horsham,HORSH_78eabcbcccc7,69bf5d571282
England,E12000008,E07000227,Horsham,HORSH_aa5df3c8882e,b923fb6cf2aa
England,E12000008,E07000227,Horsham,HORSH_25a8332ede0c,916f56807663
England,E12000008,E07000227,Horsham,HORSH_1168d18c90d0,dad8e8a4e125
England,E12000008,E07000227,Horsham,HORSH_39d912c24fc0,e1142ef439e9
England,E12000008,E07000227,Horsham,HORSH_854700b5e94b,6f2ad199e66d
England,E12000008,E07000227,Horsham,HORSH_844b11b133db,0e9c1840ab8f
England,E12000008,E07000227,Horsham,HORSH_dff8bb23f42a,ae0438e58574
England,E12000008,E07000227,Horsham,HORSH_6dc5a4433f02,8e0207f7ccdf
England,E12000008,E07000227,Horsham,HORSH_90aae408b242,d4c387954b53
England,E12000008,E07000227,Horsham,HORSH_491cfa532cb7,c090c4461f28
England,E12000008,E07000227,Horsham,HORSH_4b3d60c7654e,c9bba42067c0
England,E12000008,E07000227,Horsham,HORSH_59494c049b4a,bbac45ec1be7
England,E12000008,E07000227,Horsham,HORSH_eaa5763c8efc,e89f2b831b3d
England,E12000008,E07000227,Horsham,HORSH_8751869b2c3a,d0c156d45758
England,E12000008,E07000227,Horsham,HORSH_00310f3518d2,d81274d7e7f5
England,E12000008,E07000227,Horsham,HORSH_33cb7e09e649,aea837335ac6
England,E12000008,E07000227,Horsham,HORSH_f15007904a2a,de72cbf769d0
England,E12000008,E07000227,Horsham,HORSH_596b0f7025e1,989ec8d0970e
England,E12000008,E07000227,Horsham,HORSH_aa82e3ed339e,ec00525e8528
England,E12000008,E07000227,Horsham,HORSH_761273d5c9d8,dbdccb7fcb61
England,E12000008,E07000227,Horsham,HORSH_b8256c073d82,4db5b9499102
England,E12000008,E07000227,Horsham,HORSH_1cbccd98ca4a,2de3f24063a9
England,E12000008,E07000227,Horsham,HORSH_a2c0f399ac05,1b2661147480
England,E12000008,E07000227,Horsham,HORSH_970e396902b3,cda44dd0c093
England,E12000008,E07000227,Horsham,HORSH_67ed63342ada,33e5541ca27f
England,E12000008,E07000227,Horsham,HORSH_05e703d50d6f,ca8def77aa23
England,E12000008,E07000227,Horsham,HORSH_c0574ec3ceea,7cb14074bbd5
England,E12000008,E07000227,Horsham,HORSH_15f9db4869e6,bfd1953e1fdd
England,E12000008,E07000227,Horsham,HORSH_0c020aca9b2a,798bb0d366e8
England,E12000008,E07000227,Horsham,HORSH_83cc0d939880,620a6eb0e524
England,E12000008,E07000227,Horsham,HORSH_0b00f4a6b2ff,dc4db686c79f
England,E12000008,E07000227,Horsham,HORSH_9ce4c00a372d,e1299a811320
England,E12000008,E07000227,Horsham,HORSH_a7f4cc26ab74,a2937b245d40
England,E12000008,E07000227,Horsham,HORSH_78c70dbbee14,5ff5297fea5f
England,E12000008,E07000227,Horsham,HORSH_7f6845b29630,0f808b75cb5f
England,E12000008,E07000227,Horsham,HORSH_88434fbd0545,d7e0f748f75f
England,E12000008,E07000227,Horsham,HORSH_2790008806b1,75e52bf4ce11
England,E12000008,E07000227,Horsham,HORSH_d66f1e829424,91b949ecbdd3
England,E12000008,E07000227,Horsham,HORSH_8a6e09638b40,f7f67c1acfc8
England,E12000008,E07000227,Horsham,HORSH_78a37a22c571,a2b693e13460
England,E12000008,E07000227,Horsham,HORSH_e471ac27cc66,0f56d3615c1b
England,E12000008,E07000227,Horsham,HORSH_26f6ab9daf9f,e093cb3d2df5
England,E12000008,E07000227,Horsham,HORSH_92f3b3b14bbd,132219b90dfb
England,E12000008,E07000227,Horsham,HORSH_93bbeca25f87,8a00ddb183b8
England,E12000008,E07000227,Horsham,HORSH_4cd2451a1f14,949b0e523b4b
England,E12000008,E07000227,Horsham,HORSH_fed95b5261ff,9d16f5a36be9
England,E12000008,E07000227,Horsham,HORSH_aa066798cc9b,1040588e80bb
England,E12000008,E07000227,Horsham,HORSH_d6971fb873dc,c6e4d0f83b22
England,E12000008,E07000227,Horsham,HORSH_953b2994c471,c26d42026585
England,E12000008,E07000227,Horsham,HORSH_10b1fdf1870f,c03e11540634
England,E12000008,E07000227,Horsham,HORSH_36eb74bcc4aa,f75e83e61f8f
England,E12000008,E07000227,Horsham,HORSH_5970b133e47e,b10544856a1e
England,E12000008,E07000227,Horsham,HORSH_2df36ee707b0,cfc6c2a55fff
England,E12000008,E07000227,Horsham,HORSH_2cd8cf9627ee,a681787a9898
England,E12000008,E07000227,Horsham,HORSH_aee0093a6b92,c53496516aa6
England,E12000008,E07000227,Horsham,HORSH_85d032c74654,6988bc103686
England,E12000008,E07000227,Horsham,HORSH_80569949b1f0,0d39f1756caf
England,E12000008,E07000227,Horsham,HORSH_f4c6fff35225,08873d587bde
England,E12000008,E07000227,Horsham,HORSH_0f53c743f95c,ca05121357db
England,E12000008,E07000227,Horsham,HORSH_d7fd68a80337,68061b137639
England,E12000008,E07000227,Horsham,HORSH_19bc2535a1ce,ae089e0815e6
England,E12000008,E07000227,Horsham,HORSH_9e3b9b8c360c,99742132fb80
England,E12000008,E07000227,Horsham,HORSH_7a709dde8374,5105a25683ab
England,E12000008,E07000227,Horsham,HORSH_6cc6fc960dd4,0e9bb9790e56
England,E12000008,E07000227,Horsham,HORSH_bd93f4cc3dd2,d69d662b30d1
England,E12000008,E07000227,Horsham,HORSH_2b921da20393,93c195ff7b2b
England,E12000008,E07000227,Horsham,HORSH_2c653ccdee29,6c9b0bea477a
England,E12000008,E07000227,Horsham,HORSH_5fa2682ebed6,9c31f0eaf5a9
England,E12000008,E07000227,Horsham,HORSH_2b8225cf42e3,1bbe439ecb46
England,E12000008,E07000227,Horsham,HORSH_fb7b8cc87bd4,2e351a55e0c8
England,E12000008,E07000227,Horsham,HORSH_7489704054b6,c204385a6f64
England,E12000008,E07000227,Horsham,HORSH_5b9e551676a5,edcbe0af4967
England,E12000008,E07000227,Horsham,HORSH_044b2874fd93,3e22813f7615
England,E12000008,E07000227,Horsham,HORSH_5cfe5bec48f7,26988cdb8305
England,E12000008,E07000227,Horsham,HORSH_98e250c1565c,ba66f5e9886a
England,E12000008,E07000227,Horsham,HORSH_dae072c5c4c3,d8fb4531bc11
England,E12000008,E07000227,Horsham,HORSH_fc93c7b85bf2,a68f013b29f0
England,E12000008,E07000227,Horsham,HORSH_11e6cb37f2cd,360ee0c2ddd1
England,E12000008,E07000227,Horsham,HORSH_3a90685b7edf,e96e2934c77b
England,E12000008,E07000227,Horsham,HORSH_3540a9283f3e,2322709c8c79
England,E12000008,E07000227,Horsham,HORSH_796469ef1739,476be8b94443
England,E12000008,E07000227,Horsham,HORSH_f29f2a6ad32c,b9ad70d8cde2
England,E12000008,E07000227,Horsham,HORSH_b67319864509,2b631b91f0b8
England,E12000008,E07000227,Horsham,HORSH_7096265d9ab2,43b7cc1d00fe
England,E12000008,E07000227,Horsham,HORSH_73dae26666b9,aebd26cc879b
England,E12000008,E07000227,Horsham,HORSH_e82715d09dc1,dfa60343d684
England,E12000008,E07000227,Horsham,HORSH_e543835826b1,75afcb95e1e4
England,E12000008,E07000227,Horsham,HORSH_210a72d783e4,6d5d56828ade
England,E12000008,E07000227,Horsham,HORSH_d362e28aa205,2cefcea13ddc
England,E12000008,E07000227,Horsham,HORSH_14ccdaa830e3,81001d82385d
England,E12000008,E07000227,Horsham,HORSH_53ba344bac6f,c6cc83963315
England,E12000008,E07000227,Horsham,HORSH_65aa3c8f7c43,7cd04418987b
England,E12000008,E07000227,Horsham,HORSH_1cbc2c2cd19b,e4129a08d935
England,E12000008,E07000227,Horsham,HORSH_af55e7f799b7,f8decac872a1
England,E12000008,E07000227,Horsham,HORSH_d9088c6e2c36,066a70989434
England,E12000008,E07000227,Horsham,HORSH_b5a3a10f20c9,e4637dcdcbdb
England,E12000008,E07000227,Horsham,HORSH_b1129721d02d,ed0ddb831a60
England,E12000008,E07000227,Horsham,HORSH_05f76ab17f44,1726af868428
England,E12000008,E07000227,Horsham,HORSH_af0bb6a78d31,7dcc4bbd4fdb
England,E12000008,E07000227,Horsham,HORSH_fd5ccd1b611e,ad07a6e8013b
England,E12000008,E07000227,Horsham,HORSH_1be8c3787c0f,51d3624267c9
England,E12000008,E07000227,Horsham,HORSH_530eee2cc731,7e223f305fa8
England,E12000008,E07000227,Horsham,HORSH_22666ef48cc1,ae239bf6a55c
England,E12000008,E07000227,Horsham,HORSH_67c339cf7498,35653501bfa0
England,E12000008,E07000227,Horsham,HORSH_3d2e379a36a7,d7dd069a1eb4
England,E12000008,E07000227,Horsham,HORSH_8dd1d6ebd090,1bdc0020d9e7
England,E12000008,E07000227,Horsham,HORSH_5d5a6e6598bf,d6d8b51eb0a6
England,E12000008,E07000227,Horsham,HORSH_4bc27985d2c8,38f3e8d1c4cc
England,E12000008,E07000227,Horsham,HORSH_dd92d653c85d,232fec0d0594
England,E12000008,E07000227,Horsham,HORSH_60c1da3c0788,34eafe06b778
England,E12000008,E07000227,Horsham,HORSH_24234063e8e3,6fa7dd990121
England,E12000008,E07000227,Horsham,HORSH_97361c741fdc,37ab8d98c041
England,E12000008,E07000227,Horsham,HORSH_e8eda70a1805,19aad254633e
England,E12000008,E07000227,Horsham,HORSH_07238d490888,8435efc69f45
England,E12000008,E07000227,Horsham,HORSH_691592f2c5ed,c652b717a3e5
England,E12000008,E07000227,Horsham,HORSH_1b8126619ea0,bdb3fe572bb6
England,E12000008,E07000227,Horsham,HORSH_1b8d0274abef,f97994915cfb
England,E12000008,E07000227,Horsham,HORSH_dc6344c6e53b,3274d192a1ad
England,E12000008,E07000227,Horsham,HORSH_54ea7bfb1591,7883b20e0797
England,E12000008,E07000227,Horsham,HORSH_652a2ae8044f,cdd556541ed7
England,E12000008,E07000227,Horsham,HORSH_36c57915ff57,0f1bbc356719
England,E12000008,E07000227,Horsham,HORSH_0ea89b11f3f0,f95fb39bb73d
England,E12000008,E07000227,Horsham,HORSH_30d2ecfb4d90,4cb9217d5754
England,E12000008,E07000227,Horsham,HORSH_89e980a3122d,8750c4d88461
England,E12000008,E07000227,Horsham,HORSH_fe14af4eb05d,d3412f99bae1
England,E12000008,E07000227,Horsham,HORSH_aacb86047769,8fd7f8ad8904
England,E12000008,E07000227,Horsham,HORSH_c55bfa92d5c9,82cdab0bb45a
England,E12000008,E07000227,Horsham,HORSH_978c36ebeea2,23c4a4f78eab
England,E12000008,E07000227,Horsham,HORSH_3337ef5e69c8,97eb831400f2
England,E12000008,E07000227,Horsham,HORSH_9d6c43244974,cec97bcc7423
England,E12000008,E07000227,Horsham,HORSH_1b23478bd41b,9f911ec6e532
England,E12000008,E07000227,Horsham,HORSH_6f6860853c55,5a527782717b
England,E12000008,E07000227,Horsham,HORSH_deb130a32748,32c60dcbea81
England,E12000008,E07000227,Horsham,HORSH_c9ff1a8258bd,36e5726f8e39
England,E12000008,E07000227,Horsham,HORSH_2b995d2e871b,cd9b5f650ce0
England,E12000008,E07000227,Horsham,HORSH_c4c12fcffedb,34b4b6941606
England,E12000008,E07000227,Horsham,HORSH_8282f54103b3,46934a2c4ab8
England,E12000008,E07000227,Horsham,HORSH_6db1d071860a,2a550b63aaef
England,E12000008,E07000227,Horsham,HORSH_7281027d06cf,b83127d0fe09
England,E12000008,E07000227,Horsham,HORSH_1ce0eb0e0c6d,a311aae740ff
England,E12000008,E07000227,Horsham,HORSH_016cdd3ca5f7,f7194c027a13
England,E12000008,E07000227,Horsham,HORSH_240a626eb77a,6149084f4625
England,E12000008,E07000227,Horsham,HORSH_f21938fbf085,6c44d1460903
England,E12000008,E07000227,Horsham,HORSH_de31691ffe53,5dcb8d835e90
England,E12000008,E07000227,Horsham,HORSH_0e80ab5c1f90,98320f6d7cb7
England,E12000008,E07000227,Horsham,HORSH_2c891fcdaccb,351852e48031
England,E12000008,E07000227,Horsham,HORSH_8bf7ab5cecfa,4510ebac59c4
England,E12000008,E07000227,Horsham,HORSH_7594a99d3665,116714bfe23b
England,E12000008,E07000227,Horsham,HORSH_8d47afb922df,fe57c76e2070
England,E12000008,E07000227,Horsham,HORSH_aac91f1a299e,69c51820108b
England,E12000008,E07000227,Horsham,HORSH_52d5894f332c,17e680c00616
England,E12000008,E07000227,Horsham,HORSH_0cb4d0246c1c,5ba79e630cc0
England,E12000008,E07000227,Horsham,HORSH_edb4ada32804,79be0d6ea270
England,E12000008,E07000227,Horsham,HORSH_6fedfe714023,ee56feb1033a
England,E12000008,E07000227,Horsham,HORSH_b6c71b519707,d975c1ae1987
England,E12000008,E07000227,Horsham,HORSH_531a909d405b,53e097bf7839
England,E12000008,E07000227,Horsham,HORSH_27e915bbdf6c,f8f563d1f0ce
England,E12000008,E07000227,Horsham,HORSH_82a93f643865,60de14fe982e
England,E12000008,E07000227,Horsham,HORSH_a60af75bf403,90a056531958
England,E12000008,E07000227,Horsham,HORSH_5759936ba94e,9cbe2a7c3a49
England,E12000008,E07000227,Horsham,HORSH_cda7b3de585a,facb2c735d69
England,E12000008,E07000227,Horsham,HORSH_d704adcc7cf7,318d3e2bf70c
England,E12000008,E07000227,Horsham,HORSH_f487038e1f7e,378a5807ea50
England,E12000008,E07000227,Horsham,HORSH_1f8d8e2ecb76,0ed996b85175
England,E12000008,E07000227,Horsham,HORSH_cfffe41b5e09,7d632edc9d66
England,E12000008,E07000227,Horsham,HORSH_1cf774163216,c9990729384f
England,E12000008,E07000227,Horsham,HORSH_c03eb670e231,9f5f9967d893
England,E12000008,E07000227,Horsham,HORSH_6739f3ea2cae,86ef5026a4e8
England,E12000008,E07000227,Horsham,HORSH_cc70eb6adcc8,210468712237
England,E12000008,E07000227,Horsham,HORSH_cd2729b4c51c,b3b32631d64c
England,E12000008,E07000227,Horsham,HORSH_19d3ad065355,1f79c6f511a9
England,E12000008,E07000227,Horsham,HORSH_4467fb668a47,8f8bff9aacb5
England,E12000008,E07000227,Horsham,HORSH_27488e38b432,02bf9f1a912e
England,E12000008,E07000227,Horsham,HORSH_fc88a519490a,e7f78a863f13
England,E12000008,E07000227,Horsham,HORSH_1ab8177e6803,d75f8a688540
England,E12000008,E07000227,Horsham,HORSH_799d24a04f5d,3609c5277dd9
England,E12000008,E07000227,Horsham,HORSH_c118ade0ee01,2ab9056d2f0d
England,E12000008,E07000227,Horsham,HORSH_f4b422a101a3,16d34613fb8c
England,E12000008,E07000227,Horsham,HORSH_1ba749a69191,5f23a66d0288
England,E12000008,E07000227,Horsham,HORSH_9650eb2896f8,1575f1ef0146
England,E12000008,E07000227,Horsham,HORSH_4013a2e897cd,6770d1070465
England,E12000008,E07000227,Horsham,HORSH_b2a69a016620,d9098c50cbdd
England,E12000008,E07000227,Horsham,HORSH_1f03528ff14d,42dee674c9cc
England,E12000008,E07000227,Horsham,HORSH_ee78515e7400,c36c86ee6419
England,E12000008,E07000227,Horsham,HORSH_624675c9b733,39155044820b
England,E12000008,E07000227,Horsham,HORSH_2a5ac22eda91,daaafd73d003
England,E12000008,E07000227,Horsham,HORSH_0ff5dd313232,b050657af805
England,E12000008,E07000227,Horsham,HORSH_1077c9d51ae3,922dc77d0b21
England,E12000008,E07000227,Horsham,HORSH_7a29c709f066,3651d7625e31
England,E12000008,E07000227,Horsham,HORSH_6d809109938b,e9477eb5f62f
England,E12000008,E07000227,Horsham,HORSH_1f256f5f3818,bc68636cd7b3
England,E12000008,E07000227,Horsham,HORSH_db99d742e427,627bf441dd14
England,E12000008,E07000227,Horsham,HORSH_6b4f7e9778fe,9259b8f510ad
England,E12000008,E07000227,Horsham,HORSH_80c5bc9b110c,f6d772113b45
England,E12000008,E07000227,Horsham,HORSH_90358990aa33,7baed5925df1
England,E12000008,E07000227,Horsham,HORSH_5b2e4b1d8f59,83380c7ea004
England,E12000008,E07000227,Horsham,HORSH_afbf732e4ede,b7431efc1c65
England,E12000008,E07000227,Horsham,HORSH_0e1dc92b557c,ad8820be5d4a
England,E12000008,E07000227,Horsham,HORSH_5ba749fd42cd,1b473d6e34f5
England,E12000008,E07000227,Horsham,HORSH_79c15b8abb2a,2154133fcd3f
England,E12000008,E07000227,Horsham,HORSH_e311cc2dc037,40ecdc7bd74e
England,E12000008,E07000227,Horsham,HORSH_5af340b51596,54385b063f55
England,E12000008,E07000227,Horsham,HORSH_dff21a4ff45c,0ff7cccefa2b
England,E12000008,E07000227,Horsham,HORSH_01b62adc4998,48b47c7f3cc7
England,E12000008,E07000227,Horsham,HORSH_bcd00d91b0a4,37c2605f7464
England,E12000008,E07000227,Horsham,HORSH_c8aec62e2932,85bc4c31d4f2
England,E12000008,E07000227,Horsham,HORSH_e65d3c90bae3,f1307230889c
England,E12000008,E07000227,Horsham,HORSH_6bb58c9a2ef3,7a9d4e683936
England,E12000008,E07000227,Horsham,HORSH_7c554196f089,c03950aed172
England,E12000008,E07000227,Horsham,HORSH_5a14584437fc,889ddd8afd2f
England,E12000008,E07000227,Horsham,HORSH_35f1187c5a87,33c36dafd603
England,E12000008,E07000227,Horsham,HORSH_f4da005035d5,23523a15adb1
England,E12000008,E07000227,Horsham,HORSH_62d5c7f54937,8a4297170f4b
England,E12000008,E07000227,Horsham,HORSH_4208df42e42a,9c74ae7c392e
England,E12000008,E07000227,Horsham,HORSH_9fd2617575d8,5c651b836046
England,E12000008,E07000227,Horsham,HORSH_8b440e22ed19,972acb9461aa
England,E12000008,E07000227,Horsham,HORSH_330c18bb2c8b,7ee88ee5e40b
England,E12000008,E07000227,Horsham,HORSH_21e3f62472d3,a31847ed40c1
England,E12000008,E07000227,Horsham,HORSH_3b0d3544945b,5de74ab8f408
England,E12000008,E07000227,Horsham,HORSH_edebc07f9c96,d3c11578ca04
England,E12000008,E07000227,Horsham,HORSH_418cb6c2e455,fa84d1a66202
England,E12000008,E07000227,Horsham,HORSH_56fa981de614,6665abc1c1ea
England,E12000008,E07000227,Horsham,HORSH_730eca14d3ed,741ed629a12e
England,E12000008,E07000227,Horsham,HORSH_aaf1a90c999e,0353eb1dafaf
England,E12000008,E07000227,Horsham,HORSH_27f5e106d475,867641e65c65
England,E12000008,E07000227,Horsham,HORSH_6b9f556e1ed2,c24fb3a8a2db
England,E12000008,E07000227,Horsham,HORSH_9766efeab0b1,6f9a6f3745b3
England,E12000008,E07000227,Horsham,HORSH_4ff517c09acd,0e0b7289491b
England,E12000008,E07000227,Horsham,HORSH_f44956dc0108,9c952fb6507a
England,E12000008,E07000227,Horsham,HORSH_b6ed6126e37a,dc5e0dbdb34c
England,E12000008,E07000227,Horsham,HORSH_5a82e5d26eca,508d7e351b06
England,E12000008,E07000227,Horsham,HORSH_17594ecddea0,66f8ba64c04c
England,E12000008,E07000227,Horsham,HORSH_b47a09cf7a84,2c5eefb6219e
England,E12000008,E07000227,Horsham,HORSH_ab74c193efaa,7405a4267b7a
England,E12000008,E07000227,Horsham,HORSH_aab2a6ac290a,0e0a1ac66046
England,E12000008,E07000227,Horsham,HORSH_c1e88ee64a40,ad20207e2239
England,E12000008,E07000227,Horsham,HORSH_15a97a588ab0,1fec40ba283e
England,E12000008,E07000227,Horsham,HORSH_cd1311b24c8c,53ed47bfbfa8
England,E12000008,E07000227,Horsham,HORSH_bcd7e118eadc,558fb80f0609
England,E12000008,E07000227,Horsham,HORSH_c213c8977c13,2a4c17a05ceb
England,E12000008,E07000227,Horsham,HORSH_e9bd448e1f19,010cee9dadb8
England,E12000008,E07000227,Horsham,HORSH_da6fc629314d,c0f1afd887a7
England,E12000008,E07000227,Horsham,HORSH_a5e51e469d27,a4d877902b34
England,E12000008,E07000227,Horsham,HORSH_77f98ec5761e,a73aaeef6b39
England,E12000008,E07000227,Horsham,HORSH_55d74b418bfa,f3279dce3f8f
England,E12000008,E07000227,Horsham,HORSH_1160ff038392,574603e39a52
England,E12000008,E07000227,Horsham,HORSH_e28172c4a90f,dad4b838bd1a
England,E12000008,E07000227,Horsham,HORSH_6b6559a7a39a,28a368e9f79a
England,E12000008,E07000227,Horsham,HORSH_4b9ed894399c,9410091e26e6
England,E12000008,E07000227,Horsham,HORSH_b9bb7daf8785,0a81b7203495
England,E12000008,E07000227,Horsham,HORSH_b6e14e545f20,55555aa67465
England,E12000008,E07000227,Horsham,HORSH_4da6d83215ff,b1c546328d81
England,E12000008,E07000227,Horsham,HORSH_03b0a17430be,b3e55e2c0fff
England,E12000008,E07000227,Horsham,HORSH_33d478b9661b,7668de3ef050
England,E12000008,E07000227,Horsham,HORSH_d6f1fa74d840,e536053df32e
England,E12000008,E07000227,Horsham,HORSH_89c2036198c1,4e4f9e672b8d
England,E12000008,E07000227,Horsham,HORSH_ee89ad615bb1,c8d826d04ddf
England,E12000008,E07000227,Horsham,HORSH_4b797babfd9c,69453c15810b
England,E12000008,E07000227,Horsham,HORSH_c790fd7fb67e,09494478d943
England,E12000008,E07000227,Horsham,HORSH_65e84a3413a4,52685e6d1a72
England,E12000008,E07000227,Horsham,HORSH_46a6c7b9afbf,fe5e0d1da4a8
England,E12000008,E07000227,Horsham,HORSH_b7712b22ff4c,114cbedb7ac5
England,E12000008,E07000227,Horsham,HORSH_cb3f2d11c792,6d498d59996c
England,E12000008,E07000227,Horsham,HORSH_1443c7ebe793,c4bb10baa20b
England,E12000008,E07000227,Horsham,HORSH_52d522d71ef0,5ed0b1ae6665
England,E12000008,E07000227,Horsham,HORSH_3ebaaa979caf,7a45d31c941b
England,E12000008,E07000227,Horsham,HORSH_6e288b41987b,af2beb26fa5c
England,E12000008,E07000227,Horsham,HORSH_1ec7663b5b54,ff770774c54a
England,E12000008,E07000227,Horsham,HORSH_b09a37ccc0b7,9df3ccdcf6c4
England,E12000008,E07000227,Horsham,HORSH_3a937e6d4144,4f2990aee484
England,E12000008,E07000227,Horsham,HORSH_d8280d29e93d,a0ea3f4c6ef4
England,E12000008,E07000227,Horsham,HORSH_85e6821797b2,37acf33b97d6
England,E12000008,E07000227,Horsham,HORSH_75cd13b8e098,853a281c9dd7
England,E12000008,E07000227,Horsham,HORSH_92173d9b66a8,daa0fae34dd9
England,E12000008,E07000227,Horsham,HORSH_fc1a0156d6ed,cafa32d412ad
England,E12000008,E07000227,Horsham,HORSH_2fc0d8dc7c93,26d49af5572c
England,E12000008,E07000227,Horsham,HORSH_5be7b23ae664,a2b75c0d6251
England,E12000008,E07000227,Horsham,HORSH_d97669a5bdda,0ce2fdde9be2
England,E12000008,E07000227,Horsham,HORSH_daf0e56f6cbf,f6354bcd2abf
England,E12000008,E07000227,Horsham,HORSH_11fb33a3657d,c4ae9f96fbe8
England,E12000008,E07000227,Horsham,HORSH_192c09f5b4a8,3e93b243714f
England,E12000008,E07000227,Horsham,HORSH_c46e10b08f93,59196f079ee4
England,E12000008,E07000227,Horsham,HORSH_95af49c2178b,bb8625f6e57d
England,E12000008,E07000227,Horsham,HORSH_2d9b44a3dd26,4f9f5bfd4466
England,E12000008,E07000227,Horsham,HORSH_5e93ba3c053f,8d424fc84c24
England,E12000008,E07000227,Horsham,HORSH_0dd934649d9b,8c4930efa96d
England,E12000008,E07000227,Horsham,HORSH_3ea704ae7729,0466169b2680
England,E12000008,E07000227,Horsham,HORSH_6e9152e8c5c0,5ec57d7c9a58
England,E12000008,E07000227,Horsham,HORSH_5deca89c28a9,33a89ddd8ec9
England,E12000008,E07000227,Horsham,HORSH_d1d8f7be226f,a39016efe5d5
England,E12000008,E07000227,Horsham,HORSH_023148350086,da04a564b125
England,E12000008,E07000227,Horsham,HORSH_ee89e01b56eb,a0991bd049f4
England,E12000008,E07000227,Horsham,HORSH_02bfab548071,0d13b9a767c2
England,E12000008,E07000227,Horsham,HORSH_b13378deaac4,c7769f47e77d
England,E12000008,E07000227,Horsham,HORSH_3c798a57327c,eb615761a486
England,E12000008,E07000227,Horsham,HORSH_78413c255400,ccb53dbeed68
England,E12000008,E07000227,Horsham,HORSH_237b290c2e6e,d2ca80bf573b
England,E12000008,E07000227,Horsham,HORSH_5ccaf3752c32,2bd6b6ceb8f2
England,E12000008,E07000227,Horsham,HORSH_a8b7d13c6cb6,5c4a83113963
England,E12000008,E07000227,Horsham,HORSH_5e346ecee8c6,e05c619f401e
England,E12000008,E07000227,Horsham,HORSH_cad7dd13157a,14236763ab67
England,E12000008,E07000227,Horsham,HORSH_61efcbb186f0,bfa07a31414f
England,E12000008,E07000227,Horsham,HORSH_3b5d5607f8ce,deb38a8b85b0
England,E12000008,E07000227,Horsham,HORSH_96e602f85836,4d93f2a7a66d
England,E12000008,E07000227,Horsham,HORSH_56a4a39705bd,a173a8935064
England,E12000008,E07000227,Horsham,HORSH_da85b09736e3,dd953ce8bcc5
England,E12000008,E07000227,Horsham,HORSH_0a42898e7318,91d9e03e3a0b
England,E12000008,E07000227,Horsham,HORSH_628df8596e50,ee34df0fd0f9
England,E12000008,E07000227,Horsham,HORSH_a0191793f942,eb1866b0c6a6
England,E12000008,E07000227,Horsham,HORSH_8e993c71b002,113135ac8203
England,E12000008,E07000227,Horsham,HORSH_10d38bbd5052,ed7a98d28c63
England,E12000008,E07000227,Horsham,HORSH_384998acb282,6721e3ab00ff
England,E12000008,E07000227,Horsham,HORSH_5c9749bed64e,0be350485c58
England,E12000008,E07000227,Horsham,HORSH_bee8a38909c8,86e27c822cc6
England,E12000008,E07000227,Horsham,HORSH_7bdd54d5d3c2,0d3dc8c0e669
England,E12000008,E07000227,Horsham,HORSH_fa38c71cecf2,1b585ef8be71
England,E12000008,E07000227,Horsham,HORSH_1baaba755504,41fa4948c4d5
England,E12000008,E07000227,Horsham,HORSH_5ecd6ae2072c,b80fe591fae2
England,E12000008,E07000227,Horsham,HORSH_0ae6d27d1c11,99656e667917
England,E12000008,E07000227,Horsham,HORSH_c69fce489af1,9a670d71a1dc
England,E12000008,E07000227,Horsham,HORSH_e50a9f5ef310,14b228d39e08
England,E12000008,E07000227,Horsham,HORSH_66f69b3c3c06,f6cce33f3900
England,E12000008,E07000227,Horsham,HORSH_24405b1994d6,81ee68d851cd
England,E12000008,E07000227,Horsham,HORSH_5c37d9cdde2f,fe66a94a78bb
England,E12000008,E07000227,Horsham,HORSH_61504a00f35d,c19550000a97
England,E12000008,E07000227,Horsham,HORSH_47d652cd131e,0766c8e3ff84
England,E12000008,E07000227,Horsham,HORSH_722259b1dac8,f86c0fdd893f
England,E12000008,E07000227,Horsham,HORSH_a04bdb05cb1e,848586d61e42
England,E12000008,E07000227,Horsham,HORSH_d9befd887e32,e173b886063a
England,E12000008,E07000227,Horsham,HORSH_ce28913b4b53,20bcfcede45a
England,E12000008,E07000227,Horsham,HORSH_0a5fe69c7c23,5717def9369a
England,E12000008,E07000227,Horsham,HORSH_6b97756c1cec,df1a7cc88b59
England,E12000008,E07000227,Horsham,HORSH_5587cb6cddb4,d070c7c8c2d7
England,E12000008,E07000227,Horsham,HORSH_c00ffbc7cc05,d8f43bf8d847
England,E12000008,E07000227,Horsham,HORSH_11ffba0305d3,21c11517546e
England,E12000008,E07000227,Horsham,HORSH_9b424d236e77,38e6ad89b2b5
England,E12000008,E07000227,Horsham,HORSH_b79f3b0318aa,9af7863cd364
England,E12000008,E07000227,Horsham,HORSH_e02b3f5ec2ee,3f0480343b59
England,E12000008,E07000227,Horsham,HORSH_328640945a10,f1474f9a7772
England,E12000008,E07000227,Horsham,HORSH_1a2490282e3f,23cb49aa20c9
England,E12000008,E07000227,Horsham,HORSH_dec04718f0c6,1b72aafbed98
England,E12000008,E07000227,Horsham,HORSH_289e96151c1d,9a8181836440
England,E12000008,E07000227,Horsham,HORSH_825763dfc4f1,7ea7fa00479a
England,E12000008,E07000227,Horsham,HORSH_54449cc9b08c,7c24740a8172
England,E12000008,E07000227,Horsham,HORSH_10eb61577bc9,20afa3db0e28
England,E12000008,E07000227,Horsham,HORSH_e5ddb000e409;HORSH_19d367789fd1,40864804891a
England,E12000008,E07000227,Horsham,HORSH_406456a55017,424a27362ccd
England,E12000008,E07000227,Horsham,HORSH_376d0e8f05ca,6edd1741b8d3
England,E12000008,E07000227,Horsham,HORSH_605b771d6b61,90337d73e8e6
England,E12000008,E07000227,Horsham,HORSH_9e5e14f623a0,916da0cff63f
England,E12000008,E07000227,Horsham,HORSH_e0ec9e0ec25b,184020e3c736
England,E12000008,E07000227,Horsham,HORSH_0d60a568793a,552c1a7b6bcd
England,E12000008,E07000227,Horsham,HORSH_7deec9b5f5bb,8ac7c31a32af
England,E12000008,E07000227,Horsham,HORSH_755231b3f75a,b30ddff5d7a6
England,E12000008,E07000227,Horsham,HORSH_28b24561a1fb,1e44932eba8d
England,E12000008,E07000227,Horsham,HORSH_0c481c4fc01d,a3886188faf1
England,E12000008,E07000227,Horsham,HORSH_9255b53ea078,71109d05f98f
England,E12000008,E07000227,Horsham,HORSH_5e34707a6325,d48304559a45
England,E12000008,E07000227,Horsham,HORSH_f44f3415f860,ef96ade15778
England,E12000008,E07000227,Horsham,HORSH_ba29b226fd7b,073f63a128b1
England,E12000008,E07000227,Horsham,HORSH_e08a02463f70,2d6b9a5c1fd2
England,E12000008,E07000227,Horsham,HORSH_873fee8ed9b9,b725ddab1596
England,E12000008,E07000227,Horsham,HORSH_8434ee971cda,6c8326fe844d
England,E12000008,E07000227,Horsham,HORSH_a556aa853127,ebe6af03a4c3
England,E12000008,E07000227,Horsham,HORSH_268a2354f2f3,d11e8084d8fc
England,E12000008,E07000227,Horsham,HORSH_5ad72c71f42e,aa950ca57a05
England,E12000008,E07000227,Horsham,HORSH_900ff0fe20a8,2be16d9ceb30
England,E12000008,E07000227,Horsham,HORSH_9775378d9a51,51344fe91abe
England,E12000008,E07000227,Horsham,HORSH_c3eacf4de6a7,6c43c717be39
England,E12000008,E07000227,Horsham,HORSH_74cfb1f032ab,faac4adb37d3
England,E12000008,E07000227,Horsham,HORSH_5512ca5ad22c,ac28d48cd1b5
England,E12000008,E07000227,Horsham,HORSH_c35739bdd9d3,8e13ec5d6797
England,E12000008,E07000227,Horsham,HORSH_5fb0d9adbe0f,12fa096144fa
England,E12000008,E07000227,Horsham,HORSH_f9e0e23d3b17,b0ed4e5c27de
England,E12000008,E07000227,Horsham,HORSH_8894aee388ad,159e76b2efd3
England,E12000008,E07000227,Horsham,HORSH_a57cfbdb50a6,a52ad2888872
England,E12000008,E07000227,Horsham,HORSH_90785a20c376,4fa3ff9cf85d
England,E12000008,E07000227,Horsham,HORSH_3f97a89090c5,ebe77cd9c8e6
England,E12000008,E07000227,Horsham,HORSH_88a9c30e7584,a4cecce66557
England,E12000008,E07000227,Horsham,HORSH_5019e9389480,f0ea7884588d
England,E12000008,E07000227,Horsham,HORSH_e7ecacf3e3c2,6453356b8016
England,E12000008,E07000227,Horsham,HORSH_2e3d41b75152,b97cc2c30fac
England,E12000008,E07000227,Horsham,HORSH_1dd4ca636e9b,ab0869cabb69
England,E12000008,E07000227,Horsham,HORSH_7592d35c9995,86446f6060e1
England,E12000008,E07000227,Horsham,HORSH_b8b1502b1e30,b0dcad076907
England,E12000008,E07000227,Horsham,HORSH_9d480338fc0c,d0cfc2fa1b86
England,E12000008,E07000227,Horsham,HORSH_d2e7e3022314,92de05203f66
England,E12000008,E07000227,Horsham,HORSH_9418428a5302,9caa8829cb58
England,E12000008,E07000227,Horsham,HORSH_9eb46c4e2ab4,663bc25097e9
England,E12000008,E07000227,Horsham,HORSH_f00d39def66a,91d4bd803f20
England,E12000008,E07000227,Horsham,HORSH_85fc96b093b1,40b1de305cd9
England,E12000008,E07000227,Horsham,HORSH_c6e938305279,152ffed7faeb
England,E12000008,E07000227,Horsham,HORSH_1095d50e7eb7,30e060f96b82
England,E12000008,E07000227,Horsham,HORSH_94bd91831042,fe58395975af
England,E12000008,E07000227,Horsham,HORSH_ac06b3bb2da5,208d678ae0a7
England,E12000008,E07000227,Horsham,HORSH_9326ee21f11d,6d767e4ccee6
England,E12000008,E07000227,Horsham,HORSH_82d245c2a8ed,bf11aaec9fea
England,E12000008,E07000227,Horsham,HORSH_8e37f5636c3d,885c24bb58e4
England,E12000008,E07000227,Horsham,HORSH_5fb0585e61c6,b07ca052ab52
England,E12000008,E07000227,Horsham,HORSH_3b38835ba160,53fb2f52e028
England,E12000008,E07000227,Horsham,HORSH_4c96d70f533c,b09b25bd6715
England,E12000008,E07000227,Horsham,HORSH_e7d00dd7a535,e689c2627276
England,E12000008,E07000227,Horsham,HORSH_0405dd816c73;HORSH_1929bc4b5c54;HORSH_4250f58f41fc,2805d0ac4c85
England,E12000008,E07000227,Horsham,HORSH_8290459a4167,addc1cabb6a7
England,E12000008,E07000227,Horsham,HORSH_46ade1aea783,d34de54e08db
England,E12000008,E07000227,Horsham,HORSH_dda471836d72,118a6d4f81e5
England,E12000008,E07000227,Horsham,HORSH_27a561e1ebfc,b5f17a8005a8
England,E12000008,E07000227,Horsham,HORSH_aa88701cae2e,c5bfedea5ff0
England,E12000008,E07000227,Horsham,HORSH_a89cc9273c58,d76907b0ecf0
England,E12000008,E07000227,Horsham,HORSH_b41ddfd0db19,662ac9c7f130
England,E12000008,E07000227,Horsham,HORSH_13accc61fca1,ebfb738ef169
England,E12000008,E07000227,Horsham,HORSH_8ddc1914340b,8d714631d13e
England,E12000008,E07000227,Horsham,HORSH_c4f2d50b4b99,424cdb668e84
England,E12000008,E07000227,Horsham,HORSH_8e8223ed5e70;HORSH_8a4d305102b5,ebe8a3364025
England,E12000008,E07000227,Horsham,HORSH_c038e6082606,cdc9a9a45003
England,E12000008,E07000227,Horsham,HORSH_dae6c1600967,9644ec8ea3ad
England,E12000008,E07000227,Horsham,HORSH_fce8cafdd899,a6a04f61f7da
England,E12000008,E07000227,Horsham,HORSH_6a782745490b,179425446b98
England,E12000008,E07000227,Horsham,HORSH_7d5b3648db4f,91910575930d
England,E12000008,E07000227,Horsham,HORSH_fc5d4f56bfcf,c6ec8f225dfb
England,E12000008,E07000227,Horsham,HORSH_c89deaf7a414,3ea0075d027d
England,E12000008,E07000227,Horsham,HORSH_98815a0fa44d,e86c985bfe30
England,E12000008,E07000227,Horsham,HORSH_b91fdd23cf99,b3291a2f7a07
England,E12000008,E07000227,Horsham,HORSH_ffe082ba90e1,60ef124c15a0
England,E12000008,E07000227,Horsham,HORSH_0df57cd1e8c4,607da031ee71
England,E12000008,E07000227,Horsham,HORSH_f1a773986ea7,b3ba55b50ddd
England,E12000008,E07000227,Horsham,HORSH_abc4fd8db432,13e439e6084d
England,E12000008,E07000227,Horsham,HORSH_5942662bc7ee,1cb2156ae0a3
England,E12000008,E07000227,Horsham,HORSH_4a688ba8defc,ad4e259264a8
England,E12000008,E07000227,Horsham,HORSH_b12af2c28115,d0de906b0211
England,E12000008,E07000227,Horsham,HORSH_cba2e6498984,24e113de78e6
England,E12000008,E07000227,Horsham,HORSH_7c26e22a5239,a15d26a7a36d
England,E12000008,E07000227,Horsham,HORSH_bf7a24e8165a,f62068658830
England,E12000008,E07000227,Horsham,HORSH_063b740d60ba,ae60aadf3552
England,E12000008,E07000227,Horsham,HORSH_cfd9e6449df7,38e602c17f37
England,E12000008,E07000227,Horsham,HORSH_9ff248e5d11a,e114fe0ea4db
England,E12000008,E07000227,Horsham,HORSH_fb50651fa10d,eb79cfe6a2b8
England,E12000008,E07000227,Horsham,HORSH_8dd81da1a36a,3648de0e5002
England,E12000008,E07000227,Horsham,HORSH_6ccc7132b493,4d3cea763fd6
England,E12000008,E07000227,Horsham,HORSH_d251eecdb9fd,c99b0ebf04e2
England,E12000008,E07000227,Horsham,HORSH_704cb447ed64,71fb30394787
England,E12000008,E07000227,Horsham,HORSH_ae3169420e12;HORSH_718280cd1a43;HORSH_2ddc595dffec;HORSH_5292ef705c26;HORSH_2ed36fc5a8fd,b77164fa2532
England,E12000008,E07000227,Horsham,HORSH_a58118ae25cf,6d5d7ee4f9c5
England,E12000008,E07000227,Horsham,HORSH_7084d3f13fad,a12ead12dece
England,E12000008,E07000227,Horsham,HORSH_ab3cf3c4d112,62d7fa0f46a2
England,E12000008,E07000227,Horsham,HORSH_2d80c9125456,bb77b2beacc3
England,E12000008,E07000227,Horsham,HORSH_1ff0f2f2a451,1917f78bbc55
England,E12000008,E07000227,Horsham,HORSH_fbebb9355d4b,e9c390c9953b
England,E12000008,E07000227,Horsham,HORSH_98b197c302d3,8057d05df1ae
England,E12000008,E07000227,Horsham,HORSH_050a2ba3643a,cab196143fcb
England,E12000008,E07000227,Horsham,HORSH_e58413ada97a,bd1deb8dd47f
England,E12000008,E07000227,Horsham,HORSH_dc9f589efc91,186124d25df2
England,E12000008,E07000227,Horsham,HORSH_1813fc9e41e4,7cc73e6f7d6f
England,E12000008,E07000227,Horsham,HORSH_3f0e04bfa6ae,a52e28f96c27
England,E12000008,E07000227,Horsham,HORSH_249a12765de3,e1e6c89fb4bf
England,E12000008,E07000227,Horsham,HORSH_1718808a83d4,63da1ff9f21d
England,E12000008,E07000227,Horsham,HORSH_b395a0e31ae5,97bb4accb8f8
England,E12000008,E07000227,Horsham,HORSH_80dcb6d9a017,ff867fa1bcd3
England,E12000008,E07000227,Horsham,HORSH_9718496370a6,f72a3ebbfd17
England,E12000008,E07000227,Horsham,HORSH_3ed408ead659,882aa051ad0f
England,E12000008,E07000227,Horsham,HORSH_c6e88946a117,12d73e49bfb8
England,E12000008,E07000227,Horsham,HORSH_d023e8a7fde8,27071522161d
England,E12000008,E07000227,Horsham,HORSH_7c94fa91c5f6,b1e49727c2b4
England,E12000008,E07000227,Horsham,HORSH_8b9d945f86d3,7a3efa19ae24
England,E12000008,E07000227,Horsham,HORSH_fb0dfffc36ee,f3bb13e03e09
England,E12000008,E07000227,Horsham,HORSH_472fc5fde711,3d0bec1c8afc
England,E12000008,E07000227,Horsham,HORSH_19fa1c05c9ac,c0bb62d01616
England,E12000008,E07000227,Horsham,HORSH_30f6fee3c08f,c7fde31b1428
England,E12000008,E07000227,Horsham,HORSH_50a2aca8dade,fcbf172b9354
England,E12000008,E07000227,Horsham,HORSH_e7fec3ed4d02,493786a870b4
England,E12000008,E07000227,Horsham,HORSH_063a87764206,d1b7e05cb240
England,E12000008,E07000227,Horsham,HORSH_d1880a06e206,0477e13fbe2f
England,E12000008,E07000227,Horsham,HORSH_81a862c77d8f,f985413a7fee
England,E12000008,E07000227,Horsham,HORSH_ab61e6538ddb,7d06b18bc40e
England,E12000008,E07000227,Horsham,HORSH_1a2dde00e3dc,3999756b3093
England,E12000008,E07000227,Horsham,HORSH_00750f4a9c60,c5e8b7a68c53
England,E12000008,E07000227,Horsham,HORSH_3c116e59f47d,04b643ecb0d7
England,E12000008,E07000227,Horsham,HORSH_d40be26c8287,7a171334c4e8
England,E12000008,E07000227,Horsham,HORSH_753ba3f5cbcf,df6b35ed1345
England,E12000008,E07000227,Horsham,HORSH_1758767ca252,e291c5db80c6
England,E12000008,E07000227,Horsham,HORSH_315091e0287d,79928b60e685
England,E12000008,E07000227,Horsham,HORSH_d6ff2cc1cbe2,cf406ef34384
England,E12000008,E07000227,Horsham,HORSH_485eb63e51ae,79a68414c13b
England,E12000008,E07000227,Horsham,HORSH_03ae4f62a664,575554ac248c
England,E12000008,E07000227,Horsham,HORSH_710f5385cdda,e39bc28104c1
England,E12000008,E07000227,Horsham,HORSH_ebaf31370520,080f7c13b231
England,E12000008,E07000227,Horsham,HORSH_423256090b9b,89fbaf9533e0
England,E12000008,E07000227,Horsham,HORSH_65aee7ac954b,d21b6fb9e32d
England,E12000008,E07000227,Horsham,HORSH_362c717011ac,7bf2450a0c0c
England,E12000008,E07000227,Horsham,HORSH_3ccd7eb2d4e6,5fece10a485f
England,E12000008,E07000227,Horsham,HORSH_d58339a3825d,8927019b5ee0
England,E12000008,E07000227,Horsham,HORSH_8c15a6087577,e9f3bcd5027e
England,E12000008,E07000227,Horsham,HORSH_fe3e2aac6dc4,aa51fd3108af
England,E12000008,E07000227,Horsham,HORSH_6372a7468c30,5baf34aa43c2
England,E12000008,E07000227,Horsham,HORSH_a6bcec2d016a,722d4f23038f
England,E12000008,E07000227,Horsham,HORSH_e085a48ece72,7ea8f5f8524f
England,E12000008,E07000227,Horsham,HORSH_598fd2ae5a08,9ec9e54dff23
England,E12000008,E07000227,Horsham,HORSH_2807138ed3bb,49e14870f803
England,E12000008,E07000227,Horsham,HORSH_f2daf6a775dc,18975a16d088
England,E12000008,E07000227,Horsham,HORSH_a6fb78298db1,afd3f62a29bd
England,E12000008,E07000227,Horsham,HORSH_56b71def66b2,3fa5924c1eda
England,E12000008,E07000227,Horsham,HORSH_21e745dc9291,0d34b6cde011
England,E12000008,E07000227,Horsham,HORSH_f6b5e358ff35,1484a8c9fbd2
England,E12000008,E07000227,Horsham,HORSH_47bf52a019b5,c37a2a1f2f1d
England,E12000008,E07000227,Horsham,HORSH_d6ee4f0aa67e,c01349f38f26
England,E12000008,E07000227,Horsham,HORSH_7aea4493a175,1e5834edeb6a
England,E12000008,E07000227,Horsham,HORSH_68094ef5075a,4eb08b9d2642
England,E12000008,E07000227,Horsham,HORSH_056c2c099782,7bcef23ed7db
England,E12000008,E07000227,Horsham,HORSH_e5d66e67a8ff,54dcbe3f4503
England,E12000008,E07000227,Horsham,HORSH_eaf104753052,c30e56964da4
England,E12000008,E07000227,Horsham,HORSH_7ba3489f044d,29de04c28ab7
England,E12000008,E07000227,Horsham,HORSH_e989f0b9e0cc,4b34eb622f11
England,E12000008,E07000227,Horsham,HORSH_fa48e2a89452,02efd7fd068d
England,E12000008,E07000227,Horsham,HORSH_146d9f49f063,59475d791215
England,E12000008,E07000227,Horsham,HORSH_7dd6ad88b812,355b3c5cbdb7
England,E12000008,E07000227,Horsham,HORSH_5b6d2be01012,618fcf48f5a8
England,E12000008,E07000227,Horsham,HORSH_91cc192a5c67,3e8e7283d5cb
England,E12000008,E07000227,Horsham,HORSH_d51695a2bfcd,c9ebe16c66bc
England,E12000008,E07000227,Horsham,HORSH_de5683cff939,2a6c3611d1d4
England,E12000008,E07000227,Horsham,HORSH_bb21584f50db,913628119746
England,E12000008,E07000227,Horsham,HORSH_b1a77c57872a,e53e2ee9936a
England,E12000008,E07000227,Horsham,HORSH_92ce2bf7b51d,89162fd8d1f2
England,E12000008,E07000227,Horsham,HORSH_8d59817ff340,ec03affc1258
England,E12000008,E07000227,Horsham,HORSH_c544f23ea6a4,cffeee05d9a3
England,E12000008,E07000227,Horsham,HORSH_0e03107017ed,5ad7797f74fd
England,E12000008,E07000227,Horsham,HORSH_7a6dd20975d9,80552b1f60f7
England,E12000008,E07000227,Horsham,HORSH_347f33a6d5f5,b2d10fe92934
England,E12000008,E07000227,Horsham,HORSH_87a8165c2731,e0ad85347543
England,E12000008,E07000227,Horsham,HORSH_443d122774e0,227fe2a4269f
England,E12000008,E07000227,Horsham,HORSH_50c311190f0b,812188c22795
England,E12000008,E07000227,Horsham,HORSH_09051f0168bc,2608df23c2bf
England,E12000008,E07000227,Horsham,HORSH_e00f92cc96d4,b48ec445f558
England,E12000008,E07000227,Horsham,HORSH_d7b861b7dcf1,86d756b3d031
England,E12000008,E07000227,Horsham,HORSH_8512289fcef2,ae479bc067fe
England,E12000008,E07000227,Horsham,HORSH_45a70751a4f7,1054d406c0f3
England,E12000008,E07000227,Horsham,HORSH_98c47748ba08,30a6b75c9630
England,E12000008,E07000227,Horsham,HORSH_3047372bd504,5189e0630123
England,E12000008,E07000227,Horsham,HORSH_2660ec4f7517,2a3774fe115c
England,E12000008,E07000227,Horsham,HORSH_e0fded746d82,abb7cbe16206
England,E12000008,E07000227,Horsham,HORSH_1993dbd19676,e66b5dda686e
England,E12000008,E07000227,Horsham,HORSH_a29b5b8e7911,4d54f97cb275
England,E12000008,E07000227,Horsham,HORSH_7b42d39b9327,1cf1b0fa5038
England,E12000008,E07000227,Horsham,HORSH_3257093c8d82,beacb9f4546a
England,E12000008,E07000227,Horsham,HORSH_b612d41a6246,3ec64416f83c
England,E12000008,E07000227,Horsham,HORSH_f5d81ede8cd6,494a5cfa7f94
England,E12000008,E07000227,Horsham,HORSH_ff3d26f6629d,16f8e39305dd
England,E12000008,E07000227,Horsham,HORSH_6d3a98405cd6,a5f10f060acc
England,E12000008,E07000227,Horsham,HORSH_994c1ba8e1cb,de78a2d8dc99
England,E12000008,E07000227,Horsham,HORSH_e896360345c0,f00d103fabbd
England,E12000008,E07000227,Horsham,HORSH_11477963d37f,e05cf96feafb
England,E12000008,E07000227,Horsham,HORSH_d5e36704ab3f,4f2497bb722a
England,E12000008,E07000227,Horsham,HORSH_49ff8dab9f77,44237219e1f0
England,E12000008,E07000227,Horsham,HORSH_fdd486ca3eba,a5e9f87a7d5c
England,E12000008,E07000227,Horsham,HORSH_e4cb2eeb8f22,eb478254fde4
England,E12000008,E07000227,Horsham,HORSH_914a8a4b4bef,711b3599d1ff
England,E12000008,E07000227,Horsham,HORSH_e1e1b27bfd4b,f1a38c5f3835
England,E12000008,E07000227,Horsham,HORSH_781e5d7ed43e,0ba738e04cd1
England,E12000008,E07000227,Horsham,HORSH_3b5b7adc588a,d5e36d09377c
England,E12000008,E07000227,Horsham,HORSH_a58c0ad32c68,1ef4e4a1a5bd
England,E12000008,E07000227,Horsham,HORSH_4674cd12b5d7,74330e16f259
England,E12000008,E07000227,Horsham,HORSH_84afdee57f5a,97113222f9dd
England,E12000008,E07000227,Horsham,HORSH_b5e2b5114c18,86eac2a50d92
England,E12000008,E07000227,Horsham,HORSH_636d85097765,757d5ebf8717
England,E12000008,E07000227,Horsham,HORSH_d06bae746096,abc2f40df2f7
England,E12000008,E07000227,Horsham,HORSH_f80f7bf2a16d,06a71e52e3c1
England,E12000008,E07000227,Horsham,HORSH_85b34c9ab13d,9329f2052607
England,E12000008,E07000227,Horsham,HORSH_1f2615316870,51958068a7ed
England,E12000008,E07000227,Horsham,HORSH_a67c0684e413,5f61aa2f6760
England,E12000008,E07000227,Horsham,HORSH_499f2bc2589f,f8ab0f522eb6
England,E12000008,E07000227,Horsham,HORSH_bcd47de7d3e0,bd7a5cef3a59
England,E12000008,E07000227,Horsham,HORSH_9684941980da,9b2ba11e4883
England,E12000008,E07000227,Horsham,HORSH_2a27cc732066,fe3cc05b4466
England,E12000008,E07000227,Horsham,HORSH_a43c1720223c,b356b7f73e4b
England,E12000008,E07000227,Horsham,HORSH_aba4e0a0c16f,015fcb2d1036
England,E12000008,E07000227,Horsham,HORSH_ba5f3c633652,051a55bc94ca
England,E12000008,E07000227,Horsham,HORSH_4aa45fc347c1,c3cf94870f55
England,E12000008,E07000227,Horsham,HORSH_85622b3c17fd,ee6302e7c5bd
England,E12000008,E07000227,Horsham,HORSH_37df479de6a8,f30b6091365d
England,E12000008,E07000227,Horsham,HORSH_90ab17691293,aa8a28e38509
England,E12000008,E07000227,Horsham,HORSH_ed1053bf9225,780511b93d0c
England,E12000008,E07000227,Horsham,HORSH_629685d5ecd1,281c97401aec
England,E12000008,E07000227,Horsham,HORSH_02ddaeda0af0,f0e9f042a1e3
England,E12000008,E07000227,Horsham,HORSH_fc911fc77b64,5a7ddc068b9f
England,E12000008,E07000227,Horsham,HORSH_2b194ee91a16,7c2a89d176db
England,E12000008,E07000227,Horsham,HORSH_9d75ea21f179,f30c68170e15
England,E12000008,E07000227,Horsham,HORSH_58a11539dd37,f3ceebd57092
England,E12000008,E07000227,Horsham,HORSH_dff351823abe,d473e6063f29
England,E12000008,E07000227,Horsham,HORSH_e6deefef9c5e,a22c8d1b6939
England,E12000008,E07000227,Horsham,HORSH_3ceea8cebd17,c9135b5dc867
England,E12000008,E07000227,Horsham,HORSH_b942bf9c6aca,d886e0941dbb
England,E12000008,E07000227,Horsham,HORSH_6127deb40c41,48b7d33d11fc
England,E12000008,E07000227,Horsham,HORSH_e5cdb1e2ad68,9b41f9207e2f
England,E12000008,E07000227,Horsham,HORSH_4dcd1c2c88e2,c3a1702dd7da
England,E12000008,E07000227,Horsham,HORSH_84602f1ee595,8573e22a604b
England,E12000008,E07000227,Horsham,HORSH_926a6354f634,51582c332845
England,E12000008,E07000227,Horsham,HORSH_ebd6a8da2fcf,05e0cafcbb0e
England,E12000008,E07000227,Horsham,HORSH_4988423f3669,901c01f2437d
England,E12000008,E07000227,Horsham,HORSH_e2f809988049,f68f7cd2941f
England,E12000008,E07000227,Horsham,HORSH_178fd00dd876,e94a9b4ab389
England,E12000008,E07000227,Horsham,HORSH_a184bd75308a,42a6fe377b39
England,E12000008,E07000227,Horsham,HORSH_83c087c5fa66,4f6c4a993924
England,E12000008,E07000227,Horsham,HORSH_be667f02f13b,83b82646180d
England,E12000008,E07000227,Horsham,HORSH_a04da3d5540f,86e6890647c4
England,E12000008,E07000227,Horsham,HORSH_674b145cf6a7,16f3493e8005
England,E12000008,E07000227,Horsham,HORSH_2d3791bedd78,056efbd806fe
England,E12000008,E07000227,Horsham,HORSH_d3e75588aabf,377354024279
England,E12000008,E07000227,Horsham,HORSH_01a351902767,cc14fd0c2a38
England,E12000008,E07000227,Horsham,HORSH_87b519976c69,91c0e0641c72
England,E12000008,E07000227,Horsham,HORSH_176c4b8af007,a79a3029c6d2
England,E12000008,E07000227,Horsham,HORSH_0eb98a0e934e,2a8d2b34f11b
England,E12000008,E07000227,Horsham,HORSH_a6f44ce37a41,05a22f6e7602
England,E12000008,E07000227,Horsham,HORSH_5896f8cbafbe,50ad0c61de82
England,E12000008,E07000227,Horsham,HORSH_8acb55c882ba,bb49fc196b64
England,E12000008,E07000227,Horsham,HORSH_5f00a7c95b5c,f84804341e5b
England,E12000008,E07000227,Horsham,HORSH_a5fda8a89f53,9ac849ced1d4
England,E12000008,E07000227,Horsham,HORSH_c3501c6ab2b9,04a43cdaa144
England,E12000008,E07000227,Horsham,HORSH_95672718dca6,21d8fd6d7894
England,E12000008,E07000227,Horsham,HORSH_e8e19992f051,dc15f46751df
England,E12000008,E07000227,Horsham,HORSH_0a37b894fb20,6cd8d3a469d9
England,E12000008,E07000227,Horsham,HORSH_1c14e05e8dfa,b32d206129f4
England,E12000008,E07000227,Horsham,HORSH_f4941049ebe7,d81c3ffc06e5
England,E12000008,E07000227,Horsham,HORSH_5b9c26d3521b,43b7c74c6ac9
England,E12000008,E07000227,Horsham,HORSH_3041f706b624,763836d81fc9
England,E12000008,E07000227,Horsham,HORSH_c197bb391ec8,d9f2d52818b5
England,E12000008,E07000227,Horsham,HORSH_f4a39fcbd84d,66f322d820db
England,E12000008,E07000227,Horsham,HORSH_f943cbf53385,ab1dc19bf9d6
England,E12000008,E07000227,Horsham,HORSH_e87b3b6dcf67,fa68a3a39b72
England,E12000008,E07000227,Horsham,HORSH_c77aaee54644,14bc30ce0643
England,E12000008,E07000227,Horsham,HORSH_c77d71982fa4,f7a508ec3253
England,E12000008,E07000227,Horsham,HORSH_4a3b42923c73,0bf28fcf5b1e
England,E12000008,E07000227,Horsham,HORSH_f61e778e2951,af6e02b3872f
England,E12000008,E07000227,Horsham,HORSH_dc03113144ce,574bfb609910
England,E12000008,E07000227,Horsham,HORSH_0f11f0a7693a,f2a0a40605a1
England,E12000008,E07000227,Horsham,HORSH_1361d3dc6ab4,2f9f06601ed5
England,E12000008,E07000227,Horsham,HORSH_99adba030b0d,d801168c34e9
England,E12000008,E07000227,Horsham,HORSH_46dc9cfb3e52,eedf2ad6415f
England,E12000008,E07000227,Horsham,HORSH_37305b46bef8,1460718ac6f5
England,E12000008,E07000227,Horsham,HORSH_5165f89f5e26,ef725786602d
England,E12000008,E07000227,Horsham,HORSH_481c6fb4c4bf,a3e5d42e49b3
England,E12000008,E07000227,Horsham,HORSH_6e3b4c60bca0,565c48b890ab
England,E12000008,E07000227,Horsham,HORSH_1496bb141ce5,6785e23e6dbc
England,E12000008,E07000227,Horsham,HORSH_503434213af7,fc7a9b25600c
England,E12000008,E07000227,Horsham,HORSH_140813236925,5d71820cc162
England,E12000008,E07000227,Horsham,HORSH_67ae24c9f884,3fdfacbe7677
England,E12000008,E07000227,Horsham,HORSH_c36127cbdf1c,d3a3f5381800
England,E12000008,E07000227,Horsham,HORSH_345d131c97fc,83e343e2cc34
England,E12000008,E07000227,Horsham,HORSH_bf6307c0abc7,0962d4d9b998
England,E12000008,E07000227,Horsham,HORSH_b19586c92dfa,c62167971f66
England,E12000008,E07000227,Horsham,HORSH_a6cb5cd0ec5a,997bf880e1c7
England,E12000008,E07000227,Horsham,HORSH_71911238f140,7c6de1475005
England,E12000008,E07000227,Horsham,HORSH_95e1c92f8c4d,42c24dc83e2a
England,E12000008,E07000227,Horsham,HORSH_cf32ef3c504f,36162205b80b
England,E12000008,E07000227,Horsham,HORSH_b4575c211ce7,dca7848f467b
England,E12000008,E07000227,Horsham,HORSH_49963cfb9e10,199043dbf349
England,E12000008,E07000227,Horsham,HORSH_3415d5da5c02,3cf754da683d
England,E12000008,E07000227,Horsham,HORSH_66493f85ef61,a53907025c07
England,E12000008,E07000227,Horsham,HORSH_f1da0569f263,30a8da4d3004
England,E12000008,E07000227,Horsham,HORSH_2f7f58ca22a9,de2ccaf936d7
England,E12000008,E07000227,Horsham,HORSH_2be1d541b6c3,02aa76d07c63
England,E12000008,E07000227,Horsham,HORSH_2f8247bb6cdf,e959690bbcd4
England,E12000008,E07000227,Horsham,HORSH_c397b2703c7b,d7eec4990fba
England,E12000008,E07000227,Horsham,HORSH_90264830374c,ba8ae2b63a7b
England,E12000008,E07000227,Horsham,HORSH_6fdc3fb110de,00b44b9f03ea
England,E12000008,E07000227,Horsham,HORSH_2ed70970def8,5eb100a6a74a
England,E12000008,E07000227,Horsham,HORSH_12658c18dbfb,4296a10dd4f6
England,E12000008,E07000227,Horsham,HORSH_99d04fa1e598,10184ba38434
England,E12000008,E07000227,Horsham,HORSH_453c640c0018,162bcd6c0f85
England,E12000008,E07000227,Horsham,HORSH_4ab96f82e7da,d2230f9853f0
England,E12000008,E07000227,Horsham,HORSH_b254a8f6f39f,27fc791600ed
England,E12000008,E07000227,Horsham,HORSH_7f0c5d1332f8,350c5e411b60
England,E12000008,E07000227,Horsham,HORSH_7b10ff9d10b3,b80a16336aae
England,E12000008,E07000227,Horsham,HORSH_0b7b3ad6f587,9a55dd110b30
England,E12000008,E07000227,Horsham,HORSH_8fbc58241e7b,7268a3badf71
England,E12000008,E07000227,Horsham,HORSH_550f8e7a4814,09e7d2856fae
England,E12000008,E07000227,Horsham,HORSH_8cecff7ef1fc,c13b8630375e
England,E12000008,E07000227,Horsham,HORSH_861004816edf,68d71e69c5be
England,E12000008,E07000227,Horsham,HORSH_51857f67d3c0,411c1a40cc6c
England,E12000008,E07000227,Horsham,HORSH_f34d600ef4dc,4e9ba6a9ecba
England,E12000008,E07000227,Horsham,HORSH_8807b7699378,760f7ccc300e
England,E12000008,E07000227,Horsham,HORSH_031c0669d8d7,f1ad32d7fd5a
England,E12000008,E07000227,Horsham,HORSH_bcc36cc1b716,9e1d750558dd
England,E12000008,E07000227,Horsham,HORSH_74d71424de94,7f71d937889e
England,E12000008,E07000227,Horsham,HORSH_f46ed4ea74b1,2493224598ad
England,E12000008,E07000227,Horsham,HORSH_1b70f99ea62a,5f8629268ff9
England,E12000008,E07000227,Horsham,HORSH_4b3a0c29c634,bf0bf399ed06
England,E12000008,E07000227,Horsham,HORSH_ceb1f861ba63,87cbd7ad84ca
England,E12000008,E07000227,Horsham,HORSH_31b4fd61dbbc,6a7aa2975266
England,E12000008,E07000227,Horsham,HORSH_c8e6fb707245,8ce20f46bffa
England,E12000008,E07000227,Horsham,HORSH_677e7e2221d2,98538e769713
England,E12000008,E07000227,Horsham,HORSH_ff0a6facd206,3d38ad664a04
England,E12000008,E07000227,Horsham,HORSH_a47348e2365e,1e0e8cc9148e
England,E12000008,E07000227,Horsham,HORSH_0018f2b32e2c,8bcbb2eb17f2
England,E12000008,E07000227,Horsham,HORSH_4ee120738262,5ba2e97bf5d8
England,E12000008,E07000227,Horsham,HORSH_a3b0a6db8028,2479eff676fd
England,E12000008,E07000227,Horsham,HORSH_fc2b1b813c25,a0d0cbe6a25d
England,E12000008,E07000227,Horsham,HORSH_b581592a0539,5408df1f493d
England,E12000008,E07000227,Horsham,HORSH_f5b73c12cefa,c4b0dffca9ce
England,E12000008,E07000227,Horsham,HORSH_4e2fa9a63227,ad5035283762
England,E12000008,E07000227,Horsham,HORSH_2fcdcf32f67b,053ab387fd15
England,E12000008,E07000227,Horsham,HORSH_5d47271b5814,5f5e384fcf35
England,E12000008,E07000227,Horsham,HORSH_5ce35c7d3ae9,d9433a3ae2c4
England,E12000008,E07000227,Horsham,HORSH_69ab9953ab2d,9feef9991313
England,E12000008,E07000227,Horsham,HORSH_09115089219c,0796c9c94ebb
England,E12000008,E07000227,Horsham,HORSH_7a0ee7a38271,f87572d3bc6c
England,E12000008,E07000227,Horsham,HORSH_14e8c0585c89,e0f5ab65a0fe
England,E12000008,E07000227,Horsham,HORSH_882c1d39c6c2,61ab544eaa38
England,E12000008,E07000227,Horsham,HORSH_763925f68659,16438ba0f974
England,E12000008,E07000227,Horsham,HORSH_4ddc11592a75,92158fd5e1ad
England,E12000008,E07000227,Horsham,HORSH_439358edaf31,1392a52e1e45
England,E12000008,E07000227,Horsham,HORSH_8795a46d89f7,580ccacd85a0
England,E12000008,E07000227,Horsham,HORSH_9a1e60187b59,4032604e4cff
England,E12000008,E07000227,Horsham,HORSH_195c268b7245,a3eb67ef5156
England,E12000008,E07000227,Horsham,HORSH_7ad9fbec27a4,37a21ff683ae
England,E12000008,E07000227,Horsham,HORSH_d879bb60c847,032712d88153
England,E12000008,E07000227,Horsham,HORSH_bcc2a58a81a2,80b50ce7f969
England,E12000008,E07000227,Horsham,HORSH_48eeebf188ed,c13a4113ce30
England,E12000008,E07000227,Horsham,HORSH_6ec3f714a459,6bb64972e06b
England,E12000008,E07000227,Horsham,HORSH_da63742df6ad,d2fb65af3717
England,E12000008,E07000227,Horsham,HORSH_25cb2e8433c7,3850237dce71
England,E12000008,E07000227,Horsham,HORSH_698740574cff,91ce04fedc53
England,E12000008,E07000227,Horsham,HORSH_d300ed35d3ea,7c515815ac3d
England,E12000008,E07000227,Horsham,HORSH_25240f8879bb,d8ae4d8eebcc
England,E12000008,E07000227,Horsham,HORSH_dae24b83bb3d,1f7a3c6ce107
England,E12000008,E07000227,Horsham,HORSH_6a75e00fcf8d,16fa44b1bda1
England,E12000008,E07000227,Horsham,HORSH_79a9cca55721,d312a8619a57
England,E12000008,E07000227,Horsham,HORSH_bc7d9b9b1563,a56357dc8f78
England,E12000008,E07000227,Horsham,HORSH_b4a53b199e86,f23c5bb6033e
England,E12000008,E07000227,Horsham,HORSH_884cc8901c64,38756cd423b1
England,E12000008,E07000227,Horsham,HORSH_220f329a91a4,b524fd2b2556
England,E12000008,E07000227,Horsham,HORSH_667b77e7ea51,c46da2f3aab2
England,E12000008,E07000227,Horsham,HORSH_05180c1aead6,41f6331b0965
England,E12000008,E07000227,Horsham,HORSH_bd6586890813,26a7bd3e5bde
England,E12000008,E07000227,Horsham,HORSH_bf9eee9e35d0,d3aff1467d07
England,E12000008,E07000227,Horsham,HORSH_e166015a57a2,3440629ac230
England,E12000008,E07000227,Horsham,HORSH_d040e0c3fc76,d2f1bbdcf417
England,E12000008,E07000227,Horsham,HORSH_665b7fbed689,4541ae808eac
England,E12000008,E07000227,Horsham,HORSH_3cdc68d682d3,e7ae5c182444
England,E12000008,E07000227,Horsham,HORSH_2a95e42bd6fa,26689e4367b7
England,E12000008,E07000227,Horsham,HORSH_b305ccd2daad,ecaefdb56495
England,E12000008,E07000227,Horsham,HORSH_28d63790e0dd,968a514e3326
England,E12000008,E07000227,Horsham,HORSH_6b9638c2424c,c100671ef018
England,E12000008,E07000227,Horsham,HORSH_3c66649ad3bd,22995ca921b9
England,E12000008,E07000227,Horsham,HORSH_0bd8bee94a45,7e3a6152c52a
England,E12000008,E07000227,Horsham,HORSH_3cf08ecbc5b0,ea502f4de6d7
England,E12000008,E07000227,Horsham,HORSH_49bee48fd6d4,9ae34dd4034f
England,E12000008,E07000227,Horsham,HORSH_a22dd320f0be,bad924008c25
England,E12000008,E07000227,Horsham,HORSH_17223c912f27,40985c0a0755
England,E12000008,E07000227,Horsham,HORSH_debcd4e3786a,4ca8523bdae7
England,E12000008,E07000227,Horsham,HORSH_93964f24d026,4ff7325c74eb
England,E12000008,E07000227,Horsham,HORSH_06828031f79c,37970a8eac7f
England,E12000008,E07000227,Horsham,HORSH_542505ec0efa,3a5d7869e1c5
England,E12000008,E07000227,Horsham,HORSH_4b1d07bf76e1,5ec3a9256237
England,E12000008,E07000227,Horsham,HORSH_b9d98a13ffba,85b056301259
England,E12000008,E07000227,Horsham,HORSH_6890600600ea,a852b6ccc15b
England,E12000008,E07000227,Horsham,HORSH_5c0c17d3eac7,07231af4372e
England,E12000008,E07000227,Horsham,HORSH_fd03dccc7df5,47932a44a8c2
England,E12000008,E07000227,Horsham,HORSH_10930cfb51e4,db2fc1634d75
England,E12000008,E07000227,Horsham,HORSH_c1700dfbfafe,1c148d572a42
England,E12000008,E07000227,Horsham,HORSH_7ad3fbf50804,8064b32f4cc9
England,E12000008,E07000227,Horsham,HORSH_99cd67d8cbb5,2c7cd9db5b1f
England,E12000008,E07000227,Horsham,HORSH_a42c72f4fd5e,ec2ffde331d9
England,E12000008,E07000227,Horsham,HORSH_bdb8c6c3019a,5689a189006e
England,E12000008,E07000227,Horsham,HORSH_7aaea4d180f2,343b62841a79
England,E12000008,E07000227,Horsham,HORSH_8d922b2c7bed,b92f9591aecf
England,E12000008,E07000227,Horsham,HORSH_cdaa303cce63,74ab7af907bd
England,E12000008,E07000227,Horsham,HORSH_fe3293583b53,a26556ddf6d3
England,E12000008,E07000227,Horsham,HORSH_010ac2c3b3e7,fb4f2893c0a4
England,E12000008,E07000227,Horsham,HORSH_1a323fb005ca,8760982d0dc3
England,E12000008,E07000227,Horsham,HORSH_5988eb4de887,1f5a5bf9687d
England,E12000008,E07000227,Horsham,HORSH_20665ba5df21,79257f5f7e2d
England,E12000008,E07000227,Horsham,HORSH_d10f7e69dc90,0a0b18721b2c
England,E12000008,E07000227,Horsham,HORSH_997a98b5b797,c32dcae4f730
England,E12000008,E07000227,Horsham,HORSH_7720f9722808,01a97401d931
England,E12000008,E07000227,Horsham,HORSH_4776605ac1f4,5b26002b7910
England,E12000008,E07000227,Horsham,HORSH_5eadb52a6d81,d641d03ce293
England,E12000008,E07000227,Horsham,HORSH_5b0d7313c06b,91682ff2e799
England,E12000008,E07000227,Horsham,HORSH_568229e8b495,0cf6acb44ed2
England,E12000008,E07000227,Horsham,HORSH_b1c0a9d6d2c4,13bc15e1849f
England,E12000008,E07000227,Horsham,HORSH_f591cfed5959,d7c8870ceae5
England,E12000008,E07000227,Horsham,HORSH_7a75f7cda02f,5e22e1561f92
England,E12000008,E07000227,Horsham,HORSH_4ddad9c6dfde,810090d0cd49
England,E12000008,E07000227,Horsham,HORSH_6d8b246282fd,5d8a754d12da
England,E12000008,E07000227,Horsham,HORSH_4195fecbfe79,be46704537f4
England,E12000008,E07000227,Horsham,HORSH_d916172cb358,94a9b6aa295e
England,E12000008,E07000227,Horsham,HORSH_9221045c54f4,14c87f1fe583
England,E12000008,E07000227,Horsham,HORSH_e650241420e9,51353b5be0e4
England,E12000008,E07000227,Horsham,HORSH_1e6433e58765,b5cf8992e8f8
England,E12000008,E07000227,Horsham,HORSH_dbff3db36711,8fbb75f6cafb
England,E12000008,E07000227,Horsham,HORSH_4a91b938262f,116a6cd58db9
England,E12000008,E07000227,Horsham,HORSH_e1f9b4cf6a7a,3889c4f65a2a
England,E12000008,E07000227,Horsham,HORSH_895c61ac4d29,87247d009395
England,E12000008,E07000227,Horsham,HORSH_2c38958d087b,15e5d771ab8e
England,E12000008,E07000227,Horsham,HORSH_e296d9657afa,8a1420db0f82
England,E12000008,E07000227,Horsham,HORSH_0aa36bf265cb,8e829353e0a7
England,E12000008,E07000227,Horsham,HORSH_ee14f3538ab3,7ca4abc60a87
England,E12000008,E07000227,Horsham,HORSH_96380d029a69,f2d8c7b70e5b
England,E12000008,E07000227,Horsham,HORSH_237635463393,8f11b81b8c96
England,E12000008,E07000227,Horsham,HORSH_a6c927ff168a,74e822b78d0d
England,E12000008,E07000227,Horsham,HORSH_f2c961cc56ab,ca5cbc3e9b37
England,E12000008,E07000227,Horsham,HORSH_a20415e9e821,05ea317b1ed6
England,E12000008,E07000227,Horsham,HORSH_81df9cc1de0c,13534562ea82
England,E12000008,E07000227,Horsham,HORSH_7337b8743633,d1e5f3f1bb99
England,E12000008,E07000227,Horsham,HORSH_d199216c0575,5ea757acbd19
England,E12000008,E07000227,Horsham,HORSH_a770fa23a6e3,7d0559fce7d5
England,E12000008,E07000227,Horsham,HORSH_ba1eb7f184af,e2021b289a97
England,E12000008,E07000227,Horsham,HORSH_e6e9f9606f40,275c4a669450
England,E12000008,E07000227,Horsham,HORSH_ada869869703,96c161710dc2
England,E12000008,E07000227,Horsham,HORSH_393a1ebeba7e,509c80264498
England,E12000008,E07000227,Horsham,HORSH_328adb588d2e,db705413a843
England,E12000008,E07000227,Horsham,HORSH_5e9890b8f7bd,fe214aefaf13
England,E12000008,E07000227,Horsham,HORSH_6043fb33c3bc,9fd103713e1f
England,E12000008,E07000227,Horsham,HORSH_88519e71b799,d7e81401c68f
England,E12000008,E07000227,Horsham,HORSH_0b6b3601c03f,64fde7f2933d
England,E12000008,E07000227,Horsham,HORSH_3143c53fe205,ea69eaca834b
England,E12000008,E07000227,Horsham,HORSH_b2ef94c8bb1c,0881dd066db1
England,E12000008,E07000227,Horsham,HORSH_9a5f8419dcdd,02d45099ed92
England,E12000008,E07000227,Horsham,HORSH_19741706ec55,5e102877d533
England,E12000008,E07000227,Horsham,HORSH_a4ee0911fec8,3aa7998ea9cd
England,E12000008,E07000227,Horsham,HORSH_47d52568a3b4,677f5c975a05
England,E12000008,E07000227,Horsham,HORSH_8372cc129048,4d44b338452a
England,E12000008,E07000227,Horsham,HORSH_6f9964d081e6,fcb15059ce57
England,E12000008,E07000227,Horsham,HORSH_64c6127feef8,037ded3c095e
England,E12000008,E07000227,Horsham,HORSH_1209b0d236ae,2abe09efe5ce
England,E12000008,E07000227,Horsham,HORSH_2867c578fb6d,59d20c8dd3b3
England,E12000008,E07000227,Horsham,HORSH_c417aa94e868,a8fb9eed4644
England,E12000008,E07000227,Horsham,HORSH_d67dbc0bab06;HORSH_0383dc996577,12d06071bebf
England,E12000008,E07000227,Horsham,HORSH_2f8d7f181958,d76e319bc774
England,E12000008,E07000227,Horsham,HORSH_5f243ea5fbd6,219fb9a0b4b4
England,E12000008,E07000227,Horsham,HORSH_ab0bc9122815,45afb3de38e0
England,E12000008,E07000227,Horsham,HORSH_580a18321649,ec578c6ccc6d
England,E12000008,E07000227,Horsham,HORSH_b6e7e2bfb234,0b3843cdbfa2
England,E12000008,E07000227,Horsham,HORSH_7d1bbe1420c8,d636adc386f4
England,E12000008,E07000227,Horsham,HORSH_68896723e6f3,63658314abe6
England,E12000008,E07000227,Horsham,HORSH_0c944a9f0878,e3689b924df0
England,E12000008,E07000227,Horsham,HORSH_65499b9a2a2e,6253de8001aa
England,E12000008,E07000227,Horsham,HORSH_6f182d44dd51,44268b53af03
England,E12000008,E07000227,Horsham,HORSH_c5ee7921682f,bbe5b3a1aa5c
England,E12000008,E07000227,Horsham,HORSH_34ed32a9810b,277a64707bd6
England,E12000008,E07000227,Horsham,HORSH_ea8a5adf04c7,ad3f4611104d
England,E12000008,E07000227,Horsham,HORSH_c190291e3d36,d9b02e1bb9f7
England,E12000008,E07000227,Horsham,HORSH_e1ef252d44b7,9cfd3aa00ef7
England,E12000008,E07000227,Horsham,HORSH_a84e79677d76,498b2a35918a
England,E12000008,E07000227,Horsham,HORSH_a5970a239fc1,53acfbfb48d2
England,E12000008,E07000227,Horsham,HORSH_5e4ca4d8b4f8,7c754c2187b2
England,E12000008,E07000227,Horsham,HORSH_73c18f987bd9,3e364c234ac0
England,E12000008,E07000227,Horsham,HORSH_2c62bb0b7c11,d511e93810ec
England,E12000008,E07000227,Horsham,HORSH_ac6d2dcb0f9a,b011a2f1fe15
England,E12000008,E07000227,Horsham,HORSH_3e871d549bcb,00dbdf27c30d
England,E12000008,E07000227,Horsham,HORSH_a9a734d31b1f,6d5f53eff7ed
England,E12000008,E07000227,Horsham,HORSH_3401c7bd1d41,7fcf34d28a12
England,E12000008,E07000227,Horsham,HORSH_2a39ea3a51af,f09dd04b096d
England,E12000008,E07000227,Horsham,HORSH_2f1f2cd56ba7,b28e22457d36
England,E12000008,E07000227,Horsham,HORSH_f6b0632d59bc,8b8883d38354
England,E12000008,E07000227,Horsham,HORSH_a8ad13e0e4b3,9bd352441661
England,E12000008,E07000227,Horsham,HORSH_3b57b137ef88,c9ff533d8864
England,E12000008,E07000227,Horsham,HORSH_a6ec2b7420a8,d36953a39978
England,E12000008,E07000227,Horsham,HORSH_ca1764b52c80,30f36a68afc2
England,E12000008,E07000227,Horsham,HORSH_f7e5e71b16bc,24cbd6e2b50f
England,E12000008,E07000227,Horsham,HORSH_0042eefb81ff,6587be5e3f7e
England,E12000008,E07000227,Horsham,HORSH_67184988be3b,0ac2d589bbea
England,E12000008,E07000227,Horsham,HORSH_e3a7016f3e41,3bb6ed42cc25
England,E12000008,E07000227,Horsham,HORSH_0d7bb433a757,19f839365f23
England,E12000008,E07000227,Horsham,HORSH_ee9a7ccac631,c38114160c6f
England,E12000008,E07000227,Horsham,HORSH_9715614bd8e2,84831da72e2c
England,E12000008,E07000227,Horsham,HORSH_ebff2491325b,529fdd2045bd
England,E12000008,E07000227,Horsham,HORSH_f0d5a3cc253f,173335a174b0
England,E12000008,E07000227,Horsham,HORSH_a5be52a450ab,c31cb27fe08c
England,E12000008,E07000227,Horsham,HORSH_0e991c4c996c,3239b118fea2
England,E12000008,E07000227,Horsham,HORSH_5ff054939c8b,ea94f93065b6
England,E12000008,E07000227,Horsham,HORSH_238bf81725d5,5ed962692877
England,E12000008,E07000227,Horsham,HORSH_ec0f0a4c2a0e,91649f4f1919
England,E12000008,E07000227,Horsham,HORSH_3daf64644851,2f279a74bb79
England,E12000008,E07000227,Horsham,HORSH_df13930ae9a2,63e59b12aef6
England,E12000008,E07000227,Horsham,HORSH_0c9f07d21134,041230d0bc48
England,E12000008,E07000227,Horsham,HORSH_6a2dc810cf0f,02752a1780c9
England,E12000008,E07000227,Horsham,HORSH_05f6205ebd7d,86445839329f
England,E12000008,E07000227,Horsham,HORSH_bd052f81e544,cd9a6501884d
England,E12000008,E07000227,Horsham,HORSH_397b14e9994d,b6a06e91adeb
England,E12000008,E07000227,Horsham,HORSH_69bf231b6da9,a2ad56b390ef
England,E12000008,E07000227,Horsham,HORSH_fefb91076201,ab777e5aa8bd
England,E12000008,E07000227,Horsham,HORSH_1caa61747803,7c0da53b2335
England,E12000008,E07000227,Horsham,HORSH_10a78450a687,344c7e6bc2ac
England,E12000008,E07000227,Horsham,HORSH_93a7b854573f,3084f78a83d2
England,E12000008,E07000227,Horsham,HORSH_ed04110d31ff,dc170880a325
England,E12000008,E07000227,Horsham,HORSH_c3ae7e1cdd62,d60274d9c1b2
England,E12000008,E07000227,Horsham,HORSH_c2ac1b051d8c,d3f7cb8c5d01
England,E12000008,E07000227,Horsham,HORSH_5a2120af0007,67101074d067
England,E12000008,E07000227,Horsham,HORSH_15064e9a403b,983b059e15a0
England,E12000008,E07000227,Horsham,HORSH_d8f2d6242803,2498e5cdbec4
England,E12000008,E07000227,Horsham,HORSH_cfb8c4ece305,bc69fcf0c9f8
England,E12000008,E07000227,Horsham,HORSH_ff01826f74de,7334ad24c169
England,E12000008,E07000227,Horsham,HORSH_859e5d7eb963,86000ea1ad8b
England,E12000008,E07000227,Horsham,HORSH_313e7dc3afd5,712c0bd874ab
England,E12000008,E07000227,Horsham,HORSH_830b0538e227,3753ec05ef3e
England,E12000008,E07000227,Horsham,HORSH_1458067614b6,e4142c818045
England,E12000008,E07000227,Horsham,HORSH_a32d6605203a,6a2c3ce5fdc7
England,E12000008,E07000227,Horsham,HORSH_1fab321c155b,8d9fd623e30a
England,E12000008,E07000227,Horsham,HORSH_2eb358577cde,afd33f878be6
England,E12000008,E07000227,Horsham,HORSH_dd7aadfdbb67,a8693b056258
England,E12000008,E07000227,Horsham,HORSH_91a4877cb2cc,49ffa254a8e1
England,E12000008,E07000227,Horsham,HORSH_219e03689d16,227b42bcc297
England,E12000008,E07000227,Horsham,HORSH_1592152a8350,bece8edefe88
England,E12000008,E07000227,Horsham,HORSH_50c70494c2a1,8864ee5bdd32
England,E12000008,E07000227,Horsham,HORSH_c0cf765aab5d,16dea65f0bb4
England,E12000008,E07000227,Horsham,HORSH_e443c90bd89c,85b322d49d69
England,E12000008,E07000227,Horsham,HORSH_d4b6f27a4ea5,412118731202
England,E12000008,E07000227,Horsham,HORSH_c7ae40538c3b,2535f96ab5a4
England,E12000008,E07000227,Horsham,HORSH_89979edc5a47,9534159a5b0a
England,E12000008,E07000227,Horsham,HORSH_c6a729c74891,749bc3b0ea36
England,E12000008,E07000227,Horsham,HORSH_249f98ca4055,7f147675eb01
England,E12000008,E07000227,Horsham,HORSH_4d48b3bb4f48,caafaf832b88
England,E12000008,E07000227,Horsham,HORSH_2f7510879059,edd36d736a83
England,E12000008,E07000227,Horsham,HORSH_88642c0b2078,ff31efb4cd37
England,E12000008,E07000227,Horsham,HORSH_3ab0b6ea7bb9,250c96cf9cf6
England,E12000008,E07000227,Horsham,HORSH_8e339e5eb2ad,ed43be1896a2
England,E12000008,E07000227,Horsham,HORSH_73ae59d3e89c,9b803d137431
England,E12000008,E07000227,Horsham,HORSH_16b86b92c4b1,0a8dc44895fb
England,E12000008,E07000227,Horsham,HORSH_ed60e00d7fa4,42aabdb22c7b
England,E12000008,E07000227,Horsham,HORSH_446986cd9b68,80e83c2bb867
England,E12000008,E07000227,Horsham,HORSH_bc1d39324b1c,b8c2388b3622
England,E12000008,E07000227,Horsham,HORSH_17966d3fdea6,1f992b21df87
England,E12000008,E07000227,Horsham,HORSH_af81d6594d9d,ebb2e34b707d
England,E12000008,E07000227,Horsham,HORSH_e5dab0d405ac,d7f0575fa27c
England,E12000008,E07000227,Horsham,HORSH_04fcfc2802e4,bf98738b9ab5
England,E12000008,E07000227,Horsham,HORSH_ae4de0bed473,9d179a591b9a
England,E12000008,E07000227,Horsham,HORSH_38d64feb4178,6bbf88d3842e
England,E12000008,E07000227,Horsham,HORSH_72a0d3df8f3e,018030b68c03
England,E12000008,E07000227,Horsham,HORSH_4c3640df6694,f1e4256c1b5f
England,E12000008,E07000227,Horsham,HORSH_a4ef29d1df49,dca5fa7ecf7e
England,E12000008,E07000227,Horsham,HORSH_efb9a927184f,bd8cd2ac83f1
England,E12000008,E07000227,Horsham,HORSH_0e8928378c03,5b1d7379f19e
England,E12000008,E07000227,Horsham,HORSH_d5ea7f265e3a,2397b77a8e7b
England,E12000008,E07000227,Horsham,HORSH_40ebc300a2d7,b1674b780827
England,E12000008,E07000227,Horsham,HORSH_fed77c73d511,b621e54d6a12
England,E12000008,E07000227,Horsham,HORSH_815ad03ca81d,578a46a7463f
England,E12000008,E07000227,Horsham,HORSH_95b09044169d,1fdef7816dc9
England,E12000008,E07000227,Horsham,HORSH_e03d68913785,ae630ba1d495
England,E12000008,E07000227,Horsham,HORSH_7efe6dff77ad,1bf8b3a98d8a
England,E12000008,E07000227,Horsham,HORSH_082ac3011469,17fd282cdf00
England,E12000008,E07000227,Horsham,HORSH_396b312e78c8,001cb3a82a4f
England,E12000008,E07000227,Horsham,HORSH_046bfe5f2c99,621ab007e3f3
England,E12000008,E07000227,Horsham,HORSH_d7688d3a348c,25be419154f2
England,E12000008,E07000227,Horsham,HORSH_89e9fe79c4c7,fa0d4b7e53fa
England,E12000008,E07000227,Horsham,HORSH_fb7316ab1e6e,510e2221637c
England,E12000008,E07000227,Horsham,HORSH_7ba616fe53f6,ee1991e08308
England,E12000008,E07000227,Horsham,HORSH_90f40392fc3a,bdf56cb6ebec
England,E12000008,E07000227,Horsham,HORSH_5029464c30ed,1d1380cacfc7
England,E12000008,E07000227,Horsham,HORSH_c20c960c84c1,a5dedf200370
England,E12000008,E07000227,Horsham,HORSH_2a17857b8bdc,420d51318c3b
England,E12000008,E07000227,Horsham,HORSH_2ebcd7edce50,376474474673
England,E12000008,E07000227,Horsham,HORSH_6c6ca12fac2c,26ff3aa67b30
England,E12000008,E07000227,Horsham,HORSH_994206af3108,65c4f3158ebc
England,E12000008,E07000227,Horsham,HORSH_cbc3c606521b,1084c447617c
England,E12000008,E07000227,Horsham,HORSH_1ce85e89a218,4c72ed36c7cc
England,E12000008,E07000227,Horsham,HORSH_fc513334c657,c88a297ca2a0
England,E12000008,E07000227,Horsham,HORSH_7009c8179c82,3bd030f83df3
England,E12000008,E07000227,Horsham,HORSH_ac7b4aa0d7b3,b0efd7b4173d
England,E12000008,E07000227,Horsham,HORSH_dfc37da5c215,308b2c193527
England,E12000008,E07000227,Horsham,HORSH_999d906e62ab,5792a6ad9b9c
England,E12000008,E07000227,Horsham,HORSH_88695c5b3240,96ebc437acb4
England,E12000008,E07000227,Horsham,HORSH_0c37e2d24c12,369fa40af7f3
England,E12000008,E07000227,Horsham,HORSH_92ddf804bd5a,fbcbed115263
England,E12000008,E07000227,Horsham,HORSH_68ce2e70c05d,b0fb2b661e7a
England,E12000008,E07000227,Horsham,HORSH_e38edc5951c1,181092d91fd5
England,E12000008,E07000227,Horsham,HORSH_8b986a858334,860511b5e6e4
England,E12000008,E07000227,Horsham,HORSH_fbf9e8bc46f7,2c67786365b0
England,E12000008,E07000227,Horsham,HORSH_939a1ce52dff,c7c76ed866bb
England,E12000008,E07000227,Horsham,HORSH_740b891e7f68,9eeaf2d8f15a
England,E12000008,E07000227,Horsham,HORSH_c8c519543b9e,42d3e1b0b6f0
England,E12000008,E07000227,Horsham,HORSH_0f4021fa37b8,c90fccc8e111
England,E12000008,E07000227,Horsham,HORSH_6c1736a7f1c5,f553de38ad4c
England,E12000008,E07000227,Horsham,HORSH_94d4012f1a69,976324d9385d
England,E12000008,E07000227,Horsham,HORSH_86541779682f,420d2d339b06
England,E12000008,E07000227,Horsham,HORSH_94ef38dfd655,08d6cdcc58f9
England,E12000008,E07000227,Horsham,HORSH_61c243b290cb,a501f5860a30
England,E12000008,E07000227,Horsham,HORSH_cdbdedad86fd,003d92d96091
England,E12000008,E07000227,Horsham,HORSH_a6709c4e93e2,1e885bd305db
England,E12000008,E07000227,Horsham,HORSH_4f6f3c77a358,fec63d2cda5b
England,E12000008,E07000227,Horsham,HORSH_192a9ae2ba89,2e591da5efce
England,E12000008,E07000227,Horsham,HORSH_0922e758f5e6,3a73fcd1c9e7
England,E12000008,E07000227,Horsham,HORSH_4e2206c916a0,f92a09a18210
England,E12000008,E07000227,Horsham,HORSH_2f4e7f34754b,32fd73023b8c
England,E12000008,E07000227,Horsham,HORSH_db7825f09871,9cf57385721c
England,E12000008,E07000227,Horsham,HORSH_acfd972e72b7,b77319e906ec
England,E12000008,E07000227,Horsham,HORSH_4af524b4a08b,78d3f62687e8
England,E12000008,E07000227,Horsham,HORSH_3580b42ac78f,1e023ea7009a
England,E12000008,E07000227,Horsham,HORSH_943907f76814,3f3114432631
England,E12000008,E07000227,Horsham,HORSH_447a990ae7b9,4c3adb2893b1
England,E12000008,E07000227,Horsham,HORSH_d8efb0a834ac,188aa3ae8962
England,E12000008,E07000227,Horsham,HORSH_6468622c471f,8878e049a4fa
England,E12000008,E07000227,Horsham,HORSH_fb37df74a3e8,40998dd9c3e3
England,E12000008,E07000227,Horsham,HORSH_5cb4b81a390c,8b228133c68c
England,E12000008,E07000227,Horsham,HORSH_39a6fd72ffa8,5d3c14f8d9ab
England,E12000008,E07000227,Horsham,HORSH_647d4ae72415,1ddd7cee2cc3
England,E12000008,E07000227,Horsham,HORSH_4414db7d5707,8e4e2dad2c7f
England,E12000008,E07000227,Horsham,HORSH_385f640ea690,dbbac5fc6391
England,E12000008,E07000227,Horsham,HORSH_c04b3de2151e,7d49c4ff922c
England,E12000008,E07000227,Horsham,HORSH_19907bd12287,cf60362a6d00
England,E12000008,E07000227,Horsham,HORSH_c9307726c779,e283c5fa52b1
England,E12000008,E07000227,Horsham,HORSH_eca3834da131,bc3b3840a734
England,E12000008,E07000227,Horsham,HORSH_20b69557e194,9e5793393f6e
England,E12000008,E07000227,Horsham,HORSH_51435f42a12e,060c193b70ce
England,E12000008,E07000227,Horsham,HORSH_e003fcebd4d7,6bffc008085c
England,E12000008,E07000227,Horsham,HORSH_32e866a36027,5c993037aa66
England,E12000008,E07000227,Horsham,HORSH_03d55cab4a38,8266e91195b1
England,E12000008,E07000227,Horsham,HORSH_7360c651b500,609d591111b9
England,E12000008,E07000227,Horsham,HORSH_acea2f37e582,268c314bdad9
England,E12000008,E07000227,Horsham,HORSH_955a156d167b,2cffeafd6213
England,E12000008,E07000227,Horsham,HORSH_ca16a7552440,556817b0390a
England,E12000008,E07000227,Horsham,HORSH_5fbf873d5844,9ca83295dde3
England,E12000008,E07000227,Horsham,HORSH_93c175f6cb6c,697c243d2233
England,E12000008,E07000227,Horsham,HORSH_5c9e3d57ad49,1aab9ea5ae1a
England,E12000008,E07000227,Horsham,HORSH_3a7862576fc6,74d893da1d42
England,E12000008,E07000227,Horsham,HORSH_0bafa12b3747,219c7668a981
England,E12000008,E07000227,Horsham,HORSH_1f52b63d93fa,8a8efe939f90
England,E12000008,E07000227,Horsham,HORSH_25b7499e918e,7a6e288c83c4
England,E12000008,E07000227,Horsham,HORSH_66fc9b756064,88c327119067
England,E12000008,E07000227,Horsham,HORSH_3683cdb646e8,1253ae5bc451
England,E12000008,E07000227,Horsham,HORSH_118b7224f6c4,902162978389
England,E12000008,E07000227,Horsham,HORSH_5eb521601650,1c2be96793f8
England,E12000008,E07000227,Horsham,HORSH_a0b9c402ab12,2c5ecffff161
England,E12000008,E07000227,Horsham,HORSH_0b6dc6915c25,405ca3bb8e2d
England,E12000008,E07000227,Horsham,HORSH_b241e3eaafb6,062aaab69bfd
England,E12000008,E07000227,Horsham,HORSH_ac6d01081a8a,f35c946e4741
England,E12000008,E07000227,Horsham,HORSH_6e490a1b1128,553cdd8ad287
England,E12000008,E07000227,Horsham,HORSH_5685a75c8d56,b702e67bde92
England,E12000008,E07000227,Horsham,HORSH_8f2c9b0327d1,49235d7a6719
England,E12000008,E07000227,Horsham,HORSH_e3ebea0a903f,9a6a406c49b6
England,E12000008,E07000227,Horsham,HORSH_d609262fe251,c4cdaeb6b61a
England,E12000008,E07000227,Horsham,HORSH_a3430b86073a,3648452e1df9
England,E12000008,E07000227,Horsham,HORSH_7439bc4df280,462ff936b273
England,E12000008,E07000227,Horsham,HORSH_d72efb26fd43,c350b993ef42
England,E12000008,E07000227,Horsham,HORSH_6450470bd66b,1b934b88a462
England,E12000008,E07000227,Horsham,HORSH_ec132bab7439,583ae7802900
England,E12000008,E07000227,Horsham,HORSH_fab607f6f6f0,087a5398283a
England,E12000008,E07000227,Horsham,HORSH_2f92bb5f7ef1,0f97b0ad87f8
England,E12000008,E07000227,Horsham,HORSH_afd52597fca0,811427f2fdeb
England,E12000008,E07000227,Horsham,HORSH_c1b066fe8b98,3e013f8dc840
England,E12000008,E07000227,Horsham,HORSH_4656af0430a9,73baa9c09776
England,E12000008,E07000227,Horsham,HORSH_a6a092d3c9e0,df62a1152c18
England,E12000008,E07000227,Horsham,HORSH_fbd900074c21,2ca1bd0533a6
England,E12000008,E07000227,Horsham,HORSH_89958ee56c9b,89ca9462196d
England,E12000008,E07000227,Horsham,HORSH_6ddbe63ed602,e03c64cf5033
England,E12000008,E07000227,Horsham,HORSH_83c53d81fb35,e08b0387dbc5
England,E12000008,E07000227,Horsham,HORSH_d51fbb84ece4,cbaf81f0868d
England,E12000008,E07000227,Horsham,HORSH_fe5454381afc,15aa2d350ade
England,E12000008,E07000227,Horsham,HORSH_2d82092ee99d,00670d2932ea
England,E12000008,E07000227,Horsham,HORSH_20ea6b7c1d64,a414ec0043b9
England,E12000008,E07000227,Horsham,HORSH_8e319e721555,53547e79d4de
England,E12000008,E07000227,Horsham,HORSH_421f0dd0c915,4e0b35b21a92
England,E12000008,E07000227,Horsham,HORSH_fe6d7bf28703,754e6f03d2e9
England,E12000008,E07000227,Horsham,HORSH_c52aee6c1fc1,5e9264932a4e
England,E12000008,E07000227,Horsham,HORSH_3fec2b5af590,a24414934ab9
England,E12000008,E07000227,Horsham,HORSH_398c4a19546f,10f57cea77ab
England,E12000008,E07000227,Horsham,HORSH_c82f04ced0be,eb60ff69c924
England,E12000008,E07000227,Horsham,HORSH_47f86ed696c9,8fc753b74ed5
England,E12000008,E07000227,Horsham,HORSH_3f632cb0bc9b,1678de697385
England,E12000008,E07000227,Horsham,HORSH_d9c940d89d9e,85fe3e5d16b1
England,E12000008,E07000227,Horsham,HORSH_36f9ba2e109f,ed51eeecdf4c
England,E12000008,E07000227,Horsham,HORSH_a704473d6999,a2cc360042fe
England,E12000008,E07000227,Horsham,HORSH_29c5395f08fc,55b1dd24d777
England,E12000008,E07000227,Horsham,HORSH_3a8c886aeff0,14ce10ad4eb1
England,E12000008,E07000227,Horsham,HORSH_91af851fae37,44f3f76f62e7
England,E12000008,E07000227,Horsham,HORSH_5164dcc14ca2,f05a0d37b948
England,E12000008,E07000227,Horsham,HORSH_64caa4472e7a,82b4133306cb
England,E12000008,E07000227,Horsham,HORSH_aa835dae510d,540ba78e647c
England,E12000008,E07000227,Horsham,HORSH_9ad0f0da5e18,7e064210d552
England,E12000008,E07000227,Horsham,HORSH_e519a844b03c,2ee81f07801a
England,E12000008,E07000227,Horsham,HORSH_70de5fda634c,4bcfdcab2831
England,E12000008,E07000227,Horsham,HORSH_89006af9d597,1c05ef653811
England,E12000008,E07000227,Horsham,HORSH_69de947ca450,901d777adc32
England,E12000008,E07000227,Horsham,HORSH_cabfbba4ae85,2f1afeabb1f7
England,E12000008,E07000227,Horsham,HORSH_315c319a91a1,f1f706fd198c
England,E12000008,E07000227,Horsham,HORSH_c3ce234807bf,c14a4ff42c3b
England,E12000008,E07000227,Horsham,HORSH_85f71750c4cf,e1667300f76a
England,E12000008,E07000227,Horsham,HORSH_0502c9f09a42,f2993fa9feeb
England,E12000008,E07000227,Horsham,HORSH_22b1ff4daba8,8e7585a2d1b6
England,E12000008,E07000227,Horsham,HORSH_409439c0bdf6,bccab51ee65d
England,E12000008,E07000227,Horsham,HORSH_78fed96f01b0,82248ea83d7f
England,E12000008,E07000227,Horsham,HORSH_0d9a355de155,3db5d0d926d1
England,E12000008,E07000227,Horsham,HORSH_2edda016d8de,3968c3df3a0f
England,E12000008,E07000227,Horsham,HORSH_cb8d227034be,f523ae75c2be
England,E12000008,E07000227,Horsham,HORSH_f370764ce7d5,2b71ba6a4a38
England,E12000008,E07000227,Horsham,HORSH_f116dc20173a,62096caf9335
England,E12000008,E07000227,Horsham,HORSH_3cb9ed8ca410,a46278c29297
England,E12000008,E07000227,Horsham,HORSH_f88d6ac84550,029da5c374cb
England,E12000008,E07000227,Horsham,HORSH_32934b608d42,5329c5ad17f3
England,E12000008,E07000227,Horsham,HORSH_2759cb12b061,8a845ec93622
England,E12000008,E07000227,Horsham,HORSH_c44c645fafe9,a8ce6ae057dc
England,E12000008,E07000227,Horsham,HORSH_95b0de2df228,11aa1828858a
England,E12000008,E07000227,Horsham,HORSH_36ebfb81b693,3993af89388c
England,E12000008,E07000227,Horsham,HORSH_a033f0e638d4,4faa58439b48
England,E12000008,E07000227,Horsham,HORSH_2a66761a7148,56444692e970
England,E12000008,E07000227,Horsham,HORSH_66beba87e2d1,4f6897bae19b
England,E12000008,E07000227,Horsham,HORSH_454ad5ed70d2,b97f678063a2
England,E12000008,E07000227,Horsham,HORSH_3e9669a37efc,886185dc60de
England,E12000008,E07000227,Horsham,HORSH_7f03b6ffc3ec,61b2ad5b433a
England,E12000008,E07000227,Horsham,HORSH_7cc0d5605245,9f458672a107
England,E12000008,E07000227,Horsham,HORSH_8a2daec4821d,4491bf096e6e
England,E12000008,E07000227,Horsham,HORSH_1c32d18cddee,761e5ac12d84
England,E12000008,E07000227,Horsham,HORSH_d35f8187f3b1,29b6243d8066
England,E12000008,E07000227,Horsham,HORSH_a239e6034d8d,c499612e8a85
England,E12000008,E07000227,Horsham,HORSH_a6d6165fd65b,5d848a2e1b2d
England,E12000008,E07000227,Horsham,HORSH_db881832aea2,f2c0ebc4ecd3
England,E12000008,E07000227,Horsham,HORSH_0a71be861d28,cde2d81c0bdc
England,E12000008,E07000227,Horsham,HORSH_645addad05ac,401708babc38
England,E12000008,E07000227,Horsham,HORSH_f90a5a5207ba,752174bf2524
England,E12000008,E07000227,Horsham,HORSH_d3740a8c821c,0596e197952a
England,E12000008,E07000227,Horsham,HORSH_6fe05c35e9d0,c0fa4a562905
England,E12000008,E07000227,Horsham,HORSH_5b3213545b09,e90d01d9b572
England,E12000008,E07000227,Horsham,HORSH_82783712793f,e1b0cb025861
England,E12000008,E07000227,Horsham,HORSH_f6fdce004648,200e5500f0cc
England,E12000008,E07000227,Horsham,HORSH_e74bf92af76a,40cd1afaf770
England,E12000008,E07000227,Horsham,HORSH_afe10e631706,f964f6d89c4f
England,E12000008,E07000227,Horsham,HORSH_775404ed27d2,9ae3fd6c1d3e
England,E12000008,E07000227,Horsham,HORSH_eea7af4e4bbd,dd4c5a4ad2b3
England,E12000008,E07000227,Horsham,HORSH_52c6653ea0b7,a5e5c5d2ac42
England,E12000008,E07000227,Horsham,HORSH_60f4495e4beb,2e318130b63f
England,E12000008,E07000227,Horsham,HORSH_980bacc81fb3,9a4346f06607
England,E12000008,E07000227,Horsham,HORSH_79abd5249a17,9beda56ef071
England,E12000008,E07000227,Horsham,HORSH_07c221ee94bd,45f82e5c899e
England,E12000008,E07000227,Horsham,HORSH_3a09e994da6e,7a1f22978f56
England,E12000008,E07000227,Horsham,HORSH_cf9913a5a9dc,a1df89b06b36
England,E12000008,E07000227,Horsham,HORSH_a45107871760,d7c38e7e8183
England,E12000008,E07000227,Horsham,HORSH_9557e37654d0,5ff20cb9b6ea
England,E12000008,E07000227,Horsham,HORSH_ab56ca775edc,fecab2c72522
England,E12000008,E07000227,Horsham,HORSH_09765753131f,4f6cdc1c56b4
England,E12000008,E07000227,Horsham,HORSH_3c1df324c686,3ac8be205323
England,E12000008,E07000227,Horsham,HORSH_b25ed370d01f,eaeb1436e891
England,E12000008,E07000227,Horsham,HORSH_32a735164325,4874b7a62345
England,E12000008,E07000227,Horsham,HORSH_35aa7208dbe2,65f7e87c9e2a
England,E12000008,E07000227,Horsham,HORSH_6df9623922c5,db0f588be125
England,E12000008,E07000227,Horsham,HORSH_144cd9f2c6fe,3032e43e40bb
England,E12000008,E07000227,Horsham,HORSH_1ae0969b812f,4a95c6bd37fc
England,E12000008,E07000227,Horsham,HORSH_1905ba0fa5f0,eee8219b8b03
England,E12000008,E07000227,Horsham,HORSH_d8d209b75f4d,52e54cfa6ca7
England,E12000008,E07000227,Horsham,HORSH_c04dda3e85ff,90e712946660
England,E12000008,E07000227,Horsham,HORSH_c98fab888b14,7fcba4eff538
England,E12000008,E07000227,Horsham,HORSH_b22c2c363df0,31f68be4548c
England,E12000008,E07000227,Horsham,HORSH_034a851f55fc,82b5f6dbe507
England,E12000008,E07000227,Horsham,HORSH_9d26d4cffb15,0c96b150eb22
England,E12000008,E07000227,Horsham,HORSH_e427db3a4c67,b60921820f43
England,E12000008,E07000227,Horsham,HORSH_15054734e03c,1c95f4cf6d66
England,E12000008,E07000227,Horsham,HORSH_bb25948d1160,2e8d05e3bb98
England,E12000008,E07000227,Horsham,HORSH_6408a0390737,5928a58931f8
England,E12000008,E07000227,Horsham,HORSH_7d4a3908e297,2d3457181124
England,E12000008,E07000227,Horsham,HORSH_11959b49e5d3,605b01ccf52a
England,E12000008,E07000227,Horsham,HORSH_554d853a49e2,cbdfe45c8062
England,E12000008,E07000227,Horsham,HORSH_8cc619c164c2,081fdc6cfd5f
England,E12000008,E07000227,Horsham,HORSH_d89ac24578a2,ed1619cb8288
England,E12000008,E07000227,Horsham,HORSH_fbc7ea1dedc9,05fca40cae3f
England,E12000008,E07000227,Horsham,HORSH_fddb79a3e51c,3275dc3766d4
England,E12000008,E07000227,Horsham,HORSH_f9ca73422613,bc2ece6baafa
England,E12000008,E07000227,Horsham,HORSH_fcbd27ac1170,472dcd4fbf01
England,E12000008,E07000227,Horsham,HORSH_9f1eba82d65e,146a6a1054ca
England,E12000008,E07000227,Horsham,HORSH_5aa4ff785ea0,8b5a00188c5f
England,E12000008,E07000227,Horsham,HORSH_4c88532e898b,fcfc5beb9253
England,E12000008,E07000227,Horsham,HORSH_03ce077d0f76,1a5bbd1f54ec
England,E12000008,E07000227,Horsham,HORSH_c9128db7a2de,621a56a9b9d3
England,E12000008,E07000227,Horsham,HORSH_0ff6bb025da0,1d283db1d639
England,E12000008,E07000227,Horsham,HORSH_b27b4a802525,1c6e05eeb173
England,E12000008,E07000227,Horsham,HORSH_f529eedec30d,5b1c18859c7e
England,E12000008,E07000227,Horsham,HORSH_7c1b8b119319,2c38f608d3f4
England,E12000008,E07000227,Horsham,HORSH_30e63c702184,211924db4aa9
England,E12000008,E07000227,Horsham,HORSH_f37f0826c96b,864180e6ef03
England,E12000008,E07000227,Horsham,HORSH_06268d7e8610,a44dfaa980dd
England,E12000008,E07000227,Horsham,HORSH_5ba6fed8de19,67d8ea82e046
England,E12000008,E07000227,Horsham,HORSH_98e861f404d3,0edd9a288638
England,E12000008,E07000227,Horsham,HORSH_ea1b431bb32c,308dff7f465d
England,E12000008,E07000227,Horsham,HORSH_b619dc256a44,e56db9128100
England,E12000008,E07000227,Horsham,HORSH_d05aa744d5e6,e1d245c6446f
England,E12000008,E07000227,Horsham,HORSH_d574f68e6f40,04c112e15865
England,E12000008,E07000227,Horsham,HORSH_21922feff68a,47eaa3fe534c
England,E12000008,E07000227,Horsham,HORSH_467196df9f5b,ebffb0906282
England,E12000008,E07000227,Horsham,HORSH_1cf8cf4c3316,a41dc2b3fa8c
England,E12000008,E07000227,Horsham,HORSH_57f1e0d4e7fd,52135dd39b6c
England,E12000008,E07000227,Horsham,HORSH_be42007498eb,b0f95ddbe30c
England,E12000008,E07000227,Horsham,HORSH_c3bbd004247d,821c85aecb92
England,E12000008,E07000227,Horsham,HORSH_822cc1734e8d,8e22df3f559c
England,E12000008,E07000227,Horsham,HORSH_75345d066475,2f805461297e
England,E12000008,E07000227,Horsham,HORSH_de6447db0a8b,ecfc8483595b
England,E12000008,E07000227,Horsham,HORSH_6b7a0888aa70,baafbea2f036
England,E12000008,E07000227,Horsham,HORSH_fb16fe4fdc23,50ef7e2c7912
England,E12000008,E07000227,Horsham,HORSH_c7013dc920c1,bf1f8b99cd79
England,E12000008,E07000227,Horsham,HORSH_84285503640e,f9c8d380f321
England,E12000008,E07000227,Horsham,HORSH_e18a1e2bef0a,cc74c6b4acd6
England,E12000008,E07000227,Horsham,HORSH_2ffd23bec1f8,dbc1c00c9034
England,E12000008,E07000227,Horsham,HORSH_57a33e8b767c,a7b24b8e13ec
England,E12000008,E07000227,Horsham,HORSH_e24b32376ffd,87e2d3de4233
England,E12000008,E07000227,Horsham,HORSH_c7801f31a8dc,317d581962e6
England,E12000008,E07000227,Horsham,HORSH_e720206b3bb6,6fbc4867b3e5
England,E12000008,E07000227,Horsham,HORSH_400e16f044f1,cec56273e21d
England,E12000008,E07000227,Horsham,HORSH_a44584fc2274,a427e9ab3910
England,E12000008,E07000227,Horsham,HORSH_6cfe5a9388e0,a57e145d7567
England,E12000008,E07000227,Horsham,HORSH_f14480391720,42f32335efe6
England,E12000008,E07000227,Horsham,HORSH_be3a3286cf42,35a2dfc11435
England,E12000008,E07000227,Horsham,HORSH_0a3c6d8710d8,f486de574fd9
England,E12000008,E07000227,Horsham,HORSH_642529a8104a,4f6a586e0594
England,E12000008,E07000227,Horsham,HORSH_14bbde8f3652,0128906b25cc
England,E12000008,E07000227,Horsham,HORSH_aaeec9b254a9,3dc914686d3b
England,E12000008,E07000227,Horsham,HORSH_22e8b539c97b,f1a4751c7ade
England,E12000008,E07000227,Horsham,HORSH_84a9f2e9d7ca,7f19581d48a0
England,E12000008,E07000227,Horsham,HORSH_ba84ac2fed5f,898a17060924
England,E12000008,E07000227,Horsham,HORSH_e59fdee8eff9,a5e36a79ef30
England,E12000008,E07000227,Horsham,HORSH_cd7b6ec56feb,3a2de69d29fc
England,E12000008,E07000227,Horsham,HORSH_726322d829d7,1bad4398dc8a
England,E12000008,E07000227,Horsham,HORSH_460cdcd77379,54ef9123284e
England,E12000008,E07000227,Horsham,HORSH_55046a47192c,50532e1fa261
England,E12000008,E07000227,Horsham,HORSH_2f62a56df7b0,c60bf97d9261
England,E12000008,E07000227,Horsham,HORSH_ec580ee27481,ed7e76577db6
England,E12000008,E07000227,Horsham,HORSH_da869dccb1da,ee77804890ee
England,E12000008,E07000227,Horsham,HORSH_d4d9d51c050a,f91bded544e8
England,E12000008,E07000227,Horsham,HORSH_5233d3274d36,5f6e950e4606
England,E12000008,E07000227,Horsham,HORSH_69debb370768,42cb01568da7
England,E12000008,E07000227,Horsham,HORSH_be1f3685a4e9,276d76a9ff20
England,E12000008,E07000227,Horsham,HORSH_71b41de3e15d,3e73cf015dd8
England,E12000008,E07000227,Horsham,HORSH_9fca6d1399d2,0e039dac011e
England,E12000008,E07000227,Horsham,HORSH_fad512a3e47e,7a1f47ba8048
England,E12000008,E07000227,Horsham,HORSH_3780bcead6fe,ac611a25e35b
England,E12000008,E07000227,Horsham,HORSH_61570ceddafe,188f0ce4c0ca
England,E12000008,E07000227,Horsham,HORSH_b807c7aecaca,994d9aa63e71
England,E12000008,E07000227,Horsham,HORSH_609110c91656,db3b55acfad3
England,E12000008,E07000227,Horsham,HORSH_ff858ec13449,fa0af2aef152
England,E12000008,E07000227,Horsham,HORSH_174b105b139a,90ac93cfa2f8
England,E12000008,E07000227,Horsham,HORSH_cac3f4547a4e,63c09e17cf43
England,E12000008,E07000227,Horsham,HORSH_404c8e31c39e,484c51fa9d75
England,E12000008,E07000227,Horsham,HORSH_8768699cbdcf,b9418b229a91
England,E12000008,E07000227,Horsham,HORSH_819a969f7bc6,c0d6ed937033
England,E12000008,E07000227,Horsham,HORSH_b1695c87ba9d,de78d1b7b7fa
England,E12000008,E07000227,Horsham,HORSH_f3cd7fd116a0,e618250f449d
England,E12000008,E07000227,Horsham,HORSH_fd007d7034ff,0c83fe5de9d2
England,E12000008,E07000227,Horsham,HORSH_bc2056db001d,3333ab76c4e8
England,E12000008,E07000227,Horsham,HORSH_7ed95c69779e,b62b0f70a37f
England,E12000008,E07000227,Horsham,HORSH_dde0a62fe948,4764a94149c4
England,E12000008,E07000227,Horsham,HORSH_b8ab4c825dfe,b9aec9e64e9e
England,E12000008,E07000227,Horsham,HORSH_ad8e9e89e4c2,61fa4189e0f1
England,E12000008,E07000227,Horsham,HORSH_21b572e03c72,9fa639e861e3
England,E12000008,E07000227,Horsham,HORSH_780b8272269d,2239e9769e16
England,E12000008,E07000227,Horsham,HORSH_65f8b7133fe4,7a8dfff64aed
England,E12000008,E07000227,Horsham,HORSH_b45ca0584e06,4b13c2ea9ea3
England,E12000008,E07000227,Horsham,HORSH_e3a0c929f908,63896f5b8875
England,E12000008,E07000227,Horsham,HORSH_770628b6d490,951675fe5c78
England,E12000008,E07000227,Horsham,HORSH_f9756fc13c91,01c7d71fc91b
England,E12000008,E07000227,Horsham,HORSH_fe91992de382,a9275f1a43be
England,E12000008,E07000227,Horsham,HORSH_4e7cf32a903f,77c210a2a906
England,E12000008,E07000227,Horsham,HORSH_45e379e7e1eb,120349ffc700
England,E12000008,E07000227,Horsham,HORSH_fe019da43f51,1d5d59e02b7d
England,E12000008,E07000227,Horsham,HORSH_b7e7ff0ece51,3219f26c39db
England,E12000008,E07000227,Horsham,HORSH_0f308cd21dee,f6b631c82f66
England,E12000008,E07000227,Horsham,HORSH_aef39e442783,5b095de0673e
England,E12000008,E07000227,Horsham,HORSH_4e034a986a93,51bae8765e5a
England,E12000008,E07000227,Horsham,HORSH_f22142fdfc90,d3c6a26719ab
England,E12000008,E07000227,Horsham,HORSH_18fbc83e4610,532f438c3406
England,E12000008,E07000227,Horsham,HORSH_0f006d3dca80,000176babbcc
England,E12000008,E07000227,Horsham,HORSH_4adf6aee3c36,4b63f1f20221
England,E12000008,E07000227,Horsham,HORSH_7d0cace0116f,a0b5ca6db7a4
England,E12000008,E07000227,Horsham,HORSH_5140ad5e46ab,82654149c994
England,E12000008,E07000227,Horsham,HORSH_c0e06da65ce3,5d66a85730b1
England,E12000008,E07000227,Horsham,HORSH_b9e47eae778c,32d137edca51
England,E12000008,E07000227,Horsham,HORSH_f8983213eef4,bdf27dfd1700
England,E12000008,E07000227,Horsham,HORSH_75db59666733,fa952cb0d5ff
England,E12000008,E07000227,Horsham,HORSH_1e49fb5dcc7f,e8860850a95a
England,E12000008,E07000227,Horsham,HORSH_63b437e135c7,ac0b5b93783f
England,E12000008,E07000227,Horsham,HORSH_ef5f9cebe577,220d4bbd6811
England,E12000008,E07000227,Horsham,HORSH_1ef4a2d1d94b,dbc9583df594
England,E12000008,E07000227,Horsham,HORSH_49b4e3c3ecee,d28f292e0dda
England,E12000008,E07000227,Horsham,HORSH_b7a04c1b37fb,d918a314c671
England,E12000008,E07000227,Horsham,HORSH_3b7b79e001f4,66b37cb0de5b
England,E12000008,E07000227,Horsham,HORSH_fc17a09a75d4,5748ef7a0806
England,E12000008,E07000227,Horsham,HORSH_6280338960ca,34a15b409ca9
England,E12000008,E07000227,Horsham,HORSH_34e4f421343d,2e9daab1b6f0
England,E12000008,E07000227,Horsham,HORSH_4173cb275699,271463e68c7b
England,E12000008,E07000227,Horsham,HORSH_3d712e5bbfcb,597c20de4b97
England,E12000008,E07000227,Horsham,HORSH_85a6b673f8a6,7e4c04b4ee58
England,E12000008,E07000227,Horsham,HORSH_0ff148bdf552,031d92da9d62
England,E12000008,E07000227,Horsham,HORSH_db1b5ad7c57c,fc51996f49ad
England,E12000008,E07000227,Horsham,HORSH_3d31fe9d5cac,0c606bcc6ead
England,E12000008,E07000227,Horsham,HORSH_a093412a468a,3c3c5f513b1b
England,E12000008,E07000227,Horsham,HORSH_deb3985244fa,0e42bbe9cedc
England,E12000008,E07000227,Horsham,HORSH_5ff53c4c5cb8,e14895ef67b3
England,E12000008,E07000227,Horsham,HORSH_c84103bd9c1e,a4dde52347e5
England,E12000008,E07000227,Horsham,HORSH_b229a9de1373,6a2f7f0aba93
England,E12000008,E07000227,Horsham,HORSH_488781448e03,46d3ff9621f0
England,E12000008,E07000227,Horsham,HORSH_0bea0bc6bb7a,cbcf5def1df3
England,E12000008,E07000227,Horsham,HORSH_8770c823cd84,c467d9f3b835
England,E12000008,E07000227,Horsham,HORSH_c1638dde49b7,04a1444d038f
England,E12000008,E07000227,Horsham,HORSH_2c9661cac532,c2d7f772f28a
England,E12000008,E07000227,Horsham,HORSH_656c1e8db3c6,4beea9bce9a7
England,E12000008,E07000227,Horsham,HORSH_53bec4a28252,15d7a0ac6eb9
England,E12000008,E07000227,Horsham,HORSH_98d3ccc9748f,25ecb059cf41
England,E12000008,E07000227,Horsham,HORSH_8fdf908e18b9,530e0441d278
England,E12000008,E07000227,Horsham,HORSH_299bcc03ac42,ef2097ea2261
England,E12000008,E07000227,Horsham,HORSH_0e6c5d88bd41,db606f48dc19
England,E12000008,E07000227,Horsham,HORSH_bae8c32481f0,483b66cf24f5
England,E12000008,E07000227,Horsham,HORSH_53718e2e8453,ebe1c0adf24f
England,E12000008,E07000227,Horsham,HORSH_b26654d5a1af,b4654d4f6d35
England,E12000008,E07000227,Horsham,HORSH_196ea36ad94e,3effde806929
England,E12000008,E07000227,Horsham,HORSH_e932e5d649a8,50ccd075dab6
England,E12000008,E07000227,Horsham,HORSH_f4dde8eba5d8,57f6cb5ece83
England,E12000008,E07000227,Horsham,HORSH_6a2ea47f487d,639aaba26781
England,E12000008,E07000227,Horsham,HORSH_13a71dade954,da5289997ba5
England,E12000008,E07000227,Horsham,HORSH_a53fa18938ca,98c205739429
England,E12000008,E07000227,Horsham,HORSH_75d0d1c3a1e6,7a39f6698a48
England,E12000008,E07000227,Horsham,HORSH_c4898f37e902,bf16c8a29984
England,E12000008,E07000227,Horsham,HORSH_2e61bd03f378,62bd7f313bbe
England,E12000008,E07000227,Horsham,HORSH_4561cd133369,ba214e936cae
England,E12000008,E07000227,Horsham,HORSH_d550dcff38cf,b23820a59547
England,E12000008,E07000227,Horsham,HORSH_a54dea78d596,5ab438802ee4
England,E12000008,E07000227,Horsham,HORSH_6d92dc489812,44ed814be169
England,E12000008,E07000227,Horsham,HORSH_42e3188cc20f,25191fa5f32e
England,E12000008,E07000227,Horsham,HORSH_8dab517b7716,df445cb72da8
England,E12000008,E07000227,Horsham,HORSH_651054a6ad1f,9ebeb9158f08
England,E12000008,E07000227,Horsham,HORSH_ab4093f3f117,6263724b4afb
England,E12000008,E07000227,Horsham,HORSH_c81b8b5e9260,037a6fa8a1af
England,E12000008,E07000227,Horsham,HORSH_488659db73c9,8fb54a0a5540
England,E12000008,E07000227,Horsham,HORSH_0b20f07f1cba,f0b862dc9fc3
England,E12000008,E07000227,Horsham,HORSH_b05416ef2402,9ad38c6d1268
England,E12000008,E07000227,Horsham,HORSH_d1660d0b1eb7,dd502310ad3a
England,E12000008,E07000227,Horsham,HORSH_e850577dba04,b78c1552af3e
England,E12000008,E07000227,Horsham,HORSH_f1f57cf12fa5,102b460dc54f
England,E12000008,E07000227,Horsham,HORSH_6f7746ef0d9a,85f32d343cf5
England,E12000008,E07000227,Horsham,HORSH_802d39c762c6,1d4d9a35ff37
England,E12000008,E07000227,Horsham,HORSH_a5ff70fb545d,577e99a675d3
England,E12000008,E07000227,Horsham,HORSH_1fb00e8ec080,ebe4c1c0b7f0
England,E12000008,E07000227,Horsham,HORSH_13e998efcfdc,da5e68eae392
England,E12000008,E07000227,Horsham,HORSH_1eda9891e7a7,836af29b3326
England,E12000008,E07000227,Horsham,HORSH_7c765e1b0998,4f56737731ac
