country,region_id,authority_id,auth_name_e,old_park_id,new_park_id
England,E12000008,E06000035,Medway,MEDWA_bd06b8598bf5;MEDWA_c76cb4403d3d,6dacc43a5318
England,E12000008,E06000035,Medway,MEDWA_f2a659a7becc,db9e917a6f18
England,E12000008,E06000035,Medway,MEDWA_768721b6938b,8620828425a6
England,E12000008,E06000035,Medway,MEDWA_6af9625b0eaa,3eba6db0bf69
England,E12000008,E06000035,Medway,MEDWA_7745956da476;MEDWA_60751054fc45,1eb28692e8c3
England,E12000008,E06000035,Medway,MEDWA_9437a78d3488;MEDWA_7bcc46a8e719,b6a9e94c8767
England,E12000008,E06000035,Medway,MEDWA_3e52b29c028b,11bc3a0297c0
England,E12000008,E06000035,Medway,MEDWA_f97e4e90cba4;MEDWA_cde1112ed07e,01114173b087
England,E12000008,E06000035,Medway,MEDWA_1d068946abe0;MEDWA_f326d996655d,97ec7a3c7b36
England,E12000008,E06000035,Medway,MEDWA_07a74b9c48d9,6e5b79f1494b
England,E12000008,E06000035,Medway,MEDWA_6aa9f5c8588d,cab3bda0ec61
England,E12000008,E06000035,Medway,MEDWA_bf443081afdc;MEDWA_ccbc13ff0693,d1de19911f02
England,E12000008,E06000035,Medway,MEDWA_37b670a97203;MEDWA_c2cb16dd2016,4b99082b5d43
England,E12000008,E06000035,Medway,MEDWA_945ab5496810;MEDWA_50a9a99db9fb;MEDWA_0d83d3e01376,c18c33d96126
England,E12000008,E06000035,Medway,MEDWA_7e04ba185ff8;MEDWA_2c5580c516a4,7fe7aa0a9eec
England,E12000008,E06000035,Medway,MEDWA_6c9b20b8052b,044f2ac80c69
England,E12000008,E06000035,Medway,MEDWA_18bf92d6f5b9,ea9e8cb5ec54
England,E12000008,E06000035,Medway,MEDWA_40dfbe79eef1,61ee2a54d1ba
England,E12000008,E06000035,Medway,MEDWA_d37d34646c0e;MEDWA_88dc62e0c24d,405a367fefff
England,E12000008,E06000035,Medway,MEDWA_d814ba3a0f4c;MEDWA_e26c4274b881,836ab0210329
England,E12000008,E06000035,Medway,MEDWA_51dd57411a51;MEDWA_f6fc3cca45e9,61bf3cb8fff8
England,E12000008,E06000035,Medway,MEDWA_c6955de8f511,9aedc9949450
England,E12000008,E06000035,Medway,MEDWA_e4f1fa00a777;MEDWA_6457a912628e,8043d21e584b
England,E12000008,E06000035,Medway,MEDWA_4301d2846d36,4a9cf5598d60
England,E12000008,E06000035,Medway,MEDWA_643d50f0539d;MEDWA_f623f8b600d0,47be7aaccc82
England,E12000008,E06000035,Medway,MEDWA_c3e4a57fc03d,b33500c62971
England,E12000008,E06000035,Medway,MEDWA_56b15e26bf34,28d043314670
England,E12000008,E06000035,Medway,MEDWA_bf0b02623ad9;MEDWA_09db0ef11f80,4c132a90e6cf
England,E12000008,E06000035,Medway,MEDWA_9ad219cfa816;MEDWA_bf3ce97eefc7,d10f08fedae4
England,E12000008,E06000035,Medway,MEDWA_da6525d856b0,3a950dc5e393
England,E12000008,E06000035,Medway,MEDWA_252ee9e7cea2,a45aaea800bd
England,E12000008,E06000035,Medway,MEDWA_8173f37cb929,4d95d8181baf
England,E12000008,E06000035,Medway,MEDWA_40a5040cb9c4,9b253dedce4d
England,E12000008,E06000035,Medway,MEDWA_bde0d8b9719c,4c71714fcf15
England,E12000008,E06000035,Medway,MEDWA_3653adb098a8;MEDWA_8f59361a065b,d9d0551a3941
England,E12000008,E06000035,Medway,MEDWA_c4c2fa907746;MEDWA_7ca670eba7cf,dd479224f329
England,E12000008,E06000035,Medway,MEDWA_535a0ae437a5;MEDWA_0d4a50e83d48,b5237c916cc5
England,E12000008,E06000035,Medway,MEDWA_0d4478173f9d;MEDWA_02e8d8914ab4,69b6aea4c181
England,E12000008,E06000035,Medway,MEDWA_576610dd7f67;MEDWA_1756b671b91a,f852a310139c
England,E12000008,E06000035,Medway,MEDWA_a3b4794f4e1d,d11b96966803
England,E12000008,E06000035,Medway,MEDWA_3a7d70c1396e;MEDWA_0433229aa8ee;MEDWA_3660980ee153,8bb95acdc3cb
England,E12000008,E06000035,Medway,MEDWA_67989e96bda1,814d634e3608
England,E12000008,E06000035,Medway,MEDWA_9fadb6a3e031;MEDWA_755d594d8247,42c5a5cfe79d
England,E12000008,E06000035,Medway,MEDWA_298a6610b46b;MEDWA_a36a281602d0,400593185b2d
England,E12000008,E06000035,Medway,MEDWA_aff5b1d02196;MEDWA_0d780802be5e,f8b77f3150ab
England,E12000008,E06000035,Medway,MEDWA_36c03f033e37;MEDWA_4dd8549b3936;MEDWA_771c64b8f39a,c4f3c948249b
England,E12000008,E06000035,Medway,MEDWA_d4a12eeaa737,6d95a9499fc1
England,E12000008,E06000035,Medway,MEDWA_d5ba8dbf8e9d;MEDWA_52f1b737eefb;MEDWA_438ae002c27e,88a737a3bf96
England,E12000008,E06000035,Medway,MEDWA_4f8b387ce0f8;MEDWA_eee52be345d4,3c43d66399a7
England,E12000008,E06000035,Medway,MEDWA_df3c077dd81b;MEDWA_c9fd34f7e3ba,cb6bd37d1146
England,E12000008,E06000035,Medway,MEDWA_dcc4f7a7853f;MEDWA_c9e27c79bb18,33e18a19d5c7
England,E12000008,E06000035,Medway,MEDWA_16ff8364b4bf;MEDWA_049168463329,b18a160d5a3d
England,E12000008,E06000035,Medway,MEDWA_89d0146e4cf5;MEDWA_ac04519934f6,e0e5b88b227d
England,E12000008,E06000035,Medway,MEDWA_c475191eaa9d,decfbad3cbdb
England,E12000008,E06000035,Medway,MEDWA_1d7b4081db8c;MEDWA_81669661f524,28c0f8f9bda0
England,E12000008,E06000035,Medway,MEDWA_976ecc13d7fe,3a89e66ac557
England,E12000008,E06000035,Medway,MEDWA_8836c3efd5c7;MEDWA_ff2fa2a21812,4a77d635c3be
England,E12000008,E06000035,Medway,MEDWA_557d25272e7f;MEDWA_ad5bf935042d,237679daa860
England,E12000008,E06000035,Medway,MEDWA_adda196861b3;MEDWA_9a797e304f23,2ef3ad3a83fe
England,E12000008,E06000035,Medway,MEDWA_8fa6cf2c279c;MEDWA_f7161b49083b,94a6b3f4b0dc
England,E12000008,E06000035,Medway,MEDWA_934d787822da;MEDWA_0e21909bf1c7,91b938a77595
England,E12000008,E06000035,Medway,MEDWA_a0b42ad766e1,0f3362de3d27
England,E12000008,E06000035,Medway,MEDWA_95075808926c,d03c0ddb1723
England,E12000008,E06000035,Medway,MEDWA_d1567836e77c;MEDWA_5b34cfeca409,8a5bcf97a929
England,E12000008,E06000035,Medway,MEDWA_80d85a4954d6;MEDWA_260c7c6dee46,7936a372a277
England,E12000008,E06000035,Medway,MEDWA_8a7c9f5543b0;MEDWA_848d23837f7b,13983d16a50d
England,E12000008,E06000035,Medway,MEDWA_58f4350918d5,16818fd7384a
England,E12000008,E06000035,Medway,MEDWA_713a624b1d2d;MEDWA_1b726b713d48,de489e5e8fa7
England,E12000008,E06000035,Medway,MEDWA_d3ea2fea40e2;MEDWA_6b82aef1ccdc,10ce4652ac25
England,E12000008,E06000035,Medway,MEDWA_15d436d5fa07;MEDWA_17a920be45f6,c4ae1145d2be
England,E12000008,E06000035,Medway,MEDWA_aacf7cabab02,4e79416b5768
England,E12000008,E06000035,Medway,MEDWA_9973857f2976,a16080ea2846
England,E12000008,E06000035,Medway,MEDWA_79b70135080a,51b6393532ea
England,E12000008,E06000035,Medway,MEDWA_33e586f3ce62,f5a638b480b5
England,E12000008,E06000035,Medway,MEDWA_4645f0333ec0,8077ad1c9e1b
England,E12000008,E06000035,Medway,MEDWA_e98e55ed7d3b,6f64fc726a02
England,E12000008,E06000035,Medway,MEDWA_73d9f3a9b1da,56f03e992ad7
England,E12000008,E06000035,Medway,MEDWA_77e87374ebf8;MEDWA_c130a2207001,1b5bb44da2b0
England,E12000008,E06000035,Medway,MEDWA_b7c805621238,d49a63d45196
England,E12000008,E06000035,Medway,MEDWA_88ac3e484909,e312d0cc75ff
England,E12000008,E06000035,Medway,MEDWA_86c3ad66d031,a2b9e6b6090f
England,E12000008,E06000035,Medway,MEDWA_cfffbb8932aa,a059f24824af
England,E12000008,E06000035,Medway,MEDWA_6cd6ab427f44,b6bb6bf93115
England,E12000008,E06000035,Medway,MEDWA_dc9c0a2f2a59,e27acb9d805c
England,E12000008,E06000035,Medway,MEDWA_606ac4210a4e,5a1060e0c799
England,E12000008,E06000035,Medway,MEDWA_3458c2aee9a5,9930deb7df4c
England,E12000008,E06000035,Medway,MEDWA_c6e504d825c2,e8c1094dd51c
England,E12000008,E06000035,Medway,MEDWA_1fd3c63e81d9,c7bc1caebc72
England,E12000008,E06000035,Medway,MEDWA_5d387a9ea6ea,12725077d52c
England,E12000008,E06000035,Medway,MEDWA_36f536856147,f7d054fd4675
England,E12000008,E06000035,Medway,MEDWA_ed237dc7dcdd,f3ef35d35c87
England,E12000008,E06000035,Medway,MEDWA_2f2ec5a98d0f,460d6850cf8b
England,E12000008,E06000035,Medway,MEDWA_6fc7dcefc1e1,c294a6bbd984
England,E12000008,E06000035,Medway,MEDWA_746937b67aa1,ea37e736e35b
England,E12000008,E06000035,Medway,MEDWA_35ce4ced3ef3,0151f16c36c2
England,E12000008,E06000035,Medway,MEDWA_a58b8311e812,a53639a37072
England,E12000008,E06000035,Medway,MEDWA_a9c5dfddcac3,d8598dec4be7
England,E12000008,E06000035,Medway,MEDWA_40cb6a2b5308,fbe606fae871
England,E12000008,E06000035,Medway,MEDWA_17798b58a6b4,b6f6e1657b27
England,E12000008,E06000035,Medway,MEDWA_4217cde6f283,ad41030993aa
England,E12000008,E06000035,Medway,MEDWA_8f017ae9cc4d,f1264903b24e
England,E12000008,E06000035,Medway,MEDWA_1d5a6d9c8805,b56d76070950
England,E12000008,E06000035,Medway,MEDWA_b4b4c2b0266b,0ca65205cdb4
England,E12000008,E06000035,Medway,MEDWA_4141f3241786,f6ec113e1597
England,E12000008,E06000035,Medway,MEDWA_8a8a8f724c58,ebec786a6d2b
England,E12000008,E06000035,Medway,MEDWA_5be89ccf46b9,e9b84d4924d0
England,E12000008,E06000035,Medway,MEDWA_bedd6517f1d2,24462bcb2972
England,E12000008,E06000035,Medway,MEDWA_d864a91b43bd,4c8794000cc9
England,E12000008,E06000035,Medway,MEDWA_df7fe2fd5520,0eb8fae5f879
England,E12000008,E06000035,Medway,MEDWA_2e756a038214,75db903911fc
England,E12000008,E06000035,Medway,MEDWA_73cf365c20ed,e2e0a35e6ce9
England,E12000008,E06000035,Medway,MEDWA_cf81c4878f42,4ea786bf6413
England,E12000008,E06000035,Medway,MEDWA_aa8ccbf5fa60,35268adefec2
England,E12000008,E06000035,Medway,MEDWA_0b47a181ae84,9d75393b125b
England,E12000008,E06000035,Medway,MEDWA_07c156143aca,30f9b1a0eb71
England,E12000008,E06000035,Medway,MEDWA_1bedf43498ba,fe18065c0970
England,E12000008,E06000035,Medway,MEDWA_f758413473b5,47a5189b3911
England,E12000008,E06000035,Medway,MEDWA_6dfc0a3454a9,05067ff8a1c5
England,E12000008,E06000035,Medway,MEDWA_0a599f0bc68e,720e2dfaed81
England,E12000008,E06000035,Medway,MEDWA_429762f1a09f,9d68405bce87
England,E12000008,E06000035,Medway,MEDWA_56ae276802fe,43b64d09a428
England,E12000008,E06000035,Medway,MEDWA_0fdf0b56d973,788066bddb88
England,E12000008,E06000035,Medway,MEDWA_694c4c7b1016,b1867cf480a3
England,E12000008,E06000035,Medway,MEDWA_32b1e8caf98c,1002572ff2d4
England,E12000008,E06000035,Medway,MEDWA_14743f36a363,d0fd50393098
England,E12000008,E06000035,Medway,MEDWA_b1227aaa5752,68824b99ebe0
England,E12000008,E06000035,Medway,MEDWA_225d7997f3ff,4ac10406c5e5
England,E12000008,E06000035,Medway,MEDWA_3a9e92860511,2100e7aa8baf
England,E12000008,E06000035,Medway,MEDWA_baca935490f6,91911180f39a
England,E12000008,E06000035,Medway,MEDWA_54abf782e742,5ffd30720990
England,E12000008,E06000035,Medway,MEDWA_0ea6de83927e,bf334cb7ba37
England,E12000008,E06000035,Medway,MEDWA_b91bede02229,e09c6eccb5a8
England,E12000008,E06000035,Medway,MEDWA_0dadc5634fd8,fe3aecbfa9ba
England,E12000008,E06000035,Medway,MEDWA_3f0cc207ef7a,97dafcf4a225
England,E12000008,E06000035,Medway,MEDWA_9cd252bebe93,41918b5d5e8f
England,E12000008,E06000035,Medway,MEDWA_85ab1b2adcc2,de9bb700c6f0
England,E12000008,E06000035,Medway,MEDWA_e9ce686ca113,863f91aeecd8
England,E12000008,E06000035,Medway,MEDWA_000c30ea9dee,ec60886f28a3
England,E12000008,E06000035,Medway,MEDWA_3f0787178325,947cfb834264
England,E12000008,E06000035,Medway,MEDWA_f73335439ab8,654ecd540808
England,E12000008,E06000035,Medway,MEDWA_b3b3684b3e4b,b9656cfd5d24
England,E12000008,E06000035,Medway,MEDWA_2f1886468426,11237d007258
England,E12000008,E06000035,Medway,MEDWA_717f1349679a,bffa5544efba
England,E12000008,E06000035,Medway,MEDWA_01737a641560,dbd0a206146d
England,E12000008,E06000035,Medway,MEDWA_1fe5e95e668f,29dceaf79ba8
England,E12000008,E06000035,Medway,MEDWA_4b84c5a0e7a8,42a6ee211a92
England,E12000008,E06000035,Medway,MEDWA_49a6f1ce5044,62bf7d6dad28
England,E12000008,E06000035,Medway,MEDWA_176aa6c44036,cd9d5c18afdb
England,E12000008,E06000035,Medway,MEDWA_30f8601b3edd,3984c7094f2e
England,E12000008,E06000035,Medway,MEDWA_ca28f6742374,61bd39399a5c
England,E12000008,E06000035,Medway,MEDWA_9ba4c8161aa6,6571ba9eb521
England,E12000008,E06000035,Medway,MEDWA_666defcabc9e,3ea96991d957
England,E12000008,E06000035,Medway,MEDWA_fe0d862dc9a7,9daf8c7bde20
England,E12000008,E06000035,Medway,MEDWA_3f2a850fcbed,fb3ed8988501
England,E12000008,E06000035,Medway,MEDWA_9210f1eb75ef,0b48740d8894
England,E12000008,E06000035,Medway,MEDWA_be37c8e48d69,33059f5fff70
England,E12000008,E06000035,Medway,MEDWA_da9c5c9f4765,fb347fba39eb
England,E12000008,E06000035,Medway,MEDWA_01a5c9ec25f5,5e3049286c21
England,E12000008,E06000035,Medway,MEDWA_f0295cdfb463,62f635a8f70d
England,E12000008,E06000035,Medway,MEDWA_0d61143f1b05,ee1bbe7be0b4
England,E12000008,E06000035,Medway,MEDWA_e14829f9a30a,02c851debfe8
England,E12000008,E06000035,Medway,MEDWA_998489bbebc4,24c9c56164e7
England,E12000008,E06000035,Medway,MEDWA_37624bf90ba0,ad4431d1e6da
England,E12000008,E06000035,Medway,MEDWA_fe134e758660,5c97bf9b3f0d
England,E12000008,E06000035,Medway,MEDWA_02db9c7223be,d6f71bd4bbe6
England,E12000008,E06000035,Medway,MEDWA_cdcef02a08f4,32c74c7d14b6
England,E12000008,E06000035,Medway,MEDWA_a22b21deab7f,a474599c09d3
England,E12000008,E06000035,Medway,MEDWA_471d8419cae5,e55b06106014
England,E12000008,E06000035,Medway,MEDWA_bee141312874,2bbe254c6128
England,E12000008,E06000035,Medway,MEDWA_79fb7e04bd66,c2c72d90f33d
England,E12000008,E06000035,Medway,MEDWA_455167d4cd48,6f59491b8ca9
England,E12000008,E06000035,Medway,MEDWA_5be1550382c0,734999006e19
England,E12000008,E06000035,Medway,MEDWA_1ec1bb2120f5,3ee3f0884bb8
England,E12000008,E06000035,Medway,MEDWA_39819655e773,a3dcd89790f7
England,E12000008,E06000035,Medway,MEDWA_ba27dbdb8ab6,86f5445dd867
England,E12000008,E06000035,Medway,MEDWA_ff0fea6bc778,5fbbbb1a1f7e
England,E12000008,E06000035,Medway,MEDWA_a1245c99aae4,f34bbee083fd
England,E12000008,E06000035,Medway,MEDWA_b0a16507c901,9618ddd932fd
England,E12000008,E06000035,Medway,MEDWA_1ad070220c3f,1a9d2de30147
England,E12000008,E06000035,Medway,MEDWA_21b45d84e5bd,680765f40846
England,E12000008,E06000035,Medway,MEDWA_f6a7c5b196c3,2018dd1e96dd
England,E12000008,E06000035,Medway,MEDWA_5465067c1e5d,76f220ee7771
England,E12000008,E06000035,Medway,MEDWA_3305d9b4f15d,0d36cb72353e
England,E12000008,E06000035,Medway,MEDWA_3f9227131ffb,02f248f54bb4
England,E12000008,E06000035,Medway,MEDWA_4a6a9a7fcecb,2f3ff5b611f3
England,E12000008,E06000035,Medway,MEDWA_267fa089b9fa,dd7159121e67
England,E12000008,E06000035,Medway,MEDWA_2ed3e0095461,4fbb35c2382d
England,E12000008,E06000035,Medway,MEDWA_5a28fd1f60de,fe72f15ed846
England,E12000008,E06000035,Medway,MEDWA_29a9f04796a4,3a9526c93344
England,E12000008,E06000035,Medway,MEDWA_521246b2ef2c,27a1d39c4093
England,E12000008,E06000035,Medway,MEDWA_08c44be86b4f,7479a3cbb518
England,E12000008,E06000035,Medway,MEDWA_83331d3e6ead,f67509889e14
England,E12000008,E06000035,Medway,MEDWA_60b0db21969e,882d5660ba7a
England,E12000008,E06000035,Medway,MEDWA_9b3460a10d39,dddeed730fcf
England,E12000008,E06000035,Medway,MEDWA_6aa75716204e,c2633ce6e912
England,E12000008,E06000035,Medway,MEDWA_823e105f0013,f1ec57f36f3d
England,E12000008,E06000035,Medway,MEDWA_1b40c451c48e,3814a6d909db
England,E12000008,E06000035,Medway,MEDWA_f39e90b0c9df,e58d7f9d55e0
England,E12000008,E06000035,Medway,MEDWA_6d3bbfdd33d3,97d8628b9e72
England,E12000008,E06000035,Medway,MEDWA_136c2fa6df38,2c6fffc07f2f
England,E12000008,E06000035,Medway,MEDWA_ecedcb94d8f3,a0af9b9d1b82
England,E12000008,E06000035,Medway,MEDWA_60c1c20bcbff,afc6e7fe5fa0
England,E12000008,E06000035,Medway,MEDWA_cca379a81a8d,0ef73da37f36
England,E12000008,E06000035,Medway,MEDWA_4433ffcb38c7,936539d6a08b
England,E12000008,E06000035,Medway,MEDWA_e173aac02c2b,b1ca41f86b4f
England,E12000008,E06000035,Medway,MEDWA_738cd95e26e1,654c519e85a8
England,E12000008,E06000035,Medway,MEDWA_99c407986ee1,b510befdd0c5
England,E12000008,E06000035,Medway,MEDWA_9c1186158bb8,d2f89d8139be
England,E12000008,E06000035,Medway,MEDWA_a80e6f455bb1,2b008a55a412
England,E12000008,E06000035,Medway,MEDWA_79a92dd89d7d,3dccdfc992ac
England,E12000008,E06000035,Medway,MEDWA_4a5dac4bcfe8,72256102a653
England,E12000008,E06000035,Medway,MEDWA_3136c977af58,b407f4640880
England,E12000008,E06000035,Medway,MEDWA_070e3cec6196,33158ba46ff3
England,E12000008,E06000035,Medway,MEDWA_3ff9aef633e2,f3d8453c7caa
England,E12000008,E06000035,Medway,MEDWA_11ad1a557e92,211f040ea0bf
England,E12000008,E06000035,Medway,MEDWA_53bd5b5d6dad,9ebad808d192
England,E12000008,E06000035,Medway,MEDWA_a2ce673cda40,86ca918fc4f8
England,E12000008,E06000035,Medway,MEDWA_0170a373ec91,c8d1934bafab
England,E12000008,E06000035,Medway,MEDWA_1a59e74b9eb6,1d842ecbc2d9
England,E12000008,E06000035,Medway,MEDWA_e9999043e6e4,10f10576fc44
England,E12000008,E06000035,Medway,MEDWA_0e0d2821a688,973ab8a1f791
England,E12000008,E06000035,Medway,MEDWA_faac807a99e8,353a9536946c
England,E12000008,E06000035,Medway,MEDWA_2ca9520dd6f6,c92dff7d7a3d
England,E12000008,E06000035,Medway,MEDWA_5eb075750635,6b3ca7715694
England,E12000008,E06000035,Medway,MEDWA_918225e59d3c,765e38d76f1a
England,E12000008,E06000035,Medway,MEDWA_51d575fd3e3d,1efd00b061b5
England,E12000008,E06000035,Medway,MEDWA_89e5cf3a3ba7,a44a30abba27
England,E12000008,E06000035,Medway,MEDWA_9466f5461b63,bf1dc8a342aa
England,E12000008,E06000035,Medway,MEDWA_5756e598394e,2f0ce4e07939
England,E12000008,E06000035,Medway,MEDWA_77c460479cdf,83302120be9d
England,E12000008,E06000035,Medway,MEDWA_47cfdf7819a4,f390a8933045
England,E12000008,E06000035,Medway,MEDWA_b9c88e535f39,d3d0a66e194b
England,E12000008,E06000035,Medway,MEDWA_b78407535cdc,538500183ad8
England,E12000008,E06000035,Medway,MEDWA_cc891776a950,ee368a5e57b7
England,E12000008,E06000035,Medway,MEDWA_070a89a81305,acfe459e92cc
England,E12000008,E06000035,Medway,MEDWA_16a288c48a23,387eeb1331fd
England,E12000008,E06000035,Medway,MEDWA_39685939b88b,7a1795802606
England,E12000008,E06000035,Medway,MEDWA_5f4aea6e373c,39370b9cabb1
England,E12000008,E06000035,Medway,MEDWA_88103dad2174,84225efe6472
England,E12000008,E06000035,Medway,MEDWA_c3bc70fd4235,a3761687edd7
England,E12000008,E06000035,Medway,MEDWA_63bfc614a555,9d7848fe2b8b
England,E12000008,E06000035,Medway,MEDWA_ca13c8fc796a,9bf5c1f12856
England,E12000008,E06000035,Medway,MEDWA_9376c95be890,5b7f4533f710
England,E12000008,E06000035,Medway,MEDWA_512a8ecd5d1a,8ce10c1e1d46
England,E12000008,E06000035,Medway,MEDWA_1ee6bba612b0,504d398506f5
England,E12000008,E06000035,Medway,MEDWA_82979fe5f269,c426f7d1cdb0
England,E12000008,E06000035,Medway,MEDWA_24deb066f850,a618edac70cb
England,E12000008,E06000035,Medway,MEDWA_a11ecefbc5fd,d44f9317edac
England,E12000008,E06000035,Medway,MEDWA_ac5ed00a94de,a5dac4b7aac7
England,E12000008,E06000035,Medway,MEDWA_36aa7e698963,42b06758f1db
England,E12000008,E06000035,Medway,MEDWA_5afa383298dd,0cb9314d5fe6
England,E12000008,E06000035,Medway,MEDWA_51170fd713b0,0c134605efec
England,E12000008,E06000035,Medway,MEDWA_fea650978158,6661f7b16804
England,E12000008,E06000035,Medway,MEDWA_2d58a0e61791,d23169939366
England,E12000008,E06000035,Medway,MEDWA_8d87864a2ec5,d6e6057737e0
England,E12000008,E06000035,Medway,MEDWA_1e8f24ba5b52,ae2402ea5da3
England,E12000008,E06000035,Medway,MEDWA_76c3e632a4a8,0fe312e37277
England,E12000008,E06000035,Medway,MEDWA_0745d3c06489,ebb8f5370620
England,E12000008,E06000035,Medway,MEDWA_33225a04c7f9,4fa196948030
England,E12000008,E06000035,Medway,MEDWA_f5180a399bab,778acc1e82a4
England,E12000008,E06000035,Medway,MEDWA_c4779a48071e,69677d890e16
England,E12000008,E06000035,Medway,MEDWA_26454acde824,ae1023a900cc
England,E12000008,E06000035,Medway,MEDWA_cbbcfae2f684,f8f00cf0f34f
England,E12000008,E06000035,Medway,MEDWA_c1d62c7dadb1,09d6878a86c3
England,E12000008,E06000035,Medway,MEDWA_1706141f2762,b203a1e9eaaa
England,E12000008,E06000035,Medway,MEDWA_d9b9cf8b681b,387b0f2d440a
England,E12000008,E06000035,Medway,MEDWA_0a5a2ec37365,e7dcabe48ac6
England,E12000008,E06000035,Medway,MEDWA_537fc538c1d7,8e78bef021b0
England,E12000008,E06000035,Medway,MEDWA_3e4fdb7e0505,572516b5327b
England,E12000008,E06000035,Medway,MEDWA_ecabf192ebef,669750183e34
England,E12000008,E06000035,Medway,MEDWA_4d7bdf677265,7afa9bd60334
England,E12000008,E06000035,Medway,MEDWA_7c345c78fe12,7666d8554dcb
England,E12000008,E06000035,Medway,MEDWA_44d847b3f9bd,a48536a81947
England,E12000008,E06000035,Medway,MEDWA_5bff0fd14d17,826b16201d2a
England,E12000008,E06000035,Medway,MEDWA_d92a0e841af0,4cc2ace292ec
England,E12000008,E06000035,Medway,MEDWA_f578780b030d,ab78689c346a
England,E12000008,E06000035,Medway,MEDWA_e88bc623669a,372bc74f0f5e
England,E12000008,E06000035,Medway,MEDWA_54734bfaf18e,6e5b79e05cca
England,E12000008,E06000035,Medway,MEDWA_43fd33602393,97d3334c5ece
England,E12000008,E06000035,Medway,MEDWA_ee62624feaa7,479ce11232a1
England,E12000008,E06000035,Medway,MEDWA_d824e57b8a96,ccb0cde671b8
England,E12000008,E06000035,Medway,MEDWA_62b1163fccfb,678ef9c1e7a8
England,E12000008,E06000035,Medway,MEDWA_9288614eae02,0e4aab2023f4
England,E12000008,E06000035,Medway,MEDWA_d883cbbc2ac6,b4f0b02fac26
England,E12000008,E06000035,Medway,MEDWA_cd206615739a,4054d4a82b10
England,E12000008,E06000035,Medway,MEDWA_023fc39307d4,6d0f106a71c8
England,E12000008,E06000035,Medway,MEDWA_a674946c360f,6724c4de68e8
England,E12000008,E06000035,Medway,MEDWA_1928ab9e8fb5,5813795c85a8
England,E12000008,E06000035,Medway,MEDWA_879942e54582,e4606fee3f4a
England,E12000008,E06000035,Medway,MEDWA_5db1d689377e,8d400498851b
England,E12000008,E06000035,Medway,MEDWA_a54e23499bd0,91eb64ea7f72
England,E12000008,E06000035,Medway,MEDWA_08900568da4e,a76787257c35
England,E12000008,E06000035,Medway,MEDWA_c7965c258b66,e336c3c20ce0
England,E12000008,E06000035,Medway,MEDWA_f77681f601ce,f687fbfd15e3
England,E12000008,E06000035,Medway,MEDWA_e47f31e3be9d,9b3cf86affd6
England,E12000008,E06000035,Medway,MEDWA_548cb8318161,09293e52b64e
England,E12000008,E06000035,Medway,MEDWA_50974bf0835c,dd30f33e9f7b
England,E12000008,E06000035,Medway,MEDWA_a75ff8591a7a,93988b944571
England,E12000008,E06000035,Medway,MEDWA_9936dcdaf58a,374ba800595f
England,E12000008,E06000035,Medway,MEDWA_f2326b339509,d43503329e22
England,E12000008,E06000035,Medway,MEDWA_3b53f22eb44e,e2fb9676b57d
England,E12000008,E06000035,Medway,MEDWA_77391abcb739,99c9a5b5daec
England,E12000008,E06000035,Medway,MEDWA_eac1de51672a,5a81490fe38a
England,E12000008,E06000035,Medway,MEDWA_549d0fd752f9,b4909b35b539
England,E12000008,E06000035,Medway,MEDWA_7f3784741eec,cd23191d580d
England,E12000008,E06000035,Medway,MEDWA_abad09e9d435,524bf09dfc22
England,E12000008,E06000035,Medway,MEDWA_7a12ae835414,1a8cbd7bf483
England,E12000008,E06000035,Medway,MEDWA_bebee1bff5bb,5766e7f01f7c
England,E12000008,E06000035,Medway,MEDWA_2935b3ec3aea,d4dc99f73e66
England,E12000008,E06000035,Medway,MEDWA_58994642c8ea,5203349e82c2
England,E12000008,E06000035,Medway,MEDWA_e651e7abfddd,27a4da2b4230
England,E12000008,E06000035,Medway,MEDWA_58f772b22e24,d64b3d0c4e15
England,E12000008,E06000035,Medway,MEDWA_fa7ac1413320,093534b93e7a
England,E12000008,E06000035,Medway,MEDWA_1df4fe19c882,eeca7c127947
England,E12000008,E06000035,Medway,MEDWA_7e6aec4b8865,d6f946161b54
England,E12000008,E06000035,Medway,MEDWA_b9ea2a3ba0ad,bc83b38511b9
England,E12000008,E06000035,Medway,MEDWA_271c0f7a04fc,f3ab47b140ae
England,E12000008,E06000035,Medway,MEDWA_eb95bd81e9dd,fe05d6963c8b
England,E12000008,E06000035,Medway,MEDWA_f08d87f106ad,380a10ddee2f
England,E12000008,E06000035,Medway,MEDWA_6f162a758543,24cc5cf40f56
England,E12000008,E06000035,Medway,MEDWA_5879478005f4,983e35b3deef
England,E12000008,E06000035,Medway,MEDWA_d7085f768482,e06f6bd5c6f2
England,E12000008,E06000035,Medway,MEDWA_347948c19a65,fb8f5361e664
England,E12000008,E06000035,Medway,MEDWA_7668453c3977,50b08b412638
England,E12000008,E06000035,Medway,MEDWA_96f39e0f0ee6,621829ccb8fb
England,E12000008,E06000035,Medway,MEDWA_2d80d11b7ead,06a7059f4512
England,E12000008,E06000035,Medway,MEDWA_461d25a2e4b1,5b73721d8722
England,E12000008,E06000035,Medway,MEDWA_b3fbe57368fa,cacd5f8bc6e3
England,E12000008,E06000035,Medway,MEDWA_d85082b97bbb,1914fafe0fa3
England,E12000008,E06000035,Medway,MEDWA_a7578c7e6f5e,09de05393929
England,E12000008,E06000035,Medway,MEDWA_86acb80559b1,eb94ce47785e
England,E12000008,E06000035,Medway,MEDWA_9859812603eb,56d10735ff8f
England,E12000008,E06000035,Medway,MEDWA_3019bd127a75,755d21771445
England,E12000008,E06000035,Medway,MEDWA_32fc6dc6d8de,0adb6583cc06
England,E12000008,E06000035,Medway,MEDWA_e8132b782ce5,ccb191a8b429
England,E12000008,E06000035,Medway,MEDWA_b0a0fc522480,57513f0127b7
England,E12000008,E06000035,Medway,MEDWA_3d80a346ec08,049ec6fe7473
England,E12000008,E06000035,Medway,MEDWA_aa4d38d98702,a079af7e5373
England,E12000008,E06000035,Medway,MEDWA_0fb7e2687860,1aba6d96f211
England,E12000008,E06000035,Medway,MEDWA_e40389302ca0,c045fd9599fa
England,E12000008,E06000035,Medway,MEDWA_2e7da56e7c85,b20771d9d5b8
England,E12000008,E06000035,Medway,MEDWA_c5062343a36c,7313fdc393be
England,E12000008,E06000035,Medway,MEDWA_671969f9ad07,3ecf0a05fd7d
England,E12000008,E06000035,Medway,MEDWA_2c3d1649904f,1d1424a5950e
England,E12000008,E06000035,Medway,MEDWA_df75d63294d6,18545b8f971a
England,E12000008,E06000035,Medway,MEDWA_1f1024955fae,0a8b766cf431
England,E12000008,E06000035,Medway,MEDWA_6efd0d417559,4512378f533c
England,E12000008,E06000035,Medway,MEDWA_edc949d49bfd,97c7cc441bc7
England,E12000008,E06000035,Medway,MEDWA_6a359f7888fa,ad54005e082f
England,E12000008,E06000035,Medway,MEDWA_55a875c42a63,a6359e685b9f
England,E12000008,E06000035,Medway,MEDWA_a5cb11ff80ef,17045da3c4a6
England,E12000008,E06000035,Medway,MEDWA_85135dc22cb2,4bcc8e5a05b9
England,E12000008,E06000035,Medway,MEDWA_41b0990a48dd,d7a9950e2b5a
England,E12000008,E06000035,Medway,MEDWA_69578332b831,f6e6dc4c10f3
England,E12000008,E06000035,Medway,MEDWA_6f2f80825a8a,976943a76fa4
England,E12000008,E06000035,Medway,MEDWA_1d39aad2b825,00f1a4387991
England,E12000008,E06000035,Medway,MEDWA_53b8e508e7b3,543a14818e7f
England,E12000008,E06000035,Medway,MEDWA_0fc59979b0a4,07d91de0900b
England,E12000008,E06000035,Medway,MEDWA_d0f1e178b302,e6506ec56686
England,E12000008,E06000035,Medway,MEDWA_03d040e77685,a535c64a201c
England,E12000008,E06000035,Medway,MEDWA_bab0b946fe7f,4ba965bc656d
England,E12000008,E06000035,Medway,MEDWA_5adb783e6591,b9b12cca5d93
England,E12000008,E06000035,Medway,MEDWA_5c162beb7db0,00040f852845
England,E12000008,E06000035,Medway,MEDWA_2572fad5c27c,94c632fbb4fb
England,E12000008,E06000035,Medway,MEDWA_9acd2a2ee2f4,2587953c9046
England,E12000008,E06000035,Medway,MEDWA_5e51b49b6ec9,346bb2a498a9
England,E12000008,E06000035,Medway,MEDWA_0c78fd01ad24,c7cb03fc4033
England,E12000008,E06000035,Medway,MEDWA_954e88a22b41,06fff2794b43
England,E12000008,E06000035,Medway,MEDWA_d46f8dd42d5a,4c29650bce4e
England,E12000008,E06000035,Medway,MEDWA_e1788fae51a1,640355580c93
England,E12000008,E06000035,Medway,MEDWA_40d243ce6ebc,369ee67769dd
England,E12000008,E06000035,Medway,MEDWA_c7883047fcb2,5ace2a8184f5
England,E12000008,E06000035,Medway,MEDWA_36a03acd03de,8523d5218b37
England,E12000008,E06000035,Medway,MEDWA_5f1ff41f9396,0e8c910235d9
England,E12000008,E06000035,Medway,MEDWA_aedd55a4ff6c,d492a76c09a3
England,E12000008,E06000035,Medway,MEDWA_f63f601743f6,9b1e235e6de4
England,E12000008,E06000035,Medway,MEDWA_d8d7c208c29e,0e8c29143153
England,E12000008,E06000035,Medway,MEDWA_38c1b3ef0aca,c150d760d43e
England,E12000008,E06000035,Medway,MEDWA_04216533bb0e,3d791d2f4528
England,E12000008,E06000035,Medway,MEDWA_b983884dc908,6a4b07dd813f
England,E12000008,E06000035,Medway,MEDWA_20723aae898f,0e3e40291ea1
England,E12000008,E06000035,Medway,MEDWA_30eff6332c7f,df4aa7dc6219
England,E12000008,E06000035,Medway,MEDWA_76f37c78e553,300894e63c11
England,E12000008,E06000035,Medway,MEDWA_cb4921e66f1d,cfa1ede4f3b7
England,E12000008,E06000035,Medway,MEDWA_663557f9deac,9f74bb96849f
England,E12000008,E06000035,Medway,MEDWA_27a961e7373b,40ce7f719d54
England,E12000008,E06000035,Medway,MEDWA_084fcc016abd,7eb39e0ec5ac
England,E12000008,E06000035,Medway,MEDWA_b50b9c2412a2,67f67d827580
England,E12000008,E06000035,Medway,MEDWA_7b828fd4df53,2e5a72a1f46f
England,E12000008,E06000035,Medway,MEDWA_a93f9e471eee,c4f3be9927de
England,E12000008,E06000035,Medway,MEDWA_57f82e586897,e6418c204a81
England,E12000008,E06000035,Medway,MEDWA_3817f8449eac,cc8914f50a47
England,E12000008,E06000035,Medway,MEDWA_c2011f3a5b1e,63dd33fbb8e1
England,E12000008,E06000035,Medway,MEDWA_a62447ef39e1,38e80e045c51
England,E12000008,E06000035,Medway,MEDWA_e02c48457c6b,49516cb04198
England,E12000008,E06000035,Medway,MEDWA_0a076ebff7c0,949bebbf9cdc
England,E12000008,E06000035,Medway,MEDWA_543d1244df96,956d441addf6
England,E12000008,E06000035,Medway,MEDWA_f7bf2552205d,28e8418cd92b
England,E12000008,E06000035,Medway,MEDWA_42458e2fa266,b78b0c6defdf
England,E12000008,E06000035,Medway,MEDWA_1df8142379bd,84176f5c4541
England,E12000008,E06000035,Medway,MEDWA_e26a80aec329,f3b1909332e3
England,E12000008,E06000035,Medway,MEDWA_2f09a39d108c,5064ad790aca
England,E12000008,E06000035,Medway,MEDWA_ea1c555857e2,dc32d2d92c20
England,E12000008,E06000035,Medway,MEDWA_c02612718308,95159dcea97a
England,E12000008,E06000035,Medway,MEDWA_ebcf25c47353,2886ede70430
England,E12000008,E06000035,Medway,MEDWA_e3001bd77b1e,12d7e2ab4cb5
England,E12000008,E06000035,Medway,MEDWA_290d85a20a93,7075c2028014
England,E12000008,E06000035,Medway,MEDWA_66cab81752a9,3374417a3473
England,E12000008,E06000035,Medway,MEDWA_7eae268c4d50,cda0e11e74ba
England,E12000008,E06000035,Medway,MEDWA_2311a89f79da,febddf055df8
England,E12000008,E06000035,Medway,MEDWA_459059330e47,a2b0baf88dcb
England,E12000008,E06000035,Medway,MEDWA_c8264fba6a21,c469d0779b05
England,E12000008,E06000035,Medway,MEDWA_6113f51d9579,bb2fda9385f4
England,E12000008,E06000035,Medway,MEDWA_81d17956bddf,2eed167e9b96
England,E12000008,E06000035,Medway,MEDWA_e34e89da4c5f,fb81959926a2
England,E12000008,E06000035,Medway,MEDWA_116171ab10d1,fca227f26662
England,E12000008,E06000035,Medway,MEDWA_7600b8bfbfee,4fb79497e975
England,E12000008,E06000035,Medway,MEDWA_590fe94baac7,55d78f724784
England,E12000008,E06000035,Medway,MEDWA_2a3db2333456,cc74f1a95d5d
England,E12000008,E06000035,Medway,MEDWA_2c3e7a607f5e,d69851734085
England,E12000008,E06000035,Medway,MEDWA_e0f53dbb40e3,0d1e115130e9
England,E12000008,E06000035,Medway,MEDWA_c4f8e822c6b5,967230822d97
England,E12000008,E06000035,Medway,MEDWA_d5fece84269f,39ceb1c3233b
England,E12000008,E06000035,Medway,MEDWA_3df006825b14,7e07f27ff093
England,E12000008,E06000035,Medway,MEDWA_309cea179c2c,e5d35bd0f5cf
England,E12000008,E06000035,Medway,MEDWA_6b6352d8c1a5,faba7eae1ba3
England,E12000008,E06000035,Medway,MEDWA_ec531c3bfc0b,97ea10b41bf6
England,E12000008,E06000035,Medway,MEDWA_fbccceb0dc18,5ce0b7c9fadb
England,E12000008,E06000035,Medway,MEDWA_09b8ddec7991,9dd6d7265d12
England,E12000008,E06000035,Medway,MEDWA_63093f71339c,f81286854d84
England,E12000008,E06000035,Medway,MEDWA_ec24349b944a,5781a84da52c
England,E12000008,E06000035,Medway,MEDWA_8c2ddd289f93,c4619c7b8702
England,E12000008,E06000035,Medway,MEDWA_99bd7e3b00df,82883a2ca99e
England,E12000008,E06000035,Medway,MEDWA_e21412db795d,5cd26e781a4c
England,E12000008,E06000035,Medway,MEDWA_a5e75b89fbb1,df3a16447c31
England,E12000008,E06000035,Medway,MEDWA_5f531439e618,44e17a8dcf4e
England,E12000008,E06000035,Medway,MEDWA_f0cd50f2dda4,93f43a8cf24c
England,E12000008,E06000035,Medway,MEDWA_4d9e3bce0f1d,dfa0722b287b
England,E12000008,E06000035,Medway,MEDWA_3b116b75f0bc,0d9917387be6
England,E12000008,E06000035,Medway,MEDWA_9a49061ecf40,42647911c425
England,E12000008,E06000035,Medway,MEDWA_51995e251615,8ba07a25c784
England,E12000008,E06000035,Medway,MEDWA_efe5c0e670f6,706d50a39f2c
England,E12000008,E06000035,Medway,MEDWA_6a6f260a68c1,df601cbf891c
England,E12000008,E06000035,Medway,MEDWA_73dac0f057a1,03ec50c9156b
England,E12000008,E06000035,Medway,MEDWA_2d982f6eaa14,b3b57820ff14
England,E12000008,E06000035,Medway,MEDWA_70e62ff29412,700ff502c6e6
England,E12000008,E06000035,Medway,MEDWA_4467c173c2e6,8d72ec3d90f8
England,E12000008,E06000035,Medway,MEDWA_fce6d48399fc,6d48a7653f91
England,E12000008,E06000035,Medway,MEDWA_f39c0b2ad2a6,8df2ab4f2b91
England,E12000008,E06000035,Medway,MEDWA_046bebb2ed3d,65fd03351a47
England,E12000008,E06000035,Medway,MEDWA_ba6315b24633,45df2a8f5715
England,E12000008,E06000035,Medway,MEDWA_c969553ce6f3,f511ca4f282e
England,E12000008,E06000035,Medway,MEDWA_ce633501f06d,78160fae0ba9
England,E12000008,E06000035,Medway,MEDWA_0a2a7f62e640,bd1d23eae504
England,E12000008,E06000035,Medway,MEDWA_efae1d62a7a7,cde58c91177e
England,E12000008,E06000035,Medway,MEDWA_02b2c4fd77d8,d60271897e24
England,E12000008,E06000035,Medway,MEDWA_d07419d46bfb,a1ca31642767
England,E12000008,E06000035,Medway,MEDWA_75a91afcf899,7188530074b9
England,E12000008,E06000035,Medway,MEDWA_7f8328ff827e,8690c63c6744
England,E12000008,E06000035,Medway,MEDWA_51bd1bcbdc96,e26b6ac0263d
England,E12000008,E06000035,Medway,MEDWA_86088c784745,3b7478a8dfe5
England,E12000008,E06000035,Medway,MEDWA_57bab5b2dadb,07181b6d27c7
England,E12000008,E06000035,Medway,MEDWA_f7102715fd52,b2516bff917b
England,E12000008,E06000035,Medway,MEDWA_5bc7cb2ff563,24be9d6e0956
England,E12000008,E06000035,Medway,MEDWA_509fed14ede4,312e3f8e464e
England,E12000008,E06000035,Medway,MEDWA_c2a3eb1cf994,b8bc092e3cc9
England,E12000008,E06000035,Medway,MEDWA_64f4270fcef3,cae9216a9c56
England,E12000008,E06000035,Medway,MEDWA_4936d380aa7c,78d36b629df7
England,E12000008,E06000035,Medway,MEDWA_60a9a6c0af49,6f82f9322468
England,E12000008,E06000035,Medway,MEDWA_89bc32459be7,45e6f8468f98
England,E12000008,E06000035,Medway,MEDWA_f63415d90111,5bdfb39f84fa
England,E12000008,E06000035,Medway,MEDWA_e754cc3e1cd8,f8774390c3cf
England,E12000008,E06000035,Medway,MEDWA_cf132395c322,868abf89d91e
England,E12000008,E06000035,Medway,MEDWA_4e1476b20b45,9eecfe77ef2d
England,E12000008,E06000035,Medway,MEDWA_eef4e03706bd,a2237b5784bc
England,E12000008,E06000035,Medway,MEDWA_6af67a88d5f7,60eaf993ed09
England,E12000008,E06000035,Medway,MEDWA_1e0137e1986c,cb39c9f8bddf
England,E12000008,E06000035,Medway,MEDWA_2cac5c8799ec,0c8397c70ec5
England,E12000008,E06000035,Medway,MEDWA_81543e1fa5b4,69589036e03d
England,E12000008,E06000035,Medway,MEDWA_85917d6a2d70,44848c72fcf1
England,E12000008,E06000035,Medway,MEDWA_8b9e5af52608,602397d1bfc0
England,E12000008,E06000035,Medway,MEDWA_01f5331f6743,033ae92f25be
England,E12000008,E06000035,Medway,MEDWA_416c53a406f6,c9f04b2db53d
England,E12000008,E06000035,Medway,MEDWA_bf31b3a44a7f,935184b8caad
England,E12000008,E06000035,Medway,MEDWA_fc3bec6f7ab5,0cb4a6a310c2
England,E12000008,E06000035,Medway,MEDWA_0b9b5a3e88dc,81066939db15
England,E12000008,E06000035,Medway,MEDWA_873ba12afd79,060dac7e94bd
England,E12000008,E06000035,Medway,MEDWA_5a52eb15cb30,4fdd6d5362a6
England,E12000008,E06000035,Medway,MEDWA_79207c6a44ba,ba35d00ee231
England,E12000008,E06000035,Medway,MEDWA_cb3eb0ea8ba2,0cffb4e76307
England,E12000008,E06000035,Medway,MEDWA_2473bd80a6d7,60887e769b4e
England,E12000008,E06000035,Medway,MEDWA_495e3a430001,68820c9aaedd
England,E12000008,E06000035,Medway,MEDWA_bda5650eb808,530ba9f82fb3
England,E12000008,E06000035,Medway,MEDWA_5e75b97f164f,ec52b5564a56
England,E12000008,E06000035,Medway,MEDWA_4ca3b591cb5a,69c4d80a2821
England,E12000008,E06000035,Medway,MEDWA_c1cef33ad3a9,c43e5770e58e
England,E12000008,E06000035,Medway,MEDWA_f0e4b24e42f5,f288d3959aeb
England,E12000008,E06000035,Medway,MEDWA_a76c2968c5ce,d01ef16e80c7
England,E12000008,E06000035,Medway,MEDWA_9d9c85d82a0c,5d1cf071154c
England,E12000008,E06000035,Medway,MEDWA_6dd2eaf412d1,3a63c7dbea8d
England,E12000008,E06000035,Medway,MEDWA_1361b06c4e19,081f2853f8c9
England,E12000008,E06000035,Medway,MEDWA_8fb66c381834,b13d68e4cf26
England,E12000008,E06000035,Medway,MEDWA_0abafef30ba8,4c8d46f94574
England,E12000008,E06000035,Medway,MEDWA_ba138a82664c,5182983130ad
England,E12000008,E06000035,Medway,MEDWA_2dd945ecb368,b51f8ce143ee
England,E12000008,E06000035,Medway,MEDWA_35ff23696e68,05d8da8aba80
England,E12000008,E06000035,Medway,MEDWA_4529fa1940ad,1cfc46a3cf34
England,E12000008,E06000035,Medway,MEDWA_dcd8b73d1b80,9fc1f9dc4757
England,E12000008,E06000035,Medway,MEDWA_78f9725d40af,4f981538a296
England,E12000008,E06000035,Medway,MEDWA_35725bd41d06,3ccc4217bad3
England,E12000008,E06000035,Medway,MEDWA_8d60362028c0,e463f9bb081b
England,E12000008,E06000035,Medway,MEDWA_73f4f3bda72e,92279c12b686
England,E12000008,E06000035,Medway,MEDWA_468434e1df94,f0f7f02ea278
England,E12000008,E06000035,Medway,MEDWA_f7ac950d6498,9919cb6916b2
England,E12000008,E06000035,Medway,MEDWA_00f0de0096ab,cadad37f188a
England,E12000008,E06000035,Medway,MEDWA_1c743cc4201b,391d30d80896
England,E12000008,E06000035,Medway,MEDWA_97cc1f39f9f3,3041ab10f1f2
England,E12000008,E06000035,Medway,MEDWA_06fe00089665,0d573c836fb3
England,E12000008,E06000035,Medway,MEDWA_1f8f73e586d1,fa4d0747d564
England,E12000008,E06000035,Medway,MEDWA_86ceb2567bfd,4a23b016c1b6
England,E12000008,E06000035,Medway,MEDWA_d15b2c6dc5f5,4499f75009b7
England,E12000008,E06000035,Medway,MEDWA_9aa818bab0af,e2f0585098d3
England,E12000008,E06000035,Medway,MEDWA_582416b4f702,c56dcce54f8b
England,E12000008,E06000035,Medway,MEDWA_d2263fb975d1,be1a02253624
England,E12000008,E06000035,Medway,MEDWA_f1d0a81e9352,15205cc94da9
England,E12000008,E06000035,Medway,MEDWA_ab08be48b0eb,f24f17fac625
England,E12000008,E06000035,Medway,MEDWA_d221bfe75dab,430e73d61ba1
England,E12000008,E06000035,Medway,MEDWA_a53492289834,06c1f1d6b5af
England,E12000008,E06000035,Medway,MEDWA_b1ece705ceb9,a52640dd368d
England,E12000008,E06000035,Medway,MEDWA_0704cdc43d34,5805a25e4e06
England,E12000008,E06000035,Medway,MEDWA_4fc5b1616666,1b1b66fa4ff3
England,E12000008,E06000035,Medway,MEDWA_d7f76f28d790,8d71b8049d7b
England,E12000008,E06000035,Medway,MEDWA_fed18b617969,be6afac68653
England,E12000008,E06000035,Medway,MEDWA_bcaed142e5c0,2dadd75dd4fd
England,E12000008,E06000035,Medway,MEDWA_5f394d2cf233,3eae2bc3de05
England,E12000008,E06000035,Medway,MEDWA_e9d4c242fe7d,5ef9d53f9080
England,E12000008,E06000035,Medway,MEDWA_b36ab6f2d951,56cdb78607d0
England,E12000008,E06000035,Medway,MEDWA_f4a721479445,f67a3aff7b0b
England,E12000008,E06000035,Medway,MEDWA_39c28de10907,72052a0d3391
England,E12000008,E06000035,Medway,MEDWA_d3faa1d43375,f54ae0b321d6
England,E12000008,E06000035,Medway,MEDWA_2147de5ee60c,58be4f74616f
England,E12000008,E06000035,Medway,MEDWA_b286cadcc07e,4674bfa01510
England,E12000008,E06000035,Medway,MEDWA_b37cb93354f8,77c52198fb73
England,E12000008,E06000035,Medway,MEDWA_912e43afe2e0,b843afcde187
England,E12000008,E06000035,Medway,MEDWA_75353ea62b29,7938c4325a52
England,E12000008,E06000035,Medway,MEDWA_61da20a403e4,2dcf38b3db31
England,E12000008,E06000035,Medway,MEDWA_6107a26608f2,7e9ccc47dec0
England,E12000008,E06000035,Medway,MEDWA_5c1737944937,d5849db02281
England,E12000008,E06000035,Medway,MEDWA_9fd76b8dcb6b,e87c482fd453
England,E12000008,E06000035,Medway,MEDWA_2986e613d4b3,56dff5c83f6d
England,E12000008,E06000035,Medway,MEDWA_60b0b6af9955,0044c2742646
England,E12000008,E06000035,Medway,MEDWA_dce551300557,90d53d88e641
England,E12000008,E06000035,Medway,MEDWA_1b621333d462,014e7669f6ed
England,E12000008,E06000035,Medway,MEDWA_22c178886c21,cd14b8b54262
England,E12000008,E06000035,Medway,MEDWA_0fd6e7652c92,bde95d630c51
England,E12000008,E06000035,Medway,MEDWA_fa19e93e16df,829fdeb6eb52
England,E12000008,E06000035,Medway,MEDWA_4399a1153743,2ccf00611791
England,E12000008,E06000035,Medway,MEDWA_81ccd8fd96eb,4ce026cd0045
England,E12000008,E06000035,Medway,MEDWA_6c0fc5a4765c,68b3773b59b4
England,E12000008,E06000035,Medway,MEDWA_6db3a3521747,c4fda0432343
England,E12000008,E06000035,Medway,MEDWA_c1a15113fb04,343bd831f2b5
England,E12000008,E06000035,Medway,MEDWA_b55331d2becb,a7293d6279d7
England,E12000008,E06000035,Medway,MEDWA_2b44c9ff5eb6,f3bd128cf0e3
England,E12000008,E06000035,Medway,MEDWA_17bf50f02f13,3a2084c09482
England,E12000008,E06000035,Medway,MEDWA_ff71f8cf2561,3ec8e7abd76b
England,E12000008,E06000035,Medway,MEDWA_e29a4848433a,19276abdace5
England,E12000008,E06000035,Medway,MEDWA_dcfd51b0505d,13545fcca5d1
England,E12000008,E06000035,Medway,MEDWA_b2c00d2dc7ac,ca53b11ae9d2
England,E12000008,E06000035,Medway,MEDWA_4fb20fd8fe9f,c98a1f4e0356
England,E12000008,E06000035,Medway,MEDWA_452f58361bdb,b3688e8b9db9
England,E12000008,E06000035,Medway,MEDWA_84624057882b,caabc93cb139
England,E12000008,E06000035,Medway,MEDWA_0441cd9d9630,302972150e94
England,E12000008,E06000035,Medway,MEDWA_cb4e03d3a6e6,0ebb51a6a46f
England,E12000008,E06000035,Medway,MEDWA_285d7609acb5,cdf11b76d573
England,E12000008,E06000035,Medway,MEDWA_441c568d594f,cb86ba97cb73
England,E12000008,E06000035,Medway,MEDWA_7a96c3527126,d33ad3eef6ad
England,E12000008,E06000035,Medway,MEDWA_c87721d4c7c3,8fd6a6ba7303
England,E12000008,E06000035,Medway,MEDWA_34ff48e74d96,565453c85baa
England,E12000008,E06000035,Medway,MEDWA_ee5853233254,6cedf7f47a31
England,E12000008,E06000035,Medway,MEDWA_faf8f95f3aae,eae5669212d5
England,E12000008,E06000035,Medway,MEDWA_502088dbf09f,69e41316b955
England,E12000008,E06000035,Medway,MEDWA_d213e48436b8,36445c1bc043
England,E12000008,E06000035,Medway,MEDWA_0b2847ff9cea,d21846c4566a
England,E12000008,E06000035,Medway,MEDWA_b33b25a1a036,c6006a9fb951
England,E12000008,E06000035,Medway,MEDWA_3aa90c2ee659,04be159935ce
England,E12000008,E06000035,Medway,MEDWA_91f4854375b7,fa2109039570
England,E12000008,E06000035,Medway,MEDWA_c228189c4946,051f545b94f0
England,E12000008,E06000035,Medway,MEDWA_39eac010e92a,24a63db4a20e
England,E12000008,E06000035,Medway,MEDWA_c948f867ef07,5714abc6a7e4
England,E12000008,E06000035,Medway,MEDWA_974dfc42f580,5f6b88bffe47
England,E12000008,E06000035,Medway,MEDWA_e17c6edb2f91,8cd97752866f
England,E12000008,E06000035,Medway,MEDWA_a4e9ae19f829,c19dddab45f9
England,E12000008,E06000035,Medway,MEDWA_ebf0218b75d4,c79e08c1f7aa
England,E12000008,E06000035,Medway,MEDWA_8dd416c5c10a,a00e62f48615
England,E12000008,E06000035,Medway,MEDWA_2e76c03a84db,ac44add1ea5d
England,E12000008,E06000035,Medway,MEDWA_f28f11ef6146,9ef0d55d4c3b
England,E12000008,E06000035,Medway,MEDWA_278f6d7f1a03,5d52d469d382
England,E12000008,E06000035,Medway,MEDWA_a99603372acd,78593a804c6c
England,E12000008,E06000035,Medway,MEDWA_8b409804b209,cac828410df1
England,E12000008,E06000035,Medway,MEDWA_45eede1f702a,807ae45f3235
England,E12000008,E06000035,Medway,MEDWA_a0cbb25102a2,c07f7a0ba46b
England,E12000008,E06000035,Medway,MEDWA_1bf2c5563cb3,a9913691917f
England,E12000008,E06000035,Medway,MEDWA_656fcaf14267,40443ab0bf83
England,E12000008,E06000035,Medway,MEDWA_97a432f87af5,22f42dd0e9b2
England,E12000008,E06000035,Medway,MEDWA_82beb1fff8be,6cf27e3cf1c6
England,E12000008,E06000035,Medway,MEDWA_838829734c8e,cbde091955e6
England,E12000008,E06000035,Medway,MEDWA_d500ab3e51a8,454bc14194e6
England,E12000008,E06000035,Medway,MEDWA_9ca80542e083,b2fa75871890
England,E12000008,E06000035,Medway,MEDWA_2ba5293c27ce,adf23b2dd8df
England,E12000008,E06000035,Medway,MEDWA_3e6b88b689be,96c9be54250e
England,E12000008,E06000035,Medway,MEDWA_d6b75a6d0264,d24169f3da5a
England,E12000008,E06000035,Medway,MEDWA_eafdf130063d,c58ebc21778a
England,E12000008,E06000035,Medway,MEDWA_97f0cec1a873,60f80bf1ca7a
England,E12000008,E06000035,Medway,MEDWA_2d9d05f551e8,8a0b345a3231
England,E12000008,E06000035,Medway,MEDWA_e6769d2104b7,9f206f36a350
England,E12000008,E06000035,Medway,MEDWA_37ee2fe706aa,3fc059b89ffb
England,E12000008,E06000035,Medway,MEDWA_bb83f683cb48,e08a0bfb65a7
England,E12000008,E06000035,Medway,MEDWA_c03ff6aafff3,03b044587e97
England,E12000008,E06000035,Medway,MEDWA_26bca21a5a38,37658280b95c
England,E12000008,E06000035,Medway,MEDWA_7fc251bd20b1,87d57b5397fe
England,E12000008,E06000035,Medway,MEDWA_b753cb445479,0f2938a640a3
England,E12000008,E06000035,Medway,MEDWA_eaca9c137147,9a3be51c4d4d
England,E12000008,E06000035,Medway,MEDWA_c4106bcc1497,978f268df050
England,E12000008,E06000035,Medway,MEDWA_47d8f60ea547,82b4e53da75c
England,E12000008,E06000035,Medway,MEDWA_e5df39458ae4,3e074cf35ea9
England,E12000008,E06000035,Medway,MEDWA_65979df4874c,b283603e1d40
England,E12000008,E06000035,Medway,MEDWA_069a6e531d2b,e5bd51f55997
England,E12000008,E06000035,Medway,MEDWA_338ae17947cd,45e7e625b3a2
England,E12000008,E06000035,Medway,MEDWA_f8c5288e9ea6,ce7b8c059c5f
England,E12000008,E06000035,Medway,MEDWA_296f7ba95482,b2475f7552ad
England,E12000008,E06000035,Medway,MEDWA_ddf2937b4cff,c18c4abd5512
England,E12000008,E06000035,Medway,MEDWA_5e0665c4b76a,a62416d9de56
England,E12000008,E06000035,Medway,MEDWA_e8c0c5e89ffe,4db17f54cd32
England,E12000008,E06000035,Medway,MEDWA_606c86849f14,03f83baa0ed4
England,E12000008,E06000035,Medway,MEDWA_6657422a33f1,efa7ecce40ce
England,E12000008,E06000035,Medway,MEDWA_cd1500a4d7df,8acbd97572a6
England,E12000008,E06000035,Medway,MEDWA_f26c38220aaf,b18ceffbd7d6
England,E12000008,E06000035,Medway,MEDWA_8b994219a038,1d7f6a4b5541
England,E12000008,E06000035,Medway,MEDWA_fff5a6be4356,2b997e57a45a
England,E12000008,E06000035,Medway,MEDWA_b5f3656eff7b,4e1d4a58f114
England,E12000008,E06000035,Medway,MEDWA_158d73058365,021223f22cad
England,E12000008,E06000035,Medway,MEDWA_3e98071ce78b,8e72aff0a303
England,E12000008,E06000035,Medway,MEDWA_2e8f153d778d,5446e2dafd4a
England,E12000008,E06000035,Medway,MEDWA_50b5bbcd5e74,75c587205f5e
England,E12000008,E06000035,Medway,MEDWA_3b615cd3cc00,1b914dedcff3
England,E12000008,E06000035,Medway,MEDWA_227e8d946875,bb592b72e2f4
England,E12000008,E06000035,Medway,MEDWA_21d00be5009b,4c776ff5342f
England,E12000008,E06000035,Medway,MEDWA_7fa2e07c492f,3c81037c659c
England,E12000008,E06000035,Medway,MEDWA_23a9052f5158,1722171779b4
England,E12000008,E06000035,Medway,MEDWA_e67e8e2262d4,d984ea23487e
England,E12000008,E06000035,Medway,MEDWA_1e17301f1e87,002420480794
England,E12000008,E06000035,Medway,MEDWA_81642110db1b,5f978eacc926
England,E12000008,E06000035,Medway,MEDWA_d50bf51cdd28,87f2f54104e5
England,E12000008,E06000035,Medway,MEDWA_48dac239d651,e3e74ce5b88c
England,E12000008,E06000035,Medway,MEDWA_957a28eb45e8,f1f1fc41ce50
England,E12000008,E06000035,Medway,MEDWA_2f0aca1c2b50,b5f3cbc31b6f
England,E12000008,E06000035,Medway,MEDWA_b32b236319fa,6f3fb3bf99e5
England,E12000008,E06000035,Medway,MEDWA_4e4c5ba8a9b8,890763458302
England,E12000008,E06000035,Medway,MEDWA_c36e4be07392,51b2e47f3484
England,E12000008,E06000035,Medway,MEDWA_1a1ef7366a74,0c602fdd093e
England,E12000008,E06000035,Medway,MEDWA_b04f53d58c4b,da82692b17f0
England,E12000008,E06000035,Medway,MEDWA_ace40c302e54,b5f696aef4ca
England,E12000008,E06000035,Medway,MEDWA_521dbae6c168,8a7355ef2f69
England,E12000008,E06000035,Medway,MEDWA_3fd97704546f,ee39d03b116f
England,E12000008,E06000035,Medway,MEDWA_e8a4f45a8170,b9b821c2adce
England,E12000008,E06000035,Medway,MEDWA_fbf01e4dc7b2,49958ec85ec1
England,E12000008,E06000035,Medway,MEDWA_155332def993,7e3997b12768
England,E12000008,E06000035,Medway,MEDWA_1218d91be485,4e506dd0eb72
England,E12000008,E06000035,Medway,MEDWA_f46d757514ee,f3d35f8f10fb
England,E12000008,E06000035,Medway,MEDWA_58b99b8ae65e,4d8616475f15
England,E12000008,E06000035,Medway,MEDWA_38d48ec8eb8b,2e38db64da18
England,E12000008,E06000035,Medway,MEDWA_d65623de3d54,5bb6c267918a
England,E12000008,E06000035,Medway,MEDWA_3c9659181779,e180ba19113a
England,E12000008,E06000035,Medway,MEDWA_118f851b4acf,4e5f199d9340
England,E12000008,E06000035,Medway,MEDWA_ad26f995e37f,61c7238533cb
England,E12000008,E06000035,Medway,MEDWA_0a2d2d70f033,6facca6a1e7b
England,E12000008,E06000035,Medway,MEDWA_dcd6e8307a02,e0043e7e8074
England,E12000008,E06000035,Medway,MEDWA_8741943ad4cb,5747cf4e5043
England,E12000008,E06000035,Medway,MEDWA_36a92f7b6d9d,f32609a83229
England,E12000008,E06000035,Medway,MEDWA_64da40a851e3,5f445616e7e8
England,E12000008,E06000035,Medway,MEDWA_36c6dd827562,e3ed4c1c1d14
England,E12000008,E06000035,Medway,MEDWA_0b30d974412e,a9412d3918df
England,E12000008,E06000035,Medway,MEDWA_3c89442b9bed,b7fe69b4aa1a
England,E12000008,E06000035,Medway,MEDWA_5872e7066c62,badde865cd30
England,E12000008,E06000035,Medway,MEDWA_4efc24953ffc,48a2676a65cb
England,E12000008,E06000035,Medway,MEDWA_07b4897ab453,7430b6f689ce
England,E12000008,E06000035,Medway,MEDWA_1b26b9228cb6,0b5b364392e4
England,E12000008,E06000035,Medway,MEDWA_dff0bbf033d7,ce7315201479
England,E12000008,E06000035,Medway,MEDWA_aacbe4f2cf37,81198d921bbd
England,E12000008,E06000035,Medway,MEDWA_78091d14c857,bb71dc818721
England,E12000008,E06000035,Medway,MEDWA_80f773ce97d9,2734c2d5a9d3
England,E12000008,E06000035,Medway,MEDWA_c25dc0ddca62,e3226a10b8f3
England,E12000008,E06000035,Medway,MEDWA_eb469dedf166,c1216a6d9614
England,E12000008,E06000035,Medway,MEDWA_37389d84ef79,47f767fc2d38
England,E12000008,E06000035,Medway,MEDWA_4920069fe89d,00956f94e2af
England,E12000008,E06000035,Medway,MEDWA_fa660a8124fb,0f1ed507b4a5
England,E12000008,E06000035,Medway,MEDWA_35be96ece35e,77e5e7058292
England,E12000008,E06000035,Medway,MEDWA_768c51a66a5b,cbb0d35c4d5a
England,E12000008,E06000035,Medway,MEDWA_98317e69044d,2e858cc21b24
England,E12000008,E06000035,Medway,MEDWA_a062c48d01b1,164bd4ff93e6
England,E12000008,E06000035,Medway,MEDWA_3dfac6cedb53,cee205c647ec
England,E12000008,E06000035,Medway,MEDWA_97c5937a501c,1f8fd01161d7
England,E12000008,E06000035,Medway,MEDWA_51c5cb907796,34890d939ca9
England,E12000008,E06000035,Medway,MEDWA_361cb508f507,d7e21f14a4b6
England,E12000008,E06000035,Medway,MEDWA_4adc322bf8b1,60da6dc740a4
England,E12000008,E06000035,Medway,MEDWA_813234a043e4,ff8fb19058ef
England,E12000008,E06000035,Medway,MEDWA_bab6e4e4ddb4,9f2ad6ff49e3
England,E12000008,E06000035,Medway,MEDWA_4e44663d19ef,dd24c5f7973b
England,E12000008,E06000035,Medway,MEDWA_60bbaceca71a,34b568c55484
England,E12000008,E06000035,Medway,MEDWA_7b73238964cd,7749d7dea821
England,E12000008,E06000035,Medway,MEDWA_5d10f69741b8,4d849f37cc72
England,E12000008,E06000035,Medway,MEDWA_9167982d3136,c8ab85ea4ddb
England,E12000008,E06000035,Medway,MEDWA_91c4b35ff9b7,1546edd8e3bf
England,E12000008,E06000035,Medway,MEDWA_2d9f77c6349f,5ed2e2d4c551
England,E12000008,E06000035,Medway,MEDWA_58d0ccbbe4d5,4b87982745ac
England,E12000008,E06000035,Medway,MEDWA_0e70eb270db3,181e2ae16878
England,E12000008,E06000035,Medway,MEDWA_3c48bf2f586a,0ca7d3531cfc
England,E12000008,E06000035,Medway,MEDWA_a346c858ddf8,1211b34d5b10
England,E12000008,E06000035,Medway,MEDWA_e1091d0eed1c,bce273aca18d
England,E12000008,E06000035,Medway,MEDWA_c8ef425125ed,0fe9b307b38a
England,E12000008,E06000035,Medway,MEDWA_6ccbf1635b09,76d725553439
England,E12000008,E06000035,Medway,MEDWA_e235a77f8647,315251829063
England,E12000008,E06000035,Medway,MEDWA_415112bbc4fa,b64901f42e3b
England,E12000008,E06000035,Medway,MEDWA_b7d58bee86cb,386c110e15a5
England,E12000008,E06000035,Medway,MEDWA_4d3c5f3f4963,aad49db1dfa2
England,E12000008,E06000035,Medway,MEDWA_a070bba729fd,34bca63b55cc
England,E12000008,E06000035,Medway,MEDWA_15cab15e19c4,4d55e2ab291f
England,E12000008,E06000035,Medway,MEDWA_73c32c83de47,16bd5543013c
England,E12000008,E06000035,Medway,MEDWA_724237ebfaa0,df5ae0b78fa4
England,E12000008,E06000035,Medway,MEDWA_9ea9fca3f085,8b4bfbd7edfc
England,E12000008,E06000035,Medway,MEDWA_091989fa205d,eaf0bf63e20d
England,E12000008,E06000035,Medway,MEDWA_bda30aa017f6,f029cf530780
England,E12000008,E06000035,Medway,MEDWA_edd54e8ad3fc,526b14f0cdd3
England,E12000008,E06000035,Medway,MEDWA_f2c2ed9697c8,382cac351725
England,E12000008,E06000035,Medway,MEDWA_ba79287eed8c,39919839fd5b
England,E12000008,E06000035,Medway,MEDWA_72d9f444bb50,c644b6bb2fad
England,E12000008,E06000035,Medway,MEDWA_f031450d411b,587b14188449
England,E12000008,E06000035,Medway,MEDWA_83b924433d40,f62775b31ef9
England,E12000008,E06000035,Medway,MEDWA_ea8a653e5f68,b86c30048c7b
England,E12000008,E06000035,Medway,MEDWA_028d181c4b53,299c61accb4a
England,E12000008,E06000035,Medway,MEDWA_7312212b4794,f6b3cc335c60
England,E12000008,E06000035,Medway,MEDWA_8971c92a7cef,4ed58415e846
England,E12000008,E06000035,Medway,MEDWA_25f6ba9fc550,300e5acfecf3
England,E12000008,E06000035,Medway,MEDWA_aaef5f9d4d41,c70b4cb1cdeb
England,E12000008,E06000035,Medway,MEDWA_9ff0e305003f,d962c04e35e1
England,E12000008,E06000035,Medway,MEDWA_fe8b3246ae1a,009dc8a7a58b
England,E12000008,E06000035,Medway,MEDWA_e0bd6fd5be80,6b43dcfe4732
England,E12000008,E06000035,Medway,MEDWA_aef511b91d00,4c7c82fd46dc
England,E12000008,E06000035,Medway,MEDWA_dbbf124200a4,e84a4f681763
England,E12000008,E06000035,Medway,MEDWA_28e4ef41d1f4,f3d7d05c6b92
England,E12000008,E06000035,Medway,MEDWA_18195ed3a6d8,25814d9381e7
England,E12000008,E06000035,Medway,MEDWA_878933c27fda,dc40311f0c3e
England,E12000008,E06000035,Medway,MEDWA_4f01b177055d,f8415981a29b
England,E12000008,E06000035,Medway,MEDWA_e3b650e76b03,082a4c072945
England,E12000008,E06000035,Medway,MEDWA_5ba4aba2b1a4,030ebc53eced
England,E12000008,E06000035,Medway,MEDWA_d3feeeaa27fc,f34b65a2065e
England,E12000008,E06000035,Medway,MEDWA_f68ec03150ac,ae787dbedf67
England,E12000008,E06000035,Medway,MEDWA_574d93f4615f,2abb17be42e4
England,E12000008,E06000035,Medway,MEDWA_f8ccb39b308e,7e55abc6cf2a
England,E12000008,E06000035,Medway,MEDWA_b5fce52730c6,cad90e3714c3
England,E12000008,E06000035,Medway,MEDWA_fd176a6db382,bb6c0e0b6a88
England,E12000008,E06000035,Medway,MEDWA_e68c35cf4128,ac5521f6534c
England,E12000008,E06000035,Medway,MEDWA_910c7d981cfd,99247c16b417
England,E12000008,E06000035,Medway,MEDWA_781d4403f0d7,8cb6f6c47be7
England,E12000008,E06000035,Medway,MEDWA_f432311288c7,95d38cf66891
England,E12000008,E06000035,Medway,MEDWA_93ae28967c60,c126b67f5d8d
England,E12000008,E06000035,Medway,MEDWA_63eea7aa48ec,7cbbc7554eda
England,E12000008,E06000035,Medway,MEDWA_173b45db9bd3,2beefd0345af
England,E12000008,E06000035,Medway,MEDWA_f01cebcd4f91,8ea1f64b4303
England,E12000008,E06000035,Medway,MEDWA_7c449e14fdd5,a90190cdf424
England,E12000008,E06000035,Medway,MEDWA_f2d27bc9a411,efd152edead1
England,E12000008,E06000035,Medway,MEDWA_d677e340ebbe,f91dc7084f99
England,E12000008,E06000035,Medway,MEDWA_05c783ea8858,5b21315081ed
England,E12000008,E06000035,Medway,MEDWA_3b8d0939c35c,72b3e8bb3295
England,E12000008,E06000035,Medway,MEDWA_329890c89876,07c87197f79b
England,E12000008,E06000035,Medway,MEDWA_1ece9e881c32,c7c1ff6487a8
England,E12000008,E06000035,Medway,MEDWA_bfafe0d2195e,3b27623303a7
England,E12000008,E06000035,Medway,MEDWA_e1b502f09f08,aba54d403057
England,E12000008,E06000035,Medway,MEDWA_bd1f12fc1a01,06624bafe268
England,E12000008,E06000035,Medway,MEDWA_5730c6ade431,17b21e4fc3bb
England,E12000008,E06000035,Medway,MEDWA_f412359be6ba,c8283b105b32
England,E12000008,E06000035,Medway,MEDWA_62dbdab35e85,a3998a9f0bea
England,E12000008,E06000035,Medway,MEDWA_5d724c9d18f0,64b1ae3b2005
England,E12000008,E06000035,Medway,MEDWA_65ab55844968,27dc09aece73
England,E12000008,E06000035,Medway,MEDWA_5ec67d22afe9,f4e2528de195
England,E12000008,E06000035,Medway,MEDWA_9ee943aef8c6,fd10fc8c2ef7
England,E12000008,E06000035,Medway,MEDWA_c69ff69f76a7,22bdf52f6629
England,E12000008,E06000035,Medway,MEDWA_cb82d5d90eb6,1c3d59262f19
England,E12000008,E06000035,Medway,MEDWA_760116e24eb3,155e712ebaf2
England,E12000008,E06000035,Medway,MEDWA_46dbe2aceb8f,3341525e90f0
England,E12000008,E06000035,Medway,MEDWA_6ab50196e8c0,de42e0f0af92
England,E12000008,E06000035,Medway,MEDWA_6fd3a0bbbce6,78d95f03a4e4
England,E12000008,E06000035,Medway,MEDWA_97d9dce41951,90416e1f634c
England,E12000008,E06000035,Medway,MEDWA_079c3b2d08e0,047fa4700fb5
England,E12000008,E06000035,Medway,MEDWA_546c82d7bd35,42d8c133709b
England,E12000008,E06000035,Medway,MEDWA_2ddad48c7755,b0f449d92f2c
England,E12000008,E06000035,Medway,MEDWA_1c4475631b98,a333c49097ed
England,E12000008,E06000035,Medway,MEDWA_551dc1e86da9,78c5c533f807
England,E12000008,E06000035,Medway,MEDWA_0ab3e47603b0,d99a4a8dd6a9
England,E12000008,E06000035,Medway,MEDWA_75c02a85b3a3,adb71d22fb4f
England,E12000008,E06000035,Medway,MEDWA_23887b40743b,fc299587c7af
England,E12000008,E06000035,Medway,MEDWA_325d70bf03ef,9fd3c73fe783
England,E12000008,E06000035,Medway,MEDWA_95b80af1b5d8,39d8c06c7bfa
England,E12000008,E06000035,Medway,MEDWA_68fa27ad4cce,8c6f8b813976
England,E12000008,E06000035,Medway,MEDWA_272d68425af2,79523cb255e0
England,E12000008,E06000035,Medway,MEDWA_2768c87d723b,3cb821369fdb
England,E12000008,E06000035,Medway,MEDWA_0acebfee6666,a7341b3644c5
England,E12000008,E06000035,Medway,MEDWA_146a7a6cd0a5,405803a98fd3
England,E12000008,E06000035,Medway,MEDWA_3e7997cc2d63,8d274754d33a
England,E12000008,E06000035,Medway,MEDWA_4dd38c4184e3,95a3a99b8199
England,E12000008,E06000035,Medway,MEDWA_0417d6886812,85c8e10dde7f
England,E12000008,E06000035,Medway,MEDWA_0279df4ee3f2,e8e4c4a6bb0e
England,E12000008,E06000035,Medway,MEDWA_40aea4f63630,49374f811650
England,E12000008,E06000035,Medway,MEDWA_2ab97f2c03c1,972816bd45b9
England,E12000008,E06000035,Medway,MEDWA_a601f2696ff5,71fd71d70e18
England,E12000008,E06000035,Medway,MEDWA_6008fb8fd6ff,54d7b6a8ad6b
England,E12000008,E06000035,Medway,MEDWA_8366b5e0a890,656c4ac5af31
England,E12000008,E06000035,Medway,MEDWA_e7e00255e36a,03160e72b4b2
England,E12000008,E06000035,Medway,MEDWA_c7042b86d447,3312610e66bb
England,E12000008,E06000035,Medway,MEDWA_295f0bb321e3,2b64a06d6a74
England,E12000008,E06000035,Medway,MEDWA_b9678c0707dc,f2266131b8cb
England,E12000008,E06000035,Medway,MEDWA_f8fe1d4365df,f60410c03ca4
England,E12000008,E06000035,Medway,MEDWA_0ce285b61023,f4a0f8b4a025
England,E12000008,E06000035,Medway,MEDWA_556f19006571,4500b663802b
England,E12000008,E06000035,Medway,MEDWA_5283cae7f7e1,5ecb6539243c
England,E12000008,E06000035,Medway,MEDWA_cec64ef8561a,43cb89855237
England,E12000008,E06000035,Medway,MEDWA_42592c2ef948,a2627dd04f94
England,E12000008,E06000035,Medway,MEDWA_d5526e971bdd,4fa19b853f36
England,E12000008,E06000035,Medway,MEDWA_34c64b847b91,9b65fdff969a
England,E12000008,E06000035,Medway,MEDWA_a13139bc67f0,640a19483cfc
England,E12000008,E06000035,Medway,MEDWA_27f780aeaa9f,e3d45d40e497
England,E12000008,E06000035,Medway,MEDWA_8ae8487be95e,ee4614aa184f
England,E12000008,E06000035,Medway,MEDWA_7c8f0bf549c6,b23ad2a53681
England,E12000008,E06000035,Medway,MEDWA_3da2a89c00b2,298cdcc1c198
England,E12000008,E06000035,Medway,MEDWA_67909eb16f14,92ea6c2edac0
England,E12000008,E06000035,Medway,MEDWA_ec53389c6dee,937cf6d755fc
England,E12000008,E06000035,Medway,MEDWA_06b3f431e13d,7a48cc5ee317
England,E12000008,E06000035,Medway,MEDWA_3380708157c6,6b502b18ba05
England,E12000008,E06000035,Medway,MEDWA_7a2335accafc,1c464b5a21e3
England,E12000008,E06000035,Medway,MEDWA_77f3af31814c,4d64d3ef6942
England,E12000008,E06000035,Medway,MEDWA_81c18d756434,53a4c814a8b9
England,E12000008,E06000035,Medway,MEDWA_06a512f6584c,9f8e7a49952e
England,E12000008,E06000035,Medway,MEDWA_dbf2bcfd9e30,a5ce05e7d476
England,E12000008,E06000035,Medway,MEDWA_92d1fa46dac4,dc55ccb602b8
England,E12000008,E06000035,Medway,MEDWA_99c031a568d9,1225b6cf8d01
England,E12000008,E06000035,Medway,MEDWA_02a6ea8b2421,5d65f6a1ba5f
England,E12000008,E06000035,Medway,MEDWA_8ac6a6fb142e,3fdc48fb4ab1
England,E12000008,E06000035,Medway,MEDWA_bdb0a4e74a4d,502808094e30
England,E12000008,E06000035,Medway,MEDWA_0b80a623f6bb,b1834b2b8244
England,E12000008,E06000035,Medway,MEDWA_11833dcd96e8,60b675438a96
England,E12000008,E06000035,Medway,MEDWA_5f32dca9c5e0,c893fe1ecf94
England,E12000008,E06000035,Medway,MEDWA_6e4d00cd72ab,468220493e6a
England,E12000008,E06000035,Medway,MEDWA_6c5ad3452713,de6932b465c6
England,E12000008,E06000035,Medway,MEDWA_dbf1785c6e4a,6d3a472c5faa
England,E12000008,E06000035,Medway,MEDWA_3b479ab08001,05a6041f654d
England,E12000008,E06000035,Medway,MEDWA_159db41ea83f,c859f2958393
England,E12000008,E06000035,Medway,MEDWA_fea5cf0e5e51,511d24092938
England,E12000008,E06000035,Medway,MEDWA_3db31bacefa4,ab7174ab90f7
England,E12000008,E06000035,Medway,MEDWA_da76f609be78,cadfcc850ead
England,E12000008,E06000035,Medway,MEDWA_a07c36527e0a,fd6a05a93d09
England,E12000008,E06000035,Medway,MEDWA_17c5e2061164,1881f7646023
England,E12000008,E06000035,Medway,MEDWA_db3ec111857c,53fa21ae5304
England,E12000008,E06000035,Medway,MEDWA_8a7942893e37,799cdf16e801
England,E12000008,E06000035,Medway,MEDWA_cd8649b84c75,bb0c4f63ef92
England,E12000008,E06000035,Medway,MEDWA_e0b2097ac87e,011ad7530a5b
England,E12000008,E06000035,Medway,MEDWA_9ec52ad580ff,b36e57c41ba4
England,E12000008,E06000035,Medway,MEDWA_068ec0a87b8d,0d58a8c26df4
England,E12000008,E06000035,Medway,MEDWA_a98e780156c2,950fc03bdf46
England,E12000008,E06000035,Medway,MEDWA_d518ae41ac0f,85cbc0d08921
England,E12000008,E06000035,Medway,MEDWA_8a402da1d524,08d65ebd013b
England,E12000008,E06000035,Medway,MEDWA_893d31581d2a,d0dc2df5e613
England,E12000008,E06000035,Medway,MEDWA_897af5d605da,b17ccc5c1189
England,E12000008,E06000035,Medway,MEDWA_a9634d6951e3,2ee64547bb2e
England,E12000008,E06000035,Medway,MEDWA_ed616cb1b43c,eabf2f5a2b58
England,E12000008,E06000035,Medway,MEDWA_6802e7af5e94,0afa7d52d904
England,E12000008,E06000035,Medway,MEDWA_8cb42dc9a02b,7dbb85963ddd
England,E12000008,E06000035,Medway,MEDWA_0817660b3c71,7c8951fb29c9
England,E12000008,E06000035,Medway,MEDWA_57326196a530,703abae13048
England,E12000008,E06000035,Medway,MEDWA_4c24a1643614,ca2dbdabea62
England,E12000008,E06000035,Medway,MEDWA_9cd287805847,96da8bc41214
England,E12000008,E06000035,Medway,MEDWA_bd6fc515e537,c359d82a8422
England,E12000008,E06000035,Medway,MEDWA_899975efc169,64244bfdd54c
England,E12000008,E06000035,Medway,MEDWA_b4e53ab469c1,982add477f18
England,E12000008,E06000035,Medway,MEDWA_0d210be74b21,6616158e784e
England,E12000008,E06000035,Medway,MEDWA_9c1601d43b3f,f8e6c228d23f
England,E12000008,E06000035,Medway,MEDWA_b2aee65ee6a3,6e83fda2f3e2
England,E12000008,E06000035,Medway,MEDWA_b6966014900a,bae119b23505
England,E12000008,E06000035,Medway,MEDWA_2d08fa7b221e,62c35b41c622
England,E12000008,E06000035,Medway,MEDWA_8f04b08fa838,ffa649109aed
England,E12000008,E06000035,Medway,MEDWA_f9798bf78557,cfb2ad873a48
England,E12000008,E06000035,Medway,MEDWA_18d5aca2a4da,cd98f8356f29
England,E12000008,E06000035,Medway,MEDWA_d589c95b715f,14bd8c53cadd
England,E12000008,E06000035,Medway,MEDWA_1117d897f45b,3fb9ffab3030
England,E12000008,E06000035,Medway,MEDWA_4e86088061ba,5be6da89a2c9
England,E12000008,E06000035,Medway,MEDWA_db386093b171,78371fd6107c
England,E12000008,E06000035,Medway,MEDWA_c037c81b268f,158537efb340
England,E12000008,E06000035,Medway,MEDWA_9b765ee648a3,08981a970980
England,E12000008,E06000035,Medway,MEDWA_d1b7240be6f2,2692d76c2599
England,E12000008,E06000035,Medway,MEDWA_7e8f9213b7c4,c071813592e4
England,E12000008,E06000035,Medway,MEDWA_35f67c48ac78,068deaffc780
England,E12000008,E06000035,Medway,MEDWA_9f8cf147139a,5278d06c9473
England,E12000008,E06000035,Medway,MEDWA_c55531ff856d,855f67a450bc
England,E12000008,E06000035,Medway,MEDWA_a0b7d13fbccc,fc68c6c728d2
England,E12000008,E06000035,Medway,MEDWA_a7c76bc64e09,5c557fc232f5
England,E12000008,E06000035,Medway,MEDWA_614ffe59f99b,02067da1ae2e
England,E12000008,E06000035,Medway,MEDWA_31bbadcc5af7,eec2bbf83abd
England,E12000008,E06000035,Medway,MEDWA_8029ee53d431,b971d66b3d8c
England,E12000008,E06000035,Medway,MEDWA_f2ebf5dbe3c2,731ee9308178
England,E12000008,E06000035,Medway,MEDWA_e0f493452f8e,505ae171db94
England,E12000008,E06000035,Medway,MEDWA_f2c41bcf88b6,1e5faeb54c84
England,E12000008,E06000035,Medway,MEDWA_7ec4bd533d58,0e924f3051c3
England,E12000008,E06000035,Medway,MEDWA_af645ca530c4,f362fbedebeb
England,E12000008,E06000035,Medway,MEDWA_8c670ba40c18,de7b86bd1731
England,E12000008,E06000035,Medway,MEDWA_b4c77f1a2917,9a59563d2556
England,E12000008,E06000035,Medway,MEDWA_aeaf647dc260,1a5128e3ba9a
England,E12000008,E06000035,Medway,MEDWA_4f0a4352099d,baba3211dbfb
England,E12000008,E06000035,Medway,MEDWA_e47769eb1cdf,4eff1662ebf5
England,E12000008,E06000035,Medway,MEDWA_9cbe9845e26b,e53806b4d026
England,E12000008,E06000035,Medway,MEDWA_c866eb9f794b,45af2d7f3772
England,E12000008,E06000035,Medway,MEDWA_6db5b1c4657e,5b9e229418ea
England,E12000008,E06000035,Medway,MEDWA_f321079183d3,253ce25ae221
England,E12000008,E06000035,Medway,MEDWA_3203ad135bcb,94cc57c81d82
England,E12000008,E06000035,Medway,MEDWA_6d69d720111b,115b2cfa7df9
England,E12000008,E06000035,Medway,MEDWA_f0b06c2f1b5e,db1fb88991ca
England,E12000008,E06000035,Medway,MEDWA_53054d374289,3f777183de5f
England,E12000008,E06000035,Medway,MEDWA_51da01dedc5b,17e575759120
England,E12000008,E06000035,Medway,MEDWA_11a92d656cc6,c338f4c2924f
England,E12000008,E06000035,Medway,MEDWA_eb6587e5b469,f4ea5f28b33b
England,E12000008,E06000035,Medway,MEDWA_f21eb03f1ce0,9ecd64595830
England,E12000008,E06000035,Medway,MEDWA_61ecaaa7b4c3,7e9a47147e85
England,E12000008,E06000035,Medway,MEDWA_28fe4e303ed7,cd6cd7f8a199
England,E12000008,E06000035,Medway,MEDWA_3c4a6cfc9881,70832b3b297a
England,E12000008,E06000035,Medway,MEDWA_6637b18845d5,b3850245037c
England,E12000008,E06000035,Medway,MEDWA_ea65b1401086,d6203520878a
England,E12000008,E06000035,Medway,MEDWA_fdb70b5ffce4,608ba25c072d
England,E12000008,E06000035,Medway,MEDWA_4c3862865ffe,08060c324929
England,E12000008,E06000035,Medway,MEDWA_a49ee1326715,b56b85287a92
England,E12000008,E06000035,Medway,MEDWA_8882892b1a93,ce72ea694635
England,E12000008,E06000035,Medway,MEDWA_7744c6a72737,88be747ad2a2
England,E12000008,E06000035,Medway,MEDWA_82c3151ff91d,069775a78746
England,E12000008,E06000035,Medway,MEDWA_73cf5ddcf8f7,4298427f9ed6
England,E12000008,E06000035,Medway,MEDWA_d968f541951d,a5bae1340833
England,E12000008,E06000035,Medway,MEDWA_dca305f2c37f,911337b49be7
England,E12000008,E06000035,Medway,MEDWA_147bedcc66be,fb97d92d8c56
England,E12000008,E06000035,Medway,MEDWA_d5cae74ae23e,958b293e3af2
England,E12000008,E06000035,Medway,MEDWA_c65187ac5819,65a2da30af00
England,E12000008,E06000035,Medway,MEDWA_5d0dc3f25fde,a95689fbaf20
England,E12000008,E06000035,Medway,MEDWA_457f2f0824a4,ad0a3b85e16d
England,E12000008,E06000035,Medway,MEDWA_8183aa7c0621,755237a01ea2
England,E12000008,E06000035,Medway,MEDWA_b8aa961ce441,5d6054b95a54
England,E12000008,E06000035,Medway,MEDWA_36576998cb81,182bd44996ea
England,E12000008,E06000035,Medway,MEDWA_8df3947bd62c,72d8153833bf
England,E12000008,E06000035,Medway,MEDWA_594e0c6ba6b3,b938e681f449
England,E12000008,E06000035,Medway,MEDWA_0e01914ad5e1,626c7f693498
England,E12000008,E06000035,Medway,MEDWA_ea17575a14b8,792b072f8e15
England,E12000008,E06000035,Medway,MEDWA_89a3d604d4a9,76306b946b3d
England,E12000008,E06000035,Medway,MEDWA_acc69a40926d,c386c21c3f95
England,E12000008,E06000035,Medway,MEDWA_9d5533048072,da3d1c01c5c1
England,E12000008,E06000035,Medway,MEDWA_e3b8d53f5393,7c9f6981ba47
England,E12000008,E06000035,Medway,MEDWA_939851d4a53c,564e6e97c588
England,E12000008,E06000035,Medway,MEDWA_c909c62a406b,8d4d0330da1c
England,E12000008,E06000035,Medway,MEDWA_789ba5d6e001,e9a2195f85ec
England,E12000008,E06000035,Medway,MEDWA_16b75fecdedd,e22f65f3b684
England,E12000008,E06000035,Medway,MEDWA_951077d410fb,c407ee2af986
England,E12000008,E06000035,Medway,MEDWA_48f065d37074,84915cbe3a59
England,E12000008,E06000035,Medway,MEDWA_63256f50e5e5,de6be622919f
England,E12000008,E06000035,Medway,MEDWA_cdc9ba841c1a,b55eeb6170bd
England,E12000008,E06000035,Medway,MEDWA_965aa5228991,cedad529eea3
England,E12000008,E06000035,Medway,MEDWA_8f4068e38c93,1a1bedfab308
England,E12000008,E06000035,Medway,MEDWA_6db835379507,0ca8c457f729
England,E12000008,E06000035,Medway,MEDWA_256ea4b587b8,ff907801949d
England,E12000008,E06000035,Medway,MEDWA_82bcdbb2fa40,71aa6509db83
England,E12000008,E06000035,Medway,MEDWA_45597401ef07,1ab1f4361681
England,E12000008,E06000035,Medway,MEDWA_3e00c0944790,2892eaf433ca
England,E12000008,E06000035,Medway,MEDWA_cb2739f3c1b3,267a90e3f3a0
England,E12000008,E06000035,Medway,MEDWA_6f2132a7707e,c118d7725d90
England,E12000008,E06000035,Medway,MEDWA_c5aedf0c6358,e16aa9613279
England,E12000008,E06000035,Medway,MEDWA_6ba379ee072d,9d8a4222b587
England,E12000008,E06000035,Medway,MEDWA_eb1e19c68854,86d84ac1b7bb
England,E12000008,E06000035,Medway,MEDWA_cf710fc373f6,487a9a5396dc
England,E12000008,E06000035,Medway,MEDWA_d60d13f45855,8f8818d6a69f
England,E12000008,E06000035,Medway,MEDWA_e40666d02728,7712189aa50c
England,E12000008,E06000035,Medway,MEDWA_885444c80b00,c65f32ff8aad
England,E12000008,E06000035,Medway,MEDWA_afcb027c6479,47f5369f99ad
England,E12000008,E06000035,Medway,MEDWA_ec9fdb0eda3f,ddfcdc991060
England,E12000008,E06000035,Medway,MEDWA_aaf35a26bad5,18482df3f0e9
England,E12000008,E06000035,Medway,MEDWA_e6e3bddc0742,9a534b1cf608
England,E12000008,E06000035,Medway,MEDWA_87d8931c8626,6fea7dc4752b
England,E12000008,E06000035,Medway,MEDWA_503102394cf8,1c36fe65186b
England,E12000008,E06000035,Medway,MEDWA_0e7557287c16,120bea3cb0c0
England,E12000008,E06000035,Medway,MEDWA_b95f6a869ff8,d4658a1012de
England,E12000008,E06000035,Medway,MEDWA_c52b9f2ec87f,2ad12a9099ba
England,E12000008,E06000035,Medway,MEDWA_ccfb3f552594,313af99d77a8
England,E12000008,E06000035,Medway,MEDWA_1455b9bfe8b3,fe22852d313f
England,E12000008,E06000035,Medway,MEDWA_5c90d96a8edb,a7fdf47c9d4f
England,E12000008,E06000035,Medway,MEDWA_2c73abaf1bd9,02f66d4a8898
England,E12000008,E06000035,Medway,MEDWA_04018a0ce421,140949193b96
England,E12000008,E06000035,Medway,MEDWA_ba9caf3afe37,544e95c391cd
England,E12000008,E06000035,Medway,MEDWA_c5d9505ee68f,75aa19299473
England,E12000008,E06000035,Medway,MEDWA_e9f9ecc25f92,4c1a1d60f068
England,E12000008,E06000035,Medway,MEDWA_964c014fe9de,c922a4e13663
England,E12000008,E06000035,Medway,MEDWA_f55aaf6c4be0,c050abec90ef
England,E12000008,E06000035,Medway,MEDWA_de1e9c0850cf,fc0bcf82767a
England,E12000008,E06000035,Medway,MEDWA_991be50de626,65952a23a10a
England,E12000008,E06000035,Medway,MEDWA_f75212dda904,ba6052991c75
England,E12000008,E06000035,Medway,MEDWA_127f69c20f4a,b5356113944c
England,E12000008,E06000035,Medway,MEDWA_3e46d2e1a89c,cfc2e6000c1e
England,E12000008,E06000035,Medway,MEDWA_bb8c1af253a9,dff990abd365
England,E12000008,E06000035,Medway,MEDWA_bd835c829e4a,5dafadd47be7
England,E12000008,E06000035,Medway,MEDWA_47cb1fc677a3,509e96893e99
England,E12000008,E06000035,Medway,MEDWA_4d74abf21d70,50e1ab6ef968
England,E12000008,E06000035,Medway,MEDWA_0fc69c4ef5ac,b037f74d4a08
England,E12000008,E06000035,Medway,MEDWA_0b31967881db,ba49d6783576
England,E12000008,E06000035,Medway,MEDWA_150fa0b57c01,c3b6ce1f88fe
England,E12000008,E06000035,Medway,MEDWA_f4668580cdf2,a5ddb1685c3d
England,E12000008,E06000035,Medway,MEDWA_8ff690774639,7df36ed2ba9f
England,E12000008,E06000035,Medway,MEDWA_255725db303d,20f652fd8ac8
England,E12000008,E06000035,Medway,MEDWA_0930da51c365,08a5c473f2d9
England,E12000008,E06000035,Medway,MEDWA_8cc8066ed94e,83008fec2aaa
England,E12000008,E06000035,Medway,MEDWA_7df59e42d2e3,5ae591ea5158
England,E12000008,E06000035,Medway,MEDWA_2d4cae986385,efdc41a81c1e
England,E12000008,E06000035,Medway,MEDWA_5ad86680f0c2,48c16b7c0e4b
England,E12000008,E06000035,Medway,MEDWA_956709d7f6a3,27e4cad8fdeb
England,E12000008,E06000035,Medway,MEDWA_da971a0d9d2c,ba0b091f02eb
England,E12000008,E06000035,Medway,MEDWA_eda61079dea8,181fe2e37e7f
England,E12000008,E06000035,Medway,MEDWA_dbf2ea682385,0e995a079d29
England,E12000008,E06000035,Medway,MEDWA_b63f6c74008a,9542ff53ffe5
England,E12000008,E06000035,Medway,MEDWA_b2ab6cc02199,29035bef7ba2
England,E12000008,E06000035,Medway,MEDWA_a4b3a14bef20,062bb5afaeef
England,E12000008,E06000035,Medway,MEDWA_919da652b991,c8d2a8dfc4c0
England,E12000008,E06000035,Medway,MEDWA_6dceb7cc0d13,02f7bac0ad95
England,E12000008,E06000035,Medway,MEDWA_581f87a570d5,cbf46be35a9d
England,E12000008,E06000035,Medway,MEDWA_5c1444398cd5,eef3ad32a6da
England,E12000008,E06000035,Medway,MEDWA_f9281f10418f,0321c3d2c2ae
England,E12000008,E06000035,Medway,MEDWA_6092c5be5a30,35902a4254fb
England,E12000008,E06000035,Medway,MEDWA_9662419bcfec,bcb89b28985a
England,E12000008,E06000035,Medway,MEDWA_0f1dbd25b7f6,7dc583b58577
England,E12000008,E06000035,Medway,MEDWA_1fedeace7347,84e148b84a08
England,E12000008,E06000035,Medway,MEDWA_a34ed31c136b,2af5fcc47740
England,E12000008,E06000035,Medway,MEDWA_315a11bf7af3,0fafd071c27d
England,E12000008,E06000035,Medway,MEDWA_7c8e6f11cb90,6133762e5e24
England,E12000008,E06000035,Medway,MEDWA_69b88e9c86b3,492c7aabf5ef
England,E12000008,E06000035,Medway,MEDWA_b9072b8e19bd,71b616fcb864
England,E12000008,E06000035,Medway,MEDWA_a5ad6faac701,5c77ce15952b
England,E12000008,E06000035,Medway,MEDWA_22fa971f66fc,d9266c150e18
England,E12000008,E06000035,Medway,MEDWA_c8d36fe06996,0323b1ce3382
England,E12000008,E06000035,Medway,MEDWA_f8ab4bfcc3d0,f886b63ef51e
England,E12000008,E06000035,Medway,MEDWA_148d4f13e16e,cf6162ad0684
England,E12000008,E06000035,Medway,MEDWA_2a214069921b,3aa6545b7404
England,E12000008,E06000035,Medway,MEDWA_b9618f4a0bd3,9b17a28191ab
England,E12000008,E06000035,Medway,MEDWA_0c48be5ec0f4,f6c13f8d3bf2
England,E12000008,E06000035,Medway,MEDWA_ffdebc22c533,3593960e3572
England,E12000008,E06000035,Medway,MEDWA_0e9f0f57bc88,a7e11cdd4781
England,E12000008,E06000035,Medway,MEDWA_d21038fd6910,99547a0815ae
England,E12000008,E06000035,Medway,MEDWA_c99e53f8aae6,3c985b8f468a
England,E12000008,E06000035,Medway,MEDWA_83d9cb557e1a,7a74a9deda0f
England,E12000008,E06000035,Medway,MEDWA_24d1a75f8f52,fe0bed0bf598
England,E12000008,E06000035,Medway,MEDWA_519d94e35ffe,68e2ea86ef36
England,E12000008,E06000035,Medway,MEDWA_b6c27b84f9ed,ccd05083dbbb
England,E12000008,E06000035,Medway,MEDWA_86739749b62d,4bb386530811
England,E12000008,E06000035,Medway,MEDWA_d5c37ffde0b3,ccb95548aae8
England,E12000008,E06000035,Medway,MEDWA_d5316d71fa97,0dbfb1b0f773
England,E12000008,E06000035,Medway,MEDWA_ee0d1d76ba22,7d4f93f62993
England,E12000008,E06000035,Medway,MEDWA_c69ce3096260,20070d47ac0a
England,E12000008,E06000035,Medway,MEDWA_6ec6d5a1eff6,65b84f4f29d1
England,E12000008,E06000035,Medway,MEDWA_5f1b2e34292f,be29d468ad19
England,E12000008,E06000035,Medway,MEDWA_b588d2e08a5b,7b79b21bfb9e
England,E12000008,E06000035,Medway,MEDWA_d237af210276,630a842125c2
England,E12000008,E06000035,Medway,MEDWA_da27f4d5aa53,74035426aa1f
England,E12000008,E06000035,Medway,MEDWA_82227e53f4ef,921cde9837aa
England,E12000008,E06000035,Medway,MEDWA_e2f4cb10c9a4,2cc995417cfd
England,E12000008,E06000035,Medway,MEDWA_ba66e3f6fc68,e78a6d7aeea2
England,E12000008,E06000035,Medway,MEDWA_b1968061fb25,87b5f5a77d06
England,E12000008,E06000035,Medway,MEDWA_81a5ed96631a,ffe489a8e60f
England,E12000008,E06000035,Medway,MEDWA_786d525938f0,c1cf60e953f7
England,E12000008,E06000035,Medway,MEDWA_09edc537cff5,3a2f5a305c1b
England,E12000008,E06000035,Medway,MEDWA_99fea47a5aa7,dbdefc8ac018
England,E12000008,E06000035,Medway,MEDWA_91492751cb93,752ea314fa71
England,E12000008,E06000035,Medway,MEDWA_5b6c7c76955e,b0344e32c057
England,E12000008,E06000035,Medway,MEDWA_e37a76a25ad0,ea35f8080078
England,E12000008,E06000035,Medway,MEDWA_cbf4b64015a1,a5fd2c8f7e7a
England,E12000008,E06000035,Medway,MEDWA_7349deb8e209,72c50059155d
England,E12000008,E06000035,Medway,MEDWA_cde80b4a23f5,30b531e0b664
England,E12000008,E06000035,Medway,MEDWA_da1c5aa80fba,f322fa549db4
England,E12000008,E06000035,Medway,MEDWA_a10f01483065,ce8743d00461
England,E12000008,E06000035,Medway,MEDWA_84029af9a463,8b36dc478d37
England,E12000008,E06000035,Medway,MEDWA_0646f8615200,00e380f217ad
England,E12000008,E06000035,Medway,MEDWA_0d26f31f2400,2ec3870ea049
England,E12000008,E06000035,Medway,MEDWA_adfd8ac5339c,04cda602dbb8
England,E12000008,E06000035,Medway,MEDWA_9167e4b5d9da,3ecd464b1cf7
England,E12000008,E06000035,Medway,MEDWA_d3cff49cbef8,f21c4d910ee2
England,E12000008,E06000035,Medway,MEDWA_4881138c9466,2ece44821168
England,E12000008,E06000035,Medway,MEDWA_bfadd5c9f422,c51821b219c9
England,E12000008,E06000035,Medway,MEDWA_dea9862ac3a8,0bca954f3e6e
England,E12000008,E06000035,Medway,MEDWA_f221e610887a,0c8dabb80ce1
England,E12000008,E06000035,Medway,MEDWA_08c5d1faba74,d1eb49d54c6b
England,E12000008,E06000035,Medway,MEDWA_b25499ef3ba4,fe860bc4d3f4
England,E12000008,E06000035,Medway,MEDWA_2619d2643930,0c2c4f369a18
England,E12000008,E06000035,Medway,MEDWA_675aa99db95d,d1fb0069b4b4
England,E12000008,E06000035,Medway,MEDWA_ceab0bfa2fce,81860fdba39e
England,E12000008,E06000035,Medway,MEDWA_608c9e2a7324,b78ba74cbfd4
England,E12000008,E06000035,Medway,MEDWA_d30cdc02913d,7fdbf22f7eed
England,E12000008,E06000035,Medway,MEDWA_6190a4c052e3,35ffde1484f2
England,E12000008,E06000035,Medway,MEDWA_d92fc8cd9458,02aaf4d1b37c
England,E12000008,E06000035,Medway,MEDWA_0fc0d52b689d,b6f126125280
England,E12000008,E06000035,Medway,MEDWA_86bb175567fd,f14a810f528c
England,E12000008,E06000035,Medway,MEDWA_31ceb0e8657a,f69672ea3f51
England,E12000008,E06000035,Medway,MEDWA_af801094ed32,1aed3cbba7bb
England,E12000008,E06000035,Medway,MEDWA_4151a2ec8102,430e1365d78d
England,E12000008,E06000035,Medway,MEDWA_8d069f5e0842,2dff4440a63a
England,E12000008,E06000035,Medway,MEDWA_05f57124c6ba,cba01f1b9bba
England,E12000008,E06000035,Medway,MEDWA_c65395de3955,d7645b335b20
England,E12000008,E06000035,Medway,MEDWA_edf82f436842,a5c0f465f8bb
England,E12000008,E06000035,Medway,MEDWA_8943a740d647,492f20c37dd6
England,E12000008,E06000035,Medway,MEDWA_fe3bde5d2bf7,59de0bbf0d4e
England,E12000008,E06000035,Medway,MEDWA_e5154d8a9c50,c0434b7235df
England,E12000008,E06000035,Medway,MEDWA_5d2a3381c637,1249b86b151f
England,E12000008,E06000035,Medway,MEDWA_6200de7534f4,cad0afda3c69
England,E12000008,E06000035,Medway,MEDWA_7fd7ca56b3fc,45a1d49a52a8
England,E12000008,E06000035,Medway,MEDWA_c9072745f970,31e45dd6e582
England,E12000008,E06000035,Medway,MEDWA_902d70bf6246,70ef01871843
England,E12000008,E06000035,Medway,MEDWA_5649233b3c95,30123ef2e2ca
England,E12000008,E06000035,Medway,MEDWA_5a5373555aac,059c8d70bb99
England,E12000008,E06000035,Medway,MEDWA_d53d03503c70,578435dbad7b
England,E12000008,E06000035,Medway,MEDWA_f9912675c198,5204971b1d25
England,E12000008,E06000035,Medway,MEDWA_40fe9473d572,557117c47dde
England,E12000008,E06000035,Medway,MEDWA_88d274a09d84,cf87df3db1ff
England,E12000008,E06000035,Medway,MEDWA_de0f9697dc00,2d62046a3486
England,E12000008,E06000035,Medway,MEDWA_022f8bb490b9,d202c559d88e
England,E12000008,E06000035,Medway,MEDWA_f6b7afb6f39e,05f9fce07d9e
England,E12000008,E06000035,Medway,MEDWA_cc1a1c5d4195,56ebed41db90
England,E12000008,E06000035,Medway,MEDWA_a684fb220b42,5c59230892df
England,E12000008,E06000035,Medway,MEDWA_7a13f39e966a,5a4c13624b93
England,E12000008,E06000035,Medway,MEDWA_ffa6aa2eff97,d81c93595971
England,E12000008,E06000035,Medway,MEDWA_8f4453e1ba9d,4aef37cc91bf
England,E12000008,E06000035,Medway,MEDWA_fc7c7f7cda52,dd62aff3393d
England,E12000008,E06000035,Medway,MEDWA_7c83ffa67abf,ebd34ea5478d
England,E12000008,E06000035,Medway,MEDWA_cbe265de10d6,656e1fa96487
England,E12000008,E06000035,Medway,MEDWA_23be5c5fb4b2,162a2cfd0088
England,E12000008,E06000035,Medway,MEDWA_c7d37a9a9b5c,7ef9958b18ef
England,E12000008,E06000035,Medway,MEDWA_1987505864be,abc1e57379e8
England,E12000008,E06000035,Medway,MEDWA_441cbff9a1ae,797a146a9a69
England,E12000008,E06000035,Medway,MEDWA_712b9482968a,db209e729a05
England,E12000008,E06000035,Medway,MEDWA_3fcf48dd4cfd,340691c89a5b
England,E12000008,E06000035,Medway,MEDWA_ebb3bd9c066e,2f75f85e343d
England,E12000008,E06000035,Medway,MEDWA_0f965e1db877,c1e487551249
England,E12000008,E06000035,Medway,MEDWA_8f0accdab8e0,712b57f10547
England,E12000008,E06000035,Medway,MEDWA_2f2473137a8b,81545e0cd3d4
England,E12000008,E06000035,Medway,MEDWA_c49a2202c476,00c53c83562e
England,E12000008,E06000035,Medway,MEDWA_07e1f54f4f77,b0e22e349c8a
England,E12000008,E06000035,Medway,MEDWA_86e383012ade,71c56c05c35e
England,E12000008,E06000035,Medway,MEDWA_8d3fbc1aca8c,ff110c0f982d
England,E12000008,E06000035,Medway,MEDWA_70df24a3744b,c4eda0b7bef6
England,E12000008,E06000035,Medway,MEDWA_607b37fb1905,42c901eb2757
England,E12000008,E06000035,Medway,MEDWA_d2fee9a85291,9f507c82a602
England,E12000008,E06000035,Medway,MEDWA_5b3968184bed,9787c96e93b3
England,E12000008,E06000035,Medway,MEDWA_e9034d1386a3,3af023f07220
England,E12000008,E06000035,Medway,MEDWA_0ca8b3b8632c,50ba46ced416
England,E12000008,E06000035,Medway,MEDWA_edf30a294fcf,10f0daec67d8
England,E12000008,E06000035,Medway,MEDWA_e85be1343a15,91061a063251
England,E12000008,E06000035,Medway,MEDWA_ee83db0bed29,56f35460a33e
England,E12000008,E06000035,Medway,MEDWA_c0119f835b06,c9f496b6eb3f
England,E12000008,E06000035,Medway,MEDWA_907638deb4e4,3d58d40030c7
England,E12000008,E06000035,Medway,MEDWA_1d1bfd15f24a,ccf8462875a6
England,E12000008,E06000035,Medway,MEDWA_af0278e0b51a,932c251f32a9
England,E12000008,E06000035,Medway,MEDWA_d5647cee7657,83c9702a75b3
England,E12000008,E06000035,Medway,MEDWA_2bd7ae408c1a,58bd15dd0f3c
England,E12000008,E06000035,Medway,MEDWA_87990155cefc,f296cbdaa1c9
England,E12000008,E06000035,Medway,MEDWA_76e6ec217d3f,0904a979f81d
England,E12000008,E06000035,Medway,MEDWA_39eacf01c109,4c2e6009df65
England,E12000008,E06000035,Medway,MEDWA_e70aea05eefe,f35941d9b02f
England,E12000008,E06000035,Medway,MEDWA_1a741fa4bf0d,d3cab677346a
England,E12000008,E06000035,Medway,MEDWA_106cc0d93c0f,529aedb7191b
England,E12000008,E06000035,Medway,MEDWA_1a532a2733d3,aa1cf4479e96
England,E12000008,E06000035,Medway,MEDWA_8d05d014b6f8,2b42696d5dd7
England,E12000008,E06000035,Medway,MEDWA_3ea6bab94d70,5d6eeb85cf64
England,E12000008,E06000035,Medway,MEDWA_3de15073aec7,b1d76284e3b1
England,E12000008,E06000035,Medway,MEDWA_401f3332a141,c9f4df283485
England,E12000008,E06000035,Medway,MEDWA_300274a68144,12c502916309
England,E12000008,E06000035,Medway,MEDWA_abade5abf25c,79437b530cf1
England,E12000008,E06000035,Medway,MEDWA_c35cd597b707,09d9e358420e
England,E12000008,E06000035,Medway,MEDWA_ea61dd002f17,2c3fbbac7892
England,E12000008,E06000035,Medway,MEDWA_38a5d223b1b8,571d50948659
England,E12000008,E06000035,Medway,MEDWA_fbf9d6390f00,3c1b19206948
England,E12000008,E06000035,Medway,MEDWA_f09d5a28ceb8,b5c04ffce2e1
England,E12000008,E06000035,Medway,MEDWA_c97a5258c1bc,d7db9408b3b7
England,E12000008,E06000035,Medway,MEDWA_5c044e862831,f9afd08ec120
England,E12000008,E06000035,Medway,MEDWA_0b21d6871329,424f466edd13
England,E12000008,E06000035,Medway,MEDWA_7a7b397a87f1,8f1444efd71e
England,E12000008,E06000035,Medway,MEDWA_667c54874a0c,8b20fb4554d3
England,E12000008,E06000035,Medway,MEDWA_1557818bee23,2fe496e8f7f7
England,E12000008,E06000035,Medway,MEDWA_b53595e6daf3,6ea835398768
England,E12000008,E06000035,Medway,MEDWA_22e5f5d71ad6,f8089d381af5
England,E12000008,E06000035,Medway,MEDWA_b80f6e1da647,158a42d62b96
England,E12000008,E06000035,Medway,MEDWA_aabedf9b5415,ff974f40e3a1
England,E12000008,E06000035,Medway,MEDWA_16a07f94c13b,3a48643707fc
England,E12000008,E06000035,Medway,MEDWA_eabf8173e4d6,f9a282494a56
England,E12000008,E06000035,Medway,MEDWA_2569a0a11f95,eb933a6899ed
England,E12000008,E06000035,Medway,MEDWA_99968f93e565,58106ed2a1fb
England,E12000008,E06000035,Medway,MEDWA_c67f2a6abf39,a485ad554611
England,E12000008,E06000035,Medway,MEDWA_623f930c77d9,4a22a865facf
England,E12000008,E06000035,Medway,MEDWA_03f6cd87ee3d,3c34133619ef
England,E12000008,E06000035,Medway,MEDWA_9ca1559a8c0c,30e737922d61
England,E12000008,E06000035,Medway,MEDWA_14eb376e22c0,acefa2881248
England,E12000008,E06000035,Medway,MEDWA_65d88aa2b453,68d98b59b930
England,E12000008,E06000035,Medway,MEDWA_c4afcf1db2de,53ff867ea632
England,E12000008,E06000035,Medway,MEDWA_83837b71d09a,44d89a3299b5
England,E12000008,E06000035,Medway,MEDWA_c36ad93f3eba,924a38a7b7e2
England,E12000008,E06000035,Medway,MEDWA_ff7ba4929b8a,eb2bff38d6c7
England,E12000008,E06000035,Medway,MEDWA_6d7862aae962,d1df2fdf57e1
England,E12000008,E06000035,Medway,MEDWA_41eb943edc24,832bbf3db620
England,E12000008,E06000035,Medway,MEDWA_500d6fad3b4e,7112d6d845e1
England,E12000008,E06000035,Medway,MEDWA_99a7172c456a,8d5e4c1b4f46
England,E12000008,E06000035,Medway,MEDWA_3f0875e68580,a3388a5f5b7e
England,E12000008,E06000035,Medway,MEDWA_e4cdc478949d,be976e998556
England,E12000008,E06000035,Medway,MEDWA_13e499cd45a7,b3c0827b70f4
England,E12000008,E06000035,Medway,MEDWA_43abea0d5cc1,799b094a897e
England,E12000008,E06000035,Medway,MEDWA_15b8d88d9347,88ca5f550d74
England,E12000008,E06000035,Medway,MEDWA_4af81964912c,aa6e3b9a12c5
England,E12000008,E06000035,Medway,MEDWA_b5f0456c535e,ebd232361398
England,E12000008,E06000035,Medway,MEDWA_1d00f5eaaea5,648a87693a58
England,E12000008,E06000035,Medway,MEDWA_a7f86c96205a,111d1fd4f805
England,E12000008,E06000035,Medway,MEDWA_9e9c01d00901,cf2d6b8f0df2
England,E12000008,E06000035,Medway,MEDWA_317905851bce,70fcdb493468
England,E12000008,E06000035,Medway,MEDWA_580c75ff7b66,c4cd00e3536c
England,E12000008,E06000035,Medway,MEDWA_1b97b4d183f1,4776c7127cf4
England,E12000008,E06000035,Medway,MEDWA_836db205c526,74acc3cd21bd
England,E12000008,E06000035,Medway,MEDWA_9a336c6ee6a6,a4b2bd06dd50
England,E12000008,E06000035,Medway,MEDWA_5d6239337aae,3db1d8a55e16
England,E12000008,E06000035,Medway,MEDWA_39a225016d58,b0c5b7416d1d
England,E12000008,E06000035,Medway,MEDWA_57dd74454287,b91289458b51
England,E12000008,E06000035,Medway,MEDWA_49d189f750de,6f565802265d
England,E12000008,E06000035,Medway,MEDWA_5246a1d35d11,341f589abbd2
England,E12000008,E06000035,Medway,MEDWA_066f9d8cb495,7547945b23d4
England,E12000008,E06000035,Medway,MEDWA_2d8423d1ef15,a749df7cead5
England,E12000008,E06000035,Medway,MEDWA_2d79ff13a292,20ffdc8015ac
England,E12000008,E06000035,Medway,MEDWA_01e4cacb13f9,79e3f7794eee
England,E12000008,E06000035,Medway,MEDWA_c71562b66e53,7f85a5f7ac4e
England,E12000008,E06000035,Medway,MEDWA_b8b1e0957224,4c1f089daa8c
England,E12000008,E06000035,Medway,MEDWA_4b849730c08a,36bdf68bb5ea
England,E12000008,E06000035,Medway,MEDWA_71e4b0ffa03d,da254aeee8c2
England,E12000008,E06000035,Medway,MEDWA_e840e705e3c2,d779d099f10b
England,E12000008,E06000035,Medway,MEDWA_f1773b9c931e,e9906edf9623
England,E12000008,E06000035,Medway,MEDWA_a12b6048f5c0,16089641c18b
England,E12000008,E06000035,Medway,MEDWA_f39c364a117c,92278267133f
England,E12000008,E06000035,Medway,MEDWA_0565d8d2327d,0f2483aa2d3e
England,E12000008,E06000035,Medway,MEDWA_7c52d9a45eed,e38c3f9b3f94
England,E12000008,E06000035,Medway,MEDWA_8b194cd087c7,b235a4faa7ce
England,E12000008,E06000035,Medway,MEDWA_0a63e4133ef1,9aa58243c15b
England,E12000008,E06000035,Medway,MEDWA_0afbedc7ced9,df185b7e0288
England,E12000008,E06000035,Medway,MEDWA_793fec7209da,66581a549c6a
England,E12000008,E06000035,Medway,MEDWA_0d4900c4f8cf,5dde4a5e99d7
England,E12000008,E06000035,Medway,MEDWA_ca76ab2de4f4,97378982889d
England,E12000008,E06000035,Medway,MEDWA_b6ee05d126df,40166314e3b5
England,E12000008,E06000035,Medway,MEDWA_ab72c73d0689,b54b6a2350a2
England,E12000008,E06000035,Medway,MEDWA_8e403895098a,7a9f7a587f3e
England,E12000008,E06000035,Medway,MEDWA_2471ca82e68f,592a260ef00c
England,E12000008,E06000035,Medway,MEDWA_1300e057fe78,d41989fe7c39
England,E12000008,E06000035,Medway,MEDWA_91cb752582e8,3f859806502c
England,E12000008,E06000035,Medway,MEDWA_1016cdec59bf,a146714ba431
England,E12000008,E06000035,Medway,MEDWA_1336c2d6d547,9ddb2b6ffa3d
England,E12000008,E06000035,Medway,MEDWA_459c7efb57a5,4c1029f673d0
England,E12000008,E06000035,Medway,MEDWA_55cc7fade33f,5742ca641c35
England,E12000008,E06000035,Medway,MEDWA_16a6907f7694,35d4d0172943
England,E12000008,E06000035,Medway,MEDWA_bc1a439fec3a,ba69e45256c3
England,E12000008,E06000035,Medway,MEDWA_43acaa873093,0824d99d8eb8
England,E12000008,E06000035,Medway,MEDWA_0629b43c0bf2,3bf5d431fb43
England,E12000008,E06000035,Medway,MEDWA_bd79f336f76d,c39b63be5a46
England,E12000008,E06000035,Medway,MEDWA_c017192aea6a,b81f0f6c7b1d
England,E12000008,E06000035,Medway,MEDWA_50c1883410dd,2be14516d24e
England,E12000008,E06000035,Medway,MEDWA_9777c85262bb,82a259032f89
England,E12000008,E06000035,Medway,MEDWA_25b1a230ecb7,2176ca6d13ed
England,E12000008,E06000035,Medway,MEDWA_25beeb1ebd03,df04eac0d8c2
England,E12000008,E06000035,Medway,MEDWA_b119a74d63ed,1a9d7a258a5a
England,E12000008,E06000035,Medway,MEDWA_dcd5855475a4,9d899b63e1ac
England,E12000008,E06000035,Medway,MEDWA_0e6716e5a040,67791b1dd933
England,E12000008,E06000035,Medway,MEDWA_c625edce79eb,512c5854996d
England,E12000008,E06000035,Medway,MEDWA_60499fbf4b32,4c325bf1dd19
England,E12000008,E06000035,Medway,MEDWA_f24e04c433b4,0c8f0646b3cf
England,E12000008,E06000035,Medway,MEDWA_7d34b9e4797c,9a98ca88f347
England,E12000008,E06000035,Medway,MEDWA_421fdd63503b,f9bb4aa7b357
England,E12000008,E06000035,Medway,MEDWA_8a9622c49b9d,61e9985f9281
England,E12000008,E06000035,Medway,MEDWA_ebfe8bb7bf29,2546ff6d04e6
England,E12000008,E06000035,Medway,MEDWA_b94870186fb3,03cbde330487
England,E12000008,E06000035,Medway,MEDWA_133908cb4dea,bbb04e0e57b9
England,E12000008,E06000035,Medway,MEDWA_cd3efab121a0,7bf949f00507
England,E12000008,E06000035,Medway,MEDWA_0968c1f7c8fd,cba6290d110e
England,E12000008,E06000035,Medway,MEDWA_688fbf6eba17,fa777259d561
England,E12000008,E06000035,Medway,MEDWA_036c7d7387b2,d2285525c9ad
England,E12000008,E06000035,Medway,MEDWA_7051f481ad54,a37fff490ae4
England,E12000008,E06000035,Medway,MEDWA_c18515decc5d,6f7884cf20ff
England,E12000008,E06000035,Medway,MEDWA_396391e1e268,60382cee1f59
England,E12000008,E06000035,Medway,MEDWA_011a61d0b970,5f80e9566e5d
England,E12000008,E06000035,Medway,MEDWA_29fe3b0c71b2,f69cf2dd09c8
England,E12000008,E06000035,Medway,MEDWA_2740aaa4868c,3c455f249aa8
England,E12000008,E06000035,Medway,MEDWA_279d622d0247,1a1eb305e303
England,E12000008,E06000035,Medway,MEDWA_efcbec31aa90,670d19e72dec
England,E12000008,E06000035,Medway,MEDWA_f35bebeac474,75917d3cdee1
England,E12000008,E06000035,Medway,MEDWA_12ca422c2959,8bf0850f7ae2
England,E12000008,E06000035,Medway,MEDWA_89f8bad9ba24,716945222011
England,E12000008,E06000035,Medway,MEDWA_d0bd11e755e6,1d8f22a14dad
England,E12000008,E06000035,Medway,MEDWA_b9206ff55867,64bc2abf7d1f
England,E12000008,E06000035,Medway,MEDWA_f652d88d8548,0dcf834877aa
England,E12000008,E06000035,Medway,MEDWA_a4873feaa83a,76e3f2f43a46
England,E12000008,E06000035,Medway,MEDWA_31f98bd998f1,9baf3f29171b
England,E12000008,E06000035,Medway,MEDWA_793cb4b41331,ed1a871e5249
England,E12000008,E06000035,Medway,MEDWA_6e632d23260e,2cc0db538d8e
England,E12000008,E06000035,Medway,MEDWA_71401bf2ab47,4a48b7562879
England,E12000008,E06000035,Medway,MEDWA_5506beb7e84b,69f8594ba7dd
England,E12000008,E06000035,Medway,MEDWA_8722b8937831,3a8fb8992c5d
England,E12000008,E06000035,Medway,MEDWA_79c94c586454,cd46b6658d1d
England,E12000008,E06000035,Medway,MEDWA_60ce8f617c10,c2df10585e4c
England,E12000008,E06000035,Medway,MEDWA_f76ce8efb890,716cf6973c4e
England,E12000008,E06000035,Medway,MEDWA_1ace33770384,87775d01abf1
England,E12000008,E06000035,Medway,MEDWA_765ecf991f50,d81076016245
England,E12000008,E06000035,Medway,MEDWA_bfc0223f73a3,9ea8f86a4a2d
England,E12000008,E06000035,Medway,MEDWA_eeb30c28be40,d236574f3bc3
England,E12000008,E06000035,Medway,MEDWA_9bf5257e399c,1d54ed4dabcb
England,E12000008,E06000035,Medway,MEDWA_a88d8e54a56a,d918e4cdcde1
England,E12000008,E06000035,Medway,MEDWA_fec484410696,5ec62c44286d
England,E12000008,E06000035,Medway,MEDWA_86aeefa4bf8c,537b5c5b55da
England,E12000008,E06000035,Medway,MEDWA_637b23175c20,9e2c513b8a7e
England,E12000008,E06000035,Medway,MEDWA_6905f5697990,ebc8f1d42651
England,E12000008,E06000035,Medway,MEDWA_0679c06fd523,d396b01ea20b
England,E12000008,E06000035,Medway,MEDWA_c4f66ec600f7,d32ffd2d05aa
England,E12000008,E06000035,Medway,MEDWA_effe62e2a6e8,55a6f7ba177c
England,E12000008,E06000035,Medway,MEDWA_2af13bdf5626,1c7dc22f2b84
England,E12000008,E06000035,Medway,MEDWA_2d80a7d84cdc,43405ec258ae
England,E12000008,E06000035,Medway,MEDWA_7900081d6461,5f8b667dbef2
England,E12000008,E06000035,Medway,MEDWA_2f06fdd5d42e,c8cbfdd4e14e
England,E12000008,E06000035,Medway,MEDWA_5b1999863363,e0f7656a8e2f
England,E12000008,E06000035,Medway,MEDWA_fac664184ef1,e6ff9839f0e7
England,E12000008,E06000035,Medway,MEDWA_326fd6df0431,baca62845bde
England,E12000008,E06000035,Medway,MEDWA_1f3ceb7014a0,7ccd8f8e5a8f
England,E12000008,E06000035,Medway,MEDWA_a5ba00dad779,4dd28c3fccb5
England,E12000008,E06000035,Medway,MEDWA_bf46a9dbeae5,a30021cfdfc5
England,E12000008,E06000035,Medway,MEDWA_c22170be14ed,ecdbedc94256
England,E12000008,E06000035,Medway,MEDWA_e18901bc659d,be8cb41d0c60
England,E12000008,E06000035,Medway,MEDWA_6f7b0eaa3c3d,9755db55656b
England,E12000008,E06000035,Medway,MEDWA_c3d141fdbbc4,79e710843442
England,E12000008,E06000035,Medway,MEDWA_f7585e21d21e,c44ccc6e7af1
England,E12000008,E06000035,Medway,MEDWA_928bc56a1df7,601d4a04c4d8
England,E12000008,E06000035,Medway,MEDWA_416252dd8b25,d6a2b4194176
England,E12000008,E06000035,Medway,MEDWA_2b9959e33e19,fcd1b238fd09
England,E12000008,E06000035,Medway,MEDWA_288bec9e93e1,24dfe30ff9c2
England,E12000008,E06000035,Medway,MEDWA_db9b3d2f539c,b8cfb631e354
England,E12000008,E06000035,Medway,MEDWA_61a996356d32,083afa0b3807
England,E12000008,E06000035,Medway,MEDWA_3fd1d3559a2d,3acee6b54873
England,E12000008,E06000035,Medway,MEDWA_52c9d04f0241,09bcc98cfc5b
England,E12000008,E06000035,Medway,MEDWA_228353318c14,a5286bfa6df7
England,E12000008,E06000035,Medway,MEDWA_c47a97c2e6c5,77f191da92a1
England,E12000008,E06000035,Medway,MEDWA_370c9e6c4288,356b87856818
England,E12000008,E06000035,Medway,MEDWA_9af2f8dc35e7,98f3d66d70f5
England,E12000008,E06000035,Medway,MEDWA_1f4875d1f35d,b98147c6334d
England,E12000008,E06000035,Medway,MEDWA_1f253e3298e5,31d3d07f3be7
England,E12000008,E06000035,Medway,MEDWA_fd150beadf14,6041b6610071
England,E12000008,E06000035,Medway,MEDWA_2b18e7df2a42,9b6e3148460a
England,E12000008,E06000035,Medway,MEDWA_40076d64c7b2,eb61a889fc57
England,E12000008,E06000035,Medway,MEDWA_21af31e04067,6f4bdaa41f0f
England,E12000008,E06000035,Medway,MEDWA_8c3faaed6a00,014a4802d322
England,E12000008,E06000035,Medway,MEDWA_067a619cb6dc,533da31409a5
England,E12000008,E06000035,Medway,MEDWA_4aceef1a8ae5,fd507f80d31b
England,E12000008,E06000035,Medway,MEDWA_33f2b7aa457f,b0c77e9ebfc1
England,E12000008,E06000035,Medway,MEDWA_acaa9565aa1b,90ae9a31ac3b
England,E12000008,E06000035,Medway,MEDWA_c0418a5452ad,dbe285e9d593
England,E12000008,E06000035,Medway,MEDWA_4d9019d1878b,d9647f556128
England,E12000008,E06000035,Medway,MEDWA_42eb6be1a647,0c5de072518e
England,E12000008,E06000035,Medway,MEDWA_7038d976711d,6b4306b75897
England,E12000008,E06000035,Medway,MEDWA_716f5d9a1415,9cf6e082f99a
England,E12000008,E06000035,Medway,MEDWA_0dcc011b8c8e,3292ab8a8e7f
England,E12000008,E06000035,Medway,MEDWA_695a2c30bc92,276d4a113e38
England,E12000008,E06000035,Medway,MEDWA_f99fd3b22034,964f7475d977
England,E12000008,E06000035,Medway,MEDWA_ae8337232865,39a5bdda7346
England,E12000008,E06000035,Medway,MEDWA_68e52a3ae277,33c95b2ff708
England,E12000008,E06000035,Medway,MEDWA_2bbff7a240df,785b5879f8ca
England,E12000008,E06000035,Medway,MEDWA_ddfce9bc19a4,1804dd037afe
England,E12000008,E06000035,Medway,MEDWA_1bc005df0eb5,bca3fa1498e9
England,E12000008,E06000035,Medway,MEDWA_0bf7bd11f5cb,8c2502664f5d
England,E12000008,E06000035,Medway,MEDWA_be08159e4c4a,dacbcb7cdad0
England,E12000008,E06000035,Medway,MEDWA_ea7b0758860c,6d7f6e2e80f5
England,E12000008,E06000035,Medway,MEDWA_22211f51f8cb,abf9f22f50a9
England,E12000008,E06000035,Medway,MEDWA_14e9d9ced885,84dbccdd2498
England,E12000008,E06000035,Medway,MEDWA_d4a9eaddded3,94679c455216
England,E12000008,E06000035,Medway,MEDWA_95084cd0f15a,d6f886170a58
England,E12000008,E06000035,Medway,MEDWA_d11ee57f2279,e9bb2767dced
England,E12000008,E06000035,Medway,MEDWA_204f74188507,7f3b5d7b3d80
England,E12000008,E06000035,Medway,MEDWA_69b8fd1907e3,6e81c93bc51f
England,E12000008,E06000035,Medway,MEDWA_8ca25d4e1f58,6600f4c2c957
England,E12000008,E06000035,Medway,MEDWA_8cf8a1b91192,5895ab136726
England,E12000008,E06000035,Medway,MEDWA_643835b025f2,a2400f778c5f
England,E12000008,E06000035,Medway,MEDWA_a5235f0e5337,3040c5af7db1
England,E12000008,E06000035,Medway,MEDWA_8c68e6fd94c5,7029f1f40c37
England,E12000008,E06000035,Medway,MEDWA_5ffdb90ba069,8c95730b35f4
England,E12000008,E06000035,Medway,MEDWA_6c129bbd5e12,7da8afc6bacf
England,E12000008,E06000035,Medway,MEDWA_7c4213db34de,34ce97a01b5c
England,E12000008,E06000035,Medway,MEDWA_c4c3c34343ba,6db4611b6261
England,E12000008,E06000035,Medway,MEDWA_df2965cfbae4,f33a89d76df2
England,E12000008,E06000035,Medway,MEDWA_6c4d4462dd17,3a6398488c9b
England,E12000008,E06000035,Medway,MEDWA_b5c812b602fd,7dec599cfa18
England,E12000008,E06000035,Medway,MEDWA_54ec87b323c6,9bf0c5dad1b0
England,E12000008,E06000035,Medway,MEDWA_5ba83c974d84,59a145835b43
England,E12000008,E06000035,Medway,MEDWA_b1b666e0f7f3,515b8b849416
England,E12000008,E06000035,Medway,MEDWA_18ad31a87cc7,726459cb043e
England,E12000008,E06000035,Medway,MEDWA_6eecdf7d791d,36404bbffa14
England,E12000008,E06000035,Medway,MEDWA_df2b46a2f1a6,eecd9bd5a077
England,E12000008,E06000035,Medway,MEDWA_394e39ecf46c,3976fade4087
England,E12000008,E06000035,Medway,MEDWA_5b52c68504f0,87e0606d671d
England,E12000008,E06000035,Medway,MEDWA_8fa77dc077ec,3396b45a91de
England,E12000008,E06000035,Medway,MEDWA_5efce6ba5b2d,31a8cd9ba7e3
England,E12000008,E06000035,Medway,MEDWA_266f1e38d855,86ee5d7b620b
England,E12000008,E06000035,Medway,MEDWA_915e10307e7d,52566c305f00
England,E12000008,E06000035,Medway,MEDWA_f2c739ceaeca,665b2c36783b
England,E12000008,E06000035,Medway,MEDWA_9064865eea28,68df515a8f27
England,E12000008,E06000035,Medway,MEDWA_9468582c8421,2676a25fe521
England,E12000008,E06000035,Medway,MEDWA_429ad6d409b8,f5e39e4a20e9
England,E12000008,E06000035,Medway,MEDWA_e40040fa2212,624ea1f22ca4
England,E12000008,E06000035,Medway,MEDWA_cdbc800bf8d4,49beac9cfaa1
England,E12000008,E06000035,Medway,MEDWA_f03d5df3c806,db810872c16a
England,E12000008,E06000035,Medway,MEDWA_0d81d484a003,8d2da4c57858
England,E12000008,E06000035,Medway,MEDWA_5516af0f0a8e,b297384a6cdc
England,E12000008,E06000035,Medway,MEDWA_75929f3a6d7a,ade657a87d87
England,E12000008,E06000035,Medway,MEDWA_1d509fd06fd6,6020303424ed
England,E12000008,E06000035,Medway,MEDWA_e725adcb7b46,d1c6bf668ebf
England,E12000008,E06000035,Medway,MEDWA_abb7a4895afb,ab7cff6b1599
England,E12000008,E06000035,Medway,MEDWA_75737e0c19a1,660150f02ff4
England,E12000008,E06000035,Medway,MEDWA_158df0aebbf1,80a79aa37cdf
England,E12000008,E06000035,Medway,MEDWA_2cb331a86470,1d5d29bc6f68
England,E12000008,E06000035,Medway,MEDWA_e35d564fa1af,ae1881dd8d10
England,E12000008,E06000035,Medway,MEDWA_18d831a8e66e,264dd70c0136
England,E12000008,E06000035,Medway,MEDWA_e9cc80e9d245,d36965a6fa84
England,E12000008,E06000035,Medway,MEDWA_d5090dd1f704,a5cc5624c91e
England,E12000008,E06000035,Medway,MEDWA_db22ffc98a6d,33595f90ab0b
England,E12000008,E06000035,Medway,MEDWA_76a4fcff46f2,1dc6acbf601f
England,E12000008,E06000035,Medway,MEDWA_2ede7ee0794d,2bac976e79f4
England,E12000008,E06000035,Medway,MEDWA_ef80977a8b73,4ab3e455be63
England,E12000008,E06000035,Medway,MEDWA_4090e047343c,322fdbbf1c20
England,E12000008,E06000035,Medway,MEDWA_edd8d5bc0f66,d796682a5cef
England,E12000008,E06000035,Medway,MEDWA_2e2ebe6462cf,024e1969aeea
England,E12000008,E06000035,Medway,MEDWA_d3335ad7a7c3,0e0479c38d36
England,E12000008,E06000035,Medway,MEDWA_52b798fdbf7f,b1bffba577c0
England,E12000008,E06000035,Medway,MEDWA_30197c6c6576,e62d4d0352e7
England,E12000008,E06000035,Medway,MEDWA_817bb6a3181e,5ba396c66ec3
England,E12000008,E06000035,Medway,MEDWA_fec9a0993c6a,8b2cc7fb4661
England,E12000008,E06000035,Medway,MEDWA_f4c2daa1a722,1754bc9271a0
England,E12000008,E06000035,Medway,MEDWA_6aca5d9a8e5f,dd66384e3af5
England,E12000008,E06000035,Medway,MEDWA_38d5a03bcab7,f139657c39c6
England,E12000008,E06000035,Medway,MEDWA_d546165897f6,ace8d3d144b6
England,E12000008,E06000035,Medway,MEDWA_663ae85495c1,f0a1ab5454d6
England,E12000008,E06000035,Medway,MEDWA_c41e81369cda,1d62faa4dadb
England,E12000008,E06000035,Medway,MEDWA_accf66871247,983d4376b7df
England,E12000008,E06000035,Medway,MEDWA_1f6e4d6b8f12,424b71cfb6b2
England,E12000008,E06000035,Medway,MEDWA_7262767acef7,bddb11837b07
England,E12000008,E06000035,Medway,MEDWA_cf0b9ac92544,e69a300482b9
England,E12000008,E06000035,Medway,MEDWA_2d071b6145c3,b401e3c5f44b
England,E12000008,E06000035,Medway,MEDWA_b076d46d2f68,ef93f621ee01
England,E12000008,E06000035,Medway,MEDWA_db2b24a98b72,4aa9a03d884e
England,E12000008,E06000035,Medway,MEDWA_d02f1fa8f1a5,353687a2767b
England,E12000008,E06000035,Medway,MEDWA_5667f1190f51,36621c35462c
England,E12000008,E06000035,Medway,MEDWA_8cb92080a9cf,0155b75239cb
England,E12000008,E06000035,Medway,MEDWA_9c60d127812b,362233fd1774
England,E12000008,E06000035,Medway,MEDWA_b41172a79e84,6098e4a81327
England,E12000008,E06000035,Medway,MEDWA_537d82be5031,e06013a62c53
England,E12000008,E06000035,Medway,MEDWA_b10e22bf887d,d55d55b3e753
England,E12000008,E06000035,Medway,MEDWA_d17b199cf034,7762425a7820
England,E12000008,E06000035,Medway,MEDWA_e45f0ca4b9dd,d466af46ab07
England,E12000008,E06000035,Medway,MEDWA_c64f20a86720,e22bd45cd8f0
England,E12000008,E06000035,Medway,MEDWA_9e76ed09f6c6,9063c6f8980b
England,E12000008,E06000035,Medway,MEDWA_3cfd26548309,55f1c8eedfd8
England,E12000008,E06000035,Medway,MEDWA_e4ad8075a4a9,c0af5c257dbb
England,E12000008,E06000035,Medway,MEDWA_3183a1adf2d5,b21f36202700
England,E12000008,E06000035,Medway,MEDWA_040ad041295c,4c60f594fdee
England,E12000008,E06000035,Medway,MEDWA_0f62ae457431,5583f432cae6
England,E12000008,E06000035,Medway,MEDWA_e912916a54ff,7217f9f1398f
England,E12000008,E06000035,Medway,MEDWA_c04f2fdfaab2,dd868b083a53
England,E12000008,E06000035,Medway,MEDWA_1975f2905b64,0506fb40ea45
England,E12000008,E06000035,Medway,MEDWA_4fd19fac1f6e,bd502dfc532a
England,E12000008,E06000035,Medway,MEDWA_f50b75ff4f18,8adab37d2e1e
England,E12000008,E06000035,Medway,MEDWA_b0f852599d6f,37b5985c041a
England,E12000008,E06000035,Medway,MEDWA_ec1a92132888,308599e2ac7d
England,E12000008,E06000035,Medway,MEDWA_a4fa7538bb07,4069a890dd23
England,E12000008,E06000035,Medway,MEDWA_ea2edeea008c,451369a6a766
England,E12000008,E06000035,Medway,MEDWA_54b246ec77d3,4716ab645311
England,E12000008,E06000035,Medway,MEDWA_0c25dba180ed,650c74d4be88
England,E12000008,E06000035,Medway,MEDWA_f33e7862a2ea,c8797ddf8cf0
England,E12000008,E06000035,Medway,MEDWA_d2ae4798af40,331c7b19222d
England,E12000008,E06000035,Medway,MEDWA_798ce4a7c7fe,a0d35c5b30f3
England,E12000008,E06000035,Medway,MEDWA_f2214f882da7,0bd6636bed64
England,E12000008,E06000035,Medway,MEDWA_4ac6d5740121,7bec2636571b
England,E12000008,E06000035,Medway,MEDWA_8dac566e3aa0,5e9cd67eb258
England,E12000008,E06000035,Medway,MEDWA_4cb2a3ff10d9,e70cf93f1103
England,E12000008,E06000035,Medway,MEDWA_807865738b10,9e5a0bac5c73
England,E12000008,E06000035,Medway,MEDWA_282bcdefc6c7,d0f1026d4c56
England,E12000008,E06000035,Medway,MEDWA_c7bda56b8974,303ab7e0bfdd
England,E12000008,E06000035,Medway,MEDWA_17e7a85b60b5,5bafa284ed8d
England,E12000008,E06000035,Medway,MEDWA_4291fdb19df9,6837ed93cfdd
England,E12000008,E06000035,Medway,MEDWA_01eb662f53e0,551072f7cc28
England,E12000008,E06000035,Medway,MEDWA_9420e0ef9a1a,c3cbfea111d5
England,E12000008,E06000035,Medway,MEDWA_8bea626d6866,bfc487a45d59
England,E12000008,E06000035,Medway,MEDWA_7a1afb648c65,9f3a368c885a
England,E12000008,E06000035,Medway,MEDWA_d85ba0b3242f,1673adeeac53
England,E12000008,E06000035,Medway,MEDWA_4612278f01f0,6a4633f4dd82
England,E12000008,E06000035,Medway,MEDWA_007c9354557e,cd78ad115384
England,E12000008,E06000035,Medway,MEDWA_a751ea0ecc56,93a825240741
England,E12000008,E06000035,Medway,MEDWA_2c19f4e76af4,c433d0bc0ab4
England,E12000008,E06000035,Medway,MEDWA_fd75fc26d27d,146a7a5cb27b
England,E12000008,E06000035,Medway,MEDWA_b9c0dded6937,f0e6ce2e4253
England,E12000008,E06000035,Medway,MEDWA_35781756648a,ce97bd90aece
England,E12000008,E06000035,Medway,MEDWA_c89f82776cad,b3a847af4b8d
England,E12000008,E06000035,Medway,MEDWA_5da7d8d9f67f,76b08029edab
England,E12000008,E06000035,Medway,MEDWA_84763b56991b,67f1e59d3be0
England,E12000008,E06000035,Medway,MEDWA_4c75829f965f,f1970519b5d2
England,E12000008,E06000035,Medway,MEDWA_8517645c513c,1b849c4a4ab6
England,E12000008,E06000035,Medway,MEDWA_58b4c1495cdf,5d9f5ba29113
England,E12000008,E06000035,Medway,MEDWA_29d3cef219f2,b0cd74c35629
England,E12000008,E06000035,Medway,MEDWA_080fdeb6a354,f61f7360d72e
England,E12000008,E06000035,Medway,MEDWA_c5a79931facc,10761918765a
England,E12000008,E06000035,Medway,MEDWA_cb3a5c26f248,adfca6d089f7
England,E12000008,E06000035,Medway,MEDWA_4e09f5ce77ba,f4578a6ccb81
England,E12000008,E06000035,Medway,MEDWA_e545f80d98e1,0273da11af2a
England,E12000008,E06000035,Medway,MEDWA_8d4db16a00ed,c924ab8c4b38
England,E12000008,E06000035,Medway,MEDWA_af9cee3ddee1,2b1f72a58ef9
England,E12000008,E06000035,Medway,MEDWA_868eae1d9d97,356764adc5e1
England,E12000008,E06000035,Medway,MEDWA_b848def954b4,4a67e0ff8fa3
England,E12000008,E06000035,Medway,MEDWA_86c456ba1db1,c2e57542f3a7
England,E12000008,E06000035,Medway,MEDWA_209b5ab8e46c,77f3b94f603a
England,E12000008,E06000035,Medway,MEDWA_988637a228fc,f59b15572dca
England,E12000008,E06000035,Medway,MEDWA_cad8d6bb4502,b012d1b69aa2
England,E12000008,E06000035,Medway,MEDWA_d26a696c75ff,7a41dad62bb3
England,E12000008,E06000035,Medway,MEDWA_958a9e02ea9f,1dc0feb7a672
England,E12000008,E06000035,Medway,MEDWA_08b08f806a04,643a2fec0ca2
England,E12000008,E06000035,Medway,MEDWA_34c5012e11dd,791db6f3c925
England,E12000008,E06000035,Medway,MEDWA_1eaacbcddcd4,db7ce06d75d5
England,E12000008,E06000035,Medway,MEDWA_61d5defad2b2,555d4ba1e53f
England,E12000008,E06000035,Medway,MEDWA_9096e87541bd,77b7289f102b
England,E12000008,E06000035,Medway,MEDWA_c1eeb097b63e,bafcf225a18a
England,E12000008,E06000035,Medway,MEDWA_a6cd7209430c,91fd09e57a11
England,E12000008,E06000035,Medway,MEDWA_c9f75e1acd8e,ee3b9711a38d
England,E12000008,E06000035,Medway,MEDWA_05be1a580f44,f1b0e4143f7d
England,E12000008,E06000035,Medway,MEDWA_e359342d28cf,afc063246ce3
England,E12000008,E06000035,Medway,MEDWA_20dfb1e2a8fc,d68cbe86c261
England,E12000008,E06000035,Medway,MEDWA_75ae7a7b6c2d,d5222747f744
England,E12000008,E06000035,Medway,MEDWA_5b2c7951afb9,aa456edd1696
England,E12000008,E06000035,Medway,MEDWA_91d3d3fdd00c,29330bacf243
England,E12000008,E06000035,Medway,MEDWA_507639a4184f,7676124667f2
England,E12000008,E06000035,Medway,MEDWA_71926c07fc6f,b6ff45d432b7
England,E12000008,E06000035,Medway,MEDWA_8acac7dbdeb5,123c93803163
England,E12000008,E06000035,Medway,MEDWA_f4f28805846c,ab07869e84d2
England,E12000008,E06000035,Medway,MEDWA_0e469b0e5cb1,50252221a27d
England,E12000008,E06000035,Medway,MEDWA_6caa7894b2de,cde01b2bce83
England,E12000008,E06000035,Medway,MEDWA_e9bf61a40f06,92f3fb7212fb
England,E12000008,E06000035,Medway,MEDWA_b0cd05f2f5be,d48c1f8e4a95
England,E12000008,E06000035,Medway,MEDWA_1bb9630285ac,a7b1b6815fb7
England,E12000008,E06000035,Medway,MEDWA_6627e6ac729a,fa3257122bf2
England,E12000008,E06000035,Medway,MEDWA_ef89650f2e74,8430e2060248
England,E12000008,E06000035,Medway,MEDWA_cdbfa9f63dca,c7909ee687b6
England,E12000008,E06000035,Medway,MEDWA_e6b7d04a25f3,4c36a420ca92
England,E12000008,E06000035,Medway,MEDWA_fd9caed8eec3,07200fb97b72
England,E12000008,E06000035,Medway,MEDWA_273941174b11,b7e15f7ac293
England,E12000008,E06000035,Medway,MEDWA_7c0ec5153e55,b4ed1e136084
England,E12000008,E06000035,Medway,MEDWA_a65f540d8e2a,afe044ef531c
England,E12000008,E06000035,Medway,MEDWA_be0b1a5ff37c,fbc8ef7a95a9
England,E12000008,E06000035,Medway,MEDWA_73d8cf90f6aa,2261bcfa7d4c
England,E12000008,E06000035,Medway,MEDWA_7371ddde7899,cdd889099900
England,E12000008,E06000035,Medway,MEDWA_813fc8c2bb84,192b39040567
England,E12000008,E06000035,Medway,MEDWA_d0be367fc895,907d3eee6c16
England,E12000008,E06000035,Medway,MEDWA_c37040f1b102,97c556e80d22
England,E12000008,E06000035,Medway,MEDWA_c07e4fab821f,b466e5563a47
England,E12000008,E06000035,Medway,MEDWA_486ccb671f45,638a1cf1ff86
England,E12000008,E06000035,Medway,MEDWA_0992e4d27c24,3e71d35923c1
England,E12000008,E06000035,Medway,MEDWA_44638efa74f6,4a787977c6cb
England,E12000008,E06000035,Medway,MEDWA_d8de188bf353,e26d5b329078
England,E12000008,E06000035,Medway,MEDWA_ef147404b90c,d11bbd725282
England,E12000008,E06000035,Medway,MEDWA_da0c265d30a7,3de64bd75411
England,E12000008,E06000035,Medway,MEDWA_477492ec18b5,f6c1e41d77cb
England,E12000008,E06000035,Medway,MEDWA_95788e58e8fa,ccabac9ef513
England,E12000008,E06000035,Medway,MEDWA_106e9b472668,55240bf16275
England,E12000008,E06000035,Medway,MEDWA_b47d4808ab06,1b7cf2b015a3
England,E12000008,E06000035,Medway,MEDWA_fc78d82b0e4e,00dc11afcbb4
England,E12000008,E06000035,Medway,MEDWA_6137950595c1,ddc07a32839b
England,E12000008,E06000035,Medway,MEDWA_0635ad6293c9,20a8ad76760b
England,E12000008,E06000035,Medway,MEDWA_ad97813766a4,47fea5884ad5
England,E12000008,E06000035,Medway,MEDWA_aff3dc9bccce,db43c1d9bb1d
England,E12000008,E06000035,Medway,MEDWA_e57744751d19,498714b9b339
England,E12000008,E06000035,Medway,MEDWA_60d64ceda01f,121a36afff8c
England,E12000008,E06000035,Medway,MEDWA_d443eddb1bca,b7224a53b086
England,E12000008,E06000035,Medway,MEDWA_340591b61455,80c8166fe49a
England,E12000008,E06000035,Medway,MEDWA_caf9dad7a737,91b28894ee65
England,E12000008,E06000035,Medway,MEDWA_85a9d946d3b3,f856532ffeb5
England,E12000008,E06000035,Medway,MEDWA_2f3c68503f5a,b3d844c07394
England,E12000008,E06000035,Medway,MEDWA_458c954e57a6,e1694364a648
England,E12000008,E06000035,Medway,MEDWA_c7a87ffc9371,4ca81236414f
England,E12000008,E06000035,Medway,MEDWA_fb38907f7205,79ecebdc632a
England,E12000008,E06000035,Medway,MEDWA_594d660b4b5c,f2b7925f5f26
England,E12000008,E06000035,Medway,MEDWA_4ffa8de2e6fe,4562bdfc18fb
England,E12000008,E06000035,Medway,MEDWA_8f9eae26d4aa,5b6fe19a7845
England,E12000008,E06000035,Medway,MEDWA_914751ec53dd,ba9e9e1c6a8a
England,E12000008,E06000035,Medway,MEDWA_8356d5cf4d14,b8ac0aded66a
England,E12000008,E06000035,Medway,MEDWA_ad29189b2da3,4d80a30e590f
England,E12000008,E06000035,Medway,MEDWA_3986ab788a94,948fbb0f3081
England,E12000008,E06000035,Medway,MEDWA_6d3010478626,1f34901fab74
England,E12000008,E06000035,Medway,MEDWA_6cd2d73bd819,cd089aa7b7dd
England,E12000008,E06000035,Medway,MEDWA_0fa0de9c0291,b435f2aca639
England,E12000008,E06000035,Medway,MEDWA_34e98f4832a4,1f5b54cc66d6
England,E12000008,E06000035,Medway,MEDWA_9dd183137d5b,7b8f66a99201
England,E12000008,E06000035,Medway,MEDWA_fce51729cddf,9aaeb1699733
England,E12000008,E06000035,Medway,MEDWA_115520d6f982,cc301c0ad411
England,E12000008,E06000035,Medway,MEDWA_9f1e5f7d151d,da639bb4bc77
England,E12000008,E06000035,Medway,MEDWA_a1ef134072f6,3eb8c8a06a60
England,E12000008,E06000035,Medway,MEDWA_82f597fba632,fa5550bf766a
England,E12000008,E06000035,Medway,MEDWA_4b91643e1077,cb0fce03bfb2
England,E12000008,E06000035,Medway,MEDWA_6079cd761f6c,bffb7cff76a1
England,E12000008,E06000035,Medway,MEDWA_1fc4395257bc,93ebb0f552d2
England,E12000008,E06000035,Medway,MEDWA_167fad8ea34a,055b14536c33
England,E12000008,E06000035,Medway,MEDWA_ebf0ec644167,d79d32a2b387
England,E12000008,E06000035,Medway,MEDWA_a2c67509044b,982be07b4c12
England,E12000008,E06000035,Medway,MEDWA_a3e2ec31f2b8,f5d1135b20d3
England,E12000008,E06000035,Medway,MEDWA_7fbb40be3975,f05888843679
England,E12000008,E06000035,Medway,MEDWA_fd1874ed85f5,3ec12b50229f
England,E12000008,E06000035,Medway,MEDWA_0cfc10db6bc4,8da93e460f57
England,E12000008,E06000035,Medway,MEDWA_9122588fead5,ceda10f59e46
England,E12000008,E06000035,Medway,MEDWA_470cbf999ff6,ca7f22698ac1
England,E12000008,E06000035,Medway,MEDWA_5bed35a3c145,22010b8b3acf
England,E12000008,E06000035,Medway,MEDWA_a7d1b19d6343,cd1f8ef50814
England,E12000008,E06000035,Medway,MEDWA_08e8de52e02c,84dfe44d7ec6
England,E12000008,E06000035,Medway,MEDWA_e1ffc5281aad,291ea1aafa42
England,E12000008,E06000035,Medway,MEDWA_59af75a1b374,05764cec7bd8
England,E12000008,E06000035,Medway,MEDWA_3b7629136af6,29c781e55484
England,E12000008,E06000035,Medway,MEDWA_b4423371e87b,ae9ef2c95749
England,E12000008,E06000035,Medway,MEDWA_ec68f41955d1,6374eb691d61
England,E12000008,E06000035,Medway,MEDWA_1b4ca1d5034d,c4f40cc6996a
England,E12000008,E06000035,Medway,MEDWA_77344c583a9c,8e14d86c25d2
England,E12000008,E06000035,Medway,MEDWA_129b46e687e2,c093be62e48a
England,E12000008,E06000035,Medway,MEDWA_28f974001e0c,9b8d99e38931
England,E12000008,E06000035,Medway,MEDWA_0bf107e73940,71859cdbdc45
England,E12000008,E06000035,Medway,MEDWA_60e793a2ad56,26d421878519
England,E12000008,E06000035,Medway,MEDWA_c3dbf4868ddc,028e065b73cc
England,E12000008,E06000035,Medway,MEDWA_1f9c4a331628,a5c81ee2f1e5
England,E12000008,E06000035,Medway,MEDWA_859c1bd3579c,f5dda985a254
England,E12000008,E06000035,Medway,MEDWA_c573a6b8733f,85c40268e079
England,E12000008,E06000035,Medway,MEDWA_84128b7d44c8,7d4380d7f678
England,E12000008,E06000035,Medway,MEDWA_673a99530352,6c05601a5608
England,E12000008,E06000035,Medway,MEDWA_c741a8c9fd11,9dce1dc0f69b
England,E12000008,E06000035,Medway,MEDWA_87e72452c184,e68c4896fbdc
England,E12000008,E06000035,Medway,MEDWA_809a728faca5,315a7f698234
England,E12000008,E06000035,Medway,MEDWA_8c087cacb4a6,823a0b41f17d
England,E12000008,E06000035,Medway,MEDWA_703b5585e20e,bad456acf88c
England,E12000008,E06000035,Medway,MEDWA_66f5739a8e2e,f780d726582d
England,E12000008,E06000035,Medway,MEDWA_266ccb431ba7,4a6ddd74fd68
England,E12000008,E06000035,Medway,MEDWA_9c4e3722c814,4ca87d4e449e
England,E12000008,E06000035,Medway,MEDWA_a4e1d3f190a6,45f21aa1308f
England,E12000008,E06000035,Medway,MEDWA_2c3e7daacca6,7ee00590ff0a
England,E12000008,E06000035,Medway,MEDWA_7ae9564b3d63,c7aebc8b010d
England,E12000008,E06000035,Medway,MEDWA_ab1068bc98ef,074d0801a2a8
England,E12000008,E06000035,Medway,MEDWA_36cd0950e97b,f5f8d0d17688
England,E12000008,E06000035,Medway,MEDWA_0275b1bc9e75,607353a7b148
England,E12000008,E06000035,Medway,MEDWA_e182837173c2,5328385fd07c
England,E12000008,E06000035,Medway,MEDWA_26e04456da46,6ace09c72f8c
England,E12000008,E06000035,Medway,MEDWA_13c91f2f8dd9,d3e60eaea84e
England,E12000008,E06000035,Medway,MEDWA_6670adc9a53e,bf0dc4854003
England,E12000008,E06000035,Medway,MEDWA_4708e5f32ad7,7dc612b36300
England,E12000008,E06000035,Medway,MEDWA_40dc938bd6ee,e88948e4f366
England,E12000008,E06000035,Medway,MEDWA_43c0dc4391ba,7968c6421a0e
England,E12000008,E06000035,Medway,MEDWA_9e4ec40a5bdf,7d2a48f58325
England,E12000008,E06000035,Medway,MEDWA_c8fa07d1cd55,0b860211cb9f
England,E12000008,E06000035,Medway,MEDWA_451959c9b2d1,5c84a8392c57
England,E12000008,E06000035,Medway,MEDWA_b3d49c7e6390,59f8d3feaeb9
England,E12000008,E06000035,Medway,MEDWA_19e9c57dac0c,5d53d75236d4
England,E12000008,E06000035,Medway,MEDWA_531b107d96d5,6be63b532f41
England,E12000008,E06000035,Medway,MEDWA_aace866c4dc3,3240cc0f152c
England,E12000008,E06000035,Medway,MEDWA_17a9526159d8,7e5867f15778
England,E12000008,E06000035,Medway,MEDWA_6a04d112a0ac,043a9e814832
England,E12000008,E06000035,Medway,MEDWA_95264b2699ed,a72b7f5e16b9
England,E12000008,E06000035,Medway,MEDWA_20f25d8eecc3,f04f4479e615
England,E12000008,E06000035,Medway,MEDWA_494a278f2800,e581fbe1de2a
England,E12000008,E06000035,Medway,MEDWA_dbdf89217d12,438ae5941f2e
England,E12000008,E06000035,Medway,MEDWA_f23c59ae8929,5c26f4ed6cfe
England,E12000008,E06000035,Medway,MEDWA_ad3da103aefd,8d9617c9f3a7
England,E12000008,E06000035,Medway,MEDWA_bcf3d997a6ec,1300bf63526f
England,E12000008,E06000035,Medway,MEDWA_0b6a4baa5aee,7a3b7d9ee62b
England,E12000008,E06000035,Medway,MEDWA_90a6bf592d5b,32f0aa59f751
England,E12000008,E06000035,Medway,MEDWA_7a696f415a98,c5f67da31cc2
England,E12000008,E06000035,Medway,MEDWA_2ffa12d123f3,8e9452e25701
England,E12000008,E06000035,Medway,MEDWA_4c239ef17857,0e7c2fd9387a
England,E12000008,E06000035,Medway,MEDWA_ea89546ca773,21c788c1dbde
England,E12000008,E06000035,Medway,MEDWA_c3c32e40d388,ddf50c6530e0
England,E12000008,E06000035,Medway,MEDWA_d806ec0844a4,189c22de54ab
England,E12000008,E06000035,Medway,MEDWA_e8e7c5dccf56,2e2b302a06a6
England,E12000008,E06000035,Medway,MEDWA_4503978e43eb,90a3c7d10c74
England,E12000008,E06000035,Medway,MEDWA_f84867efac6b,6f8475042a9f
England,E12000008,E06000035,Medway,MEDWA_0fa892b0beb9,e0896128bd42
England,E12000008,E06000035,Medway,MEDWA_85dbf6c5e781,3492ffed872b
England,E12000008,E06000035,Medway,MEDWA_73a7cc1c5d17,fb765d69d2d6
England,E12000008,E06000035,Medway,MEDWA_3613176c68b8,39508a9c4247
England,E12000008,E06000035,Medway,MEDWA_f9f12a5e63cf,7d5ec33f870d
England,E12000008,E06000035,Medway,MEDWA_cfde069f403f,09884c7f2bd9
England,E12000008,E06000035,Medway,MEDWA_a553d9d8c70b,4beca8563388
England,E12000008,E06000035,Medway,MEDWA_34ab0aa43982,875a494f8788
England,E12000008,E06000035,Medway,MEDWA_6c5de2745fd0,55f0f172f7e6
England,E12000008,E06000035,Medway,MEDWA_09b502fd6294,c413b767dc99
England,E12000008,E06000035,Medway,MEDWA_9cd12cd03abe,df2f38b8c8dc
England,E12000008,E06000035,Medway,MEDWA_1ec10fb37754,b8fa09b77c81
England,E12000008,E06000035,Medway,MEDWA_f5c629c09a28,18dec2128808
England,E12000008,E06000035,Medway,MEDWA_2f3dbaad9f9e,1c1e26243e85
England,E12000008,E06000035,Medway,MEDWA_3ce943bcf736,a53bc509a23b
England,E12000008,E06000035,Medway,MEDWA_025947034518,7f003671f2e3
England,E12000008,E06000035,Medway,MEDWA_c36bfa1380e1,52edb54c336b
England,E12000008,E06000035,Medway,MEDWA_59b7b71780e9,d0368c57f26e
England,E12000008,E06000035,Medway,MEDWA_435ae3bc1606,586953319cfd
England,E12000008,E06000035,Medway,MEDWA_7851435ae85f,851608a78558
England,E12000008,E06000035,Medway,MEDWA_6990c1c36761,94c8524b2b0e
England,E12000008,E06000035,Medway,MEDWA_df2e85faf474,fd0f1a6b4077
England,E12000008,E06000035,Medway,MEDWA_bb87c1c1c06b,371cfb716751
England,E12000008,E06000035,Medway,MEDWA_51231886ab25,ad3922ac355b
England,E12000008,E06000035,Medway,MEDWA_ee09e4d45a55,fe47efed3a91
England,E12000008,E06000035,Medway,MEDWA_7c5d779d3898,c82744edf8f4
England,E12000008,E06000035,Medway,MEDWA_437c20302e3c,5dbc8a527d29
England,E12000008,E06000035,Medway,MEDWA_a2a43c4073cb,da8cc3d4df13
England,E12000008,E06000035,Medway,MEDWA_81c3a7864753,c74b6653c406
England,E12000008,E06000035,Medway,MEDWA_c989af7241ce,8d8c02bfda2e
England,E12000008,E06000035,Medway,MEDWA_dbef8e04ee9c,13bfd5025bed
England,E12000008,E06000035,Medway,MEDWA_21c3e48e3498,e42412f7cd74
England,E12000008,E06000035,Medway,MEDWA_ab3170960103,b11588c8894a
England,E12000008,E06000035,Medway,MEDWA_768402472996,d7e5bff8e5bc
England,E12000008,E06000035,Medway,MEDWA_796cf9dce028,42f7b7c10181
England,E12000008,E06000035,Medway,MEDWA_f8cc22931ad9,7beb6a621c89
England,E12000008,E06000035,Medway,MEDWA_8ec294ab31a3,12dc629f5362
England,E12000008,E06000035,Medway,MEDWA_f9dfbaf627e1,ec88c60c70b4
England,E12000008,E06000035,Medway,MEDWA_cd2e685a5364,21f4fc5f8546
England,E12000008,E06000035,Medway,MEDWA_acdf66450d13,59084c07be1d
England,E12000008,E06000035,Medway,MEDWA_117a02da616b,27648f262647
England,E12000008,E06000035,Medway,MEDWA_5e7b1b6c60ca,87c66c9353ad
England,E12000008,E06000035,Medway,MEDWA_87c2166c44d2,9e7f9df4f1ae
England,E12000008,E06000035,Medway,MEDWA_4a40b212aa9f,340a93634b4a
England,E12000008,E06000035,Medway,MEDWA_058e82ef3af9,5368130a33af
England,E12000008,E06000035,Medway,MEDWA_1660c9dca49e,6a5e24b0532d
England,E12000008,E06000035,Medway,MEDWA_0a28fe5f7687,d7bca5398520
England,E12000008,E06000035,Medway,MEDWA_9bface329314,a3522b6ff7d4
England,E12000008,E06000035,Medway,MEDWA_861ec4fc1ca5,8c55e97f426d
England,E12000008,E06000035,Medway,MEDWA_a679010be675,36ccda2984b1
England,E12000008,E06000035,Medway,MEDWA_a2b15d3e87f1,6ecfa008db3b
England,E12000008,E06000035,Medway,MEDWA_55f5ff2c926d,bffe34d34333
England,E12000008,E06000035,Medway,MEDWA_bc515f830743,7cef439eb37b
England,E12000008,E06000035,Medway,MEDWA_3310a57ae400,5ff2af9169a8
England,E12000008,E06000035,Medway,MEDWA_9246452cbd85,88aafcc578e6
England,E12000008,E06000035,Medway,MEDWA_42b954e00e3a,85673c966a03
England,E12000008,E06000035,Medway,MEDWA_150c6d5556a1,5624f4101e0b
England,E12000008,E06000035,Medway,MEDWA_5f3481a624e1,fceb850681fb
England,E12000008,E06000035,Medway,MEDWA_a1cbc4789440,a339f0ca1f3b
England,E12000008,E06000035,Medway,MEDWA_c1160412573c,fdfd19549d54
England,E12000008,E06000035,Medway,MEDWA_4bcfda26924e,7d9b314d1eab
England,E12000008,E06000035,Medway,MEDWA_3c423bb503ed,a9ea464db5b4
England,E12000008,E06000035,Medway,MEDWA_8fb8f866e77c,26492627215e
England,E12000008,E06000035,Medway,MEDWA_592211a80c0f,be4b77d71e3e
England,E12000008,E06000035,Medway,MEDWA_c6daa4c5a890,6ca907357c88
England,E12000008,E06000035,Medway,MEDWA_9e24f33fd578,7f7f7dd319ae
England,E12000008,E06000035,Medway,MEDWA_3c221ca43219,ff0304845875
England,E12000008,E06000035,Medway,MEDWA_9166c0ed2e41,feea76229992
England,E12000008,E06000035,Medway,MEDWA_33055a50008d,c99b9f4b2ab8
England,E12000008,E06000035,Medway,MEDWA_2a9a2710c7f1,dfc526acd826
England,E12000008,E06000035,Medway,MEDWA_a33187a67f01,a0b4bcf0f31e
England,E12000008,E06000035,Medway,MEDWA_347458a16b1e,2d0af0f70f8e
England,E12000008,E06000035,Medway,MEDWA_253e02e89608,9ee9efa5f124
England,E12000008,E06000035,Medway,MEDWA_9d53875d5b43,cfedeb22bfba
England,E12000008,E06000035,Medway,MEDWA_a71d1ca3f94f,db221c520722
England,E12000008,E06000035,Medway,MEDWA_5d596746a883,61af70c583ef
England,E12000008,E06000035,Medway,MEDWA_c1016b300dab,4c15ba09b8ff
England,E12000008,E06000035,Medway,MEDWA_55855f2f1082,c84ddced17d5
England,E12000008,E06000035,Medway,MEDWA_af1cff2f4e6a,40be5c4a4d60
England,E12000008,E06000035,Medway,MEDWA_8e5f7d5a8ce2,6cc5c6056f05
England,E12000008,E06000035,Medway,MEDWA_944589e641fc,4a2e7a6ab666
England,E12000008,E06000035,Medway,MEDWA_7a24b522d89f,e20ebb3bd73c
England,E12000008,E06000035,Medway,MEDWA_e47adb67abd9,8f8c4849ca6b
England,E12000008,E06000035,Medway,MEDWA_ada0286ae6b1,feea520d4362
England,E12000008,E06000035,Medway,MEDWA_730874c1772b,8851b7d83d53
England,E12000008,E06000035,Medway,MEDWA_d4c812fbcb1c,4c5e4afa8f9e
England,E12000008,E06000035,Medway,MEDWA_2f8456cbca5f,df790f4bef52
England,E12000008,E06000035,Medway,MEDWA_7a6f48b8881b,0fa6d3b9c339
England,E12000008,E06000035,Medway,MEDWA_640695396283,0c54a934726c
England,E12000008,E06000035,Medway,MEDWA_6688d3beb618,f235c93c6a48
England,E12000008,E06000035,Medway,MEDWA_d6361d07b31a,8f2aef61dda5
England,E12000008,E06000035,Medway,MEDWA_66d31ec71f97,15e858604319
England,E12000008,E06000035,Medway,MEDWA_88e243e0dbf7,99a7d9f1b70c
England,E12000008,E06000035,Medway,MEDWA_c83aa748fc24,a571465d3291
England,E12000008,E06000035,Medway,MEDWA_f88478ce0bd0,2157174a4495
England,E12000008,E06000035,Medway,MEDWA_4048433c5906,0a4f4c128664
England,E12000008,E06000035,Medway,MEDWA_a5d4e7efe169,b940074152fb
England,E12000008,E06000035,Medway,MEDWA_168f7498aa1f,fb97dfd22e6b
England,E12000008,E06000035,Medway,MEDWA_ce9af94f284b,48717091c8b9
England,E12000008,E06000035,Medway,MEDWA_13998eea6061,3e49b1ed9738
England,E12000008,E06000035,Medway,MEDWA_3e7721a60bbf,379fb18087fa
England,E12000008,E06000035,Medway,MEDWA_ba4135c6f9ce,e8ec16f8012c
England,E12000008,E06000035,Medway,MEDWA_385490aebe34,33803b54c82b
England,E12000008,E06000035,Medway,MEDWA_8a5b0ffc542f,d12e45b0ac74
England,E12000008,E06000035,Medway,MEDWA_a6d5d870c19a,c29d3e3b5dd0
England,E12000008,E06000035,Medway,MEDWA_a07dfb26e774,2f74ca37a072
England,E12000008,E06000035,Medway,MEDWA_69998914834a,0e95ad2ad5dc
England,E12000008,E06000035,Medway,MEDWA_02c1b194084a,35abdfb12308
England,E12000008,E06000035,Medway,MEDWA_133d3b400554,b118efaf1554
England,E12000008,E06000035,Medway,MEDWA_c03a47adc6b2,979c8330210e
England,E12000008,E06000035,Medway,MEDWA_e4ceaaa5a43a,472150826978
England,E12000008,E06000035,Medway,MEDWA_f25abc7818b9,3a5fcd9e3e31
England,E12000008,E06000035,Medway,MEDWA_c5e6ae77fc67,5c335b30977d
England,E12000008,E06000035,Medway,MEDWA_43c051b49df5,17b1a09a8f38
England,E12000008,E06000035,Medway,MEDWA_ddc3640262fd,e1bf143766d6
England,E12000008,E06000035,Medway,MEDWA_bd1d62171f29,aa7656fcb753
England,E12000008,E06000035,Medway,MEDWA_1427c0f97a48,3361c63258d5
England,E12000008,E06000035,Medway,MEDWA_7fcf88435c6b,9ba547368772
England,E12000008,E06000035,Medway,MEDWA_5afc917cd558,eebf92066197
England,E12000008,E06000035,Medway,MEDWA_9ceeb154373d,2a56ea380552
England,E12000008,E06000035,Medway,MEDWA_0d638ed66098,860ffdfb4919
England,E12000008,E06000035,Medway,MEDWA_9a72436048ee,ab72971a18aa
England,E12000008,E06000035,Medway,MEDWA_cbfc4ff4b1ca,e2574b7ba51c
England,E12000008,E06000035,Medway,MEDWA_4c60a99b3df8,cd9a8fa1bb3f
England,E12000008,E06000035,Medway,MEDWA_41886c85de74,0122f202228d
England,E12000008,E06000035,Medway,MEDWA_0464391a7722,fd1c8d256e48
England,E12000008,E06000035,Medway,MEDWA_5b2bdb0593bd,aa391332fae0
England,E12000008,E06000035,Medway,MEDWA_d397bf55f783,ed8ba633fe6a
England,E12000008,E06000035,Medway,MEDWA_33a315d0087e,cfca180a38df
England,E12000008,E06000035,Medway,MEDWA_e943a98d23c0,344ff680e779
England,E12000008,E06000035,Medway,MEDWA_8e2bf963607e,4894246d3ff3
England,E12000008,E06000035,Medway,MEDWA_9620ac17becc,d088a0dbd479
England,E12000008,E06000035,Medway,MEDWA_afd06f205563,23ab04a955b5
England,E12000008,E06000035,Medway,MEDWA_6c701af05931,270bf03e1483
England,E12000008,E06000035,Medway,MEDWA_e9d3e60b23d6,fbb522c6a4e3
England,E12000008,E06000035,Medway,MEDWA_c78f7afcdcc0,661646db9bad
England,E12000008,E06000035,Medway,MEDWA_7ac320fa171c,182158815477
England,E12000008,E06000035,Medway,MEDWA_9acd9ecc6716,2d71d65a8d0e
England,E12000008,E06000035,Medway,MEDWA_4791c4fdd49d,b40c662a0f7d
England,E12000008,E06000035,Medway,MEDWA_b30a3735873f,97f1dc9f7f9a
England,E12000008,E06000035,Medway,MEDWA_2caa4e5c507c,f484f2e0916f
England,E12000008,E06000035,Medway,MEDWA_0483e269aac4,8c119db3bde9
England,E12000008,E06000035,Medway,MEDWA_0d70c60f1a79,ffcaac0ef9bb
England,E12000008,E06000035,Medway,MEDWA_0b9036693d09,5f5502588b99
England,E12000008,E06000035,Medway,MEDWA_334d2ae005c9,e0af2dfd2c27
England,E12000008,E06000035,Medway,MEDWA_b142671957bf,27d71ec3e565
England,E12000008,E06000035,Medway,MEDWA_634409bb0802,5bcb212c47ac
England,E12000008,E06000035,Medway,MEDWA_41ac38c66cbe,2d6054df4a38
England,E12000008,E06000035,Medway,MEDWA_7514a3c966f3,76bf08107bad
England,E12000008,E06000035,Medway,MEDWA_200117cc14a1,db3ff380535a
England,E12000008,E06000035,Medway,MEDWA_d10d9f883c0e,dce37cf0c954
England,E12000008,E06000035,Medway,MEDWA_a1eb1655bd8d,1b552f62c426
England,E12000008,E06000035,Medway,MEDWA_6279cbf3d883,50b142a88317
England,E12000008,E06000035,Medway,MEDWA_4b6b288f87f6,22d5d929a209
England,E12000008,E06000035,Medway,MEDWA_51f53c9a693f,824a6f298be8
England,E12000008,E06000035,Medway,MEDWA_2398072126d3,dae6c7fc25ce
England,E12000008,E06000035,Medway,MEDWA_9f79c183dc5e,3ea8ed2c1aaf
England,E12000008,E06000035,Medway,MEDWA_64cb20fd9749,4e5ff6d5c152
England,E12000008,E06000035,Medway,MEDWA_41bba0b0a924,c73de0c775b8
England,E12000008,E06000035,Medway,MEDWA_3050299e6756,df023227fa8c
England,E12000008,E06000035,Medway,MEDWA_0cbf80e3d785,f6dc529583a8
England,E12000008,E06000035,Medway,MEDWA_b4eb86ad2cc7,e4c318b4970f
England,E12000008,E06000035,Medway,MEDWA_4b97d9b45d5d,ca55e3eb7ad1
England,E12000008,E06000035,Medway,MEDWA_f1f02b8ca25d,537639258025
England,E12000008,E06000035,Medway,MEDWA_14aaf230f6b2,7646b6f581dc
England,E12000008,E06000035,Medway,MEDWA_319812bdcf71,f0a3aa0f3925
England,E12000008,E06000035,Medway,MEDWA_aa57cbd9be54,82b9fae0b908
England,E12000008,E06000035,Medway,MEDWA_436753e25c58,29e74cb82c5c
England,E12000008,E06000035,Medway,MEDWA_b92030c7cbff,40adf8c8df02
England,E12000008,E06000035,Medway,MEDWA_39751caa1272,635a6c7ed0bd
England,E12000008,E06000035,Medway,MEDWA_e1443dd71e02,7d7cc328a662
England,E12000008,E06000035,Medway,MEDWA_701c19d3939c,365655b1da7c
England,E12000008,E06000035,Medway,MEDWA_aecc02096a99,29fa3ddff3e7
England,E12000008,E06000035,Medway,MEDWA_44a9778690bf,28933bd348eb
England,E12000008,E06000035,Medway,MEDWA_f1a107f6e975,4b07b1b9c53a
England,E12000008,E06000035,Medway,MEDWA_0bea2d665d28,aa5e19d70833
England,E12000008,E06000035,Medway,MEDWA_f03833cbb0b9,dc80410c429d
England,E12000008,E06000035,Medway,MEDWA_e471799ea8f3,89fd10469325
England,E12000008,E06000035,Medway,MEDWA_70061829c6d4,68e0acd9b3a5
England,E12000008,E06000035,Medway,MEDWA_f7742f052d3c,c48248315a14
England,E12000008,E06000035,Medway,MEDWA_e5f831582109,da43a03936ef
England,E12000008,E06000035,Medway,MEDWA_e130a25ab7e9,dcc6baa139b4
England,E12000008,E06000035,Medway,MEDWA_7e6a6eb319e8,93deca1a5146
England,E12000008,E06000035,Medway,MEDWA_44a081435dd2,c6cb1e885f60
England,E12000008,E06000035,Medway,MEDWA_53089eda828a,c7b9cd34b86a
England,E12000008,E06000035,Medway,MEDWA_879a1bacaa82,26ed9f066b5a
England,E12000008,E06000035,Medway,MEDWA_13772f4e41a0,6c22f2983c74
England,E12000008,E06000035,Medway,MEDWA_7327ad12f77d,326bce64b109
England,E12000008,E06000035,Medway,MEDWA_229931ee0af1,2412963730f4
England,E12000008,E06000035,Medway,MEDWA_c7ac4e9c04d0,ebd4fe39f0cf
England,E12000008,E06000035,Medway,MEDWA_e91f175c49ac,24cb7aa12bdc
England,E12000008,E06000035,Medway,MEDWA_1911308d2597,bb13c47d9d86
England,E12000008,E06000035,Medway,MEDWA_136a17447141,3e748c12ea55
England,E12000008,E06000035,Medway,MEDWA_3f1cb91ab19f,16dca53ca4e6
England,E12000008,E06000035,Medway,MEDWA_46fdf084bc4a,a3164187ec66
England,E12000008,E06000035,Medway,MEDWA_dceeeff1c4ce,67c42c797c96
England,E12000008,E06000035,Medway,MEDWA_29bb84e61ca5,d4a64fbd1d12
England,E12000008,E06000035,Medway,MEDWA_29c097e5ede8,d76addf78e29
England,E12000008,E06000035,Medway,MEDWA_2419ddff25b5,5960409f9931
England,E12000008,E06000035,Medway,MEDWA_37975ba59d7d,c61e931ccb84
England,E12000008,E06000035,Medway,MEDWA_ccbd3be5f8bf,2fb515973971
England,E12000008,E06000035,Medway,MEDWA_b7bfb8ff97fd,edc79eee87f7
England,E12000008,E06000035,Medway,MEDWA_22686ffb940a,098b75bd2866
England,E12000008,E06000035,Medway,MEDWA_248a397d63f0,e58180777f25
England,E12000008,E06000035,Medway,MEDWA_b72c255511ab,8231d613b909
England,E12000008,E06000035,Medway,MEDWA_1b08e4dea54e,ce8845b730f1
England,E12000008,E06000035,Medway,MEDWA_6328d0c18589,867fca858d0d
England,E12000008,E06000035,Medway,MEDWA_9401b035b1c4,63978d14167c
England,E12000008,E06000035,Medway,MEDWA_2a402c10e98a,4633689c1c98
England,E12000008,E06000035,Medway,MEDWA_c37c8186f498,57d12fba5e56
England,E12000008,E06000035,Medway,MEDWA_8793a9c2eb0f,43b1a03c4110
England,E12000008,E06000035,Medway,MEDWA_c9aa8429ceef,27c5250e4944
England,E12000008,E06000035,Medway,MEDWA_d257242cc971,fe26db35cee6
England,E12000008,E06000035,Medway,MEDWA_191703cabb70,1759ee6b389f
England,E12000008,E06000035,Medway,MEDWA_d2818a9f3ca7,72c82e83b37f
England,E12000008,E06000035,Medway,MEDWA_470fdb025e48,df81a1c00470
England,E12000008,E06000035,Medway,MEDWA_f7135dca03d3,3eac5b54543a
England,E12000008,E06000035,Medway,MEDWA_521c6734dbc7,e51bb3ea0c46
England,E12000008,E06000035,Medway,MEDWA_791d1e7c53b8,8c7af58e3625
England,E12000008,E06000035,Medway,MEDWA_e4d3487d6c42,49afb6a7449b
England,E12000008,E06000035,Medway,MEDWA_a173239c0e0a,7fa28402551f
England,E12000008,E06000035,Medway,MEDWA_19917432234e,b1698d988baf
England,E12000008,E06000035,Medway,MEDWA_6c606aed93e9,3477d479b595
England,E12000008,E06000035,Medway,MEDWA_8551322a95b7,9dba19b35b5a
England,E12000008,E06000035,Medway,MEDWA_35c2bcedc355,fd51bc505d98
England,E12000008,E06000035,Medway,MEDWA_fde7136d52bf,3b6fd6da3efe
England,E12000008,E06000035,Medway,MEDWA_8ff717904586,b23faccd4ea4
England,E12000008,E06000035,Medway,MEDWA_aeb5d0b62cdc,c57b49962689
England,E12000008,E06000035,Medway,MEDWA_effa98d201b5,7ee3bc0378f0
England,E12000008,E06000035,Medway,MEDWA_ab627f46c496,5a22596f8160
England,E12000008,E06000035,Medway,MEDWA_2798795dc00d,69fdae141cc2
England,E12000008,E06000035,Medway,MEDWA_9f29177f8478,e09fa43112cb
England,E12000008,E06000035,Medway,MEDWA_0000ae99dd15,b9a22a37bbfa
England,E12000008,E06000035,Medway,MEDWA_f159c3d7dfbc,6c03cd11f669
England,E12000008,E06000035,Medway,MEDWA_c11dc2ea4384,14da16962803
England,E12000008,E06000035,Medway,MEDWA_49090efe158f,4a0406eb9fb0
England,E12000008,E06000035,Medway,MEDWA_9d2a68ae1110,7724cce73f2d
England,E12000008,E06000035,Medway,MEDWA_a24cfa430469,74b9688006a9
England,E12000008,E06000035,Medway,MEDWA_95a4ea814e28,f8449417e71c
England,E12000008,E06000035,Medway,MEDWA_43d8cf6926b7,1b23ebb90ca1
England,E12000008,E06000035,Medway,MEDWA_9b5fbe5dc762,3416658578d0
England,E12000008,E06000035,Medway,MEDWA_2412240e6848,9c379161e2e4
England,E12000008,E06000035,Medway,MEDWA_807434ae4e75,4d6427a81e61
England,E12000008,E06000035,Medway,MEDWA_9772bc6e1bb7,3ba0a78c5896
England,E12000008,E06000035,Medway,MEDWA_a14e02758931,1edb250895f1
England,E12000008,E06000035,Medway,MEDWA_ef7382b0b466,da08b26238f8
England,E12000008,E06000035,Medway,MEDWA_437acd5fd14d,bb065e59cddb
England,E12000008,E06000035,Medway,MEDWA_5be6b753e04d,d308f147b463
England,E12000008,E06000035,Medway,MEDWA_d64cd9d8c1f7,39ad450e4a40
England,E12000008,E06000035,Medway,MEDWA_008865c555b7,762423e4b690
England,E12000008,E06000035,Medway,MEDWA_deef3895941e,c499624d84cd
England,E12000008,E06000035,Medway,MEDWA_af0005534b60,6d67e0075ca8
England,E12000008,E06000035,Medway,MEDWA_02fa1eecae7e,c7837e475b63
England,E12000008,E06000035,Medway,MEDWA_d3a1c70b162a,cc12266e4a86
England,E12000008,E06000035,Medway,MEDWA_ee6912e7cb61,9c3a62db7a02
England,E12000008,E06000035,Medway,MEDWA_d8bcc58c0f11,09f38c9854ee
England,E12000008,E06000035,Medway,MEDWA_161d43320b29,5b2171e19775
England,E12000008,E06000035,Medway,MEDWA_2cd5284e82c9,523a6b3dd726
England,E12000008,E06000035,Medway,MEDWA_290f5629e36f,f29aefcdaf06
England,E12000008,E06000035,Medway,MEDWA_dea56abef4f6,782bf2e87e19
England,E12000008,E06000035,Medway,MEDWA_7c688e4d32a7,898f7a157823
England,E12000008,E06000035,Medway,MEDWA_c02a2447662f,914cd955a635
England,E12000008,E06000035,Medway,MEDWA_7acd77e8ad4d,297006a63e8e
England,E12000008,E06000035,Medway,MEDWA_9897b9652dab,d18130abc076
England,E12000008,E06000035,Medway,MEDWA_af1575bdef83,b32ecc2aed36
England,E12000008,E06000035,Medway,MEDWA_feaeaa631053,877ffe11a814
England,E12000008,E06000035,Medway,MEDWA_3077e65d6108,a3159ba88b5a
England,E12000008,E06000035,Medway,MEDWA_4be336f8b708,18cf48ee7cdc
England,E12000008,E06000035,Medway,MEDWA_7f1dbfc1fb7c,fd241e2ef7aa
England,E12000008,E06000035,Medway,MEDWA_29ed72628553,06378ea1704a
England,E12000008,E06000035,Medway,MEDWA_64e2df2b591a,412ec2e644f3
England,E12000008,E06000035,Medway,MEDWA_b1f0744524da,96ca88161ad9
England,E12000008,E06000035,Medway,MEDWA_bab0c8f69dad,d87209eebef7
England,E12000008,E06000035,Medway,MEDWA_8aac0b1d1680,2478004264da
England,E12000008,E06000035,Medway,MEDWA_4a5566d589ec,3a8dc111e5d9
England,E12000008,E06000035,Medway,MEDWA_c3f665420f16,3e5f14bc5b96
England,E12000008,E06000035,Medway,MEDWA_e55850121e38,aa1a8e9edde4
England,E12000008,E06000035,Medway,MEDWA_49317de74310,3c79eccefec8
England,E12000008,E06000035,Medway,MEDWA_efe60cd406ae,a24769bd3713
England,E12000008,E06000035,Medway,MEDWA_adeba9ebcc01,c93ca47ca3b2
England,E12000008,E06000035,Medway,MEDWA_233391880ef5,482b67baf83c
England,E12000008,E06000035,Medway,MEDWA_67aa3c94b9c9,5fb19400d5a3
England,E12000008,E06000035,Medway,MEDWA_62b342cf023c,ca12a035fcf6
England,E12000008,E06000035,Medway,MEDWA_40a9ab52e2fd,a42d9283f81a
England,E12000008,E06000035,Medway,MEDWA_3f1b9198ab51,24d538ae3fc5
England,E12000008,E06000035,Medway,MEDWA_93ea82f15ba5,55d675e9adc6
England,E12000008,E06000035,Medway,MEDWA_19df7c8ff1ae,c905c713e769
England,E12000008,E06000035,Medway,MEDWA_81aafbd7985d,0a0da875cd0f
England,E12000008,E06000035,Medway,MEDWA_b0521282c180,6e74316e2537
England,E12000008,E06000035,Medway,MEDWA_c7c05e0c5a74,4c225c81a866
England,E12000008,E06000035,Medway,MEDWA_c8e36498437f,a2b12a4d10dc
England,E12000008,E06000035,Medway,MEDWA_43a5479d1ee2,f096ab3f920a
England,E12000008,E06000035,Medway,MEDWA_64f51936582f,c81419d4f97d
England,E12000008,E06000035,Medway,MEDWA_e30b96ce5b3e,d447ce104da9
England,E12000008,E06000035,Medway,MEDWA_17fdb7611261,ff8200e14ad6
England,E12000008,E06000035,Medway,MEDWA_170edb9c112e,d4a8b13d04da
England,E12000008,E06000035,Medway,MEDWA_63627915db11,0ab9a25c07c4
England,E12000008,E06000035,Medway,MEDWA_8f4e4ec39296,fcc382f5c4ad
England,E12000008,E06000035,Medway,MEDWA_25af322b6568,28bf9cb6a68a
England,E12000008,E06000035,Medway,MEDWA_163792c8d040,04ab7c74ebcd
England,E12000008,E06000035,Medway,MEDWA_4223970c4e61,1c22bbb807f5
England,E12000008,E06000035,Medway,MEDWA_56cb99683d89,48c9586037b4
England,E12000008,E06000035,Medway,MEDWA_173470ff5704,80068390b6f9
England,E12000008,E06000035,Medway,MEDWA_9f23038ffde1,8672629b3145
England,E12000008,E06000035,Medway,MEDWA_1912816714d7,0470bcf7b322
England,E12000008,E06000035,Medway,MEDWA_5f0e4e1a5316,4d0bf94b90ec
England,E12000008,E06000035,Medway,MEDWA_d7a846d0c5aa,fab2ab3a352e
England,E12000008,E06000035,Medway,MEDWA_0be3aaa14141,74860e39702c
England,E12000008,E06000035,Medway,MEDWA_ff3adab9a3b1,9c96c8f375b0
England,E12000008,E06000035,Medway,MEDWA_bf06bde0bca2,db3fbf92df47
England,E12000008,E06000035,Medway,MEDWA_4367ed08ae68,b3128f8e0350
England,E12000008,E06000035,Medway,MEDWA_3a7cb65f056e,6620265efcd0
England,E12000008,E06000035,Medway,MEDWA_957ee609f5d0,e680c8e90db6
England,E12000008,E06000035,Medway,MEDWA_e23c70c5f46d,aab2635094ec
England,E12000008,E06000035,Medway,MEDWA_ec1cc6657a1b,eda2747c67ce
England,E12000008,E06000035,Medway,MEDWA_58e98a4352d1,07c1dccf67d8
England,E12000008,E06000035,Medway,MEDWA_bda2f3bc656d,b7b4d21831fa
England,E12000008,E06000035,Medway,MEDWA_e33cee9b1fb7,01cd09b04b91
England,E12000008,E06000035,Medway,MEDWA_78fc250cb031,238669b70609
England,E12000008,E06000035,Medway,MEDWA_a69a42887edc,2c16a34e7ab8
England,E12000008,E06000035,Medway,MEDWA_11e73e22d8fd,8bbeff25b606
England,E12000008,E06000035,Medway,MEDWA_dc1cb9226e43,cb667dfe6ace
England,E12000008,E06000035,Medway,MEDWA_37c38639f6a4,7e658564557a
England,E12000008,E06000035,Medway,MEDWA_df62607b0d77,892d78a3a533
England,E12000008,E06000035,Medway,MEDWA_fb87dca455a7,5da18382f926
England,E12000008,E06000035,Medway,MEDWA_e37e06d55fcd,a04be266b476
England,E12000008,E06000035,Medway,MEDWA_b08d087d3524,c70481d28a70
England,E12000008,E06000035,Medway,MEDWA_33f1367c3018,3a2f4c4748b2
England,E12000008,E06000035,Medway,MEDWA_c95e45fb9145,fbdc697472d5
England,E12000008,E06000035,Medway,MEDWA_8d18e206f6f5,f1a5d4b80926
England,E12000008,E06000035,Medway,MEDWA_c847dba1223a,7b685137ec47
England,E12000008,E06000035,Medway,MEDWA_f711a4330933,9dd69cd5a283
England,E12000008,E06000035,Medway,MEDWA_b18f852d4c6f,7f9e4a553f77
England,E12000008,E06000035,Medway,MEDWA_576f55593162,b2c65b60aafd
England,E12000008,E06000035,Medway,MEDWA_97aa1f1c6f0d,4c3f3c7d01af
England,E12000008,E06000035,Medway,MEDWA_47c4d7fd761a,b21647125184
England,E12000008,E06000035,Medway,MEDWA_398bd4adafd3,9574d1cc9aa7
England,E12000008,E06000035,Medway,MEDWA_a075541389fb,11f860b78e18
England,E12000008,E06000035,Medway,MEDWA_97a41d38a8ef,6a1afd8b844e
England,E12000008,E06000035,Medway,MEDWA_6a3d69619479,48ab1d67a99b
England,E12000008,E06000035,Medway,MEDWA_26e1d628a838,c05211630e3a
England,E12000008,E06000035,Medway,MEDWA_8b7108f2a5db,b3e02d7eb4b8
England,E12000008,E06000035,Medway,MEDWA_be2875dceb08,9185a882b8e3
England,E12000008,E06000035,Medway,MEDWA_c95b37d6a8ab,bacfdfe3a5e4
England,E12000008,E06000035,Medway,MEDWA_e4f8e97f5d6b,fa9d0b5c4509
England,E12000008,E06000035,Medway,MEDWA_044ec0eabed3,c7b4ca164f81
England,E12000008,E06000035,Medway,MEDWA_eecfa6809126,bfee18e0ccaa
England,E12000008,E06000035,Medway,MEDWA_7b128be5d12d,693c54ae0da0
England,E12000008,E06000035,Medway,MEDWA_71f98ffd88c6,fb02c50b167f
England,E12000008,E06000035,Medway,MEDWA_b2859564aabd,34c1430887c8
England,E12000008,E06000035,Medway,MEDWA_53136c4d4907,b5aa2419b879
England,E12000008,E06000035,Medway,MEDWA_531aa7fd6e2e,134c63bd4ebe
England,E12000008,E06000035,Medway,MEDWA_49594d4efb13,cbc1ce529341
England,E12000008,E06000035,Medway,MEDWA_d7d87c8061b0,135a71cae7d9
England,E12000008,E06000035,Medway,MEDWA_64220cccb92a,e0f18b5b3ff3
England,E12000008,E06000035,Medway,MEDWA_b7d65687a9d2,61a8f05a8f81
England,E12000008,E06000035,Medway,MEDWA_7f393eb0ad7e,010934f9647a
England,E12000008,E06000035,Medway,MEDWA_8adf1e580d8c,c413a2400af7
England,E12000008,E06000035,Medway,MEDWA_fc07e89672a0,72e8e3676ae4
England,E12000008,E06000035,Medway,MEDWA_70eed6181d75,b76fe6f6dd3c
England,E12000008,E06000035,Medway,MEDWA_72ca8fbaeb02,ade40793f750
England,E12000008,E06000035,Medway,MEDWA_ef103aa390d3,6d8aada85cf4
England,E12000008,E06000035,Medway,MEDWA_03c8b3b68e79,e6c85627ce90
England,E12000008,E06000035,Medway,MEDWA_523a1143eb8f,4b14b4cf695c
England,E12000008,E06000035,Medway,MEDWA_f07502fd1379,97ddaf48a65f
England,E12000008,E06000035,Medway,MEDWA_68db24f6d2ba,58813651167f
England,E12000008,E06000035,Medway,MEDWA_a1f6e1811695,1d3541b3efb4
England,E12000008,E06000035,Medway,MEDWA_4250f049f05a,5f1a2a5a2c6a
England,E12000008,E06000035,Medway,MEDWA_d91d8c297ece,44d4725d4b8f
England,E12000008,E06000035,Medway,MEDWA_fe935fd1396a,14f09a3eb2b1
England,E12000008,E06000035,Medway,MEDWA_b07fec826241,cc7820255958
England,E12000008,E06000035,Medway,MEDWA_2f2d43365e93,2ac3de56eadb
England,E12000008,E06000035,Medway,MEDWA_b772c93c188e,2a9a5337226a
England,E12000008,E06000035,Medway,MEDWA_9e6854ebf9cd,cb768a32631a
England,E12000008,E06000035,Medway,MEDWA_7f8f69dc1542,138c75f63272
England,E12000008,E06000035,Medway,MEDWA_df360c5db63a,38bdf5fafd8b
England,E12000008,E06000035,Medway,MEDWA_b0053c3b4a58,b6dc03852057
England,E12000008,E06000035,Medway,MEDWA_c181ca153b46,6f6c9f739d98
England,E12000008,E06000035,Medway,MEDWA_c1de3c6335bc,f0863b18def2
England,E12000008,E06000035,Medway,MEDWA_e65dc42e00e0,7129368690ae
England,E12000008,E06000035,Medway,MEDWA_fa58714933fb,b48bac183547
England,E12000008,E06000035,Medway,MEDWA_cfb343e8a534,c84c0f129897
England,E12000008,E06000035,Medway,MEDWA_d7e9ad36c0ff,aa27c971c593
England,E12000008,E06000035,Medway,MEDWA_8bc1254e68cd,2e63dc352872
England,E12000008,E06000035,Medway,MEDWA_d747c57cce8b,9866536bd181
England,E12000008,E06000035,Medway,MEDWA_d8bb7e3daeba,c5cab2cbf1f0
England,E12000008,E06000035,Medway,MEDWA_095392e5a244,ea0c6558383e
England,E12000008,E06000035,Medway,MEDWA_b2091e5b5cc8,c1030b754083
England,E12000008,E06000035,Medway,MEDWA_45a33eeff9e7,39d58bc1c741
England,E12000008,E06000035,Medway,MEDWA_f092a07d7846,5b1d60fe222c
England,E12000008,E06000035,Medway,MEDWA_b898854bda94,5445c98f1431
England,E12000008,E06000035,Medway,MEDWA_e3141aaf66f0,876688de1df8
England,E12000008,E06000035,Medway,MEDWA_86262c56b923,76d7f982721e
England,E12000008,E06000035,Medway,MEDWA_e95d9228e477,a0e3df0c6224
England,E12000008,E06000035,Medway,MEDWA_63fc12bb9eb7,a1627a8e6fc0
England,E12000008,E06000035,Medway,MEDWA_818406f6b7b1,1fb69c816b5c
England,E12000008,E06000035,Medway,MEDWA_239605d83904,5130997db482
England,E12000008,E06000035,Medway,MEDWA_d57a6f833159,f0d7fc9a8ca3
England,E12000008,E06000035,Medway,MEDWA_25110f1df08e,6025e6781f20
England,E12000008,E06000035,Medway,MEDWA_ebbb8805bb9f,69ac2a336b36
England,E12000008,E06000035,Medway,MEDWA_0f1f5796cf82,414fbf6ead49
England,E12000008,E06000035,Medway,MEDWA_7c1be9eb4d24,e0294e90140e
England,E12000008,E06000035,Medway,MEDWA_07665ee5f82f,0f58312310d8
England,E12000008,E06000035,Medway,MEDWA_51ecdb5a15ba,b02b0c96bce7
England,E12000008,E06000035,Medway,MEDWA_82ca8a2691ed,1d309beea920
England,E12000008,E06000035,Medway,MEDWA_d23cad5b749d,231101d676df
England,E12000008,E06000035,Medway,MEDWA_fa9f80fde835,f3b67785028d
England,E12000008,E06000035,Medway,MEDWA_50437bbdb0bb,00fdd4ba3d71
England,E12000008,E06000035,Medway,MEDWA_50081e07cc52,4e8528c63620
England,E12000008,E06000035,Medway,MEDWA_2e5b92ecddcf,a534a8d26301
England,E12000008,E06000035,Medway,MEDWA_fb9ef0136d00,6c06fef33a97
England,E12000008,E06000035,Medway,MEDWA_27f5189f7274,67186fb25975
England,E12000008,E06000035,Medway,MEDWA_2c72763e3368,ae67a80d1c1b
England,E12000008,E06000035,Medway,MEDWA_6bbdb86b5849,05204943e142
England,E12000008,E06000035,Medway,MEDWA_99666170dce6,0bb1fd9036a5
England,E12000008,E06000035,Medway,MEDWA_554ebce02d7f,3d0d522d7d95
England,E12000008,E06000035,Medway,MEDWA_569be4ed90fa,3e1918d7682e
England,E12000008,E06000035,Medway,MEDWA_7356af9353b7,8d3966bc51f5
England,E12000008,E06000035,Medway,MEDWA_39f7a3670fd1,552713310e07
England,E12000008,E06000035,Medway,MEDWA_691d96deffcb,129151e7a382
England,E12000008,E06000035,Medway,MEDWA_5fa4f1c42857,27fdc4bb8897
England,E12000008,E06000035,Medway,MEDWA_af911d2aa5af,910e99e55732
England,E12000008,E06000035,Medway,MEDWA_c9245cbaea70,ec9ebd8acc6c
England,E12000008,E06000035,Medway,MEDWA_e0c8bcb741d4,79b91f0f3531
England,E12000008,E06000035,Medway,MEDWA_a1d3a5da02b0,630a665b4d6e
England,E12000008,E06000035,Medway,MEDWA_1f3cfd94752e,e2c12e552402
England,E12000008,E06000035,Medway,MEDWA_9860f2515581,125dfca87681
England,E12000008,E06000035,Medway,MEDWA_e133a69a3fe2,32e1b4cb87be
England,E12000008,E06000035,Medway,MEDWA_a27c3f295b68,e31cc5ee88a1
England,E12000008,E06000035,Medway,MEDWA_55d3f8d64caa,6e9cfdf40350
England,E12000008,E06000035,Medway,MEDWA_5f5ea172ee5d,584c8681cb1c
England,E12000008,E06000035,Medway,MEDWA_b765ff382479,2e868c1bb737
England,E12000008,E06000035,Medway,MEDWA_6d51688a6015,9aeb15a7e2c7
England,E12000008,E06000035,Medway,MEDWA_18417ab8e454,c6e040ebb309
England,E12000008,E06000035,Medway,MEDWA_c6a4996f8d81,2adf92ad3f6f
England,E12000008,E06000035,Medway,MEDWA_6ed9a2425b73,82eef98ecf4c
England,E12000008,E06000035,Medway,MEDWA_76f900782ed0,be6900bdd072
England,E12000008,E06000035,Medway,MEDWA_b8aeb8b90eb8,2a3be8a68e4c
England,E12000008,E06000035,Medway,MEDWA_5d489055681b,e58160fb09ef
England,E12000008,E06000035,Medway,MEDWA_a0a7d1bae627,31b23a3538d4
England,E12000008,E06000035,Medway,MEDWA_1b2dcbedb11e,10dadfaf8395
England,E12000008,E06000035,Medway,MEDWA_383547697536,4547c000103d
England,E12000008,E06000035,Medway,MEDWA_0931d2eae699,dfcb8c55637d
England,E12000008,E06000035,Medway,MEDWA_fb07d0ec3c66,64a6547aadca
England,E12000008,E06000035,Medway,MEDWA_5fe6daeb178f,f1efd21fe0ff
England,E12000008,E06000035,Medway,MEDWA_b54696f5c58a,eb03ccca608f
England,E12000008,E06000035,Medway,MEDWA_91a5f262b676,d42e8d05fd39
England,E12000008,E06000035,Medway,MEDWA_f44c84320810,8b5e0ace1060
England,E12000008,E06000035,Medway,MEDWA_4f0432ade757,58e723f16689
England,E12000008,E06000035,Medway,MEDWA_aad9c8ba3f71,1c179af2ea27
England,E12000008,E06000035,Medway,MEDWA_110dac960d75,bff9c52ad7d4
England,E12000008,E06000035,Medway,MEDWA_be2efbf4c1a1,2efaac68ae41
England,E12000008,E06000035,Medway,MEDWA_84260fc4b0fa,84d5c351e538
England,E12000008,E06000035,Medway,MEDWA_4a3af905a93b,18d0461c96ba
England,E12000008,E06000035,Medway,MEDWA_f6b50108a715,2517b8b08db5
England,E12000008,E06000035,Medway,MEDWA_a855dc96d0ce,0c1817ae7195
England,E12000008,E06000035,Medway,MEDWA_21759a324e9a,3270c332dd1c
England,E12000008,E06000035,Medway,MEDWA_70c995e27e3c,3945ea75b060
England,E12000008,E06000035,Medway,MEDWA_f22a29b18d86,f64be75ecdac
England,E12000008,E06000035,Medway,MEDWA_d79b663b8b2b,7be84a6569fb
England,E12000008,E06000035,Medway,MEDWA_542333df865e,c24aac299a44
England,E12000008,E06000035,Medway,MEDWA_5aa262613f70,f4fe75cdd02e
England,E12000008,E06000035,Medway,MEDWA_3ddf1503f3c7,3a3a1b302b8c
England,E12000008,E06000035,Medway,MEDWA_7517f638fe08,0101e6089755
England,E12000008,E06000035,Medway,MEDWA_2a872d232fc9,ede3cda57f51
England,E12000008,E06000035,Medway,MEDWA_1b3ed9577081,9dfe86bb50d3
England,E12000008,E06000035,Medway,MEDWA_83dbfc190f6d,863117f3fee0
England,E12000008,E06000035,Medway,MEDWA_90790e4f31b3,001ae2b17ff3
England,E12000008,E06000035,Medway,MEDWA_7b426b3cfcb8,9a4c6e8b7fd0
England,E12000008,E06000035,Medway,MEDWA_d02e5c86c197,0d51ab626d83
England,E12000008,E06000035,Medway,MEDWA_68d53a90acfc,6e86e82118ab
England,E12000008,E06000035,Medway,MEDWA_ae02f01a0d7c,2d1f1a248f3b
England,E12000008,E06000035,Medway,MEDWA_466cb4fa3338,f86593e82103
England,E12000008,E06000035,Medway,MEDWA_d5d20004e7c7,95815473046e
England,E12000008,E06000035,Medway,MEDWA_c149ef15ff99,3b2b55064589
England,E12000008,E06000035,Medway,MEDWA_97987bace193,1eb9f8303977
England,E12000008,E06000035,Medway,MEDWA_296e634d3f64,ca3037b2fe9d
England,E12000008,E06000035,Medway,MEDWA_be818a258263,d68e2fb32442
England,E12000008,E06000035,Medway,MEDWA_6e7a7e1a65e0,0ef2ac4dde60
England,E12000008,E06000035,Medway,MEDWA_c1c4f645f189,f7a4bc04a975
England,E12000008,E06000035,Medway,MEDWA_a3402f3179f6,cac8d56418dc
England,E12000008,E06000035,Medway,MEDWA_d84c75491858,a75837e62595
England,E12000008,E06000035,Medway,MEDWA_cadc2c364fdd,69ea2b952cf2
England,E12000008,E06000035,Medway,MEDWA_31501cc2bfb4,7b65652d64bd
England,E12000008,E06000035,Medway,MEDWA_2f2a388bdb80,8c83a16ba399
England,E12000008,E06000035,Medway,MEDWA_0d8aeb1ba4ff,c0895e842b20
England,E12000008,E06000035,Medway,MEDWA_79c1c98583fc,42504b1ec7d3
England,E12000008,E06000035,Medway,MEDWA_5ef1cbdedd6f,211523ee47ab
England,E12000008,E06000035,Medway,MEDWA_36b6e62d5f21,803f152fecd2
England,E12000008,E06000035,Medway,MEDWA_0767eeb390bb,e28a14c3ef23
England,E12000008,E06000035,Medway,MEDWA_188f3465576c,70d922034680
England,E12000008,E06000035,Medway,MEDWA_adf9de19c6d4,bbf69f39d5b7
England,E12000008,E06000035,Medway,MEDWA_ac8da31dabce,c4476d06b4c6
England,E12000008,E06000035,Medway,MEDWA_0dfc7d07bf6b,3cd887f4fd47
England,E12000008,E06000035,Medway,MEDWA_ee3cbe083f19,953b620c90fb
England,E12000008,E06000035,Medway,MEDWA_3dd72951b9d0,8a803173f129
England,E12000008,E06000035,Medway,MEDWA_c2317b9c74f4,041f1242d4d9
England,E12000008,E06000035,Medway,MEDWA_fdfcb917335f,47a69f4b9353
England,E12000008,E06000035,Medway,MEDWA_c8454ca2286f,17e3d48c0d9c
England,E12000008,E06000035,Medway,MEDWA_7b55042b6e52,43ecdfaf50df
England,E12000008,E06000035,Medway,MEDWA_af84989067d3,4d1eb7719a37
England,E12000008,E06000035,Medway,MEDWA_241fd4fd87bd,1f82e4fd8c24
England,E12000008,E06000035,Medway,MEDWA_2d6ee9227d7b,ab0af7b18534
England,E12000008,E06000035,Medway,MEDWA_889940349562,92c40e6f5684
England,E12000008,E06000035,Medway,MEDWA_e70cb60d728e,a9d94294f00c
England,E12000008,E06000035,Medway,MEDWA_53c5b5aa8c3d,55f28f5a05d8
England,E12000008,E06000035,Medway,MEDWA_193a34609985,9bfc4cd74320
England,E12000008,E06000035,Medway,MEDWA_c7489f553859,2835c0ed27ac
England,E12000008,E06000035,Medway,MEDWA_bd79b6e8b8b6,507f5d130be1
England,E12000008,E06000035,Medway,MEDWA_2d7499e67069,0c4b58bb701e
England,E12000008,E06000035,Medway,MEDWA_3045f0ccbd1d,51c3ceca5555
England,E12000008,E06000035,Medway,MEDWA_148e45f0e51a,0af49838ea25
England,E12000008,E06000035,Medway,MEDWA_568c9783eefc,52e705a29f60
England,E12000008,E06000035,Medway,MEDWA_0b6f0bec685c,8e21cf62672d
England,E12000008,E06000035,Medway,MEDWA_747bdc9752b8,d47cd66fc28b
England,E12000008,E06000035,Medway,MEDWA_bf89b5ccaae8,3b3f6a0d52f4
England,E12000008,E06000035,Medway,MEDWA_6734f8d29495,a3aeb75042bd
England,E12000008,E06000035,Medway,MEDWA_1ca213b80083,d696f1a4897f
England,E12000008,E06000035,Medway,MEDWA_32f2cc55e6bf,e5d05e88db8e
England,E12000008,E06000035,Medway,MEDWA_025ef463aecd,0145e8b7a913
England,E12000008,E06000035,Medway,MEDWA_a373a3c37fc9,9ba69f45c6a1
England,E12000008,E06000035,Medway,MEDWA_bb8823f7b2b4,4c624343c1e4
England,E12000008,E06000035,Medway,MEDWA_81b59efc15d8,ac93953430e6
England,E12000008,E06000035,Medway,MEDWA_f1348a5e7a0d,bf62c5929c2d
England,E12000008,E06000035,Medway,MEDWA_81eee6ae13f7,bf780ca17964
England,E12000008,E06000035,Medway,MEDWA_9810e29442b4,7a0c71bf6023
England,E12000008,E06000035,Medway,MEDWA_500324a463ef,6e3738d6058f
England,E12000008,E06000035,Medway,MEDWA_f6f7f6c7b5a6,f97ed254aa5a
England,E12000008,E06000035,Medway,MEDWA_fa8a1d1ae033,74f72eccf52f
England,E12000008,E06000035,Medway,MEDWA_ebfdf39b62c7,908ba9fc6fcd
England,E12000008,E06000035,Medway,MEDWA_856c41619bde,f6e81272e540
England,E12000008,E06000035,Medway,MEDWA_ffcfe428e4e5,3b04b9db467b
England,E12000008,E06000035,Medway,MEDWA_e19a5abd0bb5,c3759bf11b05
England,E12000008,E06000035,Medway,MEDWA_dd515fd4bef0,ea6c2224c4e8
England,E12000008,E06000035,Medway,MEDWA_763bcdbbff13,9b0aa2d4020f
England,E12000008,E06000035,Medway,MEDWA_7b8100862f02,24156b2f43e7
