{
"type": "FeatureCollection",
"name": "a0646e0f285d_foliage",
"crs": { "type": "name", "properties": { "name": "urn:ogc:def:crs:OGC:1.3:CRS84" } },
"features": [
{ "type": "Feature", "properties": { "max_height": 8.5075531005859375, "mean_height": 4.1887335777282715, "std_height": 2.4505949020385742, "count_pixels": 41, "percent_cover": 0.12451031006104041, "percent_above_0.1m": 97.560975609756099, "low_level_<0.5": 0.0, "mid_level_0.5-2": 24.390243902439025, "tall_2+": 73.170731707317074 }, "geometry": { "type": "Point", "coordinates": [ -0.917980148097189, 51.634970484278391 ] } },
{ "type": "Feature", "properties": { "max_height": 4.537750244140625, "mean_height": 1.2526706457138062, "std_height": 1.2875621318817139, "count_pixels": 41, "percent_cover": 0.12451031006104041, "percent_above_0.1m": 80.487804878048792, "low_level_<0.5": 17.073170731707318, "mid_level_0.5-2": 36.585365853658537, "tall_2+": 24.390243902439025 }, "geometry": { "type": "Point", "coordinates": [ -0.917779975729886, 51.634968639400704 ] } },
{ "type": "Feature", "properties": { "max_height": 7.5457611083984375, "mean_height": 2.4700894355773926, "std_height": 2.1447865962982178, "count_pixels": 41, "percent_cover": 0.12451031006104041, "percent_above_0.1m": 85.365853658536579, "low_level_<0.5": 7.3170731707317067, "mid_level_0.5-2": 26.829268292682929, "tall_2+": 51.219512195121951 }, "geometry": { "type": "Point", "coordinates": [ -0.917579803384299, 51.634966794181693 ] } },
{ "type": "Feature", "properties": { "max_height": 1.6807098388671875, "mean_height": 0.61699873208999634, "std_height": 0.56581062078475952, "count_pixels": 43, "percent_cover": 0.13058398372255459, "percent_above_0.1m": 69.767441860465112, "low_level_<0.5": 11.627906976744185, "mid_level_0.5-2": 53.488372093023251, "tall_2+": 0.0 }, "geometry": { "type": "Point", "coordinates": [ -0.917877491910312, 51.635077436939412 ] } },
{ "type": "Feature", "properties": { "max_height": 0.6280059814453125, "mean_height": 0.015601933933794498, "std_height": 0.094542883336544037, "count_pixels": 43, "percent_cover": 0.13058398372255459, "percent_above_0.1m": 2.3255813953488373, "low_level_<0.5": 0.0, "mid_level_0.5-2": 2.3255813953488373, "tall_2+": 0.0 }, "geometry": { "type": "Point", "coordinates": [ -0.917677319069184, 51.635075591886881 ] } },
{ "type": "Feature", "properties": { "max_height": 3.910003662109375, "mean_height": 0.43467602133750916, "std_height": 0.96436077356338501, "count_pixels": 42, "percent_cover": 0.1275471468917975, "percent_above_0.1m": 23.809523809523807, "low_level_<0.5": 4.7619047619047619, "mid_level_0.5-2": 7.1428571428571423, "tall_2+": 11.904761904761903 }, "geometry": { "type": "Point", "coordinates": [ -0.917477146249768, 51.635073746493056 ] } },
{ "type": "Feature", "properties": { "max_height": 12.809768676757812, "mean_height": 2.871755838394165, "std_height": 3.0600192546844482, "count_pixels": 43, "percent_cover": 0.13058398372255459, "percent_above_0.1m": 74.418604651162795, "low_level_<0.5": 4.6511627906976747, "mid_level_0.5-2": 13.953488372093023, "tall_2+": 55.813953488372093 }, "geometry": { "type": "Point", "coordinates": [ -0.917276973452075, 51.635071900757936 ] } },
{ "type": "Feature", "properties": { "max_height": 15.846755981445312, "mean_height": 5.4105148315429688, "std_height": 4.5000591278076172, "count_pixels": 43, "percent_cover": 0.13058398372255459, "percent_above_0.1m": 93.023255813953483, "low_level_<0.5": 4.6511627906976747, "mid_level_0.5-2": 16.279069767441861, "tall_2+": 72.093023255813947 }, "geometry": { "type": "Point", "coordinates": [ -0.91707680067611, 51.635070054681478 ] } },
{ "type": "Feature", "properties": { "max_height": 0.00189208984375, "mean_height": 0.00056792469695210457, "std_height": 0.00063276774017140269, "count_pixels": 41, "percent_cover": 0.12451031006104041, "percent_above_0.1m": 0.0, "low_level_<0.5": 0.0, "mid_level_0.5-2": 0.0, "tall_2+": 0.0 }, "geometry": { "type": "Point", "coordinates": [ -0.917774835227892, 51.635184389508893 ] } },
{ "type": "Feature", "properties": { "max_height": 0.0055084228515625, "mean_height": 6.5128981077577919e-05, "std_height": 0.00099587556906044483, "count_pixels": 41, "percent_cover": 0.12451031006104041, "percent_above_0.1m": 0.0, "low_level_<0.5": 0.0, "mid_level_0.5-2": 0.0, "tall_2+": 0.0 }, "geometry": { "type": "Point", "coordinates": [ -0.917574661912933, 51.635182544281584 ] } },
{ "type": "Feature", "properties": { "max_height": 2.6317596435546875, "mean_height": 0.13920551538467407, "std_height": 0.51517677307128906, "count_pixels": 37, "percent_cover": 0.11236296273801208, "percent_above_0.1m": 8.1081081081081088, "low_level_<0.5": 0.0, "mid_level_0.5-2": 5.4054054054054053, "tall_2+": 2.7027027027027026 }, "geometry": { "type": "Point", "coordinates": [ -0.917374488619687, 51.635180698712936 ] } },
{ "type": "Feature", "properties": { "max_height": 1.3905029296875, "mean_height": 0.068437531590461731, "std_height": 0.24313543736934662, "count_pixels": 41, "percent_cover": 0.12451031006104041, "percent_above_0.1m": 12.195121951219512, "low_level_<0.5": 4.8780487804878048, "mid_level_0.5-2": 4.8780487804878048, "tall_2+": 0.0 }, "geometry": { "type": "Point", "coordinates": [ -0.917174315348168, 51.635178852803001 ] } },
{ "type": "Feature", "properties": { "max_height": 12.357757568359375, "mean_height": 3.4083883762359619, "std_height": 3.7637546062469482, "count_pixels": 41, "percent_cover": 0.12451031006104041, "percent_above_0.1m": 80.487804878048792, "low_level_<0.5": 7.3170731707317067, "mid_level_0.5-2": 17.073170731707318, "tall_2+": 48.780487804878049 }, "geometry": { "type": "Point", "coordinates": [ -0.916974142098374, 51.635177006551743 ] } },
{ "type": "Feature", "properties": { "max_height": 5.8917694091796875, "mean_height": 2.1495528221130371, "std_height": 1.8989213705062866, "count_pixels": 42, "percent_cover": 0.1275471468917975, "percent_above_0.1m": 83.333333333333343, "low_level_<0.5": 9.5238095238095237, "mid_level_0.5-2": 23.809523809523807, "tall_2+": 47.619047619047613 }, "geometry": { "type": "Point", "coordinates": [ -0.916773968870313, 51.635175159959168 ] } },
{ "type": "Feature", "properties": { "max_height": 3.894775390625, "mean_height": 0.72629988193511963, "std_height": 0.8658713698387146, "count_pixels": 43, "percent_cover": 0.13058398372255459, "percent_above_0.1m": 60.465116279069761, "low_level_<0.5": 9.3023255813953494, "mid_level_0.5-2": 41.860465116279073, "tall_2+": 6.9767441860465116 }, "geometry": { "type": "Point", "coordinates": [ -0.917872351860438, 51.635293187047736 ] } },
{ "type": "Feature", "properties": { "max_height": 0.0017547607421875, "mean_height": 0.00023988235625438392, "std_height": 0.00050123175606131554, "count_pixels": 43, "percent_cover": 0.13058398372255459, "percent_above_0.1m": 0.0, "low_level_<0.5": 0.0, "mid_level_0.5-2": 0.0, "tall_2+": 0.0 }, "geometry": { "type": "Point", "coordinates": [ -0.917672178049926, 51.635291341986914 ] } },
{ "type": "Feature", "properties": { "max_height": 3.613525390625, "mean_height": 0.2069208025932312, "std_height": 0.76170629262924194, "count_pixels": 42, "percent_cover": 0.1275471468917975, "percent_above_0.1m": 11.904761904761903, "low_level_<0.5": 2.3809523809523809, "mid_level_0.5-2": 4.7619047619047619, "tall_2+": 4.7619047619047619 }, "geometry": { "type": "Point", "coordinates": [ -0.917472004261127, 51.63528949658479 ] } },
{ "type": "Feature", "properties": { "max_height": 1.3932647705078125, "mean_height": 0.036625351756811142, "std_height": 0.21198283135890961, "count_pixels": 43, "percent_cover": 0.13058398372255459, "percent_above_0.1m": 4.6511627906976747, "low_level_<0.5": 2.3255813953488373, "mid_level_0.5-2": 2.3255813953488373, "tall_2+": 0.0 }, "geometry": { "type": "Point", "coordinates": [ -0.917271830494052, 51.635287650841335 ] } },
{ "type": "Feature", "properties": { "max_height": 4.61602783203125, "mean_height": 0.29317492246627808, "std_height": 0.95855236053466797, "count_pixels": 43, "percent_cover": 0.13058398372255459, "percent_above_0.1m": 11.627906976744185, "low_level_<0.5": 0.0, "mid_level_0.5-2": 6.9767441860465116, "tall_2+": 4.6511627906976747 }, "geometry": { "type": "Point", "coordinates": [ -0.917071656748705, 51.635285804756577 ] } },
{ "type": "Feature", "properties": { "max_height": 0.3482513427734375, "mean_height": 0.0227239690721035, "std_height": 0.070281468331813812, "count_pixels": 42, "percent_cover": 0.1275471468917975, "percent_above_0.1m": 7.1428571428571423, "low_level_<0.5": 4.7619047619047619, "mid_level_0.5-2": 0.0, "tall_2+": 0.0 }, "geometry": { "type": "Point", "coordinates": [ -0.916871483025082, 51.635283958330497 ] } },
{ "type": "Feature", "properties": { "max_height": 3.1510162353515625, "mean_height": 0.4541071355342865, "std_height": 0.85135209560394287, "count_pixels": 41, "percent_cover": 0.12451031006104041, "percent_above_0.1m": 36.585365853658537, "low_level_<0.5": 9.7560975609756095, "mid_level_0.5-2": 14.634146341463413, "tall_2+": 7.3170731707317067 }, "geometry": { "type": "Point", "coordinates": [ -0.916671309323202, 51.635282111563122 ] } },
{ "type": "Feature", "properties": { "max_height": 10.269515991210938, "mean_height": 1.5934377908706665, "std_height": 2.0533411502838135, "count_pixels": 41, "percent_cover": 0.12451031006104041, "percent_above_0.1m": 78.048780487804876, "low_level_<0.5": 17.073170731707318, "mid_level_0.5-2": 26.829268292682929, "tall_2+": 29.268292682926827 }, "geometry": { "type": "Point", "coordinates": [ -0.91647113564305, 51.635280264454423 ] } },
{ "type": "Feature", "properties": { "max_height": 12.655517578125, "mean_height": 4.4276809692382812, "std_height": 4.2114181518554688, "count_pixels": 41, "percent_cover": 0.12451031006104041, "percent_above_0.1m": 82.926829268292678, "low_level_<0.5": 14.634146341463413, "mid_level_0.5-2": 4.8780487804878048, "tall_2+": 58.536585365853654 }, "geometry": { "type": "Point", "coordinates": [ -0.916270961984643, 51.635278417004422 ] } },
{ "type": "Feature", "properties": { "max_height": 8.785614013671875, "mean_height": 2.2932446002960205, "std_height": 2.5859663486480713, "count_pixels": 41, "percent_cover": 0.12451031006104041, "percent_above_0.1m": 85.365853658536579, "low_level_<0.5": 14.634146341463413, "mid_level_0.5-2": 24.390243902439025, "tall_2+": 39.024390243902438 }, "geometry": { "type": "Point", "coordinates": [ -0.917969868966812, 51.635401984503424 ] } },
{ "type": "Feature", "properties": { "max_height": 2.2700653076171875, "mean_height": 0.086127303540706635, "std_height": 0.37657159566879272, "count_pixels": 41, "percent_cover": 0.12451031006104041, "percent_above_0.1m": 7.3170731707317067, "low_level_<0.5": 2.4390243902439024, "mid_level_0.5-2": 2.4390243902439024, "tall_2+": 2.4390243902439024 }, "geometry": { "type": "Point", "coordinates": [ -0.917769694660747, 51.635400139609104 ] } },
{ "type": "Feature", "properties": { "max_height": 0.00225830078125, "mean_height": -0.00038705221959389746, "std_height": 0.0012993298005312681, "count_pixels": 41, "percent_cover": 0.12451031006104041, "percent_above_0.1m": 0.0, "low_level_<0.5": 0.0, "mid_level_0.5-2": 0.0, "tall_2+": 0.0 }, "geometry": { "type": "Point", "coordinates": [ -0.917569520376395, 51.635398294373452 ] } },
{ "type": "Feature", "properties": { "max_height": 0.001007080078125, "mean_height": -0.00084789376705884933, "std_height": 0.0019394858973100781, "count_pixels": 37, "percent_cover": 0.11236296273801208, "percent_above_0.1m": 0.0, "low_level_<0.5": 0.0, "mid_level_0.5-2": 0.0, "tall_2+": 0.0 }, "geometry": { "type": "Point", "coordinates": [ -0.917369346113767, 51.635396448796513 ] } },
{ "type": "Feature", "properties": { "max_height": 0.008758544921875, "mean_height": -0.0010067078983411193, "std_height": 0.0031027491204440594, "count_pixels": 41, "percent_cover": 0.12451031006104041, "percent_above_0.1m": 0.0, "low_level_<0.5": 0.0, "mid_level_0.5-2": 0.0, "tall_2+": 0.0 }, "geometry": { "type": "Point", "coordinates": [ -0.917169171872857, 51.635394602878243 ] } },
{ "type": "Feature", "properties": { "max_height": 0.002777099609375, "mean_height": -0.00041049864375963807, "std_height": 0.0014534748625010252, "count_pixels": 41, "percent_cover": 0.12451031006104041, "percent_above_0.1m": 0.0, "low_level_<0.5": 0.0, "mid_level_0.5-2": 0.0, "tall_2+": 0.0 }, "geometry": { "type": "Point", "coordinates": [ -0.916968997653681, 51.635392756618664 ] } },
{ "type": "Feature", "properties": { "max_height": 0.000762939453125, "mean_height": -4.2869931348832324e-05, "std_height": 0.00057149678468704224, "count_pixels": 42, "percent_cover": 0.1275471468917975, "percent_above_0.1m": 0.0, "low_level_<0.5": 0.0, "mid_level_0.5-2": 0.0, "tall_2+": 0.0 }, "geometry": { "type": "Point", "coordinates": [ -0.91676882345623, 51.635390910017776 ] } },
{ "type": "Feature", "properties": { "max_height": 0.0030059814453125, "mean_height": 0.00018417002866044641, "std_height": 0.00071835418930277228, "count_pixels": 43, "percent_cover": 0.13058398372255459, "percent_above_0.1m": 0.0, "low_level_<0.5": 0.0, "mid_level_0.5-2": 0.0, "tall_2+": 0.0 }, "geometry": { "type": "Point", "coordinates": [ -0.916568649280521, 51.635389063075586 ] } },
{ "type": "Feature", "properties": { "max_height": 5.003509521484375, "mean_height": 1.0701382160186768, "std_height": 1.4122536182403564, "count_pixels": 43, "percent_cover": 0.13058398372255459, "percent_above_0.1m": 58.139534883720934, "low_level_<0.5": 13.953488372093023, "mid_level_0.5-2": 20.930232558139537, "tall_2+": 23.255813953488371 }, "geometry": { "type": "Point", "coordinates": [ -0.916368475126549, 51.635387215792065 ] } },
{ "type": "Feature", "properties": { "max_height": 2.2964935302734375, "mean_height": 0.35550174117088318, "std_height": 0.47552365064620972, "count_pixels": 43, "percent_cover": 0.13058398372255459, "percent_above_0.1m": 67.441860465116278, "low_level_<0.5": 41.860465116279073, "mid_level_0.5-2": 16.279069767441861, "tall_2+": 2.3255813953488373 }, "geometry": { "type": "Point", "coordinates": [ -0.916168300994319, 51.635385368167228 ] } },
{ "type": "Feature", "properties": { "max_height": 1.31597900390625, "mean_height": 0.2687019407749176, "std_height": 0.34433650970458984, "count_pixels": 43, "percent_cover": 0.13058398372255459, "percent_above_0.1m": 51.162790697674424, "low_level_<0.5": 27.906976744186046, "mid_level_0.5-2": 18.604651162790699, "tall_2+": 0.0 }, "geometry": { "type": "Point", "coordinates": [ -0.91786721174541, 51.635508937148096 ] } },
{ "type": "Feature", "properties": { "max_height": 0.00201416015625, "mean_height": 0.00014513592759612948, "std_height": 0.0005326451500877738, "count_pixels": 43, "percent_cover": 0.13058398372255459, "percent_above_0.1m": 0.0, "low_level_<0.5": 0.0, "mid_level_0.5-2": 0.0, "tall_2+": 0.0 }, "geometry": { "type": "Point", "coordinates": [ -0.917667036965501, 51.63550709207896 ] } },
{ "type": "Feature", "properties": { "max_height": 0.001495361328125, "mean_height": -0.00076439266558736563, "std_height": 0.0026905208360403776, "count_pixels": 42, "percent_cover": 0.1275471468917975, "percent_above_0.1m": 0.0, "low_level_<0.5": 0.0, "mid_level_0.5-2": 0.0, "tall_2+": 0.0 }, "geometry": { "type": "Point", "coordinates": [ -0.917466862207314, 51.635505246668515 ] } },
{ "type": "Feature", "properties": { "max_height": 0.0045013427734375, "mean_height": -0.0001419422187609598, "std_height": 0.0021757744252681732, "count_pixels": 43, "percent_cover": 0.13058398372255459, "percent_above_0.1m": 0.0, "low_level_<0.5": 0.0, "mid_level_0.5-2": 0.0, "tall_2+": 0.0 }, "geometry": { "type": "Point", "coordinates": [ -0.917266687470844, 51.635503400916747 ] } },
{ "type": "Feature", "properties": { "max_height": 3.138519287109375, "mean_height": 0.21466206014156342, "std_height": 0.68129664659500122, "count_pixels": 43, "percent_cover": 0.13058398372255459, "percent_above_0.1m": 11.627906976744185, "low_level_<0.5": 2.3255813953488373, "mid_level_0.5-2": 4.6511627906976747, "tall_2+": 4.6511627906976747 }, "geometry": { "type": "Point", "coordinates": [ -0.917066512756101, 51.635501554823655 ] } },
{ "type": "Feature", "properties": { "max_height": 0.8812713623046875, "mean_height": 0.0272968839854002, "std_height": 0.13946641981601715, "count_pixels": 42, "percent_cover": 0.1275471468917975, "percent_above_0.1m": 4.7619047619047619, "low_level_<0.5": 2.3809523809523809, "mid_level_0.5-2": 2.3809523809523809, "tall_2+": 0.0 }, "geometry": { "type": "Point", "coordinates": [ -0.916866338063091, 51.635499708389254 ] } },
{ "type": "Feature", "properties": { "max_height": 0.001007080078125, "mean_height": -0.00011202184396097437, "std_height": 0.00054415012709796429, "count_pixels": 41, "percent_cover": 0.12451031006104041, "percent_above_0.1m": 0.0, "low_level_<0.5": 0.0, "mid_level_0.5-2": 0.0, "tall_2+": 0.0 }, "geometry": { "type": "Point", "coordinates": [ -0.916666163391813, 51.635497861613544 ] } },
{ "type": "Feature", "properties": { "max_height": 0.0055084228515625, "mean_height": -0.00025158392963930964, "std_height": 0.0021094935946166515, "count_pixels": 41, "percent_cover": 0.12451031006104041, "percent_above_0.1m": 0.0, "low_level_<0.5": 0.0, "mid_level_0.5-2": 0.0, "tall_2+": 0.0 }, "geometry": { "type": "Point", "coordinates": [ -0.916465988742272, 51.635496014496525 ] } },
{ "type": "Feature", "properties": { "max_height": 0.0045166015625, "mean_height": -0.00048902560956776142, "std_height": 0.0017390119610354304, "count_pixels": 41, "percent_cover": 0.12451031006104041, "percent_above_0.1m": 0.0, "low_level_<0.5": 0.0, "mid_level_0.5-2": 0.0, "tall_2+": 0.0 }, "geometry": { "type": "Point", "coordinates": [ -0.916265814114477, 51.635494167038196 ] } },
{ "type": "Feature", "properties": { "max_height": 1.48175048828125, "mean_height": 0.1876949667930603, "std_height": 0.37179377675056458, "count_pixels": 36, "percent_cover": 0.109326125907255, "percent_above_0.1m": 27.777777777777779, "low_level_<0.5": 5.5555555555555554, "mid_level_0.5-2": 19.444444444444446, "tall_2+": 0.0 }, "geometry": { "type": "Point", "coordinates": [ -0.916065639508423, 51.63549231923853 ] } },
{ "type": "Feature", "properties": { "max_height": 3.678009033203125, "mean_height": 0.47030824422836304, "std_height": 0.86101526021957397, "count_pixels": 41, "percent_cover": 0.12451031006104041, "percent_above_0.1m": 41.463414634146339, "low_level_<0.5": 17.073170731707318, "mid_level_0.5-2": 14.634146341463413, "tall_2+": 7.3170731707317067 }, "geometry": { "type": "Point", "coordinates": [ -0.915865464924124, 51.635490471097555 ] } },
{ "type": "Feature", "properties": { "max_height": 5.713714599609375, "mean_height": 0.87587237358093262, "std_height": 1.3137075901031494, "count_pixels": 41, "percent_cover": 0.12451031006104041, "percent_above_0.1m": 70.731707317073173, "low_level_<0.5": 21.951219512195124, "mid_level_0.5-2": 24.390243902439025, "tall_2+": 14.634146341463413 }, "geometry": { "type": "Point", "coordinates": [ -0.917964729303912, 51.635617734603926 ] } },
{ "type": "Feature", "properties": { "max_height": 0.0022430419921875, "mean_height": 0.00055936485296115279, "std_height": 0.00067257496993988752, "count_pixels": 41, "percent_cover": 0.12451031006104041, "percent_above_0.1m": 0.0, "low_level_<0.5": 0.0, "mid_level_0.5-2": 0.0, "tall_2+": 0.0 }, "geometry": { "type": "Point", "coordinates": [ -0.917764554028441, 51.635615889701278 ] } },
{ "type": "Feature", "properties": { "max_height": 0.0030059814453125, "mean_height": -0.00035727897193282843, "std_height": 0.0019549471326172352, "count_pixels": 41, "percent_cover": 0.12451031006104041, "percent_above_0.1m": 0.0, "low_level_<0.5": 0.0, "mid_level_0.5-2": 0.0, "tall_2+": 0.0 }, "geometry": { "type": "Point", "coordinates": [ -0.917564378774696, 51.635614044457341 ] } },
{ "type": "Feature", "properties": { "max_height": 0.008514404296875, "mean_height": -0.00065241631818935275, "std_height": 0.0031735212542116642, "count_pixels": 37, "percent_cover": 0.11236296273801208, "percent_above_0.1m": 0.0, "low_level_<0.5": 0.0, "mid_level_0.5-2": 0.0, "tall_2+": 0.0 }, "geometry": { "type": "Point", "coordinates": [ -0.917364203542664, 51.635612198872067 ] } },
{ "type": "Feature", "properties": { "max_height": 0.0022735595703125, "mean_height": -0.0010145234409719706, "std_height": 0.0021956500131636858, "count_pixels": 41, "percent_cover": 0.12451031006104041, "percent_above_0.1m": 0.0, "low_level_<0.5": 0.0, "mid_level_0.5-2": 0.0, "tall_2+": 0.0 }, "geometry": { "type": "Point", "coordinates": [ -0.917164028332357, 51.635610352945484 ] } },
{ "type": "Feature", "properties": { "max_height": 1.17626953125, "mean_height": 0.042675111442804337, "std_height": 0.19363850355148315, "count_pixels": 41, "percent_cover": 0.12451031006104041, "percent_above_0.1m": 7.3170731707317067, "low_level_<0.5": 4.8780487804878048, "mid_level_0.5-2": 2.4390243902439024, "tall_2+": 0.0 }, "geometry": { "type": "Point", "coordinates": [ -0.91696385314378, 51.635608506677592 ] } },
{ "type": "Feature", "properties": { "max_height": 3.727264404296875, "mean_height": 0.32192957401275635, "std_height": 0.88027054071426392, "count_pixels": 42, "percent_cover": 0.1275471468917975, "percent_above_0.1m": 16.666666666666664, "low_level_<0.5": 4.7619047619047619, "mid_level_0.5-2": 2.3809523809523809, "tall_2+": 9.5238095238095237 }, "geometry": { "type": "Point", "coordinates": [ -0.916763677976931, 51.635606660068362 ] } },
{ "type": "Feature", "properties": { "max_height": 0.04925537109375, "mean_height": 0.0014513592468574643, "std_height": 0.0081726768985390663, "count_pixels": 43, "percent_cover": 0.13058398372255459, "percent_above_0.1m": 0.0, "low_level_<0.5": 0.0, "mid_level_0.5-2": 0.0, "tall_2+": 0.0 }, "geometry": { "type": "Point", "coordinates": [ -0.916563502831825, 51.63560481311783 ] } },
{ "type": "Feature", "properties": { "max_height": 0.003509521484375, "mean_height": -0.0015514284605160356, "std_height": 0.0032803690992295742, "count_pixels": 43, "percent_cover": 0.13058398372255459, "percent_above_0.1m": 0.0, "low_level_<0.5": 0.0, "mid_level_0.5-2": 0.0, "tall_2+": 0.0 }, "geometry": { "type": "Point", "coordinates": [ -0.916363327708454, 51.635602965825989 ] } },
{ "type": "Feature", "properties": { "max_height": 0.0042572021484375, "mean_height": -0.0005649300292134285, "std_height": 0.0017066682921722531, "count_pixels": 43, "percent_cover": 0.13058398372255459, "percent_above_0.1m": 0.0, "low_level_<0.5": 0.0, "mid_level_0.5-2": 0.0, "tall_2+": 0.0 }, "geometry": { "type": "Point", "coordinates": [ -0.916163152606829, 51.635601118192824 ] } },
{ "type": "Feature", "properties": { "max_height": 0.08050537109375, "mean_height": 0.0023757580202072859, "std_height": 0.013461388647556305, "count_pixels": 43, "percent_cover": 0.13058398372255459, "percent_above_0.1m": 0.0, "low_level_<0.5": 0.0, "mid_level_0.5-2": 0.0, "tall_2+": 0.0 }, "geometry": { "type": "Point", "coordinates": [ -0.915962977526951, 51.635599270218336 ] } },
{ "type": "Feature", "properties": { "max_height": 0.5095062255859375, "mean_height": 0.15054994821548462, "std_height": 0.1286243349313736, "count_pixels": 43, "percent_cover": 0.13058398372255459, "percent_above_0.1m": 58.139534883720934, "low_level_<0.5": 51.162790697674424, "mid_level_0.5-2": 2.3255813953488373, "tall_2+": 0.0 }, "geometry": { "type": "Point", "coordinates": [ -0.915762802468828, 51.635597421902546 ] } },
{ "type": "Feature", "properties": { "max_height": 1.72125244140625, "mean_height": 0.33424198627471924, "std_height": 0.41939857602119446, "count_pixels": 43, "percent_cover": 0.13058398372255459, "percent_above_0.1m": 55.813953488372093, "low_level_<0.5": 20.930232558139537, "mid_level_0.5-2": 25.581395348837212, "tall_2+": 0.0 }, "geometry": { "type": "Point", "coordinates": [ -0.915562627432461, 51.635595573245439 ] } },
{ "type": "Feature", "properties": { "max_height": 9.41583251953125, "mean_height": 1.2564616203308105, "std_height": 2.4727351665496826, "count_pixels": 43, "percent_cover": 0.13058398372255459, "percent_above_0.1m": 30.232558139534881, "low_level_<0.5": 0.0, "mid_level_0.5-2": 6.9767441860465116, "tall_2+": 20.930232558139537 }, "geometry": { "type": "Point", "coordinates": [ -0.917862071565227, 51.635724687240455 ] } },
{ "type": "Feature", "properties": { "max_height": 0.98126220703125, "mean_height": 0.11334618926048279, "std_height": 0.24653419852256775, "count_pixels": 43, "percent_cover": 0.13058398372255459, "percent_above_0.1m": 20.930232558139537, "low_level_<0.5": 9.3023255813953494, "mid_level_0.5-2": 9.3023255813953494, "tall_2+": 0.0 }, "geometry": { "type": "Point", "coordinates": [ -0.917661895815919, 51.635722842162998 ] } },
{ "type": "Feature", "properties": { "max_height": 0.0022735595703125, "mean_height": -0.00031244187266565859, "std_height": 0.0022663290146738291, "count_pixels": 42, "percent_cover": 0.1275471468917975, "percent_above_0.1m": 0.0, "low_level_<0.5": 0.0, "mid_level_0.5-2": 0.0, "tall_2+": 0.0 }, "geometry": { "type": "Point", "coordinates": [ -0.917461720088322, 51.635720996744219 ] } },
{ "type": "Feature", "properties": { "max_height": 0.8050079345703125, "mean_height": 0.018986547365784645, "std_height": 0.12144798040390015, "count_pixels": 43, "percent_cover": 0.13058398372255459, "percent_above_0.1m": 2.3255813953488373, "low_level_<0.5": 0.0, "mid_level_0.5-2": 2.3255813953488373, "tall_2+": 0.0 }, "geometry": { "type": "Point", "coordinates": [ -0.917261544382449, 51.635719150984137 ] } },
{ "type": "Feature", "properties": { "max_height": 3.04376220703125, "mean_height": 0.28986448049545288, "std_height": 0.73246192932128906, "count_pixels": 43, "percent_cover": 0.13058398372255459, "percent_above_0.1m": 18.604651162790699, "low_level_<0.5": 4.6511627906976747, "mid_level_0.5-2": 6.9767441860465116, "tall_2+": 6.9767441860465116 }, "geometry": { "type": "Point", "coordinates": [ -0.917061368698301, 51.635717304882732 ] } },
{ "type": "Feature", "properties": { "max_height": 0.00225830078125, "mean_height": -0.00059727259213104844, "std_height": 0.0017436671769246459, "count_pixels": 42, "percent_cover": 0.1275471468917975, "percent_above_0.1m": 0.0, "low_level_<0.5": 0.0, "mid_level_0.5-2": 0.0, "tall_2+": 0.0 }, "geometry": { "type": "Point", "coordinates": [ -0.916861193035887, 51.635715458440018 ] } },
{ "type": "Feature", "properties": { "max_height": 0.0052642822265625, "mean_height": 5.5824839364504442e-06, "std_height": 0.0011161135043948889, "count_pixels": 41, "percent_cover": 0.12451031006104041, "percent_above_0.1m": 0.0, "low_level_<0.5": 0.0, "mid_level_0.5-2": 0.0, "tall_2+": 0.0 }, "geometry": { "type": "Point", "coordinates": [ -0.916661017395202, 51.635713611655994 ] } },
{ "type": "Feature", "properties": { "max_height": 7.224761962890625, "mean_height": 1.4238393306732178, "std_height": 2.2235293388366699, "count_pixels": 41, "percent_cover": 0.12451031006104041, "percent_above_0.1m": 43.902439024390247, "low_level_<0.5": 4.8780487804878048, "mid_level_0.5-2": 9.7560975609756095, "tall_2+": 29.268292682926827 }, "geometry": { "type": "Point", "coordinates": [ -0.916460841776261, 51.635711764530626 ] } },
{ "type": "Feature", "properties": { "max_height": 0.003509521484375, "mean_height": -0.0013051846763119102, "std_height": 0.003534217830747366, "count_pixels": 41, "percent_cover": 0.12451031006104041, "percent_above_0.1m": 0.0, "low_level_<0.5": 0.0, "mid_level_0.5-2": 0.0, "tall_2+": 0.0 }, "geometry": { "type": "Point", "coordinates": [ -0.916260666179061, 51.635709917063963 ] } },
{ "type": "Feature", "properties": { "max_height": 0.00177001953125, "mean_height": -0.0012537637958303094, "std_height": 0.0025896683800965548, "count_pixels": 36, "percent_cover": 0.109326125907255, "percent_above_0.1m": 0.0, "low_level_<0.5": 0.0, "mid_level_0.5-2": 0.0, "tall_2+": 0.0 }, "geometry": { "type": "Point", "coordinates": [ -0.916060490603606, 51.635708069255962 ] } },
{ "type": "Feature", "properties": { "max_height": 0.0037689208984375, "mean_height": -0.00089952419511973858, "std_height": 0.0025358067359775305, "count_pixels": 41, "percent_cover": 0.12451031006104041, "percent_above_0.1m": 0.0, "low_level_<0.5": 0.0, "mid_level_0.5-2": 0.0, "tall_2+": 0.0 }, "geometry": { "type": "Point", "coordinates": [ -0.915860315049902, 51.635706221106659 ] } },
{ "type": "Feature", "properties": { "max_height": 0.3982696533203125, "mean_height": 0.040150713175535202, "std_height": 0.099499106407165527, "count_pixels": 41, "percent_cover": 0.12451031006104041, "percent_above_0.1m": 14.634146341463413, "low_level_<0.5": 12.195121951219512, "mid_level_0.5-2": 0.0, "tall_2+": 0.0 }, "geometry": { "type": "Point", "coordinates": [ -0.915660139517953, 51.635704372616026 ] } },
{ "type": "Feature", "properties": { "max_height": 1.8060150146484375, "mean_height": 0.34880289435386658, "std_height": 0.42913469672203064, "count_pixels": 41, "percent_cover": 0.12451031006104041, "percent_above_0.1m": 56.09756097560976, "low_level_<0.5": 19.512195121951219, "mid_level_0.5-2": 31.707317073170731, "tall_2+": 0.0 }, "geometry": { "type": "Point", "coordinates": [ -0.915459964007763, 51.635702523784097 ] } },
{ "type": "Feature", "properties": { "max_height": 10.298660278320312, "mean_height": 2.9950032234191895, "std_height": 3.5837914943695068, "count_pixels": 41, "percent_cover": 0.12451031006104041, "percent_above_0.1m": 53.658536585365859, "low_level_<0.5": 2.4390243902439024, "mid_level_0.5-2": 7.3170731707317067, "tall_2+": 43.902439024390247 }, "geometry": { "type": "Point", "coordinates": [ -0.917959589575865, 51.635833484696406 ] } },
{ "type": "Feature", "properties": { "max_height": 4.07464599609375, "mean_height": 0.24706472456455231, "std_height": 0.89169842004776001, "count_pixels": 41, "percent_cover": 0.12451031006104041, "percent_above_0.1m": 7.3170731707317067, "low_level_<0.5": 0.0, "mid_level_0.5-2": 0.0, "tall_2+": 7.3170731707317067 }, "geometry": { "type": "Point", "coordinates": [ -0.917759413330983, 51.635831639785465 ] } },
{ "type": "Feature", "properties": { "max_height": 0.00250244140625, "mean_height": -0.00010643935820553452, "std_height": 0.0012090334203094244, "count_pixels": 41, "percent_cover": 0.12451031006104041, "percent_above_0.1m": 0.0, "low_level_<0.5": 0.0, "mid_level_0.5-2": 0.0, "tall_2+": 0.0 }, "geometry": { "type": "Point", "coordinates": [ -0.917559237107821, 51.635829794533208 ] } },
{ "type": "Feature", "properties": { "max_height": 0.0030059814453125, "mean_height": -0.00067056191619485617, "std_height": 0.0020177403930574656, "count_pixels": 37, "percent_cover": 0.11236296273801208, "percent_above_0.1m": 0.0, "low_level_<0.5": 0.0, "mid_level_0.5-2": 0.0, "tall_2+": 0.0 }, "geometry": { "type": "Point", "coordinates": [ -0.917359060906379, 51.635827948939614 ] } },
{ "type": "Feature", "properties": { "max_height": 7.769012451171875, "mean_height": 1.3083090782165527, "std_height": 2.3979191780090332, "count_pixels": 41, "percent_cover": 0.12451031006104041, "percent_above_0.1m": 29.268292682926827, "low_level_<0.5": 2.4390243902439024, "mid_level_0.5-2": 2.4390243902439024, "tall_2+": 24.390243902439025 }, "geometry": { "type": "Point", "coordinates": [ -0.917158884726663, 51.635826103004725 ] } },
{ "type": "Feature", "properties": { "max_height": 1.9507598876953125, "mean_height": 0.060412894934415817, "std_height": 0.30896517634391785, "count_pixels": 41, "percent_cover": 0.12451031006104041, "percent_above_0.1m": 4.8780487804878048, "low_level_<0.5": 2.4390243902439024, "mid_level_0.5-2": 2.4390243902439024, "tall_2+": 0.0 }, "geometry": { "type": "Point", "coordinates": [ -0.916958708568674, 51.63582425672849 ] } },
{ "type": "Feature", "properties": { "max_height": 0.0084991455078125, "mean_height": 0.00012897310080006719, "std_height": 0.0015384056605398655, "count_pixels": 42, "percent_cover": 0.1275471468917975, "percent_above_0.1m": 0.0, "low_level_<0.5": 0.0, "mid_level_0.5-2": 0.0, "tall_2+": 0.0 }, "geometry": { "type": "Point", "coordinates": [ -0.916758532432416, 51.635822410110954 ] } },
{ "type": "Feature", "properties": { "max_height": 0.0027618408203125, "mean_height": -0.00011177950364071876, "std_height": 0.00142560841049999, "count_pixels": 43, "percent_cover": 0.13058398372255459, "percent_above_0.1m": 0.0, "low_level_<0.5": 0.0, "mid_level_0.5-2": 0.0, "tall_2+": 0.0 }, "geometry": { "type": "Point", "coordinates": [ -0.916558356317897, 51.635820563152102 ] } },
{ "type": "Feature", "properties": { "max_height": 0.576263427734375, "mean_height": 0.011934502050280571, "std_height": 0.087143473327159882, "count_pixels": 43, "percent_cover": 0.13058398372255459, "percent_above_0.1m": 2.3255813953488373, "low_level_<0.5": 0.0, "mid_level_0.5-2": 2.3255813953488373, "tall_2+": 0.0 }, "geometry": { "type": "Point", "coordinates": [ -0.916358180225119, 51.635818715851919 ] } },
{ "type": "Feature", "properties": { "max_height": 0.003997802734375, "mean_height": -0.00060431903693825006, "std_height": 0.0024170416872948408, "count_pixels": 43, "percent_cover": 0.13058398372255459, "percent_above_0.1m": 0.0, "low_level_<0.5": 0.0, "mid_level_0.5-2": 0.0, "tall_2+": 0.0 }, "geometry": { "type": "Point", "coordinates": [ -0.916158004154083, 51.635816868210419 ] } },
{ "type": "Feature", "properties": { "max_height": 0.001007080078125, "mean_height": -0.0019804488401859999, "std_height": 0.0034760695416480303, "count_pixels": 43, "percent_cover": 0.13058398372255459, "percent_above_0.1m": 0.0, "low_level_<0.5": 0.0, "mid_level_0.5-2": 0.0, "tall_2+": 0.0 }, "geometry": { "type": "Point", "coordinates": [ -0.915957828104803, 51.635815020227597 ] } },
{ "type": "Feature", "properties": { "max_height": 1.6182708740234375, "mean_height": 0.075196020305156708, "std_height": 0.3292873203754425, "count_pixels": 43, "percent_cover": 0.13058398372255459, "percent_above_0.1m": 6.9767441860465116, "low_level_<0.5": 0.0, "mid_level_0.5-2": 4.6511627906976747, "tall_2+": 0.0 }, "geometry": { "type": "Point", "coordinates": [ -0.915757652077266, 51.635813171903472 ] } },
{ "type": "Feature", "properties": { "max_height": 0.0042572021484375, "mean_height": -0.0006422885344363749, "std_height": 0.0024846785236150026, "count_pixels": 43, "percent_cover": 0.13058398372255459, "percent_above_0.1m": 0.0, "low_level_<0.5": 0.0, "mid_level_0.5-2": 0.0, "tall_2+": 0.0 }, "geometry": { "type": "Point", "coordinates": [ -0.91555747607149, 51.635811323238009 ] } },
{ "type": "Feature", "properties": { "max_height": 0.386016845703125, "mean_height": 0.0444800965487957, "std_height": 0.092430256307125092, "count_pixels": 42, "percent_cover": 0.1275471468917975, "percent_above_0.1m": 16.666666666666664, "low_level_<0.5": 14.285714285714285, "mid_level_0.5-2": 0.0, "tall_2+": 0.0 }, "geometry": { "type": "Point", "coordinates": [ -0.915357300087475, 51.635809474231245 ] } },
{ "type": "Feature", "properties": { "max_height": 4.993011474609375, "mean_height": 0.74094337224960327, "std_height": 1.2685986757278442, "count_pixels": 41, "percent_cover": 0.12451031006104041, "percent_above_0.1m": 73.170731707317074, "low_level_<0.5": 43.902439024390247, "mid_level_0.5-2": 17.073170731707318, "tall_2+": 9.7560975609756095 }, "geometry": { "type": "Point", "coordinates": [ -0.915157124125227, 51.635807624883157 ] } },
{ "type": "Feature", "properties": { "max_height": 0.091278076171875, "mean_height": 0.008733704686164856, "std_height": 0.02232690155506134, "count_pixels": 43, "percent_cover": 0.13058398372255459, "percent_above_0.1m": 0.0, "low_level_<0.5": 0.0, "mid_level_0.5-2": 0.0, "tall_2+": 0.0 }, "geometry": { "type": "Point", "coordinates": [ -0.9178569313199, 51.63594043732477 ] } },
{ "type": "Feature", "properties": { "max_height": 0.00201416015625, "mean_height": 0.00031440201564691961, "std_height": 0.00062407337827607989, "count_pixels": 43, "percent_cover": 0.13058398372255459, "percent_above_0.1m": 0.0, "low_level_<0.5": 0.0, "mid_level_0.5-2": 0.0, "tall_2+": 0.0 }, "geometry": { "type": "Point", "coordinates": [ -0.917656754601168, 51.635938592239008 ] } },
{ "type": "Feature", "properties": { "max_height": 0.0070037841796875, "mean_height": 0.00047011603601276875, "std_height": 0.001257417956367135, "count_pixels": 42, "percent_cover": 0.1275471468917975, "percent_above_0.1m": 0.0, "low_level_<0.5": 0.0, "mid_level_0.5-2": 0.0, "tall_2+": 0.0 }, "geometry": { "type": "Point", "coordinates": [ -0.917456577904156, 51.635936746811929 ] } },
{ "type": "Feature", "properties": { "max_height": 0.0025177001953125, "mean_height": -0.00067741924431174994, "std_height": 0.0017879835795611143, "count_pixels": 43, "percent_cover": 0.13058398372255459, "percent_above_0.1m": 0.0, "low_level_<0.5": 0.0, "mid_level_0.5-2": 0.0, "tall_2+": 0.0 }, "geometry": { "type": "Point", "coordinates": [ -0.917256401228864, 51.635934901043534 ] } },
{ "type": "Feature", "properties": { "max_height": 0.00250244140625, "mean_height": -0.0010716638062149286, "std_height": 0.0023955584038048983, "count_pixels": 43, "percent_cover": 0.13058398372255459, "percent_above_0.1m": 0.0, "low_level_<0.5": 0.0, "mid_level_0.5-2": 0.0, "tall_2+": 0.0 }, "geometry": { "type": "Point", "coordinates": [ -0.917056224575302, 51.635933054933808 ] } },
{ "type": "Feature", "properties": { "max_height": 0.00225830078125, "mean_height": -0.0010139828082174063, "std_height": 0.0022199088707566261, "count_pixels": 42, "percent_cover": 0.1275471468917975, "percent_above_0.1m": 0.0, "low_level_<0.5": 0.0, "mid_level_0.5-2": 0.0, "tall_2+": 0.0 }, "geometry": { "type": "Point", "coordinates": [ -0.91685604794347, 51.635931208482759 ] } },
{ "type": "Feature", "properties": { "max_height": 0.0025177001953125, "mean_height": 0.00018794361676555127, "std_height": 0.00072141800774261355, "count_pixels": 41, "percent_cover": 0.12451031006104041, "percent_above_0.1m": 0.0, "low_level_<0.5": 0.0, "mid_level_0.5-2": 0.0, "tall_2+": 0.0 }, "geometry": { "type": "Point", "coordinates": [ -0.916655871333372, 51.635929361690387 ] } },
{ "type": "Feature", "properties": { "max_height": 0.0050201416015625, "mean_height": -8.820324728731066e-05, "std_height": 0.0017854310572147369, "count_pixels": 41, "percent_cover": 0.12451031006104041, "percent_above_0.1m": 0.0, "low_level_<0.5": 0.0, "mid_level_0.5-2": 0.0, "tall_2+": 0.0 }, "geometry": { "type": "Point", "coordinates": [ -0.916455694745009, 51.635927514556698 ] } },
{ "type": "Feature", "properties": { "max_height": 0.003509521484375, "mean_height": -0.0013431456172838807, "std_height": 0.002742038806900382, "count_pixels": 41, "percent_cover": 0.12451031006104041, "percent_above_0.1m": 0.0, "low_level_<0.5": 0.0, "mid_level_0.5-2": 0.0, "tall_2+": 0.0 }, "geometry": { "type": "Point", "coordinates": [ -0.916255518178397, 51.635925667081708 ] } },
{ "type": "Feature", "properties": { "max_height": 0.00152587890625, "mean_height": -0.0013508267002180219, "std_height": 0.0020278391893953085, "count_pixels": 36, "percent_cover": 0.109326125907255, "percent_above_0.1m": 0.0, "low_level_<0.5": 0.0, "mid_level_0.5-2": 0.0, "tall_2+": 0.0 }, "geometry": { "type": "Point", "coordinates": [ -0.916055341633527, 51.635923819265386 ] } },
{ "type": "Feature", "properties": { "max_height": 3.9145050048828125, "mean_height": 0.31487515568733215, "std_height": 0.89530503749847412, "count_pixels": 41, "percent_cover": 0.12451031006104041, "percent_above_0.1m": 14.634146341463413, "low_level_<0.5": 0.0, "mid_level_0.5-2": 9.7560975609756095, "tall_2+": 4.8780487804878048 }, "geometry": { "type": "Point", "coordinates": [ -0.915855165110408, 51.635921971107727 ] } },
{ "type": "Feature", "properties": { "max_height": 7.9640045166015625, "mean_height": 1.85538649559021, "std_height": 2.5806679725646973, "count_pixels": 41, "percent_cover": 0.12451031006104041, "percent_above_0.1m": 46.341463414634148, "low_level_<0.5": 0.0, "mid_level_0.5-2": 9.7560975609756095, "tall_2+": 34.146341463414636 }, "geometry": { "type": "Point", "coordinates": [ -0.915654988609044, 51.635920122608773 ] } },
{ "type": "Feature", "properties": { "max_height": 0.003265380859375, "mean_height": -0.00027540253358893096, "std_height": 0.0013345306506380439, "count_pixels": 41, "percent_cover": 0.12451031006104041, "percent_above_0.1m": 0.0, "low_level_<0.5": 0.0, "mid_level_0.5-2": 0.0, "tall_2+": 0.0 }, "geometry": { "type": "Point", "coordinates": [ -0.91545481212944, 51.635918273768503 ] } },
{ "type": "Feature", "properties": { "max_height": 0.0017547607421875, "mean_height": -0.00012715657067019492, "std_height": 0.0009651577565819025, "count_pixels": 42, "percent_cover": 0.1275471468917975, "percent_above_0.1m": 0.0, "low_level_<0.5": 0.0, "mid_level_0.5-2": 0.0, "tall_2+": 0.0 }, "geometry": { "type": "Point", "coordinates": [ -0.9152546356716, 51.635916424586895 ] } },
{ "type": "Feature", "properties": { "max_height": 5.6094970703125, "mean_height": 1.311125636100769, "std_height": 1.9594681262969971, "count_pixels": 43, "percent_cover": 0.13058398372255459, "percent_above_0.1m": 51.162790697674424, "low_level_<0.5": 9.3023255813953494, "mid_level_0.5-2": 9.3023255813953494, "tall_2+": 25.581395348837212 }, "geometry": { "type": "Point", "coordinates": [ -0.915054459235521, 51.635914575063964 ] } },
{ "type": "Feature", "properties": { "max_height": 5.0, "mean_height": 0.77626925706863403, "std_height": 1.2725919485092163, "count_pixels": 43, "percent_cover": 0.13058398372255459, "percent_above_0.1m": 53.488372093023251, "low_level_<0.5": 16.279069767441861, "mid_level_0.5-2": 13.953488372093023, "tall_2+": 16.279069767441861 }, "geometry": { "type": "Point", "coordinates": [ -0.914854282821224, 51.635912725199724 ] } },
{ "type": "Feature", "properties": { "max_height": 0.1062774658203125, "mean_height": 0.033481132239103317, "std_height": 0.037651699036359787, "count_pixels": 41, "percent_cover": 0.12451031006104041, "percent_above_0.1m": 9.7560975609756095, "low_level_<0.5": 0.0, "mid_level_0.5-2": 0.0, "tall_2+": 0.0 }, "geometry": { "type": "Point", "coordinates": [ -0.917954449782667, 51.636049234780891 ] } },
{ "type": "Feature", "properties": { "max_height": 0.006927490234375, "mean_height": 0.00075326312799006701, "std_height": 0.0014027635334059596, "count_pixels": 41, "percent_cover": 0.12451031006104041, "percent_above_0.1m": 0.0, "low_level_<0.5": 0.0, "mid_level_0.5-2": 0.0, "tall_2+": 0.0 }, "geometry": { "type": "Point", "coordinates": [ -0.917754272568365, 51.636047389861638 ] } },
{ "type": "Feature", "properties": { "max_height": 0.003997802734375, "mean_height": -0.00016077554028015584, "std_height": 0.0017537623643875122, "count_pixels": 41, "percent_cover": 0.12451031006104041, "percent_above_0.1m": 0.0, "low_level_<0.5": 0.0, "mid_level_0.5-2": 0.0, "tall_2+": 0.0 }, "geometry": { "type": "Point", "coordinates": [ -0.917554095375779, 51.636045544601068 ] } },
{ "type": "Feature", "properties": { "max_height": 0.0059967041015625, "mean_height": 0.00014475229545496404, "std_height": 0.0020302222110331059, "count_pixels": 37, "percent_cover": 0.11236296273801208, "percent_above_0.1m": 0.0, "low_level_<0.5": 0.0, "mid_level_0.5-2": 0.0, "tall_2+": 0.0 }, "geometry": { "type": "Point", "coordinates": [ -0.917353918204914, 51.636043698999153 ] } },
{ "type": "Feature", "properties": { "max_height": 0.003509521484375, "mean_height": -0.00042091927025467157, "std_height": 0.0020188321359455585, "count_pixels": 41, "percent_cover": 0.12451031006104041, "percent_above_0.1m": 0.0, "low_level_<0.5": 0.0, "mid_level_0.5-2": 0.0, "tall_2+": 0.0 }, "geometry": { "type": "Point", "coordinates": [ -0.917153741055773, 51.636041853055936 ] } },
{ "type": "Feature", "properties": { "max_height": 0.003509521484375, "mean_height": -0.0014466076390817761, "std_height": 0.0035190186463296413, "count_pixels": 41, "percent_cover": 0.12451031006104041, "percent_above_0.1m": 0.0, "low_level_<0.5": 0.0, "mid_level_0.5-2": 0.0, "tall_2+": 0.0 }, "geometry": { "type": "Point", "coordinates": [ -0.916953563928364, 51.636040006771402 ] } },
{ "type": "Feature", "properties": { "max_height": 0.00201416015625, "mean_height": -6.1761766119161621e-06, "std_height": 0.00079221284249797463, "count_pixels": 42, "percent_cover": 0.1275471468917975, "percent_above_0.1m": 0.0, "low_level_<0.5": 0.0, "mid_level_0.5-2": 0.0, "tall_2+": 0.0 }, "geometry": { "type": "Point", "coordinates": [ -0.916753386822681, 51.636038160145532 ] } },
{ "type": "Feature", "properties": { "max_height": 0.0090179443359375, "mean_height": 0.00035343613126315176, "std_height": 0.0015193138970062137, "count_pixels": 43, "percent_cover": 0.13058398372255459, "percent_above_0.1m": 0.0, "low_level_<0.5": 0.0, "mid_level_0.5-2": 0.0, "tall_2+": 0.0 }, "geometry": { "type": "Point", "coordinates": [ -0.916553209738742, 51.636036313178337 ] } },
{ "type": "Feature", "properties": { "max_height": 0.0025177001953125, "mean_height": -0.001525169238448143, "std_height": 0.0036031920462846756, "count_pixels": 43, "percent_cover": 0.13058398372255459, "percent_above_0.1m": 0.0, "low_level_<0.5": 0.0, "mid_level_0.5-2": 0.0, "tall_2+": 0.0 }, "geometry": { "type": "Point", "coordinates": [ -0.91635303267654, 51.636034465869834 ] } },
{ "type": "Feature", "properties": { "max_height": 0.0025177001953125, "mean_height": -0.0012079282896593213, "std_height": 0.0025255344808101654, "count_pixels": 43, "percent_cover": 0.13058398372255459, "percent_above_0.1m": 0.0, "low_level_<0.5": 0.0, "mid_level_0.5-2": 0.0, "tall_2+": 0.0 }, "geometry": { "type": "Point", "coordinates": [ -0.916152855636088, 51.63603261822 ] } },
{ "type": "Feature", "properties": { "max_height": 0.0015106201171875, "mean_height": -0.0014801025390625, "std_height": 0.0027508016210049391, "count_pixels": 43, "percent_cover": 0.13058398372255459, "percent_above_0.1m": 0.0, "low_level_<0.5": 0.0, "mid_level_0.5-2": 0.0, "tall_2+": 0.0 }, "geometry": { "type": "Point", "coordinates": [ -0.91595267861738, 51.636030770228842 ] } },
{ "type": "Feature", "properties": { "max_height": 0.3614959716796875, "mean_height": 0.0073394775390625, "std_height": 0.054714731872081757, "count_pixels": 43, "percent_cover": 0.13058398372255459, "percent_above_0.1m": 2.3255813953488373, "low_level_<0.5": 2.3255813953488373, "mid_level_0.5-2": 0.0, "tall_2+": 0.0 }, "geometry": { "type": "Point", "coordinates": [ -0.915752501620424, 51.636028921896376 ] } },
{ "type": "Feature", "properties": { "max_height": 0.0022735595703125, "mean_height": -0.0011064396239817142, "std_height": 0.0022624721750617027, "count_pixels": 43, "percent_cover": 0.13058398372255459, "percent_above_0.1m": 0.0, "low_level_<0.5": 0.0, "mid_level_0.5-2": 0.0, "tall_2+": 0.0 }, "geometry": { "type": "Point", "coordinates": [ -0.91555232464523, 51.636027073222571 ] } },
{ "type": "Feature", "properties": { "max_height": 0.0037689208984375, "mean_height": 0.0001333327527390793, "std_height": 0.00089404045138508081, "count_pixels": 42, "percent_cover": 0.1275471468917975, "percent_above_0.1m": 0.0, "low_level_<0.5": 0.0, "mid_level_0.5-2": 0.0, "tall_2+": 0.0 }, "geometry": { "type": "Point", "coordinates": [ -0.915352147691796, 51.636025224207465 ] } },
{ "type": "Feature", "properties": { "max_height": 0.00201416015625, "mean_height": -0.00013770126679446548, "std_height": 0.0013999501243233681, "count_pixels": 41, "percent_cover": 0.12451031006104041, "percent_above_0.1m": 0.0, "low_level_<0.5": 0.0, "mid_level_0.5-2": 0.0, "tall_2+": 0.0 }, "geometry": { "type": "Point", "coordinates": [ -0.915151970760127, 51.636023374851042 ] } },
{ "type": "Feature", "properties": { "max_height": 1.006011962890625, "mean_height": 0.18335184454917908, "std_height": 0.23635411262512207, "count_pixels": 41, "percent_cover": 0.12451031006104041, "percent_above_0.1m": 56.09756097560976, "low_level_<0.5": 29.268292682926827, "mid_level_0.5-2": 9.7560975609756095, "tall_2+": 0.0 }, "geometry": { "type": "Point", "coordinates": [ -0.914951793850223, 51.636021525153282 ] } },
{ "type": "Feature", "properties": { "max_height": 1.8595733642578125, "mean_height": 0.21686045825481415, "std_height": 0.35261395573616028, "count_pixels": 42, "percent_cover": 0.1275471468917975, "percent_above_0.1m": 59.523809523809526, "low_level_<0.5": 28.571428571428569, "mid_level_0.5-2": 7.1428571428571423, "tall_2+": 0.0 }, "geometry": { "type": "Point", "coordinates": [ -0.918051968719295, 51.636158032153851 ] } },
{ "type": "Feature", "properties": { "max_height": 0.011474609375, "mean_height": 0.0023228845093399286, "std_height": 0.0021668050903826952, "count_pixels": 43, "percent_cover": 0.13058398372255459, "percent_above_0.1m": 0.0, "low_level_<0.5": 0.0, "mid_level_0.5-2": 0.0, "tall_2+": 0.0 }, "geometry": { "type": "Point", "coordinates": [ -0.917851791009414, 51.636156187401099 ] } },
{ "type": "Feature", "properties": { "max_height": 0.00225830078125, "mean_height": 0.00029098155209794641, "std_height": 0.00093585607828572392, "count_pixels": 43, "percent_cover": 0.13058398372255459, "percent_above_0.1m": 0.0, "low_level_<0.5": 0.0, "mid_level_0.5-2": 0.0, "tall_2+": 0.0 }, "geometry": { "type": "Point", "coordinates": [ -0.917651613321256, 51.63615434230703 ] } },
{ "type": "Feature", "properties": { "max_height": 0.003509521484375, "mean_height": -0.00023469471489079297, "std_height": 0.0018330455059185624, "count_pixels": 42, "percent_cover": 0.1275471468917975, "percent_above_0.1m": 0.0, "low_level_<0.5": 0.0, "mid_level_0.5-2": 0.0, "tall_2+": 0.0 }, "geometry": { "type": "Point", "coordinates": [ -0.917451435654815, 51.636152496871631 ] } },
{ "type": "Feature", "properties": { "max_height": 0.0027618408203125, "mean_height": -0.00083284598076716065, "std_height": 0.0027126655913889408, "count_pixels": 43, "percent_cover": 0.13058398372255459, "percent_above_0.1m": 0.0, "low_level_<0.5": 0.0, "mid_level_0.5-2": 0.0, "tall_2+": 0.0 }, "geometry": { "type": "Point", "coordinates": [ -0.91725125801009, 51.636150651094887 ] } },
{ "type": "Feature", "properties": { "max_height": 0.0025177001953125, "mean_height": -0.00099643436260521412, "std_height": 0.0022281855344772339, "count_pixels": 43, "percent_cover": 0.13058398372255459, "percent_above_0.1m": 0.0, "low_level_<0.5": 0.0, "mid_level_0.5-2": 0.0, "tall_2+": 0.0 }, "geometry": { "type": "Point", "coordinates": [ -0.9170510803871, 51.636148804976862 ] } },
{ "type": "Feature", "properties": { "max_height": 0.0042572021484375, "mean_height": -0.00030662899371236563, "std_height": 0.0014863137621432543, "count_pixels": 42, "percent_cover": 0.1275471468917975, "percent_above_0.1m": 0.0, "low_level_<0.5": 0.0, "mid_level_0.5-2": 0.0, "tall_2+": 0.0 }, "geometry": { "type": "Point", "coordinates": [ -0.916850902785842, 51.636146958517493 ] } },
{ "type": "Feature", "properties": { "max_height": 0.0015106201171875, "mean_height": -5.173101817490533e-05, "std_height": 0.00092104892246425152, "count_pixels": 41, "percent_cover": 0.12451031006104041, "percent_above_0.1m": 0.0, "low_level_<0.5": 0.0, "mid_level_0.5-2": 0.0, "tall_2+": 0.0 }, "geometry": { "type": "Point", "coordinates": [ -0.916650725206313, 51.636145111716793 ] } },
{ "type": "Feature", "properties": { "max_height": 3.009002685546875, "mean_height": 0.10655137896537781, "std_height": 0.4792904257774353, "count_pixels": 41, "percent_cover": 0.12451031006104041, "percent_above_0.1m": 9.7560975609756095, "low_level_<0.5": 4.8780487804878048, "mid_level_0.5-2": 2.4390243902439024, "tall_2+": 2.4390243902439024 }, "geometry": { "type": "Point", "coordinates": [ -0.916450547648525, 51.636143264574784 ] } },
{ "type": "Feature", "properties": { "max_height": 10.093765258789062, "mean_height": 2.3788964748382568, "std_height": 3.3024311065673828, "count_pixels": 41, "percent_cover": 0.12451031006104041, "percent_above_0.1m": 48.780487804878049, "low_level_<0.5": 7.3170731707317067, "mid_level_0.5-2": 2.4390243902439024, "tall_2+": 39.024390243902438 }, "geometry": { "type": "Point", "coordinates": [ -0.916250370112482, 51.636141417091451 ] } },
{ "type": "Feature", "properties": { "max_height": 0.0045166015625, "mean_height": -0.00060356990434229374, "std_height": 0.0022552041336894035, "count_pixels": 36, "percent_cover": 0.109326125907255, "percent_above_0.1m": 0.0, "low_level_<0.5": 0.0, "mid_level_0.5-2": 0.0, "tall_2+": 0.0 }, "geometry": { "type": "Point", "coordinates": [ -0.916050192598189, 51.636139569266795 ] } },
{ "type": "Feature", "properties": { "max_height": 0.013763427734375, "mean_height": -0.00073912087827920914, "std_height": 0.0033969767391681671, "count_pixels": 41, "percent_cover": 0.12451031006104041, "percent_above_0.1m": 0.0, "low_level_<0.5": 0.0, "mid_level_0.5-2": 0.0, "tall_2+": 0.0 }, "geometry": { "type": "Point", "coordinates": [ -0.91585001510564, 51.636137721100816 ] } },
{ "type": "Feature", "properties": { "max_height": 0.0017547607421875, "mean_height": -0.0017294534482061863, "std_height": 0.0028282483108341694, "count_pixels": 41, "percent_cover": 0.12451031006104041, "percent_above_0.1m": 0.0, "low_level_<0.5": 0.0, "mid_level_0.5-2": 0.0, "tall_2+": 0.0 }, "geometry": { "type": "Point", "coordinates": [ -0.91564983763485, 51.636135872593506 ] } },
{ "type": "Feature", "properties": { "max_height": 0.0015106201171875, "mean_height": -0.0016669296892359853, "std_height": 0.0033365187700837851, "count_pixels": 41, "percent_cover": 0.12451031006104041, "percent_above_0.1m": 0.0, "low_level_<0.5": 0.0, "mid_level_0.5-2": 0.0, "tall_2+": 0.0 }, "geometry": { "type": "Point", "coordinates": [ -0.915449660185822, 51.636134023744887 ] } },
{ "type": "Feature", "properties": { "max_height": 0.01251220703125, "mean_height": -0.00016929989214986563, "std_height": 0.003216979093849659, "count_pixels": 42, "percent_cover": 0.1275471468917975, "percent_above_0.1m": 0.0, "low_level_<0.5": 0.0, "mid_level_0.5-2": 0.0, "tall_2+": 0.0 }, "geometry": { "type": "Point", "coordinates": [ -0.915249482758554, 51.636132174554938 ] } },
{ "type": "Feature", "properties": { "max_height": 3.7057647705078125, "mean_height": 0.2446906566619873, "std_height": 0.75968390703201294, "count_pixels": 43, "percent_cover": 0.13058398372255459, "percent_above_0.1m": 13.953488372093023, "low_level_<0.5": 4.6511627906976747, "mid_level_0.5-2": 4.6511627906976747, "tall_2+": 4.6511627906976747 }, "geometry": { "type": "Point", "coordinates": [ -0.915049305353053, 51.636130325023679 ] } },
{ "type": "Feature", "properties": { "max_height": 1.6215057373046875, "mean_height": 0.14390918612480164, "std_height": 0.28803089261054993, "count_pixels": 43, "percent_cover": 0.13058398372255459, "percent_above_0.1m": 30.232558139534881, "low_level_<0.5": 23.255813953488371, "mid_level_0.5-2": 4.6511627906976747, "tall_2+": 0.0 }, "geometry": { "type": "Point", "coordinates": [ -0.914849127969326, 51.636128475151082 ] } },
{ "type": "Feature", "properties": { "max_height": 0.107696533203125, "mean_height": 0.017348498106002808, "std_height": 0.02716921828687191, "count_pixels": 41, "percent_cover": 0.12451031006104041, "percent_above_0.1m": 2.4390243902439024, "low_level_<0.5": 0.0, "mid_level_0.5-2": 0.0, "tall_2+": 0.0 }, "geometry": { "type": "Point", "coordinates": [ -0.917949309924326, 51.63626498485737 ] } },
{ "type": "Feature", "properties": { "max_height": 0.003631591796875, "mean_height": 0.00070711463922634721, "std_height": 0.00089324644068256021, "count_pixels": 41, "percent_cover": 0.12451031006104041, "percent_above_0.1m": 0.0, "low_level_<0.5": 0.0, "mid_level_0.5-2": 0.0, "tall_2+": 0.0 }, "geometry": { "type": "Point", "coordinates": [ -0.917749131740585, 51.63626313992981 ] } },
{ "type": "Feature", "properties": { "max_height": 0.00225830078125, "mean_height": -3.3122738386737183e-05, "std_height": 0.00098307058215141296, "count_pixels": 41, "percent_cover": 0.12451031006104041, "percent_above_0.1m": 0.0, "low_level_<0.5": 0.0, "mid_level_0.5-2": 0.0, "tall_2+": 0.0 }, "geometry": { "type": "Point", "coordinates": [ -0.917548953578566, 51.636261294660919 ] } },
{ "type": "Feature", "properties": { "max_height": 0.003265380859375, "mean_height": -0.00029527817969210446, "std_height": 0.0015506576746702194, "count_pixels": 37, "percent_cover": 0.11236296273801208, "percent_above_0.1m": 0.0, "low_level_<0.5": 0.0, "mid_level_0.5-2": 0.0, "tall_2+": 0.0 }, "geometry": { "type": "Point", "coordinates": [ -0.917348775438264, 51.636259449050684 ] } },
{ "type": "Feature", "properties": { "max_height": 0.003509521484375, "mean_height": -0.00076963845640420914, "std_height": 0.0024915318936109543, "count_pixels": 41, "percent_cover": 0.12451031006104041, "percent_above_0.1m": 0.0, "low_level_<0.5": 0.0, "mid_level_0.5-2": 0.0, "tall_2+": 0.0 }, "geometry": { "type": "Point", "coordinates": [ -0.917148597319688, 51.636257603099139 ] } },
{ "type": "Feature", "properties": { "max_height": 0.0067596435546875, "mean_height": -0.0017566215246915817, "std_height": 0.0034153528977185488, "count_pixels": 41, "percent_cover": 0.12451031006104041, "percent_above_0.1m": 0.0, "low_level_<0.5": 0.0, "mid_level_0.5-2": 0.0, "tall_2+": 0.0 }, "geometry": { "type": "Point", "coordinates": [ -0.916948419222843, 51.636255756806285 ] } },
{ "type": "Feature", "properties": { "max_height": 0.0042572021484375, "mean_height": -0.00016929989214986563, "std_height": 0.0016304539749398828, "count_pixels": 42, "percent_cover": 0.1275471468917975, "percent_above_0.1m": 0.0, "low_level_<0.5": 0.0, "mid_level_0.5-2": 0.0, "tall_2+": 0.0 }, "geometry": { "type": "Point", "coordinates": [ -0.916748241147728, 51.636253910172094 ] } },
{ "type": "Feature", "properties": { "max_height": 0.0110015869140625, "mean_height": 0.00033640305628068745, "std_height": 0.0018781560938805342, "count_pixels": 43, "percent_cover": 0.13058398372255459, "percent_above_0.1m": 0.0, "low_level_<0.5": 0.0, "mid_level_0.5-2": 0.0, "tall_2+": 0.0 }, "geometry": { "type": "Point", "coordinates": [ -0.916548063094354, 51.636252063196572 ] } },
{ "type": "Feature", "properties": { "max_height": 9.9690093994140625, "mean_height": 1.8262264728546143, "std_height": 3.001481294631958, "count_pixels": 43, "percent_cover": 0.13058398372255459, "percent_above_0.1m": 39.534883720930232, "low_level_<0.5": 4.6511627906976747, "mid_level_0.5-2": 9.3023255813953494, "tall_2+": 25.581395348837212 }, "geometry": { "type": "Point", "coordinates": [ -0.916347885062721, 51.636250215879727 ] } },
{ "type": "Feature", "properties": { "max_height": 6.623504638671875, "mean_height": 0.45623531937599182, "std_height": 1.4311630725860596, "count_pixels": 43, "percent_cover": 0.13058398372255459, "percent_above_0.1m": 13.953488372093023, "low_level_<0.5": 4.6511627906976747, "mid_level_0.5-2": 0.0, "tall_2+": 9.3023255813953494 }, "geometry": { "type": "Point", "coordinates": [ -0.916147707052832, 51.636248368221565 ] } },
{ "type": "Feature", "properties": { "max_height": 0.005767822265625, "mean_height": -0.00043718205415643752, "std_height": 0.0019454912981018424, "count_pixels": 43, "percent_cover": 0.13058398372255459, "percent_above_0.1m": 0.0, "low_level_<0.5": 0.0, "mid_level_0.5-2": 0.0, "tall_2+": 0.0 }, "geometry": { "type": "Point", "coordinates": [ -0.91594752906469, 51.636246520222095 ] } },
{ "type": "Feature", "properties": { "max_height": 0.082275390625, "mean_height": 0.000823974609375, "std_height": 0.012802627868950367, "count_pixels": 43, "percent_cover": 0.13058398372255459, "percent_above_0.1m": 0.0, "low_level_<0.5": 0.0, "mid_level_0.5-2": 0.0, "tall_2+": 0.0 }, "geometry": { "type": "Point", "coordinates": [ -0.915747351098307, 51.636244671881286 ] } },
{ "type": "Feature", "properties": { "max_height": 0.008758544921875, "mean_height": -0.00057025288697332144, "std_height": 0.0024116274435073137, "count_pixels": 43, "percent_cover": 0.13058398372255459, "percent_above_0.1m": 0.0, "low_level_<0.5": 0.0, "mid_level_0.5-2": 0.0, "tall_2+": 0.0 }, "geometry": { "type": "Point", "coordinates": [ -0.915547173153676, 51.636242823199147 ] } },
{ "type": "Feature", "properties": { "max_height": 0.00177001953125, "mean_height": -2.3614793462911621e-05, "std_height": 0.00087433564476668835, "count_pixels": 42, "percent_cover": 0.1275471468917975, "percent_above_0.1m": 0.0, "low_level_<0.5": 0.0, "mid_level_0.5-2": 0.0, "tall_2+": 0.0 }, "geometry": { "type": "Point", "coordinates": [ -0.91534699523081, 51.636240974175685 ] } },
{ "type": "Feature", "properties": { "max_height": 0.108001708984375, "mean_height": 0.0073588299565017223, "std_height": 0.025905568152666092, "count_pixels": 41, "percent_cover": 0.12451031006104041, "percent_above_0.1m": 4.8780487804878048, "low_level_<0.5": 0.0, "mid_level_0.5-2": 0.0, "tall_2+": 0.0 }, "geometry": { "type": "Point", "coordinates": [ -0.91514681732971, 51.636239124810899 ] } },
{ "type": "Feature", "properties": { "max_height": 1.20526123046875, "mean_height": 0.19797162711620331, "std_height": 0.2527698278427124, "count_pixels": 41, "percent_cover": 0.12451031006104041, "percent_above_0.1m": 53.658536585365859, "low_level_<0.5": 36.585365853658537, "mid_level_0.5-2": 7.3170731707317067, "tall_2+": 0.0 }, "geometry": { "type": "Point", "coordinates": [ -0.914946639450379, 51.636237275104804 ] } },
{ "type": "Feature", "properties": { "max_height": 0.862640380859375, "mean_height": 0.17647625505924225, "std_height": 0.21174831688404083, "count_pixels": 42, "percent_cover": 0.1275471468917975, "percent_above_0.1m": 52.380952380952387, "low_level_<0.5": 26.190476190476193, "mid_level_0.5-2": 11.904761904761903, "tall_2+": 0.0 }, "geometry": { "type": "Point", "coordinates": [ -0.918046829313099, 51.636373782230478 ] } },
{ "type": "Feature", "properties": { "max_height": 0.0042877197265625, "mean_height": 0.0016046568052843213, "std_height": 0.00086191779701039195, "count_pixels": 43, "percent_cover": 0.13058398372255459, "percent_above_0.1m": 0.0, "low_level_<0.5": 0.0, "mid_level_0.5-2": 0.0, "tall_2+": 0.0 }, "geometry": { "type": "Point", "coordinates": [ -0.917846650633778, 51.63637193746942 ] } },
{ "type": "Feature", "properties": { "max_height": 0.0030059814453125, "mean_height": 0.00017920206300914288, "std_height": 0.00097433151677250862, "count_pixels": 43, "percent_cover": 0.13058398372255459, "percent_above_0.1m": 0.0, "low_level_<0.5": 0.0, "mid_level_0.5-2": 0.0, "tall_2+": 0.0 }, "geometry": { "type": "Point", "coordinates": [ -0.917646471976176, 51.636370092367024 ] } },
{ "type": "Feature", "properties": { "max_height": 0.0055084228515625, "mean_height": 0.00023033504839986563, "std_height": 0.0014365961542353034, "count_pixels": 42, "percent_cover": 0.1275471468917975, "percent_above_0.1m": 0.0, "low_level_<0.5": 0.0, "mid_level_0.5-2": 0.0, "tall_2+": 0.0 }, "geometry": { "type": "Point", "coordinates": [ -0.91744629334029, 51.63636824692329 ] } },
{ "type": "Feature", "properties": { "max_height": 0.005279541015625, "mean_height": -0.0005496712401509285, "std_height": 0.0021444940939545631, "count_pixels": 43, "percent_cover": 0.13058398372255459, "percent_above_0.1m": 0.0, "low_level_<0.5": 0.0, "mid_level_0.5-2": 0.0, "tall_2+": 0.0 }, "geometry": { "type": "Point", "coordinates": [ -0.917246114726133, 51.636366401138268 ] } },
{ "type": "Feature", "properties": { "max_height": 0.0052642822265625, "mean_height": -0.0010187902953475714, "std_height": 0.002849960932508111, "count_pixels": 43, "percent_cover": 0.13058398372255459, "percent_above_0.1m": 0.0, "low_level_<0.5": 0.0, "mid_level_0.5-2": 0.0, "tall_2+": 0.0 }, "geometry": { "type": "Point", "coordinates": [ -0.917045936133695, 51.636364555011916 ] } },
{ "type": "Feature", "properties": { "max_height": 0.0080108642578125, "mean_height": -0.00034768242039717734, "std_height": 0.0022000859025865793, "count_pixels": 42, "percent_cover": 0.1275471468917975, "percent_above_0.1m": 0.0, "low_level_<0.5": 0.0, "mid_level_0.5-2": 0.0, "tall_2+": 0.0 }, "geometry": { "type": "Point", "coordinates": [ -0.916845757562997, 51.636362708544212 ] } },
{ "type": "Feature", "properties": { "max_height": 0.0055084228515625, "mean_height": 0.00035802330239675939, "std_height": 0.0014111400814726949, "count_pixels": 41, "percent_cover": 0.12451031006104041, "percent_above_0.1m": 0.0, "low_level_<0.5": 0.0, "mid_level_0.5-2": 0.0, "tall_2+": 0.0 }, "geometry": { "type": "Point", "coordinates": [ -0.916645579014029, 51.636360861735191 ] } },
{ "type": "Feature", "properties": { "max_height": 0.008026123046875, "mean_height": -0.00035430165007710457, "std_height": 0.0028630574233829975, "count_pixels": 41, "percent_cover": 0.12451031006104041, "percent_above_0.1m": 0.0, "low_level_<0.5": 0.0, "mid_level_0.5-2": 0.0, "tall_2+": 0.0 }, "geometry": { "type": "Point", "coordinates": [ -0.916445400486802, 51.636359014584841 ] } },
{ "type": "Feature", "properties": { "max_height": 0.001495361328125, "mean_height": -0.00099033256992697716, "std_height": 0.0021561277098953724, "count_pixels": 41, "percent_cover": 0.12451031006104041, "percent_above_0.1m": 0.0, "low_level_<0.5": 0.0, "mid_level_0.5-2": 0.0, "tall_2+": 0.0 }, "geometry": { "type": "Point", "coordinates": [ -0.91624522198132, 51.636357167093188 ] } },
{ "type": "Feature", "properties": { "max_height": 0.0212554931640625, "mean_height": -0.0016131930751726031, "std_height": 0.0056848493404686451, "count_pixels": 36, "percent_cover": 0.109326125907255, "percent_above_0.1m": 0.0, "low_level_<0.5": 0.0, "mid_level_0.5-2": 0.0, "tall_2+": 0.0 }, "geometry": { "type": "Point", "coordinates": [ -0.916045043497584, 51.636355319260204 ] } },
{ "type": "Feature", "properties": { "max_height": 0.003265380859375, "mean_height": -0.0015150861581787467, "std_height": 0.0025643168482929468, "count_pixels": 41, "percent_cover": 0.12451031006104041, "percent_above_0.1m": 0.0, "low_level_<0.5": 0.0, "mid_level_0.5-2": 0.0, "tall_2+": 0.0 }, "geometry": { "type": "Point", "coordinates": [ -0.915844865035598, 51.636353471085883 ] } },
{ "type": "Feature", "properties": { "max_height": 0.003753662109375, "mean_height": -0.0011980009730905294, "std_height": 0.0022096133325248957, "count_pixels": 41, "percent_cover": 0.12451031006104041, "percent_above_0.1m": 0.0, "low_level_<0.5": 0.0, "mid_level_0.5-2": 0.0, "tall_2+": 0.0 }, "geometry": { "type": "Point", "coordinates": [ -0.91564468659537, 51.636351622570245 ] } },
{ "type": "Feature", "properties": { "max_height": 0.0059967041015625, "mean_height": -0.00076963845640420914, "std_height": 0.0020570443011820316, "count_pixels": 41, "percent_cover": 0.12451031006104041, "percent_above_0.1m": 0.0, "low_level_<0.5": 0.0, "mid_level_0.5-2": 0.0, "tall_2+": 0.0 }, "geometry": { "type": "Point", "coordinates": [ -0.915444508176903, 51.636349773713285 ] } },
{ "type": "Feature", "properties": { "max_height": 0.003265380859375, "mean_height": -0.00035385857336223125, "std_height": 0.0018732099561020732, "count_pixels": 42, "percent_cover": 0.1275471468917975, "percent_above_0.1m": 0.0, "low_level_<0.5": 0.0, "mid_level_0.5-2": 0.0, "tall_2+": 0.0 }, "geometry": { "type": "Point", "coordinates": [ -0.915244329780199, 51.636347924514965 ] } },
{ "type": "Feature", "properties": { "max_height": 0.54876708984375, "mean_height": 0.15227136015892029, "std_height": 0.1717369556427002, "count_pixels": 43, "percent_cover": 0.13058398372255459, "percent_above_0.1m": 48.837209302325576, "low_level_<0.5": 32.558139534883722, "mid_level_0.5-2": 4.6511627906976747, "tall_2+": 0.0 }, "geometry": { "type": "Point", "coordinates": [ -0.915044151405262, 51.636346074975364 ] } },
{ "type": "Feature", "properties": { "max_height": 4.2672119140625, "mean_height": 0.63233202695846558, "std_height": 1.0896444320678711, "count_pixels": 41, "percent_cover": 0.12451031006104041, "percent_above_0.1m": 36.585365853658537, "low_level_<0.5": 9.7560975609756095, "mid_level_0.5-2": 9.7560975609756095, "tall_2+": 17.073170731707318 }, "geometry": { "type": "Point", "coordinates": [ -0.917944170000835, 51.636480734925833 ] } },
{ "type": "Feature", "properties": { "max_height": 0.1917724609375, "mean_height": 0.0054276627488434315, "std_height": 0.029498804360628128, "count_pixels": 41, "percent_cover": 0.12451031006104041, "percent_above_0.1m": 2.4390243902439024, "low_level_<0.5": 2.4390243902439024, "mid_level_0.5-2": 0.0, "tall_2+": 0.0 }, "geometry": { "type": "Point", "coordinates": [ -0.917743990847648, 51.636478889989959 ] } },
{ "type": "Feature", "properties": { "max_height": 0.00250244140625, "mean_height": -0.00031931806006468832, "std_height": 0.0018137269653379917, "count_pixels": 41, "percent_cover": 0.12451031006104041, "percent_above_0.1m": 0.0, "low_level_<0.5": 0.0, "mid_level_0.5-2": 0.0, "tall_2+": 0.0 }, "geometry": { "type": "Point", "coordinates": [ -0.917543811716178, 51.636477044712763 ] } },
{ "type": "Feature", "properties": { "max_height": 0.0067596435546875, "mean_height": -8.2479937191237696e-06, "std_height": 0.0017054997151717544, "count_pixels": 37, "percent_cover": 0.11236296273801208, "percent_above_0.1m": 0.0, "low_level_<0.5": 0.0, "mid_level_0.5-2": 0.0, "tall_2+": 0.0 }, "geometry": { "type": "Point", "coordinates": [ -0.91734363260643, 51.636475199094207 ] } },
{ "type": "Feature", "properties": { "max_height": 0.003753662109375, "mean_height": -0.0013695693342015147, "std_height": 0.0025980535428971052, "count_pixels": 41, "percent_cover": 0.12451031006104041, "percent_above_0.1m": 0.0, "low_level_<0.5": 0.0, "mid_level_0.5-2": 0.0, "tall_2+": 0.0 }, "geometry": { "type": "Point", "coordinates": [ -0.917143453518406, 51.636473353134356 ] } },
{ "type": "Feature", "properties": { "max_height": 0.0057525634765625, "mean_height": -0.00069036718923598528, "std_height": 0.002301700646057725, "count_pixels": 41, "percent_cover": 0.12451031006104041, "percent_above_0.1m": 0.0, "low_level_<0.5": 0.0, "mid_level_0.5-2": 0.0, "tall_2+": 0.0 }, "geometry": { "type": "Point", "coordinates": [ -0.916943274452112, 51.636471506833182 ] } },
{ "type": "Feature", "properties": { "max_height": 0.006744384765625, "mean_height": -0.00026048932340927422, "std_height": 0.0017501531401649117, "count_pixels": 42, "percent_cover": 0.1275471468917975, "percent_above_0.1m": 0.0, "low_level_<0.5": 0.0, "mid_level_0.5-2": 0.0, "tall_2+": 0.0 }, "geometry": { "type": "Point", "coordinates": [ -0.916743095407555, 51.636469660190656 ] } },
{ "type": "Feature", "properties": { "max_height": 0.0037689208984375, "mean_height": 1.490393333369866e-05, "std_height": 0.0012139754835516214, "count_pixels": 43, "percent_cover": 0.13058398372255459, "percent_above_0.1m": 0.0, "low_level_<0.5": 0.0, "mid_level_0.5-2": 0.0, "tall_2+": 0.0 }, "geometry": { "type": "Point", "coordinates": [ -0.916542916384733, 51.636467813206792 ] } },
{ "type": "Feature", "properties": { "max_height": 0.003265380859375, "mean_height": -0.0011181498412042856, "std_height": 0.0025210054591298103, "count_pixels": 43, "percent_cover": 0.13058398372255459, "percent_above_0.1m": 0.0, "low_level_<0.5": 0.0, "mid_level_0.5-2": 0.0, "tall_2+": 0.0 }, "geometry": { "type": "Point", "coordinates": [ -0.916342737383654, 51.636465965881627 ] } },
{ "type": "Feature", "properties": { "max_height": 0.0050201416015625, "mean_height": -0.00066499930107966065, "std_height": 0.0028923507779836655, "count_pixels": 43, "percent_cover": 0.13058398372255459, "percent_above_0.1m": 0.0, "low_level_<0.5": 0.0, "mid_level_0.5-2": 0.0, "tall_2+": 0.0 }, "geometry": { "type": "Point", "coordinates": [ -0.916142558404319, 51.636464118215144 ] } },
{ "type": "Feature", "properties": { "max_height": 0.003265380859375, "mean_height": -0.0011997666442766786, "std_height": 0.0025762533769011497, "count_pixels": 43, "percent_cover": 0.13058398372255459, "percent_above_0.1m": 0.0, "low_level_<0.5": 0.0, "mid_level_0.5-2": 0.0, "tall_2+": 0.0 }, "geometry": { "type": "Point", "coordinates": [ -0.915942379446734, 51.636462270207311 ] } },
{ "type": "Feature", "properties": { "max_height": 0.003021240234375, "mean_height": -0.0016703051514923573, "std_height": 0.0031183776445686817, "count_pixels": 43, "percent_cover": 0.13058398372255459, "percent_above_0.1m": 0.0, "low_level_<0.5": 0.0, "mid_level_0.5-2": 0.0, "tall_2+": 0.0 }, "geometry": { "type": "Point", "coordinates": [ -0.915742200510906, 51.636460421858175 ] } },
{ "type": "Feature", "properties": { "max_height": 0.001007080078125, "mean_height": -0.0011114076478406787, "std_height": 0.0025245929136872292, "count_pixels": 43, "percent_cover": 0.13058398372255459, "percent_above_0.1m": 0.0, "low_level_<0.5": 0.0, "mid_level_0.5-2": 0.0, "tall_2+": 0.0 }, "geometry": { "type": "Point", "coordinates": [ -0.915542021596832, 51.636458573167708 ] } },
{ "type": "Feature", "properties": { "max_height": 0.0080108642578125, "mean_height": 0.00057002477115020156, "std_height": 0.0019103974336758256, "count_pixels": 42, "percent_cover": 0.1275471468917975, "percent_above_0.1m": 0.0, "low_level_<0.5": 0.0, "mid_level_0.5-2": 0.0, "tall_2+": 0.0 }, "geometry": { "type": "Point", "coordinates": [ -0.915341842704521, 51.636456724135904 ] } },
{ "type": "Feature", "properties": { "max_height": 0.3312530517578125, "mean_height": 0.032737545669078827, "std_height": 0.075411878526210785, "count_pixels": 41, "percent_cover": 0.12451031006104041, "percent_above_0.1m": 14.634146341463413, "low_level_<0.5": 7.3170731707317067, "mid_level_0.5-2": 0.0, "tall_2+": 0.0 }, "geometry": { "type": "Point", "coordinates": [ -0.915141663833977, 51.636454874762762 ] } },
{ "type": "Feature", "properties": { "max_height": 7.565399169921875, "mean_height": 1.7374140024185181, "std_height": 2.3463344573974609, "count_pixels": 42, "percent_cover": 0.1275471468917975, "percent_above_0.1m": 64.285714285714292, "low_level_<0.5": 9.5238095238095237, "mid_level_0.5-2": 9.5238095238095237, "tall_2+": 35.714285714285715 }, "geometry": { "type": "Point", "coordinates": [ -0.918041689841757, 51.636589532299098 ] } },
{ "type": "Feature", "properties": { "max_height": 3.516876220703125, "mean_height": 1.3032684326171875, "std_height": 1.1776927709579468, "count_pixels": 43, "percent_cover": 0.13058398372255459, "percent_above_0.1m": 79.069767441860463, "low_level_<0.5": 6.9767441860465116, "mid_level_0.5-2": 41.860465116279073, "tall_2+": 25.581395348837212 }, "geometry": { "type": "Point", "coordinates": [ -0.917841510192987, 51.636587687529719 ] } },
{ "type": "Feature", "properties": { "max_height": 2.98284912109375, "mean_height": 0.110340915620327, "std_height": 0.47554284334182739, "count_pixels": 43, "percent_cover": 0.13058398372255459, "percent_above_0.1m": 9.3023255813953494, "low_level_<0.5": 4.6511627906976747, "mid_level_0.5-2": 2.3255813953488373, "tall_2+": 2.3255813953488373 }, "geometry": { "type": "Point", "coordinates": [ -0.917641330565927, 51.636585842419009 ] } },
{ "type": "Feature", "properties": { "max_height": 2.4547576904296875, "mean_height": 0.429200679063797, "std_height": 0.67317098379135132, "count_pixels": 42, "percent_cover": 0.1275471468917975, "percent_above_0.1m": 40.476190476190474, "low_level_<0.5": 11.904761904761903, "mid_level_0.5-2": 26.190476190476193, "tall_2+": 2.3809523809523809 }, "geometry": { "type": "Point", "coordinates": [ -0.917441150960591, 51.636583996966969 ] } },
{ "type": "Feature", "properties": { "max_height": 0.0050048828125, "mean_height": -0.00094214151613414288, "std_height": 0.0037115835584700108, "count_pixels": 43, "percent_cover": 0.13058398372255459, "percent_above_0.1m": 0.0, "low_level_<0.5": 0.0, "mid_level_0.5-2": 0.0, "tall_2+": 0.0 }, "geometry": { "type": "Point", "coordinates": [ -0.91724097137698, 51.63658215117362 ] } },
{ "type": "Feature", "properties": { "max_height": 0.00701904296875, "mean_height": -0.0013207723386585712, "std_height": 0.0034267108421772718, "count_pixels": 43, "percent_cover": 0.13058398372255459, "percent_above_0.1m": 0.0, "low_level_<0.5": 0.0, "mid_level_0.5-2": 0.0, "tall_2+": 0.0 }, "geometry": { "type": "Point", "coordinates": [ -0.91704079181509, 51.63658030503894 ] } },
{ "type": "Feature", "properties": { "max_height": 0.0050201416015625, "mean_height": -0.00097474595531821251, "std_height": 0.003203048137947917, "count_pixels": 42, "percent_cover": 0.1275471468917975, "percent_above_0.1m": 0.0, "low_level_<0.5": 0.0, "mid_level_0.5-2": 0.0, "tall_2+": 0.0 }, "geometry": { "type": "Point", "coordinates": [ -0.916840612274937, 51.63657845856293 ] } },
{ "type": "Feature", "properties": { "max_height": 0.003509521484375, "mean_height": -8.8947577751241624e-05, "std_height": 0.0019877089653164148, "count_pixels": 41, "percent_cover": 0.12451031006104041, "percent_above_0.1m": 0.0, "low_level_<0.5": 0.0, "mid_level_0.5-2": 0.0, "tall_2+": 0.0 }, "geometry": { "type": "Point", "coordinates": [ -0.916640432756516, 51.636576611745589 ] } },
{ "type": "Feature", "properties": { "max_height": 0.0059967041015625, "mean_height": -0.0020524931605905294, "std_height": 0.0038784570060670376, "count_pixels": 41, "percent_cover": 0.12451031006104041, "percent_above_0.1m": 0.0, "low_level_<0.5": 0.0, "mid_level_0.5-2": 0.0, "tall_2+": 0.0 }, "geometry": { "type": "Point", "coordinates": [ -0.91644025325984, 51.636574764586911 ] } },
{ "type": "Feature", "properties": { "max_height": 0.0045166015625, "mean_height": -0.0017875112826004624, "std_height": 0.00399438152089715, "count_pixels": 41, "percent_cover": 0.12451031006104041, "percent_above_0.1m": 0.0, "low_level_<0.5": 0.0, "mid_level_0.5-2": 0.0, "tall_2+": 0.0 }, "geometry": { "type": "Point", "coordinates": [ -0.916240073784905, 51.636572917086909 ] } },
{ "type": "Feature", "properties": { "max_height": 1.8955078125, "mean_height": 0.11481475830078125, "std_height": 0.38349312543869019, "count_pixels": 36, "percent_cover": 0.109326125907255, "percent_above_0.1m": 13.888888888888889, "low_level_<0.5": 8.3333333333333321, "mid_level_0.5-2": 5.5555555555555554, "tall_2+": 0.0 }, "geometry": { "type": "Point", "coordinates": [ -0.916039894331718, 51.636571069245583 ] } },
{ "type": "Feature", "properties": { "max_height": 2.761260986328125, "mean_height": 0.6399495005607605, "std_height": 0.93943119049072266, "count_pixels": 41, "percent_cover": 0.12451031006104041, "percent_above_0.1m": 39.024390243902438, "low_level_<0.5": 4.8780487804878048, "mid_level_0.5-2": 17.073170731707318, "tall_2+": 17.073170731707318 }, "geometry": { "type": "Point", "coordinates": [ -0.915839714900283, 51.636569221062928 ] } },
{ "type": "Feature", "properties": { "max_height": 0.0045166015625, "mean_height": -0.0027261129580438137, "std_height": 0.0051221130415797234, "count_pixels": 41, "percent_cover": 0.12451031006104041, "percent_above_0.1m": 0.0, "low_level_<0.5": 0.0, "mid_level_0.5-2": 0.0, "tall_2+": 0.0 }, "geometry": { "type": "Point", "coordinates": [ -0.915639535490605, 51.636567372538956 ] } },
{ "type": "Feature", "properties": { "max_height": 0.00701904296875, "mean_height": -0.0019955518655478954, "std_height": 0.0056583648547530174, "count_pixels": 41, "percent_cover": 0.12451031006104041, "percent_above_0.1m": 0.0, "low_level_<0.5": 0.0, "mid_level_0.5-2": 0.0, "tall_2+": 0.0 }, "geometry": { "type": "Point", "coordinates": [ -0.915439356102685, 51.636565523673639 ] } },
{ "type": "Feature", "properties": { "max_height": 0.0910186767578125, "mean_height": 0.0015560331521555781, "std_height": 0.015343171544373035, "count_pixels": 42, "percent_cover": 0.1275471468917975, "percent_above_0.1m": 0.0, "low_level_<0.5": 0.0, "mid_level_0.5-2": 0.0, "tall_2+": 0.0 }, "geometry": { "type": "Point", "coordinates": [ -0.915239176736528, 51.636563674467006 ] } },
{ "type": "Feature", "properties": { "max_height": 0.297760009765625, "mean_height": 0.046502400189638138, "std_height": 0.081118732690811157, "count_pixels": 43, "percent_cover": 0.13058398372255459, "percent_above_0.1m": 18.604651162790699, "low_level_<0.5": 16.279069767441861, "mid_level_0.5-2": 0.0, "tall_2+": 0.0 }, "geometry": { "type": "Point", "coordinates": [ -0.915038997392149, 51.636561824919042 ] } },
{ "type": "Feature", "properties": { "max_height": 3.496429443359375, "mean_height": 0.49339517951011658, "std_height": 0.97015732526779175, "count_pixels": 41, "percent_cover": 0.12451031006104041, "percent_above_0.1m": 34.146341463414636, "low_level_<0.5": 12.195121951219512, "mid_level_0.5-2": 12.195121951219512, "tall_2+": 9.7560975609756095 }, "geometry": { "type": "Point", "coordinates": [ -0.917939030012193, 51.636696484986295 ] } },
{ "type": "Feature", "properties": { "max_height": 4.215118408203125, "mean_height": 0.43394434452056885, "std_height": 1.0923271179199219, "count_pixels": 41, "percent_cover": 0.12451031006104041, "percent_above_0.1m": 21.951219512195124, "low_level_<0.5": 4.8780487804878048, "mid_level_0.5-2": 4.8780487804878048, "tall_2+": 9.7560975609756095 }, "geometry": { "type": "Point", "coordinates": [ -0.917738849889543, 51.636694640042101 ] } },
{ "type": "Feature", "properties": { "max_height": 2.938751220703125, "mean_height": 0.6910712718963623, "std_height": 0.80640572309494019, "count_pixels": 41, "percent_cover": 0.12451031006104041, "percent_above_0.1m": 65.853658536585371, "low_level_<0.5": 19.512195121951219, "mid_level_0.5-2": 29.268292682926827, "tall_2+": 9.7560975609756095 }, "geometry": { "type": "Point", "coordinates": [ -0.917538669788618, 51.636692794756584 ] } },
{ "type": "Feature", "properties": { "max_height": 0.008514404296875, "mean_height": -0.0024018159601837397, "std_height": 0.0041842577047646046, "count_pixels": 37, "percent_cover": 0.11236296273801208, "percent_above_0.1m": 0.0, "low_level_<0.5": 0.0, "mid_level_0.5-2": 0.0, "tall_2+": 0.0 }, "geometry": { "type": "Point", "coordinates": [ -0.91733848970941, 51.636690949129722 ] } },
{ "type": "Feature", "properties": { "max_height": 0.0107574462890625, "mean_height": -0.0032817560713738203, "std_height": 0.0050791804678738117, "count_pixels": 41, "percent_cover": 0.12451031006104041, "percent_above_0.1m": 0.0, "low_level_<0.5": 0.0, "mid_level_0.5-2": 0.0, "tall_2+": 0.0 }, "geometry": { "type": "Point", "coordinates": [ -0.917138309651926, 51.636689103161537 ] } },
{ "type": "Feature", "properties": { "max_height": 0.0150146484375, "mean_height": -0.0010022419737651944, "std_height": 0.0050625274889171124, "count_pixels": 41, "percent_cover": 0.12451031006104041, "percent_above_0.1m": 0.0, "low_level_<0.5": 0.0, "mid_level_0.5-2": 0.0, "tall_2+": 0.0 }, "geometry": { "type": "Point", "coordinates": [ -0.916938129616177, 51.636687256852042 ] } },
{ "type": "Feature", "properties": { "max_height": 0.0080108642578125, "mean_height": -0.0012039911234751344, "std_height": 0.0032612304203212261, "count_pixels": 42, "percent_cover": 0.1275471468917975, "percent_above_0.1m": 0.0, "low_level_<0.5": 0.0, "mid_level_0.5-2": 0.0, "tall_2+": 0.0 }, "geometry": { "type": "Point", "coordinates": [ -0.91673794960216, 51.636685410201189 ] } },
{ "type": "Feature", "properties": { "max_height": 0.006011962890625, "mean_height": -0.0030123689211905003, "std_height": 0.0055230045691132545, "count_pixels": 43, "percent_cover": 0.13058398372255459, "percent_above_0.1m": 0.0, "low_level_<0.5": 0.0, "mid_level_0.5-2": 0.0, "tall_2+": 0.0 }, "geometry": { "type": "Point", "coordinates": [ -0.916537769609877, 51.636683563209026 ] } },
{ "type": "Feature", "properties": { "max_height": 0.005767822265625, "mean_height": -0.0042561376467347145, "std_height": 0.0056012910790741444, "count_pixels": 43, "percent_cover": 0.13058398372255459, "percent_above_0.1m": 0.0, "low_level_<0.5": 0.0, "mid_level_0.5-2": 0.0, "tall_2+": 0.0 }, "geometry": { "type": "Point", "coordinates": [ -0.91633758963934, 51.636681715875518 ] } },
{ "type": "Feature", "properties": { "max_height": 0.013275146484375, "mean_height": -0.0029208161868155003, "std_height": 0.006047466304153204, "count_pixels": 43, "percent_cover": 0.13058398372255459, "percent_above_0.1m": 0.0, "low_level_<0.5": 0.0, "mid_level_0.5-2": 0.0, "tall_2+": 0.0 }, "geometry": { "type": "Point", "coordinates": [ -0.916137409690552, 51.636679868200702 ] } },
{ "type": "Feature", "properties": { "max_height": 3.8125152587890625, "mean_height": 1.0542205572128296, "std_height": 1.2343215942382812, "count_pixels": 43, "percent_cover": 0.13058398372255459, "percent_above_0.1m": 51.162790697674424, "low_level_<0.5": 2.3255813953488373, "mid_level_0.5-2": 23.255813953488371, "tall_2+": 25.581395348837212 }, "geometry": { "type": "Point", "coordinates": [ -0.915937229763506, 51.636678020184547 ] } },
{ "type": "Feature", "properties": { "max_height": 0.6875152587890625, "mean_height": 0.026126950979232788, "std_height": 0.13349275290966034, "count_pixels": 43, "percent_cover": 0.13058398372255459, "percent_above_0.1m": 4.6511627906976747, "low_level_<0.5": 0.0, "mid_level_0.5-2": 4.6511627906976747, "tall_2+": 0.0 }, "geometry": { "type": "Point", "coordinates": [ -0.915737049858222, 51.636676171827048 ] } },
{ "type": "Feature", "properties": { "max_height": 0.0182647705078125, "mean_height": -0.002122391015291214, "std_height": 0.005732125137001276, "count_pixels": 43, "percent_cover": 0.13058398372255459, "percent_above_0.1m": 0.0, "low_level_<0.5": 0.0, "mid_level_0.5-2": 0.0, "tall_2+": 0.0 }, "geometry": { "type": "Point", "coordinates": [ -0.915536869974697, 51.63667432312824 ] } },
{ "type": "Feature", "properties": { "max_height": 0.0077667236328125, "mean_height": -0.0050183250568807125, "std_height": 0.0070967590436339378, "count_pixels": 42, "percent_cover": 0.1275471468917975, "percent_above_0.1m": 0.0, "low_level_<0.5": 0.0, "mid_level_0.5-2": 0.0, "tall_2+": 0.0 }, "geometry": { "type": "Point", "coordinates": [ -0.915336690112924, 51.636672474088087 ] } },
{ "type": "Feature", "properties": { "max_height": 0.28375244140625, "mean_height": 0.066977523267269135, "std_height": 0.10210190713405609, "count_pixels": 41, "percent_cover": 0.12451031006104041, "percent_above_0.1m": 29.268292682926827, "low_level_<0.5": 21.951219512195124, "mid_level_0.5-2": 0.0, "tall_2+": 0.0 }, "geometry": { "type": "Point", "coordinates": [ -0.915136510272927, 51.636670624706618 ] } },
{ "type": "Feature", "properties": { "max_height": 0.6525726318359375, "mean_height": 0.085747852921485901, "std_height": 0.13802945613861084, "count_pixels": 42, "percent_cover": 0.1275471468917975, "percent_above_0.1m": 26.190476190476193, "low_level_<0.5": 16.666666666666664, "mid_level_0.5-2": 2.3809523809523809, "tall_2+": 0.0 }, "geometry": { "type": "Point", "coordinates": [ -0.918036550305277, 51.636805282359703 ] } },
{ "type": "Feature", "properties": { "max_height": 0.1377105712890625, "mean_height": 0.0022700109984725714, "std_height": 0.021358991041779518, "count_pixels": 43, "percent_cover": 0.13058398372255459, "percent_above_0.1m": 2.3255813953488373, "low_level_<0.5": 0.0, "mid_level_0.5-2": 0.0, "tall_2+": 0.0 }, "geometry": { "type": "Point", "coordinates": [ -0.917836369687036, 51.636803437582017 ] } },
{ "type": "Feature", "properties": { "max_height": 0.0195159912109375, "mean_height": 0.0017572446959093213, "std_height": 0.005910845473408699, "count_pixels": 43, "percent_cover": 0.13058398372255459, "percent_above_0.1m": 0.0, "low_level_<0.5": 0.0, "mid_level_0.5-2": 0.0, "tall_2+": 0.0 }, "geometry": { "type": "Point", "coordinates": [ -0.917636189090513, 51.636801592463001 ] } },
{ "type": "Feature", "properties": { "max_height": 0.0110015869140625, "mean_height": 0.00091443740529939532, "std_height": 0.0043688840232789516, "count_pixels": 42, "percent_cover": 0.1275471468917975, "percent_above_0.1m": 0.0, "low_level_<0.5": 0.0, "mid_level_0.5-2": 0.0, "tall_2+": 0.0 }, "geometry": { "type": "Point", "coordinates": [ -0.91743600851571, 51.636799747002662 ] } },
{ "type": "Feature", "properties": { "max_height": 1.1212615966796875, "mean_height": 0.053639966994524002, "std_height": 0.20685207843780518, "count_pixels": 43, "percent_cover": 0.13058398372255459, "percent_above_0.1m": 9.3023255813953494, "low_level_<0.5": 4.6511627906976747, "mid_level_0.5-2": 4.6511627906976747, "tall_2+": 0.0 }, "geometry": { "type": "Point", "coordinates": [ -0.917235827962632, 51.636797901200978 ] } },
{ "type": "Feature", "properties": { "max_height": 0.006256103515625, "mean_height": -0.0042628799565136433, "std_height": 0.0053661982528865337, "count_pixels": 43, "percent_cover": 0.13058398372255459, "percent_above_0.1m": 0.0, "low_level_<0.5": 0.0, "mid_level_0.5-2": 0.0, "tall_2+": 0.0 }, "geometry": { "type": "Point", "coordinates": [ -0.917035647431278, 51.636796055057971 ] } },
{ "type": "Feature", "properties": { "max_height": 2.4245147705078125, "mean_height": 0.2134333997964859, "std_height": 0.57487255334854126, "count_pixels": 42, "percent_cover": 0.1275471468917975, "percent_above_0.1m": 19.047619047619047, "low_level_<0.5": 4.7619047619047619, "mid_level_0.5-2": 7.1428571428571423, "tall_2+": 4.7619047619047619 }, "geometry": { "type": "Point", "coordinates": [ -0.916835466921662, 51.636794208573626 ] } },
{ "type": "Feature", "properties": { "max_height": 0.0027618408203125, "mean_height": -0.0022832357790321112, "std_height": 0.004192025400698185, "count_pixels": 41, "percent_cover": 0.12451031006104041, "percent_above_0.1m": 0.0, "low_level_<0.5": 0.0, "mid_level_0.5-2": 0.0, "tall_2+": 0.0 }, "geometry": { "type": "Point", "coordinates": [ -0.916635286433778, 51.636792361747958 ] } },
{ "type": "Feature", "properties": { "max_height": 0.00726318359375, "mean_height": -0.0013357022544369102, "std_height": 0.0044324975460767746, "count_pixels": 41, "percent_cover": 0.12451031006104041, "percent_above_0.1m": 0.0, "low_level_<0.5": 0.0, "mid_level_0.5-2": 0.0, "tall_2+": 0.0 }, "geometry": { "type": "Point", "coordinates": [ -0.916435105967636, 51.636790514580959 ] } },
{ "type": "Feature", "properties": { "max_height": 0.0107574462890625, "mean_height": -0.0040990319103002548, "std_height": 0.0062343371100723743, "count_pixels": 41, "percent_cover": 0.12451031006104041, "percent_above_0.1m": 0.0, "low_level_<0.5": 0.0, "mid_level_0.5-2": 0.0, "tall_2+": 0.0 }, "geometry": { "type": "Point", "coordinates": [ -0.916234925523239, 51.636788667072622 ] } },
{ "type": "Feature", "properties": { "max_height": 0.00799560546875, "mean_height": -0.004345363937318325, "std_height": 0.0052160518243908882, "count_pixels": 36, "percent_cover": 0.109326125907255, "percent_above_0.1m": 0.0, "low_level_<0.5": 0.0, "mid_level_0.5-2": 0.0, "tall_2+": 0.0 }, "geometry": { "type": "Point", "coordinates": [ -0.916034745100585, 51.636786819222969 ] } },
{ "type": "Feature", "properties": { "max_height": 0.011016845703125, "mean_height": -0.0027041551657021046, "std_height": 0.0055662202648818493, "count_pixels": 41, "percent_cover": 0.12451031006104041, "percent_above_0.1m": 0.0, "low_level_<0.5": 0.0, "mid_level_0.5-2": 0.0, "tall_2+": 0.0 }, "geometry": { "type": "Point", "coordinates": [ -0.915834564699691, 51.636784971031979 ] } },
{ "type": "Feature", "properties": { "max_height": 0.0192718505859375, "mean_height": -0.00056792469695210457, "std_height": 0.0070404941216111183, "count_pixels": 41, "percent_cover": 0.12451031006104041, "percent_above_0.1m": 0.0, "low_level_<0.5": 0.0, "mid_level_0.5-2": 0.0, "tall_2+": 0.0 }, "geometry": { "type": "Point", "coordinates": [ -0.915634384320548, 51.636783122499679 ] } },
{ "type": "Feature", "properties": { "max_height": 0.008514404296875, "mean_height": -0.0060149403288960457, "std_height": 0.0057252203114330769, "count_pixels": 41, "percent_cover": 0.12451031006104041, "percent_above_0.1m": 0.0, "low_level_<0.5": 0.0, "mid_level_0.5-2": 0.0, "tall_2+": 0.0 }, "geometry": { "type": "Point", "coordinates": [ -0.91543420396317, 51.636781273626013 ] } },
{ "type": "Feature", "properties": { "max_height": 4.56927490234375, "mean_height": 0.33020564913749695, "std_height": 0.94448345899581909, "count_pixels": 42, "percent_cover": 0.1275471468917975, "percent_above_0.1m": 23.809523809523807, "low_level_<0.5": 4.7619047619047619, "mid_level_0.5-2": 9.5238095238095237, "tall_2+": 7.1428571428571423 }, "geometry": { "type": "Point", "coordinates": [ -0.915234023627551, 51.636779424411017 ] } },
{ "type": "Feature", "properties": { "max_height": 0.45050048828125, "mean_height": 0.06843460351228714, "std_height": 0.12738287448883057, "count_pixels": 43, "percent_cover": 0.13058398372255459, "percent_above_0.1m": 23.255813953488371, "low_level_<0.5": 11.627906976744185, "mid_level_0.5-2": 0.0, "tall_2+": 0.0 }, "geometry": { "type": "Point", "coordinates": [ -0.915033843313705, 51.636777574854705 ] } },
{ "type": "Feature", "properties": { "max_height": 0.0147552490234375, "mean_height": 0.00075140234548598528, "std_height": 0.0042216288857161999, "count_pixels": 41, "percent_cover": 0.12451031006104041, "percent_above_0.1m": 0.0, "low_level_<0.5": 0.0, "mid_level_0.5-2": 0.0, "tall_2+": 0.0 }, "geometry": { "type": "Point", "coordinates": [ -0.917933889958402, 51.636912235038764 ] } },
{ "type": "Feature", "properties": { "max_height": 1.668853759765625, "mean_height": 0.073283873498439789, "std_height": 0.27072519063949585, "count_pixels": 41, "percent_cover": 0.12451031006104041, "percent_above_0.1m": 12.195121951219512, "low_level_<0.5": 7.3170731707317067, "mid_level_0.5-2": 2.4390243902439024, "tall_2+": 0.0 }, "geometry": { "type": "Point", "coordinates": [ -0.917733708866285, 51.636910390086243 ] } },
{ "type": "Feature", "properties": { "max_height": 1.78076171875, "mean_height": 0.069833151996135712, "std_height": 0.30966836214065552, "count_pixels": 41, "percent_cover": 0.12451031006104041, "percent_above_0.1m": 4.8780487804878048, "low_level_<0.5": 0.0, "mid_level_0.5-2": 4.8780487804878048, "tall_2+": 0.0 }, "geometry": { "type": "Point", "coordinates": [ -0.917533527795882, 51.636908544792398 ] } },
{ "type": "Feature", "properties": { "max_height": 0.011016845703125, "mean_height": -0.0018681706860661507, "std_height": 0.0072701568715274334, "count_pixels": 37, "percent_cover": 0.11236296273801208, "percent_above_0.1m": 0.0, "low_level_<0.5": 0.0, "mid_level_0.5-2": 0.0, "tall_2+": 0.0 }, "geometry": { "type": "Point", "coordinates": [ -0.9173333467472, 51.63690669915723 ] } },
{ "type": "Feature", "properties": { "max_height": 0.005523681640625, "mean_height": -0.0040994039736688137, "std_height": 0.0054180431179702282, "count_pixels": 41, "percent_cover": 0.12451031006104041, "percent_above_0.1m": 0.0, "low_level_<0.5": 0.0, "mid_level_0.5-2": 0.0, "tall_2+": 0.0 }, "geometry": { "type": "Point", "coordinates": [ -0.917133165720252, 51.636904853180745 ] } },
{ "type": "Feature", "properties": { "max_height": 0.00701904296875, "mean_height": -0.0023919083178043365, "std_height": 0.0046307588927447796, "count_pixels": 41, "percent_cover": 0.12451031006104041, "percent_above_0.1m": 0.0, "low_level_<0.5": 0.0, "mid_level_0.5-2": 0.0, "tall_2+": 0.0 }, "geometry": { "type": "Point", "coordinates": [ -0.916932984715026, 51.636903006862902 ] } },
{ "type": "Feature", "properties": { "max_height": 0.039764404296875, "mean_height": 0.0014092581113800406, "std_height": 0.0097692571580410004, "count_pixels": 42, "percent_cover": 0.1275471468917975, "percent_above_0.1m": 0.0, "low_level_<0.5": 0.0, "mid_level_0.5-2": 0.0, "tall_2+": 0.0 }, "geometry": { "type": "Point", "coordinates": [ -0.916732803731536, 51.636901160203742 ] } },
{ "type": "Feature", "properties": { "max_height": 0.014007568359375, "mean_height": -0.0016163670225068927, "std_height": 0.0046650692820549011, "count_pixels": 43, "percent_cover": 0.13058398372255459, "percent_above_0.1m": 0.0, "low_level_<0.5": 0.0, "mid_level_0.5-2": 0.0, "tall_2+": 0.0 }, "geometry": { "type": "Point", "coordinates": [ -0.916532622769792, 51.636899313203223 ] } },
{ "type": "Feature", "properties": { "max_height": 0.0150146484375, "mean_height": -0.0010411462280899286, "std_height": 0.0054063885472714901, "count_pixels": 43, "percent_cover": 0.13058398372255459, "percent_above_0.1m": 0.0, "low_level_<0.5": 0.0, "mid_level_0.5-2": 0.0, "tall_2+": 0.0 }, "geometry": { "type": "Point", "coordinates": [ -0.91633244182978, 51.636897465861409 ] } },
{ "type": "Feature", "properties": { "max_height": 0.0065155029296875, "mean_height": -0.0025652507320046425, "std_height": 0.0045827287249267101, "count_pixels": 43, "percent_cover": 0.13058398372255459, "percent_above_0.1m": 0.0, "low_level_<0.5": 0.0, "mid_level_0.5-2": 0.0, "tall_2+": 0.0 }, "geometry": { "type": "Point", "coordinates": [ -0.916132260911524, 51.636895618178237 ] } },
{ "type": "Feature", "properties": { "max_height": 0.0130157470703125, "mean_height": -0.0035886543337255716, "std_height": 0.0077291699126362801, "count_pixels": 43, "percent_cover": 0.13058398372255459, "percent_above_0.1m": 0.0, "low_level_<0.5": 0.0, "mid_level_0.5-2": 0.0, "tall_2+": 0.0 }, "geometry": { "type": "Point", "coordinates": [ -0.915932080015012, 51.636893770153762 ] } },
{ "type": "Feature", "properties": { "max_height": 0.0120086669921875, "mean_height": -0.0027096769772469997, "std_height": 0.0048765814863145351, "count_pixels": 43, "percent_cover": 0.13058398372255459, "percent_above_0.1m": 0.0, "low_level_<0.5": 0.0, "mid_level_0.5-2": 0.0, "tall_2+": 0.0 }, "geometry": { "type": "Point", "coordinates": [ -0.915731899140253, 51.636891921787921 ] } },
{ "type": "Feature", "properties": { "max_height": 0.01800537109375, "mean_height": -0.0038430856075137854, "std_height": 0.007962656207382679, "count_pixels": 43, "percent_cover": 0.13058398372255459, "percent_above_0.1m": 0.0, "low_level_<0.5": 0.0, "mid_level_0.5-2": 0.0, "tall_2+": 0.0 }, "geometry": { "type": "Point", "coordinates": [ -0.91553171828726, 51.636890073080771 ] } },
{ "type": "Feature", "properties": { "max_height": 0.0077667236328125, "mean_height": -0.0052344910800457001, "std_height": 0.0070691118016839027, "count_pixels": 42, "percent_cover": 0.1275471468917975, "percent_above_0.1m": 0.0, "low_level_<0.5": 0.0, "mid_level_0.5-2": 0.0, "tall_2+": 0.0 }, "geometry": { "type": "Point", "coordinates": [ -0.915331537456025, 51.636888224032283 ] } },
{ "type": "Feature", "properties": { "max_height": 0.029998779296875, "mean_height": -0.0028239923994988203, "std_height": 0.0086828861385583878, "count_pixels": 41, "percent_cover": 0.12451031006104041, "percent_above_0.1m": 0.0, "low_level_<0.5": 0.0, "mid_level_0.5-2": 0.0, "tall_2+": 0.0 }, "geometry": { "type": "Point", "coordinates": [ -0.915131356646557, 51.636886374642465 ] } },
{ "type": "Feature", "properties": { "max_height": 0.354766845703125, "mean_height": 0.074115291237831116, "std_height": 0.11343476921319962, "count_pixels": 41, "percent_cover": 0.12451031006104041, "percent_above_0.1m": 29.268292682926827, "low_level_<0.5": 26.829268292682929, "mid_level_0.5-2": 0.0, "tall_2+": 0.0 }, "geometry": { "type": "Point", "coordinates": [ -0.91493117585886, 51.636884524911309 ] } },
{ "type": "Feature", "properties": { "max_height": 0.18731689453125, "mean_height": 0.047040302306413651, "std_height": 0.054029926657676697, "count_pixels": 42, "percent_cover": 0.1275471468917975, "percent_above_0.1m": 21.428571428571427, "low_level_<0.5": 7.1428571428571423, "mid_level_0.5-2": 0.0, "tall_2+": 0.0 }, "geometry": { "type": "Point", "coordinates": [ -0.91803141070365, 51.637021032412314 ] } },
{ "type": "Feature", "properties": { "max_height": 2.9627227783203125, "mean_height": 0.90973258018493652, "std_height": 0.83211976289749146, "count_pixels": 43, "percent_cover": 0.13058398372255459, "percent_above_0.1m": 74.418604651162795, "low_level_<0.5": 16.279069767441861, "mid_level_0.5-2": 48.837209302325576, "tall_2+": 9.3023255813953494 }, "geometry": { "type": "Point", "coordinates": [ -0.91783122911593, 51.637019187626308 ] } },
{ "type": "Feature", "properties": { "max_height": 4.388031005859375, "mean_height": 0.64325308799743652, "std_height": 1.1657227277755737, "count_pixels": 43, "percent_cover": 0.13058398372255459, "percent_above_0.1m": 39.534883720930232, "low_level_<0.5": 11.627906976744185, "mid_level_0.5-2": 16.279069767441861, "tall_2+": 11.627906976744185 }, "geometry": { "type": "Point", "coordinates": [ -0.917631047549929, 51.637017342498972 ] } },
{ "type": "Feature", "properties": { "max_height": 0.0110015869140625, "mean_height": -0.0015019008424133062, "std_height": 0.005507343914359808, "count_pixels": 42, "percent_cover": 0.1275471468917975, "percent_above_0.1m": 0.0, "low_level_<0.5": 0.0, "mid_level_0.5-2": 0.0, "tall_2+": 0.0 }, "geometry": { "type": "Point", "coordinates": [ -0.917430866005649, 51.637015497030326 ] } },
{ "type": "Feature", "properties": { "max_height": 0.508270263671875, "mean_height": 0.0095754228532314301, "std_height": 0.077212683856487274, "count_pixels": 43, "percent_cover": 0.13058398372255459, "percent_above_0.1m": 2.3255813953488373, "low_level_<0.5": 0.0, "mid_level_0.5-2": 2.3255813953488373, "tall_2+": 0.0 }, "geometry": { "type": "Point", "coordinates": [ -0.91723068448309, 51.637013651220322 ] } },
{ "type": "Feature", "properties": { "max_height": 1.82476806640625, "mean_height": 0.1166786402463913, "std_height": 0.4251561164855957, "count_pixels": 43, "percent_cover": 0.13058398372255459, "percent_above_0.1m": 6.9767441860465116, "low_level_<0.5": 0.0, "mid_level_0.5-2": 6.9767441860465116, "tall_2+": 0.0 }, "geometry": { "type": "Point", "coordinates": [ -0.917030502982265, 51.637011805068994 ] } },
{ "type": "Feature", "properties": { "max_height": 0.0087738037109375, "mean_height": -0.001727876253426075, "std_height": 0.0047164619900286198, "count_pixels": 42, "percent_cover": 0.1275471468917975, "percent_above_0.1m": 0.0, "low_level_<0.5": 0.0, "mid_level_0.5-2": 0.0, "tall_2+": 0.0 }, "geometry": { "type": "Point", "coordinates": [ -0.916830321503167, 51.637009958576328 ] } },
{ "type": "Feature", "properties": { "max_height": 0.006256103515625, "mean_height": -0.0046859369613230228, "std_height": 0.0063575385138392448, "count_pixels": 41, "percent_cover": 0.12451031006104041, "percent_above_0.1m": 0.0, "low_level_<0.5": 0.0, "mid_level_0.5-2": 0.0, "tall_2+": 0.0 }, "geometry": { "type": "Point", "coordinates": [ -0.916630140045809, 51.637008111742325 ] } },
{ "type": "Feature", "properties": { "max_height": 0.0175018310546875, "mean_height": -0.0015947294887155294, "std_height": 0.0079732667654752731, "count_pixels": 41, "percent_cover": 0.12451031006104041, "percent_above_0.1m": 0.0, "low_level_<0.5": 0.0, "mid_level_0.5-2": 0.0, "tall_2+": 0.0 }, "geometry": { "type": "Point", "coordinates": [ -0.916429958610188, 51.637006264567006 ] } },
{ "type": "Feature", "properties": { "max_height": 0.02099609375, "mean_height": -0.0033066913019865751, "std_height": 0.0072530489414930344, "count_pixels": 41, "percent_cover": 0.12451031006104041, "percent_above_0.1m": 0.0, "low_level_<0.5": 0.0, "mid_level_0.5-2": 0.0, "tall_2+": 0.0 }, "geometry": { "type": "Point", "coordinates": [ -0.916229777196318, 51.637004417050349 ] } },
{ "type": "Feature", "properties": { "max_height": 0.00750732421875, "mean_height": -0.0011622110614553094, "std_height": 0.0050203665159642696, "count_pixels": 36, "percent_cover": 0.109326125907255, "percent_above_0.1m": 0.0, "low_level_<0.5": 0.0, "mid_level_0.5-2": 0.0, "tall_2+": 0.0 }, "geometry": { "type": "Point", "coordinates": [ -0.916029595804191, 51.637002569192347 ] } },
{ "type": "Feature", "properties": { "max_height": 0.0295257568359375, "mean_height": -0.002159676980227232, "std_height": 0.0076065743342041969, "count_pixels": 41, "percent_cover": 0.12451031006104041, "percent_above_0.1m": 0.0, "low_level_<0.5": 0.0, "mid_level_0.5-2": 0.0, "tall_2+": 0.0 }, "geometry": { "type": "Point", "coordinates": [ -0.915829414433818, 51.637000720993022 ] } },
{ "type": "Feature", "properties": { "max_height": 0.019012451171875, "mean_height": 0.00036918825935572386, "std_height": 0.0069416235201060772, "count_pixels": 41, "percent_cover": 0.12451031006104041, "percent_above_0.1m": 0.0, "low_level_<0.5": 0.0, "mid_level_0.5-2": 0.0, "tall_2+": 0.0 }, "geometry": { "type": "Point", "coordinates": [ -0.915629233085204, 51.636998872452374 ] } },
{ "type": "Feature", "properties": { "max_height": 0.0070037841796875, "mean_height": -0.0040089678950607777, "std_height": 0.0056651327759027481, "count_pixels": 41, "percent_cover": 0.12451031006104041, "percent_above_0.1m": 0.0, "low_level_<0.5": 0.0, "mid_level_0.5-2": 0.0, "tall_2+": 0.0 }, "geometry": { "type": "Point", "coordinates": [ -0.915429051758351, 51.636997023570366 ] } },
{ "type": "Feature", "properties": { "max_height": 0.0067596435546875, "mean_height": -0.0029838199261575937, "std_height": 0.0045963912270963192, "count_pixels": 42, "percent_cover": 0.1275471468917975, "percent_above_0.1m": 0.0, "low_level_<0.5": 0.0, "mid_level_0.5-2": 0.0, "tall_2+": 0.0 }, "geometry": { "type": "Point", "coordinates": [ -0.915228870453259, 51.636995174347035 ] } },
{ "type": "Feature", "properties": { "max_height": 0.0047607421875, "mean_height": -0.004366852343082428, "std_height": 0.0065096630714833736, "count_pixels": 43, "percent_cover": 0.13058398372255459, "percent_above_0.1m": 0.0, "low_level_<0.5": 0.0, "mid_level_0.5-2": 0.0, "tall_2+": 0.0 }, "geometry": { "type": "Point", "coordinates": [ -0.91502868916994, 51.636993324782374 ] } },
{ "type": "Feature", "properties": { "max_height": 0.4502716064453125, "mean_height": 0.10263771563768387, "std_height": 0.14123857021331787, "count_pixels": 43, "percent_cover": 0.13058398372255459, "percent_above_0.1m": 34.883720930232556, "low_level_<0.5": 30.232558139534881, "mid_level_0.5-2": 0.0, "tall_2+": 0.0 }, "geometry": { "type": "Point", "coordinates": [ -0.91482850790839, 51.636991474876389 ] } },
{ "type": "Feature", "properties": { "max_height": 6.5107269287109375, "mean_height": 0.87416893243789673, "std_height": 1.7814037799835205, "count_pixels": 41, "percent_cover": 0.12451031006104041, "percent_above_0.1m": 34.146341463414636, "low_level_<0.5": 0.0, "mid_level_0.5-2": 14.634146341463413, "tall_2+": 14.634146341463413 }, "geometry": { "type": "Point", "coordinates": [ -0.917928749839461, 51.637127985083197 ] } },
{ "type": "Feature", "properties": { "max_height": 2.5290069580078125, "mean_height": 0.32342788577079773, "std_height": 0.63185411691665649, "count_pixels": 41, "percent_cover": 0.12451031006104041, "percent_above_0.1m": 29.268292682926827, "low_level_<0.5": 9.7560975609756095, "mid_level_0.5-2": 14.634146341463413, "tall_2+": 4.8780487804878048 }, "geometry": { "type": "Point", "coordinates": [ -0.917728567777853, 51.637126140122383 ] } },
{ "type": "Feature", "properties": { "max_height": 4.2922515869140625, "mean_height": 1.5681501626968384, "std_height": 1.4541269540786743, "count_pixels": 41, "percent_cover": 0.12451031006104041, "percent_above_0.1m": 65.853658536585371, "low_level_<0.5": 4.8780487804878048, "mid_level_0.5-2": 19.512195121951219, "tall_2+": 41.463414634146339 }, "geometry": { "type": "Point", "coordinates": [ -0.917528385737972, 51.637124294820211 ] } },
{ "type": "Feature", "properties": { "max_height": 3.582000732421875, "mean_height": 0.29200786352157593, "std_height": 0.81639504432678223, "count_pixels": 37, "percent_cover": 0.11236296273801208, "percent_above_0.1m": 13.513513513513514, "low_level_<0.5": 0.0, "mid_level_0.5-2": 5.4054054054054053, "tall_2+": 8.1081081081081088 }, "geometry": { "type": "Point", "coordinates": [ -0.917328203719807, 51.637122449176729 ] } },
{ "type": "Feature", "properties": { "max_height": 3.42376708984375, "mean_height": 0.56591683626174927, "std_height": 1.023505687713623, "count_pixels": 41, "percent_cover": 0.12451031006104041, "percent_above_0.1m": 26.829268292682929, "low_level_<0.5": 0.0, "mid_level_0.5-2": 12.195121951219512, "tall_2+": 14.634146341463413 }, "geometry": { "type": "Point", "coordinates": [ -0.91712802172337, 51.637120603191917 ] } },
{ "type": "Feature", "properties": { "max_height": 0.0157623291015625, "mean_height": -0.001867154729552567, "std_height": 0.0068905134685337543, "count_pixels": 41, "percent_cover": 0.12451031006104041, "percent_above_0.1m": 0.0, "low_level_<0.5": 0.0, "mid_level_0.5-2": 0.0, "tall_2+": 0.0 }, "geometry": { "type": "Point", "coordinates": [ -0.916927839748665, 51.637118756865746 ] } },
{ "type": "Feature", "properties": { "max_height": 0.0075225830078125, "mean_height": -0.005382356233894825, "std_height": 0.0064439899288117886, "count_pixels": 42, "percent_cover": 0.1275471468917975, "percent_above_0.1m": 0.0, "low_level_<0.5": 0.0, "mid_level_0.5-2": 0.0, "tall_2+": 0.0 }, "geometry": { "type": "Point", "coordinates": [ -0.916727657795697, 51.637116910198259 ] } },
{ "type": "Feature", "properties": { "max_height": 0.672271728515625, "mean_height": 0.016388649120926857, "std_height": 0.10327117890119553, "count_pixels": 43, "percent_cover": 0.13058398372255459, "percent_above_0.1m": 4.6511627906976747, "low_level_<0.5": 0.0, "mid_level_0.5-2": 2.3255813953488373, "tall_2+": 0.0 }, "geometry": { "type": "Point", "coordinates": [ -0.916527475864465, 51.637115063189434 ] } },
{ "type": "Feature", "properties": { "max_height": 0.2640228271484375, "mean_height": 0.0037387581542134285, "std_height": 0.040511857718229294, "count_pixels": 43, "percent_cover": 0.13058398372255459, "percent_above_0.1m": 2.3255813953488373, "low_level_<0.5": 2.3255813953488373, "mid_level_0.5-2": 0.0, "tall_2+": 0.0 }, "geometry": { "type": "Point", "coordinates": [ -0.916327293954974, 51.637113215839285 ] } },
{ "type": "Feature", "properties": { "max_height": 6.76275634765625, "mean_height": 1.3675980567932129, "std_height": 2.2778389453887939, "count_pixels": 43, "percent_cover": 0.13058398372255459, "percent_above_0.1m": 32.558139534883722, "low_level_<0.5": 0.0, "mid_level_0.5-2": 4.6511627906976747, "tall_2+": 27.906976744186046 }, "geometry": { "type": "Point", "coordinates": [ -0.916127112067233, 51.637111368147778 ] } },
{ "type": "Feature", "properties": { "max_height": 4.5830078125, "mean_height": 0.15056450664997101, "std_height": 0.748482346534729, "count_pixels": 43, "percent_cover": 0.13058398372255459, "percent_above_0.1m": 4.6511627906976747, "low_level_<0.5": 0.0, "mid_level_0.5-2": 0.0, "tall_2+": 4.6511627906976747 }, "geometry": { "type": "Point", "coordinates": [ -0.915926930201242, 51.63710952011494 ] } },
{ "type": "Feature", "properties": { "max_height": 0.0117645263671875, "mean_height": -0.0025812194216996431, "std_height": 0.005714980885386467, "count_pixels": 43, "percent_cover": 0.13058398372255459, "percent_above_0.1m": 0.0, "low_level_<0.5": 0.0, "mid_level_0.5-2": 0.0, "tall_2+": 0.0 }, "geometry": { "type": "Point", "coordinates": [ -0.915726748357007, 51.637107671740793 ] } },
{ "type": "Feature", "properties": { "max_height": 0.0140228271484375, "mean_height": 0.00037188862916082144, "std_height": 0.0061153736896812916, "count_pixels": 43, "percent_cover": 0.13058398372255459, "percent_above_0.1m": 0.0, "low_level_<0.5": 0.0, "mid_level_0.5-2": 0.0, "tall_2+": 0.0 }, "geometry": { "type": "Point", "coordinates": [ -0.915526566534527, 51.63710582302528 ] } },
{ "type": "Feature", "properties": { "max_height": 0.01751708984375, "mean_height": -0.0018909999635070562, "std_height": 0.0055407392792403698, "count_pixels": 42, "percent_cover": 0.1275471468917975, "percent_above_0.1m": 0.0, "low_level_<0.5": 0.0, "mid_level_0.5-2": 0.0, "tall_2+": 0.0 }, "geometry": { "type": "Point", "coordinates": [ -0.915326384733816, 51.637103973968465 ] } },
{ "type": "Feature", "properties": { "max_height": 0.005523681640625, "mean_height": -0.0036170773673802614, "std_height": 0.0055581741034984589, "count_pixels": 41, "percent_cover": 0.12451031006104041, "percent_above_0.1m": 0.0, "low_level_<0.5": 0.0, "mid_level_0.5-2": 0.0, "tall_2+": 0.0 }, "geometry": { "type": "Point", "coordinates": [ -0.915126202954867, 51.637102124570305 ] } },
{ "type": "Feature", "properties": { "max_height": 0.021759033203125, "mean_height": 0.0019628012087196112, "std_height": 0.0070341648533940315, "count_pixels": 41, "percent_cover": 0.12451031006104041, "percent_above_0.1m": 0.0, "low_level_<0.5": 0.0, "mid_level_0.5-2": 0.0, "tall_2+": 0.0 }, "geometry": { "type": "Point", "coordinates": [ -0.914926021197694, 51.637100274830786 ] } },
{ "type": "Feature", "properties": { "max_height": 0.3297576904296875, "mean_height": 0.033058352768421173, "std_height": 0.085830710828304291, "count_pixels": 41, "percent_cover": 0.12451031006104041, "percent_above_0.1m": 12.195121951219512, "low_level_<0.5": 9.7560975609756095, "mid_level_0.5-2": 0.0, "tall_2+": 0.0 }, "geometry": { "type": "Point", "coordinates": [ -0.914725839462288, 51.637098424749944 ] } },
{ "type": "Feature", "properties": { "max_height": 0.6504974365234375, "mean_height": 0.099532254040241241, "std_height": 0.16764497756958008, "count_pixels": 37, "percent_cover": 0.11236296273801208, "percent_above_0.1m": 27.027027027027028, "low_level_<0.5": 21.621621621621621, "mid_level_0.5-2": 2.7027027027027026, "tall_2+": 0.0 }, "geometry": { "type": "Point", "coordinates": [ -0.914525657748669, 51.637096574327792 ] } },
{ "type": "Feature", "properties": { "max_height": 7.7730560302734375, "mean_height": 2.3891506195068359, "std_height": 2.8239133358001709, "count_pixels": 42, "percent_cover": 0.1275471468917975, "percent_above_0.1m": 66.666666666666657, "low_level_<0.5": 11.904761904761903, "mid_level_0.5-2": 11.904761904761903, "tall_2+": 40.476190476190474 }, "geometry": { "type": "Point", "coordinates": [ -0.918026271036875, 51.637236782456903 ] } },
{ "type": "Feature", "properties": { "max_height": 4.178985595703125, "mean_height": 0.6739654541015625, "std_height": 1.1379692554473877, "count_pixels": 43, "percent_cover": 0.13058398372255459, "percent_above_0.1m": 44.186046511627907, "low_level_<0.5": 11.627906976744185, "mid_level_0.5-2": 11.627906976744185, "tall_2+": 16.279069767441861 }, "geometry": { "type": "Point", "coordinates": [ -0.917826088479665, 51.637234937662591 ] } },
{ "type": "Feature", "properties": { "max_height": 4.6417694091796875, "mean_height": 1.2790637016296387, "std_height": 1.7092504501342773, "count_pixels": 43, "percent_cover": 0.13058398372255459, "percent_above_0.1m": 51.162790697674424, "low_level_<0.5": 6.9767441860465116, "mid_level_0.5-2": 11.627906976744185, "tall_2+": 30.232558139534881 }, "geometry": { "type": "Point", "coordinates": [ -0.917625905944177, 51.637233092526941 ] } },
{ "type": "Feature", "properties": { "max_height": 4.052001953125, "mean_height": 0.99654567241668701, "std_height": 1.5081237554550171, "count_pixels": 42, "percent_cover": 0.1275471468917975, "percent_above_0.1m": 42.857142857142854, "low_level_<0.5": 7.1428571428571423, "mid_level_0.5-2": 9.5238095238095237, "tall_2+": 23.809523809523807 }, "geometry": { "type": "Point", "coordinates": [ -0.917425723430402, 51.637231247049975 ] } },
{ "type": "Feature", "properties": { "max_height": 1.437744140625, "mean_height": 0.033841155469417572, "std_height": 0.21719861030578613, "count_pixels": 43, "percent_cover": 0.13058398372255459, "percent_above_0.1m": 2.3255813953488373, "low_level_<0.5": 0.0, "mid_level_0.5-2": 2.3255813953488373, "tall_2+": 0.0 }, "geometry": { "type": "Point", "coordinates": [ -0.917225540938358, 51.637229401231657 ] } },
{ "type": "Feature", "properties": { "max_height": 0.01251220703125, "mean_height": -0.0034076778683811426, "std_height": 0.0069098048843443394, "count_pixels": 43, "percent_cover": 0.13058398372255459, "percent_above_0.1m": 0.0, "low_level_<0.5": 0.0, "mid_level_0.5-2": 0.0, "tall_2+": 0.0 }, "geometry": { "type": "Point", "coordinates": [ -0.917025358468039, 51.637227555072009 ] } },
{ "type": "Feature", "properties": { "max_height": 0.016510009765625, "mean_height": -0.0016988118877634406, "std_height": 0.0061103180050849915, "count_pixels": 42, "percent_cover": 0.1275471468917975, "percent_above_0.1m": 0.0, "low_level_<0.5": 0.0, "mid_level_0.5-2": 0.0, "tall_2+": 0.0 }, "geometry": { "type": "Point", "coordinates": [ -0.916825176019456, 51.637225708571023 ] } },
{ "type": "Feature", "properties": { "max_height": 0.0052642822265625, "mean_height": -0.0018917176639661193, "std_height": 0.0034120646305382252, "count_pixels": 41, "percent_cover": 0.12451031006104041, "percent_above_0.1m": 0.0, "low_level_<0.5": 0.0, "mid_level_0.5-2": 0.0, "tall_2+": 0.0 }, "geometry": { "type": "Point", "coordinates": [ -0.916624993592612, 51.637223861728692 ] } },
{ "type": "Feature", "properties": { "max_height": 0.009246826171875, "mean_height": -0.0053130360320210457, "std_height": 0.0056698853150010109, "count_pixels": 41, "percent_cover": 0.12451031006104041, "percent_above_0.1m": 0.0, "low_level_<0.5": 0.0, "mid_level_0.5-2": 0.0, "tall_2+": 0.0 }, "geometry": { "type": "Point", "coordinates": [ -0.916424811187503, 51.637222014545038 ] } },
{ "type": "Feature", "properties": { "max_height": 7.868011474609375, "mean_height": 0.65200656652450562, "std_height": 1.8868945837020874, "count_pixels": 41, "percent_cover": 0.12451031006104041, "percent_above_0.1m": 17.073170731707318, "low_level_<0.5": 4.8780487804878048, "mid_level_0.5-2": 2.4390243902439024, "tall_2+": 9.7560975609756095 }, "geometry": { "type": "Point", "coordinates": [ -0.916224628804141, 51.63722016702004 ] } },
{ "type": "Feature", "properties": { "max_height": 6.1407623291015625, "mean_height": 0.5075039267539978, "std_height": 1.414556622505188, "count_pixels": 36, "percent_cover": 0.109326125907255, "percent_above_0.1m": 16.666666666666664, "low_level_<0.5": 2.7777777777777777, "mid_level_0.5-2": 5.5555555555555554, "tall_2+": 8.3333333333333321 }, "geometry": { "type": "Point", "coordinates": [ -0.916024446442527, 51.637218319153718 ] } },
{ "type": "Feature", "properties": { "max_height": 0.014251708984375, "mean_height": -0.0026487025897949934, "std_height": 0.0065385140478610992, "count_pixels": 41, "percent_cover": 0.12451031006104041, "percent_above_0.1m": 0.0, "low_level_<0.5": 0.0, "mid_level_0.5-2": 0.0, "tall_2+": 0.0 }, "geometry": { "type": "Point", "coordinates": [ -0.915824264102673, 51.637216470946044 ] } },
{ "type": "Feature", "properties": { "max_height": 0.0110015869140625, "mean_height": -0.0034045707434415817, "std_height": 0.0069664446637034416, "count_pixels": 41, "percent_cover": 0.12451031006104041, "percent_above_0.1m": 0.0, "low_level_<0.5": 0.0, "mid_level_0.5-2": 0.0, "tall_2+": 0.0 }, "geometry": { "type": "Point", "coordinates": [ -0.915624081784566, 51.637214622397046 ] } },
{ "type": "Feature", "properties": { "max_height": 0.01300048828125, "mean_height": -0.0011060761753469706, "std_height": 0.0051724910736083984, "count_pixels": 41, "percent_cover": 0.12451031006104041, "percent_above_0.1m": 0.0, "low_level_<0.5": 0.0, "mid_level_0.5-2": 0.0, "tall_2+": 0.0 }, "geometry": { "type": "Point", "coordinates": [ -0.915423899488229, 51.637212773506697 ] } },
{ "type": "Feature", "properties": { "max_height": 0.010009765625, "mean_height": -0.0011738368775695562, "std_height": 0.004902710672467947, "count_pixels": 42, "percent_cover": 0.1275471468917975, "percent_above_0.1m": 0.0, "low_level_<0.5": 0.0, "mid_level_0.5-2": 0.0, "tall_2+": 0.0 }, "geometry": { "type": "Point", "coordinates": [ -0.915223717213654, 51.637210924275038 ] } },
{ "type": "Feature", "properties": { "max_height": 0.013519287109375, "mean_height": -0.0029999488033354282, "std_height": 0.0072817159816622734, "count_pixels": 43, "percent_cover": 0.13058398372255459, "percent_above_0.1m": 0.0, "low_level_<0.5": 0.0, "mid_level_0.5-2": 0.0, "tall_2+": 0.0 }, "geometry": { "type": "Point", "coordinates": [ -0.915023534960844, 51.637209074702035 ] } },
{ "type": "Feature", "properties": { "max_height": 0.0185089111328125, "mean_height": 0.0023370787966996431, "std_height": 0.0068929418921470642, "count_pixels": 43, "percent_cover": 0.13058398372255459, "percent_above_0.1m": 0.0, "low_level_<0.5": 0.0, "mid_level_0.5-2": 0.0, "tall_2+": 0.0 }, "geometry": { "type": "Point", "coordinates": [ -0.914823352729811, 51.637207224787673 ] } },
{ "type": "Feature", "properties": { "max_height": 0.0860137939453125, "mean_height": 0.00026266914210282266, "std_height": 0.015722000971436501, "count_pixels": 42, "percent_cover": 0.1275471468917975, "percent_above_0.1m": 0.0, "low_level_<0.5": 0.0, "mid_level_0.5-2": 0.0, "tall_2+": 0.0 }, "geometry": { "type": "Point", "coordinates": [ -0.914623170520557, 51.637205374532023 ] } },
{ "type": "Feature", "properties": { "max_height": 0.602508544921875, "mean_height": 0.091620154678821564, "std_height": 0.16545641422271729, "count_pixels": 43, "percent_cover": 0.13058398372255459, "percent_above_0.1m": 23.255813953488371, "low_level_<0.5": 18.604651162790699, "mid_level_0.5-2": 4.6511627906976747, "tall_2+": 0.0 }, "geometry": { "type": "Point", "coordinates": [ -0.914422988333084, 51.637203523935007 ] } },
{ "type": "Feature", "properties": { "max_height": 4.666015625, "mean_height": 1.8595472574234009, "std_height": 1.3440121412277222, "count_pixels": 41, "percent_cover": 0.12451031006104041, "percent_above_0.1m": 82.926829268292678, "low_level_<0.5": 0.0, "mid_level_0.5-2": 36.585365853658537, "tall_2+": 43.902439024390247 }, "geometry": { "type": "Point", "coordinates": [ -0.917923609655364, 51.637343735119629 ] } },
{ "type": "Feature", "properties": { "max_height": 5.335479736328125, "mean_height": 2.8589890003204346, "std_height": 1.8260551691055298, "count_pixels": 41, "percent_cover": 0.12451031006104041, "percent_above_0.1m": 82.926829268292678, "low_level_<0.5": 0.0, "mid_level_0.5-2": 17.073170731707318, "tall_2+": 65.853658536585371 }, "geometry": { "type": "Point", "coordinates": [ -0.917723426624263, 51.637341890150488 ] } },
{ "type": "Feature", "properties": { "max_height": 4.1197509765625, "mean_height": 0.58431375026702881, "std_height": 1.1836354732513428, "count_pixels": 41, "percent_cover": 0.12451031006104041, "percent_above_0.1m": 31.707317073170731, "low_level_<0.5": 4.8780487804878048, "mid_level_0.5-2": 12.195121951219512, "tall_2+": 12.195121951219512 }, "geometry": { "type": "Point", "coordinates": [ -0.917523243614883, 51.637340044840016 ] } },
{ "type": "Feature", "properties": { "max_height": 0.0107574462890625, "mean_height": -0.0031977472826838493, "std_height": 0.0070601184852421284, "count_pixels": 37, "percent_cover": 0.11236296273801208, "percent_above_0.1m": 0.0, "low_level_<0.5": 0.0, "mid_level_0.5-2": 0.0, "tall_2+": 0.0 }, "geometry": { "type": "Point", "coordinates": [ -0.917323060627224, 51.637338199188228 ] } },
{ "type": "Feature", "properties": { "max_height": 0.006011962890625, "mean_height": -0.0038846645038574934, "std_height": 0.0062162666581571102, "count_pixels": 41, "percent_cover": 0.12451031006104041, "percent_above_0.1m": 0.0, "low_level_<0.5": 0.0, "mid_level_0.5-2": 0.0, "tall_2+": 0.0 }, "geometry": { "type": "Point", "coordinates": [ -0.917122877661293, 51.637336353195074 ] } },
{ "type": "Feature", "properties": { "max_height": 0.008514404296875, "mean_height": -0.0021302758250385523, "std_height": 0.0050115920603275299, "count_pixels": 41, "percent_cover": 0.12451031006104041, "percent_above_0.1m": 0.0, "low_level_<0.5": 0.0, "mid_level_0.5-2": 0.0, "tall_2+": 0.0 }, "geometry": { "type": "Point", "coordinates": [ -0.916922694717092, 51.637334506860597 ] } },
{ "type": "Feature", "properties": { "max_height": 3.34576416015625, "mean_height": 0.2386227548122406, "std_height": 0.72856104373931885, "count_pixels": 42, "percent_cover": 0.1275471468917975, "percent_above_0.1m": 16.666666666666664, "low_level_<0.5": 4.7619047619047619, "mid_level_0.5-2": 4.7619047619047619, "tall_2+": 4.7619047619047619 }, "geometry": { "type": "Point", "coordinates": [ -0.916722511794626, 51.637332660184782 ] } },
{ "type": "Feature", "properties": { "max_height": 0.0095062255859375, "mean_height": -0.0032575740478932858, "std_height": 0.0057700378820300102, "count_pixels": 43, "percent_cover": 0.13058398372255459, "percent_above_0.1m": 0.0, "low_level_<0.5": 0.0, "mid_level_0.5-2": 0.0, "tall_2+": 0.0 }, "geometry": { "type": "Point", "coordinates": [ -0.916522328893901, 51.637330813167637 ] } },
{ "type": "Feature", "properties": { "max_height": 9.060516357421875, "mean_height": 2.23348069190979, "std_height": 3.1430716514587402, "count_pixels": 43, "percent_cover": 0.13058398372255459, "percent_above_0.1m": 41.860465116279073, "low_level_<0.5": 0.0, "mid_level_0.5-2": 4.6511627906976747, "tall_2+": 37.209302325581397 }, "geometry": { "type": "Point", "coordinates": [ -0.916322146014921, 51.637328965809132 ] } },
{ "type": "Feature", "properties": { "max_height": 7.4525146484375, "mean_height": 0.77072638273239136, "std_height": 1.9608925580978394, "count_pixels": 43, "percent_cover": 0.13058398372255459, "percent_above_0.1m": 16.279069767441861, "low_level_<0.5": 0.0, "mid_level_0.5-2": 2.3255813953488373, "tall_2+": 13.953488372093023 }, "geometry": { "type": "Point", "coordinates": [ -0.916121963157681, 51.637327118109297 ] } },
{ "type": "Feature", "properties": { "max_height": 5.82000732421875, "mean_height": 1.336487889289856, "std_height": 1.9997141361236572, "count_pixels": 43, "percent_cover": 0.13058398372255459, "percent_above_0.1m": 39.534883720930232, "low_level_<0.5": 0.0, "mid_level_0.5-2": 9.3023255813953494, "tall_2+": 30.232558139534881 }, "geometry": { "type": "Point", "coordinates": [ -0.915921780322202, 51.637325270068153 ] } },
{ "type": "Feature", "properties": { "max_height": 0.01251220703125, "mean_height": -0.0041237766854465008, "std_height": 0.006330540869385004, "count_pixels": 43, "percent_cover": 0.13058398372255459, "percent_above_0.1m": 0.0, "low_level_<0.5": 0.0, "mid_level_0.5-2": 0.0, "tall_2+": 0.0 }, "geometry": { "type": "Point", "coordinates": [ -0.915721597508468, 51.637323421685636 ] } },
{ "type": "Feature", "properties": { "max_height": 0.0050201416015625, "mean_height": -0.003569846972823143, "std_height": 0.0060893162153661251, "count_pixels": 43, "percent_cover": 0.13058398372255459, "percent_above_0.1m": 0.0, "low_level_<0.5": 0.0, "mid_level_0.5-2": 0.0, "tall_2+": 0.0 }, "geometry": { "type": "Point", "coordinates": [ -0.915521414716502, 51.637321572961788 ] } },
{ "type": "Feature", "properties": { "max_height": 0.01300048828125, "mean_height": -0.0011309669353067875, "std_height": 0.0053354483097791672, "count_pixels": 42, "percent_cover": 0.1275471468917975, "percent_above_0.1m": 0.0, "low_level_<0.5": 0.0, "mid_level_0.5-2": 0.0, "tall_2+": 0.0 }, "geometry": { "type": "Point", "coordinates": [ -0.915321231946295, 51.637319723896631 ] } },
{ "type": "Feature", "properties": { "max_height": 0.003021240234375, "mean_height": -0.0036546660121530294, "std_height": 0.0044271750375628471, "count_pixels": 41, "percent_cover": 0.12451031006104041, "percent_above_0.1m": 0.0, "low_level_<0.5": 0.0, "mid_level_0.5-2": 0.0, "tall_2+": 0.0 }, "geometry": { "type": "Point", "coordinates": [ -0.915121049197857, 51.637317874490115 ] } },
{ "type": "Feature", "properties": { "max_height": 0.0124969482421875, "mean_height": 0.0015098757576197386, "std_height": 0.0060449852608144283, "count_pixels": 41, "percent_cover": 0.12451031006104041, "percent_above_0.1m": 0.0, "low_level_<0.5": 0.0, "mid_level_0.5-2": 0.0, "tall_2+": 0.0 }, "geometry": { "type": "Point", "coordinates": [ -0.914920866471189, 51.637316024742269 ] } },
{ "type": "Feature", "properties": { "max_height": 0.0170135498046875, "mean_height": 0.0015400211559608579, "std_height": 0.0049600554630160332, "count_pixels": 41, "percent_cover": 0.12451031006104041, "percent_above_0.1m": 0.0, "low_level_<0.5": 0.0, "mid_level_0.5-2": 0.0, "tall_2+": 0.0 }, "geometry": { "type": "Point", "coordinates": [ -0.914720683766298, 51.637314174653085 ] } },
{ "type": "Feature", "properties": { "max_height": 0.22125244140625, "mean_height": 0.016323192045092583, "std_height": 0.059108670800924301, "count_pixels": 37, "percent_cover": 0.11236296273801208, "percent_above_0.1m": 10.810810810810811, "low_level_<0.5": 8.1081081081081088, "mid_level_0.5-2": 0.0, "tall_2+": 0.0 }, "geometry": { "type": "Point", "coordinates": [ -0.914520501083186, 51.637312324222556 ] } },
{ "type": "Feature", "properties": { "max_height": 0.381500244140625, "mean_height": 0.053748898208141327, "std_height": 0.086500242352485657, "count_pixels": 41, "percent_cover": 0.12451031006104041, "percent_above_0.1m": 24.390243902439025, "low_level_<0.5": 14.634146341463413, "mid_level_0.5-2": 0.0, "tall_2+": 0.0 }, "geometry": { "type": "Point", "coordinates": [ -0.914320318421858, 51.637310473450697 ] } },
{ "type": "Feature", "properties": { "max_height": 7.272064208984375, "mean_height": 1.4846842288970947, "std_height": 2.0033891201019287, "count_pixels": 42, "percent_cover": 0.1275471468917975, "percent_above_0.1m": 57.142857142857139, "low_level_<0.5": 11.904761904761903, "mid_level_0.5-2": 14.285714285714285, "tall_2+": 30.952380952380953 }, "geometry": { "type": "Point", "coordinates": [ -0.918021131304953, 51.637452532493491 ] } },
{ "type": "Feature", "properties": { "max_height": 8.005828857421875, "mean_height": 4.5270767211914062, "std_height": 1.5483520030975342, "count_pixels": 43, "percent_cover": 0.13058398372255459, "percent_above_0.1m": 100.0, "low_level_<0.5": 0.0, "mid_level_0.5-2": 6.9767441860465116, "tall_2+": 93.023255813953483 }, "geometry": { "type": "Point", "coordinates": [ -0.917820947778242, 51.637450687690873 ] } },
{ "type": "Feature", "properties": { "max_height": 4.8354949951171875, "mean_height": 2.6563425064086914, "std_height": 1.287412166595459, "count_pixels": 43, "percent_cover": 0.13058398372255459, "percent_above_0.1m": 97.674418604651152, "low_level_<0.5": 2.3255813953488373, "mid_level_0.5-2": 32.558139534883722, "tall_2+": 62.790697674418603 }, "geometry": { "type": "Point", "coordinates": [ -0.917620764273247, 51.637448842546924 ] } },
{ "type": "Feature", "properties": { "max_height": 3.3220062255859375, "mean_height": 0.77090853452682495, "std_height": 1.1330051422119141, "count_pixels": 42, "percent_cover": 0.1275471468917975, "percent_above_0.1m": 45.238095238095241, "low_level_<0.5": 11.904761904761903, "mid_level_0.5-2": 11.904761904761903, "tall_2+": 21.428571428571427 }, "geometry": { "type": "Point", "coordinates": [ -0.917420580789978, 51.637446997061616 ] } },
{ "type": "Feature", "properties": { "max_height": 0.02099609375, "mean_height": -0.0023133032955229282, "std_height": 0.0079909861087799072, "count_pixels": 43, "percent_cover": 0.13058398372255459, "percent_above_0.1m": 0.0, "low_level_<0.5": 0.0, "mid_level_0.5-2": 0.0, "tall_2+": 0.0 }, "geometry": { "type": "Point", "coordinates": [ -0.917220397328427, 51.637445151234978 ] } },
{ "type": "Feature", "properties": { "max_height": 3.9929962158203125, "mean_height": 0.41186061501502991, "std_height": 0.99129045009613037, "count_pixels": 43, "percent_cover": 0.13058398372255459, "percent_above_0.1m": 25.581395348837212, "low_level_<0.5": 9.3023255813953494, "mid_level_0.5-2": 6.9767441860465116, "tall_2+": 9.3023255813953494 }, "geometry": { "type": "Point", "coordinates": [ -0.917020213888611, 51.637443305067002 ] } },
{ "type": "Feature", "properties": { "max_height": 1.7370147705078125, "mean_height": 0.1682078093290329, "std_height": 0.40080267190933228, "count_pixels": 42, "percent_cover": 0.1275471468917975, "percent_above_0.1m": 21.428571428571427, "low_level_<0.5": 9.5238095238095237, "mid_level_0.5-2": 11.904761904761903, "tall_2+": 0.0 }, "geometry": { "type": "Point", "coordinates": [ -0.916820030470526, 51.637441458557696 ] } },
{ "type": "Feature", "properties": { "max_height": 2.2255096435546875, "mean_height": 0.084985502064228058, "std_height": 0.36279717087745667, "count_pixels": 41, "percent_cover": 0.12451031006104041, "percent_above_0.1m": 9.7560975609756095, "low_level_<0.5": 2.4390243902439024, "mid_level_0.5-2": 2.4390243902439024, "tall_2+": 2.4390243902439024 }, "geometry": { "type": "Point", "coordinates": [ -0.916619847074178, 51.637439611707045 ] } },
{ "type": "Feature", "properties": { "max_height": 0.008514404296875, "mean_height": -0.00020990139455534518, "std_height": 0.0042425119318068027, "count_pixels": 41, "percent_cover": 0.12451031006104041, "percent_above_0.1m": 0.0, "low_level_<0.5": 0.0, "mid_level_0.5-2": 0.0, "tall_2+": 0.0 }, "geometry": { "type": "Point", "coordinates": [ -0.916419663699572, 51.63743776451507 ] } },
{ "type": "Feature", "properties": { "max_height": 0.00750732421875, "mean_height": -0.0040510222315788269, "std_height": 0.005976059939712286, "count_pixels": 41, "percent_cover": 0.12451031006104041, "percent_above_0.1m": 0.0, "low_level_<0.5": 0.0, "mid_level_0.5-2": 0.0, "tall_2+": 0.0 }, "geometry": { "type": "Point", "coordinates": [ -0.916219480346712, 51.637435916981737 ] } },
{ "type": "Feature", "properties": { "max_height": 0.017242431640625, "mean_height": -0.00092018977738916874, "std_height": 0.0059143858961760998, "count_pixels": 36, "percent_cover": 0.109326125907255, "percent_above_0.1m": 0.0, "low_level_<0.5": 0.0, "mid_level_0.5-2": 0.0, "tall_2+": 0.0 }, "geometry": { "type": "Point", "coordinates": [ -0.916019297015599, 51.637434069107073 ] } },
{ "type": "Feature", "properties": { "max_height": 0.02301025390625, "mean_height": -0.0010744420578703284, "std_height": 0.0076775252819061279, "count_pixels": 41, "percent_cover": 0.12451031006104041, "percent_above_0.1m": 0.0, "low_level_<0.5": 0.0, "mid_level_0.5-2": 0.0, "tall_2+": 0.0 }, "geometry": { "type": "Point", "coordinates": [ -0.915819113706239, 51.637432220891057 ] } },
{ "type": "Feature", "properties": { "max_height": 0.006011962890625, "mean_height": -0.002933781361207366, "std_height": 0.0056288191117346287, "count_pixels": 41, "percent_cover": 0.12451031006104041, "percent_above_0.1m": 0.0, "low_level_<0.5": 0.0, "mid_level_0.5-2": 0.0, "tall_2+": 0.0 }, "geometry": { "type": "Point", "coordinates": [ -0.915618930418641, 51.637430372333725 ] } },
{ "type": "Feature", "properties": { "max_height": 0.011016845703125, "mean_height": -0.0011656226124614477, "std_height": 0.0058511076495051384, "count_pixels": 41, "percent_cover": 0.12451031006104041, "percent_above_0.1m": 0.0, "low_level_<0.5": 0.0, "mid_level_0.5-2": 0.0, "tall_2+": 0.0 }, "geometry": { "type": "Point", "coordinates": [ -0.915418747152804, 51.637428523435041 ] } },
{ "type": "Feature", "properties": { "max_height": 0.009765625, "mean_height": -0.001323881559073925, "std_height": 0.0054438305087387562, "count_pixels": 42, "percent_cover": 0.1275471468917975, "percent_above_0.1m": 0.0, "low_level_<0.5": 0.0, "mid_level_0.5-2": 0.0, "tall_2+": 0.0 }, "geometry": { "type": "Point", "coordinates": [ -0.915218563908729, 51.637426674195041 ] } },
{ "type": "Feature", "properties": { "max_height": 0.014007568359375, "mean_height": -0.0018495072145015001, "std_height": 0.0052121048793196678, "count_pixels": 43, "percent_cover": 0.13058398372255459, "percent_above_0.1m": 0.0, "low_level_<0.5": 0.0, "mid_level_0.5-2": 0.0, "tall_2+": 0.0 }, "geometry": { "type": "Point", "coordinates": [ -0.915018380686423, 51.637424824613682 ] } },
{ "type": "Feature", "properties": { "max_height": 0.0205078125, "mean_height": -0.0046131224371492863, "std_height": 0.0099673112854361534, "count_pixels": 43, "percent_cover": 0.13058398372255459, "percent_above_0.1m": 0.0, "low_level_<0.5": 0.0, "mid_level_0.5-2": 0.0, "tall_2+": 0.0 }, "geometry": { "type": "Point", "coordinates": [ -0.914818197485895, 51.637422974690978 ] } },
{ "type": "Feature", "properties": { "max_height": 0.55950927734375, "mean_height": 0.0923033207654953, "std_height": 0.15232358872890472, "count_pixels": 42, "percent_cover": 0.1275471468917975, "percent_above_0.1m": 30.952380952380953, "low_level_<0.5": 21.428571428571427, "mid_level_0.5-2": 2.3809523809523809, "tall_2+": 0.0 }, "geometry": { "type": "Point", "coordinates": [ -0.914618014307143, 51.637421124426957 ] } },
{ "type": "Feature", "properties": { "max_height": 3.9319915771484375, "mean_height": 0.60058027505874634, "std_height": 0.97154372930526733, "count_pixels": 43, "percent_cover": 0.13058398372255459, "percent_above_0.1m": 48.837209302325576, "low_level_<0.5": 13.953488372093023, "mid_level_0.5-2": 20.930232558139537, "tall_2+": 11.627906976744185 }, "geometry": { "type": "Point", "coordinates": [ -0.914417831150173, 51.637419273821585 ] } },
{ "type": "Feature", "properties": { "max_height": 8.043609619140625, "mean_height": 2.1172528266906738, "std_height": 2.6572265625, "count_pixels": 42, "percent_cover": 0.1275471468917975, "percent_above_0.1m": 54.761904761904766, "low_level_<0.5": 2.3809523809523809, "mid_level_0.5-2": 14.285714285714285, "tall_2+": 35.714285714285715 }, "geometry": { "type": "Point", "coordinates": [ -0.918118653371736, 51.637561329776716 ] } },
{ "type": "Feature", "properties": { "max_height": 6.8476104736328125, "mean_height": 2.8236236572265625, "std_height": 1.6920682191848755, "count_pixels": 41, "percent_cover": 0.12451031006104041, "percent_above_0.1m": 92.682926829268297, "low_level_<0.5": 2.4390243902439024, "mid_level_0.5-2": 34.146341463414636, "tall_2+": 56.09756097560976 }, "geometry": { "type": "Point", "coordinates": [ -0.917918469406113, 51.63755948514806 ] } },
{ "type": "Feature", "properties": { "max_height": 6.539031982421875, "mean_height": 3.8999984264373779, "std_height": 1.5548092126846313, "count_pixels": 41, "percent_cover": 0.12451031006104041, "percent_above_0.1m": 97.560975609756099, "low_level_<0.5": 2.4390243902439024, "mid_level_0.5-2": 9.7560975609756095, "tall_2+": 85.365853658536579 }, "geometry": { "type": "Point", "coordinates": [ -0.917718285405507, 51.637557640170613 ] } },
{ "type": "Feature", "properties": { "max_height": 3.7657623291015625, "mean_height": 0.66122996807098389, "std_height": 1.123177170753479, "count_pixels": 41, "percent_cover": 0.12451031006104041, "percent_above_0.1m": 34.146341463414636, "low_level_<0.5": 4.8780487804878048, "mid_level_0.5-2": 12.195121951219512, "tall_2+": 17.073170731707318 }, "geometry": { "type": "Point", "coordinates": [ -0.917518101426613, 51.637555794851828 ] } },
{ "type": "Feature", "properties": { "max_height": 0.0115203857421875, "mean_height": -0.002278508385643363, "std_height": 0.0057596615515649319, "count_pixels": 37, "percent_cover": 0.11236296273801208, "percent_above_0.1m": 0.0, "low_level_<0.5": 0.0, "mid_level_0.5-2": 0.0, "tall_2+": 0.0 }, "geometry": { "type": "Point", "coordinates": [ -0.91731791746945, 51.637553949191705 ] } },
{ "type": "Feature", "properties": { "max_height": 0.00750732421875, "mean_height": -0.0020402118097990751, "std_height": 0.0045501017011702061, "count_pixels": 41, "percent_cover": 0.12451031006104041, "percent_above_0.1m": 0.0, "low_level_<0.5": 0.0, "mid_level_0.5-2": 0.0, "tall_2+": 0.0 }, "geometry": { "type": "Point", "coordinates": [ -0.917117733534012, 51.637552103190245 ] } },
{ "type": "Feature", "properties": { "max_height": 0.5495147705078125, "mean_height": 0.010382675565779209, "std_height": 0.085444971919059753, "count_pixels": 41, "percent_cover": 0.12451031006104041, "percent_above_0.1m": 2.4390243902439024, "low_level_<0.5": 0.0, "mid_level_0.5-2": 2.4390243902439024, "tall_2+": 0.0 }, "geometry": { "type": "Point", "coordinates": [ -0.916917549620305, 51.637550256847433 ] } },
{ "type": "Feature", "properties": { "max_height": 0.0157470703125, "mean_height": -0.0033405849244445562, "std_height": 0.0061773508787155151, "count_pixels": 42, "percent_cover": 0.1275471468917975, "percent_above_0.1m": 0.0, "low_level_<0.5": 0.0, "mid_level_0.5-2": 0.0, "tall_2+": 0.0 }, "geometry": { "type": "Point", "coordinates": [ -0.916717365728332, 51.637548410163298 ] } },
{ "type": "Feature", "properties": { "max_height": 3.2335052490234375, "mean_height": 0.47909653186798096, "std_height": 0.87980479001998901, "count_pixels": 43, "percent_cover": 0.13058398372255459, "percent_above_0.1m": 34.883720930232556, "low_level_<0.5": 6.9767441860465116, "mid_level_0.5-2": 13.953488372093023, "tall_2+": 11.627906976744185 }, "geometry": { "type": "Point", "coordinates": [ -0.916517181858103, 51.637546563137818 ] } },
{ "type": "Feature", "properties": { "max_height": 1.9297637939453125, "mean_height": 0.29323488473892212, "std_height": 0.59529346227645874, "count_pixels": 43, "percent_cover": 0.13058398372255459, "percent_above_0.1m": 25.581395348837212, "low_level_<0.5": 9.3023255813953494, "mid_level_0.5-2": 16.279069767441861, "tall_2+": 0.0 }, "geometry": { "type": "Point", "coordinates": [ -0.916316998009613, 51.637544715770993 ] } },
{ "type": "Feature", "properties": { "max_height": 0.0097503662109375, "mean_height": -0.0027760351076722145, "std_height": 0.0062906639650464058, "count_pixels": 43, "percent_cover": 0.13058398372255459, "percent_above_0.1m": 0.0, "low_level_<0.5": 0.0, "mid_level_0.5-2": 0.0, "tall_2+": 0.0 }, "geometry": { "type": "Point", "coordinates": [ -0.916116814182874, 51.63754286806283 ] } },
{ "type": "Feature", "properties": { "max_height": 0.0235137939453125, "mean_height": -0.00045386026613414288, "std_height": 0.0077962921932339668, "count_pixels": 43, "percent_cover": 0.13058398372255459, "percent_above_0.1m": 0.0, "low_level_<0.5": 0.0, "mid_level_0.5-2": 0.0, "tall_2+": 0.0 }, "geometry": { "type": "Point", "coordinates": [ -0.915916630377882, 51.63754102001333 ] } },
{ "type": "Feature", "properties": { "max_height": 0.0042572021484375, "mean_height": -0.0047050300054252148, "std_height": 0.005666390061378479, "count_pixels": 43, "percent_cover": 0.13058398372255459, "percent_above_0.1m": 0.0, "low_level_<0.5": 0.0, "mid_level_0.5-2": 0.0, "tall_2+": 0.0 }, "geometry": { "type": "Point", "coordinates": [ -0.915716446594649, 51.637539171622471 ] } },
{ "type": "Feature", "properties": { "max_height": 0.006011962890625, "mean_height": -0.0019552542362362146, "std_height": 0.0052218865603208542, "count_pixels": 43, "percent_cover": 0.13058398372255459, "percent_above_0.1m": 0.0, "low_level_<0.5": 0.0, "mid_level_0.5-2": 0.0, "tall_2+": 0.0 }, "geometry": { "type": "Point", "coordinates": [ -0.915516262833175, 51.63753732289031 ] } },
{ "type": "Feature", "properties": { "max_height": 0.0272674560546875, "mean_height": -0.0010790143860504031, "std_height": 0.0081558441743254662, "count_pixels": 42, "percent_cover": 0.1275471468917975, "percent_above_0.1m": 0.0, "low_level_<0.5": 0.0, "mid_level_0.5-2": 0.0, "tall_2+": 0.0 }, "geometry": { "type": "Point", "coordinates": [ -0.915316079093467, 51.63753547381679 ] } },
{ "type": "Feature", "properties": { "max_height": 0.026519775390625, "mean_height": -0.0031794107053428888, "std_height": 0.0071296324022114277, "count_pixels": 41, "percent_cover": 0.12451031006104041, "percent_above_0.1m": 0.0, "low_level_<0.5": 0.0, "mid_level_0.5-2": 0.0, "tall_2+": 0.0 }, "geometry": { "type": "Point", "coordinates": [ -0.915115895375521, 51.637533624401918 ] } },
{ "type": "Feature", "properties": { "max_height": 0.118011474609375, "mean_height": 0.0033409304451197386, "std_height": 0.030415741726756096, "count_pixels": 41, "percent_cover": 0.12451031006104041, "percent_above_0.1m": 7.3170731707317067, "low_level_<0.5": 0.0, "mid_level_0.5-2": 0.0, "tall_2+": 0.0 }, "geometry": { "type": "Point", "coordinates": [ -0.914915711679353, 51.637531774645723 ] } },
{ "type": "Feature", "properties": { "max_height": 0.510498046875, "mean_height": 0.16082093119621277, "std_height": 0.16605235636234283, "count_pixels": 41, "percent_cover": 0.12451031006104041, "percent_above_0.1m": 53.658536585365859, "low_level_<0.5": 43.902439024390247, "mid_level_0.5-2": 2.4390243902439024, "tall_2+": 0.0 }, "geometry": { "type": "Point", "coordinates": [ -0.914715528004958, 51.63752992454819 ] } },
{ "type": "Feature", "properties": { "max_height": 6.7020111083984375, "mean_height": 2.0135841369628906, "std_height": 2.2078828811645508, "count_pixels": 37, "percent_cover": 0.11236296273801208, "percent_above_0.1m": 54.054054054054056, "low_level_<0.5": 2.7027027027027026, "mid_level_0.5-2": 10.810810810810811, "tall_2+": 40.54054054054054 }, "geometry": { "type": "Point", "coordinates": [ -0.914515344352343, 51.637528074109319 ] } },
{ "type": "Feature", "properties": { "max_height": 8.3319244384765625, "mean_height": 3.9437594413757324, "std_height": 1.9818451404571533, "count_pixels": 42, "percent_cover": 0.1275471468917975, "percent_above_0.1m": 100.0, "low_level_<0.5": 0.0, "mid_level_0.5-2": 19.047619047619047, "tall_2+": 80.952380952380949 }, "geometry": { "type": "Point", "coordinates": [ -0.918015991507883, 51.637668282522078 ] } },
{ "type": "Feature", "properties": { "max_height": 6.47601318359375, "mean_height": 2.4929139614105225, "std_height": 2.4020824432373047, "count_pixels": 43, "percent_cover": 0.13058398372255459, "percent_above_0.1m": 65.116279069767444, "low_level_<0.5": 6.9767441860465116, "mid_level_0.5-2": 9.3023255813953494, "tall_2+": 48.837209302325576 }, "geometry": { "type": "Point", "coordinates": [ -0.917815807011657, 51.63766643771114 ] } },
{ "type": "Feature", "properties": { "max_height": 0.09954833984375, "mean_height": -0.0025563794188201427, "std_height": 0.016713440418243408, "count_pixels": 43, "percent_cover": 0.13058398372255459, "percent_above_0.1m": 0.0, "low_level_<0.5": 0.0, "mid_level_0.5-2": 0.0, "tall_2+": 0.0 }, "geometry": { "type": "Point", "coordinates": [ -0.917615622537151, 51.637664592558863 ] } },
{ "type": "Feature", "properties": { "max_height": 0.009002685546875, "mean_height": -0.00022851853282190859, "std_height": 0.0031180803198367357, "count_pixels": 42, "percent_cover": 0.1275471468917975, "percent_above_0.1m": 0.0, "low_level_<0.5": 0.0, "mid_level_0.5-2": 0.0, "tall_2+": 0.0 }, "geometry": { "type": "Point", "coordinates": [ -0.917415438084361, 51.637662747065256 ] } },
{ "type": "Feature", "properties": { "max_height": 0.003509521484375, "mean_height": -0.0028565872926265001, "std_height": 0.0043819299899041653, "count_pixels": 43, "percent_cover": 0.13058398372255459, "percent_above_0.1m": 0.0, "low_level_<0.5": 0.0, "mid_level_0.5-2": 0.0, "tall_2+": 0.0 }, "geometry": { "type": "Point", "coordinates": [ -0.917215253653303, 51.637660901230298 ] } },
{ "type": "Feature", "properties": { "max_height": 0.0067596435546875, "mean_height": -0.0024602136109024286, "std_height": 0.0050191907212138176, "count_pixels": 43, "percent_cover": 0.13058398372255459, "percent_above_0.1m": 0.0, "low_level_<0.5": 0.0, "mid_level_0.5-2": 0.0, "tall_2+": 0.0 }, "geometry": { "type": "Point", "coordinates": [ -0.917015069243971, 51.637659055054016 ] } },
{ "type": "Feature", "properties": { "max_height": 0.010009765625, "mean_height": -0.0045961653813719749, "std_height": 0.0051445923745632172, "count_pixels": 42, "percent_cover": 0.1275471468917975, "percent_above_0.1m": 0.0, "low_level_<0.5": 0.0, "mid_level_0.5-2": 0.0, "tall_2+": 0.0 }, "geometry": { "type": "Point", "coordinates": [ -0.916814884856374, 51.637657208536368 ] } },
{ "type": "Feature", "properties": { "max_height": 0.43475341796875, "mean_height": 0.007493182085454464, "std_height": 0.067951954901218414, "count_pixels": 41, "percent_cover": 0.12451031006104041, "percent_above_0.1m": 2.4390243902439024, "low_level_<0.5": 2.4390243902439024, "mid_level_0.5-2": 0.0, "tall_2+": 0.0 }, "geometry": { "type": "Point", "coordinates": [ -0.916614700490514, 51.637655361677396 ] } },
{ "type": "Feature", "properties": { "max_height": 2.6000213623046875, "mean_height": 0.33799707889556885, "std_height": 0.69959849119186401, "count_pixels": 41, "percent_cover": 0.12451031006104041, "percent_above_0.1m": 24.390243902439025, "low_level_<0.5": 2.4390243902439024, "mid_level_0.5-2": 17.073170731707318, "tall_2+": 4.8780487804878048 }, "geometry": { "type": "Point", "coordinates": [ -0.916414516146396, 51.63765351447708 ] } },
{ "type": "Feature", "properties": { "max_height": 0.009765625, "mean_height": -0.0018243556842207909, "std_height": 0.005701056681573391, "count_pixels": 41, "percent_cover": 0.12451031006104041, "percent_above_0.1m": 0.0, "low_level_<0.5": 0.0, "mid_level_0.5-2": 0.0, "tall_2+": 0.0 }, "geometry": { "type": "Point", "coordinates": [ -0.916214331824024, 51.637651666935419 ] } },
{ "type": "Feature", "properties": { "max_height": 0.0115203857421875, "mean_height": -0.0020306904334574938, "std_height": 0.0076719908975064754, "count_pixels": 36, "percent_cover": 0.109326125907255, "percent_above_0.1m": 0.0, "low_level_<0.5": 0.0, "mid_level_0.5-2": 0.0, "tall_2+": 0.0 }, "geometry": { "type": "Point", "coordinates": [ -0.916014147523401, 51.63764981905242 ] } },
{ "type": "Feature", "properties": { "max_height": 0.01275634765625, "mean_height": -0.002417959738522768, "std_height": 0.00646966602653265, "count_pixels": 41, "percent_cover": 0.12451031006104041, "percent_above_0.1m": 0.0, "low_level_<0.5": 0.0, "mid_level_0.5-2": 0.0, "tall_2+": 0.0 }, "geometry": { "type": "Point", "coordinates": [ -0.915813963244531, 51.637647970828098 ] } },
{ "type": "Feature", "properties": { "max_height": 0.006011962890625, "mean_height": -0.0039099715650081635, "std_height": 0.0065391282550990582, "count_pixels": 41, "percent_cover": 0.12451031006104041, "percent_above_0.1m": 0.0, "low_level_<0.5": 0.0, "mid_level_0.5-2": 0.0, "tall_2+": 0.0 }, "geometry": { "type": "Point", "coordinates": [ -0.915613778987422, 51.637646122262403 ] } },
{ "type": "Feature", "properties": { "max_height": 0.009002685546875, "mean_height": -0.0038485643453896046, "std_height": 0.006273285485804081, "count_pixels": 41, "percent_cover": 0.12451031006104041, "percent_above_0.1m": 0.0, "low_level_<0.5": 0.0, "mid_level_0.5-2": 0.0, "tall_2+": 0.0 }, "geometry": { "type": "Point", "coordinates": [ -0.915413594752074, 51.63764427335537 ] } },
{ "type": "Feature", "properties": { "max_height": 0.013031005859375, "mean_height": -0.0036483039148151875, "std_height": 0.0062049045227468014, "count_pixels": 42, "percent_cover": 0.1275471468917975, "percent_above_0.1m": 0.0, "low_level_<0.5": 0.0, "mid_level_0.5-2": 0.0, "tall_2+": 0.0 }, "geometry": { "type": "Point", "coordinates": [ -0.915213410538487, 51.637642424107007 ] } },
{ "type": "Feature", "properties": { "max_height": 0.35577392578125, "mean_height": 0.042416948825120926, "std_height": 0.098237007856369019, "count_pixels": 43, "percent_cover": 0.13058398372255459, "percent_above_0.1m": 18.604651162790699, "low_level_<0.5": 13.953488372093023, "mid_level_0.5-2": 0.0, "tall_2+": 0.0 }, "geometry": { "type": "Point", "coordinates": [ -0.915013226346675, 51.63764057451732 ] } },
{ "type": "Feature", "properties": { "max_height": 3.9507598876953125, "mean_height": 0.29462060332298279, "std_height": 0.62927687168121338, "count_pixels": 43, "percent_cover": 0.13058398372255459, "percent_above_0.1m": 55.813953488372093, "low_level_<0.5": 37.209302325581397, "mid_level_0.5-2": 11.627906976744185, "tall_2+": 2.3255813953488373 }, "geometry": { "type": "Point", "coordinates": [ -0.914813042176636, 51.637638724586274 ] } },
{ "type": "Feature", "properties": { "max_height": 6.523529052734375, "mean_height": 2.4055213928222656, "std_height": 2.1667129993438721, "count_pixels": 41, "percent_cover": 0.12451031006104041, "percent_above_0.1m": 80.487804878048792, "low_level_<0.5": 4.8780487804878048, "mid_level_0.5-2": 26.829268292682929, "tall_2+": 46.341463414634148 }, "geometry": { "type": "Point", "coordinates": [ -0.91791332909171, 51.637775235168483 ] } },
{ "type": "Feature", "properties": { "max_height": 1.301971435546875, "mean_height": 0.039986960589885712, "std_height": 0.20591545104980469, "count_pixels": 41, "percent_cover": 0.12451031006104041, "percent_above_0.1m": 7.3170731707317067, "low_level_<0.5": 2.4390243902439024, "mid_level_0.5-2": 2.4390243902439024, "tall_2+": 0.0 }, "geometry": { "type": "Point", "coordinates": [ -0.917713144121582, 51.637773390182723 ] } },
{ "type": "Feature", "properties": { "max_height": 0.0050048828125, "mean_height": -0.0013383073965087533, "std_height": 0.0038523429539054632, "count_pixels": 41, "percent_cover": 0.12451031006104041, "percent_above_0.1m": 0.0, "low_level_<0.5": 0.0, "mid_level_0.5-2": 0.0, "tall_2+": 0.0 }, "geometry": { "type": "Point", "coordinates": [ -0.917512959173171, 51.637771544855624 ] } },
{ "type": "Feature", "properties": { "max_height": 0.006256103515625, "mean_height": -0.0017172324005514383, "std_height": 0.0033924104645848274, "count_pixels": 37, "percent_cover": 0.11236296273801208, "percent_above_0.1m": 0.0, "low_level_<0.5": 0.0, "mid_level_0.5-2": 0.0, "tall_2+": 0.0 }, "geometry": { "type": "Point", "coordinates": [ -0.917312774246485, 51.637769699187189 ] } },
{ "type": "Feature", "properties": { "max_height": 0.011260986328125, "mean_height": -0.0036103783641010523, "std_height": 0.0064535681158304214, "count_pixels": 41, "percent_cover": 0.12451031006104041, "percent_above_0.1m": 0.0, "low_level_<0.5": 0.0, "mid_level_0.5-2": 0.0, "tall_2+": 0.0 }, "geometry": { "type": "Point", "coordinates": [ -0.917112589341526, 51.637767853177401 ] } },
{ "type": "Feature", "properties": { "max_height": 0.0070037841796875, "mean_height": -0.0029166617896407843, "std_height": 0.005175350233912468, "count_pixels": 41, "percent_cover": 0.12451031006104041, "percent_above_0.1m": 0.0, "low_level_<0.5": 0.0, "mid_level_0.5-2": 0.0, "tall_2+": 0.0 }, "geometry": { "type": "Point", "coordinates": [ -0.916912404458303, 51.637766006826268 ] } },
{ "type": "Feature", "properties": { "max_height": 2.536773681640625, "mean_height": 0.64051526784896851, "std_height": 0.86987435817718506, "count_pixels": 42, "percent_cover": 0.1275471468917975, "percent_above_0.1m": 45.238095238095241, "low_level_<0.5": 4.7619047619047619, "mid_level_0.5-2": 28.571428571428569, "tall_2+": 9.5238095238095237 }, "geometry": { "type": "Point", "coordinates": [ -0.91671221959681, 51.637764160133784 ] } },
{ "type": "Feature", "properties": { "max_height": 3.28326416015625, "mean_height": 1.7433723211288452, "std_height": 0.97727483510971069, "count_pixels": 43, "percent_cover": 0.13058398372255459, "percent_above_0.1m": 93.023255813953483, "low_level_<0.5": 6.9767441860465116, "mid_level_0.5-2": 39.534883720930232, "tall_2+": 44.186046511627907 }, "geometry": { "type": "Point", "coordinates": [ -0.916512034757064, 51.637762313099984 ] } },
{ "type": "Feature", "properties": { "max_height": 0.0377655029296875, "mean_height": -0.0045826048590242863, "std_height": 0.010020287707448006, "count_pixels": 43, "percent_cover": 0.13058398372255459, "percent_above_0.1m": 0.0, "low_level_<0.5": 0.0, "mid_level_0.5-2": 0.0, "tall_2+": 0.0 }, "geometry": { "type": "Point", "coordinates": [ -0.916311849939052, 51.637760465724845 ] } },
{ "type": "Feature", "properties": { "max_height": 2.63525390625, "mean_height": 0.17135478556156158, "std_height": 0.591156005859375, "count_pixels": 43, "percent_cover": 0.13058398372255459, "percent_above_0.1m": 11.627906976744185, "low_level_<0.5": 4.6511627906976747, "mid_level_0.5-2": 2.3255813953488373, "tall_2+": 4.6511627906976747 }, "geometry": { "type": "Point", "coordinates": [ -0.9161116651428, 51.637758618008341 ] } },
{ "type": "Feature", "properties": { "max_height": 3.4807586669921875, "mean_height": 0.69423127174377441, "std_height": 0.94180166721343994, "count_pixels": 43, "percent_cover": 0.13058398372255459, "percent_above_0.1m": 53.488372093023251, "low_level_<0.5": 6.9767441860465116, "mid_level_0.5-2": 27.906976744186046, "tall_2+": 16.279069767441861 }, "geometry": { "type": "Point", "coordinates": [ -0.915911480368291, 51.637756769950499 ] } },
{ "type": "Feature", "properties": { "max_height": 1.089019775390625, "mean_height": 0.078910648822784424, "std_height": 0.24948608875274658, "count_pixels": 43, "percent_cover": 0.13058398372255459, "percent_above_0.1m": 11.627906976744185, "low_level_<0.5": 4.6511627906976747, "mid_level_0.5-2": 6.9767441860465116, "tall_2+": 0.0 }, "geometry": { "type": "Point", "coordinates": [ -0.915711295615538, 51.637754921551327 ] } },
{ "type": "Feature", "properties": { "max_height": 0.0095062255859375, "mean_height": -0.0046940292231738567, "std_height": 0.0062338672578334808, "count_pixels": 43, "percent_cover": 0.13058398372255459, "percent_above_0.1m": 0.0, "low_level_<0.5": 0.0, "mid_level_0.5-2": 0.0, "tall_2+": 0.0 }, "geometry": { "type": "Point", "coordinates": [ -0.91551111088455, 51.637753072810817 ] } },
{ "type": "Feature", "properties": { "max_height": 0.009002685546875, "mean_height": -0.0039018902461975813, "std_height": 0.0064256731420755386, "count_pixels": 42, "percent_cover": 0.1275471468917975, "percent_above_0.1m": 0.0, "low_level_<0.5": 0.0, "mid_level_0.5-2": 0.0, "tall_2+": 0.0 }, "geometry": { "type": "Point", "coordinates": [ -0.915310926175326, 51.637751223728948 ] } },
{ "type": "Feature", "properties": { "max_height": 0.3777618408203125, "mean_height": 0.050400897860527039, "std_height": 0.086070828139781952, "count_pixels": 41, "percent_cover": 0.12451031006104041, "percent_above_0.1m": 19.512195121951219, "low_level_<0.5": 17.073170731707318, "mid_level_0.5-2": 0.0, "tall_2+": 0.0 }, "geometry": { "type": "Point", "coordinates": [ -0.915110741487868, 51.637749374305727 ] } },
{ "type": "Feature", "properties": { "max_height": 14.519012451171875, "mean_height": 1.7132591009140015, "std_height": 3.707028865814209, "count_pixels": 41, "percent_cover": 0.12451031006104041, "percent_above_0.1m": 48.780487804878049, "low_level_<0.5": 17.073170731707318, "mid_level_0.5-2": 7.3170731707317067, "tall_2+": 19.512195121951219 }, "geometry": { "type": "Point", "coordinates": [ -0.914910556822178, 51.637747524541183 ] } },
{ "type": "Feature", "properties": { "max_height": 2.181304931640625, "mean_height": 0.63056415319442749, "std_height": 0.7643287181854248, "count_pixels": 43, "percent_cover": 0.13058398372255459, "percent_above_0.1m": 53.488372093023251, "low_level_<0.5": 6.9767441860465116, "mid_level_0.5-2": 32.558139534883722, "tall_2+": 9.3023255813953494 }, "geometry": { "type": "Point", "coordinates": [ -0.91781066617991, 51.637882187723385 ] } },
{ "type": "Feature", "properties": { "max_height": 1.2890167236328125, "mean_height": 0.091025419533252716, "std_height": 0.3159295916557312, "count_pixels": 43, "percent_cover": 0.13058398372255459, "percent_above_0.1m": 9.3023255813953494, "low_level_<0.5": 2.3255813953488373, "mid_level_0.5-2": 6.9767441860465116, "tall_2+": 0.0 }, "geometry": { "type": "Point", "coordinates": [ -0.91761048073588, 51.637880342562816 ] } },
{ "type": "Feature", "properties": { "max_height": 1.56475830078125, "mean_height": 0.349791020154953, "std_height": 0.52480787038803101, "count_pixels": 42, "percent_cover": 0.1275471468917975, "percent_above_0.1m": 38.095238095238095, "low_level_<0.5": 9.5238095238095237, "mid_level_0.5-2": 26.190476190476193, "tall_2+": 0.0 }, "geometry": { "type": "Point", "coordinates": [ -0.917410295313566, 51.637878497060889 ] } },
{ "type": "Feature", "properties": { "max_height": 2.9212493896484375, "mean_height": 0.21921947598457336, "std_height": 0.60500544309616089, "count_pixels": 43, "percent_cover": 0.13058398372255459, "percent_above_0.1m": 16.279069767441861, "low_level_<0.5": 4.6511627906976747, "mid_level_0.5-2": 6.9767441860465116, "tall_2+": 4.6511627906976747 }, "geometry": { "type": "Point", "coordinates": [ -0.917210109912976, 51.637876651217603 ] } },
{ "type": "Feature", "properties": { "max_height": 0.013519287109375, "mean_height": -0.0034704874269664288, "std_height": 0.0064071640372276306, "count_pixels": 43, "percent_cover": 0.13058398372255459, "percent_above_0.1m": 0.0, "low_level_<0.5": 0.0, "mid_level_0.5-2": 0.0, "tall_2+": 0.0 }, "geometry": { "type": "Point", "coordinates": [ -0.917009924534121, 51.637874805033 ] } },
{ "type": "Feature", "properties": { "max_height": 2.0562744140625, "mean_height": 0.077306836843490601, "std_height": 0.33862224221229553, "count_pixels": 42, "percent_cover": 0.1275471468917975, "percent_above_0.1m": 7.1428571428571423, "low_level_<0.5": 2.3809523809523809, "mid_level_0.5-2": 2.3809523809523809, "tall_2+": 2.3809523809523809 }, "geometry": { "type": "Point", "coordinates": [ -0.916809739177003, 51.637872958507046 ] } },
{ "type": "Feature", "properties": { "max_height": 3.7237548828125, "mean_height": 1.6220211982727051, "std_height": 1.36275315284729, "count_pixels": 41, "percent_cover": 0.12451031006104041, "percent_above_0.1m": 75.609756097560975, "low_level_<0.5": 9.7560975609756095, "mid_level_0.5-2": 14.634146341463413, "tall_2+": 48.780487804878049 }, "geometry": { "type": "Point", "coordinates": [ -0.916609553841615, 51.637871111639733 ] } },
{ "type": "Feature", "properties": { "max_height": 1.7182769775390625, "mean_height": 0.13009084761142731, "std_height": 0.35389441251754761, "count_pixels": 41, "percent_cover": 0.12451031006104041, "percent_above_0.1m": 17.073170731707318, "low_level_<0.5": 4.8780487804878048, "mid_level_0.5-2": 12.195121951219512, "tall_2+": 0.0 }, "geometry": { "type": "Point", "coordinates": [ -0.916409368527976, 51.637869264431075 ] } },
{ "type": "Feature", "properties": { "max_height": 1.537017822265625, "mean_height": 0.084924839437007904, "std_height": 0.30859348177909851, "count_pixels": 41, "percent_cover": 0.12451031006104041, "percent_above_0.1m": 9.7560975609756095, "low_level_<0.5": 0.0, "mid_level_0.5-2": 7.3170731707317067, "tall_2+": 0.0 }, "geometry": { "type": "Point", "coordinates": [ -0.916209183236079, 51.637867416881086 ] } },
{ "type": "Feature", "properties": { "max_height": 0.0205078125, "mean_height": -0.0037935045547783375, "std_height": 0.0095149418339133263, "count_pixels": 36, "percent_cover": 0.109326125907255, "percent_above_0.1m": 0.0, "low_level_<0.5": 0.0, "mid_level_0.5-2": 0.0, "tall_2+": 0.0 }, "geometry": { "type": "Point", "coordinates": [ -0.91600899796593, 51.637865568989767 ] } },
{ "type": "Feature", "properties": { "max_height": 1.053009033203125, "mean_height": 0.055929787456989288, "std_height": 0.19596493244171143, "count_pixels": 41, "percent_cover": 0.12451031006104041, "percent_above_0.1m": 9.7560975609756095, "low_level_<0.5": 4.8780487804878048, "mid_level_0.5-2": 4.8780487804878048, "tall_2+": 0.0 }, "geometry": { "type": "Point", "coordinates": [ -0.91580881271754, 51.637863720757082 ] } },
{ "type": "Feature", "properties": { "max_height": 0.013519287109375, "mean_height": -0.0040074791759252548, "std_height": 0.0069255735725164413, "count_pixels": 41, "percent_cover": 0.12451031006104041, "percent_above_0.1m": 0.0, "low_level_<0.5": 0.0, "mid_level_0.5-2": 0.0, "tall_2+": 0.0 }, "geometry": { "type": "Point", "coordinates": [ -0.91560862749091, 51.637861872183073 ] } },
{ "type": "Feature", "properties": { "max_height": 0.0045166015625, "mean_height": -0.0054961415007710457, "std_height": 0.0068261767737567425, "count_pixels": 41, "percent_cover": 0.12451031006104041, "percent_above_0.1m": 0.0, "low_level_<0.5": 0.0, "mid_level_0.5-2": 0.0, "tall_2+": 0.0 }, "geometry": { "type": "Point", "coordinates": [ -0.915408442286034, 51.637860023267692 ] } },
{ "type": "Feature", "properties": { "max_height": 0.9197540283203125, "mean_height": 0.150803342461586, "std_height": 0.1912863552570343, "count_pixels": 42, "percent_cover": 0.1275471468917975, "percent_above_0.1m": 47.619047619047613, "low_level_<0.5": 35.714285714285715, "mid_level_0.5-2": 4.7619047619047619, "tall_2+": 0.0 }, "geometry": { "type": "Point", "coordinates": [ -0.91520825710293, 51.637858174010994 ] } },
{ "type": "Feature", "properties": { "max_height": 6.766754150390625, "mean_height": 0.96118056774139404, "std_height": 1.8961591720581055, "count_pixels": 43, "percent_cover": 0.13058398372255459, "percent_above_0.1m": 39.534883720930232, "low_level_<0.5": 11.627906976744185, "mid_level_0.5-2": 11.627906976744185, "tall_2+": 16.279069767441861 }, "geometry": { "type": "Point", "coordinates": [ -0.915008071941597, 51.637856324412944 ] } },
{ "type": "Feature", "properties": { "max_height": 1.6565093994140625, "mean_height": 0.18260155618190765, "std_height": 0.39667633175849915, "count_pixels": 41, "percent_cover": 0.12451031006104041, "percent_above_0.1m": 21.951219512195124, "low_level_<0.5": 4.8780487804878048, "mid_level_0.5-2": 14.634146341463413, "tall_2+": 0.0 }, "geometry": { "type": "Point", "coordinates": [ -0.917507816854545, 51.637987294851406 ] } },
{ "type": "Feature", "properties": { "max_height": 1.7042694091796875, "mean_height": 0.73929369449615479, "std_height": 0.53255677223205566, "count_pixels": 37, "percent_cover": 0.11236296273801208, "percent_above_0.1m": 81.081081081081081, "low_level_<0.5": 21.621621621621621, "mid_level_0.5-2": 59.45945945945946, "tall_2+": 0.0 }, "geometry": { "type": "Point", "coordinates": [ -0.917307630958329, 51.63798544917465 ] } },
{ "type": "Feature", "properties": { "max_height": 1.7960205078125, "mean_height": 0.47260376811027527, "std_height": 0.61077427864074707, "count_pixels": 41, "percent_cover": 0.12451031006104041, "percent_above_0.1m": 46.341463414634148, "low_level_<0.5": 9.7560975609756095, "mid_level_0.5-2": 36.585365853658537, "tall_2+": 0.0 }, "geometry": { "type": "Point", "coordinates": [ -0.917107445083839, 51.637983603156528 ] } },
{ "type": "Feature", "properties": { "max_height": 0.0057525634765625, "mean_height": -0.0034406709019094706, "std_height": 0.0043010157532989979, "count_pixels": 41, "percent_cover": 0.12451031006104041, "percent_above_0.1m": 0.0, "low_level_<0.5": 0.0, "mid_level_0.5-2": 0.0, "tall_2+": 0.0 }, "geometry": { "type": "Point", "coordinates": [ -0.916907259231081, 51.637981756797096 ] } },
{ "type": "Feature", "properties": { "max_height": 0.63751220703125, "mean_height": 0.0332975834608078, "std_height": 0.13241662085056305, "count_pixels": 42, "percent_cover": 0.1275471468917975, "percent_above_0.1m": 7.1428571428571423, "low_level_<0.5": 4.7619047619047619, "mid_level_0.5-2": 2.3809523809523809, "tall_2+": 0.0 }, "geometry": { "type": "Point", "coordinates": [ -0.91670707340006, 51.637979910096291 ] } },
{ "type": "Feature", "properties": { "max_height": 0.009521484375, "mean_height": -0.0014818768249824643, "std_height": 0.0055560455657541752, "count_pixels": 43, "percent_cover": 0.13058398372255459, "percent_above_0.1m": 0.0, "low_level_<0.5": 0.0, "mid_level_0.5-2": 0.0, "tall_2+": 0.0 }, "geometry": { "type": "Point", "coordinates": [ -0.916506887590784, 51.637978063054156 ] } },
{ "type": "Feature", "properties": { "max_height": 0.010009765625, "mean_height": -0.00019942881772294641, "std_height": 0.0030511321965605021, "count_pixels": 43, "percent_cover": 0.13058398372255459, "percent_above_0.1m": 0.0, "low_level_<0.5": 0.0, "mid_level_0.5-2": 0.0, "tall_2+": 0.0 }, "geometry": { "type": "Point", "coordinates": [ -0.916306701803246, 51.637976215670676 ] } },
{ "type": "Feature", "properties": { "max_height": 0.0090179443359375, "mean_height": -0.0026401253417134285, "std_height": 0.004701416939496994, "count_pixels": 43, "percent_cover": 0.13058398372255459, "percent_above_0.1m": 0.0, "low_level_<0.5": 0.0, "mid_level_0.5-2": 0.0, "tall_2+": 0.0 }, "geometry": { "type": "Point", "coordinates": [ -0.916106516037458, 51.63797436794583 ] } },
{ "type": "Feature", "properties": { "max_height": 0.01776123046875, "mean_height": -0.00093859294429421425, "std_height": 0.0061266236007213593, "count_pixels": 43, "percent_cover": 0.13058398372255459, "percent_above_0.1m": 0.0, "low_level_<0.5": 0.0, "mid_level_0.5-2": 0.0, "tall_2+": 0.0 }, "geometry": { "type": "Point", "coordinates": [ -0.915906330293421, 51.637972519879675 ] } },
{ "type": "Feature", "properties": { "max_height": 0.22076416015625, "mean_height": 0.0011493772035464644, "std_height": 0.035486672073602676, "count_pixels": 43, "percent_cover": 0.13058398372255459, "percent_above_0.1m": 2.3255813953488373, "low_level_<0.5": 2.3255813953488373, "mid_level_0.5-2": 0.0, "tall_2+": 0.0 }, "geometry": { "type": "Point", "coordinates": [ -0.915706144571144, 51.637970671472161 ] } },
{ "type": "Feature", "properties": { "max_height": 0.128509521484375, "mean_height": 0.00037685659481212497, "std_height": 0.020649554207921028, "count_pixels": 43, "percent_cover": 0.13058398372255459, "percent_above_0.1m": 2.3255813953488373, "low_level_<0.5": 0.0, "mid_level_0.5-2": 0.0, "tall_2+": 0.0 }, "geometry": { "type": "Point", "coordinates": [ -0.915505958870626, 51.637968822723288 ] } },
{ "type": "Feature", "properties": { "max_height": 13.0255126953125, "mean_height": 1.6338907480239868, "std_height": 3.191582202911377, "count_pixels": 42, "percent_cover": 0.1275471468917975, "percent_above_0.1m": 57.142857142857139, "low_level_<0.5": 16.666666666666664, "mid_level_0.5-2": 11.904761904761903, "tall_2+": 21.428571428571427 }, "geometry": { "type": "Point", "coordinates": [ -0.915305773191871, 51.637966973633084 ] } },
{ "type": "Feature", "properties": { "max_height": 9.9912567138671875, "mean_height": 2.0201640129089355, "std_height": 2.8632895946502686, "count_pixels": 41, "percent_cover": 0.12451031006104041, "percent_above_0.1m": 56.09756097560976, "low_level_<0.5": 12.195121951219512, "mid_level_0.5-2": 9.7560975609756095, "tall_2+": 34.146341463414636 }, "geometry": { "type": "Point", "coordinates": [ -0.915105587534883, 51.637965124201514 ] } },
{ "type": "Feature", "properties": { "max_height": 2.6532745361328125, "mean_height": 0.31326648592948914, "std_height": 0.61245095729827881, "count_pixels": 43, "percent_cover": 0.13058398372255459, "percent_above_0.1m": 27.906976744186046, "low_level_<0.5": 6.9767441860465116, "mid_level_0.5-2": 16.279069767441861, "tall_2+": 4.6511627906976747 }, "geometry": { "type": "Point", "coordinates": [ -0.917204966107455, 51.638092401196914 ] } },
{ "type": "Feature", "properties": { "max_height": 3.701751708984375, "mean_height": 0.79846370220184326, "std_height": 0.9970279335975647, "count_pixels": 43, "percent_cover": 0.13058398372255459, "percent_above_0.1m": 51.162790697674424, "low_level_<0.5": 0.0, "mid_level_0.5-2": 39.534883720930232, "tall_2+": 9.3023255813953494 }, "geometry": { "type": "Point", "coordinates": [ -0.917004779759065, 51.638090555003963 ] } },
{ "type": "Feature", "properties": { "max_height": 4.998748779296875, "mean_height": 1.6704566478729248, "std_height": 1.6280217170715332, "count_pixels": 42, "percent_cover": 0.1275471468917975, "percent_above_0.1m": 64.285714285714292, "low_level_<0.5": 4.7619047619047619, "mid_level_0.5-2": 14.285714285714285, "tall_2+": 42.857142857142854 }, "geometry": { "type": "Point", "coordinates": [ -0.916804593432405, 51.638088708469688 ] } },
{ "type": "Feature", "properties": { "max_height": 5.0982513427734375, "mean_height": 0.81193691492080688, "std_height": 1.247581958770752, "count_pixels": 41, "percent_cover": 0.12451031006104041, "percent_above_0.1m": 46.341463414634148, "low_level_<0.5": 9.7560975609756095, "mid_level_0.5-2": 17.073170731707318, "tall_2+": 19.512195121951219 }, "geometry": { "type": "Point", "coordinates": [ -0.916604407127482, 51.638086861594054 ] } },
{ "type": "Feature", "properties": { "max_height": 0.5380096435546875, "mean_height": 0.018722906708717346, "std_height": 0.087245471775531769, "count_pixels": 41, "percent_cover": 0.12451031006104041, "percent_above_0.1m": 4.8780487804878048, "low_level_<0.5": 2.4390243902439024, "mid_level_0.5-2": 2.4390243902439024, "tall_2+": 0.0 }, "geometry": { "type": "Point", "coordinates": [ -0.916404220844305, 51.638085014377083 ] } },
{ "type": "Feature", "properties": { "max_height": 0.2022552490234375, "mean_height": 0.0057719158940017223, "std_height": 0.038549400866031647, "count_pixels": 41, "percent_cover": 0.12451031006104041, "percent_above_0.1m": 4.8780487804878048, "low_level_<0.5": 2.4390243902439024, "mid_level_0.5-2": 0.0, "tall_2+": 0.0 }, "geometry": { "type": "Point", "coordinates": [ -0.916204034582874, 51.638083166818753 ] } },
{ "type": "Feature", "properties": { "max_height": 0.0095062255859375, "mean_height": -0.0073225232772529125, "std_height": 0.0083902645856142044, "count_pixels": 36, "percent_cover": 0.109326125907255, "percent_above_0.1m": 0.0, "low_level_<0.5": 0.0, "mid_level_0.5-2": 0.0, "tall_2+": 0.0 }, "geometry": { "type": "Point", "coordinates": [ -0.916003848343194, 51.638081318919106 ] } },
{ "type": "Feature", "properties": { "max_height": 0.4340057373046875, "mean_height": 0.017777977511286736, "std_height": 0.090943552553653717, "count_pixels": 41, "percent_cover": 0.12451031006104041, "percent_above_0.1m": 4.8780487804878048, "low_level_<0.5": 4.8780487804878048, "mid_level_0.5-2": 0.0, "tall_2+": 0.0 }, "geometry": { "type": "Point", "coordinates": [ -0.915803662125266, 51.638079470678079 ] } },
{ "type": "Feature", "properties": { "max_height": 0.206512451171875, "mean_height": 0.0077659795060753822, "std_height": 0.034403551369905472, "count_pixels": 41, "percent_cover": 0.12451031006104041, "percent_above_0.1m": 2.4390243902439024, "low_level_<0.5": 2.4390243902439024, "mid_level_0.5-2": 0.0, "tall_2+": 0.0 }, "geometry": { "type": "Point", "coordinates": [ -0.915603475929099, 51.638077622095715 ] } },
{ "type": "Feature", "properties": { "max_height": 3.6405181884765625, "mean_height": 0.33065572381019592, "std_height": 0.66272085905075073, "count_pixels": 41, "percent_cover": 0.12451031006104041, "percent_above_0.1m": 60.975609756097562, "low_level_<0.5": 41.463414634146339, "mid_level_0.5-2": 7.3170731707317067, "tall_2+": 4.8780487804878048 }, "geometry": { "type": "Point", "coordinates": [ -0.915403289754693, 51.638075773171998 ] } },
{ "type": "Feature", "properties": { "max_height": 6.4217681884765625, "mean_height": 1.3921549320220947, "std_height": 1.960706353187561, "count_pixels": 42, "percent_cover": 0.1275471468917975, "percent_above_0.1m": 54.761904761904766, "low_level_<0.5": 11.904761904761903, "mid_level_0.5-2": 21.428571428571427, "tall_2+": 21.428571428571427 }, "geometry": { "type": "Point", "coordinates": [ -0.91520310360205, 51.638073923906951 ] } },
{ "type": "Feature", "properties": { "max_height": 0.97601318359375, "mean_height": 0.05360003188252449, "std_height": 0.16760942339897156, "count_pixels": 41, "percent_cover": 0.12451031006104041, "percent_above_0.1m": 14.634146341463413, "low_level_<0.5": 9.7560975609756095, "mid_level_0.5-2": 2.4390243902439024, "tall_2+": 0.0 }, "geometry": { "type": "Point", "coordinates": [ -0.916902113938646, 51.638197506759902 ] } },
{ "type": "Feature", "properties": { "max_height": 5.03900146484375, "mean_height": 1.4031244516372681, "std_height": 1.6836104393005371, "count_pixels": 42, "percent_cover": 0.1275471468917975, "percent_above_0.1m": 57.142857142857139, "low_level_<0.5": 9.5238095238095237, "mid_level_0.5-2": 14.285714285714285, "tall_2+": 33.333333333333329 }, "geometry": { "type": "Point", "coordinates": [ -0.916701927138082, 51.638195660050776 ] } },
{ "type": "Feature", "properties": { "max_height": 5.8375091552734375, "mean_height": 1.9476499557495117, "std_height": 1.6377280950546265, "count_pixels": 43, "percent_cover": 0.13058398372255459, "percent_above_0.1m": 90.697674418604649, "low_level_<0.5": 11.627906976744185, "mid_level_0.5-2": 41.860465116279073, "tall_2+": 37.209302325581397 }, "geometry": { "type": "Point", "coordinates": [ -0.916501740359262, 51.638193813000314 ] } },
{ "type": "Feature", "properties": { "max_height": 2.9207611083984375, "mean_height": 0.23459748923778534, "std_height": 0.61846262216567993, "count_pixels": 43, "percent_cover": 0.13058398372255459, "percent_above_0.1m": 25.581395348837212, "low_level_<0.5": 11.627906976744185, "mid_level_0.5-2": 6.9767441860465116, "tall_2+": 4.6511627906976747 }, "geometry": { "type": "Point", "coordinates": [ -0.916301553602181, 51.638191965608499 ] } },
{ "type": "Feature", "properties": { "max_height": 7.587005615234375, "mean_height": 1.7901178598403931, "std_height": 2.3368008136749268, "count_pixels": 43, "percent_cover": 0.13058398372255459, "percent_above_0.1m": 53.488372093023251, "low_level_<0.5": 4.6511627906976747, "mid_level_0.5-2": 11.627906976744185, "tall_2+": 37.209302325581397 }, "geometry": { "type": "Point", "coordinates": [ -0.916101366866854, 51.63819011787534 ] } },
{ "type": "Feature", "properties": { "max_height": 4.6497650146484375, "mean_height": 0.68649822473526001, "std_height": 1.4116228818893433, "count_pixels": 43, "percent_cover": 0.13058398372255459, "percent_above_0.1m": 20.930232558139537, "low_level_<0.5": 0.0, "mid_level_0.5-2": 0.0, "tall_2+": 20.930232558139537 }, "geometry": { "type": "Point", "coordinates": [ -0.915901180153275, 51.638188269800835 ] } },
{ "type": "Feature", "properties": { "max_height": 5.7515106201171875, "mean_height": 0.61942946910858154, "std_height": 1.2502592802047729, "count_pixels": 43, "percent_cover": 0.13058398372255459, "percent_above_0.1m": 32.558139534883722, "low_level_<0.5": 2.3255813953488373, "mid_level_0.5-2": 11.627906976744185, "tall_2+": 16.279069767441861 }, "geometry": { "type": "Point", "coordinates": [ -0.915700993461457, 51.638186421384972 ] } },
{ "type": "Feature", "properties": { "max_height": 6.4315032958984375, "mean_height": 0.60905706882476807, "std_height": 1.2299696207046509, "count_pixels": 43, "percent_cover": 0.13058398372255459, "percent_above_0.1m": 58.139534883720934, "low_level_<0.5": 34.883720930232556, "mid_level_0.5-2": 4.6511627906976747, "tall_2+": 13.953488372093023 }, "geometry": { "type": "Point", "coordinates": [ -0.915500806791398, 51.638184572627772 ] } },
{ "type": "Feature", "properties": { "max_height": 5.1732635498046875, "mean_height": 0.37760740518569946, "std_height": 1.0496945381164551, "count_pixels": 41, "percent_cover": 0.12451031006104041, "percent_above_0.1m": 31.707317073170731, "low_level_<0.5": 17.073170731707318, "mid_level_0.5-2": 7.3170731707317067, "tall_2+": 4.8780487804878048 }, "geometry": { "type": "Point", "coordinates": [ -0.916599260348117, 51.638302611540375 ] } },
{ "type": "Feature", "properties": { "max_height": 1.4002532958984375, "mean_height": 0.23462025821208954, "std_height": 0.43497321009635925, "count_pixels": 41, "percent_cover": 0.12451031006104041, "percent_above_0.1m": 26.829268292682929, "low_level_<0.5": 2.4390243902439024, "mid_level_0.5-2": 21.951219512195124, "tall_2+": 0.0 }, "geometry": { "type": "Point", "coordinates": [ -0.916399073095388, 51.638300764315069 ] } },
{ "type": "Feature", "properties": { "max_height": 5.8642730712890625, "mean_height": 1.1741585731506348, "std_height": 1.893499493598938, "count_pixels": 41, "percent_cover": 0.12451031006104041, "percent_above_0.1m": 34.146341463414636, "low_level_<0.5": 0.0, "mid_level_0.5-2": 7.3170731707317067, "tall_2+": 26.829268292682929 }, "geometry": { "type": "Point", "coordinates": [ -0.91619888586441, 51.638298916748418 ] } },
{ "type": "Feature", "properties": { "max_height": 7.3585052490234375, "mean_height": 2.3276023864746094, "std_height": 2.4066464900970459, "count_pixels": 36, "percent_cover": 0.109326125907255, "percent_above_0.1m": 72.222222222222214, "low_level_<0.5": 5.5555555555555554, "mid_level_0.5-2": 16.666666666666664, "tall_2+": 47.222222222222221 }, "geometry": { "type": "Point", "coordinates": [ -0.915998698655182, 51.638297068840409 ] } },
{ "type": "Feature", "properties": { "max_height": 6.938262939453125, "mean_height": 1.2030520439147949, "std_height": 2.1415634155273438, "count_pixels": 41, "percent_cover": 0.12451031006104041, "percent_above_0.1m": 48.780487804878049, "low_level_<0.5": 14.634146341463413, "mid_level_0.5-2": 14.634146341463413, "tall_2+": 19.512195121951219 }, "geometry": { "type": "Point", "coordinates": [ -0.915798511467708, 51.638295220591068 ] } },
{ "type": "Feature", "properties": { "max_height": 9.214752197265625, "mean_height": 1.4712703227996826, "std_height": 2.7336502075195312, "count_pixels": 41, "percent_cover": 0.12451031006104041, "percent_above_0.1m": 63.414634146341463, "low_level_<0.5": 19.512195121951219, "mid_level_0.5-2": 12.195121951219512, "tall_2+": 21.951219512195124 }, "geometry": { "type": "Point", "coordinates": [ -0.915598324301991, 51.638293372000362 ] } },
{ "type": "Feature", "properties": { "max_height": 15.176513671875, "mean_height": 2.1071038246154785, "std_height": 4.1835031509399414, "count_pixels": 43, "percent_cover": 0.13058398372255459, "percent_above_0.1m": 41.860465116279073, "low_level_<0.5": 6.9767441860465116, "mid_level_0.5-2": 13.953488372093023, "tall_2+": 18.604651162790699 }, "geometry": { "type": "Point", "coordinates": [ -0.916296405335864, 51.638407715538335 ] } },
{ "type": "Feature", "properties": { "max_height": 4.998748779296875, "mean_height": 1.0001274347305298, "std_height": 1.5916640758514404, "count_pixels": 43, "percent_cover": 0.13058398372255459, "percent_above_0.1m": 46.511627906976742, "low_level_<0.5": 6.9767441860465116, "mid_level_0.5-2": 20.930232558139537, "tall_2+": 18.604651162790699 }, "geometry": { "type": "Point", "coordinates": [ -0.916096217630984, 51.638405867796834 ] } },
{ "type": "Feature", "properties": { "max_height": 5.4550018310546875, "mean_height": 0.29791721701622009, "std_height": 0.87837129831314087, "count_pixels": 43, "percent_cover": 0.13058398372255459, "percent_above_0.1m": 34.883720930232556, "low_level_<0.5": 23.255813953488371, "mid_level_0.5-2": 4.6511627906976747, "tall_2+": 4.6511627906976747 }, "geometry": { "type": "Point", "coordinates": [ -0.915896029947851, 51.638404019713988 ] } },
{ "type": "Feature", "properties": { "max_height": 6.1525115966796875, "mean_height": 0.73147088289260864, "std_height": 1.3631097078323364, "count_pixels": 43, "percent_cover": 0.13058398372255459, "percent_above_0.1m": 55.813953488372093, "low_level_<0.5": 27.906976744186046, "mid_level_0.5-2": 13.953488372093023, "tall_2+": 13.953488372093023 }, "geometry": { "type": "Point", "coordinates": [ -0.915695842286478, 51.63840217128979 ] } },
{ "type": "Feature", "properties": { "max_height": 2.023773193359375, "mean_height": 0.469085693359375, "std_height": 0.4906945526599884, "count_pixels": 36, "percent_cover": 0.109326125907255, "percent_above_0.1m": 66.666666666666657, "low_level_<0.5": 25.0, "mid_level_0.5-2": 38.888888888888893, "tall_2+": 2.7777777777777777 }, "geometry": { "type": "Point", "coordinates": [ -0.915993548901898, 51.638512818753732 ] } },
{ "type": "Feature", "properties": { "max_height": 3.6132659912109375, "mean_height": 0.43006116151809692, "std_height": 0.68877440690994263, "count_pixels": 41, "percent_cover": 0.12451031006104041, "percent_above_0.1m": 58.536585365853654, "low_level_<0.5": 29.268292682926827, "mid_level_0.5-2": 21.951219512195124, "tall_2+": 4.8780487804878048 }, "geometry": { "type": "Point", "coordinates": [ -0.915793360744865, 51.638510970496036 ] } }
]
}
