{
"type": "FeatureCollection",
"name": "HAVAN_23_NACH",
"crs": { "type": "name", "properties": { "name": "urn:ogc:def:crs:OGC:1.3:CRS84" } },
"features": [
{"type":"Feature","properties":{"id":259,"nach":0.47890364291342502},"geometry":{"type":"LineString","coordinates":[[-0.9533841,50.867758600000016],[-0.9532747,50.8674238]]}},
{"type":"Feature","properties":{"id":19186,"nach":0.45992221644101855},"geometry":{"type":"LineString","coordinates":[[-0.9535119,50.8677452],[-0.9533841,50.867758600000016]]}},
{"type":"Feature","properties":{"id":262,"nach":0.39249199693968578},"geometry":{"type":"LineString","coordinates":[[-0.953623,50.8684969],[-0.9535062,50.8683135],[-0.9534396,50.8680108],[-0.9533841,50.867758600000016]]}},
{"type":"Feature","properties":{"id":19179,"nach":0.24391251579710438},"geometry":{"type":"LineString","coordinates":[[-0.9533967,50.8674071],[-0.9532747,50.8674238]]}},
{"type":"Feature","properties":{"id":264,"nach":0.46460908248642396},"geometry":{"type":"LineString","coordinates":[[-0.9532747,50.8674238],[-0.9532071,50.8672621],[-0.9531399,50.8671413]]}},
{"type":"Feature","properties":{"id":31247,"nach":0.42707585579712715},"geometry":{"type":"LineString","coordinates":[[-0.9521975,50.8677639],[-0.9525542,50.8676265],[-0.952721,50.8675605],[-0.952978,50.8674891],[-0.9530996,50.867455299999989],[-0.9532747,50.8674238]]}},
{"type":"Feature","properties":{"id":19188,"nach":0.5212088891656862},"geometry":{"type":"LineString","coordinates":[[-0.9535119,50.8677452],[-0.9541319,50.867717600000013],[-0.9544547,50.8676853],[-0.955152,50.8675726]]}},
{"type":"Feature","properties":{"id":19178,"nach":0.42502814167253744},"geometry":{"type":"LineString","coordinates":[[-0.9533967,50.8674071],[-0.9535119,50.8677452]]}},
{"type":"Feature","properties":{"id":19187,"nach":0.43029915893807458},"geometry":{"type":"LineString","coordinates":[[-0.9535119,50.8677452],[-0.9536035,50.8683205],[-0.953623,50.8684969]]}},
{"type":"Feature","properties":{"id":8955,"nach":0.4273068139765322},"geometry":{"type":"LineString","coordinates":[[-0.9536659,50.8685985],[-0.953623,50.8684969]]}},
{"type":"Feature","properties":{"id":8956,"nach":0.35648026349900147},"geometry":{"type":"LineString","coordinates":[[-0.9536659,50.8685985],[-0.9530042,50.8688044],[-0.9532269,50.8695649]]}},
{"type":"Feature","properties":{"id":11433,"nach":0.0},"geometry":{"type":"LineString","coordinates":[[-0.9577003,50.8757432],[-0.957499,50.8754323],[-0.9567809,50.8742296],[-0.9567387,50.8740525],[-0.9567246,50.8738725],[-0.9567584,50.8735766],[-0.956737,50.8733349],[-0.9565712,50.873144],[-0.9562774,50.872951],[-0.9559351,50.872692],[-0.9557632,50.8725004],[-0.955655,50.8723297],[-0.9552339,50.8715311],[-0.9536659,50.8685985]]}},
{"type":"Feature","properties":{"id":37058,"nach":0.4180355593591164},"geometry":{"type":"LineString","coordinates":[[-0.9532542,50.8671264],[-0.953302,50.86721690000001],[-0.9533967,50.8674071]]}},
{"type":"Feature","properties":{"id":37061,"nach":0.54730474572128052},"geometry":{"type":"LineString","coordinates":[[-0.9531399,50.8671413],[-0.9530763,50.8671544]]}},
{"type":"Feature","properties":{"id":37060,"nach":0.51400703075917731},"geometry":{"type":"LineString","coordinates":[[-0.9531399,50.8671413],[-0.9532542,50.8671264]]}},
{"type":"Feature","properties":{"id":37062,"nach":0.37953131736227214},"geometry":{"type":"LineString","coordinates":[[-0.9531399,50.8671413],[-0.9529599,50.8668949],[-0.9528797,50.8667233]]}},
{"type":"Feature","properties":{"id":31246,"nach":0.39947521838264294},"geometry":{"type":"LineString","coordinates":[[-0.9521975,50.8677639],[-0.9484232,50.8692177],[-0.9478392,50.8694645]]}},
{"type":"Feature","properties":{"id":31248,"nach":0.36281627630193114},"geometry":{"type":"LineString","coordinates":[[-0.9521975,50.8677639],[-0.9520684,50.8676396],[-0.9519717,50.8675153],[-0.9518536,50.867343099999985],[-0.9518386,50.8672749]]}},
{"type":"Feature","properties":{"id":23626,"nach":0.42093481471979893},"geometry":{"type":"LineString","coordinates":[[-0.9448571,50.8707678],[-0.9441708,50.8711195],[-0.9434169,50.8715343],[-0.9429313,50.8717551],[-0.9426788,50.871854800000015]]}},
{"type":"Feature","properties":{"id":30717,"nach":0.4763592415202047},"geometry":{"type":"LineString","coordinates":[[-0.9478392,50.8694645],[-0.946785,50.8698783],[-0.9448571,50.8707678]]}},
{"type":"Feature","properties":{"id":31271,"nach":0.40978382085741905},"geometry":{"type":"LineString","coordinates":[[-0.9455985,50.8731179],[-0.9455166,50.8728569],[-0.9447655,50.8715367],[-0.9447763,50.8713539],[-0.9449517,50.871127199999989],[-0.944946,50.870972],[-0.9448571,50.8707678]]}},
{"type":"Feature","properties":{"id":36791,"nach":0.5223707969102569},"geometry":{"type":"LineString","coordinates":[[-0.944729,50.8705066],[-0.9447344,50.870514],[-0.9448571,50.8707678]]}},
{"type":"Feature","properties":{"id":19535,"nach":0.64934192452775652},"geometry":{"type":"LineString","coordinates":[[-0.9383512,50.8611117],[-0.9387807,50.8610936]]}},
{"type":"Feature","properties":{"id":9167,"nach":0.65353491096869387},"geometry":{"type":"LineString","coordinates":[[-0.9404385,50.860984],[-0.9387807,50.8610936]]}},
{"type":"Feature","properties":{"id":9051,"nach":0.52188328952275997},"geometry":{"type":"LineString","coordinates":[[-0.9379948,50.8600472],[-0.9380973,50.8600515],[-0.9381517,50.8600955],[-0.9384296,50.8601662],[-0.9386805,50.8601475],[-0.9396291,50.860338400000018],[-0.9388473,50.860919300000013],[-0.9387793,50.8610167],[-0.9387807,50.8610936]]}},
{"type":"Feature","properties":{"id":19536,"nach":0.58378044903575166},"geometry":{"type":"LineString","coordinates":[[-0.9383512,50.8611117],[-0.9384686,50.8617394],[-0.9385826,50.8617361],[-0.9386134,50.8620306]]}},
{"type":"Feature","properties":{"id":33511,"nach":0.6412642843295896},"geometry":{"type":"LineString","coordinates":[[-0.9374093,50.8611746],[-0.9383512,50.8611117]]}},
{"type":"Feature","properties":{"id":18412,"nach":0.68090503041194295},"geometry":{"type":"LineString","coordinates":[[-0.9406283,50.8609726],[-0.9404385,50.860984]]}},
{"type":"Feature","properties":{"id":19533,"nach":0.61526886126990421},"geometry":{"type":"LineString","coordinates":[[-0.9406583,50.8622061],[-0.9404544,50.8610727],[-0.9404385,50.860984]]}},
{"type":"Feature","properties":{"id":9055,"nach":0.5338212022713833},"geometry":{"type":"LineString","coordinates":[[-0.9380309,50.859632],[-0.9379948,50.8600472]]}},
{"type":"Feature","properties":{"id":46948,"nach":0.52924090258802481},"geometry":{"type":"LineString","coordinates":[[-0.9379209,50.860044099999989],[-0.9379948,50.8600472]]}},
{"type":"Feature","properties":{"id":9113,"nach":0.63199020484177992},"geometry":{"type":"LineString","coordinates":[[-0.9446785,50.8607023],[-0.9453931,50.86065940000001]]}},
{"type":"Feature","properties":{"id":29694,"nach":0.47918247748904597},"geometry":{"type":"LineString","coordinates":[[-0.9455472,50.8606084],[-0.9453931,50.86065940000001]]}},
{"type":"Feature","properties":{"id":18409,"nach":0.58775865527840376},"geometry":{"type":"LineString","coordinates":[[-0.9455768,50.8606612],[-0.9455403,50.8606603],[-0.9453931,50.86065940000001]]}},
{"type":"Feature","properties":{"id":30516,"nach":0.5612366872502631},"geometry":{"type":"LineString","coordinates":[[-0.9455498,50.8605426],[-0.9454307,50.8605866],[-0.9453931,50.86065940000001]]}},
{"type":"Feature","properties":{"id":9312,"nach":0.53290625157358718},"geometry":{"type":"LineString","coordinates":[[-0.9447862,50.8610256],[-0.9446785,50.8607023]]}},
{"type":"Feature","properties":{"id":19593,"nach":0.6125629486873575},"geometry":{"type":"LineString","coordinates":[[-0.9439551,50.8607487],[-0.9446785,50.8607023]]}},
{"type":"Feature","properties":{"id":29696,"nach":0.5864946170148253},"geometry":{"type":"LineString","coordinates":[[-0.9455472,50.8606084],[-0.9455768,50.8606612]]}},
{"type":"Feature","properties":{"id":30512,"nach":0.59808635703372792},"geometry":{"type":"LineString","coordinates":[[-0.945611,50.8605872],[-0.9455472,50.8606084]]}},
{"type":"Feature","properties":{"id":19622,"nach":0.61881239886540484},"geometry":{"type":"LineString","coordinates":[[-0.9458004,50.8612647],[-0.9457736,50.8612317],[-0.9456329,50.8607618],[-0.9455768,50.8606612]]}},
{"type":"Feature","properties":{"id":19191,"nach":0.61529705417334968},"geometry":{"type":"LineString","coordinates":[[-0.9460447,50.8605965],[-0.9459353,50.860625399999989],[-0.9455768,50.8606612]]}},
{"type":"Feature","properties":{"id":30515,"nach":0.56172573149355054},"geometry":{"type":"LineString","coordinates":[[-0.9455498,50.8605426],[-0.945611,50.8605872]]}},
{"type":"Feature","properties":{"id":46960,"nach":0.60886997727320014},"geometry":{"type":"LineString","coordinates":[[-0.9453815,50.8601378],[-0.9454949,50.8602556],[-0.9455281,50.8603552],[-0.9455804,50.8604918],[-0.9455498,50.8605426]]}},
{"type":"Feature","properties":{"id":13862,"nach":0.42447315940827829},"geometry":{"type":"LineString","coordinates":[[-0.9517648,50.8602178],[-0.9517758,50.8602493]]}},
{"type":"Feature","properties":{"id":6666,"nach":0.28384170095620903},"geometry":{"type":"LineString","coordinates":[[-0.9589242,50.8611573],[-0.9587607,50.861117],[-0.9578766,50.8607821],[-0.9570862,50.8605275],[-0.9564968,50.860500799999983],[-0.9562288,50.8605142],[-0.954439,50.8605708],[-0.9530539,50.8604338],[-0.9521762,50.8602996],[-0.9517758,50.8602493]]}},
{"type":"Feature","properties":{"id":32667,"nach":0.34644682838117002},"geometry":{"type":"LineString","coordinates":[[-0.9477522,50.8605146],[-0.9484053,50.860474],[-0.950522,50.860326600000015],[-0.9517758,50.8602493]]}},
{"type":"Feature","properties":{"id":41330,"nach":0.3987651668142963},"geometry":{"type":"LineString","coordinates":[[-0.9539698,50.859179],[-0.9539571,50.8593363],[-0.9538901,50.8593837],[-0.9537001,50.8593852],[-0.9529169,50.8596035],[-0.9515651,50.8597737],[-0.9515625,50.8598711],[-0.9517648,50.8602178]]}},
{"type":"Feature","properties":{"id":28160,"nach":0.19556915742943307},"geometry":{"type":"LineString","coordinates":[[-0.9592381,50.860991],[-0.9586469,50.86096520000001],[-0.9571553,50.8604717],[-0.9566654,50.8604399],[-0.9544363,50.8605189],[-0.9517648,50.8602178]]}},
{"type":"Feature","properties":{"id":32664,"nach":0.47027726085346411},"geometry":{"type":"LineString","coordinates":[[-0.947734,50.860452200000012],[-0.9483453,50.860410599999987],[-0.9517648,50.8602178]]}},
{"type":"Feature","properties":{"id":32668,"nach":0.50124500556090723},"geometry":{"type":"LineString","coordinates":[[-0.9477522,50.8605146],[-0.9469605,50.860574],[-0.9465063,50.8606081],[-0.9463275,50.86068430000001]]}},
{"type":"Feature","properties":{"id":32666,"nach":0.51056096128254325},"geometry":{"type":"LineString","coordinates":[[-0.9477522,50.8605146],[-0.947734,50.860452200000012]]}},
{"type":"Feature","properties":{"id":31918,"nach":0.44831961044933827},"geometry":{"type":"LineString","coordinates":[[-0.9545593,50.8667215],[-0.9548908,50.866655]]}},
{"type":"Feature","properties":{"id":37076,"nach":0.49856765823442928},"geometry":{"type":"LineString","coordinates":[[-0.9550952,50.8674737],[-0.9550293,50.8673589],[-0.9548908,50.866655]]}},
{"type":"Feature","properties":{"id":41704,"nach":0.42513511857759334},"geometry":{"type":"LineString","coordinates":[[-0.9553357,50.8631956],[-0.955279,50.8632386],[-0.9551064,50.8636322],[-0.9551077,50.8640966],[-0.9548221,50.865289899999986],[-0.9548908,50.866655]]}},
{"type":"Feature","properties":{"id":31924,"nach":0.38268311395282734},"geometry":{"type":"LineString","coordinates":[[-0.9545746,50.8672377],[-0.9546196,50.867217],[-0.9546625,50.867178],[-0.9545593,50.8667215]]}},
{"type":"Feature","properties":{"id":31921,"nach":0.0},"geometry":{"type":"LineString","coordinates":[[-0.9545593,50.8667215],[-0.9543219,50.8665178],[-0.9539356,50.8665483],[-0.9540054,50.8667041],[-0.9541771,50.8668022],[-0.9545593,50.8667215]]}},
{"type":"Feature","properties":{"id":37075,"nach":0.51547190011830468},"geometry":{"type":"LineString","coordinates":[[-0.9550952,50.8674737],[-0.955152,50.8675726]]}},
{"type":"Feature","properties":{"id":37078,"nach":0.49808858135754031},"geometry":{"type":"LineString","coordinates":[[-0.9550952,50.8674737],[-0.9550144,50.8674896],[-0.9549937,50.8674921],[-0.9548639,50.86753430000001],[-0.9544533,50.867618],[-0.954239,50.86765],[-0.9538398,50.8676806],[-0.9537617,50.8676793],[-0.9536905,50.8676641],[-0.9536463,50.8676443],[-0.9535988,50.8676005],[-0.9535419,50.867525],[-0.9534544,50.8673321],[-0.953329,50.8671108],[-0.9532542,50.8671264]]}},
{"type":"Feature","properties":{"id":37077,"nach":0.46306566646698094},"geometry":{"type":"LineString","coordinates":[[-0.9550952,50.8674737],[-0.9552241,50.8674482],[-0.9553349,50.8674414],[-0.9554764,50.8674268],[-0.955555,50.8674182],[-0.9558364,50.8673429],[-0.956128,50.867268],[-0.9575123,50.8669052],[-0.9580682,50.8668151],[-0.9582023,50.8668118],[-0.9583349,50.8668021]]}},
{"type":"Feature","properties":{"id":8951,"nach":0.56296315922239226},"geometry":{"type":"LineString","coordinates":[[-0.9559733,50.8673647],[-0.955152,50.8675726]]}},
{"type":"Feature","properties":{"id":41651,"nach":0.51207165433942892},"geometry":{"type":"LineString","coordinates":[[-0.9548596,50.8680781],[-0.9549411,50.868030099999984],[-0.9551983,50.8678796],[-0.9553537,50.867858],[-0.9556107,50.8678405],[-0.9557926,50.8678212],[-0.9560926,50.867710699999989],[-0.9561492,50.8676128],[-0.9559733,50.8673647]]}},
{"type":"Feature","properties":{"id":40300,"nach":0.58184698690072389},"geometry":{"type":"LineString","coordinates":[[-0.9577996,50.8669072],[-0.957463,50.86697430000001],[-0.9562811,50.8672835],[-0.9559733,50.8673647]]}},
{"type":"Feature","properties":{"id":41653,"nach":0.40213653039559039},"geometry":{"type":"LineString","coordinates":[[-0.9548596,50.8680781],[-0.9550113,50.8681141],[-0.9551983,50.8680184]]}},
{"type":"Feature","properties":{"id":46827,"nach":0.47309338386531752},"geometry":{"type":"LineString","coordinates":[[-0.9543441,50.8687265],[-0.9542871,50.8687253],[-0.9542302,50.8687158],[-0.9542001,50.8686958],[-0.9541884,50.8686673],[-0.9541884,50.8685933],[-0.9541967,50.8685194],[-0.9542068,50.8684117],[-0.9542218,50.8683388],[-0.9542737,50.868286],[-0.9543038,50.8682691],[-0.9543641,50.8682406],[-0.9544762,50.8682227],[-0.9546,50.8682058],[-0.9546879,50.8681791],[-0.9547498,50.868142699999986],[-0.9548596,50.8680781]]}},
{"type":"Feature","properties":{"id":9020,"nach":0.54459440050238039},"geometry":{"type":"LineString","coordinates":[[-0.9399589,50.8571924],[-0.9396496,50.8567147],[-0.9394971,50.8566003],[-0.9393225,50.8565279],[-0.9386491,50.8565306]]}},
{"type":"Feature","properties":{"id":17428,"nach":0.56237160857795221},"geometry":{"type":"LineString","coordinates":[[-0.9412334,50.856186900000012],[-0.941857,50.8567193]]}},
{"type":"Feature","properties":{"id":33743,"nach":0.62554317016376815},"geometry":{"type":"LineString","coordinates":[[-0.9421383,50.8569805],[-0.941857,50.8567193]]}},
{"type":"Feature","properties":{"id":17434,"nach":0.58846457475616765},"geometry":{"type":"LineString","coordinates":[[-0.9411429,50.8569081],[-0.941857,50.8567193]]}},
{"type":"Feature","properties":{"id":17437,"nach":0.55211251436841069},"geometry":{"type":"LineString","coordinates":[[-0.9411429,50.8569081],[-0.9412703,50.8568283],[-0.9415868,50.85674370000001],[-0.9415674,50.8565549],[-0.9411811,50.8562268],[-0.9412334,50.856186900000012]]}},
{"type":"Feature","properties":{"id":41483,"nach":0.62298050128237847},"geometry":{"type":"LineString","coordinates":[[-0.9422013,50.8570386],[-0.9421383,50.8569805]]}},
{"type":"Feature","properties":{"id":39982,"nach":0.50978007521175284},"geometry":{"type":"LineString","coordinates":[[-0.942568,50.8559361],[-0.9429069,50.8561959],[-0.943008,50.8562965],[-0.9430527,50.85641780000001],[-0.9430106,50.8565213],[-0.9427409,50.8567113],[-0.9421383,50.8569805]]}},
{"type":"Feature","properties":{"id":17435,"nach":0.61252124863445823},"geometry":{"type":"LineString","coordinates":[[-0.9411429,50.8569081],[-0.9408106,50.8569898]]}},
{"type":"Feature","properties":{"id":30704,"nach":0.46426673543248015},"geometry":{"type":"LineString","coordinates":[[-0.9409407,50.8567093],[-0.9411429,50.8569081]]}},
{"type":"Feature","properties":{"id":9286,"nach":0.61681580542931447},"geometry":{"type":"LineString","coordinates":[[-0.9404854,50.8570731],[-0.9399589,50.8571924]]}},
{"type":"Feature","properties":{"id":9039,"nach":0.60923318140045535},"geometry":{"type":"LineString","coordinates":[[-0.9393619,50.8573473],[-0.9399589,50.8571924]]}},
{"type":"Feature","properties":{"id":9287,"nach":0.51906107695093096},"geometry":{"type":"LineString","coordinates":[[-0.9404854,50.8570731],[-0.9407769,50.8576176],[-0.9407658,50.8576492]]}},
{"type":"Feature","properties":{"id":30709,"nach":0.61723726779724419},"geometry":{"type":"LineString","coordinates":[[-0.9405364,50.85706],[-0.9404854,50.8570731]]}},
{"type":"Feature","properties":{"id":9040,"nach":0.58103523348772301},"geometry":{"type":"LineString","coordinates":[[-0.9393619,50.8573473],[-0.9394471,50.8575303],[-0.9394599,50.8576721],[-0.9394428,50.8579825],[-0.9395686,50.8588736]]}},
{"type":"Feature","properties":{"id":9069,"nach":0.59913722805554104},"geometry":{"type":"LineString","coordinates":[[-0.9390141,50.8588744],[-0.9395686,50.8588736]]}},
{"type":"Feature","properties":{"id":9072,"nach":0.63354529032514195},"geometry":{"type":"LineString","coordinates":[[-0.9400448,50.8588423],[-0.9395686,50.8588736]]}},
{"type":"Feature","properties":{"id":9068,"nach":0.46190621552376598},"geometry":{"type":"LineString","coordinates":[[-0.9390141,50.8588744],[-0.9390915,50.8594116]]}},
{"type":"Feature","properties":{"id":46879,"nach":0.59367694645081681},"geometry":{"type":"LineString","coordinates":[[-0.9370112,50.8586344],[-0.9371646,50.8586717],[-0.9377553,50.858847],[-0.9379816,50.8588787],[-0.9390141,50.8588744]]}},
{"type":"Feature","properties":{"id":9071,"nach":0.57670756748179919},"geometry":{"type":"LineString","coordinates":[[-0.9400448,50.8588423],[-0.9411655,50.8587742]]}},
{"type":"Feature","properties":{"id":47005,"nach":0.61467547945584489},"geometry":{"type":"LineString","coordinates":[[-0.9406052,50.8598905],[-0.9405999,50.8598483],[-0.9401869,50.8596928],[-0.9401048,50.8593232],[-0.9400448,50.8588423]]}},
{"type":"Feature","properties":{"id":9074,"nach":0.45870654772287489},"geometry":{"type":"LineString","coordinates":[[-0.9412397,50.859268099999987],[-0.9411655,50.8587742]]}},
{"type":"Feature","properties":{"id":33231,"nach":0.57169143387953347},"geometry":{"type":"LineString","coordinates":[[-0.9413186,50.8587638],[-0.9411655,50.8587742]]}},
{"type":"Feature","properties":{"id":33230,"nach":0.56745797195543524},"geometry":{"type":"LineString","coordinates":[[-0.9413186,50.8587638],[-0.9424058,50.85868820000001]]}},
{"type":"Feature","properties":{"id":33233,"nach":0.45284030870026826},"geometry":{"type":"LineString","coordinates":[[-0.9413346,50.8579872],[-0.9412291,50.8580136],[-0.9412058,50.858044],[-0.941212,50.8580959],[-0.9412213,50.8581801],[-0.9412353,50.8582712],[-0.9412601,50.8584279],[-0.9413186,50.8587638]]}},
{"type":"Feature","properties":{"id":41484,"nach":0.62186090212769862},"geometry":{"type":"LineString","coordinates":[[-0.9422013,50.8570386],[-0.9438985,50.8585986]]}},
{"type":"Feature","properties":{"id":39115,"nach":0.64772387338375825},"geometry":{"type":"LineString","coordinates":[[-0.9442965,50.8589623],[-0.9438985,50.8585986]]}},
{"type":"Feature","properties":{"id":9192,"nach":0.57191565217517149},"geometry":{"type":"LineString","coordinates":[[-0.9424058,50.85868820000001],[-0.9438985,50.8585986]]}},
{"type":"Feature","properties":{"id":41486,"nach":0.44086945884432821},"geometry":{"type":"LineString","coordinates":[[-0.9435864,50.8568135],[-0.943585,50.8567585],[-0.9434697,50.8566848],[-0.943353,50.8566146],[-0.943235,50.856618],[-0.9430191,50.8566764],[-0.9428447,50.8567407],[-0.9422013,50.8570386]]}},
{"type":"Feature","properties":{"id":39204,"nach":0.651150631604278},"geometry":{"type":"LineString","coordinates":[[-0.9443664,50.8590252],[-0.9442965,50.8589623]]}},
{"type":"Feature","properties":{"id":39118,"nach":0.45824024022619658},"geometry":{"type":"LineString","coordinates":[[-0.9436288,50.8590458],[-0.9437649,50.8590302],[-0.9438215,50.8590192],[-0.9438907,50.85898730000001],[-0.9439515,50.8589724],[-0.9440634,50.8589658],[-0.9442965,50.8589623]]}},
{"type":"Feature","properties":{"id":9194,"nach":0.45257486940497277},"geometry":{"type":"LineString","coordinates":[[-0.9424058,50.85868820000001],[-0.9425147,50.8592811],[-0.9424211,50.8593262]]}},
{"type":"Feature","properties":{"id":9056,"nach":0.44617053847929766},"geometry":{"type":"LineString","coordinates":[[-0.9380309,50.859632],[-0.9380625,50.8591878]]}},
{"type":"Feature","properties":{"id":9057,"nach":0.54928410131836947},"geometry":{"type":"LineString","coordinates":[[-0.9380309,50.859632],[-0.9374282,50.8596043],[-0.9372511,50.8595727],[-0.9356969,50.8591771]]}},
{"type":"Feature","properties":{"id":46947,"nach":0.45482057955113764},"geometry":{"type":"LineString","coordinates":[[-0.9379209,50.860044099999989],[-0.9378948,50.860043]]}},
{"type":"Feature","properties":{"id":46950,"nach":0.44053043184464458},"geometry":{"type":"LineString","coordinates":[[-0.9376541,50.860388199999989],[-0.9379209,50.860044099999989]]}},
{"type":"Feature","properties":{"id":41301,"nach":0.39754191897072871},"geometry":{"type":"LineString","coordinates":[[-0.9363803,50.86010180000001],[-0.936567,50.860143],[-0.9365433,50.8601711],[-0.9367432,50.860219],[-0.936779,50.8601492],[-0.9367779,50.860059],[-0.9367432,50.86002160000001],[-0.9366907,50.8599786],[-0.9366237,50.8599568],[-0.9364931,50.8599279],[-0.9364528,50.859917300000014],[-0.936416,50.8599666],[-0.9364494,50.8599872],[-0.9364051,50.860061700000017]]}},
{"type":"Feature","properties":{"id":46925,"nach":0.466500836724423},"geometry":{"type":"LineString","coordinates":[[-0.9355006,50.8598415],[-0.9355812,50.8598615],[-0.9364051,50.860061700000017]]}},
{"type":"Feature","properties":{"id":41299,"nach":0.45442670959890524},"geometry":{"type":"LineString","coordinates":[[-0.9363803,50.86010180000001],[-0.9361665,50.86044]]}},
{"type":"Feature","properties":{"id":13471,"nach":0.55896481287132715},"geometry":{"type":"LineString","coordinates":[[-0.9352905,50.8605218],[-0.9357178,50.86061],[-0.9358817,50.8606095],[-0.9360142,50.8605805],[-0.9361231,50.860519700000012],[-0.9361665,50.86044]]}},
{"type":"Feature","properties":{"id":18516,"nach":0.54741819440036965},"geometry":{"type":"LineString","coordinates":[[-0.9366363,50.8611003],[-0.9366807,50.8608029],[-0.9365761,50.8607903],[-0.9366107,50.8605582],[-0.9361665,50.86044]]}},
{"type":"Feature","properties":{"id":29686,"nach":0.54521104731950065},"geometry":{"type":"LineString","coordinates":[[-0.9349366,50.8611032],[-0.9348968,50.8610504],[-0.9348987,50.8609446],[-0.9349878,50.8607822],[-0.9350799,50.860672],[-0.9352324,50.860578600000011],[-0.9352905,50.8605218]]}},
{"type":"Feature","properties":{"id":18515,"nach":0.33363207946738177},"geometry":{"type":"LineString","coordinates":[[-0.9366363,50.8611003],[-0.9362993,50.8611197],[-0.936277,50.8611485],[-0.936057,50.8611571]]}},
{"type":"Feature","properties":{"id":18514,"nach":0.561743276567224},"geometry":{"type":"LineString","coordinates":[[-0.9366363,50.8611003],[-0.9366304,50.8612148]]}},
{"type":"Feature","properties":{"id":47006,"nach":0.59372142717281395},"geometry":{"type":"LineString","coordinates":[[-0.9406052,50.8598905],[-0.9406809,50.8604974],[-0.9407304,50.8608586]]}},
{"type":"Feature","properties":{"id":47007,"nach":0.62268046365559937},"geometry":{"type":"LineString","coordinates":[[-0.9406052,50.8598905],[-0.940668,50.8598904],[-0.9407815,50.8598837]]}},
{"type":"Feature","properties":{"id":32623,"nach":0.54651404485415656},"geometry":{"type":"LineString","coordinates":[[-0.9445272,50.8594161],[-0.9447103,50.8593378]]}},
{"type":"Feature","properties":{"id":41357,"nach":0.65805399367486617},"geometry":{"type":"LineString","coordinates":[[-0.9444587,50.8591091],[-0.9447103,50.8593378]]}},
{"type":"Feature","properties":{"id":32685,"nach":0.64528604402559886},"geometry":{"type":"LineString","coordinates":[[-0.9450743,50.8596597],[-0.9447103,50.8593378]]}},
{"type":"Feature","properties":{"id":41345,"nach":0.44968895817302129},"geometry":{"type":"LineString","coordinates":[[-0.9456745,50.8590535],[-0.9450227,50.8593515],[-0.9449261,50.859321],[-0.9448698,50.8592669],[-0.9447103,50.8593378]]}},
{"type":"Feature","properties":{"id":32625,"nach":0.60824710852230335},"geometry":{"type":"LineString","coordinates":[[-0.9445272,50.8594161],[-0.94399,50.8596479],[-0.9436617,50.8596757]]}},
{"type":"Feature","properties":{"id":32682,"nach":0.58476507045397075},"geometry":{"type":"LineString","coordinates":[[-0.9449644,50.8597277],[-0.9445272,50.8594161]]}},
{"type":"Feature","properties":{"id":46965,"nach":0.45749610905600246},"geometry":{"type":"LineString","coordinates":[[-0.9443146,50.8591832],[-0.9443795,50.8592589],[-0.9445272,50.8594161]]}},
{"type":"Feature","properties":{"id":41356,"nach":0.65461845619605508},"geometry":{"type":"LineString","coordinates":[[-0.9444587,50.8591091],[-0.9443664,50.8590252]]}},
{"type":"Feature","properties":{"id":41358,"nach":0.46331008707009352},"geometry":{"type":"LineString","coordinates":[[-0.9444587,50.8591091],[-0.9446096,50.8590383]]}},
{"type":"Feature","properties":{"id":32686,"nach":0.57251486478769109},"geometry":{"type":"LineString","coordinates":[[-0.9450743,50.8596597],[-0.9452218,50.8597901]]}},
{"type":"Feature","properties":{"id":32687,"nach":0.59982583555242253},"geometry":{"type":"LineString","coordinates":[[-0.9450743,50.8596597],[-0.9449644,50.8597277]]}},
{"type":"Feature","properties":{"id":32691,"nach":0.59506939918139534},"geometry":{"type":"LineString","coordinates":[[-0.9453055,50.8597497],[-0.9451393,50.859638300000015],[-0.9450743,50.8596597]]}},
{"type":"Feature","properties":{"id":9087,"nach":0.45093440888595426},"geometry":{"type":"LineString","coordinates":[[-0.9437705,50.86024410000001],[-0.9437773,50.8603176]]}},
{"type":"Feature","properties":{"id":9086,"nach":0.55931959855632329},"geometry":{"type":"LineString","coordinates":[[-0.9437705,50.86024410000001],[-0.9436617,50.8596757]]}},
{"type":"Feature","properties":{"id":9088,"nach":0.51675734117335259},"geometry":{"type":"LineString","coordinates":[[-0.9437705,50.86024410000001],[-0.9441802,50.8601996],[-0.944498,50.8601269],[-0.9446996,50.8600419]]}},
{"type":"Feature","properties":{"id":9090,"nach":0.59561030260270542},"geometry":{"type":"LineString","coordinates":[[-0.9426912,50.8597389],[-0.9436617,50.8596757]]}},
{"type":"Feature","properties":{"id":9092,"nach":0.53608453535949885},"geometry":{"type":"LineString","coordinates":[[-0.9428589,50.860816],[-0.9426912,50.8597389]]}},
{"type":"Feature","properties":{"id":9097,"nach":0.59184331312439076},"geometry":{"type":"LineString","coordinates":[[-0.941771,50.8598025],[-0.9426912,50.8597389]]}},
{"type":"Feature","properties":{"id":46964,"nach":0.43887858830251592},"geometry":{"type":"LineString","coordinates":[[-0.94465,50.859996599999988],[-0.9446996,50.8600419]]}},
{"type":"Feature","properties":{"id":41327,"nach":0.43484527020111813},"geometry":{"type":"LineString","coordinates":[[-0.9449154,50.8603216],[-0.944965,50.8603005],[-0.9449693,50.8602633],[-0.9447509,50.860084],[-0.9446996,50.8600419]]}},
{"type":"Feature","properties":{"id":18998,"nach":0.65555877333171086},"geometry":{"type":"LineString","coordinates":[[-0.9420247,50.860867],[-0.9428589,50.860816]]}},
{"type":"Feature","properties":{"id":9108,"nach":0.66225815700291479},"geometry":{"type":"LineString","coordinates":[[-0.9431593,50.8607998],[-0.9428589,50.860816]]}},
{"type":"Feature","properties":{"id":41324,"nach":0.54656333032754467},"geometry":{"type":"LineString","coordinates":[[-0.9418367,50.8602152],[-0.941771,50.8598025]]}},
{"type":"Feature","properties":{"id":18404,"nach":0.57512555264912935},"geometry":{"type":"LineString","coordinates":[[-0.941041,50.859860500000011],[-0.941771,50.8598025]]}},
{"type":"Feature","properties":{"id":46952,"nach":0.65134258139151269},"geometry":{"type":"LineString","coordinates":[[-0.9418722,50.8608794],[-0.9420247,50.860867]]}},
{"type":"Feature","properties":{"id":19001,"nach":0.4556719171511846},"geometry":{"type":"LineString","coordinates":[[-0.9417339,50.8610322],[-0.9420247,50.860867]]}},
{"type":"Feature","properties":{"id":19592,"nach":0.64591941031926636},"geometry":{"type":"LineString","coordinates":[[-0.9439551,50.8607487],[-0.9431593,50.8607998]]}},
{"type":"Feature","properties":{"id":9187,"nach":0.57091392500974036},"geometry":{"type":"LineString","coordinates":[[-0.9433567,50.8618572],[-0.943185,50.860928700000017],[-0.9431593,50.8607998]]}},
{"type":"Feature","properties":{"id":46872,"nach":0.47110473497995475},"geometry":{"type":"LineString","coordinates":[[-0.9418424,50.8602522],[-0.9418514,50.8603108]]}},
{"type":"Feature","properties":{"id":46871,"nach":0.55041826688556184},"geometry":{"type":"LineString","coordinates":[[-0.9418424,50.8602522],[-0.9418367,50.8602152]]}},
{"type":"Feature","properties":{"id":46874,"nach":0.47048466025736813},"geometry":{"type":"LineString","coordinates":[[-0.9416961,50.8602617],[-0.9418424,50.8602522]]}},
{"type":"Feature","properties":{"id":46877,"nach":0.51023759696926063},"geometry":{"type":"LineString","coordinates":[[-0.9411495,50.8602804],[-0.941311,50.8602687],[-0.9413275,50.8602274],[-0.9418367,50.8602152]]}},
{"type":"Feature","properties":{"id":41321,"nach":0.61831154413689238},"geometry":{"type":"LineString","coordinates":[[-0.9407815,50.8598837],[-0.941041,50.859860500000011]]}},
{"type":"Feature","properties":{"id":46876,"nach":0.55640415620422867},"geometry":{"type":"LineString","coordinates":[[-0.9411495,50.8602804],[-0.9411408,50.8602115],[-0.941041,50.859860500000011]]}},
{"type":"Feature","properties":{"id":18992,"nach":0.35809110505271452},"geometry":{"type":"LineString","coordinates":[[-0.9412411,50.860828],[-0.9412538,50.860935200000014]]}},
{"type":"Feature","properties":{"id":19004,"nach":0.64221247449402219},"geometry":{"type":"LineString","coordinates":[[-0.9407387,50.860966],[-0.9412538,50.860935200000014]]}},
{"type":"Feature","properties":{"id":19006,"nach":0.64131760190576581},"geometry":{"type":"LineString","coordinates":[[-0.941476,50.8609086],[-0.9412538,50.860935200000014]]}},
{"type":"Feature","properties":{"id":46875,"nach":0.59170434446820996},"geometry":{"type":"LineString","coordinates":[[-0.9411495,50.8602804],[-0.9412411,50.860828]]}},
{"type":"Feature","properties":{"id":19014,"nach":0.56971197611440194},"geometry":{"type":"LineString","coordinates":[[-0.9414554,50.860814199999986],[-0.9412411,50.860828]]}},
{"type":"Feature","properties":{"id":19011,"nach":0.54270197358101979},"geometry":{"type":"LineString","coordinates":[[-0.9407304,50.8608586],[-0.9412411,50.860828]]}},
{"type":"Feature","properties":{"id":19005,"nach":0.68196636043134284},"geometry":{"type":"LineString","coordinates":[[-0.9407387,50.860966],[-0.9406283,50.8609726]]}},
{"type":"Feature","properties":{"id":19010,"nach":0.62139296851646164},"geometry":{"type":"LineString","coordinates":[[-0.9407304,50.8608586],[-0.9407387,50.860966]]}},
{"type":"Feature","properties":{"id":19007,"nach":0.64221541282059813},"geometry":{"type":"LineString","coordinates":[[-0.941476,50.8609086],[-0.9417071,50.8608928]]}},
{"type":"Feature","properties":{"id":19009,"nach":0.0},"geometry":{"type":"LineString","coordinates":[[-0.941476,50.8609086],[-0.9414779,50.8609555],[-0.941373,50.8609591],[-0.9413743,50.8609764],[-0.9416656,50.8610346],[-0.9417339,50.8610322]]}},
{"type":"Feature","properties":{"id":19013,"nach":0.50013858841299297},"geometry":{"type":"LineString","coordinates":[[-0.9414554,50.860814199999986],[-0.941476,50.8609086]]}},
{"type":"Feature","properties":{"id":19612,"nach":0.36946724694244504},"geometry":{"type":"LineString","coordinates":[[-0.9481852,50.8637392],[-0.9486541,50.8641913]]}},
{"type":"Feature","properties":{"id":9145,"nach":0.52017075493891307},"geometry":{"type":"LineString","coordinates":[[-0.9491702,50.8639809],[-0.9486541,50.8641913]]}},
{"type":"Feature","properties":{"id":9141,"nach":0.5329302754292452},"geometry":{"type":"LineString","coordinates":[[-0.9481876,50.8643907],[-0.9486541,50.8641913]]}},
{"type":"Feature","properties":{"id":19611,"nach":0.40908069626063426},"geometry":{"type":"LineString","coordinates":[[-0.9481852,50.8637392],[-0.9488057,50.8634705],[-0.9487186,50.8633903],[-0.9480941,50.8636607]]}},
{"type":"Feature","properties":{"id":18420,"nach":0.441992959168857},"geometry":{"type":"LineString","coordinates":[[-0.9494155,50.8641955],[-0.9491702,50.8639809]]}},
{"type":"Feature","properties":{"id":18414,"nach":0.52498844912675169},"geometry":{"type":"LineString","coordinates":[[-0.9493574,50.8638999],[-0.9491702,50.8639809]]}},
{"type":"Feature","properties":{"id":36698,"nach":0.59437516867195972},"geometry":{"type":"LineString","coordinates":[[-0.9480838,50.8642966],[-0.9481876,50.8643907]]}},
{"type":"Feature","properties":{"id":36681,"nach":0.59034028551579065},"geometry":{"type":"LineString","coordinates":[[-0.9480458,50.8646822],[-0.9480044,50.8646128],[-0.9480133,50.8645501],[-0.9480071,50.864511],[-0.9480525,50.8644521],[-0.9481876,50.8643907]]}},
{"type":"Feature","properties":{"id":9179,"nach":0.60207756114571465},"geometry":{"type":"LineString","coordinates":[[-0.9419049,50.8622473],[-0.9434469,50.8621613]]}},
{"type":"Feature","properties":{"id":9186,"nach":0.57512007774612217},"geometry":{"type":"LineString","coordinates":[[-0.9433567,50.8618572],[-0.9434469,50.8621613]]}},
{"type":"Feature","properties":{"id":19627,"nach":0.63698678732112957},"geometry":{"type":"LineString","coordinates":[[-0.9443094,50.8622357],[-0.9439113,50.862258],[-0.9436706,50.8622562],[-0.9435307,50.8622058],[-0.9434469,50.8621613]]}},
{"type":"Feature","properties":{"id":9190,"nach":0.5087680775465977},"geometry":{"type":"LineString","coordinates":[[-0.9418756,50.8619536],[-0.9419049,50.8622473]]}},
{"type":"Feature","properties":{"id":19520,"nach":0.61715921656462269},"geometry":{"type":"LineString","coordinates":[[-0.9406857,50.8623584],[-0.9413157,50.8623785],[-0.9413372,50.8624733],[-0.9415318,50.8624692],[-0.9416822,50.862429],[-0.9419049,50.8622473]]}},
{"type":"Feature","properties":{"id":9317,"nach":0.50270156927462417},"geometry":{"type":"LineString","coordinates":[[-0.9426157,50.861904],[-0.9433567,50.8618572]]}},
{"type":"Feature","properties":{"id":19625,"nach":0.60997369285281267},"geometry":{"type":"LineString","coordinates":[[-0.9443094,50.8622357],[-0.9448455,50.862212]]}},
{"type":"Feature","properties":{"id":19626,"nach":0.555431683572437},"geometry":{"type":"LineString","coordinates":[[-0.9443094,50.8622357],[-0.9443466,50.862507199999989],[-0.9442568,50.8629583]]}},
{"type":"Feature","properties":{"id":19628,"nach":0.58349007236293238},"geometry":{"type":"LineString","coordinates":[[-0.9440121,50.8610247],[-0.9439551,50.8607487]]}},
{"type":"Feature","properties":{"id":9314,"nach":0.58806800714575425},"geometry":{"type":"LineString","coordinates":[[-0.9447862,50.8610256],[-0.9448587,50.8610815],[-0.9451661,50.8613724]]}},
{"type":"Feature","properties":{"id":9313,"nach":0.58083794406444034},"geometry":{"type":"LineString","coordinates":[[-0.9447862,50.8610256],[-0.9443253,50.8610608]]}},
{"type":"Feature","properties":{"id":9302,"nach":0.65348325502315596},"geometry":{"type":"LineString","coordinates":[[-0.9454197,50.8617853],[-0.9455402,50.8621778]]}},
{"type":"Feature","properties":{"id":9130,"nach":0.61633080119425732},"geometry":{"type":"LineString","coordinates":[[-0.9448455,50.862212],[-0.9455402,50.8621778]]}},
{"type":"Feature","properties":{"id":19566,"nach":0.63801589943887049},"geometry":{"type":"LineString","coordinates":[[-0.9458613,50.8621587],[-0.9455402,50.8621778]]}},
{"type":"Feature","properties":{"id":9304,"nach":0.51606183127645822},"geometry":{"type":"LineString","coordinates":[[-0.9454197,50.8617853],[-0.9457832,50.8617918],[-0.9461574,50.8617]]}},
{"type":"Feature","properties":{"id":19601,"nach":0.64694584012884748},"geometry":{"type":"LineString","coordinates":[[-0.9453657,50.8616395],[-0.9454197,50.8617853]]}},
{"type":"Feature","properties":{"id":9306,"nach":0.39458377953302148},"geometry":{"type":"LineString","coordinates":[[-0.9444816,50.86174],[-0.9445356,50.861872],[-0.9449078,50.8618833],[-0.9454197,50.8617853]]}},
{"type":"Feature","properties":{"id":9132,"nach":0.59721283289558491},"geometry":{"type":"LineString","coordinates":[[-0.9448759,50.8625226],[-0.9448455,50.862212]]}},
{"type":"Feature","properties":{"id":19567,"nach":0.60770563295186042},"geometry":{"type":"LineString","coordinates":[[-0.9458613,50.8621587],[-0.945923,50.8621607],[-0.9462582,50.8622054],[-0.9464656,50.8622697]]}},
{"type":"Feature","properties":{"id":41465,"nach":0.56415174754682762},"geometry":{"type":"LineString","coordinates":[[-0.946046,50.8628708],[-0.9460433,50.8626995],[-0.945999,50.862671500000012],[-0.9459896,50.8625462],[-0.9458931,50.8625183],[-0.9458613,50.8621587]]}},
{"type":"Feature","properties":{"id":9118,"nach":0.45044981284549351},"geometry":{"type":"LineString","coordinates":[[-0.9470919,50.8620034],[-0.9468414,50.861775]]}},
{"type":"Feature","properties":{"id":18430,"nach":0.51993926219650832},"geometry":{"type":"LineString","coordinates":[[-0.9472381,50.861952],[-0.9470919,50.8620034]]}},
{"type":"Feature","properties":{"id":9121,"nach":0.51755936096775612},"geometry":{"type":"LineString","coordinates":[[-0.9464656,50.8622697],[-0.9470919,50.8620034]]}},
{"type":"Feature","properties":{"id":18428,"nach":0.63045766709025131},"geometry":{"type":"LineString","coordinates":[[-0.9472381,50.861952],[-0.9471686,50.8615512]]}},
{"type":"Feature","properties":{"id":19634,"nach":0.62123964149408584},"geometry":{"type":"LineString","coordinates":[[-0.9476773,50.862338],[-0.9472381,50.861952]]}},
{"type":"Feature","properties":{"id":19615,"nach":0.59276155546103459},"geometry":{"type":"LineString","coordinates":[[-0.946964,50.8626435],[-0.9466153,50.8623477],[-0.9464656,50.8622697]]}},
{"type":"Feature","properties":{"id":19616,"nach":0.59031454213727885},"geometry":{"type":"LineString","coordinates":[[-0.9470325,50.8627026],[-0.946964,50.8626435]]}},
{"type":"Feature","properties":{"id":32403,"nach":0.40442859589397978},"geometry":{"type":"LineString","coordinates":[[-0.9476611,50.8623444],[-0.9476373,50.86232230000001],[-0.9473522,50.862447],[-0.9473689,50.8624653],[-0.946964,50.8626435]]}},
{"type":"Feature","properties":{"id":46955,"nach":0.45012076763223607},"geometry":{"type":"LineString","coordinates":[[-0.9452504,50.861032599999987],[-0.9451907,50.8609678]]}},
{"type":"Feature","properties":{"id":46957,"nach":0.52896614780930495},"geometry":{"type":"LineString","coordinates":[[-0.9452504,50.861032599999987],[-0.945366,50.861158],[-0.945354,50.8612333],[-0.9452739,50.8613102],[-0.9451661,50.8613724]]}},
{"type":"Feature","properties":{"id":46956,"nach":0.44901232050191431},"geometry":{"type":"LineString","coordinates":[[-0.9452504,50.861032599999987],[-0.9453835,50.8609687]]}},
{"type":"Feature","properties":{"id":13467,"nach":0.38997768444841491},"geometry":{"type":"LineString","coordinates":[[-0.9445905,50.8614537],[-0.9451661,50.8613724]]}},
{"type":"Feature","properties":{"id":19602,"nach":0.58910232541700791},"geometry":{"type":"LineString","coordinates":[[-0.9453657,50.8616395],[-0.945304,50.8615122],[-0.9451661,50.8613724]]}},
{"type":"Feature","properties":{"id":13468,"nach":0.37269935809984384},"geometry":{"type":"LineString","coordinates":[[-0.9445905,50.8614537],[-0.9446202,50.8615998],[-0.9444816,50.86174]]}},
{"type":"Feature","properties":{"id":13469,"nach":0.45029967716253044},"geometry":{"type":"LineString","coordinates":[[-0.9445905,50.8614537],[-0.944387,50.861329],[-0.9443383,50.86116],[-0.9443281,50.8610821],[-0.9443253,50.8610608]]}},
{"type":"Feature","properties":{"id":19623,"nach":0.60571575204945305},"geometry":{"type":"LineString","coordinates":[[-0.9458004,50.8612647],[-0.9455777,50.861325700000023],[-0.9454705,50.8613814],[-0.9453657,50.8616395]]}},
{"type":"Feature","properties":{"id":19633,"nach":0.52420207115291551},"geometry":{"type":"LineString","coordinates":[[-0.9447112,50.8629578],[-0.9447346,50.8628611],[-0.9448759,50.8625226]]}},
{"type":"Feature","properties":{"id":9152,"nach":0.5571558870248392},"geometry":{"type":"LineString","coordinates":[[-0.9452699,50.8626044],[-0.9452653,50.8625225],[-0.9448759,50.8625226]]}},
{"type":"Feature","properties":{"id":19632,"nach":0.56559928212322297},"geometry":{"type":"LineString","coordinates":[[-0.9447112,50.8629578],[-0.9446946,50.8630136],[-0.9447431,50.8632017]]}},
{"type":"Feature","properties":{"id":19631,"nach":0.55890457253957293},"geometry":{"type":"LineString","coordinates":[[-0.9447112,50.8629578],[-0.9442568,50.8629583]]}},
{"type":"Feature","properties":{"id":19565,"nach":0.45903489057073532},"geometry":{"type":"LineString","coordinates":[[-0.9458515,50.8628693],[-0.9458431,50.8626505],[-0.9457898,50.8625936],[-0.9452699,50.8626044]]}},
{"type":"Feature","properties":{"id":18419,"nach":0.52598626780926272},"geometry":{"type":"LineString","coordinates":[[-0.9452548,50.862941],[-0.9452522,50.86285],[-0.9452708,50.8628163],[-0.9452699,50.8626044]]}},
{"type":"Feature","properties":{"id":13478,"nach":0.53019882840255372},"geometry":{"type":"LineString","coordinates":[[-0.9476715,50.8632724],[-0.9467652,50.8635312]]}},
{"type":"Feature","properties":{"id":19583,"nach":0.61455324380307541},"geometry":{"type":"LineString","coordinates":[[-0.9468872,50.8638315],[-0.9467652,50.8635312]]}},
{"type":"Feature","properties":{"id":9155,"nach":0.59667815918058154},"geometry":{"type":"LineString","coordinates":[[-0.9458535,50.8635398],[-0.9463665,50.8635603],[-0.9467652,50.8635312]]}},
{"type":"Feature","properties":{"id":19598,"nach":0.61579465966774283},"geometry":{"type":"LineString","coordinates":[[-0.9476913,50.8632918],[-0.9476715,50.8632724]]}},
{"type":"Feature","properties":{"id":19608,"nach":0.6318402114530588},"geometry":{"type":"LineString","coordinates":[[-0.9475838,50.8631903],[-0.9476715,50.8632724]]}},
{"type":"Feature","properties":{"id":19584,"nach":0.57597969884904854},"geometry":{"type":"LineString","coordinates":[[-0.9468872,50.8638315],[-0.9469899,50.8641389]]}},
{"type":"Feature","properties":{"id":36701,"nach":0.55818141088763873},"geometry":{"type":"LineString","coordinates":[[-0.9469365,50.863813],[-0.9468872,50.8638315]]}},
{"type":"Feature","properties":{"id":19560,"nach":0.55475642154973726},"geometry":{"type":"LineString","coordinates":[[-0.9458535,50.8632723],[-0.9458535,50.8635398]]}},
{"type":"Feature","properties":{"id":19552,"nach":0.54539309339459452},"geometry":{"type":"LineString","coordinates":[[-0.945135,50.8634582],[-0.945202,50.863476099999986],[-0.9458535,50.8635398]]}},
{"type":"Feature","properties":{"id":36704,"nach":0.44831151524030427},"geometry":{"type":"LineString","coordinates":[[-0.9472584,50.8644977],[-0.9470976,50.8645144]]}},
{"type":"Feature","properties":{"id":37101,"nach":0.60305522173613335},"geometry":{"type":"LineString","coordinates":[[-0.9464588,50.864928100000014],[-0.9466056,50.8646991],[-0.9467132,50.86457260000001],[-0.9468301,50.8645379],[-0.9470976,50.8645144]]}},
{"type":"Feature","properties":{"id":19582,"nach":0.60633137493483213},"geometry":{"type":"LineString","coordinates":[[-0.9469899,50.8641389],[-0.9470711,50.8644001],[-0.9470976,50.8645144]]}},
{"type":"Feature","properties":{"id":37099,"nach":0.50816025833515266},"geometry":{"type":"LineString","coordinates":[[-0.9464588,50.864928100000014],[-0.9470062,50.8648293],[-0.9472996,50.864827],[-0.9474917,50.86479030000001],[-0.9476243,50.8647639],[-0.9477503,50.864745400000011],[-0.9478986,50.8647109],[-0.9480458,50.8646822]]}},
{"type":"Feature","properties":{"id":37100,"nach":0.6170162118906426},"geometry":{"type":"LineString","coordinates":[[-0.9464588,50.864928100000014],[-0.9463235,50.864978],[-0.9460523,50.8650656],[-0.9459293,50.8651271],[-0.9457359,50.865190600000012],[-0.9453806,50.8653109],[-0.945294,50.8655683],[-0.9452192,50.8657419],[-0.945164,50.8658809],[-0.9451867,50.8660087],[-0.9452107,50.866108]]}},
{"type":"Feature","properties":{"id":36695,"nach":0.53884695705521668},"geometry":{"type":"LineString","coordinates":[[-0.947051,50.8641148],[-0.9469899,50.8641389]]}},
{"type":"Feature","properties":{"id":36700,"nach":0.52175079088202114},"geometry":{"type":"LineString","coordinates":[[-0.9480838,50.8642966],[-0.9479534,50.8643524],[-0.9476431,50.8640699],[-0.9474836,50.8639207]]}},
{"type":"Feature","properties":{"id":41459,"nach":0.5636783392707877},"geometry":{"type":"LineString","coordinates":[[-0.947831,50.8639294],[-0.9477331,50.8639768],[-0.947777,50.8640178],[-0.947788,50.8640278],[-0.9480838,50.8642966]]}},
{"type":"Feature","properties":{"id":36740,"nach":0.57976665157239438},"geometry":{"type":"LineString","coordinates":[[-0.9481248,50.8648875],[-0.9480458,50.8646822]]}},
{"type":"Feature","properties":{"id":19636,"nach":0.49418968909906758},"geometry":{"type":"LineString","coordinates":[[-0.9476773,50.862338],[-0.9476973,50.8623571],[-0.9478938,50.8625292],[-0.9483432,50.8629508],[-0.9493574,50.8638999]]}},
{"type":"Feature","properties":{"id":37021,"nach":0.48510463803666026},"geometry":{"type":"LineString","coordinates":[[-0.9530763,50.8671544],[-0.9530387,50.8670834],[-0.9529735,50.8669911],[-0.9528554,50.8668329],[-0.9527664,50.8667231],[-0.9526149,50.866586400000017],[-0.952382,50.866396],[-0.9521733,50.8662346],[-0.9520279,50.8661174],[-0.9519319,50.8660362],[-0.9517586,50.8658796],[-0.9516667,50.8658023],[-0.9515402,50.865695299999985],[-0.9513841,50.8655505],[-0.9512504,50.8654266],[-0.9510203,50.8652122],[-0.9508323,50.8650458],[-0.950589,50.8648146],[-0.9503547,50.8646015],[-0.9501306,50.8643982],[-0.9499207,50.8642015],[-0.9498117,50.8640977],[-0.9495,50.8640347],[-0.9493574,50.8638999]]}},
{"type":"Feature","properties":{"id":9148,"nach":0.44383535699206372},"geometry":{"type":"LineString","coordinates":[[-0.9473089,50.8629521],[-0.9476817,50.862776899999986]]}},
{"type":"Feature","properties":{"id":32400,"nach":0.63978701982775776},"geometry":{"type":"LineString","coordinates":[[-0.9472115,50.8628608],[-0.9473089,50.8629521]]}},
{"type":"Feature","properties":{"id":32396,"nach":0.63558426716240202},"geometry":{"type":"LineString","coordinates":[[-0.947387,50.8630199],[-0.9473089,50.8629521]]}},
{"type":"Feature","properties":{"id":32399,"nach":0.64297597913463711},"geometry":{"type":"LineString","coordinates":[[-0.9472115,50.8628608],[-0.9470591,50.8627324]]}},
{"type":"Feature","properties":{"id":32401,"nach":0.0},"geometry":{"type":"LineString","coordinates":[[-0.9472115,50.8628608],[-0.9478442,50.862596],[-0.9480028,50.8627431],[-0.947387,50.8630199]]}},
{"type":"Feature","properties":{"id":32397,"nach":0.63338894552545055},"geometry":{"type":"LineString","coordinates":[[-0.947387,50.8630199],[-0.9475838,50.8631903]]}},
{"type":"Feature","properties":{"id":41470,"nach":0.57492957315385984},"geometry":{"type":"LineString","coordinates":[[-0.945849,50.8629059],[-0.9458515,50.8628693]]}},
{"type":"Feature","properties":{"id":41463,"nach":0.57487462623124608},"geometry":{"type":"LineString","coordinates":[[-0.946046,50.8628708],[-0.9458515,50.8628693]]}},
{"type":"Feature","properties":{"id":19569,"nach":0.49274223482768742},"geometry":{"type":"LineString","coordinates":[[-0.945264,50.8631946],[-0.9452548,50.862941]]}},
{"type":"Feature","properties":{"id":41472,"nach":0.49480856114439004},"geometry":{"type":"LineString","coordinates":[[-0.945331,50.8629395],[-0.9452548,50.862941]]}},
{"type":"Feature","properties":{"id":41478,"nach":0.54626550107646177},"geometry":{"type":"LineString","coordinates":[[-0.9458523,50.8630044],[-0.9458535,50.8632723]]}},
{"type":"Feature","properties":{"id":19571,"nach":0.44207149340091595},"geometry":{"type":"LineString","coordinates":[[-0.945264,50.8631946],[-0.9453498,50.8632284],[-0.9455107,50.8632318],[-0.9455751,50.8632724],[-0.9458535,50.8632723]]}},
{"type":"Feature","properties":{"id":19550,"nach":0.55021723407702738},"geometry":{"type":"LineString","coordinates":[[-0.945135,50.8634582],[-0.9449188,50.8633842]]}},
{"type":"Feature","properties":{"id":19551,"nach":0.40185722349318131},"geometry":{"type":"LineString","coordinates":[[-0.945135,50.8634582],[-0.9451263,50.863194900000011]]}},
{"type":"Feature","properties":{"id":30630,"nach":0.60407793911569474},"geometry":{"type":"LineString","coordinates":[[-0.9412532,50.8652759],[-0.9413746,50.8652415]]}},
{"type":"Feature","properties":{"id":9294,"nach":0.62242565464516209},"geometry":{"type":"LineString","coordinates":[[-0.9411974,50.8646382],[-0.9413355,50.8651545],[-0.9413746,50.8652415]]}},
{"type":"Feature","properties":{"id":31250,"nach":0.64124023108635553},"geometry":{"type":"LineString","coordinates":[[-0.9419562,50.8660088],[-0.9418287,50.8658799],[-0.9413746,50.8652415]]}},
{"type":"Feature","properties":{"id":30631,"nach":0.58479332434325126},"geometry":{"type":"LineString","coordinates":[[-0.9412532,50.8652759],[-0.9404286,50.865525],[-0.9386277,50.865482700000015]]}},
{"type":"Feature","properties":{"id":30635,"nach":0.47097773496595402},"geometry":{"type":"LineString","coordinates":[[-0.9393804,50.868066900000017],[-0.939596,50.8680425],[-0.9398273,50.867907499999987],[-0.9400956,50.867741600000016],[-0.9402297,50.8676655],[-0.940455,50.8674285],[-0.940575,50.8672046],[-0.9408057,50.8669439],[-0.9411309,50.8666887],[-0.9413019,50.866559599999988],[-0.9413963,50.8663705],[-0.9414365,50.8662469],[-0.941383,50.8658711],[-0.9413374,50.86560870000001],[-0.9412532,50.8652759]]}},
{"type":"Feature","properties":{"id":9293,"nach":0.62695907496661085},"geometry":{"type":"LineString","coordinates":[[-0.9411974,50.8646382],[-0.94108660000001,50.8642914]]}},
{"type":"Feature","properties":{"id":9296,"nach":0.49073614566172968},"geometry":{"type":"LineString","coordinates":[[-0.9419865,50.86453190000001],[-0.9415454,50.8646036],[-0.9413473,50.8646362],[-0.9411974,50.8646382]]}},
{"type":"Feature","properties":{"id":31251,"nach":0.49260403795782942},"geometry":{"type":"LineString","coordinates":[[-0.9419562,50.8660088],[-0.9421489,50.8660064],[-0.9422848,50.8660383],[-0.9426839,50.8659595],[-0.9426159,50.8656711],[-0.9426308,50.8655852]]}},
{"type":"Feature","properties":{"id":36992,"nach":0.64675543464556484},"geometry":{"type":"LineString","coordinates":[[-0.9423522,50.8664092],[-0.9419562,50.8660088]]}},
{"type":"Feature","properties":{"id":9163,"nach":0.63891087425439796},"geometry":{"type":"LineString","coordinates":[[-0.9407736,50.8629162],[-0.9410093,50.8639006]]}},
{"type":"Feature","properties":{"id":9263,"nach":0.6325560762989918},"geometry":{"type":"LineString","coordinates":[[-0.94108660000001,50.8642914],[-0.9410093,50.8639006]]}},
{"type":"Feature","properties":{"id":9176,"nach":0.5776532508859018},"geometry":{"type":"LineString","coordinates":[[-0.9422844,50.863804],[-0.9410093,50.8639006]]}},
{"type":"Feature","properties":{"id":9261,"nach":0.59421821264833441},"geometry":{"type":"LineString","coordinates":[[-0.9391256,50.8631614],[-0.9407736,50.8629162]]}},
{"type":"Feature","properties":{"id":19519,"nach":0.64269616235181792},"geometry":{"type":"LineString","coordinates":[[-0.9406857,50.8623584],[-0.9407736,50.8629162]]}},
{"type":"Feature","properties":{"id":41383,"nach":0.53698608534582903},"geometry":{"type":"LineString","coordinates":[[-0.9403332,50.8643232],[-0.940644,50.8643035],[-0.9409726,50.8642984],[-0.94108660000001,50.8642914]]}},
{"type":"Feature","properties":{"id":9178,"nach":0.52273148739782538},"geometry":{"type":"LineString","coordinates":[[-0.9422844,50.863804],[-0.9421293,50.86308480000001]]}},
{"type":"Feature","properties":{"id":41378,"nach":0.50706212374339799},"geometry":{"type":"LineString","coordinates":[[-0.9434265,50.8637146],[-0.9422844,50.863804]]}},
{"type":"Feature","properties":{"id":46916,"nach":0.59249671677056293},"geometry":{"type":"LineString","coordinates":[[-0.9391722,50.863331800000012],[-0.9391256,50.8631614]]}},
{"type":"Feature","properties":{"id":18529,"nach":0.56421376583520277},"geometry":{"type":"LineString","coordinates":[[-0.9390661,50.8628083],[-0.9391256,50.8631614]]}},
{"type":"Feature","properties":{"id":19531,"nach":0.64078095430962656},"geometry":{"type":"LineString","coordinates":[[-0.9406583,50.8622061],[-0.9406857,50.8623584]]}},
{"type":"Feature","properties":{"id":18431,"nach":0.48219965952022459},"geometry":{"type":"LineString","coordinates":[[-0.9405758,50.8605435],[-0.9406283,50.8609726]]}},
{"type":"Feature","properties":{"id":19541,"nach":0.60858481239550644},"geometry":{"type":"LineString","coordinates":[[-0.9392882,50.8623316],[-0.9398633,50.8622989],[-0.9398499,50.8622575],[-0.9406583,50.8622061]]}},
{"type":"Feature","properties":{"id":9174,"nach":0.42705068281982006},"geometry":{"type":"LineString","coordinates":[[-0.9421293,50.86308480000001],[-0.9419961,50.8630665]]}},
{"type":"Feature","properties":{"id":9173,"nach":0.46901919227601185},"geometry":{"type":"LineString","coordinates":[[-0.9421293,50.86308480000001],[-0.9437374,50.8629638]]}},
{"type":"Feature","properties":{"id":41374,"nach":0.39049962496570195},"geometry":{"type":"LineString","coordinates":[[-0.9437278,50.8629086],[-0.9437374,50.8629638]]}},
{"type":"Feature","properties":{"id":41375,"nach":0.39049962496570195},"geometry":{"type":"LineString","coordinates":[[-0.9437479,50.8630237],[-0.9437374,50.8629638]]}},
{"type":"Feature","properties":{"id":41379,"nach":0.42778316464754462},"geometry":{"type":"LineString","coordinates":[[-0.9434265,50.8637146],[-0.943415,50.8636509]]}},
{"type":"Feature","properties":{"id":41380,"nach":0.42778316464754462},"geometry":{"type":"LineString","coordinates":[[-0.9434265,50.8637146],[-0.9434391,50.8637846]]}},
{"type":"Feature","properties":{"id":9316,"nach":0.50359779645668556},"geometry":{"type":"LineString","coordinates":[[-0.9426157,50.861904],[-0.9418756,50.8619536]]}},
{"type":"Feature","properties":{"id":19000,"nach":0.50463219282436067},"geometry":{"type":"LineString","coordinates":[[-0.9417339,50.8610322],[-0.9418756,50.8619536]]}},
{"type":"Feature","properties":{"id":18999,"nach":0.49795991467097528},"geometry":{"type":"LineString","coordinates":[[-0.9417339,50.8610322],[-0.9417071,50.8608928]]}},
{"type":"Feature","properties":{"id":46951,"nach":0.6304840803264079},"geometry":{"type":"LineString","coordinates":[[-0.9418722,50.8608794],[-0.9417071,50.8608928]]}},
{"type":"Feature","properties":{"id":46953,"nach":0.55516444972136325},"geometry":{"type":"LineString","coordinates":[[-0.9418722,50.8608794],[-0.941857,50.860828100000013],[-0.9414554,50.860814199999986]]}},
{"type":"Feature","properties":{"id":9318,"nach":0.46295835765492283},"geometry":{"type":"LineString","coordinates":[[-0.9426157,50.861904],[-0.9425709,50.8616921],[-0.9427193,50.8615544],[-0.9426798,50.86133920000001]]}},
{"type":"Feature","properties":{"id":30350,"nach":0.6308145105346149},"geometry":{"type":"LineString","coordinates":[[-0.9363896,50.8638271],[-0.9364161,50.8638493]]}},
{"type":"Feature","properties":{"id":9269,"nach":0.6017899667618084},"geometry":{"type":"LineString","coordinates":[[-0.9369396,50.8638223],[-0.9364161,50.8638493]]}},
{"type":"Feature","properties":{"id":32764,"nach":0.57396496606743208},"geometry":{"type":"LineString","coordinates":[[-0.936904,50.8650966],[-0.9367137,50.8645733],[-0.9364161,50.8638493]]}},
{"type":"Feature","properties":{"id":30351,"nach":0.48506048025479487},"geometry":{"type":"LineString","coordinates":[[-0.9363896,50.8638271],[-0.9361736,50.863904],[-0.9352493,50.864005]]}},
{"type":"Feature","properties":{"id":30550,"nach":0.62254537070860982},"geometry":{"type":"LineString","coordinates":[[-0.9361173,50.8636104],[-0.9363896,50.8638271]]}},
{"type":"Feature","properties":{"id":9270,"nach":0.56165422763367445},"geometry":{"type":"LineString","coordinates":[[-0.9369396,50.8638223],[-0.9374805,50.8638064],[-0.9375355,50.8638114]]}},
{"type":"Feature","properties":{"id":9274,"nach":0.57791251826382528},"geometry":{"type":"LineString","coordinates":[[-0.9380459,50.8650207],[-0.937651,50.8650857],[-0.9374507,50.8650239],[-0.9371772,50.8645422],[-0.9369396,50.8638223]]}},
{"type":"Feature","properties":{"id":30549,"nach":0.57531248930606438},"geometry":{"type":"LineString","coordinates":[[-0.9361173,50.8636104],[-0.9357758,50.8633132]]}},
{"type":"Feature","properties":{"id":28929,"nach":0.61464342959023288},"geometry":{"type":"LineString","coordinates":[[-0.9356206,50.8631747],[-0.935656,50.8632125],[-0.9357758,50.8633132]]}},
{"type":"Feature","properties":{"id":18518,"nach":0.55825144579006492},"geometry":{"type":"LineString","coordinates":[[-0.9367235,50.8632019],[-0.9359333,50.8632458],[-0.9357758,50.8633132]]}},
{"type":"Feature","properties":{"id":46906,"nach":0.57829190534185404},"geometry":{"type":"LineString","coordinates":[[-0.9355031,50.8634551],[-0.9355999,50.8634603],[-0.9356923,50.8635212],[-0.9358841,50.863583],[-0.9359807,50.863616899999982],[-0.9361173,50.8636104]]}},
{"type":"Feature","properties":{"id":28928,"nach":0.63505066861456638},"geometry":{"type":"LineString","coordinates":[[-0.9356206,50.8631747],[-0.9355146,50.8627854]]}},
{"type":"Feature","properties":{"id":46910,"nach":0.62326217420785668},"geometry":{"type":"LineString","coordinates":[[-0.935396,50.8632959],[-0.9354225,50.8632945],[-0.9355526,50.8632438],[-0.9356206,50.8631747]]}},
{"type":"Feature","properties":{"id":18520,"nach":0.56442821422901768},"geometry":{"type":"LineString","coordinates":[[-0.937165,50.8631822],[-0.9367235,50.8632019]]}},
{"type":"Feature","properties":{"id":18534,"nach":0.4364281063777839},"geometry":{"type":"LineString","coordinates":[[-0.9365773,50.8624795],[-0.9366556,50.862961],[-0.9367172,50.8629822],[-0.9367235,50.8632019]]}},
{"type":"Feature","properties":{"id":28269,"nach":0.65890868818433668},"geometry":{"type":"LineString","coordinates":[[-0.9352849,50.862298800000012],[-0.9353775,50.8624571]]}},
{"type":"Feature","properties":{"id":28271,"nach":0.63622800943981517},"geometry":{"type":"LineString","coordinates":[[-0.9355146,50.8627854],[-0.9353775,50.8624571]]}},
{"type":"Feature","properties":{"id":18532,"nach":0.61241299225722001},"geometry":{"type":"LineString","coordinates":[[-0.9365773,50.8624795],[-0.9353775,50.8624571]]}},
{"type":"Feature","properties":{"id":28268,"nach":0.65954953658394078},"geometry":{"type":"LineString","coordinates":[[-0.9352849,50.862298800000012],[-0.9350719,50.8620683]]}},
{"type":"Feature","properties":{"id":28273,"nach":0.0},"geometry":{"type":"LineString","coordinates":[[-0.9355146,50.8627854],[-0.9353777,50.8627976],[-0.9352676,50.8627681],[-0.9352309,50.8626502],[-0.9351708,50.8625238],[-0.9351208,50.8624564],[-0.9350874,50.8623995],[-0.9351007,50.8623574],[-0.9351908,50.86233210000001],[-0.9352849,50.862298800000012]]}},
{"type":"Feature","properties":{"id":18533,"nach":0.60544004473431279},"geometry":{"type":"LineString","coordinates":[[-0.9365773,50.8624795],[-0.9368394,50.8624695],[-0.9370615,50.8624217]]}},
{"type":"Feature","properties":{"id":27634,"nach":0.66505970798753045},"geometry":{"type":"LineString","coordinates":[[-0.9350592,50.862053],[-0.9350719,50.8620683]]}},
{"type":"Feature","properties":{"id":36624,"nach":0.51705512265200304},"geometry":{"type":"LineString","coordinates":[[-0.9379285,50.8619038],[-0.9355833,50.8620529],[-0.9353769,50.8619911],[-0.9352715,50.8619943],[-0.9350719,50.8620683]]}},
{"type":"Feature","properties":{"id":41433,"nach":0.654690727470433},"geometry":{"type":"LineString","coordinates":[[-0.9349896,50.8620115],[-0.9350592,50.862053]]}},
{"type":"Feature","properties":{"id":29688,"nach":0.53508068042312018},"geometry":{"type":"LineString","coordinates":[[-0.934597,50.86146870000001],[-0.9348393,50.8616466],[-0.9349296,50.8617014],[-0.935069,50.8618843],[-0.9351549,50.8620113],[-0.9350592,50.862053]]}},
{"type":"Feature","properties":{"id":36622,"nach":0.43812695666314061},"geometry":{"type":"LineString","coordinates":[[-0.9379285,50.8619038],[-0.938053,50.8618972]]}},
{"type":"Feature","properties":{"id":36625,"nach":0.43655236298875538},"geometry":{"type":"LineString","coordinates":[[-0.9378854,50.8616847],[-0.9379285,50.8619038]]}},
{"type":"Feature","properties":{"id":46912,"nach":0.51988098868483457},"geometry":{"type":"LineString","coordinates":[[-0.9392135,50.8634972],[-0.939304,50.8639153],[-0.9392788,50.8639537],[-0.9392308,50.8639741],[-0.939173,50.8639849],[-0.9382799,50.8641104],[-0.9382141,50.8641115],[-0.9381631,50.86409530000001],[-0.9375839,50.8638258],[-0.9375355,50.8638114]]}},
{"type":"Feature","properties":{"id":18522,"nach":0.4863867837022558},"geometry":{"type":"LineString","coordinates":[[-0.937165,50.8631822],[-0.937225,50.8631845],[-0.9372764,50.86319240000001],[-0.9373174,50.8631981],[-0.9373549,50.8632086],[-0.9373975,50.86324],[-0.9374179,50.863271],[-0.9375528,50.863637],[-0.9375583,50.8636671],[-0.9375584,50.863695],[-0.9375355,50.8638114]]}},
{"type":"Feature","properties":{"id":46911,"nach":0.5472378710323812},"geometry":{"type":"LineString","coordinates":[[-0.9392135,50.8634972],[-0.9391991,50.8634304]]}},
{"type":"Feature","properties":{"id":46914,"nach":0.45729473315866392},"geometry":{"type":"LineString","coordinates":[[-0.9383873,50.863422800000016],[-0.9384259,50.8635528],[-0.938457,50.8635706],[-0.9385266,50.8635444],[-0.9392135,50.8634972]]}},
{"type":"Feature","properties":{"id":18536,"nach":0.57823719671241058},"geometry":{"type":"LineString","coordinates":[[-0.9371183,50.8629255],[-0.937165,50.8631822]]}},
{"type":"Feature","properties":{"id":19538,"nach":0.60001899014169735},"geometry":{"type":"LineString","coordinates":[[-0.9389607,50.8623567],[-0.9388043,50.8622734]]}},
{"type":"Feature","properties":{"id":19528,"nach":0.60335843790376764},"geometry":{"type":"LineString","coordinates":[[-0.9386408,50.8622175],[-0.9388043,50.8622734]]}},
{"type":"Feature","properties":{"id":30885,"nach":0.40938221722316065},"geometry":{"type":"LineString","coordinates":[[-0.9390885,50.86200680000001],[-0.9388043,50.8622734]]}},
{"type":"Feature","properties":{"id":19558,"nach":0.58557109210814628},"geometry":{"type":"LineString","coordinates":[[-0.9390597,50.8627774],[-0.9389607,50.8623567]]}},
{"type":"Feature","properties":{"id":19540,"nach":0.60105711883592972},"geometry":{"type":"LineString","coordinates":[[-0.9392882,50.8623316],[-0.9389607,50.8623567]]}},
{"type":"Feature","properties":{"id":19530,"nach":0.61195867533978388},"geometry":{"type":"LineString","coordinates":[[-0.9386408,50.8622175],[-0.9385425,50.8622138],[-0.93786,50.8622557]]}},
{"type":"Feature","properties":{"id":19529,"nach":0.58388174257068826},"geometry":{"type":"LineString","coordinates":[[-0.9386408,50.8622175],[-0.9386134,50.8620306]]}},
{"type":"Feature","properties":{"id":30884,"nach":0.33837817859209385},"geometry":{"type":"LineString","coordinates":[[-0.9390885,50.86200680000001],[-0.9386134,50.8620306]]}},
{"type":"Feature","properties":{"id":30886,"nach":0.42766250699325392},"geometry":{"type":"LineString","coordinates":[[-0.9390885,50.86200680000001],[-0.9392116,50.8619985],[-0.9392882,50.8623316]]}},
{"type":"Feature","properties":{"id":46915,"nach":0.56918640134102783},"geometry":{"type":"LineString","coordinates":[[-0.9391722,50.863331800000012],[-0.9391991,50.8634304]]}},
{"type":"Feature","properties":{"id":46918,"nach":0.46536226947044201},"geometry":{"type":"LineString","coordinates":[[-0.9385815,50.863379800000011],[-0.9391722,50.863331800000012]]}},
{"type":"Feature","properties":{"id":18531,"nach":0.56134268546551325},"geometry":{"type":"LineString","coordinates":[[-0.9390661,50.8628083],[-0.9387263,50.8628324],[-0.9387156,50.8628053],[-0.9381791,50.8628409],[-0.9379686,50.8628286]]}},
{"type":"Feature","properties":{"id":19557,"nach":0.57906466217916119},"geometry":{"type":"LineString","coordinates":[[-0.9390597,50.8627774],[-0.9390661,50.8628083]]}},
{"type":"Feature","properties":{"id":41381,"nach":0.45774682889751761},"geometry":{"type":"LineString","coordinates":[[-0.9403332,50.8643232],[-0.9402321,50.8643295]]}},
{"type":"Feature","properties":{"id":41384,"nach":0.4567806977355709},"geometry":{"type":"LineString","coordinates":[[-0.9403396,50.8644135],[-0.9403332,50.8643232]]}},
{"type":"Feature","properties":{"id":32111,"nach":0.44093287947508897},"geometry":{"type":"LineString","coordinates":[[-0.9393941,50.8648402],[-0.9393846,50.8647815]]}},
{"type":"Feature","properties":{"id":32110,"nach":0.42715980799629427},"geometry":{"type":"LineString","coordinates":[[-0.9397548,50.8643814],[-0.9393954,50.864433],[-0.9393404,50.8644842],[-0.9393846,50.8647815]]}},
{"type":"Feature","properties":{"id":9281,"nach":0.51511552495691981},"geometry":{"type":"LineString","coordinates":[[-0.9384454,50.864969],[-0.9385553,50.8648868],[-0.9386433,50.86484260000001],[-0.9387232,50.8648176],[-0.9388322,50.8647979],[-0.9393846,50.8647815]]}},
{"type":"Feature","properties":{"id":9279,"nach":0.57458093605160188},"geometry":{"type":"LineString","coordinates":[[-0.9384454,50.864969],[-0.938356,50.8649657],[-0.9382676,50.8649804],[-0.9380459,50.8650207]]}},
{"type":"Feature","properties":{"id":9280,"nach":0.57016222809141215},"geometry":{"type":"LineString","coordinates":[[-0.9384454,50.864969],[-0.9385122,50.8649904],[-0.9385683,50.8650397],[-0.9386133,50.8650953]]}},
{"type":"Feature","properties":{"id":9273,"nach":0.44667097097888925},"geometry":{"type":"LineString","coordinates":[[-0.9380459,50.8650207],[-0.9378499,50.864609900000012]]}},
{"type":"Feature","properties":{"id":18475,"nach":0.5694577068141331},"geometry":{"type":"LineString","coordinates":[[-0.9386277,50.865482700000015],[-0.9386133,50.8650953]]}},
{"type":"Feature","properties":{"id":19543,"nach":0.44331041631168688},"geometry":{"type":"LineString","coordinates":[[-0.9396474,50.8651549],[-0.9386133,50.8650953]]}},
{"type":"Feature","properties":{"id":30652,"nach":0.54894927924465431},"geometry":{"type":"LineString","coordinates":[[-0.9385175,50.865481],[-0.9386277,50.865482700000015]]}},
{"type":"Feature","properties":{"id":18424,"nach":0.43616095432426827},"geometry":{"type":"LineString","coordinates":[[-0.9408394,50.8581365],[-0.9410388,50.8580917],[-0.9408566,50.8577578],[-0.9407658,50.8576492]]}},
{"type":"Feature","properties":{"id":9288,"nach":0.43616095432426827},"geometry":{"type":"LineString","coordinates":[[-0.9405102,50.8581066],[-0.9403551,50.8577798],[-0.9407104,50.8576944],[-0.9407658,50.8576492]]}},
{"type":"Feature","properties":{"id":30708,"nach":0.61060104020042694},"geometry":{"type":"LineString","coordinates":[[-0.9405364,50.85706],[-0.9408106,50.8569898]]}},
{"type":"Feature","properties":{"id":30710,"nach":0.44814278714504252},"geometry":{"type":"LineString","coordinates":[[-0.9405364,50.85706],[-0.9404947,50.8570026],[-0.9404839,50.8569704],[-0.9405081,50.856901],[-0.9406341,50.8568248],[-0.9409407,50.8567093]]}},
{"type":"Feature","properties":{"id":9290,"nach":0.4481173605206531},"geometry":{"type":"LineString","coordinates":[[-0.9408106,50.8569898],[-0.9412,50.857464]]}},
{"type":"Feature","properties":{"id":30521,"nach":0.39313167285022604},"geometry":{"type":"LineString","coordinates":[[-0.943297,50.865499],[-0.9432741,50.86528770000001],[-0.9432761,50.8650775],[-0.9432269,50.86492290000001],[-0.9430167,50.864574700000013],[-0.9429185,50.8644906],[-0.9427696,50.8644736],[-0.9419865,50.86453190000001]]}},
{"type":"Feature","properties":{"id":30526,"nach":0.35916310338271745},"geometry":{"type":"LineString","coordinates":[[-0.9426308,50.8655852],[-0.942423,50.865578100000015],[-0.9422329,50.8651218],[-0.9421581,50.8650845],[-0.9419865,50.86453190000001]]}},
{"type":"Feature","properties":{"id":30520,"nach":0.42998312813316852},"geometry":{"type":"LineString","coordinates":[[-0.943297,50.865499],[-0.9434614,50.865840100000014]]}},
{"type":"Feature","properties":{"id":30527,"nach":0.46021631081075393},"geometry":{"type":"LineString","coordinates":[[-0.9426308,50.8655852],[-0.9428627,50.8655616],[-0.9431614,50.8655342],[-0.943297,50.865499]]}},
{"type":"Feature","properties":{"id":19595,"nach":0.52922190103243283},"geometry":{"type":"LineString","coordinates":[[-0.9464437,50.8616208],[-0.9461574,50.8617]]}},
{"type":"Feature","properties":{"id":19624,"nach":0.48104655101102606},"geometry":{"type":"LineString","coordinates":[[-0.9458004,50.8612647],[-0.945854,50.8613663],[-0.946037,50.861358899999985],[-0.9461574,50.8617]]}},
{"type":"Feature","properties":{"id":41481,"nach":0.45013619801869731},"geometry":{"type":"LineString","coordinates":[[-0.9464224,50.8615695],[-0.9464437,50.8616208]]}},
{"type":"Feature","properties":{"id":41482,"nach":0.44985944540038791},"geometry":{"type":"LineString","coordinates":[[-0.9464773,50.8617015],[-0.9464437,50.8616208]]}},
{"type":"Feature","properties":{"id":19629,"nach":0.34312707290478339},"geometry":{"type":"LineString","coordinates":[[-0.9440121,50.8610247],[-0.9440293,50.8611079],[-0.9440623,50.8612681],[-0.9441696,50.8617589],[-0.9444816,50.86174]]}},
{"type":"Feature","properties":{"id":19630,"nach":0.57379042042744166},"geometry":{"type":"LineString","coordinates":[[-0.9440121,50.8610247],[-0.9442462,50.861021700000016],[-0.9443253,50.8610608]]}},
{"type":"Feature","properties":{"id":19619,"nach":0.44417207318948398},"geometry":{"type":"LineString","coordinates":[[-0.944274,50.8635733],[-0.9440138,50.8636176]]}},
{"type":"Feature","properties":{"id":19621,"nach":0.4127207041291503},"geometry":{"type":"LineString","coordinates":[[-0.944274,50.8635733],[-0.9448141,50.863452700000011],[-0.9449188,50.8633842]]}},
{"type":"Feature","properties":{"id":19620,"nach":0.46742547938343748},"geometry":{"type":"LineString","coordinates":[[-0.944274,50.8635733],[-0.9442568,50.8629583]]}},
{"type":"Feature","properties":{"id":19544,"nach":0.54587685376748596},"geometry":{"type":"LineString","coordinates":[[-0.9447431,50.8632017],[-0.9449188,50.8633842]]}},
{"type":"Feature","properties":{"id":19547,"nach":0.4374083369228825},"geometry":{"type":"LineString","coordinates":[[-0.9451263,50.863194900000011],[-0.9447431,50.8632017]]}},
{"type":"Feature","properties":{"id":18427,"nach":0.22037032111241758},"geometry":{"type":"LineString","coordinates":[[-0.9471686,50.8615512],[-0.9474121,50.8618055],[-0.9499085,50.86411720000001],[-0.951999,50.866004599999989],[-0.9528369,50.8666768],[-0.9528797,50.8667233]]}},
{"type":"Feature","properties":{"id":10997,"nach":0.35518889061272835},"geometry":{"type":"LineString","coordinates":[[-0.9528797,50.8667233],[-0.953049,50.866861900000011],[-0.953188,50.8670411],[-0.9532542,50.8671264]]}},
{"type":"Feature","properties":{"id":19207,"nach":0.63118199276259435},"geometry":{"type":"LineString","coordinates":[[-0.9466853,50.8610942],[-0.9471686,50.8615512]]}},
{"type":"Feature","properties":{"id":29685,"nach":0.45456860150899614},"geometry":{"type":"LineString","coordinates":[[-0.9349366,50.8611032],[-0.9349527,50.861124599999989],[-0.9350903,50.8612052],[-0.9352909,50.8612145],[-0.936057,50.8611571]]}},
{"type":"Feature","properties":{"id":29684,"nach":0.55347074704380717},"geometry":{"type":"LineString","coordinates":[[-0.9349366,50.8611032],[-0.9347655,50.8611812]]}},
{"type":"Feature","properties":{"id":19599,"nach":0.6111878198560653},"geometry":{"type":"LineString","coordinates":[[-0.9476913,50.8632918],[-0.9479204,50.8635005]]}},
{"type":"Feature","properties":{"id":19609,"nach":0.0},"geometry":{"type":"LineString","coordinates":[[-0.9475838,50.8631903],[-0.9481869,50.8629257],[-0.9482973,50.8630259],[-0.9476913,50.8632918]]}},
{"type":"Feature","properties":{"id":41331,"nach":0.29861014673480057},"geometry":{"type":"LineString","coordinates":[[-0.9539698,50.859179],[-0.9543273,50.8591856],[-0.9543917,50.8592601],[-0.954389,50.859551300000014]]}},
{"type":"Feature","properties":{"id":41332,"nach":0.32668022864885005},"geometry":{"type":"LineString","coordinates":[[-0.9539866,50.8589689],[-0.9539698,50.859179]]}},
{"type":"Feature","properties":{"id":41342,"nach":0.55654207960391222},"geometry":{"type":"LineString","coordinates":[[-0.9477161,50.8603624],[-0.947734,50.860452200000012]]}},
{"type":"Feature","properties":{"id":32692,"nach":0.55878356690158915},"geometry":{"type":"LineString","coordinates":[[-0.9464163,50.8605434],[-0.9465939,50.8605333],[-0.947034,50.8605086],[-0.947734,50.860452200000012]]}},
{"type":"Feature","properties":{"id":36991,"nach":0.64058014990520729},"geometry":{"type":"LineString","coordinates":[[-0.9423522,50.8664092],[-0.9423973,50.8664504]]}},
{"type":"Feature","properties":{"id":36868,"nach":0.62402790947521591},"geometry":{"type":"LineString","coordinates":[[-0.94258,50.8667559],[-0.9423973,50.8664504]]}},
{"type":"Feature","properties":{"id":36854,"nach":0.59616737289423005},"geometry":{"type":"LineString","coordinates":[[-0.9427328,50.8663508],[-0.9426148,50.8663839],[-0.9423973,50.8664504]]}},
{"type":"Feature","properties":{"id":36993,"nach":0.56741907879047748},"geometry":{"type":"LineString","coordinates":[[-0.9423522,50.8664092],[-0.9423357,50.8664711],[-0.9423967,50.866506500000014],[-0.9424117,50.8666482],[-0.9423269,50.866733300000014]]}},
{"type":"Feature","properties":{"id":36869,"nach":0.32130624168277999},"geometry":{"type":"LineString","coordinates":[[-0.94258,50.8667559],[-0.9427929,50.866741],[-0.9430315,50.8667293],[-0.9433108,50.86671]]}},
{"type":"Feature","properties":{"id":36914,"nach":0.6230078747593174},"geometry":{"type":"LineString","coordinates":[[-0.9426252,50.8668478],[-0.94258,50.8667559]]}},
{"type":"Feature","properties":{"id":37010,"nach":0.5945595785260267},"geometry":{"type":"LineString","coordinates":[[-0.9436397,50.8662044],[-0.9435676,50.8662118],[-0.9430952,50.8662493],[-0.9427328,50.8663508]]}},
{"type":"Feature","properties":{"id":36865,"nach":0.44403467475085245},"geometry":{"type":"LineString","coordinates":[[-0.9433108,50.86671],[-0.943213,50.8666584],[-0.943089,50.8665648],[-0.9428477,50.8664426],[-0.9427328,50.8663508]]}},
{"type":"Feature","properties":{"id":37271,"nach":0.48560293732818399},"geometry":{"type":"LineString","coordinates":[[-0.9425707,50.870242],[-0.9423702,50.8704827],[-0.9419494,50.8707833],[-0.9417713,50.8709999],[-0.9416917,50.8710932]]}},
{"type":"Feature","properties":{"id":36803,"nach":0.51920391964447721},"geometry":{"type":"LineString","coordinates":[[-0.9441088,50.8696819],[-0.9435975,50.8690981]]}},
{"type":"Feature","properties":{"id":36883,"nach":0.55559892993275761},"geometry":{"type":"LineString","coordinates":[[-0.943386,50.8687264],[-0.9434187,50.8688176],[-0.9435975,50.8690981]]}},
{"type":"Feature","properties":{"id":37272,"nach":0.48529971829875324},"geometry":{"type":"LineString","coordinates":[[-0.9425707,50.870242],[-0.9426127,50.8701916],[-0.94271850000001,50.8697562],[-0.9430846,50.8693848],[-0.9435975,50.8690981]]}},
{"type":"Feature","properties":{"id":36670,"nach":0.49241942164547858},"geometry":{"type":"LineString","coordinates":[[-0.9445296,50.8687198],[-0.9444886,50.868764099999986],[-0.9442419,50.8688634],[-0.9438634,50.869014100000015],[-0.9435975,50.8690981]]}},
{"type":"Feature","properties":{"id":36804,"nach":0.51139719077271584},"geometry":{"type":"LineString","coordinates":[[-0.9441088,50.8696819],[-0.9442923,50.8699029],[-0.9445548,50.870318]]}},
{"type":"Feature","properties":{"id":36816,"nach":0.33577386230367745},"geometry":{"type":"LineString","coordinates":[[-0.9449913,50.8694637],[-0.9446133,50.8695406],[-0.9443632,50.8695995],[-0.9442167,50.8696536],[-0.9441088,50.8696819]]}},
{"type":"Feature","properties":{"id":36882,"nach":0.54425735850612089},"geometry":{"type":"LineString","coordinates":[[-0.943386,50.8687264],[-0.9432906,50.8684607]]}},
{"type":"Feature","properties":{"id":37261,"nach":0.46807727172720254},"geometry":{"type":"LineString","coordinates":[[-0.9425664,50.8690558],[-0.9425952,50.8690392],[-0.9429815,50.8688614],[-0.943386,50.8687264]]}},
{"type":"Feature","properties":{"id":37273,"nach":0.37756976207188547},"geometry":{"type":"LineString","coordinates":[[-0.9425707,50.870242],[-0.9424341,50.8701017],[-0.9423365,50.8700336],[-0.9422335,50.8699222],[-0.9421517,50.8697225]]}},
{"type":"Feature","properties":{"id":36669,"nach":0.54201560305914576},"geometry":{"type":"LineString","coordinates":[[-0.9445296,50.8687198],[-0.9450889,50.8685582]]}},
{"type":"Feature","properties":{"id":36877,"nach":0.55776244674838849},"geometry":{"type":"LineString","coordinates":[[-0.944398,50.8685695],[-0.9444138,50.8685937],[-0.9445296,50.8687198]]}},
{"type":"Feature","properties":{"id":36815,"nach":0.48191135545809405},"geometry":{"type":"LineString","coordinates":[[-0.9449166,50.8693024],[-0.9448476,50.8691499],[-0.9447738,50.869009799999986],[-0.9447163,50.8688988],[-0.9446043,50.8687974],[-0.9445296,50.8687198]]}},
{"type":"Feature","properties":{"id":37254,"nach":0.58944945600837184},"geometry":{"type":"LineString","coordinates":[[-0.9429337,50.8675546],[-0.9427165,50.867042200000014]]}},
{"type":"Feature","properties":{"id":36913,"nach":0.58343669060489645},"geometry":{"type":"LineString","coordinates":[[-0.9426252,50.8668478],[-0.9427165,50.867042200000014]]}},
{"type":"Feature","properties":{"id":36918,"nach":0.45664539313679564},"geometry":{"type":"LineString","coordinates":[[-0.9424087,50.8671511],[-0.9427165,50.867042200000014]]}},
{"type":"Feature","properties":{"id":37255,"nach":0.54590123119842038},"geometry":{"type":"LineString","coordinates":[[-0.9429337,50.8675546],[-0.9431548,50.8675201]]}},
{"type":"Feature","properties":{"id":37253,"nach":0.54600066356432364},"geometry":{"type":"LineString","coordinates":[[-0.9429337,50.8675546],[-0.9430576,50.8678093]]}},
{"type":"Feature","properties":{"id":36988,"nach":0.39834140783305422},"geometry":{"type":"LineString","coordinates":[[-0.9423392,50.8669173],[-0.9426252,50.8668478]]}},
{"type":"Feature","properties":{"id":36919,"nach":0.56215192953799431},"geometry":{"type":"LineString","coordinates":[[-0.9424087,50.8671511],[-0.9424774,50.867019],[-0.9426252,50.8668478]]}},
{"type":"Feature","properties":{"id":36920,"nach":0.53947484326206019},"geometry":{"type":"LineString","coordinates":[[-0.9424087,50.8671511],[-0.9423938,50.8672063],[-0.9423779,50.867321],[-0.9423086,50.8674195],[-0.942087,50.8676261]]}},
{"type":"Feature","properties":{"id":36921,"nach":0.49407093890602199},"geometry":{"type":"LineString","coordinates":[[-0.9422575,50.867178700000011],[-0.9424087,50.8671511]]}},
{"type":"Feature","properties":{"id":30707,"nach":0.45514966402783391},"geometry":{"type":"LineString","coordinates":[[-0.9408514,50.856621600000011],[-0.9409407,50.8567093]]}},
{"type":"Feature","properties":{"id":41322,"nach":0.48082431069912968},"geometry":{"type":"LineString","coordinates":[[-0.9407815,50.8598837],[-0.9408036,50.8599695]]}},
{"type":"Feature","properties":{"id":19199,"nach":0.60441840758999732},"geometry":{"type":"LineString","coordinates":[[-0.9461905,50.8605631],[-0.9460447,50.8605965]]}},
{"type":"Feature","properties":{"id":19190,"nach":0.46445748918777385},"geometry":{"type":"LineString","coordinates":[[-0.9460447,50.8605965],[-0.9458902,50.8604835]]}},
{"type":"Feature","properties":{"id":19212,"nach":0.50729101832085421},"geometry":{"type":"LineString","coordinates":[[-0.9462148,50.8607423],[-0.9460447,50.8605965]]}},
{"type":"Feature","properties":{"id":32402,"nach":0.6089696567926266},"geometry":{"type":"LineString","coordinates":[[-0.9476611,50.8623444],[-0.9476773,50.862338]]}},
{"type":"Feature","properties":{"id":37022,"nach":0.51012465910723115},"geometry":{"type":"LineString","coordinates":[[-0.9530763,50.8671544],[-0.9531273,50.8672509],[-0.9530031,50.867253],[-0.9528747,50.8672538],[-0.9527012,50.8672658],[-0.9524843,50.8672606],[-0.9522239,50.86726],[-0.9518386,50.8672749]]}},
{"type":"Feature","properties":{"id":19570,"nach":0.41038658027408914},"geometry":{"type":"LineString","coordinates":[[-0.945264,50.8631946],[-0.9451263,50.863194900000011]]}},
{"type":"Feature","properties":{"id":41473,"nach":0.44940104290976046},"geometry":{"type":"LineString","coordinates":[[-0.945331,50.8629395],[-0.9453293,50.8629149],[-0.9455028,50.8629125]]}},
{"type":"Feature","properties":{"id":41476,"nach":0.40492008795871554},"geometry":{"type":"LineString","coordinates":[[-0.9455035,50.8629919],[-0.9453339,50.86299540000001],[-0.945331,50.8629395]]}},
{"type":"Feature","properties":{"id":19205,"nach":0.62260910834600347},"geometry":{"type":"LineString","coordinates":[[-0.9463275,50.86068430000001],[-0.9465625,50.8609362],[-0.9466853,50.8610942]]}},
{"type":"Feature","properties":{"id":19208,"nach":0.48826691546237727},"geometry":{"type":"LineString","coordinates":[[-0.9466853,50.8610942],[-0.946506,50.860973500000014],[-0.9464606,50.860943],[-0.9462148,50.8607423]]}},
{"type":"Feature","properties":{"id":18478,"nach":0.27286636673950188},"geometry":{"type":"LineString","coordinates":[[-0.9379686,50.8628286],[-0.93786,50.8622557]]}},
{"type":"Feature","properties":{"id":18527,"nach":0.61089964721669776},"geometry":{"type":"LineString","coordinates":[[-0.9370615,50.8624217],[-0.9376332,50.8622718],[-0.93786,50.8622557]]}},
{"type":"Feature","properties":{"id":18537,"nach":0.56294129476280053},"geometry":{"type":"LineString","coordinates":[[-0.9371183,50.8629255],[-0.9376199,50.8628865],[-0.9379686,50.8628286]]}},
{"type":"Feature","properties":{"id":18535,"nach":0.50774937097788075},"geometry":{"type":"LineString","coordinates":[[-0.9371183,50.8629255],[-0.9370615,50.8624217]]}},
{"type":"Feature","properties":{"id":30653,"nach":0.5532503342657531},"geometry":{"type":"LineString","coordinates":[[-0.9385175,50.865481],[-0.9384157,50.865481],[-0.9373428,50.8656164],[-0.9371212,50.865662]]}},
{"type":"Feature","properties":{"id":30651,"nach":0.50722474823906449},"geometry":{"type":"LineString","coordinates":[[-0.9385175,50.865481],[-0.9384783,50.8666075]]}},
{"type":"Feature","properties":{"id":18508,"nach":0.47714694301411664},"geometry":{"type":"LineString","coordinates":[[-0.936057,50.8611571],[-0.93608240000001,50.8612561]]}},
{"type":"Feature","properties":{"id":29681,"nach":0.62023166071903091},"geometry":{"type":"LineString","coordinates":[[-0.934822,50.861319],[-0.9351831,50.8613151],[-0.93608240000001,50.8612561]]}},
{"type":"Feature","properties":{"id":18513,"nach":0.62034950437525194},"geometry":{"type":"LineString","coordinates":[[-0.9366304,50.8612148],[-0.9365334,50.8612202],[-0.9364493,50.861232],[-0.93608240000001,50.8612561]]}},
{"type":"Feature","properties":{"id":29680,"nach":0.52127533202079768},"geometry":{"type":"LineString","coordinates":[[-0.934822,50.861319],[-0.9346591,50.861293100000012]]}},
{"type":"Feature","properties":{"id":29683,"nach":0.57743845497521373},"geometry":{"type":"LineString","coordinates":[[-0.934822,50.861319],[-0.9348249,50.8612818],[-0.9348054,50.8612254],[-0.9347655,50.8611812]]}},
{"type":"Feature","properties":{"id":29689,"nach":0.62568979745361331},"geometry":{"type":"LineString","coordinates":[[-0.934597,50.86146870000001],[-0.9346666,50.8614535],[-0.9347331,50.8614245],[-0.9347949,50.861372799999984],[-0.934822,50.861319]]}},
{"type":"Feature","properties":{"id":33510,"nach":0.64117998350758409},"geometry":{"type":"LineString","coordinates":[[-0.9374093,50.8611746],[-0.9366304,50.8612148]]}},
{"type":"Feature","properties":{"id":33513,"nach":0.47256534603569056},"geometry":{"type":"LineString","coordinates":[[-0.9373807,50.8607087],[-0.9374093,50.8611746]]}},
{"type":"Feature","properties":{"id":41432,"nach":0.62873451817218051},"geometry":{"type":"LineString","coordinates":[[-0.9349896,50.8620115],[-0.9346359,50.8618006]]}},
{"type":"Feature","properties":{"id":41363,"nach":0.63752520853963157},"geometry":{"type":"LineString","coordinates":[[-0.9343551,50.861944],[-0.9346359,50.8618006]]}},
{"type":"Feature","properties":{"id":29675,"nach":0.68367191212193901},"geometry":{"type":"LineString","coordinates":[[-0.9344842,50.861470299999986],[-0.9344873,50.8615048],[-0.9345175,50.8616437],[-0.9346359,50.8618006]]}},
{"type":"Feature","properties":{"id":41434,"nach":0.57618156190772829},"geometry":{"type":"LineString","coordinates":[[-0.9349896,50.8620115],[-0.9347847,50.8620307],[-0.9345889,50.8620265],[-0.9344816,50.8619994],[-0.9343551,50.861944]]}},
{"type":"Feature","properties":{"id":41362,"nach":0.65779591595175912},"geometry":{"type":"LineString","coordinates":[[-0.9343551,50.861944],[-0.934074,50.8620875]]}},
{"type":"Feature","properties":{"id":41364,"nach":0.46338754812983873},"geometry":{"type":"LineString","coordinates":[[-0.9343551,50.861944],[-0.9341249,50.8617734]]}},
{"type":"Feature","properties":{"id":29687,"nach":0.60473681291520254},"geometry":{"type":"LineString","coordinates":[[-0.934597,50.86146870000001],[-0.9344842,50.861470299999986]]}},
{"type":"Feature","properties":{"id":19559,"nach":0.47017260491056301},"geometry":{"type":"LineString","coordinates":[[-0.9390597,50.8627774],[-0.9397708,50.8627307]]}},
{"type":"Feature","properties":{"id":19196,"nach":0.58197144268347334},"geometry":{"type":"LineString","coordinates":[[-0.9460169,50.8604283],[-0.9461905,50.8605631]]}},
{"type":"Feature","properties":{"id":29656,"nach":0.6229069410383381},"geometry":{"type":"LineString","coordinates":[[-0.9462606,50.8605561],[-0.9461905,50.8605631]]}},
{"type":"Feature","properties":{"id":19200,"nach":0.61336999175949369},"geometry":{"type":"LineString","coordinates":[[-0.9461905,50.8605631],[-0.9463275,50.86068430000001]]}},
{"type":"Feature","properties":{"id":19195,"nach":0.38977961826178287},"geometry":{"type":"LineString","coordinates":[[-0.9460169,50.8604283],[-0.9458902,50.8604835]]}},
{"type":"Feature","properties":{"id":30514,"nach":0.5362980768565252},"geometry":{"type":"LineString","coordinates":[[-0.945611,50.8605872],[-0.9456467,50.8605754],[-0.9457816,50.8605308],[-0.9458902,50.8604835]]}},
{"type":"Feature","properties":{"id":19194,"nach":0.53554595347569511},"geometry":{"type":"LineString","coordinates":[[-0.9458902,50.8604835],[-0.9456637,50.8602213],[-0.9456403,50.8601587]]}},
{"type":"Feature","properties":{"id":29658,"nach":0.50115213562467764},"geometry":{"type":"LineString","coordinates":[[-0.9462606,50.8605561],[-0.9460981,50.86043],[-0.9460169,50.8604283]]}},
{"type":"Feature","properties":{"id":19210,"nach":0.60239452064006782},"geometry":{"type":"LineString","coordinates":[[-0.9456403,50.8601587],[-0.9460169,50.8604283]]}},
{"type":"Feature","properties":{"id":46962,"nach":0.62521461776656739},"geometry":{"type":"LineString","coordinates":[[-0.945611,50.860132899999989],[-0.9456403,50.8601587]]}},
{"type":"Feature","properties":{"id":32693,"nach":0.63008633686794602},"geometry":{"type":"LineString","coordinates":[[-0.9464163,50.8605434],[-0.9463501,50.860547200000013],[-0.9462606,50.8605561]]}},
{"type":"Feature","properties":{"id":19211,"nach":0.31791296152928239},"geometry":{"type":"LineString","coordinates":[[-0.9462148,50.8607423],[-0.9463275,50.86068430000001]]}},
{"type":"Feature","properties":{"id":46961,"nach":0.62153387556171813},"geometry":{"type":"LineString","coordinates":[[-0.945611,50.860132899999989],[-0.9452218,50.8597901]]}},
{"type":"Feature","properties":{"id":46963,"nach":0.56661230260811557},"geometry":{"type":"LineString","coordinates":[[-0.945611,50.860132899999989],[-0.9455662,50.8601423],[-0.9453989,50.8601319],[-0.9453815,50.8601378]]}},
{"type":"Feature","properties":{"id":19527,"nach":0.46286526833354313},"geometry":{"type":"LineString","coordinates":[[-0.9391991,50.8634304],[-0.9385423,50.863479]]}},
{"type":"Feature","properties":{"id":19617,"nach":0.6448901826903487},"geometry":{"type":"LineString","coordinates":[[-0.9470325,50.8627026],[-0.9470591,50.8627324]]}},
{"type":"Feature","properties":{"id":41464,"nach":0.45594640407836118},"geometry":{"type":"LineString","coordinates":[[-0.946046,50.8628708],[-0.9463038,50.8628655],[-0.9467631,50.8628529],[-0.9470591,50.8627324]]}},
{"type":"Feature","properties":{"id":32404,"nach":0.60342624553454682},"geometry":{"type":"LineString","coordinates":[[-0.9476611,50.8623444],[-0.9476906,50.8623723],[-0.947399,50.8624937],[-0.9474258,50.8625242],[-0.9470325,50.8627026]]}},
{"type":"Feature","properties":{"id":41479,"nach":0.54728365059508599},"geometry":{"type":"LineString","coordinates":[[-0.9458523,50.8630044],[-0.945849,50.8629059]]}},
{"type":"Feature","properties":{"id":41480,"nach":0.38914264574144924},"geometry":{"type":"LineString","coordinates":[[-0.9458523,50.8630044],[-0.9455045,50.8630115],[-0.9455035,50.8629919]]}},
{"type":"Feature","properties":{"id":41471,"nach":0.4886574898381138},"geometry":{"type":"LineString","coordinates":[[-0.945849,50.8629059],[-0.9455028,50.8629125]]}},
{"type":"Feature","properties":{"id":19589,"nach":0.51084898487108144},"geometry":{"type":"LineString","coordinates":[[-0.9473046,50.8637496],[-0.9474836,50.8639207]]}},
{"type":"Feature","properties":{"id":41454,"nach":0.53374732684260762},"geometry":{"type":"LineString","coordinates":[[-0.9475683,50.8638871],[-0.9474836,50.8639207]]}},
{"type":"Feature","properties":{"id":36694,"nach":0.54821587610540956},"geometry":{"type":"LineString","coordinates":[[-0.947051,50.8641148],[-0.9474836,50.8639207]]}},
{"type":"Feature","properties":{"id":19590,"nach":0.39545032350901826},"geometry":{"type":"LineString","coordinates":[[-0.9473046,50.8637496],[-0.9479204,50.8635005]]}},
{"type":"Feature","properties":{"id":36703,"nach":0.50229347756541298},"geometry":{"type":"LineString","coordinates":[[-0.9469365,50.863813],[-0.9472555,50.8637007],[-0.9473046,50.8637496]]}},
{"type":"Feature","properties":{"id":41457,"nach":0.39763360824158378},"geometry":{"type":"LineString","coordinates":[[-0.947831,50.8639294],[-0.9475683,50.8638871]]}},
{"type":"Feature","properties":{"id":41462,"nach":0.52928916201238574},"geometry":{"type":"LineString","coordinates":[[-0.9478403,50.8637706],[-0.9477437,50.8638125],[-0.9475683,50.8638871]]}},
{"type":"Feature","properties":{"id":36702,"nach":0.49101245591747938},"geometry":{"type":"LineString","coordinates":[[-0.9469365,50.863813],[-0.947051,50.8641148]]}},
{"type":"Feature","properties":{"id":41443,"nach":0.55908094541254361},"geometry":{"type":"LineString","coordinates":[[-0.9472491,50.8642647],[-0.9472181,50.8642773],[-0.947051,50.8641148]]}},
{"type":"Feature","properties":{"id":19587,"nach":0.60647160644936537},"geometry":{"type":"LineString","coordinates":[[-0.9479204,50.8635005],[-0.9480941,50.8636607]]}},
{"type":"Feature","properties":{"id":41460,"nach":0.6007017971527191},"geometry":{"type":"LineString","coordinates":[[-0.9478403,50.8637706],[-0.9480941,50.8636607]]}},
{"type":"Feature","properties":{"id":41461,"nach":0.5660373975848686},"geometry":{"type":"LineString","coordinates":[[-0.9478403,50.8637706],[-0.947831,50.8639294]]}},
{"type":"Feature","properties":{"id":41707,"nach":0.46575123016267106},"geometry":{"type":"LineString","coordinates":[[-0.9484102,50.8703011],[-0.948425,50.8701165],[-0.9482722,50.8699796],[-0.9481144,50.8698603],[-0.9479829,50.8697151],[-0.9479139,50.8695616],[-0.9478392,50.8694645]]}},
{"type":"Feature","properties":{"id":36796,"nach":0.48208764585205083},"geometry":{"type":"LineString","coordinates":[[-0.944711,50.8704817],[-0.944729,50.8705066]]}},
{"type":"Feature","properties":{"id":36793,"nach":0.48827634987499968},"geometry":{"type":"LineString","coordinates":[[-0.9447708,50.8704745],[-0.944729,50.8705066]]}},
{"type":"Feature","properties":{"id":37113,"nach":0.44115823072219967},"geometry":{"type":"LineString","coordinates":[[-0.942893,50.8713287],[-0.9430503,50.8713012],[-0.9432885,50.8712388],[-0.9434047,50.8711761],[-0.9435593,50.8710192],[-0.9437492,50.870874800000017],[-0.943969,50.8707746],[-0.944269,50.8706823],[-0.9445905,50.8705774],[-0.944729,50.8705066]]}},
{"type":"Feature","properties":{"id":27640,"nach":0.64692766271030355},"geometry":{"type":"LineString","coordinates":[[-0.9346591,50.861293100000012],[-0.9346431,50.8613241],[-0.934612,50.8613503],[-0.9345602,50.8613712],[-0.9344951,50.8613781],[-0.9344727,50.8613765]]}},
{"type":"Feature","properties":{"id":27644,"nach":0.65509225071515687},"geometry":{"type":"LineString","coordinates":[[-0.9345572,50.861184],[-0.9346039,50.861201],[-0.9346347,50.8612228],[-0.9346559,50.861253],[-0.9346591,50.861293100000012]]}},
{"type":"Feature","properties":{"id":41438,"nach":0.60202016525633861},"geometry":{"type":"LineString","coordinates":[[-0.9347927,50.86317],[-0.9348433,50.8631843],[-0.9350551,50.8633142]]}},
{"type":"Feature","properties":{"id":41440,"nach":0.45057205968098707},"geometry":{"type":"LineString","coordinates":[[-0.9347927,50.86317],[-0.9349,50.8630643],[-0.9348759,50.8629365]]}},
{"type":"Feature","properties":{"id":46908,"nach":0.6327557092991104},"geometry":{"type":"LineString","coordinates":[[-0.935396,50.8632959],[-0.9350551,50.8633142]]}},
{"type":"Feature","properties":{"id":46909,"nach":0.53943405307963488},"geometry":{"type":"LineString","coordinates":[[-0.935396,50.8632959],[-0.9355031,50.8634551]]}},
{"type":"Feature","properties":{"id":30883,"nach":0.43015324018431961},"geometry":{"type":"LineString","coordinates":[[-0.936236,50.8640967],[-0.9363084,50.8643168],[-0.9359779,50.8643782]]}},
{"type":"Feature","properties":{"id":46900,"nach":0.58720982838779734},"geometry":{"type":"LineString","coordinates":[[-0.9350616,50.863348],[-0.9350551,50.8633142]]}},
{"type":"Feature","properties":{"id":46899,"nach":0.56196335304370637},"geometry":{"type":"LineString","coordinates":[[-0.9350616,50.863348],[-0.9350863,50.8634764]]}},
{"type":"Feature","properties":{"id":46904,"nach":0.48565258401676248},"geometry":{"type":"LineString","coordinates":[[-0.9347951,50.8634683],[-0.93496,50.8633804],[-0.9350616,50.863348]]}},
{"type":"Feature","properties":{"id":32694,"nach":0.58796406334575779},"geometry":{"type":"LineString","coordinates":[[-0.9464163,50.8605434],[-0.9465234,50.8601363],[-0.9466294,50.859786],[-0.9466914,50.8596043]]}},
{"type":"Feature","properties":{"id":46907,"nach":0.53402327635051372},"geometry":{"type":"LineString","coordinates":[[-0.9355031,50.8634551],[-0.9354255,50.863451],[-0.9351546,50.863478],[-0.9350863,50.8634764]]}},
{"type":"Feature","properties":{"id":46958,"nach":0.60975060990875896},"geometry":{"type":"LineString","coordinates":[[-0.9453815,50.8601378],[-0.9453052,50.8600743],[-0.9449644,50.8597277]]}},
{"type":"Feature","properties":{"id":41796,"nach":0.46096228615426699},"geometry":{"type":"LineString","coordinates":[[-0.9389108,50.8679029],[-0.9388324,50.8678297],[-0.9387948,50.8677484],[-0.9388163,50.867667199999985],[-0.9388485,50.8674911],[-0.938827,50.867332],[-0.9387466,50.8672271],[-0.9385803,50.8670578],[-0.938473,50.8667734],[-0.9384783,50.8666075]]}},
{"type":"Feature","properties":{"id":32999,"nach":0.37875528943947789},"geometry":{"type":"LineString","coordinates":[[-0.9375023,50.86787540000001],[-0.9380092,50.8668355],[-0.9381002,50.8667637],[-0.9382237,50.8667371],[-0.9383797,50.866706300000018],[-0.9384783,50.8666075]]}},
{"type":"Feature","properties":{"id":41710,"nach":0.0},"geometry":{"type":"LineString","coordinates":[[-0.9479073,50.8709116],[-0.9483278,50.870834499999987],[-0.9486398,50.8707297],[-0.9487076,50.8705499],[-0.9486941,50.8702418],[-0.9486127,50.8698801],[-0.9485211,50.8696297],[-0.9486127,50.8695013],[-0.9487559,50.8694167],[-0.9489408,50.8693541],[-0.9491374,50.8692696],[-0.9493596,50.8691284],[-0.949541,50.8689812],[-0.9496749,50.8689117],[-0.9500064,50.868818],[-0.9503065,50.8686827],[-0.9507474,50.8684655],[-0.951,50.8683542],[-0.9513764,50.8682643],[-0.9514917,50.8682643],[-0.9517613,50.868308199999987],[-0.9522683,50.8684612],[-0.9524514,50.86853390000001],[-0.9527126,50.8687565],[-0.9527973,50.868874200000015],[-0.9528685,50.869131],[-0.9530652,50.8702739],[-0.9531297,50.8706591],[-0.9532687,50.8707532],[-0.9535129,50.8707682],[-0.9537672,50.8707703],[-0.9538791,50.8708003],[-0.9539775,50.8708902],[-0.9540181,50.871177],[-0.9540826,50.8713011],[-0.9544793,50.871647799999984],[-0.9546184,50.8718468],[-0.9548049,50.8721849],[-0.9552118,50.8728226],[-0.9554187,50.8731393],[-0.955456,50.8734154],[-0.9552288,50.8737],[-0.954927,50.8738605],[-0.9545133,50.8739504],[-0.9538011,50.87397390000001],[-0.952699,50.8739525],[-0.9518546,50.873822],[-0.9512001,50.8736957],[-0.9509947,50.8736284],[-0.9499937,50.873248]]}},
{"type":"Feature","properties":{"id":31240,"nach":0.51986301439972282},"geometry":{"type":"LineString","coordinates":[[-0.9518386,50.8672749],[-0.9516897,50.86728],[-0.9511921,50.8672756]]}},
{"type":"Feature","properties":{"id":36755,"nach":0.50461720378325936},"geometry":{"type":"LineString","coordinates":[[-0.9485972,50.8674823],[-0.9487912,50.8675149],[-0.9489792,50.8675922],[-0.9491272,50.8676665],[-0.9492621,50.8676647],[-0.9496323,50.8675802],[-0.9500562,50.8674362],[-0.9504317,50.8673519],[-0.9509572,50.8672882],[-0.9511921,50.8672756]]}},
{"type":"Feature","properties":{"id":37103,"nach":0.4194382683078286},"geometry":{"type":"LineString","coordinates":[[-0.9489239,50.8685299],[-0.9490924,50.8684651],[-0.949337,50.8684209],[-0.9495458,50.8682345],[-0.9497188,50.8681394],[-0.9498785,50.8680602],[-0.9500545,50.867984],[-0.9502239,50.8679331],[-0.9503684,50.8679055],[-0.9504622,50.8678838],[-0.9506273,50.8677956],[-0.9507357,50.8677287],[-0.9509782,50.86750210000001],[-0.9511921,50.8672756]]}},
{"type":"Feature","properties":{"id":36756,"nach":0.49422493864961192},"geometry":{"type":"LineString","coordinates":[[-0.9485972,50.8674823],[-0.9485434,50.8674745],[-0.9482754,50.86748140000001]]}},
{"type":"Feature","properties":{"id":36757,"nach":0.46916091995705561},"geometry":{"type":"LineString","coordinates":[[-0.9485972,50.8674823],[-0.9486162,50.867420600000017],[-0.9486471,50.8673752],[-0.9488183,50.8671731],[-0.9488787,50.8670892],[-0.9488567,50.8669607],[-0.9488216,50.8668752],[-0.9487753,50.8667163],[-0.9487366,50.8666436]]}},
{"type":"Feature","properties":{"id":37102,"nach":0.4573262303720686},"geometry":{"type":"LineString","coordinates":[[-0.9489239,50.8685299],[-0.9488716,50.8685702],[-0.9486503,50.868768],[-0.9485615,50.8688077],[-0.9484422,50.8688477],[-0.948261,50.8688508]]}},
{"type":"Feature","properties":{"id":37223,"nach":0.38559132424118814},"geometry":{"type":"LineString","coordinates":[[-0.9480152,50.8675212],[-0.9480893,50.8677248],[-0.9482607,50.8678168],[-0.9484322,50.8678814],[-0.9485854,50.868031299999984],[-0.9487116,50.86810890000001],[-0.9487464,50.8681894],[-0.948804,50.8683785],[-0.9489239,50.8685299]]}},
{"type":"Feature","properties":{"id":37007,"nach":0.56250142944564774},"geometry":{"type":"LineString","coordinates":[[-0.9451675,50.868495200000012],[-0.9450889,50.8685582]]}},
{"type":"Feature","properties":{"id":36769,"nach":0.52250338559396525},"geometry":{"type":"LineString","coordinates":[[-0.9445977,50.8680269],[-0.9447385,50.868179],[-0.9448483,50.868305600000014],[-0.9449814,50.868449],[-0.9450889,50.8685582]]}},
{"type":"Feature","properties":{"id":36806,"nach":0.49884997298471911},"geometry":{"type":"LineString","coordinates":[[-0.9454385,50.868834500000013],[-0.9453104,50.868739],[-0.9451466,50.8686213],[-0.9450889,50.8685582]]}},
{"type":"Feature","properties":{"id":37008,"nach":0.53383039468702931},"geometry":{"type":"LineString","coordinates":[[-0.9451675,50.868495200000012],[-0.9451992,50.8684721],[-0.9454079,50.8683683],[-0.9455302,50.8682899]]}},
{"type":"Feature","properties":{"id":37009,"nach":0.46286065583182845},"geometry":{"type":"LineString","coordinates":[[-0.9451675,50.868495200000012],[-0.945347,50.8685533],[-0.9454881,50.8685813],[-0.9456614,50.8686102],[-0.9457624,50.8686016],[-0.9462439,50.8685124]]}},
{"type":"Feature","properties":{"id":36768,"nach":0.50768501159741786},"geometry":{"type":"LineString","coordinates":[[-0.9445977,50.8680269],[-0.9446221,50.867965600000012],[-0.9447281,50.8678733],[-0.9449211,50.8677028],[-0.9449956,50.8675402],[-0.9449788,50.86732580000001]]}},
{"type":"Feature","properties":{"id":36770,"nach":0.54659235797829775},"geometry":{"type":"LineString","coordinates":[[-0.9443146,50.8682099],[-0.9445977,50.8680269]]}},
{"type":"Feature","properties":{"id":37267,"nach":0.45456258659664978},"geometry":{"type":"LineString","coordinates":[[-0.9457444,50.8691779],[-0.9456685,50.8690932],[-0.9455561,50.8689779],[-0.9454385,50.868834500000013]]}},
{"type":"Feature","properties":{"id":36812,"nach":0.39168973161469073},"geometry":{"type":"LineString","coordinates":[[-0.945146,50.8692978],[-0.9451777,50.8692668],[-0.9452874,50.8691545],[-0.9453468,50.8690773],[-0.9454476,50.8689253],[-0.9454385,50.868834500000013]]}},
{"type":"Feature","properties":{"id":31923,"nach":0.0},"geometry":{"type":"LineString","coordinates":[[-0.9545746,50.8672377],[-0.9539383,50.8672051],[-0.953882,50.867239],[-0.9539222,50.8673067],[-0.9541663,50.8673338],[-0.9544211,50.8673084],[-0.9545746,50.8672377]]}},
{"type":"Feature","properties":{"id":32690,"nach":0.56840727252936396},"geometry":{"type":"LineString","coordinates":[[-0.9453055,50.8597497],[-0.9452218,50.8597901]]}},
{"type":"Feature","properties":{"id":32689,"nach":0.62758854916760443},"geometry":{"type":"LineString","coordinates":[[-0.9453055,50.8597497],[-0.9454328,50.8596909]]}},
{"type":"Feature","properties":{"id":32653,"nach":0.56090087707608316},"geometry":{"type":"LineString","coordinates":[[-0.9465331,50.8589998],[-0.9464428,50.859119700000015]]}},
{"type":"Feature","properties":{"id":41352,"nach":0.57016922630661526},"geometry":{"type":"LineString","coordinates":[[-0.9461215,50.859352800000011],[-0.9462159,50.859310899999983],[-0.9464014,50.8591856],[-0.9464428,50.859119700000015]]}},
{"type":"Feature","properties":{"id":41354,"nach":0.44268088865429561},"geometry":{"type":"LineString","coordinates":[[-0.9461533,50.8589502],[-0.9462686,50.8590705],[-0.9464428,50.859119700000015]]}},
{"type":"Feature","properties":{"id":32654,"nach":0.60129179199857141},"geometry":{"type":"LineString","coordinates":[[-0.9465331,50.8589998],[-0.9465739,50.8589472],[-0.9465847,50.8587949],[-0.9465294,50.8585589],[-0.9464113,50.85833550000001]]}},
{"type":"Feature","properties":{"id":32657,"nach":0.57893188172690402},"geometry":{"type":"LineString","coordinates":[[-0.9467041,50.85905240000001],[-0.9466295,50.8590354],[-0.9465331,50.8589998]]}},
{"type":"Feature","properties":{"id":41351,"nach":0.58987947787381223},"geometry":{"type":"LineString","coordinates":[[-0.9461215,50.859352800000011],[-0.9460367,50.8593904]]}},
{"type":"Feature","properties":{"id":41353,"nach":0.44537256946386811},"geometry":{"type":"LineString","coordinates":[[-0.9461215,50.859352800000011],[-0.9458904,50.8591492],[-0.9458368,50.859147500000013],[-0.9456705,50.8592321]]}},
{"type":"Feature","properties":{"id":32636,"nach":0.56057381195469991},"geometry":{"type":"LineString","coordinates":[[-0.9459463,50.8578772],[-0.9460321,50.857900900000011]]}},
{"type":"Feature","properties":{"id":32649,"nach":0.58752515448922504},"geometry":{"type":"LineString","coordinates":[[-0.9464113,50.85833550000001],[-0.9462941,50.8581758],[-0.9461609,50.858016],[-0.9460321,50.857900900000011]]}},
{"type":"Feature","properties":{"id":32701,"nach":0.47473757493183361},"geometry":{"type":"LineString","coordinates":[[-0.9454477,50.8571922],[-0.9456528,50.8573714],[-0.9458352,50.85754750000001],[-0.9460524,50.85776760000001],[-0.9460321,50.857900900000011]]}},
{"type":"Feature","properties":{"id":32640,"nach":0.0},"geometry":{"type":"LineString","coordinates":[[-0.9448667,50.8576069],[-0.944564,50.8577566],[-0.9445574,50.8578237],[-0.9449503,50.8581816],[-0.9450525,50.8581858],[-0.9458043,50.8578863],[-0.9459463,50.8578772]]}},
{"type":"Feature","properties":{"id":32697,"nach":0.5493072213318867},"geometry":{"type":"LineString","coordinates":[[-0.9453592,50.8572893],[-0.9455744,50.8574291],[-0.9459407,50.8577839],[-0.9459463,50.8578772]]}},
{"type":"Feature","properties":{"id":32652,"nach":0.42972373710222306},"geometry":{"type":"LineString","coordinates":[[-0.9457082,50.8585217],[-0.945979,50.8584465],[-0.9464113,50.85833550000001]]}},
{"type":"Feature","properties":{"id":32699,"nach":0.27903118675645466},"geometry":{"type":"LineString","coordinates":[[-0.9454477,50.8571922],[-0.9453592,50.8572893]]}},
{"type":"Feature","properties":{"id":40188,"nach":0.44426528909504248},"geometry":{"type":"LineString","coordinates":[[-0.9451993,50.8568077],[-0.9452089,50.8568198],[-0.9452725,50.8569001],[-0.9453353,50.856995],[-0.9454477,50.8571922]]}},
{"type":"Feature","properties":{"id":32642,"nach":0.40478011154210902},"geometry":{"type":"LineString","coordinates":[[-0.9449338,50.8575737],[-0.9448667,50.8576069]]}},
{"type":"Feature","properties":{"id":32677,"nach":0.21802111929133683},"geometry":{"type":"LineString","coordinates":[[-0.9443551,50.8571075],[-0.9443828,50.8571554],[-0.9448667,50.8576069]]}},
{"type":"Feature","properties":{"id":32698,"nach":0.5094371916939282},"geometry":{"type":"LineString","coordinates":[[-0.9453592,50.8572893],[-0.9451255,50.8574409],[-0.9449338,50.8575737]]}},
{"type":"Feature","properties":{"id":32696,"nach":0.46631228817206954},"geometry":{"type":"LineString","coordinates":[[-0.9453592,50.8572893],[-0.94513290000001,50.8570976],[-0.944887,50.8569092]]}},
{"type":"Feature","properties":{"id":41487,"nach":0.47108686692758739},"geometry":{"type":"LineString","coordinates":[[-0.9452611,50.8577792],[-0.9449338,50.8575737]]}},
{"type":"Feature","properties":{"id":32680,"nach":0.43313959504905319},"geometry":{"type":"LineString","coordinates":[[-0.944887,50.8569092],[-0.944392,50.8570648],[-0.9443551,50.8571075]]}},
{"type":"Feature","properties":{"id":41492,"nach":0.38414368888132217},"geometry":{"type":"LineString","coordinates":[[-0.9440021,50.8572266],[-0.9442422,50.8571352],[-0.9443551,50.8571075]]}},
{"type":"Feature","properties":{"id":41490,"nach":0.39244575291109413},"geometry":{"type":"LineString","coordinates":[[-0.945126,50.8578362],[-0.9452611,50.8577792]]}},
{"type":"Feature","properties":{"id":41491,"nach":0.39303136195808214},"geometry":{"type":"LineString","coordinates":[[-0.9453687,50.8577337],[-0.9452611,50.8577792]]}},
{"type":"Feature","properties":{"id":41347,"nach":0.61700879572221634},"geometry":{"type":"LineString","coordinates":[[-0.9456168,50.8595989],[-0.9454328,50.8596909]]}},
{"type":"Feature","properties":{"id":32648,"nach":0.44780442598118148},"geometry":{"type":"LineString","coordinates":[[-0.9460744,50.8602735],[-0.9455881,50.8599014],[-0.9454328,50.8596909]]}},
{"type":"Feature","properties":{"id":41349,"nach":0.60550125429802681},"geometry":{"type":"LineString","coordinates":[[-0.9456168,50.8595989],[-0.9458311,50.8594917],[-0.9460367,50.8593904]]}},
{"type":"Feature","properties":{"id":41348,"nach":0.44901256631819808},"geometry":{"type":"LineString","coordinates":[[-0.9456168,50.8595989],[-0.9453003,50.8593371]]}},
{"type":"Feature","properties":{"id":32675,"nach":0.58167699830403063},"geometry":{"type":"LineString","coordinates":[[-0.9466914,50.8596043],[-0.9467226,50.8593847],[-0.9467423,50.8592959],[-0.9467545,50.8592334],[-0.9467602,50.8591707],[-0.9467041,50.85905240000001]]}},
{"type":"Feature","properties":{"id":32671,"nach":0.0},"geometry":{"type":"LineString","coordinates":[[-0.9475503,50.8596919],[-0.9475898,50.859455099999984],[-0.9475311,50.8593067],[-0.9474792,50.8589974],[-0.9469074,50.8590104],[-0.9467934,50.8590219],[-0.9467041,50.85905240000001]]}},
{"type":"Feature","properties":{"id":32673,"nach":0.5105423320998419},"geometry":{"type":"LineString","coordinates":[[-0.9466914,50.8596043],[-0.9465696,50.8595914],[-0.9462819,50.8595551],[-0.9461834,50.8595208],[-0.9460367,50.8593904]]}},
{"type":"Feature","properties":{"id":32672,"nach":0.51871423924128957},"geometry":{"type":"LineString","coordinates":[[-0.9466914,50.8596043],[-0.947282,50.859648200000017],[-0.9474776,50.859671400000011],[-0.9475503,50.8596919]]}},
{"type":"Feature","properties":{"id":41340,"nach":0.50556105144550245},"geometry":{"type":"LineString","coordinates":[[-0.9476304,50.859937700000017],[-0.947615,50.8598534],[-0.94760070000001,50.8597578],[-0.9475503,50.8596919]]}},
{"type":"Feature","properties":{"id":41343,"nach":0.53148338047187194},"geometry":{"type":"LineString","coordinates":[[-0.9477161,50.8603624],[-0.9476738,50.8601505],[-0.9476408,50.8599944],[-0.9476304,50.859937700000017]]}},
{"type":"Feature","properties":{"id":41344,"nach":0.43790366496348754},"geometry":{"type":"LineString","coordinates":[[-0.9477161,50.8603624],[-0.947139,50.86043],[-0.946573,50.8604368]]}},
{"type":"Feature","properties":{"id":41338,"nach":0.51893908457056348},"geometry":{"type":"LineString","coordinates":[[-0.9476304,50.859937700000017],[-0.9471963,50.8599679]]}},
{"type":"Feature","properties":{"id":40186,"nach":0.1836784166523818},"geometry":{"type":"LineString","coordinates":[[-0.9451993,50.8568077],[-0.944887,50.8569092]]}},
{"type":"Feature","properties":{"id":40187,"nach":0.39217444683583924},"geometry":{"type":"LineString","coordinates":[[-0.9451993,50.8568077],[-0.9450997,50.8566819],[-0.944875,50.8565421]]}},
{"type":"Feature","properties":{"id":39984,"nach":0.42967960612118683},"geometry":{"type":"LineString","coordinates":[[-0.9423457,50.8560616],[-0.942568,50.8559361]]}},
{"type":"Feature","properties":{"id":47008,"nach":0.42479077096878715},"geometry":{"type":"LineString","coordinates":[[-0.9425189,50.8556634],[-0.9427162,50.8558058],[-0.9425853,50.855881],[-0.942568,50.8559361]]}},
{"type":"Feature","properties":{"id":36876,"nach":0.49794036954761084},"geometry":{"type":"LineString","coordinates":[[-0.944398,50.8685695],[-0.9443443,50.8684874],[-0.9442541,50.868285],[-0.9443146,50.8682099]]}},
{"type":"Feature","properties":{"id":36998,"nach":0.52318051393477671},"geometry":{"type":"LineString","coordinates":[[-0.9435778,50.8684568],[-0.9436749,50.8684611],[-0.9440074,50.8685146],[-0.944398,50.8685695]]}},
{"type":"Feature","properties":{"id":36814,"nach":0.38742764128787149},"geometry":{"type":"LineString","coordinates":[[-0.9449166,50.8693024],[-0.9450084,50.8693052],[-0.945146,50.8692978]]}},
{"type":"Feature","properties":{"id":36819,"nach":0.45300764446369873},"geometry":{"type":"LineString","coordinates":[[-0.9449913,50.8694637],[-0.9449873,50.8694104],[-0.9449667,50.8693718],[-0.9449166,50.8693024]]}},
{"type":"Feature","properties":{"id":37219,"nach":0.52256460872083388},"geometry":{"type":"LineString","coordinates":[[-0.945023,50.8671439],[-0.9450173,50.8672217],[-0.9449788,50.86732580000001]]}},
{"type":"Feature","properties":{"id":36763,"nach":0.34663764576852196},"geometry":{"type":"LineString","coordinates":[[-0.9468118,50.8676743],[-0.9466474,50.8675748],[-0.9464531,50.8675164],[-0.9462791,50.8674421],[-0.9461337,50.8673745],[-0.9459876,50.8673154],[-0.9458654,50.8672978],[-0.9456738,50.8672866],[-0.9455122,50.8672881],[-0.9453351,50.8672937],[-0.9452061,50.8672976],[-0.9451032,50.8673137],[-0.9449788,50.86732580000001]]}},
{"type":"Feature","properties":{"id":37218,"nach":0.55543830717638731},"geometry":{"type":"LineString","coordinates":[[-0.945023,50.8671439],[-0.9450308,50.8670839],[-0.9450506,50.8669931],[-0.9450701,50.8669443],[-0.9452026,50.866613399999984],[-0.9452844,50.8665181],[-0.9454266,50.866438299999984],[-0.9455163,50.8663838],[-0.9455813,50.8663073],[-0.9456878,50.8662428]]}},
{"type":"Feature","properties":{"id":37220,"nach":0.51589274422670661},"geometry":{"type":"LineString","coordinates":[[-0.945023,50.8671439],[-0.9449157,50.8671454],[-0.9447628,50.8671785],[-0.9446729,50.8672797],[-0.944683,50.8674573],[-0.9445359,50.8675513],[-0.9443611,50.8676996],[-0.944129,50.8678014],[-0.9437085,50.8679288],[-0.943599,50.8679629]]}},
{"type":"Feature","properties":{"id":36762,"nach":0.44480127416188459},"geometry":{"type":"LineString","coordinates":[[-0.9468118,50.8676743],[-0.9468221,50.8675736],[-0.9467988,50.867474899999984],[-0.9467413,50.8673978],[-0.9466894,50.8672921],[-0.9466212,50.8671991],[-0.9464289,50.867012700000011],[-0.9463678,50.8669228],[-0.9462693,50.866735300000016],[-0.9461702,50.8664835],[-0.9460215,50.8663151]]}},
{"type":"Feature","properties":{"id":36764,"nach":0.47114770517105958},"geometry":{"type":"LineString","coordinates":[[-0.9469254,50.8677625],[-0.9468118,50.8676743]]}},
{"type":"Feature","properties":{"id":36849,"nach":0.57954060360145521},"geometry":{"type":"LineString","coordinates":[[-0.9452107,50.866108],[-0.9454729,50.8661914],[-0.9456878,50.8662428]]}},
{"type":"Feature","properties":{"id":36758,"nach":0.51697596373467236},"geometry":{"type":"LineString","coordinates":[[-0.9460215,50.8663151],[-0.9458816,50.8662965],[-0.9456878,50.8662428]]}},
{"type":"Feature","properties":{"id":36853,"nach":0.59008407267836938},"geometry":{"type":"LineString","coordinates":[[-0.9440139,50.8661157],[-0.9442344,50.8659949],[-0.9446002,50.865993],[-0.9449041,50.8660337],[-0.9450115,50.86604710000001],[-0.9452107,50.866108]]}},
{"type":"Feature","properties":{"id":36759,"nach":0.44822257939118126},"geometry":{"type":"LineString","coordinates":[[-0.9460215,50.8663151],[-0.9461642,50.866349200000016],[-0.9463298,50.8663808],[-0.9465205,50.86641430000001],[-0.9467199,50.8664495],[-0.946832,50.866451500000011],[-0.9469623,50.8664422],[-0.9471549,50.8664452],[-0.9473979,50.866450400000012],[-0.9475617,50.86646420000001],[-0.9477,50.8664894],[-0.947954,50.8665192],[-0.9481941,50.8665575],[-0.9484077,50.8665852]]}},
{"type":"Feature","properties":{"id":36739,"nach":0.57176963785890089},"geometry":{"type":"LineString","coordinates":[[-0.9481248,50.8648875],[-0.9481726,50.8649385]]}},
{"type":"Feature","properties":{"id":36741,"nach":0.0},"geometry":{"type":"LineString","coordinates":[[-0.9481248,50.8648875],[-0.9480387,50.864978],[-0.9479567,50.86503350000001],[-0.9479863,50.8651327],[-0.9480031,50.8652189],[-0.9480094,50.8653775],[-0.9481909,50.8654658]]}},
{"type":"Feature","properties":{"id":36747,"nach":0.5374375796872467},"geometry":{"type":"LineString","coordinates":[[-0.9483232,50.8652018],[-0.9482492,50.8650599],[-0.9481796,50.8650182],[-0.9481726,50.8649385]]}},
{"type":"Feature","properties":{"id":36743,"nach":0.47868278263515196},"geometry":{"type":"LineString","coordinates":[[-0.9484176,50.865039],[-0.9482618,50.8649747],[-0.9481726,50.8649385]]}},
{"type":"Feature","properties":{"id":36746,"nach":0.534131665762414},"geometry":{"type":"LineString","coordinates":[[-0.9483232,50.8652018],[-0.9482707,50.8652669],[-0.948179,50.8654367],[-0.9481909,50.8654658]]}},
{"type":"Feature","properties":{"id":36745,"nach":0.33023796142107387},"geometry":{"type":"LineString","coordinates":[[-0.9483232,50.8652018],[-0.9484176,50.865039]]}},
{"type":"Feature","properties":{"id":36753,"nach":0.44469492440754554},"geometry":{"type":"LineString","coordinates":[[-0.9487366,50.8666436],[-0.9487345,50.8664946],[-0.9487766,50.8662604],[-0.9488211,50.866126500000014],[-0.9488234,50.866044],[-0.948842,50.8659645],[-0.9488435,50.8657992],[-0.9488489,50.8656048],[-0.9488473,50.8655133],[-0.9488382,50.8654011],[-0.9486774,50.8652192],[-0.9484988,50.865100199999986],[-0.9484176,50.865039]]}},
{"type":"Feature","properties":{"id":37221,"nach":0.55750527264439942},"geometry":{"type":"LineString","coordinates":[[-0.9480152,50.8675212],[-0.9480967,50.8674931],[-0.9482754,50.86748140000001]]}},
{"type":"Feature","properties":{"id":36748,"nach":0.52113230782761533},"geometry":{"type":"LineString","coordinates":[[-0.9484077,50.8665852],[-0.9484173,50.8666319],[-0.9484299,50.8666988],[-0.9483508,50.866883699999988],[-0.948302,50.8670945],[-0.9482305,50.8672647],[-0.9482374,50.8674824],[-0.9482754,50.86748140000001]]}},
{"type":"Feature","properties":{"id":37222,"nach":0.55264756234660717},"geometry":{"type":"LineString","coordinates":[[-0.9480152,50.8675212],[-0.947905,50.8675592],[-0.9475304,50.8676132],[-0.9472398,50.8676868],[-0.9469254,50.8677625]]}},
{"type":"Feature","properties":{"id":36749,"nach":0.53240985628307613},"geometry":{"type":"LineString","coordinates":[[-0.9484077,50.8665852],[-0.9484031,50.866456599999985],[-0.9483863,50.866274100000012],[-0.9483817,50.8661782],[-0.9483547,50.8660912],[-0.9483312,50.86594620000001],[-0.9482759,50.865850300000012],[-0.9482546,50.8657276],[-0.9482581,50.8656302],[-0.9482255,50.8655502],[-0.9481909,50.8654658]]}},
{"type":"Feature","properties":{"id":36752,"nach":0.41880631540047525},"geometry":{"type":"LineString","coordinates":[[-0.9487366,50.8666436],[-0.9485092,50.866599899999983],[-0.9484077,50.8665852]]}},
{"type":"Feature","properties":{"id":41445,"nach":0.52158875131096416},"geometry":{"type":"LineString","coordinates":[[-0.9473357,50.864346899999987],[-0.9472491,50.8642647]]}},
{"type":"Feature","properties":{"id":41449,"nach":0.44465696993989817},"geometry":{"type":"LineString","coordinates":[[-0.9474379,50.8642158],[-0.9474139,50.8642261],[-0.9473723,50.8642146],[-0.9472491,50.8642647]]}},
{"type":"Feature","properties":{"id":37105,"nach":0.55887054202472253},"geometry":{"type":"LineString","coordinates":[[-0.9465636,50.8678543],[-0.9467172,50.8678114],[-0.9469254,50.8677625]]}},
{"type":"Feature","properties":{"id":37106,"nach":0.5290412239023643},"geometry":{"type":"LineString","coordinates":[[-0.9465636,50.8678543],[-0.9464899,50.8678749],[-0.9461269,50.8680486],[-0.9456319,50.8682248],[-0.9455302,50.8682899]]}},
{"type":"Feature","properties":{"id":37107,"nach":0.47823592810327137},"geometry":{"type":"LineString","coordinates":[[-0.9465636,50.8678543],[-0.9464055,50.86795510000001],[-0.9463967,50.868007799999987],[-0.9463928,50.868119900000011],[-0.9463477,50.8682155],[-0.9462924,50.868307400000013],[-0.9462182,50.8684582],[-0.9462439,50.8685124]]}},
{"type":"Feature","properties":{"id":37257,"nach":0.542946740127905},"geometry":{"type":"LineString","coordinates":[[-0.9439004,50.8680599],[-0.9443146,50.8682099]]}},
{"type":"Feature","properties":{"id":37258,"nach":0.53004622545445257},"geometry":{"type":"LineString","coordinates":[[-0.9439004,50.8680599],[-0.943599,50.8679629]]}},
{"type":"Feature","properties":{"id":37256,"nach":0.42664117667971152},"geometry":{"type":"LineString","coordinates":[[-0.9439004,50.8680599],[-0.9435366,50.868127]]}},
{"type":"Feature","properties":{"id":36777,"nach":0.3779715691172762},"geometry":{"type":"LineString","coordinates":[[-0.946027,50.8697558],[-0.9463313,50.8697415],[-0.9465796,50.8696291],[-0.9468538,50.8694334],[-0.9469964,50.869345599999988],[-0.94724,50.8693072],[-0.9474891,50.8692505],[-0.9478256,50.869162300000013],[-0.948261,50.8688508]]}},
{"type":"Feature","properties":{"id":36783,"nach":0.44411185907061246},"geometry":{"type":"LineString","coordinates":[[-0.9463439,50.868703],[-0.9466958,50.86871],[-0.9471655,50.86873880000001],[-0.9473863,50.8686941],[-0.9476603,50.8687025],[-0.9478945,50.8687616],[-0.948261,50.8688508]]}},
{"type":"Feature","properties":{"id":36781,"nach":0.45797446622725624},"geometry":{"type":"LineString","coordinates":[[-0.9458793,50.8691584],[-0.9459666,50.8693386],[-0.946037,50.8695657],[-0.946027,50.8697558]]}},
{"type":"Feature","properties":{"id":36786,"nach":0.46445038045924641},"geometry":{"type":"LineString","coordinates":[[-0.9450459,50.8702033],[-0.9452938,50.8700934],[-0.9453982,50.870052399999985],[-0.945536,50.8698869],[-0.9456167,50.8698244],[-0.9458193,50.869773],[-0.946027,50.8697558]]}},
{"type":"Feature","properties":{"id":36784,"nach":0.47908525034879679},"geometry":{"type":"LineString","coordinates":[[-0.9463439,50.868703],[-0.9462552,50.868937],[-0.946121,50.8690204],[-0.9459744,50.8691217],[-0.9458793,50.8691584]]}},
{"type":"Feature","properties":{"id":37003,"nach":0.50682984980332269},"geometry":{"type":"LineString","coordinates":[[-0.9462439,50.8685124],[-0.9463439,50.868703]]}},
{"type":"Feature","properties":{"id":37265,"nach":0.47121782843279542},"geometry":{"type":"LineString","coordinates":[[-0.9457444,50.8691779],[-0.9458793,50.8691584]]}},
{"type":"Feature","properties":{"id":36795,"nach":0.49395503994705858},"geometry":{"type":"LineString","coordinates":[[-0.9447708,50.8704745],[-0.9448296,50.8704294],[-0.9449329,50.8703254],[-0.9450459,50.8702033]]}},
{"type":"Feature","properties":{"id":36801,"nach":0.44580236341286705},"geometry":{"type":"LineString","coordinates":[[-0.9445548,50.870318],[-0.9447477,50.8702667],[-0.9450459,50.8702033]]}},
{"type":"Feature","properties":{"id":36817,"nach":0.47353366832960442},"geometry":{"type":"LineString","coordinates":[[-0.9449913,50.8694637],[-0.9449797,50.8695776],[-0.9449934,50.8696925],[-0.9450461,50.8698095],[-0.9451064,50.8699188],[-0.9450718,50.8700183],[-0.9450459,50.8702033]]}},
{"type":"Feature","properties":{"id":37266,"nach":0.4180563443510299},"geometry":{"type":"LineString","coordinates":[[-0.9457444,50.8691779],[-0.9456879,50.869191],[-0.9455831,50.8692239],[-0.9453414,50.8692758],[-0.9452668,50.8692926],[-0.945146,50.8692978]]}},
{"type":"Feature","properties":{"id":37005,"nach":0.15773494343255545},"geometry":{"type":"LineString","coordinates":[[-0.9462439,50.8685124],[-0.9460768,50.868475],[-0.9458156,50.868361399999984],[-0.9455302,50.8682899]]}},
{"type":"Feature","properties":{"id":36798,"nach":0.39140329123139422},"geometry":{"type":"LineString","coordinates":[[-0.944711,50.8704817],[-0.9447708,50.8704745]]}},
{"type":"Feature","properties":{"id":36799,"nach":0.4960519291647541},"geometry":{"type":"LineString","coordinates":[[-0.9445548,50.870318],[-0.944711,50.8704817]]}},
{"type":"Feature","properties":{"id":37111,"nach":0.41875193095313518},"geometry":{"type":"LineString","coordinates":[[-0.9422743,50.8712272],[-0.9424094,50.8710087],[-0.9425252,50.8708707],[-0.9427418,50.8708075],[-0.9430938,50.8706726],[-0.9433685,50.8706619],[-0.9435754,50.870614],[-0.9438442,50.870514],[-0.9440424,50.8704016],[-0.9442708,50.870350500000015],[-0.9445548,50.870318]]}},
{"type":"Feature","properties":{"id":36818,"nach":0.43981609819530737},"geometry":{"type":"LineString","coordinates":[[-0.9449913,50.8694637],[-0.9451081,50.869341],[-0.945146,50.8692978]]}},
{"type":"Feature","properties":{"id":37268,"nach":0.54367081062975342},"geometry":{"type":"LineString","coordinates":[[-0.9410278,50.8701737],[-0.9411171,50.8700135],[-0.9412513,50.8698792],[-0.9414163,50.8697361]]}},
{"type":"Feature","properties":{"id":36839,"nach":0.54619174058693365},"geometry":{"type":"LineString","coordinates":[[-0.941508,50.8696338],[-0.941483,50.8696723],[-0.9414163,50.8697361]]}},
{"type":"Feature","properties":{"id":36961,"nach":0.38646381666015062},"geometry":{"type":"LineString","coordinates":[[-0.9403074,50.8693619],[-0.9404178,50.8694435],[-0.9406057,50.8695831],[-0.9408697,50.8696762],[-0.9412131,50.8697203],[-0.9414163,50.8697361]]}},
{"type":"Feature","properties":{"id":36844,"nach":0.44965344771192939},"geometry":{"type":"LineString","coordinates":[[-0.9421517,50.8697225],[-0.9420301,50.8697142],[-0.9417517,50.869685599999983],[-0.941508,50.8696338]]}},
{"type":"Feature","properties":{"id":36893,"nach":0.42313934247100787},"geometry":{"type":"LineString","coordinates":[[-0.9411646,50.8690539],[-0.9412436,50.8692342],[-0.9413562,50.8694062],[-0.9414243,50.869554699999988],[-0.941508,50.8696338]]}},
{"type":"Feature","properties":{"id":36890,"nach":0.51692368118817178},"geometry":{"type":"LineString","coordinates":[[-0.9416446,50.8692633],[-0.9416217,50.86941],[-0.9415663,50.8695475],[-0.941508,50.8696338]]}},
{"type":"Feature","properties":{"id":36960,"nach":0.3991659531512447},"geometry":{"type":"LineString","coordinates":[[-0.9403074,50.8693619],[-0.9401368,50.869032300000015],[-0.940051,50.8688517]]}},
{"type":"Feature","properties":{"id":37250,"nach":0.49718004931562809},"geometry":{"type":"LineString","coordinates":[[-0.9403509,50.8693084],[-0.9403074,50.8693619]]}},
{"type":"Feature","properties":{"id":37248,"nach":0.49403633685772136},"geometry":{"type":"LineString","coordinates":[[-0.9398542,50.8697213],[-0.9399504,50.8696275],[-0.9401237,50.8694673],[-0.9403074,50.8693619]]}},
{"type":"Feature","properties":{"id":36885,"nach":0.47487070421781158},"geometry":{"type":"LineString","coordinates":[[-0.9421915,50.8695023],[-0.9421517,50.8697225]]}},
{"type":"Feature","properties":{"id":36946,"nach":0.51930442793229725},"geometry":{"type":"LineString","coordinates":[[-0.9415505,50.8688712],[-0.9411646,50.8690539]]}},
{"type":"Feature","properties":{"id":36943,"nach":0.46623896277438054},"geometry":{"type":"LineString","coordinates":[[-0.941087,50.8688316],[-0.9411646,50.8690539]]}},
{"type":"Feature","properties":{"id":37252,"nach":0.48859736934636289},"geometry":{"type":"LineString","coordinates":[[-0.9403509,50.8693084],[-0.9408403,50.869160900000011],[-0.9411646,50.8690539]]}},
{"type":"Feature","properties":{"id":36889,"nach":0.39017044015716074},"geometry":{"type":"LineString","coordinates":[[-0.9416446,50.8692633],[-0.9418043,50.8693542],[-0.9419942,50.8694568],[-0.9421915,50.8695023]]}},
{"type":"Feature","properties":{"id":36947,"nach":0.53199707067115387},"geometry":{"type":"LineString","coordinates":[[-0.9415505,50.8688712],[-0.9416446,50.8692633]]}},
{"type":"Feature","properties":{"id":37260,"nach":0.47265537680895336},"geometry":{"type":"LineString","coordinates":[[-0.9425664,50.8690558],[-0.9424011,50.8691512],[-0.9422905,50.8692236],[-0.942229,50.8693033],[-0.9421915,50.8695023]]}},
{"type":"Feature","properties":{"id":37012,"nach":0.59174745976501342},"geometry":{"type":"LineString","coordinates":[[-0.9436397,50.8662044],[-0.9437209,50.8662359],[-0.9437976,50.8662609],[-0.9438795,50.866236199999989],[-0.9439663,50.8661738],[-0.9440139,50.8661157]]}},
{"type":"Feature","properties":{"id":36864,"nach":0.41002925387191402},"geometry":{"type":"LineString","coordinates":[[-0.9433108,50.86671],[-0.9433468,50.86677490000001],[-0.9434288,50.8669057],[-0.9433741,50.867022399999989],[-0.9433125,50.867141],[-0.9431743,50.867446],[-0.9431548,50.8675201]]}},
{"type":"Feature","properties":{"id":36863,"nach":0.54239525089680496},"geometry":{"type":"LineString","coordinates":[[-0.943599,50.8679629],[-0.9433839,50.8677726],[-0.9432148,50.8675885],[-0.9431548,50.8675201]]}},
{"type":"Feature","properties":{"id":36871,"nach":0.50756324659490371},"geometry":{"type":"LineString","coordinates":[[-0.9433843,50.8680567],[-0.943599,50.8679629]]}},
{"type":"Feature","properties":{"id":36874,"nach":0.52793333709809798},"geometry":{"type":"LineString","coordinates":[[-0.943164,50.868082],[-0.9433843,50.8680567]]}},
{"type":"Feature","properties":{"id":36994,"nach":0.46346709023706284},"geometry":{"type":"LineString","coordinates":[[-0.9435366,50.868127],[-0.9433843,50.8680567]]}},
{"type":"Feature","properties":{"id":36896,"nach":0.57912141086943192},"geometry":{"type":"LineString","coordinates":[[-0.943244,50.8683302],[-0.943164,50.868082]]}},
{"type":"Feature","properties":{"id":36908,"nach":0.56784302533106035},"geometry":{"type":"LineString","coordinates":[[-0.9430576,50.8678093],[-0.9431171,50.8679774],[-0.943164,50.868082]]}},
{"type":"Feature","properties":{"id":36999,"nach":0.38933894676127795},"geometry":{"type":"LineString","coordinates":[[-0.9435778,50.8684568],[-0.9435807,50.8683259],[-0.9436019,50.868226800000016],[-0.9435366,50.868127]]}},
{"type":"Feature","properties":{"id":36895,"nach":0.58168549575844419},"geometry":{"type":"LineString","coordinates":[[-0.943244,50.8683302],[-0.9432906,50.8684607]]}},
{"type":"Feature","properties":{"id":37264,"nach":0.55698351855188744},"geometry":{"type":"LineString","coordinates":[[-0.9424973,50.8685707],[-0.9427706,50.8684895],[-0.9430259,50.8683984],[-0.943244,50.8683302]]}},
{"type":"Feature","properties":{"id":36909,"nach":0.47650453314197988},"geometry":{"type":"LineString","coordinates":[[-0.9430576,50.8678093],[-0.9428776,50.867791],[-0.9424721,50.8677635],[-0.9420062,50.8677491]]}},
{"type":"Feature","properties":{"id":36997,"nach":0.53555834351477405},"geometry":{"type":"LineString","coordinates":[[-0.9435778,50.8684568],[-0.9435172,50.86845],[-0.9432906,50.8684607]]}},
{"type":"Feature","properties":{"id":37262,"nach":0.39547454041720809},"geometry":{"type":"LineString","coordinates":[[-0.9424973,50.8685707],[-0.9425664,50.8690558]]}},
{"type":"Feature","properties":{"id":36949,"nach":0.58531826750720228},"geometry":{"type":"LineString","coordinates":[[-0.9415505,50.8688712],[-0.9417947,50.868779]]}},
{"type":"Feature","properties":{"id":36950,"nach":0.45189634737302153},"geometry":{"type":"LineString","coordinates":[[-0.9414767,50.868678],[-0.9415505,50.8688712]]}},
{"type":"Feature","properties":{"id":36944,"nach":0.46682351958320178},"geometry":{"type":"LineString","coordinates":[[-0.941087,50.8688316],[-0.9410931,50.8688087],[-0.9410916,50.8685869]]}},
{"type":"Feature","properties":{"id":36954,"nach":0.44712440541999887},"geometry":{"type":"LineString","coordinates":[[-0.9405822,50.868956600000011],[-0.9407663,50.8688997],[-0.940894,50.8688687],[-0.941087,50.8688316]]}},
{"type":"Feature","properties":{"id":37251,"nach":0.39251380236348421},"geometry":{"type":"LineString","coordinates":[[-0.9403509,50.8693084],[-0.940427,50.8692148],[-0.9404761,50.86914070000001],[-0.9405362,50.8690467],[-0.9405822,50.868956600000011]]}},
{"type":"Feature","properties":{"id":37263,"nach":0.54713957408794822},"geometry":{"type":"LineString","coordinates":[[-0.9424973,50.8685707],[-0.9423056,50.8686277],[-0.9417947,50.868779]]}},
{"type":"Feature","properties":{"id":36902,"nach":0.53166206671664229},"geometry":{"type":"LineString","coordinates":[[-0.9418937,50.8679657],[-0.9418153,50.8682453],[-0.9417947,50.868779]]}},
{"type":"Feature","properties":{"id":36904,"nach":0.54639953686395748},"geometry":{"type":"LineString","coordinates":[[-0.9420062,50.8677491],[-0.9418937,50.8679657]]}},
{"type":"Feature","properties":{"id":36952,"nach":0.36654401475375115},"geometry":{"type":"LineString","coordinates":[[-0.9414767,50.868678],[-0.9414563,50.8683163],[-0.9415285,50.8680962],[-0.9418937,50.8679657]]}},
{"type":"Feature","properties":{"id":36910,"nach":0.56325741098836168},"geometry":{"type":"LineString","coordinates":[[-0.942087,50.8676261],[-0.9420062,50.8677491]]}},
{"type":"Feature","properties":{"id":36951,"nach":0.43580426827251811},"geometry":{"type":"LineString","coordinates":[[-0.9414767,50.868678],[-0.9413901,50.8686219],[-0.9410916,50.8685869]]}},
{"type":"Feature","properties":{"id":36933,"nach":0.48076837811145784},"geometry":{"type":"LineString","coordinates":[[-0.9419411,50.8675184],[-0.942087,50.8676261]]}},
{"type":"Feature","properties":{"id":36935,"nach":0.45160421784707411},"geometry":{"type":"LineString","coordinates":[[-0.9419411,50.8675184],[-0.9422575,50.867178700000011]]}},
{"type":"Feature","properties":{"id":36934,"nach":0.45143360945299021},"geometry":{"type":"LineString","coordinates":[[-0.9419411,50.8675184],[-0.9416456,50.8675647]]}},
{"type":"Feature","properties":{"id":36989,"nach":0.43756423860260546},"geometry":{"type":"LineString","coordinates":[[-0.9423392,50.8669173],[-0.9420353,50.8670858]]}},
{"type":"Feature","properties":{"id":36990,"nach":0.47271776968286078},"geometry":{"type":"LineString","coordinates":[[-0.9423392,50.8669173],[-0.9422918,50.866896],[-0.9422779,50.866853],[-0.9423104,50.8667959],[-0.9423269,50.866733300000014]]}},
{"type":"Feature","properties":{"id":36926,"nach":0.44009438118511357},"geometry":{"type":"LineString","coordinates":[[-0.9420353,50.8670858],[-0.9421312,50.8670697],[-0.9422195,50.8671195],[-0.9422575,50.867178700000011]]}},
{"type":"Feature","properties":{"id":36929,"nach":0.41816402088007565},"geometry":{"type":"LineString","coordinates":[[-0.9417066,50.8672271],[-0.9418884,50.8671453],[-0.9420353,50.8670858]]}},
{"type":"Feature","properties":{"id":36931,"nach":0.49410025709523248},"geometry":{"type":"LineString","coordinates":[[-0.9416456,50.8675647],[-0.9417066,50.8672271]]}},
{"type":"Feature","properties":{"id":36979,"nach":0.50939774643204638},"geometry":{"type":"LineString","coordinates":[[-0.9416992,50.867041],[-0.9417066,50.8672271]]}},
{"type":"Feature","properties":{"id":36937,"nach":0.47783939427993055},"geometry":{"type":"LineString","coordinates":[[-0.9408389,50.8682192],[-0.9410063,50.86809980000001],[-0.9413503,50.86793140000001],[-0.9416456,50.8675647]]}},
{"type":"Feature","properties":{"id":36982,"nach":0.49854535036466857},"geometry":{"type":"LineString","coordinates":[[-0.9413926,50.8672178],[-0.9416992,50.867041]]}},
{"type":"Feature","properties":{"id":36986,"nach":0.53916717380277457},"geometry":{"type":"LineString","coordinates":[[-0.9423269,50.866733300000014],[-0.9421823,50.8667899],[-0.9420414,50.866858],[-0.9418108,50.8669832],[-0.9417227,50.8670208],[-0.9416992,50.867041]]}},
{"type":"Feature","properties":{"id":36940,"nach":0.49286866520809536},"geometry":{"type":"LineString","coordinates":[[-0.9410916,50.8685869],[-0.9408389,50.8682192]]}},
{"type":"Feature","properties":{"id":36970,"nach":0.36828594946604071},"geometry":{"type":"LineString","coordinates":[[-0.9401918,50.8684612],[-0.940437,50.868342],[-0.9406881,50.86823960000001],[-0.9408389,50.8682192]]}},
{"type":"Feature","properties":{"id":36973,"nach":0.40286741117548375},"geometry":{"type":"LineString","coordinates":[[-0.9407243,50.8678867],[-0.9408315,50.868164300000011],[-0.9408389,50.8682192]]}},
{"type":"Feature","properties":{"id":36971,"nach":0.40852676588156273},"geometry":{"type":"LineString","coordinates":[[-0.9401918,50.8684612],[-0.9400211,50.8686297],[-0.9399968,50.868736],[-0.940051,50.8688517]]}},
{"type":"Feature","properties":{"id":36974,"nach":0.40690817205045365},"geometry":{"type":"LineString","coordinates":[[-0.9407243,50.8678867],[-0.9405481,50.8681219],[-0.9404003,50.86821470000001],[-0.9402855,50.8683225],[-0.9401918,50.8684612]]}},
{"type":"Feature","properties":{"id":36978,"nach":0.4511885331945546},"geometry":{"type":"LineString","coordinates":[[-0.9410629,50.8674],[-0.9409093,50.8675892],[-0.9407243,50.8678867]]}},
{"type":"Feature","properties":{"id":36957,"nach":0.34395632916280189},"geometry":{"type":"LineString","coordinates":[[-0.940051,50.8688517],[-0.9403545,50.8688989],[-0.9405822,50.868956600000011]]}},
{"type":"Feature","properties":{"id":36984,"nach":0.47688912212369622},"geometry":{"type":"LineString","coordinates":[[-0.9413926,50.8672178],[-0.9413206,50.8673655],[-0.9412555,50.8674213],[-0.9411898,50.8674233],[-0.9410629,50.8674]]}},
{"type":"Feature","properties":{"id":39207,"nach":0.45489972862877426},"geometry":{"type":"LineString","coordinates":[[-0.9450713,50.85865410000001],[-0.9450119,50.8587225],[-0.9449659,50.858752100000011],[-0.9443664,50.8590252]]}},
{"type":"Feature","properties":{"id":41335,"nach":0.43984249188548369},"geometry":{"type":"LineString","coordinates":[[-0.9471963,50.8599679],[-0.9471787,50.85987380000001]]}},
{"type":"Feature","properties":{"id":41336,"nach":0.43984249188548369},"geometry":{"type":"LineString","coordinates":[[-0.9471963,50.8599679],[-0.9472256,50.8601252]]}},
{"type":"Feature","properties":{"id":41450,"nach":0.44267851865619684},"geometry":{"type":"LineString","coordinates":[[-0.9475049,50.8642758],[-0.9473357,50.864346899999987]]}},
{"type":"Feature","properties":{"id":41453,"nach":0.44208850768695401},"geometry":{"type":"LineString","coordinates":[[-0.9470799,50.8644022],[-0.9472436,50.8643856],[-0.9473357,50.864346899999987]]}},
{"type":"Feature","properties":{"id":41452,"nach":0.0},"geometry":{"type":"LineString","coordinates":[[-0.9475049,50.8642758],[-0.947713,50.8641884],[-0.9476472,50.8641258],[-0.9474379,50.8642158]]}},
{"type":"Feature","properties":{"id":41475,"nach":0.38786450436310987},"geometry":{"type":"LineString","coordinates":[[-0.9455035,50.8629919],[-0.9455028,50.8629125]]}},
{"type":"Feature","properties":{"id":41716,"nach":0.21915964188296835},"geometry":{"type":"LineString","coordinates":[[-0.9482853,50.8714031],[-0.9483231,50.8712998],[-0.9485466,50.87118370000001],[-0.9488621,50.8710343],[-0.949033,50.8707605],[-0.9491579,50.8704701],[-0.9491842,50.8701881],[-0.9491842,50.8699765],[-0.9492828,50.8697732],[-0.9497956,50.8694475],[-0.9500421,50.8693231]]}}
]
}
