{
"type": "FeatureCollection",
"name": "MILKE_365_NACH",
"crs": { "type": "name", "properties": { "name": "urn:ogc:def:crs:OGC:1.3:CRS84" } },
"features": [
{"type":"Feature","properties":{"id":78,"nach":0.52140806402102491},"geometry":{"type":"LineString","coordinates":[[-0.7057638,52.0493611],[-0.7058225,52.0492653],[-0.7058464,52.0492129],[-0.7058605,52.0490523],[-0.7058657,52.0489861],[-0.705879,52.0489369],[-0.7059108,52.0488864],[-0.7059468,52.0488503]]}},
{"type":"Feature","properties":{"id":79,"nach":0.5792331266636469},"geometry":{"type":"LineString","coordinates":[[-0.7057638,52.0493611],[-0.7061316,52.0491705],[-0.7063632,52.0490565]]}},
{"type":"Feature","properties":{"id":77,"nach":0.63490323522167047},"geometry":{"type":"LineString","coordinates":[[-0.704848671626594,52.049921054288674],[-0.7057638,52.0493611]]}},
{"type":"Feature","properties":{"id":45304,"nach":0.0},"geometry":{"type":"LineString","coordinates":[[-0.7059468,52.0488503],[-0.7064481,52.048826800000015],[-0.7065054,52.0487742],[-0.7064994,52.0486342]]}},
{"type":"Feature","properties":{"id":45305,"nach":0.49267456220979944},"geometry":{"type":"LineString","coordinates":[[-0.7059468,52.0488503],[-0.7059408,52.0489596],[-0.7059485,52.0489943],[-0.7059689,52.0490212],[-0.7060107,52.0490449],[-0.7060786,52.0490624],[-0.7061519,52.0490732],[-0.7062524,52.0490705],[-0.7063632,52.0490565]]}},
{"type":"Feature","properties":{"id":45306,"nach":0.5271087430583612},"geometry":{"type":"LineString","coordinates":[[-0.7059468,52.0488503],[-0.7058822,52.0487942],[-0.7058661,52.0487211]]}},
{"type":"Feature","properties":{"id":75440,"nach":0.44947765526954669},"geometry":{"type":"LineString","coordinates":[[-0.7061754,52.0486267],[-0.7060988,52.0486968],[-0.7059768,52.048815200000014],[-0.7059468,52.0488503]]}},
{"type":"Feature","properties":{"id":45309,"nach":0.59625491248534679},"geometry":{"type":"LineString","coordinates":[[-0.7063632,52.0490565],[-0.7066128,52.0489494],[-0.7067486,52.0488863],[-0.7068559,52.0488324],[-0.7069321,52.048785],[-0.7070526,52.048672]]}},
{"type":"Feature","properties":{"id":80,"nach":0.58096735363446395},"geometry":{"type":"LineString","coordinates":[[-0.7070578,52.048582],[-0.707024,52.0485289],[-0.7069806,52.0484772],[-0.7069396,52.0484407],[-0.7068783,52.0484005],[-0.7067786,52.0483445],[-0.7064462,52.048178]]}},
{"type":"Feature","properties":{"id":81,"nach":0.62003815276463481},"geometry":{"type":"LineString","coordinates":[[-0.7070578,52.048582],[-0.7070845,52.0485317],[-0.7071275,52.04848590000001],[-0.7071848,52.0484464],[-0.7072541,52.0484151],[-0.7073323,52.0483931],[-0.7074163,52.0483816]]}},
{"type":"Feature","properties":{"id":82,"nach":0.60993290562314573},"geometry":{"type":"LineString","coordinates":[[-0.7070526,52.048672],[-0.7070488,52.0486269],[-0.7070578,52.048582]]}},
{"type":"Feature","properties":{"id":45307,"nach":0.54214094773394572},"geometry":{"type":"LineString","coordinates":[[-0.7064462,52.048178],[-0.7061763,52.048048799999989],[-0.7059402,52.0479402]]}},
{"type":"Feature","properties":{"id":45308,"nach":0.52490797252708232},"geometry":{"type":"LineString","coordinates":[[-0.7064462,52.048178],[-0.7063232,52.0481544],[-0.7062317,52.0481426],[-0.7061637,52.0481411],[-0.7060555,52.0481622],[-0.7059697,52.0482025]]}},
{"type":"Feature","properties":{"id":747,"nach":0.60008730308792224},"geometry":{"type":"LineString","coordinates":[[-0.7074163,52.0483816],[-0.7075156,52.0483817],[-0.7076121,52.0483963]]}},
{"type":"Feature","properties":{"id":52068,"nach":0.6118245442390714},"geometry":{"type":"LineString","coordinates":[[-0.7067943,52.0482106],[-0.7069183,52.0482696],[-0.7070256,52.0483078],[-0.7071262,52.0483343],[-0.7071697,52.0483461],[-0.7072433,52.0483612],[-0.7073168,52.048372700000016],[-0.7074163,52.0483816]]}},
{"type":"Feature","properties":{"id":110628,"nach":0.55224439603522701},"geometry":{"type":"LineString","coordinates":[[-0.7073305,52.0488784],[-0.7072477,52.0488545],[-0.7071753,52.04882],[-0.707117,52.0487767],[-0.7070754,52.0487265],[-0.7070526,52.048672]]}},
{"type":"Feature","properties":{"id":84,"nach":0.54622416336921742},"geometry":{"type":"LineString","coordinates":[[-0.7076121,52.0483963],[-0.7076915,52.048421],[-0.7077605,52.0484554],[-0.7078161,52.04849810000001],[-0.7078557,52.0485471],[-0.7078774,52.0486002],[-0.7078804,52.0486548]]}},
{"type":"Feature","properties":{"id":83,"nach":0.63120792737684861},"geometry":{"type":"LineString","coordinates":[[-0.7076121,52.0483963],[-0.708447917415198,52.048252507796434]]}},
{"type":"Feature","properties":{"id":11697,"nach":0.45120496219079914},"geometry":{"type":"LineString","coordinates":[[-0.7092359,52.048017],[-0.7100006,52.0478087]]}},
{"type":"Feature","properties":{"id":11698,"nach":0.56797145059931298},"geometry":{"type":"LineString","coordinates":[[-0.7092359,52.048017],[-0.7093823,52.0479193],[-0.7094514,52.0478559],[-0.7094908,52.047816500000017],[-0.7095242,52.047772],[-0.7095491,52.0477212],[-0.7095682,52.0476646],[-0.7095895,52.047622]]}},
{"type":"Feature","properties":{"id":83,"nach":0.63120792737684861},"geometry":{"type":"LineString","coordinates":[[-0.708447917415198,52.048252507796434],[-0.7092359,52.048017]]}},
{"type":"Feature","properties":{"id":110588,"nach":0.54357676011436051},"geometry":{"type":"LineString","coordinates":[[-0.7078804,52.0486548],[-0.7078766,52.048675100000011]]}},
{"type":"Feature","properties":{"id":76471,"nach":0.60086965379366253},"geometry":{"type":"LineString","coordinates":[[-0.7078804,52.0486548],[-0.718762808021943,52.046885143559486]]}},
{"type":"Feature","properties":{"id":85,"nach":0.5816536550150434},"geometry":{"type":"LineString","coordinates":[[-0.7059402,52.0479402],[-0.7054097,52.0476883],[-0.7049661,52.047512099999985],[-0.7045303,52.0473634],[-0.7042157,52.0472678],[-0.7040145,52.0472129],[-0.7037843,52.047151900000017],[-0.7031877,52.0470136]]}},
{"type":"Feature","properties":{"id":90838,"nach":0.53376936018624743},"geometry":{"type":"LineString","coordinates":[[-0.7059697,52.0482025],[-0.7059734,52.0481147],[-0.7059678,52.0480445],[-0.7059402,52.0479402]]}},
{"type":"Feature","properties":{"id":110583,"nach":0.53733251275296778},"geometry":{"type":"LineString","coordinates":[[-0.7031877,52.0470136],[-0.7026327,52.046885]]}},
{"type":"Feature","properties":{"id":110584,"nach":0.54927655888083682},"geometry":{"type":"LineString","coordinates":[[-0.7031877,52.0470136],[-0.7028605,52.0470063],[-0.7027836,52.0470098],[-0.7027305,52.047015900000012],[-0.7026635,52.047027],[-0.7025903,52.0470421],[-0.7025294,52.0470613],[-0.7024609,52.0470821]]}},
{"type":"Feature","properties":{"id":110587,"nach":0.49876913143875906},"geometry":{"type":"LineString","coordinates":[[-0.6967392,52.0440236],[-0.6965305,52.0438226],[-0.6963316,52.0436148],[-0.6961116,52.0433775],[-0.6955755,52.0427912],[-0.6946708,52.0416826]]}},
{"type":"Feature","properties":{"id":88,"nach":0.48082854584723184},"geometry":{"type":"LineString","coordinates":[[-0.696933,52.0441873],[-0.6967392,52.0440236]]}},
{"type":"Feature","properties":{"id":89,"nach":0.68528512379507001},"geometry":{"type":"LineString","coordinates":[[-0.696933,52.0441873],[-0.6967239,52.0442679],[-0.6965791,52.0443062]]}},
{"type":"Feature","properties":{"id":2853,"nach":0.68663135587057933},"geometry":{"type":"LineString","coordinates":[[-0.6969908,52.0439617],[-0.6970083,52.0440536],[-0.6970042,52.0440963],[-0.6969657,52.0441591],[-0.696933,52.0441873]]}},
{"type":"Feature","properties":{"id":110585,"nach":0.46226829278782322},"geometry":{"type":"LineString","coordinates":[[-0.6973081,52.044498],[-0.696933,52.0441873]]}},
{"type":"Feature","properties":{"id":49581,"nach":0.49447410695405286},"geometry":{"type":"LineString","coordinates":[[-0.6965791,52.0443062],[-0.6967049,52.0441822],[-0.6967353,52.04410330000001],[-0.6967392,52.0440236]]}},
{"type":"Feature","properties":{"id":49580,"nach":0.69952232200221121},"geometry":{"type":"LineString","coordinates":[[-0.6965791,52.0443062],[-0.6962991,52.0444153],[-0.696199,52.0444359],[-0.6959764,52.0444717]]}},
{"type":"Feature","properties":{"id":110586,"nach":0.57460361704832708},"geometry":{"type":"LineString","coordinates":[[-0.6973081,52.044498],[-0.6969914,52.0443429],[-0.6968071,52.0442982],[-0.6965791,52.0443062]]}},
{"type":"Feature","properties":{"id":746,"nach":0.58690752092885079},"geometry":{"type":"LineString","coordinates":[[-0.7074147,52.0488902],[-0.7073305,52.0488784]]}},
{"type":"Feature","properties":{"id":110699,"nach":0.45362106051628454},"geometry":{"type":"LineString","coordinates":[[-0.7078766,52.048675100000011],[-0.7078598,52.0487176],[-0.7078315,52.04875770000001],[-0.7077925,52.048794199999989],[-0.7077439,52.0488262],[-0.7076872,52.048852599999989],[-0.707624,52.0488727],[-0.7075562,52.0488859],[-0.7074858,52.0488918],[-0.7074147,52.0488902]]}},
{"type":"Feature","properties":{"id":112306,"nach":0.6424070823501945},"geometry":{"type":"LineString","coordinates":[[-0.7074147,52.0488902],[-0.708142325159781,52.049246829229567]]}},
{"type":"Feature","properties":{"id":110627,"nach":0.58066868537822713},"geometry":{"type":"LineString","coordinates":[[-0.7073305,52.0488784],[-0.705053732305415,52.050018152017984]]}},
{"type":"Feature","properties":{"id":66976,"nach":0.53031358961365049},"geometry":{"type":"LineString","coordinates":[[-0.6948735,52.041619500000017],[-0.6956882,52.0425983],[-0.6964105,52.0433964],[-0.6966447,52.0436454],[-0.6969908,52.0439617]]}},
{"type":"Feature","properties":{"id":2851,"nach":0.51457411506868744},"geometry":{"type":"LineString","coordinates":[[-0.7059243,52.0477663],[-0.7067943,52.0482106]]}},
{"type":"Feature","properties":{"id":2855,"nach":0.51457576052733789},"geometry":{"type":"LineString","coordinates":[[-0.7046937,52.0472515],[-0.704906,52.0472798],[-0.7055878,52.047545],[-0.7059117,52.0476891],[-0.7059243,52.0477663]]}},
{"type":"Feature","properties":{"id":52049,"nach":0.60155102480595701},"geometry":{"type":"LineString","coordinates":[[-0.7068079,52.0480657],[-0.7068025,52.048123],[-0.7067943,52.0482106]]}},
{"type":"Feature","properties":{"id":2852,"nach":0.68685319989526172},"geometry":{"type":"LineString","coordinates":[[-0.6969908,52.0439617],[-0.6971879,52.0441334]]}},
{"type":"Feature","properties":{"id":100675,"nach":0.46066589116633111},"geometry":{"type":"LineString","coordinates":[[-0.6971879,52.0441334],[-0.6975335,52.0444206]]}},
{"type":"Feature","properties":{"id":100676,"nach":0.6845441390944087},"geometry":{"type":"LineString","coordinates":[[-0.6971879,52.0441334],[-0.697482,52.0442508],[-0.6976275,52.0442817],[-0.6977731,52.0442903]]}},
{"type":"Feature","properties":{"id":110510,"nach":0.53100005264432737},"geometry":{"type":"LineString","coordinates":[[-0.7044925,52.0471792],[-0.7046937,52.0472515]]}},
{"type":"Feature","properties":{"id":75734,"nach":0.37001197135352287},"geometry":{"type":"LineString","coordinates":[[-0.7195233,52.0451107],[-0.7194794,52.0451232],[-0.71919510000001,52.0451578],[-0.7189752,52.0451867],[-0.7187592,52.045195],[-0.7185125,52.0451925],[-0.7184266,52.0451958],[-0.7183381,52.045209],[-0.7180806,52.0452626],[-0.7179291,52.0452989],[-0.7177239,52.0453698],[-0.7174061,52.0454638],[-0.7170507,52.0455653],[-0.7166242,52.045691500000011],[-0.7164619,52.0457525],[-0.7161562,52.045835],[-0.7159537,52.0459117],[-0.7157672,52.0459604],[-0.7157297,52.0459785],[-0.7156425,52.0459967],[-0.7155647,52.0460016],[-0.7155057,52.0460124],[-0.7154601,52.046024699999975],[-0.7151349,52.0461542],[-0.7149848,52.0462118],[-0.7146622,52.0463357],[-0.7142761,52.046458599999987],[-0.714076,52.0465378],[-0.7140015,52.046577700000014],[-0.7138791,52.0466798],[-0.7137972,52.0467773],[-0.7137514,52.0468029],[-0.7136798,52.0468221]]}},
{"type":"Feature","properties":{"id":4174,"nach":0.38929270310490521},"geometry":{"type":"LineString","coordinates":[[-0.7136798,52.0468221],[-0.7137865,52.0466988],[-0.7138738,52.0465797],[-0.7139547,52.046501799999987],[-0.7140941,52.0464285],[-0.7142058,52.0463997],[-0.7143378,52.0463552],[-0.714474,52.0463126],[-0.7146038,52.0462668],[-0.7147912,52.046200700000014],[-0.7149348,52.0461647],[-0.715103,52.0461248],[-0.7152977,52.0460416],[-0.7154116,52.0459991],[-0.7154925,52.0459762],[-0.7155872,52.0459579],[-0.7157149,52.0459264],[-0.7158341,52.045878],[-0.7159373,52.0458394],[-0.7162492,52.0457497],[-0.7163577,52.0457267],[-0.7166983,52.045613],[-0.7170954,52.0454904],[-0.7176163,52.0453404],[-0.7179268,52.0452485],[-0.7181732,52.0451422],[-0.7182631,52.0451185],[-0.7185433,52.0449943],[-0.718646,52.0449275],[-0.7187207,52.044892300000022],[-0.7188528,52.044868300000012],[-0.7190326,52.0448543],[-0.7193036,52.0448408]]}},
{"type":"Feature","properties":{"id":54093,"nach":0.55690547226229403},"geometry":{"type":"LineString","coordinates":[[-0.7168383,52.0452197],[-0.7170469,52.045185],[-0.7172932,52.0451233],[-0.7179105,52.0449375],[-0.7185457,52.0447037],[-0.718835,52.0446083],[-0.718926900000011,52.0445507],[-0.7189729,52.0444575]]}},
{"type":"Feature","properties":{"id":53321,"nach":0.58549761591187599},"geometry":{"type":"LineString","coordinates":[[-0.7136798,52.0468221],[-0.713628496183813,52.047296725519047]]}},
{"type":"Feature","properties":{"id":103479,"nach":0.54168810634473019},"geometry":{"type":"LineString","coordinates":[[-0.7136798,52.0468221],[-0.715373479270804,52.054692092579472]]}},
{"type":"Feature","properties":{"id":53319,"nach":0.46991372068757425},"geometry":{"type":"LineString","coordinates":[[-0.7137406,52.0477116],[-0.7139152,52.0478824]]}},
{"type":"Feature","properties":{"id":53322,"nach":0.44232355193301343},"geometry":{"type":"LineString","coordinates":[[-0.714042,52.047724],[-0.7139192,52.0477304],[-0.7138251,52.047724],[-0.7137406,52.0477116]]}},
{"type":"Feature","properties":{"id":53321,"nach":0.58549761591187599},"geometry":{"type":"LineString","coordinates":[[-0.713640886991378,52.047076119585107],[-0.7137406,52.0477116]]}},
{"type":"Feature","properties":{"id":103479,"nach":0.54168810634473019},"geometry":{"type":"LineString","coordinates":[[-0.7135918000015,52.0470837517381],[-0.7151453,52.0550699]]}},
{"type":"Feature","properties":{"id":5283,"nach":0.44445802938026596},"geometry":{"type":"LineString","coordinates":[[-0.7139567,52.047848],[-0.7139152,52.0478824]]}},
{"type":"Feature","properties":{"id":4183,"nach":0.48236117533557993},"geometry":{"type":"LineString","coordinates":[[-0.7139152,52.0478824],[-0.715427926159724,52.054692483641716]]}},
{"type":"Feature","properties":{"id":5284,"nach":0.40188711871580934},"geometry":{"type":"LineString","coordinates":[[-0.7139567,52.047848],[-0.7140646,52.0478134],[-0.7142023,52.04777210000001],[-0.7146761,52.0476887],[-0.7151132,52.047683199999987],[-0.7157432,52.0476865],[-0.7165962,52.047582],[-0.7170173,52.0475047],[-0.7174544,52.0474438],[-0.7178915,52.047454700000017],[-0.7181587,52.0474253],[-0.7184949,52.047362199999988],[-0.7187653,52.0472849]]}},
{"type":"Feature","properties":{"id":53323,"nach":0.18925908685439682},"geometry":{"type":"LineString","coordinates":[[-0.714042,52.047724],[-0.7140032,52.0477601],[-0.7139784,52.0478012],[-0.7139567,52.047848]]}},
{"type":"Feature","properties":{"id":33357,"nach":0.44461965971851114},"geometry":{"type":"LineString","coordinates":[[-0.7078451,52.0493825],[-0.7079345,52.0494377],[-0.7080078,52.0494769],[-0.708069,52.0495021],[-0.7082291,52.0495525],[-0.7083321,52.04958280000001],[-0.7083932,52.0496034],[-0.708421,52.0496212],[-0.7084735,52.0496657],[-0.7085413,52.0497265],[-0.7086417,52.0498152],[-0.7087432,52.0499077],[-0.7088404,52.050005],[-0.7089015,52.0500675],[-0.7089363,52.0501014],[-0.7089567,52.0501415],[-0.7089605,52.0501769],[-0.7089472,52.0502203],[-0.7089175,52.0502769],[-0.7089486,52.0503734]]}},
{"type":"Feature","properties":{"id":33359,"nach":0.44254737183542819},"geometry":{"type":"LineString","coordinates":[[-0.7078451,52.0493825],[-0.7075741,52.0492257],[-0.7073629,52.0491398],[-0.7071075,52.0491144],[-0.7068709,52.0491338],[-0.7066344,52.0491975],[-0.7061049,52.0494747],[-0.7059781,52.0495344],[-0.7058358,52.049618700000018],[-0.705725,52.0496915],[-0.7056336,52.0497648],[-0.7055262,52.049862],[-0.7054522,52.0499429],[-0.7053497,52.0500438],[-0.705257,52.0501144]]}},
{"type":"Feature","properties":{"id":52039,"nach":0.60419824533742506},"geometry":{"type":"LineString","coordinates":[[-0.7078451,52.0493825],[-0.708281971988672,52.04918308584741]]}},
{"type":"Feature","properties":{"id":110580,"nach":0.45234031218842008},"geometry":{"type":"LineString","coordinates":[[-0.7052134,52.049558],[-0.7051138,52.0494953],[-0.7050574,52.04949340000001],[-0.7050102,52.0495015],[-0.7049681,52.0495146],[-0.7048301,52.0495828],[-0.7047576,52.0496277],[-0.7046866,52.049672799999989],[-0.7046386,52.0497045],[-0.7045956,52.049731800000011],[-0.7045533,52.0497596],[-0.7045265,52.0497782]]}},
{"type":"Feature","properties":{"id":63678,"nach":0.59433320802864509},"geometry":{"type":"LineString","coordinates":[[-0.7042442,52.049185],[-0.7043946,52.049229],[-0.7044287,52.0493115],[-0.7044287,52.0493927],[-0.7044198,52.0495506],[-0.7044215,52.0495788],[-0.7044361,52.0496255],[-0.7044552,52.0496732],[-0.7044723,52.04971470000001],[-0.7044846,52.0497366],[-0.7044967,52.049754299999989],[-0.7045265,52.0497782]]}},
{"type":"Feature","properties":{"id":63677,"nach":0.52556236544813417},"geometry":{"type":"LineString","coordinates":[[-0.7042442,52.049185],[-0.7037685,52.0491085],[-0.7035865,52.0491091],[-0.7034043,52.0490954],[-0.7031896,52.049099200000015],[-0.7028087,52.0490234],[-0.7023825,52.0488317],[-0.7022108,52.0487063]]}},
{"type":"Feature","properties":{"id":118035,"nach":0.56597320805188411},"geometry":{"type":"LineString","coordinates":[[-0.7042381,52.0490637],[-0.7042442,52.049185]]}},
{"type":"Feature","properties":{"id":120241,"nach":0.64256606460280974},"geometry":{"type":"LineString","coordinates":[[-0.7080374,52.0475615],[-0.708086,52.047666]]}},
{"type":"Feature","properties":{"id":36264,"nach":0.60380222353738},"geometry":{"type":"LineString","coordinates":[[-0.7082546,52.0479998],[-0.708086,52.047666]]}},
{"type":"Feature","properties":{"id":4215,"nach":0.56861387075492664},"geometry":{"type":"LineString","coordinates":[[-0.708086,52.047666],[-0.7072596,52.0478839],[-0.7069257,52.0479895],[-0.7068439,52.0480241],[-0.7068079,52.0480657]]}},
{"type":"Feature","properties":{"id":52093,"nach":0.5056706128830849},"geometry":{"type":"LineString","coordinates":[[-0.7094881,52.0475829],[-0.7094209,52.0475238],[-0.7093781,52.0474992],[-0.7093316,52.047476],[-0.7092936,52.047463],[-0.7092427,52.0474545],[-0.7091877,52.047449],[-0.7091344,52.0474476],[-0.7090828,52.0474509],[-0.7090303,52.0474603],[-0.7089783,52.0474768],[-0.7089418,52.0474988],[-0.7089088,52.047541],[-0.7088851,52.0475767],[-0.7088534,52.0476012],[-0.7087878,52.0476314],[-0.7084818,52.0477293],[-0.7083487,52.0477394],[-0.7082866,52.0477286],[-0.7081878,52.0476897],[-0.7081313,52.0476595],[-0.708086,52.047666]]}},
{"type":"Feature","properties":{"id":120243,"nach":0.64373717529124708},"geometry":{"type":"LineString","coordinates":[[-0.7080374,52.0475615],[-0.7079879,52.0474722],[-0.7079395,52.0473885],[-0.7078806,52.047321400000016],[-0.7078495,52.0472869]]}},
{"type":"Feature","properties":{"id":120244,"nach":0.46632025368243452},"geometry":{"type":"LineString","coordinates":[[-0.7082478,52.0475081],[-0.7080374,52.0475615]]}},
{"type":"Feature","properties":{"id":52092,"nach":0.4330032625141359},"geometry":{"type":"LineString","coordinates":[[-0.7094881,52.0475829],[-0.709346,52.0476507],[-0.7091138,52.0477357],[-0.708694,52.0478765],[-0.7082546,52.0479998]]}},
{"type":"Feature","properties":{"id":52050,"nach":0.45013248322289551},"geometry":{"type":"LineString","coordinates":[[-0.7068079,52.0480657],[-0.7069653,52.0481148],[-0.7070487,52.048127100000016],[-0.7071543,52.048137],[-0.7072636,52.0481338],[-0.7074115,52.04812290000001],[-0.7075897,52.0481043],[-0.7078183,52.0480716],[-0.7081482,52.0480207],[-0.7082546,52.0479998]]}},
{"type":"Feature","properties":{"id":40994,"nach":0.68684171059932431},"geometry":{"type":"LineString","coordinates":[[-0.7082546,52.0479998],[-0.708522560146747,52.048350081261191]]}},
{"type":"Feature","properties":{"id":52051,"nach":0.55776546866327648},"geometry":{"type":"LineString","coordinates":[[-0.7068079,52.0480657],[-0.7067097,52.0480094],[-0.7066636,52.0479871],[-0.7061726,52.0477399],[-0.7059277,52.0476167],[-0.7048554,52.0471846],[-0.7046367,52.0470558]]}},
{"type":"Feature","properties":{"id":78259,"nach":0.61262137126534499},"geometry":{"type":"LineString","coordinates":[[-0.7069801,52.0462134],[-0.7068745,52.0461027]]}},
{"type":"Feature","properties":{"id":36671,"nach":0.60640500828009725},"geometry":{"type":"LineString","coordinates":[[-0.7067818,52.045992599999984],[-0.7067883,52.046015],[-0.7068014,52.0460345],[-0.7068745,52.0461027]]}},
{"type":"Feature","properties":{"id":36820,"nach":0.42849995958634141},"geometry":{"type":"LineString","coordinates":[[-0.7078285,52.0458741],[-0.7068745,52.0461027]]}},
{"type":"Feature","properties":{"id":114705,"nach":0.60946451819180014},"geometry":{"type":"LineString","coordinates":[[-0.7071934,52.0464087],[-0.7069801,52.0462134]]}},
{"type":"Feature","properties":{"id":99361,"nach":0.52201634368672778},"geometry":{"type":"LineString","coordinates":[[-0.7063993,52.0465718],[-0.7065155,52.046564],[-0.7067706,52.0464659],[-0.7069242,52.0463848],[-0.7069741,52.04630430000001],[-0.7069801,52.0462134]]}},
{"type":"Feature","properties":{"id":36669,"nach":0.36427887716179147},"geometry":{"type":"LineString","coordinates":[[-0.7067818,52.045992599999984],[-0.7077556,52.0457536]]}},
{"type":"Feature","properties":{"id":114703,"nach":0.60433203708141869},"geometry":{"type":"LineString","coordinates":[[-0.7067434,52.0458267],[-0.7067818,52.045992599999984]]}},
{"type":"Feature","properties":{"id":100040,"nach":0.60378747411495148},"geometry":{"type":"LineString","coordinates":[[-0.7065553,52.0446727],[-0.7065128,52.044493]]}},
{"type":"Feature","properties":{"id":97434,"nach":0.60631532650482223},"geometry":{"type":"LineString","coordinates":[[-0.7064077,52.0440591],[-0.70643,52.0440947],[-0.7064491,52.044136],[-0.706464,52.0441908],[-0.7065128,52.044493]]}},
{"type":"Feature","properties":{"id":38017,"nach":0.0},"geometry":{"type":"LineString","coordinates":[[-0.7058473,52.0452913],[-0.705834,52.0452583],[-0.7058043,52.045209],[-0.7057503,52.045131199999986],[-0.7057247,52.0450931],[-0.705645,52.044944],[-0.7055849,52.0447986],[-0.7058548,52.0446729],[-0.7060863,52.0445833],[-0.7062143,52.0445483],[-0.7065128,52.044493]]}},
{"type":"Feature","properties":{"id":100044,"nach":0.60041288801207959},"geometry":{"type":"LineString","coordinates":[[-0.7065642,52.0447965],[-0.7065553,52.0446727]]}},
{"type":"Feature","properties":{"id":100043,"nach":0.46221777042666878},"geometry":{"type":"LineString","coordinates":[[-0.7067166,52.0446695],[-0.7065553,52.0446727]]}},
{"type":"Feature","properties":{"id":97433,"nach":0.61350859061124674},"geometry":{"type":"LineString","coordinates":[[-0.7064077,52.0440591],[-0.7062766,52.0438858],[-0.7061643,52.0437225],[-0.7061389,52.0436884],[-0.7060765,52.0435698]]}},
{"type":"Feature","properties":{"id":97436,"nach":0.46023350933553392},"geometry":{"type":"LineString","coordinates":[[-0.7071344,52.0440734],[-0.706995,52.0440379],[-0.7068005,52.0440346],[-0.7064077,52.0440591]]}},
{"type":"Feature","properties":{"id":38016,"nach":0.37683675883775214},"geometry":{"type":"LineString","coordinates":[[-0.7058473,52.0452913],[-0.7065993,52.0451611]]}},
{"type":"Feature","properties":{"id":97792,"nach":0.4413459844158949},"geometry":{"type":"LineString","coordinates":[[-0.7061202,52.0458383],[-0.7059909,52.0456492],[-0.7058886,52.0454674],[-0.7058758,52.0454255],[-0.705855,52.0453567],[-0.7058473,52.0452913]]}},
{"type":"Feature","properties":{"id":78817,"nach":0.61913858096040031},"geometry":{"type":"LineString","coordinates":[[-0.7060408,52.0435034],[-0.7060765,52.0435698]]}},
{"type":"Feature","properties":{"id":6039,"nach":0.59092481373184613},"geometry":{"type":"LineString","coordinates":[[-0.7070096,52.0433436],[-0.7068145,52.0434424],[-0.7067313,52.0434765],[-0.7066621,52.0434962],[-0.7066051,52.0435044],[-0.7065401,52.0435087],[-0.7064141,52.0435062],[-0.7063055,52.0435181],[-0.7062291,52.0435261],[-0.7061634,52.043539],[-0.7060765,52.0435698]]}},
{"type":"Feature","properties":{"id":11730,"nach":0.58547781797678899},"geometry":{"type":"LineString","coordinates":[[-0.7048754,52.0439424],[-0.7050581,52.0439207],[-0.7051256,52.0439082],[-0.7051834,52.0438948],[-0.7054115,52.043829500000015],[-0.7055908,52.0437756],[-0.7057685,52.0437201],[-0.7058247,52.043702100000012],[-0.7058485,52.0436945],[-0.7059133,52.0436651],[-0.7060027,52.043615],[-0.7060765,52.0435698]]}},
{"type":"Feature","properties":{"id":110479,"nach":0.62741170553179526},"geometry":{"type":"LineString","coordinates":[[-0.7060245,52.0434595],[-0.7060408,52.0435034]]}},
{"type":"Feature","properties":{"id":78821,"nach":0.52941761122500564},"geometry":{"type":"LineString","coordinates":[[-0.7086527,52.0431427],[-0.7084061,52.0431147],[-0.7081943,52.0430982],[-0.7079262,52.043098199999989],[-0.7075456,52.0431229],[-0.7073472,52.0431526],[-0.7070845,52.0432284],[-0.706921,52.0433208],[-0.7067655,52.0434049],[-0.7066878,52.0434329],[-0.7065162,52.043456],[-0.7064171,52.0434609],[-0.7062214,52.0434774],[-0.7060408,52.0435034]]}},
{"type":"Feature","properties":{"id":137218,"nach":0.463234856345069},"geometry":{"type":"LineString","coordinates":[[-0.7087108,52.0431994],[-0.7084173,52.043158800000022],[-0.7081235,52.043138199999987],[-0.7078085,52.0431411],[-0.7075747,52.0431649],[-0.7073715,52.0431986],[-0.7071723,52.04326240000001],[-0.7070096,52.0433436]]}},
{"type":"Feature","properties":{"id":11678,"nach":0.57728456854444565},"geometry":{"type":"LineString","coordinates":[[-0.7097335,52.0437712],[-0.7082516,52.0435612],[-0.7074162,52.043458700000016],[-0.7071174,52.0434237],[-0.7070096,52.0433436]]}},
{"type":"Feature","properties":{"id":36698,"nach":0.61893370256042568},"geometry":{"type":"LineString","coordinates":[[-0.7045314,52.044028],[-0.7045615,52.0440203],[-0.7047608,52.0439666],[-0.7048754,52.0439424]]}},
{"type":"Feature","properties":{"id":85171,"nach":0.59358834904039093},"geometry":{"type":"LineString","coordinates":[[-0.7049358,52.043544800000014],[-0.704948,52.043572],[-0.7049572,52.0436208],[-0.7049521,52.0436517],[-0.7048834,52.0438741],[-0.7048754,52.0439424]]}},
{"type":"Feature","properties":{"id":56102,"nach":0.60087586940988624},"geometry":{"type":"LineString","coordinates":[[-0.7041969,52.0423653],[-0.7043119,52.0423192],[-0.70439,52.0422727],[-0.7044514,52.0421995]]}},
{"type":"Feature","properties":{"id":38027,"nach":0.62329275920689542},"geometry":{"type":"LineString","coordinates":[[-0.7038842,52.041266800000017],[-0.7042009,52.041712499999988],[-0.7044379,52.0420594],[-0.7044675,52.0421364],[-0.7044514,52.0421995]]}},
{"type":"Feature","properties":{"id":50463,"nach":0.60604683475925769},"geometry":{"type":"LineString","coordinates":[[-0.7048232,52.0423186],[-0.704762,52.042289],[-0.7046495,52.0422501],[-0.7044514,52.0421995]]}},
{"type":"Feature","properties":{"id":56105,"nach":0.62752386167882612},"geometry":{"type":"LineString","coordinates":[[-0.7041436,52.0423814],[-0.7041969,52.0423653]]}},
{"type":"Feature","properties":{"id":91172,"nach":0.55641861565808715},"geometry":{"type":"LineString","coordinates":[[-0.704962,52.0424911],[-0.7048535,52.0424522],[-0.7047088,52.0424295],[-0.7043306,52.0424402],[-0.7042367,52.0424089],[-0.7041969,52.0423653]]}},
{"type":"Feature","properties":{"id":115316,"nach":0.61588879810323527},"geometry":{"type":"LineString","coordinates":[[-0.7036867,52.040959599999987],[-0.7038842,52.041266800000017]]}},
{"type":"Feature","properties":{"id":125178,"nach":0.49646711362563506},"geometry":{"type":"LineString","coordinates":[[-0.7038184,52.0412826],[-0.7038842,52.041266800000017]]}},
{"type":"Feature","properties":{"id":50464,"nach":0.59081918717596449},"geometry":{"type":"LineString","coordinates":[[-0.7049174,52.0424119],[-0.7048232,52.0423186]]}},
{"type":"Feature","properties":{"id":50467,"nach":0.57036823999944797},"geometry":{"type":"LineString","coordinates":[[-0.7050958,52.0421939],[-0.7048232,52.0423186]]}},
{"type":"Feature","properties":{"id":49656,"nach":0.65581257601835763},"geometry":{"type":"LineString","coordinates":[[-0.700473,52.039437],[-0.7007883,52.0395663]]}},
{"type":"Feature","properties":{"id":90604,"nach":0.65666425942548667},"geometry":{"type":"LineString","coordinates":[[-0.7008973,52.0396032],[-0.7007883,52.0395663]]}},
{"type":"Feature","properties":{"id":4234,"nach":0.492220465519488},"geometry":{"type":"LineString","coordinates":[[-0.7007883,52.0395663],[-0.7007167,52.0396368]]}},
{"type":"Feature","properties":{"id":36679,"nach":0.48298256686750746},"geometry":{"type":"LineString","coordinates":[[-0.700889,52.0392435],[-0.7009494,52.0392833],[-0.7009759,52.0393309],[-0.7009741,52.0393847],[-0.7007883,52.0395663]]}},
{"type":"Feature","properties":{"id":90606,"nach":0.70283217923456576},"geometry":{"type":"LineString","coordinates":[[-0.7008973,52.0396032],[-0.7010692,52.039665300000017],[-0.7012628,52.03970970000001]]}},
{"type":"Feature","properties":{"id":90605,"nach":0.50817153064877629},"geometry":{"type":"LineString","coordinates":[[-0.7008973,52.0396032],[-0.7008381,52.0396824]]}},
{"type":"Feature","properties":{"id":90611,"nach":0.66438313665149318},"geometry":{"type":"LineString","coordinates":[[-0.7009418,52.0391626],[-0.7009956,52.0391783],[-0.7010466,52.039206299999989],[-0.7010975,52.039269],[-0.7011136,52.0393086],[-0.7011136,52.0393796],[-0.701068,52.039452200000014],[-0.7008973,52.0396032]]}},
{"type":"Feature","properties":{"id":90600,"nach":0.45387676584106063},"geometry":{"type":"LineString","coordinates":[[-0.7008381,52.0396824],[-0.7007167,52.0396368]]}},
{"type":"Feature","properties":{"id":36673,"nach":0.49566787475623669},"geometry":{"type":"LineString","coordinates":[[-0.7007167,52.0396368],[-0.7006319,52.0397129],[-0.7005611,52.039745],[-0.7004734,52.0397606],[-0.7004109,52.0397565],[-0.7003523,52.039745]]}},
{"type":"Feature","properties":{"id":53326,"nach":0.39806409474607291},"geometry":{"type":"LineString","coordinates":[[-0.7151766,52.0474013],[-0.7149072,52.0474215],[-0.7147606,52.0474572],[-0.7145324,52.0475301],[-0.714365,52.0476101],[-0.714296,52.0476551],[-0.7142124,52.047690700000011],[-0.7141356,52.047705800000017],[-0.714042,52.047724]]}},
{"type":"Feature","properties":{"id":53327,"nach":0.62195141882162075},"geometry":{"type":"LineString","coordinates":[[-0.7151766,52.0474013],[-0.713628496183813,52.047296725519047]]}},
{"type":"Feature","properties":{"id":130030,"nach":0.61103754183297632},"geometry":{"type":"LineString","coordinates":[[-0.7137087,52.0430816],[-0.7134353,52.043025900000011]]}},
{"type":"Feature","properties":{"id":49584,"nach":0.60872006747841645},"geometry":{"type":"LineString","coordinates":[[-0.7124736,52.0430101],[-0.7126387,52.042988],[-0.7128065,52.0429779],[-0.7129535,52.042981],[-0.713181,52.0429956],[-0.7134353,52.043025900000011]]}},
{"type":"Feature","properties":{"id":120259,"nach":0.56960442359666907},"geometry":{"type":"LineString","coordinates":[[-0.7131974,52.0428132],[-0.7134004,52.0429981],[-0.7134353,52.043025900000011]]}},
{"type":"Feature","properties":{"id":130032,"nach":0.59098635174416936},"geometry":{"type":"LineString","coordinates":[[-0.7137087,52.0430816],[-0.7136514,52.0431646]]}},
{"type":"Feature","properties":{"id":130031,"nach":0.59530478543242604},"geometry":{"type":"LineString","coordinates":[[-0.7137087,52.0430816],[-0.7138246,52.0431176]]}},
{"type":"Feature","properties":{"id":130033,"nach":0.60561516004426419},"geometry":{"type":"LineString","coordinates":[[-0.7137087,52.0430816],[-0.7137256,52.0430582],[-0.7137426,52.0430348],[-0.7138645,52.0428649]]}},
{"type":"Feature","properties":{"id":49582,"nach":0.5119030672921947},"geometry":{"type":"LineString","coordinates":[[-0.7124736,52.0430101],[-0.7125045,52.0430975]]}},
{"type":"Feature","properties":{"id":111624,"nach":0.59967930949462012},"geometry":{"type":"LineString","coordinates":[[-0.7122676,52.0430485],[-0.7122914,52.043043],[-0.7124736,52.0430101]]}},
{"type":"Feature","properties":{"id":120260,"nach":0.46018502259430849},"geometry":{"type":"LineString","coordinates":[[-0.7131974,52.0428132],[-0.7134543,52.0426907],[-0.7135856,52.042684]]}},
{"type":"Feature","properties":{"id":120258,"nach":0.56200885220925689},"geometry":{"type":"LineString","coordinates":[[-0.7131974,52.0428132],[-0.7131136,52.0427369]]}},
{"type":"Feature","properties":{"id":6026,"nach":0.47211352575907545},"geometry":{"type":"LineString","coordinates":[[-0.7120526,52.0431033],[-0.7121074,52.0431843]]}},
{"type":"Feature","properties":{"id":6030,"nach":0.5744563749975925},"geometry":{"type":"LineString","coordinates":[[-0.7113569,52.04347150000001],[-0.7114693,52.0433842],[-0.7115962,52.0433043],[-0.7117053,52.0432434],[-0.711789,52.043205],[-0.7119167,52.04315050000001],[-0.7120526,52.0431033]]}},
{"type":"Feature","properties":{"id":111623,"nach":0.5922922063591024},"geometry":{"type":"LineString","coordinates":[[-0.7122676,52.0430485],[-0.7121652,52.043072],[-0.7120526,52.0431033]]}},
{"type":"Feature","properties":{"id":85182,"nach":0.5130918600536577},"geometry":{"type":"LineString","coordinates":[[-0.7118258,52.043067200000017],[-0.7119382,52.0430415],[-0.7120299,52.043076],[-0.7120526,52.0431033]]}},
{"type":"Feature","properties":{"id":85184,"nach":0.58981763182606262},"geometry":{"type":"LineString","coordinates":[[-0.7121074,52.0431843],[-0.7125045,52.0430975]]}},
{"type":"Feature","properties":{"id":85185,"nach":0.57782784962400124},"geometry":{"type":"LineString","coordinates":[[-0.7121074,52.0431843],[-0.7119334,52.0432507],[-0.7117984,52.043311],[-0.7116252,52.043409099999984],[-0.7114701,52.043519399999987]]}},
{"type":"Feature","properties":{"id":102436,"nach":0.5854529373958125},"geometry":{"type":"LineString","coordinates":[[-0.711047,52.0438766],[-0.7111615,52.0436808],[-0.7112629,52.0435661],[-0.7113569,52.04347150000001]]}},
{"type":"Feature","properties":{"id":6031,"nach":0.47590523605267682},"geometry":{"type":"LineString","coordinates":[[-0.7113569,52.04347150000001],[-0.7112797,52.0434379],[-0.7112681,52.0433948],[-0.7115552,52.0431905],[-0.7118258,52.043067200000017]]}},
{"type":"Feature","properties":{"id":85180,"nach":0.4285570461862015},"geometry":{"type":"LineString","coordinates":[[-0.7114701,52.043519399999987],[-0.7113569,52.04347150000001]]}},
{"type":"Feature","properties":{"id":111625,"nach":0.46456874209471222},"geometry":{"type":"LineString","coordinates":[[-0.7122676,52.0430485],[-0.7122655,52.0430209],[-0.7123199,52.0429005]]}},
{"type":"Feature","properties":{"id":102434,"nach":0.60180732280753146},"geometry":{"type":"LineString","coordinates":[[-0.711047,52.0438766],[-0.7110363,52.0439085]]}},
{"type":"Feature","properties":{"id":102435,"nach":0.55258288412929202},"geometry":{"type":"LineString","coordinates":[[-0.711047,52.0438766],[-0.7111995,52.0439028]]}},
{"type":"Feature","properties":{"id":102441,"nach":0.56558803312260042},"geometry":{"type":"LineString","coordinates":[[-0.7087229,52.0431586],[-0.7090476,52.0432351],[-0.7094661,52.0433934],[-0.7098899,52.0436112],[-0.7103619,52.0437564],[-0.7108608,52.0438521],[-0.711047,52.0438766]]}},
{"type":"Feature","properties":{"id":120254,"nach":0.51915101262894603},"geometry":{"type":"LineString","coordinates":[[-0.711616,52.04264],[-0.7116703,52.0426516],[-0.7117658,52.0426468],[-0.711829,52.0426431],[-0.7118598,52.0426269],[-0.712037,52.0427416],[-0.7120453,52.0427605],[-0.711861,52.0429193],[-0.7117857,52.0430122],[-0.7118258,52.043067200000017]]}},
{"type":"Feature","properties":{"id":11717,"nach":0.55536322789907033},"geometry":{"type":"LineString","coordinates":[[-0.7111841,52.0439369],[-0.7110363,52.0439085]]}},
{"type":"Feature","properties":{"id":6037,"nach":0.58507116000361148},"geometry":{"type":"LineString","coordinates":[[-0.7099063,52.0436637],[-0.7100576,52.0437211],[-0.7102148,52.0437701],[-0.7104678,52.043827],[-0.7107,52.0438581],[-0.7109206,52.0438888],[-0.7110363,52.0439085]]}},
{"type":"Feature","properties":{"id":90589,"nach":0.54249711471241702},"geometry":{"type":"LineString","coordinates":[[-0.7109747,52.0448254],[-0.7109919,52.044764400000012],[-0.7110073,52.0446403],[-0.7110127,52.044482099999989],[-0.7110019,52.0441921],[-0.711005,52.044116799999983],[-0.7110363,52.0439085]]}},
{"type":"Feature","properties":{"id":11723,"nach":0.53986864500230725},"geometry":{"type":"LineString","coordinates":[[-0.7125999,52.0443118],[-0.7122629,52.044307],[-0.7120448,52.0442896],[-0.7119715,52.0442798],[-0.7118402,52.0442493],[-0.7117158,52.044210300000017],[-0.7115625,52.0441497],[-0.7114595,52.0440924],[-0.7113851,52.044041400000012],[-0.7113428,52.0439999],[-0.7111841,52.0439369]]}},
{"type":"Feature","properties":{"id":96051,"nach":0.6089694726118029},"geometry":{"type":"LineString","coordinates":[[-0.711145,52.0445195],[-0.7111467,52.0440664],[-0.7111841,52.0439369]]}},
{"type":"Feature","properties":{"id":71801,"nach":0.59770720109100428},"geometry":{"type":"LineString","coordinates":[[-0.7111995,52.0439028],[-0.7111918,52.0439199],[-0.7111841,52.0439369]]}},
{"type":"Feature","properties":{"id":137219,"nach":0.48616898773283823},"geometry":{"type":"LineString","coordinates":[[-0.7087108,52.0431994],[-0.7088472,52.043228],[-0.7090061,52.0432741],[-0.7091714,52.0433275],[-0.7093619,52.0434062],[-0.7095392,52.0434923],[-0.709687,52.0435765],[-0.7099063,52.0436637]]}},
{"type":"Feature","properties":{"id":11680,"nach":0.58870959717162752},"geometry":{"type":"LineString","coordinates":[[-0.7097335,52.0437712],[-0.7098213,52.0437052],[-0.7099063,52.0436637]]}},
{"type":"Feature","properties":{"id":90587,"nach":0.54679574138459353},"geometry":{"type":"LineString","coordinates":[[-0.7109747,52.0448254],[-0.7111114,52.0448431]]}},
{"type":"Feature","properties":{"id":90595,"nach":0.58698224538868715},"geometry":{"type":"LineString","coordinates":[[-0.7108901,52.0449638],[-0.7109403,52.0449037],[-0.7109695,52.044844],[-0.7109747,52.0448254]]}},
{"type":"Feature","properties":{"id":137217,"nach":0.51600312216354149},"geometry":{"type":"LineString","coordinates":[[-0.7087108,52.0431994],[-0.7087229,52.0431586]]}},
{"type":"Feature","properties":{"id":78289,"nach":0.51303723547010405},"geometry":{"type":"LineString","coordinates":[[-0.7104406,52.0445705],[-0.7104937,52.0445084],[-0.710538,52.044436600000012],[-0.7105733,52.0443735],[-0.7105822,52.0442984],[-0.7105804,52.0442342],[-0.7105592,52.044162300000011],[-0.7105132,52.0441133],[-0.7104389,52.0440426],[-0.7103451,52.0440034],[-0.7102407,52.043965300000011],[-0.7101557,52.0439479],[-0.7100602,52.0439468],[-0.7098867,52.0439544],[-0.7097682,52.0439534],[-0.7097062,52.0439468],[-0.7096585,52.0439359],[-0.7096301,52.0439098],[-0.7096408,52.0438728],[-0.7096797,52.0438249],[-0.7097335,52.0437712]]}},
{"type":"Feature","properties":{"id":7419,"nach":0.51168041059691427},"geometry":{"type":"LineString","coordinates":[[-0.7138246,52.0431176],[-0.7141301,52.0426876]]}},
{"type":"Feature","properties":{"id":6045,"nach":0.64314024659314861},"geometry":{"type":"LineString","coordinates":[[-0.7145234,52.0421523],[-0.7141301,52.0426876]]}},
{"type":"Feature","properties":{"id":86560,"nach":0.63331996321753026},"geometry":{"type":"LineString","coordinates":[[-0.7140197,52.0426593],[-0.7141301,52.0426876]]}},
{"type":"Feature","properties":{"id":72661,"nach":0.61126503327543813},"geometry":{"type":"LineString","coordinates":[[-0.7144381,52.0433298],[-0.7138246,52.0431176]]}},
{"type":"Feature","properties":{"id":49597,"nach":0.58645977764287727},"geometry":{"type":"LineString","coordinates":[[-0.7152907,52.0425668],[-0.7150929,52.0424096],[-0.715,52.0423571],[-0.7145234,52.0421523]]}},
{"type":"Feature","properties":{"id":111388,"nach":0.64053979057942956},"geometry":{"type":"LineString","coordinates":[[-0.7122848,52.0410839],[-0.7124167,52.0411728],[-0.7125941,52.0412611],[-0.7127021,52.0413002],[-0.7128765,52.041357],[-0.7130274,52.0414044],[-0.7130922,52.0414291],[-0.7132294,52.0414877],[-0.7136437,52.0417163],[-0.7141109,52.0419526],[-0.7145234,52.0421523]]}},
{"type":"Feature","properties":{"id":86559,"nach":0.61357125572765769},"geometry":{"type":"LineString","coordinates":[[-0.7140197,52.0426593],[-0.7139759,52.0427129]]}},
{"type":"Feature","properties":{"id":86562,"nach":0.52253127686616019},"geometry":{"type":"LineString","coordinates":[[-0.7140197,52.0426593],[-0.7140069,52.0426096],[-0.7137379,52.0425179],[-0.7138307,52.0423839],[-0.7139618,52.0422504]]}},
{"type":"Feature","properties":{"id":110328,"nach":0.46906957052547416},"geometry":{"type":"LineString","coordinates":[[-0.7133604,52.0424894],[-0.7135339,52.0425316],[-0.7136332,52.0425557],[-0.7136668,52.0425645],[-0.7140197,52.0426593]]}},
{"type":"Feature","properties":{"id":49596,"nach":0.52966816212466739},"geometry":{"type":"LineString","coordinates":[[-0.7152907,52.0425668],[-0.7153733,52.0426438],[-0.7154421,52.0426919],[-0.7155282,52.0427463],[-0.7155896,52.0427803],[-0.7157409,52.0428499],[-0.7159218,52.0429182]]}},
{"type":"Feature","properties":{"id":90447,"nach":0.55278925902171527},"geometry":{"type":"LineString","coordinates":[[-0.7162514,52.042656800000017],[-0.7160069,52.0425698],[-0.7156491,52.0424431],[-0.7154661,52.0424128],[-0.7153507,52.0424719],[-0.7152907,52.0425668]]}},
{"type":"Feature","properties":{"id":111387,"nach":0.5116477393912392},"geometry":{"type":"LineString","coordinates":[[-0.7122848,52.0410839],[-0.7119409,52.041282],[-0.7116304,52.0414574],[-0.7113137,52.041638],[-0.7112016,52.0416959],[-0.7110617,52.0417436],[-0.7105862,52.0418105],[-0.7100489,52.041884],[-0.7090531,52.0420219],[-0.7087661,52.0420636]]}},
{"type":"Feature","properties":{"id":110470,"nach":0.46751967563882124},"geometry":{"type":"LineString","coordinates":[[-0.7177087,52.043273],[-0.7178556,52.0430566]]}},
{"type":"Feature","properties":{"id":129861,"nach":0.49351442490853747},"geometry":{"type":"LineString","coordinates":[[-0.7179941,52.0430947],[-0.7178556,52.0430566]]}},
{"type":"Feature","properties":{"id":62737,"nach":0.67881170794654011},"geometry":{"type":"LineString","coordinates":[[-0.7178556,52.0430566],[-0.712640889857012,52.040780904834754]]}},
{"type":"Feature","properties":{"id":110471,"nach":0.62506291657966673},"geometry":{"type":"LineString","coordinates":[[-0.7177087,52.043273],[-0.7174896,52.0435834],[-0.7173853,52.043684],[-0.7173092,52.0437421],[-0.7171972,52.0438087],[-0.7170486,52.0438893]]}},
{"type":"Feature","properties":{"id":90440,"nach":0.62046095797696987},"geometry":{"type":"LineString","coordinates":[[-0.7185246,52.0432407],[-0.718173,52.0432064],[-0.7180157,52.0432106],[-0.7178756,52.0432319],[-0.7177087,52.043273]]}},
{"type":"Feature","properties":{"id":129862,"nach":0.44487752309878015},"geometry":{"type":"LineString","coordinates":[[-0.7179941,52.0430947],[-0.7185246,52.0432407]]}},
{"type":"Feature","properties":{"id":129863,"nach":0.46494296282315706},"geometry":{"type":"LineString","coordinates":[[-0.7179941,52.0430947],[-0.7184416,52.043089300000013],[-0.7186913,52.0430265]]}},
{"type":"Feature","properties":{"id":62737,"nach":0.67881170794654011},"geometry":{"type":"LineString","coordinates":[[-0.716390895705601,52.04260736638652],[-0.7113526,52.039775]]}},
{"type":"Feature","properties":{"id":49589,"nach":0.63999012989168302},"geometry":{"type":"LineString","coordinates":[[-0.7163882,52.0440013],[-0.716495,52.0439974],[-0.716663,52.0439805],[-0.7168378,52.043947799999984],[-0.7170486,52.0438893]]}},
{"type":"Feature","properties":{"id":38004,"nach":0.58067793985486804},"geometry":{"type":"LineString","coordinates":[[-0.7173601,52.0441877],[-0.7170941,52.0439301],[-0.7170486,52.0438893]]}},
{"type":"Feature","properties":{"id":78269,"nach":0.6532413103118152},"geometry":{"type":"LineString","coordinates":[[-0.716104,52.0439732],[-0.7162411,52.0439937],[-0.7163882,52.0440013]]}},
{"type":"Feature","properties":{"id":54103,"nach":0.5936852773988468},"geometry":{"type":"LineString","coordinates":[[-0.7162917,52.0444716],[-0.716375,52.0440667],[-0.7163882,52.0440013]]}},
{"type":"Feature","properties":{"id":78483,"nach":0.55486269186788451},"geometry":{"type":"LineString","coordinates":[[-0.7175881,52.0443954],[-0.7173601,52.0441877]]}},
{"type":"Feature","properties":{"id":49600,"nach":0.46313893790656935},"geometry":{"type":"LineString","coordinates":[[-0.7177578,52.0440082],[-0.7173601,52.0441877]]}},
{"type":"Feature","properties":{"id":49603,"nach":0.46403727463923528},"geometry":{"type":"LineString","coordinates":[[-0.7169956,52.044308],[-0.7173601,52.0441877]]}},
{"type":"Feature","properties":{"id":90581,"nach":0.53471508878308027},"geometry":{"type":"LineString","coordinates":[[-0.7149346,52.0435919],[-0.7150486,52.0436329]]}},
{"type":"Feature","properties":{"id":6067,"nach":0.4417027346087713},"geometry":{"type":"LineString","coordinates":[[-0.7150486,52.0436329],[-0.7150912,52.0436104],[-0.7151416,52.0435945],[-0.7151972,52.0435839],[-0.715262,52.0435823],[-0.7153178,52.0435939],[-0.7154586,52.0436344]]}},
{"type":"Feature","properties":{"id":110474,"nach":0.52580661725478306},"geometry":{"type":"LineString","coordinates":[[-0.7154091,52.0438914],[-0.7152435,52.0438369],[-0.7151396,52.0438019],[-0.7150994,52.0437826],[-0.7150647,52.0437538],[-0.7150392,52.0437184],[-0.7150341,52.0436715],[-0.7150486,52.0436329]]}},
{"type":"Feature","properties":{"id":90583,"nach":0.59923519239106615},"geometry":{"type":"LineString","coordinates":[[-0.7149346,52.0435919],[-0.7149694,52.0435602],[-0.7150179,52.0435304]]}},
{"type":"Feature","properties":{"id":90580,"nach":0.62846315007855769},"geometry":{"type":"LineString","coordinates":[[-0.7149346,52.0435919],[-0.7143732,52.0434001]]}},
{"type":"Feature","properties":{"id":90582,"nach":0.51414208985441356},"geometry":{"type":"LineString","coordinates":[[-0.7149346,52.0435919],[-0.7149074,52.0436999],[-0.7149294,52.0437851],[-0.7149653,52.0438153],[-0.7150091,52.0438448],[-0.7150582,52.0438692],[-0.7151223,52.0438931],[-0.7153291,52.043956799999989]]}},
{"type":"Feature","properties":{"id":36242,"nach":0.43137331629456827},"geometry":{"type":"LineString","coordinates":[[-0.7154586,52.0436344],[-0.7155968,52.0436823]]}},
{"type":"Feature","properties":{"id":90574,"nach":0.45687940216891171},"geometry":{"type":"LineString","coordinates":[[-0.7155286,52.043556],[-0.7154586,52.0436344]]}},
{"type":"Feature","properties":{"id":11745,"nach":0.61823909593945725},"geometry":{"type":"LineString","coordinates":[[-0.7138429,52.0432233],[-0.7136514,52.0431646]]}},
{"type":"Feature","properties":{"id":6083,"nach":0.58224050104758307},"geometry":{"type":"LineString","coordinates":[[-0.7125045,52.0430975],[-0.7126383,52.0430815],[-0.712763,52.0430739],[-0.7129926,52.0430712],[-0.7132193,52.0430827],[-0.7134675,52.043120499999986],[-0.7136514,52.0431646]]}},
{"type":"Feature","properties":{"id":96119,"nach":0.61740013706802666},"geometry":{"type":"LineString","coordinates":[[-0.7137293,52.0433582],[-0.7138429,52.0432233]]}},
{"type":"Feature","properties":{"id":72667,"nach":0.62753658871919049},"geometry":{"type":"LineString","coordinates":[[-0.7143732,52.0434001],[-0.7140063,52.0432777],[-0.7138429,52.0432233]]}},
{"type":"Feature","properties":{"id":78489,"nach":0.54081442088457621},"geometry":{"type":"LineString","coordinates":[[-0.7126342,52.0433859],[-0.7125045,52.0430975]]}},
{"type":"Feature","properties":{"id":78491,"nach":0.47659345938662018},"geometry":{"type":"LineString","coordinates":[[-0.7126342,52.0433859],[-0.7128046,52.0433762],[-0.7129417,52.04339430000001],[-0.7131625,52.0434808]]}},
{"type":"Feature","properties":{"id":78493,"nach":0.52781956038874078},"geometry":{"type":"LineString","coordinates":[[-0.712723,52.0437966],[-0.7127028,52.043644],[-0.7126612,52.0435022],[-0.7126342,52.0433859]]}},
{"type":"Feature","properties":{"id":102263,"nach":0.53741820255536821},"geometry":{"type":"LineString","coordinates":[[-0.7097226,52.0452869],[-0.7097341,52.0453502]]}},
{"type":"Feature","properties":{"id":6089,"nach":0.61607304308270461},"geometry":{"type":"LineString","coordinates":[[-0.7091814,52.045571700000011],[-0.709315,52.0455028],[-0.7097341,52.0453502]]}},
{"type":"Feature","properties":{"id":90592,"nach":0.59189058345424539},"geometry":{"type":"LineString","coordinates":[[-0.710998,52.0450047],[-0.7108392,52.0451271],[-0.7106755,52.0452027],[-0.710474,52.0452512],[-0.7101103,52.0452903],[-0.7097341,52.0453502]]}},
{"type":"Feature","properties":{"id":102264,"nach":0.56321836167425932},"geometry":{"type":"LineString","coordinates":[[-0.7097226,52.0452869],[-0.7096962,52.0451661],[-0.7096946,52.0451169],[-0.7097024,52.0450733],[-0.7097193,52.0450458],[-0.7097516,52.0450212]]}},
{"type":"Feature","properties":{"id":102265,"nach":0.59082911275892103},"geometry":{"type":"LineString","coordinates":[[-0.7097226,52.0452869],[-0.7096424,52.0453045],[-0.7093512,52.0453912],[-0.7091925,52.0454589],[-0.7090932,52.0455147]]}},
{"type":"Feature","properties":{"id":102266,"nach":0.60484326948202882},"geometry":{"type":"LineString","coordinates":[[-0.7097226,52.0452869],[-0.7098195,52.045265599999986],[-0.7100437,52.045223],[-0.7102386,52.0452022],[-0.7104319,52.045178],[-0.7105859,52.045141],[-0.7107177,52.045090400000014],[-0.710807,52.04503780000001],[-0.7108786,52.0449776],[-0.7108901,52.0449638]]}},
{"type":"Feature","properties":{"id":90555,"nach":0.45930282225987606},"geometry":{"type":"LineString","coordinates":[[-0.7090932,52.0455147],[-0.7091814,52.045571700000011]]}},
{"type":"Feature","properties":{"id":6092,"nach":0.622982854604896},"geometry":{"type":"LineString","coordinates":[[-0.7088563,52.0458281],[-0.7090494,52.0456564],[-0.7091814,52.045571700000011]]}},
{"type":"Feature","properties":{"id":90590,"nach":0.61360328732897851},"geometry":{"type":"LineString","coordinates":[[-0.710998,52.0450047],[-0.7110669,52.0449276]]}},
{"type":"Feature","properties":{"id":90593,"nach":0.52545496854655882},"geometry":{"type":"LineString","coordinates":[[-0.7108901,52.0449638],[-0.710998,52.0450047]]}},
{"type":"Feature","properties":{"id":110483,"nach":0.5621309305003932},"geometry":{"type":"LineString","coordinates":[[-0.708791,52.045329],[-0.7088183,52.0453427],[-0.7088548,52.0453619],[-0.7090932,52.0455147]]}},
{"type":"Feature","properties":{"id":102261,"nach":0.58715163898139999},"geometry":{"type":"LineString","coordinates":[[-0.7087569,52.0457944],[-0.7088192,52.045736900000016],[-0.7090166,52.0455729],[-0.7090932,52.0455147]]}},
{"type":"Feature","properties":{"id":102259,"nach":0.576254908689387},"geometry":{"type":"LineString","coordinates":[[-0.7087569,52.0457944],[-0.7088563,52.0458281]]}},
{"type":"Feature","properties":{"id":11704,"nach":0.62114603326851292},"geometry":{"type":"LineString","coordinates":[[-0.7086642,52.0461446],[-0.708755,52.04597170000001],[-0.7088563,52.0458281]]}},
{"type":"Feature","properties":{"id":102262,"nach":0.45427032804051171},"geometry":{"type":"LineString","coordinates":[[-0.7087569,52.0457944],[-0.7086783,52.0457689],[-0.7085969,52.0456659]]}},
{"type":"Feature","properties":{"id":114710,"nach":0.62751565997794923},"geometry":{"type":"LineString","coordinates":[[-0.70854,52.0461543],[-0.7085576,52.0461103],[-0.708573,52.0460733],[-0.7086069,52.0459919],[-0.7087057,52.0458416],[-0.7087569,52.0457944]]}},
{"type":"Feature","properties":{"id":11703,"nach":0.6099312274392219},"geometry":{"type":"LineString","coordinates":[[-0.7086642,52.0461446],[-0.7086265,52.0463912],[-0.7086269,52.046535]]}},
{"type":"Feature","properties":{"id":37981,"nach":0.60299582412719122},"geometry":{"type":"LineString","coordinates":[[-0.7095824,52.0463006],[-0.7094479,52.0462659],[-0.7090559,52.0461878],[-0.7086642,52.0461446]]}},
{"type":"Feature","properties":{"id":11700,"nach":0.59001139017021464},"geometry":{"type":"LineString","coordinates":[[-0.7086269,52.046535],[-0.7086002,52.046667],[-0.7085466,52.046810100000016]]}},
{"type":"Feature","properties":{"id":110489,"nach":0.48273484630186991},"geometry":{"type":"LineString","coordinates":[[-0.7096271,52.0475147],[-0.7095873,52.04735010000001],[-0.709404,52.0470888],[-0.7093134,52.0470079],[-0.7091093,52.0469321],[-0.7089519,52.0468983],[-0.7085466,52.046810100000016]]}},
{"type":"Feature","properties":{"id":78265,"nach":0.57724746754860823},"geometry":{"type":"LineString","coordinates":[[-0.7078495,52.0472869],[-0.7080205,52.0472184],[-0.7082305,52.0471336],[-0.7083723,52.0470256],[-0.7085466,52.046810100000016]]}},
{"type":"Feature","properties":{"id":90551,"nach":0.54727014912041616},"geometry":{"type":"LineString","coordinates":[[-0.7084813,52.046534800000018],[-0.7086269,52.046535]]}},
{"type":"Feature","properties":{"id":110487,"nach":0.57596256447359906},"geometry":{"type":"LineString","coordinates":[[-0.7096271,52.0475147],[-0.7096851,52.0475026],[-0.7115886,52.04709840000001]]}},
{"type":"Feature","properties":{"id":110488,"nach":0.49268147316208699},"geometry":{"type":"LineString","coordinates":[[-0.7096271,52.0475147],[-0.7095334,52.047559],[-0.7094881,52.0475829]]}},
{"type":"Feature","properties":{"id":110490,"nach":0.57435999090002587},"geometry":{"type":"LineString","coordinates":[[-0.7095895,52.047622],[-0.7096271,52.0475147]]}},
{"type":"Feature","properties":{"id":84919,"nach":0.6083970454006985},"geometry":{"type":"LineString","coordinates":[[-0.7077942,52.0472026],[-0.7078495,52.0472869]]}},
{"type":"Feature","properties":{"id":125505,"nach":0.48368199955461855},"geometry":{"type":"LineString","coordinates":[[-0.7058519,52.0467768],[-0.7059438,52.046822],[-0.7062081,52.046966499999989],[-0.7062866,52.04701080000001],[-0.7064747,52.0471169],[-0.7065823,52.0471779],[-0.7066816,52.0472252],[-0.706792,52.0472676],[-0.7069344,52.0473081],[-0.7070616,52.0473307],[-0.7072411,52.047346],[-0.7073736,52.0473488],[-0.707504,52.047344099999989],[-0.7076259,52.0473261],[-0.7077337,52.0473053],[-0.7078495,52.0472869]]}},
{"type":"Feature","properties":{"id":38011,"nach":0.61393465340274445},"geometry":{"type":"LineString","coordinates":[[-0.7021485,52.0449827],[-0.7020866,52.0448576]]}},
{"type":"Feature","properties":{"id":95852,"nach":0.60937157263642383},"geometry":{"type":"LineString","coordinates":[[-0.7019862,52.0446701],[-0.7020866,52.0448576]]}},
{"type":"Feature","properties":{"id":36700,"nach":0.29816048518578608},"geometry":{"type":"LineString","coordinates":[[-0.7019343,52.0448903],[-0.7020866,52.0448576]]}},
{"type":"Feature","properties":{"id":38010,"nach":0.6198902150787069},"geometry":{"type":"LineString","coordinates":[[-0.7021485,52.0449827],[-0.7020129,52.0450188]]}},
{"type":"Feature","properties":{"id":84926,"nach":0.64165845942044064},"geometry":{"type":"LineString","coordinates":[[-0.7022218,52.0449755],[-0.7021485,52.0449827]]}},
{"type":"Feature","properties":{"id":110501,"nach":0.47329134388138711},"geometry":{"type":"LineString","coordinates":[[-0.7022761,52.0451975],[-0.7022345,52.0451501],[-0.7021968,52.0450975],[-0.7021485,52.0449827]]}},
{"type":"Feature","properties":{"id":95856,"nach":0.47284534110169318},"geometry":{"type":"LineString","coordinates":[[-0.7022748,52.0446042],[-0.7019862,52.0446701]]}},
{"type":"Feature","properties":{"id":124842,"nach":0.5853318210596109},"geometry":{"type":"LineString","coordinates":[[-0.701838,52.0446987],[-0.7019862,52.0446701]]}},
{"type":"Feature","properties":{"id":137122,"nach":0.50696853580724266},"geometry":{"type":"LineString","coordinates":[[-0.7017341,52.0442809],[-0.7017665,52.0443125],[-0.7018066,52.0443653],[-0.7019862,52.0446701]]}},
{"type":"Feature","properties":{"id":36703,"nach":0.6194684223093947},"geometry":{"type":"LineString","coordinates":[[-0.7019343,52.0448903],[-0.7018146,52.0449333],[-0.7016879,52.0449843],[-0.7015352,52.0450907],[-0.7010503,52.0455496]]}},
{"type":"Feature","properties":{"id":36701,"nach":0.5153503278482533},"geometry":{"type":"LineString","coordinates":[[-0.7019343,52.0448903],[-0.7020129,52.0450188]]}},
{"type":"Feature","properties":{"id":124843,"nach":0.62756553542695859},"geometry":{"type":"LineString","coordinates":[[-0.701838,52.0446987],[-0.7019343,52.0448903]]}},
{"type":"Feature","properties":{"id":50470,"nach":0.49068114377816396},"geometry":{"type":"LineString","coordinates":[[-0.7006575,52.0442148],[-0.7006369,52.0441341]]}},
{"type":"Feature","properties":{"id":6104,"nach":0.53606339991986529},"geometry":{"type":"LineString","coordinates":[[-0.7003299,52.0441099],[-0.7004848,52.044135700000012],[-0.7006369,52.0441341]]}},
{"type":"Feature","properties":{"id":137121,"nach":0.48616564629823539},"geometry":{"type":"LineString","coordinates":[[-0.7017341,52.0442809],[-0.7017051,52.0442525],[-0.7016396,52.0442063],[-0.7015723,52.0441727],[-0.7014983,52.0441398],[-0.7014024,52.044111],[-0.7012952,52.044091800000011],[-0.7011729,52.0440841],[-0.7010507,52.0440859],[-0.7009363,52.0440959],[-0.7006369,52.0441341]]}},
{"type":"Feature","properties":{"id":50478,"nach":0.64653388000192846},"geometry":{"type":"LineString","coordinates":[[-0.7002741,52.04419],[-0.7003293,52.0442026],[-0.7004055,52.0442134],[-0.7004921,52.0442203],[-0.7005603,52.0442214],[-0.7006575,52.0442148]]}},
{"type":"Feature","properties":{"id":124844,"nach":0.65195440558209905},"geometry":{"type":"LineString","coordinates":[[-0.701838,52.0446987],[-0.7016915,52.0444156],[-0.701635,52.0443446],[-0.7015539,52.0442784],[-0.7014641,52.0442313],[-0.7013909,52.0442025],[-0.7012805,52.0441766],[-0.7012014,52.0441686],[-0.7011146,52.0441649],[-0.7010322,52.0441689],[-0.7009179,52.0441818],[-0.7006575,52.0442148]]}},
{"type":"Feature","properties":{"id":50481,"nach":0.53344878967796172},"geometry":{"type":"LineString","coordinates":[[-0.7008144,52.044535],[-0.7007566,52.0444939],[-0.7007321,52.044469],[-0.7006724,52.044277],[-0.7006575,52.0442148]]}},
{"type":"Feature","properties":{"id":50476,"nach":0.43426802521214442},"geometry":{"type":"LineString","coordinates":[[-0.7002741,52.04419],[-0.7003299,52.0441099]]}},
{"type":"Feature","properties":{"id":6107,"nach":0.5293016236826481},"geometry":{"type":"LineString","coordinates":[[-0.7000044,52.0439231],[-0.7000766,52.0439895],[-0.7001873,52.0440611],[-0.7003299,52.0441099]]}},
{"type":"Feature","properties":{"id":137124,"nach":0.46254151573840008},"geometry":{"type":"LineString","coordinates":[[-0.7020315,52.0440732],[-0.7019088,52.0440069],[-0.7017977,52.0440374],[-0.7017869,52.0441001],[-0.7018299,52.0441727],[-0.7018406,52.0442255],[-0.7017341,52.0442809]]}},
{"type":"Feature","properties":{"id":50477,"nach":0.63757305841878942},"geometry":{"type":"LineString","coordinates":[[-0.7002741,52.04419],[-0.7001776,52.044166],[-0.7001079,52.0441411],[-0.7000449,52.044108],[-0.6999945,52.0440736],[-0.6999314,52.0440251],[-0.6998719,52.043976]]}},
{"type":"Feature","properties":{"id":50475,"nach":0.5945443461132941},"geometry":{"type":"LineString","coordinates":[[-0.7002741,52.04419],[-0.6999595,52.0446331]]}},
{"type":"Feature","properties":{"id":95439,"nach":0.53405149147326192},"geometry":{"type":"LineString","coordinates":[[-0.6995616,52.0435223],[-0.7000044,52.0439231]]}},
{"type":"Feature","properties":{"id":36706,"nach":0.27202280226739045},"geometry":{"type":"LineString","coordinates":[[-0.6998719,52.043976],[-0.7000044,52.0439231]]}},
{"type":"Feature","properties":{"id":95440,"nach":0.53639254122568736},"geometry":{"type":"LineString","coordinates":[[-0.6995616,52.0435223],[-0.6994334,52.0435748]]}},
{"type":"Feature","properties":{"id":95438,"nach":0.39476104606422086},"geometry":{"type":"LineString","coordinates":[[-0.6995616,52.0435223],[-0.6992837,52.043255]]}},
{"type":"Feature","properties":{"id":36709,"nach":0.64457529069121744},"geometry":{"type":"LineString","coordinates":[[-0.6994334,52.0435748],[-0.6998719,52.043976]]}},
{"type":"Feature","properties":{"id":97582,"nach":0.57779478921193894},"geometry":{"type":"LineString","coordinates":[[-0.6998011,52.0440078],[-0.6998719,52.043976]]}},
{"type":"Feature","properties":{"id":110493,"nach":0.48076412814370395},"geometry":{"type":"LineString","coordinates":[[-0.6992116,52.04318640000001],[-0.6991206,52.0431056]]}},
{"type":"Feature","properties":{"id":6109,"nach":0.41874904877076796},"geometry":{"type":"LineString","coordinates":[[-0.6991206,52.0431056],[-0.6990398,52.0431308],[-0.698951,52.043142],[-0.6988605,52.043138300000017],[-0.6987749,52.04312],[-0.6987002,52.0430885],[-0.6986417,52.043045900000017]]}},
{"type":"Feature","properties":{"id":36824,"nach":0.49976042936585552},"geometry":{"type":"LineString","coordinates":[[-0.6992116,52.042818699999984],[-0.6992422,52.0428544],[-0.6992611,52.0428931],[-0.6992676,52.0429334],[-0.6992613,52.0429736],[-0.6992426,52.0430123],[-0.699212,52.0430481],[-0.6991709,52.0430796],[-0.6991206,52.0431056]]}},
{"type":"Feature","properties":{"id":110496,"nach":0.58262141082817187},"geometry":{"type":"LineString","coordinates":[[-0.6992116,52.04318640000001],[-0.6992538,52.0431643],[-0.6993217,52.0431165],[-0.6993653,52.0430764],[-0.6993907,52.0430373],[-0.6994088,52.0429927],[-0.6994169,52.0429412],[-0.6994071,52.042885],[-0.6993935,52.0428502],[-0.6993728,52.0428116],[-0.6993321,52.042768400000014]]}},
{"type":"Feature","properties":{"id":110495,"nach":0.60949757604048882},"geometry":{"type":"LineString","coordinates":[[-0.6992116,52.04318640000001],[-0.6991057,52.043219100000016],[-0.6990573,52.0432282]]}},
{"type":"Feature","properties":{"id":110494,"nach":0.56404400793382425},"geometry":{"type":"LineString","coordinates":[[-0.6992116,52.04318640000001],[-0.6992288,52.0432028],[-0.6992786,52.0432504]]}},
{"type":"Feature","properties":{"id":6148,"nach":0.60121821766276784},"geometry":{"type":"LineString","coordinates":[[-0.6985201,52.043098299999983],[-0.6986417,52.043045900000017]]}},
{"type":"Feature","properties":{"id":6111,"nach":0.59615809687120536},"geometry":{"type":"LineString","coordinates":[[-0.6986417,52.043045900000017],[-0.6986086,52.0430046],[-0.6985911,52.0429598],[-0.69859,52.0429137],[-0.6986053,52.0428686],[-0.6986363,52.0428267],[-0.6986815,52.0427899],[-0.6987387,52.0427602]]}},
{"type":"Feature","properties":{"id":6149,"nach":0.66349759718051082},"geometry":{"type":"LineString","coordinates":[[-0.6985201,52.043098299999983],[-0.6984667,52.0431315],[-0.6983655,52.0431922],[-0.6983117,52.043242],[-0.6982683,52.0432972],[-0.6982367,52.0433588]]}},
{"type":"Feature","properties":{"id":111329,"nach":0.6590873799611201},"geometry":{"type":"LineString","coordinates":[[-0.6984663,52.0430195],[-0.6984728,52.0430391],[-0.6985201,52.043098299999983]]}},
{"type":"Feature","properties":{"id":36717,"nach":0.65916440183347624},"geometry":{"type":"LineString","coordinates":[[-0.6990573,52.0432282],[-0.6990474,52.0432299],[-0.6989943,52.0432363],[-0.6988805,52.0432381],[-0.6988187,52.0432319],[-0.6987568,52.04322],[-0.6987015,52.043204],[-0.6986528,52.0431829],[-0.6985827,52.0431431],[-0.6985201,52.043098299999983]]}},
{"type":"Feature","properties":{"id":110524,"nach":0.53422469410182372},"geometry":{"type":"LineString","coordinates":[[-0.6987387,52.0427602],[-0.6986686,52.042687]]}},
{"type":"Feature","properties":{"id":110525,"nach":0.60445747579772713},"geometry":{"type":"LineString","coordinates":[[-0.6987387,52.0427602],[-0.6987977,52.0427407],[-0.6988618,52.0427288],[-0.6989284,52.0427247],[-0.698995,52.0427288],[-0.699059,52.0427409],[-0.6991179,52.0427605],[-0.6991694,52.0427867],[-0.6992116,52.042818699999984]]}},
{"type":"Feature","properties":{"id":97595,"nach":0.67673307496000878},"geometry":{"type":"LineString","coordinates":[[-0.6983764,52.0424176],[-0.6986282,52.042643599999984],[-0.6986686,52.042687]]}},
{"type":"Feature","properties":{"id":7423,"nach":0.61110927178241303},"geometry":{"type":"LineString","coordinates":[[-0.6993321,52.042768400000014],[-0.6992935,52.042738799999988],[-0.6992257,52.0426997],[-0.6991669,52.0426772],[-0.699119,52.0426621],[-0.6990717,52.042650100000017],[-0.6990226,52.0426415],[-0.698957,52.0426376],[-0.6988869,52.0426394],[-0.6988436,52.0426424],[-0.6987797,52.0426524],[-0.6986686,52.042687]]}},
{"type":"Feature","properties":{"id":36721,"nach":0.6430501964389026},"geometry":{"type":"LineString","coordinates":[[-0.698555,52.042744],[-0.6986063,52.0427117],[-0.6986686,52.042687]]}},
{"type":"Feature","properties":{"id":97593,"nach":0.67268657529484299},"geometry":{"type":"LineString","coordinates":[[-0.6983764,52.0424176],[-0.6983045,52.0423543]]}},
{"type":"Feature","properties":{"id":102176,"nach":0.48557394890138122},"geometry":{"type":"LineString","coordinates":[[-0.6982465,52.042465300000011],[-0.6983764,52.0424176]]}},
{"type":"Feature","properties":{"id":36823,"nach":0.58830634850415098},"geometry":{"type":"LineString","coordinates":[[-0.6992116,52.042818699999984],[-0.6993321,52.042768400000014]]}},
{"type":"Feature","properties":{"id":120538,"nach":0.6651842379342372},"geometry":{"type":"LineString","coordinates":[[-0.6994295,52.0427326],[-0.6993979,52.0427442],[-0.6993321,52.042768400000014]]}},
{"type":"Feature","properties":{"id":102174,"nach":0.64599219319637036},"geometry":{"type":"LineString","coordinates":[[-0.6982465,52.042465300000011],[-0.698555,52.042744]]}},
{"type":"Feature","properties":{"id":91851,"nach":0.48322624497825262},"geometry":{"type":"LineString","coordinates":[[-0.6973264,52.043048400000011],[-0.6982086,52.0428224],[-0.698555,52.042744]]}},
{"type":"Feature","properties":{"id":111328,"nach":0.69038671866921741},"geometry":{"type":"LineString","coordinates":[[-0.6984663,52.0430195],[-0.698454,52.0429824],[-0.6984528,52.0429052],[-0.6984656,52.0428483],[-0.6984957,52.042793],[-0.698555,52.042744]]}},
{"type":"Feature","properties":{"id":38076,"nach":0.6730456374991689},"geometry":{"type":"LineString","coordinates":[[-0.6981701,52.0422219],[-0.6983045,52.0423543]]}},
{"type":"Feature","properties":{"id":49578,"nach":0.59172712796545268},"geometry":{"type":"LineString","coordinates":[[-0.6988077,52.0421917],[-0.6986323,52.042216],[-0.6985404,52.0422422],[-0.6983045,52.0423543]]}},
{"type":"Feature","properties":{"id":38077,"nach":0.30322178873031624},"geometry":{"type":"LineString","coordinates":[[-0.6981701,52.0422219],[-0.6980364,52.0422697]]}},
{"type":"Feature","properties":{"id":111320,"nach":0.67335791220868835},"geometry":{"type":"LineString","coordinates":[[-0.6980148,52.0420837],[-0.6981701,52.0422219]]}},
{"type":"Feature","properties":{"id":49579,"nach":0.46479042154431721},"geometry":{"type":"LineString","coordinates":[[-0.6988077,52.0421917],[-0.6988488,52.0418926],[-0.6987987,52.0417689]]}},
{"type":"Feature","properties":{"id":49577,"nach":0.56627799225358544},"geometry":{"type":"LineString","coordinates":[[-0.6988077,52.0421917],[-0.6988477,52.0421852],[-0.6989278,52.0421732],[-0.6990599,52.0421532],[-0.6994316,52.0421175]]}},
{"type":"Feature","properties":{"id":111317,"nach":0.67229999438112253},"geometry":{"type":"LineString","coordinates":[[-0.6976611,52.0414258],[-0.6976706,52.0415189]]}},
{"type":"Feature","properties":{"id":36728,"nach":0.61963419085930771},"geometry":{"type":"LineString","coordinates":[[-0.6975323,52.0415232],[-0.6976706,52.0415189]]}},
{"type":"Feature","properties":{"id":95421,"nach":0.68484184338619758},"geometry":{"type":"LineString","coordinates":[[-0.6978111,52.041842400000014],[-0.6977339,52.0417178],[-0.697704,52.0416419],[-0.6976706,52.0415189]]}},
{"type":"Feature","properties":{"id":111316,"nach":0.69653045343408082},"geometry":{"type":"LineString","coordinates":[[-0.6976611,52.0414258],[-0.6976585,52.0413652]]}},
{"type":"Feature","properties":{"id":111318,"nach":0.62256930786808251},"geometry":{"type":"LineString","coordinates":[[-0.6976611,52.0414258],[-0.6975181,52.0414292]]}},
{"type":"Feature","properties":{"id":85114,"nach":0.67005035797101642},"geometry":{"type":"LineString","coordinates":[[-0.6975181,52.0414292],[-0.6975323,52.0415232]]}},
{"type":"Feature","properties":{"id":97657,"nach":0.57661179274247942},"geometry":{"type":"LineString","coordinates":[[-0.6970013,52.041555800000012],[-0.6975323,52.0415232]]}},
{"type":"Feature","properties":{"id":49568,"nach":0.64814702219679143},"geometry":{"type":"LineString","coordinates":[[-0.6976802,52.041876],[-0.6975884,52.0416994],[-0.6975323,52.0415232]]}},
{"type":"Feature","properties":{"id":95420,"nach":0.45919207571761195},"geometry":{"type":"LineString","coordinates":[[-0.6978111,52.041842400000014],[-0.6976802,52.041876]]}},
{"type":"Feature","properties":{"id":111322,"nach":0.68272045344892762},"geometry":{"type":"LineString","coordinates":[[-0.6980148,52.0420837],[-0.6979112,52.0419683],[-0.6978111,52.041842400000014]]}},
{"type":"Feature","properties":{"id":49571,"nach":0.69429610403944719},"geometry":{"type":"LineString","coordinates":[[-0.6976585,52.0413652],[-0.697675,52.041174]]}},
{"type":"Feature","properties":{"id":110523,"nach":0.69316387951232949},"geometry":{"type":"LineString","coordinates":[[-0.6978084,52.0408632],[-0.6977308,52.0410025],[-0.697675,52.041174]]}},
{"type":"Feature","properties":{"id":38028,"nach":0.47700396791253452},"geometry":{"type":"LineString","coordinates":[[-0.6985709,52.041399300000016],[-0.6984223,52.041406],[-0.6982379,52.0412494],[-0.6980897,52.041208],[-0.697675,52.041174]]}},
{"type":"Feature","properties":{"id":111319,"nach":0.48702664503191084},"geometry":{"type":"LineString","coordinates":[[-0.6978017,52.0413686],[-0.6976585,52.0413652]]}},
{"type":"Feature","properties":{"id":110521,"nach":0.69413028008757327},"geometry":{"type":"LineString","coordinates":[[-0.6978084,52.0408632],[-0.6978933,52.04074150000001]]}},
{"type":"Feature","properties":{"id":111315,"nach":0.48647398337715225},"geometry":{"type":"LineString","coordinates":[[-0.6979414,52.0408945],[-0.6978084,52.0408632]]}},
{"type":"Feature","properties":{"id":98775,"nach":0.70019097826228671},"geometry":{"type":"LineString","coordinates":[[-0.6980257,52.0406057],[-0.6978933,52.04074150000001]]}},
{"type":"Feature","properties":{"id":110518,"nach":0.58537583952043226},"geometry":{"type":"LineString","coordinates":[[-0.6977713,52.0406988],[-0.6978933,52.04074150000001]]}},
{"type":"Feature","properties":{"id":98777,"nach":0.69927498240976638},"geometry":{"type":"LineString","coordinates":[[-0.6980257,52.0406057],[-0.6981464,52.0405049],[-0.698351,52.0403741]]}},
{"type":"Feature","properties":{"id":98778,"nach":0.48622166457766158},"geometry":{"type":"LineString","coordinates":[[-0.698167,52.0406635],[-0.6980257,52.0406057]]}},
{"type":"Feature","properties":{"id":110519,"nach":0.5931772017623218},"geometry":{"type":"LineString","coordinates":[[-0.6977713,52.0406988],[-0.6979985,52.040441],[-0.698207,52.0402953],[-0.6987629,52.0400888]]}},
{"type":"Feature","properties":{"id":110520,"nach":0.5940415626207195},"geometry":{"type":"LineString","coordinates":[[-0.6977713,52.0406988],[-0.6975488,52.0410799],[-0.6975138,52.0412209],[-0.6975181,52.0414292]]}},
{"type":"Feature","properties":{"id":110517,"nach":0.6242435699511828},"geometry":{"type":"LineString","coordinates":[[-0.6977713,52.0406988],[-0.6977001,52.040673899999987]]}},
{"type":"Feature","properties":{"id":36689,"nach":0.69997680473067259},"geometry":{"type":"LineString","coordinates":[[-0.6988145,52.0401677],[-0.6986934,52.0402078],[-0.6985693,52.0402596],[-0.6984587,52.0403122],[-0.698351,52.0403741]]}},
{"type":"Feature","properties":{"id":49663,"nach":0.57008347063224418},"geometry":{"type":"LineString","coordinates":[[-0.6989919,52.0407007],[-0.6987818,52.0406518],[-0.698351,52.0403741]]}},
{"type":"Feature","properties":{"id":36688,"nach":0.69977427842698581},"geometry":{"type":"LineString","coordinates":[[-0.6988145,52.0401677],[-0.6989856,52.04012010000001],[-0.6991509,52.0400835],[-0.6993217,52.040054200000014],[-0.6994954,52.0400292],[-0.6996991,52.0399891]]}},
{"type":"Feature","properties":{"id":36732,"nach":0.42888507829215694},"geometry":{"type":"LineString","coordinates":[[-0.6987629,52.0400888],[-0.6988145,52.0401677]]}},
{"type":"Feature","properties":{"id":91836,"nach":0.52864640343239622},"geometry":{"type":"LineString","coordinates":[[-0.6995617,52.0413128],[-0.6992646,52.040827099999987],[-0.6991911,52.0407668],[-0.6989919,52.0407007]]}},
{"type":"Feature","properties":{"id":91857,"nach":0.46861146769318485},"geometry":{"type":"LineString","coordinates":[[-0.6986523,52.041018],[-0.6987362,52.0409121],[-0.6988287,52.0408509],[-0.6989919,52.0407007]]}},
{"type":"Feature","properties":{"id":36736,"nach":0.58398037715984641},"geometry":{"type":"LineString","coordinates":[[-0.6996598,52.0399144],[-0.6996991,52.0399891]]}},
{"type":"Feature","properties":{"id":6136,"nach":0.68931770481683741},"geometry":{"type":"LineString","coordinates":[[-0.7000039,52.0399133],[-0.6998361,52.0399596],[-0.6996991,52.0399891]]}},
{"type":"Feature","properties":{"id":44532,"nach":0.62238658364724153},"geometry":{"type":"LineString","coordinates":[[-0.70018,52.0404123],[-0.7001841,52.040246],[-0.700147,52.0401099],[-0.7000039,52.0399133]]}},
{"type":"Feature","properties":{"id":90598,"nach":0.69837189249606113},"geometry":{"type":"LineString","coordinates":[[-0.7002575,52.0397984],[-0.7001775,52.03984],[-0.7000039,52.0399133]]}},
{"type":"Feature","properties":{"id":44531,"nach":0.60512107666997106},"geometry":{"type":"LineString","coordinates":[[-0.70018,52.0404123],[-0.700237,52.0405637],[-0.7004077,52.0408661]]}},
{"type":"Feature","properties":{"id":49654,"nach":0.47470064144679891},"geometry":{"type":"LineString","coordinates":[[-0.6997036,52.0404936],[-0.70018,52.0404123]]}},
{"type":"Feature","properties":{"id":90596,"nach":0.63320020668433552},"geometry":{"type":"LineString","coordinates":[[-0.7002575,52.0397984],[-0.7003523,52.039745]]}},
{"type":"Feature","properties":{"id":90597,"nach":0.57164941973355066},"geometry":{"type":"LineString","coordinates":[[-0.7002575,52.0397984],[-0.7001672,52.0397392]]}},
{"type":"Feature","properties":{"id":125164,"nach":0.66739740707054029},"geometry":{"type":"LineString","coordinates":[[-0.7007691,52.0397323],[-0.7007462,52.0397541],[-0.7006925,52.039795300000016],[-0.7006174,52.0398201],[-0.7005289,52.03983490000001],[-0.7004216,52.0398382],[-0.7003411,52.03982340000001],[-0.7003116,52.0398146],[-0.7002575,52.0397984]]}},
{"type":"Feature","properties":{"id":6140,"nach":0.61204254661680579},"geometry":{"type":"LineString","coordinates":[[-0.6979929,52.044251099999975],[-0.6978886,52.0443336]]}},
{"type":"Feature","properties":{"id":6144,"nach":0.6733386954829137},"geometry":{"type":"LineString","coordinates":[[-0.6983528,52.043816600000014],[-0.6983534,52.0438858],[-0.6983375,52.04395130000001],[-0.6983044,52.0440142],[-0.6982667,52.0440661],[-0.6982232,52.0441066],[-0.6981625,52.0441564],[-0.6980962,52.044192100000011],[-0.6979929,52.044251099999975]]}},
{"type":"Feature","properties":{"id":100677,"nach":0.64317938832175436},"geometry":{"type":"LineString","coordinates":[[-0.6978114,52.0442752],[-0.6979929,52.044251099999975]]}},
{"type":"Feature","properties":{"id":100681,"nach":0.62942115946984167},"geometry":{"type":"LineString","coordinates":[[-0.6978886,52.0443336],[-0.6979352,52.0444021],[-0.697954,52.0444644],[-0.6979736,52.044537300000023],[-0.6979953,52.044584],[-0.6980309,52.0446371],[-0.6980685,52.0446882],[-0.6981413,52.0447561],[-0.6984722,52.0449672],[-0.6989209,52.0452258],[-0.6993232,52.0454356],[-0.6996381,52.045587],[-0.6998725,52.04569510000001],[-0.70009,52.0457877]]}},
{"type":"Feature","properties":{"id":100680,"nach":0.55533345255417099},"geometry":{"type":"LineString","coordinates":[[-0.6978886,52.0443336],[-0.6978114,52.0442752]]}},
{"type":"Feature","properties":{"id":100682,"nach":0.41564907677347507},"geometry":{"type":"LineString","coordinates":[[-0.6978886,52.0443336],[-0.6977975,52.0444161],[-0.6977587,52.044505],[-0.6977674,52.0445931]]}},
{"type":"Feature","properties":{"id":129949,"nach":0.60894476308069734},"geometry":{"type":"LineString","coordinates":[[-0.6985514,52.0438158],[-0.6983528,52.043816600000014]]}},
{"type":"Feature","properties":{"id":6147,"nach":0.66103016249623059},"geometry":{"type":"LineString","coordinates":[[-0.6982367,52.0433588],[-0.6982213,52.0434202],[-0.6982206,52.04348],[-0.6982295,52.0435323],[-0.6982644,52.0436056],[-0.6982983,52.0436633],[-0.6983214,52.0437138],[-0.6983528,52.043816600000014]]}},
{"type":"Feature","properties":{"id":129950,"nach":0.58827496237638499},"geometry":{"type":"LineString","coordinates":[[-0.6985514,52.0438158],[-0.6988408,52.0438147],[-0.6988823,52.0438289],[-0.6989156,52.0438524],[-0.6989372,52.043878],[-0.6989522,52.044332799999985]]}},
{"type":"Feature","properties":{"id":129952,"nach":0.48089602281390198},"geometry":{"type":"LineString","coordinates":[[-0.69843,52.0441116],[-0.6985076,52.0440548],[-0.6985519,52.0439612],[-0.6985514,52.0438158]]}},
{"type":"Feature","properties":{"id":111332,"nach":0.5799950351399128},"geometry":{"type":"LineString","coordinates":[[-0.6981486,52.0433449],[-0.6982367,52.0433588]]}},
{"type":"Feature","properties":{"id":111331,"nach":0.62296264782716027},"geometry":{"type":"LineString","coordinates":[[-0.6981486,52.0433449],[-0.6979699,52.0433168]]}},
{"type":"Feature","properties":{"id":111334,"nach":0.62493380964558232},"geometry":{"type":"LineString","coordinates":[[-0.6981486,52.0433449],[-0.6981627,52.0433169],[-0.6982405,52.043212899999986],[-0.6984014,52.0430743],[-0.6984663,52.0430195]]}},
{"type":"Feature","properties":{"id":111336,"nach":0.62697140918089433},"geometry":{"type":"LineString","coordinates":[[-0.6982136,52.0436996],[-0.6981895,52.0436138],[-0.6981412,52.0434884],[-0.6981486,52.0433449]]}},
{"type":"Feature","properties":{"id":36716,"nach":0.6687424995041108},"geometry":{"type":"LineString","coordinates":[[-0.6990573,52.0432282],[-0.6991515,52.0433077]]}},
{"type":"Feature","properties":{"id":72662,"nach":0.61524472306127709},"geometry":{"type":"LineString","coordinates":[[-0.7144381,52.0433298],[-0.7150179,52.0435304]]}},
{"type":"Feature","properties":{"id":72663,"nach":0.56476417813976221},"geometry":{"type":"LineString","coordinates":[[-0.7144381,52.0433298],[-0.7146442,52.0431115]]}},
{"type":"Feature","properties":{"id":72666,"nach":0.52008974738066482},"geometry":{"type":"LineString","coordinates":[[-0.7143732,52.0434001],[-0.7144381,52.0433298]]}},
{"type":"Feature","properties":{"id":120537,"nach":0.66013699747588783},"geometry":{"type":"LineString","coordinates":[[-0.6994295,52.0427326],[-0.7001208,52.042461],[-0.7003479,52.0423892],[-0.7004434,52.0423678],[-0.7005627,52.0423564],[-0.7006609,52.0423533],[-0.700755,52.0423602]]}},
{"type":"Feature","properties":{"id":120540,"nach":0.46903297186830073},"geometry":{"type":"LineString","coordinates":[[-0.6990473,52.04257960000001],[-0.699132,52.0425863],[-0.6994295,52.0427326]]}},
{"type":"Feature","properties":{"id":87387,"nach":0.6566002782191348},"geometry":{"type":"LineString","coordinates":[[-0.7024123,52.0425588],[-0.702049,52.0426256],[-0.7018731,52.042651],[-0.70174,52.0426623],[-0.7016044,52.0426638],[-0.7014802,52.0426497],[-0.7013472,52.04262090000001]]}},
{"type":"Feature","properties":{"id":91843,"nach":0.65782683146378873},"geometry":{"type":"LineString","coordinates":[[-0.700755,52.0423602],[-0.7008589,52.0423882],[-0.7009867,52.0424518],[-0.701191,52.0425692],[-0.7013472,52.04262090000001]]}},
{"type":"Feature","properties":{"id":96266,"nach":0.5738555863412006},"geometry":{"type":"LineString","coordinates":[[-0.7010998,52.0428948],[-0.701164,52.042855099999983],[-0.7012196,52.0427957],[-0.7013472,52.04262090000001]]}},
{"type":"Feature","properties":{"id":87386,"nach":0.61548332182533083},"geometry":{"type":"LineString","coordinates":[[-0.7024123,52.0425588],[-0.70268,52.0425234],[-0.7029633,52.04248590000001],[-0.7033869,52.0424388],[-0.7035557,52.0424266]]}},
{"type":"Feature","properties":{"id":125330,"nach":0.62416226269825104},"geometry":{"type":"LineString","coordinates":[[-0.702401,52.0424578],[-0.7024123,52.0425588]]}},
{"type":"Feature","properties":{"id":91856,"nach":0.5187356718904782},"geometry":{"type":"LineString","coordinates":[[-0.7009414,52.041743],[-0.7011682,52.0419106],[-0.7012647,52.0419996],[-0.7012728,52.042064],[-0.7011601,52.0421498],[-0.7010046,52.0422174],[-0.7008731,52.0422554],[-0.700755,52.0423602]]}},
{"type":"Feature","properties":{"id":96264,"nach":0.54868098852202218},"geometry":{"type":"LineString","coordinates":[[-0.7010998,52.0428948],[-0.7009553,52.0429548]]}},
{"type":"Feature","properties":{"id":96267,"nach":0.44954883369123838},"geometry":{"type":"LineString","coordinates":[[-0.7013061,52.043070700000015],[-0.7010998,52.0428948]]}},
{"type":"Feature","properties":{"id":56098,"nach":0.60941938904361148},"geometry":{"type":"LineString","coordinates":[[-0.7035557,52.0424266],[-0.7039035,52.0424145]]}},
{"type":"Feature","properties":{"id":56107,"nach":0.61420804380420391},"geometry":{"type":"LineString","coordinates":[[-0.7041436,52.0423814],[-0.7040449,52.042401],[-0.7039035,52.0424145]]}},
{"type":"Feature","properties":{"id":104263,"nach":0.49086823543403918},"geometry":{"type":"LineString","coordinates":[[-0.7041815,52.042862],[-0.7041746,52.0428484],[-0.7041689,52.0428372],[-0.7041547,52.0428092],[-0.7039307,52.0425422],[-0.7039121,52.0424784],[-0.7039035,52.0424145]]}},
{"type":"Feature","properties":{"id":91215,"nach":0.45265842021874209},"geometry":{"type":"LineString","coordinates":[[-0.7037844,52.042945799999984],[-0.7037653,52.0428562],[-0.7035557,52.0424266]]}},
{"type":"Feature","properties":{"id":56106,"nach":0.59901911453008572},"geometry":{"type":"LineString","coordinates":[[-0.7041436,52.0423814],[-0.7042792,52.0425525]]}},
{"type":"Feature","properties":{"id":104264,"nach":0.45409563242069007},"geometry":{"type":"LineString","coordinates":[[-0.7041815,52.042862],[-0.7041067,52.0428843],[-0.7038849,52.0429403],[-0.7037844,52.042945799999984]]}},
{"type":"Feature","properties":{"id":104262,"nach":0.48851873532912865},"geometry":{"type":"LineString","coordinates":[[-0.7041815,52.042862],[-0.7042124,52.0428859]]}},
{"type":"Feature","properties":{"id":49653,"nach":0.58599691440489399},"geometry":{"type":"LineString","coordinates":[[-0.7006522,52.0408613],[-0.7005075,52.0408506],[-0.7004077,52.0408661]]}},
{"type":"Feature","properties":{"id":99416,"nach":0.46415983935675953},"geometry":{"type":"LineString","coordinates":[[-0.7000547,52.0408543],[-0.7001027,52.0409301],[-0.7004077,52.0408661]]}},
{"type":"Feature","properties":{"id":49651,"nach":0.46249539171337889},"geometry":{"type":"LineString","coordinates":[[-0.7006522,52.0408613],[-0.7009323,52.0408689]]}},
{"type":"Feature","properties":{"id":49660,"nach":0.5605021655123168},"geometry":{"type":"LineString","coordinates":[[-0.7006787,52.0412222],[-0.7006343,52.0410693],[-0.7006522,52.0408613]]}},
{"type":"Feature","properties":{"id":78302,"nach":0.508088327076477},"geometry":{"type":"LineString","coordinates":[[-0.7103161,52.0447928],[-0.7103185,52.0447773],[-0.7103344,52.0447174],[-0.7103734,52.0446554],[-0.7104406,52.0445705]]}},
{"type":"Feature","properties":{"id":78295,"nach":0.31705977150024978},"geometry":{"type":"LineString","coordinates":[[-0.7097116,52.044674799999989],[-0.7097054,52.0446365],[-0.7097024,52.044569200000012],[-0.7097178,52.0445143],[-0.7097393,52.0444782],[-0.7097855,52.0444612],[-0.7098672,52.0444536],[-0.7099288,52.0444536],[-0.7100274,52.0444764],[-0.7101738,52.0445152],[-0.7103093,52.044533199999989],[-0.7104406,52.0445705]]}},
{"type":"Feature","properties":{"id":11696,"nach":0.46850552281944585},"geometry":{"type":"LineString","coordinates":[[-0.6986289,52.0444147],[-0.6987121,52.0443607],[-0.6987858,52.0443429],[-0.6989522,52.044332799999985]]}},
{"type":"Feature","properties":{"id":36755,"nach":0.56959549987685343},"geometry":{"type":"LineString","coordinates":[[-0.6996273,52.0445715],[-0.6994118,52.0444451],[-0.699353,52.0444301],[-0.69925,52.0443613],[-0.6991394,52.0443408],[-0.6989522,52.044332799999985]]}},
{"type":"Feature","properties":{"id":36754,"nach":0.56900556520754642},"geometry":{"type":"LineString","coordinates":[[-0.6996273,52.0445715],[-0.6996682,52.0445666],[-0.6999595,52.0446331]]}},
{"type":"Feature","properties":{"id":36757,"nach":0.53040003177168982},"geometry":{"type":"LineString","coordinates":[[-0.699325,52.0448088],[-0.6994782,52.044713499999986],[-0.6996273,52.0445715]]}},
{"type":"Feature","properties":{"id":110492,"nach":0.50726538017241962},"geometry":{"type":"LineString","coordinates":[[-0.7095895,52.047622],[-0.7096052,52.0476551],[-0.7096268,52.047693],[-0.7096453,52.0477186],[-0.7096687,52.0477382],[-0.7097087,52.0477625],[-0.7097631,52.0477833],[-0.7098162,52.0477947],[-0.709893,52.0478055],[-0.7100006,52.0478087]]}},
{"type":"Feature","properties":{"id":36759,"nach":0.59885679266086622},"geometry":{"type":"LineString","coordinates":[[-0.7100006,52.0478087],[-0.713333171379255,52.047123208480144]]}},
{"type":"Feature","properties":{"id":110491,"nach":0.49401406827849703},"geometry":{"type":"LineString","coordinates":[[-0.7095895,52.047622],[-0.7095428,52.04761280000001],[-0.7095185,52.047601899999989],[-0.7094881,52.0475829]]}},
{"type":"Feature","properties":{"id":90553,"nach":0.5705918172525114},"geometry":{"type":"LineString","coordinates":[[-0.7084813,52.046534800000018],[-0.7084588,52.0466385],[-0.7084395,52.0466877],[-0.7084045,52.0467767],[-0.7083346,52.0468616],[-0.7083083,52.04689350000001],[-0.7081972,52.0470028],[-0.7080788,52.0470711],[-0.7079282,52.0471455],[-0.7077942,52.0472026]]}},
{"type":"Feature","properties":{"id":97801,"nach":0.52695494010912347},"geometry":{"type":"LineString","coordinates":[[-0.7080443,52.0465918],[-0.7083842,52.0465362],[-0.7084813,52.046534800000018]]}},
{"type":"Feature","properties":{"id":114709,"nach":0.53735510783451024},"geometry":{"type":"LineString","coordinates":[[-0.70854,52.0461543],[-0.7085255,52.0462196],[-0.7085008,52.0463896],[-0.7084813,52.046534800000018]]}},
{"type":"Feature","properties":{"id":37983,"nach":0.59765658935982979},"geometry":{"type":"LineString","coordinates":[[-0.709799,52.0463501],[-0.7095824,52.0463006]]}},
{"type":"Feature","properties":{"id":49646,"nach":0.51625021534813009},"geometry":{"type":"LineString","coordinates":[[-0.7099286,52.0459576],[-0.7098416,52.045991],[-0.7097436,52.046040900000015],[-0.7096377,52.0462115],[-0.7095824,52.0463006]]}},
{"type":"Feature","properties":{"id":37971,"nach":0.61466132430259768},"geometry":{"type":"LineString","coordinates":[[-0.7104865,52.046370800000012],[-0.711151,52.0461288]]}},
{"type":"Feature","properties":{"id":44548,"nach":0.59421449158915973},"geometry":{"type":"LineString","coordinates":[[-0.710934,52.045913],[-0.711151,52.0461288]]}},
{"type":"Feature","properties":{"id":137235,"nach":0.53042760842787595},"geometry":{"type":"LineString","coordinates":[[-0.7117739,52.0461861],[-0.7115601,52.0461718],[-0.7113569,52.046171800000018],[-0.7112134,52.046187],[-0.711151,52.0461288]]}},
{"type":"Feature","properties":{"id":105980,"nach":0.6155660514584318},"geometry":{"type":"LineString","coordinates":[[-0.7106885,52.0465788],[-0.7104865,52.046370800000012]]}},
{"type":"Feature","properties":{"id":37984,"nach":0.58664199865957634},"geometry":{"type":"LineString","coordinates":[[-0.709799,52.0463501],[-0.7099488,52.046377],[-0.7102227,52.046400700000014],[-0.7104865,52.046370800000012]]}},
{"type":"Feature","properties":{"id":137229,"nach":0.59517801439625306},"geometry":{"type":"LineString","coordinates":[[-0.7116887,52.0456071],[-0.7113883,52.0457445],[-0.710934,52.045913]]}},
{"type":"Feature","properties":{"id":97824,"nach":0.44437391337337623},"geometry":{"type":"LineString","coordinates":[[-0.7107092,52.045839100000016],[-0.7107857,52.0458813],[-0.710934,52.045913]]}},
{"type":"Feature","properties":{"id":137234,"nach":0.52608494491293478},"geometry":{"type":"LineString","coordinates":[[-0.7117739,52.0461861],[-0.7120295,52.0462239],[-0.7121578,52.0462551],[-0.7123297,52.0463024],[-0.7124598,52.046322400000015]]}},
{"type":"Feature","properties":{"id":137233,"nach":0.44226281193240963},"geometry":{"type":"LineString","coordinates":[[-0.7117739,52.0461861],[-0.7118378,52.0460948]]}},
{"type":"Feature","properties":{"id":49585,"nach":0.61386373196874977},"geometry":{"type":"LineString","coordinates":[[-0.7110669,52.0449276],[-0.7121016,52.0451751]]}},
{"type":"Feature","properties":{"id":37948,"nach":0.63326902716987066},"geometry":{"type":"LineString","coordinates":[[-0.7125975,52.0451911],[-0.7124399,52.0452111],[-0.7123013,52.0452065],[-0.7121016,52.0451751]]}},
{"type":"Feature","properties":{"id":137230,"nach":0.60015584321144078},"geometry":{"type":"LineString","coordinates":[[-0.7116887,52.0456071],[-0.7117223,52.04559170000001],[-0.7118983,52.0454962],[-0.7120257,52.0453659],[-0.7121016,52.0451751]]}},
{"type":"Feature","properties":{"id":90584,"nach":0.57692466681024313},"geometry":{"type":"LineString","coordinates":[[-0.7111114,52.0448431],[-0.7110669,52.0449276]]}},
{"type":"Feature","properties":{"id":37949,"nach":0.42824129248389836},"geometry":{"type":"LineString","coordinates":[[-0.7124301,52.0448103],[-0.7125975,52.0451911]]}},
{"type":"Feature","properties":{"id":37952,"nach":0.63112781867908485},"geometry":{"type":"LineString","coordinates":[[-0.7129346,52.0451314],[-0.7125975,52.0451911]]}},
{"type":"Feature","properties":{"id":137231,"nach":0.4003893658760635},"geometry":{"type":"LineString","coordinates":[[-0.7116887,52.0456071],[-0.7118873,52.0457357],[-0.7120738,52.0457951],[-0.7123328,52.0458794],[-0.7124455,52.0459363],[-0.7125574,52.045987799999985]]}},
{"type":"Feature","properties":{"id":71795,"nach":0.59446459621051639},"geometry":{"type":"LineString","coordinates":[[-0.7126255,52.0442454],[-0.7125999,52.0443118]]}},
{"type":"Feature","properties":{"id":78843,"nach":0.61499174298930814},"geometry":{"type":"LineString","coordinates":[[-0.7127031,52.0443118],[-0.7125999,52.0443118]]}},
{"type":"Feature","properties":{"id":96053,"nach":0.60568484301435199},"geometry":{"type":"LineString","coordinates":[[-0.7111402,52.0445747],[-0.711145,52.0445195]]}},
{"type":"Feature","properties":{"id":96052,"nach":0.45380042530394182},"geometry":{"type":"LineString","coordinates":[[-0.7113931,52.0445224],[-0.711145,52.0445195]]}},
{"type":"Feature","properties":{"id":71802,"nach":0.61625557067206438},"geometry":{"type":"LineString","coordinates":[[-0.7111995,52.0439028],[-0.7112255,52.0438407],[-0.71132,52.0436914]]}},
{"type":"Feature","properties":{"id":71803,"nach":0.47903258800968118},"geometry":{"type":"LineString","coordinates":[[-0.7111995,52.0439028],[-0.7113045,52.0439202],[-0.7114255,52.0439675],[-0.7114922,52.0440176],[-0.7115763,52.0440862],[-0.7117299,52.0441515],[-0.7119066,52.0442073],[-0.7120269,52.0442264],[-0.7121596,52.044233],[-0.7123917,52.0442371],[-0.7126255,52.0442454]]}},
{"type":"Feature","properties":{"id":78497,"nach":0.59163432131609761},"geometry":{"type":"LineString","coordinates":[[-0.712724,52.043875],[-0.7127013,52.0439833],[-0.7126742,52.0440869],[-0.7126571,52.0441348],[-0.7126255,52.0442454]]}},
{"type":"Feature","properties":{"id":137259,"nach":0.49815467569551097},"geometry":{"type":"LineString","coordinates":[[-0.7148795,52.044464],[-0.7147383,52.0444448],[-0.7145681,52.0444287],[-0.714283,52.0444077],[-0.7141054,52.0443927],[-0.7139937,52.0443833],[-0.7136554,52.0443558],[-0.7133191,52.0443305],[-0.7129996,52.0442914],[-0.7128108,52.0442653],[-0.7126255,52.0442454]]}},
{"type":"Feature","properties":{"id":78844,"nach":0.54926426872291023},"geometry":{"type":"LineString","coordinates":[[-0.7127031,52.0443118],[-0.7128155,52.0443238],[-0.7130657,52.0443567]]}},
{"type":"Feature","properties":{"id":78845,"nach":0.58558017363138581},"geometry":{"type":"LineString","coordinates":[[-0.7127031,52.0443118],[-0.7127858,52.0443383],[-0.7128475,52.0443618],[-0.7128922,52.0443946]]}},
{"type":"Feature","properties":{"id":108498,"nach":0.47415440156691396},"geometry":{"type":"LineString","coordinates":[[-0.7042559,52.0441116],[-0.7045314,52.044028]]}},
{"type":"Feature","properties":{"id":97787,"nach":0.6212920654563503},"geometry":{"type":"LineString","coordinates":[[-0.7043375,52.0442422],[-0.7044624,52.0442063],[-0.7045479,52.0441238],[-0.7045314,52.044028]]}},
{"type":"Feature","properties":{"id":85170,"nach":0.58804645242159193},"geometry":{"type":"LineString","coordinates":[[-0.7049358,52.043544800000014],[-0.7048719,52.043428599999984],[-0.7048482,52.0433429],[-0.7049243,52.043307],[-0.7049827,52.0432754],[-0.7049844,52.0432035],[-0.7049526,52.0431556],[-0.7048747,52.0431078],[-0.7047721,52.0430729],[-0.7046828,52.04309210000001]]}},
{"type":"Feature","properties":{"id":108499,"nach":0.46643551157110086},"geometry":{"type":"LineString","coordinates":[[-0.7044599,52.0435831],[-0.7047574,52.0435187],[-0.7048487,52.0435265],[-0.7049358,52.043544800000014]]}},
{"type":"Feature","properties":{"id":72127,"nach":0.6872608582190769},"geometry":{"type":"LineString","coordinates":[[-0.7012628,52.03970970000001],[-0.7012039,52.0397842]]}},
{"type":"Feature","properties":{"id":36814,"nach":0.65865191518709054},"geometry":{"type":"LineString","coordinates":[[-0.7015774,52.0398395],[-0.7012039,52.0397842]]}},
{"type":"Feature","properties":{"id":90603,"nach":0.63860629132162727},"geometry":{"type":"LineString","coordinates":[[-0.7008381,52.0396824],[-0.7009102,52.0397046],[-0.7012039,52.0397842]]}},
{"type":"Feature","properties":{"id":96035,"nach":0.67318711167962708},"geometry":{"type":"LineString","coordinates":[[-0.7013775,52.0396],[-0.7012628,52.03970970000001]]}},
{"type":"Feature","properties":{"id":102178,"nach":0.63628030839503147},"geometry":{"type":"LineString","coordinates":[[-0.7022197,52.0397239],[-0.7018198,52.0397422],[-0.7014366,52.0397232],[-0.7012628,52.03970970000001]]}},
{"type":"Feature","properties":{"id":125166,"nach":0.64983319233390524},"geometry":{"type":"LineString","coordinates":[[-0.7015712,52.0398803],[-0.7015774,52.0398395]]}},
{"type":"Feature","properties":{"id":114627,"nach":0.54002701407719789},"geometry":{"type":"LineString","coordinates":[[-0.7020461,52.0398309],[-0.7018174,52.0398415],[-0.7015774,52.0398395]]}},
{"type":"Feature","properties":{"id":125163,"nach":0.64020323225155051},"geometry":{"type":"LineString","coordinates":[[-0.7007691,52.0397323],[-0.7008381,52.0396824]]}},
{"type":"Feature","properties":{"id":96118,"nach":0.60753765167758644},"geometry":{"type":"LineString","coordinates":[[-0.7137293,52.0433582],[-0.7135115,52.0436106]]}},
{"type":"Feature","properties":{"id":96122,"nach":0.4678664269668259},"geometry":{"type":"LineString","coordinates":[[-0.71401,52.0434063],[-0.7137293,52.0433582]]}},
{"type":"Feature","properties":{"id":96123,"nach":0.46809400381198141},"geometry":{"type":"LineString","coordinates":[[-0.7135414,52.043240700000013],[-0.7137293,52.0433582]]}},
{"type":"Feature","properties":{"id":49606,"nach":0.59500905187516229},"geometry":{"type":"LineString","coordinates":[[-0.7135115,52.0436106],[-0.7133623,52.0437659]]}},
{"type":"Feature","properties":{"id":78494,"nach":0.60106238260772316},"geometry":{"type":"LineString","coordinates":[[-0.712723,52.0437966],[-0.7129497,52.0438287],[-0.7130141,52.0438404],[-0.7132336,52.04389530000001],[-0.7133623,52.0437659]]}},
{"type":"Feature","properties":{"id":49611,"nach":0.53500583262903267},"geometry":{"type":"LineString","coordinates":[[-0.7137931,52.0439041],[-0.7136845,52.0438794],[-0.7133623,52.0437659]]}},
{"type":"Feature","properties":{"id":49608,"nach":0.50598910622241167},"geometry":{"type":"LineString","coordinates":[[-0.7135115,52.0436106],[-0.7131625,52.0434808]]}},
{"type":"Feature","properties":{"id":78495,"nach":0.62012137484564245},"geometry":{"type":"LineString","coordinates":[[-0.712724,52.043875],[-0.712723,52.0437966]]}},
{"type":"Feature","properties":{"id":49609,"nach":0.46185460278459378},"geometry":{"type":"LineString","coordinates":[[-0.7137931,52.0439041],[-0.7136967,52.0441554]]}},
{"type":"Feature","properties":{"id":102450,"nach":0.53612104330996324},"geometry":{"type":"LineString","coordinates":[[-0.7146011,52.0439205],[-0.7142291,52.043941],[-0.7137931,52.0439041]]}},
{"type":"Feature","properties":{"id":101486,"nach":0.46024937299138918},"geometry":{"type":"LineString","coordinates":[[-0.711935,52.0482236],[-0.7120077,52.0482048]]}},
{"type":"Feature","properties":{"id":33425,"nach":0.39637360043250158},"geometry":{"type":"LineString","coordinates":[[-0.7119056,52.0480055],[-0.7120077,52.0482048]]}},
{"type":"Feature","properties":{"id":80693,"nach":0.49924377403534836},"geometry":{"type":"LineString","coordinates":[[-0.7124074,52.0487522],[-0.7120077,52.0482048]]}},
{"type":"Feature","properties":{"id":101485,"nach":0.38399593622962325},"geometry":{"type":"LineString","coordinates":[[-0.711935,52.0482236],[-0.711071,52.0484475]]}},
{"type":"Feature","properties":{"id":101488,"nach":0.37433795313525892},"geometry":{"type":"LineString","coordinates":[[-0.7112695,52.04873580000001],[-0.7121492,52.0485159],[-0.711935,52.0482236]]}},
{"type":"Feature","properties":{"id":80695,"nach":0.526920553314565},"geometry":{"type":"LineString","coordinates":[[-0.7124074,52.0487522],[-0.7124695,52.0488324],[-0.7122911,52.0488843],[-0.7121072,52.048930300000016],[-0.711816,52.0489993]]}},
{"type":"Feature","properties":{"id":80694,"nach":0.51892448237005384},"geometry":{"type":"LineString","coordinates":[[-0.7124074,52.0487522],[-0.712552,52.0487161],[-0.7126684,52.0487161],[-0.7127534,52.0487602]]}},
{"type":"Feature","properties":{"id":112306,"nach":0.6424070823501945},"geometry":{"type":"LineString","coordinates":[[-0.708142325159781,52.049246829229567],[-0.7086913,52.0496799]]}},
{"type":"Feature","properties":{"id":110700,"nach":0.56788142789254947},"geometry":{"type":"LineString","coordinates":[[-0.7086913,52.0496799],[-0.708281971988672,52.04918308584741]]}},
{"type":"Feature","properties":{"id":80701,"nach":0.5999661510912303},"geometry":{"type":"LineString","coordinates":[[-0.7086678,52.0486388],[-0.7086765,52.048669500000017],[-0.7086904,52.0487811],[-0.7086749,52.0488772]]}},
{"type":"Feature","properties":{"id":110601,"nach":0.46491144168965259},"geometry":{"type":"LineString","coordinates":[[-0.7098788,52.0504789],[-0.7098584,52.050456],[-0.709743,52.0503481],[-0.7095322,52.050151],[-0.708942,52.0496374],[-0.7085472,52.0492627],[-0.7084864,52.0492137],[-0.7085551,52.049159600000017],[-0.7086475,52.0491005],[-0.708697,52.0490514],[-0.7087461,52.0489714],[-0.7087706,52.0489011],[-0.7086993,52.048883300000014],[-0.7086749,52.0488772]]}},
{"type":"Feature","properties":{"id":52039,"nach":0.60419824533742506},"geometry":{"type":"LineString","coordinates":[[-0.708142325159781,52.049246829229567],[-0.7086749,52.0488772]]}},
{"type":"Feature","properties":{"id":33364,"nach":0.5714512692868613},"geometry":{"type":"LineString","coordinates":[[-0.7110923,52.0495447],[-0.7112158,52.0498355],[-0.7111346,52.0499819]]}},
{"type":"Feature","properties":{"id":110604,"nach":0.590509203503775},"geometry":{"type":"LineString","coordinates":[[-0.7105878,52.05015250000001],[-0.7106452,52.0501366],[-0.7108385,52.0500818],[-0.7111346,52.0499819]]}},
{"type":"Feature","properties":{"id":52053,"nach":0.47040228614292412},"geometry":{"type":"LineString","coordinates":[[-0.7129325,52.049074],[-0.7129638,52.0493933],[-0.7128743,52.0495035],[-0.7126966,52.0495595],[-0.7125251,52.0496136],[-0.7122745,52.049732],[-0.7121581,52.049765],[-0.7119522,52.0498035],[-0.7115538,52.0499467],[-0.7112986,52.050021],[-0.7111957,52.0500375],[-0.7111346,52.0499819]]}},
{"type":"Feature","properties":{"id":101466,"nach":0.55416003277648862},"geometry":{"type":"LineString","coordinates":[[-0.7111413,52.0494032],[-0.7110923,52.0495447]]}},
{"type":"Feature","properties":{"id":101456,"nach":0.48180029668234203},"geometry":{"type":"LineString","coordinates":[[-0.7107847,52.049577799999987],[-0.7109353,52.04954870000001],[-0.7110923,52.0495447]]}},
{"type":"Feature","properties":{"id":52082,"nach":0.23700510566606597},"geometry":{"type":"LineString","coordinates":[[-0.7127534,52.0487602],[-0.712749,52.04884280000001],[-0.7128072,52.0490327],[-0.7129325,52.049074]]}},
{"type":"Feature","properties":{"id":52086,"nach":0.46801594017138581},"geometry":{"type":"LineString","coordinates":[[-0.7129549,52.0486831],[-0.7130623,52.0488152],[-0.7130399,52.0489309],[-0.7129325,52.049074]]}},
{"type":"Feature","properties":{"id":101467,"nach":0.5415924351780339},"geometry":{"type":"LineString","coordinates":[[-0.7111413,52.0494032],[-0.711221,52.0491728],[-0.7113044,52.04913530000001],[-0.711816,52.0489993]]}},
{"type":"Feature","properties":{"id":101471,"nach":0.42613293521636603},"geometry":{"type":"LineString","coordinates":[[-0.7114544,52.0494577],[-0.7113727,52.0494127],[-0.7111413,52.0494032]]}},
{"type":"Feature","properties":{"id":101458,"nach":0.44036575924606619},"geometry":{"type":"LineString","coordinates":[[-0.7107718,52.0496148],[-0.7106471,52.0496201],[-0.7105267,52.0496413],[-0.7104278,52.049662400000017],[-0.7103202,52.049681],[-0.7101869,52.0496624],[-0.7101869,52.0495937],[-0.7102084,52.0495328],[-0.7102557,52.0495064],[-0.7103417,52.04948790000001],[-0.7104407,52.0494667],[-0.7105869,52.0494297],[-0.7107073,52.0494032],[-0.7107847,52.0494059],[-0.710789,52.0494508],[-0.7107847,52.049577799999987]]}},
{"type":"Feature","properties":{"id":101462,"nach":0.4826244819866371},"geometry":{"type":"LineString","coordinates":[[-0.7119608,52.0492162],[-0.711816,52.0489993]]}},
{"type":"Feature","properties":{"id":101464,"nach":0.40429986469691476},"geometry":{"type":"LineString","coordinates":[[-0.7119608,52.0492162],[-0.7121168,52.0494497],[-0.7124608,52.049373]]}},
{"type":"Feature","properties":{"id":101465,"nach":0.40724482240474391},"geometry":{"type":"LineString","coordinates":[[-0.7124737,52.049095299999983],[-0.7119608,52.0492162]]}},
{"type":"Feature","properties":{"id":36221,"nach":0.55264956817126587},"geometry":{"type":"LineString","coordinates":[[-0.7087661,52.0420636],[-0.7087425,52.042117]]}},
{"type":"Feature","properties":{"id":102186,"nach":0.47870767630979677},"geometry":{"type":"LineString","coordinates":[[-0.7086373,52.0421011],[-0.7087425,52.042117]]}},
{"type":"Feature","properties":{"id":102440,"nach":0.53265185127687364},"geometry":{"type":"LineString","coordinates":[[-0.7087229,52.0431586],[-0.70875,52.0430522],[-0.7087765,52.042865],[-0.708782,52.0426541],[-0.7087678,52.0423691],[-0.7087425,52.042117]]}},
{"type":"Feature","properties":{"id":102190,"nach":0.4949169936374862},"geometry":{"type":"LineString","coordinates":[[-0.7087561,52.04199890000001],[-0.7087661,52.0420636]]}},
{"type":"Feature","properties":{"id":102188,"nach":0.52865473536809826},"geometry":{"type":"LineString","coordinates":[[-0.7086373,52.0421011],[-0.7073027,52.0419068],[-0.7069745,52.041864],[-0.705922,52.04167910000001],[-0.7057905,52.0416146]]}},
{"type":"Feature","properties":{"id":102189,"nach":0.51343139919883896},"geometry":{"type":"LineString","coordinates":[[-0.7086373,52.0421011],[-0.7086795,52.0423744],[-0.7086795,52.0425541],[-0.7086902,52.0428344],[-0.7086795,52.0430405],[-0.7086527,52.0431427]]}},
{"type":"Feature","properties":{"id":102187,"nach":0.50470905703223345},"geometry":{"type":"LineString","coordinates":[[-0.7086373,52.0421011],[-0.7086232,52.0420166]]}},
{"type":"Feature","properties":{"id":102439,"nach":0.56422639181486955},"geometry":{"type":"LineString","coordinates":[[-0.7087229,52.0431586],[-0.7086527,52.0431427]]}},
{"type":"Feature","properties":{"id":102192,"nach":0.41200308813164843},"geometry":{"type":"LineString","coordinates":[[-0.7087561,52.04199890000001],[-0.7087429,52.04181830000001],[-0.7087198,52.0416828],[-0.7086874,52.0415615],[-0.7086381,52.0414469],[-0.7085765,52.0413606],[-0.7084517,52.041216599999984],[-0.7079572,52.0406954],[-0.7078062,52.0405486],[-0.7077046,52.040469],[-0.7075336,52.040369499999983],[-0.7073533,52.040282300000015],[-0.7071731,52.0402084],[-0.7070283,52.0401686],[-0.7067583,52.0401147]]}},
{"type":"Feature","properties":{"id":102191,"nach":0.47600543589236782},"geometry":{"type":"LineString","coordinates":[[-0.7087561,52.04199890000001],[-0.7086232,52.0420166]]}},
{"type":"Feature","properties":{"id":102193,"nach":0.51551100002488048},"geometry":{"type":"LineString","coordinates":[[-0.7087561,52.04199890000001],[-0.7096988,52.0418734],[-0.7109916,52.04169850000001],[-0.7111579,52.0416358],[-0.7118821,52.0412168],[-0.7122084,52.0410343]]}},
{"type":"Feature","properties":{"id":126151,"nach":0.58072591732456369},"geometry":{"type":"LineString","coordinates":[[-0.7011464,52.045589300000017],[-0.7010503,52.0455496]]}},
{"type":"Feature","properties":{"id":52071,"nach":0.45749974697841012},"geometry":{"type":"LineString","coordinates":[[-0.70009,52.0457877],[-0.7001737,52.0457141],[-0.7002882,52.0456172],[-0.7004218,52.0455427],[-0.7005913,52.045499],[-0.7007576,52.0454863],[-0.7009005,52.0455046],[-0.7010503,52.0455496]]}},
{"type":"Feature","properties":{"id":50502,"nach":0.69819461564695329},"geometry":{"type":"LineString","coordinates":[[-0.7010503,52.0455496],[-0.700430578658921,52.046193318518874]]}},
{"type":"Feature","properties":{"id":126153,"nach":0.61960648591826795},"geometry":{"type":"LineString","coordinates":[[-0.7011464,52.045589300000017],[-0.7015454,52.0452034],[-0.7016349,52.045135799999983],[-0.7017433,52.0450762],[-0.7020129,52.0450188]]}},
{"type":"Feature","properties":{"id":126152,"nach":0.55901086726693971},"geometry":{"type":"LineString","coordinates":[[-0.7011464,52.045589300000017],[-0.7013155,52.04565920000001],[-0.701404,52.045712899999984]]}},
{"type":"Feature","properties":{"id":126154,"nach":0.74199856934981212},"geometry":{"type":"LineString","coordinates":[[-0.7011464,52.045589300000017],[-0.700716674242597,52.046026243864652]]}},
{"type":"Feature","properties":{"id":50500,"nach":0.64322995730377908},"geometry":{"type":"LineString","coordinates":[[-0.7000137,52.0466184],[-0.6997644,52.0468755]]}},
{"type":"Feature","properties":{"id":50501,"nach":0.38565076455997749},"geometry":{"type":"LineString","coordinates":[[-0.7000137,52.0466184],[-0.7001353,52.0466671]]}},
{"type":"Feature","properties":{"id":50502,"nach":0.69819461564695329},"geometry":{"type":"LineString","coordinates":[[-0.700624184519795,52.045993256559612],[-0.7000137,52.0466184]]}},
{"type":"Feature","properties":{"id":52069,"nach":0.68253934300153085},"geometry":{"type":"LineString","coordinates":[[-0.70009,52.0457877],[-0.700624184519795,52.045993256559612]]}},
{"type":"Feature","properties":{"id":36228,"nach":0.40278997847279907},"geometry":{"type":"LineString","coordinates":[[-0.7045649,52.0467636],[-0.7044909,52.0469565]]}},
{"type":"Feature","properties":{"id":38008,"nach":0.45390123123751347},"geometry":{"type":"LineString","coordinates":[[-0.7046316,52.0464894],[-0.7046285,52.0465234],[-0.7046226,52.0465798],[-0.7046021,52.046667100000015],[-0.7045649,52.0467636]]}},
{"type":"Feature","properties":{"id":66967,"nach":0.44413375278091038},"geometry":{"type":"LineString","coordinates":[[-0.7043752,52.0468925],[-0.7044387,52.0468587],[-0.7045649,52.0467636]]}},
{"type":"Feature","properties":{"id":110511,"nach":0.62833795007183157},"geometry":{"type":"LineString","coordinates":[[-0.7044909,52.0469565],[-0.7046367,52.0470558]]}},
{"type":"Feature","properties":{"id":110512,"nach":0.62892353964674508},"geometry":{"type":"LineString","coordinates":[[-0.7044909,52.0469565],[-0.7043752,52.0468925]]}},
{"type":"Feature","properties":{"id":110513,"nach":0.47088468212935974},"geometry":{"type":"LineString","coordinates":[[-0.7044909,52.0469565],[-0.7044701,52.0470381],[-0.7044713,52.0471209],[-0.7044837,52.0471562],[-0.7044925,52.0471792]]}},
{"type":"Feature","properties":{"id":110503,"nach":0.52563622473457117},"geometry":{"type":"LineString","coordinates":[[-0.7044705,52.046492],[-0.7046316,52.0464894]]}},
{"type":"Feature","properties":{"id":125504,"nach":0.51747306282936301},"geometry":{"type":"LineString","coordinates":[[-0.7058519,52.0467768],[-0.7058116,52.046757],[-0.7056947,52.0467062],[-0.7055422,52.0466498],[-0.7053093,52.0465835],[-0.7050988,52.0465395],[-0.7049425,52.0465155],[-0.7047968,52.0464991],[-0.7046316,52.0464894]]}},
{"type":"Feature","properties":{"id":90446,"nach":0.65156363442317655},"geometry":{"type":"LineString","coordinates":[[-0.7162514,52.042656800000017],[-0.7160458,52.0428726],[-0.7159218,52.0429182]]}},
{"type":"Feature","properties":{"id":102203,"nach":0.66005812947271514},"geometry":{"type":"LineString","coordinates":[[-0.7157664,52.0431089],[-0.7159144,52.0429427],[-0.7159218,52.0429182]]}},
{"type":"Feature","properties":{"id":90445,"nach":0.70213194238052867},"geometry":{"type":"LineString","coordinates":[[-0.7162514,52.042656800000017],[-0.716319309047302,52.0425833214303]]}},
{"type":"Feature","properties":{"id":102202,"nach":0.43017141265418141},"geometry":{"type":"LineString","coordinates":[[-0.7157664,52.0431089],[-0.7158918,52.0431505]]}},
{"type":"Feature","properties":{"id":102214,"nach":0.65465395171264673},"geometry":{"type":"LineString","coordinates":[[-0.7154411,52.0434725],[-0.7157664,52.0431089]]}},
{"type":"Feature","properties":{"id":102207,"nach":0.5418490071765687},"geometry":{"type":"LineString","coordinates":[[-0.7155234,52.0430243],[-0.7155802,52.0430465],[-0.7157244,52.0430925],[-0.7157664,52.0431089]]}},
{"type":"Feature","properties":{"id":84824,"nach":0.50187269554030922},"geometry":{"type":"LineString","coordinates":[[-0.7165704,52.0424039],[-0.7164317,52.0423523]]}},
{"type":"Feature","properties":{"id":84828,"nach":0.64875840345146363},"geometry":{"type":"LineString","coordinates":[[-0.7165124,52.0422613],[-0.7164317,52.0423523]]}},
{"type":"Feature","properties":{"id":90445,"nach":0.70213194238052867},"geometry":{"type":"LineString","coordinates":[[-0.716319309047302,52.0425833214303],[-0.7164317,52.0423523]]}},
{"type":"Feature","properties":{"id":90448,"nach":0.52169927126627147},"geometry":{"type":"LineString","coordinates":[[-0.7175011,52.0427189],[-0.7165704,52.0424039]]}},
{"type":"Feature","properties":{"id":90451,"nach":0.68094675777830083},"geometry":{"type":"LineString","coordinates":[[-0.7164642,52.0425282],[-0.7165704,52.0424039]]}},
{"type":"Feature","properties":{"id":84833,"nach":0.68137454352972371},"geometry":{"type":"LineString","coordinates":[[-0.7166629,52.0423055],[-0.7165704,52.0424039]]}},
{"type":"Feature","properties":{"id":84832,"nach":0.50531904578051656},"geometry":{"type":"LineString","coordinates":[[-0.7166629,52.0423055],[-0.7165124,52.0422613]]}},
{"type":"Feature","properties":{"id":95368,"nach":0.60845885842289493},"geometry":{"type":"LineString","coordinates":[[-0.7156406,52.0420373],[-0.7159988,52.0421934],[-0.7165124,52.0422613]]}},
{"type":"Feature","properties":{"id":90579,"nach":0.65341821737376549},"geometry":{"type":"LineString","coordinates":[[-0.7154067,52.0435107],[-0.7153294,52.0434911],[-0.7152081,52.0434888],[-0.7151024,52.0435042],[-0.7150179,52.0435304]]}},
{"type":"Feature","properties":{"id":90578,"nach":0.5949621123809038},"geometry":{"type":"LineString","coordinates":[[-0.7154067,52.0435107],[-0.7155286,52.043556]]}},
{"type":"Feature","properties":{"id":102213,"nach":0.65762707266314302},"geometry":{"type":"LineString","coordinates":[[-0.7154411,52.0434725],[-0.7154067,52.0435107]]}},
{"type":"Feature","properties":{"id":110473,"nach":0.64197818785092187},"geometry":{"type":"LineString","coordinates":[[-0.7154091,52.0438914],[-0.7155968,52.0436823]]}},
{"type":"Feature","properties":{"id":92184,"nach":0.63833732149668942},"geometry":{"type":"LineString","coordinates":[[-0.7156569,52.0436086],[-0.7155968,52.0436823]]}},
{"type":"Feature","properties":{"id":49624,"nach":0.49068881855299196},"geometry":{"type":"LineString","coordinates":[[-0.7155968,52.0436823],[-0.7156859,52.0437138],[-0.7157885,52.0437508]]}},
{"type":"Feature","properties":{"id":90576,"nach":0.60185828521721663},"geometry":{"type":"LineString","coordinates":[[-0.7155286,52.043556],[-0.715612,52.0435857]]}},
{"type":"Feature","properties":{"id":102211,"nach":0.50883067420007921},"geometry":{"type":"LineString","coordinates":[[-0.7155736,52.043507100000014],[-0.7155286,52.043556]]}},
{"type":"Feature","properties":{"id":80700,"nach":0.62308771678652131},"geometry":{"type":"LineString","coordinates":[[-0.7086678,52.0486388],[-0.7086574,52.0486022]]}},
{"type":"Feature","properties":{"id":52037,"nach":0.4760207413485178},"geometry":{"type":"LineString","coordinates":[[-0.7124232,52.0475293],[-0.711646,52.0476685],[-0.7105543,52.0479048],[-0.7098279,52.048085500000013],[-0.7093885,52.0481983],[-0.7091198,52.0483375],[-0.7088676,52.0484995],[-0.7086574,52.0486022]]}},
{"type":"Feature","properties":{"id":40994,"nach":0.68684171059932431},"geometry":{"type":"LineString","coordinates":[[-0.708447917415198,52.048252507796434],[-0.7086574,52.0486022]]}},
{"type":"Feature","properties":{"id":126147,"nach":0.54752945926756935},"geometry":{"type":"LineString","coordinates":[[-0.6974232,52.0489467],[-0.6974456,52.0489889]]}},
{"type":"Feature","properties":{"id":77151,"nach":0.63259845084705757},"geometry":{"type":"LineString","coordinates":[[-0.6977132,52.048925],[-0.6975869,52.0489591],[-0.6974456,52.0489889]]}},
{"type":"Feature","properties":{"id":126146,"nach":0.54629126286787033},"geometry":{"type":"LineString","coordinates":[[-0.6980772,52.050092],[-0.6979791,52.0500366],[-0.6978805,52.0500066],[-0.6978036,52.049981],[-0.6977474,52.0499503],[-0.6977149,52.0499191],[-0.6977118,52.0498885],[-0.6977413,52.0498116],[-0.6977901,52.0496603],[-0.6978073,52.0495903],[-0.6977982,52.0495316],[-0.6977413,52.0494034],[-0.6976711,52.0492728],[-0.6976032,52.0491856],[-0.6974885,52.04907630000001],[-0.6974456,52.0489889]]}},
{"type":"Feature","properties":{"id":63822,"nach":0.6316119848189603},"geometry":{"type":"LineString","coordinates":[[-0.6961495,52.0490966],[-0.6963816,52.0490917],[-0.697254,52.049009],[-0.6974456,52.0489889]]}},
{"type":"Feature","properties":{"id":126150,"nach":0.51812413481273012},"geometry":{"type":"LineString","coordinates":[[-0.6974232,52.0489467],[-0.69723,52.0489645],[-0.6963776,52.0490456],[-0.6961873,52.04904770000001],[-0.6960956,52.0490978]]}},
{"type":"Feature","properties":{"id":126149,"nach":0.54475906818021791},"geometry":{"type":"LineString","coordinates":[[-0.6974232,52.0489467],[-0.6972971,52.0487089],[-0.6971821,52.0483827],[-0.6968882,52.0474135],[-0.6967881,52.0472236]]}},
{"type":"Feature","properties":{"id":126148,"nach":0.56931996353332104},"geometry":{"type":"LineString","coordinates":[[-0.6974232,52.0489467],[-0.6976594,52.0488765]]}},
{"type":"Feature","properties":{"id":77152,"nach":0.63966297106023773},"geometry":{"type":"LineString","coordinates":[[-0.6977132,52.048925],[-0.6978072,52.0488634],[-0.6978796,52.0488047]]}},
{"type":"Feature","properties":{"id":77153,"nach":0.50262313018818394},"geometry":{"type":"LineString","coordinates":[[-0.6976594,52.0488765],[-0.6977132,52.048925]]}},
{"type":"Feature","properties":{"id":126144,"nach":0.63040999026146161},"geometry":{"type":"LineString","coordinates":[[-0.6980772,52.050092],[-0.6980954,52.0501023]]}},
{"type":"Feature","properties":{"id":126145,"nach":0.60472896296977019},"geometry":{"type":"LineString","coordinates":[[-0.6980772,52.050092],[-0.6981394,52.049972],[-0.6981394,52.0499028],[-0.6980834,52.049737500000013]]}},
{"type":"Feature","properties":{"id":63821,"nach":0.65105648978981412},"geometry":{"type":"LineString","coordinates":[[-0.6961495,52.0490966],[-0.6960956,52.0490978]]}},
{"type":"Feature","properties":{"id":63823,"nach":0.55919979654330765},"geometry":{"type":"LineString","coordinates":[[-0.6961495,52.0490966],[-0.6961669,52.0492217],[-0.6962236,52.0493027],[-0.6963156,52.049411],[-0.6964271,52.04952260000001],[-0.6965332,52.0496096],[-0.6966438,52.0496885],[-0.6967536,52.0497604],[-0.6968066,52.0498039],[-0.6968686,52.0498621],[-0.6970188,52.0500718],[-0.6970737,52.050133],[-0.6972173,52.0502283],[-0.6972412,52.0502489],[-0.6972549,52.0502709],[-0.6972674,52.0503101]]}},
{"type":"Feature","properties":{"id":66963,"nach":0.51486211609255916},"geometry":{"type":"LineString","coordinates":[[-0.6951672,52.0415671],[-0.6951706,52.0415986],[-0.6953362,52.041950700000015],[-0.6961403,52.0429172],[-0.6965199,52.0433335]]}},
{"type":"Feature","properties":{"id":85112,"nach":0.70419921653829975},"geometry":{"type":"LineString","coordinates":[[-0.6950869,52.0410747],[-0.6951769,52.0410785],[-0.6952421,52.041095],[-0.6956815,52.041124600000011],[-0.6959311,52.041214]]}},
{"type":"Feature","properties":{"id":36819,"nach":0.4424263014939151},"geometry":{"type":"LineString","coordinates":[[-0.7078285,52.0458741],[-0.7077556,52.0457536]]}},
{"type":"Feature","properties":{"id":114704,"nach":0.0},"geometry":{"type":"LineString","coordinates":[[-0.7067434,52.0458267],[-0.707039,52.0456871],[-0.7075636,52.0455125],[-0.7076396,52.0455575],[-0.7077556,52.0457536]]}},
{"type":"Feature","properties":{"id":114702,"nach":0.60505790629278289},"geometry":{"type":"LineString","coordinates":[[-0.7067434,52.0458267],[-0.7067205,52.0457279]]}},
{"type":"Feature","properties":{"id":36675,"nach":0.63384547638998756},"geometry":{"type":"LineString","coordinates":[[-0.7003523,52.039745],[-0.700323,52.0397189],[-0.7003052,52.03969],[-0.7002922,52.039649500000017],[-0.7003148,52.0395924]]}},
{"type":"Feature","properties":{"id":91850,"nach":0.54679904359532994},"geometry":{"type":"LineString","coordinates":[[-0.6973264,52.043048400000011],[-0.6965199,52.0433335]]}},
{"type":"Feature","properties":{"id":111340,"nach":0.5431558025249501},"geometry":{"type":"LineString","coordinates":[[-0.6977587,52.0441985],[-0.6976463,52.0441376],[-0.6973654,52.0440643],[-0.6971572,52.043957],[-0.6970108,52.0438203],[-0.6965199,52.0433335]]}},
{"type":"Feature","properties":{"id":91853,"nach":0.50818054978937133},"geometry":{"type":"LineString","coordinates":[[-0.6973264,52.043048400000011],[-0.6973369,52.0429677],[-0.697349,52.0427551],[-0.697238,52.0426208]]}},
{"type":"Feature","properties":{"id":91852,"nach":0.47982367762342354},"geometry":{"type":"LineString","coordinates":[[-0.6973264,52.043048400000011],[-0.6973219,52.0430835],[-0.697338,52.043205599999986]]}},
{"type":"Feature","properties":{"id":111338,"nach":0.64666116109171989},"geometry":{"type":"LineString","coordinates":[[-0.6977587,52.0441985],[-0.6978114,52.0442752]]}},
{"type":"Feature","properties":{"id":111339,"nach":0.62977495190358468},"geometry":{"type":"LineString","coordinates":[[-0.6977587,52.0441985],[-0.6980313,52.0441335],[-0.6981332,52.0440757],[-0.6982297,52.0439734],[-0.6982592,52.04382],[-0.6982136,52.0436996]]}},
{"type":"Feature","properties":{"id":84916,"nach":0.50348358892163347},"geometry":{"type":"LineString","coordinates":[[-0.7031198,52.045974600000015],[-0.7029572,52.0456671],[-0.7028027,52.0455245],[-0.7026612,52.0454615],[-0.7024136,52.0454051],[-0.702266,52.0453195],[-0.7021278,52.045197],[-0.7020465,52.04508950000001],[-0.7020129,52.0450188]]}},
{"type":"Feature","properties":{"id":84917,"nach":0.4916661455373465},"geometry":{"type":"LineString","coordinates":[[-0.7031198,52.045974600000015],[-0.703319,52.0463397],[-0.703441,52.0464522],[-0.7035792,52.0465197],[-0.7037174,52.0465572],[-0.7039369,52.0465797],[-0.7044658,52.0465736]]}},
{"type":"Feature","properties":{"id":110507,"nach":0.49321443543117466},"geometry":{"type":"LineString","coordinates":[[-0.7032535,52.0459497],[-0.7031198,52.045974600000015]]}},
{"type":"Feature","properties":{"id":119406,"nach":0.49749139859976849},"geometry":{"type":"LineString","coordinates":[[-0.702336,52.0459629],[-0.7026003,52.0460554],[-0.7031198,52.045974600000015]]}},
{"type":"Feature","properties":{"id":97789,"nach":0.5024016919318034},"geometry":{"type":"LineString","coordinates":[[-0.7043375,52.0442422],[-0.7044903,52.0443618],[-0.7047187,52.0446564],[-0.7050188,52.0450435],[-0.705161,52.04554],[-0.7053482,52.0458074],[-0.7054663,52.045973600000011]]}},
{"type":"Feature","properties":{"id":97788,"nach":0.61117407897614284},"geometry":{"type":"LineString","coordinates":[[-0.7043375,52.0442422],[-0.703988,52.0443426],[-0.7032839,52.0445449],[-0.7028254,52.044833299999986],[-0.7025849,52.0449095],[-0.7022218,52.0449755]]}},
{"type":"Feature","properties":{"id":36713,"nach":0.66199814870781604},"geometry":{"type":"LineString","coordinates":[[-0.6991515,52.0433077],[-0.6994334,52.0435748]]}},
{"type":"Feature","properties":{"id":103402,"nach":0.54773498246935515},"geometry":{"type":"LineString","coordinates":[[-0.6993866,52.0435949],[-0.6994334,52.0435748]]}},
{"type":"Feature","properties":{"id":97585,"nach":0.54304778091050621},"geometry":{"type":"LineString","coordinates":[[-0.6997278,52.0439457],[-0.6998011,52.0440078]]}},
{"type":"Feature","properties":{"id":97588,"nach":0.47152645253738745},"geometry":{"type":"LineString","coordinates":[[-0.6998834,52.044082],[-0.6998011,52.0440078]]}},
{"type":"Feature","properties":{"id":95433,"nach":0.47751558707741915},"geometry":{"type":"LineString","coordinates":[[-0.6990813,52.043336],[-0.6991515,52.0433077]]}},
{"type":"Feature","properties":{"id":95432,"nach":0.45476353606890674},"geometry":{"type":"LineString","coordinates":[[-0.6992837,52.043255],[-0.6991515,52.0433077]]}},
{"type":"Feature","properties":{"id":103401,"nach":0.47380113541466606},"geometry":{"type":"LineString","coordinates":[[-0.6993866,52.0435949],[-0.699264,52.0435112]]}},
{"type":"Feature","properties":{"id":103404,"nach":0.4748126509203246},"geometry":{"type":"LineString","coordinates":[[-0.6994127,52.0436277],[-0.6993866,52.0435949]]}},
{"type":"Feature","properties":{"id":102173,"nach":0.65069712556548986},"geometry":{"type":"LineString","coordinates":[[-0.6982465,52.042465300000011],[-0.6980364,52.0422697]]}},
{"type":"Feature","properties":{"id":102175,"nach":0.55632102740226641},"geometry":{"type":"LineString","coordinates":[[-0.6982465,52.042465300000011],[-0.6981914,52.0424827]]}},
{"type":"Feature","properties":{"id":111323,"nach":0.65762374631109033},"geometry":{"type":"LineString","coordinates":[[-0.6978961,52.0421313],[-0.6980364,52.0422697]]}},
{"type":"Feature","properties":{"id":38044,"nach":0.55737325288412698},"geometry":{"type":"LineString","coordinates":[[-0.697238,52.0426208],[-0.6973423,52.0425218],[-0.6980364,52.0422697]]}},
{"type":"Feature","properties":{"id":111326,"nach":0.64604028567197302},"geometry":{"type":"LineString","coordinates":[[-0.6978961,52.0421313],[-0.6977986,52.0420351],[-0.6976802,52.041876]]}},
{"type":"Feature","properties":{"id":111325,"nach":0.55614594803384598},"geometry":{"type":"LineString","coordinates":[[-0.6978961,52.0421313],[-0.6980148,52.0420837]]}},
{"type":"Feature","properties":{"id":111327,"nach":0.48600399447887743},"geometry":{"type":"LineString","coordinates":[[-0.6978088,52.0421642],[-0.6978961,52.0421313]]}},
{"type":"Feature","properties":{"id":38045,"nach":0.54281413289736469},"geometry":{"type":"LineString","coordinates":[[-0.6968551,52.0426344],[-0.697238,52.0426208]]}},
{"type":"Feature","properties":{"id":85118,"nach":0.69478841337219266},"geometry":{"type":"LineString","coordinates":[[-0.6973479,52.0414367],[-0.6975181,52.0414292]]}},
{"type":"Feature","properties":{"id":97658,"nach":0.56888228425418685},"geometry":{"type":"LineString","coordinates":[[-0.6970013,52.041555800000012],[-0.6969149,52.0415633]]}},
{"type":"Feature","properties":{"id":97660,"nach":0.48244011382374935},"geometry":{"type":"LineString","coordinates":[[-0.6971591,52.0418346],[-0.697071,52.0417092],[-0.6970013,52.041555800000012]]}},
{"type":"Feature","properties":{"id":95423,"nach":0.48700112577891624},"geometry":{"type":"LineString","coordinates":[[-0.6975796,52.0419017],[-0.6976802,52.041876]]}},
{"type":"Feature","properties":{"id":36750,"nach":0.55622012663555753},"geometry":{"type":"LineString","coordinates":[[-0.7001982,52.044936599999986],[-0.700269,52.0448114],[-0.7002846,52.044777],[-0.7002837,52.0447473],[-0.700263,52.0447251],[-0.7002186,52.0447024],[-0.6999595,52.0446331]]}},
{"type":"Feature","properties":{"id":44545,"nach":0.52160722995341757},"geometry":{"type":"LineString","coordinates":[[-0.699922,52.0451475],[-0.7001332,52.0450079],[-0.7001982,52.044936599999986]]}},
{"type":"Feature","properties":{"id":98785,"nach":0.44111765771878664},"geometry":{"type":"LineString","coordinates":[[-0.7007425,52.0453019],[-0.7007485,52.045216199999984],[-0.7008177,52.045101],[-0.7001982,52.044936599999986]]}},
{"type":"Feature","properties":{"id":44543,"nach":0.44940996008500161},"geometry":{"type":"LineString","coordinates":[[-0.699922,52.0451475],[-0.6998288,52.045216]]}},
{"type":"Feature","properties":{"id":44546,"nach":0.44549344784807404},"geometry":{"type":"LineString","coordinates":[[-0.70018,52.0452858],[-0.699922,52.0451475]]}},
{"type":"Feature","properties":{"id":44547,"nach":0.45852137408057692},"geometry":{"type":"LineString","coordinates":[[-0.6991462,52.0447202],[-0.699325,52.0448088]]}},
{"type":"Feature","properties":{"id":103307,"nach":0.45190543731274563},"geometry":{"type":"LineString","coordinates":[[-0.6994305,52.0450468],[-0.6995708,52.0449477],[-0.6995351,52.0449276],[-0.6994539,52.0448861],[-0.6994158,52.044863799999987],[-0.699325,52.0448088]]}},
{"type":"Feature","properties":{"id":77147,"nach":0.65743061399007086},"geometry":{"type":"LineString","coordinates":[[-0.6978796,52.0488047],[-0.6981762,52.0485238]]}},
{"type":"Feature","properties":{"id":36783,"nach":0.63740298497405867},"geometry":{"type":"LineString","coordinates":[[-0.698799,52.0479117],[-0.6983181,52.0483844],[-0.6981762,52.0485238]]}},
{"type":"Feature","properties":{"id":103320,"nach":0.59391959163117569},"geometry":{"type":"LineString","coordinates":[[-0.6986965,52.0486679],[-0.6985203,52.048658100000011],[-0.6981762,52.0485238]]}},
{"type":"Feature","properties":{"id":77149,"nach":0.59006759486364346},"geometry":{"type":"LineString","coordinates":[[-0.6978796,52.0488047],[-0.6980123,52.048878899999984],[-0.6980472,52.0489911],[-0.6980164,52.0490942],[-0.6979332,52.0491742],[-0.697779,52.049255],[-0.6979037,52.0494818],[-0.6980834,52.049737500000013]]}},
{"type":"Feature","properties":{"id":91177,"nach":0.69931163671100871},"geometry":{"type":"LineString","coordinates":[[-0.6988223,52.0478435],[-0.698799,52.0479117]]}},
{"type":"Feature","properties":{"id":77156,"nach":0.42086177689845705},"geometry":{"type":"LineString","coordinates":[[-0.6976594,52.0488765],[-0.6977728,52.0488064],[-0.6986687,52.04791560000001],[-0.698799,52.0479117]]}},
{"type":"Feature","properties":{"id":91175,"nach":0.66895379268124433},"geometry":{"type":"LineString","coordinates":[[-0.6991656,52.0479685],[-0.6990516,52.0479965],[-0.698799,52.0479117]]}},
{"type":"Feature","properties":{"id":103319,"nach":0.5836856590074202},"geometry":{"type":"LineString","coordinates":[[-0.6986965,52.0486679],[-0.6990252,52.0487004],[-0.6991784,52.0487324]]}},
{"type":"Feature","properties":{"id":103321,"nach":0.47195090230549502},"geometry":{"type":"LineString","coordinates":[[-0.6987616,52.0484346],[-0.6986965,52.0486679]]}},
{"type":"Feature","properties":{"id":36770,"nach":0.6590309385686538},"geometry":{"type":"LineString","coordinates":[[-0.6994964,52.0469273],[-0.6996564,52.046988700000014]]}},
{"type":"Feature","properties":{"id":36793,"nach":0.64096274009651644},"geometry":{"type":"LineString","coordinates":[[-0.6994146,52.0472523],[-0.6996564,52.046988700000014]]}},
{"type":"Feature","properties":{"id":36799,"nach":0.67461584886241954},"geometry":{"type":"LineString","coordinates":[[-0.6997644,52.0468755],[-0.6996564,52.046988700000014]]}},
{"type":"Feature","properties":{"id":97821,"nach":0.64937723090143318},"geometry":{"type":"LineString","coordinates":[[-0.6993153,52.0468611],[-0.6994964,52.0469273]]}},
{"type":"Feature","properties":{"id":36912,"nach":0.50580546057978637},"geometry":{"type":"LineString","coordinates":[[-0.6990804,52.046059],[-0.6992088,52.046103],[-0.699335,52.0461227],[-0.6995615,52.0462076],[-0.6998057,52.046309899999983],[-0.6998835,52.046373],[-0.6998658,52.0464688],[-0.6997243,52.0466778],[-0.6994964,52.0469273]]}},
{"type":"Feature","properties":{"id":50503,"nach":0.5483202717664688},"geometry":{"type":"LineString","coordinates":[[-0.6995881,52.04730570000001],[-0.6994146,52.0472523]]}},
{"type":"Feature","properties":{"id":91180,"nach":0.62234016208853615},"geometry":{"type":"LineString","coordinates":[[-0.6990541,52.047658800000015],[-0.6991326,52.047595900000012],[-0.6994146,52.0472523]]}},
{"type":"Feature","properties":{"id":50510,"nach":0.61469348582242467},"geometry":{"type":"LineString","coordinates":[[-0.6998784,52.046920500000013],[-0.6997644,52.0468755]]}},
{"type":"Feature","properties":{"id":99707,"nach":0.6451068700528545},"geometry":{"type":"LineString","coordinates":[[-0.6991341,52.0468084],[-0.6993153,52.0468611]]}},
{"type":"Feature","properties":{"id":97823,"nach":0.47584959404458199},"geometry":{"type":"LineString","coordinates":[[-0.6989633,52.0472416],[-0.6993153,52.0468611]]}},
{"type":"Feature","properties":{"id":100405,"nach":0.44779982047896949},"geometry":{"type":"LineString","coordinates":[[-0.698899,52.0462455],[-0.6990804,52.046059]]}},
{"type":"Feature","properties":{"id":36949,"nach":0.51615657282365079},"geometry":{"type":"LineString","coordinates":[[-0.6982101,52.0455882],[-0.698277,52.0456113],[-0.6984779,52.0457205],[-0.698525,52.0457549],[-0.6985693,52.0457874],[-0.6986136,52.0458159],[-0.6987726,52.0459105],[-0.6989032,52.0459779],[-0.6990804,52.046059]]}},
{"type":"Feature","properties":{"id":36776,"nach":0.62142493166715174},"geometry":{"type":"LineString","coordinates":[[-0.6974561,52.0468739],[-0.6983768,52.0466752]]}},
{"type":"Feature","properties":{"id":99706,"nach":0.64141195178904875},"geometry":{"type":"LineString","coordinates":[[-0.6991341,52.0468084],[-0.6983768,52.0466752]]}},
{"type":"Feature","properties":{"id":36904,"nach":0.61383225588720958},"geometry":{"type":"LineString","coordinates":[[-0.6983366,52.046427],[-0.6983768,52.0466752]]}},
{"type":"Feature","properties":{"id":130034,"nach":0.54652347551961},"geometry":{"type":"LineString","coordinates":[[-0.6983833,52.0471202],[-0.6983346,52.0469439],[-0.698386,52.04675490000001],[-0.6983768,52.0466752]]}},
{"type":"Feature","properties":{"id":98074,"nach":0.63950053885392966},"geometry":{"type":"LineString","coordinates":[[-0.6973773,52.0467578],[-0.6974561,52.0468739]]}},
{"type":"Feature","properties":{"id":36781,"nach":0.66058865424339797},"geometry":{"type":"LineString","coordinates":[[-0.6973601,52.0473365],[-0.6974779,52.047179],[-0.6975161,52.0469919],[-0.6974561,52.0468739]]}},
{"type":"Feature","properties":{"id":99709,"nach":0.47043973993149785},"geometry":{"type":"LineString","coordinates":[[-0.6991515,52.046313],[-0.6994985,52.0464418],[-0.6993588,52.0465915],[-0.6991341,52.0468084]]}},
{"type":"Feature","properties":{"id":36909,"nach":0.55588243296098638},"geometry":{"type":"LineString","coordinates":[[-0.698754,52.0463874],[-0.6986002,52.0463924],[-0.6983366,52.046427]]}},
{"type":"Feature","properties":{"id":36946,"nach":0.58332569809385348},"geometry":{"type":"LineString","coordinates":[[-0.6978943,52.0459167],[-0.6979736,52.045951],[-0.6980029,52.0460098],[-0.6979687,52.0461112],[-0.6981486,52.046311600000017],[-0.6982489,52.0463642],[-0.6983366,52.046427]]}},
{"type":"Feature","properties":{"id":130035,"nach":0.54985893357233118},"geometry":{"type":"LineString","coordinates":[[-0.6983833,52.0471202],[-0.6984265,52.0471904],[-0.6986422,52.0472612],[-0.6986675,52.047321],[-0.6983533,52.0476669]]}},
{"type":"Feature","properties":{"id":130037,"nach":0.47537451322245927},"geometry":{"type":"LineString","coordinates":[[-0.6982216,52.0471987],[-0.6982621,52.0471523],[-0.6983833,52.0471202]]}},
{"type":"Feature","properties":{"id":98073,"nach":0.62817183296666268},"geometry":{"type":"LineString","coordinates":[[-0.6973773,52.0467578],[-0.6973292,52.0466789]]}},
{"type":"Feature","properties":{"id":130007,"nach":0.55218166489481024},"geometry":{"type":"LineString","coordinates":[[-0.6970223,52.046849],[-0.6972244,52.0468019],[-0.6973773,52.0467578]]}},
{"type":"Feature","properties":{"id":63736,"nach":0.64103133197122375},"geometry":{"type":"LineString","coordinates":[[-0.6973037,52.0473998],[-0.6973601,52.0473365]]}},
{"type":"Feature","properties":{"id":44675,"nach":0.57793773914657898},"geometry":{"type":"LineString","coordinates":[[-0.6980357,52.0475639],[-0.6973601,52.0473365]]}},
{"type":"Feature","properties":{"id":63737,"nach":0.69958715948658823},"geometry":{"type":"LineString","coordinates":[[-0.6973037,52.0473998],[-0.6967881,52.0472236]]}},
{"type":"Feature","properties":{"id":77155,"nach":0.54519145513067213},"geometry":{"type":"LineString","coordinates":[[-0.6976594,52.0488765],[-0.6975476,52.0488005],[-0.697449,52.0487336],[-0.6973637,52.0485748],[-0.6971319,52.047847199999985],[-0.6970697,52.0477003],[-0.6973037,52.0473998]]}},
{"type":"Feature","properties":{"id":65694,"nach":0.67319478739061478},"geometry":{"type":"LineString","coordinates":[[-0.6980075,52.047599],[-0.6974241,52.0473944],[-0.6973531,52.047413400000018],[-0.6973037,52.0473998]]}},
{"type":"Feature","properties":{"id":44676,"nach":0.59114342071296366},"geometry":{"type":"LineString","coordinates":[[-0.6980357,52.0475639],[-0.6983533,52.0476669]]}},
{"type":"Feature","properties":{"id":65691,"nach":0.50506099556296902},"geometry":{"type":"LineString","coordinates":[[-0.6980075,52.047599],[-0.6980357,52.0475639]]}},
{"type":"Feature","properties":{"id":91183,"nach":0.69811610923536704},"geometry":{"type":"LineString","coordinates":[[-0.6987738,52.0478262],[-0.6988223,52.0478435]]}},
{"type":"Feature","properties":{"id":91181,"nach":0.65758241079111479},"geometry":{"type":"LineString","coordinates":[[-0.6990541,52.047658800000015],[-0.6989524,52.04772],[-0.6988223,52.0478435]]}},
{"type":"Feature","properties":{"id":91174,"nach":0.58762011256892266},"geometry":{"type":"LineString","coordinates":[[-0.6991656,52.0479685],[-0.6992314,52.047906500000011]]}},
{"type":"Feature","properties":{"id":99661,"nach":0.65314482788008321},"geometry":{"type":"LineString","coordinates":[[-0.6994607,52.04807430000001],[-0.6991656,52.0479685]]}},
{"type":"Feature","properties":{"id":130009,"nach":0.61316685416903371},"geometry":{"type":"LineString","coordinates":[[-0.6984531,52.0477042],[-0.6983533,52.0476669]]}},
{"type":"Feature","properties":{"id":130010,"nach":0.61789868062669195},"geometry":{"type":"LineString","coordinates":[[-0.6984531,52.0477042],[-0.6987738,52.0478262]]}},
{"type":"Feature","properties":{"id":130015,"nach":0.41413464305797554},"geometry":{"type":"LineString","coordinates":[[-0.6984219,52.0477365],[-0.6984531,52.0477042]]}},
{"type":"Feature","properties":{"id":97476,"nach":0.61324117836610359},"geometry":{"type":"LineString","coordinates":[[-0.7007464,52.0476457],[-0.7006445,52.0476234]]}},
{"type":"Feature","properties":{"id":97508,"nach":0.60600968238442987},"geometry":{"type":"LineString","coordinates":[[-0.7006779,52.0475699],[-0.7006445,52.0476234]]}},
{"type":"Feature","properties":{"id":116134,"nach":0.48248859308957814},"geometry":{"type":"LineString","coordinates":[[-0.6999617,52.047420700000011],[-0.7000904,52.0474603],[-0.7006445,52.0476234]]}},
{"type":"Feature","properties":{"id":129953,"nach":0.43883535766931397},"geometry":{"type":"LineString","coordinates":[[-0.7010112,52.047699],[-0.7007464,52.0476457]]}},
{"type":"Feature","properties":{"id":97482,"nach":0.61041387028478589},"geometry":{"type":"LineString","coordinates":[[-0.7007184,52.04769970000001],[-0.7007464,52.0476457]]}},
{"type":"Feature","properties":{"id":97509,"nach":0.52727636044753057},"geometry":{"type":"LineString","coordinates":[[-0.7006779,52.0475699],[-0.7008267,52.0473561]]}},
{"type":"Feature","properties":{"id":129956,"nach":0.52150512907505309},"geometry":{"type":"LineString","coordinates":[[-0.7010408,52.047644400000017],[-0.7006779,52.0475699]]}},
{"type":"Feature","properties":{"id":129967,"nach":0.6228554313163055},"geometry":{"type":"LineString","coordinates":[[-0.6999958,52.0473725],[-0.7006187,52.0475539],[-0.7006779,52.0475699]]}},
{"type":"Feature","properties":{"id":116135,"nach":0.51261412387145922},"geometry":{"type":"LineString","coordinates":[[-0.6999141,52.0474739],[-0.6999617,52.047420700000011]]}},
{"type":"Feature","properties":{"id":129963,"nach":0.57442781905473372},"geometry":{"type":"LineString","coordinates":[[-0.6999526,52.0474179],[-0.6995881,52.04730570000001]]}},
{"type":"Feature","properties":{"id":97479,"nach":0.63025611473174747},"geometry":{"type":"LineString","coordinates":[[-0.6995037,52.0473385],[-0.6995881,52.04730570000001]]}},
{"type":"Feature","properties":{"id":97513,"nach":0.59678321908539222},"geometry":{"type":"LineString","coordinates":[[-0.699589,52.047254],[-0.6995914,52.0472822],[-0.6995881,52.04730570000001]]}},
{"type":"Feature","properties":{"id":91179,"nach":0.62190005813511784},"geometry":{"type":"LineString","coordinates":[[-0.6990541,52.047658800000015],[-0.699152,52.0476939]]}},
{"type":"Feature","properties":{"id":97505,"nach":0.40473018359099322},"geometry":{"type":"LineString","coordinates":[[-0.7012268,52.04687830000001],[-0.7012533,52.04684289999998]]}},
{"type":"Feature","properties":{"id":97524,"nach":0.43662958518910044},"geometry":{"type":"LineString","coordinates":[[-0.7004096,52.0468626],[-0.7008972,52.0467323],[-0.7012533,52.04684289999998]]}},
{"type":"Feature","properties":{"id":97517,"nach":0.16992038858054129},"geometry":{"type":"LineString","coordinates":[[-0.7017776,52.0472878],[-0.7019377,52.047092],[-0.7019167,52.0470288],[-0.7012533,52.04684289999998]]}},
{"type":"Feature","properties":{"id":97504,"nach":0.42838848273647423},"geometry":{"type":"LineString","coordinates":[[-0.7012268,52.04687830000001],[-0.7008267,52.0473561]]}},
{"type":"Feature","properties":{"id":97507,"nach":0.50892387745844525},"geometry":{"type":"LineString","coordinates":[[-0.7012268,52.04687830000001],[-0.7009249,52.0467927],[-0.7005135,52.0469046],[-0.7004578,52.0469247]]}},
{"type":"Feature","properties":{"id":107925,"nach":0.4702452759228064},"geometry":{"type":"LineString","coordinates":[[-0.7017106,52.047268],[-0.7018531,52.0470909],[-0.7018526,52.0470861],[-0.70185,52.0470595],[-0.7018181,52.047038],[-0.7012268,52.04687830000001]]}},
{"type":"Feature","properties":{"id":97523,"nach":0.57328815639966968},"geometry":{"type":"LineString","coordinates":[[-0.7004096,52.0468626],[-0.7000683,52.0469538],[-0.6998784,52.046920500000013]]}},
{"type":"Feature","properties":{"id":97522,"nach":0.5487009893182736},"geometry":{"type":"LineString","coordinates":[[-0.7004096,52.0468626],[-0.7004578,52.0469247]]}},
{"type":"Feature","properties":{"id":97515,"nach":0.49623542846807495},"geometry":{"type":"LineString","coordinates":[[-0.7017776,52.0472878],[-0.7013804,52.0477734]]}},
{"type":"Feature","properties":{"id":107923,"nach":0.49653419548348998},"geometry":{"type":"LineString","coordinates":[[-0.7017106,52.047268],[-0.7017776,52.0472878]]}},
{"type":"Feature","properties":{"id":50512,"nach":0.67681387633703793},"geometry":{"type":"LineString","coordinates":[[-0.6998784,52.046920500000013],[-0.7001353,52.0466671]]}},
{"type":"Feature","properties":{"id":97497,"nach":0.63971984008481908},"geometry":{"type":"LineString","coordinates":[[-0.6998274,52.0469727],[-0.6998784,52.046920500000013]]}},
{"type":"Feature","properties":{"id":113309,"nach":0.46227465710973364},"geometry":{"type":"LineString","coordinates":[[-0.7003702,52.0472155],[-0.7008267,52.0473561]]}},
{"type":"Feature","properties":{"id":107927,"nach":0.63234555255030311},"geometry":{"type":"LineString","coordinates":[[-0.6998656,52.0482049],[-0.6997623,52.0481793]]}},
{"type":"Feature","properties":{"id":99660,"nach":0.64705720367535091},"geometry":{"type":"LineString","coordinates":[[-0.6994607,52.04807430000001],[-0.6997623,52.0481793]]}},
{"type":"Feature","properties":{"id":97462,"nach":0.56695615740538441},"geometry":{"type":"LineString","coordinates":[[-0.6997546,52.048243],[-0.6997623,52.0481793]]}},
{"type":"Feature","properties":{"id":113314,"nach":0.53747886014255208},"geometry":{"type":"LineString","coordinates":[[-0.6998208,52.048115],[-0.6997623,52.0481793]]}},
{"type":"Feature","properties":{"id":107928,"nach":0.44182105558522194},"geometry":{"type":"LineString","coordinates":[[-0.6998656,52.0482049],[-0.6998926,52.0481369]]}},
{"type":"Feature","properties":{"id":107929,"nach":0.46886095707192327},"geometry":{"type":"LineString","coordinates":[[-0.6998656,52.0482049],[-0.6998395,52.048258]]}},
{"type":"Feature","properties":{"id":107926,"nach":0.63479669737096345},"geometry":{"type":"LineString","coordinates":[[-0.6998656,52.0482049],[-0.7004211,52.0482904]]}},
{"type":"Feature","properties":{"id":107961,"nach":0.5416794886437184},"geometry":{"type":"LineString","coordinates":[[-0.6994174,52.048122500000012],[-0.6994607,52.04807430000001]]}},
{"type":"Feature","properties":{"id":97461,"nach":0.59620701127731635},"geometry":{"type":"LineString","coordinates":[[-0.6997546,52.048243],[-0.6995037,52.0484913]]}},
{"type":"Feature","properties":{"id":107960,"nach":0.39255951427696456},"geometry":{"type":"LineString","coordinates":[[-0.6994174,52.048122500000012],[-0.6997546,52.048243]]}},
{"type":"Feature","properties":{"id":97467,"nach":0.55316611088080248},"geometry":{"type":"LineString","coordinates":[[-0.6998395,52.048258],[-0.6997546,52.048243]]}},
{"type":"Feature","properties":{"id":113316,"nach":0.60381728889609143},"geometry":{"type":"LineString","coordinates":[[-0.6998208,52.048115],[-0.6996504,52.0480674],[-0.6992314,52.047906500000011]]}},
{"type":"Feature","properties":{"id":113313,"nach":0.58971724723728558},"geometry":{"type":"LineString","coordinates":[[-0.6998208,52.048115],[-0.6998926,52.0481369]]}},
{"type":"Feature","properties":{"id":113315,"nach":0.54454893501930846},"geometry":{"type":"LineString","coordinates":[[-0.6998208,52.048115],[-0.6999512,52.0478963]]}},
{"type":"Feature","properties":{"id":36808,"nach":0.51381418886304175},"geometry":{"type":"LineString","coordinates":[[-0.7026327,52.046885],[-0.7022701,52.046797]]}},
{"type":"Feature","properties":{"id":36809,"nach":0.60924122305198347},"geometry":{"type":"LineString","coordinates":[[-0.7026327,52.046885],[-0.7024609,52.0470821]]}},
{"type":"Feature","properties":{"id":52044,"nach":0.62029918338772427},"geometry":{"type":"LineString","coordinates":[[-0.7024892,52.0466377],[-0.702566,52.0467092],[-0.7026123,52.046771],[-0.7026343,52.0468494],[-0.7026327,52.046885]]}},
{"type":"Feature","properties":{"id":110582,"nach":0.57240310944805473},"geometry":{"type":"LineString","coordinates":[[-0.7023871,52.0471455],[-0.7023861,52.0470334],[-0.7023552,52.0469177],[-0.7023277,52.0468658],[-0.7022701,52.046797]]}},
{"type":"Feature","properties":{"id":44681,"nach":0.68910004073052111},"geometry":{"type":"LineString","coordinates":[[-0.7022701,52.046797],[-0.700518022628668,52.046226765102823]]}},
{"type":"Feature","properties":{"id":121590,"nach":0.63209801806609123},"geometry":{"type":"LineString","coordinates":[[-0.7024609,52.0470821],[-0.7023871,52.0471455]]}},
{"type":"Feature","properties":{"id":36810,"nach":0.45586836926749563},"geometry":{"type":"LineString","coordinates":[[-0.6975335,52.0444206],[-0.6977674,52.0445931]]}},
{"type":"Feature","properties":{"id":36811,"nach":0.48358336469513169},"geometry":{"type":"LineString","coordinates":[[-0.6975335,52.0444206],[-0.6976562,52.0443446],[-0.6977731,52.0442903]]}},
{"type":"Feature","properties":{"id":36813,"nach":0.52869729981493263},"geometry":{"type":"LineString","coordinates":[[-0.6975403,52.044671699999988],[-0.6974831,52.0445308],[-0.6974993,52.0444791],[-0.6975335,52.0444206]]}},
{"type":"Feature","properties":{"id":100683,"nach":0.61338431247982861},"geometry":{"type":"LineString","coordinates":[[-0.6977674,52.0445931],[-0.700555255579334,52.046064484302065]]}},
{"type":"Feature","properties":{"id":100674,"nach":0.68845712708450912},"geometry":{"type":"LineString","coordinates":[[-0.6977731,52.0442903],[-0.6978114,52.0442752]]}},
{"type":"Feature","properties":{"id":36812,"nach":0.58602273119513959},"geometry":{"type":"LineString","coordinates":[[-0.6975403,52.044671699999988],[-0.6973081,52.044498]]}},
{"type":"Feature","properties":{"id":44681,"nach":0.68910004073052111},"geometry":{"type":"LineString","coordinates":[[-0.700430578658921,52.046193318518874],[-0.6975403,52.044671699999988]]}},
{"type":"Feature","properties":{"id":125167,"nach":0.64847427779486366},"geometry":{"type":"LineString","coordinates":[[-0.7015712,52.0398803],[-0.7015518,52.039976],[-0.7014885,52.0400577]]}},
{"type":"Feature","properties":{"id":125169,"nach":0.60254122480486783},"geometry":{"type":"LineString","coordinates":[[-0.7015712,52.0398803],[-0.7014483,52.039872],[-0.7012363,52.0398472],[-0.7010453,52.039811],[-0.7008809,52.0397659],[-0.7007691,52.0397323]]}},
{"type":"Feature","properties":{"id":125173,"nach":0.60259428929804171},"geometry":{"type":"LineString","coordinates":[[-0.7020437,52.039879300000017],[-0.701711,52.03988240000001],[-0.7015712,52.0398803]]}},
{"type":"Feature","properties":{"id":114625,"nach":0.5196347099811317},"geometry":{"type":"LineString","coordinates":[[-0.7020461,52.0398309],[-0.7022425,52.0398186]]}},
{"type":"Feature","properties":{"id":125170,"nach":0.34298567190786572},"geometry":{"type":"LineString","coordinates":[[-0.7020437,52.039879300000017],[-0.7020461,52.0398309]]}},
{"type":"Feature","properties":{"id":137222,"nach":0.47142719265165545},"geometry":{"type":"LineString","coordinates":[[-0.7083805,52.0461844],[-0.7081501,52.0461267],[-0.7079454,52.0460673],[-0.7078285,52.0458741]]}},
{"type":"Feature","properties":{"id":137221,"nach":0.61563810364967975},"geometry":{"type":"LineString","coordinates":[[-0.7083805,52.0461844],[-0.7071934,52.0464087]]}},
{"type":"Feature","properties":{"id":137220,"nach":0.62487422006418769},"geometry":{"type":"LineString","coordinates":[[-0.7083805,52.0461844],[-0.70854,52.0461543]]}},
{"type":"Feature","properties":{"id":97800,"nach":0.45424491962650865},"geometry":{"type":"LineString","coordinates":[[-0.7080443,52.0465918],[-0.7079128,52.0466003]]}},
{"type":"Feature","properties":{"id":97803,"nach":0.45056769195464103},"geometry":{"type":"LineString","coordinates":[[-0.7080517,52.046820800000013],[-0.7080674,52.0467273],[-0.7080443,52.0465918]]}},
{"type":"Feature","properties":{"id":76952,"nach":0.63171899690031563},"geometry":{"type":"LineString","coordinates":[[-0.6948177,52.0441434],[-0.6950539,52.0441008],[-0.6952999,52.0441023],[-0.6954775,52.0441321],[-0.6956537,52.0441908],[-0.6957982,52.044270599999983],[-0.6958895,52.0443475],[-0.6959431,52.044413]]}},
{"type":"Feature","properties":{"id":130002,"nach":0.46711264853109602},"geometry":{"type":"LineString","coordinates":[[-0.6992676,52.04656760000001],[-0.698754,52.0463874]]}},
{"type":"Feature","properties":{"id":100406,"nach":0.50539518820903961},"geometry":{"type":"LineString","coordinates":[[-0.698899,52.0462455],[-0.6988133,52.0463538],[-0.698754,52.0463874]]}},
{"type":"Feature","properties":{"id":36945,"nach":0.57164274224463885},"geometry":{"type":"LineString","coordinates":[[-0.6978943,52.0459167],[-0.6972161,52.0461004],[-0.6970165,52.0461098]]}},
{"type":"Feature","properties":{"id":36948,"nach":0.46014805919444579},"geometry":{"type":"LineString","coordinates":[[-0.6982101,52.0455882],[-0.6979425,52.045769200000016],[-0.6979302,52.0458586],[-0.6978943,52.0459167]]}},
{"type":"Feature","properties":{"id":100408,"nach":0.46528932974007298},"geometry":{"type":"LineString","coordinates":[[-0.6985102,52.0461579],[-0.6986378,52.0461343],[-0.698899,52.0462455]]}},
{"type":"Feature","properties":{"id":36951,"nach":0.53855190598425928},"geometry":{"type":"LineString","coordinates":[[-0.697661,52.0453239],[-0.6978352,52.045361499999984],[-0.6982101,52.0455882]]}},
{"type":"Feature","properties":{"id":103357,"nach":0.56895234221476532},"geometry":{"type":"LineString","coordinates":[[-0.7011578,52.0480817],[-0.7009832,52.0483228]]}},
{"type":"Feature","properties":{"id":36920,"nach":0.61242577738683102},"geometry":{"type":"LineString","coordinates":[[-0.7009279,52.0483866],[-0.7009832,52.0483228]]}},
{"type":"Feature","properties":{"id":97487,"nach":0.56382616594939483},"geometry":{"type":"LineString","coordinates":[[-0.7009117,52.0483106],[-0.7009832,52.0483228]]}},
{"type":"Feature","properties":{"id":110621,"nach":0.61807271210374315},"geometry":{"type":"LineString","coordinates":[[-0.7022923,52.0473882],[-0.7021019,52.0473878],[-0.7020717,52.0473937],[-0.7020446,52.0474068],[-0.7020114,52.04743280000001],[-0.7012865,52.048328],[-0.7011631,52.048361],[-0.7009832,52.0483228]]}},
{"type":"Feature","properties":{"id":103356,"nach":0.53805911319956246},"geometry":{"type":"LineString","coordinates":[[-0.7011578,52.0480817],[-0.7013804,52.0477734]]}},
{"type":"Feature","properties":{"id":103362,"nach":0.48159956138884358},"geometry":{"type":"LineString","coordinates":[[-0.7010914,52.04806150000001],[-0.7011578,52.0480817]]}},
{"type":"Feature","properties":{"id":130022,"nach":0.6279533046532072},"geometry":{"type":"LineString","coordinates":[[-0.7008607,52.0483724],[-0.7009279,52.0483866]]}},
{"type":"Feature","properties":{"id":110624,"nach":0.51064020308702485},"geometry":{"type":"LineString","coordinates":[[-0.7022593,52.04750940000001],[-0.702224,52.0475297],[-0.7021795,52.0475405],[-0.7020804,52.04756170000001],[-0.7020238,52.04758180000001],[-0.7019858,52.0476083],[-0.7019347,52.0476556],[-0.7013273,52.0483967],[-0.7012339,52.0484228],[-0.7011291,52.0484228],[-0.7009279,52.0483866]]}},
{"type":"Feature","properties":{"id":97486,"nach":0.57382882709935767},"geometry":{"type":"LineString","coordinates":[[-0.7009117,52.0483106],[-0.7007497,52.0482864]]}},
{"type":"Feature","properties":{"id":103360,"nach":0.43398521747755947},"geometry":{"type":"LineString","coordinates":[[-0.7010914,52.04806150000001],[-0.7009117,52.0483106]]}},
{"type":"Feature","properties":{"id":110619,"nach":0.65202055242246693},"geometry":{"type":"LineString","coordinates":[[-0.7022923,52.0473882],[-0.7022987,52.047322],[-0.7023133,52.0472718],[-0.7023426,52.0472126],[-0.7023871,52.0471455]]}},
{"type":"Feature","properties":{"id":110623,"nach":0.58726042149595759},"geometry":{"type":"LineString","coordinates":[[-0.7022593,52.04750940000001],[-0.7022829,52.0474724],[-0.7022923,52.0473882]]}},
{"type":"Feature","properties":{"id":110626,"nach":0.47131327973872217},"geometry":{"type":"LineString","coordinates":[[-0.7024767,52.0475888],[-0.7024455,52.047556899999989],[-0.7024247,52.0475243],[-0.7024113,52.0474959],[-0.7023999,52.04746],[-0.7023925,52.0474282],[-0.7023871,52.0474093],[-0.7023824,52.0473944],[-0.7023717,52.0473878],[-0.702325,52.0473882],[-0.7022923,52.0473882]]}},
{"type":"Feature","properties":{"id":130024,"nach":0.69002554923180626},"geometry":{"type":"LineString","coordinates":[[-0.7008607,52.0483724],[-0.7008159,52.0484426],[-0.7007488,52.0485181]]}},
{"type":"Feature","properties":{"id":130023,"nach":0.68000088856577912},"geometry":{"type":"LineString","coordinates":[[-0.7008607,52.0483724],[-0.7007205,52.0483491]]}},
{"type":"Feature","properties":{"id":118045,"nach":0.59693215140709854},"geometry":{"type":"LineString","coordinates":[[-0.7024607,52.0476543],[-0.7023901,52.0475816],[-0.7022593,52.04750940000001]]}},
{"type":"Feature","properties":{"id":36927,"nach":0.65969452285711561},"geometry":{"type":"LineString","coordinates":[[-0.6957345,52.0449932],[-0.6956167,52.0450485],[-0.6954255,52.0451034],[-0.6952233,52.045127],[-0.6950184,52.0451197]]}},
{"type":"Feature","properties":{"id":36933,"nach":0.55182120918468458},"geometry":{"type":"LineString","coordinates":[[-0.6960073,52.0456197],[-0.6956194,52.0456628],[-0.6950054,52.04530960000001],[-0.6949824,52.0452607],[-0.6950184,52.0451197]]}},
{"type":"Feature","properties":{"id":77157,"nach":0.68088086849749019},"geometry":{"type":"LineString","coordinates":[[-0.6958161,52.0449405],[-0.6957345,52.0449932]]}},
{"type":"Feature","properties":{"id":63836,"nach":0.59431784001568344},"geometry":{"type":"LineString","coordinates":[[-0.6950769,52.0446659],[-0.6951895,52.0447352],[-0.6953558,52.0448177],[-0.6955865,52.0448936],[-0.6957345,52.0449932]]}},
{"type":"Feature","properties":{"id":130038,"nach":0.51270716501387203},"geometry":{"type":"LineString","coordinates":[[-0.6961269,52.0455942],[-0.6960073,52.0456197]]}},
{"type":"Feature","properties":{"id":50525,"nach":0.53010888555434477},"geometry":{"type":"LineString","coordinates":[[-0.6968261,52.0462009],[-0.6965797,52.0461358],[-0.6962062,52.0460878],[-0.6958304,52.0458431],[-0.6958301,52.0457791],[-0.6960073,52.0456197]]}},
{"type":"Feature","properties":{"id":77159,"nach":0.6666941637380086},"geometry":{"type":"LineString","coordinates":[[-0.6958161,52.0449405],[-0.6959275,52.0448326],[-0.6959925,52.0447108],[-0.6960075,52.0445938],[-0.6959764,52.0444717]]}},
{"type":"Feature","properties":{"id":114303,"nach":0.67301816568305939},"geometry":{"type":"LineString","coordinates":[[-0.6961571,52.0450826],[-0.6958161,52.0449405]]}},
{"type":"Feature","properties":{"id":63839,"nach":0.4895822651626292},"geometry":{"type":"LineString","coordinates":[[-0.6950769,52.0446659],[-0.6952032,52.0446699],[-0.6953092,52.0447078],[-0.6953762,52.044720200000015],[-0.6954527,52.0447235],[-0.6955533,52.0446963],[-0.6956217,52.0446641],[-0.6957796,52.0444943],[-0.6958547,52.0444448],[-0.6959431,52.044413]]}},
{"type":"Feature","properties":{"id":130039,"nach":0.48025723084589922},"geometry":{"type":"LineString","coordinates":[[-0.6961269,52.0455942],[-0.6966625,52.0454798]]}},
{"type":"Feature","properties":{"id":97555,"nach":0.64641525780693398},"geometry":{"type":"LineString","coordinates":[[-0.6967782,52.0456699],[-0.6966625,52.0454798]]}},
{"type":"Feature","properties":{"id":36936,"nach":0.65057272959102153},"geometry":{"type":"LineString","coordinates":[[-0.6964175,52.0452231],[-0.69649,52.0452736],[-0.6966625,52.0454798]]}},
{"type":"Feature","properties":{"id":130041,"nach":0.48030444143228862},"geometry":{"type":"LineString","coordinates":[[-0.6964301,52.0459056],[-0.696371,52.0458051],[-0.6962733,52.045775],[-0.6962003,52.0457212],[-0.6961269,52.0455942]]}},
{"type":"Feature","properties":{"id":97556,"nach":0.5620594085582693},"geometry":{"type":"LineString","coordinates":[[-0.6967782,52.0456699],[-0.6970641,52.0455891]]}},
{"type":"Feature","properties":{"id":129998,"nach":0.6361544740306333},"geometry":{"type":"LineString","coordinates":[[-0.6968977,52.0458961],[-0.696805,52.0457293],[-0.6967782,52.0456699]]}},
{"type":"Feature","properties":{"id":36938,"nach":0.55449651225446417},"geometry":{"type":"LineString","coordinates":[[-0.697059,52.044855],[-0.6964175,52.0452231]]}},
{"type":"Feature","properties":{"id":114304,"nach":0.6654178957679473},"geometry":{"type":"LineString","coordinates":[[-0.6961571,52.0450826],[-0.6962456,52.0451222],[-0.6964175,52.0452231]]}},
{"type":"Feature","properties":{"id":50524,"nach":0.60323349667575021},"geometry":{"type":"LineString","coordinates":[[-0.6968261,52.0462009],[-0.6970165,52.0461098]]}},
{"type":"Feature","properties":{"id":50526,"nach":0.62199031576029018},"geometry":{"type":"LineString","coordinates":[[-0.6968261,52.0462009],[-0.6968093,52.046279],[-0.6968726,52.0463759],[-0.6971886,52.0464645],[-0.6973292,52.0466789]]}},
{"type":"Feature","properties":{"id":36953,"nach":0.47183573532117862},"geometry":{"type":"LineString","coordinates":[[-0.6964368,52.0445957],[-0.6965164,52.0445377],[-0.6966208,52.0445484],[-0.697059,52.044855]]}},
{"type":"Feature","properties":{"id":36950,"nach":0.52839372948362062},"geometry":{"type":"LineString","coordinates":[[-0.697661,52.0453239],[-0.6975535,52.0451965],[-0.697059,52.044855]]}},
{"type":"Feature","properties":{"id":114306,"nach":0.48684991145980044},"geometry":{"type":"LineString","coordinates":[[-0.6961571,52.0450826],[-0.6962176,52.045039],[-0.6962688,52.0449993],[-0.6963146,52.0449543],[-0.6964262,52.0448204]]}},
{"type":"Feature","properties":{"id":129990,"nach":0.48633821387116466},"geometry":{"type":"LineString","coordinates":[[-0.6958449,52.0453582],[-0.6959192,52.045245700000017],[-0.6961571,52.0450826]]}},
{"type":"Feature","properties":{"id":36955,"nach":0.45690915098688373},"geometry":{"type":"LineString","coordinates":[[-0.6973908,52.0454125],[-0.6975802,52.0453627],[-0.697661,52.0453239]]}},
{"type":"Feature","properties":{"id":129997,"nach":0.63465251916972787},"geometry":{"type":"LineString","coordinates":[[-0.6968977,52.0458961],[-0.6970165,52.0461098]]}},
{"type":"Feature","properties":{"id":130000,"nach":0.47871212985952688},"geometry":{"type":"LineString","coordinates":[[-0.6974194,52.0458316],[-0.6972486,52.0458669],[-0.6971325,52.0458414],[-0.6968977,52.0458961]]}},
{"type":"Feature","properties":{"id":97558,"nach":0.4045404532132803},"geometry":{"type":"LineString","coordinates":[[-0.6973528,52.0455294],[-0.6973908,52.0454125]]}},
{"type":"Feature","properties":{"id":97554,"nach":0.46826146871430396},"geometry":{"type":"LineString","coordinates":[[-0.6970641,52.0455891],[-0.6971065,52.0454805],[-0.6973908,52.0454125]]}},
{"type":"Feature","properties":{"id":97559,"nach":0.51113292338774485},"geometry":{"type":"LineString","coordinates":[[-0.6973528,52.0455294],[-0.6970641,52.0455891]]}},
{"type":"Feature","properties":{"id":97561,"nach":0.47398193528261856},"geometry":{"type":"LineString","coordinates":[[-0.6976753,52.0456182],[-0.6975175,52.0456792],[-0.6974611,52.0455807],[-0.6973528,52.0455294]]}},
{"type":"Feature","properties":{"id":130042,"nach":0.380900318609111},"geometry":{"type":"LineString","coordinates":[[-0.6955567,52.0490658],[-0.6955492,52.0491604]]}},
{"type":"Feature","properties":{"id":78874,"nach":0.48362338772749136},"geometry":{"type":"LineString","coordinates":[[-0.6955457,52.0491998],[-0.6955492,52.0491604]]}},
{"type":"Feature","properties":{"id":60962,"nach":0.51350856319650295},"geometry":{"type":"LineString","coordinates":[[-0.6941825,52.04974270000001],[-0.6942338,52.0496097],[-0.6942968,52.0495003],[-0.694372,52.0494003],[-0.6945062,52.04928910000001],[-0.6946492,52.049213],[-0.6948249,52.049152],[-0.6949738,52.04912250000001],[-0.6951197,52.0491057],[-0.6952884,52.049101],[-0.6953567,52.0491068],[-0.6954151,52.0491308],[-0.6954624,52.0491498],[-0.6955492,52.0491604]]}},
{"type":"Feature","properties":{"id":36983,"nach":0.53327382913704902},"geometry":{"type":"LineString","coordinates":[[-0.6960956,52.0490978],[-0.6960578,52.0491456],[-0.6958773,52.0491371],[-0.6957505,52.049128],[-0.6956994,52.0491351],[-0.6956536,52.0491516],[-0.6956013,52.049161],[-0.6955492,52.0491604]]}},
{"type":"Feature","properties":{"id":130044,"nach":0.64083525365735661},"geometry":{"type":"LineString","coordinates":[[-0.6955567,52.0490658],[-0.6959226,52.0490882],[-0.6960694,52.0490963]]}},
{"type":"Feature","properties":{"id":130043,"nach":0.63971436135811732},"geometry":{"type":"LineString","coordinates":[[-0.6955567,52.0490658],[-0.6953614,52.0490527],[-0.6951169,52.049052],[-0.6948388,52.0490819],[-0.6946452,52.0491407],[-0.6944832,52.0492236],[-0.6943307,52.0493297],[-0.694211,52.0494846],[-0.694135,52.049613]]}},
{"type":"Feature","properties":{"id":37940,"nach":0.65393817733929738},"geometry":{"type":"LineString","coordinates":[[-0.6960694,52.0490963],[-0.6960956,52.0490978]]}},
{"type":"Feature","properties":{"id":118066,"nach":0.61091341735431348},"geometry":{"type":"LineString","coordinates":[[-0.6960911,52.0488834],[-0.6960694,52.0490963]]}},
{"type":"Feature","properties":{"id":37017,"nach":0.53503673208421254},"geometry":{"type":"LineString","coordinates":[[-0.6966001,52.0470618],[-0.6965364,52.047136900000012]]}},
{"type":"Feature","properties":{"id":50547,"nach":0.69226459575187527},"geometry":{"type":"LineString","coordinates":[[-0.6967881,52.0472236],[-0.6965364,52.047136900000012]]}},
{"type":"Feature","properties":{"id":63774,"nach":0.697403078620495},"geometry":{"type":"LineString","coordinates":[[-0.695792,52.0472039],[-0.6958838,52.0472333],[-0.6959669,52.0472228],[-0.6964567,52.0471456],[-0.6965364,52.047136900000012]]}},
{"type":"Feature","properties":{"id":50545,"nach":0.59333853212581866},"geometry":{"type":"LineString","coordinates":[[-0.6967881,52.0472236],[-0.6966001,52.0470618]]}},
{"type":"Feature","properties":{"id":37023,"nach":0.60982394301767362},"geometry":{"type":"LineString","coordinates":[[-0.6964863,52.0468845],[-0.6965181,52.0469659],[-0.6966001,52.0470618]]}},
{"type":"Feature","properties":{"id":63771,"nach":0.69595961270962314},"geometry":{"type":"LineString","coordinates":[[-0.695792,52.0472039],[-0.6956827,52.0472217]]}},
{"type":"Feature","properties":{"id":63772,"nach":0.46927824646922284},"geometry":{"type":"LineString","coordinates":[[-0.695792,52.0472039],[-0.6959137,52.0473482],[-0.6959888,52.0474769],[-0.6960075,52.0475481],[-0.6960317,52.0476253],[-0.6959942,52.0477474],[-0.6959743,52.0478521],[-0.6960693,52.0481037],[-0.6962356,52.0483511],[-0.6962785,52.0484831],[-0.6962517,52.048605199999983],[-0.696146,52.0487363],[-0.696103,52.0487661]]}},
{"type":"Feature","properties":{"id":107957,"nach":0.0},"geometry":{"type":"LineString","coordinates":[[-0.6939476,52.0460943],[-0.6940201,52.0461275],[-0.6944009,52.0461539],[-0.694578,52.0461836],[-0.6947657,52.0462562],[-0.6949052,52.0463683],[-0.6950876,52.0465234],[-0.6952378,52.046586100000013],[-0.695506,52.0466983],[-0.6957099,52.0468863],[-0.6957679,52.046964],[-0.6958118,52.0470546],[-0.6958279,52.0471634],[-0.695792,52.0472039]]}},
{"type":"Feature","properties":{"id":63828,"nach":0.60364722400849902},"geometry":{"type":"LineString","coordinates":[[-0.6963664,52.046587],[-0.6964863,52.0468845]]}},
{"type":"Feature","properties":{"id":77161,"nach":0.0},"geometry":{"type":"LineString","coordinates":[[-0.6962144,52.0461374],[-0.6964752,52.046173],[-0.6966147,52.046208900000018],[-0.6966889,52.0462519],[-0.6967585,52.0463072],[-0.6967936,52.0464238],[-0.6967622,52.0464876],[-0.6965375,52.0467029],[-0.696506,52.046777],[-0.6964863,52.0468845]]}},
{"type":"Feature","properties":{"id":130001,"nach":0.47868243188757653},"geometry":{"type":"LineString","coordinates":[[-0.6978792,52.0465119],[-0.6976727,52.0465565],[-0.6976381,52.0466037],[-0.6973292,52.0466789]]}},
{"type":"Feature","properties":{"id":63831,"nach":0.59077713869512105},"geometry":{"type":"LineString","coordinates":[[-0.6962705,52.04631590000001],[-0.6963664,52.046587]]}},
{"type":"Feature","properties":{"id":63835,"nach":0.4571718397137951},"geometry":{"type":"LineString","coordinates":[[-0.6961497,52.0465168],[-0.6962356,52.0465234],[-0.696316,52.0465498],[-0.6963664,52.046587]]}},
{"type":"Feature","properties":{"id":77162,"nach":0.59415095269571516},"geometry":{"type":"LineString","coordinates":[[-0.6962144,52.0461374],[-0.696123,52.04611460000001],[-0.6959971,52.0460382],[-0.6953785,52.0456183],[-0.6949763,52.0453626],[-0.6947456,52.0452311]]}},
{"type":"Feature","properties":{"id":77160,"nach":0.593137581352984},"geometry":{"type":"LineString","coordinates":[[-0.6962144,52.0461374],[-0.6962705,52.04631590000001]]}},
{"type":"Feature","properties":{"id":107934,"nach":0.60984365522301709},"geometry":{"type":"LineString","coordinates":[[-0.7007136,52.0496066],[-0.7008012,52.0496402]]}},
{"type":"Feature","properties":{"id":63683,"nach":0.62037042194009218},"geometry":{"type":"LineString","coordinates":[[-0.7012452,52.0489993],[-0.70133920000001,52.0491254],[-0.7008012,52.0496402]]}},
{"type":"Feature","properties":{"id":37920,"nach":0.43613973608464945},"geometry":{"type":"LineString","coordinates":[[-0.6997762,52.0501311],[-0.7001612,52.05014],[-0.7002558,52.0501286],[-0.7007289,52.0496995],[-0.7008012,52.0496402]]}},
{"type":"Feature","properties":{"id":107937,"nach":0.58135097850713302},"geometry":{"type":"LineString","coordinates":[[-0.7007136,52.0496066],[-0.7006122,52.0495675],[-0.700467,52.0495296]]}},
{"type":"Feature","properties":{"id":107936,"nach":0.4524920301534196},"geometry":{"type":"LineString","coordinates":[[-0.7007136,52.0496066],[-0.7006836,52.049633]]}},
{"type":"Feature","properties":{"id":107935,"nach":0.48946933409051985},"geometry":{"type":"LineString","coordinates":[[-0.7007136,52.0496066],[-0.7007404,52.0495782]]}},
{"type":"Feature","properties":{"id":63684,"nach":0.67594829879666329},"geometry":{"type":"LineString","coordinates":[[-0.7012452,52.0489993],[-0.7011985,52.0488725],[-0.7011929,52.0488377],[-0.7011686,52.0487268],[-0.701127,52.0486719],[-0.7010713,52.0486474]]}},
{"type":"Feature","properties":{"id":63880,"nach":0.65512728413864829},"geometry":{"type":"LineString","coordinates":[[-0.7013835,52.0489697],[-0.7012452,52.0489993]]}},
{"type":"Feature","properties":{"id":97185,"nach":0.53269761339420574},"geometry":{"type":"LineString","coordinates":[[-0.700467,52.0495296],[-0.7002659,52.0495139]]}},
{"type":"Feature","properties":{"id":97201,"nach":0.48555751682061565},"geometry":{"type":"LineString","coordinates":[[-0.7002645,52.0494899],[-0.7002659,52.0495139]]}},
{"type":"Feature","properties":{"id":97190,"nach":0.43938708256058429},"geometry":{"type":"LineString","coordinates":[[-0.6998008,52.0496487],[-0.7001185,52.0495334],[-0.7002659,52.0495139]]}},
{"type":"Feature","properties":{"id":97197,"nach":0.51704107062319415},"geometry":{"type":"LineString","coordinates":[[-0.700467,52.0495026],[-0.700467,52.0495296]]}},
{"type":"Feature","properties":{"id":97203,"nach":0.43352943789807535},"geometry":{"type":"LineString","coordinates":[[-0.7002645,52.0494899],[-0.7002227,52.0494896],[-0.7001393,52.0494989],[-0.6999648,52.049537399999984],[-0.6998434,52.0495794],[-0.6997827,52.0495642],[-0.6997827,52.049542],[-0.7000919,52.0494231]]}},
{"type":"Feature","properties":{"id":97202,"nach":0.18748506101133736},"geometry":{"type":"LineString","coordinates":[[-0.7002645,52.0494899],[-0.7003555,52.0494907],[-0.700467,52.0495026]]}},
{"type":"Feature","properties":{"id":97370,"nach":0.18738683183078822},"geometry":{"type":"LineString","coordinates":[[-0.700495,52.0493692],[-0.700326,52.049422],[-0.7002645,52.0494899]]}},
{"type":"Feature","properties":{"id":97189,"nach":0.0},"geometry":{"type":"LineString","coordinates":[[-0.6998008,52.0496487],[-0.699691,52.0495486],[-0.6996462,52.0495039],[-0.6992879,52.049651],[-0.6992465,52.0496842],[-0.6992375,52.04973480000001],[-0.6992734,52.04977550000001],[-0.6993457,52.049801200000012],[-0.699418,52.0497963],[-0.6995898,52.0497347],[-0.6996949,52.0496949],[-0.6998008,52.0496487]]}},
{"type":"Feature","properties":{"id":118076,"nach":0.59743131045899545},"geometry":{"type":"LineString","coordinates":[[-0.6958125,52.047538099999983],[-0.6958166,52.0474488],[-0.6956827,52.0472217]]}},
{"type":"Feature","properties":{"id":97540,"nach":0.63141032695174992},"geometry":{"type":"LineString","coordinates":[[-0.6954729,52.0468652],[-0.6955666,52.0469648],[-0.6956269,52.0470645],[-0.6956827,52.0472217]]}},
{"type":"Feature","properties":{"id":102142,"nach":0.68298418997812904},"geometry":{"type":"LineString","coordinates":[[-0.6952725,52.0473135],[-0.6954169,52.04731360000001],[-0.6955604,52.0472427],[-0.6956423,52.0472285],[-0.6956827,52.0472217]]}},
{"type":"Feature","properties":{"id":118075,"nach":0.58026153368349709},"geometry":{"type":"LineString","coordinates":[[-0.6958125,52.047538099999983],[-0.6957839,52.0477357],[-0.6957975,52.04781770000001],[-0.6959188,52.0480533],[-0.695963,52.0481719],[-0.6959626,52.0483973],[-0.696103,52.0487661]]}},
{"type":"Feature","properties":{"id":118074,"nach":0.4838536476834448},"geometry":{"type":"LineString","coordinates":[[-0.6958125,52.047538099999983],[-0.6954921,52.0475424]]}},
{"type":"Feature","properties":{"id":37934,"nach":0.63995889296766795},"geometry":{"type":"LineString","coordinates":[[-0.6959764,52.0444717],[-0.6959431,52.044413]]}},
{"type":"Feature","properties":{"id":118068,"nach":0.48448339562505838},"geometry":{"type":"LineString","coordinates":[[-0.6960911,52.0488834],[-0.6961962,52.0488881]]}},
{"type":"Feature","properties":{"id":118070,"nach":0.60347254591698773},"geometry":{"type":"LineString","coordinates":[[-0.6960965,52.0488302],[-0.6960911,52.0488834]]}},
{"type":"Feature","properties":{"id":118071,"nach":0.59572673444899449},"geometry":{"type":"LineString","coordinates":[[-0.6960965,52.0488302],[-0.696103,52.0487661]]}},
{"type":"Feature","properties":{"id":118072,"nach":0.48056937039390751},"geometry":{"type":"LineString","coordinates":[[-0.6960965,52.0488302],[-0.6956711,52.0488097]]}},
{"type":"Feature","properties":{"id":97805,"nach":0.44947460351961449},"geometry":{"type":"LineString","coordinates":[[-0.7125611,52.0445856],[-0.7123089,52.0445763],[-0.7122441,52.0446398],[-0.7122287,52.04472950000001],[-0.7122296,52.0447674],[-0.7122355,52.0447941],[-0.7124301,52.0448103]]}},
{"type":"Feature","properties":{"id":110477,"nach":0.4714083455733688},"geometry":{"type":"LineString","coordinates":[[-0.712848,52.0447573],[-0.7126334,52.0447649],[-0.7125639,52.0447695],[-0.7124301,52.0448103]]}},
{"type":"Feature","properties":{"id":78846,"nach":0.65210650721012153},"geometry":{"type":"LineString","coordinates":[[-0.7129671,52.0450931],[-0.7129346,52.0451314]]}},
{"type":"Feature","properties":{"id":37957,"nach":0.57922533364802953},"geometry":{"type":"LineString","coordinates":[[-0.7129121,52.0455484],[-0.7129791,52.0454158],[-0.7129789,52.0452326],[-0.7129346,52.0451314]]}},
{"type":"Feature","properties":{"id":110475,"nach":0.60017882116762822},"geometry":{"type":"LineString","coordinates":[[-0.712848,52.0447573],[-0.7128461,52.0447464],[-0.7128405,52.0447147],[-0.712839,52.0446757],[-0.7128398,52.0446253],[-0.7128667,52.0444705],[-0.7128922,52.0443946]]}},
{"type":"Feature","properties":{"id":110476,"nach":0.58366255641835352},"geometry":{"type":"LineString","coordinates":[[-0.712848,52.0447573],[-0.7128512,52.0447691],[-0.7128683,52.044831],[-0.7129671,52.0450931]]}},
{"type":"Feature","properties":{"id":110478,"nach":0.45500491939470705},"geometry":{"type":"LineString","coordinates":[[-0.712848,52.0447573],[-0.712993,52.0447467],[-0.7132099,52.0447242],[-0.7132514,52.0447919]]}},
{"type":"Feature","properties":{"id":78847,"nach":0.63490339686559405},"geometry":{"type":"LineString","coordinates":[[-0.7129671,52.0450931],[-0.7133071,52.0450443],[-0.7134768,52.0450076],[-0.7135632,52.0449613],[-0.7136526,52.0448879]]}},
{"type":"Feature","properties":{"id":49639,"nach":0.54800640299242775},"geometry":{"type":"LineString","coordinates":[[-0.7134359,52.0456256],[-0.7129121,52.0455484]]}},
{"type":"Feature","properties":{"id":37960,"nach":0.53994900362251563},"geometry":{"type":"LineString","coordinates":[[-0.7125574,52.045987799999985],[-0.7127556,52.045806],[-0.7129121,52.0455484]]}},
{"type":"Feature","properties":{"id":49642,"nach":0.44658679179769439},"geometry":{"type":"LineString","coordinates":[[-0.7134638,52.04555520000001],[-0.7134359,52.0456256]]}},
{"type":"Feature","properties":{"id":97437,"nach":0.51009371811884185},"geometry":{"type":"LineString","coordinates":[[-0.7137031,52.0457786],[-0.7134359,52.0456256]]}},
{"type":"Feature","properties":{"id":96079,"nach":0.44839169302168042},"geometry":{"type":"LineString","coordinates":[[-0.7125161,52.0460494],[-0.7125574,52.045987799999985]]}},
{"type":"Feature","properties":{"id":131463,"nach":0.53418052182481235},"geometry":{"type":"LineString","coordinates":[[-0.7124598,52.046322400000015],[-0.7124862,52.0461886],[-0.7125818,52.0460149],[-0.7125574,52.045987799999985]]}},
{"type":"Feature","properties":{"id":131462,"nach":0.443249174858524},"geometry":{"type":"LineString","coordinates":[[-0.7124598,52.046322400000015],[-0.7126798,52.0463792]]}},
{"type":"Feature","properties":{"id":49636,"nach":0.55508346450087565},"geometry":{"type":"LineString","coordinates":[[-0.7139801,52.0450441],[-0.7136526,52.0448879]]}},
{"type":"Feature","properties":{"id":37970,"nach":0.63807602757720527},"geometry":{"type":"LineString","coordinates":[[-0.7137898,52.0445523],[-0.7137431,52.0447108],[-0.7136526,52.0448879]]}},
{"type":"Feature","properties":{"id":49635,"nach":0.51878717408590647},"geometry":{"type":"LineString","coordinates":[[-0.7139801,52.0450441],[-0.7144134,52.0452404]]}},
{"type":"Feature","properties":{"id":49637,"nach":0.44905887630480668},"geometry":{"type":"LineString","coordinates":[[-0.7139801,52.0450441],[-0.7138667,52.0451624],[-0.7138084,52.0451995],[-0.7137273,52.045225],[-0.7135652,52.0452519]]}},
{"type":"Feature","properties":{"id":49628,"nach":0.45968407646253634},"geometry":{"type":"LineString","coordinates":[[-0.7135897,52.0445327],[-0.7137898,52.0445523]]}},
{"type":"Feature","properties":{"id":49648,"nach":0.64328147229658295},"geometry":{"type":"LineString","coordinates":[[-0.7139311,52.0445651],[-0.7137898,52.0445523]]}},
{"type":"Feature","properties":{"id":97808,"nach":0.445353530308779},"geometry":{"type":"LineString","coordinates":[[-0.7141817,52.0454378],[-0.7144134,52.0452404]]}},
{"type":"Feature","properties":{"id":97807,"nach":0.44310813415111078},"geometry":{"type":"LineString","coordinates":[[-0.7147772,52.0449181],[-0.7144134,52.0452404]]}},
{"type":"Feature","properties":{"id":78501,"nach":0.64836916161998626},"geometry":{"type":"LineString","coordinates":[[-0.7139589,52.0444296],[-0.7139311,52.0445651]]}},
{"type":"Feature","properties":{"id":97907,"nach":0.45874449244319254},"geometry":{"type":"LineString","coordinates":[[-0.7143768,52.0446423],[-0.7143408,52.0446112],[-0.7139311,52.0445651]]}},
{"type":"Feature","properties":{"id":105981,"nach":0.6130225323084213},"geometry":{"type":"LineString","coordinates":[[-0.7106885,52.0465788],[-0.7108568,52.0466997],[-0.710938,52.0468642]]}},
{"type":"Feature","properties":{"id":105983,"nach":0.44766234418024786},"geometry":{"type":"LineString","coordinates":[[-0.710838,52.0465317],[-0.7107686,52.0465478],[-0.7106885,52.0465788]]}},
{"type":"Feature","properties":{"id":37986,"nach":0.50965078221050641},"geometry":{"type":"LineString","coordinates":[[-0.7095396,52.0467178],[-0.7097385,52.0464401],[-0.709799,52.0463501]]}},
{"type":"Feature","properties":{"id":52095,"nach":0.614149552750753},"geometry":{"type":"LineString","coordinates":[[-0.7114992,52.046825799999986],[-0.710938,52.0468642]]}},
{"type":"Feature","properties":{"id":97161,"nach":0.55178176537376022},"geometry":{"type":"LineString","coordinates":[[-0.7105507,52.0469715],[-0.710938,52.0468642]]}},
{"type":"Feature","properties":{"id":52094,"nach":0.60010177668083131},"geometry":{"type":"LineString","coordinates":[[-0.7114992,52.046825799999986],[-0.7116477,52.0468062]]}},
{"type":"Feature","properties":{"id":52096,"nach":0.54943233687958959},"geometry":{"type":"LineString","coordinates":[[-0.7114992,52.046825799999986],[-0.7115097,52.0468873],[-0.7114934,52.0469421],[-0.7115379,52.0469868],[-0.7115886,52.04709840000001]]}},
{"type":"Feature","properties":{"id":130025,"nach":0.51850728517406075},"geometry":{"type":"LineString","coordinates":[[-0.7103179,52.047036],[-0.7105507,52.0469715]]}},
{"type":"Feature","properties":{"id":97164,"nach":0.44239807254283509},"geometry":{"type":"LineString","coordinates":[[-0.7106296,52.0470934],[-0.7105507,52.0469715]]}},
{"type":"Feature","properties":{"id":130026,"nach":0.49123089842684742},"geometry":{"type":"LineString","coordinates":[[-0.7103179,52.047036],[-0.709983,52.0471275]]}},
{"type":"Feature","properties":{"id":97428,"nach":0.4385275546144603},"geometry":{"type":"LineString","coordinates":[[-0.7100883,52.0472648],[-0.709983,52.0471275]]}},
{"type":"Feature","properties":{"id":37987,"nach":0.4671695111103828},"geometry":{"type":"LineString","coordinates":[[-0.7095396,52.0467178],[-0.7097841,52.046889],[-0.7098894,52.0470055],[-0.709983,52.0471275]]}},
{"type":"Feature","properties":{"id":130028,"nach":0.44122084462088762},"geometry":{"type":"LineString","coordinates":[[-0.7102511,52.046945600000015],[-0.7103179,52.047036]]}},
{"type":"Feature","properties":{"id":97804,"nach":0.44046610611403947},"geometry":{"type":"LineString","coordinates":[[-0.7091717,52.04661140000001],[-0.7093634,52.0466654],[-0.7095396,52.0467178]]}},
{"type":"Feature","properties":{"id":49644,"nach":0.44178717552373575},"geometry":{"type":"LineString","coordinates":[[-0.7099286,52.0459576],[-0.7097885,52.0458249]]}},
{"type":"Feature","properties":{"id":49647,"nach":0.44246712878299216},"geometry":{"type":"LineString","coordinates":[[-0.710048,52.0460611],[-0.7099286,52.0459576]]}},
{"type":"Feature","properties":{"id":49643,"nach":0.43244804883323656},"geometry":{"type":"LineString","coordinates":[[-0.7077799,52.0447431],[-0.7078944,52.044755]]}},
{"type":"Feature","properties":{"id":110482,"nach":0.53294839306838038},"geometry":{"type":"LineString","coordinates":[[-0.708791,52.045329],[-0.7087523,52.0453167],[-0.7086893,52.0453088],[-0.7086252,52.045308800000015],[-0.7084532,52.0453429],[-0.7083707,52.0453547],[-0.7082899,52.0453468],[-0.708235,52.045327099999987],[-0.708186,52.0452922],[-0.707891,52.04499],[-0.7078634,52.0449567],[-0.7078482,52.0449195],[-0.7078466,52.0448948],[-0.7078944,52.044755]]}},
{"type":"Feature","properties":{"id":37994,"nach":0.49437980805755599},"geometry":{"type":"LineString","coordinates":[[-0.7085611,52.0448007],[-0.7084663,52.0448021],[-0.7083394,52.0447992],[-0.7078944,52.044755]]}},
{"type":"Feature","properties":{"id":110485,"nach":0.44540416622955781},"geometry":{"type":"LineString","coordinates":[[-0.7092301,52.0451305],[-0.7090624,52.0451614],[-0.708963,52.0451991],[-0.708881,52.0452492],[-0.708791,52.045329]]}},
{"type":"Feature","properties":{"id":97825,"nach":0.42244870451203359},"geometry":{"type":"LineString","coordinates":[[-0.708551,52.044704],[-0.7085611,52.0448007]]}},
{"type":"Feature","properties":{"id":99068,"nach":0.41854225298189035},"geometry":{"type":"LineString","coordinates":[[-0.7089663,52.0447719],[-0.7088128,52.0447833],[-0.7085611,52.0448007]]}},
{"type":"Feature","properties":{"id":85179,"nach":0.58341920271871028},"geometry":{"type":"LineString","coordinates":[[-0.7114701,52.043519399999987],[-0.71132,52.0436914]]}},
{"type":"Feature","properties":{"id":78500,"nach":0.55464486318134332},"geometry":{"type":"LineString","coordinates":[[-0.7121495,52.0438418],[-0.7118704,52.04383760000001],[-0.7117432,52.0438182],[-0.71132,52.0436914]]}},
{"type":"Feature","properties":{"id":78498,"nach":0.52718919066838199},"geometry":{"type":"LineString","coordinates":[[-0.7121495,52.0438418],[-0.7121494,52.0435428]]}},
{"type":"Feature","properties":{"id":78506,"nach":0.57342812444766744},"geometry":{"type":"LineString","coordinates":[[-0.7121502,52.0438685],[-0.7121495,52.0438418]]}},
{"type":"Feature","properties":{"id":97830,"nach":0.45343981348256662},"geometry":{"type":"LineString","coordinates":[[-0.712291,52.0435316],[-0.7121494,52.0435428]]}},
{"type":"Feature","properties":{"id":97831,"nach":0.45358110644563893},"geometry":{"type":"LineString","coordinates":[[-0.712023,52.0435511],[-0.7121494,52.0435428]]}},
{"type":"Feature","properties":{"id":78485,"nach":0.45706258585620457},"geometry":{"type":"LineString","coordinates":[[-0.7175881,52.0443954],[-0.7175992,52.0444437],[-0.7175953,52.0444841],[-0.7175682,52.044515],[-0.7175102,52.0445531],[-0.7174236,52.0445861],[-0.7168989,52.044786300000013]]}},
{"type":"Feature","properties":{"id":78484,"nach":0.53257268467614438},"geometry":{"type":"LineString","coordinates":[[-0.7175881,52.0443954],[-0.7176727,52.0444246],[-0.7177539,52.044427],[-0.717839,52.044408],[-0.7179048,52.0443794],[-0.7186977,52.0439471],[-0.718779,52.0439358],[-0.7189068,52.0439504],[-0.7190436,52.0439702],[-0.7191589,52.044003200000013],[-0.71924740000001,52.0440411],[-0.7193187,52.044093600000011],[-0.7193012,52.0441665],[-0.7192788,52.0442148],[-0.7192526,52.0442689],[-0.7192316,52.0443413]]}},
{"type":"Feature","properties":{"id":49602,"nach":0.0},"geometry":{"type":"LineString","coordinates":[[-0.7177578,52.0440082],[-0.7177895,52.0439304],[-0.7179209,52.0438358],[-0.7180473,52.0438822],[-0.7180464,52.0439013],[-0.717857,52.0439748],[-0.7177578,52.0440082]]}},
{"type":"Feature","properties":{"id":49605,"nach":0.0},"geometry":{"type":"LineString","coordinates":[[-0.7169956,52.044308],[-0.7167926,52.0443141],[-0.7166999,52.044337],[-0.7166721,52.0444931],[-0.7167366,52.0445006],[-0.7168861,52.0444121],[-0.7169956,52.044308]]}},
{"type":"Feature","properties":{"id":110505,"nach":0.58433566735664499},"geometry":{"type":"LineString","coordinates":[[-0.7044705,52.046492],[-0.7044658,52.0465736]]}},
{"type":"Feature","properties":{"id":110504,"nach":0.58267675999499013},"geometry":{"type":"LineString","coordinates":[[-0.7044705,52.046492],[-0.7044746,52.0464411]]}},
{"type":"Feature","properties":{"id":110509,"nach":0.49207583647331743},"geometry":{"type":"LineString","coordinates":[[-0.7032535,52.0459497],[-0.703316,52.0460666],[-0.7034232,52.0462673],[-0.7034691,52.0463284],[-0.7035163,52.046371299999983],[-0.7035796,52.0464145],[-0.7036827,52.046457299999986],[-0.7037523,52.0464787],[-0.7038239,52.0464938],[-0.7039019,52.0465014],[-0.7039862,52.0465015],[-0.7041557,52.0464976],[-0.7044705,52.046492]]}},
{"type":"Feature","properties":{"id":125506,"nach":0.60259251282583404},"geometry":{"type":"LineString","coordinates":[[-0.7058519,52.0467768],[-0.7057267,52.0467734],[-0.7046367,52.0470558]]}},
{"type":"Feature","properties":{"id":125508,"nach":0.60833948908052438},"geometry":{"type":"LineString","coordinates":[[-0.7059821,52.0467607],[-0.7058519,52.0467768]]}},
{"type":"Feature","properties":{"id":102255,"nach":0.57817226094950347},"geometry":{"type":"LineString","coordinates":[[-0.7023938,52.0451524],[-0.7023638,52.045129],[-0.7023052,52.0450766],[-0.702268,52.0450363],[-0.7022442,52.045006],[-0.7022218,52.0449755]]}},
{"type":"Feature","properties":{"id":110500,"nach":0.25310202253339076},"geometry":{"type":"LineString","coordinates":[[-0.7022761,52.0451975],[-0.7023938,52.0451524]]}},
{"type":"Feature","properties":{"id":110508,"nach":0.3879459201651424},"geometry":{"type":"LineString","coordinates":[[-0.7032535,52.0459497],[-0.7032023,52.0458553],[-0.7031037,52.0456737],[-0.7030612,52.0456053],[-0.7030082,52.0455494],[-0.7029023,52.0454764],[-0.7027675,52.0454147],[-0.7024786,52.0453231],[-0.7024035,52.0452893],[-0.7023286,52.045245],[-0.7022761,52.0451975]]}},
{"type":"Feature","properties":{"id":100045,"nach":0.6001217935726324},"geometry":{"type":"LineString","coordinates":[[-0.7065642,52.0447965],[-0.7065993,52.0451611]]}},
{"type":"Feature","properties":{"id":102268,"nach":0.60075034535192484},"geometry":{"type":"LineString","coordinates":[[-0.7067205,52.0457279],[-0.7066261,52.0453659],[-0.7065993,52.0451611]]}},
{"type":"Feature","properties":{"id":100047,"nach":0.4605774479102881},"geometry":{"type":"LineString","coordinates":[[-0.7067546,52.0447931],[-0.7065642,52.0447965]]}},
{"type":"Feature","properties":{"id":102269,"nach":0.55671232946541538},"geometry":{"type":"LineString","coordinates":[[-0.7067205,52.0457279],[-0.7066276,52.045741],[-0.7064174,52.0457869],[-0.7061839,52.0458272],[-0.7061202,52.0458383]]}},
{"type":"Feature","properties":{"id":97791,"nach":0.55632332231595139},"geometry":{"type":"LineString","coordinates":[[-0.7061202,52.0458383],[-0.7058757,52.0458932],[-0.7056189,52.0459306],[-0.7054663,52.045973600000011]]}},
{"type":"Feature","properties":{"id":38078,"nach":0.6132351685213171},"geometry":{"type":"LineString","coordinates":[[-0.703301,52.0403776],[-0.7032758,52.04034630000001]]}},
{"type":"Feature","properties":{"id":125347,"nach":0.55939132353299958},"geometry":{"type":"LineString","coordinates":[[-0.7032182,52.0403683],[-0.7032758,52.04034630000001]]}},
{"type":"Feature","properties":{"id":72121,"nach":0.59126285278999824},"geometry":{"type":"LineString","coordinates":[[-0.70287,52.039915],[-0.7029537,52.0399739],[-0.7032758,52.04034630000001]]}},
{"type":"Feature","properties":{"id":38080,"nach":0.58470063215429102},"geometry":{"type":"LineString","coordinates":[[-0.703301,52.0403776],[-0.7033899,52.0403244],[-0.703422,52.0403002],[-0.7034525,52.0402566],[-0.7034684,52.0402236],[-0.7034914,52.0401765]]}},
{"type":"Feature","properties":{"id":95849,"nach":0.60606762766012234},"geometry":{"type":"LineString","coordinates":[[-0.7034408,52.0405676],[-0.703301,52.0403776]]}},
{"type":"Feature","properties":{"id":125346,"nach":0.5799365960898305},"geometry":{"type":"LineString","coordinates":[[-0.7032182,52.0403683],[-0.7026415,52.0405745]]}},
{"type":"Feature","properties":{"id":125349,"nach":0.58359724313639483},"geometry":{"type":"LineString","coordinates":[[-0.7032182,52.0403683],[-0.7031753,52.0403196],[-0.7029416,52.040055399999986],[-0.7028562,52.0399652],[-0.7027562,52.0399107],[-0.7026216,52.039879],[-0.7024879,52.0398616],[-0.7023944,52.0398591],[-0.7020437,52.039879300000017]]}},
{"type":"Feature","properties":{"id":125353,"nach":0.57579754942926065},"geometry":{"type":"LineString","coordinates":[[-0.7033876,52.0405831],[-0.7032978,52.0404604],[-0.7032182,52.0403683]]}},
{"type":"Feature","properties":{"id":72122,"nach":0.54425698480950324},"geometry":{"type":"LineString","coordinates":[[-0.7030508,52.039804700000012],[-0.70287,52.039915]]}},
{"type":"Feature","properties":{"id":95859,"nach":0.58503210168680508},"geometry":{"type":"LineString","coordinates":[[-0.7022425,52.0398186],[-0.7024418,52.0398118],[-0.7026557,52.0398307],[-0.7027686,52.0398587],[-0.70287,52.039915]]}},
{"type":"Feature","properties":{"id":100386,"nach":0.4657091196558969},"geometry":{"type":"LineString","coordinates":[[-0.7024504,52.0408037],[-0.7023765,52.0407663]]}},
{"type":"Feature","properties":{"id":87395,"nach":0.57681490057555962},"geometry":{"type":"LineString","coordinates":[[-0.7020204,52.0408444],[-0.7022071,52.0407843],[-0.7023765,52.0407663]]}},
{"type":"Feature","properties":{"id":97648,"nach":0.56503948742259991},"geometry":{"type":"LineString","coordinates":[[-0.7026415,52.0405745],[-0.7024925,52.040660800000012],[-0.7023765,52.0407663]]}},
{"type":"Feature","properties":{"id":87396,"nach":0.61416776418022645},"geometry":{"type":"LineString","coordinates":[[-0.7020204,52.0408444],[-0.7018319,52.0406305],[-0.7017578,52.04057],[-0.7016984,52.04050860000001],[-0.7016435,52.040492799999988],[-0.7012385,52.0402268]]}},
{"type":"Feature","properties":{"id":87397,"nach":0.62905122013939629},"geometry":{"type":"LineString","coordinates":[[-0.7020204,52.0408444],[-0.7020576,52.0412075],[-0.7021723,52.0414316]]}},
{"type":"Feature","properties":{"id":97832,"nach":0.46549862131953484},"geometry":{"type":"LineString","coordinates":[[-0.7019758,52.0410248],[-0.7019727,52.0409364],[-0.7020204,52.0408444]]}},
{"type":"Feature","properties":{"id":103118,"nach":0.46503420950577207},"geometry":{"type":"LineString","coordinates":[[-0.7025645,52.040513500000017],[-0.7026415,52.0405745]]}},
{"type":"Feature","properties":{"id":115315,"nach":0.59454088569926755},"geometry":{"type":"LineString","coordinates":[[-0.7036867,52.040959599999987],[-0.7034408,52.0405676]]}},
{"type":"Feature","properties":{"id":125174,"nach":0.54435129642244573},"geometry":{"type":"LineString","coordinates":[[-0.703625,52.040972],[-0.7036867,52.040959599999987]]}},
{"type":"Feature","properties":{"id":125180,"nach":0.51539777938213083},"geometry":{"type":"LineString","coordinates":[[-0.7038184,52.0412826],[-0.70357,52.0413421],[-0.7033674,52.0413572],[-0.7030864,52.0413508],[-0.7028737,52.041367499999986],[-0.7026183,52.041412],[-0.7024317,52.0414368],[-0.7024024,52.0414357]]}},
{"type":"Feature","properties":{"id":125179,"nach":0.47254064856655359},"geometry":{"type":"LineString","coordinates":[[-0.7038184,52.0412826],[-0.703625,52.040972]]}},
{"type":"Feature","properties":{"id":125332,"nach":0.0},"geometry":{"type":"LineString","coordinates":[[-0.702401,52.0424578],[-0.7027627,52.042406],[-0.7027983,52.042407],[-0.7031245,52.0424164],[-0.7035613,52.0423991],[-0.7037797,52.04239410000001],[-0.7039425,52.0423802],[-0.7041182,52.042349],[-0.7042366,52.0423069],[-0.7043293,52.0422608],[-0.7043744,52.0422182],[-0.7044002,52.0421671],[-0.7043938,52.0421141],[-0.7043503,52.0420268],[-0.7042068,52.0418305],[-0.7040279,52.0415777],[-0.7038184,52.0412826]]}},
{"type":"Feature","properties":{"id":102182,"nach":0.46375062712413473},"geometry":{"type":"LineString","coordinates":[[-0.7047688,52.0404228],[-0.7047951,52.0405121]]}},
{"type":"Feature","properties":{"id":78279,"nach":0.46146344738347667},"geometry":{"type":"LineString","coordinates":[[-0.7061612,52.0402835],[-0.705727,52.0403851],[-0.7053832,52.0404553],[-0.705044,52.0405057],[-0.7047951,52.0405121]]}},
{"type":"Feature","properties":{"id":111791,"nach":0.51553943604252817},"geometry":{"type":"LineString","coordinates":[[-0.7040472,52.0403348],[-0.7041063,52.0403555],[-0.7042268,52.0404043],[-0.7043624,52.040446],[-0.7045038,52.0404845],[-0.7047951,52.0405121]]}},
{"type":"Feature","properties":{"id":102184,"nach":0.38644966109147011},"geometry":{"type":"LineString","coordinates":[[-0.7047688,52.0404228],[-0.7048122,52.0404519],[-0.7048798,52.0404748],[-0.7049845,52.0404769],[-0.705177,52.040454],[-0.7054101,52.0404104],[-0.7058087,52.04032930000001],[-0.7063154,52.0402047],[-0.7065429,52.0401468],[-0.7066139,52.0401606]]}},
{"type":"Feature","properties":{"id":102185,"nach":0.38421677630851631},"geometry":{"type":"LineString","coordinates":[[-0.7047688,52.0404228],[-0.7047323,52.0403592],[-0.7047,52.0403005],[-0.7046298,52.0400471],[-0.7043658,52.0392609]]}},
{"type":"Feature","properties":{"id":102183,"nach":0.4335532373439771},"geometry":{"type":"LineString","coordinates":[[-0.7047688,52.0404228],[-0.7047447,52.040298],[-0.7045346,52.0395171],[-0.7044353,52.0392517]]}},
{"type":"Feature","properties":{"id":78278,"nach":0.50787030956187129},"geometry":{"type":"LineString","coordinates":[[-0.7061612,52.0402835],[-0.7063998,52.0402253],[-0.7066139,52.0401606]]}},
{"type":"Feature","properties":{"id":78283,"nach":0.46581452379964622},"geometry":{"type":"LineString","coordinates":[[-0.7055829,52.04136840000001],[-0.7056069,52.0413633],[-0.7056651,52.0413508],[-0.7056726,52.041348599999985],[-0.7057729,52.0413195],[-0.70589,52.0412769],[-0.7059886,52.0412361],[-0.7060795,52.0411878],[-0.7061596,52.0411281],[-0.706232,52.0410533],[-0.7062623,52.0410173],[-0.7062736,52.041004],[-0.7063213,52.0409042],[-0.7063478,52.0408019],[-0.7063584,52.0406789],[-0.7063372,52.0405657],[-0.7062947,52.0404568],[-0.7062346,52.0403632],[-0.7061612,52.0402835]]}},
{"type":"Feature","properties":{"id":111790,"nach":0.54083588364963142},"geometry":{"type":"LineString","coordinates":[[-0.7040472,52.0403348],[-0.7039342,52.040306500000014]]}},
{"type":"Feature","properties":{"id":111795,"nach":0.30533316445518122},"geometry":{"type":"LineString","coordinates":[[-0.7040831,52.0404196],[-0.7040465,52.0403765],[-0.7040472,52.0403348]]}},
{"type":"Feature","properties":{"id":72124,"nach":0.58396085886851401},"geometry":{"type":"LineString","coordinates":[[-0.7030508,52.039804700000012],[-0.7031192,52.03984220000001],[-0.7031533,52.03985320000001],[-0.7032639,52.0398645],[-0.703337,52.039873900000011],[-0.7034006,52.0398963],[-0.7034339,52.0399197],[-0.7034651,52.039957200000011],[-0.7034841,52.0399958],[-0.7034922,52.0400303],[-0.7035019,52.0400705],[-0.7035018,52.04008970000001],[-0.7035015,52.0401259],[-0.7034914,52.0401765]]}},
{"type":"Feature","properties":{"id":66807,"nach":0.62688491096122623},"geometry":{"type":"LineString","coordinates":[[-0.7038199,52.0401568],[-0.7037372,52.0401618],[-0.7034914,52.0401765]]}},
{"type":"Feature","properties":{"id":72125,"nach":0.54678534042755278},"geometry":{"type":"LineString","coordinates":[[-0.7030508,52.039804700000012],[-0.7030873,52.0397802],[-0.7031237,52.0397556]]}},
{"type":"Feature","properties":{"id":102179,"nach":0.591585892382684},"geometry":{"type":"LineString","coordinates":[[-0.7022197,52.0397239],[-0.7026213,52.0397166],[-0.7029414,52.0397445],[-0.7030508,52.039804700000012]]}},
{"type":"Feature","properties":{"id":66806,"nach":0.40458579550764939},"geometry":{"type":"LineString","coordinates":[[-0.7038199,52.0401568],[-0.7037416,52.04004170000001],[-0.7036886,52.0398193],[-0.7036207,52.0397325],[-0.7034921,52.0396792],[-0.703343,52.0396715],[-0.7032225,52.0396974],[-0.7031237,52.0397556]]}},
{"type":"Feature","properties":{"id":66805,"nach":0.62639208525030288},"geometry":{"type":"LineString","coordinates":[[-0.7038199,52.0401568],[-0.7039342,52.040306500000014]]}},
{"type":"Feature","properties":{"id":78271,"nach":0.51192980926966558},"geometry":{"type":"LineString","coordinates":[[-0.7066139,52.0401606],[-0.7067583,52.0401147]]}},
{"type":"Feature","properties":{"id":47185,"nach":0.52391255290083716},"geometry":{"type":"LineString","coordinates":[[-0.7054432,52.0381569],[-0.7056142,52.0393069],[-0.7056772,52.0394664],[-0.7057604,52.0396256],[-0.7058806,52.0398028],[-0.7059899,52.03991460000001],[-0.7060901,52.0399705],[-0.7061948,52.0400075],[-0.7063227,52.0400388],[-0.7067583,52.0401147]]}},
{"type":"Feature","properties":{"id":78824,"nach":0.44878812634922449},"geometry":{"type":"LineString","coordinates":[[-0.7086232,52.0420166],[-0.7085213,52.0416143],[-0.7084516,52.0414379],[-0.7083525,52.0413274],[-0.7081514,52.0411147],[-0.7078217,52.0407866],[-0.7076073,52.0405969],[-0.7074357,52.0404584],[-0.7071596,52.0403216],[-0.7069532,52.0402474],[-0.7066139,52.0401606]]}},
{"type":"Feature","properties":{"id":38041,"nach":0.47319351802027321},"geometry":{"type":"LineString","coordinates":[[-0.7010336,52.0404597],[-0.7010112,52.040338]]}},
{"type":"Feature","properties":{"id":98781,"nach":0.54724619866687763},"geometry":{"type":"LineString","coordinates":[[-0.7011557,52.040269],[-0.7010112,52.040338]]}},
{"type":"Feature","properties":{"id":98780,"nach":0.47329577688160135},"geometry":{"type":"LineString","coordinates":[[-0.7009384,52.0402303],[-0.7010112,52.040338]]}},
{"type":"Feature","properties":{"id":98782,"nach":0.58230009280963768},"geometry":{"type":"LineString","coordinates":[[-0.7011557,52.040269],[-0.7012385,52.0402268]]}},
{"type":"Feature","properties":{"id":98784,"nach":0.47500068656156491},"geometry":{"type":"LineString","coordinates":[[-0.7013878,52.0404024],[-0.7011557,52.040269]]}},
{"type":"Feature","properties":{"id":98774,"nach":0.46966441438052903},"geometry":{"type":"LineString","coordinates":[[-0.6967953,52.0427034],[-0.6968551,52.0426344]]}},
{"type":"Feature","properties":{"id":91838,"nach":0.46854571215567409},"geometry":{"type":"LineString","coordinates":[[-0.6967077,52.0425474],[-0.6967667,52.0425688],[-0.6968551,52.0426344]]}},
{"type":"Feature","properties":{"id":87402,"nach":0.540393208754396},"geometry":{"type":"LineString","coordinates":[[-0.7028504,52.039379400000016],[-0.7028328,52.0394815],[-0.7028797,52.0395694],[-0.7030104,52.0396728],[-0.7031237,52.0397556]]}},
{"type":"Feature","properties":{"id":87403,"nach":0.5640208214198279},"geometry":{"type":"LineString","coordinates":[[-0.7028504,52.039379400000016],[-0.7029123,52.0393027],[-0.7030482,52.0392465],[-0.7032351,52.0392341],[-0.7034389,52.03928710000001],[-0.7036778,52.0394495]]}},
{"type":"Feature","properties":{"id":87423,"nach":0.5805068481762915},"geometry":{"type":"LineString","coordinates":[[-0.7022996,52.0391104],[-0.7026286,52.039321],[-0.7028504,52.039379400000016]]}},
{"type":"Feature","properties":{"id":91846,"nach":0.59130260941254487},"geometry":{"type":"LineString","coordinates":[[-0.7041436,52.0402329],[-0.7039342,52.040306500000014]]}},
{"type":"Feature","properties":{"id":111793,"nach":0.53639204190917111},"geometry":{"type":"LineString","coordinates":[[-0.7040831,52.0404196],[-0.7040311,52.0403891],[-0.7039342,52.040306500000014]]}},
{"type":"Feature","properties":{"id":100673,"nach":0.46733977712667796},"geometry":{"type":"LineString","coordinates":[[-0.7042823,52.0402817],[-0.7041436,52.0402329]]}},
{"type":"Feature","properties":{"id":96083,"nach":0.58058657129679936},"geometry":{"type":"LineString","coordinates":[[-0.7039715,52.0398825],[-0.704155,52.0401885],[-0.7041436,52.0402329]]}},
{"type":"Feature","properties":{"id":111794,"nach":0.51610800621849839},"geometry":{"type":"LineString","coordinates":[[-0.7040831,52.0404196],[-0.70421,52.0404865],[-0.7044176,52.0405539],[-0.7046455,52.0405823],[-0.7050406,52.0405858],[-0.7050925,52.0405929],[-0.7052021,52.0410098],[-0.7052565,52.0410482],[-0.7053002,52.041079],[-0.7054675,52.0412227],[-0.7055829,52.04136840000001]]}},
{"type":"Feature","properties":{"id":85160,"nach":0.61182130266784818},"geometry":{"type":"LineString","coordinates":[[-0.704281,52.0392984],[-0.7036778,52.0394495]]}},
{"type":"Feature","properties":{"id":96082,"nach":0.59001556969685431},"geometry":{"type":"LineString","coordinates":[[-0.7039715,52.0398825],[-0.7037917,52.0395885],[-0.7036778,52.0394495]]}},
{"type":"Feature","properties":{"id":85158,"nach":0.47191432227459817},"geometry":{"type":"LineString","coordinates":[[-0.704281,52.0392984],[-0.7043284,52.039442200000011]]}},
{"type":"Feature","properties":{"id":85161,"nach":0.6120787923746055},"geometry":{"type":"LineString","coordinates":[[-0.7042725,52.03927980000001],[-0.704281,52.0392984]]}},
{"type":"Feature","properties":{"id":96085,"nach":0.46033540482634527},"geometry":{"type":"LineString","coordinates":[[-0.7043739,52.0398715],[-0.7043265,52.039805],[-0.7039715,52.0398825]]}},
{"type":"Feature","properties":{"id":110514,"nach":0.55347441866001834},"geometry":{"type":"LineString","coordinates":[[-0.6971978,52.04037610000001],[-0.6969419,52.0400295]]}},
{"type":"Feature","properties":{"id":91834,"nach":0.48676883226852141},"geometry":{"type":"LineString","coordinates":[[-0.6967309,52.0409016],[-0.6967638,52.0407484]]}},
{"type":"Feature","properties":{"id":38063,"nach":0.60386294299056587},"geometry":{"type":"LineString","coordinates":[[-0.6957384,52.04053840000001],[-0.6961644,52.04069410000001],[-0.6967638,52.0407484]]}},
{"type":"Feature","properties":{"id":110516,"nach":0.60321224361357395},"geometry":{"type":"LineString","coordinates":[[-0.6971978,52.04037610000001],[-0.6969772,52.0404476],[-0.6969128,52.0404844],[-0.6968536,52.0405341],[-0.6968007,52.040601],[-0.6967638,52.0407484]]}},
{"type":"Feature","properties":{"id":110515,"nach":0.61103011795930773},"geometry":{"type":"LineString","coordinates":[[-0.6971978,52.04037610000001],[-0.6972714,52.0404705],[-0.697321,52.0405095],[-0.6973928,52.0405582],[-0.6974786,52.040602],[-0.6977001,52.040673899999987]]}},
{"type":"Feature","properties":{"id":85121,"nach":0.69407941928244865},"geometry":{"type":"LineString","coordinates":[[-0.6966988,52.0412055],[-0.6959311,52.041214]]}},
{"type":"Feature","properties":{"id":38070,"nach":0.56487948355310003},"geometry":{"type":"LineString","coordinates":[[-0.6959918,52.0416909],[-0.6959127,52.0415398],[-0.6958964,52.041467],[-0.6959311,52.041214]]}},
{"type":"Feature","properties":{"id":85122,"nach":0.48993010535181269},"geometry":{"type":"LineString","coordinates":[[-0.6966988,52.0412055],[-0.6967451,52.0412204]]}},
{"type":"Feature","properties":{"id":85125,"nach":0.69361327084993096},"geometry":{"type":"LineString","coordinates":[[-0.6969863,52.0412915],[-0.6969743,52.041280100000016],[-0.6969113,52.0412169],[-0.6968452,52.0411999],[-0.6967621,52.0411924],[-0.6966988,52.0412055]]}},
{"type":"Feature","properties":{"id":91841,"nach":0.56077301614146946},"geometry":{"type":"LineString","coordinates":[[-0.6969149,52.0415633],[-0.6963833,52.041617199999983],[-0.6962526,52.0416377],[-0.6959918,52.0416909]]}},
{"type":"Feature","properties":{"id":38074,"nach":0.5411198077254471},"geometry":{"type":"LineString","coordinates":[[-0.6968572,52.0420772],[-0.696462,52.042164],[-0.6963669,52.0421581],[-0.6963035,52.0421293],[-0.696207,52.041971400000016],[-0.6960784,52.0418315],[-0.6959918,52.0416909]]}},
{"type":"Feature","properties":{"id":98773,"nach":0.482684473113345},"geometry":{"type":"LineString","coordinates":[[-0.6967656,52.041272200000016],[-0.6967801,52.041315],[-0.696831,52.0414387],[-0.6969149,52.0415633]]}},
{"type":"Feature","properties":{"id":97591,"nach":0.46727101778625318},"geometry":{"type":"LineString","coordinates":[[-0.6968591,52.041995900000011],[-0.6968572,52.0420772]]}},
{"type":"Feature","properties":{"id":97592,"nach":0.46703930572369329},"geometry":{"type":"LineString","coordinates":[[-0.6969674,52.0421429],[-0.6968572,52.0420772]]}},
{"type":"Feature","properties":{"id":125351,"nach":0.48141804895261664},"geometry":{"type":"LineString","coordinates":[[-0.7033876,52.0405831],[-0.7034408,52.0405676]]}},
{"type":"Feature","properties":{"id":78487,"nach":0.59574265497056034},"geometry":{"type":"LineString","coordinates":[[-0.7124486,52.046692],[-0.7123371,52.0467151],[-0.7120675,52.0467154],[-0.7116477,52.0468062]]}},
{"type":"Feature","properties":{"id":49641,"nach":0.45055543981239154},"geometry":{"type":"LineString","coordinates":[[-0.7116266,52.0465127],[-0.7115942,52.0466433],[-0.7116477,52.0468062]]}},
{"type":"Feature","properties":{"id":78488,"nach":0.5962909407092859},"geometry":{"type":"LineString","coordinates":[[-0.7124486,52.046692],[-0.712548,52.0467104],[-0.7126599,52.0467169],[-0.7127538,52.0467317]]}},
{"type":"Feature","properties":{"id":97906,"nach":0.45519991289511558},"geometry":{"type":"LineString","coordinates":[[-0.7124612,52.0466217],[-0.7124486,52.046692]]}},
{"type":"Feature","properties":{"id":129947,"nach":0.61656462327158068},"geometry":{"type":"LineString","coordinates":[[-0.702446,52.0388477],[-0.7026233,52.038855600000012],[-0.703077,52.038791],[-0.7031593,52.0387197]]}},
{"type":"Feature","properties":{"id":95987,"nach":0.51803055877948301},"geometry":{"type":"LineString","coordinates":[[-0.703054,52.0387037],[-0.7027994,52.0387079],[-0.702594,52.0387674]]}},
{"type":"Feature","properties":{"id":129946,"nach":0.63708362803517493},"geometry":{"type":"LineString","coordinates":[[-0.702446,52.0388477],[-0.702285,52.0389346]]}},
{"type":"Feature","properties":{"id":129945,"nach":0.53993512198189075},"geometry":{"type":"LineString","coordinates":[[-0.702446,52.0388477],[-0.702594,52.0387674]]}},
{"type":"Feature","properties":{"id":110607,"nach":0.55276021221200344},"geometry":{"type":"LineString","coordinates":[[-0.7095083,52.0493705],[-0.709415,52.049346300000011],[-0.7093719,52.0493343],[-0.709324,52.0493213],[-0.7092338,52.0492623],[-0.7091596,52.0491746],[-0.7090795,52.0490225],[-0.7090082,52.0488587],[-0.7089588,52.0487952],[-0.7088933,52.0487442],[-0.708806,52.0486905],[-0.7086678,52.0486388]]}},
{"type":"Feature","properties":{"id":52055,"nach":0.40533593711817423},"geometry":{"type":"LineString","coordinates":[[-0.7128641,52.0477272],[-0.7126639,52.0476452],[-0.7125431,52.0476094],[-0.7124919,52.0475752],[-0.7124232,52.0475293]]}},
{"type":"Feature","properties":{"id":53327,"nach":0.62195141882162075},"geometry":{"type":"LineString","coordinates":[[-0.713329282808129,52.047340793977959],[-0.7124232,52.0475293]]}},
{"type":"Feature","properties":{"id":44961,"nach":0.4754986047007016},"geometry":{"type":"LineString","coordinates":[[-0.7001353,52.0466671],[-0.7003796,52.0467187],[-0.7005558,52.0467187],[-0.7007327,52.0466583],[-0.7009917,52.0464798]]}},
{"type":"Feature","properties":{"id":126154,"nach":0.74199856934981212},"geometry":{"type":"LineString","coordinates":[[-0.700518022628668,52.046226765102823],[-0.7001353,52.0466671]]}},
{"type":"Feature","properties":{"id":54095,"nach":0.54703146212106823},"geometry":{"type":"LineString","coordinates":[[-0.7168383,52.0452197],[-0.7166643,52.0452259],[-0.7165203,52.0452109],[-0.7164211,52.0451925],[-0.7163127,52.0451637],[-0.7162102,52.0451073],[-0.7161331,52.045033800000013],[-0.7160755,52.0449555]]}},
{"type":"Feature","properties":{"id":54094,"nach":0.47046454736156562},"geometry":{"type":"LineString","coordinates":[[-0.7168383,52.0452197],[-0.7165215,52.045327],[-0.7161766,52.0454393],[-0.7157928,52.0455364],[-0.7152111,52.045730799999987]]}},
{"type":"Feature","properties":{"id":44541,"nach":0.513404528474251},"geometry":{"type":"LineString","coordinates":[[-0.7009553,52.0429548],[-0.7009964,52.0430191],[-0.7010586,52.0430926],[-0.701141,52.0431645],[-0.7012625,52.043219800000017]]}},
{"type":"Feature","properties":{"id":124127,"nach":0.43757478262124044},"geometry":{"type":"LineString","coordinates":[[-0.7018363,52.0433353],[-0.7017763,52.043376200000012],[-0.7017237,52.0433867],[-0.7016336,52.0433544],[-0.7015242,52.0432772],[-0.7014342,52.0432192],[-0.7013969,52.0432135],[-0.7012625,52.043219800000017]]}},
{"type":"Feature","properties":{"id":99857,"nach":0.43876991211863392},"geometry":{"type":"LineString","coordinates":[[-0.7015264,52.0435618],[-0.7015264,52.0434743],[-0.7014566,52.0433655],[-0.7014268,52.0433451],[-0.7013373,52.0432838],[-0.7012625,52.043219800000017]]}},
{"type":"Feature","properties":{"id":91859,"nach":0.43679091806727732},"geometry":{"type":"LineString","coordinates":[[-0.7005992,52.0437432],[-0.7005671,52.0436451],[-0.7005838,52.0434101],[-0.7006575,52.0431638],[-0.7007149,52.043067],[-0.7008517,52.0429961],[-0.7009553,52.0429548]]}},
{"type":"Feature","properties":{"id":102243,"nach":0.60467258218139885},"geometry":{"type":"LineString","coordinates":[[-0.6977913,52.0433942],[-0.6979699,52.0433168]]}},
{"type":"Feature","properties":{"id":102241,"nach":0.47964346785560452},"geometry":{"type":"LineString","coordinates":[[-0.6978006,52.0431873],[-0.6979699,52.0433168]]}},
{"type":"Feature","properties":{"id":102242,"nach":0.58100154920815206},"geometry":{"type":"LineString","coordinates":[[-0.6977913,52.0433942],[-0.6976836,52.0434495]]}},
{"type":"Feature","properties":{"id":102245,"nach":0.47670815422015755},"geometry":{"type":"LineString","coordinates":[[-0.6976363,52.0432676],[-0.6977913,52.0433942]]}},
{"type":"Feature","properties":{"id":111337,"nach":0.48312984546799048},"geometry":{"type":"LineString","coordinates":[[-0.6982136,52.0436996],[-0.6981171,52.0436715],[-0.6980608,52.0437012],[-0.6979883,52.0437227],[-0.6978543,52.0437605]]}},
{"type":"Feature","properties":{"id":102246,"nach":0.54583126326843612},"geometry":{"type":"LineString","coordinates":[[-0.6975972,52.043491500000023],[-0.6976836,52.0434495]]}},
{"type":"Feature","properties":{"id":102253,"nach":0.47430692426125559},"geometry":{"type":"LineString","coordinates":[[-0.6978273,52.0435777],[-0.6977837,52.043537200000017],[-0.6976836,52.0434495]]}},
{"type":"Feature","properties":{"id":102249,"nach":0.47238238222853762},"geometry":{"type":"LineString","coordinates":[[-0.6974354,52.0433661],[-0.6975972,52.043491500000023]]}},
{"type":"Feature","properties":{"id":102250,"nach":0.47049029150644534},"geometry":{"type":"LineString","coordinates":[[-0.6972739,52.0434931],[-0.6974021,52.0435897],[-0.6975972,52.043491500000023]]}},
{"type":"Feature","properties":{"id":102252,"nach":0.0},"geometry":{"type":"LineString","coordinates":[[-0.6978273,52.0435777],[-0.697788,52.043617500000011],[-0.6978905,52.0436598],[-0.6979495,52.04364420000001],[-0.6979369,52.0435553],[-0.6978273,52.0435777]]}},
{"type":"Feature","properties":{"id":65693,"nach":0.54044649827093105},"geometry":{"type":"LineString","coordinates":[[-0.6980075,52.047599],[-0.6978231,52.0478343],[-0.6978229,52.0479404],[-0.6978955,52.0480128],[-0.6980863,52.0480902]]}},
{"type":"Feature","properties":{"id":130013,"nach":0.6720852884377142},"geometry":{"type":"LineString","coordinates":[[-0.6984219,52.0477365],[-0.6980075,52.047599]]}},
{"type":"Feature","properties":{"id":130008,"nach":0.4626554201793413},"geometry":{"type":"LineString","coordinates":[[-0.6977314,52.0483237],[-0.6978408,52.0483635],[-0.6980037,52.0481835],[-0.6980863,52.0480902]]}},
{"type":"Feature","properties":{"id":116975,"nach":0.46729812180502622},"geometry":{"type":"LineString","coordinates":[[-0.6982964,52.0478784],[-0.6981622,52.0480217],[-0.6980863,52.0480902]]}},
{"type":"Feature","properties":{"id":75438,"nach":0.40268027959774655},"geometry":{"type":"LineString","coordinates":[[-0.7064994,52.0486342],[-0.706362,52.0486307],[-0.7061754,52.0486267]]}},
{"type":"Feature","properties":{"id":138786,"nach":0.42423476553737055},"geometry":{"type":"LineString","coordinates":[[-0.7059398,52.0482699],[-0.7060322,52.0483713],[-0.7061204,52.0483966],[-0.7064034,52.0484161],[-0.7064922,52.0484669],[-0.7064994,52.0486342]]}},
{"type":"Feature","properties":{"id":90841,"nach":0.51454257754437993},"geometry":{"type":"LineString","coordinates":[[-0.7058688,52.0486183],[-0.7058661,52.0487211]]}},
{"type":"Feature","properties":{"id":138785,"nach":0.56626541315018686},"geometry":{"type":"LineString","coordinates":[[-0.7059398,52.0482699],[-0.7059697,52.0482025]]}},
{"type":"Feature","properties":{"id":49574,"nach":0.46254900324614423},"geometry":{"type":"LineString","coordinates":[[-0.6994316,52.0421175],[-0.6995934,52.0421507]]}},
{"type":"Feature","properties":{"id":49575,"nach":0.52963032944891353},"geometry":{"type":"LineString","coordinates":[[-0.6994316,52.0421175],[-0.6994225,52.041958]]}},
{"type":"Feature","properties":{"id":103316,"nach":0.45530361623611115},"geometry":{"type":"LineString","coordinates":[[-0.6991869,52.04191],[-0.6994225,52.041958]]}},
{"type":"Feature","properties":{"id":103317,"nach":0.45543576183157558},"geometry":{"type":"LineString","coordinates":[[-0.6993386,52.0418242],[-0.6994225,52.041958]]}},
{"type":"Feature","properties":{"id":96055,"nach":0.60308940377528764},"geometry":{"type":"LineString","coordinates":[[-0.7111402,52.0445747],[-0.7111414,52.044718],[-0.7111114,52.0448431]]}},
{"type":"Feature","properties":{"id":78270,"nach":0.49646721765816704},"geometry":{"type":"LineString","coordinates":[[-0.716104,52.0439732],[-0.7159788,52.0441848],[-0.7156594,52.0443211]]}},
{"type":"Feature","properties":{"id":90570,"nach":0.65855873500442752},"geometry":{"type":"LineString","coordinates":[[-0.7158893,52.0439164],[-0.7159792,52.0439497],[-0.716104,52.0439732]]}},
{"type":"Feature","properties":{"id":54102,"nach":0.39547351245684975},"geometry":{"type":"LineString","coordinates":[[-0.7162917,52.0444716],[-0.7160655,52.0444536],[-0.7159791,52.0444516],[-0.7158283,52.0444665],[-0.7157697,52.0444249],[-0.7156594,52.0443211]]}},
{"type":"Feature","properties":{"id":71805,"nach":0.59655040229386047},"geometry":{"type":"LineString","coordinates":[[-0.7161313,52.0449334],[-0.7161971,52.044830100000013],[-0.7162382,52.0447335],[-0.7162917,52.0444716]]}},
{"type":"Feature","properties":{"id":49594,"nach":0.464824360077292},"geometry":{"type":"LineString","coordinates":[[-0.7130415,52.0436046],[-0.7131625,52.0434808]]}},
{"type":"Feature","properties":{"id":102449,"nach":0.5517761320440614},"geometry":{"type":"LineString","coordinates":[[-0.7146011,52.0439205],[-0.7146151,52.043989100000012],[-0.7147559,52.0440166],[-0.7148704,52.0440306],[-0.7149693,52.0440485],[-0.7150837,52.0440852],[-0.7151556,52.0441302]]}},
{"type":"Feature","properties":{"id":102451,"nach":0.46273621839757395},"geometry":{"type":"LineString","coordinates":[[-0.7145922,52.043854099999983],[-0.7146011,52.0439205]]}},
{"type":"Feature","properties":{"id":97920,"nach":0.46292187794221112},"geometry":{"type":"LineString","coordinates":[[-0.7155854,52.0442645],[-0.7156594,52.0443211]]}},
{"type":"Feature","properties":{"id":49626,"nach":0.62213886160329646},"geometry":{"type":"LineString","coordinates":[[-0.7160755,52.0449555],[-0.7159932,52.0449716]]}},
{"type":"Feature","properties":{"id":54100,"nach":0.57047095481585497},"geometry":{"type":"LineString","coordinates":[[-0.7158099,52.0449026],[-0.7159362,52.044965500000018],[-0.7159932,52.0449716]]}},
{"type":"Feature","properties":{"id":54097,"nach":0.57925701195435941},"geometry":{"type":"LineString","coordinates":[[-0.7158548,52.0450785],[-0.715924,52.0450233],[-0.7159932,52.0449716]]}},
{"type":"Feature","properties":{"id":71804,"nach":0.60797079378880026},"geometry":{"type":"LineString","coordinates":[[-0.7161313,52.0449334],[-0.7160755,52.0449555]]}},
{"type":"Feature","properties":{"id":54101,"nach":0.61013864769176718},"geometry":{"type":"LineString","coordinates":[[-0.7158099,52.0449026],[-0.7157064,52.0448539],[-0.7155791,52.0447971],[-0.7154815,52.0447535],[-0.7154135,52.0447231],[-0.7152566,52.044668299999977],[-0.7151797,52.044641499999983],[-0.7151167,52.0446251],[-0.7150469,52.0446069],[-0.7148449,52.044554]]}},
{"type":"Feature","properties":{"id":54099,"nach":0.55434411872591471},"geometry":{"type":"LineString","coordinates":[[-0.7158099,52.0449026],[-0.7158548,52.0450785]]}},
{"type":"Feature","properties":{"id":54098,"nach":0.60964550701371234},"geometry":{"type":"LineString","coordinates":[[-0.7158548,52.0450785],[-0.7157464,52.0451545],[-0.7155649,52.0453212],[-0.715434,52.0454765],[-0.7153346,52.0456319],[-0.7152111,52.045730799999987]]}},
{"type":"Feature","properties":{"id":137256,"nach":0.65807259807024576},"geometry":{"type":"LineString","coordinates":[[-0.7148795,52.044464],[-0.7148449,52.044554]]}},
{"type":"Feature","properties":{"id":78502,"nach":0.66549792799360385},"geometry":{"type":"LineString","coordinates":[[-0.7139589,52.0444296],[-0.714192,52.0444454],[-0.7144146,52.0444704],[-0.7145715,52.0444948],[-0.7146168,52.0445034],[-0.7148449,52.044554]]}},
{"type":"Feature","properties":{"id":137258,"nach":0.66341187378937472},"geometry":{"type":"LineString","coordinates":[[-0.7148795,52.044464],[-0.7149087,52.0443878],[-0.7149329,52.0443218],[-0.714977,52.0442623],[-0.7151556,52.0441302]]}},
{"type":"Feature","properties":{"id":137257,"nach":0.46427367029934774},"geometry":{"type":"LineString","coordinates":[[-0.7148795,52.044464],[-0.7152205,52.0445348]]}},
{"type":"Feature","properties":{"id":78837,"nach":0.58011946545507009},"geometry":{"type":"LineString","coordinates":[[-0.7130657,52.0443567],[-0.7134852,52.0444034],[-0.7139589,52.0444296]]}},
{"type":"Feature","properties":{"id":78267,"nach":0.52964810011090591},"geometry":{"type":"LineString","coordinates":[[-0.7157815,52.0438917],[-0.7157262,52.0439179],[-0.7156458,52.0439356],[-0.7155606,52.0439344],[-0.7154678,52.0439105],[-0.7154091,52.0438914]]}},
{"type":"Feature","properties":{"id":110472,"nach":0.64383308913648074},"geometry":{"type":"LineString","coordinates":[[-0.7154091,52.0438914],[-0.7153291,52.043956799999989]]}},
{"type":"Feature","properties":{"id":92185,"nach":0.68241650205158211},"geometry":{"type":"LineString","coordinates":[[-0.7156569,52.0436086],[-0.715612,52.0435857]]}},
{"type":"Feature","properties":{"id":102197,"nach":0.63316985914701196},"geometry":{"type":"LineString","coordinates":[[-0.7158411,52.0436903],[-0.715778,52.043654],[-0.7157055,52.04362660000001],[-0.7156569,52.0436086]]}},
{"type":"Feature","properties":{"id":102195,"nach":0.5029857111447954},"geometry":{"type":"LineString","coordinates":[[-0.7158411,52.0436903],[-0.7157885,52.0437508]]}},
{"type":"Feature","properties":{"id":96071,"nach":0.47589205525532519},"geometry":{"type":"LineString","coordinates":[[-0.7157885,52.0437508],[-0.7158199,52.0437844],[-0.7158261,52.0438265],[-0.71581,52.043864100000022],[-0.7157815,52.0438917]]}},
{"type":"Feature","properties":{"id":71806,"nach":0.49314565882846989},"geometry":{"type":"LineString","coordinates":[[-0.7161313,52.0449334],[-0.7161623,52.0449508],[-0.7162423,52.0450179],[-0.716291,52.0450588],[-0.7164452,52.0451273],[-0.7166933,52.0451677],[-0.7168193,52.0451686],[-0.7176739,52.0448591],[-0.7184356,52.0445324],[-0.7187361,52.04438720000001],[-0.7188648,52.0443048],[-0.7189309,52.0442873],[-0.7190043,52.0442883],[-0.7192316,52.0443413]]}},
{"type":"Feature","properties":{"id":124851,"nach":0.45424986781106907},"geometry":{"type":"LineString","coordinates":[[-0.7153275,52.0443805],[-0.715414,52.0444204],[-0.7154954,52.0444935],[-0.7155936,52.0445878],[-0.7157732,52.0447661],[-0.7159035,52.0448416],[-0.7161313,52.0449334]]}},
{"type":"Feature","properties":{"id":97786,"nach":0.56947004457661565},"geometry":{"type":"LineString","coordinates":[[-0.7045287,52.0464412],[-0.7045821,52.0463355],[-0.7046611,52.046252],[-0.7048232,52.046163],[-0.7050004,52.0460969],[-0.7051516,52.0460473],[-0.7052962,52.046008800000017],[-0.7054663,52.045973600000011]]}},
{"type":"Feature","properties":{"id":137228,"nach":0.44132348685012529},"geometry":{"type":"LineString","coordinates":[[-0.7060345,52.046746],[-0.7059608,52.0466421],[-0.7056871,52.046284300000011],[-0.7054663,52.045973600000011]]}},
{"type":"Feature","properties":{"id":97784,"nach":0.59923125409945843},"geometry":{"type":"LineString","coordinates":[[-0.7045287,52.0464412],[-0.7044746,52.0464411]]}},
{"type":"Feature","properties":{"id":125509,"nach":0.52273186843029396},"geometry":{"type":"LineString","coordinates":[[-0.7059821,52.0467607],[-0.7058979,52.0467103],[-0.7058675,52.0466957],[-0.7055924,52.0466],[-0.7052775,52.0465221],[-0.7049373,52.0464553],[-0.7046839,52.0464464],[-0.7045287,52.0464412]]}},
{"type":"Feature","properties":{"id":137227,"nach":0.60664528310430577},"geometry":{"type":"LineString","coordinates":[[-0.7060345,52.046746],[-0.7059821,52.0467607]]}},
{"type":"Feature","properties":{"id":137226,"nach":0.59744515186467106},"geometry":{"type":"LineString","coordinates":[[-0.7060345,52.046746],[-0.70633,52.0466629]]}},
{"type":"Feature","properties":{"id":97819,"nach":0.43604440488098078},"geometry":{"type":"LineString","coordinates":[[-0.7139984,52.0455631],[-0.7138927,52.045669],[-0.7137031,52.0457786]]}},
{"type":"Feature","properties":{"id":97440,"nach":0.43386491636508601},"geometry":{"type":"LineString","coordinates":[[-0.7132675,52.046056],[-0.7134504,52.0459403],[-0.7137031,52.0457786]]}},
{"type":"Feature","properties":{"id":97606,"nach":0.5256209397079521},"geometry":{"type":"LineString","coordinates":[[-0.7005615,52.0412524],[-0.7006787,52.0412222]]}},
{"type":"Feature","properties":{"id":49661,"nach":0.45387625445085555},"geometry":{"type":"LineString","coordinates":[[-0.7009327,52.0411931],[-0.7006787,52.0412222]]}},
{"type":"Feature","properties":{"id":97609,"nach":0.4524708340696415},"geometry":{"type":"LineString","coordinates":[[-0.7005804,52.0413697],[-0.7005615,52.0412524]]}},
{"type":"Feature","properties":{"id":97610,"nach":0.45136205915617894},"geometry":{"type":"LineString","coordinates":[[-0.7003007,52.0412823],[-0.7005153,52.0412559],[-0.7005615,52.0412524]]}},
{"type":"Feature","properties":{"id":98779,"nach":0.45436977988800537},"geometry":{"type":"LineString","coordinates":[[-0.6998577,52.0413439],[-0.6996214,52.0413989],[-0.6995617,52.0413128]]}},
{"type":"Feature","properties":{"id":91849,"nach":0.45423421776682477},"geometry":{"type":"LineString","coordinates":[[-0.6991538,52.041381],[-0.6993121,52.041364499999986],[-0.6995617,52.0413128]]}},
{"type":"Feature","properties":{"id":91170,"nach":0.59388954863309196},"geometry":{"type":"LineString","coordinates":[[-0.704962,52.0424911],[-0.7049174,52.0424119]]}},
{"type":"Feature","properties":{"id":50469,"nach":0.0},"geometry":{"type":"LineString","coordinates":[[-0.7050958,52.0421939],[-0.705176,52.0422265],[-0.7052015,52.042271],[-0.7051815,52.042304900000012],[-0.7051033,52.0423475],[-0.7049174,52.0424119]]}},
{"type":"Feature","properties":{"id":112059,"nach":0.55964830698028922},"geometry":{"type":"LineString","coordinates":[[-0.7051878,52.0420722],[-0.7051198,52.0421059],[-0.7050958,52.0421939]]}},
{"type":"Feature","properties":{"id":124095,"nach":0.6192193887092905},"geometry":{"type":"LineString","coordinates":[[-0.7059479,52.043317],[-0.705933,52.0432928],[-0.7059169,52.0432732],[-0.7058894,52.0432395],[-0.705841,52.0431994],[-0.7055906,52.0430113],[-0.7055337,52.0429686],[-0.705229,52.0427404],[-0.7051118,52.0426571],[-0.7050709,52.0426269],[-0.7050445,52.0426029],[-0.7050203,52.0425744],[-0.705009,52.0425584],[-0.704962,52.0424911]]}},
{"type":"Feature","properties":{"id":112060,"nach":0.53274368241440018},"geometry":{"type":"LineString","coordinates":[[-0.7051878,52.0420722],[-0.7051097,52.0418929],[-0.7056107,52.0416158],[-0.7057905,52.0416146]]}},
{"type":"Feature","properties":{"id":112058,"nach":0.46220793266956861},"geometry":{"type":"LineString","coordinates":[[-0.7051878,52.0420722],[-0.7053531,52.0420317]]}},
{"type":"Feature","properties":{"id":50484,"nach":0.50377964798589558},"geometry":{"type":"LineString","coordinates":[[-0.7009908,52.0446113],[-0.7009982,52.0445936],[-0.7009976,52.0445754],[-0.7009892,52.0445579],[-0.7009736,52.0445424],[-0.7009519,52.0445301],[-0.7009256,52.044521700000011],[-0.7008966,52.0445179],[-0.700867,52.0445189],[-0.700839,52.0445248],[-0.7008144,52.044535]]}},
{"type":"Feature","properties":{"id":50482,"nach":0.45451294895288152},"geometry":{"type":"LineString","coordinates":[[-0.7009908,52.0446113],[-0.7010858,52.0446149],[-0.7011408,52.0446097],[-0.701192,52.0446035],[-0.7012409,52.044594],[-0.7013628,52.044550799999989]]}},
{"type":"Feature","properties":{"id":50499,"nach":0.65735864571238911},"geometry":{"type":"LineString","coordinates":[[-0.6980954,52.0501023],[-0.697962,52.0501856],[-0.6978092,52.0502524],[-0.6975208,52.0503684]]}},
{"type":"Feature","properties":{"id":78865,"nach":0.60921037949789603},"geometry":{"type":"LineString","coordinates":[[-0.6984479,52.0498957],[-0.6984408,52.0499168],[-0.6982383,52.0500141],[-0.6980954,52.0501023]]}},
{"type":"Feature","properties":{"id":63869,"nach":0.54506673010885276},"geometry":{"type":"LineString","coordinates":[[-0.6996627,52.0515751],[-0.6991738,52.051292599999989],[-0.699088,52.0512514],[-0.6990122,52.0512163],[-0.6989459,52.0511706],[-0.6988989,52.051124],[-0.6988674,52.0510786],[-0.698803,52.0509248],[-0.6987789,52.050851],[-0.6987581,52.0508184],[-0.6986428,52.0507462],[-0.6984959,52.0506625],[-0.6983511,52.0505549],[-0.6982914,52.0505025],[-0.6982518,52.0504572],[-0.698219,52.0504007],[-0.6981942,52.050333],[-0.6981908,52.050284],[-0.698192,52.0502287],[-0.6981861,52.0501879],[-0.69816,52.050152],[-0.6980954,52.0501023]]}},
{"type":"Feature","properties":{"id":78864,"nach":0.58392552045112922},"geometry":{"type":"LineString","coordinates":[[-0.6984479,52.0498957],[-0.6985118,52.0497063],[-0.6987908,52.0494555],[-0.7007464,52.0486436],[-0.7008481,52.0485528]]}},
{"type":"Feature","properties":{"id":78866,"nach":0.47402672689482206},"geometry":{"type":"LineString","coordinates":[[-0.6984479,52.0498957],[-0.6983988,52.0498851],[-0.6983237,52.0498389],[-0.6982861,52.0497861],[-0.6982806,52.0497317]]}},
{"type":"Feature","properties":{"id":78867,"nach":0.556288463422559},"geometry":{"type":"LineString","coordinates":[[-0.6987286,52.0499184],[-0.6984479,52.0498957]]}},
{"type":"Feature","properties":{"id":129966,"nach":0.56326194881475555},"geometry":{"type":"LineString","coordinates":[[-0.6999958,52.0473725],[-0.6999526,52.0474179]]}},
{"type":"Feature","properties":{"id":97480,"nach":0.6275520395734856},"geometry":{"type":"LineString","coordinates":[[-0.6995037,52.0473385],[-0.699448,52.0473601],[-0.699152,52.0476939]]}},
{"type":"Feature","properties":{"id":116137,"nach":0.58259120167364553},"geometry":{"type":"LineString","coordinates":[[-0.6999141,52.0474739],[-0.6998678,52.0474599],[-0.699584,52.0473755],[-0.6995037,52.0473385]]}},
{"type":"Feature","properties":{"id":97514,"nach":0.64185273503311202},"geometry":{"type":"LineString","coordinates":[[-0.699589,52.047254],[-0.699586,52.047219500000011],[-0.6998274,52.0469727]]}},
{"type":"Feature","properties":{"id":129965,"nach":0.59710607565611518},"geometry":{"type":"LineString","coordinates":[[-0.6999958,52.0473725],[-0.699589,52.047254]]}},
{"type":"Feature","properties":{"id":97502,"nach":0.44487827992092849},"geometry":{"type":"LineString","coordinates":[[-0.7004578,52.0469247],[-0.7001179,52.0470105],[-0.7000318,52.0470164],[-0.6999298,52.0470046],[-0.6998274,52.0469727]]}},
{"type":"Feature","properties":{"id":63833,"nach":0.0},"geometry":{"type":"LineString","coordinates":[[-0.6961497,52.0465168],[-0.6960371,52.04653],[-0.6959244,52.0465102],[-0.6958547,52.0464574],[-0.6956508,52.0462133],[-0.6954953,52.0460516],[-0.6952592,52.0459064],[-0.6948462,52.0456986],[-0.6946477,52.0455732],[-0.694578,52.0454742],[-0.6946155,52.0453621],[-0.6947456,52.0452311]]}},
{"type":"Feature","properties":{"id":52087,"nach":0.55160079663835326},"geometry":{"type":"LineString","coordinates":[[-0.7129549,52.0486831],[-0.7129594,52.0485785],[-0.7129929,52.048372599999986],[-0.7129932,52.0482032],[-0.7129917,52.0481436],[-0.7129316,52.0481033],[-0.712851,52.04803660000001],[-0.7128461,52.0479739],[-0.7128615,52.047892],[-0.7128884,52.0478305],[-0.7128641,52.0477272]]}},
{"type":"Feature","properties":{"id":52065,"nach":0.6784772481974104},"geometry":{"type":"LineString","coordinates":[[-0.7128641,52.0477272],[-0.713333171379255,52.047123208480144]]}},
{"type":"Feature","properties":{"id":52045,"nach":0.63827703202835762},"geometry":{"type":"LineString","coordinates":[[-0.7024892,52.0466377],[-0.7027405,52.0466994],[-0.7033835,52.0468561],[-0.7037187,52.0469409]]}},
{"type":"Feature","properties":{"id":100683,"nach":0.61338431247982861},"geometry":{"type":"LineString","coordinates":[[-0.700646122090999,52.046097460281857],[-0.7024892,52.0466377]]}},
{"type":"Feature","properties":{"id":66960,"nach":0.6262435819864014},"geometry":{"type":"LineString","coordinates":[[-0.7037187,52.0469409],[-0.7039623,52.0469514],[-0.7040643,52.046951],[-0.7041299,52.0469491],[-0.7041961,52.0469406],[-0.7042525,52.0469301],[-0.7043224,52.0469113],[-0.7043752,52.0468925]]}},
{"type":"Feature","properties":{"id":66961,"nach":0.51932514968802912},"geometry":{"type":"LineString","coordinates":[[-0.7037187,52.0469409],[-0.7039062,52.04699260000001],[-0.7041333,52.0470608],[-0.7043479,52.0471295],[-0.7044925,52.0471792]]}},
{"type":"Feature","properties":{"id":52085,"nach":0.5228776379664074},"geometry":{"type":"LineString","coordinates":[[-0.7129549,52.0486831],[-0.7128654,52.0486941],[-0.7127534,52.0487602]]}},
{"type":"Feature","properties":{"id":52073,"nach":0.57227315120465694},"geometry":{"type":"LineString","coordinates":[[-0.7128996,52.0467292],[-0.7130716,52.0467188],[-0.7131913,52.0467326],[-0.7133148,52.046786700000013]]}},
{"type":"Feature","properties":{"id":53488,"nach":0.57111638749797822},"geometry":{"type":"LineString","coordinates":[[-0.713167,52.04659],[-0.7132792,52.0466314],[-0.7133148,52.0466659],[-0.7133185,52.0467223],[-0.7133148,52.046786700000013]]}},
{"type":"Feature","properties":{"id":52065,"nach":0.6784772481974104},"geometry":{"type":"LineString","coordinates":[[-0.713329282808129,52.047340793977959],[-0.7133148,52.046786700000013]]}},
{"type":"Feature","properties":{"id":110498,"nach":0.39848797256224261},"geometry":{"type":"LineString","coordinates":[[-0.701404,52.045712899999984],[-0.7014639,52.0458003],[-0.7014823,52.0458895],[-0.7014696,52.045971],[-0.7014253,52.0460611],[-0.701325,52.0462013]]}},
{"type":"Feature","properties":{"id":84911,"nach":0.54125387924632584},"geometry":{"type":"LineString","coordinates":[[-0.7042717,52.046848],[-0.7042124,52.046822],[-0.7039662,52.0468138],[-0.7035544,52.0468028],[-0.7027717,52.0466146],[-0.701325,52.0462013]]}},
{"type":"Feature","properties":{"id":52069,"nach":0.68253934300153085},"geometry":{"type":"LineString","coordinates":[[-0.700716674242597,52.046026243864652],[-0.701325,52.0462013]]}},
{"type":"Feature","properties":{"id":119407,"nach":0.53434242706582125},"geometry":{"type":"LineString","coordinates":[[-0.702336,52.0459629],[-0.7020636,52.0458978],[-0.701893,52.0458053],[-0.7017202,52.0457428],[-0.701404,52.045712899999984]]}},
{"type":"Feature","properties":{"id":84909,"nach":0.59410538631216392},"geometry":{"type":"LineString","coordinates":[[-0.7042717,52.046848],[-0.7043752,52.0468925]]}},
{"type":"Feature","properties":{"id":84913,"nach":0.59982156520245633},"geometry":{"type":"LineString","coordinates":[[-0.7044658,52.0465736],[-0.7044565,52.0466213],[-0.7044378,52.046686],[-0.7044207,52.046719700000011],[-0.7043896,52.0467531],[-0.7043185,52.0468142],[-0.7042717,52.046848]]}},
{"type":"Feature","properties":{"id":54084,"nach":0.51293253316187248},"geometry":{"type":"LineString","coordinates":[[-0.7127668,52.0468615],[-0.7128996,52.0467292]]}},
{"type":"Feature","properties":{"id":53487,"nach":0.56703169796799002},"geometry":{"type":"LineString","coordinates":[[-0.713167,52.04659],[-0.7130193,52.0466613],[-0.7129601,52.0466949],[-0.7128996,52.0467292]]}},
{"type":"Feature","properties":{"id":54090,"nach":0.59785218633671366},"geometry":{"type":"LineString","coordinates":[[-0.7127538,52.0467317],[-0.7128323,52.0467326],[-0.7128996,52.0467292]]}},
{"type":"Feature","properties":{"id":54088,"nach":0.61477247767612253},"geometry":{"type":"LineString","coordinates":[[-0.7152111,52.045730799999987],[-0.7149063,52.0458194],[-0.7142536,52.0459942],[-0.7138927,52.0461138],[-0.7136776,52.0462162],[-0.7135167,52.0463071],[-0.7133279,52.0464842],[-0.7132293,52.046549],[-0.713167,52.04659]]}},
{"type":"Feature","properties":{"id":54085,"nach":0.50958103785271336},"geometry":{"type":"LineString","coordinates":[[-0.7127668,52.0468615],[-0.7127088,52.0468856],[-0.7126131,52.0469085],[-0.7115886,52.04709840000001]]}},
{"type":"Feature","properties":{"id":54092,"nach":0.39630016024836068},"geometry":{"type":"LineString","coordinates":[[-0.7127538,52.0467317],[-0.7127874,52.0467787],[-0.7127848,52.0468104],[-0.7127668,52.0468615]]}},
{"type":"Feature","properties":{"id":90559,"nach":0.66962101809776753},"geometry":{"type":"LineString","coordinates":[[-0.7153291,52.043956799999989],[-0.7151556,52.0441302]]}},
{"type":"Feature","properties":{"id":90571,"nach":0.5745807643696017},"geometry":{"type":"LineString","coordinates":[[-0.7158893,52.0439164],[-0.7158302,52.0439655],[-0.7157797,52.04399260000001],[-0.7157045,52.0440164],[-0.7156078,52.0440256],[-0.7155261,52.0440197],[-0.715436,52.0439949],[-0.7153291,52.043956799999989]]}},
{"type":"Feature","properties":{"id":56104,"nach":0.46155377612079468},"geometry":{"type":"LineString","coordinates":[[-0.7040742,52.042608],[-0.7042792,52.0425525]]}},
{"type":"Feature","properties":{"id":56110,"nach":0.58722086116106509},"geometry":{"type":"LineString","coordinates":[[-0.7043926,52.0426975],[-0.7042792,52.0425525]]}},
{"type":"Feature","properties":{"id":56109,"nach":0.46171763058445026},"geometry":{"type":"LineString","coordinates":[[-0.7043926,52.0426975],[-0.7041865,52.0427515]]}},
{"type":"Feature","properties":{"id":85167,"nach":0.57530670233913239},"geometry":{"type":"LineString","coordinates":[[-0.7046828,52.04309210000001],[-0.7043926,52.0426975]]}},
{"type":"Feature","properties":{"id":91214,"nach":0.44964071167813541},"geometry":{"type":"LineString","coordinates":[[-0.7037844,52.042945799999984],[-0.7034351,52.04311]]}},
{"type":"Feature","properties":{"id":104256,"nach":0.51758410284300294},"geometry":{"type":"LineString","coordinates":[[-0.7046259,52.0431066],[-0.7046828,52.04309210000001]]}},
{"type":"Feature","properties":{"id":63674,"nach":0.61303415736287037},"geometry":{"type":"LineString","coordinates":[[-0.7022108,52.0487063],[-0.7018968,52.0486374],[-0.7016178,52.048472399999987],[-0.7015099,52.0484537],[-0.701435,52.048451900000011],[-0.7013775,52.048481],[-0.7013369,52.0485268],[-0.7012879,52.0485694],[-0.7011967,52.0486016],[-0.7010713,52.0486474]]}},
{"type":"Feature","properties":{"id":77134,"nach":0.6936093594351751},"geometry":{"type":"LineString","coordinates":[[-0.7008481,52.0485528],[-0.7010519,52.0486352],[-0.7010713,52.0486474]]}},
{"type":"Feature","properties":{"id":127239,"nach":0.59056320792065364},"geometry":{"type":"LineString","coordinates":[[-0.7023643,52.0486047],[-0.7022108,52.0487063]]}},
{"type":"Feature","properties":{"id":77136,"nach":0.6945541938927885},"geometry":{"type":"LineString","coordinates":[[-0.7007488,52.0485181],[-0.7008481,52.0485528]]}},
{"type":"Feature","properties":{"id":127240,"nach":0.45960025908084812},"geometry":{"type":"LineString","coordinates":[[-0.7023643,52.0486047],[-0.7023458,52.0485919],[-0.7018926,52.0484954]]}},
{"type":"Feature","properties":{"id":127238,"nach":0.58712959202394088},"geometry":{"type":"LineString","coordinates":[[-0.7023643,52.0486047],[-0.702496,52.0486959]]}},
{"type":"Feature","properties":{"id":118049,"nach":0.52559328974870212},"geometry":{"type":"LineString","coordinates":[[-0.702496,52.0486959],[-0.7025644,52.0487718],[-0.7027294,52.0488666],[-0.7029144,52.0489243],[-0.7033141,52.048954],[-0.7038358,52.0490406],[-0.7042381,52.0490637]]}},
{"type":"Feature","properties":{"id":118052,"nach":0.56335853186401552},"geometry":{"type":"LineString","coordinates":[[-0.7048939,52.0487412],[-0.7046177,52.0489953],[-0.7044889,52.0490357],[-0.7042381,52.0490637]]}},
{"type":"Feature","properties":{"id":63693,"nach":0.4421019138733242},"geometry":{"type":"LineString","coordinates":[[-0.7023903,52.0490333],[-0.7026163,52.0491686]]}},
{"type":"Feature","properties":{"id":63694,"nach":0.44357981671490848},"geometry":{"type":"LineString","coordinates":[[-0.7028033,52.0492741],[-0.7026163,52.0491686]]}},
{"type":"Feature","properties":{"id":63685,"nach":0.51720659158811899},"geometry":{"type":"LineString","coordinates":[[-0.7023227,52.049354400000013],[-0.7026163,52.0491686]]}},
{"type":"Feature","properties":{"id":63692,"nach":0.55296600110126215},"geometry":{"type":"LineString","coordinates":[[-0.701673,52.048956],[-0.7017226,52.0490435],[-0.702106,52.049293899999988],[-0.7023227,52.049354400000013]]}},
{"type":"Feature","properties":{"id":63688,"nach":0.44469812390436536},"geometry":{"type":"LineString","coordinates":[[-0.702747,52.0496184],[-0.7023844,52.0494399],[-0.7023227,52.049354400000013]]}},
{"type":"Feature","properties":{"id":63881,"nach":0.58141255233202305},"geometry":{"type":"LineString","coordinates":[[-0.7013835,52.0489697],[-0.7015427,52.0489546],[-0.701673,52.048956]]}},
{"type":"Feature","properties":{"id":114675,"nach":0.63893177124750877},"geometry":{"type":"LineString","coordinates":[[-0.701459,52.0492333],[-0.7014496,52.0492143],[-0.7014119,52.0491078],[-0.7013835,52.0489697]]}},
{"type":"Feature","properties":{"id":63690,"nach":0.46471845998141803},"geometry":{"type":"LineString","coordinates":[[-0.701673,52.048956],[-0.7016853,52.0488967]]}},
{"type":"Feature","properties":{"id":63748,"nach":0.57178104653438944},"geometry":{"type":"LineString","coordinates":[[-0.699152,52.0476939],[-0.6993564,52.0477682],[-0.6992314,52.047906500000011]]}},
{"type":"Feature","properties":{"id":97472,"nach":0.58264566064060075},"geometry":{"type":"LineString","coordinates":[[-0.7004423,52.048230099999984],[-0.6998926,52.0481369]]}},
{"type":"Feature","properties":{"id":97473,"nach":0.57495058227955842},"geometry":{"type":"LineString","coordinates":[[-0.7004423,52.048230099999984],[-0.7007497,52.0482864]]}},
{"type":"Feature","properties":{"id":97475,"nach":0.62097645806698132},"geometry":{"type":"LineString","coordinates":[[-0.7004423,52.048230099999984],[-0.7004211,52.0482904]]}},
{"type":"Feature","properties":{"id":97483,"nach":0.62004559520947633},"geometry":{"type":"LineString","coordinates":[[-0.7007184,52.04769970000001],[-0.7004423,52.048230099999984]]}},
{"type":"Feature","properties":{"id":63834,"nach":0.41621755919605319},"geometry":{"type":"LineString","coordinates":[[-0.6961497,52.0465168],[-0.6962356,52.04642770000001],[-0.6962705,52.04631590000001]]}},
{"type":"Feature","properties":{"id":114676,"nach":0.63350164398054665},"geometry":{"type":"LineString","coordinates":[[-0.701459,52.0492333],[-0.7015165,52.04934870000001],[-0.7016061,52.0494337],[-0.7017552,52.0495499],[-0.7019649,52.0497043],[-0.70210390000001,52.0497891],[-0.7022515,52.04985],[-0.7024517,52.0499231],[-0.7027101,52.050018399999985],[-0.7028764,52.0501074]]}},
{"type":"Feature","properties":{"id":114680,"nach":0.53060704269633141},"geometry":{"type":"LineString","coordinates":[[-0.7000889,52.0503828],[-0.700164,52.0503048],[-0.7003624,52.050154],[-0.7006216,52.049967299999985],[-0.7008481,52.0497936],[-0.701098,52.0495997],[-0.7012474,52.0494892],[-0.7013268,52.0494001],[-0.7013455,52.04931830000001],[-0.7014039,52.0492537],[-0.701459,52.0492333]]}},
{"type":"Feature","properties":{"id":130016,"nach":0.67280554982234886},"geometry":{"type":"LineString","coordinates":[[-0.6984219,52.0477365],[-0.6986741,52.047824599999984],[-0.6987738,52.0478262]]}},
{"type":"Feature","properties":{"id":130014,"nach":0.48321894614800898},"geometry":{"type":"LineString","coordinates":[[-0.6984219,52.0477365],[-0.6983243,52.0478377]]}},
{"type":"Feature","properties":{"id":85163,"nach":0.43171131092975373},"geometry":{"type":"LineString","coordinates":[[-0.7042725,52.03927980000001],[-0.7041877,52.03913690000001],[-0.7039856,52.0389469]]}},
{"type":"Feature","properties":{"id":87421,"nach":0.63230146555891698},"geometry":{"type":"LineString","coordinates":[[-0.702285,52.0389346],[-0.7021378,52.0390121]]}},
{"type":"Feature","properties":{"id":87417,"nach":0.6381662730977542},"geometry":{"type":"LineString","coordinates":[[-0.7020235,52.039097],[-0.7021378,52.0390121]]}},
{"type":"Feature","properties":{"id":108101,"nach":0.46798470614619758},"geometry":{"type":"LineString","coordinates":[[-0.7018825,52.0385966],[-0.7020845,52.0385556],[-0.70212,52.03864],[-0.701826,52.0388202],[-0.7021378,52.0390121]]}},
{"type":"Feature","properties":{"id":87425,"nach":0.48953111655690579},"geometry":{"type":"LineString","coordinates":[[-0.7022996,52.0391104],[-0.7023362,52.0390848],[-0.7023642,52.039058500000017],[-0.702375,52.0390238],[-0.7023624,52.0389898],[-0.7023371,52.038962100000013],[-0.702285,52.0389346]]}},
{"type":"Feature","properties":{"id":97359,"nach":0.65929936284452906},"geometry":{"type":"LineString","coordinates":[[-0.7017824,52.0392736],[-0.7020235,52.039097]]}},
{"type":"Feature","properties":{"id":87424,"nach":0.57493953298289135},"geometry":{"type":"LineString","coordinates":[[-0.7022996,52.0391104],[-0.7022515,52.0391288],[-0.7021872,52.0391383],[-0.7021336,52.0391316],[-0.7020235,52.039097]]}},
{"type":"Feature","properties":{"id":129865,"nach":0.63280375122775667},"geometry":{"type":"LineString","coordinates":[[-0.7186913,52.0430265],[-0.7185246,52.0432407]]}},
{"type":"Feature","properties":{"id":90453,"nach":0.54785462870705071},"geometry":{"type":"LineString","coordinates":[[-0.7164642,52.0425282],[-0.7167242,52.0426226],[-0.7171156,52.0427565],[-0.7172996,52.042812],[-0.7173437,52.0428144],[-0.7175011,52.0427189]]}},
{"type":"Feature","properties":{"id":78504,"nach":0.58183193183167048},"geometry":{"type":"LineString","coordinates":[[-0.7121502,52.0438685],[-0.712724,52.043875]]}},
{"type":"Feature","properties":{"id":102177,"nach":0.56984969929352058},"geometry":{"type":"LineString","coordinates":[[-0.7022197,52.0397239],[-0.7022425,52.0398186]]}},
{"type":"Feature","properties":{"id":102180,"nach":0.47886983869678706},"geometry":{"type":"LineString","coordinates":[[-0.7022197,52.0397239],[-0.7022166,52.0396556],[-0.7022174,52.0395865],[-0.7023207,52.0395214]]}},
{"type":"Feature","properties":{"id":96039,"nach":0.48888680064078621},"geometry":{"type":"LineString","coordinates":[[-0.7011723,52.0394985],[-0.7013775,52.0396]]}},
{"type":"Feature","properties":{"id":97360,"nach":0.66337263061417906},"geometry":{"type":"LineString","coordinates":[[-0.7017824,52.0392736],[-0.7015562,52.0394538],[-0.7013775,52.0396]]}},
{"type":"Feature","properties":{"id":102181,"nach":0.48922132448530853},"geometry":{"type":"LineString","coordinates":[[-0.7015102,52.0396844],[-0.7014637,52.0396305],[-0.7013775,52.0396]]}},
{"type":"Feature","properties":{"id":72659,"nach":0.44486017274899947},"geometry":{"type":"LineString","coordinates":[[-0.7152015,52.0426841],[-0.7149063,52.042512800000011],[-0.7145461,52.0423654]]}},
{"type":"Feature","properties":{"id":72658,"nach":0.45190132750667616},"geometry":{"type":"LineString","coordinates":[[-0.7152015,52.0426841],[-0.7155012,52.0428172]]}},
{"type":"Feature","properties":{"id":72660,"nach":0.52506268236603526},"geometry":{"type":"LineString","coordinates":[[-0.7152015,52.0426841],[-0.7148197,52.0430781],[-0.7146442,52.0431115]]}},
{"type":"Feature","properties":{"id":96077,"nach":0.44963484330209341},"geometry":{"type":"LineString","coordinates":[[-0.7163208,52.0431485],[-0.7168589,52.043308],[-0.7170781,52.0433948],[-0.7171746,52.0434674],[-0.717178,52.043499],[-0.7171153,52.0436116],[-0.7169914,52.0437114],[-0.7168259,52.0437973],[-0.7165041,52.0438897]]}},
{"type":"Feature","properties":{"id":96075,"nach":0.53562630894603613},"geometry":{"type":"LineString","coordinates":[[-0.7163208,52.0431485],[-0.7160619,52.0430711]]}},
{"type":"Feature","properties":{"id":96078,"nach":0.46611819073805272},"geometry":{"type":"LineString","coordinates":[[-0.7160871,52.0434159],[-0.7163208,52.0431485]]}},
{"type":"Feature","properties":{"id":102198,"nach":0.54583221252062497},"geometry":{"type":"LineString","coordinates":[[-0.7158918,52.0431505],[-0.7159827,52.0430482]]}},
{"type":"Feature","properties":{"id":90563,"nach":0.66736038125684083},"geometry":{"type":"LineString","coordinates":[[-0.7160619,52.0430711],[-0.7159827,52.0430482]]}},
{"type":"Feature","properties":{"id":90452,"nach":0.72824203027412027},"geometry":{"type":"LineString","coordinates":[[-0.7159827,52.0430482],[-0.716390895705601,52.04260736638652]]}},
{"type":"Feature","properties":{"id":90452,"nach":0.72824203027412027},"geometry":{"type":"LineString","coordinates":[[-0.716390895705601,52.04260736638652],[-0.7164642,52.0425282]]}},
{"type":"Feature","properties":{"id":102210,"nach":0.53554295818561948},"geometry":{"type":"LineString","coordinates":[[-0.7155736,52.043507100000014],[-0.7158918,52.0431505]]}},
{"type":"Feature","properties":{"id":90567,"nach":0.6602300082037581},"geometry":{"type":"LineString","coordinates":[[-0.715612,52.0435857],[-0.7160619,52.0430711]]}},
{"type":"Feature","properties":{"id":96069,"nach":0.46236569863669891},"geometry":{"type":"LineString","coordinates":[[-0.7140907,52.0428865],[-0.7146058,52.04306870000002],[-0.7146442,52.0431115]]}},
{"type":"Feature","properties":{"id":78285,"nach":0.43204663087925732},"geometry":{"type":"LineString","coordinates":[[-0.7057905,52.0416146],[-0.7059462,52.041815199999988],[-0.7061366,52.0419713],[-0.7064337,52.0421966],[-0.7066108,52.0423468],[-0.7068526,52.0424073]]}},
{"type":"Feature","properties":{"id":78284,"nach":0.54396641643227628},"geometry":{"type":"LineString","coordinates":[[-0.7057905,52.0416146],[-0.7056347,52.0414338],[-0.7055829,52.04136840000001]]}},
{"type":"Feature","properties":{"id":86555,"nach":0.60268009339879636},"geometry":{"type":"LineString","coordinates":[[-0.7139759,52.0427129],[-0.7138645,52.0428649]]}},
{"type":"Feature","properties":{"id":74034,"nach":0.39465184647211426},"geometry":{"type":"LineString","coordinates":[[-0.7138645,52.0428649],[-0.7137006,52.0428081],[-0.7136068,52.0427439],[-0.7135856,52.042684]]}},
{"type":"Feature","properties":{"id":86553,"nach":0.48056346732813837},"geometry":{"type":"LineString","coordinates":[[-0.7135856,52.042684],[-0.7136369,52.0426372],[-0.7136953,52.042630699999989],[-0.7139759,52.0427129]]}},
{"type":"Feature","properties":{"id":75439,"nach":0.42674664751374441},"geometry":{"type":"LineString","coordinates":[[-0.7061754,52.0486267],[-0.706107,52.0485385],[-0.7059547,52.0484031],[-0.7059191,52.048333]]}},
{"type":"Feature","properties":{"id":90836,"nach":0.54672962207270792},"geometry":{"type":"LineString","coordinates":[[-0.7059191,52.048333],[-0.7059398,52.0482699]]}},
{"type":"Feature","properties":{"id":90840,"nach":0.51941218970556746},"geometry":{"type":"LineString","coordinates":[[-0.7058688,52.0486183],[-0.7059191,52.048333]]}},
{"type":"Feature","properties":{"id":76471,"nach":0.60086965379366253},"geometry":{"type":"LineString","coordinates":[[-0.708522560146747,52.048350081261191],[-0.723251,52.0472361]]}},
{"type":"Feature","properties":{"id":129954,"nach":0.48523692380656497},"geometry":{"type":"LineString","coordinates":[[-0.7010112,52.047699],[-0.7013804,52.0477734]]}},
{"type":"Feature","properties":{"id":129957,"nach":0.48063928713043319},"geometry":{"type":"LineString","coordinates":[[-0.7010408,52.047644400000017],[-0.7010112,52.047699]]}},
{"type":"Feature","properties":{"id":130018,"nach":0.58278364018135509},"geometry":{"type":"LineString","coordinates":[[-0.7003117,52.048721900000011],[-0.7007488,52.0485181]]}},
{"type":"Feature","properties":{"id":130020,"nach":0.56835855343128905},"geometry":{"type":"LineString","coordinates":[[-0.7003117,52.048721900000011],[-0.7000972,52.0488078],[-0.6996279,52.0489879]]}},
{"type":"Feature","properties":{"id":130021,"nach":0.46706055303068506},"geometry":{"type":"LineString","coordinates":[[-0.7001091,52.0485552],[-0.7003117,52.048721900000011]]}},
{"type":"Feature","properties":{"id":100456,"nach":0.55697150278845686},"geometry":{"type":"LineString","coordinates":[[-0.6988602,52.04931040000001],[-0.6996279,52.0489879]]}},
{"type":"Feature","properties":{"id":97455,"nach":0.5830979358226247},"geometry":{"type":"LineString","coordinates":[[-0.6991784,52.0487324],[-0.6993902,52.0488094],[-0.6994872,52.0488748],[-0.6996279,52.0489879]]}},
{"type":"Feature","properties":{"id":100457,"nach":0.54657192360736562},"geometry":{"type":"LineString","coordinates":[[-0.6988602,52.04931040000001],[-0.6985282,52.0494713],[-0.6983543,52.0496303],[-0.6982806,52.0497317]]}},
{"type":"Feature","properties":{"id":100459,"nach":0.4597067827241762},"geometry":{"type":"LineString","coordinates":[[-0.6988246,52.0488585],[-0.6987879,52.0490145],[-0.6986635,52.0491076],[-0.6987706,52.049218],[-0.6988602,52.04931040000001]]}},
{"type":"Feature","properties":{"id":97457,"nach":0.5850430135085205},"geometry":{"type":"LineString","coordinates":[[-0.6991784,52.0487324],[-0.6993672,52.0485594],[-0.6995037,52.0484913]]}},
{"type":"Feature","properties":{"id":77144,"nach":0.56922578997497586},"geometry":{"type":"LineString","coordinates":[[-0.6980834,52.049737500000013],[-0.698184,52.0497532],[-0.6982806,52.0497317]]}},
{"type":"Feature","properties":{"id":124839,"nach":0.60356637717655426},"geometry":{"type":"LineString","coordinates":[[-0.7073276,52.0465852],[-0.7071934,52.0464087]]}},
{"type":"Feature","properties":{"id":125512,"nach":0.53964166484149589},"geometry":{"type":"LineString","coordinates":[[-0.70633,52.0466629],[-0.7063993,52.0465718]]}},
{"type":"Feature","properties":{"id":99362,"nach":0.46887295650117683},"geometry":{"type":"LineString","coordinates":[[-0.7061118,52.0465136],[-0.7062937,52.046557300000018],[-0.7063993,52.0465718]]}},
{"type":"Feature","properties":{"id":125510,"nach":0.553349626299942},"geometry":{"type":"LineString","coordinates":[[-0.7059821,52.0467607],[-0.7060558,52.0468048],[-0.706606,52.047114199999989],[-0.7067435,52.0471833],[-0.7069172,52.04723],[-0.7071236,52.0472634],[-0.7073408,52.0472701],[-0.7075507,52.0472589],[-0.7077942,52.0472026]]}},
{"type":"Feature","properties":{"id":124840,"nach":0.56530296466681684},"geometry":{"type":"LineString","coordinates":[[-0.7073276,52.0465852],[-0.7075225,52.0468397],[-0.7077778,52.0471803],[-0.7077942,52.0472026]]}},
{"type":"Feature","properties":{"id":90569,"nach":0.54461850442714632},"geometry":{"type":"LineString","coordinates":[[-0.7158893,52.0439164],[-0.7157815,52.0438917]]}},
{"type":"Feature","properties":{"id":102196,"nach":0.61945355626247045},"geometry":{"type":"LineString","coordinates":[[-0.7158411,52.0436903],[-0.7158665,52.0437064],[-0.7159006,52.043746099999986],[-0.7159186,52.043787399999985],[-0.715932,52.0438203],[-0.7159308,52.0438555],[-0.7159143,52.0438922],[-0.7158977,52.0439083],[-0.7158893,52.0439164]]}},
{"type":"Feature","properties":{"id":78301,"nach":0.50557429042276281},"geometry":{"type":"LineString","coordinates":[[-0.7103161,52.0447928],[-0.7103079,52.0448458],[-0.7103139,52.04491130000001],[-0.710317,52.044951],[-0.7103032,52.0449795],[-0.7102677,52.0450032],[-0.7102215,52.0450126],[-0.7101537,52.0450117],[-0.7099596,52.0450079],[-0.7098241,52.0450098],[-0.7097516,52.0450212]]}},
{"type":"Feature","properties":{"id":78303,"nach":0.36641812855819184},"geometry":{"type":"LineString","coordinates":[[-0.7098009,52.0447634],[-0.7103161,52.0447928]]}},
{"type":"Feature","properties":{"id":78298,"nach":0.43584161416834205},"geometry":{"type":"LineString","coordinates":[[-0.7096556,52.04477030000001],[-0.7096869,52.044718899999985],[-0.7097116,52.044674799999989]]}},
{"type":"Feature","properties":{"id":78305,"nach":0.10670526888971064},"geometry":{"type":"LineString","coordinates":[[-0.7098009,52.0447634],[-0.7097618,52.0447373],[-0.7097315,52.0447079],[-0.7097116,52.044674799999989]]}},
{"type":"Feature","properties":{"id":78297,"nach":0.50908562563116733},"geometry":{"type":"LineString","coordinates":[[-0.7096556,52.04477030000001],[-0.7096112,52.0447868],[-0.7095879,52.044806199999989],[-0.7095545,52.0448516],[-0.7095483,52.0448762],[-0.7095637,52.044925500000012],[-0.7096068,52.0449634],[-0.7096592,52.0449899],[-0.7097516,52.0450212]]}},
{"type":"Feature","properties":{"id":78304,"nach":0.44646268669698214},"geometry":{"type":"LineString","coordinates":[[-0.7098009,52.0447634],[-0.7097147,52.0447634],[-0.7096556,52.04477030000001]]}},
{"type":"Feature","properties":{"id":130029,"nach":0.46087738651146232},"geometry":{"type":"LineString","coordinates":[[-0.7121517,52.0439298],[-0.7121502,52.0438685]]}},
{"type":"Feature","properties":{"id":78840,"nach":0.513135578665737},"geometry":{"type":"LineString","coordinates":[[-0.7128922,52.0443946],[-0.7129625,52.0443671],[-0.7130657,52.0443567]]}},
{"type":"Feature","properties":{"id":110481,"nach":0.44676328883496164},"geometry":{"type":"LineString","coordinates":[[-0.7060245,52.0434595],[-0.7064713,52.043397],[-0.7065474,52.04338090000001],[-0.7066168,52.0433552],[-0.7066812,52.0433129],[-0.7067262,52.0432668],[-0.7067597,52.0432047],[-0.7067699,52.043144],[-0.7067661,52.0430966],[-0.7067489,52.0430526],[-0.7067078,52.0430065],[-0.706535,52.0428779],[-0.7064849,52.0428387],[-0.7064419,52.0427991],[-0.7063159,52.0426209]]}},
{"type":"Feature","properties":{"id":124096,"nach":0.62326743808023111},"geometry":{"type":"LineString","coordinates":[[-0.7059479,52.043317],[-0.7059689,52.0433509],[-0.7060245,52.0434595]]}},
{"type":"Feature","properties":{"id":78833,"nach":0.60336015183157599},"geometry":{"type":"LineString","coordinates":[[-0.7043658,52.0392609],[-0.7042591,52.0389169]]}},
{"type":"Feature","properties":{"id":85165,"nach":0.45040435140314322},"geometry":{"type":"LineString","coordinates":[[-0.7044353,52.0392517],[-0.7043658,52.0392609]]}},
{"type":"Feature","properties":{"id":85162,"nach":0.61120122604880434},"geometry":{"type":"LineString","coordinates":[[-0.7042725,52.03927980000001],[-0.7043658,52.0392609]]}},
{"type":"Feature","properties":{"id":114678,"nach":0.51227674389595446},"geometry":{"type":"LineString","coordinates":[[-0.7000889,52.0503828],[-0.7000064,52.0503142],[-0.6998293,52.0502367],[-0.6996683,52.0501822],[-0.699467,52.0501145],[-0.6993381,52.0500452],[-0.6991744,52.0499676],[-0.699059,52.0499346],[-0.698898,52.0499231],[-0.6987286,52.0499184]]}},
{"type":"Feature","properties":{"id":97852,"nach":0.47164388000949836},"geometry":{"type":"LineString","coordinates":[[-0.6987519,52.0500265],[-0.6987822,52.0499716],[-0.6987286,52.0499184]]}},
{"type":"Feature","properties":{"id":110608,"nach":0.53317833561265804},"geometry":{"type":"LineString","coordinates":[[-0.7095083,52.0493705],[-0.7095332,52.0493369],[-0.7095813,52.0492914],[-0.7098938,52.049199],[-0.710163,52.049123]]}},
{"type":"Feature","properties":{"id":84834,"nach":0.68492027266138755},"geometry":{"type":"LineString","coordinates":[[-0.7166629,52.0423055],[-0.7167915,52.0422064],[-0.7174206,52.0419735]]}},
{"type":"Feature","properties":{"id":110324,"nach":0.46765105330997014},"geometry":{"type":"LineString","coordinates":[[-0.7131136,52.0427369],[-0.713057,52.042732]]}},
{"type":"Feature","properties":{"id":110330,"nach":0.51944395591612191},"geometry":{"type":"LineString","coordinates":[[-0.7132702,52.0425799],[-0.7131136,52.0427369]]}},
{"type":"Feature","properties":{"id":124026,"nach":0.46406590562282402},"geometry":{"type":"LineString","coordinates":[[-0.7020439,52.04555],[-0.7023158,52.0456903],[-0.7023889,52.0457953],[-0.702336,52.0459629]]}},
{"type":"Feature","properties":{"id":125513,"nach":0.57438712688383453},"geometry":{"type":"LineString","coordinates":[[-0.70633,52.0466629],[-0.7065412,52.0466167],[-0.7068452,52.046569],[-0.7071031,52.0466225],[-0.7073276,52.0465852]]}},
{"type":"Feature","properties":{"id":102256,"nach":0.55672474248280268},"geometry":{"type":"LineString","coordinates":[[-0.7023938,52.0451524],[-0.7024405,52.0451849],[-0.7024831,52.045210799999985],[-0.7026134,52.0452732],[-0.7027944,52.04531320000001],[-0.7029501,52.04538],[-0.7031383,52.0454602],[-0.7033156,52.045596],[-0.7034496,52.0457629],[-0.7035075,52.045901],[-0.7035292,52.0461169],[-0.7036016,52.0462215],[-0.7036849,52.0463017],[-0.7038514,52.0463707],[-0.7040685,52.0464286],[-0.7044746,52.0464411]]}},
{"type":"Feature","properties":{"id":102258,"nach":0.47096447337235176},"geometry":{"type":"LineString","coordinates":[[-0.7029317,52.0449588],[-0.7025025,52.0451116],[-0.7023938,52.0451524]]}},
{"type":"Feature","properties":{"id":85126,"nach":0.69376526924834814},"geometry":{"type":"LineString","coordinates":[[-0.6969863,52.0412915],[-0.6970467,52.0413491],[-0.6971284,52.04139210000001],[-0.6972218,52.0414223],[-0.6973479,52.0414367]]}},
{"type":"Feature","properties":{"id":85124,"nach":0.48795032141526234},"geometry":{"type":"LineString","coordinates":[[-0.6972475,52.0413275],[-0.6972919,52.0413476],[-0.6973479,52.0414367]]}},
{"type":"Feature","properties":{"id":85128,"nach":0.48796896938571677},"geometry":{"type":"LineString","coordinates":[[-0.6971098,52.0412701],[-0.6970831,52.0412708],[-0.6969863,52.0412915]]}},
{"type":"Feature","properties":{"id":104261,"nach":0.47829816263649894},"geometry":{"type":"LineString","coordinates":[[-0.7042124,52.0428859],[-0.7043689,52.0431619],[-0.7044136,52.0431694],[-0.7046259,52.0431066]]}},
{"type":"Feature","properties":{"id":120255,"nach":0.44312322056013659},"geometry":{"type":"LineString","coordinates":[[-0.711616,52.04264],[-0.71143,52.0426004],[-0.7113376,52.04259],[-0.7112066,52.0425805]]}},
{"type":"Feature","properties":{"id":120257,"nach":0.44713641119775954},"geometry":{"type":"LineString","coordinates":[[-0.7116222,52.042701],[-0.7116047,52.0426859],[-0.711616,52.04264]]}},
{"type":"Feature","properties":{"id":86564,"nach":0.48788127785335517},"geometry":{"type":"LineString","coordinates":[[-0.7136411,52.042127200000017],[-0.7137439,52.0421741],[-0.7137782,52.042192300000011],[-0.7139618,52.0422504]]}},
{"type":"Feature","properties":{"id":86568,"nach":0.45744827915193392},"geometry":{"type":"LineString","coordinates":[[-0.7133923,52.0420547],[-0.7134127,52.042033699999983],[-0.7136411,52.042127200000017]]}},
{"type":"Feature","properties":{"id":110329,"nach":0.41039350949028525},"geometry":{"type":"LineString","coordinates":[[-0.7133604,52.0424894],[-0.7134427,52.0424017],[-0.7136411,52.042127200000017]]}},
{"type":"Feature","properties":{"id":110331,"nach":0.48981189722500507},"geometry":{"type":"LineString","coordinates":[[-0.7132702,52.0425799],[-0.7133604,52.0424894]]}},
{"type":"Feature","properties":{"id":86569,"nach":0.45139620572820055},"geometry":{"type":"LineString","coordinates":[[-0.7129472,52.0418679],[-0.7133923,52.0420547]]}},
{"type":"Feature","properties":{"id":110332,"nach":0.45217078259185045},"geometry":{"type":"LineString","coordinates":[[-0.7132702,52.0425799],[-0.7131498,52.04245310000001],[-0.7132337,52.0422916],[-0.7133923,52.0420547]]}},
{"type":"Feature","properties":{"id":125331,"nach":0.6231478939460009},"geometry":{"type":"LineString","coordinates":[[-0.702401,52.0424578],[-0.7023851,52.04221780000001],[-0.7023671,52.0421082],[-0.7023294,52.0418927],[-0.7022336,52.0417138],[-0.7021927,52.041588],[-0.7021944,52.0415113],[-0.7021723,52.0414316]]}},
{"type":"Feature","properties":{"id":99850,"nach":0.6384231313215939},"geometry":{"type":"LineString","coordinates":[[-0.7014885,52.0400577],[-0.7012385,52.0402268]]}},
{"type":"Feature","properties":{"id":99853,"nach":0.48200209606095518},"geometry":{"type":"LineString","coordinates":[[-0.7016348,52.0401448],[-0.7014885,52.0400577]]}},
{"type":"Feature","properties":{"id":96248,"nach":0.55686583492509012},"geometry":{"type":"LineString","coordinates":[[-0.7024024,52.0414357],[-0.7021723,52.0414316]]}},
{"type":"Feature","properties":{"id":96086,"nach":0.53237641183330453},"geometry":{"type":"LineString","coordinates":[[-0.702025,52.04140670000001],[-0.7021723,52.0414316]]}},
{"type":"Feature","properties":{"id":96252,"nach":0.46059404045752078},"geometry":{"type":"LineString","coordinates":[[-0.702389,52.0413614],[-0.7024024,52.0414357]]}},
{"type":"Feature","properties":{"id":98276,"nach":0.45620533341539055},"geometry":{"type":"LineString","coordinates":[[-0.7023903,52.0417191],[-0.7024121,52.0415743],[-0.7023941,52.0414685],[-0.7024024,52.0414357]]}},
{"type":"Feature","properties":{"id":102700,"nach":0.45955563083416978},"geometry":{"type":"LineString","coordinates":[[-0.7018908,52.041403100000011],[-0.702025,52.04140670000001]]}},
{"type":"Feature","properties":{"id":102699,"nach":0.4578937540487551},"geometry":{"type":"LineString","coordinates":[[-0.7018254,52.041254],[-0.7018526,52.0413256],[-0.702025,52.04140670000001]]}},
{"type":"Feature","properties":{"id":97362,"nach":0.48091932710531865},"geometry":{"type":"LineString","coordinates":[[-0.7012915,52.039109500000016],[-0.701575,52.0391627],[-0.7017824,52.0392736]]}},
{"type":"Feature","properties":{"id":129857,"nach":0.72355513096185375},"geometry":{"type":"LineString","coordinates":[[-0.720627532289504,52.044029703399673],[-0.7185246,52.0432407]]}},
{"type":"Feature","properties":{"id":102194,"nach":0.54059812631181314},"geometry":{"type":"LineString","coordinates":[[-0.7158411,52.0436903],[-0.7158998,52.0436445]]}},
{"type":"Feature","properties":{"id":102215,"nach":0.46038095944627494},"geometry":{"type":"LineString","coordinates":[[-0.7154411,52.0434725],[-0.7155736,52.043507100000014]]}},
{"type":"Feature","properties":{"id":102217,"nach":0.46871292332592168},"geometry":{"type":"LineString","coordinates":[[-0.7151081,52.0434723],[-0.7151911,52.04345],[-0.7153423,52.04345],[-0.7154411,52.0434725]]}},
{"type":"Feature","properties":{"id":96056,"nach":0.45371118325076454},"geometry":{"type":"LineString","coordinates":[[-0.7112986,52.0445818],[-0.7111402,52.0445747]]}},
{"type":"Feature","properties":{"id":124097,"nach":0.46521853612721348},"geometry":{"type":"LineString","coordinates":[[-0.7059479,52.043317],[-0.7060399,52.0432965],[-0.7060698,52.0432845],[-0.7063086,52.0431223],[-0.7065159,52.0429745]]}},
{"type":"Feature","properties":{"id":91858,"nach":0.44552569156382477},"geometry":{"type":"LineString","coordinates":[[-0.7009751,52.0416763],[-0.7009414,52.041743]]}},
{"type":"Feature","properties":{"id":129948,"nach":0.44583453862049793},"geometry":{"type":"LineString","coordinates":[[-0.7008542,52.0417471],[-0.7009414,52.041743]]}},
{"type":"Feature","properties":{"id":94931,"nach":0.47489679197275547},"geometry":{"type":"LineString","coordinates":[[-0.7023077,52.03847360000001],[-0.7023596,52.0385898],[-0.702594,52.0387674]]}},
{"type":"Feature","properties":{"id":95061,"nach":0.54350183189905676},"geometry":{"type":"LineString","coordinates":[[-0.6994237,52.043179100000025],[-0.6992786,52.0432504]]}},
{"type":"Feature","properties":{"id":95063,"nach":0.46921301505479207},"geometry":{"type":"LineString","coordinates":[[-0.6994795,52.0430074],[-0.6994237,52.043179100000025]]}},
{"type":"Feature","properties":{"id":95064,"nach":0.46975451877917435},"geometry":{"type":"LineString","coordinates":[[-0.6995673,52.043287900000017],[-0.6994237,52.043179100000025]]}},
{"type":"Feature","properties":{"id":125350,"nach":0.46795813025700794},"geometry":{"type":"LineString","coordinates":[[-0.7033876,52.0405831],[-0.7032789,52.0406148]]}},
{"type":"Feature","properties":{"id":125352,"nach":0.56378092338939201},"geometry":{"type":"LineString","coordinates":[[-0.7033876,52.0405831],[-0.7034187,52.0406305],[-0.7035678,52.0408847],[-0.703625,52.040972]]}},
{"type":"Feature","properties":{"id":102219,"nach":0.46728473997607783},"geometry":{"type":"LineString","coordinates":[[-0.7156938,52.043571],[-0.7158998,52.0436445]]}},
{"type":"Feature","properties":{"id":102218,"nach":0.46540032257449021},"geometry":{"type":"LineString","coordinates":[[-0.7160759,52.0438435],[-0.7160353,52.0437455],[-0.7158998,52.0436445]]}},
{"type":"Feature","properties":{"id":97199,"nach":0.20168220244891685},"geometry":{"type":"LineString","coordinates":[[-0.700467,52.0495026],[-0.7004845,52.0495047],[-0.7006324,52.0495432],[-0.7007404,52.0495782]]}},
{"type":"Feature","properties":{"id":97369,"nach":0.48858699799345956},"geometry":{"type":"LineString","coordinates":[[-0.700495,52.0493692],[-0.700467,52.0495026]]}},
{"type":"Feature","properties":{"id":97195,"nach":0.43500444314861736},"geometry":{"type":"LineString","coordinates":[[-0.7007404,52.0495782],[-0.7007728,52.0495887],[-0.7012109,52.049184],[-0.7012507,52.0491373],[-0.7012204,52.0490638],[-0.7011483,52.0489565],[-0.7011217,52.0488924]]}},
{"type":"Feature","properties":{"id":97371,"nach":0.44130504641057094},"geometry":{"type":"LineString","coordinates":[[-0.7006977,52.0492756],[-0.700495,52.0493692]]}},
{"type":"Feature","properties":{"id":130017,"nach":0.47225701361946543},"geometry":{"type":"LineString","coordinates":[[-0.6997521,52.0485916],[-0.6995037,52.0484913]]}},
{"type":"Feature","properties":{"id":107932,"nach":0.44163241497558453},"geometry":{"type":"LineString","coordinates":[[-0.7007205,52.0483491],[-0.7007497,52.0482864]]}},
{"type":"Feature","properties":{"id":107933,"nach":0.53244181912816713},"geometry":{"type":"LineString","coordinates":[[-0.7007205,52.0483491],[-0.7006722,52.0484053],[-0.6998395,52.048258]]}},
{"type":"Feature","properties":{"id":107931,"nach":0.67222304433719526},"geometry":{"type":"LineString","coordinates":[[-0.7007205,52.0483491],[-0.7004211,52.0482904]]}},
{"type":"Feature","properties":{"id":107959,"nach":0.47667369825236688},"geometry":{"type":"LineString","coordinates":[[-0.6994174,52.048122500000012],[-0.699138,52.0480226]]}},
{"type":"Feature","properties":{"id":107962,"nach":0.46977863324784591},"geometry":{"type":"LineString","coordinates":[[-0.6994174,52.048122500000012],[-0.699191,52.0483639],[-0.698988,52.0482918],[-0.6989226,52.048352800000018]]}},
{"type":"Feature","properties":{"id":103363,"nach":0.45427710351469053},"geometry":{"type":"LineString","coordinates":[[-0.7010914,52.04806150000001],[-0.7011023,52.0480464],[-0.7012554,52.047840399999984],[-0.701249,52.047813],[-0.701198,52.0477914],[-0.7007184,52.04769970000001]]}},
{"type":"Feature","properties":{"id":116136,"nach":0.52328499724195543},"geometry":{"type":"LineString","coordinates":[[-0.6999141,52.0474739],[-0.7005026,52.0476521],[-0.7007184,52.04769970000001]]}},
{"type":"Feature","properties":{"id":116139,"nach":0.47361135931962622},"geometry":{"type":"LineString","coordinates":[[-0.6999928,52.0476732],[-0.6998048,52.0476244],[-0.6999141,52.0474739]]}},
{"type":"Feature","properties":{"id":103361,"nach":0.46910024309669635},"geometry":{"type":"LineString","coordinates":[[-0.7010914,52.04806150000001],[-0.7007902,52.04798310000001]]}},
{"type":"Feature","properties":{"id":129961,"nach":0.49280318909633186},"geometry":{"type":"LineString","coordinates":[[-0.700596,52.0470959],[-0.7005917,52.0470968],[-0.7004578,52.0469247]]}},
{"type":"Feature","properties":{"id":129960,"nach":0.47264565181138896},"geometry":{"type":"LineString","coordinates":[[-0.700596,52.0470959],[-0.7008063,52.0470485]]}},
{"type":"Feature","properties":{"id":129968,"nach":0.48880808378302976},"geometry":{"type":"LineString","coordinates":[[-0.6999958,52.0473725],[-0.7001229,52.0472387],[-0.7001813,52.0472253],[-0.7003103,52.0471732],[-0.700596,52.0470959]]}},
{"type":"Feature","properties":{"id":107922,"nach":0.47236538510575155},"geometry":{"type":"LineString","coordinates":[[-0.7017106,52.047268],[-0.7014097,52.0471698]]}},
{"type":"Feature","properties":{"id":129958,"nach":0.40749417883868733},"geometry":{"type":"LineString","coordinates":[[-0.7010408,52.047644400000017],[-0.7013013,52.0476971],[-0.701346,52.0476951],[-0.7013843,52.047673600000017],[-0.7017106,52.047268]]}},
{"type":"Feature","properties":{"id":129959,"nach":0.44486724499138497},"geometry":{"type":"LineString","coordinates":[[-0.7010408,52.047644400000017],[-0.7010649,52.0476],[-0.7010897,52.0475546],[-0.7011232,52.0474981],[-0.7012416,52.0473813],[-0.7013315,52.047265],[-0.7014097,52.0471698]]}},
{"type":"Feature","properties":{"id":97521,"nach":0.45862439058293891},"geometry":{"type":"LineString","coordinates":[[-0.7014736,52.04709290000001],[-0.7014097,52.0471698]]}},
{"type":"Feature","properties":{"id":97587,"nach":0.4692264083986965},"geometry":{"type":"LineString","coordinates":[[-0.6995658,52.0439991],[-0.6997278,52.0439457]]}},
{"type":"Feature","properties":{"id":97589,"nach":0.4699804800245283},"geometry":{"type":"LineString","coordinates":[[-0.6996714,52.0438808],[-0.6997278,52.0439457]]}},
{"type":"Feature","properties":{"id":97599,"nach":0.48229164542678465},"geometry":{"type":"LineString","coordinates":[[-0.6982611,52.0425866],[-0.6981914,52.0424827]]}},
{"type":"Feature","properties":{"id":97600,"nach":0.48137647886642387},"geometry":{"type":"LineString","coordinates":[[-0.6980573,52.042373],[-0.6981914,52.0424827]]}},
{"type":"Feature","properties":{"id":130006,"nach":0.47736177694097526},"geometry":{"type":"LineString","coordinates":[[-0.6970223,52.046849],[-0.6971696,52.0470575]]}},
{"type":"Feature","properties":{"id":130005,"nach":0.47869348066890244},"geometry":{"type":"LineString","coordinates":[[-0.6970223,52.046849],[-0.6969256,52.0467121]]}},
{"type":"Feature","properties":{"id":101460,"nach":0.38850107677882018},"geometry":{"type":"LineString","coordinates":[[-0.710634,52.0499887],[-0.7108641,52.0499322],[-0.7109352,52.0498717],[-0.7109405,52.0498086],[-0.7109189,52.0497556],[-0.710832,52.0496424],[-0.7107718,52.0496148]]}},
{"type":"Feature","properties":{"id":101470,"nach":0.0},"geometry":{"type":"LineString","coordinates":[[-0.7114544,52.0494577],[-0.7117254,52.0493995],[-0.711777,52.0494259],[-0.7118759,52.0495212],[-0.7117727,52.0495635],[-0.7116221,52.0496164],[-0.7114716,52.0496534],[-0.7113598,52.0496852],[-0.7113297,52.0496455],[-0.7113039,52.0496058],[-0.7112738,52.0495503],[-0.7113469,52.0495238],[-0.7114544,52.0494577]]}},
{"type":"Feature","properties":{"id":101476,"nach":0.46651384993822342},"geometry":{"type":"LineString","coordinates":[[-0.7098715,52.0486961],[-0.710163,52.049123]]}},
{"type":"Feature","properties":{"id":101484,"nach":0.47005539129631568},"geometry":{"type":"LineString","coordinates":[[-0.7100903,52.0486382],[-0.7103387,52.049023],[-0.7102745,52.0491172],[-0.710163,52.049123]]}},
{"type":"Feature","properties":{"id":101483,"nach":0.14630309927337456},"geometry":{"type":"LineString","coordinates":[[-0.7100903,52.0486382],[-0.7098715,52.0486961]]}},
{"type":"Feature","properties":{"id":101481,"nach":0.41070744690959005},"geometry":{"type":"LineString","coordinates":[[-0.7107637,52.0482558],[-0.7097459,52.0485475],[-0.7098151,52.0486539],[-0.7098715,52.0486961]]}},
{"type":"Feature","properties":{"id":101482,"nach":0.42050764131180246},"geometry":{"type":"LineString","coordinates":[[-0.7100903,52.0486382],[-0.7105894,52.048506]]}},
{"type":"Feature","properties":{"id":101480,"nach":0.0},"geometry":{"type":"LineString","coordinates":[[-0.7105894,52.048506],[-0.710739,52.0486842],[-0.7109415,52.0486326],[-0.710818,52.0484533],[-0.710709,52.0484743],[-0.7105894,52.048506]]}},
{"type":"Feature","properties":{"id":102208,"nach":0.46848423823021756},"geometry":{"type":"LineString","coordinates":[[-0.7154678,52.0430839],[-0.7155234,52.0430243]]}},
{"type":"Feature","properties":{"id":102209,"nach":0.46848423823021756},"geometry":{"type":"LineString","coordinates":[[-0.7155734,52.0429687],[-0.7155234,52.0430243]]}},
{"type":"Feature","properties":{"id":109041,"nach":0.48459579978062856},"geometry":{"type":"LineString","coordinates":[[-0.6977001,52.040673899999987],[-0.697549,52.040879]]}},
{"type":"Feature","properties":{"id":110700,"nach":0.56788142789254947},"geometry":{"type":"LineString","coordinates":[[-0.708281971988672,52.04918308584741],[-0.7078766,52.048675100000011]]}},
{"type":"Feature","properties":{"id":118044,"nach":0.4634799024499851},"geometry":{"type":"LineString","coordinates":[[-0.7024607,52.0476543],[-0.7021339,52.04775810000001],[-0.7020897,52.04782],[-0.7020628,52.0479429]]}},
{"type":"Feature","properties":{"id":118063,"nach":0.57915436384596786},"geometry":{"type":"LineString","coordinates":[[-0.7033376,52.0480422],[-0.7026731,52.047862199999983],[-0.7025745,52.0477857],[-0.7024607,52.0476543]]}},
{"type":"Feature","properties":{"id":116131,"nach":0.47017254620616256},"geometry":{"type":"LineString","coordinates":[[-0.7002542,52.047935],[-0.6999512,52.0478963]]}},
{"type":"Feature","properties":{"id":116132,"nach":0.47081237104414614},"geometry":{"type":"LineString","coordinates":[[-0.6997966,52.0477785],[-0.6998784,52.0478604],[-0.6999512,52.0478963]]}},
{"type":"Feature","properties":{"id":125171,"nach":0.48014988452576812},"geometry":{"type":"LineString","coordinates":[[-0.7020437,52.039879300000017],[-0.7020998,52.039998600000011]]}},
{"type":"Feature","properties":{"id":125176,"nach":0.45960605204989191},"geometry":{"type":"LineString","coordinates":[[-0.703625,52.040972],[-0.703599,52.040977200000015],[-0.7035476,52.0410181],[-0.7035161,52.0410633],[-0.703432,52.0410935],[-0.7032674,52.0411079],[-0.7032487,52.0410734]]}},
{"type":"Feature","properties":{"id":118028,"nach":0.45187451352180091},"geometry":{"type":"LineString","coordinates":[[-0.7030007,52.048399100000012],[-0.7028742,52.0483346],[-0.7023941,52.0482051]]}},
{"type":"Feature","properties":{"id":118050,"nach":0.5628918597182242},"geometry":{"type":"LineString","coordinates":[[-0.702496,52.0486959],[-0.7026315,52.048648],[-0.7030007,52.048399100000012]]}},
{"type":"Feature","properties":{"id":118059,"nach":0.55070930157742193},"geometry":{"type":"LineString","coordinates":[[-0.7031854,52.048328],[-0.7030486,52.048366799999989],[-0.7030007,52.048399100000012]]}},
{"type":"Feature","properties":{"id":118061,"nach":0.55935929010160212},"geometry":{"type":"LineString","coordinates":[[-0.7031854,52.048328],[-0.7032765,52.0483858],[-0.7037768,52.0485219],[-0.7039095,52.048525200000014],[-0.7040396,52.0484996]]}},
{"type":"Feature","properties":{"id":118064,"nach":0.56779623220131481},"geometry":{"type":"LineString","coordinates":[[-0.7033376,52.0480422],[-0.7032001,52.0482555],[-0.7031854,52.048328]]}},
{"type":"Feature","properties":{"id":118032,"nach":0.43942948529260956},"geometry":{"type":"LineString","coordinates":[[-0.7052688,52.0483206],[-0.7051434,52.0483177]]}},
{"type":"Feature","properties":{"id":118051,"nach":0.43816896413959272},"geometry":{"type":"LineString","coordinates":[[-0.7052761,52.048178300000011],[-0.7052688,52.0483206]]}},
{"type":"Feature","properties":{"id":118053,"nach":0.51265088588277796},"geometry":{"type":"LineString","coordinates":[[-0.7048939,52.0487412],[-0.7049811,52.0486802],[-0.7052346,52.0484938],[-0.7052694,52.0484328],[-0.7052688,52.0483206]]}},
{"type":"Feature","properties":{"id":118057,"nach":0.53445797647722504},"geometry":{"type":"LineString","coordinates":[[-0.7040396,52.0484996],[-0.7041268,52.0485103],[-0.7046042,52.04863240000001],[-0.7048939,52.0487412]]}},
{"type":"Feature","properties":{"id":118039,"nach":0.44675189106189445},"geometry":{"type":"LineString","coordinates":[[-0.7041956,52.0481859],[-0.7040289,52.0481383]]}},
{"type":"Feature","properties":{"id":118042,"nach":0.44691032523865148},"geometry":{"type":"LineString","coordinates":[[-0.7042703,52.0480839],[-0.7041956,52.0481859]]}},
{"type":"Feature","properties":{"id":118055,"nach":0.52052732797896006},"geometry":{"type":"LineString","coordinates":[[-0.7040396,52.0484996],[-0.7040356,52.04842210000001],[-0.7041956,52.0481859]]}},
{"type":"Feature","properties":{"id":127074,"nach":0.51497935273645323},"geometry":{"type":"LineString","coordinates":[[-0.7036,52.0476838],[-0.7033376,52.0480422]]}},
{"type":"Feature","properties":{"id":127075,"nach":0.42772181230919032},"geometry":{"type":"LineString","coordinates":[[-0.7036,52.0476838],[-0.7036474,52.0476191],[-0.7037057,52.047578700000017],[-0.703811,52.047556],[-0.7050126,52.0479395]]}},
{"type":"Feature","properties":{"id":127077,"nach":0.44278173452544578},"geometry":{"type":"LineString","coordinates":[[-0.7028997,52.0476391],[-0.7030204,52.0475582],[-0.7032376,52.0475797],[-0.7036,52.0476838]]}},
{"type":"Feature","properties":{"id":40994,"nach":0.68684171059932431},"geometry":{"type":"LineString","coordinates":[[-0.708522560146747,52.048350081261191],[-0.708447917415198,52.048252507796434]]}},
{"type":"Feature","properties":{"id":76471,"nach":0.60086965379366253},"geometry":{"type":"LineString","coordinates":[[-0.71333021825847,52.047288450999453],[-0.708522560146747,52.048350081261191]]}},
{"type":"Feature","properties":{"id":76471,"nach":0.60086965379366253},"geometry":{"type":"LineString","coordinates":[[-0.718762808021943,52.046885143559486],[-0.713631388683075,52.047239630417664]]}},
{"type":"Feature","properties":{"id":76471,"nach":0.60086965379366253},"geometry":{"type":"LineString","coordinates":[[-0.713631388683075,52.047239630417664],[-0.713594712796879,52.047245575727771]]}},
{"type":"Feature","properties":{"id":53321,"nach":0.58549761591187599},"geometry":{"type":"LineString","coordinates":[[-0.713628496183813,52.047296725519047],[-0.713631388683075,52.047239630417664]]}},
{"type":"Feature","properties":{"id":53321,"nach":0.58549761591187599},"geometry":{"type":"LineString","coordinates":[[-0.713631388683075,52.047239630417664],[-0.713640886991378,52.047076119585107]]}},
{"type":"Feature","properties":{"id":76471,"nach":0.60086965379366253},"geometry":{"type":"LineString","coordinates":[[-0.713594712796879,52.047245575727771],[-0.71333021825847,52.047288450999453]]}},
{"type":"Feature","properties":{"id":103479,"nach":0.54168810634473019},"geometry":{"type":"LineString","coordinates":[[-0.713596677621454,52.04730141191181],[-0.713594712796879,52.047245575727771]]}},
{"type":"Feature","properties":{"id":103479,"nach":0.54168810634473019},"geometry":{"type":"LineString","coordinates":[[-0.713594712796879,52.047245575727771],[-0.7135918000015,52.0470837517381]]}},
{"type":"Feature","properties":{"id":52065,"nach":0.6784772481974104},"geometry":{"type":"LineString","coordinates":[[-0.713333171379255,52.047123208480144],[-0.71333021825847,52.047288450999453]]}},
{"type":"Feature","properties":{"id":52065,"nach":0.6784772481974104},"geometry":{"type":"LineString","coordinates":[[-0.71333021825847,52.047288450999453],[-0.713329282808129,52.047340793977959]]}},
{"type":"Feature","properties":{"id":36759,"nach":0.59885679266086622},"geometry":{"type":"LineString","coordinates":[[-0.713640886991378,52.047076119585107],[-0.718773484117986,52.04672832306823]]}},
{"type":"Feature","properties":{"id":53327,"nach":0.62195141882162075},"geometry":{"type":"LineString","coordinates":[[-0.713628496183813,52.047296725519047],[-0.713596677621454,52.04730141191181]]}},
{"type":"Feature","properties":{"id":36759,"nach":0.59885679266086622},"geometry":{"type":"LineString","coordinates":[[-0.7135918000015,52.0470837517381],[-0.713640886991378,52.047076119585107]]}},
{"type":"Feature","properties":{"id":36759,"nach":0.59885679266086622},"geometry":{"type":"LineString","coordinates":[[-0.713333171379255,52.047123208480144],[-0.7135918000015,52.0470837517381]]}},
{"type":"Feature","properties":{"id":53327,"nach":0.62195141882162075},"geometry":{"type":"LineString","coordinates":[[-0.713596677621454,52.04730141191181],[-0.713329282808129,52.047340793977959]]}},
{"type":"Feature","properties":{"id":103479,"nach":0.54168810634473019},"geometry":{"type":"LineString","coordinates":[[-0.715477203487651,52.054525198388475],[-0.713596677621454,52.04730141191181]]}},
{"type":"Feature","properties":{"id":52039,"nach":0.60419824533742506},"geometry":{"type":"LineString","coordinates":[[-0.708281971988672,52.04918308584741],[-0.708142325159781,52.049246829229567]]}},
{"type":"Feature","properties":{"id":62737,"nach":0.67881170794654011},"geometry":{"type":"LineString","coordinates":[[-0.712719700249337,52.040832415950163],[-0.716319309047302,52.0425833214303]]}},
{"type":"Feature","properties":{"id":62737,"nach":0.67881170794654011},"geometry":{"type":"LineString","coordinates":[[-0.716319309047302,52.0425833214303],[-0.716390895705601,52.04260736638652]]}},
{"type":"Feature","properties":{"id":50502,"nach":0.69819461564695329},"geometry":{"type":"LineString","coordinates":[[-0.700430578658921,52.046193318518874],[-0.700555255579334,52.046064484302065]]}},
{"type":"Feature","properties":{"id":44681,"nach":0.68910004073052111},"geometry":{"type":"LineString","coordinates":[[-0.700518022628668,52.046226765102823],[-0.700430578658921,52.046193318518874]]}},
{"type":"Feature","properties":{"id":50502,"nach":0.69819461564695329},"geometry":{"type":"LineString","coordinates":[[-0.700555255579334,52.046064484302065],[-0.700624184519795,52.045993256559612]]}},
{"type":"Feature","properties":{"id":100683,"nach":0.61338431247982861},"geometry":{"type":"LineString","coordinates":[[-0.700555255579334,52.046064484302065],[-0.700646122090999,52.046097460281857]]}},
{"type":"Feature","properties":{"id":52069,"nach":0.68253934300153085},"geometry":{"type":"LineString","coordinates":[[-0.700624184519795,52.045993256559612],[-0.700716674242597,52.046026243864652]]}},
{"type":"Feature","properties":{"id":126154,"nach":0.74199856934981212},"geometry":{"type":"LineString","coordinates":[[-0.700716674242597,52.046026243864652],[-0.700646122090999,52.046097460281857]]}},
{"type":"Feature","properties":{"id":126154,"nach":0.74199856934981212},"geometry":{"type":"LineString","coordinates":[[-0.700646122090999,52.046097460281857],[-0.700518022628668,52.046226765102823]]}}
]
}
