{
"type": "FeatureCollection",
"name": "25a5b4660fec_visibility",
"crs": { "type": "name", "properties": { "name": "urn:ogc:def:crs:OGC:1.3:CRS84" } },
"features": [
{ "type": "Feature", "properties": { "visible_points": 5, "total_points": 73, "visibility_pct": 6.8493150684931505 }, "geometry": { "type": "Point", "coordinates": [ -0.725716209211989, 52.004514844603776 ] } },
{ "type": "Feature", "properties": { "visible_points": 0, "total_points": 77, "visibility_pct": 0.0 }, "geometry": { "type": "Point", "coordinates": [ -0.725514400423521, 52.004512662331408 ] } },
{ "type": "Feature", "properties": { "visible_points": 0, "total_points": 81, "visibility_pct": 0.0 }, "geometry": { "type": "Point", "coordinates": [ -0.72531259166272, 52.004510479713012 ] } },
{ "type": "Feature", "properties": { "visible_points": 0, "total_points": 83, "visibility_pct": 0.0 }, "geometry": { "type": "Point", "coordinates": [ -0.725110782929587, 52.004508296748575 ] } },
{ "type": "Feature", "properties": { "visible_points": 0, "total_points": 84, "visibility_pct": 0.0 }, "geometry": { "type": "Point", "coordinates": [ -0.724908974224131, 52.004506113438104 ] } },
{ "type": "Feature", "properties": { "visible_points": 5, "total_points": 85, "visibility_pct": 5.8823529411764701 }, "geometry": { "type": "Point", "coordinates": [ -0.724707165546353, 52.00450392978162 ] } },
{ "type": "Feature", "properties": { "visible_points": 8, "total_points": 83, "visibility_pct": 9.6385542168674707 }, "geometry": { "type": "Point", "coordinates": [ -0.724505356896259, 52.004501745779102 ] } },
{ "type": "Feature", "properties": { "visible_points": 12, "total_points": 81, "visibility_pct": 14.814814814814813 }, "geometry": { "type": "Point", "coordinates": [ -0.724303548273854, 52.004499561430549 ] } },
{ "type": "Feature", "properties": { "visible_points": 15, "total_points": 79, "visibility_pct": 18.9873417721519 }, "geometry": { "type": "Point", "coordinates": [ -0.724101739679138, 52.004497376735955 ] } },
{ "type": "Feature", "properties": { "visible_points": 4, "total_points": 81, "visibility_pct": 4.9382716049382713 }, "geometry": { "type": "Point", "coordinates": [ -0.725814051764717, 52.00462379929445 ] } },
{ "type": "Feature", "properties": { "visible_points": 0, "total_points": 86, "visibility_pct": 0.0 }, "geometry": { "type": "Point", "coordinates": [ -0.725612242428207, 52.004621617195248 ] } },
{ "type": "Feature", "properties": { "visible_points": 6, "total_points": 90, "visibility_pct": 6.666666666666667 }, "geometry": { "type": "Point", "coordinates": [ -0.725410433119363, 52.004619434750005 ] } },
{ "type": "Feature", "properties": { "visible_points": 7, "total_points": 93, "visibility_pct": 7.5268817204301079 }, "geometry": { "type": "Point", "coordinates": [ -0.72520862383818, 52.004617251958727 ] } },
{ "type": "Feature", "properties": { "visible_points": 2, "total_points": 95, "visibility_pct": 2.1052631578947367 }, "geometry": { "type": "Point", "coordinates": [ -0.725006814584676, 52.004615068821415 ] } },
{ "type": "Feature", "properties": { "visible_points": 2, "total_points": 96, "visibility_pct": 2.083333333333333 }, "geometry": { "type": "Point", "coordinates": [ -0.724805005358852, 52.004612885338091 ] } },
{ "type": "Feature", "properties": { "visible_points": 2, "total_points": 95, "visibility_pct": 2.1052631578947367 }, "geometry": { "type": "Point", "coordinates": [ -0.724603196160701, 52.00461070150871 ] } },
{ "type": "Feature", "properties": { "visible_points": 0, "total_points": 93, "visibility_pct": 0.0 }, "geometry": { "type": "Point", "coordinates": [ -0.72440138699024, 52.004608517333317 ] } },
{ "type": "Feature", "properties": { "visible_points": 1, "total_points": 91, "visibility_pct": 1.098901098901099 }, "geometry": { "type": "Point", "coordinates": [ -0.72419957784747, 52.004606332811889 ] } },
{ "type": "Feature", "properties": { "visible_points": 6, "total_points": 88, "visibility_pct": 6.8181818181818175 }, "geometry": { "type": "Point", "coordinates": [ -0.723997768732395, 52.004604147944427 ] } },
{ "type": "Feature", "properties": { "visible_points": 4, "total_points": 85, "visibility_pct": 4.7058823529411766 }, "geometry": { "type": "Point", "coordinates": [ -0.723795959645022, 52.004601962730924 ] } },
{ "type": "Feature", "properties": { "visible_points": 12, "total_points": 82, "visibility_pct": 14.634146341463413 }, "geometry": { "type": "Point", "coordinates": [ -0.723594150585349, 52.004599777171407 ] } },
{ "type": "Feature", "properties": { "visible_points": 13, "total_points": 78, "visibility_pct": 16.666666666666664 }, "geometry": { "type": "Point", "coordinates": [ -0.723392341553391, 52.004597591265842 ] } },
{ "type": "Feature", "properties": { "visible_points": 0, "total_points": 81, "visibility_pct": 0.0 }, "geometry": { "type": "Point", "coordinates": [ -0.726113704750027, 52.004734935476648 ] } },
{ "type": "Feature", "properties": { "visible_points": 4, "total_points": 88, "visibility_pct": 4.5454545454545459 }, "geometry": { "type": "Point", "coordinates": [ -0.725911894837814, 52.004732753896633 ] } },
{ "type": "Feature", "properties": { "visible_points": 0, "total_points": 94, "visibility_pct": 0.0 }, "geometry": { "type": "Point", "coordinates": [ -0.725710084953261, 52.00473057197059 ] } },
{ "type": "Feature", "properties": { "visible_points": 5, "total_points": 98, "visibility_pct": 5.1020408163265305 }, "geometry": { "type": "Point", "coordinates": [ -0.725508275096364, 52.004728389698499 ] } },
{ "type": "Feature", "properties": { "visible_points": 14, "total_points": 102, "visibility_pct": 13.725490196078432 }, "geometry": { "type": "Point", "coordinates": [ -0.725306465267145, 52.004726207080381 ] } },
{ "type": "Feature", "properties": { "visible_points": 14, "total_points": 105, "visibility_pct": 13.333333333333334 }, "geometry": { "type": "Point", "coordinates": [ -0.725104655465584, 52.004724024116243 ] } },
{ "type": "Feature", "properties": { "visible_points": 7, "total_points": 106, "visibility_pct": 6.6037735849056602 }, "geometry": { "type": "Point", "coordinates": [ -0.724902845691697, 52.004721840806056 ] } },
{ "type": "Feature", "properties": { "visible_points": 5, "total_points": 105, "visibility_pct": 4.7619047619047619 }, "geometry": { "type": "Point", "coordinates": [ -0.7247010359455, 52.004719657149849 ] } },
{ "type": "Feature", "properties": { "visible_points": 2, "total_points": 104, "visibility_pct": 1.9230769230769231 }, "geometry": { "type": "Point", "coordinates": [ -0.724499226226982, 52.004717473147593 ] } },
{ "type": "Feature", "properties": { "visible_points": 3, "total_points": 102, "visibility_pct": 2.9411764705882351 }, "geometry": { "type": "Point", "coordinates": [ -0.724297416536154, 52.004715288799311 ] } },
{ "type": "Feature", "properties": { "visible_points": 5, "total_points": 100, "visibility_pct": 5.0 }, "geometry": { "type": "Point", "coordinates": [ -0.724095606873017, 52.004713104105015 ] } },
{ "type": "Feature", "properties": { "visible_points": 10, "total_points": 97, "visibility_pct": 10.309278350515463 }, "geometry": { "type": "Point", "coordinates": [ -0.723893797237578, 52.004710919064671 ] } },
{ "type": "Feature", "properties": { "visible_points": 4, "total_points": 94, "visibility_pct": 4.2553191489361701 }, "geometry": { "type": "Point", "coordinates": [ -0.723691987629842, 52.004708733678285 ] } },
{ "type": "Feature", "properties": { "visible_points": 0, "total_points": 90, "visibility_pct": 0.0 }, "geometry": { "type": "Point", "coordinates": [ -0.723490178049818, 52.004706547945879 ] } },
{ "type": "Feature", "properties": { "visible_points": 13, "total_points": 86, "visibility_pct": 15.11627906976744 }, "geometry": { "type": "Point", "coordinates": [ -0.723288368497494, 52.004704361867432 ] } },
{ "type": "Feature", "properties": { "visible_points": 10, "total_points": 83, "visibility_pct": 12.048192771084338 }, "geometry": { "type": "Point", "coordinates": [ -0.723086558972893, 52.004702175442951 ] } },
{ "type": "Feature", "properties": { "visible_points": 15, "total_points": 79, "visibility_pct": 18.9873417721519 }, "geometry": { "type": "Point", "coordinates": [ -0.722884749476014, 52.004699988672449 ] } },
{ "type": "Feature", "properties": { "visible_points": 5, "total_points": 77, "visibility_pct": 6.4935064935064926 }, "geometry": { "type": "Point", "coordinates": [ -0.726413359379454, 52.004846070877974 ] } },
{ "type": "Feature", "properties": { "visible_points": 1, "total_points": 86, "visibility_pct": 1.1627906976744187 }, "geometry": { "type": "Point", "coordinates": [ -0.726211548891547, 52.004843889817153 ] } },
{ "type": "Feature", "properties": { "visible_points": 0, "total_points": 94, "visibility_pct": 0.0 }, "geometry": { "type": "Point", "coordinates": [ -0.726009738431291, 52.004841708410311 ] } },
{ "type": "Feature", "properties": { "visible_points": 3, "total_points": 101, "visibility_pct": 2.9702970297029703 }, "geometry": { "type": "Point", "coordinates": [ -0.72580792799869, 52.00483952665742 ] } },
{ "type": "Feature", "properties": { "visible_points": 0, "total_points": 106, "visibility_pct": 0.0 }, "geometry": { "type": "Point", "coordinates": [ -0.725606117593743, 52.004837344558496 ] } },
{ "type": "Feature", "properties": { "visible_points": 9, "total_points": 110, "visibility_pct": 8.1818181818181817 }, "geometry": { "type": "Point", "coordinates": [ -0.725404307216467, 52.004835162113551 ] } },
{ "type": "Feature", "properties": { "visible_points": 1, "total_points": 113, "visibility_pct": 0.88495575221238942 }, "geometry": { "type": "Point", "coordinates": [ -0.725202496866857, 52.004832979322551 ] } },
{ "type": "Feature", "properties": { "visible_points": 3, "total_points": 115, "visibility_pct": 2.6086956521739131 }, "geometry": { "type": "Point", "coordinates": [ -0.725000686544918, 52.004830796185537 ] } },
{ "type": "Feature", "properties": { "visible_points": 0, "total_points": 114, "visibility_pct": 0.0 }, "geometry": { "type": "Point", "coordinates": [ -0.724798876250658, 52.004828612702489 ] } },
{ "type": "Feature", "properties": { "visible_points": 6, "total_points": 113, "visibility_pct": 5.3097345132743365 }, "geometry": { "type": "Point", "coordinates": [ -0.724597065984081, 52.0048264288734 ] } },
{ "type": "Feature", "properties": { "visible_points": 2, "total_points": 112, "visibility_pct": 1.7857142857142856 }, "geometry": { "type": "Point", "coordinates": [ -0.724395255745195, 52.004824244698263 ] } },
{ "type": "Feature", "properties": { "visible_points": 1, "total_points": 110, "visibility_pct": 0.90909090909090906 }, "geometry": { "type": "Point", "coordinates": [ -0.724193445533993, 52.004822060177098 ] } },
{ "type": "Feature", "properties": { "visible_points": 10, "total_points": 108, "visibility_pct": 9.2592592592592595 }, "geometry": { "type": "Point", "coordinates": [ -0.723991635350489, 52.00481987530992 ] } },
{ "type": "Feature", "properties": { "visible_points": 11, "total_points": 105, "visibility_pct": 10.476190476190476 }, "geometry": { "type": "Point", "coordinates": [ -0.723789825194683, 52.004817690096694 ] } },
{ "type": "Feature", "properties": { "visible_points": 6, "total_points": 102, "visibility_pct": 5.8823529411764701 }, "geometry": { "type": "Point", "coordinates": [ -0.723588015066586, 52.00481550453744 ] } },
{ "type": "Feature", "properties": { "visible_points": 5, "total_points": 98, "visibility_pct": 5.1020408163265305 }, "geometry": { "type": "Point", "coordinates": [ -0.723386204966199, 52.004813318632138 ] } },
{ "type": "Feature", "properties": { "visible_points": 9, "total_points": 95, "visibility_pct": 9.4736842105263168 }, "geometry": { "type": "Point", "coordinates": [ -0.723184394893521, 52.004811132380794 ] } },
{ "type": "Feature", "properties": { "visible_points": 20, "total_points": 91, "visibility_pct": 21.978021978021978 }, "geometry": { "type": "Point", "coordinates": [ -0.722982584848564, 52.004808945783431 ] } },
{ "type": "Feature", "properties": { "visible_points": 7, "total_points": 87, "visibility_pct": 8.0459770114942533 }, "geometry": { "type": "Point", "coordinates": [ -0.722780774831333, 52.004806758840033 ] } },
{ "type": "Feature", "properties": { "visible_points": 4, "total_points": 83, "visibility_pct": 4.8192771084337354 }, "geometry": { "type": "Point", "coordinates": [ -0.722578964841819, 52.004804571550601 ] } },
{ "type": "Feature", "properties": { "visible_points": 14, "total_points": 79, "visibility_pct": 17.721518987341771 }, "geometry": { "type": "Point", "coordinates": [ -0.72237715488005, 52.004802383915141 ] } },
{ "type": "Feature", "properties": { "visible_points": 3, "total_points": 80, "visibility_pct": 3.75 }, "geometry": { "type": "Point", "coordinates": [ -0.726511204589403, 52.004955024956807 ] } },
{ "type": "Feature", "properties": { "visible_points": 4, "total_points": 89, "visibility_pct": 4.4943820224719104 }, "geometry": { "type": "Point", "coordinates": [ -0.726309393553447, 52.004952844069159 ] } },
{ "type": "Feature", "properties": { "visible_points": 0, "total_points": 98, "visibility_pct": 0.0 }, "geometry": { "type": "Point", "coordinates": [ -0.726107582545145, 52.004950662835476 ] } },
{ "type": "Feature", "properties": { "visible_points": 10, "total_points": 106, "visibility_pct": 9.433962264150944 }, "geometry": { "type": "Point", "coordinates": [ -0.72590577156449, 52.004948481255752 ] } },
{ "type": "Feature", "properties": { "visible_points": 15, "total_points": 112, "visibility_pct": 13.392857142857142 }, "geometry": { "type": "Point", "coordinates": [ -0.725703960611497, 52.004946299329994 ] } },
{ "type": "Feature", "properties": { "visible_points": 32, "total_points": 116, "visibility_pct": 27.586206896551722 }, "geometry": { "type": "Point", "coordinates": [ -0.725502149686165, 52.004944117058209 ] } },
{ "type": "Feature", "properties": { "visible_points": 28, "total_points": 119, "visibility_pct": 23.52941176470588 }, "geometry": { "type": "Point", "coordinates": [ -0.725300338788501, 52.004941934440382 ] } },
{ "type": "Feature", "properties": { "visible_points": 0, "total_points": 120, "visibility_pct": 0.0 }, "geometry": { "type": "Point", "coordinates": [ -0.725098527918503, 52.00493975147652 ] } },
{ "type": "Feature", "properties": { "visible_points": 1, "total_points": 120, "visibility_pct": 0.83333333333333337 }, "geometry": { "type": "Point", "coordinates": [ -0.724896717076186, 52.004937568166611 ] } },
{ "type": "Feature", "properties": { "visible_points": 0, "total_points": 120, "visibility_pct": 0.0 }, "geometry": { "type": "Point", "coordinates": [ -0.724694906261545, 52.004935384510681 ] } },
{ "type": "Feature", "properties": { "visible_points": 0, "total_points": 119, "visibility_pct": 0.0 }, "geometry": { "type": "Point", "coordinates": [ -0.724493095474593, 52.004933200508724 ] } },
{ "type": "Feature", "properties": { "visible_points": 4, "total_points": 118, "visibility_pct": 3.3898305084745761 }, "geometry": { "type": "Point", "coordinates": [ -0.724291284715324, 52.004931016160718 ] } },
{ "type": "Feature", "properties": { "visible_points": 4, "total_points": 116, "visibility_pct": 3.4482758620689653 }, "geometry": { "type": "Point", "coordinates": [ -0.724089473983755, 52.004928831466657 ] } },
{ "type": "Feature", "properties": { "visible_points": 10, "total_points": 114, "visibility_pct": 8.7719298245614024 }, "geometry": { "type": "Point", "coordinates": [ -0.723887663279876, 52.004926646426597 ] } },
{ "type": "Feature", "properties": { "visible_points": 3, "total_points": 111, "visibility_pct": 2.7027027027027026 }, "geometry": { "type": "Point", "coordinates": [ -0.72368585260371, 52.004924461040488 ] } },
{ "type": "Feature", "properties": { "visible_points": 16, "total_points": 109, "visibility_pct": 14.678899082568808 }, "geometry": { "type": "Point", "coordinates": [ -0.723484041955247, 52.004922275308331 ] } },
{ "type": "Feature", "properties": { "visible_points": 40, "total_points": 106, "visibility_pct": 37.735849056603776 }, "geometry": { "type": "Point", "coordinates": [ -0.723282231334494, 52.004920089230154 ] } },
{ "type": "Feature", "properties": { "visible_points": 43, "total_points": 103, "visibility_pct": 41.747572815533978 }, "geometry": { "type": "Point", "coordinates": [ -0.723080420741461, 52.004917902805936 ] } },
{ "type": "Feature", "properties": { "visible_points": 19, "total_points": 99, "visibility_pct": 19.19191919191919 }, "geometry": { "type": "Point", "coordinates": [ -0.722878610176145, 52.004915716035676 ] } },
{ "type": "Feature", "properties": { "visible_points": 12, "total_points": 95, "visibility_pct": 12.631578947368421 }, "geometry": { "type": "Point", "coordinates": [ -0.722676799638553, 52.004913528919381 ] } },
{ "type": "Feature", "properties": { "visible_points": 0, "total_points": 91, "visibility_pct": 0.0 }, "geometry": { "type": "Point", "coordinates": [ -0.722474989128699, 52.004911341457067 ] } },
{ "type": "Feature", "properties": { "visible_points": 18, "total_points": 87, "visibility_pct": 20.689655172413794 }, "geometry": { "type": "Point", "coordinates": [ -0.722273178646573, 52.004909153648704 ] } },
{ "type": "Feature", "properties": { "visible_points": 9, "total_points": 82, "visibility_pct": 10.975609756097562 }, "geometry": { "type": "Point", "coordinates": [ -0.722071368192186, 52.004906965494314 ] } },
{ "type": "Feature", "properties": { "visible_points": 8, "total_points": 74, "visibility_pct": 10.810810810810811 }, "geometry": { "type": "Point", "coordinates": [ -0.726810861931382, 52.005066159315575 ] } },
{ "type": "Feature", "properties": { "visible_points": 2, "total_points": 83, "visibility_pct": 2.4096385542168677 }, "geometry": { "type": "Point", "coordinates": [ -0.726609050319738, 52.005063978947142 ] } },
{ "type": "Feature", "properties": { "visible_points": 1, "total_points": 92, "visibility_pct": 1.0869565217391304 }, "geometry": { "type": "Point", "coordinates": [ -0.726407238735736, 52.00506179823266 ] } },
{ "type": "Feature", "properties": { "visible_points": 0, "total_points": 101, "visibility_pct": 0.0 }, "geometry": { "type": "Point", "coordinates": [ -0.726205427179383, 52.005059617172144 ] } },
{ "type": "Feature", "properties": { "visible_points": 3, "total_points": 109, "visibility_pct": 2.7522935779816518 }, "geometry": { "type": "Point", "coordinates": [ -0.726003615650679, 52.005057435765593 ] } },
{ "type": "Feature", "properties": { "visible_points": 24, "total_points": 115, "visibility_pct": 20.869565217391305 }, "geometry": { "type": "Point", "coordinates": [ -0.725801804149629, 52.005055254012994 ] } },
{ "type": "Feature", "properties": { "visible_points": 42, "total_points": 118, "visibility_pct": 35.593220338983052 }, "geometry": { "type": "Point", "coordinates": [ -0.725599992676241, 52.005053071914368 ] } },
{ "type": "Feature", "properties": { "visible_points": 45, "total_points": 120, "visibility_pct": 37.5 }, "geometry": { "type": "Point", "coordinates": [ -0.725398181230517, 52.0050508894697 ] } },
{ "type": "Feature", "properties": { "visible_points": 42, "total_points": 120, "visibility_pct": 35.0 }, "geometry": { "type": "Point", "coordinates": [ -0.725196369812462, 52.005048706678998 ] } },
{ "type": "Feature", "properties": { "visible_points": 3, "total_points": 120, "visibility_pct": 2.5 }, "geometry": { "type": "Point", "coordinates": [ -0.72499455842208, 52.005046523542255 ] } },
{ "type": "Feature", "properties": { "visible_points": 0, "total_points": 120, "visibility_pct": 0.0 }, "geometry": { "type": "Point", "coordinates": [ -0.724792747059375, 52.005044340059477 ] } },
{ "type": "Feature", "properties": { "visible_points": 3, "total_points": 120, "visibility_pct": 2.5 }, "geometry": { "type": "Point", "coordinates": [ -0.724590935724356, 52.005042156230672 ] } },
{ "type": "Feature", "properties": { "visible_points": 1, "total_points": 120, "visibility_pct": 0.83333333333333337 }, "geometry": { "type": "Point", "coordinates": [ -0.724389124417023, 52.005039972055826 ] } },
{ "type": "Feature", "properties": { "visible_points": 0, "total_points": 120, "visibility_pct": 0.0 }, "geometry": { "type": "Point", "coordinates": [ -0.724187313137377, 52.005037787534931 ] } },
{ "type": "Feature", "properties": { "visible_points": 0, "total_points": 120, "visibility_pct": 0.0 }, "geometry": { "type": "Point", "coordinates": [ -0.723985501885434, 52.005035602668002 ] } },
{ "type": "Feature", "properties": { "visible_points": 0, "total_points": 119, "visibility_pct": 0.0 }, "geometry": { "type": "Point", "coordinates": [ -0.723783690661188, 52.005033417455053 ] } },
{ "type": "Feature", "properties": { "visible_points": 31, "total_points": 117, "visibility_pct": 26.495726495726498 }, "geometry": { "type": "Point", "coordinates": [ -0.723581879464648, 52.005031231896062 ] } },
{ "type": "Feature", "properties": { "visible_points": 40, "total_points": 115, "visibility_pct": 34.782608695652172 }, "geometry": { "type": "Point", "coordinates": [ -0.72338006829582, 52.00502904599103 ] } },
{ "type": "Feature", "properties": { "visible_points": 46, "total_points": 112, "visibility_pct": 41.071428571428569 }, "geometry": { "type": "Point", "coordinates": [ -0.723178257154703, 52.005026859739942 ] } },
{ "type": "Feature", "properties": { "visible_points": 49, "total_points": 109, "visibility_pct": 44.954128440366972 }, "geometry": { "type": "Point", "coordinates": [ -0.722976446041306, 52.005024673142842 ] } },
{ "type": "Feature", "properties": { "visible_points": 50, "total_points": 106, "visibility_pct": 47.169811320754718 }, "geometry": { "type": "Point", "coordinates": [ -0.722774634955634, 52.005022486199707 ] } },
{ "type": "Feature", "properties": { "visible_points": 47, "total_points": 103, "visibility_pct": 45.631067961165051 }, "geometry": { "type": "Point", "coordinates": [ -0.722572823897686, 52.005020298910516 ] } },
{ "type": "Feature", "properties": { "visible_points": 42, "total_points": 99, "visibility_pct": 42.424242424242422 }, "geometry": { "type": "Point", "coordinates": [ -0.722371012867472, 52.005018111275298 ] } },
{ "type": "Feature", "properties": { "visible_points": 6, "total_points": 94, "visibility_pct": 6.3829787234042552 }, "geometry": { "type": "Point", "coordinates": [ -0.722169201864997, 52.005015923294039 ] } },
{ "type": "Feature", "properties": { "visible_points": 0, "total_points": 90, "visibility_pct": 0.0 }, "geometry": { "type": "Point", "coordinates": [ -0.721967390890263, 52.005013734966752 ] } },
{ "type": "Feature", "properties": { "visible_points": 3, "total_points": 86, "visibility_pct": 3.4883720930232558 }, "geometry": { "type": "Point", "coordinates": [ -0.721765579943274, 52.005011546293424 ] } },
{ "type": "Feature", "properties": { "visible_points": 8, "total_points": 81, "visibility_pct": 9.8765432098765427 }, "geometry": { "type": "Point", "coordinates": [ -0.721563769024036, 52.005009357274069 ] } },
{ "type": "Feature", "properties": { "visible_points": 1, "total_points": 86, "visibility_pct": 1.1627906976744187 }, "geometry": { "type": "Point", "coordinates": [ -0.726706896570467, 52.005172932848957 ] } },
{ "type": "Feature", "properties": { "visible_points": 3, "total_points": 95, "visibility_pct": 3.1578947368421053 }, "geometry": { "type": "Point", "coordinates": [ -0.726505084438417, 52.005170752307656 ] } },
{ "type": "Feature", "properties": { "visible_points": 0, "total_points": 104, "visibility_pct": 0.0 }, "geometry": { "type": "Point", "coordinates": [ -0.726303272334006, 52.005168571420299 ] } },
{ "type": "Feature", "properties": { "visible_points": 1, "total_points": 112, "visibility_pct": 0.89285714285714279 }, "geometry": { "type": "Point", "coordinates": [ -0.726101460257252, 52.005166390186915 ] } },
{ "type": "Feature", "properties": { "visible_points": 51, "total_points": 118, "visibility_pct": 43.220338983050851 }, "geometry": { "type": "Point", "coordinates": [ -0.725899648208142, 52.005164208607496 ] } },
{ "type": "Feature", "properties": { "visible_points": 57, "total_points": 120, "visibility_pct": 47.5 }, "geometry": { "type": "Point", "coordinates": [ -0.725697836186698, 52.005162026682022 ] } },
{ "type": "Feature", "properties": { "visible_points": 56, "total_points": 120, "visibility_pct": 46.666666666666664 }, "geometry": { "type": "Point", "coordinates": [ -0.725496024192913, 52.005159844410535 ] } },
{ "type": "Feature", "properties": { "visible_points": 55, "total_points": 120, "visibility_pct": 45.833333333333329 }, "geometry": { "type": "Point", "coordinates": [ -0.725294212226795, 52.005157661792992 ] } },
{ "type": "Feature", "properties": { "visible_points": 50, "total_points": 120, "visibility_pct": 41.666666666666671 }, "geometry": { "type": "Point", "coordinates": [ -0.725092400288348, 52.005155478829408 ] } },
{ "type": "Feature", "properties": { "visible_points": 14, "total_points": 120, "visibility_pct": 11.666666666666666 }, "geometry": { "type": "Point", "coordinates": [ -0.724890588377579, 52.00515329551979 ] } },
{ "type": "Feature", "properties": { "visible_points": 0, "total_points": 120, "visibility_pct": 0.0 }, "geometry": { "type": "Point", "coordinates": [ -0.724688776494487, 52.005151111864137 ] } },
{ "type": "Feature", "properties": { "visible_points": 7, "total_points": 120, "visibility_pct": 5.833333333333333 }, "geometry": { "type": "Point", "coordinates": [ -0.724486964639086, 52.005148927862443 ] } },
{ "type": "Feature", "properties": { "visible_points": 0, "total_points": 120, "visibility_pct": 0.0 }, "geometry": { "type": "Point", "coordinates": [ -0.724285152811367, 52.005146743514707 ] } },
{ "type": "Feature", "properties": { "visible_points": 7, "total_points": 120, "visibility_pct": 5.833333333333333 }, "geometry": { "type": "Point", "coordinates": [ -0.72408334101135, 52.005144558820945 ] } },
{ "type": "Feature", "properties": { "visible_points": 23, "total_points": 120, "visibility_pct": 19.166666666666668 }, "geometry": { "type": "Point", "coordinates": [ -0.723881529239025, 52.005142373781133 ] } },
{ "type": "Feature", "properties": { "visible_points": 29, "total_points": 120, "visibility_pct": 24.166666666666668 }, "geometry": { "type": "Point", "coordinates": [ -0.723679717494409, 52.005140188395295 ] } },
{ "type": "Feature", "properties": { "visible_points": 38, "total_points": 120, "visibility_pct": 31.666666666666664 }, "geometry": { "type": "Point", "coordinates": [ -0.723477905777499, 52.005138002663408 ] } },
{ "type": "Feature", "properties": { "visible_points": 47, "total_points": 119, "visibility_pct": 39.495798319327733 }, "geometry": { "type": "Point", "coordinates": [ -0.723276094088299, 52.005135816585472 ] } },
{ "type": "Feature", "properties": { "visible_points": 49, "total_points": 117, "visibility_pct": 41.880341880341881 }, "geometry": { "type": "Point", "coordinates": [ -0.723074282426813, 52.005133630161524 ] } },
{ "type": "Feature", "properties": { "visible_points": 49, "total_points": 115, "visibility_pct": 42.608695652173914 }, "geometry": { "type": "Point", "coordinates": [ -0.722872470793058, 52.005131443391534 ] } },
{ "type": "Feature", "properties": { "visible_points": 50, "total_points": 112, "visibility_pct": 44.642857142857146 }, "geometry": { "type": "Point", "coordinates": [ -0.722670659187019, 52.005129256275481 ] } },
{ "type": "Feature", "properties": { "visible_points": 47, "total_points": 109, "visibility_pct": 43.119266055045877 }, "geometry": { "type": "Point", "coordinates": [ -0.72246884760872, 52.005127068813401 ] } },
{ "type": "Feature", "properties": { "visible_points": 42, "total_points": 106, "visibility_pct": 39.622641509433961 }, "geometry": { "type": "Point", "coordinates": [ -0.722267036058149, 52.005124881005294 ] } },
{ "type": "Feature", "properties": { "visible_points": 38, "total_points": 102, "visibility_pct": 37.254901960784316 }, "geometry": { "type": "Point", "coordinates": [ -0.722065224535318, 52.005122692851145 ] } },
{ "type": "Feature", "properties": { "visible_points": 23, "total_points": 98, "visibility_pct": 23.469387755102041 }, "geometry": { "type": "Point", "coordinates": [ -0.72186341304023, 52.00512050435097 ] } },
{ "type": "Feature", "properties": { "visible_points": 0, "total_points": 93, "visibility_pct": 0.0 }, "geometry": { "type": "Point", "coordinates": [ -0.721661601572894, 52.005118315504731 ] } },
{ "type": "Feature", "properties": { "visible_points": 0, "total_points": 89, "visibility_pct": 0.0 }, "geometry": { "type": "Point", "coordinates": [ -0.721459790133314, 52.005116126312458 ] } },
{ "type": "Feature", "properties": { "visible_points": 0, "total_points": 84, "visibility_pct": 0.0 }, "geometry": { "type": "Point", "coordinates": [ -0.721257978721483, 52.005113936774158 ] } },
{ "type": "Feature", "properties": { "visible_points": 12, "total_points": 78, "visibility_pct": 15.384615384615385 }, "geometry": { "type": "Point", "coordinates": [ -0.721056167337419, 52.005111746889817 ] } },
{ "type": "Feature", "properties": { "visible_points": 8, "total_points": 89, "visibility_pct": 8.9887640449438209 }, "geometry": { "type": "Point", "coordinates": [ -0.726804743341596, 52.005281886662281 ] } },
{ "type": "Feature", "properties": { "visible_points": 0, "total_points": 98, "visibility_pct": 0.0 }, "geometry": { "type": "Point", "coordinates": [ -0.726602930661487, 52.005279706294147 ] } },
{ "type": "Feature", "properties": { "visible_points": 19, "total_points": 106, "visibility_pct": 17.924528301886792 }, "geometry": { "type": "Point", "coordinates": [ -0.72640111800903, 52.005277525579956 ] } },
{ "type": "Feature", "properties": { "visible_points": 53, "total_points": 114, "visibility_pct": 46.491228070175438 }, "geometry": { "type": "Point", "coordinates": [ -0.726199305384212, 52.005275344519738 ] } },
{ "type": "Feature", "properties": { "visible_points": 60, "total_points": 120, "visibility_pct": 50.0 }, "geometry": { "type": "Point", "coordinates": [ -0.725997492787049, 52.005273163113479 ] } },
{ "type": "Feature", "properties": { "visible_points": 64, "total_points": 120, "visibility_pct": 53.333333333333336 }, "geometry": { "type": "Point", "coordinates": [ -0.725795680217538, 52.005270981361193 ] } },
{ "type": "Feature", "properties": { "visible_points": 66, "total_points": 120, "visibility_pct": 55.000000000000007 }, "geometry": { "type": "Point", "coordinates": [ -0.725593867675693, 52.005268799262851 ] } },
{ "type": "Feature", "properties": { "visible_points": 67, "total_points": 120, "visibility_pct": 55.833333333333336 }, "geometry": { "type": "Point", "coordinates": [ -0.725392055161511, 52.005266616818474 ] } },
{ "type": "Feature", "properties": { "visible_points": 64, "total_points": 120, "visibility_pct": 53.333333333333336 }, "geometry": { "type": "Point", "coordinates": [ -0.725190242674994, 52.005264434028071 ] } },
{ "type": "Feature", "properties": { "visible_points": 59, "total_points": 120, "visibility_pct": 49.166666666666664 }, "geometry": { "type": "Point", "coordinates": [ -0.724988430216159, 52.005262250891612 ] } },
{ "type": "Feature", "properties": { "visible_points": 51, "total_points": 120, "visibility_pct": 42.5 }, "geometry": { "type": "Point", "coordinates": [ -0.724786617784997, 52.005260067409104 ] } },
{ "type": "Feature", "properties": { "visible_points": 4, "total_points": 120, "visibility_pct": 3.3333333333333335 }, "geometry": { "type": "Point", "coordinates": [ -0.724584805381516, 52.005257883580562 ] } },
{ "type": "Feature", "properties": { "visible_points": 13, "total_points": 120, "visibility_pct": 10.833333333333334 }, "geometry": { "type": "Point", "coordinates": [ -0.724382993005729, 52.005255699405993 ] } },
{ "type": "Feature", "properties": { "visible_points": 0, "total_points": 120, "visibility_pct": 0.0 }, "geometry": { "type": "Point", "coordinates": [ -0.724181180657634, 52.005253514885389 ] } },
{ "type": "Feature", "properties": { "visible_points": 7, "total_points": 120, "visibility_pct": 5.833333333333333 }, "geometry": { "type": "Point", "coordinates": [ -0.723979368337227, 52.005251330018723 ] } },
{ "type": "Feature", "properties": { "visible_points": 20, "total_points": 120, "visibility_pct": 16.666666666666664 }, "geometry": { "type": "Point", "coordinates": [ -0.72377755604453, 52.005249144806029 ] } },
{ "type": "Feature", "properties": { "visible_points": 35, "total_points": 120, "visibility_pct": 29.166666666666668 }, "geometry": { "type": "Point", "coordinates": [ -0.723575743779536, 52.005246959247295 ] } },
{ "type": "Feature", "properties": { "visible_points": 45, "total_points": 120, "visibility_pct": 37.5 }, "geometry": { "type": "Point", "coordinates": [ -0.72337393154225, 52.005244773342525 ] } },
{ "type": "Feature", "properties": { "visible_points": 50, "total_points": 120, "visibility_pct": 41.666666666666671 }, "geometry": { "type": "Point", "coordinates": [ -0.723172119332683, 52.005242587091715 ] } },
{ "type": "Feature", "properties": { "visible_points": 51, "total_points": 120, "visibility_pct": 42.5 }, "geometry": { "type": "Point", "coordinates": [ -0.722970307150832, 52.005240400494863 ] } },
{ "type": "Feature", "properties": { "visible_points": 50, "total_points": 119, "visibility_pct": 42.016806722689076 }, "geometry": { "type": "Point", "coordinates": [ -0.722768494996706, 52.005238213551969 ] } },
{ "type": "Feature", "properties": { "visible_points": 50, "total_points": 117, "visibility_pct": 42.735042735042732 }, "geometry": { "type": "Point", "coordinates": [ -0.72256668287031, 52.005236026263042 ] } },
{ "type": "Feature", "properties": { "visible_points": 49, "total_points": 115, "visibility_pct": 42.608695652173914 }, "geometry": { "type": "Point", "coordinates": [ -0.722364870771644, 52.005233838628058 ] } },
{ "type": "Feature", "properties": { "visible_points": 43, "total_points": 112, "visibility_pct": 38.392857142857146 }, "geometry": { "type": "Point", "coordinates": [ -0.722163058700717, 52.005231650647055 ] } },
{ "type": "Feature", "properties": { "visible_points": 35, "total_points": 108, "visibility_pct": 32.407407407407405 }, "geometry": { "type": "Point", "coordinates": [ -0.721961246657533, 52.005229462320017 ] } },
{ "type": "Feature", "properties": { "visible_points": 0, "total_points": 105, "visibility_pct": 0.0 }, "geometry": { "type": "Point", "coordinates": [ -0.721759434642092, 52.005227273646931 ] } },
{ "type": "Feature", "properties": { "visible_points": 0, "total_points": 101, "visibility_pct": 0.0 }, "geometry": { "type": "Point", "coordinates": [ -0.721557622654405, 52.005225084627803 ] } },
{ "type": "Feature", "properties": { "visible_points": 0, "total_points": 96, "visibility_pct": 0.0 }, "geometry": { "type": "Point", "coordinates": [ -0.721355810694473, 52.005222895262627 ] } },
{ "type": "Feature", "properties": { "visible_points": 2, "total_points": 91, "visibility_pct": 2.197802197802198 }, "geometry": { "type": "Point", "coordinates": [ -0.7211539987623, 52.00522070555143 ] } },
{ "type": "Feature", "properties": { "visible_points": 1, "total_points": 85, "visibility_pct": 1.1764705882352942 }, "geometry": { "type": "Point", "coordinates": [ -0.720952186857893, 52.005218515494178 ] } },
{ "type": "Feature", "properties": { "visible_points": 9, "total_points": 77, "visibility_pct": 11.688311688311687 }, "geometry": { "type": "Point", "coordinates": [ -0.720750374981257, 52.005216325090892 ] } },
{ "type": "Feature", "properties": { "visible_points": 2, "total_points": 91, "visibility_pct": 2.197802197802198 }, "geometry": { "type": "Point", "coordinates": [ -0.726902590633122, 52.005390840387079 ] } },
{ "type": "Feature", "properties": { "visible_points": 3, "total_points": 100, "visibility_pct": 3.0 }, "geometry": { "type": "Point", "coordinates": [ -0.726700777404963, 52.005388660192111 ] } },
{ "type": "Feature", "properties": { "visible_points": 0, "total_points": 108, "visibility_pct": 0.0 }, "geometry": { "type": "Point", "coordinates": [ -0.726498964204445, 52.005386479651108 ] } },
{ "type": "Feature", "properties": { "visible_points": 57, "total_points": 115, "visibility_pct": 49.565217391304351 }, "geometry": { "type": "Point", "coordinates": [ -0.726297151031568, 52.005384298764049 ] } },
{ "type": "Feature", "properties": { "visible_points": 67, "total_points": 120, "visibility_pct": 55.833333333333336 }, "geometry": { "type": "Point", "coordinates": [ -0.726095337886343, 52.005382117530971 ] } },
{ "type": "Feature", "properties": { "visible_points": 71, "total_points": 120, "visibility_pct": 59.166666666666664 }, "geometry": { "type": "Point", "coordinates": [ -0.725893524768771, 52.005379935951822 ] } },
{ "type": "Feature", "properties": { "visible_points": 76, "total_points": 120, "visibility_pct": 63.333333333333329 }, "geometry": { "type": "Point", "coordinates": [ -0.725691711678857, 52.005377754026668 ] } },
{ "type": "Feature", "properties": { "visible_points": 79, "total_points": 120, "visibility_pct": 65.833333333333329 }, "geometry": { "type": "Point", "coordinates": [ -0.725489898616609, 52.005375571755451 ] } },
{ "type": "Feature", "properties": { "visible_points": 78, "total_points": 120, "visibility_pct": 65.0 }, "geometry": { "type": "Point", "coordinates": [ -0.725288085582027, 52.0053733891382 ] } },
{ "type": "Feature", "properties": { "visible_points": 74, "total_points": 120, "visibility_pct": 61.666666666666671 }, "geometry": { "type": "Point", "coordinates": [ -0.725086272575113, 52.005371206174921 ] } },
{ "type": "Feature", "properties": { "visible_points": 69, "total_points": 120, "visibility_pct": 57.5 }, "geometry": { "type": "Point", "coordinates": [ -0.724884459595881, 52.00536902286558 ] } },
{ "type": "Feature", "properties": { "visible_points": 61, "total_points": 120, "visibility_pct": 50.833333333333329 }, "geometry": { "type": "Point", "coordinates": [ -0.724682646644327, 52.00536683921019 ] } },
{ "type": "Feature", "properties": { "visible_points": 10, "total_points": 120, "visibility_pct": 8.3333333333333321 }, "geometry": { "type": "Point", "coordinates": [ -0.72448083372046, 52.00536465520878 ] } },
{ "type": "Feature", "properties": { "visible_points": 20, "total_points": 120, "visibility_pct": 16.666666666666664 }, "geometry": { "type": "Point", "coordinates": [ -0.724279020824285, 52.005362470861328 ] } },
{ "type": "Feature", "properties": { "visible_points": 0, "total_points": 120, "visibility_pct": 0.0 }, "geometry": { "type": "Point", "coordinates": [ -0.7240772079558, 52.005360286167814 ] } },
{ "type": "Feature", "properties": { "visible_points": 0, "total_points": 120, "visibility_pct": 0.0 }, "geometry": { "type": "Point", "coordinates": [ -0.723875395115017, 52.005358101128294 ] } },
{ "type": "Feature", "properties": { "visible_points": 0, "total_points": 120, "visibility_pct": 0.0 }, "geometry": { "type": "Point", "coordinates": [ -0.723673582301935, 52.005355915742705 ] } },
{ "type": "Feature", "properties": { "visible_points": 38, "total_points": 120, "visibility_pct": 31.666666666666664 }, "geometry": { "type": "Point", "coordinates": [ -0.723471769516566, 52.005353730011088 ] } },
{ "type": "Feature", "properties": { "visible_points": 50, "total_points": 120, "visibility_pct": 41.666666666666671 }, "geometry": { "type": "Point", "coordinates": [ -0.723269956758907, 52.005351543933415 ] } },
{ "type": "Feature", "properties": { "visible_points": 50, "total_points": 120, "visibility_pct": 41.666666666666671 }, "geometry": { "type": "Point", "coordinates": [ -0.723068144028963, 52.005349357509722 ] } },
{ "type": "Feature", "properties": { "visible_points": 49, "total_points": 120, "visibility_pct": 40.833333333333336 }, "geometry": { "type": "Point", "coordinates": [ -0.722866331326747, 52.005347170739974 ] } },
{ "type": "Feature", "properties": { "visible_points": 48, "total_points": 120, "visibility_pct": 40.0 }, "geometry": { "type": "Point", "coordinates": [ -0.72266451865225, 52.005344983624198 ] } },
{ "type": "Feature", "properties": { "visible_points": 48, "total_points": 120, "visibility_pct": 40.0 }, "geometry": { "type": "Point", "coordinates": [ -0.72246270600549, 52.00534279616236 ] } },
{ "type": "Feature", "properties": { "visible_points": 45, "total_points": 119, "visibility_pct": 37.815126050420169 }, "geometry": { "type": "Point", "coordinates": [ -0.72226089338646, 52.005340608354508 ] } },
{ "type": "Feature", "properties": { "visible_points": 37, "total_points": 117, "visibility_pct": 31.623931623931622 }, "geometry": { "type": "Point", "coordinates": [ -0.722059080795177, 52.005338420200587 ] } },
{ "type": "Feature", "properties": { "visible_points": 22, "total_points": 114, "visibility_pct": 19.298245614035086 }, "geometry": { "type": "Point", "coordinates": [ -0.721857268231631, 52.005336231700639 ] } },
{ "type": "Feature", "properties": { "visible_points": 0, "total_points": 111, "visibility_pct": 0.0 }, "geometry": { "type": "Point", "coordinates": [ -0.721655455695839, 52.005334042854656 ] } },
{ "type": "Feature", "properties": { "visible_points": 0, "total_points": 107, "visibility_pct": 0.0 }, "geometry": { "type": "Point", "coordinates": [ -0.721453643187798, 52.005331853662632 ] } },
{ "type": "Feature", "properties": { "visible_points": 1, "total_points": 103, "visibility_pct": 0.97087378640776689 }, "geometry": { "type": "Point", "coordinates": [ -0.721251830707516, 52.005329664124559 ] } },
{ "type": "Feature", "properties": { "visible_points": 2, "total_points": 98, "visibility_pct": 2.0408163265306123 }, "geometry": { "type": "Point", "coordinates": [ -0.721050018254998, 52.005327474240445 ] } },
{ "type": "Feature", "properties": { "visible_points": 0, "total_points": 90, "visibility_pct": 0.0 }, "geometry": { "type": "Point", "coordinates": [ -0.720848205830242, 52.005325284010304 ] } },
{ "type": "Feature", "properties": { "visible_points": 0, "total_points": 80, "visibility_pct": 0.0 }, "geometry": { "type": "Point", "coordinates": [ -0.720646393433266, 52.005323093434122 ] } },
{ "type": "Feature", "properties": { "visible_points": 8, "total_points": 70, "visibility_pct": 11.428571428571429 }, "geometry": { "type": "Point", "coordinates": [ -0.720444581064059, 52.005320902511883 ] } },
{ "type": "Feature", "properties": { "visible_points": 15, "total_points": 82, "visibility_pct": 18.292682926829269 }, "geometry": { "type": "Point", "coordinates": [ -0.727202252248906, 52.005501973699118 ] } },
{ "type": "Feature", "properties": { "visible_points": 6, "total_points": 92, "visibility_pct": 6.5217391304347823 }, "geometry": { "type": "Point", "coordinates": [ -0.727000438445058, 52.005499794023365 ] } },
{ "type": "Feature", "properties": { "visible_points": 0, "total_points": 101, "visibility_pct": 0.0 }, "geometry": { "type": "Point", "coordinates": [ -0.72679862466884, 52.005497614001563 ] } },
{ "type": "Feature", "properties": { "visible_points": 18, "total_points": 109, "visibility_pct": 16.513761467889911 }, "geometry": { "type": "Point", "coordinates": [ -0.726596810920262, 52.005495433633733 ] } },
{ "type": "Feature", "properties": { "visible_points": 59, "total_points": 115, "visibility_pct": 51.304347826086961 }, "geometry": { "type": "Point", "coordinates": [ -0.726394997199325, 52.005493252919869 ] } },
{ "type": "Feature", "properties": { "visible_points": 70, "total_points": 120, "visibility_pct": 58.333333333333336 }, "geometry": { "type": "Point", "coordinates": [ -0.726193183506035, 52.00549107185995 ] } },
{ "type": "Feature", "properties": { "visible_points": 79, "total_points": 120, "visibility_pct": 65.833333333333329 }, "geometry": { "type": "Point", "coordinates": [ -0.725991369840399, 52.005488890453989 ] } },
{ "type": "Feature", "properties": { "visible_points": 85, "total_points": 120, "visibility_pct": 70.833333333333343 }, "geometry": { "type": "Point", "coordinates": [ -0.725789556202417, 52.005486708701973 ] } },
{ "type": "Feature", "properties": { "visible_points": 88, "total_points": 120, "visibility_pct": 73.333333333333329 }, "geometry": { "type": "Point", "coordinates": [ -0.725587742592099, 52.005484526603929 ] } },
{ "type": "Feature", "properties": { "visible_points": 89, "total_points": 120, "visibility_pct": 74.166666666666671 }, "geometry": { "type": "Point", "coordinates": [ -0.725385929009444, 52.005482344159837 ] } },
{ "type": "Feature", "properties": { "visible_points": 87, "total_points": 120, "visibility_pct": 72.5 }, "geometry": { "type": "Point", "coordinates": [ -0.725184115454458, 52.005480161369718 ] } },
{ "type": "Feature", "properties": { "visible_points": 82, "total_points": 120, "visibility_pct": 68.333333333333329 }, "geometry": { "type": "Point", "coordinates": [ -0.72498230192715, 52.005477978233557 ] } },
{ "type": "Feature", "properties": { "visible_points": 76, "total_points": 120, "visibility_pct": 63.333333333333329 }, "geometry": { "type": "Point", "coordinates": [ -0.724780488427517, 52.00547579475132 ] } },
{ "type": "Feature", "properties": { "visible_points": 68, "total_points": 120, "visibility_pct": 56.666666666666664 }, "geometry": { "type": "Point", "coordinates": [ -0.72457867495557, 52.005473610923069 ] } },
{ "type": "Feature", "properties": { "visible_points": 53, "total_points": 120, "visibility_pct": 44.166666666666664 }, "geometry": { "type": "Point", "coordinates": [ -0.724376861511312, 52.005471426748791 ] } },
{ "type": "Feature", "properties": { "visible_points": 0, "total_points": 120, "visibility_pct": 0.0 }, "geometry": { "type": "Point", "coordinates": [ -0.724175048094744, 52.005469242228422 ] } },
{ "type": "Feature", "properties": { "visible_points": 3, "total_points": 120, "visibility_pct": 2.5 }, "geometry": { "type": "Point", "coordinates": [ -0.723973234705876, 52.005467057362047 ] } },
{ "type": "Feature", "properties": { "visible_points": 0, "total_points": 120, "visibility_pct": 0.0 }, "geometry": { "type": "Point", "coordinates": [ -0.723771421344707, 52.005464872149616 ] } },
{ "type": "Feature", "properties": { "visible_points": 3, "total_points": 120, "visibility_pct": 2.5 }, "geometry": { "type": "Point", "coordinates": [ -0.723569608011245, 52.005462686591152 ] } },
{ "type": "Feature", "properties": { "visible_points": 36, "total_points": 120, "visibility_pct": 30.0 }, "geometry": { "type": "Point", "coordinates": [ -0.723367794705496, 52.005460500686645 ] } },
{ "type": "Feature", "properties": { "visible_points": 47, "total_points": 120, "visibility_pct": 39.166666666666664 }, "geometry": { "type": "Point", "coordinates": [ -0.72316598142746, 52.005458314436083 ] } },
{ "type": "Feature", "properties": { "visible_points": 47, "total_points": 120, "visibility_pct": 39.166666666666664 }, "geometry": { "type": "Point", "coordinates": [ -0.722964168177142, 52.005456127839494 ] } },
{ "type": "Feature", "properties": { "visible_points": 49, "total_points": 120, "visibility_pct": 40.833333333333336 }, "geometry": { "type": "Point", "coordinates": [ -0.722762354954551, 52.005453940896842 ] } },
{ "type": "Feature", "properties": { "visible_points": 45, "total_points": 120, "visibility_pct": 37.5 }, "geometry": { "type": "Point", "coordinates": [ -0.722560541759688, 52.005451753608178 ] } },
{ "type": "Feature", "properties": { "visible_points": 44, "total_points": 120, "visibility_pct": 36.666666666666664 }, "geometry": { "type": "Point", "coordinates": [ -0.722358728592558, 52.00544956597345 ] } },
{ "type": "Feature", "properties": { "visible_points": 40, "total_points": 120, "visibility_pct": 33.333333333333329 }, "geometry": { "type": "Point", "coordinates": [ -0.72215691545317, 52.005447377992688 ] } },
{ "type": "Feature", "properties": { "visible_points": 32, "total_points": 120, "visibility_pct": 26.666666666666668 }, "geometry": { "type": "Point", "coordinates": [ -0.721955102341518, 52.005445189665885 ] } },
{ "type": "Feature", "properties": { "visible_points": 0, "total_points": 118, "visibility_pct": 0.0 }, "geometry": { "type": "Point", "coordinates": [ -0.721753289257621, 52.00544300099304 ] } },
{ "type": "Feature", "properties": { "visible_points": 1, "total_points": 116, "visibility_pct": 0.86206896551724133 }, "geometry": { "type": "Point", "coordinates": [ -0.721551476201465, 52.005440811974154 ] } },
{ "type": "Feature", "properties": { "visible_points": 2, "total_points": 113, "visibility_pct": 1.7699115044247788 }, "geometry": { "type": "Point", "coordinates": [ -0.721349663173074, 52.005438622609219 ] } },
{ "type": "Feature", "properties": { "visible_points": 2, "total_points": 109, "visibility_pct": 1.834862385321101 }, "geometry": { "type": "Point", "coordinates": [ -0.721147850172437, 52.005436432898243 ] } },
{ "type": "Feature", "properties": { "visible_points": 2, "total_points": 102, "visibility_pct": 1.9607843137254901 }, "geometry": { "type": "Point", "coordinates": [ -0.720946037199571, 52.005434242841233 ] } },
{ "type": "Feature", "properties": { "visible_points": 0, "total_points": 93, "visibility_pct": 0.0 }, "geometry": { "type": "Point", "coordinates": [ -0.72074422425447, 52.005432052438181 ] } },
{ "type": "Feature", "properties": { "visible_points": 2, "total_points": 83, "visibility_pct": 2.4096385542168677 }, "geometry": { "type": "Point", "coordinates": [ -0.720542411337145, 52.00542986168908 ] } },
{ "type": "Feature", "properties": { "visible_points": 8, "total_points": 72, "visibility_pct": 11.111111111111111 }, "geometry": { "type": "Point", "coordinates": [ -0.720340598447601, 52.005427670593946 ] } },
{ "type": "Feature", "properties": { "visible_points": 13, "total_points": 83, "visibility_pct": 15.66265060240964 }, "geometry": { "type": "Point", "coordinates": [ -0.727300101129312, 52.005610927073711 ] } },
{ "type": "Feature", "properties": { "visible_points": 1, "total_points": 93, "visibility_pct": 1.0752688172043012 }, "geometry": { "type": "Point", "coordinates": [ -0.727098286777402, 52.005608747571152 ] } },
{ "type": "Feature", "properties": { "visible_points": 2, "total_points": 102, "visibility_pct": 1.9607843137254901 }, "geometry": { "type": "Point", "coordinates": [ -0.726896472453123, 52.005606567722531 ] } },
{ "type": "Feature", "properties": { "visible_points": 4, "total_points": 110, "visibility_pct": 3.6363636363636362 }, "geometry": { "type": "Point", "coordinates": [ -0.726694658156483, 52.005604387527868 ] } },
{ "type": "Feature", "properties": { "visible_points": 58, "total_points": 116, "visibility_pct": 50.0 }, "geometry": { "type": "Point", "coordinates": [ -0.726492843887485, 52.005602206987163 ] } },
{ "type": "Feature", "properties": { "visible_points": 66, "total_points": 120, "visibility_pct": 55.000000000000007 }, "geometry": { "type": "Point", "coordinates": [ -0.726291029646129, 52.005600026100417 ] } },
{ "type": "Feature", "properties": { "visible_points": 77, "total_points": 120, "visibility_pct": 64.166666666666671 }, "geometry": { "type": "Point", "coordinates": [ -0.726089215432423, 52.005597844867637 ] } },
{ "type": "Feature", "properties": { "visible_points": 87, "total_points": 120, "visibility_pct": 72.5 }, "geometry": { "type": "Point", "coordinates": [ -0.725887401246372, 52.005595663288794 ] } },
{ "type": "Feature", "properties": { "visible_points": 94, "total_points": 120, "visibility_pct": 78.333333333333329 }, "geometry": { "type": "Point", "coordinates": [ -0.725685587087979, 52.005593481363903 ] } },
{ "type": "Feature", "properties": { "visible_points": 98, "total_points": 120, "visibility_pct": 81.666666666666671 }, "geometry": { "type": "Point", "coordinates": [ -0.725483772957255, 52.005591299092998 ] } },
{ "type": "Feature", "properties": { "visible_points": 100, "total_points": 120, "visibility_pct": 83.333333333333343 }, "geometry": { "type": "Point", "coordinates": [ -0.725281958854189, 52.005589116476017 ] } },
{ "type": "Feature", "properties": { "visible_points": 95, "total_points": 120, "visibility_pct": 79.166666666666657 }, "geometry": { "type": "Point", "coordinates": [ -0.725080144778803, 52.005586933513008 ] } },
{ "type": "Feature", "properties": { "visible_points": 89, "total_points": 120, "visibility_pct": 74.166666666666671 }, "geometry": { "type": "Point", "coordinates": [ -0.724878330731092, 52.005584750203958 ] } },
{ "type": "Feature", "properties": { "visible_points": 83, "total_points": 120, "visibility_pct": 69.166666666666671 }, "geometry": { "type": "Point", "coordinates": [ -0.724676516711064, 52.005582566548874 ] } },
{ "type": "Feature", "properties": { "visible_points": 75, "total_points": 120, "visibility_pct": 62.5 }, "geometry": { "type": "Point", "coordinates": [ -0.724474702718717, 52.005580382547734 ] } },
{ "type": "Feature", "properties": { "visible_points": 63, "total_points": 120, "visibility_pct": 52.5 }, "geometry": { "type": "Point", "coordinates": [ -0.724272888754065, 52.00557819820056 ] } },
{ "type": "Feature", "properties": { "visible_points": 25, "total_points": 120, "visibility_pct": 20.833333333333336 }, "geometry": { "type": "Point", "coordinates": [ -0.724071074817107, 52.005576013507309 ] } },
{ "type": "Feature", "properties": { "visible_points": 1, "total_points": 120, "visibility_pct": 0.83333333333333337 }, "geometry": { "type": "Point", "coordinates": [ -0.723869260907849, 52.005573828468044 ] } },
{ "type": "Feature", "properties": { "visible_points": 14, "total_points": 120, "visibility_pct": 11.666666666666666 }, "geometry": { "type": "Point", "coordinates": [ -0.723667447026296, 52.005571643082718 ] } },
{ "type": "Feature", "properties": { "visible_points": 0, "total_points": 120, "visibility_pct": 0.0 }, "geometry": { "type": "Point", "coordinates": [ -0.723465633172451, 52.005569457351378 ] } },
{ "type": "Feature", "properties": { "visible_points": 32, "total_points": 120, "visibility_pct": 26.666666666666668 }, "geometry": { "type": "Point", "coordinates": [ -0.723263819346316, 52.005567271273975 ] } },
{ "type": "Feature", "properties": { "visible_points": 43, "total_points": 120, "visibility_pct": 35.833333333333336 }, "geometry": { "type": "Point", "coordinates": [ -0.723062005547906, 52.005565084850517 ] } },
{ "type": "Feature", "properties": { "visible_points": 47, "total_points": 120, "visibility_pct": 39.166666666666664 }, "geometry": { "type": "Point", "coordinates": [ -0.722860191777211, 52.005562898081031 ] } },
{ "type": "Feature", "properties": { "visible_points": 44, "total_points": 120, "visibility_pct": 36.666666666666664 }, "geometry": { "type": "Point", "coordinates": [ -0.722658378034243, 52.005560710965504 ] } },
{ "type": "Feature", "properties": { "visible_points": 42, "total_points": 120, "visibility_pct": 35.0 }, "geometry": { "type": "Point", "coordinates": [ -0.722456564319013, 52.005558523503922 ] } },
{ "type": "Feature", "properties": { "visible_points": 40, "total_points": 120, "visibility_pct": 33.333333333333329 }, "geometry": { "type": "Point", "coordinates": [ -0.722254750631514, 52.005556335696305 ] } },
{ "type": "Feature", "properties": { "visible_points": 30, "total_points": 120, "visibility_pct": 25.0 }, "geometry": { "type": "Point", "coordinates": [ -0.722052936971757, 52.005554147542654 ] } },
{ "type": "Feature", "properties": { "visible_points": 0, "total_points": 120, "visibility_pct": 0.0 }, "geometry": { "type": "Point", "coordinates": [ -0.721851123339744, 52.005551959042947 ] } },
{ "type": "Feature", "properties": { "visible_points": 1, "total_points": 120, "visibility_pct": 0.83333333333333337 }, "geometry": { "type": "Point", "coordinates": [ -0.721649309735479, 52.005549770197192 ] } },
{ "type": "Feature", "properties": { "visible_points": 0, "total_points": 119, "visibility_pct": 0.0 }, "geometry": { "type": "Point", "coordinates": [ -0.721447496158971, 52.005547581005395 ] } },
{ "type": "Feature", "properties": { "visible_points": 0, "total_points": 117, "visibility_pct": 0.0 }, "geometry": { "type": "Point", "coordinates": [ -0.721245682610222, 52.005545391467557 ] } },
{ "type": "Feature", "properties": { "visible_points": 3, "total_points": 114, "visibility_pct": 2.6315789473684208 }, "geometry": { "type": "Point", "coordinates": [ -0.721043869089232, 52.005543201583684 ] } },
{ "type": "Feature", "properties": { "visible_points": 3, "total_points": 105, "visibility_pct": 2.8571428571428572 }, "geometry": { "type": "Point", "coordinates": [ -0.720842055596015, 52.00554101135377 ] } },
{ "type": "Feature", "properties": { "visible_points": 2, "total_points": 95, "visibility_pct": 2.1052631578947367 }, "geometry": { "type": "Point", "coordinates": [ -0.720640242130565, 52.005538820777808 ] } },
{ "type": "Feature", "properties": { "visible_points": 4, "total_points": 84, "visibility_pct": 4.7619047619047619 }, "geometry": { "type": "Point", "coordinates": [ -0.720438428692895, 52.005536629855804 ] } },
{ "type": "Feature", "properties": { "visible_points": 13, "total_points": 73, "visibility_pct": 17.80821917808219 }, "geometry": { "type": "Point", "coordinates": [ -0.720236615283005, 52.005534438587752 ] } },
{ "type": "Feature", "properties": { "visible_points": 9, "total_points": 85, "visibility_pct": 10.588235294117647 }, "geometry": { "type": "Point", "coordinates": [ -0.727397950530132, 52.005719880359813 ] } },
{ "type": "Feature", "properties": { "visible_points": 1, "total_points": 94, "visibility_pct": 1.0638297872340425 }, "geometry": { "type": "Point", "coordinates": [ -0.727196135630161, 52.005717701030399 ] } },
{ "type": "Feature", "properties": { "visible_points": 7, "total_points": 103, "visibility_pct": 6.7961165048543686 }, "geometry": { "type": "Point", "coordinates": [ -0.726994320757824, 52.005715521354972 ] } },
{ "type": "Feature", "properties": { "visible_points": 33, "total_points": 111, "visibility_pct": 29.72972972972973 }, "geometry": { "type": "Point", "coordinates": [ -0.726792505913117, 52.00571334133349 ] } },
{ "type": "Feature", "properties": { "visible_points": 52, "total_points": 117, "visibility_pct": 44.444444444444443 }, "geometry": { "type": "Point", "coordinates": [ -0.726590691096049, 52.005711160965959 ] } },
{ "type": "Feature", "properties": { "visible_points": 61, "total_points": 120, "visibility_pct": 50.833333333333329 }, "geometry": { "type": "Point", "coordinates": [ -0.726388876306627, 52.005708980252379 ] } },
{ "type": "Feature", "properties": { "visible_points": 72, "total_points": 120, "visibility_pct": 60.0 }, "geometry": { "type": "Point", "coordinates": [ -0.726187061544853, 52.005706799192765 ] } },
{ "type": "Feature", "properties": { "visible_points": 84, "total_points": 120, "visibility_pct": 70.0 }, "geometry": { "type": "Point", "coordinates": [ -0.725985246810726, 52.005704617787096 ] } },
{ "type": "Feature", "properties": { "visible_points": 94, "total_points": 120, "visibility_pct": 78.333333333333329 }, "geometry": { "type": "Point", "coordinates": [ -0.725783432104265, 52.005702436035385 ] } },
{ "type": "Feature", "properties": { "visible_points": 102, "total_points": 120, "visibility_pct": 85.0 }, "geometry": { "type": "Point", "coordinates": [ -0.725581617425457, 52.00570025393764 ] } },
{ "type": "Feature", "properties": { "visible_points": 108, "total_points": 120, "visibility_pct": 90.0 }, "geometry": { "type": "Point", "coordinates": [ -0.725379802774315, 52.005698071493832 ] } },
{ "type": "Feature", "properties": { "visible_points": 106, "total_points": 120, "visibility_pct": 88.333333333333329 }, "geometry": { "type": "Point", "coordinates": [ -0.725177988150853, 52.005695888704004 ] } },
{ "type": "Feature", "properties": { "visible_points": 102, "total_points": 120, "visibility_pct": 85.0 }, "geometry": { "type": "Point", "coordinates": [ -0.724976173555055, 52.005693705568099 ] } },
{ "type": "Feature", "properties": { "visible_points": 95, "total_points": 120, "visibility_pct": 79.166666666666657 }, "geometry": { "type": "Point", "coordinates": [ -0.724774358986939, 52.005691522086146 ] } },
{ "type": "Feature", "properties": { "visible_points": 89, "total_points": 120, "visibility_pct": 74.166666666666671 }, "geometry": { "type": "Point", "coordinates": [ -0.72457254444651, 52.005689338258186 ] } },
{ "type": "Feature", "properties": { "visible_points": 82, "total_points": 120, "visibility_pct": 68.333333333333329 }, "geometry": { "type": "Point", "coordinates": [ -0.724370729933768, 52.005687154084164 ] } },
{ "type": "Feature", "properties": { "visible_points": 74, "total_points": 120, "visibility_pct": 61.666666666666671 }, "geometry": { "type": "Point", "coordinates": [ -0.724168915448719, 52.005684969564093 ] } },
{ "type": "Feature", "properties": { "visible_points": 63, "total_points": 120, "visibility_pct": 52.5 }, "geometry": { "type": "Point", "coordinates": [ -0.723967100991368, 52.005682784697974 ] } },
{ "type": "Feature", "properties": { "visible_points": 46, "total_points": 120, "visibility_pct": 38.333333333333336 }, "geometry": { "type": "Point", "coordinates": [ -0.72376528656172, 52.005680599485814 ] } },
{ "type": "Feature", "properties": { "visible_points": 0, "total_points": 120, "visibility_pct": 0.0 }, "geometry": { "type": "Point", "coordinates": [ -0.723563472159777, 52.005678413927619 ] } },
{ "type": "Feature", "properties": { "visible_points": 0, "total_points": 120, "visibility_pct": 0.0 }, "geometry": { "type": "Point", "coordinates": [ -0.723361657785548, 52.005676228023361 ] } },
{ "type": "Feature", "properties": { "visible_points": 0, "total_points": 120, "visibility_pct": 0.0 }, "geometry": { "type": "Point", "coordinates": [ -0.723159843439029, 52.005674041773077 ] } },
{ "type": "Feature", "properties": { "visible_points": 0, "total_points": 120, "visibility_pct": 0.0 }, "geometry": { "type": "Point", "coordinates": [ -0.722958029120238, 52.005671855176736 ] } },
{ "type": "Feature", "properties": { "visible_points": 35, "total_points": 120, "visibility_pct": 29.166666666666668 }, "geometry": { "type": "Point", "coordinates": [ -0.722756214829166, 52.005669668234354 ] } },
{ "type": "Feature", "properties": { "visible_points": 36, "total_points": 120, "visibility_pct": 30.0 }, "geometry": { "type": "Point", "coordinates": [ -0.722554400565825, 52.005667480945924 ] } },
{ "type": "Feature", "properties": { "visible_points": 34, "total_points": 120, "visibility_pct": 28.333333333333332 }, "geometry": { "type": "Point", "coordinates": [ -0.722352586330217, 52.005665293311438 ] } },
{ "type": "Feature", "properties": { "visible_points": 0, "total_points": 120, "visibility_pct": 0.0 }, "geometry": { "type": "Point", "coordinates": [ -0.722150772122348, 52.005663105330939 ] } },
{ "type": "Feature", "properties": { "visible_points": 0, "total_points": 120, "visibility_pct": 0.0 }, "geometry": { "type": "Point", "coordinates": [ -0.721948957942224, 52.005660917004363 ] } },
{ "type": "Feature", "properties": { "visible_points": 0, "total_points": 120, "visibility_pct": 0.0 }, "geometry": { "type": "Point", "coordinates": [ -0.721747143789847, 52.005658728331767 ] } },
{ "type": "Feature", "properties": { "visible_points": 1, "total_points": 120, "visibility_pct": 0.83333333333333337 }, "geometry": { "type": "Point", "coordinates": [ -0.721545329665217, 52.005656539313108 ] } },
{ "type": "Feature", "properties": { "visible_points": 0, "total_points": 120, "visibility_pct": 0.0 }, "geometry": { "type": "Point", "coordinates": [ -0.721343515568353, 52.005654349948422 ] } },
{ "type": "Feature", "properties": { "visible_points": 0, "total_points": 120, "visibility_pct": 0.0 }, "geometry": { "type": "Point", "coordinates": [ -0.721141701499239, 52.005652160237673 ] } },
{ "type": "Feature", "properties": { "visible_points": 4, "total_points": 116, "visibility_pct": 3.4482758620689653 }, "geometry": { "type": "Point", "coordinates": [ -0.720939887457897, 52.005649970180883 ] } },
{ "type": "Feature", "properties": { "visible_points": 4, "total_points": 107, "visibility_pct": 3.7383177570093453 }, "geometry": { "type": "Point", "coordinates": [ -0.720738073444325, 52.005647779778059 ] } },
{ "type": "Feature", "properties": { "visible_points": 4, "total_points": 96, "visibility_pct": 4.1666666666666661 }, "geometry": { "type": "Point", "coordinates": [ -0.720536259458525, 52.005645589029193 ] } },
{ "type": "Feature", "properties": { "visible_points": 0, "total_points": 84, "visibility_pct": 0.0 }, "geometry": { "type": "Point", "coordinates": [ -0.720334445500507, 52.005643397934264 ] } },
{ "type": "Feature", "properties": { "visible_points": 0, "total_points": 86, "visibility_pct": 0.0 }, "geometry": { "type": "Point", "coordinates": [ -0.727495800451374, 52.005828833557374 ] } },
{ "type": "Feature", "properties": { "visible_points": 0, "total_points": 96, "visibility_pct": 0.0 }, "geometry": { "type": "Point", "coordinates": [ -0.727293985003342, 52.005826654401162 ] } },
{ "type": "Feature", "properties": { "visible_points": 18, "total_points": 104, "visibility_pct": 17.307692307692307 }, "geometry": { "type": "Point", "coordinates": [ -0.727092169582936, 52.005824474898901 ] } },
{ "type": "Feature", "properties": { "visible_points": 33, "total_points": 112, "visibility_pct": 29.464285714285715 }, "geometry": { "type": "Point", "coordinates": [ -0.726890354190164, 52.005822295050585 ] } },
{ "type": "Feature", "properties": { "visible_points": 45, "total_points": 118, "visibility_pct": 38.135593220338983 }, "geometry": { "type": "Point", "coordinates": [ -0.72668853882503, 52.005820114856242 ] } },
{ "type": "Feature", "properties": { "visible_points": 54, "total_points": 120, "visibility_pct": 45.0 }, "geometry": { "type": "Point", "coordinates": [ -0.726486723487535, 52.005817934315836 ] } },
{ "type": "Feature", "properties": { "visible_points": 65, "total_points": 120, "visibility_pct": 54.166666666666664 }, "geometry": { "type": "Point", "coordinates": [ -0.726284908177684, 52.005815753429395 ] } },
{ "type": "Feature", "properties": { "visible_points": 77, "total_points": 120, "visibility_pct": 64.166666666666671 }, "geometry": { "type": "Point", "coordinates": [ -0.726083092895489, 52.005813572196899 ] } },
{ "type": "Feature", "properties": { "visible_points": 88, "total_points": 120, "visibility_pct": 73.333333333333329 }, "geometry": { "type": "Point", "coordinates": [ -0.725881277640944, 52.005811390618355 ] } },
{ "type": "Feature", "properties": { "visible_points": 99, "total_points": 120, "visibility_pct": 82.5 }, "geometry": { "type": "Point", "coordinates": [ -0.725679462414061, 52.005809208693769 ] } },
{ "type": "Feature", "properties": { "visible_points": 110, "total_points": 120, "visibility_pct": 91.666666666666657 }, "geometry": { "type": "Point", "coordinates": [ -0.72547764721484, 52.005807026423149 ] } },
{ "type": "Feature", "properties": { "visible_points": 110, "total_points": 120, "visibility_pct": 91.666666666666657 }, "geometry": { "type": "Point", "coordinates": [ -0.72527583204329, 52.005804843806473 ] } },
{ "type": "Feature", "properties": { "visible_points": 108, "total_points": 120, "visibility_pct": 90.0 }, "geometry": { "type": "Point", "coordinates": [ -0.725074016899409, 52.005802660843749 ] } },
{ "type": "Feature", "properties": { "visible_points": 106, "total_points": 120, "visibility_pct": 88.333333333333329 }, "geometry": { "type": "Point", "coordinates": [ -0.724872201783208, 52.005800477534947 ] } },
{ "type": "Feature", "properties": { "visible_points": 101, "total_points": 120, "visibility_pct": 84.166666666666671 }, "geometry": { "type": "Point", "coordinates": [ -0.724670386694692, 52.005798293880154 ] } },
{ "type": "Feature", "properties": { "visible_points": 95, "total_points": 120, "visibility_pct": 79.166666666666657 }, "geometry": { "type": "Point", "coordinates": [ -0.724468571633856, 52.005796109879284 ] } },
{ "type": "Feature", "properties": { "visible_points": 90, "total_points": 120, "visibility_pct": 75.0 }, "geometry": { "type": "Point", "coordinates": [ -0.724266756600715, 52.005793925532387 ] } },
{ "type": "Feature", "properties": { "visible_points": 83, "total_points": 120, "visibility_pct": 69.166666666666671 }, "geometry": { "type": "Point", "coordinates": [ -0.724064941595269, 52.005791740839413 ] } },
{ "type": "Feature", "properties": { "visible_points": 74, "total_points": 120, "visibility_pct": 61.666666666666671 }, "geometry": { "type": "Point", "coordinates": [ -0.723863126617521, 52.005789555800412 ] } },
{ "type": "Feature", "properties": { "visible_points": 63, "total_points": 120, "visibility_pct": 52.5 }, "geometry": { "type": "Point", "coordinates": [ -0.723661311667482, 52.005787370415362 ] } },
{ "type": "Feature", "properties": { "visible_points": 54, "total_points": 120, "visibility_pct": 45.0 }, "geometry": { "type": "Point", "coordinates": [ -0.723459496745147, 52.005785184684285 ] } },
{ "type": "Feature", "properties": { "visible_points": 0, "total_points": 120, "visibility_pct": 0.0 }, "geometry": { "type": "Point", "coordinates": [ -0.723257681850532, 52.005782998607131 ] } },
{ "type": "Feature", "properties": { "visible_points": 30, "total_points": 120, "visibility_pct": 25.0 }, "geometry": { "type": "Point", "coordinates": [ -0.723055866983631, 52.005780812183936 ] } },
{ "type": "Feature", "properties": { "visible_points": 3, "total_points": 120, "visibility_pct": 2.5 }, "geometry": { "type": "Point", "coordinates": [ -0.722854052144452, 52.005778625414699 ] } },
{ "type": "Feature", "properties": { "visible_points": 0, "total_points": 120, "visibility_pct": 0.0 }, "geometry": { "type": "Point", "coordinates": [ -0.722652237333002, 52.005776438299435 ] } },
{ "type": "Feature", "properties": { "visible_points": 21, "total_points": 120, "visibility_pct": 17.5 }, "geometry": { "type": "Point", "coordinates": [ -0.722450422549283, 52.005774250838108 ] } },
{ "type": "Feature", "properties": { "visible_points": 0, "total_points": 120, "visibility_pct": 0.0 }, "geometry": { "type": "Point", "coordinates": [ -0.722248607793301, 52.005772063030733 ] } },
{ "type": "Feature", "properties": { "visible_points": 0, "total_points": 120, "visibility_pct": 0.0 }, "geometry": { "type": "Point", "coordinates": [ -0.722046793065061, 52.005769874877316 ] } },
{ "type": "Feature", "properties": { "visible_points": 0, "total_points": 120, "visibility_pct": 0.0 }, "geometry": { "type": "Point", "coordinates": [ -0.721844978364566, 52.005767686377858 ] } },
{ "type": "Feature", "properties": { "visible_points": 0, "total_points": 120, "visibility_pct": 0.0 }, "geometry": { "type": "Point", "coordinates": [ -0.721643163691816, 52.005765497532337 ] } },
{ "type": "Feature", "properties": { "visible_points": 0, "total_points": 120, "visibility_pct": 0.0 }, "geometry": { "type": "Point", "coordinates": [ -0.721441349046828, 52.005763308340782 ] } },
{ "type": "Feature", "properties": { "visible_points": 1, "total_points": 120, "visibility_pct": 0.83333333333333337 }, "geometry": { "type": "Point", "coordinates": [ -0.721239534429596, 52.005761118803179 ] } },
{ "type": "Feature", "properties": { "visible_points": 5, "total_points": 120, "visibility_pct": 4.1666666666666661 }, "geometry": { "type": "Point", "coordinates": [ -0.721037719840125, 52.005758928919541 ] } },
{ "type": "Feature", "properties": { "visible_points": 4, "total_points": 116, "visibility_pct": 3.4482758620689653 }, "geometry": { "type": "Point", "coordinates": [ -0.720835905278426, 52.00575673868984 ] } },
{ "type": "Feature", "properties": { "visible_points": 2, "total_points": 106, "visibility_pct": 1.8867924528301887 }, "geometry": { "type": "Point", "coordinates": [ -0.720634090744498, 52.005754548114105 ] } },
{ "type": "Feature", "properties": { "visible_points": 3, "total_points": 94, "visibility_pct": 3.1914893617021276 }, "geometry": { "type": "Point", "coordinates": [ -0.720432276238347, 52.005752357192321 ] } },
{ "type": "Feature", "properties": { "visible_points": 15, "total_points": 82, "visibility_pct": 18.292682926829269 }, "geometry": { "type": "Point", "coordinates": [ -0.720230461759977, 52.005750165924496 ] } },
{ "type": "Feature", "properties": { "visible_points": 8, "total_points": 74, "visibility_pct": 10.810810810810811 }, "geometry": { "type": "Point", "coordinates": [ -0.727795466916758, 52.005939965303412 ] } },
{ "type": "Feature", "properties": { "visible_points": 0, "total_points": 86, "visibility_pct": 0.0 }, "geometry": { "type": "Point", "coordinates": [ -0.727593650893042, 52.005937786666429 ] } },
{ "type": "Feature", "properties": { "visible_points": 0, "total_points": 97, "visibility_pct": 0.0 }, "geometry": { "type": "Point", "coordinates": [ -0.727391834896945, 52.005935607683405 ] } },
{ "type": "Feature", "properties": { "visible_points": 18, "total_points": 106, "visibility_pct": 16.981132075471699 }, "geometry": { "type": "Point", "coordinates": [ -0.727190018928473, 52.005933428354311 ] } },
{ "type": "Feature", "properties": { "visible_points": 27, "total_points": 113, "visibility_pct": 23.893805309734514 }, "geometry": { "type": "Point", "coordinates": [ -0.72698820298763, 52.005931248679204 ] } },
{ "type": "Feature", "properties": { "visible_points": 37, "total_points": 119, "visibility_pct": 31.092436974789916 }, "geometry": { "type": "Point", "coordinates": [ -0.726786387074427, 52.005929068658027 ] } },
{ "type": "Feature", "properties": { "visible_points": 48, "total_points": 120, "visibility_pct": 40.0 }, "geometry": { "type": "Point", "coordinates": [ -0.726584571188856, 52.005926888290794 ] } },
{ "type": "Feature", "properties": { "visible_points": 57, "total_points": 120, "visibility_pct": 47.5 }, "geometry": { "type": "Point", "coordinates": [ -0.726382755330935, 52.005924707577506 ] } },
{ "type": "Feature", "properties": { "visible_points": 67, "total_points": 120, "visibility_pct": 55.833333333333336 }, "geometry": { "type": "Point", "coordinates": [ -0.726180939500658, 52.005922526518198 ] } },
{ "type": "Feature", "properties": { "visible_points": 79, "total_points": 120, "visibility_pct": 65.833333333333329 }, "geometry": { "type": "Point", "coordinates": [ -0.725979123698036, 52.005920345112827 ] } },
{ "type": "Feature", "properties": { "visible_points": 91, "total_points": 120, "visibility_pct": 75.833333333333329 }, "geometry": { "type": "Point", "coordinates": [ -0.725777307923074, 52.005918163361414 ] } },
{ "type": "Feature", "properties": { "visible_points": 99, "total_points": 120, "visibility_pct": 82.5 }, "geometry": { "type": "Point", "coordinates": [ -0.725575492175765, 52.005915981263954 ] } },
{ "type": "Feature", "properties": { "visible_points": 106, "total_points": 120, "visibility_pct": 88.333333333333329 }, "geometry": { "type": "Point", "coordinates": [ -0.725373676456129, 52.005913798820437 ] } },
{ "type": "Feature", "properties": { "visible_points": 110, "total_points": 120, "visibility_pct": 91.666666666666657 }, "geometry": { "type": "Point", "coordinates": [ -0.725171860764165, 52.005911616030872 ] } },
{ "type": "Feature", "properties": { "visible_points": 111, "total_points": 120, "visibility_pct": 92.5 }, "geometry": { "type": "Point", "coordinates": [ -0.724970045099871, 52.005909432895258 ] } },
{ "type": "Feature", "properties": { "visible_points": 110, "total_points": 120, "visibility_pct": 91.666666666666657 }, "geometry": { "type": "Point", "coordinates": [ -0.724768229463262, 52.005907249413617 ] } },
{ "type": "Feature", "properties": { "visible_points": 107, "total_points": 120, "visibility_pct": 89.166666666666671 }, "geometry": { "type": "Point", "coordinates": [ -0.724566413854335, 52.005905065585907 ] } },
{ "type": "Feature", "properties": { "visible_points": 101, "total_points": 120, "visibility_pct": 84.166666666666671 }, "geometry": { "type": "Point", "coordinates": [ -0.724364598273099, 52.005902881412162 ] } },
{ "type": "Feature", "properties": { "visible_points": 93, "total_points": 120, "visibility_pct": 77.5 }, "geometry": { "type": "Point", "coordinates": [ -0.724162782719553, 52.005900696892354 ] } },
{ "type": "Feature", "properties": { "visible_points": 88, "total_points": 120, "visibility_pct": 73.333333333333329 }, "geometry": { "type": "Point", "coordinates": [ -0.723960967193711, 52.005898512026519 ] } },
{ "type": "Feature", "properties": { "visible_points": 77, "total_points": 120, "visibility_pct": 64.166666666666671 }, "geometry": { "type": "Point", "coordinates": [ -0.723759151695564, 52.005896326814636 ] } },
{ "type": "Feature", "properties": { "visible_points": 67, "total_points": 120, "visibility_pct": 55.833333333333336 }, "geometry": { "type": "Point", "coordinates": [ -0.723557336225132, 52.005894141256704 ] } },
{ "type": "Feature", "properties": { "visible_points": 57, "total_points": 120, "visibility_pct": 47.5 }, "geometry": { "type": "Point", "coordinates": [ -0.723355520782406, 52.005891955352709 ] } },
{ "type": "Feature", "properties": { "visible_points": 48, "total_points": 120, "visibility_pct": 40.0 }, "geometry": { "type": "Point", "coordinates": [ -0.723153705367396, 52.005889769102659 ] } },
{ "type": "Feature", "properties": { "visible_points": 36, "total_points": 120, "visibility_pct": 30.0 }, "geometry": { "type": "Point", "coordinates": [ -0.722951889980112, 52.005887582506588 ] } },
{ "type": "Feature", "properties": { "visible_points": 19, "total_points": 120, "visibility_pct": 15.833333333333332 }, "geometry": { "type": "Point", "coordinates": [ -0.722750074620549, 52.005885395564462 ] } },
{ "type": "Feature", "properties": { "visible_points": 2, "total_points": 120, "visibility_pct": 1.6666666666666667 }, "geometry": { "type": "Point", "coordinates": [ -0.722548259288715, 52.005883208276288 ] } },
{ "type": "Feature", "properties": { "visible_points": 8, "total_points": 120, "visibility_pct": 6.666666666666667 }, "geometry": { "type": "Point", "coordinates": [ -0.722346443984619, 52.00588102064205 ] } },
{ "type": "Feature", "properties": { "visible_points": 6, "total_points": 120, "visibility_pct": 5.0 }, "geometry": { "type": "Point", "coordinates": [ -0.722144628708259, 52.005878832661779 ] } },
{ "type": "Feature", "properties": { "visible_points": 4, "total_points": 120, "visibility_pct": 3.3333333333333335 }, "geometry": { "type": "Point", "coordinates": [ -0.721942813459643, 52.005876644335473 ] } },
{ "type": "Feature", "properties": { "visible_points": 0, "total_points": 120, "visibility_pct": 0.0 }, "geometry": { "type": "Point", "coordinates": [ -0.721740998238778, 52.005874455663097 ] } },
{ "type": "Feature", "properties": { "visible_points": 0, "total_points": 120, "visibility_pct": 0.0 }, "geometry": { "type": "Point", "coordinates": [ -0.721539183045658, 52.005872266644687 ] } },
{ "type": "Feature", "properties": { "visible_points": 0, "total_points": 120, "visibility_pct": 0.0 }, "geometry": { "type": "Point", "coordinates": [ -0.721337367880303, 52.005870077280214 ] } },
{ "type": "Feature", "properties": { "visible_points": 6, "total_points": 120, "visibility_pct": 5.0 }, "geometry": { "type": "Point", "coordinates": [ -0.721135552742705, 52.005867887569714 ] } },
{ "type": "Feature", "properties": { "visible_points": 4, "total_points": 119, "visibility_pct": 3.3613445378151261 }, "geometry": { "type": "Point", "coordinates": [ -0.720933737632875, 52.005865697513158 ] } },
{ "type": "Feature", "properties": { "visible_points": 6, "total_points": 113, "visibility_pct": 5.3097345132743365 }, "geometry": { "type": "Point", "coordinates": [ -0.720731922550816, 52.005863507110547 ] } },
{ "type": "Feature", "properties": { "visible_points": 4, "total_points": 103, "visibility_pct": 3.8834951456310676 }, "geometry": { "type": "Point", "coordinates": [ -0.72053010749653, 52.005861316361894 ] } },
{ "type": "Feature", "properties": { "visible_points": 0, "total_points": 91, "visibility_pct": 0.0 }, "geometry": { "type": "Point", "coordinates": [ -0.720328292470024, 52.0058591252672 ] } },
{ "type": "Feature", "properties": { "visible_points": 15, "total_points": 78, "visibility_pct": 19.230769230769234 }, "geometry": { "type": "Point", "coordinates": [ -0.720126477471305, 52.005856933826465 ] } },
{ "type": "Feature", "properties": { "visible_points": 8, "total_points": 71, "visibility_pct": 11.267605633802818 }, "geometry": { "type": "Point", "coordinates": [ -0.727893318426922, 52.006048918150775 ] } },
{ "type": "Feature", "properties": { "visible_points": 0, "total_points": 84, "visibility_pct": 0.0 }, "geometry": { "type": "Point", "coordinates": [ -0.727691501855138, 52.006046739686973 ] } },
{ "type": "Feature", "properties": { "visible_points": 0, "total_points": 97, "visibility_pct": 0.0 }, "geometry": { "type": "Point", "coordinates": [ -0.727489685310975, 52.006044560877115 ] } },
{ "type": "Feature", "properties": { "visible_points": 0, "total_points": 107, "visibility_pct": 0.0 }, "geometry": { "type": "Point", "coordinates": [ -0.727287868794434, 52.00604238172123 ] } },
{ "type": "Feature", "properties": { "visible_points": 23, "total_points": 114, "visibility_pct": 20.175438596491226 }, "geometry": { "type": "Point", "coordinates": [ -0.727086052305524, 52.006040202219268 ] } },
{ "type": "Feature", "properties": { "visible_points": 30, "total_points": 120, "visibility_pct": 25.0 }, "geometry": { "type": "Point", "coordinates": [ -0.726884235844242, 52.006038022371271 ] } },
{ "type": "Feature", "properties": { "visible_points": 39, "total_points": 120, "visibility_pct": 32.5 }, "geometry": { "type": "Point", "coordinates": [ -0.726682419410598, 52.006035842177226 ] } },
{ "type": "Feature", "properties": { "visible_points": 49, "total_points": 120, "visibility_pct": 40.833333333333336 }, "geometry": { "type": "Point", "coordinates": [ -0.726480603004595, 52.00603366163714 ] } },
{ "type": "Feature", "properties": { "visible_points": 56, "total_points": 120, "visibility_pct": 46.666666666666664 }, "geometry": { "type": "Point", "coordinates": [ -0.726278786626242, 52.006031480750984 ] } },
{ "type": "Feature", "properties": { "visible_points": 67, "total_points": 120, "visibility_pct": 55.833333333333336 }, "geometry": { "type": "Point", "coordinates": [ -0.726076970275536, 52.006029299518772 ] } },
{ "type": "Feature", "properties": { "visible_points": 79, "total_points": 120, "visibility_pct": 65.833333333333329 }, "geometry": { "type": "Point", "coordinates": [ -0.725875153952488, 52.006027117940533 ] } },
{ "type": "Feature", "properties": { "visible_points": 89, "total_points": 120, "visibility_pct": 74.166666666666671 }, "geometry": { "type": "Point", "coordinates": [ -0.7256733376571, 52.006024936016246 ] } },
{ "type": "Feature", "properties": { "visible_points": 96, "total_points": 120, "visibility_pct": 80.0 }, "geometry": { "type": "Point", "coordinates": [ -0.725471521389372, 52.006022753745903 ] } },
{ "type": "Feature", "properties": { "visible_points": 104, "total_points": 120, "visibility_pct": 86.666666666666671 }, "geometry": { "type": "Point", "coordinates": [ -0.72526970514932, 52.006020571129518 ] } },
{ "type": "Feature", "properties": { "visible_points": 112, "total_points": 120, "visibility_pct": 93.333333333333329 }, "geometry": { "type": "Point", "coordinates": [ -0.725067888936936, 52.006018388167078 ] } },
{ "type": "Feature", "properties": { "visible_points": 112, "total_points": 120, "visibility_pct": 93.333333333333329 }, "geometry": { "type": "Point", "coordinates": [ -0.724866072752231, 52.006016204858575 ] } },
{ "type": "Feature", "properties": { "visible_points": 113, "total_points": 120, "visibility_pct": 94.166666666666671 }, "geometry": { "type": "Point", "coordinates": [ -0.724664256595206, 52.006014021204038 ] } },
{ "type": "Feature", "properties": { "visible_points": 112, "total_points": 120, "visibility_pct": 93.333333333333329 }, "geometry": { "type": "Point", "coordinates": [ -0.724462440465873, 52.006011837203459 ] } },
{ "type": "Feature", "properties": { "visible_points": 104, "total_points": 120, "visibility_pct": 86.666666666666671 }, "geometry": { "type": "Point", "coordinates": [ -0.724260624364232, 52.006009652856804 ] } },
{ "type": "Feature", "properties": { "visible_points": 98, "total_points": 120, "visibility_pct": 81.666666666666671 }, "geometry": { "type": "Point", "coordinates": [ -0.724058808290284, 52.006007468164135 ] } },
{ "type": "Feature", "properties": { "visible_points": 90, "total_points": 120, "visibility_pct": 75.0 }, "geometry": { "type": "Point", "coordinates": [ -0.723856992244032, 52.006005283125404 ] } },
{ "type": "Feature", "properties": { "visible_points": 80, "total_points": 120, "visibility_pct": 66.666666666666657 }, "geometry": { "type": "Point", "coordinates": [ -0.723655176225496, 52.00600309774061 ] } },
{ "type": "Feature", "properties": { "visible_points": 69, "total_points": 120, "visibility_pct": 57.5 }, "geometry": { "type": "Point", "coordinates": [ -0.72345336023466, 52.006000912009767 ] } },
{ "type": "Feature", "properties": { "visible_points": 57, "total_points": 120, "visibility_pct": 47.5 }, "geometry": { "type": "Point", "coordinates": [ -0.723251544271541, 52.005998725932891 ] } },
{ "type": "Feature", "properties": { "visible_points": 46, "total_points": 120, "visibility_pct": 38.333333333333336 }, "geometry": { "type": "Point", "coordinates": [ -0.723049728336144, 52.005996539509972 ] } },
{ "type": "Feature", "properties": { "visible_points": 37, "total_points": 120, "visibility_pct": 30.833333333333336 }, "geometry": { "type": "Point", "coordinates": [ -0.722847912428466, 52.005994352740991 ] } },
{ "type": "Feature", "properties": { "visible_points": 29, "total_points": 120, "visibility_pct": 24.166666666666668 }, "geometry": { "type": "Point", "coordinates": [ -0.722646096548522, 52.005992165625969 ] } },
{ "type": "Feature", "properties": { "visible_points": 10, "total_points": 120, "visibility_pct": 8.3333333333333321 }, "geometry": { "type": "Point", "coordinates": [ -0.722444280696301, 52.005989978164884 ] } },
{ "type": "Feature", "properties": { "visible_points": 12, "total_points": 120, "visibility_pct": 10.0 }, "geometry": { "type": "Point", "coordinates": [ -0.722242464871823, 52.005987790357764 ] } },
{ "type": "Feature", "properties": { "visible_points": 8, "total_points": 120, "visibility_pct": 6.666666666666667 }, "geometry": { "type": "Point", "coordinates": [ -0.722040649075086, 52.005985602204589 ] } },
{ "type": "Feature", "properties": { "visible_points": 3, "total_points": 120, "visibility_pct": 2.5 }, "geometry": { "type": "Point", "coordinates": [ -0.721838833306093, 52.00598341370538 ] } },
{ "type": "Feature", "properties": { "visible_points": 2, "total_points": 120, "visibility_pct": 1.6666666666666667 }, "geometry": { "type": "Point", "coordinates": [ -0.721637017564852, 52.005981224860093 ] } },
{ "type": "Feature", "properties": { "visible_points": 1, "total_points": 120, "visibility_pct": 0.83333333333333337 }, "geometry": { "type": "Point", "coordinates": [ -0.721435201851366, 52.005979035668773 ] } },
{ "type": "Feature", "properties": { "visible_points": 4, "total_points": 120, "visibility_pct": 3.3333333333333335 }, "geometry": { "type": "Point", "coordinates": [ -0.721233386165639, 52.005976846131418 ] } },
{ "type": "Feature", "properties": { "visible_points": 3, "total_points": 120, "visibility_pct": 2.5 }, "geometry": { "type": "Point", "coordinates": [ -0.721031570507675, 52.005974656247979 ] } },
{ "type": "Feature", "properties": { "visible_points": 2, "total_points": 117, "visibility_pct": 1.7094017094017095 }, "geometry": { "type": "Point", "coordinates": [ -0.720829754877479, 52.005972466018541 ] } },
{ "type": "Feature", "properties": { "visible_points": 1, "total_points": 109, "visibility_pct": 0.91743119266055051 }, "geometry": { "type": "Point", "coordinates": [ -0.720627939275061, 52.005970275443012 ] } },
{ "type": "Feature", "properties": { "visible_points": 7, "total_points": 98, "visibility_pct": 7.1428571428571423 }, "geometry": { "type": "Point", "coordinates": [ -0.720426123700415, 52.005968084521456 ] } },
{ "type": "Feature", "properties": { "visible_points": 17, "total_points": 86, "visibility_pct": 19.767441860465116 }, "geometry": { "type": "Point", "coordinates": [ -0.720224308153555, 52.005965893253844 ] } },
{ "type": "Feature", "properties": { "visible_points": 3, "total_points": 65, "visibility_pct": 4.6153846153846159 }, "geometry": { "type": "Point", "coordinates": [ -0.727991170457524, 52.006157870909611 ] } },
{ "type": "Feature", "properties": { "visible_points": 1, "total_points": 78, "visibility_pct": 1.2820512820512819 }, "geometry": { "type": "Point", "coordinates": [ -0.727789353337671, 52.006155692618997 ] } },
{ "type": "Feature", "properties": { "visible_points": 0, "total_points": 91, "visibility_pct": 0.0 }, "geometry": { "type": "Point", "coordinates": [ -0.727587536245439, 52.006153513982326 ] } },
{ "type": "Feature", "properties": { "visible_points": 0, "total_points": 104, "visibility_pct": 0.0 }, "geometry": { "type": "Point", "coordinates": [ -0.727385719180824, 52.006151334999593 ] } },
{ "type": "Feature", "properties": { "visible_points": 13, "total_points": 115, "visibility_pct": 11.304347826086957 }, "geometry": { "type": "Point", "coordinates": [ -0.727183902143841, 52.006149155670833 ] } },
{ "type": "Feature", "properties": { "visible_points": 8, "total_points": 120, "visibility_pct": 6.666666666666667 }, "geometry": { "type": "Point", "coordinates": [ -0.726982085134482, 52.00614697599601 ] } },
{ "type": "Feature", "properties": { "visible_points": 0, "total_points": 120, "visibility_pct": 0.0 }, "geometry": { "type": "Point", "coordinates": [ -0.726780268152763, 52.006144795975139 ] } },
{ "type": "Feature", "properties": { "visible_points": 36, "total_points": 120, "visibility_pct": 30.0 }, "geometry": { "type": "Point", "coordinates": [ -0.726578451198679, 52.006142615608226 ] } },
{ "type": "Feature", "properties": { "visible_points": 45, "total_points": 120, "visibility_pct": 37.5 }, "geometry": { "type": "Point", "coordinates": [ -0.726376634272243, 52.006140434895258 ] } },
{ "type": "Feature", "properties": { "visible_points": 52, "total_points": 120, "visibility_pct": 43.333333333333336 }, "geometry": { "type": "Point", "coordinates": [ -0.726174817373455, 52.006138253836241 ] } },
{ "type": "Feature", "properties": { "visible_points": 65, "total_points": 120, "visibility_pct": 54.166666666666664 }, "geometry": { "type": "Point", "coordinates": [ -0.72597300050232, 52.006136072431168 ] } },
{ "type": "Feature", "properties": { "visible_points": 75, "total_points": 120, "visibility_pct": 62.5 }, "geometry": { "type": "Point", "coordinates": [ -0.725771183658842, 52.006133890680047 ] } },
{ "type": "Feature", "properties": { "visible_points": 85, "total_points": 120, "visibility_pct": 70.833333333333343 }, "geometry": { "type": "Point", "coordinates": [ -0.725569366843029, 52.006131708582878 ] } },
{ "type": "Feature", "properties": { "visible_points": 95, "total_points": 120, "visibility_pct": 79.166666666666657 }, "geometry": { "type": "Point", "coordinates": [ -0.725367550054879, 52.006129526139652 ] } },
{ "type": "Feature", "properties": { "visible_points": 106, "total_points": 120, "visibility_pct": 88.333333333333329 }, "geometry": { "type": "Point", "coordinates": [ -0.725165733294402, 52.006127343350371 ] } },
{ "type": "Feature", "properties": { "visible_points": 111, "total_points": 120, "visibility_pct": 92.5 }, "geometry": { "type": "Point", "coordinates": [ -0.724963916561602, 52.006125160215042 ] } },
{ "type": "Feature", "properties": { "visible_points": 114, "total_points": 120, "visibility_pct": 95.0 }, "geometry": { "type": "Point", "coordinates": [ -0.724762099856481, 52.006122976733671 ] } },
{ "type": "Feature", "properties": { "visible_points": 116, "total_points": 120, "visibility_pct": 96.666666666666671 }, "geometry": { "type": "Point", "coordinates": [ -0.724560283179046, 52.006120792906252 ] } },
{ "type": "Feature", "properties": { "visible_points": 113, "total_points": 120, "visibility_pct": 94.166666666666671 }, "geometry": { "type": "Point", "coordinates": [ -0.724358466529301, 52.006118608732763 ] } },
{ "type": "Feature", "properties": { "visible_points": 106, "total_points": 120, "visibility_pct": 88.333333333333329 }, "geometry": { "type": "Point", "coordinates": [ -0.724156649907249, 52.006116424213246 ] } },
{ "type": "Feature", "properties": { "visible_points": 100, "total_points": 120, "visibility_pct": 83.333333333333343 }, "geometry": { "type": "Point", "coordinates": [ -0.723954833312893, 52.006114239347667 ] } },
{ "type": "Feature", "properties": { "visible_points": 89, "total_points": 120, "visibility_pct": 74.166666666666671 }, "geometry": { "type": "Point", "coordinates": [ -0.723753016746244, 52.00611205413604 ] } },
{ "type": "Feature", "properties": { "visible_points": 80, "total_points": 120, "visibility_pct": 66.666666666666657 }, "geometry": { "type": "Point", "coordinates": [ -0.723551200207302, 52.006109868578363 ] } },
{ "type": "Feature", "properties": { "visible_points": 66, "total_points": 120, "visibility_pct": 55.000000000000007 }, "geometry": { "type": "Point", "coordinates": [ -0.723349383696069, 52.006107682674646 ] } },
{ "type": "Feature", "properties": { "visible_points": 55, "total_points": 120, "visibility_pct": 45.833333333333329 }, "geometry": { "type": "Point", "coordinates": [ -0.72314756721256, 52.006105496424865 ] } },
{ "type": "Feature", "properties": { "visible_points": 44, "total_points": 120, "visibility_pct": 36.666666666666664 }, "geometry": { "type": "Point", "coordinates": [ -0.722945750756762, 52.006103309829044 ] } },
{ "type": "Feature", "properties": { "visible_points": 36, "total_points": 120, "visibility_pct": 30.0 }, "geometry": { "type": "Point", "coordinates": [ -0.722743934328698, 52.006101122887173 ] } },
{ "type": "Feature", "properties": { "visible_points": 26, "total_points": 120, "visibility_pct": 21.666666666666668 }, "geometry": { "type": "Point", "coordinates": [ -0.722542117928363, 52.00609893559924 ] } },
{ "type": "Feature", "properties": { "visible_points": 23, "total_points": 120, "visibility_pct": 19.166666666666668 }, "geometry": { "type": "Point", "coordinates": [ -0.722340301555756, 52.006096747965259 ] } },
{ "type": "Feature", "properties": { "visible_points": 10, "total_points": 120, "visibility_pct": 8.3333333333333321 }, "geometry": { "type": "Point", "coordinates": [ -0.722138485210896, 52.00609455998525 ] } },
{ "type": "Feature", "properties": { "visible_points": 3, "total_points": 120, "visibility_pct": 2.5 }, "geometry": { "type": "Point", "coordinates": [ -0.72193666889378, 52.006092371659172 ] } },
{ "type": "Feature", "properties": { "visible_points": 0, "total_points": 120, "visibility_pct": 0.0 }, "geometry": { "type": "Point", "coordinates": [ -0.721734852604408, 52.00609018298703 ] } },
{ "type": "Feature", "properties": { "visible_points": 2, "total_points": 120, "visibility_pct": 1.6666666666666667 }, "geometry": { "type": "Point", "coordinates": [ -0.721533036342789, 52.006087993968869 ] } },
{ "type": "Feature", "properties": { "visible_points": 0, "total_points": 120, "visibility_pct": 0.0 }, "geometry": { "type": "Point", "coordinates": [ -0.72133122010893, 52.006085804604631 ] } },
{ "type": "Feature", "properties": { "visible_points": 4, "total_points": 120, "visibility_pct": 3.3333333333333335 }, "geometry": { "type": "Point", "coordinates": [ -0.721129403902832, 52.006083614894351 ] } },
{ "type": "Feature", "properties": { "visible_points": 1, "total_points": 120, "visibility_pct": 0.83333333333333337 }, "geometry": { "type": "Point", "coordinates": [ -0.720927587724502, 52.006081424838037 ] } },
{ "type": "Feature", "properties": { "visible_points": 0, "total_points": 114, "visibility_pct": 0.0 }, "geometry": { "type": "Point", "coordinates": [ -0.72072577157394, 52.006079234435653 ] } },
{ "type": "Feature", "properties": { "visible_points": 5, "total_points": 104, "visibility_pct": 4.8076923076923084 }, "geometry": { "type": "Point", "coordinates": [ -0.720523955451159, 52.006077043687235 ] } },
{ "type": "Feature", "properties": { "visible_points": 15, "total_points": 93, "visibility_pct": 16.129032258064516 }, "geometry": { "type": "Point", "coordinates": [ -0.720322139356151, 52.006074852592754 ] } },
{ "type": "Feature", "properties": { "visible_points": 16, "total_points": 80, "visibility_pct": 20.0 }, "geometry": { "type": "Point", "coordinates": [ -0.720120323288931, 52.006072661152231 ] } },
{ "type": "Feature", "properties": { "visible_points": 5, "total_points": 58, "visibility_pct": 8.6206896551724146 }, "geometry": { "type": "Point", "coordinates": [ -0.728089023008567, 52.006266823579928 ] } },
{ "type": "Feature", "properties": { "visible_points": 0, "total_points": 70, "visibility_pct": 0.0 }, "geometry": { "type": "Point", "coordinates": [ -0.727887205340643, 52.00626464546248 ] } },
{ "type": "Feature", "properties": { "visible_points": 0, "total_points": 82, "visibility_pct": 0.0 }, "geometry": { "type": "Point", "coordinates": [ -0.727685387700338, 52.006262466999004 ] } },
{ "type": "Feature", "properties": { "visible_points": 0, "total_points": 94, "visibility_pct": 0.0 }, "geometry": { "type": "Point", "coordinates": [ -0.727483570087649, 52.006260288189473 ] } },
{ "type": "Feature", "properties": { "visible_points": 0, "total_points": 107, "visibility_pct": 0.0 }, "geometry": { "type": "Point", "coordinates": [ -0.727281752502591, 52.00625810903388 ] } },
{ "type": "Feature", "properties": { "visible_points": 0, "total_points": 115, "visibility_pct": 0.0 }, "geometry": { "type": "Point", "coordinates": [ -0.727079934945151, 52.006255929532244 ] } },
{ "type": "Feature", "properties": { "visible_points": 0, "total_points": 117, "visibility_pct": 0.0 }, "geometry": { "type": "Point", "coordinates": [ -0.726878117415351, 52.006253749684547 ] } },
{ "type": "Feature", "properties": { "visible_points": 0, "total_points": 119, "visibility_pct": 0.0 }, "geometry": { "type": "Point", "coordinates": [ -0.726676299913189, 52.006251569490829 ] } },
{ "type": "Feature", "properties": { "visible_points": 5, "total_points": 120, "visibility_pct": 4.1666666666666661 }, "geometry": { "type": "Point", "coordinates": [ -0.726474482438667, 52.006249388951019 ] } },
{ "type": "Feature", "properties": { "visible_points": 0, "total_points": 120, "visibility_pct": 0.0 }, "geometry": { "type": "Point", "coordinates": [ -0.726272664991793, 52.006247208065176 ] } },
{ "type": "Feature", "properties": { "visible_points": 19, "total_points": 120, "visibility_pct": 15.833333333333332 }, "geometry": { "type": "Point", "coordinates": [ -0.726070847572567, 52.00624502683327 ] } },
{ "type": "Feature", "properties": { "visible_points": 36, "total_points": 120, "visibility_pct": 30.0 }, "geometry": { "type": "Point", "coordinates": [ -0.725869030181002, 52.006242845255329 ] } },
{ "type": "Feature", "properties": { "visible_points": 51, "total_points": 120, "visibility_pct": 42.5 }, "geometry": { "type": "Point", "coordinates": [ -0.725667212817095, 52.006240663331333 ] } },
{ "type": "Feature", "properties": { "visible_points": 79, "total_points": 120, "visibility_pct": 65.833333333333329 }, "geometry": { "type": "Point", "coordinates": [ -0.725465395480847, 52.006238481061274 ] } },
{ "type": "Feature", "properties": { "visible_points": 98, "total_points": 120, "visibility_pct": 81.666666666666671 }, "geometry": { "type": "Point", "coordinates": [ -0.72526357817228, 52.006236298445167 ] } },
{ "type": "Feature", "properties": { "visible_points": 105, "total_points": 120, "visibility_pct": 87.5 }, "geometry": { "type": "Point", "coordinates": [ -0.725061760891377, 52.006234115483011 ] } },
{ "type": "Feature", "properties": { "visible_points": 112, "total_points": 120, "visibility_pct": 93.333333333333329 }, "geometry": { "type": "Point", "coordinates": [ -0.724859943638157, 52.006231932174813 ] } },
{ "type": "Feature", "properties": { "visible_points": 117, "total_points": 120, "visibility_pct": 97.5 }, "geometry": { "type": "Point", "coordinates": [ -0.72465812641262, 52.006229748520546 ] } },
{ "type": "Feature", "properties": { "visible_points": 117, "total_points": 120, "visibility_pct": 97.5 }, "geometry": { "type": "Point", "coordinates": [ -0.724456309214767, 52.006227564520223 ] } },
{ "type": "Feature", "properties": { "visible_points": 113, "total_points": 120, "visibility_pct": 94.166666666666671 }, "geometry": { "type": "Point", "coordinates": [ -0.72425449204461, 52.006225380173866 ] } },
{ "type": "Feature", "properties": { "visible_points": 106, "total_points": 120, "visibility_pct": 88.333333333333329 }, "geometry": { "type": "Point", "coordinates": [ -0.724052674902145, 52.006223195481454 ] } },
{ "type": "Feature", "properties": { "visible_points": 99, "total_points": 120, "visibility_pct": 82.5 }, "geometry": { "type": "Point", "coordinates": [ -0.723850857787384, 52.006221010442985 ] } },
{ "type": "Feature", "properties": { "visible_points": 88, "total_points": 120, "visibility_pct": 73.333333333333329 }, "geometry": { "type": "Point", "coordinates": [ -0.723649040700332, 52.006218825058482 ] } },
{ "type": "Feature", "properties": { "visible_points": 78, "total_points": 120, "visibility_pct": 65.0 }, "geometry": { "type": "Point", "coordinates": [ -0.723447223640987, 52.006216639327903 ] } },
{ "type": "Feature", "properties": { "visible_points": 62, "total_points": 120, "visibility_pct": 51.666666666666671 }, "geometry": { "type": "Point", "coordinates": [ -0.723245406609355, 52.006214453251275 ] } },
{ "type": "Feature", "properties": { "visible_points": 51, "total_points": 120, "visibility_pct": 42.5 }, "geometry": { "type": "Point", "coordinates": [ -0.723043589605442, 52.006212266828598 ] } },
{ "type": "Feature", "properties": { "visible_points": 43, "total_points": 120, "visibility_pct": 35.833333333333336 }, "geometry": { "type": "Point", "coordinates": [ -0.722841772629255, 52.00621008005988 ] } },
{ "type": "Feature", "properties": { "visible_points": 30, "total_points": 120, "visibility_pct": 25.0 }, "geometry": { "type": "Point", "coordinates": [ -0.722639955680794, 52.006207892945113 ] } },
{ "type": "Feature", "properties": { "visible_points": 21, "total_points": 120, "visibility_pct": 17.5 }, "geometry": { "type": "Point", "coordinates": [ -0.722438138760069, 52.006205705484291 ] } },
{ "type": "Feature", "properties": { "visible_points": 0, "total_points": 120, "visibility_pct": 0.0 }, "geometry": { "type": "Point", "coordinates": [ -0.72223632186708, 52.006203517677413 ] } },
{ "type": "Feature", "properties": { "visible_points": 0, "total_points": 120, "visibility_pct": 0.0 }, "geometry": { "type": "Point", "coordinates": [ -0.722034505001831, 52.00620132952448 ] } },
{ "type": "Feature", "properties": { "visible_points": 0, "total_points": 120, "visibility_pct": 0.0 }, "geometry": { "type": "Point", "coordinates": [ -0.721832688164332, 52.006199141025498 ] } },
{ "type": "Feature", "properties": { "visible_points": 1, "total_points": 120, "visibility_pct": 0.83333333333333337 }, "geometry": { "type": "Point", "coordinates": [ -0.72163087135458, 52.006196952180474 ] } },
{ "type": "Feature", "properties": { "visible_points": 1, "total_points": 120, "visibility_pct": 0.83333333333333337 }, "geometry": { "type": "Point", "coordinates": [ -0.721429054572584, 52.006194762989381 ] } },
{ "type": "Feature", "properties": { "visible_points": 0, "total_points": 120, "visibility_pct": 0.0 }, "geometry": { "type": "Point", "coordinates": [ -0.72122723781835, 52.006192573452246 ] } },
{ "type": "Feature", "properties": { "visible_points": 0, "total_points": 120, "visibility_pct": 0.0 }, "geometry": { "type": "Point", "coordinates": [ -0.72102542109188, 52.006190383569056 ] } },
{ "type": "Feature", "properties": { "visible_points": 1, "total_points": 118, "visibility_pct": 0.84745762711864403 }, "geometry": { "type": "Point", "coordinates": [ -0.720823604393177, 52.006188193339831 ] } },
{ "type": "Feature", "properties": { "visible_points": 1, "total_points": 110, "visibility_pct": 0.90909090909090906 }, "geometry": { "type": "Point", "coordinates": [ -0.720621787722248, 52.006186002764544 ] } },
{ "type": "Feature", "properties": { "visible_points": 0, "total_points": 99, "visibility_pct": 0.0 }, "geometry": { "type": "Point", "coordinates": [ -0.720419971079102, 52.006183811843201 ] } },
{ "type": "Feature", "properties": { "visible_points": 17, "total_points": 87, "visibility_pct": 19.540229885057471 }, "geometry": { "type": "Point", "coordinates": [ -0.72021815446373, 52.006181620575816 ] } },
{ "type": "Feature", "properties": { "visible_points": 6, "total_points": 61, "visibility_pct": 9.8360655737704921 }, "geometry": { "type": "Point", "coordinates": [ -0.727985057864059, 52.006373598217472 ] } },
{ "type": "Feature", "properties": { "visible_points": 0, "total_points": 72, "visibility_pct": 0.0 }, "geometry": { "type": "Point", "coordinates": [ -0.727783239675679, 52.00637141992717 ] } },
{ "type": "Feature", "properties": { "visible_points": 0, "total_points": 84, "visibility_pct": 0.0 }, "geometry": { "type": "Point", "coordinates": [ -0.727581421514915, 52.006369241290834 ] } },
{ "type": "Feature", "properties": { "visible_points": 0, "total_points": 96, "visibility_pct": 0.0 }, "geometry": { "type": "Point", "coordinates": [ -0.727379603381772, 52.006367062308414 ] } },
{ "type": "Feature", "properties": { "visible_points": 1, "total_points": 107, "visibility_pct": 0.93457943925233633 }, "geometry": { "type": "Point", "coordinates": [ -0.72717778527626, 52.006364882979973 ] } },
{ "type": "Feature", "properties": { "visible_points": 1, "total_points": 111, "visibility_pct": 0.90090090090090091 }, "geometry": { "type": "Point", "coordinates": [ -0.726975967198373, 52.006362703305456 ] } },
{ "type": "Feature", "properties": { "visible_points": 1, "total_points": 114, "visibility_pct": 0.8771929824561403 }, "geometry": { "type": "Point", "coordinates": [ -0.726774149148127, 52.006360523284897 ] } },
{ "type": "Feature", "properties": { "visible_points": 3, "total_points": 117, "visibility_pct": 2.5641025641025639 }, "geometry": { "type": "Point", "coordinates": [ -0.726572331125519, 52.006358342918269 ] } },
{ "type": "Feature", "properties": { "visible_points": 1, "total_points": 119, "visibility_pct": 0.84033613445378152 }, "geometry": { "type": "Point", "coordinates": [ -0.726370513130553, 52.006356162205606 ] } },
{ "type": "Feature", "properties": { "visible_points": 5, "total_points": 120, "visibility_pct": 4.1666666666666661 }, "geometry": { "type": "Point", "coordinates": [ -0.726168695163241, 52.006353981146887 ] } },
{ "type": "Feature", "properties": { "visible_points": 5, "total_points": 120, "visibility_pct": 4.1666666666666661 }, "geometry": { "type": "Point", "coordinates": [ -0.725966877223579, 52.006351799742092 ] } },
{ "type": "Feature", "properties": { "visible_points": 26, "total_points": 120, "visibility_pct": 21.666666666666668 }, "geometry": { "type": "Point", "coordinates": [ -0.725765059311578, 52.00634961799129 ] } },
{ "type": "Feature", "properties": { "visible_points": 25, "total_points": 120, "visibility_pct": 20.833333333333336 }, "geometry": { "type": "Point", "coordinates": [ -0.725563241427236, 52.006347435894398 ] } },
{ "type": "Feature", "properties": { "visible_points": 88, "total_points": 120, "visibility_pct": 73.333333333333329 }, "geometry": { "type": "Point", "coordinates": [ -0.725361423570565, 52.006345253451464 ] } },
{ "type": "Feature", "properties": { "visible_points": 98, "total_points": 120, "visibility_pct": 81.666666666666671 }, "geometry": { "type": "Point", "coordinates": [ -0.725159605741567, 52.006343070662474 ] } },
{ "type": "Feature", "properties": { "visible_points": 106, "total_points": 120, "visibility_pct": 88.333333333333329 }, "geometry": { "type": "Point", "coordinates": [ -0.724957787940237, 52.006340887527436 ] } },
{ "type": "Feature", "properties": { "visible_points": 112, "total_points": 120, "visibility_pct": 93.333333333333329 }, "geometry": { "type": "Point", "coordinates": [ -0.724755970166598, 52.00633870404635 ] } },
{ "type": "Feature", "properties": { "visible_points": 116, "total_points": 120, "visibility_pct": 96.666666666666671 }, "geometry": { "type": "Point", "coordinates": [ -0.724554152420638, 52.006336520219186 ] } },
{ "type": "Feature", "properties": { "visible_points": 116, "total_points": 120, "visibility_pct": 96.666666666666671 }, "geometry": { "type": "Point", "coordinates": [ -0.724352334702372, 52.006334336046002 ] } },
{ "type": "Feature", "properties": { "visible_points": 112, "total_points": 120, "visibility_pct": 93.333333333333329 }, "geometry": { "type": "Point", "coordinates": [ -0.724150517011798, 52.006332151526742 ] } },
{ "type": "Feature", "properties": { "visible_points": 105, "total_points": 120, "visibility_pct": 87.5 }, "geometry": { "type": "Point", "coordinates": [ -0.723948699348924, 52.006329966661447 ] } },
{ "type": "Feature", "properties": { "visible_points": 98, "total_points": 120, "visibility_pct": 81.666666666666671 }, "geometry": { "type": "Point", "coordinates": [ -0.723746881713754, 52.006327781450089 ] } },
{ "type": "Feature", "properties": { "visible_points": 87, "total_points": 120, "visibility_pct": 72.5 }, "geometry": { "type": "Point", "coordinates": [ -0.723545064106292, 52.006325595892676 ] } },
{ "type": "Feature", "properties": { "visible_points": 66, "total_points": 120, "visibility_pct": 55.000000000000007 }, "geometry": { "type": "Point", "coordinates": [ -0.72334324652654, 52.006323409989207 ] } },
{ "type": "Feature", "properties": { "visible_points": 52, "total_points": 120, "visibility_pct": 43.333333333333336 }, "geometry": { "type": "Point", "coordinates": [ -0.723141428974508, 52.00632122373969 ] } },
{ "type": "Feature", "properties": { "visible_points": 36, "total_points": 120, "visibility_pct": 30.0 }, "geometry": { "type": "Point", "coordinates": [ -0.722939611450197, 52.006319037144117 ] } },
{ "type": "Feature", "properties": { "visible_points": 24, "total_points": 120, "visibility_pct": 20.0 }, "geometry": { "type": "Point", "coordinates": [ -0.722737793953612, 52.006316850202502 ] } },
{ "type": "Feature", "properties": { "visible_points": 0, "total_points": 120, "visibility_pct": 0.0 }, "geometry": { "type": "Point", "coordinates": [ -0.72253597648476, 52.006314662914818 ] } },
{ "type": "Feature", "properties": { "visible_points": 0, "total_points": 120, "visibility_pct": 0.0 }, "geometry": { "type": "Point", "coordinates": [ -0.722334159043635, 52.006312475281092 ] } },
{ "type": "Feature", "properties": { "visible_points": 0, "total_points": 120, "visibility_pct": 0.0 }, "geometry": { "type": "Point", "coordinates": [ -0.722132341630261, 52.006310287301304 ] } },
{ "type": "Feature", "properties": { "visible_points": 0, "total_points": 120, "visibility_pct": 0.0 }, "geometry": { "type": "Point", "coordinates": [ -0.721930524244626, 52.006308098975481 ] } },
{ "type": "Feature", "properties": { "visible_points": 0, "total_points": 120, "visibility_pct": 0.0 }, "geometry": { "type": "Point", "coordinates": [ -0.72172870688674, 52.006305910303581 ] } },
{ "type": "Feature", "properties": { "visible_points": 0, "total_points": 120, "visibility_pct": 0.0 }, "geometry": { "type": "Point", "coordinates": [ -0.721526889556605, 52.006303721285661 ] } },
{ "type": "Feature", "properties": { "visible_points": 0, "total_points": 120, "visibility_pct": 0.0 }, "geometry": { "type": "Point", "coordinates": [ -0.721325072254233, 52.006301531921665 ] } },
{ "type": "Feature", "properties": { "visible_points": 0, "total_points": 120, "visibility_pct": 0.0 }, "geometry": { "type": "Point", "coordinates": [ -0.721123254979621, 52.006299342211619 ] } },
{ "type": "Feature", "properties": { "visible_points": 0, "total_points": 120, "visibility_pct": 0.0 }, "geometry": { "type": "Point", "coordinates": [ -0.720921437732774, 52.00629715215554 ] } },
{ "type": "Feature", "properties": { "visible_points": 0, "total_points": 115, "visibility_pct": 0.0 }, "geometry": { "type": "Point", "coordinates": [ -0.720719620513701, 52.006294961753369 ] } },
{ "type": "Feature", "properties": { "visible_points": 0, "total_points": 105, "visibility_pct": 0.0 }, "geometry": { "type": "Point", "coordinates": [ -0.720517803322404, 52.006292771005164 ] } },
{ "type": "Feature", "properties": { "visible_points": 0, "total_points": 94, "visibility_pct": 0.0 }, "geometry": { "type": "Point", "coordinates": [ -0.720315986158887, 52.006290579910925 ] } },
{ "type": "Feature", "properties": { "visible_points": 15, "total_points": 81, "visibility_pct": 18.518518518518519 }, "geometry": { "type": "Point", "coordinates": [ -0.720114169023154, 52.006288388470608 ] } },
{ "type": "Feature", "properties": { "visible_points": 7, "total_points": 62, "visibility_pct": 11.29032258064516 }, "geometry": { "type": "Point", "coordinates": [ -0.727881092171464, 52.006480372766823 ] } },
{ "type": "Feature", "properties": { "visible_points": 0, "total_points": 73, "visibility_pct": 0.0 }, "geometry": { "type": "Point", "coordinates": [ -0.727679273462621, 52.006478194303661 ] } },
{ "type": "Feature", "properties": { "visible_points": 0, "total_points": 85, "visibility_pct": 0.0 }, "geometry": { "type": "Point", "coordinates": [ -0.7274774547814, 52.006476015494435 ] } },
{ "type": "Feature", "properties": { "visible_points": 0, "total_points": 95, "visibility_pct": 0.0 }, "geometry": { "type": "Point", "coordinates": [ -0.727275636127801, 52.006473836339168 ] } },
{ "type": "Feature", "properties": { "visible_points": 2, "total_points": 101, "visibility_pct": 1.9801980198019802 }, "geometry": { "type": "Point", "coordinates": [ -0.72707381750183, 52.006471656837846 ] } },
{ "type": "Feature", "properties": { "visible_points": 3, "total_points": 106, "visibility_pct": 2.8301886792452833 }, "geometry": { "type": "Point", "coordinates": [ -0.726871998903495, 52.006469476990453 ] } },
{ "type": "Feature", "properties": { "visible_points": 0, "total_points": 110, "visibility_pct": 0.0 }, "geometry": { "type": "Point", "coordinates": [ -0.726670180332799, 52.00646729679702 ] } },
{ "type": "Feature", "properties": { "visible_points": 2, "total_points": 114, "visibility_pct": 1.7543859649122806 }, "geometry": { "type": "Point", "coordinates": [ -0.726468361789746, 52.006465116257523 ] } },
{ "type": "Feature", "properties": { "visible_points": 5, "total_points": 117, "visibility_pct": 4.2735042735042734 }, "geometry": { "type": "Point", "coordinates": [ -0.726266543274338, 52.006462935371978 ] } },
{ "type": "Feature", "properties": { "visible_points": 7, "total_points": 120, "visibility_pct": 5.833333333333333 }, "geometry": { "type": "Point", "coordinates": [ -0.726064724786577, 52.006460754140377 ] } },
{ "type": "Feature", "properties": { "visible_points": 11, "total_points": 120, "visibility_pct": 9.1666666666666661 }, "geometry": { "type": "Point", "coordinates": [ -0.725862906326482, 52.006458572562721 ] } },
{ "type": "Feature", "properties": { "visible_points": 12, "total_points": 120, "visibility_pct": 10.0 }, "geometry": { "type": "Point", "coordinates": [ -0.725661087894041, 52.006456390639038 ] } },
{ "type": "Feature", "properties": { "visible_points": 59, "total_points": 120, "visibility_pct": 49.166666666666664 }, "geometry": { "type": "Point", "coordinates": [ -0.72545926948927, 52.006454208369256 ] } },
{ "type": "Feature", "properties": { "visible_points": 87, "total_points": 120, "visibility_pct": 72.5 }, "geometry": { "type": "Point", "coordinates": [ -0.725257451112164, 52.006452025753433 ] } },
{ "type": "Feature", "properties": { "visible_points": 101, "total_points": 120, "visibility_pct": 84.166666666666671 }, "geometry": { "type": "Point", "coordinates": [ -0.725055632762737, 52.006449842791568 ] } },
{ "type": "Feature", "properties": { "visible_points": 108, "total_points": 120, "visibility_pct": 90.0 }, "geometry": { "type": "Point", "coordinates": [ -0.724853814440984, 52.006447659483641 ] } },
{ "type": "Feature", "properties": { "visible_points": 114, "total_points": 120, "visibility_pct": 95.0 }, "geometry": { "type": "Point", "coordinates": [ -0.724651996146917, 52.006445475829672 ] } },
{ "type": "Feature", "properties": { "visible_points": 116, "total_points": 120, "visibility_pct": 96.666666666666671 }, "geometry": { "type": "Point", "coordinates": [ -0.724450177880538, 52.006443291829626 ] } },
{ "type": "Feature", "properties": { "visible_points": 113, "total_points": 120, "visibility_pct": 94.166666666666671 }, "geometry": { "type": "Point", "coordinates": [ -0.724248359641851, 52.006441107483532 ] } },
{ "type": "Feature", "properties": { "visible_points": 108, "total_points": 120, "visibility_pct": 90.0 }, "geometry": { "type": "Point", "coordinates": [ -0.724046541430864, 52.006438922791389 ] } },
{ "type": "Feature", "properties": { "visible_points": 100, "total_points": 120, "visibility_pct": 83.333333333333343 }, "geometry": { "type": "Point", "coordinates": [ -0.723844723247572, 52.006436737753198 ] } },
{ "type": "Feature", "properties": { "visible_points": 90, "total_points": 120, "visibility_pct": 75.0 }, "geometry": { "type": "Point", "coordinates": [ -0.723642905091993, 52.006434552368944 ] } },
{ "type": "Feature", "properties": { "visible_points": 0, "total_points": 120, "visibility_pct": 0.0 }, "geometry": { "type": "Point", "coordinates": [ -0.723441086964119, 52.006432366638634 ] } },
{ "type": "Feature", "properties": { "visible_points": 0, "total_points": 120, "visibility_pct": 0.0 }, "geometry": { "type": "Point", "coordinates": [ -0.723239268863961, 52.006430180562262 ] } },
{ "type": "Feature", "properties": { "visible_points": 22, "total_points": 120, "visibility_pct": 18.333333333333332 }, "geometry": { "type": "Point", "coordinates": [ -0.723037450791527, 52.006427994139862 ] } },
{ "type": "Feature", "properties": { "visible_points": 0, "total_points": 120, "visibility_pct": 0.0 }, "geometry": { "type": "Point", "coordinates": [ -0.722835632746814, 52.006425807371386 ] } },
{ "type": "Feature", "properties": { "visible_points": 0, "total_points": 120, "visibility_pct": 0.0 }, "geometry": { "type": "Point", "coordinates": [ -0.722633814729827, 52.006423620256868 ] } },
{ "type": "Feature", "properties": { "visible_points": 0, "total_points": 120, "visibility_pct": 0.0 }, "geometry": { "type": "Point", "coordinates": [ -0.722431996740581, 52.006421432796301 ] } },
{ "type": "Feature", "properties": { "visible_points": 0, "total_points": 120, "visibility_pct": 0.0 }, "geometry": { "type": "Point", "coordinates": [ -0.722230178779065, 52.006419244989665 ] } },
{ "type": "Feature", "properties": { "visible_points": 5, "total_points": 120, "visibility_pct": 4.1666666666666661 }, "geometry": { "type": "Point", "coordinates": [ -0.722028360845294, 52.006417056836973 ] } },
{ "type": "Feature", "properties": { "visible_points": 1, "total_points": 120, "visibility_pct": 0.83333333333333337 }, "geometry": { "type": "Point", "coordinates": [ -0.721826542939275, 52.006414868338233 ] } },
{ "type": "Feature", "properties": { "visible_points": 0, "total_points": 120, "visibility_pct": 0.0 }, "geometry": { "type": "Point", "coordinates": [ -0.721624725060997, 52.006412679493444 ] } },
{ "type": "Feature", "properties": { "visible_points": 0, "total_points": 120, "visibility_pct": 0.0 }, "geometry": { "type": "Point", "coordinates": [ -0.721422907210484, 52.006410490302599 ] } },
{ "type": "Feature", "properties": { "visible_points": 0, "total_points": 120, "visibility_pct": 0.0 }, "geometry": { "type": "Point", "coordinates": [ -0.721221089387725, 52.006408300765699 ] } },
{ "type": "Feature", "properties": { "visible_points": 0, "total_points": 120, "visibility_pct": 0.0 }, "geometry": { "type": "Point", "coordinates": [ -0.721019271592737, 52.006406110882743 ] } },
{ "type": "Feature", "properties": { "visible_points": 0, "total_points": 118, "visibility_pct": 0.0 }, "geometry": { "type": "Point", "coordinates": [ -0.720817453825512, 52.006403920653732 ] } },
{ "type": "Feature", "properties": { "visible_points": 0, "total_points": 111, "visibility_pct": 0.0 }, "geometry": { "type": "Point", "coordinates": [ -0.720615636086065, 52.006401730078672 ] } },
{ "type": "Feature", "properties": { "visible_points": 0, "total_points": 100, "visibility_pct": 0.0 }, "geometry": { "type": "Point", "coordinates": [ -0.720413818374398, 52.006399539157549 ] } },
{ "type": "Feature", "properties": { "visible_points": 0, "total_points": 88, "visibility_pct": 0.0 }, "geometry": { "type": "Point", "coordinates": [ -0.720212000690512, 52.006397347890385 ] } },
{ "type": "Feature", "properties": { "visible_points": 11, "total_points": 75, "visibility_pct": 14.666666666666666 }, "geometry": { "type": "Point", "coordinates": [ -0.720010183034413, 52.006395156277165 ] } },
{ "type": "Feature", "properties": { "visible_points": 5, "total_points": 73, "visibility_pct": 6.8493150684931505 }, "geometry": { "type": "Point", "coordinates": [ -0.727575306701473, 52.00658496859193 ] } },
{ "type": "Feature", "properties": { "visible_points": 0, "total_points": 82, "visibility_pct": 0.0 }, "geometry": { "type": "Point", "coordinates": [ -0.727373487499785, 52.006582789609837 ] } },
{ "type": "Feature", "properties": { "visible_points": 0, "total_points": 90, "visibility_pct": 0.0 }, "geometry": { "type": "Point", "coordinates": [ -0.727171668325731, 52.006580610281709 ] } },
{ "type": "Feature", "properties": { "visible_points": 0, "total_points": 95, "visibility_pct": 0.0 }, "geometry": { "type": "Point", "coordinates": [ -0.726969849179305, 52.006578430607512 ] } },
{ "type": "Feature", "properties": { "visible_points": 0, "total_points": 101, "visibility_pct": 0.0 }, "geometry": { "type": "Point", "coordinates": [ -0.726768030060515, 52.006576250587244 ] } },
{ "type": "Feature", "properties": { "visible_points": 0, "total_points": 106, "visibility_pct": 0.0 }, "geometry": { "type": "Point", "coordinates": [ -0.726566210969369, 52.006574070220928 ] } },
{ "type": "Feature", "properties": { "visible_points": 3, "total_points": 111, "visibility_pct": 2.7027027027027026 }, "geometry": { "type": "Point", "coordinates": [ -0.726364391905864, 52.006571889508564 ] } },
{ "type": "Feature", "properties": { "visible_points": 3, "total_points": 115, "visibility_pct": 2.6086956521739131 }, "geometry": { "type": "Point", "coordinates": [ -0.726162572870014, 52.006569708450137 ] } },
{ "type": "Feature", "properties": { "visible_points": 3, "total_points": 119, "visibility_pct": 2.5210084033613445 }, "geometry": { "type": "Point", "coordinates": [ -0.725960753861811, 52.006567527045654 ] } },
{ "type": "Feature", "properties": { "visible_points": 4, "total_points": 120, "visibility_pct": 3.3333333333333335 }, "geometry": { "type": "Point", "coordinates": [ -0.725758934881272, 52.00656534529513 ] } },
{ "type": "Feature", "properties": { "visible_points": 55, "total_points": 120, "visibility_pct": 45.833333333333329 }, "geometry": { "type": "Point", "coordinates": [ -0.725557115928395, 52.006563163198557 ] } },
{ "type": "Feature", "properties": { "visible_points": 73, "total_points": 120, "visibility_pct": 60.833333333333329 }, "geometry": { "type": "Point", "coordinates": [ -0.725355297003183, 52.0065609807559 ] } },
{ "type": "Feature", "properties": { "visible_points": 92, "total_points": 120, "visibility_pct": 76.666666666666671 }, "geometry": { "type": "Point", "coordinates": [ -0.725153478105648, 52.006558797967195 ] } },
{ "type": "Feature", "properties": { "visible_points": 105, "total_points": 120, "visibility_pct": 87.5 }, "geometry": { "type": "Point", "coordinates": [ -0.724951659235787, 52.006556614832419 ] } },
{ "type": "Feature", "properties": { "visible_points": 111, "total_points": 120, "visibility_pct": 92.5 }, "geometry": { "type": "Point", "coordinates": [ -0.724749840393608, 52.006554431351617 ] } },
{ "type": "Feature", "properties": { "visible_points": 115, "total_points": 120, "visibility_pct": 95.833333333333343 }, "geometry": { "type": "Point", "coordinates": [ -0.724548021579114, 52.006552247524752 ] } },
{ "type": "Feature", "properties": { "visible_points": 114, "total_points": 120, "visibility_pct": 95.0 }, "geometry": { "type": "Point", "coordinates": [ -0.724346202792312, 52.006550063351831 ] } },
{ "type": "Feature", "properties": { "visible_points": 108, "total_points": 120, "visibility_pct": 90.0 }, "geometry": { "type": "Point", "coordinates": [ -0.724144384033205, 52.006547878832862 ] } },
{ "type": "Feature", "properties": { "visible_points": 102, "total_points": 120, "visibility_pct": 85.0 }, "geometry": { "type": "Point", "coordinates": [ -0.723942565301798, 52.006545693967823 ] } },
{ "type": "Feature", "properties": { "visible_points": 92, "total_points": 120, "visibility_pct": 76.666666666666671 }, "geometry": { "type": "Point", "coordinates": [ -0.723740746598093, 52.006543508756728 ] } },
{ "type": "Feature", "properties": { "visible_points": 71, "total_points": 120, "visibility_pct": 59.166666666666664 }, "geometry": { "type": "Point", "coordinates": [ -0.723538927922096, 52.006541323199585 ] } },
{ "type": "Feature", "properties": { "visible_points": 0, "total_points": 120, "visibility_pct": 0.0 }, "geometry": { "type": "Point", "coordinates": [ -0.723337109273812, 52.006539137296379 ] } },
{ "type": "Feature", "properties": { "visible_points": 9, "total_points": 120, "visibility_pct": 7.5 }, "geometry": { "type": "Point", "coordinates": [ -0.72313529065325, 52.006536951047117 ] } },
{ "type": "Feature", "properties": { "visible_points": 0, "total_points": 120, "visibility_pct": 0.0 }, "geometry": { "type": "Point", "coordinates": [ -0.722933472060409, 52.006534764451814 ] } },
{ "type": "Feature", "properties": { "visible_points": 0, "total_points": 120, "visibility_pct": 0.0 }, "geometry": { "type": "Point", "coordinates": [ -0.722731653495291, 52.006532577510427 ] } },
{ "type": "Feature", "properties": { "visible_points": 0, "total_points": 120, "visibility_pct": 0.0 }, "geometry": { "type": "Point", "coordinates": [ -0.722529834957901, 52.00653039022302 ] } },
{ "type": "Feature", "properties": { "visible_points": 6, "total_points": 120, "visibility_pct": 5.0 }, "geometry": { "type": "Point", "coordinates": [ -0.722328016448258, 52.006528202589536 ] } },
{ "type": "Feature", "properties": { "visible_points": 0, "total_points": 120, "visibility_pct": 0.0 }, "geometry": { "type": "Point", "coordinates": [ -0.722126197966348, 52.006526014610003 ] } },
{ "type": "Feature", "properties": { "visible_points": 6, "total_points": 120, "visibility_pct": 5.0 }, "geometry": { "type": "Point", "coordinates": [ -0.721924379512185, 52.006523826284401 ] } },
{ "type": "Feature", "properties": { "visible_points": 9, "total_points": 120, "visibility_pct": 7.5 }, "geometry": { "type": "Point", "coordinates": [ -0.721722561085766, 52.006521637612757 ] } },
{ "type": "Feature", "properties": { "visible_points": 0, "total_points": 120, "visibility_pct": 0.0 }, "geometry": { "type": "Point", "coordinates": [ -0.721520742687107, 52.006519448595057 ] } },
{ "type": "Feature", "properties": { "visible_points": 1, "total_points": 120, "visibility_pct": 0.83333333333333337 }, "geometry": { "type": "Point", "coordinates": [ -0.721318924316207, 52.006517259231302 ] } },
{ "type": "Feature", "properties": { "visible_points": 0, "total_points": 120, "visibility_pct": 0.0 }, "geometry": { "type": "Point", "coordinates": [ -0.721117105973065, 52.006515069521484 ] } },
{ "type": "Feature", "properties": { "visible_points": 0, "total_points": 120, "visibility_pct": 0.0 }, "geometry": { "type": "Point", "coordinates": [ -0.720915287657694, 52.006512879465625 ] } },
{ "type": "Feature", "properties": { "visible_points": 0, "total_points": 115, "visibility_pct": 0.0 }, "geometry": { "type": "Point", "coordinates": [ -0.720713469370095, 52.006510689063703 ] } },
{ "type": "Feature", "properties": { "visible_points": 0, "total_points": 106, "visibility_pct": 0.0 }, "geometry": { "type": "Point", "coordinates": [ -0.72051165111027, 52.006508498315725 ] } },
{ "type": "Feature", "properties": { "visible_points": 0, "total_points": 95, "visibility_pct": 0.0 }, "geometry": { "type": "Point", "coordinates": [ -0.720309832878228, 52.006506307221684 ] } },
{ "type": "Feature", "properties": { "visible_points": 0, "total_points": 82, "visibility_pct": 0.0 }, "geometry": { "type": "Point", "coordinates": [ -0.720108014673971, 52.006504115781624 ] } },
{ "type": "Feature", "properties": { "visible_points": 3, "total_points": 84, "visibility_pct": 3.5714285714285712 }, "geometry": { "type": "Point", "coordinates": [ -0.727067699975555, 52.006687384136043 ] } },
{ "type": "Feature", "properties": { "visible_points": 0, "total_points": 90, "visibility_pct": 0.0 }, "geometry": { "type": "Point", "coordinates": [ -0.726865880308673, 52.006685204288964 ] } },
{ "type": "Feature", "properties": { "visible_points": 0, "total_points": 96, "visibility_pct": 0.0 }, "geometry": { "type": "Point", "coordinates": [ -0.72666406066943, 52.006683024095842 ] } },
{ "type": "Feature", "properties": { "visible_points": 0, "total_points": 102, "visibility_pct": 0.0 }, "geometry": { "type": "Point", "coordinates": [ -0.726462241057826, 52.006680843556644 ] } },
{ "type": "Feature", "properties": { "visible_points": 0, "total_points": 108, "visibility_pct": 0.0 }, "geometry": { "type": "Point", "coordinates": [ -0.726260421473873, 52.006678662671398 ] } },
{ "type": "Feature", "properties": { "visible_points": 4, "total_points": 113, "visibility_pct": 3.5398230088495577 }, "geometry": { "type": "Point", "coordinates": [ -0.726058601917572, 52.006676481440103 ] } },
{ "type": "Feature", "properties": { "visible_points": 0, "total_points": 118, "visibility_pct": 0.0 }, "geometry": { "type": "Point", "coordinates": [ -0.72585678238893, 52.006674299862738 ] } },
{ "type": "Feature", "properties": { "visible_points": 43, "total_points": 120, "visibility_pct": 35.833333333333336 }, "geometry": { "type": "Point", "coordinates": [ -0.725654962887944, 52.006672117939338 ] } },
{ "type": "Feature", "properties": { "visible_points": 66, "total_points": 120, "visibility_pct": 55.000000000000007 }, "geometry": { "type": "Point", "coordinates": [ -0.725453143414624, 52.006669935669848 ] } },
{ "type": "Feature", "properties": { "visible_points": 81, "total_points": 120, "visibility_pct": 67.5 }, "geometry": { "type": "Point", "coordinates": [ -0.725251323968981, 52.006667753054302 ] } },
{ "type": "Feature", "properties": { "visible_points": 97, "total_points": 120, "visibility_pct": 80.833333333333329 }, "geometry": { "type": "Point", "coordinates": [ -0.725049504551007, 52.006665570092729 ] } },
{ "type": "Feature", "properties": { "visible_points": 109, "total_points": 120, "visibility_pct": 90.833333333333329 }, "geometry": { "type": "Point", "coordinates": [ -0.724847685160714, 52.006663386785085 ] } },
{ "type": "Feature", "properties": { "visible_points": 115, "total_points": 120, "visibility_pct": 95.833333333333343 }, "geometry": { "type": "Point", "coordinates": [ -0.724645865798103, 52.006661203131372 ] } },
{ "type": "Feature", "properties": { "visible_points": 116, "total_points": 120, "visibility_pct": 96.666666666666671 }, "geometry": { "type": "Point", "coordinates": [ -0.724444046463186, 52.006659019131611 ] } },
{ "type": "Feature", "properties": { "visible_points": 111, "total_points": 120, "visibility_pct": 92.5 }, "geometry": { "type": "Point", "coordinates": [ -0.724242227155953, 52.006656834785808 ] } },
{ "type": "Feature", "properties": { "visible_points": 105, "total_points": 120, "visibility_pct": 87.5 }, "geometry": { "type": "Point", "coordinates": [ -0.724040407876425, 52.006654650093942 ] } },
{ "type": "Feature", "properties": { "visible_points": 96, "total_points": 120, "visibility_pct": 80.0 }, "geometry": { "type": "Point", "coordinates": [ -0.723838588624595, 52.006652465056014 ] } },
{ "type": "Feature", "properties": { "visible_points": 84, "total_points": 120, "visibility_pct": 70.0 }, "geometry": { "type": "Point", "coordinates": [ -0.723636769400475, 52.006650279672023 ] } },
{ "type": "Feature", "properties": { "visible_points": 4, "total_points": 120, "visibility_pct": 3.3333333333333335 }, "geometry": { "type": "Point", "coordinates": [ -0.723434950204065, 52.006648093941983 ] } },
{ "type": "Feature", "properties": { "visible_points": 0, "total_points": 120, "visibility_pct": 0.0 }, "geometry": { "type": "Point", "coordinates": [ -0.723233131035367, 52.006645907865867 ] } },
{ "type": "Feature", "properties": { "visible_points": 0, "total_points": 120, "visibility_pct": 0.0 }, "geometry": { "type": "Point", "coordinates": [ -0.723031311894391, 52.00664372144373 ] } },
{ "type": "Feature", "properties": { "visible_points": 0, "total_points": 120, "visibility_pct": 0.0 }, "geometry": { "type": "Point", "coordinates": [ -0.722829492781143, 52.006641534675516 ] } },
{ "type": "Feature", "properties": { "visible_points": 0, "total_points": 120, "visibility_pct": 0.0 }, "geometry": { "type": "Point", "coordinates": [ -0.722627673695621, 52.006639347561233 ] } },
{ "type": "Feature", "properties": { "visible_points": 0, "total_points": 120, "visibility_pct": 0.0 }, "geometry": { "type": "Point", "coordinates": [ -0.722425854637832, 52.006637160100929 ] } },
{ "type": "Feature", "properties": { "visible_points": 0, "total_points": 120, "visibility_pct": 0.0 }, "geometry": { "type": "Point", "coordinates": [ -0.722224035607784, 52.006634972294535 ] } },
{ "type": "Feature", "properties": { "visible_points": 3, "total_points": 120, "visibility_pct": 2.5 }, "geometry": { "type": "Point", "coordinates": [ -0.722022216605475, 52.006632784142084 ] } },
{ "type": "Feature", "properties": { "visible_points": 12, "total_points": 120, "visibility_pct": 10.0 }, "geometry": { "type": "Point", "coordinates": [ -0.721820397630919, 52.0066305956436 ] } },
{ "type": "Feature", "properties": { "visible_points": 14, "total_points": 120, "visibility_pct": 11.666666666666666 }, "geometry": { "type": "Point", "coordinates": [ -0.721618578684109, 52.006628406799038 ] } },
{ "type": "Feature", "properties": { "visible_points": 6, "total_points": 120, "visibility_pct": 5.0 }, "geometry": { "type": "Point", "coordinates": [ -0.72141675976506, 52.006626217608435 ] } },
{ "type": "Feature", "properties": { "visible_points": 5, "total_points": 120, "visibility_pct": 4.1666666666666661 }, "geometry": { "type": "Point", "coordinates": [ -0.721214940873769, 52.006624028071755 ] } },
{ "type": "Feature", "properties": { "visible_points": 2, "total_points": 120, "visibility_pct": 1.6666666666666667 }, "geometry": { "type": "Point", "coordinates": [ -0.721013122010242, 52.006621838189041 ] } },
{ "type": "Feature", "properties": { "visible_points": 1, "total_points": 118, "visibility_pct": 0.84745762711864403 }, "geometry": { "type": "Point", "coordinates": [ -0.720811303174488, 52.006619647960257 ] } },
{ "type": "Feature", "properties": { "visible_points": 0, "total_points": 111, "visibility_pct": 0.0 }, "geometry": { "type": "Point", "coordinates": [ -0.72060948436651, 52.006617457385431 ] } },
{ "type": "Feature", "properties": { "visible_points": 0, "total_points": 100, "visibility_pct": 0.0 }, "geometry": { "type": "Point", "coordinates": [ -0.720407665586309, 52.006615266464529 ] } },
{ "type": "Feature", "properties": { "visible_points": 0, "total_points": 88, "visibility_pct": 0.0 }, "geometry": { "type": "Point", "coordinates": [ -0.720205846833889, 52.006613075197585 ] } },
{ "type": "Feature", "properties": { "visible_points": 2, "total_points": 75, "visibility_pct": 2.666666666666667 }, "geometry": { "type": "Point", "coordinates": [ -0.720004028109258, 52.006610883584571 ] } },
{ "type": "Feature", "properties": { "visible_points": 0, "total_points": 91, "visibility_pct": 0.0 }, "geometry": { "type": "Point", "coordinates": [ -0.726560090730232, 52.006789797516205 ] } },
{ "type": "Feature", "properties": { "visible_points": 0, "total_points": 98, "visibility_pct": 0.0 }, "geometry": { "type": "Point", "coordinates": [ -0.726358270598173, 52.006787616804139 ] } },
{ "type": "Feature", "properties": { "visible_points": 0, "total_points": 104, "visibility_pct": 0.0 }, "geometry": { "type": "Point", "coordinates": [ -0.726156450493769, 52.006785435746018 ] } },
{ "type": "Feature", "properties": { "visible_points": 7, "total_points": 110, "visibility_pct": 6.3636363636363633 }, "geometry": { "type": "Point", "coordinates": [ -0.725954630417017, 52.006783254341833 ] } },
{ "type": "Feature", "properties": { "visible_points": 0, "total_points": 116, "visibility_pct": 0.0 }, "geometry": { "type": "Point", "coordinates": [ -0.725752810367924, 52.006781072591586 ] } },
{ "type": "Feature", "properties": { "visible_points": 59, "total_points": 120, "visibility_pct": 49.166666666666664 }, "geometry": { "type": "Point", "coordinates": [ -0.725550990346498, 52.006778890495298 ] } },
{ "type": "Feature", "properties": { "visible_points": 74, "total_points": 120, "visibility_pct": 61.666666666666671 }, "geometry": { "type": "Point", "coordinates": [ -0.725349170352736, 52.006776708052932 ] } },
{ "type": "Feature", "properties": { "visible_points": 88, "total_points": 120, "visibility_pct": 73.333333333333329 }, "geometry": { "type": "Point", "coordinates": [ -0.725147350386649, 52.006774525264511 ] } },
{ "type": "Feature", "properties": { "visible_points": 103, "total_points": 120, "visibility_pct": 85.833333333333329 }, "geometry": { "type": "Point", "coordinates": [ -0.724945530448243, 52.006772342130049 ] } },
{ "type": "Feature", "properties": { "visible_points": 115, "total_points": 120, "visibility_pct": 95.833333333333343 }, "geometry": { "type": "Point", "coordinates": [ -0.724743710537509, 52.006770158649509 ] } },
{ "type": "Feature", "properties": { "visible_points": 118, "total_points": 120, "visibility_pct": 98.333333333333329 }, "geometry": { "type": "Point", "coordinates": [ -0.724541890654474, 52.006767974822928 ] } },
{ "type": "Feature", "properties": { "visible_points": 115, "total_points": 120, "visibility_pct": 95.833333333333343 }, "geometry": { "type": "Point", "coordinates": [ -0.724340070799115, 52.006765790650256 ] } },
{ "type": "Feature", "properties": { "visible_points": 110, "total_points": 120, "visibility_pct": 91.666666666666657 }, "geometry": { "type": "Point", "coordinates": [ -0.724138250971468, 52.006763606131571 ] } },
{ "type": "Feature", "properties": { "visible_points": 103, "total_points": 120, "visibility_pct": 85.833333333333329 }, "geometry": { "type": "Point", "coordinates": [ -0.723936431171509, 52.006761421266802 ] } },
{ "type": "Feature", "properties": { "visible_points": 94, "total_points": 120, "visibility_pct": 78.333333333333329 }, "geometry": { "type": "Point", "coordinates": [ -0.723734611399257, 52.006759236055977 ] } },
{ "type": "Feature", "properties": { "visible_points": 80, "total_points": 120, "visibility_pct": 66.666666666666657 }, "geometry": { "type": "Point", "coordinates": [ -0.723532791654721, 52.006757050499083 ] } },
{ "type": "Feature", "properties": { "visible_points": 0, "total_points": 120, "visibility_pct": 0.0 }, "geometry": { "type": "Point", "coordinates": [ -0.723330971937888, 52.006754864596147 ] } },
{ "type": "Feature", "properties": { "visible_points": 0, "total_points": 120, "visibility_pct": 0.0 }, "geometry": { "type": "Point", "coordinates": [ -0.723129152248781, 52.006752678347141 ] } },
{ "type": "Feature", "properties": { "visible_points": 0, "total_points": 120, "visibility_pct": 0.0 }, "geometry": { "type": "Point", "coordinates": [ -0.722927332587387, 52.006750491752086 ] } },
{ "type": "Feature", "properties": { "visible_points": 0, "total_points": 120, "visibility_pct": 0.0 }, "geometry": { "type": "Point", "coordinates": [ -0.72272551295373, 52.006748304810991 ] } },
{ "type": "Feature", "properties": { "visible_points": 23, "total_points": 120, "visibility_pct": 19.166666666666668 }, "geometry": { "type": "Point", "coordinates": [ -0.722523693347805, 52.006746117523811 ] } },
{ "type": "Feature", "properties": { "visible_points": 45, "total_points": 120, "visibility_pct": 37.5 }, "geometry": { "type": "Point", "coordinates": [ -0.722321873769606, 52.006743929890582 ] } },
{ "type": "Feature", "properties": { "visible_points": 42, "total_points": 120, "visibility_pct": 35.0 }, "geometry": { "type": "Point", "coordinates": [ -0.72212005421916, 52.006741741911291 ] } },
{ "type": "Feature", "properties": { "visible_points": 40, "total_points": 120, "visibility_pct": 33.333333333333329 }, "geometry": { "type": "Point", "coordinates": [ -0.721918234696453, 52.006739553585945 ] } },
{ "type": "Feature", "properties": { "visible_points": 38, "total_points": 120, "visibility_pct": 31.666666666666664 }, "geometry": { "type": "Point", "coordinates": [ -0.721716415201494, 52.006737364914535 ] } },
{ "type": "Feature", "properties": { "visible_points": 29, "total_points": 120, "visibility_pct": 24.166666666666668 }, "geometry": { "type": "Point", "coordinates": [ -0.721514595734292, 52.00673517589707 ] } },
{ "type": "Feature", "properties": { "visible_points": 0, "total_points": 120, "visibility_pct": 0.0 }, "geometry": { "type": "Point", "coordinates": [ -0.72131277629485, 52.006732986533557 ] } },
{ "type": "Feature", "properties": { "visible_points": 0, "total_points": 120, "visibility_pct": 0.0 }, "geometry": { "type": "Point", "coordinates": [ -0.721110956883169, 52.006730796823973 ] } },
{ "type": "Feature", "properties": { "visible_points": 6, "total_points": 120, "visibility_pct": 5.0 }, "geometry": { "type": "Point", "coordinates": [ -0.720909137499259, 52.006728606768334 ] } },
{ "type": "Feature", "properties": { "visible_points": 3, "total_points": 115, "visibility_pct": 2.6086956521739131 }, "geometry": { "type": "Point", "coordinates": [ -0.720707318143118, 52.006726416366654 ] } },
{ "type": "Feature", "properties": { "visible_points": 4, "total_points": 105, "visibility_pct": 3.8095238095238098 }, "geometry": { "type": "Point", "coordinates": [ -0.720505498814756, 52.006724225618875 ] } },
{ "type": "Feature", "properties": { "visible_points": 0, "total_points": 94, "visibility_pct": 0.0 }, "geometry": { "type": "Point", "coordinates": [ -0.720303679514172, 52.006722034525076 ] } },
{ "type": "Feature", "properties": { "visible_points": 0, "total_points": 81, "visibility_pct": 0.0 }, "geometry": { "type": "Point", "coordinates": [ -0.720101860241378, 52.006719843085214 ] } },
{ "type": "Feature", "properties": { "visible_points": 2, "total_points": 86, "visibility_pct": 2.3255813953488373 }, "geometry": { "type": "Point", "coordinates": [ -0.726456120242913, 52.006896570848369 ] } },
{ "type": "Feature", "properties": { "visible_points": 0, "total_points": 94, "visibility_pct": 0.0 }, "geometry": { "type": "Point", "coordinates": [ -0.726254299590405, 52.006894389963435 ] } },
{ "type": "Feature", "properties": { "visible_points": 0, "total_points": 101, "visibility_pct": 0.0 }, "geometry": { "type": "Point", "coordinates": [ -0.72605247896554, 52.006892208732417 ] } },
{ "type": "Feature", "properties": { "visible_points": 30, "total_points": 108, "visibility_pct": 27.777777777777779 }, "geometry": { "type": "Point", "coordinates": [ -0.725850658368342, 52.00689002715535 ] } },
{ "type": "Feature", "properties": { "visible_points": 51, "total_points": 114, "visibility_pct": 44.736842105263158 }, "geometry": { "type": "Point", "coordinates": [ -0.725648837798797, 52.006887845232242 ] } },
{ "type": "Feature", "properties": { "visible_points": 65, "total_points": 119, "visibility_pct": 54.621848739495796 }, "geometry": { "type": "Point", "coordinates": [ -0.725447017256924, 52.006885662963064 ] } },
{ "type": "Feature", "properties": { "visible_points": 80, "total_points": 120, "visibility_pct": 66.666666666666657 }, "geometry": { "type": "Point", "coordinates": [ -0.725245196742721, 52.00688348034781 ] } },
{ "type": "Feature", "properties": { "visible_points": 94, "total_points": 120, "visibility_pct": 78.333333333333329 }, "geometry": { "type": "Point", "coordinates": [ -0.725043376256189, 52.006881297386514 ] } },
{ "type": "Feature", "properties": { "visible_points": 106, "total_points": 120, "visibility_pct": 88.333333333333329 }, "geometry": { "type": "Point", "coordinates": [ -0.724841555797342, 52.00687911407914 ] } },
{ "type": "Feature", "properties": { "visible_points": 117, "total_points": 120, "visibility_pct": 97.5 }, "geometry": { "type": "Point", "coordinates": [ -0.724639735366179, 52.006876930425719 ] } },
{ "type": "Feature", "properties": { "visible_points": 118, "total_points": 120, "visibility_pct": 98.333333333333329 }, "geometry": { "type": "Point", "coordinates": [ -0.724437914962698, 52.00687474642622 ] } },
{ "type": "Feature", "properties": { "visible_points": 114, "total_points": 120, "visibility_pct": 95.0 }, "geometry": { "type": "Point", "coordinates": [ -0.724236094586921, 52.006872562080694 ] } },
{ "type": "Feature", "properties": { "visible_points": 108, "total_points": 120, "visibility_pct": 90.0 }, "geometry": { "type": "Point", "coordinates": [ -0.724034274238833, 52.006870377389092 ] } },
{ "type": "Feature", "properties": { "visible_points": 102, "total_points": 120, "visibility_pct": 85.0 }, "geometry": { "type": "Point", "coordinates": [ -0.723832453918454, 52.006868192351426 ] } },
{ "type": "Feature", "properties": { "visible_points": 95, "total_points": 120, "visibility_pct": 79.166666666666657 }, "geometry": { "type": "Point", "coordinates": [ -0.723630633625777, 52.006866006967719 ] } },
{ "type": "Feature", "properties": { "visible_points": 83, "total_points": 120, "visibility_pct": 69.166666666666671 }, "geometry": { "type": "Point", "coordinates": [ -0.723428813360815, 52.006863821237935 ] } },
{ "type": "Feature", "properties": { "visible_points": 58, "total_points": 120, "visibility_pct": 48.333333333333336 }, "geometry": { "type": "Point", "coordinates": [ -0.723226993123567, 52.006861635162089 ] } },
{ "type": "Feature", "properties": { "visible_points": 54, "total_points": 120, "visibility_pct": 45.0 }, "geometry": { "type": "Point", "coordinates": [ -0.723025172914039, 52.006859448740201 ] } },
{ "type": "Feature", "properties": { "visible_points": 54, "total_points": 120, "visibility_pct": 45.0 }, "geometry": { "type": "Point", "coordinates": [ -0.722823352732239, 52.006857261972236 ] } },
{ "type": "Feature", "properties": { "visible_points": 51, "total_points": 120, "visibility_pct": 42.5 }, "geometry": { "type": "Point", "coordinates": [ -0.722621532578169, 52.00685507485823 ] } },
{ "type": "Feature", "properties": { "visible_points": 51, "total_points": 120, "visibility_pct": 42.5 }, "geometry": { "type": "Point", "coordinates": [ -0.72241971245183, 52.006852887398139 ] } },
{ "type": "Feature", "properties": { "visible_points": 50, "total_points": 120, "visibility_pct": 41.666666666666671 }, "geometry": { "type": "Point", "coordinates": [ -0.722217892353229, 52.006850699592 ] } },
{ "type": "Feature", "properties": { "visible_points": 47, "total_points": 120, "visibility_pct": 39.166666666666664 }, "geometry": { "type": "Point", "coordinates": [ -0.722016072282375, 52.006848511439806 ] } },
{ "type": "Feature", "properties": { "visible_points": 46, "total_points": 120, "visibility_pct": 38.333333333333336 }, "geometry": { "type": "Point", "coordinates": [ -0.721814252239266, 52.006846322941549 ] } },
{ "type": "Feature", "properties": { "visible_points": 38, "total_points": 120, "visibility_pct": 31.666666666666664 }, "geometry": { "type": "Point", "coordinates": [ -0.721612432223909, 52.00684413409725 ] } },
{ "type": "Feature", "properties": { "visible_points": 33, "total_points": 120, "visibility_pct": 27.5 }, "geometry": { "type": "Point", "coordinates": [ -0.721410612236312, 52.006841944906874 ] } },
{ "type": "Feature", "properties": { "visible_points": 29, "total_points": 120, "visibility_pct": 24.166666666666668 }, "geometry": { "type": "Point", "coordinates": [ -0.721208792276474, 52.006839755370436 ] } },
{ "type": "Feature", "properties": { "visible_points": 21, "total_points": 120, "visibility_pct": 17.5 }, "geometry": { "type": "Point", "coordinates": [ -0.721006972344402, 52.006837565487942 ] } },
{ "type": "Feature", "properties": { "visible_points": 12, "total_points": 118, "visibility_pct": 10.16949152542373 }, "geometry": { "type": "Point", "coordinates": [ -0.720805152440104, 52.006835375259385 ] } },
{ "type": "Feature", "properties": { "visible_points": 12, "total_points": 110, "visibility_pct": 10.909090909090908 }, "geometry": { "type": "Point", "coordinates": [ -0.720603332563571, 52.006833184684787 ] } },
{ "type": "Feature", "properties": { "visible_points": 0, "total_points": 99, "visibility_pct": 0.0 }, "geometry": { "type": "Point", "coordinates": [ -0.720401512714828, 52.006830993764105 ] } },
{ "type": "Feature", "properties": { "visible_points": 0, "total_points": 87, "visibility_pct": 0.0 }, "geometry": { "type": "Point", "coordinates": [ -0.720199692893868, 52.006828802497374 ] } },
{ "type": "Feature", "properties": { "visible_points": 6, "total_points": 74, "visibility_pct": 8.1081081081081088 }, "geometry": { "type": "Point", "coordinates": [ -0.71999787310069, 52.006826610884595 ] } },
{ "type": "Feature", "properties": { "visible_points": 2, "total_points": 82, "visibility_pct": 2.4390243902439024 }, "geometry": { "type": "Point", "coordinates": [ -0.726352149207481, 52.007003344092311 ] } },
{ "type": "Feature", "properties": { "visible_points": 1, "total_points": 90, "visibility_pct": 1.1111111111111112 }, "geometry": { "type": "Point", "coordinates": [ -0.726150328034511, 52.007001163034509 ] } },
{ "type": "Feature", "properties": { "visible_points": 0, "total_points": 98, "visibility_pct": 0.0 }, "geometry": { "type": "Point", "coordinates": [ -0.725948506889191, 52.006998981630616 ] } },
{ "type": "Feature", "properties": { "visible_points": 42, "total_points": 106, "visibility_pct": 39.622641509433961 }, "geometry": { "type": "Point", "coordinates": [ -0.725746685771541, 52.006996799880667 ] } },
{ "type": "Feature", "properties": { "visible_points": 56, "total_points": 112, "visibility_pct": 50.0 }, "geometry": { "type": "Point", "coordinates": [ -0.725544864681544, 52.006994617784663 ] } },
{ "type": "Feature", "properties": { "visible_points": 70, "total_points": 118, "visibility_pct": 59.322033898305079 }, "geometry": { "type": "Point", "coordinates": [ -0.725343043619222, 52.006992435342596 ] } },
{ "type": "Feature", "properties": { "visible_points": 84, "total_points": 120, "visibility_pct": 70.0 }, "geometry": { "type": "Point", "coordinates": [ -0.725141222584568, 52.006990252554459 ] } },
{ "type": "Feature", "properties": { "visible_points": 97, "total_points": 120, "visibility_pct": 80.833333333333329 }, "geometry": { "type": "Point", "coordinates": [ -0.724939401577599, 52.00698806942026 ] } },
{ "type": "Feature", "properties": { "visible_points": 109, "total_points": 120, "visibility_pct": 90.833333333333329 }, "geometry": { "type": "Point", "coordinates": [ -0.72473758059831, 52.006985885940018 ] } },
{ "type": "Feature", "properties": { "visible_points": 116, "total_points": 120, "visibility_pct": 96.666666666666671 }, "geometry": { "type": "Point", "coordinates": [ -0.724535759646705, 52.0069837021137 ] } },
{ "type": "Feature", "properties": { "visible_points": 117, "total_points": 120, "visibility_pct": 97.5 }, "geometry": { "type": "Point", "coordinates": [ -0.724333938722795, 52.006981517941327 ] } },
{ "type": "Feature", "properties": { "visible_points": 113, "total_points": 120, "visibility_pct": 94.166666666666671 }, "geometry": { "type": "Point", "coordinates": [ -0.724132117826576, 52.006979333422883 ] } },
{ "type": "Feature", "properties": { "visible_points": 109, "total_points": 120, "visibility_pct": 90.833333333333329 }, "geometry": { "type": "Point", "coordinates": [ -0.723930296958064, 52.006977148558391 ] } },
{ "type": "Feature", "properties": { "visible_points": 102, "total_points": 120, "visibility_pct": 85.0 }, "geometry": { "type": "Point", "coordinates": [ -0.72372847611725, 52.006974963347844 ] } },
{ "type": "Feature", "properties": { "visible_points": 95, "total_points": 120, "visibility_pct": 79.166666666666657 }, "geometry": { "type": "Point", "coordinates": [ -0.723526655304152, 52.006972777791219 ] } },
{ "type": "Feature", "properties": { "visible_points": 86, "total_points": 120, "visibility_pct": 71.666666666666671 }, "geometry": { "type": "Point", "coordinates": [ -0.723324834518764, 52.006970591888546 ] } },
{ "type": "Feature", "properties": { "visible_points": 74, "total_points": 120, "visibility_pct": 61.666666666666671 }, "geometry": { "type": "Point", "coordinates": [ -0.723123013761094, 52.006968405639789 ] } },
{ "type": "Feature", "properties": { "visible_points": 66, "total_points": 120, "visibility_pct": 55.000000000000007 }, "geometry": { "type": "Point", "coordinates": [ -0.72292119303115, 52.006966219044998 ] } },
{ "type": "Feature", "properties": { "visible_points": 62, "total_points": 120, "visibility_pct": 51.666666666666671 }, "geometry": { "type": "Point", "coordinates": [ -0.722719372328933, 52.00696403210415 ] } },
{ "type": "Feature", "properties": { "visible_points": 59, "total_points": 120, "visibility_pct": 49.166666666666664 }, "geometry": { "type": "Point", "coordinates": [ -0.722517551654445, 52.006961844817226 ] } },
{ "type": "Feature", "properties": { "visible_points": 55, "total_points": 120, "visibility_pct": 45.833333333333329 }, "geometry": { "type": "Point", "coordinates": [ -0.722315731007701, 52.006959657184233 ] } },
{ "type": "Feature", "properties": { "visible_points": 51, "total_points": 120, "visibility_pct": 42.5 }, "geometry": { "type": "Point", "coordinates": [ -0.722113910388689, 52.00695746920519 ] } },
{ "type": "Feature", "properties": { "visible_points": 48, "total_points": 120, "visibility_pct": 40.0 }, "geometry": { "type": "Point", "coordinates": [ -0.721912089797429, 52.006955280880085 ] } },
{ "type": "Feature", "properties": { "visible_points": 46, "total_points": 120, "visibility_pct": 38.333333333333336 }, "geometry": { "type": "Point", "coordinates": [ -0.721710269233918, 52.006953092208917 ] } },
{ "type": "Feature", "properties": { "visible_points": 39, "total_points": 120, "visibility_pct": 32.5 }, "geometry": { "type": "Point", "coordinates": [ -0.721508448698162, 52.006950903191694 ] } },
{ "type": "Feature", "properties": { "visible_points": 34, "total_points": 120, "visibility_pct": 28.333333333333332 }, "geometry": { "type": "Point", "coordinates": [ -0.721306628190162, 52.006948713828393 ] } },
{ "type": "Feature", "properties": { "visible_points": 28, "total_points": 120, "visibility_pct": 23.333333333333332 }, "geometry": { "type": "Point", "coordinates": [ -0.721104807709929, 52.006946524119058 ] } },
{ "type": "Feature", "properties": { "visible_points": 24, "total_points": 120, "visibility_pct": 20.0 }, "geometry": { "type": "Point", "coordinates": [ -0.720902987257463, 52.006944334063661 ] } },
{ "type": "Feature", "properties": { "visible_points": 18, "total_points": 114, "visibility_pct": 15.789473684210526 }, "geometry": { "type": "Point", "coordinates": [ -0.720701166832773, 52.006942143662201 ] } },
{ "type": "Feature", "properties": { "visible_points": 10, "total_points": 104, "visibility_pct": 9.6153846153846168 }, "geometry": { "type": "Point", "coordinates": [ -0.720499346435858, 52.006939952914657 ] } },
{ "type": "Feature", "properties": { "visible_points": 0, "total_points": 92, "visibility_pct": 0.0 }, "geometry": { "type": "Point", "coordinates": [ -0.720297526066724, 52.006937761821071 ] } },
{ "type": "Feature", "properties": { "visible_points": 4, "total_points": 79, "visibility_pct": 5.0632911392405067 }, "geometry": { "type": "Point", "coordinates": [ -0.720095705725377, 52.006935570381415 ] } },
{ "type": "Feature", "properties": { "visible_points": 0, "total_points": 86, "visibility_pct": 0.0 }, "geometry": { "type": "Point", "coordinates": [ -0.72604635593049, 52.007107936017356 ] } },
{ "type": "Feature", "properties": { "visible_points": 1, "total_points": 95, "visibility_pct": 1.0526315789473684 }, "geometry": { "type": "Point", "coordinates": [ -0.725844534264714, 52.007105754440573 ] } },
{ "type": "Feature", "properties": { "visible_points": 42, "total_points": 103, "visibility_pct": 40.776699029126213 }, "geometry": { "type": "Point", "coordinates": [ -0.725642712626603, 52.00710357251775 ] } },
{ "type": "Feature", "properties": { "visible_points": 58, "total_points": 110, "visibility_pct": 52.72727272727272 }, "geometry": { "type": "Point", "coordinates": [ -0.72544089101616, 52.007101390248856 ] } },
{ "type": "Feature", "properties": { "visible_points": 73, "total_points": 116, "visibility_pct": 62.931034482758619 }, "geometry": { "type": "Point", "coordinates": [ -0.725239069433384, 52.007099207633907 ] } },
{ "type": "Feature", "properties": { "visible_points": 85, "total_points": 120, "visibility_pct": 70.833333333333343 }, "geometry": { "type": "Point", "coordinates": [ -0.725037247878286, 52.007097024672888 ] } },
{ "type": "Feature", "properties": { "visible_points": 97, "total_points": 120, "visibility_pct": 80.833333333333329 }, "geometry": { "type": "Point", "coordinates": [ -0.724835426350866, 52.007094841365806 ] } },
{ "type": "Feature", "properties": { "visible_points": 107, "total_points": 120, "visibility_pct": 89.166666666666671 }, "geometry": { "type": "Point", "coordinates": [ -0.724633604851138, 52.007092657712661 ] } },
{ "type": "Feature", "properties": { "visible_points": 113, "total_points": 120, "visibility_pct": 94.166666666666671 }, "geometry": { "type": "Point", "coordinates": [ -0.724431783379091, 52.007090473713454 ] } },
{ "type": "Feature", "properties": { "visible_points": 114, "total_points": 120, "visibility_pct": 95.0 }, "geometry": { "type": "Point", "coordinates": [ -0.72422996193474, 52.007088289368198 ] } },
{ "type": "Feature", "properties": { "visible_points": 111, "total_points": 120, "visibility_pct": 92.5 }, "geometry": { "type": "Point", "coordinates": [ -0.72402814051809, 52.007086104676858 ] } },
{ "type": "Feature", "properties": { "visible_points": 105, "total_points": 120, "visibility_pct": 87.5 }, "geometry": { "type": "Point", "coordinates": [ -0.72382631912914, 52.007083919639463 ] } },
{ "type": "Feature", "properties": { "visible_points": 99, "total_points": 120, "visibility_pct": 82.5 }, "geometry": { "type": "Point", "coordinates": [ -0.723624497767905, 52.007081734256005 ] } },
{ "type": "Feature", "properties": { "visible_points": 89, "total_points": 120, "visibility_pct": 74.166666666666671 }, "geometry": { "type": "Point", "coordinates": [ -0.72342267643437, 52.007079548526491 ] } },
{ "type": "Feature", "properties": { "visible_points": 81, "total_points": 120, "visibility_pct": 67.5 }, "geometry": { "type": "Point", "coordinates": [ -0.723220855128562, 52.007077362450914 ] } },
{ "type": "Feature", "properties": { "visible_points": 73, "total_points": 120, "visibility_pct": 60.833333333333329 }, "geometry": { "type": "Point", "coordinates": [ -0.723019033850467, 52.007075176029275 ] } },
{ "type": "Feature", "properties": { "visible_points": 66, "total_points": 120, "visibility_pct": 55.000000000000007 }, "geometry": { "type": "Point", "coordinates": [ -0.722817212600102, 52.00707298926158 ] } },
{ "type": "Feature", "properties": { "visible_points": 61, "total_points": 120, "visibility_pct": 50.833333333333329 }, "geometry": { "type": "Point", "coordinates": [ -0.722615391377467, 52.007070802147801 ] } },
{ "type": "Feature", "properties": { "visible_points": 58, "total_points": 120, "visibility_pct": 48.333333333333336 }, "geometry": { "type": "Point", "coordinates": [ -0.722413570182565, 52.007068614687974 ] } },
{ "type": "Feature", "properties": { "visible_points": 55, "total_points": 120, "visibility_pct": 45.833333333333329 }, "geometry": { "type": "Point", "coordinates": [ -0.722211749015405, 52.007066426882091 ] } },
{ "type": "Feature", "properties": { "visible_points": 52, "total_points": 120, "visibility_pct": 43.333333333333336 }, "geometry": { "type": "Point", "coordinates": [ -0.722009927875985, 52.007064238730138 ] } },
{ "type": "Feature", "properties": { "visible_points": 48, "total_points": 120, "visibility_pct": 40.0 }, "geometry": { "type": "Point", "coordinates": [ -0.721808106764315, 52.007062050232108 ] } },
{ "type": "Feature", "properties": { "visible_points": 43, "total_points": 120, "visibility_pct": 35.833333333333336 }, "geometry": { "type": "Point", "coordinates": [ -0.721606285680399, 52.007059861388043 ] } },
{ "type": "Feature", "properties": { "visible_points": 35, "total_points": 120, "visibility_pct": 29.166666666666668 }, "geometry": { "type": "Point", "coordinates": [ -0.72140446462424, 52.007057672197902 ] } },
{ "type": "Feature", "properties": { "visible_points": 30, "total_points": 120, "visibility_pct": 25.0 }, "geometry": { "type": "Point", "coordinates": [ -0.721202643595841, 52.00705548266172 ] } },
{ "type": "Feature", "properties": { "visible_points": 24, "total_points": 120, "visibility_pct": 20.0 }, "geometry": { "type": "Point", "coordinates": [ -0.721000822595209, 52.007053292779453 ] } },
{ "type": "Feature", "properties": { "visible_points": 7, "total_points": 117, "visibility_pct": 5.982905982905983 }, "geometry": { "type": "Point", "coordinates": [ -0.720799001622351, 52.007051102551138 ] } },
{ "type": "Feature", "properties": { "visible_points": 0, "total_points": 108, "visibility_pct": 0.0 }, "geometry": { "type": "Point", "coordinates": [ -0.720597180677263, 52.007048911976739 ] } },
{ "type": "Feature", "properties": { "visible_points": 0, "total_points": 97, "visibility_pct": 0.0 }, "geometry": { "type": "Point", "coordinates": [ -0.720395359759956, 52.007046721056284 ] } },
{ "type": "Feature", "properties": { "visible_points": 0, "total_points": 85, "visibility_pct": 0.0 }, "geometry": { "type": "Point", "coordinates": [ -0.720193538870438, 52.007044529789781 ] } },
{ "type": "Feature", "properties": { "visible_points": 0, "total_points": 83, "visibility_pct": 0.0 }, "geometry": { "type": "Point", "coordinates": [ -0.725942383278336, 52.007214708912002 ] } },
{ "type": "Feature", "properties": { "visible_points": 2, "total_points": 92, "visibility_pct": 2.1739130434782608 }, "geometry": { "type": "Point", "coordinates": [ -0.725740561092106, 52.007212527162359 ] } },
{ "type": "Feature", "properties": { "visible_points": 36, "total_points": 100, "visibility_pct": 36.0 }, "geometry": { "type": "Point", "coordinates": [ -0.725538738933536, 52.007210345066639 ] } },
{ "type": "Feature", "properties": { "visible_points": 61, "total_points": 108, "visibility_pct": 56.481481481481474 }, "geometry": { "type": "Point", "coordinates": [ -0.725336916802637, 52.007208162624842 ] } },
{ "type": "Feature", "properties": { "visible_points": 74, "total_points": 114, "visibility_pct": 64.912280701754383 }, "geometry": { "type": "Point", "coordinates": [ -0.72513509469941, 52.007205979837003 ] } },
{ "type": "Feature", "properties": { "visible_points": 85, "total_points": 119, "visibility_pct": 71.428571428571431 }, "geometry": { "type": "Point", "coordinates": [ -0.724933272623858, 52.007203796703095 ] } },
{ "type": "Feature", "properties": { "visible_points": 95, "total_points": 120, "visibility_pct": 79.166666666666657 }, "geometry": { "type": "Point", "coordinates": [ -0.724731450575997, 52.007201613223131 ] } },
{ "type": "Feature", "properties": { "visible_points": 103, "total_points": 120, "visibility_pct": 85.833333333333329 }, "geometry": { "type": "Point", "coordinates": [ -0.724529628555817, 52.007199429397104 ] } },
{ "type": "Feature", "properties": { "visible_points": 107, "total_points": 120, "visibility_pct": 89.166666666666671 }, "geometry": { "type": "Point", "coordinates": [ -0.724327806563335, 52.007197245224987 ] } },
{ "type": "Feature", "properties": { "visible_points": 105, "total_points": 120, "visibility_pct": 87.5 }, "geometry": { "type": "Point", "coordinates": [ -0.72412598459854, 52.007195060706842 ] } },
{ "type": "Feature", "properties": { "visible_points": 102, "total_points": 120, "visibility_pct": 85.0 }, "geometry": { "type": "Point", "coordinates": [ -0.723924162661456, 52.007192875842605 ] } },
{ "type": "Feature", "properties": { "visible_points": 98, "total_points": 120, "visibility_pct": 81.666666666666671 }, "geometry": { "type": "Point", "coordinates": [ -0.723722340752067, 52.007190690632321 ] } },
{ "type": "Feature", "properties": { "visible_points": 92, "total_points": 120, "visibility_pct": 76.666666666666671 }, "geometry": { "type": "Point", "coordinates": [ -0.723520518870396, 52.007188505075945 ] } },
{ "type": "Feature", "properties": { "visible_points": 82, "total_points": 120, "visibility_pct": 68.333333333333329 }, "geometry": { "type": "Point", "coordinates": [ -0.723318697016441, 52.007186319173535 ] } },
{ "type": "Feature", "properties": { "visible_points": 75, "total_points": 120, "visibility_pct": 62.5 }, "geometry": { "type": "Point", "coordinates": [ -0.723116875190198, 52.007184132925069 ] } },
{ "type": "Feature", "properties": { "visible_points": 70, "total_points": 120, "visibility_pct": 58.333333333333336 }, "geometry": { "type": "Point", "coordinates": [ -0.722915053391682, 52.007181946330526 ] } },
{ "type": "Feature", "properties": { "visible_points": 63, "total_points": 120, "visibility_pct": 52.5 }, "geometry": { "type": "Point", "coordinates": [ -0.722713231620893, 52.007179759389921 ] } },
{ "type": "Feature", "properties": { "visible_points": 59, "total_points": 120, "visibility_pct": 49.166666666666664 }, "geometry": { "type": "Point", "coordinates": [ -0.722511409877839, 52.007177572103238 ] } },
{ "type": "Feature", "properties": { "visible_points": 57, "total_points": 120, "visibility_pct": 47.5 }, "geometry": { "type": "Point", "coordinates": [ -0.722309588162521, 52.007175384470507 ] } },
{ "type": "Feature", "properties": { "visible_points": 52, "total_points": 120, "visibility_pct": 43.333333333333336 }, "geometry": { "type": "Point", "coordinates": [ -0.722107766474943, 52.007173196491721 ] } },
{ "type": "Feature", "properties": { "visible_points": 42, "total_points": 120, "visibility_pct": 35.0 }, "geometry": { "type": "Point", "coordinates": [ -0.721905944815112, 52.007171008166864 ] } },
{ "type": "Feature", "properties": { "visible_points": 0, "total_points": 120, "visibility_pct": 0.0 }, "geometry": { "type": "Point", "coordinates": [ -0.721704123183034, 52.007168819495924 ] } },
{ "type": "Feature", "properties": { "visible_points": 19, "total_points": 120, "visibility_pct": 15.833333333333332 }, "geometry": { "type": "Point", "coordinates": [ -0.721502301578709, 52.007166630478935 ] } },
{ "type": "Feature", "properties": { "visible_points": 20, "total_points": 120, "visibility_pct": 16.666666666666664 }, "geometry": { "type": "Point", "coordinates": [ -0.721300480002144, 52.00716444111589 ] } },
{ "type": "Feature", "properties": { "visible_points": 0, "total_points": 120, "visibility_pct": 0.0 }, "geometry": { "type": "Point", "coordinates": [ -0.721098658453344, 52.007162251406768 ] } },
{ "type": "Feature", "properties": { "visible_points": 0, "total_points": 119, "visibility_pct": 0.0 }, "geometry": { "type": "Point", "coordinates": [ -0.720896836932312, 52.007160061351584 ] } },
{ "type": "Feature", "properties": { "visible_points": 0, "total_points": 112, "visibility_pct": 0.0 }, "geometry": { "type": "Point", "coordinates": [ -0.720695015439054, 52.007157870950344 ] } },
{ "type": "Feature", "properties": { "visible_points": 1, "total_points": 102, "visibility_pct": 0.98039215686274506 }, "geometry": { "type": "Point", "coordinates": [ -0.720493193973575, 52.007155680203041 ] } },
{ "type": "Feature", "properties": { "visible_points": 1, "total_points": 90, "visibility_pct": 1.1111111111111112 }, "geometry": { "type": "Point", "coordinates": [ -0.720291372535875, 52.007153489109676 ] } },
{ "type": "Feature", "properties": { "visible_points": 4, "total_points": 77, "visibility_pct": 5.1948051948051948 }, "geometry": { "type": "Point", "coordinates": [ -0.720089551125967, 52.007151297670241 ] } },
{ "type": "Feature", "properties": { "visible_points": 2, "total_points": 80, "visibility_pct": 2.5 }, "geometry": { "type": "Point", "coordinates": [ -0.725838410078054, 52.007321481718442 ] } },
{ "type": "Feature", "properties": { "visible_points": 7, "total_points": 89, "visibility_pct": 7.8651685393258424 }, "geometry": { "type": "Point", "coordinates": [ -0.725636587371355, 52.007319299795888 ] } },
{ "type": "Feature", "properties": { "visible_points": 31, "total_points": 98, "visibility_pct": 31.632653061224492 }, "geometry": { "type": "Point", "coordinates": [ -0.725434764692327, 52.007317117527293 ] } },
{ "type": "Feature", "properties": { "visible_points": 61, "total_points": 106, "visibility_pct": 57.547169811320757 }, "geometry": { "type": "Point", "coordinates": [ -0.725232942040974, 52.007314934912607 ] } },
{ "type": "Feature", "properties": { "visible_points": 71, "total_points": 112, "visibility_pct": 63.392857142857139 }, "geometry": { "type": "Point", "coordinates": [ -0.725031119417292, 52.007312751951886 ] } },
{ "type": "Feature", "properties": { "visible_points": 82, "total_points": 118, "visibility_pct": 69.491525423728817 }, "geometry": { "type": "Point", "coordinates": [ -0.724829296821292, 52.007310568645082 ] } },
{ "type": "Feature", "properties": { "visible_points": 90, "total_points": 120, "visibility_pct": 75.0 }, "geometry": { "type": "Point", "coordinates": [ -0.724627474252977, 52.007308384992221 ] } },
{ "type": "Feature", "properties": { "visible_points": 95, "total_points": 120, "visibility_pct": 79.166666666666657 }, "geometry": { "type": "Point", "coordinates": [ -0.724425651712351, 52.007306200993284 ] } },
{ "type": "Feature", "properties": { "visible_points": 96, "total_points": 120, "visibility_pct": 80.0 }, "geometry": { "type": "Point", "coordinates": [ -0.724223829199422, 52.007304016648298 ] } },
{ "type": "Feature", "properties": { "visible_points": 95, "total_points": 120, "visibility_pct": 79.166666666666657 }, "geometry": { "type": "Point", "coordinates": [ -0.72402200671419, 52.007301831957228 ] } },
{ "type": "Feature", "properties": { "visible_points": 93, "total_points": 120, "visibility_pct": 77.5 }, "geometry": { "type": "Point", "coordinates": [ -0.723820184256663, 52.007299646920117 ] } },
{ "type": "Feature", "properties": { "visible_points": 88, "total_points": 120, "visibility_pct": 73.333333333333329 }, "geometry": { "type": "Point", "coordinates": [ -0.723618361826843, 52.007297461536922 ] } },
{ "type": "Feature", "properties": { "visible_points": 82, "total_points": 120, "visibility_pct": 68.333333333333329 }, "geometry": { "type": "Point", "coordinates": [ -0.723416539424731, 52.007295275807685 ] } },
{ "type": "Feature", "properties": { "visible_points": 75, "total_points": 120, "visibility_pct": 62.5 }, "geometry": { "type": "Point", "coordinates": [ -0.723214717050346, 52.00729308973235 ] } },
{ "type": "Feature", "properties": { "visible_points": 68, "total_points": 120, "visibility_pct": 56.666666666666664 }, "geometry": { "type": "Point", "coordinates": [ -0.723012894703674, 52.007290903310967 ] } },
{ "type": "Feature", "properties": { "visible_points": 61, "total_points": 120, "visibility_pct": 50.833333333333329 }, "geometry": { "type": "Point", "coordinates": [ -0.722811072384729, 52.007288716543528 ] } },
{ "type": "Feature", "properties": { "visible_points": 57, "total_points": 120, "visibility_pct": 47.5 }, "geometry": { "type": "Point", "coordinates": [ -0.722609250093522, 52.007286529430004 ] } },
{ "type": "Feature", "properties": { "visible_points": 46, "total_points": 120, "visibility_pct": 38.333333333333336 }, "geometry": { "type": "Point", "coordinates": [ -0.72240742783004, 52.007284341970433 ] } },
{ "type": "Feature", "properties": { "visible_points": 0, "total_points": 120, "visibility_pct": 0.0 }, "geometry": { "type": "Point", "coordinates": [ -0.722205605594303, 52.007282154164791 ] } },
{ "type": "Feature", "properties": { "visible_points": 0, "total_points": 120, "visibility_pct": 0.0 }, "geometry": { "type": "Point", "coordinates": [ -0.722003783386312, 52.007279966013073 ] } },
{ "type": "Feature", "properties": { "visible_points": 0, "total_points": 120, "visibility_pct": 0.0 }, "geometry": { "type": "Point", "coordinates": [ -0.721801961206066, 52.007277777515306 ] } },
{ "type": "Feature", "properties": { "visible_points": 0, "total_points": 120, "visibility_pct": 0.0 }, "geometry": { "type": "Point", "coordinates": [ -0.721600139053573, 52.007275588671476 ] } },
{ "type": "Feature", "properties": { "visible_points": 0, "total_points": 120, "visibility_pct": 0.0 }, "geometry": { "type": "Point", "coordinates": [ -0.721398316928839, 52.007273399481576 ] } },
{ "type": "Feature", "properties": { "visible_points": 4, "total_points": 120, "visibility_pct": 3.3333333333333335 }, "geometry": { "type": "Point", "coordinates": [ -0.721196494831871, 52.007271209945607 ] } },
{ "type": "Feature", "properties": { "visible_points": 1, "total_points": 120, "visibility_pct": 0.83333333333333337 }, "geometry": { "type": "Point", "coordinates": [ -0.720994672762663, 52.007269020063575 ] } },
{ "type": "Feature", "properties": { "visible_points": 0, "total_points": 115, "visibility_pct": 0.0 }, "geometry": { "type": "Point", "coordinates": [ -0.720792850721232, 52.00726682983548 ] } },
{ "type": "Feature", "properties": { "visible_points": 0, "total_points": 106, "visibility_pct": 0.0 }, "geometry": { "type": "Point", "coordinates": [ -0.720591028707574, 52.007264639261329 ] } },
{ "type": "Feature", "properties": { "visible_points": 0, "total_points": 94, "visibility_pct": 0.0 }, "geometry": { "type": "Point", "coordinates": [ -0.720389206721697, 52.007262448341088 ] } },
{ "type": "Feature", "properties": { "visible_points": 1, "total_points": 82, "visibility_pct": 1.2195121951219512 }, "geometry": { "type": "Point", "coordinates": [ -0.720187384763607, 52.007260257074812 ] } },
{ "type": "Feature", "properties": { "visible_points": 0, "total_points": 86, "visibility_pct": 0.0 }, "geometry": { "type": "Point", "coordinates": [ -0.725532613102468, 52.007426072341218 ] } },
{ "type": "Feature", "properties": { "visible_points": 0, "total_points": 95, "visibility_pct": 0.0 }, "geometry": { "type": "Point", "coordinates": [ -0.72533078990298, 52.007423889899719 ] } },
{ "type": "Feature", "properties": { "visible_points": 57, "total_points": 103, "visibility_pct": 55.339805825242713 }, "geometry": { "type": "Point", "coordinates": [ -0.725128966731162, 52.007421707112165 ] } },
{ "type": "Feature", "properties": { "visible_points": 67, "total_points": 110, "visibility_pct": 60.909090909090914 }, "geometry": { "type": "Point", "coordinates": [ -0.724927143587029, 52.007419523978541 ] } },
{ "type": "Feature", "properties": { "visible_points": 76, "total_points": 116, "visibility_pct": 65.517241379310349 }, "geometry": { "type": "Point", "coordinates": [ -0.724725320470572, 52.007417340498861 ] } },
{ "type": "Feature", "properties": { "visible_points": 81, "total_points": 120, "visibility_pct": 67.5 }, "geometry": { "type": "Point", "coordinates": [ -0.724523497381805, 52.007415156673076 ] } },
{ "type": "Feature", "properties": { "visible_points": 83, "total_points": 120, "visibility_pct": 69.166666666666671 }, "geometry": { "type": "Point", "coordinates": [ -0.724321674320736, 52.007412972501257 ] } },
{ "type": "Feature", "properties": { "visible_points": 86, "total_points": 120, "visibility_pct": 71.666666666666671 }, "geometry": { "type": "Point", "coordinates": [ -0.724119851287358, 52.007410787983375 ] } },
{ "type": "Feature", "properties": { "visible_points": 84, "total_points": 120, "visibility_pct": 70.0 }, "geometry": { "type": "Point", "coordinates": [ -0.723918028281681, 52.007408603119416 ] } },
{ "type": "Feature", "properties": { "visible_points": 83, "total_points": 120, "visibility_pct": 69.166666666666671 }, "geometry": { "type": "Point", "coordinates": [ -0.723716205303711, 52.007406417909394 ] } },
{ "type": "Feature", "properties": { "visible_points": 79, "total_points": 120, "visibility_pct": 65.833333333333329 }, "geometry": { "type": "Point", "coordinates": [ -0.723514382353455, 52.007404232353309 ] } },
{ "type": "Feature", "properties": { "visible_points": 72, "total_points": 120, "visibility_pct": 60.0 }, "geometry": { "type": "Point", "coordinates": [ -0.72331255943091, 52.007402046451148 ] } },
{ "type": "Feature", "properties": { "visible_points": 65, "total_points": 120, "visibility_pct": 54.166666666666664 }, "geometry": { "type": "Point", "coordinates": [ -0.723110736536084, 52.007399860202923 ] } },
{ "type": "Feature", "properties": { "visible_points": 57, "total_points": 120, "visibility_pct": 47.5 }, "geometry": { "type": "Point", "coordinates": [ -0.722908913668986, 52.007397673608629 ] } },
{ "type": "Feature", "properties": { "visible_points": 19, "total_points": 120, "visibility_pct": 15.833333333333332 }, "geometry": { "type": "Point", "coordinates": [ -0.722707090829612, 52.007395486668287 ] } },
{ "type": "Feature", "properties": { "visible_points": 1, "total_points": 120, "visibility_pct": 0.83333333333333337 }, "geometry": { "type": "Point", "coordinates": [ -0.722505268017977, 52.007393299381874 ] } },
{ "type": "Feature", "properties": { "visible_points": 6, "total_points": 120, "visibility_pct": 5.0 }, "geometry": { "type": "Point", "coordinates": [ -0.722303445234072, 52.007391111749392 ] } },
{ "type": "Feature", "properties": { "visible_points": 11, "total_points": 120, "visibility_pct": 9.1666666666666661 }, "geometry": { "type": "Point", "coordinates": [ -0.722101622477913, 52.00738892377084 ] } },
{ "type": "Feature", "properties": { "visible_points": 0, "total_points": 120, "visibility_pct": 0.0 }, "geometry": { "type": "Point", "coordinates": [ -0.721899799749504, 52.007386735446204 ] } },
{ "type": "Feature", "properties": { "visible_points": 1, "total_points": 120, "visibility_pct": 0.83333333333333337 }, "geometry": { "type": "Point", "coordinates": [ -0.721697977048842, 52.00738454677554 ] } },
{ "type": "Feature", "properties": { "visible_points": 0, "total_points": 120, "visibility_pct": 0.0 }, "geometry": { "type": "Point", "coordinates": [ -0.721496154375935, 52.007382357758772 ] } },
{ "type": "Feature", "properties": { "visible_points": 1, "total_points": 120, "visibility_pct": 0.83333333333333337 }, "geometry": { "type": "Point", "coordinates": [ -0.721294331730792, 52.007380168395969 ] } },
{ "type": "Feature", "properties": { "visible_points": 0, "total_points": 120, "visibility_pct": 0.0 }, "geometry": { "type": "Point", "coordinates": [ -0.721092509113412, 52.007377978687074 ] } },
{ "type": "Feature", "properties": { "visible_points": 0, "total_points": 117, "visibility_pct": 0.0 }, "geometry": { "type": "Point", "coordinates": [ -0.7208906865238, 52.007375788632146 ] } },
{ "type": "Feature", "properties": { "visible_points": 0, "total_points": 109, "visibility_pct": 0.0 }, "geometry": { "type": "Point", "coordinates": [ -0.720688863961965, 52.007373598231119 ] } },
{ "type": "Feature", "properties": { "visible_points": 0, "total_points": 99, "visibility_pct": 0.0 }, "geometry": { "type": "Point", "coordinates": [ -0.720487041427907, 52.007371407484037 ] } },
{ "type": "Feature", "properties": { "visible_points": 0, "total_points": 87, "visibility_pct": 0.0 }, "geometry": { "type": "Point", "coordinates": [ -0.720285218921626, 52.007369216390892 ] } },
{ "type": "Feature", "properties": { "visible_points": 0, "total_points": 83, "visibility_pct": 0.0 }, "geometry": { "type": "Point", "coordinates": [ -0.725428638285432, 52.007532844798313 ] } },
{ "type": "Feature", "properties": { "visible_points": 0, "total_points": 92, "visibility_pct": 0.0 }, "geometry": { "type": "Point", "coordinates": [ -0.72522681456548, 52.007530662183932 ] } },
{ "type": "Feature", "properties": { "visible_points": 21, "total_points": 100, "visibility_pct": 21.0 }, "geometry": { "type": "Point", "coordinates": [ -0.725024990873205, 52.007528479223495 ] } },
{ "type": "Feature", "properties": { "visible_points": 61, "total_points": 108, "visibility_pct": 56.481481481481474 }, "geometry": { "type": "Point", "coordinates": [ -0.72482316720861, 52.007526295916975 ] } },
{ "type": "Feature", "properties": { "visible_points": 68, "total_points": 114, "visibility_pct": 59.649122807017541 }, "geometry": { "type": "Point", "coordinates": [ -0.724621343571701, 52.007524112264392 ] } },
{ "type": "Feature", "properties": { "visible_points": 70, "total_points": 119, "visibility_pct": 58.82352941176471 }, "geometry": { "type": "Point", "coordinates": [ -0.724419519962482, 52.007521928265739 ] } },
{ "type": "Feature", "properties": { "visible_points": 74, "total_points": 120, "visibility_pct": 61.666666666666671 }, "geometry": { "type": "Point", "coordinates": [ -0.724217696380959, 52.007519743921002 ] } },
{ "type": "Feature", "properties": { "visible_points": 75, "total_points": 120, "visibility_pct": 62.5 }, "geometry": { "type": "Point", "coordinates": [ -0.72401587282713, 52.007517559230209 ] } },
{ "type": "Feature", "properties": { "visible_points": 73, "total_points": 120, "visibility_pct": 60.833333333333329 }, "geometry": { "type": "Point", "coordinates": [ -0.723814049301014, 52.007515374193375 ] } },
{ "type": "Feature", "properties": { "visible_points": 72, "total_points": 120, "visibility_pct": 60.0 }, "geometry": { "type": "Point", "coordinates": [ -0.7236122258026, 52.007513188810442 ] } },
{ "type": "Feature", "properties": { "visible_points": 66, "total_points": 120, "visibility_pct": 55.000000000000007 }, "geometry": { "type": "Point", "coordinates": [ -0.723410402331898, 52.007511003081461 ] } },
{ "type": "Feature", "properties": { "visible_points": 60, "total_points": 120, "visibility_pct": 50.0 }, "geometry": { "type": "Point", "coordinates": [ -0.723208578888918, 52.007508817006403 ] } },
{ "type": "Feature", "properties": { "visible_points": 42, "total_points": 120, "visibility_pct": 35.0 }, "geometry": { "type": "Point", "coordinates": [ -0.723006755473659, 52.007506630585276 ] } },
{ "type": "Feature", "properties": { "visible_points": 13, "total_points": 120, "visibility_pct": 10.833333333333334 }, "geometry": { "type": "Point", "coordinates": [ -0.722804932086124, 52.007504443818078 ] } },
{ "type": "Feature", "properties": { "visible_points": 1, "total_points": 120, "visibility_pct": 0.83333333333333337 }, "geometry": { "type": "Point", "coordinates": [ -0.722603108726322, 52.007502256704818 ] } },
{ "type": "Feature", "properties": { "visible_points": 3, "total_points": 120, "visibility_pct": 2.5 }, "geometry": { "type": "Point", "coordinates": [ -0.722401285394256, 52.007500069245488 ] } },
{ "type": "Feature", "properties": { "visible_points": 11, "total_points": 120, "visibility_pct": 9.1666666666666661 }, "geometry": { "type": "Point", "coordinates": [ -0.722199462089929, 52.007497881440102 ] } },
{ "type": "Feature", "properties": { "visible_points": 10, "total_points": 120, "visibility_pct": 8.3333333333333321 }, "geometry": { "type": "Point", "coordinates": [ -0.721997638813344, 52.007495693288632 ] } },
{ "type": "Feature", "properties": { "visible_points": 9, "total_points": 120, "visibility_pct": 7.5 }, "geometry": { "type": "Point", "coordinates": [ -0.721795815564517, 52.007493504791107 ] } },
{ "type": "Feature", "properties": { "visible_points": 0, "total_points": 120, "visibility_pct": 0.0 }, "geometry": { "type": "Point", "coordinates": [ -0.721593992343433, 52.007491315947505 ] } },
{ "type": "Feature", "properties": { "visible_points": 0, "total_points": 120, "visibility_pct": 0.0 }, "geometry": { "type": "Point", "coordinates": [ -0.721392169150115, 52.007489126757832 ] } },
{ "type": "Feature", "properties": { "visible_points": 0, "total_points": 120, "visibility_pct": 0.0 }, "geometry": { "type": "Point", "coordinates": [ -0.721190345984556, 52.007486937222112 ] } },
{ "type": "Feature", "properties": { "visible_points": 0, "total_points": 119, "visibility_pct": 0.0 }, "geometry": { "type": "Point", "coordinates": [ -0.720988522846765, 52.0074847473403 ] } },
{ "type": "Feature", "properties": { "visible_points": 0, "total_points": 112, "visibility_pct": 0.0 }, "geometry": { "type": "Point", "coordinates": [ -0.720786699736747, 52.007482557112439 ] } },
{ "type": "Feature", "properties": { "visible_points": 0, "total_points": 103, "visibility_pct": 0.0 }, "geometry": { "type": "Point", "coordinates": [ -0.720584876654503, 52.007480366538523 ] } },
{ "type": "Feature", "properties": { "visible_points": 0, "total_points": 91, "visibility_pct": 0.0 }, "geometry": { "type": "Point", "coordinates": [ -0.720383053600042, 52.007478175618502 ] } },
{ "type": "Feature", "properties": { "visible_points": 0, "total_points": 80, "visibility_pct": 0.0 }, "geometry": { "type": "Point", "coordinates": [ -0.72532466292025, 52.007639617167222 ] } },
{ "type": "Feature", "properties": { "visible_points": 0, "total_points": 89, "visibility_pct": 0.0 }, "geometry": { "type": "Point", "coordinates": [ -0.725122838679833, 52.007637434379937 ] } },
{ "type": "Feature", "properties": { "visible_points": 0, "total_points": 98, "visibility_pct": 0.0 }, "geometry": { "type": "Point", "coordinates": [ -0.724921014467092, 52.00763525124659 ] } },
{ "type": "Feature", "properties": { "visible_points": 54, "total_points": 106, "visibility_pct": 50.943396226415096 }, "geometry": { "type": "Point", "coordinates": [ -0.724719190282038, 52.007633067767188 ] } },
{ "type": "Feature", "properties": { "visible_points": 59, "total_points": 112, "visibility_pct": 52.678571428571431 }, "geometry": { "type": "Point", "coordinates": [ -0.724517366124672, 52.007630883941694 ] } },
{ "type": "Feature", "properties": { "visible_points": 61, "total_points": 118, "visibility_pct": 51.694915254237287 }, "geometry": { "type": "Point", "coordinates": [ -0.724315541994996, 52.007628699770144 ] } },
{ "type": "Feature", "properties": { "visible_points": 62, "total_points": 120, "visibility_pct": 51.666666666666671 }, "geometry": { "type": "Point", "coordinates": [ -0.724113717893018, 52.007626515252518 ] } },
{ "type": "Feature", "properties": { "visible_points": 62, "total_points": 120, "visibility_pct": 51.666666666666671 }, "geometry": { "type": "Point", "coordinates": [ -0.723911893818749, 52.007624330388857 ] } },
{ "type": "Feature", "properties": { "visible_points": 60, "total_points": 120, "visibility_pct": 50.0 }, "geometry": { "type": "Point", "coordinates": [ -0.723710069772177, 52.007622145179091 ] } },
{ "type": "Feature", "properties": { "visible_points": 58, "total_points": 120, "visibility_pct": 48.333333333333336 }, "geometry": { "type": "Point", "coordinates": [ -0.723508245753322, 52.007619959623256 ] } },
{ "type": "Feature", "properties": { "visible_points": 6, "total_points": 120, "visibility_pct": 5.0 }, "geometry": { "type": "Point", "coordinates": [ -0.723306421762176, 52.007617773721378 ] } },
{ "type": "Feature", "properties": { "visible_points": 52, "total_points": 120, "visibility_pct": 43.333333333333336 }, "geometry": { "type": "Point", "coordinates": [ -0.723104597798756, 52.007615587473417 ] } },
{ "type": "Feature", "properties": { "visible_points": 28, "total_points": 120, "visibility_pct": 23.333333333333332 }, "geometry": { "type": "Point", "coordinates": [ -0.722902773863057, 52.007613400879386 ] } },
{ "type": "Feature", "properties": { "visible_points": 0, "total_points": 120, "visibility_pct": 0.0 }, "geometry": { "type": "Point", "coordinates": [ -0.722700949955091, 52.007611213939278 ] } },
{ "type": "Feature", "properties": { "visible_points": 0, "total_points": 120, "visibility_pct": 0.0 }, "geometry": { "type": "Point", "coordinates": [ -0.722499126074856, 52.007609026653121 ] } },
{ "type": "Feature", "properties": { "visible_points": 6, "total_points": 120, "visibility_pct": 5.0 }, "geometry": { "type": "Point", "coordinates": [ -0.722297302222358, 52.007606839020866 ] } },
{ "type": "Feature", "properties": { "visible_points": 7, "total_points": 120, "visibility_pct": 5.833333333333333 }, "geometry": { "type": "Point", "coordinates": [ -0.722095478397602, 52.00760465104257 ] } },
{ "type": "Feature", "properties": { "visible_points": 5, "total_points": 120, "visibility_pct": 4.1666666666666661 }, "geometry": { "type": "Point", "coordinates": [ -0.721893654600599, 52.007602462718189 ] } },
{ "type": "Feature", "properties": { "visible_points": 5, "total_points": 120, "visibility_pct": 4.1666666666666661 }, "geometry": { "type": "Point", "coordinates": [ -0.72169183083134, 52.007600274047753 ] } },
{ "type": "Feature", "properties": { "visible_points": 0, "total_points": 120, "visibility_pct": 0.0 }, "geometry": { "type": "Point", "coordinates": [ -0.721490007089845, 52.007598085031248 ] } },
{ "type": "Feature", "properties": { "visible_points": 1, "total_points": 120, "visibility_pct": 0.83333333333333337 }, "geometry": { "type": "Point", "coordinates": [ -0.721288183376105, 52.007595895668665 ] } },
{ "type": "Feature", "properties": { "visible_points": 0, "total_points": 120, "visibility_pct": 0.0 }, "geometry": { "type": "Point", "coordinates": [ -0.721086359690129, 52.007593705960005 ] } },
{ "type": "Feature", "properties": { "visible_points": 0, "total_points": 115, "visibility_pct": 0.0 }, "geometry": { "type": "Point", "coordinates": [ -0.720884536031929, 52.007591515905276 ] } },
{ "type": "Feature", "properties": { "visible_points": 0, "total_points": 106, "visibility_pct": 0.0 }, "geometry": { "type": "Point", "coordinates": [ -0.7206827124015, 52.007589325504519 ] } },
{ "type": "Feature", "properties": { "visible_points": 0, "total_points": 95, "visibility_pct": 0.0 }, "geometry": { "type": "Point", "coordinates": [ -0.720480888798848, 52.007587134757642 ] } },
{ "type": "Feature", "properties": { "visible_points": 4, "total_points": 83, "visibility_pct": 4.8192771084337354 }, "geometry": { "type": "Point", "coordinates": [ -0.720279065223983, 52.007584943664718 ] } },
{ "type": "Feature", "properties": { "visible_points": 1, "total_points": 88, "visibility_pct": 1.1363636363636365 }, "geometry": { "type": "Point", "coordinates": [ -0.725018862246024, 52.007744206487708 ] } },
{ "type": "Feature", "properties": { "visible_points": 0, "total_points": 97, "visibility_pct": 0.0 }, "geometry": { "type": "Point", "coordinates": [ -0.72481703751282, 52.007742023181478 ] } },
{ "type": "Feature", "properties": { "visible_points": 20, "total_points": 105, "visibility_pct": 19.047619047619047 }, "geometry": { "type": "Point", "coordinates": [ -0.724615212807307, 52.007739839529172 ] } },
{ "type": "Feature", "properties": { "visible_points": 49, "total_points": 112, "visibility_pct": 43.75 }, "geometry": { "type": "Point", "coordinates": [ -0.724413388129476, 52.007737655530782 ] } },
{ "type": "Feature", "properties": { "visible_points": 52, "total_points": 117, "visibility_pct": 44.444444444444443 }, "geometry": { "type": "Point", "coordinates": [ -0.724211563479348, 52.007735471186351 ] } },
{ "type": "Feature", "properties": { "visible_points": 51, "total_points": 120, "visibility_pct": 42.5 }, "geometry": { "type": "Point", "coordinates": [ -0.724009738856917, 52.007733286495828 ] } },
{ "type": "Feature", "properties": { "visible_points": 22, "total_points": 120, "visibility_pct": 18.333333333333332 }, "geometry": { "type": "Point", "coordinates": [ -0.723807914262189, 52.007731101459228 ] } },
{ "type": "Feature", "properties": { "visible_points": 21, "total_points": 120, "visibility_pct": 17.5 }, "geometry": { "type": "Point", "coordinates": [ -0.723606089695175, 52.007728916076587 ] } },
{ "type": "Feature", "properties": { "visible_points": 0, "total_points": 120, "visibility_pct": 0.0 }, "geometry": { "type": "Point", "coordinates": [ -0.723404265155867, 52.007726730347848 ] } },
{ "type": "Feature", "properties": { "visible_points": 37, "total_points": 120, "visibility_pct": 30.833333333333336 }, "geometry": { "type": "Point", "coordinates": [ -0.723202440644282, 52.00772454427306 ] } },
{ "type": "Feature", "properties": { "visible_points": 29, "total_points": 120, "visibility_pct": 24.166666666666668 }, "geometry": { "type": "Point", "coordinates": [ -0.723000616160417, 52.007722357852174 ] } },
{ "type": "Feature", "properties": { "visible_points": 16, "total_points": 120, "visibility_pct": 13.333333333333334 }, "geometry": { "type": "Point", "coordinates": [ -0.72279879170428, 52.007720171085261 ] } },
{ "type": "Feature", "properties": { "visible_points": 0, "total_points": 120, "visibility_pct": 0.0 }, "geometry": { "type": "Point", "coordinates": [ -0.722596967275874, 52.007717983972249 ] } },
{ "type": "Feature", "properties": { "visible_points": 0, "total_points": 120, "visibility_pct": 0.0 }, "geometry": { "type": "Point", "coordinates": [ -0.722395142875207, 52.00771579651316 ] } },
{ "type": "Feature", "properties": { "visible_points": 0, "total_points": 120, "visibility_pct": 0.0 }, "geometry": { "type": "Point", "coordinates": [ -0.722193318502277, 52.007713608708016 ] } },
{ "type": "Feature", "properties": { "visible_points": 0, "total_points": 120, "visibility_pct": 0.0 }, "geometry": { "type": "Point", "coordinates": [ -0.721991494157095, 52.007711420556802 ] } },
{ "type": "Feature", "properties": { "visible_points": 1, "total_points": 120, "visibility_pct": 0.83333333333333337 }, "geometry": { "type": "Point", "coordinates": [ -0.72178966983966, 52.007709232059504 ] } },
{ "type": "Feature", "properties": { "visible_points": 0, "total_points": 120, "visibility_pct": 0.0 }, "geometry": { "type": "Point", "coordinates": [ -0.721587845549978, 52.007707043216158 ] } },
{ "type": "Feature", "properties": { "visible_points": 3, "total_points": 120, "visibility_pct": 2.5 }, "geometry": { "type": "Point", "coordinates": [ -0.721386021288061, 52.00770485402672 ] } },
{ "type": "Feature", "properties": { "visible_points": 6, "total_points": 120, "visibility_pct": 5.0 }, "geometry": { "type": "Point", "coordinates": [ -0.721184197053899, 52.007702664491212 ] } },
{ "type": "Feature", "properties": { "visible_points": 0, "total_points": 117, "visibility_pct": 0.0 }, "geometry": { "type": "Point", "coordinates": [ -0.720982372847512, 52.007700474609649 ] } },
{ "type": "Feature", "properties": { "visible_points": 0, "total_points": 109, "visibility_pct": 0.0 }, "geometry": { "type": "Point", "coordinates": [ -0.720780548668894, 52.007698284382009 ] } },
{ "type": "Feature", "properties": { "visible_points": 0, "total_points": 99, "visibility_pct": 0.0 }, "geometry": { "type": "Point", "coordinates": [ -0.720578724518051, 52.007696093808306 ] } },
{ "type": "Feature", "properties": { "visible_points": 1, "total_points": 87, "visibility_pct": 1.1494252873563218 }, "geometry": { "type": "Point", "coordinates": [ -0.720376900394995, 52.007693902888533 ] } },
{ "type": "Feature", "properties": { "visible_points": 1, "total_points": 87, "visibility_pct": 1.1494252873563218 }, "geometry": { "type": "Point", "coordinates": [ -0.72491488526406, 52.007850978507257 ] } },
{ "type": "Feature", "properties": { "visible_points": 0, "total_points": 96, "visibility_pct": 0.0 }, "geometry": { "type": "Point", "coordinates": [ -0.724713060010389, 52.007848795028124 ] } },
{ "type": "Feature", "properties": { "visible_points": 17, "total_points": 104, "visibility_pct": 16.346153846153847 }, "geometry": { "type": "Point", "coordinates": [ -0.724511234784409, 52.007846611202929 ] } },
{ "type": "Feature", "properties": { "visible_points": 0, "total_points": 112, "visibility_pct": 0.0 }, "geometry": { "type": "Point", "coordinates": [ -0.724309409586121, 52.007844427031657 ] } },
{ "type": "Feature", "properties": { "visible_points": 0, "total_points": 117, "visibility_pct": 0.0 }, "geometry": { "type": "Point", "coordinates": [ -0.724107584415529, 52.007842242514315 ] } },
{ "type": "Feature", "properties": { "visible_points": 20, "total_points": 120, "visibility_pct": 16.666666666666664 }, "geometry": { "type": "Point", "coordinates": [ -0.723905759272643, 52.007840057650895 ] } },
{ "type": "Feature", "properties": { "visible_points": 0, "total_points": 120, "visibility_pct": 0.0 }, "geometry": { "type": "Point", "coordinates": [ -0.723703934157465, 52.007837872441399 ] } },
{ "type": "Feature", "properties": { "visible_points": 17, "total_points": 120, "visibility_pct": 14.166666666666666 }, "geometry": { "type": "Point", "coordinates": [ -0.72350210906999, 52.007835686885834 ] } },
{ "type": "Feature", "properties": { "visible_points": 17, "total_points": 120, "visibility_pct": 14.166666666666666 }, "geometry": { "type": "Point", "coordinates": [ -0.723300284010243, 52.007833500984198 ] } },
{ "type": "Feature", "properties": { "visible_points": 19, "total_points": 120, "visibility_pct": 15.833333333333332 }, "geometry": { "type": "Point", "coordinates": [ -0.723098458978207, 52.007831314736507 ] } },
{ "type": "Feature", "properties": { "visible_points": 15, "total_points": 120, "visibility_pct": 12.5 }, "geometry": { "type": "Point", "coordinates": [ -0.722896633973899, 52.007829128142738 ] } },
{ "type": "Feature", "properties": { "visible_points": 0, "total_points": 120, "visibility_pct": 0.0 }, "geometry": { "type": "Point", "coordinates": [ -0.722694808997321, 52.007826941202886 ] } },
{ "type": "Feature", "properties": { "visible_points": 0, "total_points": 120, "visibility_pct": 0.0 }, "geometry": { "type": "Point", "coordinates": [ -0.722492984048478, 52.007824753916957 ] } },
{ "type": "Feature", "properties": { "visible_points": 1, "total_points": 120, "visibility_pct": 0.83333333333333337 }, "geometry": { "type": "Point", "coordinates": [ -0.722291159127371, 52.007822566284979 ] } },
{ "type": "Feature", "properties": { "visible_points": 0, "total_points": 120, "visibility_pct": 0.0 }, "geometry": { "type": "Point", "coordinates": [ -0.722089334234011, 52.007820378306917 ] } },
{ "type": "Feature", "properties": { "visible_points": 0, "total_points": 120, "visibility_pct": 0.0 }, "geometry": { "type": "Point", "coordinates": [ -0.721887509368394, 52.007818189982771 ] } },
{ "type": "Feature", "properties": { "visible_points": 12, "total_points": 120, "visibility_pct": 10.0 }, "geometry": { "type": "Point", "coordinates": [ -0.721685684530532, 52.007816001312577 ] } },
{ "type": "Feature", "properties": { "visible_points": 12, "total_points": 120, "visibility_pct": 10.0 }, "geometry": { "type": "Point", "coordinates": [ -0.721483859720424, 52.00781381229632 ] } },
{ "type": "Feature", "properties": { "visible_points": 10, "total_points": 120, "visibility_pct": 8.3333333333333321 }, "geometry": { "type": "Point", "coordinates": [ -0.721282034938081, 52.007811622933957 ] } },
{ "type": "Feature", "properties": { "visible_points": 9, "total_points": 119, "visibility_pct": 7.5630252100840334 }, "geometry": { "type": "Point", "coordinates": [ -0.721080210183502, 52.007809433225525 ] } },
{ "type": "Feature", "properties": { "visible_points": 1, "total_points": 112, "visibility_pct": 0.89285714285714279 }, "geometry": { "type": "Point", "coordinates": [ -0.720878385456692, 52.007807243171058 ] } },
{ "type": "Feature", "properties": { "visible_points": 0, "total_points": 103, "visibility_pct": 0.0 }, "geometry": { "type": "Point", "coordinates": [ -0.720676560757659, 52.007805052770486 ] } },
{ "type": "Feature", "properties": { "visible_points": 1, "total_points": 91, "visibility_pct": 1.098901098901099 }, "geometry": { "type": "Point", "coordinates": [ -0.720474736086404, 52.007802862023865 ] } },
{ "type": "Feature", "properties": { "visible_points": 6, "total_points": 79, "visibility_pct": 7.59493670886076 }, "geometry": { "type": "Point", "coordinates": [ -0.72027291144293, 52.007800670931147 ] } },
{ "type": "Feature", "properties": { "visible_points": 3, "total_points": 87, "visibility_pct": 3.4482758620689653 }, "geometry": { "type": "Point", "coordinates": [ -0.724810907733926, 52.007957750438578 ] } },
{ "type": "Feature", "properties": { "visible_points": 2, "total_points": 96, "visibility_pct": 2.083333333333333 }, "geometry": { "type": "Point", "coordinates": [ -0.724609081959786, 52.007955566786556 ] } },
{ "type": "Feature", "properties": { "visible_points": 0, "total_points": 105, "visibility_pct": 0.0 }, "geometry": { "type": "Point", "coordinates": [ -0.724407256213342, 52.00795338278845 ] } },
{ "type": "Feature", "properties": { "visible_points": 0, "total_points": 112, "visibility_pct": 0.0 }, "geometry": { "type": "Point", "coordinates": [ -0.724205430494594, 52.007951198444275 ] } },
{ "type": "Feature", "properties": { "visible_points": 0, "total_points": 117, "visibility_pct": 0.0 }, "geometry": { "type": "Point", "coordinates": [ -0.724003604803539, 52.007949013754029 ] } },
{ "type": "Feature", "properties": { "visible_points": 11, "total_points": 120, "visibility_pct": 9.1666666666666661 }, "geometry": { "type": "Point", "coordinates": [ -0.723801779140196, 52.007946828717714 ] } },
{ "type": "Feature", "properties": { "visible_points": 11, "total_points": 120, "visibility_pct": 9.1666666666666661 }, "geometry": { "type": "Point", "coordinates": [ -0.723599953504558, 52.007944643335321 ] } },
{ "type": "Feature", "properties": { "visible_points": 11, "total_points": 120, "visibility_pct": 9.1666666666666661 }, "geometry": { "type": "Point", "coordinates": [ -0.723398127896637, 52.007942457606866 ] } },
{ "type": "Feature", "properties": { "visible_points": 12, "total_points": 120, "visibility_pct": 10.0 }, "geometry": { "type": "Point", "coordinates": [ -0.723196302316431, 52.007940271532334 ] } },
{ "type": "Feature", "properties": { "visible_points": 14, "total_points": 120, "visibility_pct": 11.666666666666666 }, "geometry": { "type": "Point", "coordinates": [ -0.722994476763951, 52.007938085111725 ] } },
{ "type": "Feature", "properties": { "visible_points": 15, "total_points": 120, "visibility_pct": 12.5 }, "geometry": { "type": "Point", "coordinates": [ -0.722792651239199, 52.007935898345018 ] } },
{ "type": "Feature", "properties": { "visible_points": 0, "total_points": 120, "visibility_pct": 0.0 }, "geometry": { "type": "Point", "coordinates": [ -0.722590825742173, 52.007933711232276 ] } },
{ "type": "Feature", "properties": { "visible_points": 1, "total_points": 120, "visibility_pct": 0.83333333333333337 }, "geometry": { "type": "Point", "coordinates": [ -0.722389000272893, 52.007931523773451 ] } },
{ "type": "Feature", "properties": { "visible_points": 0, "total_points": 120, "visibility_pct": 0.0 }, "geometry": { "type": "Point", "coordinates": [ -0.722187174831348, 52.007929335968555 ] } },
{ "type": "Feature", "properties": { "visible_points": 0, "total_points": 120, "visibility_pct": 0.0 }, "geometry": { "type": "Point", "coordinates": [ -0.721985349417548, 52.007927147817568 ] } },
{ "type": "Feature", "properties": { "visible_points": 16, "total_points": 120, "visibility_pct": 13.333333333333334 }, "geometry": { "type": "Point", "coordinates": [ -0.7217835240315, 52.007924959320533 ] } },
{ "type": "Feature", "properties": { "visible_points": 16, "total_points": 120, "visibility_pct": 13.333333333333334 }, "geometry": { "type": "Point", "coordinates": [ -0.721581698673209, 52.007922770477407 ] } },
{ "type": "Feature", "properties": { "visible_points": 16, "total_points": 120, "visibility_pct": 13.333333333333334 }, "geometry": { "type": "Point", "coordinates": [ -0.721379873342673, 52.007920581288204 ] } },
{ "type": "Feature", "properties": { "visible_points": 13, "total_points": 120, "visibility_pct": 10.833333333333334 }, "geometry": { "type": "Point", "coordinates": [ -0.721178048039901, 52.007918391752945 ] } },
{ "type": "Feature", "properties": { "visible_points": 10, "total_points": 115, "visibility_pct": 8.695652173913043 }, "geometry": { "type": "Point", "coordinates": [ -0.720976222764901, 52.007916201871609 ] } },
{ "type": "Feature", "properties": { "visible_points": 7, "total_points": 106, "visibility_pct": 6.6037735849056602 }, "geometry": { "type": "Point", "coordinates": [ -0.720774397517671, 52.007914011644196 ] } },
{ "type": "Feature", "properties": { "visible_points": 1, "total_points": 95, "visibility_pct": 1.0526315789473684 }, "geometry": { "type": "Point", "coordinates": [ -0.720572572298216, 52.007911821070714 ] } },
{ "type": "Feature", "properties": { "visible_points": 3, "total_points": 83, "visibility_pct": 3.6144578313253009 }, "geometry": { "type": "Point", "coordinates": [ -0.720370747106549, 52.007909630151147 ] } },
{ "type": "Feature", "properties": { "visible_points": 3, "total_points": 98, "visibility_pct": 3.0612244897959182 }, "geometry": { "type": "Point", "coordinates": [ -0.724505103361015, 52.008062338456753 ] } },
{ "type": "Feature", "properties": { "visible_points": 0, "total_points": 106, "visibility_pct": 0.0 }, "geometry": { "type": "Point", "coordinates": [ -0.724303277094106, 52.008060154285758 ] } },
{ "type": "Feature", "properties": { "visible_points": 0, "total_points": 113, "visibility_pct": 0.0 }, "geometry": { "type": "Point", "coordinates": [ -0.724101450854888, 52.008057969768686 ] } },
{ "type": "Feature", "properties": { "visible_points": 13, "total_points": 118, "visibility_pct": 11.016949152542372 }, "geometry": { "type": "Point", "coordinates": [ -0.723899624643374, 52.008055784905537 ] } },
{ "type": "Feature", "properties": { "visible_points": 20, "total_points": 120, "visibility_pct": 16.666666666666664 }, "geometry": { "type": "Point", "coordinates": [ -0.723697798459567, 52.008053599696311 ] } },
{ "type": "Feature", "properties": { "visible_points": 16, "total_points": 120, "visibility_pct": 13.333333333333334 }, "geometry": { "type": "Point", "coordinates": [ -0.723495972303476, 52.008051414141022 ] } },
{ "type": "Feature", "properties": { "visible_points": 13, "total_points": 120, "visibility_pct": 10.833333333333334 }, "geometry": { "type": "Point", "coordinates": [ -0.723294146175096, 52.008049228239642 ] } },
{ "type": "Feature", "properties": { "visible_points": 21, "total_points": 120, "visibility_pct": 17.5 }, "geometry": { "type": "Point", "coordinates": [ -0.723092320074441, 52.008047041992207 ] } },
{ "type": "Feature", "properties": { "visible_points": 0, "total_points": 120, "visibility_pct": 0.0 }, "geometry": { "type": "Point", "coordinates": [ -0.722890494001507, 52.008044855398694 ] } },
{ "type": "Feature", "properties": { "visible_points": 0, "total_points": 120, "visibility_pct": 0.0 }, "geometry": { "type": "Point", "coordinates": [ -0.722688667956311, 52.008042668459083 ] } },
{ "type": "Feature", "properties": { "visible_points": 0, "total_points": 120, "visibility_pct": 0.0 }, "geometry": { "type": "Point", "coordinates": [ -0.72248684193884, 52.008040481173431 ] } },
{ "type": "Feature", "properties": { "visible_points": 0, "total_points": 120, "visibility_pct": 0.0 }, "geometry": { "type": "Point", "coordinates": [ -0.722285015949112, 52.008038293541674 ] } },
{ "type": "Feature", "properties": { "visible_points": 0, "total_points": 120, "visibility_pct": 0.0 }, "geometry": { "type": "Point", "coordinates": [ -0.722083189987129, 52.008036105563868 ] } },
{ "type": "Feature", "properties": { "visible_points": 0, "total_points": 120, "visibility_pct": 0.0 }, "geometry": { "type": "Point", "coordinates": [ -0.721881364052892, 52.008033917239985 ] } },
{ "type": "Feature", "properties": { "visible_points": 15, "total_points": 120, "visibility_pct": 12.5 }, "geometry": { "type": "Point", "coordinates": [ -0.72167953814641, 52.008031728570032 ] } },
{ "type": "Feature", "properties": { "visible_points": 17, "total_points": 120, "visibility_pct": 14.166666666666666 }, "geometry": { "type": "Point", "coordinates": [ -0.721477712267684, 52.008029539553981 ] } },
{ "type": "Feature", "properties": { "visible_points": 16, "total_points": 120, "visibility_pct": 13.333333333333334 }, "geometry": { "type": "Point", "coordinates": [ -0.721275886416719, 52.008027350191867 ] } },
{ "type": "Feature", "properties": { "visible_points": 15, "total_points": 117, "visibility_pct": 12.820512820512819 }, "geometry": { "type": "Point", "coordinates": [ -0.721074060593522, 52.00802516048369 ] } },
{ "type": "Feature", "properties": { "visible_points": 11, "total_points": 109, "visibility_pct": 10.091743119266056 }, "geometry": { "type": "Point", "coordinates": [ -0.720872234798093, 52.00802297042943 ] } },
{ "type": "Feature", "properties": { "visible_points": 0, "total_points": 99, "visibility_pct": 0.0 }, "geometry": { "type": "Point", "coordinates": [ -0.720670409030442, 52.008020780029085 ] } },
{ "type": "Feature", "properties": { "visible_points": 2, "total_points": 87, "visibility_pct": 2.2988505747126435 }, "geometry": { "type": "Point", "coordinates": [ -0.720468583290567, 52.008018589282692 ] } },
{ "type": "Feature", "properties": { "visible_points": 3, "total_points": 100, "visibility_pct": 3.0 }, "geometry": { "type": "Point", "coordinates": [ -0.724401124214072, 52.008169110038736 ] } },
{ "type": "Feature", "properties": { "visible_points": 0, "total_points": 108, "visibility_pct": 0.0 }, "geometry": { "type": "Point", "coordinates": [ -0.724199297426684, 52.008166925694837 ] } },
{ "type": "Feature", "properties": { "visible_points": 5, "total_points": 114, "visibility_pct": 4.3859649122807012 }, "geometry": { "type": "Point", "coordinates": [ -0.723997470667004, 52.008164741004862 ] } },
{ "type": "Feature", "properties": { "visible_points": 0, "total_points": 119, "visibility_pct": 0.0 }, "geometry": { "type": "Point", "coordinates": [ -0.723795643935026, 52.008162555968795 ] } },
{ "type": "Feature", "properties": { "visible_points": 37, "total_points": 120, "visibility_pct": 30.833333333333336 }, "geometry": { "type": "Point", "coordinates": [ -0.723593817230758, 52.00816037058668 ] } },
{ "type": "Feature", "properties": { "visible_points": 30, "total_points": 120, "visibility_pct": 25.0 }, "geometry": { "type": "Point", "coordinates": [ -0.723391990554204, 52.008158184858488 ] } },
{ "type": "Feature", "properties": { "visible_points": 43, "total_points": 120, "visibility_pct": 35.833333333333336 }, "geometry": { "type": "Point", "coordinates": [ -0.723190163905369, 52.008155998784197 ] } },
{ "type": "Feature", "properties": { "visible_points": 37, "total_points": 120, "visibility_pct": 30.833333333333336 }, "geometry": { "type": "Point", "coordinates": [ -0.722988337284258, 52.008153812363851 ] } },
{ "type": "Feature", "properties": { "visible_points": 0, "total_points": 120, "visibility_pct": 0.0 }, "geometry": { "type": "Point", "coordinates": [ -0.722786510690873, 52.008151625597428 ] } },
{ "type": "Feature", "properties": { "visible_points": 0, "total_points": 120, "visibility_pct": 0.0 }, "geometry": { "type": "Point", "coordinates": [ -0.722584684125223, 52.008149438484921 ] } },
{ "type": "Feature", "properties": { "visible_points": 0, "total_points": 120, "visibility_pct": 0.0 }, "geometry": { "type": "Point", "coordinates": [ -0.722382857587311, 52.008147251026344 ] } },
{ "type": "Feature", "properties": { "visible_points": 0, "total_points": 120, "visibility_pct": 0.0 }, "geometry": { "type": "Point", "coordinates": [ -0.722181031077138, 52.00814506322169 ] } },
{ "type": "Feature", "properties": { "visible_points": 1, "total_points": 120, "visibility_pct": 0.83333333333333337 }, "geometry": { "type": "Point", "coordinates": [ -0.721979204594711, 52.008142875070959 ] } },
{ "type": "Feature", "properties": { "visible_points": 13, "total_points": 120, "visibility_pct": 10.833333333333334 }, "geometry": { "type": "Point", "coordinates": [ -0.721777378140037, 52.008140686574158 ] } },
{ "type": "Feature", "properties": { "visible_points": 19, "total_points": 120, "visibility_pct": 15.833333333333332 }, "geometry": { "type": "Point", "coordinates": [ -0.721575551713117, 52.008138497731267 ] } },
{ "type": "Feature", "properties": { "visible_points": 17, "total_points": 120, "visibility_pct": 14.166666666666666 }, "geometry": { "type": "Point", "coordinates": [ -0.721373725313956, 52.008136308542312 ] } },
{ "type": "Feature", "properties": { "visible_points": 19, "total_points": 119, "visibility_pct": 15.966386554621847 }, "geometry": { "type": "Point", "coordinates": [ -0.721171898942555, 52.008134119007281 ] } },
{ "type": "Feature", "properties": { "visible_points": 16, "total_points": 112, "visibility_pct": 14.285714285714285 }, "geometry": { "type": "Point", "coordinates": [ -0.720970072598932, 52.008131929126179 ] } },
{ "type": "Feature", "properties": { "visible_points": 0, "total_points": 103, "visibility_pct": 0.0 }, "geometry": { "type": "Point", "coordinates": [ -0.720768246283076, 52.008129738899001 ] } },
{ "type": "Feature", "properties": { "visible_points": 0, "total_points": 91, "visibility_pct": 0.0 }, "geometry": { "type": "Point", "coordinates": [ -0.720566419995, 52.008127548325731 ] } },
{ "type": "Feature", "properties": { "visible_points": 3, "total_points": 79, "visibility_pct": 3.79746835443038 }, "geometry": { "type": "Point", "coordinates": [ -0.720364593734704, 52.008125357406414 ] } },
{ "type": "Feature", "properties": { "visible_points": 5, "total_points": 93, "visibility_pct": 5.376344086021505 }, "geometry": { "type": "Point", "coordinates": [ -0.724498971854497, 52.008278065703202 ] } },
{ "type": "Feature", "properties": { "visible_points": 2, "total_points": 102, "visibility_pct": 1.9607843137254901 }, "geometry": { "type": "Point", "coordinates": [ -0.724297144518945, 52.008275881532484 ] } },
{ "type": "Feature", "properties": { "visible_points": 1, "total_points": 110, "visibility_pct": 0.90909090909090906 }, "geometry": { "type": "Point", "coordinates": [ -0.724095317211087, 52.008273697015674 ] } },
{ "type": "Feature", "properties": { "visible_points": 16, "total_points": 116, "visibility_pct": 13.793103448275861 }, "geometry": { "type": "Point", "coordinates": [ -0.723893489930937, 52.008271512152803 ] } },
{ "type": "Feature", "properties": { "visible_points": 13, "total_points": 120, "visibility_pct": 10.833333333333334 }, "geometry": { "type": "Point", "coordinates": [ -0.723691662678491, 52.008269326943847 ] } },
{ "type": "Feature", "properties": { "visible_points": 34, "total_points": 120, "visibility_pct": 28.333333333333332 }, "geometry": { "type": "Point", "coordinates": [ -0.723489835453759, 52.008267141388814 ] } },
{ "type": "Feature", "properties": { "visible_points": 29, "total_points": 120, "visibility_pct": 24.166666666666668 }, "geometry": { "type": "Point", "coordinates": [ -0.723288008256745, 52.008264955487697 ] } },
{ "type": "Feature", "properties": { "visible_points": 35, "total_points": 120, "visibility_pct": 29.166666666666668 }, "geometry": { "type": "Point", "coordinates": [ -0.723086181087452, 52.008262769240517 ] } },
{ "type": "Feature", "properties": { "visible_points": 11, "total_points": 120, "visibility_pct": 9.1666666666666661 }, "geometry": { "type": "Point", "coordinates": [ -0.722884353945884, 52.008260582647267 ] } },
{ "type": "Feature", "properties": { "visible_points": 0, "total_points": 120, "visibility_pct": 0.0 }, "geometry": { "type": "Point", "coordinates": [ -0.722682526832045, 52.008258395707912 ] } },
{ "type": "Feature", "properties": { "visible_points": 0, "total_points": 120, "visibility_pct": 0.0 }, "geometry": { "type": "Point", "coordinates": [ -0.722480699745944, 52.008256208422502 ] } },
{ "type": "Feature", "properties": { "visible_points": 0, "total_points": 120, "visibility_pct": 0.0 }, "geometry": { "type": "Point", "coordinates": [ -0.722278872687582, 52.008254020791007 ] } },
{ "type": "Feature", "properties": { "visible_points": 1, "total_points": 120, "visibility_pct": 0.83333333333333337 }, "geometry": { "type": "Point", "coordinates": [ -0.722077045656963, 52.008251832813436 ] } },
{ "type": "Feature", "properties": { "visible_points": 0, "total_points": 120, "visibility_pct": 0.0 }, "geometry": { "type": "Point", "coordinates": [ -0.721875218654093, 52.008249644489794 ] } },
{ "type": "Feature", "properties": { "visible_points": 16, "total_points": 120, "visibility_pct": 13.333333333333334 }, "geometry": { "type": "Point", "coordinates": [ -0.721673391678974, 52.008247455820076 ] } },
{ "type": "Feature", "properties": { "visible_points": 20, "total_points": 120, "visibility_pct": 16.666666666666664 }, "geometry": { "type": "Point", "coordinates": [ -0.721471564731614, 52.008245266804266 ] } },
{ "type": "Feature", "properties": { "visible_points": 20, "total_points": 120, "visibility_pct": 16.666666666666664 }, "geometry": { "type": "Point", "coordinates": [ -0.721269737812021, 52.008243077442394 ] } },
{ "type": "Feature", "properties": { "visible_points": 17, "total_points": 115, "visibility_pct": 14.782608695652174 }, "geometry": { "type": "Point", "coordinates": [ -0.721067910920188, 52.008240887734438 ] } },
{ "type": "Feature", "properties": { "visible_points": 15, "total_points": 106, "visibility_pct": 14.150943396226415 }, "geometry": { "type": "Point", "coordinates": [ -0.720866084056127, 52.008238697680419 ] } },
{ "type": "Feature", "properties": { "visible_points": 0, "total_points": 95, "visibility_pct": 0.0 }, "geometry": { "type": "Point", "coordinates": [ -0.720664257219846, 52.008236507280309 ] } },
{ "type": "Feature", "properties": { "visible_points": 0, "total_points": 83, "visibility_pct": 0.0 }, "geometry": { "type": "Point", "coordinates": [ -0.720462430411343, 52.008234316534129 ] } },
{ "type": "Feature", "properties": { "visible_points": 0, "total_points": 96, "visibility_pct": 0.0 }, "geometry": { "type": "Point", "coordinates": [ -0.72439499213166, 52.008384837281618 ] } },
{ "type": "Feature", "properties": { "visible_points": 3, "total_points": 105, "visibility_pct": 2.8571428571428572 }, "geometry": { "type": "Point", "coordinates": [ -0.724193164275633, 52.008382652937989 ] } },
{ "type": "Feature", "properties": { "visible_points": 1, "total_points": 113, "visibility_pct": 0.88495575221238942 }, "geometry": { "type": "Point", "coordinates": [ -0.723991336447303, 52.008380468248284 ] } },
{ "type": "Feature", "properties": { "visible_points": 35, "total_points": 118, "visibility_pct": 29.66101694915254 }, "geometry": { "type": "Point", "coordinates": [ -0.72378950864668, 52.008378283212494 ] } },
{ "type": "Feature", "properties": { "visible_points": 35, "total_points": 120, "visibility_pct": 29.166666666666668 }, "geometry": { "type": "Point", "coordinates": [ -0.723587680873768, 52.008376097830649 ] } },
{ "type": "Feature", "properties": { "visible_points": 33, "total_points": 120, "visibility_pct": 27.5 }, "geometry": { "type": "Point", "coordinates": [ -0.723385853128569, 52.008373912102705 ] } },
{ "type": "Feature", "properties": { "visible_points": 32, "total_points": 120, "visibility_pct": 26.666666666666668 }, "geometry": { "type": "Point", "coordinates": [ -0.723184025411092, 52.008371726028692 ] } },
{ "type": "Feature", "properties": { "visible_points": 31, "total_points": 120, "visibility_pct": 25.833333333333336 }, "geometry": { "type": "Point", "coordinates": [ -0.722982197721337, 52.008369539608601 ] } },
{ "type": "Feature", "properties": { "visible_points": 0, "total_points": 120, "visibility_pct": 0.0 }, "geometry": { "type": "Point", "coordinates": [ -0.72278037005931, 52.00836735284242 ] } },
{ "type": "Feature", "properties": { "visible_points": 0, "total_points": 120, "visibility_pct": 0.0 }, "geometry": { "type": "Point", "coordinates": [ -0.722578542425017, 52.008365165730169 ] } },
{ "type": "Feature", "properties": { "visible_points": 0, "total_points": 120, "visibility_pct": 0.0 }, "geometry": { "type": "Point", "coordinates": [ -0.722376714818462, 52.00836297827184 ] } },
{ "type": "Feature", "properties": { "visible_points": 0, "total_points": 120, "visibility_pct": 0.0 }, "geometry": { "type": "Point", "coordinates": [ -0.722174887239647, 52.008360790467442 ] } },
{ "type": "Feature", "properties": { "visible_points": 0, "total_points": 120, "visibility_pct": 0.0 }, "geometry": { "type": "Point", "coordinates": [ -0.721973059688579, 52.008358602316946 ] } },
{ "type": "Feature", "properties": { "visible_points": 12, "total_points": 120, "visibility_pct": 10.0 }, "geometry": { "type": "Point", "coordinates": [ -0.721771232165265, 52.008356413820387 ] } },
{ "type": "Feature", "properties": { "visible_points": 16, "total_points": 120, "visibility_pct": 13.333333333333334 }, "geometry": { "type": "Point", "coordinates": [ -0.721569404669704, 52.008354224977744 ] } },
{ "type": "Feature", "properties": { "visible_points": 16, "total_points": 120, "visibility_pct": 13.333333333333334 }, "geometry": { "type": "Point", "coordinates": [ -0.721367577201904, 52.008352035789031 ] } },
{ "type": "Feature", "properties": { "visible_points": 20, "total_points": 117, "visibility_pct": 17.094017094017094 }, "geometry": { "type": "Point", "coordinates": [ -0.721165749761868, 52.008349846254234 ] } },
{ "type": "Feature", "properties": { "visible_points": 17, "total_points": 109, "visibility_pct": 15.596330275229359 }, "geometry": { "type": "Point", "coordinates": [ -0.7209639223496, 52.008347656373353 ] } },
{ "type": "Feature", "properties": { "visible_points": 20, "total_points": 99, "visibility_pct": 20.202020202020201 }, "geometry": { "type": "Point", "coordinates": [ -0.72076209496511, 52.008345466146402 ] } },
{ "type": "Feature", "properties": { "visible_points": 1, "total_points": 87, "visibility_pct": 1.1494252873563218 }, "geometry": { "type": "Point", "coordinates": [ -0.720560267608394, 52.00834327557336 ] } },
{ "type": "Feature", "properties": { "visible_points": 0, "total_points": 87, "visibility_pct": 0.0 }, "geometry": { "type": "Point", "coordinates": [ -0.724492840264849, 52.008493792942254 ] } },
{ "type": "Feature", "properties": { "visible_points": 0, "total_points": 98, "visibility_pct": 0.0 }, "geometry": { "type": "Point", "coordinates": [ -0.72429101186064, 52.008491608771806 ] } },
{ "type": "Feature", "properties": { "visible_points": 0, "total_points": 109, "visibility_pct": 0.0 }, "geometry": { "type": "Point", "coordinates": [ -0.72408918348413, 52.008489424255281 ] } },
{ "type": "Feature", "properties": { "visible_points": 36, "total_points": 116, "visibility_pct": 31.03448275862069 }, "geometry": { "type": "Point", "coordinates": [ -0.723887355135329, 52.008487239392664 ] } },
{ "type": "Feature", "properties": { "visible_points": 34, "total_points": 120, "visibility_pct": 28.333333333333332 }, "geometry": { "type": "Point", "coordinates": [ -0.723685526814232, 52.008485054183978 ] } },
{ "type": "Feature", "properties": { "visible_points": 37, "total_points": 120, "visibility_pct": 30.833333333333336 }, "geometry": { "type": "Point", "coordinates": [ -0.723483698520849, 52.008482868629216 ] } },
{ "type": "Feature", "properties": { "visible_points": 38, "total_points": 120, "visibility_pct": 31.666666666666664 }, "geometry": { "type": "Point", "coordinates": [ -0.723281870255186, 52.008480682728361 ] } },
{ "type": "Feature", "properties": { "visible_points": 33, "total_points": 120, "visibility_pct": 27.5 }, "geometry": { "type": "Point", "coordinates": [ -0.72308004201724, 52.008478496481438 ] } },
{ "type": "Feature", "properties": { "visible_points": 28, "total_points": 120, "visibility_pct": 23.333333333333332 }, "geometry": { "type": "Point", "coordinates": [ -0.722878213807021, 52.00847630988843 ] } },
{ "type": "Feature", "properties": { "visible_points": 0, "total_points": 120, "visibility_pct": 0.0 }, "geometry": { "type": "Point", "coordinates": [ -0.722676385624536, 52.008474122949352 ] } },
{ "type": "Feature", "properties": { "visible_points": 0, "total_points": 120, "visibility_pct": 0.0 }, "geometry": { "type": "Point", "coordinates": [ -0.722474557469785, 52.008471935664197 ] } },
{ "type": "Feature", "properties": { "visible_points": 0, "total_points": 120, "visibility_pct": 0.0 }, "geometry": { "type": "Point", "coordinates": [ -0.722272729342774, 52.008469748032937 ] } },
{ "type": "Feature", "properties": { "visible_points": 1, "total_points": 120, "visibility_pct": 0.83333333333333337 }, "geometry": { "type": "Point", "coordinates": [ -0.722070901243507, 52.008467560055628 ] } },
{ "type": "Feature", "properties": { "visible_points": 9, "total_points": 120, "visibility_pct": 7.5 }, "geometry": { "type": "Point", "coordinates": [ -0.72186907317199, 52.008465371732221 ] } },
{ "type": "Feature", "properties": { "visible_points": 14, "total_points": 120, "visibility_pct": 11.666666666666666 }, "geometry": { "type": "Point", "coordinates": [ -0.721667245128225, 52.00846318306273 ] } },
{ "type": "Feature", "properties": { "visible_points": 18, "total_points": 120, "visibility_pct": 15.0 }, "geometry": { "type": "Point", "coordinates": [ -0.721465417112221, 52.008460994047169 ] } },
{ "type": "Feature", "properties": { "visible_points": 18, "total_points": 119, "visibility_pct": 15.126050420168067 }, "geometry": { "type": "Point", "coordinates": [ -0.721263589123977, 52.008458804685546 ] } },
{ "type": "Feature", "properties": { "visible_points": 16, "total_points": 112, "visibility_pct": 14.285714285714285 }, "geometry": { "type": "Point", "coordinates": [ -0.7210617611635, 52.00845661497781 ] } },
{ "type": "Feature", "properties": { "visible_points": 14, "total_points": 103, "visibility_pct": 13.592233009708737 }, "geometry": { "type": "Point", "coordinates": [ -0.720859933230796, 52.008454424924018 ] } },
{ "type": "Feature", "properties": { "visible_points": 1, "total_points": 91, "visibility_pct": 1.098901098901099 }, "geometry": { "type": "Point", "coordinates": [ -0.72065810532587, 52.008452234524128 ] } },
{ "type": "Feature", "properties": { "visible_points": 3, "total_points": 79, "visibility_pct": 3.79746835443038 }, "geometry": { "type": "Point", "coordinates": [ -0.720456277448724, 52.008450043778176 ] } },
{ "type": "Feature", "properties": { "visible_points": 0, "total_points": 76, "visibility_pct": 0.0 }, "geometry": { "type": "Point", "coordinates": [ -0.724590688918503, 52.008602748514392 ] } },
{ "type": "Feature", "properties": { "visible_points": 0, "total_points": 88, "visibility_pct": 0.0 }, "geometry": { "type": "Point", "coordinates": [ -0.724388859966115, 52.00860056451711 ] } },
{ "type": "Feature", "properties": { "visible_points": 17, "total_points": 100, "visibility_pct": 17.0 }, "geometry": { "type": "Point", "coordinates": [ -0.724187031041425, 52.008598380173765 ] } },
{ "type": "Feature", "properties": { "visible_points": 35, "total_points": 111, "visibility_pct": 31.531531531531531 }, "geometry": { "type": "Point", "coordinates": [ -0.723985202144438, 52.00859619548433 ] } },
{ "type": "Feature", "properties": { "visible_points": 37, "total_points": 119, "visibility_pct": 31.092436974789916 }, "geometry": { "type": "Point", "coordinates": [ -0.723783373275158, 52.008594010448817 ] } },
{ "type": "Feature", "properties": { "visible_points": 41, "total_points": 120, "visibility_pct": 34.166666666666664 }, "geometry": { "type": "Point", "coordinates": [ -0.723581544433586, 52.008591825067221 ] } },
{ "type": "Feature", "properties": { "visible_points": 38, "total_points": 120, "visibility_pct": 31.666666666666664 }, "geometry": { "type": "Point", "coordinates": [ -0.723379715619732, 52.008589639339547 ] } },
{ "type": "Feature", "properties": { "visible_points": 33, "total_points": 120, "visibility_pct": 27.5 }, "geometry": { "type": "Point", "coordinates": [ -0.723177886833597, 52.00858745326579 ] } },
{ "type": "Feature", "properties": { "visible_points": 30, "total_points": 120, "visibility_pct": 25.0 }, "geometry": { "type": "Point", "coordinates": [ -0.722976058075184, 52.008585266845948 ] } },
{ "type": "Feature", "properties": { "visible_points": 0, "total_points": 120, "visibility_pct": 0.0 }, "geometry": { "type": "Point", "coordinates": [ -0.722774229344505, 52.008583080080051 ] } },
{ "type": "Feature", "properties": { "visible_points": 0, "total_points": 120, "visibility_pct": 0.0 }, "geometry": { "type": "Point", "coordinates": [ -0.722572400641556, 52.008580892968041 ] } },
{ "type": "Feature", "properties": { "visible_points": 0, "total_points": 120, "visibility_pct": 0.0 }, "geometry": { "type": "Point", "coordinates": [ -0.722370571966342, 52.008578705509954 ] } },
{ "type": "Feature", "properties": { "visible_points": 1, "total_points": 120, "visibility_pct": 0.83333333333333337 }, "geometry": { "type": "Point", "coordinates": [ -0.722168743318876, 52.008576517705805 ] } },
{ "type": "Feature", "properties": { "visible_points": 0, "total_points": 120, "visibility_pct": 0.0 }, "geometry": { "type": "Point", "coordinates": [ -0.721966914699152, 52.008574329555572 ] } },
{ "type": "Feature", "properties": { "visible_points": 11, "total_points": 120, "visibility_pct": 9.1666666666666661 }, "geometry": { "type": "Point", "coordinates": [ -0.721765086107186, 52.00857214105924 ] } },
{ "type": "Feature", "properties": { "visible_points": 12, "total_points": 120, "visibility_pct": 10.0 }, "geometry": { "type": "Point", "coordinates": [ -0.72156325754297, 52.008569952216838 ] } },
{ "type": "Feature", "properties": { "visible_points": 11, "total_points": 120, "visibility_pct": 9.1666666666666661 }, "geometry": { "type": "Point", "coordinates": [ -0.721361429006518, 52.008567763028353 ] } },
{ "type": "Feature", "properties": { "visible_points": 11, "total_points": 115, "visibility_pct": 9.5652173913043477 }, "geometry": { "type": "Point", "coordinates": [ -0.72115960049783, 52.008565573493783 ] } },
{ "type": "Feature", "properties": { "visible_points": 11, "total_points": 106, "visibility_pct": 10.377358490566039 }, "geometry": { "type": "Point", "coordinates": [ -0.720957772016913, 52.008563383613144 ] } },
{ "type": "Feature", "properties": { "visible_points": 9, "total_points": 95, "visibility_pct": 9.4736842105263168 }, "geometry": { "type": "Point", "coordinates": [ -0.720755943563768, 52.008561193386427 ] } },
{ "type": "Feature", "properties": { "visible_points": 0, "total_points": 83, "visibility_pct": 0.0 }, "geometry": { "type": "Point", "coordinates": [ -0.720554115138404, 52.008559002813612 ] } },
{ "type": "Feature", "properties": { "visible_points": 0, "total_points": 77, "visibility_pct": 0.0 }, "geometry": { "type": "Point", "coordinates": [ -0.724486708592065, 52.008709520173916 ] } },
{ "type": "Feature", "properties": { "visible_points": 0, "total_points": 89, "visibility_pct": 0.0 }, "geometry": { "type": "Point", "coordinates": [ -0.724284879119189, 52.008707336003745 ] } },
{ "type": "Feature", "properties": { "visible_points": 28, "total_points": 101, "visibility_pct": 27.722772277227726 }, "geometry": { "type": "Point", "coordinates": [ -0.724083049674021, 52.008705151487497 ] } },
{ "type": "Feature", "properties": { "visible_points": 34, "total_points": 112, "visibility_pct": 30.357142857142854 }, "geometry": { "type": "Point", "coordinates": [ -0.723881220256546, 52.008702966625158 ] } },
{ "type": "Feature", "properties": { "visible_points": 38, "total_points": 118, "visibility_pct": 32.20338983050847 }, "geometry": { "type": "Point", "coordinates": [ -0.723679390866789, 52.008700781416728 ] } },
{ "type": "Feature", "properties": { "visible_points": 41, "total_points": 120, "visibility_pct": 34.166666666666664 }, "geometry": { "type": "Point", "coordinates": [ -0.723477561504742, 52.008698595862228 ] } },
{ "type": "Feature", "properties": { "visible_points": 38, "total_points": 120, "visibility_pct": 31.666666666666664 }, "geometry": { "type": "Point", "coordinates": [ -0.72327573217041, 52.008696409961637 ] } },
{ "type": "Feature", "properties": { "visible_points": 34, "total_points": 120, "visibility_pct": 28.333333333333332 }, "geometry": { "type": "Point", "coordinates": [ -0.723073902863805, 52.008694223714976 ] } },
{ "type": "Feature", "properties": { "visible_points": 32, "total_points": 120, "visibility_pct": 26.666666666666668 }, "geometry": { "type": "Point", "coordinates": [ -0.722872073584925, 52.008692037122231 ] } },
{ "type": "Feature", "properties": { "visible_points": 0, "total_points": 120, "visibility_pct": 0.0 }, "geometry": { "type": "Point", "coordinates": [ -0.722670244333778, 52.008689850183394 ] } },
{ "type": "Feature", "properties": { "visible_points": 0, "total_points": 120, "visibility_pct": 0.0 }, "geometry": { "type": "Point", "coordinates": [ -0.722468415110362, 52.008687662898481 ] } },
{ "type": "Feature", "properties": { "visible_points": 0, "total_points": 120, "visibility_pct": 0.0 }, "geometry": { "type": "Point", "coordinates": [ -0.722266585914691, 52.008685475267484 ] } },
{ "type": "Feature", "properties": { "visible_points": 0, "total_points": 120, "visibility_pct": 0.0 }, "geometry": { "type": "Point", "coordinates": [ -0.722064756746762, 52.00868328729041 ] } },
{ "type": "Feature", "properties": { "visible_points": 0, "total_points": 120, "visibility_pct": 0.0 }, "geometry": { "type": "Point", "coordinates": [ -0.721862927606585, 52.008681098967251 ] } },
{ "type": "Feature", "properties": { "visible_points": 6, "total_points": 120, "visibility_pct": 5.0 }, "geometry": { "type": "Point", "coordinates": [ -0.721661098494162, 52.008678910298023 ] } },
{ "type": "Feature", "properties": { "visible_points": 6, "total_points": 120, "visibility_pct": 5.0 }, "geometry": { "type": "Point", "coordinates": [ -0.721459269409496, 52.008676721282697 ] } },
{ "type": "Feature", "properties": { "visible_points": 8, "total_points": 117, "visibility_pct": 6.8376068376068382 }, "geometry": { "type": "Point", "coordinates": [ -0.721257440352594, 52.00867453192128 ] } },
{ "type": "Feature", "properties": { "visible_points": 5, "total_points": 109, "visibility_pct": 4.5871559633027523 }, "geometry": { "type": "Point", "coordinates": [ -0.721055611323457, 52.008672342213785 ] } },
{ "type": "Feature", "properties": { "visible_points": 7, "total_points": 98, "visibility_pct": 7.1428571428571423 }, "geometry": { "type": "Point", "coordinates": [ -0.7208537823221, 52.008670152160214 ] } },
{ "type": "Feature", "properties": { "visible_points": 0, "total_points": 86, "visibility_pct": 0.0 }, "geometry": { "type": "Point", "coordinates": [ -0.720651953348511, 52.008667961760565 ] } },
{ "type": "Feature", "properties": { "visible_points": 0, "total_points": 66, "visibility_pct": 0.0 }, "geometry": { "type": "Point", "coordinates": [ -0.724584556808377, 52.00881847589671 ] } },
{ "type": "Feature", "properties": { "visible_points": 0, "total_points": 78, "visibility_pct": 0.0 }, "geometry": { "type": "Point", "coordinates": [ -0.724382726851787, 52.008816291898093 ] } },
{ "type": "Feature", "properties": { "visible_points": 0, "total_points": 89, "visibility_pct": 0.0 }, "geometry": { "type": "Point", "coordinates": [ -0.724180896920631, 52.008814107553313 ] } },
{ "type": "Feature", "properties": { "visible_points": 24, "total_points": 101, "visibility_pct": 23.762376237623762 }, "geometry": { "type": "Point", "coordinates": [ -0.723979067014922, 52.008811922862307 ] } },
{ "type": "Feature", "properties": { "visible_points": 32, "total_points": 111, "visibility_pct": 28.828828828828829 }, "geometry": { "type": "Point", "coordinates": [ -0.723777237134647, 52.008809737825118 ] } },
{ "type": "Feature", "properties": { "visible_points": 40, "total_points": 115, "visibility_pct": 34.782608695652172 }, "geometry": { "type": "Point", "coordinates": [ -0.72357540727983, 52.008807552441738 ] } },
{ "type": "Feature", "properties": { "visible_points": 40, "total_points": 118, "visibility_pct": 33.898305084745758 }, "geometry": { "type": "Point", "coordinates": [ -0.72337357745046, 52.00880536671216 ] } },
{ "type": "Feature", "properties": { "visible_points": 39, "total_points": 120, "visibility_pct": 32.5 }, "geometry": { "type": "Point", "coordinates": [ -0.723171747646547, 52.008803180636392 ] } },
{ "type": "Feature", "properties": { "visible_points": 36, "total_points": 120, "visibility_pct": 30.0 }, "geometry": { "type": "Point", "coordinates": [ -0.722969917868093, 52.008800994214432 ] } },
{ "type": "Feature", "properties": { "visible_points": 18, "total_points": 120, "visibility_pct": 15.0 }, "geometry": { "type": "Point", "coordinates": [ -0.722768088115104, 52.008798807446261 ] } },
{ "type": "Feature", "properties": { "visible_points": 0, "total_points": 120, "visibility_pct": 0.0 }, "geometry": { "type": "Point", "coordinates": [ -0.722566258387585, 52.008796620331914 ] } },
{ "type": "Feature", "properties": { "visible_points": 0, "total_points": 120, "visibility_pct": 0.0 }, "geometry": { "type": "Point", "coordinates": [ -0.722364428685535, 52.008794432871362 ] } },
{ "type": "Feature", "properties": { "visible_points": 0, "total_points": 120, "visibility_pct": 0.0 }, "geometry": { "type": "Point", "coordinates": [ -0.722162599008964, 52.008792245064626 ] } },
{ "type": "Feature", "properties": { "visible_points": 0, "total_points": 120, "visibility_pct": 0.0 }, "geometry": { "type": "Point", "coordinates": [ -0.721960769357873, 52.008790056911685 ] } },
{ "type": "Feature", "properties": { "visible_points": 0, "total_points": 120, "visibility_pct": 0.0 }, "geometry": { "type": "Point", "coordinates": [ -0.721758939732261, 52.008787868412561 ] } },
{ "type": "Feature", "properties": { "visible_points": 0, "total_points": 120, "visibility_pct": 0.0 }, "geometry": { "type": "Point", "coordinates": [ -0.721557110132144, 52.008785679567225 ] } },
{ "type": "Feature", "properties": { "visible_points": 0, "total_points": 119, "visibility_pct": 0.0 }, "geometry": { "type": "Point", "coordinates": [ -0.721355280557515, 52.008783490375706 ] } },
{ "type": "Feature", "properties": { "visible_points": 3, "total_points": 111, "visibility_pct": 2.7027027027027026 }, "geometry": { "type": "Point", "coordinates": [ -0.721153451008387, 52.008781300837981 ] } },
{ "type": "Feature", "properties": { "visible_points": 0, "total_points": 102, "visibility_pct": 0.0 }, "geometry": { "type": "Point", "coordinates": [ -0.72095162148475, 52.008779110954102 ] } },
{ "type": "Feature", "properties": { "visible_points": 1, "total_points": 90, "visibility_pct": 1.1111111111111112 }, "geometry": { "type": "Point", "coordinates": [ -0.720749791986623, 52.008776920723989 ] } },
{ "type": "Feature", "properties": { "visible_points": 3, "total_points": 78, "visibility_pct": 3.8461538461538463 }, "geometry": { "type": "Point", "coordinates": [ -0.720547962514006, 52.008774730147692 ] } },
{ "type": "Feature", "properties": { "visible_points": 0, "total_points": 66, "visibility_pct": 0.0 }, "geometry": { "type": "Point", "coordinates": [ -0.72448057333211, 52.008925247900819 ] } },
{ "type": "Feature", "properties": { "visible_points": 0, "total_points": 78, "visibility_pct": 0.0 }, "geometry": { "type": "Point", "coordinates": [ -0.724278742987507, 52.00892306372981 ] } },
{ "type": "Feature", "properties": { "visible_points": 0, "total_points": 89, "visibility_pct": 0.0 }, "geometry": { "type": "Point", "coordinates": [ -0.724076912666084, 52.008920879212532 ] } },
{ "type": "Feature", "properties": { "visible_points": 20, "total_points": 100, "visibility_pct": 20.0 }, "geometry": { "type": "Point", "coordinates": [ -0.72387508236784, 52.008918694348935 ] } },
{ "type": "Feature", "properties": { "visible_points": 29, "total_points": 107, "visibility_pct": 27.102803738317753 }, "geometry": { "type": "Point", "coordinates": [ -0.723673252092775, 52.008916509139027 ] } },
{ "type": "Feature", "properties": { "visible_points": 35, "total_points": 112, "visibility_pct": 31.25 }, "geometry": { "type": "Point", "coordinates": [ -0.723471421840902, 52.008914323582815 ] } },
{ "type": "Feature", "properties": { "visible_points": 36, "total_points": 116, "visibility_pct": 31.03448275862069 }, "geometry": { "type": "Point", "coordinates": [ -0.723269591612217, 52.008912137680298 ] } },
{ "type": "Feature", "properties": { "visible_points": 42, "total_points": 119, "visibility_pct": 35.294117647058826 }, "geometry": { "type": "Point", "coordinates": [ -0.723067761406729, 52.00890995143147 ] } },
{ "type": "Feature", "properties": { "visible_points": 34, "total_points": 120, "visibility_pct": 28.333333333333332 }, "geometry": { "type": "Point", "coordinates": [ -0.722865931224435, 52.008907764836344 ] } },
{ "type": "Feature", "properties": { "visible_points": 0, "total_points": 120, "visibility_pct": 0.0 }, "geometry": { "type": "Point", "coordinates": [ -0.72266410106534, 52.0089055778949 ] } },
{ "type": "Feature", "properties": { "visible_points": 10, "total_points": 120, "visibility_pct": 8.3333333333333321 }, "geometry": { "type": "Point", "coordinates": [ -0.722462270929457, 52.008903390607159 ] } },
{ "type": "Feature", "properties": { "visible_points": 11, "total_points": 120, "visibility_pct": 9.1666666666666661 }, "geometry": { "type": "Point", "coordinates": [ -0.722260440816774, 52.008901202973114 ] } },
{ "type": "Feature", "properties": { "visible_points": 11, "total_points": 120, "visibility_pct": 9.1666666666666661 }, "geometry": { "type": "Point", "coordinates": [ -0.722058610727307, 52.008899014992757 ] } },
{ "type": "Feature", "properties": { "visible_points": 12, "total_points": 120, "visibility_pct": 10.0 }, "geometry": { "type": "Point", "coordinates": [ -0.721856780661054, 52.008896826666103 ] } },
{ "type": "Feature", "properties": { "visible_points": 0, "total_points": 120, "visibility_pct": 0.0 }, "geometry": { "type": "Point", "coordinates": [ -0.721654950618017, 52.008894637993137 ] } },
{ "type": "Feature", "properties": { "visible_points": 0, "total_points": 120, "visibility_pct": 0.0 }, "geometry": { "type": "Point", "coordinates": [ -0.7214531205982, 52.008892448973874 ] } },
{ "type": "Feature", "properties": { "visible_points": 0, "total_points": 114, "visibility_pct": 0.0 }, "geometry": { "type": "Point", "coordinates": [ -0.721251290601615, 52.008890259608279 ] } },
{ "type": "Feature", "properties": { "visible_points": 0, "total_points": 105, "visibility_pct": 0.0 }, "geometry": { "type": "Point", "coordinates": [ -0.721049460628254, 52.008888069896393 ] } },
{ "type": "Feature", "properties": { "visible_points": 0, "total_points": 94, "visibility_pct": 0.0 }, "geometry": { "type": "Point", "coordinates": [ -0.720847630678124, 52.008885879838196 ] } },
{ "type": "Feature", "properties": { "visible_points": 2, "total_points": 82, "visibility_pct": 2.4390243902439024 }, "geometry": { "type": "Point", "coordinates": [ -0.720645800751232, 52.008883689433688 ] } },
{ "type": "Feature", "properties": { "visible_points": 0, "total_points": 77, "visibility_pct": 0.0 }, "geometry": { "type": "Point", "coordinates": [ -0.724174758570339, 52.009029835525169 ] } },
{ "type": "Feature", "properties": { "visible_points": 0, "total_points": 88, "visibility_pct": 0.0 }, "geometry": { "type": "Point", "coordinates": [ -0.7239729278378, 52.009027650840267 ] } },
{ "type": "Feature", "properties": { "visible_points": 17, "total_points": 97, "visibility_pct": 17.525773195876287 }, "geometry": { "type": "Point", "coordinates": [ -0.723771097128448, 52.009025465809081 ] } },
{ "type": "Feature", "properties": { "visible_points": 22, "total_points": 103, "visibility_pct": 21.359223300970871 }, "geometry": { "type": "Point", "coordinates": [ -0.723569266442278, 52.009023280431563 ] } },
{ "type": "Feature", "properties": { "visible_points": 32, "total_points": 109, "visibility_pct": 29.357798165137616 }, "geometry": { "type": "Point", "coordinates": [ -0.723367435779297, 52.009021094707741 ] } },
{ "type": "Feature", "properties": { "visible_points": 32, "total_points": 114, "visibility_pct": 28.07017543859649 }, "geometry": { "type": "Point", "coordinates": [ -0.723165605139506, 52.009018908637607 ] } },
{ "type": "Feature", "properties": { "visible_points": 31, "total_points": 118, "visibility_pct": 26.271186440677969 }, "geometry": { "type": "Point", "coordinates": [ -0.722963774522917, 52.009016722221197 ] } },
{ "type": "Feature", "properties": { "visible_points": 0, "total_points": 120, "visibility_pct": 0.0 }, "geometry": { "type": "Point", "coordinates": [ -0.722761943929522, 52.009014535458434 ] } },
{ "type": "Feature", "properties": { "visible_points": 11, "total_points": 120, "visibility_pct": 9.1666666666666661 }, "geometry": { "type": "Point", "coordinates": [ -0.722560113359333, 52.009012348349394 ] } },
{ "type": "Feature", "properties": { "visible_points": 12, "total_points": 120, "visibility_pct": 10.0 }, "geometry": { "type": "Point", "coordinates": [ -0.722358282812349, 52.009010160894029 ] } },
{ "type": "Feature", "properties": { "visible_points": 11, "total_points": 120, "visibility_pct": 9.1666666666666661 }, "geometry": { "type": "Point", "coordinates": [ -0.722156452288575, 52.009007973092373 ] } },
{ "type": "Feature", "properties": { "visible_points": 11, "total_points": 120, "visibility_pct": 9.1666666666666661 }, "geometry": { "type": "Point", "coordinates": [ -0.721954621788014, 52.009005784944407 ] } },
{ "type": "Feature", "properties": { "visible_points": 12, "total_points": 120, "visibility_pct": 10.0 }, "geometry": { "type": "Point", "coordinates": [ -0.721752791310671, 52.009003596450121 ] } },
{ "type": "Feature", "properties": { "visible_points": 0, "total_points": 120, "visibility_pct": 0.0 }, "geometry": { "type": "Point", "coordinates": [ -0.721550960856544, 52.009001407609531 ] } },
{ "type": "Feature", "properties": { "visible_points": 5, "total_points": 116, "visibility_pct": 4.3103448275862073 }, "geometry": { "type": "Point", "coordinates": [ -0.721349130425645, 52.008999218422645 ] } },
{ "type": "Feature", "properties": { "visible_points": 5, "total_points": 108, "visibility_pct": 4.6296296296296298 }, "geometry": { "type": "Point", "coordinates": [ -0.721147300017972, 52.008997028889439 ] } },
{ "type": "Feature", "properties": { "visible_points": 0, "total_points": 97, "visibility_pct": 0.0 }, "geometry": { "type": "Point", "coordinates": [ -0.720945469633526, 52.008994839009929 ] } },
{ "type": "Feature", "properties": { "visible_points": 3, "total_points": 85, "visibility_pct": 3.5294117647058822 }, "geometry": { "type": "Point", "coordinates": [ -0.720743639272319, 52.008992648784094 ] } },
{ "type": "Feature", "properties": { "visible_points": 2, "total_points": 85, "visibility_pct": 2.3529411764705883 }, "geometry": { "type": "Point", "coordinates": [ -0.723868942575221, 52.009134422385301 ] } },
{ "type": "Feature", "properties": { "visible_points": 0, "total_points": 92, "visibility_pct": 0.0 }, "geometry": { "type": "Point", "coordinates": [ -0.723667111454753, 52.009132237186485 ] } },
{ "type": "Feature", "properties": { "visible_points": 0, "total_points": 99, "visibility_pct": 0.0 }, "geometry": { "type": "Point", "coordinates": [ -0.723465280357476, 52.009130051641371 ] } },
{ "type": "Feature", "properties": { "visible_points": 0, "total_points": 105, "visibility_pct": 0.0 }, "geometry": { "type": "Point", "coordinates": [ -0.723263449283388, 52.009127865749946 ] } },
{ "type": "Feature", "properties": { "visible_points": 25, "total_points": 111, "visibility_pct": 22.522522522522522 }, "geometry": { "type": "Point", "coordinates": [ -0.723061618232493, 52.009125679512209 ] } },
{ "type": "Feature", "properties": { "visible_points": 20, "total_points": 116, "visibility_pct": 17.241379310344829 }, "geometry": { "type": "Point", "coordinates": [ -0.722859787204797, 52.009123492928175 ] } },
{ "type": "Feature", "properties": { "visible_points": 0, "total_points": 120, "visibility_pct": 0.0 }, "geometry": { "type": "Point", "coordinates": [ -0.722657956200305, 52.009121305997809 ] } },
{ "type": "Feature", "properties": { "visible_points": 11, "total_points": 120, "visibility_pct": 9.1666666666666661 }, "geometry": { "type": "Point", "coordinates": [ -0.722456125219014, 52.009119118721159 ] } },
{ "type": "Feature", "properties": { "visible_points": 11, "total_points": 120, "visibility_pct": 9.1666666666666661 }, "geometry": { "type": "Point", "coordinates": [ -0.722254294260929, 52.009116931098177 ] } },
{ "type": "Feature", "properties": { "visible_points": 11, "total_points": 120, "visibility_pct": 9.1666666666666661 }, "geometry": { "type": "Point", "coordinates": [ -0.722052463326064, 52.009114743128897 ] } },
{ "type": "Feature", "properties": { "visible_points": 11, "total_points": 120, "visibility_pct": 9.1666666666666661 }, "geometry": { "type": "Point", "coordinates": [ -0.721850632414404, 52.009112554813321 ] } },
{ "type": "Feature", "properties": { "visible_points": 2, "total_points": 120, "visibility_pct": 1.6666666666666667 }, "geometry": { "type": "Point", "coordinates": [ -0.721648801525971, 52.009110366151418 ] } },
{ "type": "Feature", "properties": { "visible_points": 9, "total_points": 118, "visibility_pct": 7.6271186440677967 }, "geometry": { "type": "Point", "coordinates": [ -0.721446970660755, 52.009108177143212 ] } },
{ "type": "Feature", "properties": { "visible_points": 8, "total_points": 110, "visibility_pct": 7.2727272727272725 }, "geometry": { "type": "Point", "coordinates": [ -0.721245139818766, 52.009105987788693 ] } },
{ "type": "Feature", "properties": { "visible_points": 3, "total_points": 100, "visibility_pct": 3.0 }, "geometry": { "type": "Point", "coordinates": [ -0.721043309, 52.009103798087871 ] } },
{ "type": "Feature", "properties": { "visible_points": 0, "total_points": 88, "visibility_pct": 0.0 }, "geometry": { "type": "Point", "coordinates": [ -0.720841478204479, 52.00910160804073 ] } },
{ "type": "Feature", "properties": { "visible_points": 7, "total_points": 76, "visibility_pct": 9.2105263157894726 }, "geometry": { "type": "Point", "coordinates": [ -0.720639647432186, 52.009099417647292 ] } },
{ "type": "Feature", "properties": { "visible_points": 0, "total_points": 94, "visibility_pct": 0.0 }, "geometry": { "type": "Point", "coordinates": [ -0.723361293838366, 52.009236822768472 ] } },
{ "type": "Feature", "properties": { "visible_points": 0, "total_points": 100, "visibility_pct": 0.0 }, "geometry": { "type": "Point", "coordinates": [ -0.723159462353172, 52.009234636709444 ] } },
{ "type": "Feature", "properties": { "visible_points": 0, "total_points": 105, "visibility_pct": 0.0 }, "geometry": { "type": "Point", "coordinates": [ -0.722957630891168, 52.00923245030409 ] } },
{ "type": "Feature", "properties": { "visible_points": 0, "total_points": 111, "visibility_pct": 0.0 }, "geometry": { "type": "Point", "coordinates": [ -0.72275579945237, 52.009230263552446 ] } },
{ "type": "Feature", "properties": { "visible_points": 0, "total_points": 116, "visibility_pct": 0.0 }, "geometry": { "type": "Point", "coordinates": [ -0.722553968036769, 52.009228076454477 ] } },
{ "type": "Feature", "properties": { "visible_points": 8, "total_points": 118, "visibility_pct": 6.7796610169491522 }, "geometry": { "type": "Point", "coordinates": [ -0.722352136644377, 52.009225889010196 ] } },
{ "type": "Feature", "properties": { "visible_points": 0, "total_points": 119, "visibility_pct": 0.0 }, "geometry": { "type": "Point", "coordinates": [ -0.722150305275197, 52.009223701219618 ] } },
{ "type": "Feature", "properties": { "visible_points": 11, "total_points": 120, "visibility_pct": 9.1666666666666661 }, "geometry": { "type": "Point", "coordinates": [ -0.721948473929228, 52.009221513082714 ] } },
{ "type": "Feature", "properties": { "visible_points": 9, "total_points": 120, "visibility_pct": 7.5 }, "geometry": { "type": "Point", "coordinates": [ -0.721746642606478, 52.009219324599506 ] } },
{ "type": "Feature", "properties": { "visible_points": 1, "total_points": 119, "visibility_pct": 0.84033613445378152 }, "geometry": { "type": "Point", "coordinates": [ -0.721544811306949, 52.00921713576998 ] } },
{ "type": "Feature", "properties": { "visible_points": 8, "total_points": 112, "visibility_pct": 7.1428571428571423 }, "geometry": { "type": "Point", "coordinates": [ -0.721342980030641, 52.009214946594156 ] } },
{ "type": "Feature", "properties": { "visible_points": 10, "total_points": 102, "visibility_pct": 9.8039215686274517 }, "geometry": { "type": "Point", "coordinates": [ -0.721141148777561, 52.009212757072007 ] } },
{ "type": "Feature", "properties": { "visible_points": 6, "total_points": 91, "visibility_pct": 6.593406593406594 }, "geometry": { "type": "Point", "coordinates": [ -0.720939317547712, 52.009210567203574 ] } },
{ "type": "Feature", "properties": { "visible_points": 8, "total_points": 79, "visibility_pct": 10.126582278481013 }, "geometry": { "type": "Point", "coordinates": [ -0.720737486341099, 52.009208376988816 ] } },
{ "type": "Feature", "properties": { "visible_points": 0, "total_points": 87, "visibility_pct": 0.0 }, "geometry": { "type": "Point", "coordinates": [ -0.723257306884948, 52.009343593812872 ] } },
{ "type": "Feature", "properties": { "visible_points": 0, "total_points": 94, "visibility_pct": 0.0 }, "geometry": { "type": "Point", "coordinates": [ -0.723055474988642, 52.009341407586227 ] } },
{ "type": "Feature", "properties": { "visible_points": 0, "total_points": 100, "visibility_pct": 0.0 }, "geometry": { "type": "Point", "coordinates": [ -0.722853643115532, 52.009339221013263 ] } },
{ "type": "Feature", "properties": { "visible_points": 0, "total_points": 105, "visibility_pct": 0.0 }, "geometry": { "type": "Point", "coordinates": [ -0.722651811265625, 52.009337034093996 ] } },
{ "type": "Feature", "properties": { "visible_points": 4, "total_points": 110, "visibility_pct": 3.6363636363636362 }, "geometry": { "type": "Point", "coordinates": [ -0.722449979438917, 52.009334846828416 ] } },
{ "type": "Feature", "properties": { "visible_points": 5, "total_points": 112, "visibility_pct": 4.4642857142857144 }, "geometry": { "type": "Point", "coordinates": [ -0.722248147635428, 52.009332659216518 ] } },
{ "type": "Feature", "properties": { "visible_points": 3, "total_points": 113, "visibility_pct": 2.6548672566371683 }, "geometry": { "type": "Point", "coordinates": [ -0.722046315855142, 52.009330471258316 ] } },
{ "type": "Feature", "properties": { "visible_points": 3, "total_points": 114, "visibility_pct": 2.6315789473684208 }, "geometry": { "type": "Point", "coordinates": [ -0.721844484098072, 52.009328282953796 ] } },
{ "type": "Feature", "properties": { "visible_points": 0, "total_points": 115, "visibility_pct": 0.0 }, "geometry": { "type": "Point", "coordinates": [ -0.721642652364228, 52.009326094302963 ] } },
{ "type": "Feature", "properties": { "visible_points": 4, "total_points": 108, "visibility_pct": 3.7037037037037033 }, "geometry": { "type": "Point", "coordinates": [ -0.721440820653601, 52.009323905305834 ] } },
{ "type": "Feature", "properties": { "visible_points": 10, "total_points": 100, "visibility_pct": 10.0 }, "geometry": { "type": "Point", "coordinates": [ -0.721238988966201, 52.009321715962379 ] } },
{ "type": "Feature", "properties": { "visible_points": 4, "total_points": 90, "visibility_pct": 4.4444444444444446 }, "geometry": { "type": "Point", "coordinates": [ -0.721037157302031, 52.00931952627262 ] } },
{ "type": "Feature", "properties": { "visible_points": 7, "total_points": 79, "visibility_pct": 8.8607594936708853 }, "geometry": { "type": "Point", "coordinates": [ -0.72083532566109, 52.009317336236542 ] } },
{ "type": "Feature", "properties": { "visible_points": 0, "total_points": 81, "visibility_pct": 0.0 }, "geometry": { "type": "Point", "coordinates": [ -0.723153319497217, 52.009450364774544 ] } },
{ "type": "Feature", "properties": { "visible_points": 0, "total_points": 87, "visibility_pct": 0.0 }, "geometry": { "type": "Point", "coordinates": [ -0.722951487189794, 52.009448178380289 ] } },
{ "type": "Feature", "properties": { "visible_points": 0, "total_points": 93, "visibility_pct": 0.0 }, "geometry": { "type": "Point", "coordinates": [ -0.722749654905578, 52.009445991639716 ] } },
{ "type": "Feature", "properties": { "visible_points": 7, "total_points": 98, "visibility_pct": 7.1428571428571423 }, "geometry": { "type": "Point", "coordinates": [ -0.72254782264456, 52.009443804552845 ] } },
{ "type": "Feature", "properties": { "visible_points": 8, "total_points": 102, "visibility_pct": 7.8431372549019605 }, "geometry": { "type": "Point", "coordinates": [ -0.722345990406749, 52.009441617119641 ] } },
{ "type": "Feature", "properties": { "visible_points": 8, "total_points": 104, "visibility_pct": 7.6923076923076925 }, "geometry": { "type": "Point", "coordinates": [ -0.72214415819215, 52.009439429340119 ] } },
{ "type": "Feature", "properties": { "visible_points": 8, "total_points": 105, "visibility_pct": 7.6190476190476195 }, "geometry": { "type": "Point", "coordinates": [ -0.72194232600076, 52.009437241214293 ] } },
{ "type": "Feature", "properties": { "visible_points": 8, "total_points": 106, "visibility_pct": 7.5471698113207548 }, "geometry": { "type": "Point", "coordinates": [ -0.721740493832596, 52.009435052742155 ] } },
{ "type": "Feature", "properties": { "visible_points": 7, "total_points": 102, "visibility_pct": 6.8627450980392162 }, "geometry": { "type": "Point", "coordinates": [ -0.721538661687647, 52.009432863923713 ] } },
{ "type": "Feature", "properties": { "visible_points": 10, "total_points": 95, "visibility_pct": 10.526315789473683 }, "geometry": { "type": "Point", "coordinates": [ -0.721336829565923, 52.009430674758953 ] } },
{ "type": "Feature", "properties": { "visible_points": 6, "total_points": 87, "visibility_pct": 6.8965517241379306 }, "geometry": { "type": "Point", "coordinates": [ -0.721134997467428, 52.009428485247881 ] } },
{ "type": "Feature", "properties": { "visible_points": 4, "total_points": 77, "visibility_pct": 5.1948051948051948 }, "geometry": { "type": "Point", "coordinates": [ -0.720933165392164, 52.00942629539049 ] } },
{ "type": "Feature", "properties": { "visible_points": 0, "total_points": 74, "visibility_pct": 0.0 }, "geometry": { "type": "Point", "coordinates": [ -0.723049331675166, 52.009557135653495 ] } },
{ "type": "Feature", "properties": { "visible_points": 0, "total_points": 80, "visibility_pct": 0.0 }, "geometry": { "type": "Point", "coordinates": [ -0.722847498956633, 52.009554949091637 ] } },
{ "type": "Feature", "properties": { "visible_points": 0, "total_points": 85, "visibility_pct": 0.0 }, "geometry": { "type": "Point", "coordinates": [ -0.722645666261302, 52.009552762183446 ] } },
{ "type": "Feature", "properties": { "visible_points": 0, "total_points": 90, "visibility_pct": 0.0 }, "geometry": { "type": "Point", "coordinates": [ -0.722443833589171, 52.009550574928937 ] } },
{ "type": "Feature", "properties": { "visible_points": 0, "total_points": 93, "visibility_pct": 0.0 }, "geometry": { "type": "Point", "coordinates": [ -0.722242000940255, 52.009548387328124 ] } },
{ "type": "Feature", "properties": { "visible_points": 0, "total_points": 95, "visibility_pct": 0.0 }, "geometry": { "type": "Point", "coordinates": [ -0.722040168314547, 52.009546199380992 ] } },
{ "type": "Feature", "properties": { "visible_points": 9, "total_points": 96, "visibility_pct": 9.375 }, "geometry": { "type": "Point", "coordinates": [ -0.721838335712058, 52.009544011087563 ] } },
{ "type": "Feature", "properties": { "visible_points": 8, "total_points": 94, "visibility_pct": 8.5106382978723403 }, "geometry": { "type": "Point", "coordinates": [ -0.721636503132787, 52.009541822447801 ] } },
{ "type": "Feature", "properties": { "visible_points": 8, "total_points": 89, "visibility_pct": 8.9887640449438209 }, "geometry": { "type": "Point", "coordinates": [ -0.721434670576737, 52.009539633461735 ] } },
{ "type": "Feature", "properties": { "visible_points": 3, "total_points": 82, "visibility_pct": 3.6585365853658534 }, "geometry": { "type": "Point", "coordinates": [ -0.721232838043917, 52.009537444129336 ] } },
{ "type": "Feature", "properties": { "visible_points": 0, "total_points": 74, "visibility_pct": 0.0 }, "geometry": { "type": "Point", "coordinates": [ -0.721031005534323, 52.009535254450633 ] } },
{ "type": "Feature", "properties": { "visible_points": 3, "total_points": 77, "visibility_pct": 3.8961038961038961 }, "geometry": { "type": "Point", "coordinates": [ -0.722541677182699, 52.009659532644463 ] } },
{ "type": "Feature", "properties": { "visible_points": 0, "total_points": 81, "visibility_pct": 0.0 }, "geometry": { "type": "Point", "coordinates": [ -0.722339844099462, 52.009657345222344 ] } },
{ "type": "Feature", "properties": { "visible_points": 0, "total_points": 83, "visibility_pct": 0.0 }, "geometry": { "type": "Point", "coordinates": [ -0.722138011039431, 52.009655157453913 ] } },
{ "type": "Feature", "properties": { "visible_points": 0, "total_points": 85, "visibility_pct": 0.0 }, "geometry": { "type": "Point", "coordinates": [ -0.721936178002616, 52.009652969339157 ] } },
{ "type": "Feature", "properties": { "visible_points": 0, "total_points": 84, "visibility_pct": 0.0 }, "geometry": { "type": "Point", "coordinates": [ -0.721734344989019, 52.009650780878083 ] } },
{ "type": "Feature", "properties": { "visible_points": 0, "total_points": 81, "visibility_pct": 0.0 }, "geometry": { "type": "Point", "coordinates": [ -0.721532511998644, 52.009648592070704 ] } },
{ "type": "Feature", "properties": { "visible_points": 4, "total_points": 76, "visibility_pct": 5.2631578947368416 }, "geometry": { "type": "Point", "coordinates": [ -0.721330679031494, 52.009646402917014 ] } },
{ "type": "Feature", "properties": { "visible_points": 4, "total_points": 69, "visibility_pct": 5.7971014492753623 }, "geometry": { "type": "Point", "coordinates": [ -0.721128846087567, 52.009644213417005 ] } },
{ "type": "Feature", "properties": { "visible_points": 0, "total_points": 71, "visibility_pct": 0.0 }, "geometry": { "type": "Point", "coordinates": [ -0.721630353831648, 52.009757550585888 ] } },
{ "type": "Feature", "properties": { "visible_points": 5, "total_points": 68, "visibility_pct": 7.3529411764705888 }, "geometry": { "type": "Point", "coordinates": [ -0.721428520430166, 52.009755361610893 ] } },
{ "type": "Feature", "properties": { "visible_points": 2, "total_points": 63, "visibility_pct": 3.1746031746031744 }, "geometry": { "type": "Point", "coordinates": [ -0.721226687051909, 52.009753172289571 ] } }
]
}
